1,0,1498,454,148,61,1,-1,-1,-1
1,6,1692,566,175,78,1,-1,-1,-1
1,8,791,158,31,27,1,-1,-1,-1
1,20,598,256,61,66,1,-1,-1,-1
1,24,1208,314,66,41,1,-1,-1,-1
1,50,986,241,34,29,1,-1,-1,-1
1,60,697,196,33,25,1,-1,-1,-1
1,64,947,203,35,24,1,-1,-1,-1
1,65,941,188,26,24,1,-1,-1,-1
1,105,206,724,146,114,1,-1,-1,-1
1,107,164,608,150,78,1,-1,-1,-1
1,108,190,563,160,68,1,-1,-1,-1
1,109,258,482,140,79,1,-1,-1,-1
1,110,358,453,96,60,1,-1,-1,-1
1,117,1515,529,209,80,1,-1,-1,-1
1,118,1728,626,174,77,1,-1,-1,-1
1,119,1399,487,95,64,1,-1,-1,-1
1,120,1571,502,173,70,1,-1,-1,-1
1,122,770,243,33,30,1,-1,-1,-1
1,123,827,117,15,12,1,-1,-1,-1
1,127,882,200,29,24,1,-1,-1,-1
1,128,911,184,27,25,1,-1,-1,-1
2,0,1497,454,148,61,1,-1,-1,-1
2,6,1692,566,175,78,1,-1,-1,-1
2,8,790,158,31,27,1,-1,-1,-1
2,20,597,256,61,66,1,-1,-1,-1
2,24,1207,314,66,41,1,-1,-1,-1
2,50,985,241,34,29,1,-1,-1,-1
2,60,696,196,33,25,1,-1,-1,-1
2,64,946,203,35,24,1,-1,-1,-1
2,65,940,188,26,24,1,-1,-1,-1
2,105,205,724,145,114,1,-1,-1,-1
2,107,162,609,150,78,1,-1,-1,-1
2,108,188,563,160,68,1,-1,-1,-1
2,109,258,483,139,78,1,-1,-1,-1
2,110,357,453,96,60,1,-1,-1,-1
2,117,1514,529,209,80,1,-1,-1,-1
2,118,1728,626,174,77,1,-1,-1,-1
2,119,1398,487,95,64,1,-1,-1,-1
2,120,1571,503,173,70,1,-1,-1,-1
2,122,769,243,33,30,1,-1,-1,-1
2,123,826,117,15,12,1,-1,-1,-1
2,127,880,199,29,24,1,-1,-1,-1
2,128,911,184,27,25,1,-1,-1,-1
3,0,1497,454,148,61,1,-1,-1,-1
3,6,1692,567,175,78,1,-1,-1,-1
3,8,789,158,31,27,1,-1,-1,-1
3,20,596,256,61,66,1,-1,-1,-1
3,24,1206,314,66,41,1,-1,-1,-1
3,50,985,241,34,29,1,-1,-1,-1
3,60,695,196,33,25,1,-1,-1,-1
3,64,946,204,34,23,1,-1,-1,-1
3,65,939,189,27,24,1,-1,-1,-1
3,105,204,724,145,114,1,-1,-1,-1
3,107,161,610,150,78,1,-1,-1,-1
3,108,187,564,160,68,1,-1,-1,-1
3,109,258,485,139,76,1,-1,-1,-1
3,110,356,454,96,60,1,-1,-1,-1
3,117,1514,530,209,80,1,-1,-1,-1
3,118,1728,626,174,77,1,-1,-1,-1
3,119,1398,488,95,64,1,-1,-1,-1
3,120,1571,504,173,70,1,-1,-1,-1
3,122,769,243,33,30,1,-1,-1,-1
3,123,826,117,15,12,1,-1,-1,-1
3,127,879,198,29,24,1,-1,-1,-1
3,128,911,184,27,25,1,-1,-1,-1
4,0,1497,455,148,61,1,-1,-1,-1
4,6,1692,568,175,78,1,-1,-1,-1
4,8,789,158,31,27,1,-1,-1,-1
4,20,595,256,61,66,1,-1,-1,-1
4,24,1205,314,66,41,1,-1,-1,-1
4,50,984,241,34,30,1,-1,-1,-1
4,60,695,196,33,25,1,-1,-1,-1
4,64,946,204,34,24,1,-1,-1,-1
4,65,939,189,26,24,1,-1,-1,-1
4,105,203,724,145,114,1,-1,-1,-1
4,107,159,611,150,78,1,-1,-1,-1
4,108,185,565,160,68,1,-1,-1,-1
4,109,258,486,139,75,1,-1,-1,-1
4,110,355,454,96,60,1,-1,-1,-1
4,117,1514,530,209,80,1,-1,-1,-1
4,118,1728,626,174,77,1,-1,-1,-1
4,119,1398,489,95,64,1,-1,-1,-1
4,120,1571,505,173,70,1,-1,-1,-1
4,122,768,244,33,30,1,-1,-1,-1
4,123,825,118,15,12,1,-1,-1,-1
4,127,878,197,29,24,1,-1,-1,-1
4,128,911,184,27,25,1,-1,-1,-1
5,0,1497,455,148,61,1,-1,-1,-1
5,6,1693,569,175,77,1,-1,-1,-1
5,8,788,159,31,27,1,-1,-1,-1
5,20,595,257,61,65,1,-1,-1,-1
5,24,1204,315,66,41,1,-1,-1,-1
5,50,984,242,34,29,1,-1,-1,-1
5,60,694,196,33,25,1,-1,-1,-1
5,64,946,205,33,23,1,-1,-1,-1
5,65,938,190,27,24,1,-1,-1,-1
5,105,202,724,145,114,1,-1,-1,-1
5,107,158,612,150,78,1,-1,-1,-1
5,108,184,566,160,67,1,-1,-1,-1
5,109,258,488,139,73,1,-1,-1,-1
5,110,354,455,96,60,1,-1,-1,-1
5,117,1514,531,209,80,1,-1,-1,-1
5,118,1728,627,174,77,1,-1,-1,-1
5,119,1398,489,95,64,1,-1,-1,-1
5,120,1571,506,173,70,1,-1,-1,-1
5,122,768,244,33,30,1,-1,-1,-1
5,123,825,118,15,12,1,-1,-1,-1
5,127,877,197,29,24,1,-1,-1,-1
5,128,911,184,27,25,1,-1,-1,-1
6,0,1497,456,148,61,1,-1,-1,-1
6,6,1693,569,175,78,1,-1,-1,-1
6,8,787,159,31,27,1,-1,-1,-1
6,20,594,257,61,65,1,-1,-1,-1
6,24,1203,315,66,41,1,-1,-1,-1
6,50,983,242,34,29,1,-1,-1,-1
6,60,693,196,33,25,1,-1,-1,-1
6,64,946,205,32,24,1,-1,-1,-1
6,65,938,190,26,25,1,-1,-1,-1
6,105,201,724,145,114,1,-1,-1,-1
6,107,156,613,150,78,1,-1,-1,-1
6,108,183,566,160,68,1,-1,-1,-1
6,109,258,490,139,71,1,-1,-1,-1
6,110,354,455,96,60,1,-1,-1,-1
6,117,1514,532,209,80,1,-1,-1,-1
6,118,1728,627,174,77,1,-1,-1,-1
6,119,1398,490,95,64,1,-1,-1,-1
6,120,1571,507,173,70,1,-1,-1,-1
6,122,767,244,33,31,1,-1,-1,-1
6,123,824,118,15,12,1,-1,-1,-1
6,127,875,196,29,24,1,-1,-1,-1
6,128,911,184,28,25,1,-1,-1,-1
7,0,1497,456,148,61,1,-1,-1,-1
7,6,1693,570,175,78,1,-1,-1,-1
7,8,787,159,31,27,1,-1,-1,-1
7,20,593,257,61,66,1,-1,-1,-1
7,24,1202,315,66,41,1,-1,-1,-1
7,50,983,242,34,30,1,-1,-1,-1
7,60,693,196,33,25,1,-1,-1,-1
7,64,946,206,32,23,1,-1,-1,-1
7,65,937,191,27,24,1,-1,-1,-1
7,105,200,724,145,114,1,-1,-1,-1
7,107,155,615,150,78,1,-1,-1,-1
7,108,181,567,160,68,1,-1,-1,-1
7,109,256,491,139,71,1,-1,-1,-1
7,110,353,456,96,60,1,-1,-1,-1
7,117,1514,532,209,80,1,-1,-1,-1
7,118,1728,627,174,77,1,-1,-1,-1
7,119,1398,491,95,64,1,-1,-1,-1
7,120,1571,508,173,70,1,-1,-1,-1
7,122,767,245,33,30,1,-1,-1,-1
7,123,824,119,15,12,1,-1,-1,-1
7,127,874,195,29,24,1,-1,-1,-1
7,128,912,184,27,25,1,-1,-1,-1
8,0,1497,457,148,61,1,-1,-1,-1
8,6,1694,571,175,78,1,-1,-1,-1
8,8,786,160,31,27,1,-1,-1,-1
8,20,593,257,61,66,1,-1,-1,-1
8,24,1201,315,66,41,1,-1,-1,-1
8,50,982,242,34,30,1,-1,-1,-1
8,60,692,196,33,25,1,-1,-1,-1
8,64,945,206,32,23,1,-1,-1,-1
8,65,937,191,26,25,1,-1,-1,-1
8,105,200,725,144,114,1,-1,-1,-1
8,107,153,616,150,78,1,-1,-1,-1
8,108,180,568,160,67,1,-1,-1,-1
8,109,254,492,139,71,1,-1,-1,-1
8,110,352,456,96,60,1,-1,-1,-1
8,117,1514,533,209,80,1,-1,-1,-1
8,118,1728,627,174,77,1,-1,-1,-1
8,119,1398,492,95,64,1,-1,-1,-1
8,120,1571,509,173,70,1,-1,-1,-1
8,122,766,245,33,31,1,-1,-1,-1
8,123,823,119,15,12,1,-1,-1,-1
8,127,873,194,29,24,1,-1,-1,-1
8,128,912,184,27,25,1,-1,-1,-1
9,0,1497,457,148,61,1,-1,-1,-1
9,6,1694,572,175,77,1,-1,-1,-1
9,8,786,160,31,27,1,-1,-1,-1
9,20,592,258,61,65,1,-1,-1,-1
9,24,1200,316,66,41,1,-1,-1,-1
9,50,982,243,34,29,1,-1,-1,-1
9,60,691,197,33,25,1,-1,-1,-1
9,64,945,207,31,23,1,-1,-1,-1
9,65,936,192,27,25,1,-1,-1,-1
9,105,198,726,144,115,1,-1,-1,-1
9,107,152,617,150,78,1,-1,-1,-1
9,108,178,569,160,67,1,-1,-1,-1
9,109,252,493,139,71,1,-1,-1,-1
9,110,351,457,96,60,1,-1,-1,-1
9,117,1514,534,209,80,1,-1,-1,-1
9,118,1728,628,174,77,1,-1,-1,-1
9,119,1397,492,95,64,1,-1,-1,-1
9,120,1571,510,173,70,1,-1,-1,-1
9,122,766,245,33,31,1,-1,-1,-1
9,123,823,120,15,12,1,-1,-1,-1
9,127,872,194,29,24,1,-1,-1,-1
9,128,912,184,27,25,1,-1,-1,-1
10,0,1497,457,148,61,1,-1,-1,-1
10,6,1694,572,175,78,1,-1,-1,-1
10,8,785,160,31,27,1,-1,-1,-1
10,20,591,258,61,65,1,-1,-1,-1
10,24,1199,316,66,41,1,-1,-1,-1
10,50,982,243,34,30,1,-1,-1,-1
10,60,691,197,33,25,1,-1,-1,-1
10,64,945,207,31,23,1,-1,-1,-1
10,65,936,192,26,25,1,-1,-1,-1
10,105,196,728,144,115,1,-1,-1,-1
10,107,151,618,149,78,1,-1,-1,-1
10,108,177,570,160,67,1,-1,-1,-1
10,109,250,494,139,71,1,-1,-1,-1
10,110,351,457,96,60,1,-1,-1,-1
10,117,1513,534,209,80,1,-1,-1,-1
10,118,1728,628,174,77,1,-1,-1,-1
10,119,1397,493,95,64,1,-1,-1,-1
10,120,1571,511,173,70,1,-1,-1,-1
10,122,765,246,33,31,1,-1,-1,-1
10,123,822,120,15,12,1,-1,-1,-1
10,127,870,193,29,24,1,-1,-1,-1
10,128,912,184,27,25,1,-1,-1,-1
11,0,1497,458,148,61,1,-1,-1,-1
11,6,1694,573,175,78,1,-1,-1,-1
11,8,784,161,31,27,1,-1,-1,-1
11,20,591,258,61,65,1,-1,-1,-1
11,24,1198,316,66,41,1,-1,-1,-1
11,50,981,243,34,30,1,-1,-1,-1
11,60,690,197,33,25,1,-1,-1,-1
11,64,945,208,30,23,1,-1,-1,-1
11,65,935,193,27,25,1,-1,-1,-1
11,105,194,729,145,116,1,-1,-1,-1
11,107,149,619,150,78,1,-1,-1,-1
11,108,176,570,160,67,1,-1,-1,-1
11,109,248,495,139,71,1,-1,-1,-1
11,110,350,458,96,60,1,-1,-1,-1
11,117,1513,535,209,80,1,-1,-1,-1
11,118,1728,628,174,77,1,-1,-1,-1
11,119,1397,494,95,64,1,-1,-1,-1
11,120,1571,512,173,70,1,-1,-1,-1
11,122,765,246,33,31,1,-1,-1,-1
11,123,821,121,15,12,1,-1,-1,-1
11,127,869,192,29,24,1,-1,-1,-1
11,128,912,184,28,25,1,-1,-1,-1
12,0,1497,458,148,61,1,-1,-1,-1
12,6,1695,574,175,77,1,-1,-1,-1
12,8,784,161,31,27,1,-1,-1,-1
12,20,590,258,61,66,1,-1,-1,-1
12,24,1197,316,66,41,1,-1,-1,-1
12,50,981,244,34,29,1,-1,-1,-1
12,60,689,197,33,25,1,-1,-1,-1
12,64,945,208,29,23,1,-1,-1,-1
12,65,935,194,27,25,1,-1,-1,-1
12,105,192,731,145,116,1,-1,-1,-1
12,107,148,620,149,78,1,-1,-1,-1
12,108,174,571,160,67,1,-1,-1,-1
12,109,246,497,139,71,1,-1,-1,-1
12,110,349,458,96,60,1,-1,-1,-1
12,117,1513,536,209,80,1,-1,-1,-1
12,118,1728,628,174,77,1,-1,-1,-1
12,119,1397,495,95,64,1,-1,-1,-1
12,120,1571,513,173,70,1,-1,-1,-1
12,121,1207,943,181,126,1,-1,-1,-1
12,122,765,247,33,31,1,-1,-1,-1
12,123,820,121,15,12,1,-1,-1,-1
12,127,868,191,29,24,1,-1,-1,-1
12,128,913,184,27,25,1,-1,-1,-1
13,0,1497,459,148,61,1,-1,-1,-1
13,6,1695,575,175,77,1,-1,-1,-1
13,8,783,161,31,27,1,-1,-1,-1
13,20,589,259,61,65,1,-1,-1,-1
13,24,1196,317,66,41,1,-1,-1,-1
13,50,980,244,34,30,1,-1,-1,-1
13,60,689,197,33,25,1,-1,-1,-1
13,64,945,209,29,23,1,-1,-1,-1
13,65,934,194,27,25,1,-1,-1,-1
13,105,190,732,146,117,1,-1,-1,-1
13,107,146,622,150,78,1,-1,-1,-1
13,108,173,572,160,67,1,-1,-1,-1
13,109,244,498,139,71,1,-1,-1,-1
13,110,348,459,96,60,1,-1,-1,-1
13,117,1513,536,209,80,1,-1,-1,-1
13,118,1728,629,174,77,1,-1,-1,-1
13,119,1397,495,95,64,1,-1,-1,-1
13,120,1572,514,173,70,1,-1,-1,-1
13,121,1194,917,176,140,1,-1,-1,-1
13,122,764,247,33,31,1,-1,-1,-1
13,123,820,122,15,12,1,-1,-1,-1
13,127,867,191,29,24,1,-1,-1,-1
13,128,913,184,27,25,1,-1,-1,-1
14,0,1497,459,148,61,1,-1,-1,-1
14,6,1695,575,175,78,1,-1,-1,-1
14,8,783,162,31,27,1,-1,-1,-1
14,20,589,259,61,65,1,-1,-1,-1
14,24,1196,317,66,41,1,-1,-1,-1
14,50,980,244,34,30,1,-1,-1,-1
14,60,688,197,33,25,1,-1,-1,-1
14,64,944,209,29,23,1,-1,-1,-1
14,65,934,194,27,25,1,-1,-1,-1
14,105,188,734,146,117,1,-1,-1,-1
14,107,145,623,149,78,1,-1,-1,-1
14,108,171,573,160,67,1,-1,-1,-1
14,109,242,499,139,71,1,-1,-1,-1
14,110,348,459,96,60,1,-1,-1,-1
14,117,1513,537,209,80,1,-1,-1,-1
14,118,1728,629,174,77,1,-1,-1,-1
14,119,1397,496,95,64,1,-1,-1,-1
14,120,1572,515,173,70,1,-1,-1,-1
14,121,1182,892,170,154,1,-1,-1,-1
14,122,763,248,33,31,1,-1,-1,-1
14,123,819,122,15,12,1,-1,-1,-1
14,127,866,190,29,24,1,-1,-1,-1
14,128,913,184,27,25,1,-1,-1,-1
15,0,1497,460,148,61,1,-1,-1,-1
15,6,1696,576,175,78,1,-1,-1,-1
15,8,782,162,31,27,1,-1,-1,-1
15,20,588,259,61,65,1,-1,-1,-1
15,24,1196,318,66,41,1,-1,-1,-1
15,50,979,244,34,30,1,-1,-1,-1
15,60,687,197,33,25,1,-1,-1,-1
15,64,943,209,29,23,1,-1,-1,-1
15,65,934,194,27,25,1,-1,-1,-1
15,105,186,735,147,118,1,-1,-1,-1
15,107,143,624,150,78,1,-1,-1,-1
15,108,170,573,160,67,1,-1,-1,-1
15,109,241,500,138,71,1,-1,-1,-1
15,110,347,460,96,60,1,-1,-1,-1
15,117,1513,538,209,80,1,-1,-1,-1
15,118,1728,629,174,77,1,-1,-1,-1
15,119,1397,497,95,64,1,-1,-1,-1
15,120,1572,516,173,70,1,-1,-1,-1
15,121,1170,867,165,168,1,-1,-1,-1
15,122,762,248,33,31,1,-1,-1,-1
15,123,818,123,15,12,1,-1,-1,-1
15,127,866,190,28,24,1,-1,-1,-1
15,128,913,184,28,25,1,-1,-1,-1
16,0,1497,460,148,61,1,-1,-1,-1
16,6,1696,577,175,77,1,-1,-1,-1
16,8,781,163,31,27,1,-1,-1,-1
16,20,587,259,61,65,1,-1,-1,-1
16,24,1196,319,66,41,1,-1,-1,-1
16,50,979,245,34,30,1,-1,-1,-1
16,60,687,198,33,25,1,-1,-1,-1
16,64,943,210,29,23,1,-1,-1,-1
16,65,933,194,27,25,1,-1,-1,-1
16,105,184,737,147,118,1,-1,-1,-1
16,107,142,625,149,78,1,-1,-1,-1
16,108,169,574,160,67,1,-1,-1,-1
16,109,239,501,138,71,1,-1,-1,-1
16,110,346,460,96,60,1,-1,-1,-1
16,117,1513,538,209,80,1,-1,-1,-1
16,118,1729,630,173,77,1,-1,-1,-1
16,119,1396,497,95,64,1,-1,-1,-1
16,120,1572,517,173,70,1,-1,-1,-1
16,121,1160,846,161,163,1,-1,-1,-1
16,122,761,249,33,31,1,-1,-1,-1
16,123,818,124,15,12,1,-1,-1,-1
16,127,865,190,28,23,1,-1,-1,-1
16,128,913,184,28,25,1,-1,-1,-1
17,0,1497,461,148,61,1,-1,-1,-1
17,6,1696,578,175,77,1,-1,-1,-1
17,8,781,163,31,27,1,-1,-1,-1
17,20,587,260,61,65,1,-1,-1,-1
17,24,1196,320,66,41,1,-1,-1,-1
17,50,978,245,34,30,1,-1,-1,-1
17,60,686,198,33,25,1,-1,-1,-1
17,64,942,210,29,23,1,-1,-1,-1
17,65,933,194,27,25,1,-1,-1,-1
17,105,182,738,148,119,1,-1,-1,-1
17,107,141,626,149,78,1,-1,-1,-1
17,108,167,575,160,67,1,-1,-1,-1
17,109,237,503,138,71,1,-1,-1,-1
17,110,345,461,96,60,1,-1,-1,-1
17,117,1513,539,209,80,1,-1,-1,-1
17,118,1729,632,173,77,1,-1,-1,-1
17,119,1396,498,95,64,1,-1,-1,-1
17,120,1572,518,173,70,1,-1,-1,-1
17,121,1150,826,157,158,1,-1,-1,-1
17,122,760,250,33,31,1,-1,-1,-1
17,123,817,124,15,12,1,-1,-1,-1
17,127,865,189,27,24,1,-1,-1,-1
17,128,914,185,27,24,1,-1,-1,-1
18,0,1497,462,148,61,1,-1,-1,-1
18,6,1696,578,175,78,1,-1,-1,-1
18,8,780,164,31,27,1,-1,-1,-1
18,20,585,260,62,65,1,-1,-1,-1
18,24,1196,321,66,41,1,-1,-1,-1
18,50,978,245,34,30,1,-1,-1,-1
18,60,685,199,33,25,1,-1,-1,-1
18,64,942,211,29,23,1,-1,-1,-1
18,65,933,194,27,25,1,-1,-1,-1
18,105,180,740,148,119,1,-1,-1,-1
18,107,139,627,149,78,1,-1,-1,-1
18,108,166,576,160,66,1,-1,-1,-1
18,109,235,504,138,71,1,-1,-1,-1
18,110,345,461,96,60,1,-1,-1,-1
18,117,1513,540,209,80,1,-1,-1,-1
18,118,1729,634,173,77,1,-1,-1,-1
18,119,1396,499,95,64,1,-1,-1,-1
18,120,1572,519,173,70,1,-1,-1,-1
18,121,1141,806,152,152,1,-1,-1,-1
18,122,760,250,32,31,1,-1,-1,-1
18,123,817,125,15,12,1,-1,-1,-1
18,127,864,189,27,24,1,-1,-1,-1
18,128,914,185,27,24,1,-1,-1,-1
19,0,1497,463,148,61,1,-1,-1,-1
19,6,1697,579,175,77,1,-1,-1,-1
19,8,780,164,31,27,1,-1,-1,-1
19,20,584,261,62,65,1,-1,-1,-1
19,24,1196,322,66,41,1,-1,-1,-1
19,50,978,246,34,30,1,-1,-1,-1
19,60,684,200,33,25,1,-1,-1,-1
19,64,941,211,29,23,1,-1,-1,-1
19,65,932,194,27,25,1,-1,-1,-1
19,105,178,742,149,119,1,-1,-1,-1
19,107,138,629,149,78,1,-1,-1,-1
19,108,164,577,160,66,1,-1,-1,-1
19,109,233,505,138,71,1,-1,-1,-1
19,110,344,462,96,60,1,-1,-1,-1
19,117,1513,541,209,80,1,-1,-1,-1
19,118,1730,636,172,77,1,-1,-1,-1
19,119,1396,500,95,64,1,-1,-1,-1
19,120,1572,520,173,70,1,-1,-1,-1
19,121,1131,786,148,147,1,-1,-1,-1
19,122,759,251,32,31,1,-1,-1,-1
19,123,816,125,15,12,1,-1,-1,-1
19,127,864,189,26,23,1,-1,-1,-1
19,128,914,185,27,24,1,-1,-1,-1
20,0,1497,463,148,61,1,-1,-1,-1
20,6,1697,580,175,77,1,-1,-1,-1
20,8,779,165,31,27,1,-1,-1,-1
20,20,583,262,62,65,1,-1,-1,-1
20,24,1196,323,66,41,1,-1,-1,-1
20,50,977,246,34,30,1,-1,-1,-1
20,60,683,200,33,25,1,-1,-1,-1
20,64,940,212,29,23,1,-1,-1,-1
20,65,931,195,27,25,1,-1,-1,-1
20,105,173,745,150,120,1,-1,-1,-1
20,107,136,630,149,78,1,-1,-1,-1
20,108,163,577,160,67,1,-1,-1,-1
20,109,231,506,138,71,1,-1,-1,-1
20,110,343,462,96,60,1,-1,-1,-1
20,117,1514,543,209,80,1,-1,-1,-1
20,118,1730,638,172,77,1,-1,-1,-1
20,119,1396,500,95,64,1,-1,-1,-1
20,120,1572,521,173,70,1,-1,-1,-1
20,121,1122,766,143,142,1,-1,-1,-1
20,122,758,251,32,31,1,-1,-1,-1
20,123,816,126,15,12,1,-1,-1,-1
20,127,863,189,26,23,1,-1,-1,-1
20,128,914,185,28,24,1,-1,-1,-1
21,0,1497,464,148,61,1,-1,-1,-1
21,6,1697,581,175,77,1,-1,-1,-1
21,8,779,165,31,27,1,-1,-1,-1
21,20,582,262,62,66,1,-1,-1,-1
21,24,1196,324,66,41,1,-1,-1,-1
21,50,976,247,34,30,1,-1,-1,-1
21,60,682,201,33,25,1,-1,-1,-1
21,64,940,212,29,23,1,-1,-1,-1
21,65,931,196,27,25,1,-1,-1,-1
21,105,168,748,151,121,1,-1,-1,-1
21,107,135,631,149,78,1,-1,-1,-1
21,108,162,578,160,66,1,-1,-1,-1
21,109,229,507,138,71,1,-1,-1,-1
21,110,342,463,96,60,1,-1,-1,-1
21,117,1514,545,209,80,1,-1,-1,-1
21,118,1731,640,171,77,1,-1,-1,-1
21,119,1396,501,95,64,1,-1,-1,-1
21,120,1572,522,173,70,1,-1,-1,-1
21,121,1114,752,138,137,1,-1,-1,-1
21,122,757,252,32,31,1,-1,-1,-1
21,123,815,126,15,12,1,-1,-1,-1
21,127,863,188,25,24,1,-1,-1,-1
21,128,914,185,28,24,1,-1,-1,-1
22,0,1497,465,148,61,1,-1,-1,-1
22,6,1698,582,175,77,1,-1,-1,-1
22,8,778,166,31,27,1,-1,-1,-1
22,20,581,263,62,66,1,-1,-1,-1
22,24,1196,325,66,41,1,-1,-1,-1
22,50,975,248,34,30,1,-1,-1,-1
22,60,681,202,33,25,1,-1,-1,-1
22,64,939,213,29,23,1,-1,-1,-1
22,65,930,196,27,25,1,-1,-1,-1
22,105,164,751,152,123,1,-1,-1,-1
22,107,133,632,149,78,1,-1,-1,-1
22,108,160,579,160,66,1,-1,-1,-1
22,109,227,508,138,71,1,-1,-1,-1
22,110,342,464,96,60,1,-1,-1,-1
22,117,1515,546,209,80,1,-1,-1,-1
22,118,1731,642,171,77,1,-1,-1,-1
22,119,1396,502,95,64,1,-1,-1,-1
22,120,1572,523,173,70,1,-1,-1,-1
22,121,1106,738,134,132,1,-1,-1,-1
22,122,756,253,32,31,1,-1,-1,-1
22,123,815,127,15,12,1,-1,-1,-1
22,127,862,188,25,23,1,-1,-1,-1
22,128,914,185,28,24,1,-1,-1,-1
23,0,1497,466,148,61,1,-1,-1,-1
23,6,1699,584,175,77,1,-1,-1,-1
23,8,778,166,31,27,1,-1,-1,-1
23,20,580,264,62,65,1,-1,-1,-1
23,24,1196,326,66,41,1,-1,-1,-1
23,50,975,249,34,29,1,-1,-1,-1
23,60,681,203,33,25,1,-1,-1,-1
23,64,939,213,29,23,1,-1,-1,-1
23,65,929,197,27,25,1,-1,-1,-1
23,105,159,754,153,124,1,-1,-1,-1
23,107,132,633,149,78,1,-1,-1,-1
23,108,159,580,160,66,1,-1,-1,-1
23,109,225,510,138,71,1,-1,-1,-1
23,110,340,465,96,60,1,-1,-1,-1
23,117,1515,548,209,80,1,-1,-1,-1
23,118,1732,644,170,77,1,-1,-1,-1
23,119,1396,503,95,64,1,-1,-1,-1
23,120,1572,524,173,70,1,-1,-1,-1
23,121,1099,725,129,126,1,-1,-1,-1
23,122,756,253,32,31,1,-1,-1,-1
23,123,814,128,15,12,1,-1,-1,-1
23,127,862,188,24,23,1,-1,-1,-1
23,128,915,185,27,24,1,-1,-1,-1
24,0,1497,467,148,61,1,-1,-1,-1
24,6,1700,586,175,77,1,-1,-1,-1
24,8,777,167,31,27,1,-1,-1,-1
24,20,579,264,62,66,1,-1,-1,-1
24,24,1196,327,66,41,1,-1,-1,-1
24,50,974,250,34,29,1,-1,-1,-1
24,60,680,203,33,25,1,-1,-1,-1
24,64,938,214,29,23,1,-1,-1,-1
24,65,929,198,27,25,1,-1,-1,-1
24,105,154,757,154,126,1,-1,-1,-1
24,107,131,635,149,78,1,-1,-1,-1
24,108,158,581,160,66,1,-1,-1,-1
24,109,224,511,137,71,1,-1,-1,-1
24,110,338,467,96,60,1,-1,-1,-1
24,117,1516,550,209,80,1,-1,-1,-1
24,118,1732,646,170,77,1,-1,-1,-1
24,119,1396,504,95,64,1,-1,-1,-1
24,120,1572,525,173,70,1,-1,-1,-1
24,121,1091,711,124,121,1,-1,-1,-1
24,122,755,254,32,31,1,-1,-1,-1
24,123,814,128,15,12,1,-1,-1,-1
24,127,861,187,24,24,1,-1,-1,-1
24,128,915,185,28,24,1,-1,-1,-1
25,0,1497,469,148,61,1,-1,-1,-1
25,6,1701,589,175,77,1,-1,-1,-1
25,8,777,168,31,27,1,-1,-1,-1
25,20,577,265,63,66,1,-1,-1,-1
25,24,1196,328,66,41,1,-1,-1,-1
25,50,973,250,34,30,1,-1,-1,-1
25,60,679,204,33,25,1,-1,-1,-1
25,64,937,214,29,23,1,-1,-1,-1
25,65,928,198,27,25,1,-1,-1,-1
25,105,150,760,155,127,1,-1,-1,-1
25,107,127,637,149,79,1,-1,-1,-1
25,108,155,583,159,67,1,-1,-1,-1
25,109,222,512,137,71,1,-1,-1,-1
25,110,336,469,96,60,1,-1,-1,-1
25,117,1517,551,209,80,1,-1,-1,-1
25,118,1733,648,169,77,1,-1,-1,-1
25,119,1397,506,95,64,1,-1,-1,-1
25,120,1573,526,173,70,1,-1,-1,-1
25,121,1083,697,120,116,1,-1,-1,-1
25,122,754,255,32,31,1,-1,-1,-1
25,123,813,129,15,12,1,-1,-1,-1
25,127,861,187,23,23,1,-1,-1,-1
25,128,915,185,28,24,1,-1,-1,-1
26,0,1497,471,148,60,1,-1,-1,-1
26,6,1702,591,175,77,1,-1,-1,-1
26,8,776,168,31,27,1,-1,-1,-1
26,20,576,266,63,66,1,-1,-1,-1
26,24,1196,329,66,41,1,-1,-1,-1
26,50,972,251,34,30,1,-1,-1,-1
26,60,678,205,33,25,1,-1,-1,-1
26,64,937,215,29,23,1,-1,-1,-1
26,65,927,199,27,25,1,-1,-1,-1
26,105,145,763,156,129,1,-1,-1,-1
26,107,123,640,149,79,1,-1,-1,-1
26,108,152,586,159,67,1,-1,-1,-1
26,109,220,513,137,71,1,-1,-1,-1
26,110,334,471,96,60,1,-1,-1,-1
26,117,1517,553,209,80,1,-1,-1,-1
26,118,1733,650,169,77,1,-1,-1,-1
26,119,1397,508,95,64,1,-1,-1,-1
26,120,1573,527,174,71,1,-1,-1,-1
26,121,1076,684,115,111,1,-1,-1,-1
26,122,753,255,32,31,1,-1,-1,-1
26,123,813,129,15,12,1,-1,-1,-1
26,127,860,187,23,23,1,-1,-1,-1
26,128,915,185,28,24,1,-1,-1,-1
27,0,1497,473,149,60,1,-1,-1,-1
27,6,1703,594,175,77,1,-1,-1,-1
27,8,776,168,31,27,1,-1,-1,-1
27,20,575,266,63,67,1,-1,-1,-1
27,24,1197,330,65,41,1,-1,-1,-1
27,50,972,252,34,29,1,-1,-1,-1
27,60,677,206,33,25,1,-1,-1,-1
27,64,936,215,29,23,1,-1,-1,-1
27,65,927,200,27,25,1,-1,-1,-1
27,105,140,766,157,130,1,-1,-1,-1
27,107,120,643,148,79,1,-1,-1,-1
27,108,149,588,159,68,1,-1,-1,-1
27,109,218,514,137,71,1,-1,-1,-1
27,110,332,473,96,60,1,-1,-1,-1
27,117,1518,555,209,80,1,-1,-1,-1
27,118,1734,653,168,77,1,-1,-1,-1
27,119,1398,510,95,64,1,-1,-1,-1
27,120,1574,529,175,71,1,-1,-1,-1
27,121,1070,674,113,109,1,-1,-1,-1
27,122,752,256,32,31,1,-1,-1,-1
27,123,812,130,15,12,1,-1,-1,-1
27,127,860,187,23,23,1,-1,-1,-1
27,128,915,185,28,24,1,-1,-1,-1
28,0,1497,474,149,60,1,-1,-1,-1
28,6,1704,596,175,77,1,-1,-1,-1
28,8,775,169,31,27,1,-1,-1,-1
28,20,574,267,63,67,1,-1,-1,-1
28,24,1197,330,65,41,1,-1,-1,-1
28,50,971,253,34,29,1,-1,-1,-1
28,60,676,206,33,25,1,-1,-1,-1
28,64,936,216,29,23,1,-1,-1,-1
28,65,926,201,27,25,1,-1,-1,-1
28,105,136,770,158,131,1,-1,-1,-1
28,107,116,645,149,80,1,-1,-1,-1
28,108,146,591,159,68,1,-1,-1,-1
28,109,216,516,137,71,1,-1,-1,-1
28,110,330,474,96,60,1,-1,-1,-1
28,117,1518,556,209,80,1,-1,-1,-1
28,118,1737,656,165,77,1,-1,-1,-1
28,119,1398,511,95,64,1,-1,-1,-1
28,120,1574,531,176,71,1,-1,-1,-1
28,121,1065,665,110,106,1,-1,-1,-1
28,122,752,256,31,31,1,-1,-1,-1
28,123,812,131,15,12,1,-1,-1,-1
28,127,859,186,23,23,1,-1,-1,-1
28,128,916,185,27,24,1,-1,-1,-1
29,0,1497,476,149,60,1,-1,-1,-1
29,6,1705,599,175,77,1,-1,-1,-1
29,8,775,169,31,27,1,-1,-1,-1
29,20,573,268,63,66,1,-1,-1,-1
29,24,1197,331,65,41,1,-1,-1,-1
29,50,970,254,34,29,1,-1,-1,-1
29,60,676,207,33,25,1,-1,-1,-1
29,64,935,216,29,23,1,-1,-1,-1
29,65,926,202,27,25,1,-1,-1,-1
29,105,131,773,159,132,1,-1,-1,-1
29,107,112,648,149,80,1,-1,-1,-1
29,108,143,593,159,69,1,-1,-1,-1
29,109,214,517,137,71,1,-1,-1,-1
29,110,328,476,96,60,1,-1,-1,-1
29,117,1519,558,209,80,1,-1,-1,-1
29,118,1740,659,162,77,1,-1,-1,-1
29,119,1399,513,95,64,1,-1,-1,-1
29,120,1575,533,177,71,1,-1,-1,-1
29,121,1060,655,108,104,1,-1,-1,-1
29,122,751,257,31,31,1,-1,-1,-1
29,123,811,131,15,12,1,-1,-1,-1
29,127,858,186,23,23,1,-1,-1,-1
29,128,916,185,28,24,1,-1,-1,-1
30,0,1497,478,149,59,1,-1,-1,-1
30,6,1707,601,175,77,1,-1,-1,-1
30,8,775,170,31,27,1,-1,-1,-1
30,20,572,269,63,66,1,-1,-1,-1
30,24,1197,331,65,41,1,-1,-1,-1
30,50,970,255,34,29,1,-1,-1,-1
30,60,675,208,33,25,1,-1,-1,-1
30,64,934,216,29,23,1,-1,-1,-1
30,65,925,203,27,25,1,-1,-1,-1
30,105,126,776,160,134,1,-1,-1,-1
30,107,109,651,148,81,1,-1,-1,-1
30,108,140,596,159,70,1,-1,-1,-1
30,109,212,518,137,71,1,-1,-1,-1
30,110,326,478,96,60,1,-1,-1,-1
30,117,1520,560,209,80,1,-1,-1,-1
30,118,1743,662,159,77,1,-1,-1,-1
30,119,1399,515,95,64,1,-1,-1,-1
30,120,1575,534,178,72,1,-1,-1,-1
30,121,1055,646,105,102,1,-1,-1,-1
30,122,750,258,31,31,1,-1,-1,-1
30,123,811,132,15,12,1,-1,-1,-1
30,127,857,186,23,23,1,-1,-1,-1
30,128,916,185,28,24,1,-1,-1,-1
31,0,1498,480,149,59,1,-1,-1,-1
31,6,1709,604,175,77,1,-1,-1,-1
31,8,774,170,31,27,1,-1,-1,-1
31,20,571,269,63,67,1,-1,-1,-1
31,24,1197,332,65,41,1,-1,-1,-1
31,50,969,255,34,29,1,-1,-1,-1
31,60,674,209,33,25,1,-1,-1,-1
31,64,934,217,29,23,1,-1,-1,-1
31,65,925,204,27,25,1,-1,-1,-1
31,105,122,779,161,135,1,-1,-1,-1
31,107,105,653,148,82,1,-1,-1,-1
31,108,137,598,159,71,1,-1,-1,-1
31,109,210,519,137,71,1,-1,-1,-1
31,110,324,480,96,60,1,-1,-1,-1
31,117,1521,562,210,80,1,-1,-1,-1
31,118,1747,665,155,77,1,-1,-1,-1
31,119,1400,517,95,64,1,-1,-1,-1
31,120,1576,536,179,72,1,-1,-1,-1
31,121,1049,636,103,100,1,-1,-1,-1
31,122,749,258,31,31,1,-1,-1,-1
31,123,810,132,15,12,1,-1,-1,-1
31,127,857,186,23,23,1,-1,-1,-1
31,128,916,185,28,24,1,-1,-1,-1
32,0,1498,482,149,59,1,-1,-1,-1
32,6,1711,607,175,77,1,-1,-1,-1
32,8,774,170,31,27,1,-1,-1,-1
32,20,570,270,63,67,1,-1,-1,-1
32,24,1197,332,65,41,1,-1,-1,-1
32,50,969,256,34,29,1,-1,-1,-1
32,60,673,209,33,25,1,-1,-1,-1
32,64,933,217,29,23,1,-1,-1,-1
32,65,924,205,27,25,1,-1,-1,-1
32,105,117,782,162,137,1,-1,-1,-1
32,107,101,656,149,82,1,-1,-1,-1
32,108,134,601,159,71,1,-1,-1,-1
32,109,208,520,137,71,1,-1,-1,-1
32,110,322,482,96,60,1,-1,-1,-1
32,117,1522,564,211,81,1,-1,-1,-1
32,118,1749,668,152,77,1,-1,-1,-1
32,119,1400,518,95,64,1,-1,-1,-1
32,120,1576,538,180,73,1,-1,-1,-1
32,121,1044,627,101,97,1,-1,-1,-1
32,122,748,259,31,31,1,-1,-1,-1
32,123,810,133,15,12,1,-1,-1,-1
32,127,856,185,23,23,1,-1,-1,-1
32,128,916,185,28,24,1,-1,-1,-1
33,0,1499,484,149,59,1,-1,-1,-1
33,6,1713,610,175,77,1,-1,-1,-1
33,8,773,171,31,27,1,-1,-1,-1
33,20,568,271,64,67,1,-1,-1,-1
33,24,1197,333,65,41,1,-1,-1,-1
33,50,968,256,34,29,1,-1,-1,-1
33,60,672,210,33,25,1,-1,-1,-1
33,64,933,218,29,23,1,-1,-1,-1
33,65,924,206,27,25,1,-1,-1,-1
33,105,112,785,163,138,1,-1,-1,-1
33,107,98,659,148,82,1,-1,-1,-1
33,108,131,603,159,72,1,-1,-1,-1
33,109,207,522,137,71,1,-1,-1,-1
33,110,320,484,96,60,1,-1,-1,-1
33,117,1523,566,213,82,1,-1,-1,-1
33,118,1751,671,150,77,1,-1,-1,-1
33,119,1401,520,95,64,1,-1,-1,-1
33,120,1577,540,181,73,1,-1,-1,-1
33,121,1039,617,98,96,1,-1,-1,-1
33,122,748,260,31,31,1,-1,-1,-1
33,123,809,133,15,12,1,-1,-1,-1
33,127,855,185,23,23,1,-1,-1,-1
33,128,917,186,28,23,1,-1,-1,-1
34,0,1500,486,149,59,1,-1,-1,-1
34,6,1715,612,175,77,1,-1,-1,-1
34,8,773,171,31,27,1,-1,-1,-1
34,20,567,271,64,68,1,-1,-1,-1
34,24,1197,334,65,41,1,-1,-1,-1
34,50,968,257,34,29,1,-1,-1,-1
34,60,671,211,33,25,1,-1,-1,-1
34,64,932,218,29,23,1,-1,-1,-1
34,65,923,207,27,25,1,-1,-1,-1
34,105,108,788,164,140,1,-1,-1,-1
34,107,94,661,148,83,1,-1,-1,-1
34,108,128,606,159,72,1,-1,-1,-1
34,109,203,524,137,71,1,-1,-1,-1
34,110,318,485,96,60,1,-1,-1,-1
34,117,1525,568,213,82,1,-1,-1,-1
34,118,1753,674,148,78,1,-1,-1,-1
34,119,1401,522,95,64,1,-1,-1,-1
34,120,1577,541,182,74,1,-1,-1,-1
34,121,1034,608,95,93,1,-1,-1,-1
34,122,747,260,31,31,1,-1,-1,-1
34,123,809,134,15,12,1,-1,-1,-1
34,127,855,185,23,23,1,-1,-1,-1
34,128,915,191,28,23,1,-1,-1,-1
35,0,1501,488,149,59,1,-1,-1,-1
35,6,1717,615,175,77,1,-1,-1,-1
35,8,773,172,31,27,1,-1,-1,-1
35,20,566,272,64,67,1,-1,-1,-1
35,24,1197,334,65,41,1,-1,-1,-1
35,50,968,258,34,29,1,-1,-1,-1
35,60,671,212,33,25,1,-1,-1,-1
35,64,932,219,29,23,1,-1,-1,-1
35,65,923,208,27,25,1,-1,-1,-1
35,105,103,791,165,141,1,-1,-1,-1
35,107,90,664,148,83,1,-1,-1,-1
35,108,125,608,159,74,1,-1,-1,-1
35,109,200,526,137,71,1,-1,-1,-1
35,110,316,487,96,60,1,-1,-1,-1
35,117,1526,570,214,83,1,-1,-1,-1
35,118,1755,677,146,78,1,-1,-1,-1
35,119,1402,524,95,64,1,-1,-1,-1
35,120,1578,543,183,74,1,-1,-1,-1
35,121,1029,598,93,91,1,-1,-1,-1
35,122,746,261,31,30,1,-1,-1,-1
35,123,808,135,15,12,1,-1,-1,-1
35,127,854,185,23,23,1,-1,-1,-1
35,128,913,196,29,23,1,-1,-1,-1
36,0,1502,490,149,59,1,-1,-1,-1
36,6,1719,618,175,77,1,-1,-1,-1
36,8,772,172,31,27,1,-1,-1,-1
36,20,565,273,64,67,1,-1,-1,-1
36,24,1197,335,65,41,1,-1,-1,-1
36,50,967,258,34,29,1,-1,-1,-1
36,60,670,212,33,25,1,-1,-1,-1
36,64,931,219,29,23,1,-1,-1,-1
36,65,922,208,27,25,1,-1,-1,-1
36,105,99,795,166,142,1,-1,-1,-1
36,107,87,667,148,84,1,-1,-1,-1
36,108,122,611,159,74,1,-1,-1,-1
36,109,196,529,137,71,1,-1,-1,-1
36,110,314,489,96,60,1,-1,-1,-1
36,117,1527,572,216,84,1,-1,-1,-1
36,118,1758,680,143,78,1,-1,-1,-1
36,119,1402,525,96,64,1,-1,-1,-1
36,120,1578,545,184,74,1,-1,-1,-1
36,121,1023,589,91,88,1,-1,-1,-1
36,122,745,261,32,31,1,-1,-1,-1
36,123,808,135,15,12,1,-1,-1,-1
36,127,853,184,23,23,1,-1,-1,-1
36,128,912,195,29,23,1,-1,-1,-1
37,0,1503,492,149,59,1,-1,-1,-1
37,6,1721,621,175,77,1,-1,-1,-1
37,8,771,172,31,27,1,-1,-1,-1
37,20,564,273,64,68,1,-1,-1,-1
37,24,1197,335,65,41,1,-1,-1,-1
37,50,967,259,34,29,1,-1,-1,-1
37,60,669,212,33,25,1,-1,-1,-1
37,64,931,220,29,23,1,-1,-1,-1
37,65,921,208,27,25,1,-1,-1,-1
37,105,93,799,167,143,1,-1,-1,-1
37,107,80,670,150,84,1,-1,-1,-1
37,108,119,613,159,75,1,-1,-1,-1
37,109,193,531,137,71,1,-1,-1,-1
37,110,313,490,96,60,1,-1,-1,-1
37,117,1529,574,216,85,1,-1,-1,-1
37,118,1760,683,141,79,1,-1,-1,-1
37,119,1403,527,96,64,1,-1,-1,-1
37,120,1579,547,185,74,1,-1,-1,-1
37,121,1018,579,88,87,1,-1,-1,-1
37,122,744,262,32,30,1,-1,-1,-1
37,123,807,136,15,12,1,-1,-1,-1
37,127,852,184,23,23,1,-1,-1,-1
37,128,912,194,29,23,1,-1,-1,-1
38,0,1504,494,149,59,1,-1,-1,-1
38,6,1724,624,174,77,1,-1,-1,-1
38,8,770,172,31,27,1,-1,-1,-1
38,20,563,274,64,68,1,-1,-1,-1
38,24,1197,336,65,41,1,-1,-1,-1
38,50,967,260,34,29,1,-1,-1,-1
38,60,668,212,33,25,1,-1,-1,-1
38,64,930,220,29,23,1,-1,-1,-1
38,65,921,208,27,25,1,-1,-1,-1
38,105,87,804,169,144,1,-1,-1,-1
38,107,74,674,152,84,1,-1,-1,-1
38,108,116,616,159,75,1,-1,-1,-1
38,109,190,533,137,71,1,-1,-1,-1
38,110,311,492,96,60,1,-1,-1,-1
38,117,1530,576,217,85,1,-1,-1,-1
38,118,1762,686,139,79,1,-1,-1,-1
38,119,1403,529,97,64,1,-1,-1,-1
38,120,1580,549,186,75,1,-1,-1,-1
38,121,1013,570,86,84,1,-1,-1,-1
38,122,744,262,31,31,1,-1,-1,-1
38,123,807,136,15,12,1,-1,-1,-1
38,127,852,184,23,23,1,-1,-1,-1
38,128,912,193,28,23,1,-1,-1,-1
39,0,1505,497,149,59,1,-1,-1,-1
39,6,1727,625,171,78,1,-1,-1,-1
39,8,769,173,31,27,1,-1,-1,-1
39,20,562,275,64,68,1,-1,-1,-1
39,24,1197,337,65,41,1,-1,-1,-1
39,50,966,260,34,29,1,-1,-1,-1
39,60,667,212,33,25,1,-1,-1,-1
39,64,930,221,29,23,1,-1,-1,-1
39,65,920,209,27,25,1,-1,-1,-1
39,105,81,808,171,146,1,-1,-1,-1
39,107,68,677,154,85,1,-1,-1,-1
39,108,113,618,159,76,1,-1,-1,-1
39,109,186,536,137,71,1,-1,-1,-1
39,110,309,494,96,60,1,-1,-1,-1
39,117,1531,578,219,86,1,-1,-1,-1
39,118,1764,689,137,79,1,-1,-1,-1
39,119,1404,530,97,65,1,-1,-1,-1
39,120,1581,551,187,75,1,-1,-1,-1
39,121,1008,560,83,82,1,-1,-1,-1
39,122,743,263,32,30,1,-1,-1,-1
39,123,806,137,15,12,1,-1,-1,-1
39,127,851,184,23,23,1,-1,-1,-1
39,128,912,193,28,23,1,-1,-1,-1
40,0,1506,498,149,59,1,-1,-1,-1
40,6,1730,627,168,79,1,-1,-1,-1
40,8,768,173,31,27,1,-1,-1,-1
40,20,561,276,64,68,1,-1,-1,-1
40,24,1196,338,65,41,1,-1,-1,-1
40,50,965,261,34,29,1,-1,-1,-1
40,60,666,212,33,25,1,-1,-1,-1
40,64,929,221,29,23,1,-1,-1,-1
40,65,919,209,27,25,1,-1,-1,-1
40,105,75,813,172,147,1,-1,-1,-1
40,107,61,681,157,85,1,-1,-1,-1
40,108,110,621,159,77,1,-1,-1,-1
40,109,183,538,137,71,1,-1,-1,-1
40,110,307,496,96,60,1,-1,-1,-1
40,117,1532,580,220,87,1,-1,-1,-1
40,118,1767,693,134,79,1,-1,-1,-1
40,119,1405,532,97,65,1,-1,-1,-1
40,120,1582,553,188,75,1,-1,-1,-1
40,121,1003,551,81,80,1,-1,-1,-1
40,122,742,263,32,31,1,-1,-1,-1
40,123,806,138,15,12,1,-1,-1,-1
40,127,850,183,23,23,1,-1,-1,-1
40,128,911,192,29,23,1,-1,-1,-1
41,0,1507,500,149,59,1,-1,-1,-1
41,6,1733,629,165,80,1,-1,-1,-1
41,8,767,173,31,27,1,-1,-1,-1
41,20,559,276,65,68,1,-1,-1,-1
41,24,1196,339,65,41,1,-1,-1,-1
41,50,964,261,34,29,1,-1,-1,-1
41,60,665,212,33,25,1,-1,-1,-1
41,64,929,222,29,23,1,-1,-1,-1
41,65,919,209,27,25,1,-1,-1,-1
41,105,69,818,174,148,1,-1,-1,-1
41,107,55,684,159,86,1,-1,-1,-1
41,108,105,623,159,77,1,-1,-1,-1
41,109,180,541,137,71,1,-1,-1,-1
41,110,306,497,96,60,1,-1,-1,-1
41,117,1534,582,220,87,1,-1,-1,-1
41,118,1770,696,131,79,1,-1,-1,-1
41,119,1405,534,98,64,1,-1,-1,-1
41,120,1583,555,190,76,1,-1,-1,-1
41,121,999,545,80,78,1,-1,-1,-1
41,122,741,264,32,30,1,-1,-1,-1
41,123,805,138,15,12,1,-1,-1,-1
41,127,850,183,23,23,1,-1,-1,-1
41,128,911,191,28,23,1,-1,-1,-1
42,0,1508,502,149,59,1,-1,-1,-1
42,6,1736,631,163,81,1,-1,-1,-1
42,8,766,174,31,27,1,-1,-1,-1
42,20,558,276,65,69,1,-1,-1,-1
42,24,1196,340,65,41,1,-1,-1,-1
42,50,964,262,34,29,1,-1,-1,-1
42,60,664,213,33,25,1,-1,-1,-1
42,64,928,222,29,23,1,-1,-1,-1
42,65,918,209,27,25,1,-1,-1,-1
42,105,63,822,176,149,1,-1,-1,-1
42,107,49,688,161,85,1,-1,-1,-1
42,108,100,625,160,78,1,-1,-1,-1
42,109,176,543,137,71,1,-1,-1,-1
42,110,304,499,96,60,1,-1,-1,-1
42,117,1535,584,222,88,1,-1,-1,-1
42,118,1773,700,128,79,1,-1,-1,-1
42,119,1406,535,98,65,1,-1,-1,-1
42,120,1585,558,190,75,1,-1,-1,-1
42,121,996,539,79,77,1,-1,-1,-1
42,122,741,264,32,31,1,-1,-1,-1
42,123,805,138,15,13,1,-1,-1,-1
42,127,849,183,23,23,1,-1,-1,-1
42,128,911,190,28,23,1,-1,-1,-1
43,0,1509,503,149,59,1,-1,-1,-1
43,6,1739,633,160,82,1,-1,-1,-1
43,8,765,174,31,27,1,-1,-1,-1
43,20,556,276,66,70,1,-1,-1,-1
43,24,1195,341,65,41,1,-1,-1,-1
43,50,963,262,34,29,1,-1,-1,-1
43,60,663,213,33,25,1,-1,-1,-1
43,64,928,223,29,23,1,-1,-1,-1
43,65,918,210,27,25,1,-1,-1,-1
43,105,57,827,178,150,1,-1,-1,-1
43,107,43,691,163,86,1,-1,-1,-1
43,108,95,627,161,78,1,-1,-1,-1
43,109,173,545,137,71,1,-1,-1,-1
43,110,302,501,96,60,1,-1,-1,-1
43,117,1536,586,223,89,1,-1,-1,-1
43,118,1776,704,125,79,1,-1,-1,-1
43,119,1406,537,99,65,1,-1,-1,-1
43,120,1586,560,191,75,1,-1,-1,-1
43,121,992,533,78,76,1,-1,-1,-1
43,122,740,265,32,30,1,-1,-1,-1
43,123,804,139,16,12,1,-1,-1,-1
43,127,848,183,23,23,1,-1,-1,-1
43,128,911,190,28,23,1,-1,-1,-1
44,0,1510,505,149,59,1,-1,-1,-1
44,6,1742,635,157,83,1,-1,-1,-1
44,8,764,174,31,27,1,-1,-1,-1
44,20,555,277,66,70,1,-1,-1,-1
44,24,1195,342,65,41,1,-1,-1,-1
44,50,962,263,34,29,1,-1,-1,-1
44,60,662,213,33,25,1,-1,-1,-1
44,64,927,223,29,23,1,-1,-1,-1
44,65,917,210,27,25,1,-1,-1,-1
44,105,51,832,179,151,1,-1,-1,-1
44,107,36,695,166,86,1,-1,-1,-1
44,108,90,629,162,79,1,-1,-1,-1
44,109,169,548,137,71,1,-1,-1,-1
44,110,301,503,96,60,1,-1,-1,-1
44,117,1538,589,224,89,1,-1,-1,-1
44,118,1779,708,122,79,1,-1,-1,-1
44,119,1407,539,99,65,1,-1,-1,-1
44,120,1587,562,193,76,1,-1,-1,-1
44,121,989,527,77,75,1,-1,-1,-1
44,122,739,265,32,31,1,-1,-1,-1
44,123,804,139,15,13,1,-1,-1,-1
44,127,848,183,23,23,1,-1,-1,-1
44,128,910,190,28,23,1,-1,-1,-1
45,0,1511,507,149,59,1,-1,-1,-1
45,6,1745,637,155,84,1,-1,-1,-1
45,8,763,175,31,27,1,-1,-1,-1
45,20,553,277,67,71,1,-1,-1,-1
45,24,1195,343,65,41,1,-1,-1,-1
45,50,962,263,34,29,1,-1,-1,-1
45,60,661,213,33,25,1,-1,-1,-1
45,64,926,223,29,23,1,-1,-1,-1
45,65,916,210,27,25,1,-1,-1,-1
45,105,45,836,181,153,1,-1,-1,-1
45,107,30,698,168,87,1,-1,-1,-1
45,108,86,631,162,79,1,-1,-1,-1
45,109,166,550,137,71,1,-1,-1,-1
45,110,298,504,96,60,1,-1,-1,-1
45,117,1538,591,225,89,1,-1,-1,-1
45,118,1782,712,119,79,1,-1,-1,-1
45,119,1408,541,100,65,1,-1,-1,-1
45,120,1589,565,193,75,1,-1,-1,-1
45,121,985,521,76,74,1,-1,-1,-1
45,122,738,266,33,30,1,-1,-1,-1
45,123,803,140,16,12,1,-1,-1,-1
45,127,847,182,23,23,1,-1,-1,-1
45,128,910,191,28,23,1,-1,-1,-1
46,0,1513,509,149,59,1,-1,-1,-1
46,6,1745,640,155,84,1,-1,-1,-1
46,8,762,175,31,27,1,-1,-1,-1
46,20,552,277,67,71,1,-1,-1,-1
46,24,1194,344,65,41,1,-1,-1,-1
46,50,961,264,34,29,1,-1,-1,-1
46,60,660,213,33,25,1,-1,-1,-1
46,64,926,224,29,23,1,-1,-1,-1
46,65,916,210,27,25,1,-1,-1,-1
46,105,39,841,183,154,1,-1,-1,-1
46,107,24,702,170,87,1,-1,-1,-1
46,108,81,633,163,80,1,-1,-1,-1
46,109,163,552,137,71,1,-1,-1,-1
46,110,296,505,96,60,1,-1,-1,-1
46,117,1539,593,226,89,1,-1,-1,-1
46,118,1785,716,116,79,1,-1,-1,-1
46,119,1408,542,101,66,1,-1,-1,-1
46,120,1590,567,195,76,1,-1,-1,-1
46,121,982,515,75,73,1,-1,-1,-1
46,122,738,266,32,31,1,-1,-1,-1
46,123,803,140,16,13,1,-1,-1,-1
46,127,846,182,23,22,1,-1,-1,-1
46,128,909,191,28,23,1,-1,-1,-1
47,0,1513,509,151,60,1,-1,-1,-1
47,6,1746,644,155,84,1,-1,-1,-1
47,8,761,175,31,27,1,-1,-1,-1
47,20,550,277,68,72,1,-1,-1,-1
47,24,1194,345,65,41,1,-1,-1,-1
47,50,960,264,34,29,1,-1,-1,-1
47,60,659,213,33,25,1,-1,-1,-1
47,64,925,224,29,23,1,-1,-1,-1
47,65,915,211,27,25,1,-1,-1,-1
47,105,33,846,185,155,1,-1,-1,-1
47,107,18,706,172,87,1,-1,-1,-1
47,108,76,635,164,80,1,-1,-1,-1
47,109,159,555,137,71,1,-1,-1,-1
47,110,293,507,96,60,1,-1,-1,-1
47,117,1540,595,227,90,1,-1,-1,-1
47,118,1788,720,113,79,1,-1,-1,-1
47,119,1409,544,101,66,1,-1,-1,-1
47,120,1591,569,196,76,1,-1,-1,-1
47,121,978,509,74,72,1,-1,-1,-1
47,122,737,267,32,30,1,-1,-1,-1
47,123,802,141,16,13,1,-1,-1,-1
47,127,845,182,23,22,1,-1,-1,-1
47,128,909,192,28,23,1,-1,-1,-1
48,0,1514,510,152,60,1,-1,-1,-1
48,6,1746,648,155,84,1,-1,-1,-1
48,8,761,176,31,27,1,-1,-1,-1
48,20,549,278,68,72,1,-1,-1,-1
48,24,1194,347,65,41,1,-1,-1,-1
48,50,960,265,34,29,1,-1,-1,-1
48,60,658,213,33,25,1,-1,-1,-1
48,64,925,224,29,23,1,-1,-1,-1
48,65,914,211,27,25,1,-1,-1,-1
48,105,30,850,182,155,1,-1,-1,-1
48,107,16,708,169,88,1,-1,-1,-1
48,108,71,637,165,81,1,-1,-1,-1
48,109,156,557,137,71,1,-1,-1,-1
48,110,291,508,96,60,1,-1,-1,-1
48,117,1541,597,228,90,1,-1,-1,-1
48,118,1791,724,110,79,1,-1,-1,-1
48,119,1409,545,102,67,1,-1,-1,-1
48,120,1593,572,196,75,1,-1,-1,-1
48,121,975,503,73,71,1,-1,-1,-1
48,122,736,267,33,31,1,-1,-1,-1
48,123,802,141,16,13,1,-1,-1,-1
48,127,845,182,22,21,1,-1,-1,-1
48,128,908,192,28,23,1,-1,-1,-1
49,0,1514,511,154,60,1,-1,-1,-1
49,6,1747,652,155,84,1,-1,-1,-1
49,8,760,176,31,27,1,-1,-1,-1
49,20,547,278,69,73,1,-1,-1,-1
49,24,1193,347,66,41,1,-1,-1,-1
49,50,959,265,34,29,1,-1,-1,-1
49,60,657,214,33,25,1,-1,-1,-1
49,64,924,225,29,23,1,-1,-1,-1
49,65,914,211,27,25,1,-1,-1,-1
49,105,28,855,179,155,1,-1,-1,-1
49,107,14,711,166,89,1,-1,-1,-1
49,108,67,639,165,81,1,-1,-1,-1
49,109,153,560,137,71,1,-1,-1,-1
49,110,288,509,96,60,1,-1,-1,-1
49,117,1542,599,229,91,1,-1,-1,-1
49,119,1410,547,102,67,1,-1,-1,-1
49,120,1594,574,198,76,1,-1,-1,-1
49,121,971,497,72,70,1,-1,-1,-1
49,122,735,268,33,30,1,-1,-1,-1
49,123,801,141,17,14,1,-1,-1,-1
49,127,844,182,23,20,1,-1,-1,-1
49,128,908,193,28,23,1,-1,-1,-1
49,132,1106,977,143,93,1,-1,-1,-1
50,0,1515,511,156,61,1,-1,-1,-1
50,6,1749,654,153,85,1,-1,-1,-1
50,8,760,176,31,27,1,-1,-1,-1
50,20,546,278,69,74,1,-1,-1,-1
50,24,1193,348,66,41,1,-1,-1,-1
50,50,958,266,34,29,1,-1,-1,-1
50,60,656,214,33,25,1,-1,-1,-1
50,64,924,225,29,23,1,-1,-1,-1
50,65,913,211,27,25,1,-1,-1,-1
50,105,25,859,176,156,1,-1,-1,-1
50,107,13,714,162,89,1,-1,-1,-1
50,108,62,641,166,82,1,-1,-1,-1
50,109,150,561,137,71,1,-1,-1,-1
50,110,286,511,96,60,1,-1,-1,-1
50,117,1542,601,230,91,1,-1,-1,-1
50,119,1410,548,103,68,1,-1,-1,-1
50,120,1595,576,199,76,1,-1,-1,-1
50,121,968,491,71,69,1,-1,-1,-1
50,122,735,269,33,30,1,-1,-1,-1
50,123,801,142,16,13,1,-1,-1,-1
50,127,843,182,23,20,1,-1,-1,-1
50,128,907,193,29,23,1,-1,-1,-1
50,132,1093,945,145,117,1,-1,-1,-1
51,0,1515,512,158,62,1,-1,-1,-1
51,6,1752,656,150,86,1,-1,-1,-1
51,8,759,176,31,27,1,-1,-1,-1
51,20,544,278,70,75,1,-1,-1,-1
51,24,1192,349,67,41,1,-1,-1,-1
51,50,958,266,34,29,1,-1,-1,-1
51,60,655,214,33,25,1,-1,-1,-1
51,64,923,225,29,23,1,-1,-1,-1
51,65,913,212,27,25,1,-1,-1,-1
51,105,23,864,173,156,1,-1,-1,-1
51,107,11,717,160,90,1,-1,-1,-1
51,108,57,643,167,82,1,-1,-1,-1
51,109,147,562,137,71,1,-1,-1,-1
51,110,283,512,96,60,1,-1,-1,-1
51,117,1543,603,231,92,1,-1,-1,-1
51,119,1411,550,103,68,1,-1,-1,-1
51,120,1597,579,199,75,1,-1,-1,-1
51,121,964,485,70,68,1,-1,-1,-1
51,122,733,269,34,30,1,-1,-1,-1
51,123,800,142,17,14,1,-1,-1,-1
51,127,843,181,22,20,1,-1,-1,-1
51,128,907,194,28,23,1,-1,-1,-1
51,132,1081,913,146,142,1,-1,-1,-1
52,0,1516,513,159,62,1,-1,-1,-1
52,6,1755,658,147,87,1,-1,-1,-1
52,8,759,176,31,27,1,-1,-1,-1
52,20,543,279,71,74,1,-1,-1,-1
52,24,1192,350,67,41,1,-1,-1,-1
52,50,957,267,34,29,1,-1,-1,-1
52,60,654,215,33,25,1,-1,-1,-1
52,64,923,226,29,23,1,-1,-1,-1
52,65,912,212,27,25,1,-1,-1,-1
52,105,21,868,169,157,1,-1,-1,-1
52,107,9,720,157,90,1,-1,-1,-1
52,108,52,645,168,83,1,-1,-1,-1
52,109,144,564,137,71,1,-1,-1,-1
52,110,281,513,96,60,1,-1,-1,-1
52,117,1544,605,232,92,1,-1,-1,-1
52,119,1411,551,104,69,1,-1,-1,-1
52,120,1598,581,201,76,1,-1,-1,-1
52,121,961,479,69,67,1,-1,-1,-1
52,122,732,269,34,31,1,-1,-1,-1
52,123,800,143,17,13,1,-1,-1,-1
52,127,842,181,22,20,1,-1,-1,-1
52,128,906,194,29,23,1,-1,-1,-1
52,132,1069,882,147,166,1,-1,-1,-1
53,0,1516,513,162,63,1,-1,-1,-1
53,6,1758,660,144,89,1,-1,-1,-1
53,8,758,177,31,27,1,-1,-1,-1
53,20,541,279,72,75,1,-1,-1,-1
53,24,1191,351,68,41,1,-1,-1,-1
53,50,957,268,34,29,1,-1,-1,-1
53,60,654,215,33,25,1,-1,-1,-1
53,64,922,226,29,23,1,-1,-1,-1
53,65,912,212,27,25,1,-1,-1,-1
53,105,18,873,167,157,1,-1,-1,-1
53,107,8,722,153,92,1,-1,-1,-1
53,108,48,648,168,83,1,-1,-1,-1
53,109,142,565,137,71,1,-1,-1,-1
53,110,278,515,96,60,1,-1,-1,-1
53,117,1545,607,233,93,1,-1,-1,-1
53,119,1412,553,104,69,1,-1,-1,-1
53,120,1599,583,202,76,1,-1,-1,-1
53,121,957,473,68,66,1,-1,-1,-1
53,122,731,270,34,30,1,-1,-1,-1
53,123,799,143,17,14,1,-1,-1,-1
53,127,841,181,23,19,1,-1,-1,-1
53,128,906,195,28,23,1,-1,-1,-1
53,132,1059,857,141,156,1,-1,-1,-1
54,0,1517,514,163,63,1,-1,-1,-1
54,6,1760,662,142,90,1,-1,-1,-1
54,8,758,177,31,27,1,-1,-1,-1
54,20,540,279,72,76,1,-1,-1,-1
54,24,1191,352,68,41,1,-1,-1,-1
54,50,956,268,34,29,1,-1,-1,-1
54,60,653,216,33,25,1,-1,-1,-1
54,64,921,226,29,23,1,-1,-1,-1
54,65,911,212,27,25,1,-1,-1,-1
54,105,16,877,164,158,1,-1,-1,-1
54,107,6,725,150,92,1,-1,-1,-1
54,108,44,650,168,83,1,-1,-1,-1
54,109,139,567,137,71,1,-1,-1,-1
54,110,276,516,96,60,1,-1,-1,-1
54,117,1546,609,234,93,1,-1,-1,-1
54,119,1413,555,105,69,1,-1,-1,-1
54,120,1601,586,203,76,1,-1,-1,-1
54,121,954,467,67,65,1,-1,-1,-1
54,122,730,270,34,31,1,-1,-1,-1
54,123,799,144,17,14,1,-1,-1,-1
54,127,841,181,22,18,1,-1,-1,-1
54,128,905,195,29,23,1,-1,-1,-1
54,132,1049,832,135,146,1,-1,-1,-1
55,0,1517,515,165,63,1,-1,-1,-1
55,6,1763,664,139,91,1,-1,-1,-1
55,8,757,177,31,27,1,-1,-1,-1
55,20,538,279,73,77,1,-1,-1,-1
55,24,1190,353,69,41,1,-1,-1,-1
55,50,956,269,34,29,1,-1,-1,-1
55,60,652,216,33,25,1,-1,-1,-1
55,64,921,227,29,23,1,-1,-1,-1
55,65,911,213,27,25,1,-1,-1,-1
55,105,14,882,160,158,1,-1,-1,-1
55,107,4,728,148,93,1,-1,-1,-1
55,108,40,653,168,83,1,-1,-1,-1
55,109,136,568,137,71,1,-1,-1,-1
55,110,274,518,96,60,1,-1,-1,-1
55,117,1547,612,235,93,1,-1,-1,-1
55,119,1413,556,106,70,1,-1,-1,-1
55,120,1602,587,203,76,1,-1,-1,-1
55,121,950,461,66,64,1,-1,-1,-1
55,122,729,270,34,31,1,-1,-1,-1
55,123,799,144,17,14,1,-1,-1,-1
55,127,840,181,22,18,1,-1,-1,-1
55,128,905,196,28,23,1,-1,-1,-1
55,132,1039,807,129,136,1,-1,-1,-1
56,0,1518,516,167,64,1,-1,-1,-1
56,6,1766,666,136,92,1,-1,-1,-1
56,8,757,177,31,27,1,-1,-1,-1
56,20,537,280,73,77,1,-1,-1,-1
56,24,1190,354,69,41,1,-1,-1,-1
56,50,955,270,34,29,1,-1,-1,-1
56,60,652,217,33,25,1,-1,-1,-1
56,64,920,227,29,23,1,-1,-1,-1
56,65,910,213,27,25,1,-1,-1,-1
56,105,11,886,158,159,1,-1,-1,-1
56,107,3,731,144,93,1,-1,-1,-1
56,108,36,655,168,83,1,-1,-1,-1
56,109,134,570,137,71,1,-1,-1,-1
56,110,270,520,96,60,1,-1,-1,-1
56,117,1548,613,236,94,1,-1,-1,-1
56,119,1414,558,106,70,1,-1,-1,-1
56,120,1603,589,204,76,1,-1,-1,-1
56,121,947,455,65,63,1,-1,-1,-1
56,122,728,271,34,31,1,-1,-1,-1
56,123,798,144,17,15,1,-1,-1,-1
56,127,839,181,22,17,1,-1,-1,-1
56,128,904,196,29,23,1,-1,-1,-1
56,132,1031,787,125,131,1,-1,-1,-1
57,0,1519,517,167,64,1,-1,-1,-1
57,6,1769,668,133,94,1,-1,-1,-1
57,8,756,177,31,27,1,-1,-1,-1
57,20,535,280,74,78,1,-1,-1,-1
57,24,1189,355,70,41,1,-1,-1,-1
57,50,955,270,34,29,1,-1,-1,-1
57,60,651,217,33,25,1,-1,-1,-1
57,64,920,227,29,23,1,-1,-1,-1
57,65,910,213,27,25,1,-1,-1,-1
57,105,9,891,154,159,1,-1,-1,-1
57,107,1,734,141,94,1,-1,-1,-1
57,108,33,658,167,83,1,-1,-1,-1
57,109,131,571,137,71,1,-1,-1,-1
57,110,266,522,96,60,1,-1,-1,-1
57,117,1549,614,237,95,1,-1,-1,-1
57,119,1414,559,107,71,1,-1,-1,-1
57,120,1604,590,205,77,1,-1,-1,-1
57,121,944,450,64,63,1,-1,-1,-1
57,122,727,271,35,32,1,-1,-1,-1
57,123,798,145,17,14,1,-1,-1,-1
57,127,839,181,22,17,1,-1,-1,-1
57,128,904,197,29,23,1,-1,-1,-1
57,132,1024,767,120,126,1,-1,-1,-1
58,0,1520,519,167,64,1,-1,-1,-1
58,6,1770,671,132,94,1,-1,-1,-1
58,8,756,178,31,27,1,-1,-1,-1
58,20,534,280,74,78,1,-1,-1,-1
58,24,1189,356,70,41,1,-1,-1,-1
58,50,954,271,34,29,1,-1,-1,-1
58,60,650,218,33,25,1,-1,-1,-1
58,64,919,228,29,23,1,-1,-1,-1
58,65,909,214,27,25,1,-1,-1,-1
58,105,7,895,151,160,1,-1,-1,-1
58,107,0,737,138,95,1,-1,-1,-1
58,108,29,661,167,83,1,-1,-1,-1
58,109,128,572,137,71,1,-1,-1,-1
58,110,262,524,96,60,1,-1,-1,-1
58,117,1550,615,238,96,1,-1,-1,-1
58,119,1415,561,107,71,1,-1,-1,-1
58,120,1605,592,205,76,1,-1,-1,-1
58,121,942,446,63,62,1,-1,-1,-1
58,122,725,271,36,32,1,-1,-1,-1
58,123,797,145,18,15,1,-1,-1,-1
58,127,838,180,22,17,1,-1,-1,-1
58,128,903,197,29,23,1,-1,-1,-1
58,132,1017,747,115,121,1,-1,-1,-1
59,0,1521,521,167,64,1,-1,-1,-1
59,6,1772,674,130,94,1,-1,-1,-1
59,8,755,178,31,27,1,-1,-1,-1
59,20,532,280,75,79,1,-1,-1,-1
59,24,1189,357,70,41,1,-1,-1,-1
59,50,954,272,34,29,1,-1,-1,-1
59,60,649,218,33,25,1,-1,-1,-1
59,64,919,228,29,23,1,-1,-1,-1
59,65,909,214,27,25,1,-1,-1,-1
59,105,4,900,148,160,1,-1,-1,-1
59,107,0,740,134,95,1,-1,-1,-1
59,108,25,663,167,83,1,-1,-1,-1
59,109,125,574,137,71,1,-1,-1,-1
59,110,258,526,96,60,1,-1,-1,-1
59,117,1551,616,239,97,1,-1,-1,-1
59,119,1415,562,108,72,1,-1,-1,-1
59,120,1606,593,206,77,1,-1,-1,-1
59,121,940,442,62,61,1,-1,-1,-1
59,122,724,272,36,32,1,-1,-1,-1
59,123,797,146,17,14,1,-1,-1,-1
59,127,837,180,22,17,1,-1,-1,-1
59,128,902,197,29,23,1,-1,-1,-1
59,132,1010,728,110,115,1,-1,-1,-1
60,0,1522,523,167,64,1,-1,-1,-1
60,6,1774,677,128,94,1,-1,-1,-1
60,8,755,178,31,27,1,-1,-1,-1
60,20,531,281,75,79,1,-1,-1,-1
60,24,1188,357,70,41,1,-1,-1,-1
60,50,953,272,34,29,1,-1,-1,-1
60,60,649,219,33,25,1,-1,-1,-1
60,64,918,228,29,23,1,-1,-1,-1
60,65,908,214,27,25,1,-1,-1,-1
60,105,2,904,145,161,1,-1,-1,-1
60,107,0,743,130,95,1,-1,-1,-1
60,108,22,666,166,83,1,-1,-1,-1
60,109,123,575,137,71,1,-1,-1,-1
60,110,254,528,96,60,1,-1,-1,-1
60,117,1552,618,241,98,1,-1,-1,-1
60,119,1416,564,108,72,1,-1,-1,-1
60,120,1608,595,206,77,1,-1,-1,-1
60,121,937,438,62,60,1,-1,-1,-1
60,122,723,272,36,32,1,-1,-1,-1
60,123,796,146,18,15,1,-1,-1,-1
60,127,837,180,21,17,1,-1,-1,-1
60,128,902,197,29,23,1,-1,-1,-1
60,132,1003,708,105,110,1,-1,-1,-1
61,0,1523,525,167,64,1,-1,-1,-1
61,6,1776,680,126,94,1,-1,-1,-1
61,8,754,178,31,27,1,-1,-1,-1
61,20,529,281,76,80,1,-1,-1,-1
61,24,1188,357,70,42,1,-1,-1,-1
61,50,953,272,34,29,1,-1,-1,-1
61,60,648,219,33,25,1,-1,-1,-1
61,64,918,229,29,23,1,-1,-1,-1
61,65,908,215,27,25,1,-1,-1,-1
61,107,0,747,126,95,1,-1,-1,-1
61,108,18,668,166,83,1,-1,-1,-1
61,109,120,577,137,71,1,-1,-1,-1
61,110,250,530,96,60,1,-1,-1,-1
61,117,1553,619,242,99,1,-1,-1,-1
61,119,1416,565,109,73,1,-1,-1,-1
61,120,1609,596,207,77,1,-1,-1,-1
61,121,935,434,61,59,1,-1,-1,-1
61,122,722,272,36,33,1,-1,-1,-1
61,123,796,147,18,15,1,-1,-1,-1
61,127,836,180,22,17,1,-1,-1,-1
61,128,901,197,29,23,1,-1,-1,-1
61,132,996,688,100,105,1,-1,-1,-1
62,0,1524,526,167,64,1,-1,-1,-1
62,8,754,178,31,27,1,-1,-1,-1
62,20,528,281,76,81,1,-1,-1,-1
62,24,1188,357,70,43,1,-1,-1,-1
62,50,953,272,34,29,1,-1,-1,-1
62,60,647,220,33,25,1,-1,-1,-1
62,64,917,229,29,23,1,-1,-1,-1
62,65,907,215,27,25,1,-1,-1,-1
62,107,0,750,122,95,1,-1,-1,-1
62,108,14,671,166,83,1,-1,-1,-1
62,109,117,578,137,71,1,-1,-1,-1
62,110,246,532,96,60,1,-1,-1,-1
62,117,1554,620,243,100,1,-1,-1,-1
62,119,1417,567,109,73,1,-1,-1,-1
62,120,1610,598,207,77,1,-1,-1,-1
62,121,933,429,60,59,1,-1,-1,-1
62,122,721,273,36,32,1,-1,-1,-1
62,123,795,147,18,15,1,-1,-1,-1
62,127,835,179,22,18,1,-1,-1,-1
62,128,901,197,29,23,1,-1,-1,-1
62,132,989,669,96,99,1,-1,-1,-1
63,0,1525,528,167,64,1,-1,-1,-1
63,8,753,179,31,27,1,-1,-1,-1
63,20,527,282,77,81,1,-1,-1,-1
63,24,1188,357,70,43,1,-1,-1,-1
63,50,952,273,34,29,1,-1,-1,-1
63,60,647,220,33,25,1,-1,-1,-1
63,64,916,230,30,23,1,-1,-1,-1
63,65,907,215,27,25,1,-1,-1,-1
63,107,0,754,118,95,1,-1,-1,-1
63,108,11,674,165,83,1,-1,-1,-1
63,109,115,580,137,71,1,-1,-1,-1
63,110,242,534,96,60,1,-1,-1,-1
63,117,1555,621,244,101,1,-1,-1,-1
63,119,1417,568,110,74,1,-1,-1,-1
63,120,1611,599,208,78,1,-1,-1,-1
63,121,930,425,60,58,1,-1,-1,-1
63,122,720,273,36,33,1,-1,-1,-1
63,123,795,147,18,16,1,-1,-1,-1
63,127,835,179,21,18,1,-1,-1,-1
63,128,900,197,29,23,1,-1,-1,-1
63,132,984,654,94,96,1,-1,-1,-1
64,0,1526,529,167,64,1,-1,-1,-1
64,8,753,179,31,27,1,-1,-1,-1
64,20,526,282,76,81,1,-1,-1,-1
64,24,1188,357,70,44,1,-1,-1,-1
64,50,952,273,34,29,1,-1,-1,-1
64,60,646,221,33,25,1,-1,-1,-1
64,64,916,230,30,23,1,-1,-1,-1
64,65,907,216,27,25,1,-1,-1,-1
64,107,0,757,114,95,1,-1,-1,-1
64,108,7,676,165,83,1,-1,-1,-1
64,109,112,582,137,71,1,-1,-1,-1
64,110,238,536,96,60,1,-1,-1,-1
64,117,1556,623,246,102,1,-1,-1,-1
64,119,1418,570,110,74,1,-1,-1,-1
64,120,1612,601,209,77,1,-1,-1,-1
64,121,928,421,58,57,1,-1,-1,-1
64,122,719,274,37,33,1,-1,-1,-1
64,123,794,148,19,15,1,-1,-1,-1
64,127,834,179,22,18,1,-1,-1,-1
64,128,899,197,29,23,1,-1,-1,-1
64,132,979,640,92,93,1,-1,-1,-1
65,0,1527,531,167,64,1,-1,-1,-1
65,8,752,179,31,27,1,-1,-1,-1
65,20,525,282,76,81,1,-1,-1,-1
65,24,1188,357,70,45,1,-1,-1,-1
65,50,952,273,34,29,1,-1,-1,-1
65,60,645,221,33,25,1,-1,-1,-1
65,64,915,231,30,23,1,-1,-1,-1
65,65,906,216,27,25,1,-1,-1,-1
65,107,0,760,110,95,1,-1,-1,-1
65,108,3,679,165,83,1,-1,-1,-1
65,109,110,584,137,71,1,-1,-1,-1
65,110,234,538,96,60,1,-1,-1,-1
65,117,1557,624,247,103,1,-1,-1,-1
65,119,1418,571,111,75,1,-1,-1,-1
65,120,1613,602,209,78,1,-1,-1,-1
65,121,926,417,57,56,1,-1,-1,-1
65,122,718,274,37,33,1,-1,-1,-1
65,123,794,148,18,16,1,-1,-1,-1
65,127,833,179,22,18,1,-1,-1,-1
65,128,899,197,29,23,1,-1,-1,-1
65,132,975,626,89,89,1,-1,-1,-1
66,0,1528,532,167,64,1,-1,-1,-1
66,8,752,179,31,27,1,-1,-1,-1
66,20,524,282,75,82,1,-1,-1,-1
66,24,1188,357,70,45,1,-1,-1,-1
66,50,952,273,34,29,1,-1,-1,-1
66,60,645,222,33,25,1,-1,-1,-1
66,64,915,231,30,23,1,-1,-1,-1
66,65,905,216,27,25,1,-1,-1,-1
66,107,0,764,106,95,1,-1,-1,-1
66,108,0,682,165,83,1,-1,-1,-1
66,109,108,587,137,71,1,-1,-1,-1
66,110,230,540,96,60,1,-1,-1,-1
66,117,1558,625,248,104,1,-1,-1,-1
66,119,1419,573,112,75,1,-1,-1,-1
66,120,1615,604,209,78,1,-1,-1,-1
66,121,923,413,57,55,1,-1,-1,-1
66,122,717,274,37,33,1,-1,-1,-1
66,123,793,149,19,15,1,-1,-1,-1
66,127,833,179,21,18,1,-1,-1,-1
66,128,898,197,29,23,1,-1,-1,-1
66,132,970,612,87,86,1,-1,-1,-1
67,0,1529,534,167,64,1,-1,-1,-1
67,8,751,179,31,27,1,-1,-1,-1
67,20,523,282,75,82,1,-1,-1,-1
67,24,1188,357,70,46,1,-1,-1,-1
67,50,951,274,34,29,1,-1,-1,-1
67,60,644,222,33,25,1,-1,-1,-1
67,64,914,232,31,23,1,-1,-1,-1
67,65,905,216,27,25,1,-1,-1,-1
67,107,0,767,102,95,1,-1,-1,-1
67,108,0,684,162,83,1,-1,-1,-1
67,109,106,589,137,71,1,-1,-1,-1
67,110,226,543,96,60,1,-1,-1,-1
67,117,1559,626,249,105,1,-1,-1,-1
67,119,1419,574,112,75,1,-1,-1,-1
67,120,1616,605,210,78,1,-1,-1,-1
67,121,921,408,56,55,1,-1,-1,-1
67,122,717,275,37,33,1,-1,-1,-1
67,123,793,149,19,16,1,-1,-1,-1
67,127,832,178,21,19,1,-1,-1,-1
67,128,898,197,29,23,1,-1,-1,-1
67,132,966,598,85,83,1,-1,-1,-1
68,0,1530,535,167,64,1,-1,-1,-1
68,8,751,180,31,27,1,-1,-1,-1
68,20,522,282,75,83,1,-1,-1,-1
68,24,1188,357,70,47,1,-1,-1,-1
68,50,951,274,34,29,1,-1,-1,-1
68,60,644,222,33,25,1,-1,-1,-1
68,64,913,232,31,23,1,-1,-1,-1
68,65,904,217,27,25,1,-1,-1,-1
68,108,0,686,159,83,1,-1,-1,-1
68,109,104,592,137,71,1,-1,-1,-1
68,110,223,543,97,61,1,-1,-1,-1
68,117,1561,628,250,106,1,-1,-1,-1
68,119,1420,576,112,75,1,-1,-1,-1
68,120,1617,607,211,78,1,-1,-1,-1
68,121,919,404,55,54,1,-1,-1,-1
68,122,716,275,37,33,1,-1,-1,-1
68,123,793,150,19,16,1,-1,-1,-1
68,127,831,178,22,19,1,-1,-1,-1
68,128,897,197,29,23,1,-1,-1,-1
68,132,962,586,82,81,1,-1,-1,-1
69,0,1532,537,167,64,1,-1,-1,-1
69,8,750,180,31,27,1,-1,-1,-1
69,20,521,282,74,83,1,-1,-1,-1
69,24,1188,357,70,47,1,-1,-1,-1
69,50,951,274,34,29,1,-1,-1,-1
69,60,643,222,33,25,1,-1,-1,-1
69,64,913,233,31,23,1,-1,-1,-1
69,65,904,217,27,25,1,-1,-1,-1
69,108,0,688,156,83,1,-1,-1,-1
69,109,102,594,137,71,1,-1,-1,-1
69,110,221,544,98,61,1,-1,-1,-1
69,117,1562,629,250,106,1,-1,-1,-1
69,119,1420,577,112,75,1,-1,-1,-1
69,120,1618,608,211,79,1,-1,-1,-1
69,121,916,400,55,53,1,-1,-1,-1
69,122,716,276,37,33,1,-1,-1,-1
69,123,792,150,19,16,1,-1,-1,-1
69,127,831,178,21,19,1,-1,-1,-1
69,128,897,197,29,23,1,-1,-1,-1
69,132,958,575,80,78,1,-1,-1,-1
70,0,1532,537,167,64,1,-1,-1,-1
70,8,749,180,31,27,1,-1,-1,-1
70,20,520,282,74,84,1,-1,-1,-1
70,24,1188,357,70,48,1,-1,-1,-1
70,50,951,275,34,29,1,-1,-1,-1
70,60,643,223,33,25,1,-1,-1,-1
70,64,912,233,32,23,1,-1,-1,-1
70,65,903,217,27,25,1,-1,-1,-1
70,108,0,690,153,83,1,-1,-1,-1
70,109,100,597,137,71,1,-1,-1,-1
70,110,219,545,99,62,1,-1,-1,-1
70,117,1563,630,250,107,1,-1,-1,-1
70,119,1421,579,112,75,1,-1,-1,-1
70,120,1619,610,212,78,1,-1,-1,-1
70,121,914,396,54,52,1,-1,-1,-1
70,122,715,276,37,33,1,-1,-1,-1
70,123,792,150,19,17,1,-1,-1,-1
70,127,830,178,21,19,1,-1,-1,-1
70,128,896,198,29,23,1,-1,-1,-1
70,132,954,563,77,76,1,-1,-1,-1
71,0,1533,537,167,64,1,-1,-1,-1
71,8,749,181,31,27,1,-1,-1,-1
71,20,520,282,73,84,1,-1,-1,-1
71,24,1188,358,70,48,1,-1,-1,-1
71,50,950,275,34,29,1,-1,-1,-1
71,60,642,223,33,25,1,-1,-1,-1
71,64,912,234,31,23,1,-1,-1,-1
71,65,903,217,27,25,1,-1,-1,-1
71,108,0,692,151,83,1,-1,-1,-1
71,109,97,599,137,71,1,-1,-1,-1
71,110,217,545,99,63,1,-1,-1,-1
71,117,1564,632,250,106,1,-1,-1,-1
71,119,1421,581,112,75,1,-1,-1,-1
71,120,1620,611,213,79,1,-1,-1,-1
71,121,912,392,53,51,1,-1,-1,-1
71,122,714,276,37,33,1,-1,-1,-1
71,123,792,151,19,16,1,-1,-1,-1
71,127,830,178,21,19,1,-1,-1,-1
71,128,896,198,29,23,1,-1,-1,-1
71,132,950,552,75,73,1,-1,-1,-1
72,0,1534,538,167,64,1,-1,-1,-1
72,8,748,181,31,27,1,-1,-1,-1
72,20,519,282,72,85,1,-1,-1,-1
72,24,1187,358,70,48,1,-1,-1,-1
72,50,950,275,34,29,1,-1,-1,-1
72,60,642,223,33,25,1,-1,-1,-1
72,64,911,234,32,23,1,-1,-1,-1
72,65,902,218,27,25,1,-1,-1,-1
72,108,0,694,148,83,1,-1,-1,-1
72,109,95,601,137,71,1,-1,-1,-1
72,110,215,546,100,64,1,-1,-1,-1
72,117,1565,633,250,107,1,-1,-1,-1
72,119,1422,582,112,75,1,-1,-1,-1
72,120,1622,613,213,79,1,-1,-1,-1
72,121,910,389,53,50,1,-1,-1,-1
72,122,714,277,37,33,1,-1,-1,-1
72,123,792,151,19,17,1,-1,-1,-1
72,127,829,177,21,19,1,-1,-1,-1
72,128,895,198,29,23,1,-1,-1,-1
72,132,947,541,72,71,1,-1,-1,-1
73,0,1535,538,167,64,1,-1,-1,-1
73,8,747,182,31,27,1,-1,-1,-1
73,20,518,282,72,85,1,-1,-1,-1
73,24,1187,359,70,48,1,-1,-1,-1
73,50,950,276,34,29,1,-1,-1,-1
73,60,641,223,33,25,1,-1,-1,-1
73,64,910,235,33,23,1,-1,-1,-1
73,65,902,218,27,25,1,-1,-1,-1
73,108,0,696,145,83,1,-1,-1,-1
73,109,93,604,137,71,1,-1,-1,-1
73,110,213,547,101,64,1,-1,-1,-1
73,117,1566,635,250,107,1,-1,-1,-1
73,119,1422,584,112,75,1,-1,-1,-1
73,120,1623,613,213,80,1,-1,-1,-1
73,121,909,386,52,50,1,-1,-1,-1
73,122,713,277,37,33,1,-1,-1,-1
73,123,792,152,19,16,1,-1,-1,-1
73,127,829,177,21,19,1,-1,-1,-1
73,128,895,199,29,23,1,-1,-1,-1
73,132,943,531,70,70,1,-1,-1,-1
74,0,1536,539,167,64,1,-1,-1,-1
74,8,747,182,31,27,1,-1,-1,-1
74,20,517,282,71,86,1,-1,-1,-1
74,24,1187,359,70,48,1,-1,-1,-1
74,50,949,276,34,29,1,-1,-1,-1
74,60,641,224,33,25,1,-1,-1,-1
74,64,910,235,32,23,1,-1,-1,-1
74,65,901,218,27,25,1,-1,-1,-1
74,108,0,698,142,83,1,-1,-1,-1
74,109,91,606,137,71,1,-1,-1,-1
74,110,210,547,102,66,1,-1,-1,-1
74,117,1567,636,250,107,1,-1,-1,-1
74,119,1423,586,112,75,1,-1,-1,-1
74,120,1624,614,214,80,1,-1,-1,-1
74,121,907,383,52,50,1,-1,-1,-1
74,122,713,278,37,33,1,-1,-1,-1
74,123,792,152,19,17,1,-1,-1,-1
74,127,828,177,21,18,1,-1,-1,-1
74,128,894,199,29,23,1,-1,-1,-1
74,132,939,522,68,68,1,-1,-1,-1
75,0,1537,539,167,64,1,-1,-1,-1
75,8,746,183,31,27,1,-1,-1,-1
75,20,516,282,71,86,1,-1,-1,-1
75,24,1186,360,70,48,1,-1,-1,-1
75,50,949,276,34,29,1,-1,-1,-1
75,60,640,224,33,25,1,-1,-1,-1
75,64,909,236,33,23,1,-1,-1,-1
75,65,901,218,27,25,1,-1,-1,-1
75,108,0,700,140,83,1,-1,-1,-1
75,109,89,609,137,71,1,-1,-1,-1
75,110,208,548,103,66,1,-1,-1,-1
75,117,1568,638,250,107,1,-1,-1,-1
75,119,1423,587,112,75,1,-1,-1,-1
75,120,1625,615,215,81,1,-1,-1,-1
75,121,906,380,51,49,1,-1,-1,-1
75,122,712,278,37,33,1,-1,-1,-1
75,123,792,153,19,16,1,-1,-1,-1
75,127,828,176,21,19,1,-1,-1,-1
75,128,894,199,29,23,1,-1,-1,-1
75,132,936,513,65,67,1,-1,-1,-1
76,0,1538,540,167,64,1,-1,-1,-1
76,8,746,183,31,27,1,-1,-1,-1
76,20,515,282,71,86,1,-1,-1,-1
76,24,1186,360,70,48,1,-1,-1,-1
76,50,949,277,34,29,1,-1,-1,-1
76,60,640,224,33,25,1,-1,-1,-1
76,64,909,237,33,23,1,-1,-1,-1
76,65,900,219,27,25,1,-1,-1,-1
76,108,0,702,137,83,1,-1,-1,-1
76,109,87,611,137,71,1,-1,-1,-1
76,110,206,549,104,67,1,-1,-1,-1
76,117,1569,639,250,108,1,-1,-1,-1
76,119,1424,589,112,75,1,-1,-1,-1
76,120,1627,616,215,81,1,-1,-1,-1
76,121,904,377,51,49,1,-1,-1,-1
76,122,711,278,37,33,1,-1,-1,-1
76,123,792,153,19,17,1,-1,-1,-1
76,127,827,176,21,18,1,-1,-1,-1
76,128,893,200,29,23,1,-1,-1,-1
76,132,932,503,65,67,1,-1,-1,-1
77,0,1538,541,167,64,1,-1,-1,-1
77,8,745,184,31,27,1,-1,-1,-1
77,20,514,282,70,87,1,-1,-1,-1
77,24,1186,361,70,48,1,-1,-1,-1
77,50,948,277,34,29,1,-1,-1,-1
77,60,639,224,33,25,1,-1,-1,-1
77,64,909,237,33,23,1,-1,-1,-1
77,65,900,219,27,25,1,-1,-1,-1
77,108,0,704,134,83,1,-1,-1,-1
77,109,85,614,137,71,1,-1,-1,-1
77,110,204,549,104,68,1,-1,-1,-1
77,117,1570,641,250,107,1,-1,-1,-1
77,119,1425,591,112,75,1,-1,-1,-1
77,120,1628,617,215,81,1,-1,-1,-1
77,121,903,374,50,49,1,-1,-1,-1
77,122,711,279,37,33,1,-1,-1,-1
77,123,792,154,19,17,1,-1,-1,-1
77,127,827,176,21,18,1,-1,-1,-1
77,128,893,200,29,23,1,-1,-1,-1
77,132,928,494,65,66,1,-1,-1,-1
78,0,1538,542,167,65,1,-1,-1,-1
78,8,744,184,31,27,1,-1,-1,-1
78,20,513,282,70,87,1,-1,-1,-1
78,24,1186,361,70,48,1,-1,-1,-1
78,50,948,277,34,29,1,-1,-1,-1
78,60,639,225,33,25,1,-1,-1,-1
78,64,909,237,33,23,1,-1,-1,-1
78,65,899,219,27,25,1,-1,-1,-1
78,108,0,706,131,83,1,-1,-1,-1
78,109,83,615,137,71,1,-1,-1,-1
78,110,202,550,105,69,1,-1,-1,-1
78,117,1571,642,250,108,1,-1,-1,-1
78,119,1425,591,112,75,1,-1,-1,-1
78,120,1629,618,216,82,1,-1,-1,-1
78,121,901,371,50,48,1,-1,-1,-1
78,122,710,279,37,33,1,-1,-1,-1
78,123,791,154,19,17,1,-1,-1,-1
78,127,827,176,21,18,1,-1,-1,-1
78,128,893,201,29,23,1,-1,-1,-1
78,132,924,485,65,66,1,-1,-1,-1
79,0,1539,543,166,66,1,-1,-1,-1
79,8,744,185,31,27,1,-1,-1,-1
79,20,513,282,69,88,1,-1,-1,-1
79,24,1185,362,70,48,1,-1,-1,-1
79,50,948,278,34,29,1,-1,-1,-1
79,60,638,225,33,25,1,-1,-1,-1
79,64,909,237,33,23,1,-1,-1,-1
79,65,899,220,27,25,1,-1,-1,-1
79,108,0,708,129,83,1,-1,-1,-1
79,109,82,616,137,71,1,-1,-1,-1
79,110,200,551,106,69,1,-1,-1,-1
79,117,1572,644,250,108,1,-1,-1,-1
79,119,1426,592,112,75,1,-1,-1,-1
79,120,1631,618,216,83,1,-1,-1,-1
79,121,900,368,49,48,1,-1,-1,-1
79,122,710,280,37,33,1,-1,-1,-1
79,123,791,155,19,17,1,-1,-1,-1
79,127,826,175,21,18,1,-1,-1,-1
79,128,892,201,29,23,1,-1,-1,-1
79,132,920,478,65,64,1,-1,-1,-1
80,0,1539,544,167,67,1,-1,-1,-1
80,8,743,185,31,27,1,-1,-1,-1
80,20,512,282,68,88,1,-1,-1,-1
80,24,1185,362,70,48,1,-1,-1,-1
80,50,947,278,34,29,1,-1,-1,-1
80,60,638,225,33,25,1,-1,-1,-1
80,64,909,237,33,23,1,-1,-1,-1
80,65,899,220,27,25,1,-1,-1,-1
80,108,0,710,126,83,1,-1,-1,-1
80,109,80,617,137,71,1,-1,-1,-1
80,110,198,552,107,70,1,-1,-1,-1
80,117,1573,644,251,109,1,-1,-1,-1
80,119,1427,593,112,75,1,-1,-1,-1
80,120,1632,619,217,84,1,-1,-1,-1
80,121,898,365,49,48,1,-1,-1,-1
80,122,709,280,37,33,1,-1,-1,-1
80,123,791,155,19,17,1,-1,-1,-1
80,127,826,175,21,18,1,-1,-1,-1
80,128,892,201,29,23,1,-1,-1,-1
80,132,916,471,65,62,1,-1,-1,-1
81,0,1540,545,166,68,1,-1,-1,-1
81,8,743,186,31,27,1,-1,-1,-1
81,20,511,282,68,89,1,-1,-1,-1
81,24,1185,363,70,48,1,-1,-1,-1
81,50,947,278,34,29,1,-1,-1,-1
81,60,637,225,33,25,1,-1,-1,-1
81,64,909,237,33,24,1,-1,-1,-1
81,65,899,220,27,25,1,-1,-1,-1
81,108,0,712,123,83,1,-1,-1,-1
81,109,79,618,137,71,1,-1,-1,-1
81,110,197,552,107,70,1,-1,-1,-1
81,117,1574,645,252,109,1,-1,-1,-1
81,119,1427,593,112,76,1,-1,-1,-1
81,120,1633,620,217,84,1,-1,-1,-1
81,121,897,362,48,47,1,-1,-1,-1
81,122,709,280,37,33,1,-1,-1,-1
81,123,791,156,19,17,1,-1,-1,-1
81,127,825,175,21,17,1,-1,-1,-1
81,128,892,201,29,23,1,-1,-1,-1
81,132,912,464,65,60,1,-1,-1,-1
82,0,1540,546,166,69,1,-1,-1,-1
82,8,743,186,31,27,1,-1,-1,-1
82,20,510,282,67,89,1,-1,-1,-1
82,24,1185,364,70,48,1,-1,-1,-1
82,50,947,279,34,29,1,-1,-1,-1
82,60,637,226,33,25,1,-1,-1,-1
82,64,909,237,34,24,1,-1,-1,-1
82,65,900,220,27,25,1,-1,-1,-1
82,108,0,714,120,83,1,-1,-1,-1
82,109,77,619,137,71,1,-1,-1,-1
82,110,196,552,107,70,1,-1,-1,-1
82,117,1576,646,252,109,1,-1,-1,-1
82,119,1428,594,112,76,1,-1,-1,-1
82,120,1635,621,217,84,1,-1,-1,-1
82,121,895,359,48,47,1,-1,-1,-1
82,122,709,280,37,33,1,-1,-1,-1
82,123,791,156,19,17,1,-1,-1,-1
82,127,825,174,21,18,1,-1,-1,-1
82,128,892,201,29,23,1,-1,-1,-1
82,132,909,457,64,59,1,-1,-1,-1
83,0,1540,547,167,70,1,-1,-1,-1
83,8,743,186,31,27,1,-1,-1,-1
83,20,509,282,67,90,1,-1,-1,-1
83,24,1185,364,70,48,1,-1,-1,-1
83,50,947,279,34,29,1,-1,-1,-1
83,60,637,226,33,25,1,-1,-1,-1
83,64,909,237,34,24,1,-1,-1,-1
83,65,900,220,27,25,1,-1,-1,-1
83,108,0,716,118,83,1,-1,-1,-1
83,109,76,620,137,71,1,-1,-1,-1
83,110,195,553,107,70,1,-1,-1,-1
83,117,1577,647,253,109,1,-1,-1,-1
83,119,1429,595,112,76,1,-1,-1,-1
83,120,1636,622,218,85,1,-1,-1,-1
83,121,894,356,47,47,1,-1,-1,-1
83,122,709,280,37,33,1,-1,-1,-1
83,123,791,157,19,17,1,-1,-1,-1
83,127,824,174,21,17,1,-1,-1,-1
83,128,892,202,29,23,1,-1,-1,-1
83,132,906,450,63,59,1,-1,-1,-1
84,0,1541,548,166,71,1,-1,-1,-1
84,8,743,186,31,27,1,-1,-1,-1
84,20,508,282,67,90,1,-1,-1,-1
84,24,1185,364,70,48,1,-1,-1,-1
84,50,947,279,34,29,1,-1,-1,-1
84,60,637,226,33,25,1,-1,-1,-1
84,64,909,237,34,24,1,-1,-1,-1
84,65,900,221,27,25,1,-1,-1,-1
84,108,0,718,115,83,1,-1,-1,-1
84,109,74,621,137,71,1,-1,-1,-1
84,110,194,553,107,70,1,-1,-1,-1
84,117,1578,648,255,109,1,-1,-1,-1
84,119,1430,596,112,76,1,-1,-1,-1
84,120,1637,623,219,85,1,-1,-1,-1
84,121,892,353,47,46,1,-1,-1,-1
84,122,709,281,37,33,1,-1,-1,-1
84,123,791,157,19,17,1,-1,-1,-1
84,127,824,174,21,17,1,-1,-1,-1
84,128,892,202,29,23,1,-1,-1,-1
84,132,903,444,62,58,1,-1,-1,-1
85,0,1541,549,166,72,1,-1,-1,-1
85,8,743,186,31,27,1,-1,-1,-1
85,20,507,282,66,91,1,-1,-1,-1
85,24,1185,364,70,48,1,-1,-1,-1
85,50,947,279,34,29,1,-1,-1,-1
85,60,637,226,33,25,1,-1,-1,-1
85,64,909,237,34,24,1,-1,-1,-1
85,65,901,221,27,25,1,-1,-1,-1
85,108,0,720,112,83,1,-1,-1,-1
85,109,73,623,137,71,1,-1,-1,-1
85,110,193,554,107,70,1,-1,-1,-1
85,117,1580,649,255,109,1,-1,-1,-1
85,119,1430,596,112,76,1,-1,-1,-1
85,120,1639,624,219,86,1,-1,-1,-1
85,121,891,350,46,46,1,-1,-1,-1
85,122,709,281,37,33,1,-1,-1,-1
85,123,791,158,19,17,1,-1,-1,-1
85,127,824,174,21,17,1,-1,-1,-1
85,128,892,202,29,23,1,-1,-1,-1
85,132,900,438,61,57,1,-1,-1,-1
86,0,1542,551,166,72,1,-1,-1,-1
86,8,743,186,31,27,1,-1,-1,-1
86,20,506,282,66,91,1,-1,-1,-1
86,24,1185,364,70,48,1,-1,-1,-1
86,50,947,279,34,29,1,-1,-1,-1
86,60,637,226,33,25,1,-1,-1,-1
86,64,910,237,33,25,1,-1,-1,-1
86,65,901,221,27,25,1,-1,-1,-1
86,108,0,722,109,83,1,-1,-1,-1
86,109,71,624,137,71,1,-1,-1,-1
86,110,192,554,107,70,1,-1,-1,-1
86,117,1581,650,256,109,1,-1,-1,-1
86,119,1431,597,112,76,1,-1,-1,-1
86,120,1640,624,219,87,1,-1,-1,-1
86,121,889,347,46,46,1,-1,-1,-1
86,122,709,281,37,33,1,-1,-1,-1
86,123,791,158,19,18,1,-1,-1,-1
86,127,824,173,21,17,1,-1,-1,-1
86,128,892,202,29,23,1,-1,-1,-1
86,132,897,432,60,56,1,-1,-1,-1
87,0,1543,551,166,72,1,-1,-1,-1
87,8,743,186,31,27,1,-1,-1,-1
87,20,506,282,65,92,1,-1,-1,-1
87,24,1186,364,70,48,1,-1,-1,-1
87,50,947,280,34,29,1,-1,-1,-1
87,60,637,226,33,25,1,-1,-1,-1
87,64,910,237,33,25,1,-1,-1,-1
87,65,901,221,27,25,1,-1,-1,-1
87,109,70,625,137,71,1,-1,-1,-1
87,110,191,554,107,70,1,-1,-1,-1
87,117,1582,651,257,109,1,-1,-1,-1
87,119,1432,598,112,76,1,-1,-1,-1
87,120,1641,625,220,87,1,-1,-1,-1
87,121,888,344,46,46,1,-1,-1,-1
87,122,709,281,37,33,1,-1,-1,-1
87,123,790,159,19,17,1,-1,-1,-1
87,127,824,173,21,17,1,-1,-1,-1
87,128,892,202,29,23,1,-1,-1,-1
87,132,894,426,59,55,1,-1,-1,-1
88,0,1545,552,166,71,1,-1,-1,-1
88,8,743,186,31,27,1,-1,-1,-1
88,20,506,282,65,92,1,-1,-1,-1
88,24,1186,364,70,48,1,-1,-1,-1
88,50,947,280,34,29,1,-1,-1,-1
88,60,637,227,33,25,1,-1,-1,-1
88,64,910,237,34,25,1,-1,-1,-1
88,65,902,222,27,25,1,-1,-1,-1
88,109,68,626,137,71,1,-1,-1,-1
88,110,190,555,107,70,1,-1,-1,-1
88,117,1584,652,258,110,1,-1,-1,-1
88,119,1432,598,112,77,1,-1,-1,-1
88,120,1642,626,221,88,1,-1,-1,-1
88,121,887,341,46,46,1,-1,-1,-1
88,122,709,282,37,33,1,-1,-1,-1
88,123,790,159,19,18,1,-1,-1,-1
88,127,824,173,21,17,1,-1,-1,-1
88,128,892,203,29,23,1,-1,-1,-1
88,132,891,420,58,54,1,-1,-1,-1
89,0,1546,552,166,72,1,-1,-1,-1
89,8,743,186,31,27,1,-1,-1,-1
89,20,507,282,65,92,1,-1,-1,-1
89,24,1186,364,70,48,1,-1,-1,-1
89,50,947,280,34,29,1,-1,-1,-1
89,60,637,227,33,25,1,-1,-1,-1
89,64,910,237,34,25,1,-1,-1,-1
89,65,902,222,27,25,1,-1,-1,-1
89,109,67,627,137,71,1,-1,-1,-1
89,110,189,555,107,70,1,-1,-1,-1
89,117,1585,653,259,110,1,-1,-1,-1
89,119,1433,599,112,77,1,-1,-1,-1
89,120,1644,627,221,88,1,-1,-1,-1
89,121,887,339,45,45,1,-1,-1,-1
89,122,708,282,37,33,1,-1,-1,-1
89,123,790,160,19,17,1,-1,-1,-1
89,127,824,173,21,17,1,-1,-1,-1
89,128,892,203,29,23,1,-1,-1,-1
89,132,888,414,57,53,1,-1,-1,-1
90,0,1548,553,166,71,1,-1,-1,-1
90,8,743,187,31,27,1,-1,-1,-1
90,20,507,282,65,92,1,-1,-1,-1
90,24,1186,364,70,48,1,-1,-1,-1
90,50,947,280,34,29,1,-1,-1,-1
90,60,637,227,33,25,1,-1,-1,-1
90,64,910,237,34,25,1,-1,-1,-1
90,65,903,222,27,25,1,-1,-1,-1
90,109,65,628,137,71,1,-1,-1,-1
90,110,188,556,107,70,1,-1,-1,-1
90,117,1586,654,260,110,1,-1,-1,-1
90,119,1434,600,112,77,1,-1,-1,-1
90,120,1645,628,221,88,1,-1,-1,-1
90,121,887,337,44,44,1,-1,-1,-1
90,122,708,282,37,33,1,-1,-1,-1
90,123,790,160,19,18,1,-1,-1,-1
90,127,824,173,21,17,1,-1,-1,-1
90,128,892,203,29,23,1,-1,-1,-1
90,132,886,408,57,53,1,-1,-1,-1
91,0,1549,553,166,72,1,-1,-1,-1
91,8,743,187,31,27,1,-1,-1,-1
91,20,508,282,65,92,1,-1,-1,-1
91,24,1187,364,70,48,1,-1,-1,-1
91,50,947,280,34,29,1,-1,-1,-1
91,60,637,227,33,25,1,-1,-1,-1
91,64,910,238,34,25,1,-1,-1,-1
91,65,903,222,27,25,1,-1,-1,-1
91,109,64,629,137,71,1,-1,-1,-1
91,110,189,556,107,70,1,-1,-1,-1
91,117,1588,655,260,110,1,-1,-1,-1
91,119,1435,601,112,77,1,-1,-1,-1
91,120,1646,629,222,89,1,-1,-1,-1
91,121,886,335,45,43,1,-1,-1,-1
91,122,708,282,37,33,1,-1,-1,-1
91,123,790,161,19,17,1,-1,-1,-1
91,127,824,173,22,17,1,-1,-1,-1
91,128,892,203,29,23,1,-1,-1,-1
91,132,885,403,56,53,1,-1,-1,-1
92,0,1551,554,166,71,1,-1,-1,-1
92,8,743,187,31,27,1,-1,-1,-1
92,20,509,283,65,92,1,-1,-1,-1
92,24,1187,364,71,48,1,-1,-1,-1
92,50,947,281,34,29,1,-1,-1,-1
92,60,637,227,33,25,1,-1,-1,-1
92,64,910,238,34,25,1,-1,-1,-1
92,65,903,223,27,25,1,-1,-1,-1
92,109,62,630,137,71,1,-1,-1,-1
92,110,191,557,107,70,1,-1,-1,-1
92,117,1589,656,261,110,1,-1,-1,-1
92,119,1437,601,112,77,1,-1,-1,-1
92,120,1648,629,222,90,1,-1,-1,-1
92,121,886,332,44,43,1,-1,-1,-1
92,122,708,282,37,33,1,-1,-1,-1
92,123,790,161,19,18,1,-1,-1,-1
92,127,824,173,22,17,1,-1,-1,-1
92,128,892,204,29,23,1,-1,-1,-1
92,132,884,398,55,52,1,-1,-1,-1
93,0,1553,555,166,71,1,-1,-1,-1
93,8,743,187,31,27,1,-1,-1,-1
93,20,509,283,65,92,1,-1,-1,-1
93,24,1187,365,72,47,1,-1,-1,-1
93,50,947,281,34,29,1,-1,-1,-1
93,60,638,228,33,25,1,-1,-1,-1
93,64,910,238,34,25,1,-1,-1,-1
93,65,904,223,27,25,1,-1,-1,-1
93,109,61,632,137,71,1,-1,-1,-1
93,110,192,557,107,70,1,-1,-1,-1
93,117,1590,657,263,110,1,-1,-1,-1
93,119,1439,601,113,78,1,-1,-1,-1
93,120,1649,630,223,91,1,-1,-1,-1
93,121,886,330,43,43,1,-1,-1,-1
93,122,708,283,37,33,1,-1,-1,-1
93,123,790,162,19,17,1,-1,-1,-1
93,127,825,173,21,17,1,-1,-1,-1
93,128,892,204,29,23,1,-1,-1,-1
93,132,882,393,55,52,1,-1,-1,-1
94,0,1554,554,167,72,1,-1,-1,-1
94,8,743,187,31,27,1,-1,-1,-1
94,20,510,283,65,92,1,-1,-1,-1
94,24,1188,365,72,48,1,-1,-1,-1
94,50,947,281,34,29,1,-1,-1,-1
94,60,638,228,33,25,1,-1,-1,-1
94,64,910,238,35,25,1,-1,-1,-1
94,65,904,223,27,25,1,-1,-1,-1
94,109,62,632,137,71,1,-1,-1,-1
94,110,194,558,107,70,1,-1,-1,-1
94,117,1592,658,263,110,1,-1,-1,-1
94,119,1441,601,113,78,1,-1,-1,-1
94,120,1650,631,223,91,1,-1,-1,-1
94,121,886,328,42,42,1,-1,-1,-1
94,122,708,283,37,33,1,-1,-1,-1
94,123,790,162,19,18,1,-1,-1,-1
94,127,825,173,21,17,1,-1,-1,-1
94,128,892,204,29,23,1,-1,-1,-1
94,132,881,388,54,51,1,-1,-1,-1
95,0,1556,554,168,72,1,-1,-1,-1
95,8,743,187,31,27,1,-1,-1,-1
95,20,510,283,65,92,1,-1,-1,-1
95,24,1188,366,73,47,1,-1,-1,-1
95,50,947,281,34,29,1,-1,-1,-1
95,60,638,228,33,25,1,-1,-1,-1
95,64,910,238,35,25,1,-1,-1,-1
95,65,904,223,27,25,1,-1,-1,-1
95,109,63,632,137,71,1,-1,-1,-1
95,110,196,559,107,70,1,-1,-1,-1
95,117,1593,659,264,110,1,-1,-1,-1
95,119,1443,602,114,78,1,-1,-1,-1
95,120,1652,632,223,91,1,-1,-1,-1
95,121,885,326,43,41,1,-1,-1,-1
95,122,708,283,37,33,1,-1,-1,-1
95,123,790,163,19,18,1,-1,-1,-1
95,127,825,173,21,17,1,-1,-1,-1
95,128,893,204,29,23,1,-1,-1,-1
95,132,880,383,53,51,1,-1,-1,-1
96,0,1558,554,168,72,1,-1,-1,-1
96,8,743,187,31,27,1,-1,-1,-1
96,20,511,284,65,92,1,-1,-1,-1
96,24,1189,367,73,47,1,-1,-1,-1
96,50,947,282,34,29,1,-1,-1,-1
96,60,638,228,33,25,1,-1,-1,-1
96,64,911,238,34,26,1,-1,-1,-1
96,65,905,224,27,25,1,-1,-1,-1
96,109,64,633,137,71,1,-1,-1,-1
96,110,197,559,107,70,1,-1,-1,-1
96,117,1594,660,265,110,1,-1,-1,-1
96,119,1445,602,114,79,1,-1,-1,-1
96,120,1653,633,224,92,1,-1,-1,-1
96,121,885,324,42,40,1,-1,-1,-1
96,122,708,283,37,33,1,-1,-1,-1
96,123,790,163,19,18,1,-1,-1,-1
96,127,825,173,22,17,1,-1,-1,-1
96,128,893,204,29,23,1,-1,-1,-1
96,132,879,379,52,50,1,-1,-1,-1
97,0,1559,553,170,73,1,-1,-1,-1
97,8,743,187,31,27,1,-1,-1,-1
97,20,512,284,65,92,1,-1,-1,-1
97,24,1189,367,74,47,1,-1,-1,-1
97,50,947,282,34,29,1,-1,-1,-1
97,60,638,228,33,25,1,-1,-1,-1
97,64,911,238,34,26,1,-1,-1,-1
97,65,905,224,27,25,1,-1,-1,-1
97,109,66,633,137,71,1,-1,-1,-1
97,110,199,560,107,70,1,-1,-1,-1
97,117,1596,661,266,111,1,-1,-1,-1
97,119,1447,602,115,79,1,-1,-1,-1
97,120,1654,634,225,92,1,-1,-1,-1
97,121,885,321,41,40,1,-1,-1,-1
97,122,708,284,37,33,1,-1,-1,-1
97,123,790,164,19,18,1,-1,-1,-1
97,127,825,172,22,17,1,-1,-1,-1
97,128,893,204,29,23,1,-1,-1,-1
97,132,878,375,52,49,1,-1,-1,-1
98,0,1561,553,170,74,1,-1,-1,-1
98,8,743,188,31,27,1,-1,-1,-1
98,20,512,284,65,92,1,-1,-1,-1
98,24,1190,368,74,47,1,-1,-1,-1
98,50,948,282,34,29,1,-1,-1,-1
98,60,638,228,33,25,1,-1,-1,-1
98,64,911,238,34,26,1,-1,-1,-1
98,65,905,224,27,25,1,-1,-1,-1
98,109,67,634,137,71,1,-1,-1,-1
98,110,200,560,107,70,1,-1,-1,-1
98,117,1599,661,266,111,1,-1,-1,-1
98,119,1449,602,115,80,1,-1,-1,-1
98,120,1656,635,225,93,1,-1,-1,-1
98,121,884,319,42,39,1,-1,-1,-1
98,122,708,284,37,33,1,-1,-1,-1
98,123,791,164,19,18,1,-1,-1,-1
98,127,825,172,22,17,1,-1,-1,-1
98,128,894,204,29,23,1,-1,-1,-1
98,132,877,371,51,48,1,-1,-1,-1
99,0,1563,553,171,74,1,-1,-1,-1
99,8,743,188,31,27,1,-1,-1,-1
99,20,513,284,65,92,1,-1,-1,-1
99,24,1190,369,75,46,1,-1,-1,-1
99,50,949,282,34,29,1,-1,-1,-1
99,60,638,229,33,25,1,-1,-1,-1
99,64,911,238,34,26,1,-1,-1,-1
99,65,906,224,27,25,1,-1,-1,-1
99,109,68,634,137,71,1,-1,-1,-1
99,110,202,561,107,70,1,-1,-1,-1
99,117,1602,662,266,111,1,-1,-1,-1
99,119,1451,603,116,80,1,-1,-1,-1
99,120,1659,635,223,93,1,-1,-1,-1
99,121,884,317,41,39,1,-1,-1,-1
99,122,709,284,37,33,1,-1,-1,-1
99,123,791,165,19,18,1,-1,-1,-1
99,127,825,172,22,17,1,-1,-1,-1
99,128,894,204,29,23,1,-1,-1,-1
99,132,877,367,50,48,1,-1,-1,-1
100,0,1564,552,172,75,1,-1,-1,-1
100,8,743,188,31,27,1,-1,-1,-1
100,20,514,285,65,92,1,-1,-1,-1
100,24,1191,369,75,47,1,-1,-1,-1
100,50,950,283,34,29,1,-1,-1,-1
100,60,638,229,33,25,1,-1,-1,-1
100,64,911,238,35,26,1,-1,-1,-1
100,65,906,225,27,25,1,-1,-1,-1
100,109,70,635,137,71,1,-1,-1,-1
100,110,204,562,107,70,1,-1,-1,-1
100,117,1606,663,266,111,1,-1,-1,-1
100,119,1453,603,116,80,1,-1,-1,-1
100,120,1663,636,220,93,1,-1,-1,-1
100,121,884,315,40,38,1,-1,-1,-1
100,122,710,284,37,33,1,-1,-1,-1
100,123,792,165,19,18,1,-1,-1,-1
100,127,826,172,21,17,1,-1,-1,-1
100,128,895,204,29,23,1,-1,-1,-1
100,132,876,364,49,46,1,-1,-1,-1
101,0,1566,552,173,75,1,-1,-1,-1
101,8,743,188,31,27,1,-1,-1,-1
101,20,514,285,65,92,1,-1,-1,-1
101,24,1191,370,76,46,1,-1,-1,-1
101,50,951,283,34,29,1,-1,-1,-1
101,60,638,229,33,25,1,-1,-1,-1
101,64,911,238,35,27,1,-1,-1,-1
101,65,907,225,27,25,1,-1,-1,-1
101,109,71,635,137,71,1,-1,-1,-1
101,110,205,562,107,70,1,-1,-1,-1
101,117,1609,664,266,110,1,-1,-1,-1
101,119,1455,603,117,81,1,-1,-1,-1
101,120,1666,637,218,93,1,-1,-1,-1
101,121,884,312,39,38,1,-1,-1,-1
101,122,711,285,37,33,1,-1,-1,-1
101,123,792,166,19,18,1,-1,-1,-1
101,127,826,172,21,17,1,-1,-1,-1
101,128,895,204,29,23,1,-1,-1,-1
101,132,875,360,49,45,1,-1,-1,-1
102,0,1568,552,174,76,1,-1,-1,-1
102,8,743,188,31,27,1,-1,-1,-1
102,20,515,285,65,92,1,-1,-1,-1
102,24,1192,371,77,46,1,-1,-1,-1
102,50,952,283,34,29,1,-1,-1,-1
102,60,638,229,33,25,1,-1,-1,-1
102,64,911,238,35,27,1,-1,-1,-1
102,65,907,225,27,25,1,-1,-1,-1
102,109,72,636,137,71,1,-1,-1,-1
102,110,207,563,107,70,1,-1,-1,-1
102,117,1612,664,266,111,1,-1,-1,-1
102,119,1458,604,117,81,1,-1,-1,-1
102,120,1670,638,215,93,1,-1,-1,-1
102,121,883,310,40,37,1,-1,-1,-1
102,122,712,285,37,33,1,-1,-1,-1
102,123,792,166,19,18,1,-1,-1,-1
102,127,826,172,22,17,1,-1,-1,-1
102,128,895,204,29,23,1,-1,-1,-1
102,132,875,356,47,45,1,-1,-1,-1
103,0,1570,552,175,76,1,-1,-1,-1
103,8,743,188,31,27,1,-1,-1,-1
103,20,515,285,65,92,1,-1,-1,-1
103,24,1193,371,77,46,1,-1,-1,-1
103,50,953,284,34,29,1,-1,-1,-1
103,60,638,229,33,25,1,-1,-1,-1
103,64,911,238,35,27,1,-1,-1,-1
103,65,907,225,27,25,1,-1,-1,-1
103,109,73,636,137,71,1,-1,-1,-1
103,110,208,563,107,70,1,-1,-1,-1
103,117,1616,665,266,111,1,-1,-1,-1
103,119,1460,605,118,81,1,-1,-1,-1
103,120,1674,639,212,93,1,-1,-1,-1
103,121,883,308,39,36,1,-1,-1,-1
103,122,712,285,37,33,1,-1,-1,-1
103,123,793,167,19,18,1,-1,-1,-1
103,127,826,172,22,17,1,-1,-1,-1
103,128,896,204,29,23,1,-1,-1,-1
103,132,874,352,47,44,1,-1,-1,-1
104,0,1572,553,177,75,1,-1,-1,-1
104,8,743,188,31,27,1,-1,-1,-1
104,20,516,285,65,92,1,-1,-1,-1
104,24,1195,371,77,47,1,-1,-1,-1
104,50,954,284,34,29,1,-1,-1,-1
104,60,639,230,33,25,1,-1,-1,-1
104,64,911,238,35,27,1,-1,-1,-1
104,65,908,226,27,25,1,-1,-1,-1
104,109,75,637,137,71,1,-1,-1,-1
104,110,210,564,107,70,1,-1,-1,-1
104,117,1619,666,266,110,1,-1,-1,-1
104,119,1463,606,119,81,1,-1,-1,-1
104,120,1677,640,210,93,1,-1,-1,-1
104,121,883,306,38,35,1,-1,-1,-1
104,122,713,285,37,33,1,-1,-1,-1
104,123,793,167,19,18,1,-1,-1,-1
104,127,826,172,22,17,1,-1,-1,-1
104,128,896,204,29,23,1,-1,-1,-1
104,132,873,348,46,43,1,-1,-1,-1
105,0,1574,553,179,76,1,-1,-1,-1
105,8,743,188,31,27,1,-1,-1,-1
105,20,517,286,65,92,1,-1,-1,-1
105,24,1197,372,77,46,1,-1,-1,-1
105,50,955,284,34,29,1,-1,-1,-1
105,60,639,230,33,25,1,-1,-1,-1
105,64,911,238,35,27,1,-1,-1,-1
105,65,908,226,27,25,1,-1,-1,-1
105,109,76,637,137,71,1,-1,-1,-1
105,110,212,565,107,70,1,-1,-1,-1
105,117,1622,667,266,110,1,-1,-1,-1
105,119,1466,607,119,81,1,-1,-1,-1
105,120,1681,640,207,93,1,-1,-1,-1
105,121,883,304,38,35,1,-1,-1,-1
105,122,714,286,37,33,1,-1,-1,-1
105,123,794,168,19,18,1,-1,-1,-1
105,127,826,172,22,17,1,-1,-1,-1
105,128,896,204,29,23,1,-1,-1,-1
105,132,873,345,45,42,1,-1,-1,-1
106,0,1577,554,179,75,1,-1,-1,-1
106,8,744,189,31,27,1,-1,-1,-1
106,20,517,286,65,92,1,-1,-1,-1
106,24,1199,372,77,47,1,-1,-1,-1
106,50,956,285,34,29,1,-1,-1,-1
106,60,639,230,33,25,1,-1,-1,-1
106,64,912,239,35,27,1,-1,-1,-1
106,65,908,226,27,25,1,-1,-1,-1
106,109,77,638,137,71,1,-1,-1,-1
106,110,213,565,107,70,1,-1,-1,-1
106,117,1626,667,266,111,1,-1,-1,-1
106,119,1469,608,120,82,1,-1,-1,-1
106,120,1685,641,204,93,1,-1,-1,-1
106,121,882,302,38,35,1,-1,-1,-1
106,122,715,286,37,33,1,-1,-1,-1
106,123,794,169,19,18,1,-1,-1,-1
106,127,826,172,22,17,1,-1,-1,-1
106,128,897,204,29,23,1,-1,-1,-1
106,132,872,342,45,42,1,-1,-1,-1
107,0,1579,554,181,76,1,-1,-1,-1
107,8,744,189,31,27,1,-1,-1,-1
107,20,518,286,65,92,1,-1,-1,-1
107,24,1200,373,77,46,1,-1,-1,-1
107,50,956,285,35,29,1,-1,-1,-1
107,60,639,231,33,25,1,-1,-1,-1
107,64,912,239,35,27,1,-1,-1,-1
107,65,909,226,27,25,1,-1,-1,-1
107,109,79,638,137,71,1,-1,-1,-1
107,110,215,566,107,70,1,-1,-1,-1
107,117,1629,668,266,110,1,-1,-1,-1
107,119,1472,609,120,82,1,-1,-1,-1
107,120,1688,642,202,93,1,-1,-1,-1
107,121,882,301,38,34,1,-1,-1,-1
107,122,716,286,37,33,1,-1,-1,-1
107,123,794,169,19,18,1,-1,-1,-1
107,127,827,172,22,17,1,-1,-1,-1
107,128,897,204,29,23,1,-1,-1,-1
107,132,872,339,44,42,1,-1,-1,-1
108,0,1581,555,183,75,1,-1,-1,-1
108,8,744,189,31,27,1,-1,-1,-1
108,20,518,286,65,92,1,-1,-1,-1
108,24,1202,373,77,47,1,-1,-1,-1
108,50,957,285,35,29,1,-1,-1,-1
108,60,639,231,33,25,1,-1,-1,-1
108,64,913,239,35,27,1,-1,-1,-1
108,65,909,227,27,25,1,-1,-1,-1
108,109,80,639,137,71,1,-1,-1,-1
108,110,217,567,107,70,1,-1,-1,-1
108,117,1632,669,266,110,1,-1,-1,-1
108,119,1475,610,121,82,1,-1,-1,-1
108,120,1692,643,200,93,1,-1,-1,-1
108,121,882,299,37,35,1,-1,-1,-1
108,122,716,286,37,33,1,-1,-1,-1
108,123,795,170,19,18,1,-1,-1,-1
108,127,827,171,22,17,1,-1,-1,-1
108,132,871,336,44,42,1,-1,-1,-1
109,0,1584,556,184,75,1,-1,-1,-1
109,8,744,189,31,27,1,-1,-1,-1
109,20,519,287,65,92,1,-1,-1,-1
109,24,1204,374,77,46,1,-1,-1,-1
109,50,958,285,35,29,1,-1,-1,-1
109,60,640,232,33,25,1,-1,-1,-1
109,64,913,240,35,27,1,-1,-1,-1
109,65,909,227,27,25,1,-1,-1,-1
109,109,81,639,137,71,1,-1,-1,-1
109,110,216,568,108,70,1,-1,-1,-1
109,117,1636,670,266,110,1,-1,-1,-1
109,119,1477,611,122,83,1,-1,-1,-1
109,120,1695,644,198,93,1,-1,-1,-1
109,121,882,298,37,34,1,-1,-1,-1
109,122,717,287,37,33,1,-1,-1,-1
109,123,795,170,19,18,1,-1,-1,-1
109,127,827,171,22,17,1,-1,-1,-1
109,132,871,334,43,41,1,-1,-1,-1
110,0,1587,558,183,75,1,-1,-1,-1
110,8,744,189,31,27,1,-1,-1,-1
110,20,520,287,65,92,1,-1,-1,-1
110,24,1206,374,77,47,1,-1,-1,-1
110,50,958,285,36,29,1,-1,-1,-1
110,60,640,232,33,25,1,-1,-1,-1
110,64,914,240,35,27,1,-1,-1,-1
110,65,910,227,27,25,1,-1,-1,-1
110,109,83,640,137,71,1,-1,-1,-1
110,110,215,570,109,70,1,-1,-1,-1
110,117,1640,672,262,110,1,-1,-1,-1
110,119,1480,612,123,83,1,-1,-1,-1
110,120,1699,645,195,93,1,-1,-1,-1
110,121,881,297,38,33,1,-1,-1,-1
110,122,718,287,37,33,1,-1,-1,-1
110,123,796,171,19,18,1,-1,-1,-1
110,127,827,171,22,17,1,-1,-1,-1
110,132,870,331,44,42,1,-1,-1,-1
111,0,1591,560,182,75,1,-1,-1,-1
111,8,744,189,31,27,1,-1,-1,-1
111,20,520,287,65,92,1,-1,-1,-1
111,24,1207,375,77,46,1,-1,-1,-1
111,50,959,285,36,30,1,-1,-1,-1
111,60,640,233,33,25,1,-1,-1,-1
111,64,914,240,35,27,1,-1,-1,-1
111,65,910,227,27,25,1,-1,-1,-1
111,109,82,642,137,71,1,-1,-1,-1
111,110,215,572,109,70,1,-1,-1,-1
111,117,1644,675,258,110,1,-1,-1,-1
111,119,1483,613,123,83,1,-1,-1,-1
111,120,1703,645,192,93,1,-1,-1,-1
111,121,881,295,37,34,1,-1,-1,-1
111,122,719,287,37,33,1,-1,-1,-1
111,123,796,171,19,18,1,-1,-1,-1
111,127,827,171,22,17,1,-1,-1,-1
111,132,870,328,43,42,1,-1,-1,-1
112,0,1595,562,181,75,1,-1,-1,-1
112,8,744,189,31,27,1,-1,-1,-1
112,20,521,287,65,92,1,-1,-1,-1
112,24,1209,375,77,47,1,-1,-1,-1
112,50,960,285,36,30,1,-1,-1,-1
112,60,640,233,33,25,1,-1,-1,-1
112,64,915,241,35,27,1,-1,-1,-1
112,65,911,228,27,25,1,-1,-1,-1
112,109,81,644,137,71,1,-1,-1,-1
112,110,214,574,111,70,1,-1,-1,-1
112,117,1649,678,253,110,1,-1,-1,-1
112,119,1486,614,124,84,1,-1,-1,-1
112,120,1706,646,190,93,1,-1,-1,-1
112,121,881,294,37,33,1,-1,-1,-1
112,122,720,288,37,33,1,-1,-1,-1
112,123,796,172,19,18,1,-1,-1,-1
112,127,827,171,22,17,1,-1,-1,-1
112,132,869,326,43,41,1,-1,-1,-1
113,0,1599,565,180,75,1,-1,-1,-1
113,8,744,189,31,27,1,-1,-1,-1
113,20,522,288,65,92,1,-1,-1,-1
113,24,1211,376,77,46,1,-1,-1,-1
113,50,960,285,37,30,1,-1,-1,-1
113,60,641,234,33,25,1,-1,-1,-1
113,64,915,241,35,27,1,-1,-1,-1
113,65,910,228,27,25,1,-1,-1,-1
113,109,80,647,137,71,1,-1,-1,-1
113,110,213,575,112,70,1,-1,-1,-1
113,117,1653,681,249,110,1,-1,-1,-1
113,119,1489,615,124,84,1,-1,-1,-1
113,120,1710,647,187,93,1,-1,-1,-1
113,121,881,293,37,32,1,-1,-1,-1
113,122,720,288,37,33,1,-1,-1,-1
113,123,797,172,19,18,1,-1,-1,-1
113,127,827,171,22,17,1,-1,-1,-1
113,132,869,323,42,41,1,-1,-1,-1
114,0,1603,567,179,75,1,-1,-1,-1
114,8,744,189,31,27,1,-1,-1,-1
114,20,521,288,66,93,1,-1,-1,-1
114,24,1213,376,77,47,1,-1,-1,-1
114,50,961,285,37,30,1,-1,-1,-1
114,60,641,234,33,25,1,-1,-1,-1
114,64,916,241,35,27,1,-1,-1,-1
114,65,910,228,27,25,1,-1,-1,-1
114,109,79,649,137,71,1,-1,-1,-1
114,110,213,577,112,70,1,-1,-1,-1
114,117,1657,684,245,110,1,-1,-1,-1
114,119,1492,616,125,84,1,-1,-1,-1
114,120,1714,648,184,93,1,-1,-1,-1
114,121,880,291,37,33,1,-1,-1,-1
114,122,720,289,37,33,1,-1,-1,-1
114,123,797,173,19,18,1,-1,-1,-1
114,127,827,171,22,17,1,-1,-1,-1
114,132,868,320,43,42,1,-1,-1,-1
115,0,1607,569,177,75,1,-1,-1,-1
115,8,744,190,31,27,1,-1,-1,-1
115,20,520,289,67,93,1,-1,-1,-1
115,24,1215,377,77,47,1,-1,-1,-1
115,50,962,286,38,30,1,-1,-1,-1
115,60,641,235,33,25,1,-1,-1,-1
115,64,917,242,35,27,1,-1,-1,-1
115,65,910,228,27,25,1,-1,-1,-1
115,109,79,652,137,71,1,-1,-1,-1
115,110,212,579,113,70,1,-1,-1,-1
115,117,1662,687,240,110,1,-1,-1,-1
115,119,1495,618,126,84,1,-1,-1,-1
115,120,1717,649,182,93,1,-1,-1,-1
115,121,880,290,37,32,1,-1,-1,-1
115,122,720,289,37,33,1,-1,-1,-1
115,123,798,173,19,18,1,-1,-1,-1
115,127,828,170,22,17,1,-1,-1,-1
115,132,868,318,42,41,1,-1,-1,-1
116,0,1611,572,176,75,1,-1,-1,-1
116,8,744,190,31,27,1,-1,-1,-1
116,20,520,290,67,93,1,-1,-1,-1
116,24,1216,378,77,47,1,-1,-1,-1
116,50,962,286,38,30,1,-1,-1,-1
116,60,641,235,33,25,1,-1,-1,-1
116,64,917,242,35,27,1,-1,-1,-1
116,65,909,228,27,25,1,-1,-1,-1
116,109,78,654,137,71,1,-1,-1,-1
116,110,211,581,115,70,1,-1,-1,-1
116,117,1666,690,236,110,1,-1,-1,-1
116,119,1498,620,127,85,1,-1,-1,-1
116,120,1721,650,179,93,1,-1,-1,-1
116,121,880,289,37,31,1,-1,-1,-1
116,122,720,290,37,33,1,-1,-1,-1
116,123,798,174,19,18,1,-1,-1,-1
116,127,828,170,22,17,1,-1,-1,-1
116,132,867,315,42,41,1,-1,-1,-1
117,0,1615,574,175,75,1,-1,-1,-1
117,8,744,190,31,27,1,-1,-1,-1
117,20,519,291,68,94,1,-1,-1,-1
117,24,1218,379,77,47,1,-1,-1,-1
117,50,963,287,38,30,1,-1,-1,-1
117,60,642,236,33,25,1,-1,-1,-1
117,64,918,242,35,27,1,-1,-1,-1
117,65,909,228,27,25,1,-1,-1,-1
117,109,77,657,137,71,1,-1,-1,-1
117,110,211,582,115,70,1,-1,-1,-1
117,117,1670,693,232,110,1,-1,-1,-1
117,119,1501,623,128,85,1,-1,-1,-1
117,120,1725,651,177,93,1,-1,-1,-1
117,121,880,287,36,32,1,-1,-1,-1
117,122,720,290,37,33,1,-1,-1,-1
117,123,799,175,19,18,1,-1,-1,-1
117,127,828,170,22,17,1,-1,-1,-1
117,132,867,312,41,41,1,-1,-1,-1
118,0,1619,576,174,75,1,-1,-1,-1
118,8,744,190,31,27,1,-1,-1,-1
118,20,519,292,68,94,1,-1,-1,-1
118,24,1219,380,77,47,1,-1,-1,-1
118,50,964,288,38,30,1,-1,-1,-1
118,60,642,236,33,25,1,-1,-1,-1
118,63,1132,959,161,111,1,-1,-1,-1
118,64,918,243,35,27,1,-1,-1,-1
118,65,909,229,27,25,1,-1,-1,-1
118,109,76,659,137,71,1,-1,-1,-1
118,110,210,584,116,70,1,-1,-1,-1
118,117,1675,696,227,110,1,-1,-1,-1
118,119,1505,626,129,86,1,-1,-1,-1
118,120,1728,654,173,93,1,-1,-1,-1
118,121,879,286,37,31,1,-1,-1,-1
118,122,720,291,37,33,1,-1,-1,-1
118,123,798,175,19,18,1,-1,-1,-1
118,127,828,170,22,17,1,-1,-1,-1
118,132,867,310,41,41,1,-1,-1,-1
119,0,1623,579,173,75,1,-1,-1,-1
119,8,744,190,31,27,1,-1,-1,-1
119,20,518,292,69,95,1,-1,-1,-1
119,24,1221,381,77,47,1,-1,-1,-1
119,50,965,289,38,30,1,-1,-1,-1
119,60,642,237,33,25,1,-1,-1,-1
119,63,1121,930,157,128,1,-1,-1,-1
119,64,919,243,35,27,1,-1,-1,-1
119,65,909,229,27,25,1,-1,-1,-1
119,109,75,662,137,71,1,-1,-1,-1
119,110,209,586,117,70,1,-1,-1,-1
119,117,1679,699,223,110,1,-1,-1,-1
119,119,1508,628,130,87,1,-1,-1,-1
119,120,1732,657,169,93,1,-1,-1,-1
119,121,879,285,37,30,1,-1,-1,-1
119,122,720,292,37,33,1,-1,-1,-1
119,123,797,176,20,18,1,-1,-1,-1
119,127,828,170,22,17,1,-1,-1,-1
119,132,865,308,41,40,1,-1,-1,-1
120,0,1626,581,173,75,1,-1,-1,-1
120,8,744,190,31,27,1,-1,-1,-1
120,20,518,293,69,95,1,-1,-1,-1
120,24,1222,382,77,47,1,-1,-1,-1
120,50,965,290,39,29,1,-1,-1,-1
120,60,642,237,33,25,1,-1,-1,-1
120,63,1110,901,153,145,1,-1,-1,-1
120,64,919,243,35,27,1,-1,-1,-1
120,65,908,229,27,25,1,-1,-1,-1
120,109,75,664,137,71,1,-1,-1,-1
120,110,209,588,118,70,1,-1,-1,-1
120,117,1684,702,218,110,1,-1,-1,-1
120,119,1512,631,131,87,1,-1,-1,-1
120,120,1736,660,165,93,1,-1,-1,-1
120,121,879,283,36,31,1,-1,-1,-1
120,122,720,292,37,33,1,-1,-1,-1
120,123,797,176,19,18,1,-1,-1,-1
120,127,828,170,22,17,1,-1,-1,-1
120,132,864,306,41,39,1,-1,-1,-1
121,0,1630,583,173,76,1,-1,-1,-1
121,8,744,190,31,27,1,-1,-1,-1
121,20,517,294,70,96,1,-1,-1,-1
121,24,1224,383,77,47,1,-1,-1,-1
121,50,966,291,39,29,1,-1,-1,-1
121,60,643,238,33,25,1,-1,-1,-1
121,63,1099,873,150,161,1,-1,-1,-1
121,64,920,244,35,27,1,-1,-1,-1
121,65,908,229,27,25,1,-1,-1,-1
121,109,74,667,137,71,1,-1,-1,-1
121,110,205,591,119,71,1,-1,-1,-1
121,117,1688,705,214,110,1,-1,-1,-1
121,119,1515,634,132,88,1,-1,-1,-1
121,120,1740,663,161,93,1,-1,-1,-1
121,121,879,282,36,30,1,-1,-1,-1
121,122,721,293,37,33,1,-1,-1,-1
121,123,796,177,20,18,1,-1,-1,-1
121,127,828,170,22,17,1,-1,-1,-1
121,132,863,304,41,38,1,-1,-1,-1
122,0,1633,585,173,76,1,-1,-1,-1
122,8,744,190,31,27,1,-1,-1,-1
122,20,517,295,70,96,1,-1,-1,-1
122,24,1225,384,77,47,1,-1,-1,-1
122,50,967,292,39,29,1,-1,-1,-1
122,60,643,238,33,25,1,-1,-1,-1
122,63,1090,852,145,155,1,-1,-1,-1
122,64,920,244,35,27,1,-1,-1,-1
122,65,908,229,27,25,1,-1,-1,-1
122,109,73,669,137,71,1,-1,-1,-1
122,110,201,594,120,72,1,-1,-1,-1
122,117,1692,708,210,110,1,-1,-1,-1
122,119,1518,636,133,89,1,-1,-1,-1
122,120,1744,666,157,93,1,-1,-1,-1
122,121,878,281,37,29,1,-1,-1,-1
122,122,721,293,37,33,1,-1,-1,-1
122,123,795,177,20,19,1,-1,-1,-1
122,132,862,303,40,36,1,-1,-1,-1
123,0,1637,588,173,76,1,-1,-1,-1
123,8,744,191,31,27,1,-1,-1,-1
123,20,516,296,71,96,1,-1,-1,-1
123,24,1227,385,77,47,1,-1,-1,-1
123,50,968,293,39,29,1,-1,-1,-1
123,60,643,239,33,25,1,-1,-1,-1
123,63,1082,832,140,149,1,-1,-1,-1
123,64,921,244,35,27,1,-1,-1,-1
123,65,908,230,27,25,1,-1,-1,-1
123,109,72,672,137,71,1,-1,-1,-1
123,110,197,597,121,73,1,-1,-1,-1
123,117,1696,711,206,110,1,-1,-1,-1
123,119,1522,639,134,89,1,-1,-1,-1
123,120,1748,669,153,93,1,-1,-1,-1
123,121,878,279,36,30,1,-1,-1,-1
123,122,721,294,37,33,1,-1,-1,-1
123,123,795,178,20,18,1,-1,-1,-1
123,132,861,301,40,36,1,-1,-1,-1
124,0,1640,590,173,76,1,-1,-1,-1
124,8,744,191,31,27,1,-1,-1,-1
124,20,515,296,72,97,1,-1,-1,-1
124,24,1228,386,77,47,1,-1,-1,-1
124,50,969,294,39,29,1,-1,-1,-1
124,60,643,239,33,25,1,-1,-1,-1
124,63,1073,812,136,143,1,-1,-1,-1
124,64,922,245,35,27,1,-1,-1,-1
124,65,907,230,27,25,1,-1,-1,-1
124,109,71,674,137,71,1,-1,-1,-1
124,110,193,600,123,74,1,-1,-1,-1
124,117,1700,714,202,110,1,-1,-1,-1
124,119,1525,642,135,90,1,-1,-1,-1
124,120,1752,672,149,93,1,-1,-1,-1
124,121,878,278,36,29,1,-1,-1,-1
124,122,721,295,37,33,1,-1,-1,-1
124,123,794,178,20,19,1,-1,-1,-1
124,132,859,299,41,35,1,-1,-1,-1
125,0,1644,592,173,77,1,-1,-1,-1
125,8,744,191,31,27,1,-1,-1,-1
125,20,515,297,72,98,1,-1,-1,-1
125,24,1230,387,77,47,1,-1,-1,-1
125,50,968,294,39,29,1,-1,-1,-1
125,60,644,240,33,25,1,-1,-1,-1
125,63,1065,792,131,137,1,-1,-1,-1
125,64,920,245,35,27,1,-1,-1,-1
125,65,907,230,27,25,1,-1,-1,-1
125,109,71,677,137,71,1,-1,-1,-1
125,110,189,603,124,76,1,-1,-1,-1
125,117,1704,717,198,110,1,-1,-1,-1
125,119,1529,644,136,91,1,-1,-1,-1
125,120,1755,675,146,93,1,-1,-1,-1
125,121,878,277,36,29,1,-1,-1,-1
125,122,721,295,37,33,1,-1,-1,-1
125,123,793,179,21,19,1,-1,-1,-1
125,132,858,298,40,33,1,-1,-1,-1
126,0,1648,595,173,77,1,-1,-1,-1
126,8,744,191,31,27,1,-1,-1,-1
126,20,514,298,73,98,1,-1,-1,-1
126,24,1231,388,77,47,1,-1,-1,-1
126,50,967,295,39,29,1,-1,-1,-1
126,60,644,240,33,25,1,-1,-1,-1
126,63,1056,772,126,131,1,-1,-1,-1
126,64,919,245,35,27,1,-1,-1,-1
126,65,907,230,27,25,1,-1,-1,-1
126,109,65,681,138,72,1,-1,-1,-1
126,110,185,606,125,77,1,-1,-1,-1
126,117,1708,720,194,110,1,-1,-1,-1
126,119,1532,647,137,91,1,-1,-1,-1
126,120,1759,678,142,93,1,-1,-1,-1
126,121,876,275,35,29,1,-1,-1,-1
126,122,721,296,37,33,1,-1,-1,-1
126,123,793,180,21,18,1,-1,-1,-1
126,132,857,296,40,32,1,-1,-1,-1
127,0,1649,596,177,77,1,-1,-1,-1
127,8,744,191,31,27,1,-1,-1,-1
127,20,514,299,73,98,1,-1,-1,-1
127,24,1233,389,77,47,1,-1,-1,-1
127,50,967,295,39,29,1,-1,-1,-1
127,60,644,241,33,25,1,-1,-1,-1
127,63,1048,752,121,125,1,-1,-1,-1
127,64,918,245,35,27,1,-1,-1,-1
127,65,906,230,27,25,1,-1,-1,-1
127,109,59,685,140,73,1,-1,-1,-1
127,110,181,609,127,78,1,-1,-1,-1
127,117,1712,723,190,110,1,-1,-1,-1
127,119,1536,650,138,92,1,-1,-1,-1
127,120,1763,681,138,93,1,-1,-1,-1
127,121,874,274,35,29,1,-1,-1,-1
127,122,721,296,37,33,1,-1,-1,-1
127,123,792,180,21,19,1,-1,-1,-1
127,132,856,294,40,31,1,-1,-1,-1
128,0,1651,598,181,77,1,-1,-1,-1
128,8,744,191,31,27,1,-1,-1,-1
128,20,513,300,74,98,1,-1,-1,-1
128,24,1231,389,78,47,1,-1,-1,-1
128,50,966,296,39,29,1,-1,-1,-1
128,60,644,241,33,25,1,-1,-1,-1
128,63,1039,732,117,119,1,-1,-1,-1
128,64,916,246,35,27,1,-1,-1,-1
128,65,906,230,27,25,1,-1,-1,-1
128,109,53,689,141,75,1,-1,-1,-1
128,110,177,612,128,79,1,-1,-1,-1
128,117,1716,726,186,110,1,-1,-1,-1
128,119,1536,653,139,92,1,-1,-1,-1
128,120,1767,684,134,93,1,-1,-1,-1
128,121,873,273,34,29,1,-1,-1,-1
128,122,721,297,37,33,1,-1,-1,-1
128,123,791,181,22,19,1,-1,-1,-1
128,132,855,293,40,30,1,-1,-1,-1
129,0,1653,600,184,77,1,-1,-1,-1
129,8,744,191,31,27,1,-1,-1,-1
129,20,513,300,74,100,1,-1,-1,-1
129,24,1230,390,78,47,1,-1,-1,-1
129,50,965,296,39,29,1,-1,-1,-1
129,60,645,242,33,25,1,-1,-1,-1
129,63,1031,712,112,113,1,-1,-1,-1
129,64,915,246,35,27,1,-1,-1,-1
129,65,906,231,27,25,1,-1,-1,-1
129,109,47,694,143,75,1,-1,-1,-1
129,110,173,615,129,80,1,-1,-1,-1
129,117,1720,729,182,110,1,-1,-1,-1
129,119,1537,656,140,92,1,-1,-1,-1
129,120,1771,687,130,93,1,-1,-1,-1
129,121,871,272,34,29,1,-1,-1,-1
129,122,722,298,37,33,1,-1,-1,-1
129,123,791,181,21,19,1,-1,-1,-1
129,132,853,291,38,30,1,-1,-1,-1
130,0,1655,602,188,76,1,-1,-1,-1
130,8,744,191,31,27,1,-1,-1,-1
130,20,512,301,75,100,1,-1,-1,-1
130,24,1229,390,78,48,1,-1,-1,-1
130,50,965,297,39,29,1,-1,-1,-1
130,60,643,242,33,25,1,-1,-1,-1
130,63,1024,698,108,110,1,-1,-1,-1
130,64,914,246,35,27,1,-1,-1,-1
130,65,906,231,27,25,1,-1,-1,-1
130,109,42,698,143,77,1,-1,-1,-1
130,110,170,618,130,82,1,-1,-1,-1
130,117,1724,732,178,110,1,-1,-1,-1
130,119,1538,659,140,92,1,-1,-1,-1
130,120,1775,690,126,93,1,-1,-1,-1
130,121,869,271,34,29,1,-1,-1,-1
130,122,720,298,36,33,1,-1,-1,-1
130,123,790,182,22,19,1,-1,-1,-1
130,132,851,289,37,30,1,-1,-1,-1
131,0,1657,604,191,76,1,-1,-1,-1
131,8,745,192,31,27,1,-1,-1,-1
131,20,512,302,75,100,1,-1,-1,-1
131,24,1227,391,79,47,1,-1,-1,-1
131,50,964,297,39,29,1,-1,-1,-1
131,60,641,242,33,25,1,-1,-1,-1
131,63,1017,685,105,106,1,-1,-1,-1
131,64,912,246,35,27,1,-1,-1,-1
131,65,905,231,27,25,1,-1,-1,-1
131,109,36,702,145,78,1,-1,-1,-1
131,110,162,621,131,82,1,-1,-1,-1
131,117,1728,735,174,110,1,-1,-1,-1
131,119,1539,662,141,92,1,-1,-1,-1
131,120,1779,693,122,93,1,-1,-1,-1
131,121,868,270,33,29,1,-1,-1,-1
131,122,718,298,36,34,1,-1,-1,-1
131,123,789,182,22,20,1,-1,-1,-1
131,132,849,288,36,29,1,-1,-1,-1
132,0,1659,606,195,76,1,-1,-1,-1
132,8,743,192,31,27,1,-1,-1,-1
132,20,511,303,76,100,1,-1,-1,-1
132,24,1226,392,79,47,1,-1,-1,-1
132,50,963,298,39,29,1,-1,-1,-1
132,60,639,242,33,25,1,-1,-1,-1
132,63,1010,671,102,103,1,-1,-1,-1
132,64,911,247,35,27,1,-1,-1,-1
132,65,905,231,27,25,1,-1,-1,-1
132,109,30,707,146,78,1,-1,-1,-1
132,110,155,624,132,83,1,-1,-1,-1
132,117,1732,738,170,110,1,-1,-1,-1
132,119,1540,665,141,92,1,-1,-1,-1
132,120,1783,697,118,93,1,-1,-1,-1
132,121,866,269,33,29,1,-1,-1,-1
132,122,716,298,36,34,1,-1,-1,-1
132,123,789,183,22,19,1,-1,-1,-1
132,132,847,286,35,30,1,-1,-1,-1
133,0,1660,609,195,77,1,-1,-1,-1
133,8,742,192,31,27,1,-1,-1,-1
133,20,511,304,76,101,1,-1,-1,-1
133,24,1225,392,79,48,1,-1,-1,-1
133,50,963,298,39,29,1,-1,-1,-1
133,60,637,242,33,25,1,-1,-1,-1
133,63,1003,658,98,99,1,-1,-1,-1
133,64,910,247,35,27,1,-1,-1,-1
133,65,905,231,27,25,1,-1,-1,-1
133,109,24,711,148,80,1,-1,-1,-1
133,110,148,627,132,84,1,-1,-1,-1
133,117,1732,741,170,110,1,-1,-1,-1
133,119,1541,668,142,92,1,-1,-1,-1
133,120,1783,699,118,93,1,-1,-1,-1
133,121,864,268,33,28,1,-1,-1,-1
133,122,714,299,36,34,1,-1,-1,-1
133,123,788,184,23,19,1,-1,-1,-1
133,132,845,284,34,30,1,-1,-1,-1
134,0,1661,612,195,78,1,-1,-1,-1
134,8,741,192,31,27,1,-1,-1,-1
134,20,506,304,76,101,1,-1,-1,-1
134,24,1223,393,80,48,1,-1,-1,-1
134,50,962,299,39,29,1,-1,-1,-1
134,60,635,242,33,25,1,-1,-1,-1
134,63,996,644,95,96,1,-1,-1,-1
134,64,908,247,35,27,1,-1,-1,-1
134,65,905,232,27,25,1,-1,-1,-1
134,109,18,715,149,81,1,-1,-1,-1
134,110,140,630,134,85,1,-1,-1,-1
134,117,1732,745,170,110,1,-1,-1,-1
134,119,1542,671,142,92,1,-1,-1,-1
134,120,1784,702,117,93,1,-1,-1,-1
134,121,863,267,32,28,1,-1,-1,-1
134,122,712,299,36,34,1,-1,-1,-1
134,123,787,184,23,20,1,-1,-1,-1
134,132,843,283,33,29,1,-1,-1,-1
135,0,1662,616,195,78,1,-1,-1,-1
135,8,739,192,31,27,1,-1,-1,-1
135,20,502,304,76,101,1,-1,-1,-1
135,24,1222,393,80,48,1,-1,-1,-1
135,50,962,300,39,29,1,-1,-1,-1
135,60,634,242,33,25,1,-1,-1,-1
135,63,989,631,92,92,1,-1,-1,-1
135,64,907,247,35,27,1,-1,-1,-1
135,65,904,232,27,25,1,-1,-1,-1
135,109,13,720,150,82,1,-1,-1,-1
135,110,133,633,134,86,1,-1,-1,-1
135,117,1732,748,170,110,1,-1,-1,-1
135,119,1543,674,143,92,1,-1,-1,-1
135,120,1785,705,116,93,1,-1,-1,-1
135,121,861,266,32,28,1,-1,-1,-1
135,122,710,299,36,35,1,-1,-1,-1
135,123,787,185,23,19,1,-1,-1,-1
135,132,841,281,32,29,1,-1,-1,-1
136,0,1663,619,196,79,1,-1,-1,-1
136,8,738,192,31,27,1,-1,-1,-1
136,20,497,304,76,101,1,-1,-1,-1
136,24,1221,394,80,48,1,-1,-1,-1
136,50,960,300,39,29,1,-1,-1,-1
136,60,632,242,33,25,1,-1,-1,-1
136,63,982,618,89,89,1,-1,-1,-1
136,64,906,248,35,27,1,-1,-1,-1
136,65,903,232,27,25,1,-1,-1,-1
136,109,8,722,145,84,1,-1,-1,-1
136,110,126,636,135,86,1,-1,-1,-1
136,117,1732,752,170,110,1,-1,-1,-1
136,119,1544,677,143,92,1,-1,-1,-1
136,120,1786,707,115,94,1,-1,-1,-1
136,121,859,265,32,28,1,-1,-1,-1
136,122,709,300,35,34,1,-1,-1,-1
136,123,786,185,23,20,1,-1,-1,-1
136,132,840,280,30,29,1,-1,-1,-1
137,0,1664,623,196,79,1,-1,-1,-1
137,8,737,192,31,27,1,-1,-1,-1
137,20,493,304,76,101,1,-1,-1,-1
137,24,1219,395,81,48,1,-1,-1,-1
137,50,958,300,39,29,1,-1,-1,-1
137,60,630,242,33,25,1,-1,-1,-1
137,63,974,607,87,86,1,-1,-1,-1
137,64,904,248,35,27,1,-1,-1,-1
137,65,902,232,27,25,1,-1,-1,-1
137,109,4,724,140,86,1,-1,-1,-1
137,110,119,639,135,87,1,-1,-1,-1
137,117,1732,755,170,110,1,-1,-1,-1
137,119,1545,680,144,92,1,-1,-1,-1
137,120,1787,710,114,94,1,-1,-1,-1
137,121,858,264,31,28,1,-1,-1,-1
137,122,707,300,35,35,1,-1,-1,-1
137,123,785,186,24,20,1,-1,-1,-1
137,132,836,278,31,28,1,-1,-1,-1
138,0,1665,626,196,80,1,-1,-1,-1
138,8,735,192,31,27,1,-1,-1,-1
138,20,488,305,76,100,1,-1,-1,-1
138,24,1218,395,81,49,1,-1,-1,-1
138,50,956,300,39,29,1,-1,-1,-1
138,60,628,242,33,25,1,-1,-1,-1
138,63,967,596,84,84,1,-1,-1,-1
138,64,903,248,35,27,1,-1,-1,-1
138,65,901,232,27,25,1,-1,-1,-1
138,110,111,642,137,88,1,-1,-1,-1
138,117,1732,759,170,110,1,-1,-1,-1
138,119,1546,683,145,92,1,-1,-1,-1
138,120,1788,713,113,94,1,-1,-1,-1
138,121,856,263,31,28,1,-1,-1,-1
138,122,705,300,35,35,1,-1,-1,-1
138,123,785,186,23,20,1,-1,-1,-1
138,132,833,276,31,28,1,-1,-1,-1
139,0,1666,630,197,81,1,-1,-1,-1
139,8,734,193,31,27,1,-1,-1,-1
139,20,484,305,76,100,1,-1,-1,-1
139,24,1217,396,81,48,1,-1,-1,-1
139,50,954,300,39,29,1,-1,-1,-1
139,60,626,242,33,25,1,-1,-1,-1
139,63,959,585,82,81,1,-1,-1,-1
139,64,902,248,35,27,1,-1,-1,-1
139,65,900,232,27,25,1,-1,-1,-1
139,110,104,645,137,89,1,-1,-1,-1
139,117,1732,763,170,110,1,-1,-1,-1
139,119,1542,685,145,93,1,-1,-1,-1
139,120,1789,716,112,94,1,-1,-1,-1
139,121,854,262,31,28,1,-1,-1,-1
139,122,703,300,35,36,1,-1,-1,-1
139,123,784,187,24,20,1,-1,-1,-1
139,132,830,274,32,28,1,-1,-1,-1
140,0,1663,631,198,81,1,-1,-1,-1
140,8,733,193,31,27,1,-1,-1,-1
140,20,479,305,76,100,1,-1,-1,-1
140,24,1215,396,82,49,1,-1,-1,-1
140,50,953,300,39,29,1,-1,-1,-1
140,60,624,242,33,25,1,-1,-1,-1
140,63,952,575,79,78,1,-1,-1,-1
140,64,900,249,35,27,1,-1,-1,-1
140,65,899,232,27,25,1,-1,-1,-1
140,110,97,648,138,90,1,-1,-1,-1
140,117,1732,766,170,110,1,-1,-1,-1
140,119,1539,687,145,94,1,-1,-1,-1
140,120,1790,718,111,95,1,-1,-1,-1
140,121,853,261,30,28,1,-1,-1,-1
140,122,701,301,35,35,1,-1,-1,-1
140,123,784,188,24,20,1,-1,-1,-1
140,132,827,272,32,28,1,-1,-1,-1
141,0,1660,632,200,82,1,-1,-1,-1
141,8,731,193,31,27,1,-1,-1,-1
141,20,475,305,76,100,1,-1,-1,-1
141,24,1214,397,82,49,1,-1,-1,-1
141,50,951,300,39,29,1,-1,-1,-1
141,60,623,242,33,25,1,-1,-1,-1
141,63,944,564,77,75,1,-1,-1,-1
141,64,899,249,35,27,1,-1,-1,-1
141,65,898,232,27,25,1,-1,-1,-1
141,110,90,651,139,91,1,-1,-1,-1
141,117,1732,770,170,110,1,-1,-1,-1
141,119,1535,690,145,94,1,-1,-1,-1
141,120,1791,721,110,95,1,-1,-1,-1
141,121,850,259,30,28,1,-1,-1,-1
141,122,699,301,35,36,1,-1,-1,-1
141,123,781,188,25,20,1,-1,-1,-1
141,132,824,270,32,28,1,-1,-1,-1
142,0,1657,633,202,82,1,-1,-1,-1
142,8,730,193,31,27,1,-1,-1,-1
142,20,470,306,76,100,1,-1,-1,-1
142,24,1213,398,83,49,1,-1,-1,-1
142,50,949,300,39,29,1,-1,-1,-1
142,60,620,242,33,25,1,-1,-1,-1
142,63,937,553,74,73,1,-1,-1,-1
142,64,898,249,35,27,1,-1,-1,-1
142,65,897,232,27,25,1,-1,-1,-1
142,110,81,653,137,91,1,-1,-1,-1
142,117,1732,773,170,110,1,-1,-1,-1
142,119,1532,692,145,95,1,-1,-1,-1
142,120,1792,724,109,95,1,-1,-1,-1
142,121,847,257,30,28,1,-1,-1,-1
142,122,697,301,35,36,1,-1,-1,-1
142,123,779,189,25,20,1,-1,-1,-1
142,132,821,268,33,28,1,-1,-1,-1
143,0,1655,635,202,82,1,-1,-1,-1
143,8,729,193,31,27,1,-1,-1,-1
143,20,466,306,76,100,1,-1,-1,-1
143,24,1209,398,83,49,1,-1,-1,-1
143,50,947,300,39,29,1,-1,-1,-1
143,60,617,242,33,25,1,-1,-1,-1
143,63,930,543,71,70,1,-1,-1,-1
143,64,896,249,35,27,1,-1,-1,-1
143,65,896,232,27,25,1,-1,-1,-1
143,110,73,655,134,91,1,-1,-1,-1
143,117,1732,777,170,110,1,-1,-1,-1
143,119,1529,694,144,96,1,-1,-1,-1
143,120,1793,727,109,95,1,-1,-1,-1
143,121,844,256,30,28,1,-1,-1,-1
143,122,696,302,34,36,1,-1,-1,-1
143,123,777,189,25,21,1,-1,-1,-1
143,132,818,266,33,28,1,-1,-1,-1
144,0,1652,636,204,82,1,-1,-1,-1
144,8,727,193,31,27,1,-1,-1,-1
144,20,461,306,76,100,1,-1,-1,-1
144,24,1206,399,83,49,1,-1,-1,-1
144,50,946,300,39,29,1,-1,-1,-1
144,60,614,243,33,25,1,-1,-1,-1
144,63,922,534,70,70,1,-1,-1,-1
144,64,895,250,35,27,1,-1,-1,-1
144,65,896,232,27,25,1,-1,-1,-1
144,110,65,658,131,90,1,-1,-1,-1
144,117,1732,781,170,110,1,-1,-1,-1
144,119,1525,697,145,96,1,-1,-1,-1
144,120,1788,730,113,94,1,-1,-1,-1
144,121,841,254,30,28,1,-1,-1,-1
144,122,692,302,34,36,1,-1,-1,-1
144,123,775,190,25,20,1,-1,-1,-1
144,132,815,264,34,28,1,-1,-1,-1
145,0,1649,637,206,83,1,-1,-1,-1
145,8,726,193,31,27,1,-1,-1,-1
145,20,457,306,76,100,1,-1,-1,-1
145,24,1203,400,83,49,1,-1,-1,-1
145,50,942,300,39,29,1,-1,-1,-1
145,60,611,243,33,25,1,-1,-1,-1
145,63,914,526,69,69,1,-1,-1,-1
145,64,894,250,35,27,1,-1,-1,-1
145,65,893,231,27,25,1,-1,-1,-1
145,110,57,660,129,90,1,-1,-1,-1
145,117,1727,784,175,110,1,-1,-1,-1
145,119,1522,699,144,97,1,-1,-1,-1
145,120,1784,733,117,93,1,-1,-1,-1
145,121,838,253,30,28,1,-1,-1,-1
145,122,688,302,35,36,1,-1,-1,-1
145,123,773,190,25,21,1,-1,-1,-1
145,132,811,262,34,28,1,-1,-1,-1
146,0,1647,639,207,83,1,-1,-1,-1
146,8,725,194,31,27,1,-1,-1,-1
146,20,452,307,76,99,1,-1,-1,-1
146,24,1200,400,83,49,1,-1,-1,-1
146,50,939,300,39,29,1,-1,-1,-1
146,60,609,244,33,25,1,-1,-1,-1
146,63,906,517,68,69,1,-1,-1,-1
146,64,892,250,35,27,1,-1,-1,-1
146,65,890,230,27,25,1,-1,-1,-1
146,110,49,663,126,89,1,-1,-1,-1
146,117,1722,788,180,110,1,-1,-1,-1
146,119,1519,701,144,98,1,-1,-1,-1
146,120,1779,737,122,91,1,-1,-1,-1
146,121,835,251,30,28,1,-1,-1,-1
146,122,684,302,36,36,1,-1,-1,-1
146,123,771,191,25,21,1,-1,-1,-1
146,132,808,260,34,28,1,-1,-1,-1
147,0,1642,641,207,84,1,-1,-1,-1
147,8,723,194,31,27,1,-1,-1,-1
147,20,448,307,76,99,1,-1,-1,-1
147,24,1197,401,83,49,1,-1,-1,-1
147,50,936,300,39,29,1,-1,-1,-1
147,60,606,244,33,25,1,-1,-1,-1
147,63,898,509,67,68,1,-1,-1,-1
147,64,891,250,35,27,1,-1,-1,-1
147,65,887,229,27,25,1,-1,-1,-1
147,110,40,665,124,90,1,-1,-1,-1
147,117,1717,791,185,110,1,-1,-1,-1
147,119,1515,704,144,98,1,-1,-1,-1
147,120,1775,740,125,91,1,-1,-1,-1
147,121,832,249,30,28,1,-1,-1,-1
147,122,680,302,37,36,1,-1,-1,-1
147,123,769,192,25,20,1,-1,-1,-1
147,132,804,258,34,28,1,-1,-1,-1
148,0,1638,643,207,85,1,-1,-1,-1
148,8,721,194,31,27,1,-1,-1,-1
148,20,443,307,76,99,1,-1,-1,-1
148,24,1194,402,83,49,1,-1,-1,-1
148,50,933,300,39,29,1,-1,-1,-1
148,60,604,244,33,25,1,-1,-1,-1
148,63,890,501,66,67,1,-1,-1,-1
148,64,890,251,35,27,1,-1,-1,-1
148,65,885,228,27,25,1,-1,-1,-1
148,110,32,668,121,89,1,-1,-1,-1
148,117,1712,795,190,110,1,-1,-1,-1
148,119,1512,706,144,99,1,-1,-1,-1
148,120,1771,743,129,90,1,-1,-1,-1
148,121,829,248,30,28,1,-1,-1,-1
148,122,677,302,37,36,1,-1,-1,-1
148,123,767,192,25,21,1,-1,-1,-1
148,132,801,256,34,28,1,-1,-1,-1
149,0,1634,645,207,86,1,-1,-1,-1
149,8,719,194,31,27,1,-1,-1,-1
149,20,439,307,76,99,1,-1,-1,-1
149,24,1191,403,83,49,1,-1,-1,-1
149,50,930,300,39,29,1,-1,-1,-1
149,60,601,244,33,25,1,-1,-1,-1
149,63,882,492,65,67,1,-1,-1,-1
149,64,887,251,35,27,1,-1,-1,-1
149,65,882,229,27,25,1,-1,-1,-1
149,110,24,670,119,89,1,-1,-1,-1
149,117,1708,799,194,109,1,-1,-1,-1
149,119,1509,709,144,99,1,-1,-1,-1
149,120,1766,747,134,88,1,-1,-1,-1
149,121,826,246,30,28,1,-1,-1,-1
149,122,673,302,37,36,1,-1,-1,-1
149,123,765,193,25,21,1,-1,-1,-1
149,132,798,254,34,28,1,-1,-1,-1
150,0,1629,647,208,87,1,-1,-1,-1
150,8,717,194,31,27,1,-1,-1,-1
150,20,435,308,76,99,1,-1,-1,-1
150,24,1188,403,83,49,1,-1,-1,-1
150,50,927,300,39,29,1,-1,-1,-1
150,60,599,244,33,25,1,-1,-1,-1
150,63,874,484,64,66,1,-1,-1,-1
150,64,885,251,35,27,1,-1,-1,-1
150,65,879,230,27,25,1,-1,-1,-1
150,110,16,673,116,88,1,-1,-1,-1
150,117,1703,802,199,110,1,-1,-1,-1
150,119,1503,712,145,99,1,-1,-1,-1
150,120,1762,750,137,88,1,-1,-1,-1
150,121,823,245,30,28,1,-1,-1,-1
150,122,669,302,38,36,1,-1,-1,-1
150,123,763,193,25,21,1,-1,-1,-1
150,132,794,252,34,28,1,-1,-1,-1
151,0,1625,649,208,88,1,-1,-1,-1
151,8,715,194,31,27,1,-1,-1,-1
151,20,430,310,77,98,1,-1,-1,-1
151,24,1185,404,83,49,1,-1,-1,-1
151,50,923,300,39,29,1,-1,-1,-1
151,56,486,283,59,37,1,-1,-1,-1
151,60,596,244,33,25,1,-1,-1,-1
151,63,867,476,63,65,1,-1,-1,-1
151,64,882,251,35,27,1,-1,-1,-1
151,65,876,231,27,25,1,-1,-1,-1
151,110,8,675,113,88,1,-1,-1,-1
151,117,1698,806,204,109,1,-1,-1,-1
151,119,1497,715,147,100,1,-1,-1,-1
151,120,1757,754,142,86,1,-1,-1,-1
151,121,820,243,30,28,1,-1,-1,-1
151,122,665,302,39,37,1,-1,-1,-1
151,123,761,194,25,21,1,-1,-1,-1
151,132,791,250,34,28,1,-1,-1,-1
152,0,1621,651,208,89,1,-1,-1,-1
152,8,713,195,31,27,1,-1,-1,-1
152,20,426,312,78,97,1,-1,-1,-1
152,24,1182,405,83,49,1,-1,-1,-1
152,50,920,300,39,29,1,-1,-1,-1
152,56,482,283,59,37,1,-1,-1,-1
152,60,594,244,33,25,1,-1,-1,-1
152,63,861,470,62,63,1,-1,-1,-1
152,64,880,251,35,27,1,-1,-1,-1
152,65,873,232,27,25,1,-1,-1,-1
152,117,1693,809,209,110,1,-1,-1,-1
152,119,1492,718,148,101,1,-1,-1,-1
152,120,1753,757,146,85,1,-1,-1,-1
152,121,817,242,30,28,1,-1,-1,-1
152,122,661,302,40,37,1,-1,-1,-1
152,123,759,194,25,22,1,-1,-1,-1
152,132,788,249,34,28,1,-1,-1,-1
153,0,1617,654,208,89,1,-1,-1,-1
153,8,711,195,31,27,1,-1,-1,-1
153,20,422,314,78,97,1,-1,-1,-1
153,24,1179,406,83,49,1,-1,-1,-1
153,50,916,300,39,29,1,-1,-1,-1
153,56,479,283,59,37,1,-1,-1,-1
153,60,591,244,33,25,1,-1,-1,-1
153,63,855,464,61,61,1,-1,-1,-1
153,64,877,251,35,27,1,-1,-1,-1
153,65,870,233,27,25,1,-1,-1,-1
153,117,1688,813,214,109,1,-1,-1,-1
153,119,1486,721,150,102,1,-1,-1,-1
153,120,1749,760,149,85,1,-1,-1,-1
153,121,814,241,30,28,1,-1,-1,-1
153,122,658,302,40,37,1,-1,-1,-1
153,123,757,195,25,21,1,-1,-1,-1
153,132,785,248,34,28,1,-1,-1,-1
154,0,1613,657,207,89,1,-1,-1,-1
154,8,709,195,31,27,1,-1,-1,-1
154,20,418,316,79,96,1,-1,-1,-1
154,24,1175,407,83,49,1,-1,-1,-1
154,50,913,300,39,29,1,-1,-1,-1
154,56,476,284,59,36,1,-1,-1,-1
154,60,589,244,33,25,1,-1,-1,-1
154,63,849,458,61,60,1,-1,-1,-1
154,64,875,251,35,27,1,-1,-1,-1
154,65,867,234,27,25,1,-1,-1,-1
154,117,1684,817,218,109,1,-1,-1,-1
154,119,1481,724,151,103,1,-1,-1,-1
154,120,1744,764,154,83,1,-1,-1,-1
154,121,812,240,30,28,1,-1,-1,-1
154,122,654,302,40,37,1,-1,-1,-1
154,123,755,196,25,21,1,-1,-1,-1
154,132,782,247,34,28,1,-1,-1,-1
155,0,1609,660,207,89,1,-1,-1,-1
155,8,707,195,31,27,1,-1,-1,-1
155,20,413,318,80,96,1,-1,-1,-1
155,24,1172,408,83,49,1,-1,-1,-1
155,50,910,300,39,29,1,-1,-1,-1
155,56,473,284,59,37,1,-1,-1,-1
155,60,587,244,33,25,1,-1,-1,-1
155,63,843,452,60,58,1,-1,-1,-1
155,64,872,251,35,27,1,-1,-1,-1
155,65,865,236,27,25,1,-1,-1,-1
155,117,1683,821,218,111,1,-1,-1,-1
155,119,1475,727,153,104,1,-1,-1,-1
155,120,1740,767,158,82,1,-1,-1,-1
155,121,810,239,30,28,1,-1,-1,-1
155,122,650,302,41,37,1,-1,-1,-1
155,123,753,196,25,22,1,-1,-1,-1
155,132,780,246,34,28,1,-1,-1,-1
156,0,1605,663,207,90,1,-1,-1,-1
156,3,1606,445,126,67,1,-1,-1,-1
156,8,705,195,31,27,1,-1,-1,-1
156,20,409,320,81,95,1,-1,-1,-1
156,24,1169,409,83,49,1,-1,-1,-1
156,50,908,300,39,29,1,-1,-1,-1
156,56,470,284,59,37,1,-1,-1,-1
156,60,584,244,33,25,1,-1,-1,-1
156,63,837,446,59,56,1,-1,-1,-1
156,64,870,251,35,27,1,-1,-1,-1
156,65,863,236,27,25,1,-1,-1,-1
156,117,1682,826,219,112,1,-1,-1,-1
156,119,1469,730,155,105,1,-1,-1,-1
156,120,1736,771,162,81,1,-1,-1,-1
156,121,807,239,30,28,1,-1,-1,-1
156,122,646,302,42,37,1,-1,-1,-1
156,123,751,197,25,21,1,-1,-1,-1
156,132,777,245,34,28,1,-1,-1,-1
157,0,1601,666,207,90,1,-1,-1,-1
157,3,1607,446,126,67,1,-1,-1,-1
157,8,703,195,31,27,1,-1,-1,-1
157,20,405,323,82,94,1,-1,-1,-1
157,24,1166,411,83,48,1,-1,-1,-1
157,50,905,301,39,29,1,-1,-1,-1
157,56,466,285,59,36,1,-1,-1,-1
157,60,582,244,33,25,1,-1,-1,-1
157,63,831,440,59,55,1,-1,-1,-1
157,64,867,251,35,27,1,-1,-1,-1
157,65,861,236,27,25,1,-1,-1,-1
157,117,1682,830,219,115,1,-1,-1,-1
157,119,1464,733,156,106,1,-1,-1,-1
157,120,1736,774,162,81,1,-1,-1,-1
157,121,805,238,30,28,1,-1,-1,-1
157,122,642,302,43,37,1,-1,-1,-1
157,123,749,197,25,22,1,-1,-1,-1
157,132,774,244,34,28,1,-1,-1,-1
158,0,1597,669,207,91,1,-1,-1,-1
158,3,1609,448,126,67,1,-1,-1,-1
158,8,701,196,31,27,1,-1,-1,-1
158,20,401,325,82,93,1,-1,-1,-1
158,24,1163,412,83,49,1,-1,-1,-1
158,50,903,301,39,29,1,-1,-1,-1
158,56,463,285,59,36,1,-1,-1,-1
158,60,579,244,33,25,1,-1,-1,-1
158,63,825,434,58,53,1,-1,-1,-1
158,64,865,251,35,27,1,-1,-1,-1
158,65,859,236,27,25,1,-1,-1,-1
158,117,1681,835,220,116,1,-1,-1,-1
158,119,1458,736,158,107,1,-1,-1,-1
158,120,1737,778,161,81,1,-1,-1,-1
158,121,803,237,30,28,1,-1,-1,-1
158,122,639,303,43,37,1,-1,-1,-1
158,123,747,198,25,22,1,-1,-1,-1
158,132,772,244,34,28,1,-1,-1,-1
159,0,1594,672,207,91,1,-1,-1,-1
159,3,1611,450,126,67,1,-1,-1,-1
159,8,699,196,31,27,1,-1,-1,-1
159,20,397,327,83,92,1,-1,-1,-1
159,24,1159,413,83,49,1,-1,-1,-1
159,50,901,302,39,29,1,-1,-1,-1
159,56,460,285,59,37,1,-1,-1,-1
159,58,530,275,40,34,1,-1,-1,-1
159,60,577,244,33,25,1,-1,-1,-1
159,63,819,428,57,51,1,-1,-1,-1
159,64,862,251,35,27,1,-1,-1,-1
159,65,857,236,27,25,1,-1,-1,-1
159,117,1680,839,221,119,1,-1,-1,-1
159,119,1453,739,159,108,1,-1,-1,-1
159,120,1737,781,161,81,1,-1,-1,-1
159,121,801,236,30,28,1,-1,-1,-1
159,122,635,304,43,37,1,-1,-1,-1
159,123,745,199,26,22,1,-1,-1,-1
159,132,769,243,34,28,1,-1,-1,-1
160,0,1592,676,207,91,1,-1,-1,-1
160,3,1613,451,126,67,1,-1,-1,-1
160,8,697,196,31,27,1,-1,-1,-1
160,20,392,329,84,92,1,-1,-1,-1
160,24,1156,415,83,48,1,-1,-1,-1
160,50,899,302,39,31,1,-1,-1,-1
160,55,407,317,72,39,1,-1,-1,-1
160,56,457,286,59,36,1,-1,-1,-1
160,58,526,276,41,34,1,-1,-1,-1
160,60,574,244,33,25,1,-1,-1,-1
160,63,813,423,57,49,1,-1,-1,-1
160,64,860,251,35,27,1,-1,-1,-1
160,65,855,236,27,25,1,-1,-1,-1
160,117,1680,844,221,120,1,-1,-1,-1
160,119,1454,741,159,109,1,-1,-1,-1
160,120,1738,785,161,81,1,-1,-1,-1
160,121,798,236,30,28,1,-1,-1,-1
160,122,631,305,44,37,1,-1,-1,-1
160,123,743,200,26,23,1,-1,-1,-1
160,132,766,242,34,28,1,-1,-1,-1
161,0,1589,680,208,91,1,-1,-1,-1
161,3,1614,453,126,67,1,-1,-1,-1
161,8,696,197,31,27,1,-1,-1,-1
161,20,388,331,85,91,1,-1,-1,-1
161,24,1153,416,83,48,1,-1,-1,-1
161,50,897,303,39,33,1,-1,-1,-1
161,55,404,316,72,39,1,-1,-1,-1
161,56,454,286,59,36,1,-1,-1,-1
161,58,523,277,42,34,1,-1,-1,-1
161,60,572,244,33,25,1,-1,-1,-1
161,63,809,419,56,49,1,-1,-1,-1
161,64,858,251,35,27,1,-1,-1,-1
161,65,853,236,27,25,1,-1,-1,-1
161,117,1679,848,222,123,1,-1,-1,-1
161,119,1455,744,159,110,1,-1,-1,-1
161,120,1739,789,160,80,1,-1,-1,-1
161,121,796,235,30,28,1,-1,-1,-1
161,122,628,306,43,37,1,-1,-1,-1
161,123,742,202,26,23,1,-1,-1,-1
161,132,764,241,34,28,1,-1,-1,-1
162,0,1587,683,208,91,1,-1,-1,-1
162,3,1616,455,126,67,1,-1,-1,-1
162,8,694,197,31,27,1,-1,-1,-1
162,20,384,333,85,91,1,-1,-1,-1
162,24,1150,417,83,48,1,-1,-1,-1
162,50,895,303,39,35,1,-1,-1,-1
162,55,401,315,72,39,1,-1,-1,-1
162,56,451,287,59,36,1,-1,-1,-1
162,58,520,278,42,34,1,-1,-1,-1
162,60,569,244,33,25,1,-1,-1,-1
162,63,806,415,54,49,1,-1,-1,-1
162,64,857,252,35,28,1,-1,-1,-1
162,65,859,236,27,25,1,-1,-1,-1
162,117,1679,853,222,124,1,-1,-1,-1
162,119,1456,747,159,111,1,-1,-1,-1
162,120,1739,792,160,81,1,-1,-1,-1
162,121,794,234,30,28,1,-1,-1,-1
162,122,624,307,44,37,1,-1,-1,-1
162,123,740,203,27,24,1,-1,-1,-1
162,132,761,240,34,28,1,-1,-1,-1
163,0,1584,687,209,91,1,-1,-1,-1
163,3,1618,457,126,67,1,-1,-1,-1
163,8,692,197,31,27,1,-1,-1,-1
163,20,380,335,86,90,1,-1,-1,-1
163,24,1147,419,83,48,1,-1,-1,-1
163,50,893,304,39,37,1,-1,-1,-1
163,55,398,315,73,39,1,-1,-1,-1
163,56,450,287,59,35,1,-1,-1,-1
163,58,517,280,43,33,1,-1,-1,-1
163,60,567,244,33,25,1,-1,-1,-1
163,63,803,412,52,49,1,-1,-1,-1
163,64,856,254,35,28,1,-1,-1,-1
163,65,865,236,27,25,1,-1,-1,-1
163,117,1678,857,223,126,1,-1,-1,-1
163,119,1457,750,159,112,1,-1,-1,-1
163,120,1740,796,159,80,1,-1,-1,-1
163,121,792,234,30,28,1,-1,-1,-1
163,122,621,308,44,38,1,-1,-1,-1
163,123,739,205,27,24,1,-1,-1,-1
163,132,759,240,34,28,1,-1,-1,-1
164,0,1582,691,209,91,1,-1,-1,-1
164,3,1620,458,126,67,1,-1,-1,-1
164,8,691,198,31,27,1,-1,-1,-1
164,10,700,180,33,23,1,-1,-1,-1
164,20,376,338,87,89,1,-1,-1,-1
164,24,1151,419,83,48,1,-1,-1,-1
164,50,891,305,39,39,1,-1,-1,-1
164,55,392,320,74,39,1,-1,-1,-1
164,56,449,287,59,35,1,-1,-1,-1
164,58,521,277,41,33,1,-1,-1,-1
164,60,565,244,33,25,1,-1,-1,-1
164,63,803,406,49,48,1,-1,-1,-1
164,64,858,255,35,28,1,-1,-1,-1
164,65,871,237,27,25,1,-1,-1,-1
164,117,1677,862,224,128,1,-1,-1,-1
164,119,1458,753,159,113,1,-1,-1,-1
164,120,1740,799,160,81,1,-1,-1,-1
164,121,795,233,30,28,1,-1,-1,-1
164,122,628,309,44,37,1,-1,-1,-1
164,123,738,207,27,24,1,-1,-1,-1
164,132,760,239,34,29,1,-1,-1,-1
165,0,1585,692,209,91,1,-1,-1,-1
165,3,1622,460,126,67,1,-1,-1,-1
165,8,711,199,31,27,1,-1,-1,-1
165,10,715,180,33,23,1,-1,-1,-1
165,20,392,334,89,89,1,-1,-1,-1
165,24,1155,419,84,49,1,-1,-1,-1
165,50,902,306,39,39,1,-1,-1,-1
165,55,410,317,74,39,1,-1,-1,-1
165,56,463,287,59,35,1,-1,-1,-1
165,58,540,279,41,34,1,-1,-1,-1
165,60,582,247,33,25,1,-1,-1,-1
165,63,819,402,48,48,1,-1,-1,-1
165,64,871,257,35,27,1,-1,-1,-1
165,65,877,237,27,25,1,-1,-1,-1
165,117,1677,866,224,130,1,-1,-1,-1
165,119,1459,755,159,115,1,-1,-1,-1
165,120,1741,803,159,80,1,-1,-1,-1
165,121,812,232,31,28,1,-1,-1,-1
165,122,635,310,44,37,1,-1,-1,-1
165,123,754,208,27,23,1,-1,-1,-1
165,132,778,239,33,28,1,-1,-1,-1
166,0,1589,694,209,91,1,-1,-1,-1
166,3,1623,462,126,67,1,-1,-1,-1
166,8,731,200,31,27,1,-1,-1,-1
166,10,735,182,33,23,1,-1,-1,-1
166,20,408,337,89,89,1,-1,-1,-1
166,24,1159,419,84,50,1,-1,-1,-1
166,50,914,308,38,38,1,-1,-1,-1
166,55,429,314,73,39,1,-1,-1,-1
166,56,478,287,59,35,1,-1,-1,-1
166,58,559,282,41,35,1,-1,-1,-1
166,60,600,250,33,25,1,-1,-1,-1
166,63,835,399,47,47,1,-1,-1,-1
166,64,885,259,35,27,1,-1,-1,-1
166,65,883,237,27,25,1,-1,-1,-1
166,117,1676,871,225,132,1,-1,-1,-1
166,119,1460,758,159,116,1,-1,-1,-1
166,120,1742,807,158,80,1,-1,-1,-1
166,121,830,232,31,27,1,-1,-1,-1
166,122,642,311,44,37,1,-1,-1,-1
166,123,770,209,27,23,1,-1,-1,-1
166,132,796,239,33,27,1,-1,-1,-1
167,0,1592,696,209,91,1,-1,-1,-1
167,3,1625,463,126,67,1,-1,-1,-1
167,8,731,199,30,25,1,-1,-1,-1
167,10,737,182,33,23,1,-1,-1,-1
167,20,407,338,89,89,1,-1,-1,-1
167,24,1163,419,85,51,1,-1,-1,-1
167,50,926,310,38,37,1,-1,-1,-1
167,55,429,317,73,40,1,-1,-1,-1
167,56,478,287,59,35,1,-1,-1,-1
167,58,558,282,41,34,1,-1,-1,-1
167,60,600,249,33,25,1,-1,-1,-1
167,63,834,393,47,47,1,-1,-1,-1
167,64,899,261,35,27,1,-1,-1,-1
167,65,889,238,27,25,1,-1,-1,-1
167,117,1675,875,226,134,1,-1,-1,-1
167,119,1461,761,159,117,1,-1,-1,-1
167,120,1742,810,158,80,1,-1,-1,-1
167,121,829,233,31,27,1,-1,-1,-1
167,122,649,312,44,37,1,-1,-1,-1
167,123,770,209,27,23,1,-1,-1,-1
167,132,795,238,34,27,1,-1,-1,-1
168,0,1596,698,209,91,1,-1,-1,-1
168,3,1627,465,126,67,1,-1,-1,-1
168,8,731,198,29,24,1,-1,-1,-1
168,10,738,181,31,23,1,-1,-1,-1
168,20,406,340,89,89,1,-1,-1,-1
168,24,1167,419,86,52,1,-1,-1,-1
168,50,925,309,38,38,1,-1,-1,-1
168,55,430,320,72,41,1,-1,-1,-1
168,56,479,287,59,35,1,-1,-1,-1
168,58,557,282,41,34,1,-1,-1,-1
168,60,600,249,33,25,1,-1,-1,-1
168,63,832,387,47,47,1,-1,-1,-1
168,64,899,260,35,27,1,-1,-1,-1
168,65,888,237,27,25,1,-1,-1,-1
168,117,1675,880,226,136,1,-1,-1,-1
168,119,1462,764,159,118,1,-1,-1,-1
168,120,1743,814,158,80,1,-1,-1,-1
168,121,829,234,30,27,1,-1,-1,-1
168,122,656,313,44,37,1,-1,-1,-1
168,123,770,210,27,23,1,-1,-1,-1
168,132,795,237,34,27,1,-1,-1,-1
169,0,1599,700,209,91,1,-1,-1,-1
169,3,1629,467,126,67,1,-1,-1,-1
169,8,731,206,31,27,1,-1,-1,-1
169,10,739,181,30,23,1,-1,-1,-1
169,20,406,342,89,89,1,-1,-1,-1
169,24,1171,419,86,53,1,-1,-1,-1
169,50,925,309,38,38,1,-1,-1,-1
169,55,431,324,71,41,1,-1,-1,-1
169,56,479,287,59,35,1,-1,-1,-1
169,58,557,282,40,34,1,-1,-1,-1
169,60,601,249,33,25,1,-1,-1,-1
169,63,831,381,47,47,1,-1,-1,-1
169,64,900,259,35,27,1,-1,-1,-1
169,65,888,237,27,25,1,-1,-1,-1
169,117,1674,884,227,138,1,-1,-1,-1
169,119,1463,767,159,119,1,-1,-1,-1
169,120,1743,817,158,80,1,-1,-1,-1
169,121,829,236,29,27,1,-1,-1,-1
169,122,656,313,44,37,1,-1,-1,-1
169,123,771,210,27,23,1,-1,-1,-1
169,132,795,236,34,27,1,-1,-1,-1
170,0,1603,702,209,91,1,-1,-1,-1
170,3,1631,469,126,67,1,-1,-1,-1
170,8,729,203,31,27,1,-1,-1,-1
170,10,740,181,29,23,1,-1,-1,-1
170,20,411,340,89,89,1,-1,-1,-1
170,24,1175,419,87,54,1,-1,-1,-1
170,50,925,309,38,38,1,-1,-1,-1
170,55,430,322,71,41,1,-1,-1,-1
170,56,480,287,59,35,1,-1,-1,-1
170,58,556,282,40,34,1,-1,-1,-1
170,60,599,249,33,25,1,-1,-1,-1
170,63,833,376,47,47,1,-1,-1,-1
170,64,897,258,35,27,1,-1,-1,-1
170,65,888,237,27,25,1,-1,-1,-1
170,117,1674,889,227,140,1,-1,-1,-1
170,119,1465,770,158,120,1,-1,-1,-1
170,120,1744,821,157,80,1,-1,-1,-1
170,121,829,233,29,27,1,-1,-1,-1
170,122,656,313,44,37,1,-1,-1,-1
170,123,771,211,27,23,1,-1,-1,-1
170,132,795,235,34,27,1,-1,-1,-1
171,0,1607,704,209,91,1,-1,-1,-1
171,3,1635,469,126,67,1,-1,-1,-1
171,8,727,200,31,27,1,-1,-1,-1
171,10,741,180,27,23,1,-1,-1,-1
171,20,417,338,89,89,1,-1,-1,-1
171,24,1179,419,88,55,1,-1,-1,-1
171,50,924,309,39,38,1,-1,-1,-1
171,55,429,320,71,41,1,-1,-1,-1
171,56,481,288,59,35,1,-1,-1,-1
171,58,555,282,40,34,1,-1,-1,-1
171,60,598,249,33,25,1,-1,-1,-1
171,63,836,372,47,47,1,-1,-1,-1
171,64,894,257,35,27,1,-1,-1,-1
171,65,887,237,27,25,1,-1,-1,-1
171,117,1678,889,223,140,1,-1,-1,-1
171,119,1469,770,158,120,1,-1,-1,-1
171,120,1745,825,157,80,1,-1,-1,-1
171,121,830,231,28,26,1,-1,-1,-1
171,122,656,313,44,37,1,-1,-1,-1
171,123,772,212,27,23,1,-1,-1,-1
171,132,795,234,34,28,1,-1,-1,-1
172,0,1613,705,209,91,1,-1,-1,-1
172,3,1639,470,126,67,1,-1,-1,-1
172,8,730,200,31,27,1,-1,-1,-1
172,10,742,180,26,23,1,-1,-1,-1
172,20,423,337,89,89,1,-1,-1,-1
172,24,1183,419,88,56,1,-1,-1,-1
172,50,924,309,39,38,1,-1,-1,-1
172,55,429,319,71,41,1,-1,-1,-1
172,56,490,287,59,36,1,-1,-1,-1
172,58,555,282,40,34,1,-1,-1,-1
172,60,607,249,33,25,1,-1,-1,-1
172,63,839,368,46,46,1,-1,-1,-1
172,64,895,261,35,27,1,-1,-1,-1
172,65,887,237,27,25,1,-1,-1,-1
172,117,1682,890,219,139,1,-1,-1,-1
172,119,1473,771,158,120,1,-1,-1,-1
172,120,1749,826,153,80,1,-1,-1,-1
172,121,830,229,28,25,1,-1,-1,-1
172,122,656,313,44,37,1,-1,-1,-1
172,123,772,213,27,23,1,-1,-1,-1
172,132,794,233,34,28,1,-1,-1,-1
173,0,1619,706,209,91,1,-1,-1,-1
173,3,1643,471,126,67,1,-1,-1,-1
173,8,733,201,31,27,1,-1,-1,-1
173,10,744,180,24,23,1,-1,-1,-1
173,20,429,335,89,89,1,-1,-1,-1
173,24,1187,419,89,57,1,-1,-1,-1
173,50,924,309,39,38,1,-1,-1,-1
173,55,441,318,71,41,1,-1,-1,-1
173,56,500,287,59,36,1,-1,-1,-1
173,58,566,281,40,34,1,-1,-1,-1
173,60,616,249,33,25,1,-1,-1,-1
173,63,842,364,46,46,1,-1,-1,-1
173,64,898,260,35,29,1,-1,-1,-1
173,65,887,237,27,25,1,-1,-1,-1
173,117,1686,891,215,138,1,-1,-1,-1
173,119,1477,771,158,120,1,-1,-1,-1
173,120,1754,828,148,80,1,-1,-1,-1
173,121,831,227,27,25,1,-1,-1,-1
173,122,656,313,44,37,1,-1,-1,-1
173,123,773,214,27,23,1,-1,-1,-1
173,132,794,233,33,27,1,-1,-1,-1
174,0,1625,707,209,91,1,-1,-1,-1
174,3,1647,471,126,67,1,-1,-1,-1
174,8,751,202,31,27,1,-1,-1,-1
174,10,756,181,29,23,1,-1,-1,-1
174,20,435,333,89,89,1,-1,-1,-1
174,24,1192,419,89,58,1,-1,-1,-1
174,50,941,309,39,38,1,-1,-1,-1
174,55,454,317,70,42,1,-1,-1,-1
174,56,510,287,59,36,1,-1,-1,-1
174,58,577,281,40,34,1,-1,-1,-1
174,60,625,249,33,25,1,-1,-1,-1
174,63,845,360,46,46,1,-1,-1,-1
174,64,909,258,35,29,1,-1,-1,-1
174,65,906,238,27,24,1,-1,-1,-1
174,117,1690,892,211,137,1,-1,-1,-1
174,119,1481,772,158,120,1,-1,-1,-1
174,120,1759,829,143,80,1,-1,-1,-1
174,121,848,226,27,25,1,-1,-1,-1
174,122,673,313,44,37,1,-1,-1,-1
174,123,789,216,26,22,1,-1,-1,-1
174,132,813,232,31,28,1,-1,-1,-1
175,0,1631,708,209,91,1,-1,-1,-1
175,3,1651,472,126,67,1,-1,-1,-1
175,8,765,200,31,27,1,-1,-1,-1
175,10,769,182,33,23,1,-1,-1,-1
175,20,441,332,89,89,1,-1,-1,-1
175,24,1196,419,89,57,1,-1,-1,-1
175,50,959,309,39,38,1,-1,-1,-1
175,55,467,316,70,43,1,-1,-1,-1
175,56,520,287,59,36,1,-1,-1,-1
175,58,589,281,40,34,1,-1,-1,-1
175,60,635,250,33,25,1,-1,-1,-1
175,63,862,356,45,43,1,-1,-1,-1
175,64,928,258,35,29,1,-1,-1,-1
175,65,926,239,27,24,1,-1,-1,-1
175,117,1694,893,207,136,1,-1,-1,-1
175,119,1485,772,158,121,1,-1,-1,-1
175,120,1764,831,138,80,1,-1,-1,-1
175,121,865,226,27,25,1,-1,-1,-1
175,122,690,314,44,37,1,-1,-1,-1
175,123,804,216,25,23,1,-1,-1,-1
175,132,833,232,29,29,1,-1,-1,-1
176,0,1637,709,209,91,1,-1,-1,-1
176,3,1655,473,126,67,1,-1,-1,-1
176,8,765,199,31,27,1,-1,-1,-1
176,10,775,182,33,23,1,-1,-1,-1
176,20,444,331,89,89,1,-1,-1,-1
176,24,1200,419,90,56,1,-1,-1,-1
176,50,959,308,39,38,1,-1,-1,-1
176,55,469,316,71,43,1,-1,-1,-1
176,56,520,287,59,36,1,-1,-1,-1
176,58,592,280,40,34,1,-1,-1,-1
176,60,635,248,33,25,1,-1,-1,-1
176,63,861,352,44,42,1,-1,-1,-1
176,64,928,255,35,30,1,-1,-1,-1
176,65,925,240,27,25,1,-1,-1,-1
176,117,1698,894,203,135,1,-1,-1,-1
176,119,1489,773,158,120,1,-1,-1,-1
176,120,1769,833,133,79,1,-1,-1,-1
176,121,864,225,27,25,1,-1,-1,-1
176,122,691,314,44,37,1,-1,-1,-1
176,123,804,217,25,23,1,-1,-1,-1
176,132,833,230,28,28,1,-1,-1,-1
177,0,1643,710,209,91,1,-1,-1,-1
177,3,1659,473,126,67,1,-1,-1,-1
177,8,765,198,31,27,1,-1,-1,-1
177,10,779,180,33,23,1,-1,-1,-1
177,20,447,331,89,89,1,-1,-1,-1
177,24,1204,419,91,56,1,-1,-1,-1
177,50,959,308,39,38,1,-1,-1,-1
177,55,472,316,71,43,1,-1,-1,-1
177,56,520,287,59,36,1,-1,-1,-1
177,58,595,280,40,34,1,-1,-1,-1
177,60,636,247,33,25,1,-1,-1,-1
177,63,860,348,44,42,1,-1,-1,-1
177,64,926,258,35,28,1,-1,-1,-1
177,65,928,239,27,25,1,-1,-1,-1
177,117,1703,895,198,135,1,-1,-1,-1
177,119,1493,773,158,121,1,-1,-1,-1
177,120,1774,834,128,80,1,-1,-1,-1
177,121,863,224,28,25,1,-1,-1,-1
177,122,692,315,44,37,1,-1,-1,-1
177,123,804,219,26,23,1,-1,-1,-1
177,132,833,228,27,28,1,-1,-1,-1
178,0,1650,712,209,91,1,-1,-1,-1
178,3,1663,474,126,67,1,-1,-1,-1
178,8,765,198,31,27,1,-1,-1,-1
178,10,780,179,28,23,1,-1,-1,-1
178,20,450,331,89,89,1,-1,-1,-1
178,24,1208,419,91,55,1,-1,-1,-1
178,50,959,308,39,37,1,-1,-1,-1
178,55,475,316,71,43,1,-1,-1,-1
178,56,520,287,59,36,1,-1,-1,-1
178,58,598,279,40,34,1,-1,-1,-1
178,60,636,247,33,25,1,-1,-1,-1
178,63,860,344,42,41,1,-1,-1,-1
178,64,927,258,35,28,1,-1,-1,-1
178,65,931,238,27,25,1,-1,-1,-1
178,117,1707,895,194,135,1,-1,-1,-1
178,119,1497,774,158,121,1,-1,-1,-1
178,120,1778,836,124,79,1,-1,-1,-1
178,121,863,224,28,24,1,-1,-1,-1
178,122,693,315,44,38,1,-1,-1,-1
178,123,804,220,26,23,1,-1,-1,-1
178,132,833,226,26,28,1,-1,-1,-1
179,0,1653,712,209,91,1,-1,-1,-1
179,3,1667,475,126,67,1,-1,-1,-1
179,8,765,197,31,27,1,-1,-1,-1
179,10,781,178,24,23,1,-1,-1,-1
179,20,453,331,89,89,1,-1,-1,-1
179,24,1213,419,91,55,1,-1,-1,-1
179,50,960,308,38,37,1,-1,-1,-1
179,55,478,317,71,42,1,-1,-1,-1
179,56,520,287,59,36,1,-1,-1,-1
179,58,601,279,40,34,1,-1,-1,-1
179,60,636,247,33,25,1,-1,-1,-1
179,63,859,340,42,41,1,-1,-1,-1
179,64,929,258,35,28,1,-1,-1,-1
179,65,934,237,27,25,1,-1,-1,-1
179,117,1711,896,190,134,1,-1,-1,-1
179,119,1501,774,158,121,1,-1,-1,-1
179,120,1783,837,119,80,1,-1,-1,-1
179,121,862,223,29,24,1,-1,-1,-1
179,122,694,316,44,38,1,-1,-1,-1
179,123,804,222,27,23,1,-1,-1,-1
179,132,833,225,25,27,1,-1,-1,-1
180,0,1657,712,209,91,1,-1,-1,-1
180,3,1670,475,126,67,1,-1,-1,-1
180,8,766,197,31,27,1,-1,-1,-1
180,10,781,177,25,24,1,-1,-1,-1
180,20,456,330,89,90,1,-1,-1,-1
180,24,1217,419,92,54,1,-1,-1,-1
180,50,965,308,38,38,1,-1,-1,-1
180,55,481,317,71,42,1,-1,-1,-1
180,56,520,288,59,35,1,-1,-1,-1
180,58,605,278,40,34,1,-1,-1,-1
180,60,637,248,33,25,1,-1,-1,-1
180,63,858,336,41,40,1,-1,-1,-1
180,64,930,258,35,28,1,-1,-1,-1
180,65,937,236,27,25,1,-1,-1,-1
180,117,1715,897,186,133,1,-1,-1,-1
180,119,1505,775,158,121,1,-1,-1,-1
180,120,1788,839,114,79,1,-1,-1,-1
180,121,862,223,29,23,1,-1,-1,-1
180,122,695,316,44,39,1,-1,-1,-1
180,123,806,219,27,21,1,-1,-1,-1
180,132,834,223,25,27,1,-1,-1,-1
181,0,1661,712,209,91,1,-1,-1,-1
181,3,1674,475,126,67,1,-1,-1,-1
181,8,775,199,31,27,1,-1,-1,-1
181,10,781,177,26,24,1,-1,-1,-1
181,20,459,330,89,90,1,-1,-1,-1
181,24,1221,419,92,54,1,-1,-1,-1
181,50,970,309,38,38,1,-1,-1,-1
181,55,484,317,71,42,1,-1,-1,-1
181,56,526,287,59,35,1,-1,-1,-1
181,58,608,278,40,34,1,-1,-1,-1
181,60,641,248,33,25,1,-1,-1,-1
181,63,858,333,40,39,1,-1,-1,-1
181,64,932,258,35,28,1,-1,-1,-1
181,65,940,235,27,25,1,-1,-1,-1
181,117,1719,898,182,132,1,-1,-1,-1
181,119,1509,775,158,122,1,-1,-1,-1
181,120,1793,841,109,79,1,-1,-1,-1
181,121,869,221,29,23,1,-1,-1,-1
181,122,696,317,44,39,1,-1,-1,-1
181,123,804,218,27,21,1,-1,-1,-1
181,132,835,219,25,28,1,-1,-1,-1
182,0,1664,712,209,91,1,-1,-1,-1
182,3,1678,475,126,67,1,-1,-1,-1
182,8,773,197,29,24,1,-1,-1,-1
182,10,782,177,27,24,1,-1,-1,-1
182,20,462,330,89,90,1,-1,-1,-1
182,24,1225,419,93,53,1,-1,-1,-1
182,50,975,309,38,39,1,-1,-1,-1
182,55,487,318,71,41,1,-1,-1,-1
182,56,532,286,59,35,1,-1,-1,-1
182,58,611,277,40,34,1,-1,-1,-1
182,60,645,248,33,25,1,-1,-1,-1
182,63,867,329,39,39,1,-1,-1,-1
182,64,934,258,35,29,1,-1,-1,-1
182,65,943,234,27,25,1,-1,-1,-1
182,117,1723,899,178,131,1,-1,-1,-1
182,119,1513,776,158,121,1,-1,-1,-1
182,120,1798,842,104,79,1,-1,-1,-1
182,121,877,220,29,22,1,-1,-1,-1
182,122,698,318,44,39,1,-1,-1,-1
182,123,814,222,26,21,1,-1,-1,-1
182,132,843,217,25,29,1,-1,-1,-1
183,0,1668,712,209,91,1,-1,-1,-1
183,3,1681,475,126,67,1,-1,-1,-1
183,8,784,197,29,25,1,-1,-1,-1
183,10,791,178,30,24,1,-1,-1,-1
183,20,465,330,89,90,1,-1,-1,-1
183,24,1230,420,93,52,1,-1,-1,-1
183,50,981,310,38,39,1,-1,-1,-1
183,55,490,318,71,41,1,-1,-1,-1
183,56,538,285,59,35,1,-1,-1,-1
183,58,614,277,40,34,1,-1,-1,-1
183,60,663,248,33,25,1,-1,-1,-1
183,63,877,326,39,38,1,-1,-1,-1
183,64,942,258,35,29,1,-1,-1,-1
183,65,947,234,27,25,1,-1,-1,-1
183,117,1727,900,174,130,1,-1,-1,-1
183,119,1517,776,158,122,1,-1,-1,-1
183,120,1803,844,99,79,1,-1,-1,-1
183,121,885,219,28,21,1,-1,-1,-1
183,122,711,319,44,37,1,-1,-1,-1
183,123,824,226,25,21,1,-1,-1,-1
183,132,852,216,25,29,1,-1,-1,-1
184,0,1672,713,209,90,1,-1,-1,-1
184,3,1685,475,126,67,1,-1,-1,-1
184,8,795,197,30,26,1,-1,-1,-1
184,10,801,180,33,23,1,-1,-1,-1
184,20,469,330,89,90,1,-1,-1,-1
184,24,1230,420,93,52,1,-1,-1,-1
184,50,984,309,38,38,1,-1,-1,-1
184,55,493,318,71,41,1,-1,-1,-1
184,56,544,285,60,35,1,-1,-1,-1
184,58,617,276,40,34,1,-1,-1,-1
184,60,663,247,33,25,1,-1,-1,-1
184,63,888,323,38,38,1,-1,-1,-1
184,64,950,259,35,28,1,-1,-1,-1
184,65,948,234,27,25,1,-1,-1,-1
184,117,1732,901,170,130,1,-1,-1,-1
184,119,1522,777,158,122,1,-1,-1,-1
184,121,893,218,28,20,1,-1,-1,-1
184,122,716,319,44,39,1,-1,-1,-1
184,123,832,223,25,22,1,-1,-1,-1
184,132,862,217,26,30,1,-1,-1,-1
185,0,1673,714,209,90,1,-1,-1,-1
185,3,1689,475,126,67,1,-1,-1,-1
185,8,795,196,30,27,1,-1,-1,-1
185,10,804,180,29,22,1,-1,-1,-1
185,20,469,329,89,90,1,-1,-1,-1
185,24,1231,420,93,52,1,-1,-1,-1
185,50,987,308,38,37,1,-1,-1,-1
185,55,496,319,71,41,1,-1,-1,-1
185,56,544,284,60,35,1,-1,-1,-1
185,58,621,276,40,34,1,-1,-1,-1
185,60,663,246,33,25,1,-1,-1,-1
185,63,887,319,37,38,1,-1,-1,-1
185,64,958,260,35,27,1,-1,-1,-1
185,65,949,234,27,25,1,-1,-1,-1
185,117,1732,901,170,129,1,-1,-1,-1
185,119,1521,776,158,122,1,-1,-1,-1
185,121,892,217,29,20,1,-1,-1,-1
185,122,715,319,44,40,1,-1,-1,-1
185,123,829,226,26,22,1,-1,-1,-1
185,132,863,215,25,29,1,-1,-1,-1
186,0,1675,715,208,90,1,-1,-1,-1
186,3,1692,475,126,67,1,-1,-1,-1
186,8,795,196,31,27,1,-1,-1,-1
186,10,808,180,24,22,1,-1,-1,-1
186,20,469,329,89,90,1,-1,-1,-1
186,24,1231,420,93,52,1,-1,-1,-1
186,50,986,307,38,37,1,-1,-1,-1
186,55,496,317,71,41,1,-1,-1,-1
186,56,545,284,60,35,1,-1,-1,-1
186,58,621,275,40,34,1,-1,-1,-1
186,60,663,246,33,25,1,-1,-1,-1
186,63,886,316,37,37,1,-1,-1,-1
186,64,955,263,35,27,1,-1,-1,-1
186,65,949,234,27,25,1,-1,-1,-1
186,117,1732,901,170,129,1,-1,-1,-1
186,119,1520,776,158,122,1,-1,-1,-1
186,121,892,217,29,19,1,-1,-1,-1
186,122,715,320,44,40,1,-1,-1,-1
186,123,828,226,26,22,1,-1,-1,-1
186,132,864,213,25,28,1,-1,-1,-1
187,0,1677,716,207,90,1,-1,-1,-1
187,3,1696,475,126,67,1,-1,-1,-1
187,8,795,195,31,27,1,-1,-1,-1
187,10,807,179,25,22,1,-1,-1,-1
187,20,469,328,89,91,1,-1,-1,-1
187,24,1232,420,93,52,1,-1,-1,-1
187,50,986,306,38,37,1,-1,-1,-1
187,55,496,316,71,41,1,-1,-1,-1
187,56,545,283,61,35,1,-1,-1,-1
187,58,621,274,40,34,1,-1,-1,-1
187,60,663,245,33,25,1,-1,-1,-1
187,63,885,312,36,37,1,-1,-1,-1
187,64,955,260,35,27,1,-1,-1,-1
187,65,949,234,27,25,1,-1,-1,-1
187,117,1733,902,169,128,1,-1,-1,-1
187,119,1519,775,158,122,1,-1,-1,-1
187,121,893,216,28,19,1,-1,-1,-1
187,122,714,321,44,40,1,-1,-1,-1
187,123,828,226,26,23,1,-1,-1,-1
187,132,864,212,25,28,1,-1,-1,-1
188,0,1679,718,206,90,1,-1,-1,-1
188,3,1700,476,126,67,1,-1,-1,-1
188,8,795,195,31,27,1,-1,-1,-1
188,10,807,178,26,22,1,-1,-1,-1
188,20,469,328,89,90,1,-1,-1,-1
188,24,1232,420,93,52,1,-1,-1,-1
188,50,986,305,38,38,1,-1,-1,-1
188,55,496,315,71,41,1,-1,-1,-1
188,56,546,283,61,35,1,-1,-1,-1
188,58,621,274,40,34,1,-1,-1,-1
188,60,663,244,33,25,1,-1,-1,-1
188,63,885,309,35,37,1,-1,-1,-1
188,64,955,257,35,28,1,-1,-1,-1
188,65,949,235,27,25,1,-1,-1,-1
188,117,1734,902,167,128,1,-1,-1,-1
188,119,1518,775,158,122,1,-1,-1,-1
188,121,894,215,28,19,1,-1,-1,-1
188,122,714,322,44,40,1,-1,-1,-1
188,123,827,226,27,23,1,-1,-1,-1
188,132,864,211,25,28,1,-1,-1,-1
189,0,1681,719,205,90,1,-1,-1,-1
189,3,1700,475,126,67,1,-1,-1,-1
189,8,795,195,31,27,1,-1,-1,-1
189,10,807,177,27,22,1,-1,-1,-1
189,20,469,327,89,91,1,-1,-1,-1
189,24,1233,420,93,52,1,-1,-1,-1
189,50,986,304,38,38,1,-1,-1,-1
189,55,496,313,71,41,1,-1,-1,-1
189,56,547,283,61,35,1,-1,-1,-1
189,58,621,273,40,34,1,-1,-1,-1
189,60,663,244,33,25,1,-1,-1,-1
189,63,884,305,35,37,1,-1,-1,-1
189,64,955,256,35,28,1,-1,-1,-1
189,65,949,235,27,25,1,-1,-1,-1
189,117,1736,902,165,128,1,-1,-1,-1
189,119,1518,775,158,122,1,-1,-1,-1
189,121,894,214,28,19,1,-1,-1,-1
189,122,714,323,43,40,1,-1,-1,-1
189,123,827,226,27,24,1,-1,-1,-1
189,132,864,210,25,28,1,-1,-1,-1
190,0,1683,720,204,90,1,-1,-1,-1
190,3,1701,475,126,67,1,-1,-1,-1
190,8,795,195,31,27,1,-1,-1,-1
190,10,807,176,28,23,1,-1,-1,-1
190,20,469,327,89,91,1,-1,-1,-1
190,24,1233,420,93,52,1,-1,-1,-1
190,50,985,304,38,37,1,-1,-1,-1
190,55,496,312,71,41,1,-1,-1,-1
190,56,546,282,61,35,1,-1,-1,-1
190,58,621,273,40,34,1,-1,-1,-1
190,60,663,243,33,25,1,-1,-1,-1
190,63,884,302,35,37,1,-1,-1,-1
190,64,955,256,35,28,1,-1,-1,-1
190,65,949,235,27,25,1,-1,-1,-1
190,117,1738,903,163,128,1,-1,-1,-1
190,119,1520,776,158,123,1,-1,-1,-1
190,121,894,213,28,19,1,-1,-1,-1
190,122,713,323,44,41,1,-1,-1,-1
190,123,827,226,27,24,1,-1,-1,-1
190,132,864,209,25,28,1,-1,-1,-1
191,0,1685,721,204,90,1,-1,-1,-1
191,3,1702,474,126,67,1,-1,-1,-1
191,8,795,195,31,27,1,-1,-1,-1
191,10,807,176,29,22,1,-1,-1,-1
191,20,469,327,89,91,1,-1,-1,-1
191,24,1234,420,93,52,1,-1,-1,-1
191,50,985,303,38,38,1,-1,-1,-1
191,55,496,311,71,41,1,-1,-1,-1
191,56,545,282,62,35,1,-1,-1,-1
191,58,621,272,40,34,1,-1,-1,-1
191,60,664,243,33,25,1,-1,-1,-1
191,63,883,299,35,37,1,-1,-1,-1
191,64,955,256,35,28,1,-1,-1,-1
191,65,949,236,27,25,1,-1,-1,-1
191,117,1739,903,162,128,1,-1,-1,-1
191,119,1522,778,159,123,1,-1,-1,-1
191,121,895,212,27,19,1,-1,-1,-1
191,122,713,324,43,41,1,-1,-1,-1
191,123,826,226,28,25,1,-1,-1,-1
191,132,864,208,25,28,1,-1,-1,-1
192,0,1687,723,203,90,1,-1,-1,-1
192,3,1703,474,126,67,1,-1,-1,-1
192,8,795,195,31,27,1,-1,-1,-1
192,10,807,175,29,22,1,-1,-1,-1
192,20,467,327,89,91,1,-1,-1,-1
192,24,1234,420,93,52,1,-1,-1,-1
192,50,985,302,38,38,1,-1,-1,-1
192,55,496,309,71,41,1,-1,-1,-1
192,56,544,281,63,35,1,-1,-1,-1
192,58,621,271,40,34,1,-1,-1,-1
192,60,664,242,33,25,1,-1,-1,-1
192,63,883,296,35,36,1,-1,-1,-1
192,64,955,255,35,29,1,-1,-1,-1
192,65,949,236,27,25,1,-1,-1,-1
192,117,1741,904,160,128,1,-1,-1,-1
192,119,1524,780,160,123,1,-1,-1,-1
192,121,895,212,27,18,1,-1,-1,-1
192,122,713,325,43,41,1,-1,-1,-1
192,123,826,226,28,25,1,-1,-1,-1
192,132,864,206,25,27,1,-1,-1,-1
193,0,1689,724,202,90,1,-1,-1,-1
193,3,1703,473,126,67,1,-1,-1,-1
193,8,795,194,31,27,1,-1,-1,-1
193,10,807,174,30,23,1,-1,-1,-1
193,20,465,328,90,91,1,-1,-1,-1
193,24,1235,420,93,52,1,-1,-1,-1
193,50,985,301,38,38,1,-1,-1,-1
193,55,496,308,71,41,1,-1,-1,-1
193,56,543,281,64,35,1,-1,-1,-1
193,58,621,271,40,34,1,-1,-1,-1
193,60,664,241,33,25,1,-1,-1,-1
193,63,882,293,35,36,1,-1,-1,-1
193,64,955,255,35,28,1,-1,-1,-1
193,65,949,237,27,25,1,-1,-1,-1
193,117,1743,904,158,128,1,-1,-1,-1
193,119,1526,782,161,123,1,-1,-1,-1
193,121,895,211,27,19,1,-1,-1,-1
193,122,712,326,44,41,1,-1,-1,-1
193,123,825,226,29,26,1,-1,-1,-1
193,132,864,204,25,26,1,-1,-1,-1
194,0,1690,725,202,90,1,-1,-1,-1
194,3,1704,473,126,67,1,-1,-1,-1
194,8,795,194,31,27,1,-1,-1,-1
194,10,807,173,31,23,1,-1,-1,-1
194,20,464,328,90,92,1,-1,-1,-1
194,24,1235,420,93,52,1,-1,-1,-1
194,50,985,301,38,38,1,-1,-1,-1
194,55,497,307,71,41,1,-1,-1,-1
194,56,542,280,65,36,1,-1,-1,-1
194,58,621,270,40,34,1,-1,-1,-1
194,60,664,241,33,25,1,-1,-1,-1
194,63,882,290,35,36,1,-1,-1,-1
194,64,955,255,35,28,1,-1,-1,-1
194,65,949,237,27,25,1,-1,-1,-1
194,117,1745,905,156,128,1,-1,-1,-1
194,119,1528,783,162,124,1,-1,-1,-1
194,121,896,210,26,19,1,-1,-1,-1
194,122,712,327,43,41,1,-1,-1,-1
194,123,825,226,29,26,1,-1,-1,-1
194,132,864,202,25,25,1,-1,-1,-1
195,0,1692,726,201,90,1,-1,-1,-1
195,3,1705,472,126,67,1,-1,-1,-1
195,8,795,194,31,27,1,-1,-1,-1
195,10,807,172,32,23,1,-1,-1,-1
195,20,462,329,91,91,1,-1,-1,-1
195,24,1236,420,93,52,1,-1,-1,-1
195,50,985,301,38,38,1,-1,-1,-1
195,55,496,307,71,41,1,-1,-1,-1
195,56,541,280,66,35,1,-1,-1,-1
195,58,621,270,40,34,1,-1,-1,-1
195,60,664,240,33,25,1,-1,-1,-1
195,63,882,287,35,36,1,-1,-1,-1
195,64,955,255,35,28,1,-1,-1,-1
195,65,949,237,27,25,1,-1,-1,-1
195,117,1746,905,155,128,1,-1,-1,-1
195,119,1530,785,163,124,1,-1,-1,-1
195,121,896,209,26,19,1,-1,-1,-1
195,122,711,327,44,42,1,-1,-1,-1
195,123,825,226,29,27,1,-1,-1,-1
195,132,864,200,25,24,1,-1,-1,-1
196,0,1694,728,200,90,1,-1,-1,-1
196,3,1706,472,126,67,1,-1,-1,-1
196,8,795,194,31,27,1,-1,-1,-1
196,10,807,172,33,23,1,-1,-1,-1
196,20,460,329,92,92,1,-1,-1,-1
196,24,1236,420,93,52,1,-1,-1,-1
196,50,985,301,38,38,1,-1,-1,-1
196,55,495,307,71,41,1,-1,-1,-1
196,56,540,279,67,36,1,-1,-1,-1
196,58,620,270,40,34,1,-1,-1,-1
196,60,664,239,33,25,1,-1,-1,-1
196,63,882,285,34,36,1,-1,-1,-1
196,64,955,254,35,29,1,-1,-1,-1
196,65,950,238,27,25,1,-1,-1,-1
196,117,1748,906,153,128,1,-1,-1,-1
196,119,1532,787,164,124,1,-1,-1,-1
196,121,897,209,25,18,1,-1,-1,-1
196,122,711,328,43,42,1,-1,-1,-1
196,123,824,227,29,27,1,-1,-1,-1
196,132,865,199,24,23,1,-1,-1,-1
197,0,1696,729,200,90,1,-1,-1,-1
197,3,1707,473,126,67,1,-1,-1,-1
197,8,795,194,31,27,1,-1,-1,-1
197,10,806,172,33,23,1,-1,-1,-1
197,20,459,330,92,92,1,-1,-1,-1
197,24,1237,420,93,52,1,-1,-1,-1
197,50,985,302,38,38,1,-1,-1,-1
197,55,494,308,71,41,1,-1,-1,-1
197,56,539,279,68,35,1,-1,-1,-1
197,58,619,271,40,34,1,-1,-1,-1
197,60,664,239,33,25,1,-1,-1,-1
197,63,882,284,34,35,1,-1,-1,-1
197,64,955,254,35,29,1,-1,-1,-1
197,65,950,238,27,25,1,-1,-1,-1
197,117,1750,906,151,128,1,-1,-1,-1
197,119,1534,789,165,124,1,-1,-1,-1
197,121,897,208,25,19,1,-1,-1,-1
197,122,711,329,43,42,1,-1,-1,-1
197,123,823,228,30,28,1,-1,-1,-1
197,132,865,198,24,23,1,-1,-1,-1
198,0,1698,730,199,90,1,-1,-1,-1
198,3,1709,474,126,67,1,-1,-1,-1
198,8,795,194,31,27,1,-1,-1,-1
198,10,806,172,33,23,1,-1,-1,-1
198,20,457,330,93,92,1,-1,-1,-1
198,24,1237,420,93,52,1,-1,-1,-1
198,50,985,302,38,38,1,-1,-1,-1
198,55,493,308,71,41,1,-1,-1,-1
198,56,538,278,69,36,1,-1,-1,-1
198,58,619,271,40,34,1,-1,-1,-1
198,60,664,238,33,25,1,-1,-1,-1
198,63,882,283,34,34,1,-1,-1,-1
198,64,955,254,35,28,1,-1,-1,-1
198,65,950,238,27,25,1,-1,-1,-1
198,119,1536,790,166,125,1,-1,-1,-1
198,121,897,207,25,19,1,-1,-1,-1
198,122,710,330,43,42,1,-1,-1,-1
198,123,823,230,30,28,1,-1,-1,-1
198,132,865,198,24,23,1,-1,-1,-1
199,0,1700,731,198,90,1,-1,-1,-1
199,3,1710,475,126,67,1,-1,-1,-1
199,8,795,194,31,27,1,-1,-1,-1
199,10,806,173,33,23,1,-1,-1,-1
199,20,455,331,94,92,1,-1,-1,-1
199,24,1238,420,93,52,1,-1,-1,-1
199,50,985,303,38,38,1,-1,-1,-1
199,55,492,309,71,41,1,-1,-1,-1
199,56,537,278,70,36,1,-1,-1,-1
199,58,618,272,40,34,1,-1,-1,-1
199,60,665,238,33,25,1,-1,-1,-1
199,63,882,281,33,34,1,-1,-1,-1
199,64,955,253,35,29,1,-1,-1,-1
199,65,950,239,27,25,1,-1,-1,-1
199,119,1538,792,167,125,1,-1,-1,-1
199,121,898,207,24,18,1,-1,-1,-1
199,122,710,331,43,42,1,-1,-1,-1
199,123,822,231,30,29,1,-1,-1,-1
199,132,866,197,24,23,1,-1,-1,-1
200,0,1702,733,197,90,1,-1,-1,-1
200,3,1712,476,126,67,1,-1,-1,-1
200,8,794,194,31,27,1,-1,-1,-1
200,10,805,173,33,23,1,-1,-1,-1
200,20,454,331,94,93,1,-1,-1,-1
200,24,1239,420,93,52,1,-1,-1,-1
200,50,985,303,38,38,1,-1,-1,-1
200,55,491,309,71,41,1,-1,-1,-1
200,56,536,278,70,36,1,-1,-1,-1
200,58,618,272,40,34,1,-1,-1,-1
200,60,664,238,33,25,1,-1,-1,-1
200,63,882,280,33,34,1,-1,-1,-1
200,64,955,253,35,29,1,-1,-1,-1
200,65,950,239,27,25,1,-1,-1,-1
200,119,1540,794,168,125,1,-1,-1,-1
200,121,898,206,24,18,1,-1,-1,-1
200,122,710,332,43,42,1,-1,-1,-1
200,123,821,233,31,28,1,-1,-1,-1
200,132,866,197,24,23,1,-1,-1,-1
201,0,1704,734,196,90,1,-1,-1,-1
201,3,1714,478,128,65,1,-1,-1,-1
201,8,794,194,31,27,1,-1,-1,-1
201,10,805,173,33,23,1,-1,-1,-1
201,20,452,332,95,92,1,-1,-1,-1
201,24,1240,421,93,52,1,-1,-1,-1
201,50,985,304,38,38,1,-1,-1,-1
201,55,490,310,71,41,1,-1,-1,-1
201,56,535,279,70,36,1,-1,-1,-1
201,58,617,273,40,34,1,-1,-1,-1
201,60,663,239,33,25,1,-1,-1,-1
201,63,882,279,33,33,1,-1,-1,-1
201,64,955,253,35,29,1,-1,-1,-1
201,65,950,240,27,25,1,-1,-1,-1
201,119,1542,796,169,125,1,-1,-1,-1
201,121,899,205,23,18,1,-1,-1,-1
201,122,708,334,43,43,1,-1,-1,-1
201,123,821,234,31,29,1,-1,-1,-1
201,132,867,196,24,23,1,-1,-1,-1
202,0,1706,735,195,90,1,-1,-1,-1
202,3,1717,480,129,64,1,-1,-1,-1
202,8,794,194,31,27,1,-1,-1,-1
202,10,805,174,33,23,1,-1,-1,-1
202,20,450,332,96,93,1,-1,-1,-1
202,24,1242,423,93,52,1,-1,-1,-1
202,50,985,304,38,38,1,-1,-1,-1
202,55,489,310,71,41,1,-1,-1,-1
202,56,534,280,70,36,1,-1,-1,-1
202,58,616,273,40,34,1,-1,-1,-1
202,60,663,239,33,25,1,-1,-1,-1
202,63,882,277,33,33,1,-1,-1,-1
202,64,955,253,35,29,1,-1,-1,-1
202,65,950,240,27,25,1,-1,-1,-1
202,119,1545,798,169,126,1,-1,-1,-1
202,121,899,204,23,19,1,-1,-1,-1
202,122,706,337,44,43,1,-1,-1,-1
202,123,820,236,31,29,1,-1,-1,-1
202,132,867,196,24,23,1,-1,-1,-1
203,0,1708,737,195,90,1,-1,-1,-1
203,3,1720,482,130,63,1,-1,-1,-1
203,8,793,195,31,27,1,-1,-1,-1
203,10,805,174,33,23,1,-1,-1,-1
203,20,449,333,96,93,1,-1,-1,-1
203,24,1243,424,94,52,1,-1,-1,-1
203,50,985,305,38,38,1,-1,-1,-1
203,55,488,311,71,41,1,-1,-1,-1
203,56,533,280,70,36,1,-1,-1,-1
203,58,616,274,40,34,1,-1,-1,-1
203,60,662,240,33,25,1,-1,-1,-1
203,63,882,276,32,32,1,-1,-1,-1
203,64,955,253,35,29,1,-1,-1,-1
203,65,950,240,27,25,1,-1,-1,-1
203,119,1550,804,171,129,1,-1,-1,-1
203,121,899,204,23,18,1,-1,-1,-1
203,122,704,339,44,44,1,-1,-1,-1
203,123,820,237,31,30,1,-1,-1,-1
203,132,868,196,24,23,1,-1,-1,-1
204,0,1716,742,186,90,1,-1,-1,-1
204,3,1722,484,132,61,1,-1,-1,-1
204,8,793,195,31,27,1,-1,-1,-1
204,10,804,174,33,23,1,-1,-1,-1
204,20,447,333,97,94,1,-1,-1,-1
204,24,1245,426,94,52,1,-1,-1,-1
204,50,985,305,38,39,1,-1,-1,-1
204,55,487,311,71,41,1,-1,-1,-1
204,56,532,281,70,36,1,-1,-1,-1
204,58,615,274,40,34,1,-1,-1,-1
204,60,662,240,33,25,1,-1,-1,-1
204,63,882,275,32,31,1,-1,-1,-1
204,64,956,253,35,29,1,-1,-1,-1
204,65,950,241,27,25,1,-1,-1,-1
204,119,1555,811,174,131,1,-1,-1,-1
204,121,900,203,22,18,1,-1,-1,-1
204,122,702,342,45,44,1,-1,-1,-1
204,123,819,239,32,29,1,-1,-1,-1
204,132,868,195,24,23,1,-1,-1,-1
205,0,1724,748,178,90,1,-1,-1,-1
205,3,1725,486,133,60,1,-1,-1,-1
205,8,793,195,31,27,1,-1,-1,-1
205,10,804,175,33,23,1,-1,-1,-1
205,20,445,334,98,93,1,-1,-1,-1
205,24,1246,427,94,52,1,-1,-1,-1
205,50,985,306,38,38,1,-1,-1,-1
205,55,486,312,71,41,1,-1,-1,-1
205,56,531,282,70,36,1,-1,-1,-1
205,58,615,275,40,34,1,-1,-1,-1
205,60,661,241,33,25,1,-1,-1,-1
205,63,882,273,32,32,1,-1,-1,-1
205,64,956,253,35,29,1,-1,-1,-1
205,65,950,241,27,25,1,-1,-1,-1
205,119,1560,817,177,134,1,-1,-1,-1
205,121,900,202,22,18,1,-1,-1,-1
205,122,700,345,46,44,1,-1,-1,-1
205,123,818,240,32,30,1,-1,-1,-1
205,132,868,194,24,23,1,-1,-1,-1
206,0,1733,753,169,90,1,-1,-1,-1
206,3,1728,488,134,59,1,-1,-1,-1
206,8,793,196,31,27,1,-1,-1,-1
206,10,804,175,33,23,1,-1,-1,-1
206,20,444,334,98,94,1,-1,-1,-1
206,24,1248,429,94,52,1,-1,-1,-1
206,50,985,307,38,38,1,-1,-1,-1
206,55,485,312,71,41,1,-1,-1,-1
206,56,530,283,70,36,1,-1,-1,-1
206,58,614,275,40,34,1,-1,-1,-1
206,60,661,242,33,25,1,-1,-1,-1
206,63,882,272,32,31,1,-1,-1,-1
206,64,957,254,35,29,1,-1,-1,-1
206,65,951,242,27,25,1,-1,-1,-1
206,119,1565,824,180,136,1,-1,-1,-1
206,121,901,202,21,18,1,-1,-1,-1
206,122,698,347,46,45,1,-1,-1,-1
206,123,818,242,32,30,1,-1,-1,-1
206,132,868,194,24,23,1,-1,-1,-1
207,0,1741,759,161,90,1,-1,-1,-1
207,3,1731,490,136,58,1,-1,-1,-1
207,8,792,196,31,27,1,-1,-1,-1
207,10,804,175,33,23,1,-1,-1,-1
207,20,442,335,99,94,1,-1,-1,-1
207,24,1250,430,94,53,1,-1,-1,-1
207,50,985,307,38,39,1,-1,-1,-1
207,55,485,313,71,41,1,-1,-1,-1
207,56,529,283,70,36,1,-1,-1,-1
207,58,613,275,40,34,1,-1,-1,-1
207,60,660,242,33,25,1,-1,-1,-1
207,63,882,271,31,30,1,-1,-1,-1
207,64,957,254,35,29,1,-1,-1,-1
207,65,951,242,27,25,1,-1,-1,-1
207,119,1570,830,182,139,1,-1,-1,-1
207,121,901,201,21,18,1,-1,-1,-1
207,122,696,350,47,45,1,-1,-1,-1
207,123,817,243,33,31,1,-1,-1,-1
207,132,868,193,24,23,1,-1,-1,-1
208,0,1750,764,152,90,1,-1,-1,-1
208,3,1736,492,134,58,1,-1,-1,-1
208,8,792,196,31,27,1,-1,-1,-1
208,10,803,176,33,23,1,-1,-1,-1
208,20,440,335,100,94,1,-1,-1,-1
208,24,1251,432,95,52,1,-1,-1,-1
208,50,985,308,38,38,1,-1,-1,-1
208,55,483,314,71,41,1,-1,-1,-1
208,56,528,284,70,36,1,-1,-1,-1
208,58,612,276,40,34,1,-1,-1,-1
208,60,659,243,33,25,1,-1,-1,-1
208,63,882,269,31,30,1,-1,-1,-1
208,64,958,254,35,29,1,-1,-1,-1
208,65,951,242,27,25,1,-1,-1,-1
208,119,1576,837,184,141,1,-1,-1,-1
208,121,901,201,21,18,1,-1,-1,-1
208,122,694,352,47,46,1,-1,-1,-1
208,123,817,245,33,31,1,-1,-1,-1
208,132,868,192,24,23,1,-1,-1,-1
209,0,1758,770,144,90,1,-1,-1,-1
209,3,1742,495,132,58,1,-1,-1,-1
209,8,792,197,31,27,1,-1,-1,-1
209,10,803,176,33,23,1,-1,-1,-1
209,20,439,336,100,94,1,-1,-1,-1
209,24,1253,433,94,53,1,-1,-1,-1
209,50,985,308,38,39,1,-1,-1,-1
209,55,481,315,71,41,1,-1,-1,-1
209,56,527,285,70,36,1,-1,-1,-1
209,58,611,276,40,34,1,-1,-1,-1
209,60,659,243,33,25,1,-1,-1,-1
209,63,882,268,31,29,1,-1,-1,-1
209,64,958,254,35,29,1,-1,-1,-1
209,65,951,243,27,25,1,-1,-1,-1
209,119,1581,843,187,144,1,-1,-1,-1
209,121,901,200,21,18,1,-1,-1,-1
209,122,692,355,48,46,1,-1,-1,-1
209,123,816,247,33,31,1,-1,-1,-1
209,132,869,192,24,23,1,-1,-1,-1
210,3,1747,498,131,58,1,-1,-1,-1
210,8,792,197,31,27,1,-1,-1,-1
210,10,803,176,33,23,1,-1,-1,-1
210,20,437,336,101,95,1,-1,-1,-1
210,24,1254,435,95,52,1,-1,-1,-1
210,50,985,309,38,39,1,-1,-1,-1
210,55,480,316,71,41,1,-1,-1,-1
210,56,526,285,70,36,1,-1,-1,-1
210,58,610,276,40,34,1,-1,-1,-1
210,60,658,244,33,25,1,-1,-1,-1
210,63,883,267,30,29,1,-1,-1,-1
210,64,959,255,35,29,1,-1,-1,-1
210,65,951,243,27,25,1,-1,-1,-1
210,119,1586,850,190,146,1,-1,-1,-1
210,121,901,200,21,18,1,-1,-1,-1
210,122,690,358,49,46,1,-1,-1,-1
210,123,815,249,34,31,1,-1,-1,-1
210,132,869,191,24,23,1,-1,-1,-1
211,3,1753,501,129,58,1,-1,-1,-1
211,8,791,197,31,27,1,-1,-1,-1
211,10,803,177,33,23,1,-1,-1,-1
211,20,435,337,102,94,1,-1,-1,-1
211,24,1256,436,95,53,1,-1,-1,-1
211,50,985,310,38,38,1,-1,-1,-1
211,55,478,317,71,41,1,-1,-1,-1
211,56,525,286,70,36,1,-1,-1,-1
211,58,609,277,40,34,1,-1,-1,-1
211,60,658,244,33,25,1,-1,-1,-1
211,63,883,266,30,29,1,-1,-1,-1
211,64,958,255,35,29,1,-1,-1,-1
211,65,951,243,27,25,1,-1,-1,-1
211,119,1591,856,192,149,1,-1,-1,-1
211,121,901,199,21,18,1,-1,-1,-1
211,122,688,360,49,47,1,-1,-1,-1
211,123,815,251,34,32,1,-1,-1,-1
211,132,869,190,24,23,1,-1,-1,-1
212,3,1758,504,128,58,1,-1,-1,-1
212,8,791,198,31,27,1,-1,-1,-1
212,10,802,177,33,23,1,-1,-1,-1
212,20,434,337,102,95,1,-1,-1,-1
212,24,1258,438,95,53,1,-1,-1,-1
212,50,985,310,38,39,1,-1,-1,-1
212,55,477,318,71,41,1,-1,-1,-1
212,56,524,287,70,36,1,-1,-1,-1
212,58,608,277,40,34,1,-1,-1,-1
212,60,657,245,33,25,1,-1,-1,-1
212,63,883,266,30,29,1,-1,-1,-1
212,64,958,256,35,29,1,-1,-1,-1
212,65,951,244,27,25,1,-1,-1,-1
212,119,1596,863,195,151,1,-1,-1,-1
212,121,901,199,21,18,1,-1,-1,-1
212,122,686,363,50,47,1,-1,-1,-1
212,123,814,253,34,32,1,-1,-1,-1
212,132,870,190,24,23,1,-1,-1,-1
213,3,1764,507,126,58,1,-1,-1,-1
213,8,791,198,31,27,1,-1,-1,-1
213,10,802,177,33,23,1,-1,-1,-1
213,20,432,338,103,95,1,-1,-1,-1
213,24,1260,440,95,53,1,-1,-1,-1
213,50,985,311,38,39,1,-1,-1,-1
213,55,475,319,71,41,1,-1,-1,-1
213,56,523,288,70,36,1,-1,-1,-1
213,58,607,277,40,34,1,-1,-1,-1
213,60,657,246,33,25,1,-1,-1,-1
213,63,883,266,30,29,1,-1,-1,-1
213,64,958,257,35,29,1,-1,-1,-1
213,65,951,244,27,25,1,-1,-1,-1
213,119,1601,869,198,154,1,-1,-1,-1
213,121,901,198,21,18,1,-1,-1,-1
213,122,685,366,50,47,1,-1,-1,-1
213,123,814,255,34,33,1,-1,-1,-1
213,132,870,189,24,23,1,-1,-1,-1
214,3,1769,510,125,58,1,-1,-1,-1
214,8,791,198,31,27,1,-1,-1,-1
214,10,802,178,33,23,1,-1,-1,-1
214,20,430,338,104,95,1,-1,-1,-1
214,24,1262,443,95,53,1,-1,-1,-1
214,50,985,312,38,39,1,-1,-1,-1
214,55,473,320,71,41,1,-1,-1,-1
214,56,522,288,70,36,1,-1,-1,-1
214,58,606,278,40,34,1,-1,-1,-1
214,60,656,246,33,25,1,-1,-1,-1
214,63,883,265,30,29,1,-1,-1,-1
214,64,958,258,35,29,1,-1,-1,-1
214,65,951,245,27,25,1,-1,-1,-1
214,119,1607,876,200,156,1,-1,-1,-1
214,121,902,198,20,18,1,-1,-1,-1
214,122,683,369,50,48,1,-1,-1,-1
214,123,813,257,35,33,1,-1,-1,-1
214,132,871,189,24,23,1,-1,-1,-1
215,3,1775,513,123,58,1,-1,-1,-1
215,8,790,199,31,27,1,-1,-1,-1
215,10,802,178,33,23,1,-1,-1,-1
215,20,429,339,104,95,1,-1,-1,-1
215,24,1264,446,95,53,1,-1,-1,-1
215,50,985,313,38,39,1,-1,-1,-1
215,55,472,321,71,41,1,-1,-1,-1
215,56,521,289,70,36,1,-1,-1,-1
215,58,604,278,40,34,1,-1,-1,-1
215,60,655,247,33,25,1,-1,-1,-1
215,63,884,265,30,29,1,-1,-1,-1
215,64,958,259,35,29,1,-1,-1,-1
215,65,951,245,27,25,1,-1,-1,-1
215,119,1616,885,203,154,1,-1,-1,-1
215,121,902,197,20,18,1,-1,-1,-1
215,122,681,373,50,49,1,-1,-1,-1
215,123,813,259,34,33,1,-1,-1,-1
215,132,871,188,24,23,1,-1,-1,-1
216,8,790,199,31,27,1,-1,-1,-1
216,10,801,178,33,23,1,-1,-1,-1
216,20,427,339,105,96,1,-1,-1,-1
216,24,1266,449,95,53,1,-1,-1,-1
216,50,986,314,38,39,1,-1,-1,-1
216,55,470,322,71,41,1,-1,-1,-1
216,56,520,290,70,36,1,-1,-1,-1
216,58,603,279,40,34,1,-1,-1,-1
216,60,655,248,33,25,1,-1,-1,-1
216,63,884,265,30,29,1,-1,-1,-1
216,64,957,259,35,29,1,-1,-1,-1
216,65,951,245,27,25,1,-1,-1,-1
216,119,1625,894,206,153,1,-1,-1,-1
216,121,902,197,20,18,1,-1,-1,-1
216,122,679,377,50,50,1,-1,-1,-1
216,123,812,262,35,33,1,-1,-1,-1
216,132,871,188,24,23,1,-1,-1,-1
217,8,790,199,31,27,1,-1,-1,-1
217,10,801,179,33,23,1,-1,-1,-1
217,20,426,340,105,96,1,-1,-1,-1
217,24,1268,452,95,53,1,-1,-1,-1
217,50,987,315,38,39,1,-1,-1,-1
217,55,469,323,71,41,1,-1,-1,-1
217,56,519,291,70,36,1,-1,-1,-1
217,58,602,280,40,34,1,-1,-1,-1
217,60,654,249,33,25,1,-1,-1,-1
217,63,884,265,30,29,1,-1,-1,-1
217,64,957,260,35,29,1,-1,-1,-1
217,65,952,246,27,25,1,-1,-1,-1
217,119,1634,904,209,150,1,-1,-1,-1
217,121,902,196,20,18,1,-1,-1,-1
217,122,677,381,50,51,1,-1,-1,-1
217,123,812,264,35,33,1,-1,-1,-1
217,132,871,187,24,23,1,-1,-1,-1
218,8,790,200,31,27,1,-1,-1,-1
218,10,801,179,33,23,1,-1,-1,-1
218,20,422,341,106,97,1,-1,-1,-1
218,24,1270,455,95,53,1,-1,-1,-1
218,50,988,316,38,39,1,-1,-1,-1
218,55,466,324,72,41,1,-1,-1,-1
218,56,517,292,70,36,1,-1,-1,-1
218,58,601,281,40,34,1,-1,-1,-1
218,60,653,249,33,25,1,-1,-1,-1
218,63,884,264,30,29,1,-1,-1,-1
218,64,957,261,35,29,1,-1,-1,-1
218,65,952,246,27,25,1,-1,-1,-1
218,119,1643,913,212,149,1,-1,-1,-1
218,121,902,196,20,18,1,-1,-1,-1
218,122,675,385,50,52,1,-1,-1,-1
218,123,811,266,35,34,1,-1,-1,-1
218,132,871,187,24,23,1,-1,-1,-1
219,8,789,200,31,27,1,-1,-1,-1
219,10,801,180,33,23,1,-1,-1,-1
219,20,419,343,107,97,1,-1,-1,-1
219,24,1272,457,95,53,1,-1,-1,-1
219,50,989,317,38,39,1,-1,-1,-1
219,55,464,325,72,41,1,-1,-1,-1
219,56,516,293,70,36,1,-1,-1,-1
219,58,600,281,40,34,1,-1,-1,-1
219,60,653,250,33,25,1,-1,-1,-1
219,63,885,264,30,29,1,-1,-1,-1
219,64,957,262,35,29,1,-1,-1,-1
219,65,952,246,27,25,1,-1,-1,-1
219,121,902,195,20,18,1,-1,-1,-1
219,122,673,388,51,54,1,-1,-1,-1
219,123,811,268,35,34,1,-1,-1,-1
219,132,871,186,24,23,1,-1,-1,-1
220,8,789,200,31,27,1,-1,-1,-1
220,10,800,180,33,23,1,-1,-1,-1
220,20,416,344,108,99,1,-1,-1,-1
220,24,1274,460,95,53,1,-1,-1,-1
220,50,990,318,38,39,1,-1,-1,-1
220,55,461,326,73,41,1,-1,-1,-1
220,56,514,294,70,36,1,-1,-1,-1
220,58,599,282,40,34,1,-1,-1,-1
220,60,652,251,33,25,1,-1,-1,-1
220,63,885,264,30,29,1,-1,-1,-1
220,64,957,263,35,29,1,-1,-1,-1
220,65,952,247,27,25,1,-1,-1,-1
220,121,902,195,20,18,1,-1,-1,-1
220,122,671,392,51,55,1,-1,-1,-1
220,123,810,270,36,34,1,-1,-1,-1
220,132,872,186,24,23,1,-1,-1,-1
221,8,789,201,31,27,1,-1,-1,-1
221,10,800,180,33,23,1,-1,-1,-1
221,20,413,346,108,99,1,-1,-1,-1
221,24,1276,463,95,53,1,-1,-1,-1
221,50,989,319,39,39,1,-1,-1,-1
221,55,459,328,73,41,1,-1,-1,-1
221,56,513,295,70,36,1,-1,-1,-1
221,58,598,283,40,34,1,-1,-1,-1
221,60,652,252,33,25,1,-1,-1,-1
221,63,885,263,30,29,1,-1,-1,-1
221,64,957,263,35,29,1,-1,-1,-1
221,65,952,247,27,25,1,-1,-1,-1
221,121,902,194,20,18,1,-1,-1,-1
221,122,669,396,51,56,1,-1,-1,-1
221,123,810,272,35,35,1,-1,-1,-1
221,132,873,185,23,23,1,-1,-1,-1
222,8,789,201,31,27,1,-1,-1,-1
222,10,800,180,33,23,1,-1,-1,-1
222,20,410,347,109,101,1,-1,-1,-1
222,24,1278,466,95,53,1,-1,-1,-1
222,50,989,320,39,39,1,-1,-1,-1
222,55,457,329,74,41,1,-1,-1,-1
222,56,512,296,70,36,1,-1,-1,-1
222,58,597,284,40,34,1,-1,-1,-1
222,60,651,252,33,25,1,-1,-1,-1
222,63,885,263,30,29,1,-1,-1,-1
222,64,957,264,35,29,1,-1,-1,-1
222,65,952,248,27,25,1,-1,-1,-1
222,121,903,194,19,18,1,-1,-1,-1
222,122,667,400,51,57,1,-1,-1,-1
222,123,809,274,36,35,1,-1,-1,-1
222,132,874,185,23,23,1,-1,-1,-1
223,8,788,201,31,27,1,-1,-1,-1
223,10,800,181,33,23,1,-1,-1,-1
223,20,407,349,110,101,1,-1,-1,-1
223,24,1280,469,95,53,1,-1,-1,-1
223,50,989,321,39,39,1,-1,-1,-1
223,55,454,330,75,41,1,-1,-1,-1
223,56,510,297,70,36,1,-1,-1,-1
223,58,596,284,40,34,1,-1,-1,-1
223,60,650,253,33,25,1,-1,-1,-1
223,63,886,263,30,29,1,-1,-1,-1
223,64,957,265,35,29,1,-1,-1,-1
223,65,952,248,27,25,1,-1,-1,-1
223,121,903,193,19,18,1,-1,-1,-1
223,122,665,404,51,58,1,-1,-1,-1
223,123,809,277,36,35,1,-1,-1,-1
223,132,875,184,23,23,1,-1,-1,-1
224,8,788,202,31,27,1,-1,-1,-1
224,10,800,181,33,23,1,-1,-1,-1
224,12,1588,598,202,84,1,-1,-1,-1
224,20,404,350,110,103,1,-1,-1,-1
224,24,1282,472,95,53,1,-1,-1,-1
224,50,989,323,39,39,1,-1,-1,-1
224,55,452,332,75,41,1,-1,-1,-1
224,56,509,298,70,36,1,-1,-1,-1
224,58,595,285,40,34,1,-1,-1,-1
224,60,650,254,33,25,1,-1,-1,-1
224,63,886,263,30,29,1,-1,-1,-1
224,64,957,265,35,29,1,-1,-1,-1
224,65,952,248,27,25,1,-1,-1,-1
224,121,903,193,19,18,1,-1,-1,-1
224,122,664,408,51,59,1,-1,-1,-1
224,123,808,279,36,36,1,-1,-1,-1
224,132,876,184,22,23,1,-1,-1,-1
225,8,788,202,31,27,1,-1,-1,-1
225,10,800,181,33,23,1,-1,-1,-1
225,12,1578,601,202,84,1,-1,-1,-1
225,20,401,352,111,103,1,-1,-1,-1
225,24,1283,473,97,55,1,-1,-1,-1
225,50,989,324,39,39,1,-1,-1,-1
225,55,449,333,76,41,1,-1,-1,-1
225,56,507,299,70,36,1,-1,-1,-1
225,58,594,286,40,34,1,-1,-1,-1
225,60,649,255,33,25,1,-1,-1,-1
225,63,886,262,30,29,1,-1,-1,-1
225,64,958,266,35,29,1,-1,-1,-1
225,65,952,249,27,25,1,-1,-1,-1
225,121,903,192,19,18,1,-1,-1,-1
225,122,662,413,52,60,1,-1,-1,-1
225,123,807,282,37,36,1,-1,-1,-1
225,132,877,183,22,23,1,-1,-1,-1
226,8,788,202,31,27,1,-1,-1,-1
226,10,800,182,33,23,1,-1,-1,-1
226,12,1568,604,202,84,1,-1,-1,-1
226,20,397,353,113,104,1,-1,-1,-1
226,24,1285,475,98,56,1,-1,-1,-1
226,50,989,325,39,39,1,-1,-1,-1
226,55,447,334,76,41,1,-1,-1,-1
226,56,506,300,70,36,1,-1,-1,-1
226,58,593,287,40,34,1,-1,-1,-1
226,60,649,256,33,25,1,-1,-1,-1
226,63,886,262,30,29,1,-1,-1,-1
226,64,958,267,35,29,1,-1,-1,-1
226,65,952,249,27,25,1,-1,-1,-1
226,121,903,192,19,18,1,-1,-1,-1
226,122,660,418,53,62,1,-1,-1,-1
226,123,806,285,38,37,1,-1,-1,-1
226,127,891,164,16,12,1,-1,-1,-1
226,132,878,183,22,23,1,-1,-1,-1
227,8,787,203,31,27,1,-1,-1,-1
227,10,799,182,33,23,1,-1,-1,-1
227,12,1558,607,202,84,1,-1,-1,-1
227,20,394,355,113,105,1,-1,-1,-1
227,24,1287,476,99,58,1,-1,-1,-1
227,50,989,327,39,39,1,-1,-1,-1
227,55,445,336,77,41,1,-1,-1,-1
227,56,505,301,70,36,1,-1,-1,-1
227,58,592,288,40,34,1,-1,-1,-1
227,60,647,256,33,25,1,-1,-1,-1
227,63,887,262,30,29,1,-1,-1,-1
227,64,958,267,35,29,1,-1,-1,-1
227,65,953,250,27,25,1,-1,-1,-1
227,121,903,191,19,18,1,-1,-1,-1
227,122,658,424,54,62,1,-1,-1,-1
227,123,805,288,38,37,1,-1,-1,-1
227,127,891,163,16,12,1,-1,-1,-1
227,132,879,182,21,23,1,-1,-1,-1
228,8,787,203,31,27,1,-1,-1,-1
228,10,799,182,33,23,1,-1,-1,-1
228,12,1548,610,202,84,1,-1,-1,-1
228,20,391,356,114,106,1,-1,-1,-1
228,24,1289,478,100,59,1,-1,-1,-1
228,50,989,328,39,39,1,-1,-1,-1
228,55,442,337,78,41,1,-1,-1,-1
228,56,503,301,70,37,1,-1,-1,-1
228,58,591,289,40,34,1,-1,-1,-1
228,60,646,257,33,25,1,-1,-1,-1
228,63,887,261,30,29,1,-1,-1,-1
228,64,958,268,35,29,1,-1,-1,-1
228,65,953,250,27,25,1,-1,-1,-1
228,121,903,191,19,18,1,-1,-1,-1
228,122,656,429,55,64,1,-1,-1,-1
228,123,804,291,39,38,1,-1,-1,-1
228,127,891,163,16,12,1,-1,-1,-1
228,132,880,182,21,23,1,-1,-1,-1
229,8,787,203,31,27,1,-1,-1,-1
229,10,799,183,33,23,1,-1,-1,-1
229,12,1539,614,202,84,1,-1,-1,-1
229,20,388,358,115,107,1,-1,-1,-1
229,24,1291,479,101,61,1,-1,-1,-1
229,50,990,329,39,39,1,-1,-1,-1
229,55,440,338,78,41,1,-1,-1,-1
229,56,501,301,70,38,1,-1,-1,-1
229,58,590,290,40,34,1,-1,-1,-1
229,60,645,258,33,25,1,-1,-1,-1
229,61,866,239,56,27,1,-1,-1,-1
229,63,887,261,30,29,1,-1,-1,-1
229,64,959,269,35,29,1,-1,-1,-1
229,65,953,250,27,25,1,-1,-1,-1
229,121,904,191,19,18,1,-1,-1,-1
229,122,654,435,56,64,1,-1,-1,-1
229,123,803,294,40,38,1,-1,-1,-1
229,127,891,163,16,12,1,-1,-1,-1
229,132,881,181,20,23,1,-1,-1,-1
230,4,1628,647,207,123,1,-1,-1,-1
230,8,787,204,31,27,1,-1,-1,-1
230,10,799,183,33,23,1,-1,-1,-1
230,12,1529,617,202,84,1,-1,-1,-1
230,20,385,359,115,108,1,-1,-1,-1
230,24,1293,481,103,62,1,-1,-1,-1
230,50,991,330,39,39,1,-1,-1,-1
230,55,437,340,79,41,1,-1,-1,-1
230,56,500,302,70,38,1,-1,-1,-1
230,58,589,291,40,34,1,-1,-1,-1
230,60,644,258,33,25,1,-1,-1,-1
230,61,864,240,56,27,1,-1,-1,-1
230,63,887,261,30,29,1,-1,-1,-1
230,64,959,269,35,29,1,-1,-1,-1
230,65,953,250,27,25,1,-1,-1,-1
230,121,904,190,19,18,1,-1,-1,-1
230,122,652,440,57,66,1,-1,-1,-1
230,123,802,297,40,39,1,-1,-1,-1
230,127,891,163,16,12,1,-1,-1,-1
230,132,882,181,20,23,1,-1,-1,-1
231,4,1636,653,208,127,1,-1,-1,-1
231,8,786,204,31,27,1,-1,-1,-1
231,10,799,183,33,23,1,-1,-1,-1
231,12,1519,620,202,84,1,-1,-1,-1
231,20,382,361,116,109,1,-1,-1,-1
231,24,1295,482,104,64,1,-1,-1,-1
231,50,992,331,39,39,1,-1,-1,-1
231,55,435,341,79,41,1,-1,-1,-1
231,56,498,302,70,39,1,-1,-1,-1
231,58,588,292,40,34,1,-1,-1,-1
231,60,643,259,33,25,1,-1,-1,-1
231,61,862,241,57,27,1,-1,-1,-1
231,63,888,261,30,29,1,-1,-1,-1
231,64,959,270,35,29,1,-1,-1,-1
231,65,953,250,27,25,1,-1,-1,-1
231,121,904,190,19,18,1,-1,-1,-1
231,122,650,446,58,66,1,-1,-1,-1
231,123,802,299,40,40,1,-1,-1,-1
231,127,891,163,16,12,1,-1,-1,-1
231,132,882,180,21,23,1,-1,-1,-1
232,4,1645,659,209,131,1,-1,-1,-1
232,8,786,204,31,27,1,-1,-1,-1
232,10,799,184,33,23,1,-1,-1,-1
232,12,1509,623,202,84,1,-1,-1,-1
232,20,379,362,117,110,1,-1,-1,-1
232,24,1297,484,105,65,1,-1,-1,-1
232,50,992,332,39,39,1,-1,-1,-1
232,55,433,343,79,40,1,-1,-1,-1
232,56,497,303,70,39,1,-1,-1,-1
232,58,586,293,40,34,1,-1,-1,-1
232,60,642,260,33,25,1,-1,-1,-1
232,61,861,242,56,27,1,-1,-1,-1
232,63,888,261,30,29,1,-1,-1,-1
232,64,959,271,35,29,1,-1,-1,-1
232,65,954,250,27,25,1,-1,-1,-1
232,121,904,190,19,18,1,-1,-1,-1
232,122,648,451,59,68,1,-1,-1,-1
232,123,801,302,41,41,1,-1,-1,-1
232,127,891,163,16,12,1,-1,-1,-1
232,132,883,180,20,23,1,-1,-1,-1
233,4,1654,665,209,136,1,-1,-1,-1
233,8,786,204,31,27,1,-1,-1,-1
233,10,799,184,33,23,1,-1,-1,-1
233,12,1500,627,202,84,1,-1,-1,-1
233,20,376,364,118,111,1,-1,-1,-1
233,24,1299,485,106,67,1,-1,-1,-1
233,50,993,333,39,39,1,-1,-1,-1
233,55,430,344,81,41,1,-1,-1,-1
233,56,495,303,70,40,1,-1,-1,-1
233,58,585,294,40,34,1,-1,-1,-1
233,60,641,260,33,25,1,-1,-1,-1
233,61,859,243,57,27,1,-1,-1,-1
233,63,889,261,30,29,1,-1,-1,-1
233,64,959,271,35,29,1,-1,-1,-1
233,65,954,250,27,25,1,-1,-1,-1
233,121,904,189,19,18,1,-1,-1,-1
233,122,646,457,60,68,1,-1,-1,-1
233,123,800,305,41,41,1,-1,-1,-1
233,127,891,163,16,12,1,-1,-1,-1
233,132,884,179,20,23,1,-1,-1,-1
234,4,1662,671,211,140,1,-1,-1,-1
234,8,786,204,31,27,1,-1,-1,-1
234,10,799,184,33,23,1,-1,-1,-1
234,12,1490,631,205,88,1,-1,-1,-1
234,20,372,365,119,112,1,-1,-1,-1
234,24,1301,487,107,68,1,-1,-1,-1
234,50,994,334,39,39,1,-1,-1,-1
234,55,428,346,81,40,1,-1,-1,-1
234,56,494,304,70,40,1,-1,-1,-1
234,58,584,295,40,34,1,-1,-1,-1
234,60,640,261,33,25,1,-1,-1,-1
234,61,858,245,57,27,1,-1,-1,-1
234,63,889,261,30,29,1,-1,-1,-1
234,64,960,272,35,29,1,-1,-1,-1
234,65,954,250,27,25,1,-1,-1,-1
234,121,904,189,19,18,1,-1,-1,-1
234,122,644,462,61,70,1,-1,-1,-1
234,123,799,308,42,42,1,-1,-1,-1
234,127,891,163,16,12,1,-1,-1,-1
234,132,885,179,20,23,1,-1,-1,-1
235,4,1671,677,211,145,1,-1,-1,-1
235,8,786,204,31,27,1,-1,-1,-1
235,10,798,185,33,23,1,-1,-1,-1
235,12,1481,636,207,91,1,-1,-1,-1
235,20,369,367,120,112,1,-1,-1,-1
235,24,1303,489,109,70,1,-1,-1,-1
235,50,995,335,39,39,1,-1,-1,-1
235,55,426,347,81,40,1,-1,-1,-1
235,56,492,304,70,41,1,-1,-1,-1
235,58,583,296,40,34,1,-1,-1,-1
235,60,639,262,33,25,1,-1,-1,-1
235,61,856,246,57,27,1,-1,-1,-1
235,63,890,261,30,29,1,-1,-1,-1
235,64,960,273,35,29,1,-1,-1,-1
235,65,954,250,27,25,1,-1,-1,-1
235,121,904,189,19,18,1,-1,-1,-1
235,122,642,468,62,70,1,-1,-1,-1
235,123,798,311,43,42,1,-1,-1,-1
235,127,891,163,16,12,1,-1,-1,-1
235,132,886,178,19,23,1,-1,-1,-1
236,4,1680,683,212,149,1,-1,-1,-1
236,8,786,204,31,27,1,-1,-1,-1
236,10,798,185,33,23,1,-1,-1,-1
236,12,1471,641,210,94,1,-1,-1,-1
236,20,366,368,121,114,1,-1,-1,-1
236,24,1305,492,111,71,1,-1,-1,-1
236,50,995,336,39,39,1,-1,-1,-1
236,55,423,349,82,40,1,-1,-1,-1
236,56,491,305,70,41,1,-1,-1,-1
236,58,582,297,40,34,1,-1,-1,-1
236,60,638,262,33,25,1,-1,-1,-1
236,61,854,247,58,27,1,-1,-1,-1
236,63,891,261,30,29,1,-1,-1,-1
236,64,960,273,35,29,1,-1,-1,-1
236,65,955,250,27,25,1,-1,-1,-1
236,121,904,189,19,18,1,-1,-1,-1
236,122,640,473,63,72,1,-1,-1,-1
236,123,797,314,43,43,1,-1,-1,-1
236,127,891,163,16,12,1,-1,-1,-1
236,132,887,178,19,23,1,-1,-1,-1
237,4,1689,690,213,153,1,-1,-1,-1
237,8,785,204,31,27,1,-1,-1,-1
237,10,798,185,33,23,1,-1,-1,-1
237,12,1462,646,212,97,1,-1,-1,-1
237,20,362,370,123,114,1,-1,-1,-1
237,24,1308,495,112,72,1,-1,-1,-1
237,50,995,337,40,39,1,-1,-1,-1
237,55,421,350,82,40,1,-1,-1,-1
237,56,488,306,71,41,1,-1,-1,-1
237,58,580,298,40,34,1,-1,-1,-1
237,60,637,263,33,25,1,-1,-1,-1
237,61,853,248,57,27,1,-1,-1,-1
237,63,891,261,30,29,1,-1,-1,-1
237,64,960,274,35,29,1,-1,-1,-1
237,65,955,250,27,25,1,-1,-1,-1
237,121,904,188,19,18,1,-1,-1,-1
237,122,638,479,65,73,1,-1,-1,-1
237,123,796,317,44,43,1,-1,-1,-1
237,127,891,163,16,12,1,-1,-1,-1
237,132,888,177,18,23,1,-1,-1,-1
238,4,1696,697,206,153,1,-1,-1,-1
238,8,785,204,31,27,1,-1,-1,-1
238,10,798,186,33,23,1,-1,-1,-1
238,12,1453,651,215,100,1,-1,-1,-1
238,20,359,372,124,114,1,-1,-1,-1
238,24,1311,498,114,73,1,-1,-1,-1
238,50,995,338,41,40,1,-1,-1,-1
238,55,419,352,83,40,1,-1,-1,-1
238,56,485,307,73,41,1,-1,-1,-1
238,58,579,299,40,34,1,-1,-1,-1
238,60,636,264,33,25,1,-1,-1,-1
238,61,851,249,58,27,1,-1,-1,-1
238,63,892,261,30,29,1,-1,-1,-1
238,64,961,275,35,29,1,-1,-1,-1
238,65,955,251,27,25,1,-1,-1,-1
238,121,904,188,19,18,1,-1,-1,-1
238,122,635,487,66,75,1,-1,-1,-1
238,123,796,320,44,44,1,-1,-1,-1
238,127,891,163,16,12,1,-1,-1,-1
238,132,889,177,18,23,1,-1,-1,-1
239,4,1704,704,198,153,1,-1,-1,-1
239,8,785,204,31,27,1,-1,-1,-1
239,10,798,186,33,23,1,-1,-1,-1
239,12,1444,656,216,101,1,-1,-1,-1
239,20,356,373,125,116,1,-1,-1,-1
239,24,1314,501,115,74,1,-1,-1,-1
239,50,995,339,42,40,1,-1,-1,-1
239,55,417,352,83,41,1,-1,-1,-1
239,56,482,309,74,40,1,-1,-1,-1
239,58,578,300,40,34,1,-1,-1,-1
239,60,635,264,33,25,1,-1,-1,-1
239,61,850,251,58,27,1,-1,-1,-1
239,63,892,261,30,29,1,-1,-1,-1
239,64,961,275,35,29,1,-1,-1,-1
239,65,955,251,27,25,1,-1,-1,-1
239,121,904,188,19,18,1,-1,-1,-1
239,122,633,496,67,76,1,-1,-1,-1
239,123,794,324,45,44,1,-1,-1,-1
239,127,891,163,16,12,1,-1,-1,-1
239,132,890,176,18,23,1,-1,-1,-1
240,4,1711,711,191,153,1,-1,-1,-1
240,8,785,204,31,27,1,-1,-1,-1
240,10,798,186,33,23,1,-1,-1,-1
240,12,1436,662,216,101,1,-1,-1,-1
240,20,353,375,126,116,1,-1,-1,-1
240,24,1317,504,116,75,1,-1,-1,-1
240,50,995,340,43,41,1,-1,-1,-1
240,55,415,353,83,41,1,-1,-1,-1
240,56,479,310,76,40,1,-1,-1,-1
240,58,577,301,40,34,1,-1,-1,-1
240,60,634,265,33,25,1,-1,-1,-1
240,61,848,251,57,27,1,-1,-1,-1
240,63,893,261,30,29,1,-1,-1,-1
240,64,961,276,35,29,1,-1,-1,-1
240,65,955,252,27,25,1,-1,-1,-1
240,121,904,187,19,18,1,-1,-1,-1
240,122,631,504,68,78,1,-1,-1,-1
240,123,793,328,45,45,1,-1,-1,-1
240,127,891,163,16,12,1,-1,-1,-1
240,132,891,176,17,23,1,-1,-1,-1
241,4,1719,718,183,153,1,-1,-1,-1
241,8,785,204,31,27,1,-1,-1,-1
241,10,798,187,33,23,1,-1,-1,-1
241,12,1428,667,216,103,1,-1,-1,-1
241,20,349,377,128,116,1,-1,-1,-1
241,24,1320,507,118,76,1,-1,-1,-1
241,50,995,341,43,41,1,-1,-1,-1
241,55,413,354,84,42,1,-1,-1,-1
241,56,476,311,77,41,1,-1,-1,-1
241,58,576,302,40,34,1,-1,-1,-1
241,59,254,316,72,37,1,-1,-1,-1
241,60,633,266,33,25,1,-1,-1,-1
241,61,847,252,55,27,1,-1,-1,-1
241,63,894,261,30,29,1,-1,-1,-1
241,64,961,276,35,29,1,-1,-1,-1
241,65,955,252,27,25,1,-1,-1,-1
241,121,904,187,19,18,1,-1,-1,-1
241,122,629,513,69,80,1,-1,-1,-1
241,123,792,332,45,46,1,-1,-1,-1
241,127,891,163,16,12,1,-1,-1,-1
241,132,892,175,17,23,1,-1,-1,-1
242,4,1726,725,176,153,1,-1,-1,-1
242,8,785,204,31,27,1,-1,-1,-1
242,10,798,187,33,23,1,-1,-1,-1
242,12,1419,673,218,103,1,-1,-1,-1
242,20,346,378,129,118,1,-1,-1,-1
242,24,1323,510,119,77,1,-1,-1,-1
242,50,995,342,44,42,1,-1,-1,-1
242,55,412,355,83,42,1,-1,-1,-1
242,56,473,313,79,40,1,-1,-1,-1
242,58,574,302,41,35,1,-1,-1,-1
242,59,251,316,72,37,1,-1,-1,-1
242,60,632,266,33,25,1,-1,-1,-1
242,61,846,252,53,27,1,-1,-1,-1
242,63,894,261,30,29,1,-1,-1,-1
242,64,961,277,35,29,1,-1,-1,-1
242,65,956,253,27,25,1,-1,-1,-1
242,121,904,187,19,18,1,-1,-1,-1
242,122,626,522,71,81,1,-1,-1,-1
242,123,790,336,46,47,1,-1,-1,-1
242,127,891,163,16,12,1,-1,-1,-1
242,132,893,175,17,23,1,-1,-1,-1
243,8,785,204,31,27,1,-1,-1,-1
243,10,797,187,33,23,1,-1,-1,-1
243,12,1411,678,218,105,1,-1,-1,-1
243,20,343,380,129,118,1,-1,-1,-1
243,24,1326,513,120,78,1,-1,-1,-1
243,50,995,343,45,42,1,-1,-1,-1
243,55,410,356,83,42,1,-1,-1,-1
243,56,470,314,80,40,1,-1,-1,-1
243,58,572,303,42,35,1,-1,-1,-1
243,59,249,317,72,37,1,-1,-1,-1
243,60,631,266,33,25,1,-1,-1,-1
243,61,845,253,52,27,1,-1,-1,-1
243,63,895,261,30,29,1,-1,-1,-1
243,64,961,277,35,29,1,-1,-1,-1
243,65,956,253,27,25,1,-1,-1,-1
243,121,904,187,19,18,1,-1,-1,-1
243,122,624,530,72,83,1,-1,-1,-1
243,123,789,340,46,47,1,-1,-1,-1
243,127,891,163,16,12,1,-1,-1,-1
243,132,893,174,17,23,1,-1,-1,-1
244,8,784,204,31,27,1,-1,-1,-1
244,10,797,188,33,23,1,-1,-1,-1
244,12,1403,684,218,105,1,-1,-1,-1
244,20,340,381,130,120,1,-1,-1,-1
244,24,1329,516,122,79,1,-1,-1,-1
244,50,995,344,46,43,1,-1,-1,-1
244,55,408,357,84,43,1,-1,-1,-1
244,56,467,315,82,40,1,-1,-1,-1
244,58,570,304,43,36,1,-1,-1,-1
244,59,247,317,72,37,1,-1,-1,-1
244,60,631,266,33,25,1,-1,-1,-1
244,61,843,253,51,28,1,-1,-1,-1
244,63,896,261,30,29,1,-1,-1,-1
244,64,961,278,35,29,1,-1,-1,-1
244,65,956,254,27,25,1,-1,-1,-1
244,121,904,186,19,18,1,-1,-1,-1
244,122,622,539,73,85,1,-1,-1,-1
244,123,788,344,46,48,1,-1,-1,-1
244,127,891,163,16,12,1,-1,-1,-1
244,132,894,174,17,22,1,-1,-1,-1
245,8,784,204,31,27,1,-1,-1,-1
245,10,797,188,33,23,1,-1,-1,-1
245,12,1395,690,219,106,1,-1,-1,-1
245,20,336,383,132,120,1,-1,-1,-1
245,24,1332,519,123,80,1,-1,-1,-1
245,50,995,345,47,43,1,-1,-1,-1
245,55,407,358,83,43,1,-1,-1,-1
245,56,465,317,83,40,1,-1,-1,-1
245,58,568,304,44,37,1,-1,-1,-1
245,59,245,318,72,37,1,-1,-1,-1
245,60,630,267,33,25,1,-1,-1,-1
245,61,842,254,49,27,1,-1,-1,-1
245,63,895,260,30,29,1,-1,-1,-1
245,64,961,279,35,29,1,-1,-1,-1
245,65,956,254,27,25,1,-1,-1,-1
245,121,904,186,19,18,1,-1,-1,-1
245,122,620,547,74,87,1,-1,-1,-1
245,123,787,349,47,48,1,-1,-1,-1
245,127,891,163,16,12,1,-1,-1,-1
245,132,894,173,17,23,1,-1,-1,-1
246,8,784,205,31,27,1,-1,-1,-1
246,10,797,188,33,23,1,-1,-1,-1
246,12,1384,695,221,107,1,-1,-1,-1
246,20,333,385,133,120,1,-1,-1,-1
246,24,1335,522,125,82,1,-1,-1,-1
246,50,995,347,48,43,1,-1,-1,-1
246,55,405,359,83,44,1,-1,-1,-1
246,56,462,317,84,40,1,-1,-1,-1
246,58,567,305,44,38,1,-1,-1,-1
246,59,242,318,72,37,1,-1,-1,-1
246,60,630,267,33,25,1,-1,-1,-1
246,61,841,254,47,28,1,-1,-1,-1
246,63,895,260,30,29,1,-1,-1,-1
246,64,961,279,35,29,1,-1,-1,-1
246,65,956,255,27,25,1,-1,-1,-1
246,121,904,186,19,18,1,-1,-1,-1
246,122,617,556,76,88,1,-1,-1,-1
246,123,785,353,48,49,1,-1,-1,-1
246,127,891,163,16,12,1,-1,-1,-1
246,132,895,173,17,22,1,-1,-1,-1
247,8,784,205,31,27,1,-1,-1,-1
247,10,797,189,33,23,1,-1,-1,-1
247,12,1374,700,223,108,1,-1,-1,-1
247,20,330,386,134,122,1,-1,-1,-1
247,24,1337,524,125,82,1,-1,-1,-1
247,50,995,348,48,43,1,-1,-1,-1
247,55,403,360,84,44,1,-1,-1,-1
247,56,460,318,84,40,1,-1,-1,-1
247,58,565,306,45,38,1,-1,-1,-1
247,59,240,319,72,37,1,-1,-1,-1
247,60,629,267,33,25,1,-1,-1,-1
247,61,840,255,46,28,1,-1,-1,-1
247,63,895,260,30,29,1,-1,-1,-1
247,64,962,280,35,29,1,-1,-1,-1
247,65,956,255,27,25,1,-1,-1,-1
247,121,904,185,19,18,1,-1,-1,-1
247,122,615,565,77,90,1,-1,-1,-1
247,123,784,357,48,50,1,-1,-1,-1
247,127,891,163,16,12,1,-1,-1,-1
247,132,895,173,17,22,1,-1,-1,-1
248,8,784,205,31,27,1,-1,-1,-1
248,10,797,189,33,23,1,-1,-1,-1
248,12,1363,705,225,109,1,-1,-1,-1
248,20,327,388,135,122,1,-1,-1,-1
248,24,1339,527,125,82,1,-1,-1,-1
248,50,995,349,48,43,1,-1,-1,-1
248,55,402,361,83,44,1,-1,-1,-1
248,56,457,319,86,40,1,-1,-1,-1
248,58,563,306,46,39,1,-1,-1,-1
248,59,238,319,72,37,1,-1,-1,-1
248,60,629,268,33,25,1,-1,-1,-1
248,61,839,256,46,28,1,-1,-1,-1
248,63,895,260,30,29,1,-1,-1,-1
248,64,962,280,35,29,1,-1,-1,-1
248,65,957,256,27,25,1,-1,-1,-1
248,121,904,185,19,18,1,-1,-1,-1
248,122,613,573,78,92,1,-1,-1,-1
248,123,783,361,48,50,1,-1,-1,-1
248,127,891,163,16,12,1,-1,-1,-1
248,132,896,172,17,22,1,-1,-1,-1
249,8,784,205,31,27,1,-1,-1,-1
249,10,797,189,33,23,1,-1,-1,-1
249,12,1353,710,227,110,1,-1,-1,-1
249,20,323,390,137,122,1,-1,-1,-1
249,24,1341,529,125,82,1,-1,-1,-1
249,50,995,350,48,43,1,-1,-1,-1
249,55,400,362,83,45,1,-1,-1,-1
249,56,455,320,86,40,1,-1,-1,-1
249,58,561,307,47,40,1,-1,-1,-1
249,59,236,320,72,37,1,-1,-1,-1
249,60,628,268,33,25,1,-1,-1,-1
249,61,838,257,46,28,1,-1,-1,-1
249,63,895,259,30,29,1,-1,-1,-1
249,64,962,281,35,29,1,-1,-1,-1
249,65,957,256,27,25,1,-1,-1,-1
249,121,904,185,19,18,1,-1,-1,-1
249,122,611,582,79,93,1,-1,-1,-1
249,123,781,365,49,51,1,-1,-1,-1
249,127,891,163,16,12,1,-1,-1,-1
249,132,897,172,17,21,1,-1,-1,-1
250,8,783,205,31,27,1,-1,-1,-1
250,10,797,190,33,23,1,-1,-1,-1
250,12,1342,715,229,111,1,-1,-1,-1
250,20,320,391,138,124,1,-1,-1,-1
250,24,1344,532,125,82,1,-1,-1,-1
250,25,1256,479,108,62,1,-1,-1,-1
250,50,995,351,48,43,1,-1,-1,-1
250,55,398,363,84,45,1,-1,-1,-1
250,56,452,320,88,40,1,-1,-1,-1
250,58,559,308,48,40,1,-1,-1,-1
250,59,233,320,72,37,1,-1,-1,-1
250,60,628,268,33,25,1,-1,-1,-1
250,61,837,258,46,28,1,-1,-1,-1
250,63,895,259,30,29,1,-1,-1,-1
250,64,962,282,35,29,1,-1,-1,-1
250,65,957,256,27,25,1,-1,-1,-1
250,121,904,185,19,18,1,-1,-1,-1
250,122,609,591,80,95,1,-1,-1,-1
250,123,780,369,49,52,1,-1,-1,-1
250,127,891,163,16,12,1,-1,-1,-1
250,132,897,172,17,21,1,-1,-1,-1
251,8,783,205,31,27,1,-1,-1,-1
251,10,796,189,33,23,1,-1,-1,-1
251,12,1332,720,231,112,1,-1,-1,-1
251,20,317,393,139,124,1,-1,-1,-1
251,24,1346,535,125,82,1,-1,-1,-1
251,25,1257,480,108,62,1,-1,-1,-1
251,50,995,353,48,42,1,-1,-1,-1
251,55,397,364,83,45,1,-1,-1,-1
251,56,450,321,88,40,1,-1,-1,-1
251,58,558,309,49,41,1,-1,-1,-1
251,59,231,321,72,37,1,-1,-1,-1
251,60,627,269,33,25,1,-1,-1,-1
251,61,836,259,46,28,1,-1,-1,-1
251,63,895,259,30,29,1,-1,-1,-1
251,64,962,282,35,29,1,-1,-1,-1
251,65,957,257,27,25,1,-1,-1,-1
251,121,904,184,19,18,1,-1,-1,-1
251,122,606,602,82,99,1,-1,-1,-1
251,123,779,373,49,53,1,-1,-1,-1
251,127,891,163,16,12,1,-1,-1,-1
251,132,898,171,17,21,1,-1,-1,-1
252,8,783,205,31,27,1,-1,-1,-1
252,10,796,189,33,23,1,-1,-1,-1
252,12,1321,723,232,113,1,-1,-1,-1
252,20,314,395,140,125,1,-1,-1,-1
252,24,1348,537,125,82,1,-1,-1,-1
252,25,1258,482,108,62,1,-1,-1,-1
252,50,995,354,48,42,1,-1,-1,-1
252,55,395,365,83,46,1,-1,-1,-1
252,56,447,322,90,40,1,-1,-1,-1
252,58,557,309,49,41,1,-1,-1,-1
252,59,229,321,72,37,1,-1,-1,-1
252,60,627,269,33,25,1,-1,-1,-1
252,61,835,261,46,28,1,-1,-1,-1
252,63,895,259,30,29,1,-1,-1,-1
252,64,962,283,35,29,1,-1,-1,-1
252,65,957,257,27,25,1,-1,-1,-1
252,121,904,184,19,18,1,-1,-1,-1
252,122,604,614,83,102,1,-1,-1,-1
252,123,778,378,50,53,1,-1,-1,-1
252,127,891,162,16,12,1,-1,-1,-1
252,132,898,171,17,21,1,-1,-1,-1
253,8,783,205,31,27,1,-1,-1,-1
253,10,796,189,33,23,1,-1,-1,-1
253,12,1310,727,234,114,1,-1,-1,-1
253,20,311,396,141,125,1,-1,-1,-1
253,24,1351,540,125,82,1,-1,-1,-1
253,25,1260,484,108,62,1,-1,-1,-1
253,50,995,355,48,42,1,-1,-1,-1
253,55,393,365,84,47,1,-1,-1,-1
253,56,445,323,90,40,1,-1,-1,-1
253,58,556,310,49,41,1,-1,-1,-1
253,59,227,322,72,37,1,-1,-1,-1
253,60,626,269,33,25,1,-1,-1,-1
253,61,834,261,46,29,1,-1,-1,-1
253,63,895,258,30,29,1,-1,-1,-1
253,64,962,283,35,29,1,-1,-1,-1
253,65,957,258,27,25,1,-1,-1,-1
253,121,904,183,19,18,1,-1,-1,-1
253,122,602,626,84,105,1,-1,-1,-1
253,123,775,383,51,54,1,-1,-1,-1
253,127,891,162,16,12,1,-1,-1,-1
253,132,899,170,17,21,1,-1,-1,-1
254,8,783,205,31,27,1,-1,-1,-1
254,10,796,189,33,23,1,-1,-1,-1
254,12,1299,730,236,115,1,-1,-1,-1
254,20,309,397,141,126,1,-1,-1,-1
254,24,1353,542,125,82,1,-1,-1,-1
254,25,1261,486,108,61,1,-1,-1,-1
254,50,995,356,48,42,1,-1,-1,-1
254,55,391,366,84,48,1,-1,-1,-1
254,56,443,324,91,40,1,-1,-1,-1
254,58,555,311,49,41,1,-1,-1,-1
254,59,225,322,72,37,1,-1,-1,-1
254,60,626,270,33,25,1,-1,-1,-1
254,61,833,262,46,29,1,-1,-1,-1
254,63,895,258,30,29,1,-1,-1,-1
254,64,962,284,35,29,1,-1,-1,-1
254,65,957,258,27,25,1,-1,-1,-1
254,121,904,183,19,18,1,-1,-1,-1
254,122,600,637,86,109,1,-1,-1,-1
254,123,773,388,52,55,1,-1,-1,-1
254,127,891,162,16,12,1,-1,-1,-1
254,132,900,170,17,20,1,-1,-1,-1
255,8,783,205,31,27,1,-1,-1,-1
255,10,796,189,33,23,1,-1,-1,-1
255,12,1288,734,237,116,1,-1,-1,-1
255,20,306,398,142,126,1,-1,-1,-1
255,24,1355,545,125,82,1,-1,-1,-1
255,25,1262,488,108,61,1,-1,-1,-1
255,50,996,358,48,42,1,-1,-1,-1
255,55,390,367,83,48,1,-1,-1,-1
255,56,441,324,91,40,1,-1,-1,-1
255,58,554,311,49,41,1,-1,-1,-1
255,59,224,323,72,36,1,-1,-1,-1
255,60,625,270,33,25,1,-1,-1,-1
255,61,832,263,46,29,1,-1,-1,-1
255,63,895,258,30,29,1,-1,-1,-1
255,64,963,285,35,29,1,-1,-1,-1
255,65,957,258,27,25,1,-1,-1,-1
255,121,905,182,19,18,1,-1,-1,-1
255,122,598,649,87,112,1,-1,-1,-1
255,123,770,393,54,56,1,-1,-1,-1
255,127,891,162,16,12,1,-1,-1,-1
255,132,900,170,17,20,1,-1,-1,-1
256,8,783,205,31,27,1,-1,-1,-1
256,10,796,189,33,23,1,-1,-1,-1
256,12,1277,737,239,117,1,-1,-1,-1
256,20,304,399,142,127,1,-1,-1,-1
256,24,1358,548,125,82,1,-1,-1,-1
256,25,1264,490,108,61,1,-1,-1,-1
256,50,996,358,48,42,1,-1,-1,-1
256,55,388,368,84,48,1,-1,-1,-1
256,56,439,324,92,40,1,-1,-1,-1
256,58,553,312,49,41,1,-1,-1,-1
256,59,222,323,72,37,1,-1,-1,-1
256,60,624,270,33,25,1,-1,-1,-1
256,61,831,264,46,30,1,-1,-1,-1
256,63,895,258,30,29,1,-1,-1,-1
256,64,963,285,35,29,1,-1,-1,-1
256,65,957,259,27,25,1,-1,-1,-1
256,121,905,182,19,18,1,-1,-1,-1
256,122,596,661,88,115,1,-1,-1,-1
256,123,768,398,55,58,1,-1,-1,-1
256,127,891,162,16,12,1,-1,-1,-1
256,132,901,169,17,20,1,-1,-1,-1
257,8,782,205,31,27,1,-1,-1,-1
257,10,796,189,33,23,1,-1,-1,-1
257,12,1266,741,241,118,1,-1,-1,-1
257,20,301,400,143,127,1,-1,-1,-1
257,24,1359,550,125,82,1,-1,-1,-1
257,25,1265,491,108,61,1,-1,-1,-1
257,50,996,359,48,42,1,-1,-1,-1
257,55,386,369,84,49,1,-1,-1,-1
257,56,437,325,93,39,1,-1,-1,-1
257,58,552,313,49,41,1,-1,-1,-1
257,59,221,324,72,36,1,-1,-1,-1
257,60,624,270,33,25,1,-1,-1,-1
257,61,830,265,46,30,1,-1,-1,-1
257,63,895,257,30,29,1,-1,-1,-1
257,64,963,285,35,29,1,-1,-1,-1
257,65,957,259,27,25,1,-1,-1,-1
257,121,905,181,19,18,1,-1,-1,-1
257,122,594,672,90,119,1,-1,-1,-1
257,123,766,403,56,59,1,-1,-1,-1
257,127,891,162,16,12,1,-1,-1,-1
257,132,901,169,17,20,1,-1,-1,-1
258,8,782,205,31,27,1,-1,-1,-1
258,10,795,189,33,23,1,-1,-1,-1
258,12,1255,744,242,119,1,-1,-1,-1
258,20,299,401,143,127,1,-1,-1,-1
258,24,1361,553,125,82,1,-1,-1,-1
258,25,1267,493,108,61,1,-1,-1,-1
258,50,996,359,48,42,1,-1,-1,-1
258,55,385,370,83,49,1,-1,-1,-1
258,56,436,325,93,40,1,-1,-1,-1
258,58,551,313,49,41,1,-1,-1,-1
258,59,220,324,72,37,1,-1,-1,-1
258,60,623,271,33,25,1,-1,-1,-1
258,61,829,266,46,30,1,-1,-1,-1
258,63,895,257,30,29,1,-1,-1,-1
258,64,963,285,35,29,1,-1,-1,-1
258,65,958,260,27,25,1,-1,-1,-1
258,121,905,181,19,18,1,-1,-1,-1
258,122,592,684,91,122,1,-1,-1,-1
258,123,763,408,58,60,1,-1,-1,-1
258,127,891,162,16,12,1,-1,-1,-1
258,132,902,169,17,19,1,-1,-1,-1
259,8,782,205,31,27,1,-1,-1,-1
259,10,795,189,33,23,1,-1,-1,-1
259,12,1245,747,242,120,1,-1,-1,-1
259,20,296,402,144,128,1,-1,-1,-1
259,24,1362,555,125,83,1,-1,-1,-1
259,25,1268,495,108,61,1,-1,-1,-1
259,50,996,360,48,42,1,-1,-1,-1
259,55,383,371,84,49,1,-1,-1,-1
259,56,434,326,94,39,1,-1,-1,-1
259,58,550,314,49,41,1,-1,-1,-1
259,59,218,325,72,36,1,-1,-1,-1
259,60,623,271,33,25,1,-1,-1,-1
259,61,828,267,46,31,1,-1,-1,-1
259,63,895,257,30,29,1,-1,-1,-1
259,64,963,285,35,30,1,-1,-1,-1
259,65,958,260,27,25,1,-1,-1,-1
259,121,905,180,19,18,1,-1,-1,-1
259,122,590,696,92,125,1,-1,-1,-1
259,123,761,413,59,61,1,-1,-1,-1
259,127,891,162,16,12,1,-1,-1,-1
259,132,903,168,17,19,1,-1,-1,-1
260,8,782,205,31,27,1,-1,-1,-1
260,10,795,189,33,23,1,-1,-1,-1
260,12,1234,751,243,120,1,-1,-1,-1
260,20,294,403,144,128,1,-1,-1,-1
260,24,1364,558,125,82,1,-1,-1,-1
260,25,1269,497,108,60,1,-1,-1,-1
260,50,996,361,48,42,1,-1,-1,-1
260,55,381,372,84,50,1,-1,-1,-1
260,56,432,326,94,39,1,-1,-1,-1
260,58,550,315,49,41,1,-1,-1,-1
260,59,217,325,72,37,1,-1,-1,-1
260,60,622,271,33,25,1,-1,-1,-1
260,61,828,267,44,31,1,-1,-1,-1
260,63,895,257,30,29,1,-1,-1,-1
260,64,963,285,36,30,1,-1,-1,-1
260,65,958,260,27,25,1,-1,-1,-1
260,121,906,180,19,18,1,-1,-1,-1
260,122,588,708,94,129,1,-1,-1,-1
260,123,758,418,61,63,1,-1,-1,-1
260,127,891,162,16,12,1,-1,-1,-1
260,132,903,168,17,19,1,-1,-1,-1
261,8,782,206,31,27,1,-1,-1,-1
261,10,795,189,33,23,1,-1,-1,-1
261,12,1224,754,243,122,1,-1,-1,-1
261,20,292,404,144,128,1,-1,-1,-1
261,24,1365,560,125,83,1,-1,-1,-1
261,25,1271,499,108,60,1,-1,-1,-1
261,50,996,361,48,42,1,-1,-1,-1
261,55,380,373,83,50,1,-1,-1,-1
261,56,431,326,94,40,1,-1,-1,-1
261,58,549,315,49,41,1,-1,-1,-1
261,59,215,326,72,36,1,-1,-1,-1
261,60,622,272,33,25,1,-1,-1,-1
261,61,828,268,42,30,1,-1,-1,-1
261,63,895,256,30,29,1,-1,-1,-1
261,64,963,285,36,30,1,-1,-1,-1
261,65,958,261,27,25,1,-1,-1,-1
261,121,906,179,19,18,1,-1,-1,-1
261,122,582,725,97,133,1,-1,-1,-1
261,123,756,423,62,64,1,-1,-1,-1
261,127,891,162,16,12,1,-1,-1,-1
261,132,904,168,17,18,1,-1,-1,-1
262,8,782,206,31,27,1,-1,-1,-1
262,10,795,189,33,23,1,-1,-1,-1
262,12,1213,758,244,122,1,-1,-1,-1
262,20,289,405,145,129,1,-1,-1,-1
262,24,1367,563,125,83,1,-1,-1,-1
262,25,1272,501,108,60,1,-1,-1,-1
262,50,996,362,48,42,1,-1,-1,-1
262,55,378,374,84,51,1,-1,-1,-1
262,56,429,327,95,39,1,-1,-1,-1
262,58,549,315,49,41,1,-1,-1,-1
262,59,214,326,72,37,1,-1,-1,-1
262,60,621,272,33,25,1,-1,-1,-1
262,61,828,269,40,30,1,-1,-1,-1
262,63,895,256,30,29,1,-1,-1,-1
262,64,963,285,36,31,1,-1,-1,-1
262,65,958,261,27,25,1,-1,-1,-1
262,121,906,179,19,18,1,-1,-1,-1
262,122,576,742,101,137,1,-1,-1,-1
262,123,754,428,63,65,1,-1,-1,-1
262,127,891,162,16,12,1,-1,-1,-1
262,132,904,167,17,19,1,-1,-1,-1
263,8,781,206,31,27,1,-1,-1,-1
263,10,795,189,33,23,1,-1,-1,-1
263,12,1203,761,244,123,1,-1,-1,-1
263,20,287,406,145,129,1,-1,-1,-1
263,24,1368,565,125,83,1,-1,-1,-1
263,25,1274,503,108,60,1,-1,-1,-1
263,50,996,362,48,42,1,-1,-1,-1
263,55,376,375,84,51,1,-1,-1,-1
263,56,427,327,96,39,1,-1,-1,-1
263,58,548,316,49,41,1,-1,-1,-1
263,59,213,327,72,36,1,-1,-1,-1
263,60,621,272,33,25,1,-1,-1,-1
263,61,828,269,38,30,1,-1,-1,-1
263,63,895,256,30,29,1,-1,-1,-1
263,64,963,285,36,31,1,-1,-1,-1
263,65,958,262,27,25,1,-1,-1,-1
263,121,906,178,19,18,1,-1,-1,-1
263,122,571,760,104,140,1,-1,-1,-1
263,123,751,433,65,66,1,-1,-1,-1
263,127,891,162,16,12,1,-1,-1,-1
263,132,905,167,17,18,1,-1,-1,-1
264,8,781,206,31,27,1,-1,-1,-1
264,10,795,189,33,23,1,-1,-1,-1
264,12,1193,765,245,124,1,-1,-1,-1
264,20,285,407,145,129,1,-1,-1,-1
264,24,1370,568,125,83,1,-1,-1,-1
264,25,1274,503,109,61,1,-1,-1,-1
264,50,996,363,48,42,1,-1,-1,-1
264,55,375,376,83,51,1,-1,-1,-1
264,56,426,328,96,39,1,-1,-1,-1
264,58,548,316,49,41,1,-1,-1,-1
264,59,211,327,72,37,1,-1,-1,-1
264,60,620,273,33,25,1,-1,-1,-1
264,61,828,270,36,29,1,-1,-1,-1
264,63,895,256,30,29,1,-1,-1,-1
264,64,963,286,37,30,1,-1,-1,-1
264,65,958,262,27,25,1,-1,-1,-1
264,121,906,178,19,18,1,-1,-1,-1
264,122,565,777,108,144,1,-1,-1,-1
264,123,749,438,66,68,1,-1,-1,-1
264,127,891,162,16,12,1,-1,-1,-1
264,132,906,166,17,18,1,-1,-1,-1
265,8,781,206,31,27,1,-1,-1,-1
265,10,794,189,33,23,1,-1,-1,-1
265,12,1180,767,246,124,1,-1,-1,-1
265,20,282,409,147,129,1,-1,-1,-1
265,24,1372,571,125,83,1,-1,-1,-1
265,25,1275,504,110,61,1,-1,-1,-1
265,50,996,364,48,42,1,-1,-1,-1
265,55,373,377,84,52,1,-1,-1,-1
265,56,425,328,96,40,1,-1,-1,-1
265,58,548,316,49,41,1,-1,-1,-1
265,59,210,328,72,36,1,-1,-1,-1
265,60,620,273,33,25,1,-1,-1,-1
265,61,828,271,35,29,1,-1,-1,-1
265,63,895,255,30,29,1,-1,-1,-1
265,64,963,286,37,30,1,-1,-1,-1
265,65,958,262,27,25,1,-1,-1,-1
265,121,907,177,19,18,1,-1,-1,-1
265,122,560,794,111,148,1,-1,-1,-1
265,123,746,443,68,69,1,-1,-1,-1
265,127,891,162,16,12,1,-1,-1,-1
265,132,906,166,17,18,1,-1,-1,-1
266,8,781,206,31,27,1,-1,-1,-1
266,10,794,189,33,23,1,-1,-1,-1
266,12,1168,769,247,125,1,-1,-1,-1
266,20,280,410,147,129,1,-1,-1,-1
266,24,1374,571,127,84,1,-1,-1,-1
266,25,1276,504,110,63,1,-1,-1,-1
266,50,996,364,48,42,1,-1,-1,-1
266,55,371,378,84,52,1,-1,-1,-1
266,56,424,329,96,40,1,-1,-1,-1
266,58,547,317,49,41,1,-1,-1,-1
266,59,209,329,72,36,1,-1,-1,-1
266,60,619,273,33,25,1,-1,-1,-1
266,61,827,271,36,30,1,-1,-1,-1
266,63,895,255,30,29,1,-1,-1,-1
266,64,963,286,37,31,1,-1,-1,-1
266,65,958,263,27,25,1,-1,-1,-1
266,121,907,177,19,18,1,-1,-1,-1
266,122,554,812,114,151,1,-1,-1,-1
266,123,744,448,69,70,1,-1,-1,-1
266,127,891,162,16,12,1,-1,-1,-1
266,132,907,166,17,17,1,-1,-1,-1
267,8,781,206,31,27,1,-1,-1,-1
267,10,794,189,33,23,1,-1,-1,-1
267,12,1156,771,247,126,1,-1,-1,-1
267,20,278,411,147,129,1,-1,-1,-1
267,24,1376,572,129,84,1,-1,-1,-1
267,25,1277,505,111,63,1,-1,-1,-1
267,50,996,365,48,42,1,-1,-1,-1
267,55,370,379,84,53,1,-1,-1,-1
267,56,423,329,96,41,1,-1,-1,-1
267,58,547,317,49,41,1,-1,-1,-1
267,59,207,329,72,36,1,-1,-1,-1
267,60,619,274,33,25,1,-1,-1,-1
267,61,827,272,36,30,1,-1,-1,-1
267,63,895,255,30,29,1,-1,-1,-1
267,64,963,286,37,31,1,-1,-1,-1
267,65,958,263,27,25,1,-1,-1,-1
267,121,907,176,19,18,1,-1,-1,-1
267,122,549,829,117,155,1,-1,-1,-1
267,123,742,453,70,72,1,-1,-1,-1
267,127,891,162,16,12,1,-1,-1,-1
267,132,907,165,17,18,1,-1,-1,-1
268,8,781,206,31,27,1,-1,-1,-1
268,10,794,189,33,23,1,-1,-1,-1
268,12,1144,773,248,127,1,-1,-1,-1
268,20,275,412,148,130,1,-1,-1,-1
268,24,1378,573,131,84,1,-1,-1,-1
268,25,1278,505,111,65,1,-1,-1,-1
268,50,996,365,48,42,1,-1,-1,-1
268,55,369,379,84,53,1,-1,-1,-1
268,56,423,330,96,41,1,-1,-1,-1
268,58,547,317,49,41,1,-1,-1,-1
268,59,206,329,72,37,1,-1,-1,-1
268,60,618,274,33,25,1,-1,-1,-1
268,61,826,273,37,31,1,-1,-1,-1
268,63,895,255,30,29,1,-1,-1,-1
268,64,963,286,37,31,1,-1,-1,-1
268,65,959,264,27,25,1,-1,-1,-1
268,121,907,176,19,18,1,-1,-1,-1
268,122,543,846,121,159,1,-1,-1,-1
268,123,738,460,72,74,1,-1,-1,-1
268,127,891,162,16,12,1,-1,-1,-1
268,132,908,165,17,17,1,-1,-1,-1
269,8,781,206,31,27,1,-1,-1,-1
269,10,794,189,33,23,1,-1,-1,-1
269,12,1132,775,248,128,1,-1,-1,-1
269,20,273,413,148,130,1,-1,-1,-1
269,24,1380,574,133,84,1,-1,-1,-1
269,25,1279,506,112,65,1,-1,-1,-1
269,50,996,366,48,42,1,-1,-1,-1
269,55,368,380,84,53,1,-1,-1,-1
269,56,422,330,96,42,1,-1,-1,-1
269,58,546,318,49,41,1,-1,-1,-1
269,59,204,329,72,38,1,-1,-1,-1
269,60,617,274,33,25,1,-1,-1,-1
269,61,826,273,38,32,1,-1,-1,-1
269,63,895,255,30,29,1,-1,-1,-1
269,64,963,286,38,32,1,-1,-1,-1
269,65,959,264,27,25,1,-1,-1,-1
269,121,907,175,19,18,1,-1,-1,-1
269,122,538,864,124,162,1,-1,-1,-1
269,123,735,467,73,76,1,-1,-1,-1
269,127,891,162,16,12,1,-1,-1,-1
269,132,908,165,17,17,1,-1,-1,-1
270,8,780,206,31,27,1,-1,-1,-1
270,10,794,189,33,23,1,-1,-1,-1
270,12,1120,777,249,129,1,-1,-1,-1
270,20,271,414,148,130,1,-1,-1,-1
270,24,1382,575,136,84,1,-1,-1,-1
270,25,1280,506,112,67,1,-1,-1,-1
270,37,1222,440,70,55,1,-1,-1,-1
270,50,997,367,48,42,1,-1,-1,-1
270,55,367,381,84,53,1,-1,-1,-1
270,56,421,331,96,42,1,-1,-1,-1
270,58,546,318,49,41,1,-1,-1,-1
270,59,203,330,72,37,1,-1,-1,-1
270,60,617,274,33,25,1,-1,-1,-1
270,61,825,274,39,33,1,-1,-1,-1
270,63,894,255,30,29,1,-1,-1,-1
270,64,963,286,38,32,1,-1,-1,-1
270,65,959,264,27,25,1,-1,-1,-1
270,121,908,175,19,18,1,-1,-1,-1
270,122,532,881,128,166,1,-1,-1,-1
270,123,732,474,74,78,1,-1,-1,-1
270,127,891,162,16,12,1,-1,-1,-1
270,132,909,164,17,17,1,-1,-1,-1
271,8,780,206,31,27,1,-1,-1,-1
271,10,794,189,33,23,1,-1,-1,-1
271,12,1108,779,249,130,1,-1,-1,-1
271,20,268,415,149,131,1,-1,-1,-1
271,24,1384,576,138,84,1,-1,-1,-1
271,25,1281,507,113,67,1,-1,-1,-1
271,37,1223,441,70,54,1,-1,-1,-1
271,50,997,367,48,42,1,-1,-1,-1
271,55,367,382,84,53,1,-1,-1,-1
271,56,421,332,96,42,1,-1,-1,-1
271,58,546,319,49,41,1,-1,-1,-1
271,59,202,330,71,38,1,-1,-1,-1
271,60,616,274,33,25,1,-1,-1,-1
271,61,825,275,39,33,1,-1,-1,-1
271,63,894,255,30,29,1,-1,-1,-1
271,64,963,286,38,32,1,-1,-1,-1
271,65,959,264,27,25,1,-1,-1,-1
271,121,908,174,19,18,1,-1,-1,-1
271,123,729,482,75,79,1,-1,-1,-1
271,127,891,162,16,12,1,-1,-1,-1
271,132,910,164,17,16,1,-1,-1,-1
272,8,780,206,31,27,1,-1,-1,-1
272,10,793,189,33,23,1,-1,-1,-1
272,12,1096,781,250,131,1,-1,-1,-1
272,20,266,416,149,131,1,-1,-1,-1
272,24,1386,577,140,84,1,-1,-1,-1
272,25,1282,507,113,69,1,-1,-1,-1
272,37,1224,442,70,54,1,-1,-1,-1
272,50,997,367,48,42,1,-1,-1,-1
272,55,366,383,84,53,1,-1,-1,-1
272,56,420,332,96,43,1,-1,-1,-1
272,58,545,319,49,41,1,-1,-1,-1
272,59,200,330,72,39,1,-1,-1,-1
272,60,616,274,33,25,1,-1,-1,-1
272,61,825,276,40,34,1,-1,-1,-1
272,63,894,255,30,29,1,-1,-1,-1
272,64,963,286,38,32,1,-1,-1,-1
272,65,959,264,27,25,1,-1,-1,-1
272,121,908,174,19,18,1,-1,-1,-1
272,123,726,489,76,81,1,-1,-1,-1
272,127,891,162,16,12,1,-1,-1,-1
272,132,910,163,17,17,1,-1,-1,-1
273,8,780,206,31,27,1,-1,-1,-1
273,10,793,189,33,23,1,-1,-1,-1
273,12,1084,784,251,131,1,-1,-1,-1
273,20,264,418,150,131,1,-1,-1,-1
273,24,1388,578,142,84,1,-1,-1,-1
273,25,1283,508,114,69,1,-1,-1,-1
273,37,1225,443,70,54,1,-1,-1,-1
273,50,998,368,48,42,1,-1,-1,-1
273,55,365,384,84,53,1,-1,-1,-1
273,56,419,333,96,43,1,-1,-1,-1
273,58,544,319,49,42,1,-1,-1,-1
273,59,199,331,71,38,1,-1,-1,-1
273,60,615,274,33,25,1,-1,-1,-1
273,61,824,277,40,34,1,-1,-1,-1
273,63,893,255,30,29,1,-1,-1,-1
273,64,963,287,39,32,1,-1,-1,-1
273,65,959,264,27,25,1,-1,-1,-1
273,121,908,173,19,18,1,-1,-1,-1
273,123,723,496,77,84,1,-1,-1,-1
273,127,891,162,16,12,1,-1,-1,-1
273,132,911,163,17,16,1,-1,-1,-1
274,8,780,206,31,27,1,-1,-1,-1
274,10,793,189,33,23,1,-1,-1,-1
274,12,1074,785,251,131,1,-1,-1,-1
274,20,262,418,151,131,1,-1,-1,-1
274,24,1390,579,144,84,1,-1,-1,-1
274,25,1284,509,115,70,1,-1,-1,-1
274,37,1226,444,70,54,1,-1,-1,-1
274,50,998,368,48,42,1,-1,-1,-1
274,55,364,385,84,53,1,-1,-1,-1
274,56,418,333,96,44,1,-1,-1,-1
274,58,543,319,50,42,1,-1,-1,-1
274,59,197,331,72,39,1,-1,-1,-1
274,60,614,275,33,25,1,-1,-1,-1
274,61,824,278,40,34,1,-1,-1,-1
274,63,893,255,30,29,1,-1,-1,-1
274,64,963,287,39,32,1,-1,-1,-1
274,65,959,265,27,25,1,-1,-1,-1
274,121,908,173,19,18,1,-1,-1,-1
274,123,720,503,78,86,1,-1,-1,-1
274,127,891,162,16,12,1,-1,-1,-1
274,132,911,163,17,16,1,-1,-1,-1
275,8,780,206,31,27,1,-1,-1,-1
275,10,793,189,33,23,1,-1,-1,-1
275,12,1064,786,251,131,1,-1,-1,-1
275,20,261,419,151,131,1,-1,-1,-1
275,24,1392,580,147,84,1,-1,-1,-1
275,25,1285,510,115,70,1,-1,-1,-1
275,37,1227,445,70,54,1,-1,-1,-1
275,50,999,369,48,42,1,-1,-1,-1
275,55,364,386,84,53,1,-1,-1,-1
275,56,418,334,96,44,1,-1,-1,-1
275,58,542,319,50,43,1,-1,-1,-1
275,59,196,331,71,40,1,-1,-1,-1
275,60,614,275,33,25,1,-1,-1,-1
275,61,824,279,40,34,1,-1,-1,-1
275,63,893,255,30,29,1,-1,-1,-1
275,64,963,287,39,32,1,-1,-1,-1
275,65,959,265,27,25,1,-1,-1,-1
275,121,909,172,19,18,1,-1,-1,-1
275,123,717,511,79,87,1,-1,-1,-1
275,127,891,162,16,12,1,-1,-1,-1
275,132,912,162,17,16,1,-1,-1,-1
276,8,779,207,31,27,1,-1,-1,-1
276,10,793,189,33,23,1,-1,-1,-1
276,12,1054,787,251,131,1,-1,-1,-1
276,20,259,419,152,132,1,-1,-1,-1
276,24,1392,582,147,84,1,-1,-1,-1
276,25,1286,511,115,70,1,-1,-1,-1
276,37,1228,446,70,54,1,-1,-1,-1
276,50,999,369,48,42,1,-1,-1,-1
276,55,361,386,85,53,1,-1,-1,-1
276,56,417,334,96,45,1,-1,-1,-1
276,58,541,319,50,43,1,-1,-1,-1
276,59,195,332,71,40,1,-1,-1,-1
276,60,613,275,33,25,1,-1,-1,-1
276,61,824,280,40,34,1,-1,-1,-1
276,63,893,255,30,29,1,-1,-1,-1
276,64,963,287,39,33,1,-1,-1,-1
276,65,959,265,27,25,1,-1,-1,-1
276,121,909,172,19,18,1,-1,-1,-1
276,123,714,518,80,89,1,-1,-1,-1
276,127,892,162,16,12,1,-1,-1,-1
276,132,913,162,17,15,1,-1,-1,-1
277,8,779,207,31,27,1,-1,-1,-1
277,10,793,189,33,23,1,-1,-1,-1
277,12,1043,785,250,132,1,-1,-1,-1
277,20,258,420,152,132,1,-1,-1,-1
277,24,1393,584,147,84,1,-1,-1,-1
277,25,1287,512,115,70,1,-1,-1,-1
277,37,1229,447,70,54,1,-1,-1,-1
277,50,999,369,48,42,1,-1,-1,-1
277,55,359,386,86,53,1,-1,-1,-1
277,56,416,335,96,45,1,-1,-1,-1
277,58,541,320,50,43,1,-1,-1,-1
277,59,191,331,74,41,1,-1,-1,-1
277,60,613,275,33,25,1,-1,-1,-1
277,61,824,281,40,34,1,-1,-1,-1
277,63,892,254,30,29,1,-1,-1,-1
277,64,963,287,40,33,1,-1,-1,-1
277,65,959,265,27,25,1,-1,-1,-1
277,121,909,171,19,18,1,-1,-1,-1
277,123,711,525,81,91,1,-1,-1,-1
277,127,892,161,16,12,1,-1,-1,-1
277,132,913,162,17,15,1,-1,-1,-1
278,8,779,207,31,27,1,-1,-1,-1
278,10,793,189,33,23,1,-1,-1,-1
278,12,1032,784,249,132,1,-1,-1,-1
278,20,256,420,153,133,1,-1,-1,-1
278,24,1394,587,147,84,1,-1,-1,-1
278,25,1289,513,114,70,1,-1,-1,-1
278,37,1230,448,70,54,1,-1,-1,-1
278,50,1000,370,48,42,1,-1,-1,-1
278,55,357,386,87,53,1,-1,-1,-1
278,56,416,336,96,46,1,-1,-1,-1
278,58,540,320,50,43,1,-1,-1,-1
278,59,188,331,77,41,1,-1,-1,-1
278,60,612,275,33,25,1,-1,-1,-1
278,61,824,282,40,34,1,-1,-1,-1
278,63,892,253,30,29,1,-1,-1,-1
278,64,963,287,40,33,1,-1,-1,-1
278,65,959,265,27,25,1,-1,-1,-1
278,121,909,171,19,18,1,-1,-1,-1
278,123,708,532,82,93,1,-1,-1,-1
278,127,892,161,16,12,1,-1,-1,-1
278,132,914,161,17,15,1,-1,-1,-1
279,8,779,207,31,27,1,-1,-1,-1
279,10,792,189,33,23,1,-1,-1,-1
279,12,1022,782,247,133,1,-1,-1,-1
279,20,254,421,154,133,1,-1,-1,-1
279,24,1395,589,147,84,1,-1,-1,-1
279,25,1290,514,114,70,1,-1,-1,-1
279,37,1231,450,70,53,1,-1,-1,-1
279,50,1000,370,48,42,1,-1,-1,-1
279,55,355,386,88,53,1,-1,-1,-1
279,56,415,335,96,46,1,-1,-1,-1
279,58,539,320,50,44,1,-1,-1,-1
279,59,184,331,80,41,1,-1,-1,-1
279,60,611,275,33,25,1,-1,-1,-1
279,61,824,284,40,34,1,-1,-1,-1
279,63,892,253,29,29,1,-1,-1,-1
279,64,963,287,40,33,1,-1,-1,-1
279,65,959,266,27,25,1,-1,-1,-1
279,121,910,171,19,18,1,-1,-1,-1
279,123,705,540,83,95,1,-1,-1,-1
279,127,892,161,16,12,1,-1,-1,-1
279,132,914,161,17,15,1,-1,-1,-1
280,8,779,207,31,27,1,-1,-1,-1
280,10,792,189,33,23,1,-1,-1,-1
280,12,1011,781,247,134,1,-1,-1,-1
280,20,252,421,155,134,1,-1,-1,-1
280,24,1395,591,147,84,1,-1,-1,-1
280,25,1291,515,115,71,1,-1,-1,-1
280,37,1231,450,70,53,1,-1,-1,-1
280,50,1001,371,48,42,1,-1,-1,-1
280,55,353,386,89,53,1,-1,-1,-1
280,56,414,335,97,46,1,-1,-1,-1
280,58,538,320,51,44,1,-1,-1,-1
280,59,181,331,83,41,1,-1,-1,-1
280,60,611,275,33,25,1,-1,-1,-1
280,61,823,284,40,34,1,-1,-1,-1
280,63,892,252,29,29,1,-1,-1,-1
280,64,963,287,40,34,1,-1,-1,-1
280,65,959,266,27,25,1,-1,-1,-1
280,121,910,170,19,18,1,-1,-1,-1
280,123,699,549,86,98,1,-1,-1,-1
280,127,892,161,16,12,1,-1,-1,-1
280,132,915,161,17,14,1,-1,-1,-1
281,8,779,207,31,27,1,-1,-1,-1
281,10,792,189,33,23,1,-1,-1,-1
281,12,1001,779,245,135,1,-1,-1,-1
281,20,251,422,155,134,1,-1,-1,-1
281,24,1396,594,147,84,1,-1,-1,-1
281,25,1292,516,115,71,1,-1,-1,-1
281,37,1232,450,70,53,1,-1,-1,-1
281,50,1001,371,48,42,1,-1,-1,-1
281,55,351,386,90,53,1,-1,-1,-1
281,56,413,335,97,46,1,-1,-1,-1
281,58,537,320,51,45,1,-1,-1,-1
281,59,177,331,86,42,1,-1,-1,-1
281,60,610,276,33,25,1,-1,-1,-1
281,61,823,285,40,34,1,-1,-1,-1
281,63,891,251,30,29,1,-1,-1,-1
281,64,963,287,40,34,1,-1,-1,-1
281,65,959,266,27,25,1,-1,-1,-1
281,121,910,170,19,18,1,-1,-1,-1
281,123,694,559,89,101,1,-1,-1,-1
281,127,893,160,15,13,1,-1,-1,-1
281,132,916,160,17,14,1,-1,-1,-1
282,8,779,207,31,27,1,-1,-1,-1
282,10,792,189,33,23,1,-1,-1,-1
282,12,990,778,244,135,1,-1,-1,-1
282,20,249,422,156,135,1,-1,-1,-1
282,24,1397,596,147,84,1,-1,-1,-1
282,25,1294,517,114,71,1,-1,-1,-1
282,37,1232,450,70,53,1,-1,-1,-1
282,50,1002,372,48,42,1,-1,-1,-1
282,55,349,386,91,53,1,-1,-1,-1
282,56,413,335,97,46,1,-1,-1,-1
282,58,536,320,51,45,1,-1,-1,-1
282,59,174,331,89,42,1,-1,-1,-1
282,60,610,276,33,25,1,-1,-1,-1
282,61,823,286,40,34,1,-1,-1,-1
282,63,891,251,29,29,1,-1,-1,-1
282,64,963,288,41,33,1,-1,-1,-1
282,65,959,266,27,25,1,-1,-1,-1
282,121,910,169,19,18,1,-1,-1,-1
282,123,689,568,92,104,1,-1,-1,-1
282,127,893,160,15,12,1,-1,-1,-1
282,132,916,160,17,14,1,-1,-1,-1
283,8,778,207,31,27,1,-1,-1,-1
283,10,792,189,33,23,1,-1,-1,-1
283,12,980,777,243,136,1,-1,-1,-1
283,20,247,423,157,135,1,-1,-1,-1
283,24,1398,599,147,84,1,-1,-1,-1
283,25,1295,518,114,71,1,-1,-1,-1
283,37,1233,450,70,53,1,-1,-1,-1
283,50,1002,372,48,42,1,-1,-1,-1
283,55,347,386,92,53,1,-1,-1,-1
283,56,412,335,98,46,1,-1,-1,-1
283,58,536,321,51,45,1,-1,-1,-1
283,59,170,331,92,42,1,-1,-1,-1
283,60,609,276,33,25,1,-1,-1,-1
283,61,823,287,40,34,1,-1,-1,-1
283,63,891,250,29,29,1,-1,-1,-1
283,64,963,288,41,34,1,-1,-1,-1
283,65,959,266,27,25,1,-1,-1,-1
283,121,910,169,19,18,1,-1,-1,-1
283,123,684,578,95,107,1,-1,-1,-1
283,127,893,160,15,12,1,-1,-1,-1
283,132,917,159,17,14,1,-1,-1,-1
284,8,778,207,31,27,1,-1,-1,-1
284,10,792,189,33,23,1,-1,-1,-1
284,12,974,772,238,137,1,-1,-1,-1
284,20,245,423,158,136,1,-1,-1,-1
284,24,1399,599,147,85,1,-1,-1,-1
284,25,1296,519,114,71,1,-1,-1,-1
284,37,1234,450,70,53,1,-1,-1,-1
284,50,1002,372,48,42,1,-1,-1,-1
284,55,345,386,93,53,1,-1,-1,-1
284,56,411,335,98,46,1,-1,-1,-1
284,58,535,321,51,45,1,-1,-1,-1
284,59,167,331,95,42,1,-1,-1,-1
284,60,609,276,33,25,1,-1,-1,-1
284,61,823,288,40,34,1,-1,-1,-1
284,63,891,250,29,29,1,-1,-1,-1
284,64,963,288,41,34,1,-1,-1,-1
284,65,959,266,27,25,1,-1,-1,-1
284,121,910,168,19,18,1,-1,-1,-1
284,123,679,588,98,110,1,-1,-1,-1
284,127,893,160,15,12,1,-1,-1,-1
284,132,917,159,17,14,1,-1,-1,-1
285,8,778,207,31,27,1,-1,-1,-1
285,10,792,189,33,23,1,-1,-1,-1
285,12,968,768,233,137,1,-1,-1,-1
285,20,243,424,159,136,1,-1,-1,-1
285,24,1400,599,147,86,1,-1,-1,-1
285,25,1298,521,114,71,1,-1,-1,-1
285,37,1234,450,70,53,1,-1,-1,-1
285,38,1193,412,65,51,1,-1,-1,-1
285,50,1002,372,48,42,1,-1,-1,-1
285,55,343,386,94,53,1,-1,-1,-1
285,56,411,335,98,46,1,-1,-1,-1
285,58,535,321,51,45,1,-1,-1,-1
285,59,163,331,98,42,1,-1,-1,-1
285,60,608,276,33,25,1,-1,-1,-1
285,61,823,289,40,34,1,-1,-1,-1
285,63,890,249,29,29,1,-1,-1,-1
285,64,963,288,41,34,1,-1,-1,-1
285,65,959,267,27,25,1,-1,-1,-1
285,121,911,168,19,18,1,-1,-1,-1
285,123,674,597,101,113,1,-1,-1,-1
285,127,893,159,15,13,1,-1,-1,-1
285,132,918,159,17,13,1,-1,-1,-1
286,8,778,207,31,27,1,-1,-1,-1
286,10,792,189,33,23,1,-1,-1,-1
286,12,962,764,228,137,1,-1,-1,-1
286,20,242,424,159,137,1,-1,-1,-1
286,24,1402,599,147,87,1,-1,-1,-1
286,25,1298,521,115,72,1,-1,-1,-1
286,37,1235,450,70,53,1,-1,-1,-1
286,38,1193,412,65,51,1,-1,-1,-1
286,50,1003,372,48,42,1,-1,-1,-1
286,55,341,387,95,52,1,-1,-1,-1
286,56,410,335,99,46,1,-1,-1,-1
286,58,535,321,51,45,1,-1,-1,-1
286,59,160,331,101,43,1,-1,-1,-1
286,60,607,276,33,25,1,-1,-1,-1
286,61,823,290,40,34,1,-1,-1,-1
286,63,890,248,29,29,1,-1,-1,-1
286,64,963,288,42,34,1,-1,-1,-1
286,65,959,267,27,25,1,-1,-1,-1
286,121,911,167,19,18,1,-1,-1,-1
286,123,669,607,104,116,1,-1,-1,-1
286,127,894,159,15,13,1,-1,-1,-1
286,132,919,158,17,13,1,-1,-1,-1
287,8,778,207,31,27,1,-1,-1,-1
287,10,791,188,33,23,1,-1,-1,-1
287,12,956,760,223,137,1,-1,-1,-1
287,20,240,425,160,137,1,-1,-1,-1
287,24,1403,600,147,88,1,-1,-1,-1
287,25,1299,522,115,72,1,-1,-1,-1
287,37,1235,450,70,53,1,-1,-1,-1
287,38,1194,412,65,51,1,-1,-1,-1
287,50,1003,372,48,42,1,-1,-1,-1
287,55,339,387,96,52,1,-1,-1,-1
287,56,409,335,99,46,1,-1,-1,-1
287,58,535,321,51,45,1,-1,-1,-1
287,59,158,331,101,43,1,-1,-1,-1
287,60,607,276,33,25,1,-1,-1,-1
287,61,823,291,40,34,1,-1,-1,-1
287,63,890,248,29,29,1,-1,-1,-1
287,64,963,288,42,35,1,-1,-1,-1
287,65,959,267,27,25,1,-1,-1,-1
287,121,911,167,19,18,1,-1,-1,-1
287,123,664,617,107,119,1,-1,-1,-1
287,127,894,159,15,12,1,-1,-1,-1
287,132,919,158,17,13,1,-1,-1,-1
288,8,778,207,31,27,1,-1,-1,-1
288,10,791,188,33,23,1,-1,-1,-1
288,12,950,756,218,137,1,-1,-1,-1
288,20,238,425,161,138,1,-1,-1,-1
288,24,1404,600,148,89,1,-1,-1,-1
288,25,1300,523,115,72,1,-1,-1,-1
288,37,1236,450,70,53,1,-1,-1,-1
288,38,1194,412,65,51,1,-1,-1,-1
288,50,1003,372,48,42,1,-1,-1,-1
288,55,338,388,96,52,1,-1,-1,-1
288,56,409,335,99,46,1,-1,-1,-1
288,58,535,321,51,45,1,-1,-1,-1
288,59,157,331,101,43,1,-1,-1,-1
288,60,606,277,33,25,1,-1,-1,-1
288,61,823,292,40,34,1,-1,-1,-1
288,63,889,247,29,29,1,-1,-1,-1
288,64,963,288,42,35,1,-1,-1,-1
288,65,959,267,27,25,1,-1,-1,-1
288,121,911,166,19,18,1,-1,-1,-1
288,123,657,630,109,123,1,-1,-1,-1
288,127,894,159,15,12,1,-1,-1,-1
288,132,920,158,17,12,1,-1,-1,-1
289,8,777,207,31,27,1,-1,-1,-1
289,10,791,188,33,23,1,-1,-1,-1
289,12,944,752,213,137,1,-1,-1,-1
289,20,236,426,162,138,1,-1,-1,-1
289,24,1406,600,147,90,1,-1,-1,-1
289,25,1301,524,115,72,1,-1,-1,-1
289,37,1237,450,70,53,1,-1,-1,-1
289,38,1195,412,65,51,1,-1,-1,-1
289,50,1004,373,48,42,1,-1,-1,-1
289,55,337,389,97,52,1,-1,-1,-1
289,56,408,335,99,46,1,-1,-1,-1
289,58,534,322,51,45,1,-1,-1,-1
289,59,156,331,101,43,1,-1,-1,-1
289,60,606,277,33,25,1,-1,-1,-1
289,61,823,293,40,34,1,-1,-1,-1
289,63,889,247,29,29,1,-1,-1,-1
289,64,963,288,42,35,1,-1,-1,-1
289,65,959,267,27,25,1,-1,-1,-1
289,121,911,166,19,18,1,-1,-1,-1
289,123,650,643,112,128,1,-1,-1,-1
289,127,894,158,15,13,1,-1,-1,-1
289,132,920,157,17,13,1,-1,-1,-1
290,8,777,207,31,27,1,-1,-1,-1
290,10,791,188,33,23,1,-1,-1,-1
290,12,938,747,208,138,1,-1,-1,-1
290,20,234,426,163,139,1,-1,-1,-1
290,24,1407,600,148,91,1,-1,-1,-1
290,25,1301,524,116,73,1,-1,-1,-1
290,37,1237,450,70,53,1,-1,-1,-1
290,38,1195,412,65,51,1,-1,-1,-1
290,50,1004,373,48,42,1,-1,-1,-1
290,55,336,390,97,52,1,-1,-1,-1
290,56,407,335,100,46,1,-1,-1,-1
290,58,534,322,51,45,1,-1,-1,-1
290,59,155,331,101,43,1,-1,-1,-1
290,60,605,277,33,25,1,-1,-1,-1
290,61,823,294,40,34,1,-1,-1,-1
290,63,889,246,29,29,1,-1,-1,-1
290,64,964,289,42,35,1,-1,-1,-1
290,65,959,268,27,25,1,-1,-1,-1
290,121,911,165,19,18,1,-1,-1,-1
290,123,644,656,114,133,1,-1,-1,-1
290,127,894,158,15,13,1,-1,-1,-1
290,132,921,157,17,12,1,-1,-1,-1
291,8,777,208,31,27,1,-1,-1,-1
291,10,791,188,33,23,1,-1,-1,-1
291,12,932,743,203,138,1,-1,-1,-1
291,20,233,427,163,139,1,-1,-1,-1
291,24,1408,601,148,92,1,-1,-1,-1
291,25,1302,525,116,73,1,-1,-1,-1
291,37,1238,451,70,53,1,-1,-1,-1
291,38,1196,413,65,51,1,-1,-1,-1
291,50,1004,373,48,42,1,-1,-1,-1
291,55,334,390,99,53,1,-1,-1,-1
291,56,407,335,100,46,1,-1,-1,-1
291,58,534,322,51,45,1,-1,-1,-1
291,59,154,331,101,43,1,-1,-1,-1
291,60,604,277,33,25,1,-1,-1,-1
291,61,823,295,40,34,1,-1,-1,-1
291,62,818,248,34,30,1,-1,-1,-1
291,63,888,245,29,29,1,-1,-1,-1
291,64,963,289,42,35,1,-1,-1,-1
291,65,959,268,27,25,1,-1,-1,-1
291,121,912,165,19,18,1,-1,-1,-1
291,123,637,669,116,138,1,-1,-1,-1
291,127,895,158,14,13,1,-1,-1,-1
291,132,922,157,17,12,1,-1,-1,-1
292,8,777,208,31,27,1,-1,-1,-1
292,10,791,188,33,23,1,-1,-1,-1
292,12,926,739,198,138,1,-1,-1,-1
292,20,231,427,164,140,1,-1,-1,-1
292,24,1410,601,148,93,1,-1,-1,-1
292,25,1303,526,117,73,1,-1,-1,-1
292,37,1238,451,70,53,1,-1,-1,-1
292,38,1196,413,65,51,1,-1,-1,-1
292,50,1004,373,48,42,1,-1,-1,-1
292,55,333,391,99,53,1,-1,-1,-1
292,56,406,335,100,46,1,-1,-1,-1
292,58,534,322,51,45,1,-1,-1,-1
292,59,153,332,101,43,1,-1,-1,-1
292,60,604,277,33,25,1,-1,-1,-1
292,61,823,296,40,34,1,-1,-1,-1
292,62,816,249,34,30,1,-1,-1,-1
292,63,888,245,29,29,1,-1,-1,-1
292,64,963,289,42,35,1,-1,-1,-1
292,65,959,268,27,25,1,-1,-1,-1
292,121,912,165,19,18,1,-1,-1,-1
292,123,630,682,119,143,1,-1,-1,-1
292,127,895,158,14,12,1,-1,-1,-1
292,132,922,156,17,12,1,-1,-1,-1
293,8,777,208,31,27,1,-1,-1,-1
293,10,791,188,33,23,1,-1,-1,-1
293,12,920,735,193,138,1,-1,-1,-1
293,20,229,428,165,140,1,-1,-1,-1
293,24,1411,601,148,94,1,-1,-1,-1
293,25,1304,527,117,73,1,-1,-1,-1
293,37,1239,452,70,53,1,-1,-1,-1
293,38,1197,413,65,51,1,-1,-1,-1
293,50,1005,373,48,42,1,-1,-1,-1
293,55,332,392,100,53,1,-1,-1,-1
293,56,405,335,101,46,1,-1,-1,-1
293,58,534,322,51,45,1,-1,-1,-1
293,59,152,332,101,43,1,-1,-1,-1
293,60,603,277,33,25,1,-1,-1,-1
293,61,823,298,40,34,1,-1,-1,-1
293,62,815,251,34,30,1,-1,-1,-1
293,63,888,244,29,29,1,-1,-1,-1
293,64,963,289,42,35,1,-1,-1,-1
293,65,959,268,27,25,1,-1,-1,-1
293,121,912,164,19,18,1,-1,-1,-1
293,123,624,696,121,147,1,-1,-1,-1
293,127,895,157,14,13,1,-1,-1,-1
293,132,922,155,17,12,1,-1,-1,-1
294,8,777,208,31,27,1,-1,-1,-1
294,10,790,188,33,23,1,-1,-1,-1
294,12,914,731,188,138,1,-1,-1,-1
294,20,227,428,166,141,1,-1,-1,-1
294,24,1413,602,148,95,1,-1,-1,-1
294,25,1304,527,118,74,1,-1,-1,-1
294,37,1240,453,70,53,1,-1,-1,-1
294,38,1197,413,65,51,1,-1,-1,-1
294,50,1005,373,48,42,1,-1,-1,-1
294,55,331,393,100,53,1,-1,-1,-1
294,56,405,335,101,46,1,-1,-1,-1
294,58,534,323,51,45,1,-1,-1,-1
294,59,151,332,101,43,1,-1,-1,-1
294,60,603,277,33,25,1,-1,-1,-1
294,61,822,298,40,35,1,-1,-1,-1
294,62,813,253,34,30,1,-1,-1,-1
294,63,888,244,29,29,1,-1,-1,-1
294,64,963,289,42,35,1,-1,-1,-1
294,65,959,268,27,25,1,-1,-1,-1
294,121,912,164,19,18,1,-1,-1,-1
294,123,613,715,126,153,1,-1,-1,-1
294,127,895,157,14,13,1,-1,-1,-1
294,132,922,155,17,12,1,-1,-1,-1
295,8,777,208,31,27,1,-1,-1,-1
295,10,790,188,33,23,1,-1,-1,-1
295,12,908,727,183,138,1,-1,-1,-1
295,20,226,429,166,141,1,-1,-1,-1
295,24,1414,603,148,95,1,-1,-1,-1
295,25,1305,528,118,74,1,-1,-1,-1
295,37,1240,453,70,53,1,-1,-1,-1
295,38,1198,413,65,51,1,-1,-1,-1
295,50,1005,373,48,42,1,-1,-1,-1
295,55,330,394,101,53,1,-1,-1,-1
295,56,404,335,101,46,1,-1,-1,-1
295,58,533,323,51,45,1,-1,-1,-1
295,59,150,332,101,43,1,-1,-1,-1
295,60,602,278,33,25,1,-1,-1,-1
295,61,821,299,40,36,1,-1,-1,-1
295,62,812,255,34,30,1,-1,-1,-1
295,63,887,243,29,29,1,-1,-1,-1
295,64,963,289,42,35,1,-1,-1,-1
295,65,959,268,27,25,1,-1,-1,-1
295,121,912,163,19,18,1,-1,-1,-1
295,123,603,735,130,158,1,-1,-1,-1
295,127,895,157,14,13,1,-1,-1,-1
295,132,922,154,17,12,1,-1,-1,-1
296,8,776,208,31,27,1,-1,-1,-1
296,10,790,188,33,23,1,-1,-1,-1
296,12,903,723,177,138,1,-1,-1,-1
296,20,223,429,167,141,1,-1,-1,-1
296,24,1415,605,148,95,1,-1,-1,-1
296,25,1306,529,118,74,1,-1,-1,-1
296,37,1241,454,70,53,1,-1,-1,-1
296,38,1199,414,65,51,1,-1,-1,-1
296,50,1006,374,48,42,1,-1,-1,-1
296,55,328,394,101,53,1,-1,-1,-1
296,56,403,335,102,46,1,-1,-1,-1
296,58,532,323,51,45,1,-1,-1,-1
296,59,149,332,101,43,1,-1,-1,-1
296,60,601,278,33,25,1,-1,-1,-1
296,61,820,299,40,37,1,-1,-1,-1
296,62,811,257,34,30,1,-1,-1,-1
296,63,887,242,29,29,1,-1,-1,-1
296,64,962,289,42,35,1,-1,-1,-1
296,65,959,269,27,25,1,-1,-1,-1
296,121,912,163,19,18,1,-1,-1,-1
296,123,593,755,134,163,1,-1,-1,-1
296,127,896,157,14,13,1,-1,-1,-1
296,132,922,153,17,12,1,-1,-1,-1
297,8,776,208,31,27,1,-1,-1,-1
297,10,790,188,33,23,1,-1,-1,-1
297,12,899,718,172,136,1,-1,-1,-1
297,20,221,430,167,141,1,-1,-1,-1
297,24,1416,606,148,95,1,-1,-1,-1
297,25,1307,530,118,74,1,-1,-1,-1
297,37,1241,454,70,53,1,-1,-1,-1
297,38,1199,414,65,51,1,-1,-1,-1
297,50,1005,374,48,42,1,-1,-1,-1
297,55,326,394,101,53,1,-1,-1,-1
297,56,403,335,102,46,1,-1,-1,-1
297,58,531,323,51,46,1,-1,-1,-1
297,59,148,333,101,43,1,-1,-1,-1
297,60,601,278,33,25,1,-1,-1,-1
297,61,819,300,40,38,1,-1,-1,-1
297,62,809,258,34,30,1,-1,-1,-1
297,63,887,242,29,29,1,-1,-1,-1
297,64,962,289,42,35,1,-1,-1,-1
297,65,959,269,27,25,1,-1,-1,-1
297,121,913,162,19,18,1,-1,-1,-1
297,123,583,775,138,168,1,-1,-1,-1
297,127,895,156,14,13,1,-1,-1,-1
297,132,922,153,17,12,1,-1,-1,-1
298,8,776,208,31,27,1,-1,-1,-1
298,10,790,188,33,23,1,-1,-1,-1
298,12,895,713,167,134,1,-1,-1,-1
298,20,218,430,168,142,1,-1,-1,-1
298,24,1418,608,148,95,1,-1,-1,-1
298,25,1308,531,119,75,1,-1,-1,-1
298,37,1242,455,70,53,1,-1,-1,-1
298,38,1199,414,65,51,1,-1,-1,-1
298,50,1005,374,48,43,1,-1,-1,-1
298,55,325,394,101,53,1,-1,-1,-1
298,56,401,335,102,46,1,-1,-1,-1
298,58,530,323,51,46,1,-1,-1,-1
298,59,146,333,101,43,1,-1,-1,-1
298,60,600,278,33,25,1,-1,-1,-1
298,61,818,301,40,38,1,-1,-1,-1
298,62,808,260,34,30,1,-1,-1,-1
298,63,886,241,29,29,1,-1,-1,-1
298,64,962,289,42,35,1,-1,-1,-1
298,65,959,269,27,25,1,-1,-1,-1
298,121,913,162,19,18,1,-1,-1,-1
298,123,573,795,142,173,1,-1,-1,-1
298,127,895,156,14,13,1,-1,-1,-1
298,132,923,152,17,12,1,-1,-1,-1
299,8,776,208,31,27,1,-1,-1,-1
299,10,790,188,33,23,1,-1,-1,-1
299,12,891,708,162,132,1,-1,-1,-1
299,20,216,431,168,142,1,-1,-1,-1
299,24,1419,609,148,95,1,-1,-1,-1
299,25,1308,532,119,75,1,-1,-1,-1
299,37,1243,456,70,53,1,-1,-1,-1
299,38,1199,415,65,51,1,-1,-1,-1
299,44,1168,385,68,46,1,-1,-1,-1
299,50,1005,375,48,42,1,-1,-1,-1
299,55,323,394,101,53,1,-1,-1,-1
299,56,400,335,102,46,1,-1,-1,-1
299,58,529,323,51,47,1,-1,-1,-1
299,59,144,333,101,43,1,-1,-1,-1
299,60,600,278,33,25,1,-1,-1,-1
299,61,817,301,40,40,1,-1,-1,-1
299,62,806,262,34,30,1,-1,-1,-1
299,63,886,241,29,29,1,-1,-1,-1
299,64,962,289,42,35,1,-1,-1,-1
299,65,959,269,27,25,1,-1,-1,-1
299,121,913,161,19,18,1,-1,-1,-1
299,123,563,815,146,178,1,-1,-1,-1
299,127,895,156,14,13,1,-1,-1,-1
299,132,923,152,17,12,1,-1,-1,-1
300,8,776,208,31,27,1,-1,-1,-1
300,10,790,188,33,23,1,-1,-1,-1
300,12,887,703,157,130,1,-1,-1,-1
300,20,213,431,169,143,1,-1,-1,-1
300,24,1420,611,148,95,1,-1,-1,-1
300,25,1308,533,119,75,1,-1,-1,-1
300,37,1242,456,70,53,1,-1,-1,-1
300,38,1199,415,65,51,1,-1,-1,-1
300,44,1167,385,68,46,1,-1,-1,-1
300,50,1005,375,48,43,1,-1,-1,-1
300,55,321,394,101,53,1,-1,-1,-1
300,56,399,335,102,46,1,-1,-1,-1
300,58,528,323,51,47,1,-1,-1,-1
300,59,142,333,101,43,1,-1,-1,-1
300,60,599,278,33,25,1,-1,-1,-1
300,61,816,302,40,40,1,-1,-1,-1
300,62,805,264,34,30,1,-1,-1,-1
300,63,886,240,29,29,1,-1,-1,-1
300,64,962,289,42,35,1,-1,-1,-1
300,65,959,269,27,25,1,-1,-1,-1
300,121,913,161,19,18,1,-1,-1,-1
300,123,553,835,150,183,1,-1,-1,-1
300,127,895,155,14,13,1,-1,-1,-1
300,132,923,151,17,12,1,-1,-1,-1
301,8,776,208,31,27,1,-1,-1,-1
301,10,789,188,33,23,1,-1,-1,-1
301,12,884,698,151,129,1,-1,-1,-1
301,20,211,432,169,143,1,-1,-1,-1
301,24,1421,613,148,95,1,-1,-1,-1
301,25,1308,534,119,75,1,-1,-1,-1
301,37,1242,457,70,53,1,-1,-1,-1
301,38,1199,416,65,51,1,-1,-1,-1
301,44,1167,385,68,46,1,-1,-1,-1
301,50,1005,376,48,43,1,-1,-1,-1
301,51,1157,345,53,54,1,-1,-1,-1
301,52,1124,315,42,46,1,-1,-1,-1
301,55,320,395,101,53,1,-1,-1,-1
301,56,398,336,102,46,1,-1,-1,-1
301,58,527,324,51,47,1,-1,-1,-1
301,59,141,333,101,43,1,-1,-1,-1
301,60,599,279,33,25,1,-1,-1,-1
301,61,815,303,41,41,1,-1,-1,-1
301,62,804,266,34,30,1,-1,-1,-1
301,63,886,240,29,29,1,-1,-1,-1
301,64,962,290,42,35,1,-1,-1,-1
301,65,959,270,27,25,1,-1,-1,-1
301,67,956,238,32,25,1,-1,-1,-1
301,70,1058,244,66,24,1,-1,-1,-1
301,121,913,160,19,18,1,-1,-1,-1
301,123,543,855,154,188,1,-1,-1,-1
301,127,895,155,14,13,1,-1,-1,-1
301,132,923,150,17,12,1,-1,-1,-1
302,8,775,208,31,27,1,-1,-1,-1
302,10,789,188,33,23,1,-1,-1,-1
302,12,880,693,147,127,1,-1,-1,-1
302,20,208,432,170,144,1,-1,-1,-1
302,24,1421,614,147,96,1,-1,-1,-1
302,25,1308,535,119,75,1,-1,-1,-1
302,37,1242,458,70,53,1,-1,-1,-1
302,38,1199,416,65,51,1,-1,-1,-1
302,44,1166,385,69,46,1,-1,-1,-1
302,50,1004,376,48,43,1,-1,-1,-1
302,51,1156,345,53,54,1,-1,-1,-1
302,52,1124,315,42,46,1,-1,-1,-1
302,55,318,395,101,53,1,-1,-1,-1
302,56,396,336,102,46,1,-1,-1,-1
302,58,526,324,51,47,1,-1,-1,-1
302,59,139,333,101,43,1,-1,-1,-1
302,60,598,279,34,25,1,-1,-1,-1
302,61,813,304,42,41,1,-1,-1,-1
302,62,801,268,34,30,1,-1,-1,-1
302,63,885,239,29,29,1,-1,-1,-1
302,64,961,290,42,35,1,-1,-1,-1
302,65,958,270,28,25,1,-1,-1,-1
302,67,955,238,32,25,1,-1,-1,-1
302,70,1057,244,66,24,1,-1,-1,-1
302,121,913,160,19,18,1,-1,-1,-1
302,127,895,155,14,13,1,-1,-1,-1
302,132,923,150,17,12,1,-1,-1,-1
303,8,775,208,31,27,1,-1,-1,-1
303,10,789,188,33,23,1,-1,-1,-1
303,12,877,688,142,125,1,-1,-1,-1
303,20,205,433,171,144,1,-1,-1,-1
303,24,1421,615,147,97,1,-1,-1,-1
303,25,1308,536,119,75,1,-1,-1,-1
303,37,1242,459,71,53,1,-1,-1,-1
303,38,1199,417,65,51,1,-1,-1,-1
303,44,1166,386,69,46,1,-1,-1,-1
303,50,1004,377,48,43,1,-1,-1,-1
303,51,1156,346,53,54,1,-1,-1,-1
303,52,1124,315,42,46,1,-1,-1,-1
303,55,317,396,101,53,1,-1,-1,-1
303,56,395,336,102,47,1,-1,-1,-1
303,58,525,324,51,47,1,-1,-1,-1
303,59,138,333,100,43,1,-1,-1,-1
303,60,597,279,35,25,1,-1,-1,-1
303,61,812,306,42,41,1,-1,-1,-1
303,62,798,270,35,31,1,-1,-1,-1
303,63,885,239,29,29,1,-1,-1,-1
303,64,961,290,42,35,1,-1,-1,-1
303,65,958,270,28,25,1,-1,-1,-1
303,67,955,238,32,25,1,-1,-1,-1
303,70,1057,244,66,24,1,-1,-1,-1
303,121,914,160,19,18,1,-1,-1,-1
303,127,894,155,14,13,1,-1,-1,-1
303,132,923,149,17,12,1,-1,-1,-1
304,8,775,208,31,27,1,-1,-1,-1
304,10,789,188,33,23,1,-1,-1,-1
304,12,874,684,137,123,1,-1,-1,-1
304,20,203,434,172,145,1,-1,-1,-1
304,24,1421,616,147,98,1,-1,-1,-1
304,25,1308,537,119,76,1,-1,-1,-1
304,37,1243,460,71,53,1,-1,-1,-1
304,38,1199,418,65,51,1,-1,-1,-1
304,44,1166,386,69,47,1,-1,-1,-1
304,50,1003,377,49,44,1,-1,-1,-1
304,51,1156,346,53,54,1,-1,-1,-1
304,52,1124,316,42,46,1,-1,-1,-1
304,55,315,396,101,53,1,-1,-1,-1
304,56,394,337,102,46,1,-1,-1,-1
304,58,524,325,51,46,1,-1,-1,-1
304,59,137,333,99,44,1,-1,-1,-1
304,60,597,279,35,26,1,-1,-1,-1
304,61,811,308,42,41,1,-1,-1,-1
304,62,796,273,35,31,1,-1,-1,-1
304,63,884,238,29,29,1,-1,-1,-1
304,64,960,290,43,36,1,-1,-1,-1
304,65,958,270,28,26,1,-1,-1,-1
304,67,955,238,32,25,1,-1,-1,-1
304,70,1057,244,66,25,1,-1,-1,-1
304,121,913,159,19,18,1,-1,-1,-1
304,127,894,154,14,13,1,-1,-1,-1
304,132,924,149,17,12,1,-1,-1,-1
305,8,775,208,31,27,1,-1,-1,-1
305,10,789,188,33,23,1,-1,-1,-1
305,12,871,679,132,121,1,-1,-1,-1
305,20,200,435,173,145,1,-1,-1,-1
305,24,1421,618,147,98,1,-1,-1,-1
305,25,1308,538,120,76,1,-1,-1,-1
305,37,1243,461,71,54,1,-1,-1,-1
305,38,1199,419,66,51,1,-1,-1,-1
305,44,1166,387,69,46,1,-1,-1,-1
305,50,1003,378,48,43,1,-1,-1,-1
305,51,1156,347,53,54,1,-1,-1,-1
305,52,1124,316,42,46,1,-1,-1,-1
305,55,314,397,101,53,1,-1,-1,-1
305,56,393,337,102,47,1,-1,-1,-1
305,58,523,325,51,47,1,-1,-1,-1
305,59,135,334,100,43,1,-1,-1,-1
305,60,596,279,36,26,1,-1,-1,-1
305,61,810,309,43,42,1,-1,-1,-1
305,62,793,275,36,32,1,-1,-1,-1
305,63,884,238,29,29,1,-1,-1,-1
305,64,960,291,43,35,1,-1,-1,-1
305,65,958,270,28,26,1,-1,-1,-1
305,67,955,239,32,25,1,-1,-1,-1
305,70,1057,244,65,25,1,-1,-1,-1
305,121,913,159,19,18,1,-1,-1,-1
305,127,894,154,14,13,1,-1,-1,-1
305,132,923,148,17,13,1,-1,-1,-1
306,8,775,209,31,27,1,-1,-1,-1
306,10,789,188,33,23,1,-1,-1,-1
306,12,868,674,127,119,1,-1,-1,-1
306,20,198,435,173,146,1,-1,-1,-1
306,24,1421,619,147,99,1,-1,-1,-1
306,25,1308,539,120,77,1,-1,-1,-1
306,37,1243,462,72,54,1,-1,-1,-1
306,38,1199,419,66,52,1,-1,-1,-1
306,44,1166,387,69,47,1,-1,-1,-1
306,50,1002,379,49,43,1,-1,-1,-1
306,51,1156,347,53,54,1,-1,-1,-1
306,52,1124,317,42,46,1,-1,-1,-1
306,55,312,398,101,53,1,-1,-1,-1
306,56,391,338,103,46,1,-1,-1,-1
306,58,522,325,51,47,1,-1,-1,-1
306,59,134,334,99,44,1,-1,-1,-1
306,60,596,279,36,26,1,-1,-1,-1
306,61,809,311,43,42,1,-1,-1,-1
306,62,791,278,36,32,1,-1,-1,-1
306,63,883,237,29,29,1,-1,-1,-1
306,64,960,291,43,35,1,-1,-1,-1
306,65,957,271,29,25,1,-1,-1,-1
306,67,955,239,31,25,1,-1,-1,-1
306,70,1056,245,66,24,1,-1,-1,-1
306,121,913,159,19,18,1,-1,-1,-1
306,127,894,154,14,13,1,-1,-1,-1
306,132,922,148,18,13,1,-1,-1,-1
307,8,775,209,31,27,1,-1,-1,-1
307,10,789,188,33,23,1,-1,-1,-1
307,12,865,670,123,117,1,-1,-1,-1
307,20,195,436,175,147,1,-1,-1,-1
307,24,1421,620,147,100,1,-1,-1,-1
307,25,1308,540,120,77,1,-1,-1,-1
307,37,1244,463,72,54,1,-1,-1,-1
307,38,1200,420,65,52,1,-1,-1,-1
307,44,1166,388,69,47,1,-1,-1,-1
307,50,1002,379,49,44,1,-1,-1,-1
307,51,1156,348,53,54,1,-1,-1,-1
307,52,1124,317,42,46,1,-1,-1,-1
307,55,311,398,101,53,1,-1,-1,-1
307,56,390,338,103,47,1,-1,-1,-1
307,58,521,326,51,46,1,-1,-1,-1
307,59,133,334,98,44,1,-1,-1,-1
307,60,595,279,37,27,1,-1,-1,-1
307,61,808,313,43,42,1,-1,-1,-1
307,62,788,280,37,33,1,-1,-1,-1
307,63,883,237,29,29,1,-1,-1,-1
307,64,959,291,43,36,1,-1,-1,-1
307,65,957,271,29,26,1,-1,-1,-1
307,67,954,239,32,25,1,-1,-1,-1
307,70,1056,245,66,25,1,-1,-1,-1
307,121,913,158,19,18,1,-1,-1,-1
307,127,894,153,14,13,1,-1,-1,-1
307,132,922,147,18,14,1,-1,-1,-1
308,8,775,209,31,27,1,-1,-1,-1
308,10,788,188,33,23,1,-1,-1,-1
308,12,861,665,121,115,1,-1,-1,-1
308,20,192,437,176,147,1,-1,-1,-1
308,24,1421,622,147,100,1,-1,-1,-1
308,25,1308,542,121,77,1,-1,-1,-1
308,37,1244,464,72,55,1,-1,-1,-1
308,38,1200,421,65,52,1,-1,-1,-1
308,44,1166,388,69,48,1,-1,-1,-1
308,50,1001,380,50,44,1,-1,-1,-1
308,51,1156,348,53,54,1,-1,-1,-1
308,52,1124,317,42,46,1,-1,-1,-1
308,55,309,399,101,53,1,-1,-1,-1
308,56,389,339,103,47,1,-1,-1,-1
308,58,520,326,51,46,1,-1,-1,-1
308,59,132,335,98,44,1,-1,-1,-1
308,60,595,279,37,27,1,-1,-1,-1
308,61,807,314,43,42,1,-1,-1,-1
308,62,785,282,38,34,1,-1,-1,-1
308,63,882,236,29,29,1,-1,-1,-1
308,64,959,292,43,35,1,-1,-1,-1
308,65,957,271,29,26,1,-1,-1,-1
308,67,954,240,32,25,1,-1,-1,-1
308,70,1056,245,66,25,1,-1,-1,-1
308,121,913,158,19,18,1,-1,-1,-1
308,127,894,153,14,13,1,-1,-1,-1
308,132,921,147,19,14,1,-1,-1,-1
309,8,774,209,31,27,1,-1,-1,-1
309,10,788,188,33,23,1,-1,-1,-1
309,12,858,660,118,113,1,-1,-1,-1
309,20,190,438,176,147,1,-1,-1,-1
309,24,1422,623,146,101,1,-1,-1,-1
309,25,1308,543,121,77,1,-1,-1,-1
309,37,1245,465,72,55,1,-1,-1,-1
309,38,1200,422,66,52,1,-1,-1,-1
309,44,1166,389,69,47,1,-1,-1,-1
309,50,1001,381,49,43,1,-1,-1,-1
309,51,1156,349,53,54,1,-1,-1,-1
309,52,1124,318,42,46,1,-1,-1,-1
309,55,308,399,101,54,1,-1,-1,-1
309,56,388,339,102,47,1,-1,-1,-1
309,58,519,326,51,47,1,-1,-1,-1
309,59,130,335,98,44,1,-1,-1,-1
309,60,594,279,38,27,1,-1,-1,-1
309,61,806,316,44,42,1,-1,-1,-1
309,62,783,285,38,34,1,-1,-1,-1
309,63,882,236,29,29,1,-1,-1,-1
309,64,958,292,44,35,1,-1,-1,-1
309,65,957,271,29,26,1,-1,-1,-1
309,67,954,240,32,25,1,-1,-1,-1
309,70,1056,245,65,25,1,-1,-1,-1
309,121,913,158,19,18,1,-1,-1,-1
309,127,893,153,14,13,1,-1,-1,-1
309,132,921,146,19,15,1,-1,-1,-1
310,8,774,209,31,27,1,-1,-1,-1
310,10,788,188,33,23,1,-1,-1,-1
310,12,854,655,116,112,1,-1,-1,-1
310,20,187,438,178,149,1,-1,-1,-1
310,24,1422,624,146,102,1,-1,-1,-1
310,25,1308,544,121,77,1,-1,-1,-1
310,37,1245,466,73,55,1,-1,-1,-1
310,38,1200,423,66,52,1,-1,-1,-1
310,44,1166,390,69,47,1,-1,-1,-1
310,50,1000,381,50,44,1,-1,-1,-1
310,51,1156,349,53,54,1,-1,-1,-1
310,52,1124,318,42,46,1,-1,-1,-1
310,55,306,400,101,53,1,-1,-1,-1
310,56,386,340,103,47,1,-1,-1,-1
310,58,518,327,51,46,1,-1,-1,-1
310,59,129,335,97,45,1,-1,-1,-1
310,60,594,279,38,28,1,-1,-1,-1
310,61,805,318,44,42,1,-1,-1,-1
310,62,780,287,39,35,1,-1,-1,-1
310,63,881,235,29,29,1,-1,-1,-1
310,64,958,292,44,36,1,-1,-1,-1
310,65,956,271,30,27,1,-1,-1,-1
310,67,954,240,31,25,1,-1,-1,-1
310,70,1055,245,66,26,1,-1,-1,-1
310,121,913,157,19,18,1,-1,-1,-1
310,127,893,153,14,13,1,-1,-1,-1
310,132,920,146,19,15,1,-1,-1,-1
311,8,774,209,31,27,1,-1,-1,-1
311,10,788,188,33,23,1,-1,-1,-1
311,12,851,650,113,110,1,-1,-1,-1
311,20,185,439,178,149,1,-1,-1,-1
311,24,1422,625,146,103,1,-1,-1,-1
311,25,1308,545,122,78,1,-1,-1,-1
311,37,1245,467,73,55,1,-1,-1,-1
311,38,1200,423,66,53,1,-1,-1,-1
311,44,1166,390,69,48,1,-1,-1,-1
311,50,1000,382,50,44,1,-1,-1,-1
311,51,1156,350,53,54,1,-1,-1,-1
311,52,1124,319,42,46,1,-1,-1,-1
311,55,305,401,101,53,1,-1,-1,-1
311,56,385,340,103,47,1,-1,-1,-1
311,58,517,327,51,46,1,-1,-1,-1
311,59,128,336,97,44,1,-1,-1,-1
311,60,593,279,39,28,1,-1,-1,-1
311,61,804,319,44,43,1,-1,-1,-1
311,62,778,290,39,35,1,-1,-1,-1
311,63,881,235,29,29,1,-1,-1,-1
311,64,958,293,44,35,1,-1,-1,-1
311,65,956,272,30,26,1,-1,-1,-1
311,67,954,241,31,25,1,-1,-1,-1
311,70,1055,246,66,25,1,-1,-1,-1
311,121,913,157,19,18,1,-1,-1,-1
311,127,893,152,14,13,1,-1,-1,-1
311,132,919,145,20,16,1,-1,-1,-1
312,8,774,209,31,27,1,-1,-1,-1
312,10,788,188,33,23,1,-1,-1,-1
312,12,848,646,111,108,1,-1,-1,-1
312,20,182,440,180,149,1,-1,-1,-1
312,24,1422,627,146,103,1,-1,-1,-1
312,25,1308,546,122,78,1,-1,-1,-1
312,37,1246,468,73,56,1,-1,-1,-1
312,38,1200,424,66,53,1,-1,-1,-1
312,44,1166,391,69,47,1,-1,-1,-1
312,50,999,382,50,44,1,-1,-1,-1
312,51,1156,351,53,54,1,-1,-1,-1
312,52,1124,319,42,46,1,-1,-1,-1
312,55,303,401,102,54,1,-1,-1,-1
312,56,384,341,103,47,1,-1,-1,-1
312,58,516,328,51,45,1,-1,-1,-1
312,59,127,336,96,45,1,-1,-1,-1
312,60,593,279,39,28,1,-1,-1,-1
312,61,803,321,44,43,1,-1,-1,-1
312,62,775,292,40,36,1,-1,-1,-1
312,64,957,293,44,35,1,-1,-1,-1
312,65,956,272,30,26,1,-1,-1,-1
312,67,954,241,31,25,1,-1,-1,-1
312,70,1055,246,66,26,1,-1,-1,-1
312,121,913,157,19,18,1,-1,-1,-1
312,127,893,152,14,13,1,-1,-1,-1
312,132,919,145,20,16,1,-1,-1,-1
313,8,774,209,31,27,1,-1,-1,-1
313,10,788,188,33,23,1,-1,-1,-1
313,12,844,641,109,106,1,-1,-1,-1
313,20,179,441,181,150,1,-1,-1,-1
313,24,1422,628,146,104,1,-1,-1,-1
313,25,1308,547,122,79,1,-1,-1,-1
313,37,1246,470,74,55,1,-1,-1,-1
313,38,1201,425,66,53,1,-1,-1,-1
313,44,1166,391,69,48,1,-1,-1,-1
313,50,999,383,50,44,1,-1,-1,-1
313,51,1156,351,53,54,1,-1,-1,-1
313,52,1124,320,42,46,1,-1,-1,-1
313,55,302,402,101,53,1,-1,-1,-1
313,56,383,341,103,47,1,-1,-1,-1
313,58,515,328,52,46,1,-1,-1,-1
313,59,125,336,96,45,1,-1,-1,-1
313,60,592,280,40,28,1,-1,-1,-1
313,61,802,323,45,43,1,-1,-1,-1
313,62,773,295,40,36,1,-1,-1,-1
313,64,957,293,44,36,1,-1,-1,-1
313,65,956,272,30,27,1,-1,-1,-1
313,67,953,241,32,25,1,-1,-1,-1
313,70,1055,246,65,26,1,-1,-1,-1
313,121,912,156,19,18,1,-1,-1,-1
313,127,893,152,14,13,1,-1,-1,-1
313,132,918,144,21,17,1,-1,-1,-1
314,8,774,209,31,27,1,-1,-1,-1
314,10,788,188,33,23,1,-1,-1,-1
314,12,841,636,106,104,1,-1,-1,-1
314,20,177,442,181,150,1,-1,-1,-1
314,24,1422,629,146,105,1,-1,-1,-1
314,25,1308,548,123,79,1,-1,-1,-1
314,37,1246,471,75,55,1,-1,-1,-1
314,38,1201,426,66,53,1,-1,-1,-1
314,44,1166,392,69,48,1,-1,-1,-1
314,50,999,384,50,44,1,-1,-1,-1
314,51,1156,352,53,54,1,-1,-1,-1
314,52,1124,320,42,46,1,-1,-1,-1
314,55,300,403,102,53,1,-1,-1,-1
314,56,382,342,103,47,1,-1,-1,-1
314,58,514,328,52,46,1,-1,-1,-1
314,59,124,337,96,45,1,-1,-1,-1
314,60,592,280,40,28,1,-1,-1,-1
314,61,801,324,45,43,1,-1,-1,-1
314,62,770,297,41,37,1,-1,-1,-1
314,64,957,294,44,35,1,-1,-1,-1
314,65,955,272,31,27,1,-1,-1,-1
314,67,953,242,32,25,1,-1,-1,-1
314,70,1054,246,66,26,1,-1,-1,-1
314,121,912,156,19,18,1,-1,-1,-1
314,127,893,152,14,13,1,-1,-1,-1
315,8,773,209,31,27,1,-1,-1,-1
315,10,787,188,33,23,1,-1,-1,-1
315,12,837,631,104,103,1,-1,-1,-1
315,20,174,442,183,151,1,-1,-1,-1
315,24,1422,631,146,105,1,-1,-1,-1
315,25,1308,550,123,79,1,-1,-1,-1
315,37,1247,472,74,56,1,-1,-1,-1
315,38,1201,426,66,54,1,-1,-1,-1
315,44,1166,392,69,49,1,-1,-1,-1
315,50,998,384,51,45,1,-1,-1,-1
315,51,1156,352,53,54,1,-1,-1,-1
315,52,1124,320,42,46,1,-1,-1,-1
315,55,299,403,101,54,1,-1,-1,-1
315,56,380,342,104,48,1,-1,-1,-1
315,58,513,329,52,45,1,-1,-1,-1
315,59,123,337,95,45,1,-1,-1,-1
315,60,591,280,41,28,1,-1,-1,-1
315,61,800,326,45,43,1,-1,-1,-1
315,62,767,299,42,38,1,-1,-1,-1
315,64,956,294,45,35,1,-1,-1,-1
315,65,955,272,31,27,1,-1,-1,-1
315,67,953,242,31,25,1,-1,-1,-1
315,70,1054,246,66,27,1,-1,-1,-1
315,121,912,156,19,18,1,-1,-1,-1
315,127,892,152,14,13,1,-1,-1,-1
316,8,773,209,31,27,1,-1,-1,-1
316,10,787,188,33,23,1,-1,-1,-1
316,12,834,626,101,101,1,-1,-1,-1
316,20,172,443,183,152,1,-1,-1,-1
316,24,1422,632,146,106,1,-1,-1,-1
316,25,1308,551,123,79,1,-1,-1,-1
316,37,1247,473,75,56,1,-1,-1,-1
316,38,1201,427,67,54,1,-1,-1,-1
316,44,1166,393,69,48,1,-1,-1,-1
316,50,998,385,50,44,1,-1,-1,-1
316,51,1156,353,53,54,1,-1,-1,-1
316,52,1124,321,42,46,1,-1,-1,-1
316,55,297,404,102,53,1,-1,-1,-1
316,56,379,343,104,47,1,-1,-1,-1
316,58,512,329,52,45,1,-1,-1,-1
316,59,122,337,94,46,1,-1,-1,-1
316,60,591,280,41,29,1,-1,-1,-1
316,61,799,328,45,43,1,-1,-1,-1
316,62,765,302,42,38,1,-1,-1,-1
316,64,956,294,45,36,1,-1,-1,-1
316,65,955,273,31,27,1,-1,-1,-1
316,67,953,242,31,25,1,-1,-1,-1
316,70,1054,247,66,26,1,-1,-1,-1
316,121,912,155,19,18,1,-1,-1,-1
316,127,892,152,14,13,1,-1,-1,-1
317,8,773,209,31,27,1,-1,-1,-1
317,10,787,188,33,23,1,-1,-1,-1
317,12,831,622,99,99,1,-1,-1,-1
317,20,169,444,184,152,1,-1,-1,-1
317,24,1423,633,145,107,1,-1,-1,-1
317,25,1308,552,124,80,1,-1,-1,-1
317,37,1248,474,75,56,1,-1,-1,-1
317,38,1201,428,67,54,1,-1,-1,-1
317,44,1166,393,69,49,1,-1,-1,-1
317,50,997,386,51,44,1,-1,-1,-1
317,51,1156,353,53,54,1,-1,-1,-1
317,52,1124,321,42,46,1,-1,-1,-1
317,55,296,404,101,54,1,-1,-1,-1
317,56,378,343,103,48,1,-1,-1,-1
317,58,511,329,52,46,1,-1,-1,-1
317,59,120,338,95,45,1,-1,-1,-1
317,60,590,280,42,29,1,-1,-1,-1
317,61,798,329,46,44,1,-1,-1,-1
317,62,762,304,43,39,1,-1,-1,-1
317,64,955,294,45,36,1,-1,-1,-1
317,65,955,273,31,27,1,-1,-1,-1
317,67,953,243,31,25,1,-1,-1,-1
317,70,1054,247,65,26,1,-1,-1,-1
317,121,912,155,19,18,1,-1,-1,-1
317,127,892,152,14,13,1,-1,-1,-1
318,8,773,209,31,27,1,-1,-1,-1
318,10,787,188,33,23,1,-1,-1,-1
318,12,829,617,98,98,1,-1,-1,-1
318,20,166,445,186,152,1,-1,-1,-1
318,24,1423,634,145,108,1,-1,-1,-1
318,25,1308,553,124,80,1,-1,-1,-1
318,37,1248,475,75,56,1,-1,-1,-1
318,38,1202,429,66,54,1,-1,-1,-1
318,44,1166,394,69,49,1,-1,-1,-1
318,50,997,386,51,45,1,-1,-1,-1
318,51,1156,354,53,54,1,-1,-1,-1
318,52,1124,322,42,46,1,-1,-1,-1
318,55,294,405,102,54,1,-1,-1,-1
318,56,377,344,103,47,1,-1,-1,-1
318,58,510,330,52,45,1,-1,-1,-1
318,59,119,338,94,46,1,-1,-1,-1
318,60,590,280,42,29,1,-1,-1,-1
318,61,797,331,46,44,1,-1,-1,-1
318,62,760,307,43,39,1,-1,-1,-1
318,64,955,295,45,35,1,-1,-1,-1
318,65,954,273,32,27,1,-1,-1,-1
318,67,953,243,31,25,1,-1,-1,-1
318,70,1054,247,65,27,1,-1,-1,-1
318,121,912,155,19,18,1,-1,-1,-1
318,127,892,152,14,13,1,-1,-1,-1
319,8,773,209,31,27,1,-1,-1,-1
319,10,787,188,33,23,1,-1,-1,-1
319,12,828,612,97,97,1,-1,-1,-1
319,20,164,445,186,154,1,-1,-1,-1
319,24,1423,636,145,108,1,-1,-1,-1
319,25,1308,554,124,80,1,-1,-1,-1
319,37,1248,476,76,57,1,-1,-1,-1
319,38,1202,430,66,54,1,-1,-1,-1
319,44,1166,395,69,48,1,-1,-1,-1
319,50,996,387,51,44,1,-1,-1,-1
319,51,1156,354,53,54,1,-1,-1,-1
319,52,1124,322,42,46,1,-1,-1,-1
319,55,293,406,101,53,1,-1,-1,-1
319,56,375,344,104,48,1,-1,-1,-1
319,58,510,330,51,45,1,-1,-1,-1
319,59,118,338,93,46,1,-1,-1,-1
319,60,589,280,43,30,1,-1,-1,-1
319,61,796,333,46,44,1,-1,-1,-1
319,62,757,309,44,40,1,-1,-1,-1
319,64,955,295,45,36,1,-1,-1,-1
319,65,954,273,32,28,1,-1,-1,-1
319,67,952,243,31,25,1,-1,-1,-1
319,70,1053,247,66,27,1,-1,-1,-1
319,121,912,154,19,18,1,-1,-1,-1
319,127,892,152,14,13,1,-1,-1,-1
320,8,773,209,31,27,1,-1,-1,-1
320,10,787,188,33,23,1,-1,-1,-1
320,12,827,608,96,95,1,-1,-1,-1
320,20,161,446,188,154,1,-1,-1,-1
320,24,1423,637,145,109,1,-1,-1,-1
320,25,1308,555,125,81,1,-1,-1,-1
320,37,1249,477,76,57,1,-1,-1,-1
320,38,1202,430,67,55,1,-1,-1,-1
320,44,1166,395,69,49,1,-1,-1,-1
320,50,996,387,51,45,1,-1,-1,-1
320,51,1156,355,53,54,1,-1,-1,-1
320,52,1124,323,42,46,1,-1,-1,-1
320,55,291,406,102,54,1,-1,-1,-1
320,56,374,345,104,48,1,-1,-1,-1
320,58,509,331,51,44,1,-1,-1,-1
320,59,117,339,93,46,1,-1,-1,-1
320,60,588,280,44,30,1,-1,-1,-1
320,61,795,335,47,44,1,-1,-1,-1
320,62,755,312,44,40,1,-1,-1,-1
320,64,954,295,46,36,1,-1,-1,-1
320,65,954,273,32,28,1,-1,-1,-1
320,67,952,243,31,25,1,-1,-1,-1
320,70,1053,247,65,27,1,-1,-1,-1
320,121,912,154,19,18,1,-1,-1,-1
320,127,892,152,14,13,1,-1,-1,-1
321,8,773,210,31,27,1,-1,-1,-1
321,10,787,188,33,23,1,-1,-1,-1
321,12,826,603,94,94,1,-1,-1,-1
321,20,159,447,188,154,1,-1,-1,-1
321,24,1423,638,145,110,1,-1,-1,-1
321,25,1308,556,125,81,1,-1,-1,-1
321,37,1249,478,76,57,1,-1,-1,-1
321,38,1202,431,67,55,1,-1,-1,-1
321,44,1166,396,69,49,1,-1,-1,-1
321,50,995,388,52,45,1,-1,-1,-1
321,51,1156,355,53,54,1,-1,-1,-1
321,52,1124,323,42,46,1,-1,-1,-1
321,55,290,407,102,54,1,-1,-1,-1
321,56,373,345,104,48,1,-1,-1,-1
321,58,508,331,51,45,1,-1,-1,-1
321,59,115,339,93,46,1,-1,-1,-1
321,60,588,280,44,30,1,-1,-1,-1
321,61,793,336,47,45,1,-1,-1,-1
321,62,751,315,44,40,1,-1,-1,-1
321,64,954,296,46,35,1,-1,-1,-1
321,65,954,274,32,28,1,-1,-1,-1
321,67,952,244,31,25,1,-1,-1,-1
321,70,1053,248,65,27,1,-1,-1,-1
321,121,912,154,19,18,1,-1,-1,-1
321,127,892,152,14,13,1,-1,-1,-1
322,0,1553,555,166,71,1,-1,-1,-1
322,8,770,209,29,27,1,-1,-1,-1
322,10,787,188,33,23,1,-1,-1,-1
322,12,825,598,93,93,1,-1,-1,-1
322,20,156,448,189,155,1,-1,-1,-1
322,24,1423,640,145,110,1,-1,-1,-1
322,25,1308,558,125,81,1,-1,-1,-1
322,37,1249,479,77,58,1,-1,-1,-1
322,38,1202,432,67,55,1,-1,-1,-1
322,44,1166,396,69,50,1,-1,-1,-1
322,50,995,389,52,45,1,-1,-1,-1
322,51,1156,356,53,54,1,-1,-1,-1
322,52,1124,323,42,46,1,-1,-1,-1
322,55,288,408,102,53,1,-1,-1,-1
322,56,372,346,104,48,1,-1,-1,-1
322,58,507,331,51,45,1,-1,-1,-1
322,59,113,340,94,46,1,-1,-1,-1
322,60,587,280,45,31,1,-1,-1,-1
322,61,791,338,47,45,1,-1,-1,-1
322,62,747,318,44,41,1,-1,-1,-1
322,64,953,296,46,36,1,-1,-1,-1
322,65,953,274,33,28,1,-1,-1,-1
322,67,952,244,31,25,1,-1,-1,-1
322,70,1053,248,65,27,1,-1,-1,-1
322,121,912,154,19,18,1,-1,-1,-1
322,127,892,152,14,13,1,-1,-1,-1
323,12,823,594,93,91,1,-1,-1,-1
323,20,153,448,191,156,1,-1,-1,-1
323,24,1423,641,145,111,1,-1,-1,-1
323,25,1308,559,126,81,1,-1,-1,-1
323,37,1250,480,77,58,1,-1,-1,-1
323,38,1202,433,67,55,1,-1,-1,-1
323,44,1165,397,70,49,1,-1,-1,-1
323,50,994,389,52,45,1,-1,-1,-1
323,51,1156,357,53,54,1,-1,-1,-1
323,52,1124,324,42,46,1,-1,-1,-1
323,55,287,408,102,54,1,-1,-1,-1
323,56,371,346,104,48,1,-1,-1,-1
323,58,506,332,51,44,1,-1,-1,-1
323,59,111,340,95,46,1,-1,-1,-1
323,60,587,280,45,31,1,-1,-1,-1
323,61,789,340,47,45,1,-1,-1,-1
323,62,743,321,45,41,1,-1,-1,-1
323,64,953,296,46,36,1,-1,-1,-1
323,65,953,274,33,28,1,-1,-1,-1
323,67,952,244,30,25,1,-1,-1,-1
323,70,1052,248,66,28,1,-1,-1,-1
324,12,822,589,92,90,1,-1,-1,-1
324,20,151,449,191,156,1,-1,-1,-1
324,24,1423,642,145,112,1,-1,-1,-1
324,25,1308,560,126,82,1,-1,-1,-1
324,37,1250,482,78,57,1,-1,-1,-1
324,38,1203,433,67,55,1,-1,-1,-1
324,44,1165,397,70,50,1,-1,-1,-1
324,50,994,390,52,45,1,-1,-1,-1
324,51,1156,357,53,54,1,-1,-1,-1
324,52,1124,324,42,46,1,-1,-1,-1
324,55,285,409,102,54,1,-1,-1,-1
324,56,369,347,105,48,1,-1,-1,-1
324,58,505,332,51,44,1,-1,-1,-1
324,59,109,341,96,46,1,-1,-1,-1
324,60,586,280,46,31,1,-1,-1,-1
324,61,788,342,46,46,1,-1,-1,-1
324,62,739,324,45,42,1,-1,-1,-1
324,64,953,297,46,35,1,-1,-1,-1
324,65,953,274,33,29,1,-1,-1,-1
324,67,952,245,30,25,1,-1,-1,-1
324,70,1052,248,65,28,1,-1,-1,-1
325,12,821,584,90,89,1,-1,-1,-1
325,20,148,450,192,157,1,-1,-1,-1
325,24,1424,644,144,112,1,-1,-1,-1
325,25,1308,561,126,82,1,-1,-1,-1
325,37,1251,483,77,57,1,-1,-1,-1
325,38,1203,434,67,55,1,-1,-1,-1
325,44,1165,398,70,50,1,-1,-1,-1
325,50,994,391,52,45,1,-1,-1,-1
325,51,1156,358,53,54,1,-1,-1,-1
325,52,1124,325,42,46,1,-1,-1,-1
325,55,284,409,102,54,1,-1,-1,-1
325,56,368,347,104,48,1,-1,-1,-1
325,58,504,332,52,45,1,-1,-1,-1
325,59,107,341,97,46,1,-1,-1,-1
325,60,586,281,46,31,1,-1,-1,-1
325,61,786,344,46,46,1,-1,-1,-1
325,62,735,328,46,42,1,-1,-1,-1
325,64,952,297,47,36,1,-1,-1,-1
325,65,953,274,33,29,1,-1,-1,-1
325,67,951,245,31,25,1,-1,-1,-1
325,70,1052,248,65,28,1,-1,-1,-1
326,12,820,580,89,87,1,-1,-1,-1
326,20,146,451,193,157,1,-1,-1,-1
326,24,1425,646,145,112,1,-1,-1,-1
326,25,1308,562,127,83,1,-1,-1,-1
326,37,1251,484,78,58,1,-1,-1,-1
326,38,1203,435,67,55,1,-1,-1,-1
326,44,1165,398,70,51,1,-1,-1,-1
326,50,993,391,52,45,1,-1,-1,-1
326,51,1156,358,53,54,1,-1,-1,-1
326,52,1124,325,42,46,1,-1,-1,-1
326,55,282,410,102,54,1,-1,-1,-1
326,56,367,348,104,48,1,-1,-1,-1
326,58,503,333,52,44,1,-1,-1,-1
326,59,105,342,98,46,1,-1,-1,-1
326,60,585,281,47,31,1,-1,-1,-1
326,61,784,346,46,46,1,-1,-1,-1
326,62,730,332,47,43,1,-1,-1,-1
326,64,952,297,47,36,1,-1,-1,-1
326,65,952,275,34,28,1,-1,-1,-1
326,67,951,245,31,25,1,-1,-1,-1
326,70,1052,249,65,28,1,-1,-1,-1
327,12,819,575,88,86,1,-1,-1,-1
327,20,143,452,194,157,1,-1,-1,-1
327,24,1426,648,146,113,1,-1,-1,-1
327,25,1308,563,127,83,1,-1,-1,-1
327,37,1251,485,79,58,1,-1,-1,-1
327,38,1203,436,67,55,1,-1,-1,-1
327,44,1165,399,70,50,1,-1,-1,-1
327,50,993,392,52,45,1,-1,-1,-1
327,51,1156,359,53,54,1,-1,-1,-1
327,52,1124,326,42,46,1,-1,-1,-1
327,55,281,411,102,54,1,-1,-1,-1
327,56,366,348,104,49,1,-1,-1,-1
327,58,502,333,52,44,1,-1,-1,-1
327,59,103,343,99,45,1,-1,-1,-1
327,60,585,281,47,31,1,-1,-1,-1
327,61,783,348,46,47,1,-1,-1,-1
327,62,726,337,48,44,1,-1,-1,-1
327,64,952,298,47,36,1,-1,-1,-1
327,65,952,275,34,29,1,-1,-1,-1
327,67,951,246,31,25,1,-1,-1,-1
327,70,1051,249,66,28,1,-1,-1,-1
328,12,818,571,87,85,1,-1,-1,-1
328,20,140,452,196,159,1,-1,-1,-1
328,24,1428,650,147,113,1,-1,-1,-1
328,25,1308,564,127,83,1,-1,-1,-1
328,37,1252,486,78,58,1,-1,-1,-1
328,38,1203,437,68,55,1,-1,-1,-1
328,44,1165,400,70,50,1,-1,-1,-1
328,50,992,392,53,46,1,-1,-1,-1
328,51,1156,359,53,54,1,-1,-1,-1
328,52,1124,326,42,46,1,-1,-1,-1
328,55,279,411,102,54,1,-1,-1,-1
328,56,364,349,105,48,1,-1,-1,-1
328,58,501,334,52,43,1,-1,-1,-1
328,59,101,343,99,46,1,-1,-1,-1
328,60,584,281,48,32,1,-1,-1,-1
328,61,781,350,47,48,1,-1,-1,-1
328,62,722,342,49,45,1,-1,-1,-1
328,64,952,298,47,36,1,-1,-1,-1
328,65,952,275,34,29,1,-1,-1,-1
328,67,951,246,30,25,1,-1,-1,-1
328,70,1051,249,65,28,1,-1,-1,-1
329,12,818,566,86,84,1,-1,-1,-1
329,20,138,453,196,159,1,-1,-1,-1
329,24,1429,653,148,113,1,-1,-1,-1
329,25,1308,566,128,83,1,-1,-1,-1
329,37,1252,487,79,59,1,-1,-1,-1
329,38,1203,437,68,56,1,-1,-1,-1
329,44,1165,400,70,51,1,-1,-1,-1
329,50,992,393,53,46,1,-1,-1,-1
329,51,1156,360,53,54,1,-1,-1,-1
329,52,1124,326,42,46,1,-1,-1,-1
329,55,278,412,102,54,1,-1,-1,-1
329,56,363,349,105,49,1,-1,-1,-1
329,58,500,334,52,44,1,-1,-1,-1
329,59,99,344,100,45,1,-1,-1,-1
329,60,584,281,48,32,1,-1,-1,-1
329,61,780,353,48,49,1,-1,-1,-1
329,62,717,347,51,46,1,-1,-1,-1
329,64,952,298,47,37,1,-1,-1,-1
329,65,952,275,34,29,1,-1,-1,-1
329,67,951,246,30,25,1,-1,-1,-1
329,70,1051,249,65,29,1,-1,-1,-1
330,12,819,561,85,84,1,-1,-1,-1
330,20,135,454,197,159,1,-1,-1,-1
330,24,1430,655,150,113,1,-1,-1,-1
330,25,1308,567,128,83,1,-1,-1,-1
330,37,1252,488,80,59,1,-1,-1,-1
330,38,1204,438,67,56,1,-1,-1,-1
330,44,1165,401,70,50,1,-1,-1,-1
330,50,991,394,53,45,1,-1,-1,-1
330,51,1156,360,53,54,1,-1,-1,-1
330,52,1124,327,42,46,1,-1,-1,-1
330,55,277,413,102,54,1,-1,-1,-1
330,56,362,350,105,48,1,-1,-1,-1
330,58,499,334,52,44,1,-1,-1,-1
330,59,97,344,101,46,1,-1,-1,-1
330,60,583,281,49,32,1,-1,-1,-1
330,61,779,356,48,49,1,-1,-1,-1
330,62,713,352,52,47,1,-1,-1,-1
330,64,953,299,46,36,1,-1,-1,-1
330,65,951,275,35,30,1,-1,-1,-1
330,67,951,247,30,25,1,-1,-1,-1
330,70,1051,249,65,29,1,-1,-1,-1
331,12,819,557,84,82,1,-1,-1,-1
331,20,133,455,198,160,1,-1,-1,-1
331,24,1432,657,150,114,1,-1,-1,-1
331,25,1308,568,128,84,1,-1,-1,-1
331,37,1253,489,79,59,1,-1,-1,-1
331,38,1204,439,68,56,1,-1,-1,-1
331,44,1165,401,70,51,1,-1,-1,-1
331,50,991,394,53,46,1,-1,-1,-1
331,51,1156,361,53,54,1,-1,-1,-1
331,52,1124,327,42,46,1,-1,-1,-1
331,55,275,413,103,55,1,-1,-1,-1
331,56,361,350,105,49,1,-1,-1,-1
331,58,498,335,52,43,1,-1,-1,-1
331,59,95,345,102,46,1,-1,-1,-1
331,60,583,281,49,33,1,-1,-1,-1
331,61,778,359,49,50,1,-1,-1,-1
331,62,709,357,53,48,1,-1,-1,-1
331,64,953,299,46,37,1,-1,-1,-1
331,65,951,276,35,29,1,-1,-1,-1
331,67,950,247,31,25,1,-1,-1,-1
331,70,1051,250,65,29,1,-1,-1,-1
332,12,820,552,83,82,1,-1,-1,-1
332,20,130,455,199,161,1,-1,-1,-1
332,24,1433,659,152,114,1,-1,-1,-1
332,25,1308,569,129,84,1,-1,-1,-1
332,37,1253,490,80,59,1,-1,-1,-1
332,38,1204,440,68,56,1,-1,-1,-1
332,44,1165,402,70,51,1,-1,-1,-1
332,50,990,395,54,46,1,-1,-1,-1
332,51,1156,361,53,54,1,-1,-1,-1
332,52,1124,328,42,46,1,-1,-1,-1
332,55,274,414,103,55,1,-1,-1,-1
332,56,360,351,105,49,1,-1,-1,-1
332,58,497,335,52,43,1,-1,-1,-1
332,59,93,346,103,45,1,-1,-1,-1
332,60,582,281,50,33,1,-1,-1,-1
332,61,777,362,49,50,1,-1,-1,-1
332,62,704,362,55,48,1,-1,-1,-1
332,64,953,300,46,37,1,-1,-1,-1
332,65,951,276,35,29,1,-1,-1,-1
332,67,950,247,30,25,1,-1,-1,-1
332,70,1051,250,65,29,1,-1,-1,-1
333,12,821,548,81,81,1,-1,-1,-1
333,20,127,456,200,161,1,-1,-1,-1
333,24,1435,662,152,114,1,-1,-1,-1
333,25,1308,570,129,85,1,-1,-1,-1
333,37,1254,491,80,60,1,-1,-1,-1
333,38,1204,440,68,57,1,-1,-1,-1
333,44,1165,402,70,52,1,-1,-1,-1
333,50,990,396,53,45,1,-1,-1,-1
333,51,1156,362,53,54,1,-1,-1,-1
333,52,1124,328,42,46,1,-1,-1,-1
333,55,273,415,103,55,1,-1,-1,-1
333,56,359,351,105,49,1,-1,-1,-1
333,58,496,335,52,44,1,-1,-1,-1
333,59,91,346,104,46,1,-1,-1,-1
333,60,582,281,50,33,1,-1,-1,-1
333,61,775,365,51,51,1,-1,-1,-1
333,62,700,367,56,49,1,-1,-1,-1
333,64,954,300,45,37,1,-1,-1,-1
333,65,951,276,35,30,1,-1,-1,-1
333,67,950,248,30,25,1,-1,-1,-1
333,70,1052,250,65,29,1,-1,-1,-1
334,12,821,543,81,80,1,-1,-1,-1
334,20,125,457,201,162,1,-1,-1,-1
334,24,1436,664,154,114,1,-1,-1,-1
334,25,1308,571,129,85,1,-1,-1,-1
334,37,1254,492,80,60,1,-1,-1,-1
334,38,1204,441,68,57,1,-1,-1,-1
334,44,1165,403,70,51,1,-1,-1,-1
334,50,989,396,54,46,1,-1,-1,-1
334,51,1156,363,53,54,1,-1,-1,-1
334,52,1124,329,42,46,1,-1,-1,-1
334,55,272,416,104,55,1,-1,-1,-1
334,56,359,352,105,49,1,-1,-1,-1
334,58,495,336,52,43,1,-1,-1,-1
334,59,89,347,105,45,1,-1,-1,-1
334,60,581,281,51,34,1,-1,-1,-1
334,61,774,368,51,51,1,-1,-1,-1
334,62,696,371,56,51,1,-1,-1,-1
334,64,954,301,45,37,1,-1,-1,-1
334,65,950,276,36,30,1,-1,-1,-1
334,67,950,248,30,25,1,-1,-1,-1
334,70,1052,251,65,29,1,-1,-1,-1
335,12,822,539,79,79,1,-1,-1,-1
335,20,122,458,202,162,1,-1,-1,-1
335,24,1437,666,155,115,1,-1,-1,-1
335,25,1308,573,130,85,1,-1,-1,-1
335,37,1254,494,81,59,1,-1,-1,-1
335,38,1205,442,68,57,1,-1,-1,-1
335,44,1165,403,70,52,1,-1,-1,-1
335,50,989,397,54,46,1,-1,-1,-1
335,51,1156,363,53,54,1,-1,-1,-1
335,52,1124,329,42,46,1,-1,-1,-1
335,55,271,417,104,55,1,-1,-1,-1
335,56,358,352,106,50,1,-1,-1,-1
335,58,494,336,52,43,1,-1,-1,-1
335,59,87,347,105,46,1,-1,-1,-1
335,60,581,281,51,34,1,-1,-1,-1
335,61,773,371,52,52,1,-1,-1,-1
335,62,691,376,58,52,1,-1,-1,-1
335,64,954,301,45,37,1,-1,-1,-1
335,65,950,276,36,30,1,-1,-1,-1
335,67,950,248,30,25,1,-1,-1,-1
335,70,1053,251,65,29,1,-1,-1,-1
336,12,823,534,78,79,1,-1,-1,-1
336,20,120,459,203,163,1,-1,-1,-1
336,24,1439,668,156,115,1,-1,-1,-1
336,25,1309,575,130,85,1,-1,-1,-1
336,37,1255,495,81,60,1,-1,-1,-1
336,38,1205,443,68,57,1,-1,-1,-1
336,44,1165,404,70,52,1,-1,-1,-1
336,50,989,398,54,46,1,-1,-1,-1
336,51,1156,364,53,54,1,-1,-1,-1
336,52,1124,329,42,46,1,-1,-1,-1
336,55,269,418,105,55,1,-1,-1,-1
336,56,358,353,106,50,1,-1,-1,-1
336,58,494,337,52,43,1,-1,-1,-1
336,59,85,348,106,45,1,-1,-1,-1
336,60,580,281,52,34,1,-1,-1,-1
336,61,772,374,52,52,1,-1,-1,-1
336,62,687,381,59,53,1,-1,-1,-1
336,64,955,301,44,38,1,-1,-1,-1
336,65,950,277,36,30,1,-1,-1,-1
336,67,950,249,30,25,1,-1,-1,-1
336,70,1054,251,65,29,1,-1,-1,-1
337,12,823,530,77,77,1,-1,-1,-1
337,20,118,460,204,164,1,-1,-1,-1
337,24,1440,671,157,115,1,-1,-1,-1
337,25,1311,577,130,85,1,-1,-1,-1
337,37,1255,496,82,60,1,-1,-1,-1
337,38,1205,444,68,57,1,-1,-1,-1
337,44,1165,405,70,51,1,-1,-1,-1
337,50,989,399,54,46,1,-1,-1,-1
337,51,1156,364,53,54,1,-1,-1,-1
337,52,1124,330,42,46,1,-1,-1,-1
337,55,268,419,106,55,1,-1,-1,-1
337,56,357,354,107,49,1,-1,-1,-1
337,58,493,337,52,43,1,-1,-1,-1
337,59,83,349,107,45,1,-1,-1,-1
337,60,580,282,53,34,1,-1,-1,-1
337,61,771,377,53,53,1,-1,-1,-1
337,62,683,386,60,54,1,-1,-1,-1
337,64,955,302,44,38,1,-1,-1,-1
337,65,950,277,36,30,1,-1,-1,-1
337,67,950,249,30,25,1,-1,-1,-1
337,70,1054,252,65,29,1,-1,-1,-1
338,12,824,525,76,77,1,-1,-1,-1
338,20,116,461,205,165,1,-1,-1,-1
338,24,1442,673,158,115,1,-1,-1,-1
338,25,1313,579,130,85,1,-1,-1,-1
338,37,1255,497,82,60,1,-1,-1,-1
338,38,1205,444,68,58,1,-1,-1,-1
338,44,1165,405,70,52,1,-1,-1,-1
338,50,990,400,54,46,1,-1,-1,-1
338,51,1156,365,53,54,1,-1,-1,-1
338,52,1124,330,42,46,1,-1,-1,-1
338,55,267,420,106,55,1,-1,-1,-1
338,56,357,354,106,50,1,-1,-1,-1
338,58,493,338,52,43,1,-1,-1,-1
338,59,81,349,108,45,1,-1,-1,-1
338,60,579,281,54,35,1,-1,-1,-1
338,61,770,380,53,53,1,-1,-1,-1
338,62,678,391,62,54,1,-1,-1,-1
338,64,955,302,44,38,1,-1,-1,-1
338,65,949,277,37,30,1,-1,-1,-1
338,67,951,249,29,25,1,-1,-1,-1
338,70,1055,252,65,29,1,-1,-1,-1
339,12,825,521,75,76,1,-1,-1,-1
339,20,114,463,206,165,1,-1,-1,-1
339,24,1443,675,159,116,1,-1,-1,-1
339,25,1315,581,130,86,1,-1,-1,-1
339,37,1256,498,82,60,1,-1,-1,-1
339,38,1205,445,69,58,1,-1,-1,-1
339,44,1165,406,70,52,1,-1,-1,-1
339,50,991,401,54,46,1,-1,-1,-1
339,51,1156,365,53,54,1,-1,-1,-1
339,52,1124,331,42,46,1,-1,-1,-1
339,55,266,421,106,55,1,-1,-1,-1
339,56,357,355,106,50,1,-1,-1,-1
339,58,493,339,52,43,1,-1,-1,-1
339,59,79,350,109,45,1,-1,-1,-1
339,60,579,280,55,36,1,-1,-1,-1
339,61,768,383,55,54,1,-1,-1,-1
339,62,674,396,63,55,1,-1,-1,-1
339,64,956,303,43,38,1,-1,-1,-1
339,65,949,277,37,31,1,-1,-1,-1
339,67,951,249,30,26,1,-1,-1,-1
339,70,1055,252,65,29,1,-1,-1,-1
340,12,826,516,75,75,1,-1,-1,-1
340,20,113,464,206,166,1,-1,-1,-1
340,24,1444,677,161,116,1,-1,-1,-1
340,25,1317,583,130,86,1,-1,-1,-1
340,37,1256,499,83,61,1,-1,-1,-1
340,38,1205,446,69,58,1,-1,-1,-1
340,44,1165,406,70,53,1,-1,-1,-1
340,50,992,402,54,46,1,-1,-1,-1
340,51,1156,366,53,54,1,-1,-1,-1
340,52,1124,331,42,46,1,-1,-1,-1
340,55,265,422,106,55,1,-1,-1,-1
340,56,356,356,107,50,1,-1,-1,-1
340,58,493,339,52,44,1,-1,-1,-1
340,59,77,350,110,45,1,-1,-1,-1
340,60,578,279,57,37,1,-1,-1,-1
340,61,767,386,55,54,1,-1,-1,-1
340,62,670,401,64,56,1,-1,-1,-1
340,64,956,303,43,38,1,-1,-1,-1
340,65,949,277,37,31,1,-1,-1,-1
340,67,952,249,29,26,1,-1,-1,-1
340,70,1056,253,65,29,1,-1,-1,-1
341,12,828,512,74,74,1,-1,-1,-1
341,20,111,466,207,167,1,-1,-1,-1
341,24,1446,680,161,116,1,-1,-1,-1
341,25,1319,585,130,86,1,-1,-1,-1
341,37,1257,500,82,61,1,-1,-1,-1
341,38,1206,447,68,58,1,-1,-1,-1
341,44,1165,407,70,52,1,-1,-1,-1
341,50,993,403,54,46,1,-1,-1,-1
341,51,1156,366,53,54,1,-1,-1,-1
341,52,1124,332,42,46,1,-1,-1,-1
341,55,264,423,107,55,1,-1,-1,-1
341,56,356,356,107,50,1,-1,-1,-1
341,58,493,340,52,44,1,-1,-1,-1
341,59,75,351,111,45,1,-1,-1,-1
341,60,578,278,58,38,1,-1,-1,-1
341,61,766,389,56,55,1,-1,-1,-1
341,62,665,406,66,57,1,-1,-1,-1
341,64,957,304,42,38,1,-1,-1,-1
341,65,949,278,37,31,1,-1,-1,-1
341,67,952,249,30,27,1,-1,-1,-1
341,70,1057,253,65,29,1,-1,-1,-1
342,12,830,508,73,73,1,-1,-1,-1
342,20,109,467,208,168,1,-1,-1,-1
342,24,1447,682,163,116,1,-1,-1,-1
342,25,1320,587,131,86,1,-1,-1,-1
342,37,1257,501,83,61,1,-1,-1,-1
342,38,1206,447,68,59,1,-1,-1,-1
342,44,1165,407,70,53,1,-1,-1,-1
342,50,994,404,54,46,1,-1,-1,-1
342,51,1156,367,53,54,1,-1,-1,-1
342,52,1124,332,42,46,1,-1,-1,-1
342,55,262,424,108,55,1,-1,-1,-1
342,56,355,357,108,50,1,-1,-1,-1
342,58,493,341,52,44,1,-1,-1,-1
342,59,73,352,112,45,1,-1,-1,-1
342,60,578,277,59,39,1,-1,-1,-1
342,61,765,392,56,55,1,-1,-1,-1
342,62,661,410,66,59,1,-1,-1,-1
342,64,957,304,42,39,1,-1,-1,-1
342,65,949,278,37,31,1,-1,-1,-1
342,67,953,250,29,26,1,-1,-1,-1
342,70,1057,253,65,29,1,-1,-1,-1
343,12,832,504,73,72,1,-1,-1,-1
343,20,108,468,208,169,1,-1,-1,-1
343,24,1449,684,163,117,1,-1,-1,-1
343,25,1322,589,131,87,1,-1,-1,-1
343,37,1257,502,84,62,1,-1,-1,-1
343,38,1206,448,69,59,1,-1,-1,-1
343,44,1165,408,70,53,1,-1,-1,-1
343,50,994,405,55,46,1,-1,-1,-1
343,51,1156,368,53,54,1,-1,-1,-1
343,52,1125,333,42,46,1,-1,-1,-1
343,55,261,425,108,55,1,-1,-1,-1
343,56,355,358,107,50,1,-1,-1,-1
343,58,492,341,53,45,1,-1,-1,-1
343,59,71,352,113,45,1,-1,-1,-1
343,60,578,277,58,39,1,-1,-1,-1
343,61,764,395,57,56,1,-1,-1,-1
343,62,657,415,67,60,1,-1,-1,-1
343,64,957,305,42,38,1,-1,-1,-1
343,65,950,278,37,32,1,-1,-1,-1
343,67,953,250,30,27,1,-1,-1,-1
343,70,1058,254,65,29,1,-1,-1,-1
344,12,833,500,73,71,1,-1,-1,-1
344,20,106,470,209,169,1,-1,-1,-1
344,24,1450,686,165,117,1,-1,-1,-1
344,25,1324,591,131,87,1,-1,-1,-1
344,37,1258,503,83,62,1,-1,-1,-1
344,38,1206,449,69,59,1,-1,-1,-1
344,44,1165,409,71,53,1,-1,-1,-1
344,50,995,406,55,46,1,-1,-1,-1
344,51,1157,368,53,55,1,-1,-1,-1
344,52,1126,334,42,46,1,-1,-1,-1
344,55,260,426,109,55,1,-1,-1,-1
344,56,355,358,107,51,1,-1,-1,-1
344,58,492,342,52,44,1,-1,-1,-1
344,59,70,353,113,45,1,-1,-1,-1
344,60,578,278,58,39,1,-1,-1,-1
344,61,762,398,58,56,1,-1,-1,-1
344,62,652,420,69,60,1,-1,-1,-1
344,64,958,305,41,39,1,-1,-1,-1
344,65,950,278,37,32,1,-1,-1,-1
344,67,954,250,29,27,1,-1,-1,-1
344,70,1059,254,65,29,1,-1,-1,-1
345,12,835,496,72,70,1,-1,-1,-1
345,20,104,471,210,170,1,-1,-1,-1
345,24,1451,689,166,117,1,-1,-1,-1
345,25,1326,593,131,87,1,-1,-1,-1
345,37,1258,504,84,62,1,-1,-1,-1
345,38,1206,450,69,59,1,-1,-1,-1
345,44,1166,410,71,53,1,-1,-1,-1
345,50,996,407,55,47,1,-1,-1,-1
345,51,1158,369,53,55,1,-1,-1,-1
345,52,1127,334,42,46,1,-1,-1,-1
345,55,259,427,109,56,1,-1,-1,-1
345,56,354,359,108,50,1,-1,-1,-1
345,58,492,343,52,44,1,-1,-1,-1
345,59,69,353,113,46,1,-1,-1,-1
345,60,578,278,58,40,1,-1,-1,-1
345,61,761,401,59,57,1,-1,-1,-1
345,62,648,425,70,61,1,-1,-1,-1
345,64,958,305,41,39,1,-1,-1,-1
345,65,951,279,37,32,1,-1,-1,-1
345,67,954,250,30,28,1,-1,-1,-1
345,70,1059,255,65,29,1,-1,-1,-1
346,12,837,492,72,69,1,-1,-1,-1
346,20,103,473,210,171,1,-1,-1,-1
346,24,1453,691,167,117,1,-1,-1,-1
346,25,1328,595,131,87,1,-1,-1,-1
346,37,1258,506,85,61,1,-1,-1,-1
346,38,1207,451,69,59,1,-1,-1,-1
346,44,1167,411,72,53,1,-1,-1,-1
346,50,997,408,55,47,1,-1,-1,-1
346,51,1159,370,54,55,1,-1,-1,-1
346,52,1127,335,43,46,1,-1,-1,-1
346,55,258,427,109,57,1,-1,-1,-1
346,56,354,360,108,50,1,-1,-1,-1
346,58,492,343,52,45,1,-1,-1,-1
346,59,68,354,114,46,1,-1,-1,-1
346,60,578,279,58,39,1,-1,-1,-1
346,61,760,404,59,57,1,-1,-1,-1
346,62,644,430,71,62,1,-1,-1,-1
346,64,958,306,41,39,1,-1,-1,-1
346,65,951,279,37,32,1,-1,-1,-1
346,67,955,250,29,28,1,-1,-1,-1
346,70,1060,255,65,29,1,-1,-1,-1
347,12,839,488,71,68,1,-1,-1,-1
347,20,101,474,211,172,1,-1,-1,-1
347,24,1454,693,168,118,1,-1,-1,-1
347,25,1330,597,131,88,1,-1,-1,-1
347,37,1259,507,85,62,1,-1,-1,-1
347,38,1208,452,70,59,1,-1,-1,-1
347,44,1169,412,72,53,1,-1,-1,-1
347,50,998,409,55,47,1,-1,-1,-1
347,51,1160,370,54,56,1,-1,-1,-1
347,52,1128,336,43,46,1,-1,-1,-1
347,55,256,428,110,57,1,-1,-1,-1
347,56,353,360,109,51,1,-1,-1,-1
347,58,492,344,52,45,1,-1,-1,-1
347,59,66,355,115,46,1,-1,-1,-1
347,60,578,280,58,39,1,-1,-1,-1
347,61,759,407,60,58,1,-1,-1,-1
347,62,639,435,73,63,1,-1,-1,-1
347,64,959,306,40,40,1,-1,-1,-1
347,65,952,279,37,33,1,-1,-1,-1
347,67,955,250,30,29,1,-1,-1,-1
347,70,1060,255,65,29,1,-1,-1,-1
348,12,840,484,71,67,1,-1,-1,-1
348,20,99,475,212,173,1,-1,-1,-1
348,24,1456,696,169,118,1,-1,-1,-1
348,25,1331,599,132,88,1,-1,-1,-1
348,37,1259,508,85,62,1,-1,-1,-1
348,38,1210,453,70,60,1,-1,-1,-1
348,44,1170,413,72,54,1,-1,-1,-1
348,50,999,410,55,47,1,-1,-1,-1
348,51,1162,371,53,56,1,-1,-1,-1
348,52,1129,336,43,47,1,-1,-1,-1
348,55,255,429,111,57,1,-1,-1,-1
348,56,353,361,108,51,1,-1,-1,-1
348,58,492,345,52,45,1,-1,-1,-1
348,59,65,355,115,47,1,-1,-1,-1
348,60,578,280,57,40,1,-1,-1,-1
348,61,758,410,60,58,1,-1,-1,-1
348,62,635,440,74,64,1,-1,-1,-1
348,64,959,307,40,39,1,-1,-1,-1
348,65,952,280,38,32,1,-1,-1,-1
348,67,956,251,29,28,1,-1,-1,-1
348,70,1061,256,65,29,1,-1,-1,-1
349,12,842,480,71,66,1,-1,-1,-1
349,20,98,477,212,173,1,-1,-1,-1
349,24,1459,698,169,119,1,-1,-1,-1
349,25,1333,601,132,88,1,-1,-1,-1
349,37,1260,509,85,62,1,-1,-1,-1
349,38,1212,455,70,59,1,-1,-1,-1
349,44,1171,414,73,54,1,-1,-1,-1
349,50,999,411,56,47,1,-1,-1,-1
349,51,1163,372,54,56,1,-1,-1,-1
349,52,1130,337,43,46,1,-1,-1,-1
349,55,254,430,111,57,1,-1,-1,-1
349,56,353,362,108,50,1,-1,-1,-1
349,58,492,345,52,46,1,-1,-1,-1
349,59,64,356,115,46,1,-1,-1,-1
349,60,578,281,57,39,1,-1,-1,-1
349,61,757,413,61,59,1,-1,-1,-1
349,62,631,445,75,65,1,-1,-1,-1
349,64,959,307,40,40,1,-1,-1,-1
349,65,953,280,37,33,1,-1,-1,-1
349,67,956,251,30,29,1,-1,-1,-1
349,70,1062,256,65,29,1,-1,-1,-1
350,12,844,476,70,65,1,-1,-1,-1
350,20,96,478,213,174,1,-1,-1,-1
350,24,1462,700,169,120,1,-1,-1,-1
350,25,1335,603,132,88,1,-1,-1,-1
350,37,1260,510,86,63,1,-1,-1,-1
350,38,1213,456,71,60,1,-1,-1,-1
350,44,1173,415,73,54,1,-1,-1,-1
350,50,1000,412,56,47,1,-1,-1,-1
350,51,1164,373,54,56,1,-1,-1,-1
350,52,1131,338,43,46,1,-1,-1,-1
350,55,253,431,111,57,1,-1,-1,-1
350,56,352,362,109,51,1,-1,-1,-1
350,58,491,346,53,46,1,-1,-1,-1
350,59,63,357,116,46,1,-1,-1,-1
350,60,578,281,57,40,1,-1,-1,-1
350,61,755,416,62,59,1,-1,-1,-1
350,62,626,453,76,67,1,-1,-1,-1
350,64,960,308,39,39,1,-1,-1,-1
350,65,953,280,38,34,1,-1,-1,-1
350,67,957,251,29,29,1,-1,-1,-1
350,70,1062,256,65,29,1,-1,-1,-1
351,12,846,472,69,64,1,-1,-1,-1
351,20,94,480,214,175,1,-1,-1,-1
351,24,1465,703,170,121,1,-1,-1,-1
351,25,1337,605,132,89,1,-1,-1,-1
351,37,1260,511,86,63,1,-1,-1,-1
351,38,1215,458,71,59,1,-1,-1,-1
351,44,1174,416,73,55,1,-1,-1,-1
351,50,1001,413,56,47,1,-1,-1,-1
351,51,1165,373,55,57,1,-1,-1,-1
351,52,1131,338,44,47,1,-1,-1,-1
351,55,252,432,112,57,1,-1,-1,-1
351,56,352,363,109,51,1,-1,-1,-1
351,58,491,347,53,46,1,-1,-1,-1
351,59,62,357,116,47,1,-1,-1,-1
351,60,578,282,57,40,1,-1,-1,-1
351,61,754,419,63,60,1,-1,-1,-1
351,62,622,461,77,69,1,-1,-1,-1
351,64,960,308,39,40,1,-1,-1,-1
351,65,954,281,37,33,1,-1,-1,-1
351,67,957,251,30,30,1,-1,-1,-1
351,70,1063,257,65,29,1,-1,-1,-1
352,12,848,468,69,63,1,-1,-1,-1
352,20,93,481,214,176,1,-1,-1,-1
352,24,1468,705,170,122,1,-1,-1,-1
352,25,1339,607,132,89,1,-1,-1,-1
352,37,1261,512,86,63,1,-1,-1,-1
352,38,1217,459,71,60,1,-1,-1,-1
352,44,1176,418,73,54,1,-1,-1,-1
352,50,1002,414,56,47,1,-1,-1,-1
352,51,1167,374,54,57,1,-1,-1,-1
352,52,1132,339,44,46,1,-1,-1,-1
352,55,251,433,112,57,1,-1,-1,-1
352,56,351,363,110,52,1,-1,-1,-1
352,58,491,347,52,46,1,-1,-1,-1
352,59,60,358,117,47,1,-1,-1,-1
352,60,578,283,57,39,1,-1,-1,-1
352,61,753,422,63,60,1,-1,-1,-1
352,62,617,469,78,72,1,-1,-1,-1
352,64,961,309,39,40,1,-1,-1,-1
352,65,954,281,38,34,1,-1,-1,-1
352,67,958,251,29,30,1,-1,-1,-1
352,70,1063,257,65,29,1,-1,-1,-1
353,12,849,464,68,62,1,-1,-1,-1
353,20,91,483,215,176,1,-1,-1,-1
353,24,1471,708,170,122,1,-1,-1,-1
353,25,1341,609,132,89,1,-1,-1,-1
353,37,1261,513,87,63,1,-1,-1,-1
353,38,1219,461,71,60,1,-1,-1,-1
353,44,1177,419,74,54,1,-1,-1,-1
353,50,1003,415,56,48,1,-1,-1,-1
353,51,1168,375,54,57,1,-1,-1,-1
353,52,1133,340,44,46,1,-1,-1,-1
353,55,249,434,113,57,1,-1,-1,-1
353,56,351,364,110,51,1,-1,-1,-1
353,58,491,348,52,46,1,-1,-1,-1
353,59,59,358,117,48,1,-1,-1,-1
353,60,578,283,56,40,1,-1,-1,-1
353,61,752,425,64,61,1,-1,-1,-1
353,62,613,477,79,74,1,-1,-1,-1
353,64,961,309,40,40,1,-1,-1,-1
353,65,955,281,38,34,1,-1,-1,-1
353,67,958,251,29,30,1,-1,-1,-1
353,70,1064,257,65,29,1,-1,-1,-1
354,12,851,460,67,62,1,-1,-1,-1
354,20,89,484,216,177,1,-1,-1,-1
354,24,1474,710,171,124,1,-1,-1,-1
354,25,1343,612,132,89,1,-1,-1,-1
354,37,1261,514,87,64,1,-1,-1,-1
354,38,1220,462,72,60,1,-1,-1,-1
354,44,1178,420,75,54,1,-1,-1,-1
354,50,1004,416,56,48,1,-1,-1,-1
354,51,1169,376,55,57,1,-1,-1,-1
354,52,1134,340,44,47,1,-1,-1,-1
354,55,248,435,113,57,1,-1,-1,-1
354,56,351,365,109,51,1,-1,-1,-1
354,58,491,349,52,46,1,-1,-1,-1
354,59,58,359,118,48,1,-1,-1,-1
354,60,578,284,56,40,1,-1,-1,-1
354,61,751,428,64,61,1,-1,-1,-1
354,62,608,485,81,76,1,-1,-1,-1
354,64,961,310,41,40,1,-1,-1,-1
354,65,955,282,38,34,1,-1,-1,-1
354,67,959,252,29,30,1,-1,-1,-1
354,70,1065,258,65,29,1,-1,-1,-1
355,12,852,456,67,62,1,-1,-1,-1
355,20,88,485,216,178,1,-1,-1,-1
355,24,1478,713,170,124,1,-1,-1,-1
355,25,1345,614,132,89,1,-1,-1,-1
355,37,1262,515,87,64,1,-1,-1,-1
355,38,1222,463,72,61,1,-1,-1,-1
355,44,1180,421,74,55,1,-1,-1,-1
355,50,1004,417,57,48,1,-1,-1,-1
355,51,1170,376,55,58,1,-1,-1,-1
355,52,1135,341,44,47,1,-1,-1,-1
355,55,247,436,114,57,1,-1,-1,-1
355,56,350,365,110,52,1,-1,-1,-1
355,58,491,349,52,47,1,-1,-1,-1
355,59,57,360,118,47,1,-1,-1,-1
355,60,578,285,56,39,1,-1,-1,-1
355,61,749,431,66,62,1,-1,-1,-1
355,62,604,494,81,78,1,-1,-1,-1
355,64,962,310,41,41,1,-1,-1,-1
355,65,956,282,38,34,1,-1,-1,-1
355,67,959,252,29,30,1,-1,-1,-1
355,70,1065,258,65,29,1,-1,-1,-1
356,12,854,452,65,62,1,-1,-1,-1
356,20,86,487,217,179,1,-1,-1,-1
356,24,1481,715,171,126,1,-1,-1,-1
356,25,1348,616,132,89,1,-1,-1,-1
356,37,1262,516,88,64,1,-1,-1,-1
356,38,1224,465,72,60,1,-1,-1,-1
356,44,1181,422,75,55,1,-1,-1,-1
356,50,1005,418,57,48,1,-1,-1,-1
356,51,1172,377,55,58,1,-1,-1,-1
356,52,1135,342,44,46,1,-1,-1,-1
356,55,246,437,114,57,1,-1,-1,-1
356,56,350,366,110,52,1,-1,-1,-1
356,58,490,350,53,47,1,-1,-1,-1
356,59,55,360,119,48,1,-1,-1,-1
356,60,578,285,56,40,1,-1,-1,-1
356,61,748,434,66,62,1,-1,-1,-1
356,62,599,502,83,80,1,-1,-1,-1
356,64,962,311,42,40,1,-1,-1,-1
356,65,956,282,38,35,1,-1,-1,-1
356,67,960,252,29,31,1,-1,-1,-1
356,70,1066,258,65,29,1,-1,-1,-1
357,12,855,448,65,61,1,-1,-1,-1
357,20,84,488,218,180,1,-1,-1,-1
357,24,1484,718,171,126,1,-1,-1,-1
357,25,1350,618,132,90,1,-1,-1,-1
357,37,1263,518,88,64,1,-1,-1,-1
357,38,1226,466,72,61,1,-1,-1,-1
357,44,1183,423,75,55,1,-1,-1,-1
357,50,1006,419,57,48,1,-1,-1,-1
357,51,1173,378,55,58,1,-1,-1,-1
357,52,1136,342,44,47,1,-1,-1,-1
357,55,245,438,114,57,1,-1,-1,-1
357,56,349,367,111,51,1,-1,-1,-1
357,58,490,351,53,47,1,-1,-1,-1
357,59,54,361,119,48,1,-1,-1,-1
357,60,578,286,56,40,1,-1,-1,-1
357,61,747,437,67,63,1,-1,-1,-1
357,62,595,510,84,82,1,-1,-1,-1
357,64,963,311,43,41,1,-1,-1,-1
357,65,957,283,38,35,1,-1,-1,-1
357,67,960,252,29,31,1,-1,-1,-1
357,70,1067,259,65,29,1,-1,-1,-1
358,12,857,444,64,61,1,-1,-1,-1
358,20,83,490,218,180,1,-1,-1,-1
358,24,1487,720,171,127,1,-1,-1,-1
358,25,1353,620,132,90,1,-1,-1,-1
358,37,1265,519,88,65,1,-1,-1,-1
358,38,1227,468,73,61,1,-1,-1,-1
358,44,1184,424,75,56,1,-1,-1,-1
358,50,1007,420,57,48,1,-1,-1,-1
358,51,1174,379,55,58,1,-1,-1,-1
358,52,1137,343,44,47,1,-1,-1,-1
358,55,244,439,115,57,1,-1,-1,-1
358,56,349,367,111,52,1,-1,-1,-1
358,58,490,351,53,48,1,-1,-1,-1
358,59,53,362,120,48,1,-1,-1,-1
358,60,578,286,55,40,1,-1,-1,-1
358,61,746,440,67,63,1,-1,-1,-1
358,62,590,518,85,85,1,-1,-1,-1
358,64,963,312,44,41,1,-1,-1,-1
358,65,957,283,39,35,1,-1,-1,-1
358,67,961,252,29,32,1,-1,-1,-1
358,70,1067,259,65,29,1,-1,-1,-1
359,12,859,440,62,61,1,-1,-1,-1
359,20,81,491,219,181,1,-1,-1,-1
359,24,1490,723,172,128,1,-1,-1,-1
359,25,1356,622,131,91,1,-1,-1,-1
359,37,1267,521,89,65,1,-1,-1,-1
359,38,1229,469,73,61,1,-1,-1,-1
359,44,1185,425,76,56,1,-1,-1,-1
359,50,1008,421,57,48,1,-1,-1,-1
359,51,1175,379,56,59,1,-1,-1,-1
359,52,1138,344,44,46,1,-1,-1,-1
359,55,242,440,116,57,1,-1,-1,-1
359,56,349,368,110,52,1,-1,-1,-1
359,58,490,352,53,48,1,-1,-1,-1
359,59,52,362,120,49,1,-1,-1,-1
359,60,578,287,55,40,1,-1,-1,-1
359,61,745,443,68,64,1,-1,-1,-1
359,62,586,526,86,87,1,-1,-1,-1
359,64,963,312,45,41,1,-1,-1,-1
359,65,958,283,38,36,1,-1,-1,-1
359,67,961,252,29,32,1,-1,-1,-1
359,70,1068,260,65,29,1,-1,-1,-1
360,12,860,436,62,61,1,-1,-1,-1
360,20,79,492,220,182,1,-1,-1,-1
360,24,1493,725,172,129,1,-1,-1,-1
360,25,1358,624,132,91,1,-1,-1,-1
360,37,1269,523,90,65,1,-1,-1,-1
360,38,1231,471,74,61,1,-1,-1,-1
360,44,1187,427,76,55,1,-1,-1,-1
360,50,1009,422,57,48,1,-1,-1,-1
360,51,1177,380,55,59,1,-1,-1,-1
360,52,1138,344,45,47,1,-1,-1,-1
360,55,241,441,116,58,1,-1,-1,-1
360,56,348,369,111,52,1,-1,-1,-1
360,58,490,353,52,47,1,-1,-1,-1
360,59,51,363,120,49,1,-1,-1,-1
360,60,578,288,55,40,1,-1,-1,-1
360,61,744,446,69,65,1,-1,-1,-1
360,62,582,535,87,89,1,-1,-1,-1
360,64,964,313,45,41,1,-1,-1,-1
360,65,958,284,39,35,1,-1,-1,-1
360,67,962,253,29,32,1,-1,-1,-1
360,70,1068,260,65,29,1,-1,-1,-1
361,12,862,432,61,60,1,-1,-1,-1
361,20,78,494,220,183,1,-1,-1,-1
361,24,1497,728,172,130,1,-1,-1,-1
361,25,1361,626,132,92,1,-1,-1,-1
361,37,1272,525,89,65,1,-1,-1,-1
361,38,1232,472,75,61,1,-1,-1,-1
361,44,1188,428,77,55,1,-1,-1,-1
361,50,1010,423,57,49,1,-1,-1,-1
361,51,1178,381,56,59,1,-1,-1,-1
361,52,1139,345,45,47,1,-1,-1,-1
361,55,240,441,116,59,1,-1,-1,-1
361,56,348,369,111,52,1,-1,-1,-1
361,58,490,353,52,48,1,-1,-1,-1
361,59,49,363,121,50,1,-1,-1,-1
361,60,578,288,55,40,1,-1,-1,-1
361,61,741,451,71,66,1,-1,-1,-1
361,62,573,549,90,94,1,-1,-1,-1
361,64,964,313,46,42,1,-1,-1,-1
361,65,959,284,38,36,1,-1,-1,-1
361,67,962,253,29,32,1,-1,-1,-1
361,70,1069,260,65,29,1,-1,-1,-1
362,12,863,428,60,60,1,-1,-1,-1
362,20,76,495,221,184,1,-1,-1,-1
362,24,1501,732,172,130,1,-1,-1,-1
362,25,1364,628,131,92,1,-1,-1,-1
362,37,1274,527,90,65,1,-1,-1,-1
362,38,1234,474,75,61,1,-1,-1,-1
362,44,1190,429,76,56,1,-1,-1,-1
362,50,1010,424,57,49,1,-1,-1,-1
362,51,1179,382,56,59,1,-1,-1,-1
362,52,1140,346,45,47,1,-1,-1,-1
362,55,239,442,117,59,1,-1,-1,-1
362,56,347,370,112,52,1,-1,-1,-1
362,58,490,354,52,48,1,-1,-1,-1
362,59,48,364,122,49,1,-1,-1,-1
362,60,578,289,55,40,1,-1,-1,-1
362,61,739,456,72,68,1,-1,-1,-1
362,62,565,564,93,98,1,-1,-1,-1
362,64,965,314,47,42,1,-1,-1,-1
362,65,959,284,39,36,1,-1,-1,-1
362,67,963,253,29,33,1,-1,-1,-1
362,70,1070,261,65,29,1,-1,-1,-1
363,12,865,424,59,60,1,-1,-1,-1
363,20,74,497,222,184,1,-1,-1,-1
363,24,1506,736,171,131,1,-1,-1,-1
363,25,1366,630,132,92,1,-1,-1,-1
363,37,1276,529,91,66,1,-1,-1,-1
363,38,1236,475,75,61,1,-1,-1,-1
363,44,1191,430,77,56,1,-1,-1,-1
363,50,1011,425,57,49,1,-1,-1,-1
363,51,1180,382,56,60,1,-1,-1,-1
363,52,1141,346,45,47,1,-1,-1,-1
363,55,238,443,117,59,1,-1,-1,-1
363,56,347,371,112,52,1,-1,-1,-1
363,58,489,355,53,48,1,-1,-1,-1
363,59,47,365,122,49,1,-1,-1,-1
363,60,578,290,55,40,1,-1,-1,-1
363,61,737,461,73,69,1,-1,-1,-1
363,62,557,578,96,103,1,-1,-1,-1
363,64,965,314,47,43,1,-1,-1,-1
363,65,960,285,39,36,1,-1,-1,-1
363,67,963,253,29,33,1,-1,-1,-1
363,70,1070,261,65,29,1,-1,-1,-1
364,12,867,421,58,59,1,-1,-1,-1
364,20,73,498,222,185,1,-1,-1,-1
364,24,1510,740,172,131,1,-1,-1,-1
364,25,1369,632,131,93,1,-1,-1,-1
364,37,1279,531,91,66,1,-1,-1,-1
364,38,1238,476,75,62,1,-1,-1,-1
364,44,1192,431,78,56,1,-1,-1,-1
364,50,1012,426,57,49,1,-1,-1,-1
364,51,1181,383,57,60,1,-1,-1,-1
364,52,1142,347,45,47,1,-1,-1,-1
364,55,236,444,118,59,1,-1,-1,-1
364,56,347,371,111,53,1,-1,-1,-1
364,58,489,355,53,49,1,-1,-1,-1
364,59,46,365,122,50,1,-1,-1,-1
364,60,578,290,54,40,1,-1,-1,-1
364,61,735,466,74,71,1,-1,-1,-1
364,62,548,593,100,107,1,-1,-1,-1
364,64,966,315,47,43,1,-1,-1,-1
364,65,960,285,39,37,1,-1,-1,-1
364,67,964,253,29,34,1,-1,-1,-1
364,70,1071,261,65,29,1,-1,-1,-1
365,12,867,418,58,58,1,-1,-1,-1
365,20,71,499,223,186,1,-1,-1,-1
365,24,1515,744,171,132,1,-1,-1,-1
365,25,1372,634,131,93,1,-1,-1,-1
365,37,1281,533,91,66,1,-1,-1,-1
365,38,1239,478,76,62,1,-1,-1,-1
365,44,1194,432,77,57,1,-1,-1,-1
365,50,1013,427,57,49,1,-1,-1,-1
365,51,1183,384,56,60,1,-1,-1,-1
365,52,1142,348,46,47,1,-1,-1,-1
365,55,235,445,119,59,1,-1,-1,-1
365,56,346,372,112,52,1,-1,-1,-1
365,58,489,356,53,49,1,-1,-1,-1
365,59,44,366,123,50,1,-1,-1,-1
365,60,578,291,54,40,1,-1,-1,-1
365,61,733,471,75,72,1,-1,-1,-1
365,62,540,608,103,111,1,-1,-1,-1
365,64,967,316,47,43,1,-1,-1,-1
365,65,961,285,39,37,1,-1,-1,-1
365,67,964,253,29,34,1,-1,-1,-1
365,70,1071,262,65,29,1,-1,-1,-1
366,12,868,415,58,57,1,-1,-1,-1
366,20,69,501,224,187,1,-1,-1,-1
366,24,1519,748,172,132,1,-1,-1,-1
366,25,1374,636,131,94,1,-1,-1,-1
366,37,1283,535,92,66,1,-1,-1,-1
366,38,1241,479,76,62,1,-1,-1,-1
366,44,1195,433,78,57,1,-1,-1,-1
366,50,1014,428,57,49,1,-1,-1,-1
366,51,1184,384,57,61,1,-1,-1,-1
366,52,1143,348,46,47,1,-1,-1,-1
366,55,234,446,119,59,1,-1,-1,-1
366,56,346,373,112,52,1,-1,-1,-1
366,58,489,357,53,49,1,-1,-1,-1
366,59,43,367,124,50,1,-1,-1,-1
366,60,578,291,54,41,1,-1,-1,-1
366,61,731,476,77,74,1,-1,-1,-1
366,62,532,622,106,116,1,-1,-1,-1
366,64,968,317,47,43,1,-1,-1,-1
366,65,961,286,39,37,1,-1,-1,-1
366,67,965,254,29,34,1,-1,-1,-1
366,70,1072,262,65,29,1,-1,-1,-1
367,12,869,412,58,56,1,-1,-1,-1
367,20,68,502,224,188,1,-1,-1,-1
367,24,1524,752,171,133,1,-1,-1,-1
367,25,1377,638,131,94,1,-1,-1,-1
367,37,1286,537,92,66,1,-1,-1,-1
367,38,1243,481,76,62,1,-1,-1,-1
367,44,1197,435,78,56,1,-1,-1,-1
367,50,1015,429,57,49,1,-1,-1,-1
367,51,1185,385,57,61,1,-1,-1,-1
367,52,1144,349,46,47,1,-1,-1,-1
367,55,233,447,119,59,1,-1,-1,-1
367,56,345,373,113,53,1,-1,-1,-1
367,58,489,357,52,49,1,-1,-1,-1
367,59,42,367,124,51,1,-1,-1,-1
367,60,578,292,54,40,1,-1,-1,-1
367,61,729,481,78,75,1,-1,-1,-1
367,62,523,637,110,120,1,-1,-1,-1
367,64,968,318,48,43,1,-1,-1,-1
367,65,962,286,39,37,1,-1,-1,-1
367,66,1094,286,38,42,1,-1,-1,-1
367,67,965,254,29,34,1,-1,-1,-1
367,70,1073,262,65,29,1,-1,-1,-1
368,12,869,409,58,55,1,-1,-1,-1
368,20,66,504,225,188,1,-1,-1,-1
368,24,1528,756,172,133,1,-1,-1,-1
368,25,1380,640,131,95,1,-1,-1,-1
368,37,1288,539,93,67,1,-1,-1,-1
368,38,1245,482,76,62,1,-1,-1,-1
368,44,1198,436,79,56,1,-1,-1,-1
368,50,1015,430,58,49,1,-1,-1,-1
368,51,1186,386,57,61,1,-1,-1,-1
368,52,1145,350,46,47,1,-1,-1,-1
368,55,232,448,119,59,1,-1,-1,-1
368,56,345,374,113,53,1,-1,-1,-1
368,58,489,358,52,49,1,-1,-1,-1
368,59,41,368,124,50,1,-1,-1,-1
368,60,578,293,54,40,1,-1,-1,-1
368,61,727,486,79,77,1,-1,-1,-1
368,62,515,651,112,125,1,-1,-1,-1
368,64,969,319,48,43,1,-1,-1,-1
368,65,962,286,40,38,1,-1,-1,-1
368,66,1094,286,39,42,1,-1,-1,-1
368,67,966,255,29,34,1,-1,-1,-1
368,70,1073,263,65,29,1,-1,-1,-1
369,12,870,406,58,55,1,-1,-1,-1
369,20,64,505,226,189,1,-1,-1,-1
369,24,1533,760,171,134,1,-1,-1,-1
369,25,1383,642,132,96,1,-1,-1,-1
369,37,1290,541,93,67,1,-1,-1,-1
369,38,1246,484,77,62,1,-1,-1,-1
369,44,1199,437,79,57,1,-1,-1,-1
369,50,1016,431,58,49,1,-1,-1,-1
369,51,1188,387,57,61,1,-1,-1,-1
369,52,1146,351,46,47,1,-1,-1,-1
369,55,231,449,120,59,1,-1,-1,-1
369,56,345,375,113,53,1,-1,-1,-1
369,58,488,359,53,49,1,-1,-1,-1
369,59,40,368,124,51,1,-1,-1,-1
369,60,578,293,53,41,1,-1,-1,-1
369,61,725,491,80,78,1,-1,-1,-1
369,62,507,666,115,129,1,-1,-1,-1
369,64,970,320,48,43,1,-1,-1,-1
369,65,963,287,39,37,1,-1,-1,-1
369,66,1095,287,39,42,1,-1,-1,-1
369,67,966,255,30,34,1,-1,-1,-1
369,70,1074,263,65,29,1,-1,-1,-1
370,12,871,403,58,54,1,-1,-1,-1
370,20,63,507,227,190,1,-1,-1,-1
370,24,1537,764,171,135,1,-1,-1,-1
370,25,1386,645,133,96,1,-1,-1,-1
370,37,1293,543,93,67,1,-1,-1,-1
370,38,1248,485,77,63,1,-1,-1,-1
370,44,1201,438,79,57,1,-1,-1,-1
370,50,1017,432,58,50,1,-1,-1,-1
370,51,1189,387,57,62,1,-1,-1,-1
370,52,1147,351,46,48,1,-1,-1,-1
370,55,229,450,121,59,1,-1,-1,-1
370,56,343,376,113,53,1,-1,-1,-1
370,58,488,359,53,50,1,-1,-1,-1
370,59,38,369,126,51,1,-1,-1,-1
370,60,578,294,53,40,1,-1,-1,-1
370,61,723,496,81,80,1,-1,-1,-1
370,62,498,681,119,133,1,-1,-1,-1
370,64,971,321,48,43,1,-1,-1,-1
370,65,963,287,40,38,1,-1,-1,-1
370,66,1096,287,39,42,1,-1,-1,-1
370,67,967,256,30,34,1,-1,-1,-1
370,70,1075,264,65,29,1,-1,-1,-1
371,12,871,400,58,53,1,-1,-1,-1
371,20,60,510,226,191,1,-1,-1,-1
371,24,1542,768,171,135,1,-1,-1,-1
371,25,1389,648,134,97,1,-1,-1,-1
371,37,1295,545,94,67,1,-1,-1,-1
371,38,1250,486,77,63,1,-1,-1,-1
371,44,1202,439,80,57,1,-1,-1,-1
371,50,1018,433,58,50,1,-1,-1,-1
371,51,1190,388,58,62,1,-1,-1,-1
371,52,1148,352,47,48,1,-1,-1,-1
371,55,228,451,121,59,1,-1,-1,-1
371,56,341,377,114,54,1,-1,-1,-1
371,58,488,360,53,50,1,-1,-1,-1
371,59,37,370,126,51,1,-1,-1,-1
371,60,578,295,53,40,1,-1,-1,-1
371,61,721,501,83,81,1,-1,-1,-1
371,62,490,695,122,138,1,-1,-1,-1
371,64,971,322,49,43,1,-1,-1,-1
371,65,964,287,39,39,1,-1,-1,-1
371,66,1097,288,39,42,1,-1,-1,-1
371,67,967,256,30,34,1,-1,-1,-1
371,70,1076,264,65,29,1,-1,-1,-1
372,12,872,397,58,52,1,-1,-1,-1
372,20,58,513,225,193,1,-1,-1,-1
372,24,1546,772,171,136,1,-1,-1,-1
372,25,1393,651,135,97,1,-1,-1,-1
372,37,1297,547,95,67,1,-1,-1,-1
372,38,1252,488,77,63,1,-1,-1,-1
372,44,1204,440,79,58,1,-1,-1,-1
372,50,1019,434,58,50,1,-1,-1,-1
372,51,1191,389,58,62,1,-1,-1,-1
372,52,1149,353,47,48,1,-1,-1,-1
372,55,227,452,122,59,1,-1,-1,-1
372,56,339,379,115,53,1,-1,-1,-1
372,58,488,361,53,50,1,-1,-1,-1
372,59,36,370,126,52,1,-1,-1,-1
372,60,578,295,53,41,1,-1,-1,-1
372,61,719,506,84,83,1,-1,-1,-1
372,62,482,710,125,142,1,-1,-1,-1
372,64,972,323,48,43,1,-1,-1,-1
372,65,964,288,40,38,1,-1,-1,-1
372,66,1098,289,39,41,1,-1,-1,-1
372,67,968,257,30,34,1,-1,-1,-1
372,70,1077,265,65,29,1,-1,-1,-1
373,12,873,395,58,51,1,-1,-1,-1
373,20,55,516,225,195,1,-1,-1,-1
373,24,1551,776,171,136,1,-1,-1,-1
373,25,1396,654,136,97,1,-1,-1,-1
373,37,1300,549,94,68,1,-1,-1,-1
373,38,1253,489,78,63,1,-1,-1,-1
373,44,1205,441,80,58,1,-1,-1,-1
373,50,1020,435,58,50,1,-1,-1,-1
373,51,1193,390,57,62,1,-1,-1,-1
373,52,1151,354,47,49,1,-1,-1,-1
373,55,226,453,122,59,1,-1,-1,-1
373,56,337,380,115,54,1,-1,-1,-1
373,58,488,361,53,51,1,-1,-1,-1
373,59,35,371,126,52,1,-1,-1,-1
373,60,578,296,53,40,1,-1,-1,-1
373,61,717,511,85,84,1,-1,-1,-1
373,62,473,724,129,147,1,-1,-1,-1
373,64,973,324,48,43,1,-1,-1,-1
373,65,965,288,40,39,1,-1,-1,-1
373,66,1099,289,39,42,1,-1,-1,-1
373,67,968,257,30,34,1,-1,-1,-1
373,70,1078,265,65,29,1,-1,-1,-1
374,12,873,392,58,51,1,-1,-1,-1
374,20,53,519,224,197,1,-1,-1,-1
374,24,1555,780,171,137,1,-1,-1,-1
374,25,1399,657,137,98,1,-1,-1,-1
374,37,1302,551,95,68,1,-1,-1,-1
374,38,1255,491,79,63,1,-1,-1,-1
374,44,1206,442,81,58,1,-1,-1,-1
374,50,1020,436,59,50,1,-1,-1,-1
374,51,1194,390,58,63,1,-1,-1,-1
374,52,1152,354,47,50,1,-1,-1,-1
374,55,225,454,122,59,1,-1,-1,-1
374,56,336,382,115,54,1,-1,-1,-1
374,58,488,362,53,51,1,-1,-1,-1
374,59,34,372,127,52,1,-1,-1,-1
374,60,578,296,52,41,1,-1,-1,-1
374,61,715,516,86,86,1,-1,-1,-1
374,62,465,739,132,151,1,-1,-1,-1
374,64,974,324,48,44,1,-1,-1,-1
374,65,965,288,40,39,1,-1,-1,-1
374,66,1100,290,39,42,1,-1,-1,-1
374,67,969,258,30,34,1,-1,-1,-1
374,70,1079,266,65,29,1,-1,-1,-1
375,12,874,390,57,50,1,-1,-1,-1
375,20,50,522,224,199,1,-1,-1,-1
375,24,1560,784,171,137,1,-1,-1,-1
375,25,1402,660,138,98,1,-1,-1,-1
375,37,1304,553,96,68,1,-1,-1,-1
375,38,1257,492,79,63,1,-1,-1,-1
375,44,1208,444,81,57,1,-1,-1,-1
375,50,1021,437,59,50,1,-1,-1,-1
375,51,1195,391,58,63,1,-1,-1,-1
375,52,1153,355,48,50,1,-1,-1,-1
375,55,224,455,123,60,1,-1,-1,-1
375,56,334,383,116,54,1,-1,-1,-1
375,58,488,363,52,50,1,-1,-1,-1
375,59,31,373,128,52,1,-1,-1,-1
375,60,578,297,52,41,1,-1,-1,-1
375,61,713,521,87,87,1,-1,-1,-1
375,62,457,754,135,155,1,-1,-1,-1
375,64,974,325,49,44,1,-1,-1,-1
375,65,966,289,40,39,1,-1,-1,-1
375,66,1101,291,39,41,1,-1,-1,-1
375,67,969,258,31,34,1,-1,-1,-1
375,70,1080,266,66,29,1,-1,-1,-1
376,12,875,388,56,50,1,-1,-1,-1
376,20,48,526,223,199,1,-1,-1,-1
376,24,1564,788,171,138,1,-1,-1,-1
376,25,1406,663,139,98,1,-1,-1,-1
376,37,1307,555,96,68,1,-1,-1,-1
376,38,1258,494,80,63,1,-1,-1,-1
376,44,1209,445,81,58,1,-1,-1,-1
376,50,1022,438,59,50,1,-1,-1,-1
376,51,1196,392,59,63,1,-1,-1,-1
376,52,1154,356,49,51,1,-1,-1,-1
376,55,220,457,124,60,1,-1,-1,-1
376,56,332,385,116,54,1,-1,-1,-1
376,58,487,363,53,51,1,-1,-1,-1
376,59,28,374,129,52,1,-1,-1,-1
376,60,578,298,52,40,1,-1,-1,-1
376,61,711,526,89,89,1,-1,-1,-1
376,62,440,781,141,154,1,-1,-1,-1
376,64,975,326,49,44,1,-1,-1,-1
376,65,966,289,40,39,1,-1,-1,-1
376,66,1102,291,39,42,1,-1,-1,-1
376,67,970,259,30,34,1,-1,-1,-1
376,70,1081,267,66,29,1,-1,-1,-1
377,12,876,385,56,50,1,-1,-1,-1
377,20,46,529,221,201,1,-1,-1,-1
377,24,1569,793,171,138,1,-1,-1,-1
377,25,1409,666,140,99,1,-1,-1,-1
377,37,1309,557,96,68,1,-1,-1,-1
377,38,1260,495,80,64,1,-1,-1,-1
377,44,1211,446,81,58,1,-1,-1,-1
377,50,1023,439,59,50,1,-1,-1,-1
377,51,1198,393,58,63,1,-1,-1,-1
377,52,1156,357,48,51,1,-1,-1,-1
377,55,217,459,125,61,1,-1,-1,-1
377,56,330,386,117,55,1,-1,-1,-1
377,58,487,364,53,51,1,-1,-1,-1
377,59,26,376,129,51,1,-1,-1,-1
377,60,578,298,52,41,1,-1,-1,-1
377,61,707,534,91,92,1,-1,-1,-1
377,62,423,808,148,153,1,-1,-1,-1
377,64,976,327,49,44,1,-1,-1,-1
377,65,967,289,40,40,1,-1,-1,-1
377,66,1103,292,39,41,1,-1,-1,-1
377,67,970,259,31,34,1,-1,-1,-1
377,70,1082,267,66,29,1,-1,-1,-1
378,12,876,383,56,50,1,-1,-1,-1
378,20,43,532,221,203,1,-1,-1,-1
378,24,1577,799,172,140,1,-1,-1,-1
378,25,1412,669,141,99,1,-1,-1,-1
378,37,1311,559,97,69,1,-1,-1,-1
378,38,1262,497,80,63,1,-1,-1,-1
378,44,1212,447,82,58,1,-1,-1,-1
378,50,1024,440,59,51,1,-1,-1,-1
378,51,1199,393,58,64,1,-1,-1,-1
378,52,1157,358,49,51,1,-1,-1,-1
378,55,213,461,127,62,1,-1,-1,-1
378,56,328,388,118,54,1,-1,-1,-1
378,58,487,365,53,51,1,-1,-1,-1
378,59,23,377,130,52,1,-1,-1,-1
378,60,578,299,52,41,1,-1,-1,-1
378,61,704,543,92,95,1,-1,-1,-1
378,62,407,836,154,151,1,-1,-1,-1
378,64,977,328,49,44,1,-1,-1,-1
378,65,968,290,40,40,1,-1,-1,-1
378,66,1104,293,39,41,1,-1,-1,-1
378,67,971,260,31,34,1,-1,-1,-1
378,70,1083,268,66,29,1,-1,-1,-1
379,12,877,381,55,49,1,-1,-1,-1
379,20,41,535,220,205,1,-1,-1,-1
379,24,1585,806,174,142,1,-1,-1,-1
379,25,1415,672,142,99,1,-1,-1,-1
379,37,1314,561,97,69,1,-1,-1,-1
379,38,1264,498,80,64,1,-1,-1,-1
379,44,1213,448,82,59,1,-1,-1,-1
379,50,1025,441,59,51,1,-1,-1,-1
379,51,1200,394,59,64,1,-1,-1,-1
379,52,1158,358,49,53,1,-1,-1,-1
379,55,210,463,128,62,1,-1,-1,-1
379,56,327,389,117,55,1,-1,-1,-1
379,58,487,365,53,52,1,-1,-1,-1
379,59,20,378,131,52,1,-1,-1,-1
379,60,579,300,51,41,1,-1,-1,-1
379,61,701,552,93,97,1,-1,-1,-1
379,62,390,863,160,150,1,-1,-1,-1
379,64,977,329,50,44,1,-1,-1,-1
379,65,968,291,40,40,1,-1,-1,-1
379,66,1105,293,39,42,1,-1,-1,-1
379,67,972,260,30,34,1,-1,-1,-1
379,70,1084,268,67,29,1,-1,-1,-1
380,12,878,378,55,50,1,-1,-1,-1
380,20,38,538,220,207,1,-1,-1,-1
380,24,1594,812,175,145,1,-1,-1,-1
380,25,1419,675,143,100,1,-1,-1,-1
380,37,1316,563,98,69,1,-1,-1,-1
380,38,1265,499,81,64,1,-1,-1,-1
380,44,1215,449,82,59,1,-1,-1,-1
380,50,1025,442,60,51,1,-1,-1,-1
380,51,1201,395,59,64,1,-1,-1,-1
380,52,1159,359,50,53,1,-1,-1,-1
380,55,206,465,130,63,1,-1,-1,-1
380,56,325,390,118,56,1,-1,-1,-1
380,58,487,366,53,52,1,-1,-1,-1
380,59,18,380,131,51,1,-1,-1,-1
380,60,577,301,52,41,1,-1,-1,-1
380,61,698,561,94,100,1,-1,-1,-1
380,62,373,890,167,149,1,-1,-1,-1
380,64,978,330,50,44,1,-1,-1,-1
380,65,969,292,40,40,1,-1,-1,-1
380,66,1106,294,39,41,1,-1,-1,-1
380,67,972,261,31,34,1,-1,-1,-1
380,70,1085,269,67,29,1,-1,-1,-1
381,12,879,376,54,49,1,-1,-1,-1
381,20,36,542,219,207,1,-1,-1,-1
381,24,1602,819,177,147,1,-1,-1,-1
381,25,1425,680,144,102,1,-1,-1,-1
381,37,1318,565,98,69,1,-1,-1,-1
381,38,1267,501,81,64,1,-1,-1,-1
381,44,1216,450,83,59,1,-1,-1,-1
381,50,1026,443,60,51,1,-1,-1,-1
381,51,1203,396,59,64,1,-1,-1,-1
381,52,1161,360,49,53,1,-1,-1,-1
381,55,203,467,131,64,1,-1,-1,-1
381,56,323,392,119,55,1,-1,-1,-1
381,58,487,367,53,52,1,-1,-1,-1
381,59,15,381,132,52,1,-1,-1,-1
381,60,576,302,52,41,1,-1,-1,-1
381,61,694,570,96,102,1,-1,-1,-1
381,64,979,331,49,44,1,-1,-1,-1
381,65,969,293,41,40,1,-1,-1,-1
381,66,1107,294,39,42,1,-1,-1,-1
381,67,973,261,31,34,1,-1,-1,-1
381,70,1086,269,67,29,1,-1,-1,-1
382,12,879,374,54,49,1,-1,-1,-1
382,20,33,545,219,209,1,-1,-1,-1
382,24,1610,826,179,149,1,-1,-1,-1
382,25,1431,685,145,104,1,-1,-1,-1
382,37,1321,567,98,69,1,-1,-1,-1
382,38,1269,502,81,65,1,-1,-1,-1
382,44,1218,452,83,59,1,-1,-1,-1
382,50,1027,444,60,51,1,-1,-1,-1
382,51,1205,397,59,64,1,-1,-1,-1
382,52,1162,361,50,54,1,-1,-1,-1
382,55,200,469,131,65,1,-1,-1,-1
382,56,321,393,119,56,1,-1,-1,-1
382,58,487,368,53,52,1,-1,-1,-1
382,59,13,383,132,51,1,-1,-1,-1
382,60,575,303,52,41,1,-1,-1,-1
382,61,691,579,97,105,1,-1,-1,-1
382,64,980,332,49,44,1,-1,-1,-1
382,65,970,294,41,40,1,-1,-1,-1
382,66,1108,295,39,41,1,-1,-1,-1
382,67,973,262,31,34,1,-1,-1,-1
382,70,1087,270,67,29,1,-1,-1,-1
383,12,880,371,54,49,1,-1,-1,-1
383,20,31,548,218,211,1,-1,-1,-1
383,24,1619,832,180,152,1,-1,-1,-1
383,25,1437,691,146,105,1,-1,-1,-1
383,37,1323,569,99,70,1,-1,-1,-1
383,38,1271,504,81,64,1,-1,-1,-1
383,44,1220,453,84,60,1,-1,-1,-1
383,50,1028,445,60,51,1,-1,-1,-1
383,51,1207,398,60,65,1,-1,-1,-1
383,52,1163,362,51,54,1,-1,-1,-1
383,55,196,471,133,65,1,-1,-1,-1
383,56,319,395,120,56,1,-1,-1,-1
383,58,484,369,54,53,1,-1,-1,-1
383,59,10,384,133,51,1,-1,-1,-1
383,60,574,304,52,41,1,-1,-1,-1
383,61,688,588,99,107,1,-1,-1,-1
383,64,980,333,50,44,1,-1,-1,-1
383,65,971,295,41,40,1,-1,-1,-1
383,66,1109,296,39,41,1,-1,-1,-1
383,67,974,262,31,34,1,-1,-1,-1
383,70,1088,270,67,29,1,-1,-1,-1
384,12,881,369,53,49,1,-1,-1,-1
384,20,29,551,216,213,1,-1,-1,-1
384,24,1627,839,182,153,1,-1,-1,-1
384,25,1443,696,148,107,1,-1,-1,-1
384,37,1325,571,100,70,1,-1,-1,-1
384,38,1272,505,82,65,1,-1,-1,-1
384,44,1223,455,85,60,1,-1,-1,-1
384,50,1029,446,60,51,1,-1,-1,-1
384,51,1210,399,60,66,1,-1,-1,-1
384,52,1164,362,51,55,1,-1,-1,-1
384,55,193,473,134,66,1,-1,-1,-1
384,56,318,396,120,56,1,-1,-1,-1
384,58,482,371,55,53,1,-1,-1,-1
384,59,7,385,134,52,1,-1,-1,-1
384,60,573,305,52,41,1,-1,-1,-1
384,61,685,597,100,110,1,-1,-1,-1
384,64,981,334,50,44,1,-1,-1,-1
384,65,971,296,42,40,1,-1,-1,-1
384,66,1110,296,39,42,1,-1,-1,-1
384,67,974,263,32,34,1,-1,-1,-1
384,70,1089,271,68,29,1,-1,-1,-1
385,12,882,367,52,48,1,-1,-1,-1
385,20,26,554,216,215,1,-1,-1,-1
385,24,1636,845,183,156,1,-1,-1,-1
385,25,1449,701,149,109,1,-1,-1,-1
385,37,1328,573,99,70,1,-1,-1,-1
385,38,1274,507,82,64,1,-1,-1,-1
385,44,1226,457,85,61,1,-1,-1,-1
385,50,1030,447,60,51,1,-1,-1,-1
385,51,1212,401,61,66,1,-1,-1,-1
385,52,1166,363,51,56,1,-1,-1,-1
385,55,189,476,136,66,1,-1,-1,-1
385,56,316,398,121,56,1,-1,-1,-1
385,58,480,373,55,53,1,-1,-1,-1
385,59,5,387,134,51,1,-1,-1,-1
385,60,572,306,52,41,1,-1,-1,-1
385,61,681,606,102,112,1,-1,-1,-1
385,64,982,334,50,45,1,-1,-1,-1
385,65,972,297,42,40,1,-1,-1,-1
385,66,1111,297,39,41,1,-1,-1,-1
385,67,975,263,31,34,1,-1,-1,-1
385,70,1090,271,68,29,1,-1,-1,-1
386,12,883,365,52,48,1,-1,-1,-1
386,20,24,558,215,215,1,-1,-1,-1
386,24,1644,852,185,158,1,-1,-1,-1
386,25,1455,707,150,111,1,-1,-1,-1
386,37,1330,575,100,70,1,-1,-1,-1
386,38,1276,508,82,65,1,-1,-1,-1
386,44,1228,459,87,61,1,-1,-1,-1
386,50,1031,449,60,51,1,-1,-1,-1
386,51,1214,402,61,67,1,-1,-1,-1
386,52,1167,364,51,56,1,-1,-1,-1
386,55,186,478,137,67,1,-1,-1,-1
386,56,314,399,121,57,1,-1,-1,-1
386,58,478,375,56,53,1,-1,-1,-1
386,59,2,388,135,51,1,-1,-1,-1
386,60,571,307,53,42,1,-1,-1,-1
386,61,678,615,103,115,1,-1,-1,-1
386,64,983,335,50,45,1,-1,-1,-1
386,65,973,298,41,40,1,-1,-1,-1
386,66,1112,298,39,41,1,-1,-1,-1
386,67,976,264,31,34,1,-1,-1,-1
386,70,1091,272,68,29,1,-1,-1,-1
387,12,883,363,52,48,1,-1,-1,-1
387,20,21,561,215,217,1,-1,-1,-1
387,24,1652,859,187,160,1,-1,-1,-1
387,25,1461,712,151,113,1,-1,-1,-1
387,37,1332,577,101,70,1,-1,-1,-1
387,38,1278,510,83,65,1,-1,-1,-1
387,44,1231,460,88,63,1,-1,-1,-1
387,50,1032,451,60,51,1,-1,-1,-1
387,51,1217,403,61,68,1,-1,-1,-1
387,52,1168,365,52,56,1,-1,-1,-1
387,55,182,480,139,67,1,-1,-1,-1
387,56,312,401,122,56,1,-1,-1,-1
387,58,476,377,57,53,1,-1,-1,-1
387,59,0,390,136,51,1,-1,-1,-1
387,60,570,308,53,42,1,-1,-1,-1
387,61,675,624,104,117,1,-1,-1,-1
387,64,983,336,51,45,1,-1,-1,-1
387,65,973,299,42,40,1,-1,-1,-1
387,66,1113,298,39,41,1,-1,-1,-1
387,67,976,265,32,34,1,-1,-1,-1
387,70,1092,272,68,29,1,-1,-1,-1
388,12,884,361,52,48,1,-1,-1,-1
388,20,19,564,214,219,1,-1,-1,-1
388,24,1661,865,188,163,1,-1,-1,-1
388,25,1468,718,152,114,1,-1,-1,-1
388,37,1335,579,101,71,1,-1,-1,-1
388,38,1281,513,84,66,1,-1,-1,-1
388,44,1234,462,88,63,1,-1,-1,-1
388,50,1033,453,61,52,1,-1,-1,-1
388,51,1219,405,62,68,1,-1,-1,-1
388,52,1170,366,52,57,1,-1,-1,-1
388,55,179,482,139,68,1,-1,-1,-1
388,56,310,402,123,57,1,-1,-1,-1
388,58,474,378,57,54,1,-1,-1,-1
388,59,0,392,132,51,1,-1,-1,-1
388,60,569,309,53,42,1,-1,-1,-1
388,61,672,633,105,120,1,-1,-1,-1
388,64,984,337,51,45,1,-1,-1,-1
388,65,974,300,42,40,1,-1,-1,-1
388,66,1114,299,39,41,1,-1,-1,-1
388,67,977,265,31,34,1,-1,-1,-1
388,70,1093,273,69,29,1,-1,-1,-1
389,12,885,360,51,48,1,-1,-1,-1
389,20,16,567,214,221,1,-1,-1,-1
389,24,1669,872,190,165,1,-1,-1,-1
389,25,1474,723,153,116,1,-1,-1,-1
389,37,1340,583,102,72,1,-1,-1,-1
389,38,1285,517,84,66,1,-1,-1,-1
389,44,1236,464,90,64,1,-1,-1,-1
389,50,1034,455,62,53,1,-1,-1,-1
389,51,1221,406,63,69,1,-1,-1,-1
389,52,1171,367,53,57,1,-1,-1,-1
389,55,176,484,140,69,1,-1,-1,-1
389,56,309,403,122,58,1,-1,-1,-1
389,58,472,380,58,54,1,-1,-1,-1
389,59,0,394,128,51,1,-1,-1,-1
389,60,568,310,53,42,1,-1,-1,-1
389,61,669,642,107,123,1,-1,-1,-1
389,64,985,338,51,45,1,-1,-1,-1
389,65,975,301,42,40,1,-1,-1,-1
389,66,1115,300,40,41,1,-1,-1,-1
389,67,977,266,32,34,1,-1,-1,-1
389,70,1094,273,69,29,1,-1,-1,-1
390,12,886,358,51,48,1,-1,-1,-1
390,20,14,570,212,223,1,-1,-1,-1
390,24,1678,879,191,167,1,-1,-1,-1
390,25,1480,728,154,118,1,-1,-1,-1
390,37,1345,587,103,74,1,-1,-1,-1
390,38,1289,520,85,67,1,-1,-1,-1
390,44,1239,466,90,64,1,-1,-1,-1
390,50,1036,457,62,54,1,-1,-1,-1
390,51,1224,407,63,70,1,-1,-1,-1
390,52,1173,369,53,57,1,-1,-1,-1
390,55,172,486,142,70,1,-1,-1,-1
390,56,307,405,123,57,1,-1,-1,-1
390,58,470,382,58,54,1,-1,-1,-1
390,59,0,396,125,51,1,-1,-1,-1
390,60,567,311,53,42,1,-1,-1,-1
390,61,663,655,111,130,1,-1,-1,-1
390,64,986,339,50,45,1,-1,-1,-1
390,65,975,302,43,40,1,-1,-1,-1
390,66,1116,301,40,41,1,-1,-1,-1
390,67,978,266,32,34,1,-1,-1,-1
390,70,1095,274,69,29,1,-1,-1,-1
391,12,887,357,50,47,1,-1,-1,-1
391,20,12,574,211,223,1,-1,-1,-1
391,24,1689,886,188,166,1,-1,-1,-1
391,25,1486,734,155,120,1,-1,-1,-1
391,37,1350,591,104,75,1,-1,-1,-1
391,38,1292,524,86,67,1,-1,-1,-1
391,44,1242,467,91,66,1,-1,-1,-1
391,50,1037,459,62,55,1,-1,-1,-1
391,51,1226,408,63,71,1,-1,-1,-1
391,52,1175,371,53,57,1,-1,-1,-1
391,55,169,488,143,70,1,-1,-1,-1
391,56,305,406,124,58,1,-1,-1,-1
391,58,468,384,59,54,1,-1,-1,-1
391,59,0,398,121,52,1,-1,-1,-1
391,60,565,312,54,42,1,-1,-1,-1
391,61,657,668,115,138,1,-1,-1,-1
391,64,986,340,51,45,1,-1,-1,-1
391,65,976,303,43,40,1,-1,-1,-1
391,66,1117,302,40,41,1,-1,-1,-1
391,67,978,267,32,34,1,-1,-1,-1
391,70,1096,274,69,29,1,-1,-1,-1
392,12,888,355,50,48,1,-1,-1,-1
392,20,9,577,211,225,1,-1,-1,-1
392,24,1700,893,185,165,1,-1,-1,-1
392,25,1492,739,157,122,1,-1,-1,-1
392,37,1355,596,106,76,1,-1,-1,-1
392,38,1296,527,87,69,1,-1,-1,-1
392,44,1244,469,93,66,1,-1,-1,-1
392,50,1038,461,63,56,1,-1,-1,-1
392,51,1228,410,64,71,1,-1,-1,-1
392,52,1177,373,54,57,1,-1,-1,-1
392,55,165,490,145,71,1,-1,-1,-1
392,56,303,408,124,58,1,-1,-1,-1
392,58,466,386,60,54,1,-1,-1,-1
392,59,0,400,118,52,1,-1,-1,-1
392,60,564,313,54,42,1,-1,-1,-1
392,61,652,681,119,146,1,-1,-1,-1
392,64,987,341,51,45,1,-1,-1,-1
392,65,977,304,43,40,1,-1,-1,-1
392,66,1118,303,40,41,1,-1,-1,-1
392,67,979,267,32,34,1,-1,-1,-1
392,70,1097,275,69,29,1,-1,-1,-1
393,12,888,353,50,48,1,-1,-1,-1
393,20,7,580,210,227,1,-1,-1,-1
393,24,1711,900,182,164,1,-1,-1,-1
393,25,1498,744,158,124,1,-1,-1,-1
393,37,1360,600,107,77,1,-1,-1,-1
393,38,1300,531,87,69,1,-1,-1,-1
393,44,1247,471,93,67,1,-1,-1,-1
393,50,1039,463,64,57,1,-1,-1,-1
393,51,1231,411,64,72,1,-1,-1,-1
393,52,1179,374,54,57,1,-1,-1,-1
393,55,162,492,146,72,1,-1,-1,-1
393,56,301,409,125,58,1,-1,-1,-1
393,58,464,387,60,55,1,-1,-1,-1
393,59,0,402,114,52,1,-1,-1,-1
393,60,563,314,55,43,1,-1,-1,-1
393,61,646,694,123,153,1,-1,-1,-1
393,64,988,342,51,45,1,-1,-1,-1
393,65,977,305,44,40,1,-1,-1,-1
393,66,1119,304,41,41,1,-1,-1,-1
393,67,979,268,33,34,1,-1,-1,-1
393,70,1098,275,70,29,1,-1,-1,-1
394,12,889,352,50,47,1,-1,-1,-1
394,20,4,583,210,229,1,-1,-1,-1
394,25,1504,750,159,125,1,-1,-1,-1
394,37,1365,604,108,79,1,-1,-1,-1
394,38,1303,534,88,70,1,-1,-1,-1
394,44,1250,473,94,67,1,-1,-1,-1
394,50,1041,466,64,57,1,-1,-1,-1
394,51,1233,412,65,73,1,-1,-1,-1
394,52,1181,376,54,57,1,-1,-1,-1
394,55,159,495,147,72,1,-1,-1,-1
394,56,300,411,125,58,1,-1,-1,-1
394,58,462,389,61,55,1,-1,-1,-1
394,59,0,404,110,52,1,-1,-1,-1
394,60,562,315,55,43,1,-1,-1,-1
394,61,640,707,127,161,1,-1,-1,-1
394,64,989,343,51,45,1,-1,-1,-1
394,65,978,306,43,40,1,-1,-1,-1
394,66,1120,305,41,42,1,-1,-1,-1
394,67,980,268,32,34,1,-1,-1,-1
394,70,1099,276,70,29,1,-1,-1,-1
395,12,890,350,49,48,1,-1,-1,-1
395,20,2,586,209,231,1,-1,-1,-1
395,25,1510,755,160,127,1,-1,-1,-1
395,37,1370,609,110,80,1,-1,-1,-1
395,38,1307,538,89,70,1,-1,-1,-1
395,44,1253,475,95,68,1,-1,-1,-1
395,50,1042,469,64,57,1,-1,-1,-1
395,51,1236,414,65,73,1,-1,-1,-1
395,52,1183,378,54,57,1,-1,-1,-1
395,55,152,498,149,73,1,-1,-1,-1
395,56,298,412,125,59,1,-1,-1,-1
395,58,460,391,62,56,1,-1,-1,-1
395,59,0,406,107,53,1,-1,-1,-1
395,60,561,316,55,43,1,-1,-1,-1
395,61,635,721,131,168,1,-1,-1,-1
395,64,989,344,52,45,1,-1,-1,-1
395,65,978,307,44,40,1,-1,-1,-1
395,66,1121,306,41,42,1,-1,-1,-1
395,67,981,269,32,34,1,-1,-1,-1
395,70,1100,276,70,29,1,-1,-1,-1
396,12,891,349,49,47,1,-1,-1,-1
396,20,0,590,208,232,1,-1,-1,-1
396,25,1517,761,161,129,1,-1,-1,-1
396,37,1374,614,111,81,1,-1,-1,-1
396,38,1311,541,89,72,1,-1,-1,-1
396,44,1256,478,96,69,1,-1,-1,-1
396,50,1043,472,65,58,1,-1,-1,-1
396,51,1238,417,65,73,1,-1,-1,-1
396,52,1185,380,55,57,1,-1,-1,-1
396,55,146,502,150,74,1,-1,-1,-1
396,56,296,414,126,58,1,-1,-1,-1
396,58,457,393,63,56,1,-1,-1,-1
396,59,0,408,103,53,1,-1,-1,-1
396,60,560,317,55,43,1,-1,-1,-1
396,61,625,744,136,170,1,-1,-1,-1
396,64,990,344,52,46,1,-1,-1,-1
396,65,979,308,44,40,1,-1,-1,-1
396,66,1122,307,42,42,1,-1,-1,-1
396,67,981,269,33,34,1,-1,-1,-1
396,70,1101,277,70,29,1,-1,-1,-1
397,12,892,347,48,47,1,-1,-1,-1
397,20,0,596,200,232,1,-1,-1,-1
397,25,1527,770,162,131,1,-1,-1,-1
397,37,1378,619,113,82,1,-1,-1,-1
397,38,1315,545,90,72,1,-1,-1,-1
397,44,1259,482,97,69,1,-1,-1,-1
397,50,1044,475,66,59,1,-1,-1,-1
397,51,1241,420,65,73,1,-1,-1,-1
397,52,1186,381,56,57,1,-1,-1,-1
397,55,139,506,152,74,1,-1,-1,-1
397,56,294,415,127,59,1,-1,-1,-1
397,58,455,395,64,56,1,-1,-1,-1
397,59,0,410,100,53,1,-1,-1,-1
397,60,559,318,55,43,1,-1,-1,-1
397,61,616,767,140,173,1,-1,-1,-1
397,64,991,345,52,46,1,-1,-1,-1
397,65,980,309,44,40,1,-1,-1,-1
397,66,1123,308,42,42,1,-1,-1,-1
397,67,982,270,32,34,1,-1,-1,-1
397,70,1102,278,71,29,1,-1,-1,-1
398,12,893,346,48,47,1,-1,-1,-1
398,20,0,602,192,232,1,-1,-1,-1
398,25,1537,780,164,132,1,-1,-1,-1
398,37,1383,624,114,83,1,-1,-1,-1
398,38,1318,548,91,73,1,-1,-1,-1
398,44,1262,485,98,71,1,-1,-1,-1
398,50,1046,478,66,60,1,-1,-1,-1
398,51,1243,423,65,74,1,-1,-1,-1
398,52,1188,383,56,57,1,-1,-1,-1
398,55,133,510,153,75,1,-1,-1,-1
398,56,293,417,127,59,1,-1,-1,-1
398,58,453,396,64,57,1,-1,-1,-1
398,59,0,412,96,53,1,-1,-1,-1
398,60,558,319,55,43,1,-1,-1,-1
398,61,607,791,144,175,1,-1,-1,-1
398,64,992,346,52,46,1,-1,-1,-1
398,65,980,310,45,40,1,-1,-1,-1
398,66,1124,309,42,43,1,-1,-1,-1
398,67,982,270,33,34,1,-1,-1,-1
398,70,1102,278,72,30,1,-1,-1,-1
399,12,892,344,48,47,1,-1,-1,-1
399,20,0,609,185,232,1,-1,-1,-1
399,25,1547,789,165,134,1,-1,-1,-1
399,37,1387,629,116,84,1,-1,-1,-1
399,38,1322,552,91,73,1,-1,-1,-1
399,44,1265,489,99,71,1,-1,-1,-1
399,50,1047,481,67,61,1,-1,-1,-1
399,51,1246,426,65,74,1,-1,-1,-1
399,52,1190,385,56,57,1,-1,-1,-1
399,55,127,514,154,75,1,-1,-1,-1
399,56,288,419,128,60,1,-1,-1,-1
399,58,451,398,65,57,1,-1,-1,-1
399,60,557,320,56,44,1,-1,-1,-1
399,61,598,814,148,178,1,-1,-1,-1
399,64,992,347,52,46,1,-1,-1,-1
399,65,981,311,45,40,1,-1,-1,-1
399,66,1125,310,42,43,1,-1,-1,-1
399,67,983,271,33,34,1,-1,-1,-1
399,70,1103,279,73,30,1,-1,-1,-1
400,12,892,343,48,47,1,-1,-1,-1
400,20,0,615,177,232,1,-1,-1,-1
400,25,1557,799,167,135,1,-1,-1,-1
400,37,1392,634,117,85,1,-1,-1,-1
400,38,1326,555,92,75,1,-1,-1,-1
400,44,1268,492,100,72,1,-1,-1,-1
400,50,1048,484,68,61,1,-1,-1,-1
400,51,1248,429,65,74,1,-1,-1,-1
400,52,1192,387,57,57,1,-1,-1,-1
400,55,120,518,157,76,1,-1,-1,-1
400,56,284,422,129,60,1,-1,-1,-1
400,58,449,400,66,57,1,-1,-1,-1
400,60,556,321,56,44,1,-1,-1,-1
400,61,589,838,152,180,1,-1,-1,-1
400,64,993,348,52,46,1,-1,-1,-1
400,65,982,312,45,40,1,-1,-1,-1
400,66,1127,311,42,43,1,-1,-1,-1
400,67,983,271,33,34,1,-1,-1,-1
400,70,1104,280,73,30,1,-1,-1,-1
401,12,892,341,48,47,1,-1,-1,-1
401,20,0,621,170,232,1,-1,-1,-1
401,25,1567,809,169,136,1,-1,-1,-1
401,37,1396,640,118,85,1,-1,-1,-1
401,38,1329,559,93,75,1,-1,-1,-1
401,44,1271,496,101,73,1,-1,-1,-1
401,50,1050,487,68,62,1,-1,-1,-1
401,51,1251,432,65,75,1,-1,-1,-1
401,52,1194,388,57,57,1,-1,-1,-1
401,55,114,522,158,76,1,-1,-1,-1
401,56,280,425,129,60,1,-1,-1,-1
401,58,447,402,66,57,1,-1,-1,-1
401,60,555,322,56,44,1,-1,-1,-1
401,61,580,861,156,183,1,-1,-1,-1
401,64,994,349,52,46,1,-1,-1,-1
401,65,982,313,46,40,1,-1,-1,-1
401,66,1128,312,42,43,1,-1,-1,-1
401,67,984,272,33,34,1,-1,-1,-1
401,70,1104,281,75,30,1,-1,-1,-1
402,12,892,340,48,47,1,-1,-1,-1
402,20,0,628,162,232,1,-1,-1,-1
402,25,1578,818,169,139,1,-1,-1,-1
402,37,1401,645,119,86,1,-1,-1,-1
402,38,1333,562,94,76,1,-1,-1,-1
402,44,1274,499,102,74,1,-1,-1,-1
402,50,1051,491,68,62,1,-1,-1,-1
402,51,1253,435,65,75,1,-1,-1,-1
402,52,1196,390,57,57,1,-1,-1,-1
402,55,108,526,159,77,1,-1,-1,-1
402,56,276,428,130,61,1,-1,-1,-1
402,58,445,404,67,57,1,-1,-1,-1
402,60,553,323,57,44,1,-1,-1,-1
402,64,995,350,52,46,1,-1,-1,-1
402,65,983,314,45,40,1,-1,-1,-1
402,66,1129,313,42,43,1,-1,-1,-1
402,67,985,273,33,34,1,-1,-1,-1
402,70,1105,282,75,30,1,-1,-1,-1
403,12,892,339,48,47,1,-1,-1,-1
403,20,0,634,154,232,1,-1,-1,-1
403,25,1588,828,171,140,1,-1,-1,-1
403,37,1405,650,121,87,1,-1,-1,-1
403,38,1337,566,94,76,1,-1,-1,-1
403,44,1277,503,103,75,1,-1,-1,-1
403,50,1052,494,69,63,1,-1,-1,-1
403,51,1256,438,65,76,1,-1,-1,-1
403,52,1198,392,57,57,1,-1,-1,-1
403,55,101,530,161,78,1,-1,-1,-1
403,56,272,431,130,61,1,-1,-1,-1
403,58,443,405,67,58,1,-1,-1,-1
403,60,552,324,57,44,1,-1,-1,-1
403,64,995,351,53,46,1,-1,-1,-1
403,65,984,315,45,40,1,-1,-1,-1
403,66,1130,314,43,44,1,-1,-1,-1
403,67,985,274,33,34,1,-1,-1,-1
403,70,1106,283,76,30,1,-1,-1,-1
404,12,892,337,48,47,1,-1,-1,-1
404,20,0,640,147,232,1,-1,-1,-1
404,25,1598,838,173,141,1,-1,-1,-1
404,37,1410,655,122,88,1,-1,-1,-1
404,38,1341,570,95,77,1,-1,-1,-1
404,44,1280,506,104,76,1,-1,-1,-1
404,50,1054,497,69,64,1,-1,-1,-1
404,51,1258,441,66,76,1,-1,-1,-1
404,52,1200,394,58,57,1,-1,-1,-1
404,55,95,534,162,78,1,-1,-1,-1
404,56,267,433,132,62,1,-1,-1,-1
404,58,441,407,68,58,1,-1,-1,-1
404,60,551,325,57,44,1,-1,-1,-1
404,64,996,352,53,46,1,-1,-1,-1
404,65,984,316,46,40,1,-1,-1,-1
404,66,1131,315,43,44,1,-1,-1,-1
404,67,985,275,34,34,1,-1,-1,-1
404,70,1107,283,77,31,1,-1,-1,-1
405,12,892,336,48,47,1,-1,-1,-1
405,20,0,647,139,232,1,-1,-1,-1
405,25,1608,847,174,143,1,-1,-1,-1
405,37,1414,660,124,89,1,-1,-1,-1
405,38,1345,575,97,79,1,-1,-1,-1
405,44,1283,510,105,76,1,-1,-1,-1
405,50,1055,500,70,65,1,-1,-1,-1
405,51,1261,444,67,77,1,-1,-1,-1
405,52,1201,396,59,58,1,-1,-1,-1
405,55,88,538,165,79,1,-1,-1,-1
405,56,263,436,132,63,1,-1,-1,-1
405,58,439,409,69,58,1,-1,-1,-1
405,60,550,326,57,44,1,-1,-1,-1
405,64,997,353,53,46,1,-1,-1,-1
405,65,985,317,46,40,1,-1,-1,-1
405,66,1132,317,43,43,1,-1,-1,-1
405,67,986,276,33,34,1,-1,-1,-1
405,70,1107,284,78,31,1,-1,-1,-1
406,12,892,334,48,47,1,-1,-1,-1
406,20,0,653,132,232,1,-1,-1,-1
406,25,1618,857,176,144,1,-1,-1,-1
406,37,1419,666,125,89,1,-1,-1,-1
406,38,1349,581,99,80,1,-1,-1,-1
406,44,1286,513,106,78,1,-1,-1,-1
406,50,1056,503,71,65,1,-1,-1,-1
406,51,1263,447,69,77,1,-1,-1,-1
406,52,1203,398,60,59,1,-1,-1,-1
406,55,82,542,166,79,1,-1,-1,-1
406,56,259,439,133,63,1,-1,-1,-1
406,58,437,411,69,58,1,-1,-1,-1
406,60,549,327,58,45,1,-1,-1,-1
406,64,998,354,53,46,1,-1,-1,-1
406,65,986,318,46,40,1,-1,-1,-1
406,66,1133,318,43,43,1,-1,-1,-1
406,67,986,277,34,34,1,-1,-1,-1
406,70,1108,285,79,31,1,-1,-1,-1
407,12,892,333,48,47,1,-1,-1,-1
407,20,0,659,124,232,1,-1,-1,-1
407,25,1629,866,176,147,1,-1,-1,-1
407,37,1424,673,128,91,1,-1,-1,-1
407,38,1354,587,100,81,1,-1,-1,-1
407,44,1289,517,107,78,1,-1,-1,-1
407,50,1057,506,72,66,1,-1,-1,-1
407,51,1266,450,70,78,1,-1,-1,-1
407,52,1205,400,60,60,1,-1,-1,-1
407,55,76,546,167,80,1,-1,-1,-1
407,56,255,442,133,63,1,-1,-1,-1
407,58,435,413,70,58,1,-1,-1,-1
407,60,548,328,58,45,1,-1,-1,-1
407,64,999,355,53,47,1,-1,-1,-1
407,65,986,319,47,40,1,-1,-1,-1
407,66,1134,319,44,44,1,-1,-1,-1
407,67,986,278,34,34,1,-1,-1,-1
407,68,534,319,94,34,1,-1,-1,-1
407,70,1109,286,79,32,1,-1,-1,-1
408,12,892,332,48,47,1,-1,-1,-1
408,25,1639,876,178,148,1,-1,-1,-1
408,37,1430,680,131,93,1,-1,-1,-1
408,38,1358,592,103,83,1,-1,-1,-1
408,44,1292,520,108,79,1,-1,-1,-1
408,50,1059,509,72,67,1,-1,-1,-1
408,51,1269,453,70,79,1,-1,-1,-1
408,52,1207,403,61,60,1,-1,-1,-1
408,55,69,550,169,80,1,-1,-1,-1
408,56,251,445,134,64,1,-1,-1,-1
408,58,433,415,71,59,1,-1,-1,-1
408,60,547,329,58,45,1,-1,-1,-1
408,64,999,356,53,48,1,-1,-1,-1
408,65,987,320,47,40,1,-1,-1,-1
408,66,1135,320,44,44,1,-1,-1,-1
408,67,987,279,34,35,1,-1,-1,-1
408,68,531,320,95,34,1,-1,-1,-1
408,70,1110,287,80,32,1,-1,-1,-1
409,12,892,330,48,47,1,-1,-1,-1
409,25,1649,886,180,149,1,-1,-1,-1
409,37,1435,687,135,96,1,-1,-1,-1
409,38,1363,598,104,84,1,-1,-1,-1
409,44,1295,524,109,80,1,-1,-1,-1
409,50,1060,512,73,68,1,-1,-1,-1
409,51,1271,456,72,79,1,-1,-1,-1
409,52,1209,405,61,61,1,-1,-1,-1
409,54,1160,356,48,39,1,-1,-1,-1
409,55,63,554,170,81,1,-1,-1,-1
409,56,246,447,136,65,1,-1,-1,-1
409,58,428,417,72,60,1,-1,-1,-1
409,60,546,330,58,45,1,-1,-1,-1
409,64,999,358,54,48,1,-1,-1,-1
409,65,988,321,47,40,1,-1,-1,-1
409,66,1136,321,44,44,1,-1,-1,-1
409,67,987,280,34,35,1,-1,-1,-1
409,68,529,321,95,35,1,-1,-1,-1
409,70,1110,288,81,32,1,-1,-1,-1
410,12,892,329,48,47,1,-1,-1,-1
410,25,1659,895,181,151,1,-1,-1,-1
410,37,1441,694,137,98,1,-1,-1,-1
410,38,1367,604,106,85,1,-1,-1,-1
410,44,1298,527,110,81,1,-1,-1,-1
410,50,1061,516,73,68,1,-1,-1,-1
410,51,1274,459,73,80,1,-1,-1,-1
410,52,1211,407,62,62,1,-1,-1,-1
410,54,1161,357,48,40,1,-1,-1,-1
410,55,57,558,172,82,1,-1,-1,-1
410,56,242,450,136,65,1,-1,-1,-1
410,58,424,420,72,60,1,-1,-1,-1
410,60,545,331,58,45,1,-1,-1,-1
410,64,1000,360,54,48,1,-1,-1,-1
410,65,988,322,47,40,1,-1,-1,-1
410,66,1138,322,44,44,1,-1,-1,-1
410,67,987,281,34,35,1,-1,-1,-1
410,68,527,322,95,35,1,-1,-1,-1
410,70,1111,288,82,33,1,-1,-1,-1
411,12,892,327,48,47,1,-1,-1,-1
411,25,1669,905,183,152,1,-1,-1,-1
411,37,1447,701,140,100,1,-1,-1,-1
411,38,1371,610,109,86,1,-1,-1,-1
411,44,1302,531,111,82,1,-1,-1,-1
411,50,1063,519,73,69,1,-1,-1,-1
411,51,1276,462,75,81,1,-1,-1,-1
411,52,1213,410,62,62,1,-1,-1,-1
411,54,1162,359,48,40,1,-1,-1,-1
411,55,51,564,169,83,1,-1,-1,-1
411,56,238,453,137,65,1,-1,-1,-1
411,58,420,423,73,60,1,-1,-1,-1
411,60,544,332,58,45,1,-1,-1,-1
411,64,1000,362,54,48,1,-1,-1,-1
411,65,988,323,47,41,1,-1,-1,-1
411,66,1139,323,44,44,1,-1,-1,-1
411,67,987,282,35,35,1,-1,-1,-1
411,68,525,323,95,36,1,-1,-1,-1
411,70,1112,289,83,33,1,-1,-1,-1
412,12,892,326,48,47,1,-1,-1,-1
412,37,1452,708,144,103,1,-1,-1,-1
412,38,1376,615,110,88,1,-1,-1,-1
412,44,1305,535,113,83,1,-1,-1,-1
412,50,1064,522,74,69,1,-1,-1,-1
412,51,1279,465,75,81,1,-1,-1,-1
412,52,1215,412,63,63,1,-1,-1,-1
412,54,1164,360,48,41,1,-1,-1,-1
412,55,45,570,167,84,1,-1,-1,-1
412,56,234,456,137,66,1,-1,-1,-1
412,58,416,426,73,61,1,-1,-1,-1
412,60,543,333,59,46,1,-1,-1,-1
412,64,1000,364,55,48,1,-1,-1,-1
412,65,989,325,47,40,1,-1,-1,-1
412,66,1140,324,44,45,1,-1,-1,-1
412,67,988,283,34,35,1,-1,-1,-1
412,68,523,324,95,36,1,-1,-1,-1
412,70,1113,290,83,33,1,-1,-1,-1
413,12,892,325,48,47,1,-1,-1,-1
413,37,1458,715,146,105,1,-1,-1,-1
413,38,1380,621,112,89,1,-1,-1,-1
413,44,1309,540,114,84,1,-1,-1,-1
413,50,1065,525,75,70,1,-1,-1,-1
413,51,1282,468,76,82,1,-1,-1,-1
413,52,1217,414,63,64,1,-1,-1,-1
413,54,1165,362,48,41,1,-1,-1,-1
413,55,39,576,165,85,1,-1,-1,-1
413,56,230,459,138,66,1,-1,-1,-1
413,58,411,429,75,61,1,-1,-1,-1
413,60,541,334,59,47,1,-1,-1,-1
413,64,1001,365,55,50,1,-1,-1,-1
413,65,989,326,47,41,1,-1,-1,-1
413,66,1141,325,44,45,1,-1,-1,-1
413,67,988,284,35,35,1,-1,-1,-1
413,68,521,325,96,37,1,-1,-1,-1
413,70,1113,291,85,33,1,-1,-1,-1
414,12,891,323,48,47,1,-1,-1,-1
414,37,1463,722,150,107,1,-1,-1,-1
414,38,1385,627,114,90,1,-1,-1,-1
414,44,1313,545,115,85,1,-1,-1,-1
414,50,1067,528,75,71,1,-1,-1,-1
414,51,1284,471,78,83,1,-1,-1,-1
414,52,1219,417,64,64,1,-1,-1,-1
414,54,1167,363,48,42,1,-1,-1,-1
414,55,34,582,162,86,1,-1,-1,-1
414,56,225,461,139,67,1,-1,-1,-1
414,58,407,431,75,62,1,-1,-1,-1
414,60,539,335,59,48,1,-1,-1,-1
414,64,1001,367,55,50,1,-1,-1,-1
414,65,989,328,47,41,1,-1,-1,-1
414,66,1142,326,45,45,1,-1,-1,-1
414,67,988,285,35,35,1,-1,-1,-1
414,68,519,326,96,37,1,-1,-1,-1
414,70,1114,292,85,33,1,-1,-1,-1
415,12,891,322,48,47,1,-1,-1,-1
415,37,1469,729,153,110,1,-1,-1,-1
415,38,1389,633,116,91,1,-1,-1,-1
415,44,1316,549,117,87,1,-1,-1,-1
415,50,1068,531,76,72,1,-1,-1,-1
415,51,1287,474,79,83,1,-1,-1,-1
415,52,1220,419,65,65,1,-1,-1,-1
415,54,1168,365,48,42,1,-1,-1,-1
415,55,28,588,160,87,1,-1,-1,-1
415,56,221,464,140,68,1,-1,-1,-1
415,58,403,434,76,62,1,-1,-1,-1
415,60,537,337,60,48,1,-1,-1,-1
415,64,1001,369,56,50,1,-1,-1,-1
415,65,990,329,47,41,1,-1,-1,-1
415,66,1143,327,45,45,1,-1,-1,-1
415,67,988,286,35,35,1,-1,-1,-1
415,68,517,327,96,38,1,-1,-1,-1
415,70,1115,293,86,33,1,-1,-1,-1
416,12,891,321,48,46,1,-1,-1,-1
416,37,1475,736,155,112,1,-1,-1,-1
416,38,1393,638,118,93,1,-1,-1,-1
416,44,1320,554,118,88,1,-1,-1,-1
416,50,1069,534,77,73,1,-1,-1,-1
416,51,1289,477,80,84,1,-1,-1,-1
416,52,1222,421,66,66,1,-1,-1,-1
416,54,1170,366,47,43,1,-1,-1,-1
416,55,22,594,157,88,1,-1,-1,-1
416,56,217,467,140,68,1,-1,-1,-1
416,58,399,437,76,63,1,-1,-1,-1
416,60,535,338,60,49,1,-1,-1,-1
416,64,1002,371,56,50,1,-1,-1,-1
416,65,990,331,47,41,1,-1,-1,-1
416,66,1144,328,45,46,1,-1,-1,-1
416,67,989,287,35,35,1,-1,-1,-1
416,68,514,328,97,38,1,-1,-1,-1
416,70,1116,294,87,34,1,-1,-1,-1
417,12,891,320,48,46,1,-1,-1,-1
417,37,1480,743,159,114,1,-1,-1,-1
417,38,1398,644,120,94,1,-1,-1,-1
417,44,1324,559,119,89,1,-1,-1,-1
417,50,1071,538,77,73,1,-1,-1,-1
417,51,1292,480,81,85,1,-1,-1,-1
417,52,1224,423,66,67,1,-1,-1,-1
417,53,1206,381,56,47,1,-1,-1,-1
417,54,1171,368,48,43,1,-1,-1,-1
417,55,17,600,154,89,1,-1,-1,-1
417,56,213,470,141,68,1,-1,-1,-1
417,58,394,440,78,63,1,-1,-1,-1
417,60,533,340,61,49,1,-1,-1,-1
417,64,1002,373,56,50,1,-1,-1,-1
417,65,990,332,48,42,1,-1,-1,-1
417,66,1145,329,46,46,1,-1,-1,-1
417,67,989,288,35,36,1,-1,-1,-1
417,68,512,329,97,39,1,-1,-1,-1
417,70,1117,295,87,34,1,-1,-1,-1
418,12,891,319,47,45,1,-1,-1,-1
418,37,1486,750,162,117,1,-1,-1,-1
418,38,1402,650,122,95,1,-1,-1,-1
418,44,1328,564,121,90,1,-1,-1,-1
418,50,1072,543,78,74,1,-1,-1,-1
418,51,1295,483,82,85,1,-1,-1,-1
418,52,1226,426,67,67,1,-1,-1,-1
418,53,1208,382,55,48,1,-1,-1,-1
418,54,1173,369,47,44,1,-1,-1,-1
418,55,11,606,152,90,1,-1,-1,-1
418,56,209,473,142,69,1,-1,-1,-1
418,58,390,443,78,63,1,-1,-1,-1
418,60,531,341,61,50,1,-1,-1,-1
418,64,1002,375,57,51,1,-1,-1,-1
418,65,991,334,47,41,1,-1,-1,-1
418,66,1146,330,46,46,1,-1,-1,-1
418,67,989,289,36,36,1,-1,-1,-1
418,68,510,330,97,39,1,-1,-1,-1
418,69,578,319,45,36,1,-1,-1,-1
418,70,1118,296,87,34,1,-1,-1,-1
419,12,890,318,48,45,1,-1,-1,-1
419,37,1491,757,165,119,1,-1,-1,-1
419,38,1407,655,123,97,1,-1,-1,-1
419,44,1331,568,123,92,1,-1,-1,-1
419,50,1073,548,80,75,1,-1,-1,-1
419,51,1297,486,84,86,1,-1,-1,-1
419,52,1228,428,67,68,1,-1,-1,-1
419,53,1210,384,55,48,1,-1,-1,-1
419,54,1174,371,48,44,1,-1,-1,-1
419,55,5,612,150,91,1,-1,-1,-1
419,56,201,476,144,70,1,-1,-1,-1
419,58,386,445,79,65,1,-1,-1,-1
419,60,529,343,62,50,1,-1,-1,-1
419,64,1003,376,57,52,1,-1,-1,-1
419,65,991,335,47,42,1,-1,-1,-1
419,66,1147,331,46,46,1,-1,-1,-1
419,67,989,290,36,36,1,-1,-1,-1
419,68,508,332,98,39,1,-1,-1,-1
419,69,575,320,46,36,1,-1,-1,-1
419,70,1119,297,87,34,1,-1,-1,-1
420,12,890,317,48,44,1,-1,-1,-1
420,37,1497,764,168,121,1,-1,-1,-1
420,38,1411,661,126,98,1,-1,-1,-1
420,44,1335,573,124,93,1,-1,-1,-1
420,50,1075,553,81,77,1,-1,-1,-1
420,51,1300,489,84,87,1,-1,-1,-1
420,52,1230,430,68,69,1,-1,-1,-1
420,53,1212,386,55,49,1,-1,-1,-1
420,54,1176,372,47,45,1,-1,-1,-1
420,56,193,480,146,70,1,-1,-1,-1
420,58,382,448,79,65,1,-1,-1,-1
420,60,527,344,62,51,1,-1,-1,-1
420,64,1003,378,57,52,1,-1,-1,-1
420,65,992,337,47,42,1,-1,-1,-1
420,66,1149,333,46,46,1,-1,-1,-1
420,67,990,291,36,36,1,-1,-1,-1
420,68,506,333,98,40,1,-1,-1,-1
420,69,573,321,46,37,1,-1,-1,-1
420,70,1120,298,87,34,1,-1,-1,-1
421,12,890,316,48,44,1,-1,-1,-1
421,37,1503,772,171,123,1,-1,-1,-1
421,38,1415,667,128,99,1,-1,-1,-1
421,44,1339,578,125,94,1,-1,-1,-1
421,50,1076,558,82,78,1,-1,-1,-1
421,51,1302,492,86,87,1,-1,-1,-1
421,52,1232,433,68,69,1,-1,-1,-1
421,53,1214,388,55,49,1,-1,-1,-1
421,54,1177,374,47,45,1,-1,-1,-1
421,56,186,484,147,71,1,-1,-1,-1
421,58,377,451,81,65,1,-1,-1,-1
421,60,525,346,63,51,1,-1,-1,-1
421,64,1003,380,58,52,1,-1,-1,-1
421,65,992,338,47,42,1,-1,-1,-1
421,66,1150,334,46,46,1,-1,-1,-1
421,67,990,292,36,36,1,-1,-1,-1
421,68,504,334,98,40,1,-1,-1,-1
421,69,571,322,46,37,1,-1,-1,-1
421,70,1121,299,87,34,1,-1,-1,-1
422,12,890,315,47,43,1,-1,-1,-1
422,37,1510,781,176,127,1,-1,-1,-1
422,38,1420,673,129,100,1,-1,-1,-1
422,44,1342,582,127,95,1,-1,-1,-1
422,50,1078,563,83,80,1,-1,-1,-1
422,51,1305,495,87,88,1,-1,-1,-1
422,52,1234,435,69,70,1,-1,-1,-1
422,53,1216,390,55,50,1,-1,-1,-1
422,54,1179,375,47,46,1,-1,-1,-1
422,56,178,488,149,71,1,-1,-1,-1
422,58,373,454,81,65,1,-1,-1,-1
422,60,523,347,63,52,1,-1,-1,-1
422,64,1004,382,58,52,1,-1,-1,-1
422,65,992,339,48,43,1,-1,-1,-1
422,66,1151,335,47,47,1,-1,-1,-1
422,67,990,293,36,36,1,-1,-1,-1
422,68,502,335,98,41,1,-1,-1,-1
422,69,569,323,46,38,1,-1,-1,-1
422,70,1122,301,87,34,1,-1,-1,-1
422,83,778,251,34,27,1,-1,-1,-1
423,12,890,314,47,43,1,-1,-1,-1
423,37,1517,791,181,130,1,-1,-1,-1
423,38,1424,678,132,102,1,-1,-1,-1
423,44,1346,587,128,96,1,-1,-1,-1
423,50,1079,568,85,81,1,-1,-1,-1
423,51,1308,498,88,89,1,-1,-1,-1
423,52,1236,437,69,71,1,-1,-1,-1
423,53,1218,392,54,50,1,-1,-1,-1
423,54,1180,377,47,46,1,-1,-1,-1
423,56,170,492,151,72,1,-1,-1,-1
423,58,369,457,82,66,1,-1,-1,-1
423,60,521,349,64,53,1,-1,-1,-1
423,64,1004,384,58,52,1,-1,-1,-1
423,65,993,341,47,42,1,-1,-1,-1
423,66,1152,337,47,47,1,-1,-1,-1
423,67,991,294,36,36,1,-1,-1,-1
423,68,500,336,98,41,1,-1,-1,-1
423,69,567,325,47,38,1,-1,-1,-1
423,70,1123,302,87,34,1,-1,-1,-1
423,83,777,251,34,27,1,-1,-1,-1
424,12,889,313,48,42,1,-1,-1,-1
424,37,1525,800,185,135,1,-1,-1,-1
424,38,1429,684,133,103,1,-1,-1,-1
424,44,1350,592,129,97,1,-1,-1,-1
424,50,1081,573,85,82,1,-1,-1,-1
424,51,1311,501,89,90,1,-1,-1,-1
424,52,1238,440,70,71,1,-1,-1,-1
424,53,1220,394,54,50,1,-1,-1,-1
424,54,1182,379,47,47,1,-1,-1,-1
424,56,163,496,152,72,1,-1,-1,-1
424,58,365,459,82,67,1,-1,-1,-1
424,60,518,350,64,53,1,-1,-1,-1
424,64,1004,385,59,54,1,-1,-1,-1
424,65,993,342,47,43,1,-1,-1,-1
424,66,1153,338,48,48,1,-1,-1,-1
424,67,991,295,36,36,1,-1,-1,-1
424,68,497,337,99,42,1,-1,-1,-1
424,69,565,326,47,38,1,-1,-1,-1
424,70,1124,303,87,34,1,-1,-1,-1
424,83,777,252,34,27,1,-1,-1,-1
425,12,889,312,48,42,1,-1,-1,-1
425,37,1532,810,190,138,1,-1,-1,-1
425,38,1433,690,135,104,1,-1,-1,-1
425,44,1354,597,131,98,1,-1,-1,-1
425,50,1082,578,87,84,1,-1,-1,-1
425,51,1315,505,89,91,1,-1,-1,-1
425,52,1240,442,71,72,1,-1,-1,-1
425,53,1222,396,54,51,1,-1,-1,-1
425,54,1183,380,48,47,1,-1,-1,-1
425,56,155,500,154,73,1,-1,-1,-1
425,58,360,462,84,67,1,-1,-1,-1
425,60,515,352,65,53,1,-1,-1,-1
425,64,1005,387,59,54,1,-1,-1,-1
425,65,993,344,48,43,1,-1,-1,-1
425,66,1155,340,47,48,1,-1,-1,-1
425,67,991,296,37,36,1,-1,-1,-1
425,68,495,338,100,42,1,-1,-1,-1
425,69,563,327,47,39,1,-1,-1,-1
425,70,1125,304,87,34,1,-1,-1,-1
425,83,776,252,34,28,1,-1,-1,-1
426,12,889,311,47,41,1,-1,-1,-1
426,37,1539,820,195,142,1,-1,-1,-1
426,38,1438,696,137,105,1,-1,-1,-1
426,44,1357,601,133,100,1,-1,-1,-1
426,50,1084,583,88,85,1,-1,-1,-1
426,51,1318,508,90,93,1,-1,-1,-1
426,52,1242,445,72,72,1,-1,-1,-1
426,53,1224,398,54,51,1,-1,-1,-1
426,54,1184,382,49,47,1,-1,-1,-1
426,56,147,503,156,74,1,-1,-1,-1
426,58,356,465,84,68,1,-1,-1,-1
426,60,513,354,65,53,1,-1,-1,-1
426,64,1005,389,59,54,1,-1,-1,-1
426,65,994,345,47,43,1,-1,-1,-1
426,66,1156,341,48,49,1,-1,-1,-1
426,67,991,297,37,37,1,-1,-1,-1
426,68,493,339,100,43,1,-1,-1,-1
426,69,561,328,47,40,1,-1,-1,-1
426,70,1126,305,87,34,1,-1,-1,-1
426,83,776,253,34,28,1,-1,-1,-1
427,12,889,310,47,41,1,-1,-1,-1
427,37,1547,829,199,146,1,-1,-1,-1
427,38,1444,704,140,107,1,-1,-1,-1
427,44,1361,606,134,101,1,-1,-1,-1
427,50,1085,588,89,87,1,-1,-1,-1
427,51,1322,512,90,94,1,-1,-1,-1
427,52,1245,448,72,73,1,-1,-1,-1
427,53,1226,400,54,52,1,-1,-1,-1
427,54,1186,384,49,47,1,-1,-1,-1
427,56,140,507,157,75,1,-1,-1,-1
427,58,352,468,85,68,1,-1,-1,-1
427,60,510,356,65,53,1,-1,-1,-1
427,64,1005,391,60,54,1,-1,-1,-1
427,65,994,347,48,43,1,-1,-1,-1
427,66,1157,343,48,49,1,-1,-1,-1
427,67,992,298,37,37,1,-1,-1,-1
427,68,491,340,100,43,1,-1,-1,-1
427,69,559,329,47,40,1,-1,-1,-1
427,70,1127,306,87,34,1,-1,-1,-1
427,83,775,254,34,27,1,-1,-1,-1
428,12,889,309,47,40,1,-1,-1,-1
428,37,1554,839,204,150,1,-1,-1,-1
428,38,1451,712,142,110,1,-1,-1,-1
428,44,1365,611,135,102,1,-1,-1,-1
428,50,1087,593,90,88,1,-1,-1,-1
428,51,1325,515,91,96,1,-1,-1,-1
428,52,1247,451,73,73,1,-1,-1,-1
428,53,1228,402,54,52,1,-1,-1,-1
428,54,1187,386,50,47,1,-1,-1,-1
428,56,132,511,159,75,1,-1,-1,-1
428,58,348,471,85,68,1,-1,-1,-1
428,60,508,358,65,53,1,-1,-1,-1
428,64,1006,393,60,54,1,-1,-1,-1
428,65,994,348,48,44,1,-1,-1,-1
428,66,1158,344,49,50,1,-1,-1,-1
428,67,992,299,37,37,1,-1,-1,-1
428,68,489,341,100,44,1,-1,-1,-1
428,69,557,331,48,40,1,-1,-1,-1
428,70,1128,308,87,34,1,-1,-1,-1
428,83,775,254,34,28,1,-1,-1,-1
429,12,889,308,47,40,1,-1,-1,-1
429,37,1562,848,208,154,1,-1,-1,-1
429,38,1457,720,145,113,1,-1,-1,-1
429,44,1368,615,137,104,1,-1,-1,-1
429,50,1088,599,92,89,1,-1,-1,-1
429,51,1329,519,91,97,1,-1,-1,-1
429,52,1249,454,74,73,1,-1,-1,-1
429,53,1230,403,53,53,1,-1,-1,-1
429,54,1189,388,50,47,1,-1,-1,-1
429,56,124,515,161,76,1,-1,-1,-1
429,58,343,473,87,69,1,-1,-1,-1
429,60,505,360,66,53,1,-1,-1,-1
429,64,1006,395,60,55,1,-1,-1,-1
429,65,995,350,47,43,1,-1,-1,-1
429,66,1159,346,49,50,1,-1,-1,-1
429,67,992,300,37,37,1,-1,-1,-1
429,68,487,342,100,44,1,-1,-1,-1
429,69,555,332,48,40,1,-1,-1,-1
429,70,1129,309,87,34,1,-1,-1,-1
429,83,774,255,34,28,1,-1,-1,-1
430,12,889,306,46,40,1,-1,-1,-1
430,37,1569,858,213,158,1,-1,-1,-1
430,38,1464,728,147,115,1,-1,-1,-1
430,44,1372,620,138,105,1,-1,-1,-1
430,50,1089,604,93,90,1,-1,-1,-1
430,51,1332,522,92,98,1,-1,-1,-1
430,52,1252,457,74,74,1,-1,-1,-1
430,53,1232,405,53,54,1,-1,-1,-1
430,54,1190,390,51,47,1,-1,-1,-1
430,56,117,519,162,76,1,-1,-1,-1
430,58,339,476,87,70,1,-1,-1,-1
430,60,502,362,66,53,1,-1,-1,-1
430,64,1006,396,61,56,1,-1,-1,-1
430,65,995,351,48,44,1,-1,-1,-1
430,66,1161,347,49,51,1,-1,-1,-1
430,67,992,301,38,37,1,-1,-1,-1
430,68,485,343,100,45,1,-1,-1,-1
430,69,553,333,48,41,1,-1,-1,-1
430,70,1130,310,87,34,1,-1,-1,-1
430,83,774,256,34,28,1,-1,-1,-1
431,12,889,305,46,40,1,-1,-1,-1
431,37,1576,868,218,161,1,-1,-1,-1
431,38,1470,737,150,117,1,-1,-1,-1
431,44,1376,625,139,106,1,-1,-1,-1
431,50,1091,609,94,91,1,-1,-1,-1
431,51,1336,526,92,99,1,-1,-1,-1
431,52,1254,460,75,74,1,-1,-1,-1
431,53,1234,407,53,54,1,-1,-1,-1
431,54,1192,392,51,47,1,-1,-1,-1
431,56,109,523,164,77,1,-1,-1,-1
431,58,335,479,88,70,1,-1,-1,-1
431,60,500,364,66,53,1,-1,-1,-1
431,64,1007,398,61,56,1,-1,-1,-1
431,65,996,353,47,44,1,-1,-1,-1
431,66,1162,349,49,51,1,-1,-1,-1
431,67,993,302,37,37,1,-1,-1,-1
431,68,483,345,101,45,1,-1,-1,-1
431,69,550,334,49,42,1,-1,-1,-1
431,70,1131,311,87,34,1,-1,-1,-1
431,83,773,256,34,29,1,-1,-1,-1
432,12,889,304,46,40,1,-1,-1,-1
432,37,1584,877,222,166,1,-1,-1,-1
432,38,1477,745,152,120,1,-1,-1,-1
432,44,1380,630,141,107,1,-1,-1,-1
432,50,1092,614,96,93,1,-1,-1,-1
432,51,1339,529,93,101,1,-1,-1,-1
432,52,1257,463,75,75,1,-1,-1,-1
432,53,1236,409,53,55,1,-1,-1,-1
432,54,1193,394,52,47,1,-1,-1,-1
432,56,101,527,166,77,1,-1,-1,-1
432,58,331,482,88,70,1,-1,-1,-1
432,60,497,366,67,53,1,-1,-1,-1
432,64,1007,400,61,56,1,-1,-1,-1
432,65,996,354,48,44,1,-1,-1,-1
432,66,1163,350,50,52,1,-1,-1,-1
432,67,993,303,38,37,1,-1,-1,-1
432,68,480,346,102,45,1,-1,-1,-1
432,69,548,335,49,42,1,-1,-1,-1
432,70,1132,312,87,34,1,-1,-1,-1
432,83,773,257,34,28,1,-1,-1,-1
433,12,889,303,46,39,1,-1,-1,-1
433,37,1591,887,227,169,1,-1,-1,-1
433,38,1483,753,155,122,1,-1,-1,-1
433,44,1384,636,143,109,1,-1,-1,-1
433,50,1094,619,96,94,1,-1,-1,-1
433,51,1343,533,93,102,1,-1,-1,-1
433,52,1259,466,76,75,1,-1,-1,-1
433,53,1238,411,53,55,1,-1,-1,-1
433,54,1195,396,52,47,1,-1,-1,-1
433,56,94,531,168,78,1,-1,-1,-1
433,58,327,485,89,71,1,-1,-1,-1
433,60,495,368,66,53,1,-1,-1,-1
433,64,1007,402,62,56,1,-1,-1,-1
433,65,996,355,48,45,1,-1,-1,-1
433,66,1164,351,50,53,1,-1,-1,-1
433,67,993,304,38,37,1,-1,-1,-1
433,68,477,348,103,45,1,-1,-1,-1
433,69,546,337,50,42,1,-1,-1,-1
433,70,1133,314,88,34,1,-1,-1,-1
433,83,772,257,34,29,1,-1,-1,-1
434,12,890,302,45,39,1,-1,-1,-1
434,37,1599,897,231,173,1,-1,-1,-1
434,38,1490,761,157,125,1,-1,-1,-1
434,44,1389,643,145,110,1,-1,-1,-1
434,50,1095,624,98,96,1,-1,-1,-1
434,51,1346,536,94,104,1,-1,-1,-1
434,52,1261,469,77,75,1,-1,-1,-1
434,53,1240,413,52,55,1,-1,-1,-1
434,54,1196,398,53,47,1,-1,-1,-1
434,56,85,535,170,79,1,-1,-1,-1
434,58,321,488,90,72,1,-1,-1,-1
434,60,492,370,67,53,1,-1,-1,-1
434,64,1008,404,62,56,1,-1,-1,-1
434,65,997,357,47,44,1,-1,-1,-1
434,66,1165,353,51,53,1,-1,-1,-1
434,67,994,305,38,38,1,-1,-1,-1
434,68,475,350,103,45,1,-1,-1,-1
434,69,544,338,50,43,1,-1,-1,-1
434,70,1133,314,89,34,1,-1,-1,-1
434,83,772,258,34,29,1,-1,-1,-1
435,12,890,301,45,39,1,-1,-1,-1
435,37,1608,909,231,161,1,-1,-1,-1
435,38,1496,769,160,128,1,-1,-1,-1
435,44,1394,650,147,111,1,-1,-1,-1
435,50,1097,629,99,97,1,-1,-1,-1
435,51,1350,540,94,105,1,-1,-1,-1
435,52,1264,472,77,76,1,-1,-1,-1
435,53,1242,415,52,56,1,-1,-1,-1
435,54,1198,400,53,47,1,-1,-1,-1
435,56,76,540,173,79,1,-1,-1,-1
435,58,315,492,92,73,1,-1,-1,-1
435,60,489,372,68,53,1,-1,-1,-1
435,64,1008,405,62,58,1,-1,-1,-1
435,65,997,358,48,45,1,-1,-1,-1
435,66,1167,354,50,54,1,-1,-1,-1
435,67,994,306,38,38,1,-1,-1,-1
435,68,472,352,104,45,1,-1,-1,-1
435,69,542,339,50,43,1,-1,-1,-1
435,70,1134,315,89,34,1,-1,-1,-1
435,83,771,259,34,29,1,-1,-1,-1
435,87,976,251,34,32,1,-1,-1,-1
436,12,890,300,45,39,1,-1,-1,-1
436,37,1618,921,231,149,1,-1,-1,-1
436,38,1503,778,162,129,1,-1,-1,-1
436,44,1399,656,149,113,1,-1,-1,-1
436,50,1098,634,100,98,1,-1,-1,-1
436,51,1353,544,96,106,1,-1,-1,-1
436,52,1266,475,78,76,1,-1,-1,-1
436,53,1244,417,52,56,1,-1,-1,-1
436,54,1199,402,54,47,1,-1,-1,-1
436,56,67,545,175,79,1,-1,-1,-1
436,58,310,495,92,74,1,-1,-1,-1
436,60,487,374,67,53,1,-1,-1,-1
436,64,1008,407,63,58,1,-1,-1,-1
436,65,997,360,48,45,1,-1,-1,-1
436,66,1168,356,51,54,1,-1,-1,-1
436,67,994,307,38,38,1,-1,-1,-1
436,68,469,354,105,45,1,-1,-1,-1
436,69,540,340,50,44,1,-1,-1,-1
436,70,1134,316,90,34,1,-1,-1,-1
436,83,771,259,34,29,1,-1,-1,-1
436,87,976,251,34,32,1,-1,-1,-1
437,12,890,298,44,39,1,-1,-1,-1
437,37,1628,934,231,136,1,-1,-1,-1
437,38,1509,786,165,132,1,-1,-1,-1
437,44,1403,663,152,114,1,-1,-1,-1
437,50,1100,639,101,100,1,-1,-1,-1
437,51,1357,549,97,107,1,-1,-1,-1
437,52,1269,478,78,77,1,-1,-1,-1
437,53,1246,419,52,57,1,-1,-1,-1
437,54,1201,404,55,47,1,-1,-1,-1
437,56,58,550,178,80,1,-1,-1,-1
437,58,304,499,94,75,1,-1,-1,-1
437,60,484,376,68,53,1,-1,-1,-1
437,64,1009,409,63,58,1,-1,-1,-1
437,65,998,361,48,45,1,-1,-1,-1
437,66,1169,357,51,55,1,-1,-1,-1
437,67,994,308,39,38,1,-1,-1,-1
437,68,467,356,105,45,1,-1,-1,-1
437,69,538,341,50,44,1,-1,-1,-1
437,70,1135,317,90,34,1,-1,-1,-1
437,83,770,260,34,29,1,-1,-1,-1
437,87,976,251,34,33,1,-1,-1,-1
438,12,891,297,43,39,1,-1,-1,-1
438,37,1637,946,231,124,1,-1,-1,-1
438,38,1516,794,167,135,1,-1,-1,-1
438,44,1408,670,154,115,1,-1,-1,-1
438,50,1101,644,103,101,1,-1,-1,-1
438,51,1361,554,98,108,1,-1,-1,-1
438,52,1271,481,79,77,1,-1,-1,-1
438,53,1248,421,52,57,1,-1,-1,-1
438,54,1202,405,55,48,1,-1,-1,-1
438,56,50,555,179,80,1,-1,-1,-1
438,58,298,502,96,77,1,-1,-1,-1
438,60,482,378,68,53,1,-1,-1,-1
438,64,1009,411,63,58,1,-1,-1,-1
438,65,998,363,48,45,1,-1,-1,-1
438,66,1170,359,52,54,1,-1,-1,-1
438,67,995,309,38,38,1,-1,-1,-1
438,68,464,357,106,46,1,-1,-1,-1
438,69,536,343,51,44,1,-1,-1,-1
438,70,1136,318,90,34,1,-1,-1,-1
438,83,770,261,34,29,1,-1,-1,-1
438,87,976,252,34,32,1,-1,-1,-1
439,12,891,296,43,39,1,-1,-1,-1
439,37,1647,958,231,112,1,-1,-1,-1
439,38,1522,802,170,137,1,-1,-1,-1
439,44,1413,676,156,117,1,-1,-1,-1
439,50,1103,649,103,103,1,-1,-1,-1
439,51,1364,559,100,109,1,-1,-1,-1
439,52,1273,484,80,77,1,-1,-1,-1
439,53,1250,423,52,58,1,-1,-1,-1
439,54,1204,407,55,48,1,-1,-1,-1
439,56,41,559,182,81,1,-1,-1,-1
439,58,293,506,96,77,1,-1,-1,-1
439,60,479,380,68,53,1,-1,-1,-1
439,64,1009,413,64,58,1,-1,-1,-1
439,65,998,364,48,46,1,-1,-1,-1
439,66,1171,360,52,55,1,-1,-1,-1
439,67,995,310,38,38,1,-1,-1,-1
439,68,462,359,106,46,1,-1,-1,-1
439,69,534,344,51,45,1,-1,-1,-1
439,70,1136,319,92,34,1,-1,-1,-1
439,83,769,261,34,30,1,-1,-1,-1
439,87,976,252,34,33,1,-1,-1,-1
440,12,891,295,43,39,1,-1,-1,-1
440,38,1529,810,172,140,1,-1,-1,-1
440,44,1418,683,158,118,1,-1,-1,-1
440,50,1104,654,105,104,1,-1,-1,-1
440,51,1368,564,101,110,1,-1,-1,-1
440,52,1276,487,80,78,1,-1,-1,-1
440,53,1252,425,52,58,1,-1,-1,-1
440,54,1205,409,56,48,1,-1,-1,-1
440,56,32,564,184,82,1,-1,-1,-1
440,58,287,510,98,78,1,-1,-1,-1
440,60,476,382,69,53,1,-1,-1,-1
440,64,1010,415,64,59,1,-1,-1,-1
440,65,999,366,48,45,1,-1,-1,-1
440,66,1173,362,52,55,1,-1,-1,-1
440,67,995,311,39,38,1,-1,-1,-1
440,68,459,361,107,45,1,-1,-1,-1
440,69,532,345,51,45,1,-1,-1,-1
440,70,1137,320,92,34,1,-1,-1,-1
440,83,769,262,34,30,1,-1,-1,-1
440,87,977,253,34,33,1,-1,-1,-1
441,12,891,294,43,38,1,-1,-1,-1
441,38,1536,819,174,142,1,-1,-1,-1
441,44,1422,690,160,119,1,-1,-1,-1
441,50,1106,660,106,105,1,-1,-1,-1
441,51,1372,569,102,111,1,-1,-1,-1
441,52,1278,490,81,78,1,-1,-1,-1
441,53,1254,427,52,59,1,-1,-1,-1
441,54,1207,411,56,48,1,-1,-1,-1
441,56,23,569,187,82,1,-1,-1,-1
441,58,281,513,100,79,1,-1,-1,-1
441,60,474,384,69,53,1,-1,-1,-1
441,64,1010,417,64,59,1,-1,-1,-1
441,65,999,367,48,46,1,-1,-1,-1
441,66,1174,363,52,56,1,-1,-1,-1
441,67,996,312,38,39,1,-1,-1,-1
441,68,456,363,108,45,1,-1,-1,-1
441,69,530,346,51,46,1,-1,-1,-1
441,70,1138,321,92,34,1,-1,-1,-1
441,83,768,262,34,30,1,-1,-1,-1
441,87,977,253,34,33,1,-1,-1,-1
442,12,891,293,43,38,1,-1,-1,-1
442,38,1544,829,177,141,1,-1,-1,-1
442,44,1427,697,162,120,1,-1,-1,-1
442,50,1107,666,107,107,1,-1,-1,-1
442,51,1375,573,104,113,1,-1,-1,-1
442,52,1281,493,81,79,1,-1,-1,-1
442,53,1256,429,53,60,1,-1,-1,-1
442,54,1208,413,57,48,1,-1,-1,-1
442,56,14,574,189,82,1,-1,-1,-1
442,58,276,517,100,80,1,-1,-1,-1
442,60,471,386,69,53,1,-1,-1,-1
442,64,1011,419,64,59,1,-1,-1,-1
442,65,1000,369,48,46,1,-1,-1,-1
442,66,1175,365,53,56,1,-1,-1,-1
442,67,996,313,39,39,1,-1,-1,-1
442,68,454,365,108,45,1,-1,-1,-1
442,69,528,348,52,46,1,-1,-1,-1
442,70,1138,322,93,34,1,-1,-1,-1
442,83,768,263,34,30,1,-1,-1,-1
442,87,977,253,34,34,1,-1,-1,-1
443,12,892,292,42,38,1,-1,-1,-1
443,38,1552,840,180,139,1,-1,-1,-1
443,44,1432,703,164,122,1,-1,-1,-1
443,50,1109,673,108,108,1,-1,-1,-1
443,51,1379,578,105,114,1,-1,-1,-1
443,52,1283,496,82,79,1,-1,-1,-1
443,53,1258,431,53,61,1,-1,-1,-1
443,54,1210,415,57,49,1,-1,-1,-1
443,56,6,579,191,83,1,-1,-1,-1
443,58,270,520,102,82,1,-1,-1,-1
443,60,469,388,69,53,1,-1,-1,-1
443,64,1011,421,65,60,1,-1,-1,-1
443,65,1000,370,48,46,1,-1,-1,-1
443,66,1176,366,53,57,1,-1,-1,-1
443,67,996,314,39,39,1,-1,-1,-1
443,68,451,367,109,45,1,-1,-1,-1
443,69,525,349,53,46,1,-1,-1,-1
443,70,1139,323,93,34,1,-1,-1,-1
443,83,767,264,34,30,1,-1,-1,-1
443,87,977,254,34,34,1,-1,-1,-1
444,12,892,290,41,38,1,-1,-1,-1
444,38,1560,850,183,138,1,-1,-1,-1
444,44,1437,710,166,123,1,-1,-1,-1
444,50,1110,680,110,109,1,-1,-1,-1
444,51,1383,583,106,115,1,-1,-1,-1
444,52,1285,499,83,79,1,-1,-1,-1
444,53,1260,434,53,61,1,-1,-1,-1
444,54,1211,417,58,49,1,-1,-1,-1
444,56,5,583,184,85,1,-1,-1,-1
444,58,264,524,104,82,1,-1,-1,-1
444,60,466,390,70,53,1,-1,-1,-1
444,64,1012,423,65,60,1,-1,-1,-1
444,65,1000,371,49,47,1,-1,-1,-1
444,66,1177,367,54,58,1,-1,-1,-1
444,67,997,315,38,39,1,-1,-1,-1
444,68,449,369,109,45,1,-1,-1,-1
444,69,523,350,53,47,1,-1,-1,-1
444,70,1140,324,93,34,1,-1,-1,-1
444,83,767,264,34,31,1,-1,-1,-1
444,87,977,254,35,34,1,-1,-1,-1
445,12,892,289,41,38,1,-1,-1,-1
445,38,1569,861,185,136,1,-1,-1,-1
445,44,1441,717,169,124,1,-1,-1,-1
445,50,1112,687,110,110,1,-1,-1,-1
445,51,1386,588,108,116,1,-1,-1,-1
445,52,1288,502,83,80,1,-1,-1,-1
445,53,1262,436,54,61,1,-1,-1,-1
445,54,1213,419,58,49,1,-1,-1,-1
445,56,4,588,178,86,1,-1,-1,-1
445,58,259,528,104,83,1,-1,-1,-1
445,60,464,392,70,53,1,-1,-1,-1
445,64,1012,426,65,59,1,-1,-1,-1
445,65,1000,372,50,48,1,-1,-1,-1
445,66,1179,369,53,58,1,-1,-1,-1
445,67,997,316,39,39,1,-1,-1,-1
445,68,446,370,110,46,1,-1,-1,-1
445,69,521,351,53,47,1,-1,-1,-1
445,70,1140,325,95,34,1,-1,-1,-1
445,83,766,265,34,30,1,-1,-1,-1
445,87,978,255,34,34,1,-1,-1,-1
446,12,892,288,41,38,1,-1,-1,-1
446,38,1577,871,188,135,1,-1,-1,-1
446,44,1446,723,171,126,1,-1,-1,-1
446,50,1113,694,112,111,1,-1,-1,-1
446,51,1390,593,109,117,1,-1,-1,-1
446,52,1290,505,84,80,1,-1,-1,-1
446,53,1264,438,54,62,1,-1,-1,-1
446,54,1214,421,59,49,1,-1,-1,-1
446,56,4,593,171,87,1,-1,-1,-1
446,58,253,531,106,85,1,-1,-1,-1
446,60,461,393,70,53,1,-1,-1,-1
446,64,1013,428,65,60,1,-1,-1,-1
446,65,1000,373,50,48,1,-1,-1,-1
446,66,1180,370,54,59,1,-1,-1,-1
446,67,997,317,39,39,1,-1,-1,-1
446,68,443,372,111,46,1,-1,-1,-1
446,69,519,352,53,48,1,-1,-1,-1
446,70,1141,326,95,34,1,-1,-1,-1
446,83,766,266,34,30,1,-1,-1,-1
446,87,978,255,34,34,1,-1,-1,-1
447,12,893,287,40,38,1,-1,-1,-1
447,38,1585,882,192,133,1,-1,-1,-1
447,44,1451,730,173,127,1,-1,-1,-1
447,50,1115,701,113,113,1,-1,-1,-1
447,51,1394,598,110,118,1,-1,-1,-1
447,52,1293,508,84,81,1,-1,-1,-1
447,53,1266,440,55,63,1,-1,-1,-1
447,54,1216,423,59,49,1,-1,-1,-1
447,56,3,597,165,89,1,-1,-1,-1
447,58,247,535,108,85,1,-1,-1,-1
447,60,458,395,71,53,1,-1,-1,-1
447,64,1014,430,65,60,1,-1,-1,-1
447,65,1000,375,51,48,1,-1,-1,-1
447,66,1181,372,54,59,1,-1,-1,-1
447,67,998,318,39,40,1,-1,-1,-1
447,68,441,374,111,46,1,-1,-1,-1
447,69,517,354,54,47,1,-1,-1,-1
447,70,1142,327,95,34,1,-1,-1,-1
447,83,765,266,34,31,1,-1,-1,-1
447,87,978,255,34,35,1,-1,-1,-1
448,12,893,286,40,37,1,-1,-1,-1
448,38,1593,892,195,132,1,-1,-1,-1
448,44,1456,737,175,128,1,-1,-1,-1
448,50,1117,707,114,115,1,-1,-1,-1
448,51,1398,603,112,119,1,-1,-1,-1
448,52,1295,511,85,81,1,-1,-1,-1
448,53,1268,443,55,63,1,-1,-1,-1
448,54,1217,424,60,51,1,-1,-1,-1
448,56,2,602,158,91,1,-1,-1,-1
448,58,242,538,108,87,1,-1,-1,-1
448,60,456,396,71,54,1,-1,-1,-1
448,64,1014,432,66,61,1,-1,-1,-1
448,65,1001,376,51,49,1,-1,-1,-1
448,66,1182,373,55,60,1,-1,-1,-1
448,67,998,318,39,40,1,-1,-1,-1
448,68,438,376,112,46,1,-1,-1,-1
448,69,515,355,54,48,1,-1,-1,-1
448,70,1142,328,96,34,1,-1,-1,-1
448,83,765,267,34,31,1,-1,-1,-1
448,87,978,256,35,35,1,-1,-1,-1
449,12,893,285,40,37,1,-1,-1,-1
449,38,1602,903,197,130,1,-1,-1,-1
449,44,1461,744,177,130,1,-1,-1,-1
449,50,1119,713,115,117,1,-1,-1,-1
449,51,1402,607,113,121,1,-1,-1,-1
449,52,1297,514,86,81,1,-1,-1,-1
449,53,1270,445,55,64,1,-1,-1,-1
449,54,1219,426,60,51,1,-1,-1,-1
449,56,2,607,151,92,1,-1,-1,-1
449,58,236,542,110,87,1,-1,-1,-1
449,60,453,398,72,54,1,-1,-1,-1
449,64,1015,434,65,61,1,-1,-1,-1
449,65,1001,377,52,49,1,-1,-1,-1
449,66,1183,375,55,60,1,-1,-1,-1
449,67,998,318,39,40,1,-1,-1,-1
449,68,435,378,113,45,1,-1,-1,-1
449,69,513,356,54,48,1,-1,-1,-1
449,70,1143,329,96,34,1,-1,-1,-1
449,83,765,268,34,31,1,-1,-1,-1
449,87,978,256,35,35,1,-1,-1,-1
450,12,893,284,40,37,1,-1,-1,-1
450,38,1610,913,200,129,1,-1,-1,-1
450,44,1467,750,180,134,1,-1,-1,-1
450,50,1121,720,116,119,1,-1,-1,-1
450,51,1406,612,115,122,1,-1,-1,-1
450,52,1300,517,86,82,1,-1,-1,-1
450,53,1272,447,56,64,1,-1,-1,-1
450,54,1220,428,61,51,1,-1,-1,-1
450,56,1,611,145,94,1,-1,-1,-1
450,58,230,545,112,89,1,-1,-1,-1
450,60,450,399,73,55,1,-1,-1,-1
450,64,1015,437,66,60,1,-1,-1,-1
450,65,1001,378,52,50,1,-1,-1,-1
450,66,1185,376,55,61,1,-1,-1,-1
450,67,998,318,39,40,1,-1,-1,-1
450,68,433,380,113,45,1,-1,-1,-1
450,69,510,357,55,49,1,-1,-1,-1
450,70,1144,330,97,34,1,-1,-1,-1
450,83,764,268,34,31,1,-1,-1,-1
450,87,979,257,34,35,1,-1,-1,-1
451,12,894,283,39,37,1,-1,-1,-1
451,38,1618,924,203,127,1,-1,-1,-1
451,44,1473,757,183,137,1,-1,-1,-1
451,50,1123,726,117,121,1,-1,-1,-1
451,51,1411,616,116,124,1,-1,-1,-1
451,52,1302,520,87,82,1,-1,-1,-1
451,53,1274,449,56,65,1,-1,-1,-1
451,54,1222,430,61,51,1,-1,-1,-1
451,56,0,616,139,95,1,-1,-1,-1
451,58,225,549,112,90,1,-1,-1,-1
451,60,448,401,73,55,1,-1,-1,-1
451,64,1016,439,66,61,1,-1,-1,-1
451,65,1001,380,53,50,1,-1,-1,-1
451,66,1186,378,55,61,1,-1,-1,-1
451,67,998,319,39,40,1,-1,-1,-1
451,68,430,381,114,46,1,-1,-1,-1
451,69,508,358,56,49,1,-1,-1,-1
451,70,1144,330,97,35,1,-1,-1,-1
451,73,932,890,138,174,1,-1,-1,-1
451,83,763,268,35,32,1,-1,-1,-1
451,87,979,257,34,36,1,-1,-1,-1
452,12,894,281,38,37,1,-1,-1,-1
452,38,1626,934,206,126,1,-1,-1,-1
452,44,1479,763,186,141,1,-1,-1,-1
452,50,1125,733,119,123,1,-1,-1,-1
452,51,1415,621,118,125,1,-1,-1,-1
452,52,1305,523,88,83,1,-1,-1,-1
452,53,1276,452,56,65,1,-1,-1,-1
452,54,1223,432,62,51,1,-1,-1,-1
452,58,219,553,114,90,1,-1,-1,-1
452,60,445,402,74,55,1,-1,-1,-1
452,64,1016,441,67,61,1,-1,-1,-1
452,65,1001,381,54,50,1,-1,-1,-1
452,66,1187,379,56,62,1,-1,-1,-1
452,67,998,320,39,40,1,-1,-1,-1
452,68,428,383,114,46,1,-1,-1,-1
452,69,506,360,56,49,1,-1,-1,-1
452,70,1145,331,97,35,1,-1,-1,-1
452,73,929,883,136,171,1,-1,-1,-1
452,83,763,269,34,31,1,-1,-1,-1
452,87,979,257,34,36,1,-1,-1,-1
452,89,1106,290,40,39,1,-1,-1,-1
452,91,1064,242,36,30,1,-1,-1,-1
453,12,894,280,38,37,1,-1,-1,-1
453,44,1485,770,189,145,1,-1,-1,-1
453,50,1127,739,120,125,1,-1,-1,-1
453,51,1419,625,119,127,1,-1,-1,-1
453,52,1307,526,89,83,1,-1,-1,-1
453,53,1278,454,57,66,1,-1,-1,-1
453,54,1225,434,62,52,1,-1,-1,-1
453,58,213,556,116,92,1,-1,-1,-1
453,60,442,404,75,55,1,-1,-1,-1
453,64,1017,443,66,62,1,-1,-1,-1
453,65,1002,382,53,51,1,-1,-1,-1
453,66,1188,381,56,62,1,-1,-1,-1
453,67,998,321,40,40,1,-1,-1,-1
453,68,425,385,115,46,1,-1,-1,-1
453,69,504,361,56,49,1,-1,-1,-1
453,70,1146,332,97,35,1,-1,-1,-1
453,73,927,876,134,169,1,-1,-1,-1
453,83,762,269,35,32,1,-1,-1,-1
453,87,979,258,35,36,1,-1,-1,-1
453,89,1106,290,40,39,1,-1,-1,-1
453,90,1091,274,60,33,1,-1,-1,-1
453,91,1064,242,36,30,1,-1,-1,-1
454,12,894,279,38,37,1,-1,-1,-1
454,44,1491,776,192,149,1,-1,-1,-1
454,50,1129,746,121,126,1,-1,-1,-1
454,51,1424,630,120,128,1,-1,-1,-1
454,52,1309,529,90,84,1,-1,-1,-1
454,53,1280,456,57,67,1,-1,-1,-1
454,54,1226,436,63,52,1,-1,-1,-1
454,58,208,560,116,93,1,-1,-1,-1
454,60,440,405,75,56,1,-1,-1,-1
454,64,1018,446,66,61,1,-1,-1,-1
454,65,1002,383,54,52,1,-1,-1,-1
454,66,1189,382,57,63,1,-1,-1,-1
454,67,999,322,39,40,1,-1,-1,-1
454,68,422,387,116,46,1,-1,-1,-1
454,69,502,362,56,50,1,-1,-1,-1
454,70,1146,332,98,36,1,-1,-1,-1
454,73,924,869,133,167,1,-1,-1,-1
454,83,761,270,35,31,1,-1,-1,-1
454,87,979,258,35,37,1,-1,-1,-1
454,89,1107,291,40,39,1,-1,-1,-1
454,90,1091,274,60,33,1,-1,-1,-1
454,91,1064,242,36,30,1,-1,-1,-1
455,12,894,278,38,36,1,-1,-1,-1
455,44,1497,783,195,152,1,-1,-1,-1
455,50,1132,752,121,129,1,-1,-1,-1
455,51,1428,634,122,130,1,-1,-1,-1
455,52,1312,532,90,85,1,-1,-1,-1
455,53,1282,458,58,67,1,-1,-1,-1
455,54,1228,438,63,52,1,-1,-1,-1
455,58,202,563,118,94,1,-1,-1,-1
455,60,437,407,76,56,1,-1,-1,-1
455,64,1018,448,67,61,1,-1,-1,-1
455,65,1002,385,55,51,1,-1,-1,-1
455,66,1191,384,57,63,1,-1,-1,-1
455,67,999,323,40,40,1,-1,-1,-1
455,68,420,389,116,46,1,-1,-1,-1
455,69,500,363,56,51,1,-1,-1,-1
455,70,1147,333,98,36,1,-1,-1,-1
455,73,922,862,130,165,1,-1,-1,-1
455,83,761,270,35,32,1,-1,-1,-1
455,87,980,259,34,36,1,-1,-1,-1
455,89,1107,291,40,40,1,-1,-1,-1
455,90,1092,274,60,33,1,-1,-1,-1
455,91,1064,243,36,30,1,-1,-1,-1
456,12,894,277,38,36,1,-1,-1,-1
456,44,1503,789,198,156,1,-1,-1,-1
456,50,1134,759,122,130,1,-1,-1,-1
456,51,1432,639,124,131,1,-1,-1,-1
456,52,1314,535,91,85,1,-1,-1,-1
456,53,1284,461,58,67,1,-1,-1,-1
456,54,1229,440,64,52,1,-1,-1,-1
456,58,196,567,120,95,1,-1,-1,-1
456,60,435,408,76,57,1,-1,-1,-1
456,64,1019,450,67,62,1,-1,-1,-1
456,65,1002,386,56,52,1,-1,-1,-1
456,66,1192,385,57,63,1,-1,-1,-1
456,67,999,324,40,40,1,-1,-1,-1
456,68,417,391,117,46,1,-1,-1,-1
456,69,498,364,57,51,1,-1,-1,-1
456,70,1148,334,98,36,1,-1,-1,-1
456,73,919,855,129,162,1,-1,-1,-1
456,83,760,271,35,32,1,-1,-1,-1
456,87,980,259,34,37,1,-1,-1,-1
456,89,1108,292,40,39,1,-1,-1,-1
456,90,1092,275,60,33,1,-1,-1,-1
456,91,1064,243,36,30,1,-1,-1,-1
457,12,894,275,38,37,1,-1,-1,-1
457,44,1509,796,201,160,1,-1,-1,-1
457,50,1136,765,124,133,1,-1,-1,-1
457,51,1437,643,124,133,1,-1,-1,-1
457,52,1317,538,92,86,1,-1,-1,-1
457,53,1286,463,58,68,1,-1,-1,-1
457,54,1231,442,64,52,1,-1,-1,-1
457,58,191,571,120,95,1,-1,-1,-1
457,60,432,410,77,57,1,-1,-1,-1
457,64,1019,452,67,62,1,-1,-1,-1
457,65,1002,387,56,53,1,-1,-1,-1
457,66,1193,386,57,64,1,-1,-1,-1
457,67,1000,325,39,40,1,-1,-1,-1
457,68,415,393,118,46,1,-1,-1,-1
457,69,495,366,58,51,1,-1,-1,-1
457,70,1148,335,99,36,1,-1,-1,-1
457,73,917,849,127,159,1,-1,-1,-1
457,83,759,271,36,32,1,-1,-1,-1
457,87,980,259,35,37,1,-1,-1,-1
457,89,1108,293,40,39,1,-1,-1,-1
457,90,1093,275,60,33,1,-1,-1,-1
457,91,1065,244,36,29,1,-1,-1,-1
458,12,895,274,37,36,1,-1,-1,-1
458,44,1515,803,204,163,1,-1,-1,-1
458,50,1138,772,125,134,1,-1,-1,-1
458,51,1441,648,126,134,1,-1,-1,-1
458,52,1319,541,93,87,1,-1,-1,-1
458,53,1288,465,59,69,1,-1,-1,-1
458,54,1233,444,64,53,1,-1,-1,-1
458,58,185,574,122,97,1,-1,-1,-1
458,60,429,411,78,57,1,-1,-1,-1
458,64,1020,454,67,63,1,-1,-1,-1
458,65,1003,388,56,53,1,-1,-1,-1
458,66,1194,387,58,65,1,-1,-1,-1
458,67,1000,326,40,40,1,-1,-1,-1
458,68,412,394,119,46,1,-1,-1,-1
458,69,493,367,58,51,1,-1,-1,-1
458,70,1149,335,99,37,1,-1,-1,-1
458,73,915,842,124,157,1,-1,-1,-1
458,82,490,320,82,35,1,-1,-1,-1
458,83,759,272,35,32,1,-1,-1,-1
458,87,980,260,35,37,1,-1,-1,-1
458,89,1109,293,40,40,1,-1,-1,-1
458,90,1093,276,60,33,1,-1,-1,-1
458,91,1065,244,36,30,1,-1,-1,-1
459,12,895,273,37,36,1,-1,-1,-1
459,44,1521,809,207,167,1,-1,-1,-1
459,50,1140,778,126,136,1,-1,-1,-1
459,51,1445,652,128,136,1,-1,-1,-1
459,52,1321,544,94,88,1,-1,-1,-1
459,53,1290,467,59,70,1,-1,-1,-1
459,54,1234,445,64,54,1,-1,-1,-1
459,58,179,578,124,98,1,-1,-1,-1
459,60,427,413,78,57,1,-1,-1,-1
459,64,1020,457,68,62,1,-1,-1,-1
459,65,1003,390,57,53,1,-1,-1,-1
459,66,1195,388,58,65,1,-1,-1,-1
459,67,1000,327,40,40,1,-1,-1,-1
459,68,409,395,120,47,1,-1,-1,-1
459,69,491,368,58,52,1,-1,-1,-1
459,70,1150,336,99,37,1,-1,-1,-1
459,73,912,835,123,155,1,-1,-1,-1
459,82,488,320,82,35,1,-1,-1,-1
459,83,758,272,36,32,1,-1,-1,-1
459,87,980,260,35,38,1,-1,-1,-1
459,89,1109,294,40,39,1,-1,-1,-1
459,90,1094,276,60,33,1,-1,-1,-1
459,91,1065,244,36,30,1,-1,-1,-1
460,12,895,272,37,36,1,-1,-1,-1
460,44,1527,816,210,170,1,-1,-1,-1
460,50,1142,785,127,138,1,-1,-1,-1
460,51,1450,657,129,137,1,-1,-1,-1
460,52,1324,547,94,88,1,-1,-1,-1
460,53,1293,470,59,70,1,-1,-1,-1
460,54,1235,447,65,54,1,-1,-1,-1
460,58,174,581,124,99,1,-1,-1,-1
460,60,424,414,79,58,1,-1,-1,-1
460,64,1021,459,68,62,1,-1,-1,-1
460,65,1003,391,57,54,1,-1,-1,-1
460,66,1196,389,58,66,1,-1,-1,-1
460,67,1001,329,40,39,1,-1,-1,-1
460,68,406,397,121,46,1,-1,-1,-1
460,69,489,369,59,52,1,-1,-1,-1
460,70,1150,337,100,37,1,-1,-1,-1
460,73,910,828,121,152,1,-1,-1,-1
460,82,487,321,82,35,1,-1,-1,-1
460,83,757,273,36,32,1,-1,-1,-1
460,87,981,261,34,37,1,-1,-1,-1
460,89,1110,295,40,39,1,-1,-1,-1
460,90,1094,276,60,34,1,-1,-1,-1
460,91,1065,245,36,30,1,-1,-1,-1
461,12,895,271,37,36,1,-1,-1,-1
461,44,1533,822,213,175,1,-1,-1,-1
461,50,1144,791,128,140,1,-1,-1,-1
461,51,1454,661,131,140,1,-1,-1,-1
461,52,1326,550,95,89,1,-1,-1,-1
461,53,1294,472,60,70,1,-1,-1,-1
461,54,1236,449,66,54,1,-1,-1,-1
461,58,168,585,126,100,1,-1,-1,-1
461,60,421,416,80,58,1,-1,-1,-1
461,64,1022,461,67,63,1,-1,-1,-1
461,65,1003,392,58,54,1,-1,-1,-1
461,66,1197,390,59,67,1,-1,-1,-1
461,67,1001,330,40,39,1,-1,-1,-1
461,68,404,398,121,47,1,-1,-1,-1
461,69,487,370,59,53,1,-1,-1,-1
461,70,1151,338,100,38,1,-1,-1,-1
461,73,907,821,119,150,1,-1,-1,-1
461,82,486,321,82,35,1,-1,-1,-1
461,83,757,273,36,33,1,-1,-1,-1
461,87,981,261,35,38,1,-1,-1,-1
461,89,1111,295,40,40,1,-1,-1,-1
461,90,1095,277,60,33,1,-1,-1,-1
461,91,1065,245,36,30,1,-1,-1,-1
462,12,895,269,37,36,1,-1,-1,-1
462,44,1539,829,216,178,1,-1,-1,-1
462,50,1147,798,129,142,1,-1,-1,-1
462,51,1458,666,132,141,1,-1,-1,-1
462,52,1329,553,96,90,1,-1,-1,-1
462,53,1296,474,60,70,1,-1,-1,-1
462,54,1238,450,66,55,1,-1,-1,-1
462,58,163,589,127,101,1,-1,-1,-1
462,60,419,417,80,59,1,-1,-1,-1
462,64,1022,463,68,63,1,-1,-1,-1
462,65,1003,393,59,55,1,-1,-1,-1
462,66,1198,392,59,66,1,-1,-1,-1
462,67,1001,331,41,39,1,-1,-1,-1
462,68,401,399,122,48,1,-1,-1,-1
462,69,485,372,59,52,1,-1,-1,-1
462,70,1152,338,100,39,1,-1,-1,-1
462,73,905,814,117,148,1,-1,-1,-1
462,82,485,322,82,35,1,-1,-1,-1
462,83,756,274,36,32,1,-1,-1,-1
462,87,981,261,35,39,1,-1,-1,-1
462,89,1111,296,40,39,1,-1,-1,-1
462,90,1096,277,60,33,1,-1,-1,-1
462,91,1066,246,36,29,1,-1,-1,-1
463,12,895,268,37,36,1,-1,-1,-1
463,44,1545,835,219,182,1,-1,-1,-1
463,50,1148,804,131,144,1,-1,-1,-1
463,51,1463,670,133,143,1,-1,-1,-1
463,52,1331,556,97,91,1,-1,-1,-1
463,53,1298,476,60,71,1,-1,-1,-1
463,54,1239,452,67,55,1,-1,-1,-1
463,58,156,592,128,102,1,-1,-1,-1
463,60,416,419,81,59,1,-1,-1,-1
463,64,1023,465,68,64,1,-1,-1,-1
463,65,1004,395,59,55,1,-1,-1,-1
463,66,1199,393,59,67,1,-1,-1,-1
463,67,1002,332,40,39,1,-1,-1,-1
463,68,398,401,123,47,1,-1,-1,-1
463,69,483,373,59,53,1,-1,-1,-1
463,70,1153,339,100,39,1,-1,-1,-1
463,73,903,808,115,145,1,-1,-1,-1
463,82,484,323,82,35,1,-1,-1,-1
463,83,755,274,37,33,1,-1,-1,-1
463,87,981,262,35,38,1,-1,-1,-1
463,89,1112,297,40,39,1,-1,-1,-1
463,90,1096,278,60,33,1,-1,-1,-1
463,91,1066,246,36,30,1,-1,-1,-1
464,12,895,267,37,36,1,-1,-1,-1
464,44,1551,842,222,185,1,-1,-1,-1
464,50,1150,811,133,145,1,-1,-1,-1
464,51,1467,675,135,144,1,-1,-1,-1
464,52,1333,559,98,91,1,-1,-1,-1
464,53,1300,478,60,71,1,-1,-1,-1
464,54,1240,454,67,55,1,-1,-1,-1
464,58,150,596,129,103,1,-1,-1,-1
464,60,414,421,81,59,1,-1,-1,-1
464,64,1023,468,69,63,1,-1,-1,-1
464,65,1004,396,59,55,1,-1,-1,-1
464,66,1200,394,60,68,1,-1,-1,-1
464,67,1002,333,40,39,1,-1,-1,-1
464,68,395,402,124,48,1,-1,-1,-1
464,69,480,374,61,53,1,-1,-1,-1
464,70,1153,340,101,39,1,-1,-1,-1
464,73,901,800,113,142,1,-1,-1,-1
464,82,482,323,83,35,1,-1,-1,-1
464,83,755,275,36,32,1,-1,-1,-1
464,87,981,262,35,39,1,-1,-1,-1
464,89,1112,297,40,40,1,-1,-1,-1
464,90,1097,278,60,33,1,-1,-1,-1
464,91,1066,246,36,30,1,-1,-1,-1
465,12,896,266,36,35,1,-1,-1,-1
465,44,1557,849,226,189,1,-1,-1,-1
465,50,1152,817,135,147,1,-1,-1,-1
465,51,1471,679,137,146,1,-1,-1,-1
465,52,1336,562,98,92,1,-1,-1,-1
465,53,1302,480,60,71,1,-1,-1,-1
465,54,1242,456,67,55,1,-1,-1,-1
465,58,144,599,130,104,1,-1,-1,-1
465,60,411,422,81,60,1,-1,-1,-1
465,64,1024,470,68,63,1,-1,-1,-1
465,65,1004,397,60,56,1,-1,-1,-1
465,66,1201,395,60,68,1,-1,-1,-1
465,67,1002,334,41,39,1,-1,-1,-1
465,68,393,403,124,49,1,-1,-1,-1
465,69,478,375,61,54,1,-1,-1,-1
465,70,1154,340,101,40,1,-1,-1,-1
465,73,899,792,111,140,1,-1,-1,-1
465,82,481,324,82,35,1,-1,-1,-1
465,83,754,275,37,33,1,-1,-1,-1
465,87,982,263,35,39,1,-1,-1,-1
465,88,1132,320,49,36,1,-1,-1,-1
465,89,1113,298,40,39,1,-1,-1,-1
465,90,1097,278,60,34,1,-1,-1,-1
465,91,1066,247,36,30,1,-1,-1,-1
466,12,896,265,36,35,1,-1,-1,-1
466,44,1562,856,230,189,1,-1,-1,-1
466,50,1154,824,137,148,1,-1,-1,-1
466,51,1476,684,137,147,1,-1,-1,-1
466,52,1338,565,99,93,1,-1,-1,-1
466,53,1303,482,61,72,1,-1,-1,-1
466,54,1243,457,68,56,1,-1,-1,-1
466,58,137,603,132,105,1,-1,-1,-1
466,60,408,424,82,60,1,-1,-1,-1
466,64,1024,472,69,64,1,-1,-1,-1
466,65,1004,398,61,56,1,-1,-1,-1
466,66,1202,396,60,69,1,-1,-1,-1
466,67,1003,335,40,39,1,-1,-1,-1
466,68,390,405,125,48,1,-1,-1,-1
466,69,476,376,61,55,1,-1,-1,-1
466,70,1155,341,101,40,1,-1,-1,-1
466,73,897,784,109,138,1,-1,-1,-1
466,82,480,324,82,35,1,-1,-1,-1
466,83,753,276,37,32,1,-1,-1,-1
466,87,981,263,35,39,1,-1,-1,-1
466,88,1132,320,49,36,1,-1,-1,-1
466,89,1113,299,40,39,1,-1,-1,-1
466,90,1098,279,60,33,1,-1,-1,-1
466,91,1066,247,36,30,1,-1,-1,-1
467,12,896,263,36,36,1,-1,-1,-1
467,44,1568,863,233,190,1,-1,-1,-1
467,50,1156,830,138,150,1,-1,-1,-1
467,51,1480,688,139,149,1,-1,-1,-1
467,52,1341,569,100,93,1,-1,-1,-1
467,53,1305,484,61,72,1,-1,-1,-1
467,54,1244,459,69,56,1,-1,-1,-1
467,58,131,606,133,107,1,-1,-1,-1
467,60,405,425,83,61,1,-1,-1,-1
467,64,1025,474,69,64,1,-1,-1,-1
467,65,1004,400,61,56,1,-1,-1,-1
467,66,1203,397,61,70,1,-1,-1,-1
467,67,1003,336,41,39,1,-1,-1,-1
467,68,387,406,126,49,1,-1,-1,-1
467,69,474,378,61,54,1,-1,-1,-1
467,70,1155,342,102,40,1,-1,-1,-1
467,73,895,777,107,135,1,-1,-1,-1
467,82,479,325,82,35,1,-1,-1,-1
467,83,753,276,37,33,1,-1,-1,-1
467,87,981,263,35,39,1,-1,-1,-1
467,88,1132,321,49,36,1,-1,-1,-1
467,89,1114,299,40,40,1,-1,-1,-1
467,90,1098,279,60,34,1,-1,-1,-1
467,91,1067,248,36,29,1,-1,-1,-1
468,12,896,262,36,35,1,-1,-1,-1
468,44,1574,870,236,190,1,-1,-1,-1
468,50,1158,837,140,151,1,-1,-1,-1
468,51,1484,693,141,150,1,-1,-1,-1
468,52,1343,572,101,93,1,-1,-1,-1
468,53,1307,486,61,72,1,-1,-1,-1
468,54,1246,461,69,56,1,-1,-1,-1
468,58,125,610,134,107,1,-1,-1,-1
468,60,402,427,84,61,1,-1,-1,-1
468,64,1026,477,69,64,1,-1,-1,-1
468,65,1004,401,62,56,1,-1,-1,-1
468,66,1204,399,61,70,1,-1,-1,-1
468,67,1003,337,41,39,1,-1,-1,-1
468,68,384,408,127,49,1,-1,-1,-1
468,69,472,379,61,55,1,-1,-1,-1
468,70,1156,343,102,40,1,-1,-1,-1
468,73,894,769,105,133,1,-1,-1,-1
468,82,478,326,82,35,1,-1,-1,-1
468,83,752,276,37,34,1,-1,-1,-1
468,87,981,263,35,39,1,-1,-1,-1
468,88,1133,322,48,36,1,-1,-1,-1
468,89,1115,300,40,39,1,-1,-1,-1
468,90,1099,280,60,33,1,-1,-1,-1
468,91,1067,248,36,30,1,-1,-1,-1
469,12,896,261,36,35,1,-1,-1,-1
469,44,1580,877,239,191,1,-1,-1,-1
469,50,1160,843,142,153,1,-1,-1,-1
469,51,1489,697,142,152,1,-1,-1,-1
469,52,1345,575,102,94,1,-1,-1,-1
469,53,1309,488,61,73,1,-1,-1,-1
469,54,1247,463,70,56,1,-1,-1,-1
469,58,119,614,135,108,1,-1,-1,-1
469,60,399,428,85,62,1,-1,-1,-1
469,64,1026,479,69,64,1,-1,-1,-1
469,65,1005,402,62,57,1,-1,-1,-1
469,66,1205,400,61,70,1,-1,-1,-1
469,67,1004,339,41,39,1,-1,-1,-1
469,68,382,409,127,49,1,-1,-1,-1
469,69,470,380,62,55,1,-1,-1,-1
469,70,1157,343,102,41,1,-1,-1,-1
469,73,892,761,103,131,1,-1,-1,-1
469,82,476,326,83,35,1,-1,-1,-1
469,83,751,277,38,33,1,-1,-1,-1
469,87,981,264,35,39,1,-1,-1,-1
469,88,1133,323,49,36,1,-1,-1,-1
469,89,1115,301,40,39,1,-1,-1,-1
469,90,1099,280,60,34,1,-1,-1,-1
469,91,1067,248,36,30,1,-1,-1,-1
470,12,896,260,36,35,1,-1,-1,-1
470,44,1586,884,237,184,1,-1,-1,-1
470,50,1162,850,144,155,1,-1,-1,-1
470,51,1493,702,143,153,1,-1,-1,-1
470,52,1348,578,102,95,1,-1,-1,-1
470,53,1311,490,61,73,1,-1,-1,-1
470,54,1248,464,70,57,1,-1,-1,-1
470,58,112,617,137,110,1,-1,-1,-1
470,60,397,430,84,62,1,-1,-1,-1
470,64,1026,481,69,65,1,-1,-1,-1
470,65,1005,403,62,58,1,-1,-1,-1
470,66,1206,401,62,71,1,-1,-1,-1
470,67,1003,339,42,40,1,-1,-1,-1
470,68,379,410,128,50,1,-1,-1,-1
470,69,468,381,62,56,1,-1,-1,-1
470,70,1157,344,103,41,1,-1,-1,-1
470,73,890,754,101,127,1,-1,-1,-1
470,82,475,327,83,35,1,-1,-1,-1
470,83,751,277,37,34,1,-1,-1,-1
470,87,980,264,35,39,1,-1,-1,-1
470,88,1133,323,49,37,1,-1,-1,-1
470,89,1116,301,40,40,1,-1,-1,-1
470,90,1100,280,60,34,1,-1,-1,-1
470,91,1067,249,36,29,1,-1,-1,-1
470,94,777,238,40,28,1,-1,-1,-1
471,12,897,259,35,35,1,-1,-1,-1
471,44,1592,891,235,177,1,-1,-1,-1
471,50,1163,857,146,156,1,-1,-1,-1
471,51,1497,706,145,155,1,-1,-1,-1
471,52,1350,581,103,95,1,-1,-1,-1
471,53,1312,492,62,73,1,-1,-1,-1
471,54,1249,466,71,57,1,-1,-1,-1
471,58,106,621,138,110,1,-1,-1,-1
471,60,394,431,85,63,1,-1,-1,-1
471,64,1026,483,70,65,1,-1,-1,-1
471,65,1005,405,63,57,1,-1,-1,-1
471,66,1207,402,62,72,1,-1,-1,-1
471,67,1003,340,42,40,1,-1,-1,-1
471,68,376,412,129,50,1,-1,-1,-1
471,69,465,382,63,56,1,-1,-1,-1
471,70,1158,345,103,41,1,-1,-1,-1
471,73,888,746,99,125,1,-1,-1,-1
471,82,474,327,83,35,1,-1,-1,-1
471,83,750,278,38,33,1,-1,-1,-1
471,87,980,264,35,39,1,-1,-1,-1
471,88,1134,324,48,37,1,-1,-1,-1
471,89,1116,302,40,39,1,-1,-1,-1
471,90,1101,281,60,33,1,-1,-1,-1
471,91,1067,249,36,30,1,-1,-1,-1
471,94,776,238,40,28,1,-1,-1,-1
472,12,897,258,35,35,1,-1,-1,-1
472,44,1598,899,233,169,1,-1,-1,-1
472,50,1165,863,148,158,1,-1,-1,-1
472,51,1502,711,146,156,1,-1,-1,-1
472,52,1353,584,104,96,1,-1,-1,-1
472,53,1314,494,62,74,1,-1,-1,-1
472,54,1251,468,71,57,1,-1,-1,-1
472,58,100,624,139,112,1,-1,-1,-1
472,60,391,433,86,63,1,-1,-1,-1
472,64,1026,485,70,66,1,-1,-1,-1
472,65,1005,406,64,58,1,-1,-1,-1
472,66,1208,403,62,72,1,-1,-1,-1
472,67,1003,341,42,40,1,-1,-1,-1
472,68,374,413,129,50,1,-1,-1,-1
472,69,463,384,63,56,1,-1,-1,-1
472,70,1159,346,103,42,1,-1,-1,-1
472,73,887,738,97,123,1,-1,-1,-1
472,82,473,328,82,35,1,-1,-1,-1
472,83,749,278,38,34,1,-1,-1,-1
472,87,980,264,35,39,1,-1,-1,-1
472,88,1134,325,49,37,1,-1,-1,-1
472,89,1117,302,40,40,1,-1,-1,-1
472,90,1101,281,60,34,1,-1,-1,-1
472,91,1068,250,36,29,1,-1,-1,-1
472,94,775,239,40,28,1,-1,-1,-1
473,12,897,257,35,35,1,-1,-1,-1
473,44,1604,906,232,163,1,-1,-1,-1
473,50,1167,870,150,159,1,-1,-1,-1
473,51,1506,715,148,158,1,-1,-1,-1
473,52,1355,587,105,97,1,-1,-1,-1
473,53,1316,497,62,73,1,-1,-1,-1
473,54,1252,470,72,57,1,-1,-1,-1
473,58,94,628,140,113,1,-1,-1,-1
473,60,388,434,87,64,1,-1,-1,-1
473,64,1026,487,70,67,1,-1,-1,-1
473,65,1005,407,64,58,1,-1,-1,-1
473,66,1209,404,63,73,1,-1,-1,-1
473,67,1003,342,42,40,1,-1,-1,-1
473,68,371,414,130,51,1,-1,-1,-1
473,69,461,385,64,56,1,-1,-1,-1
473,70,1160,346,103,43,1,-1,-1,-1
473,73,885,731,95,120,1,-1,-1,-1
473,82,472,329,82,35,1,-1,-1,-1
473,83,749,279,38,34,1,-1,-1,-1
473,87,980,265,35,39,1,-1,-1,-1
473,88,1134,326,49,37,1,-1,-1,-1
473,89,1117,303,40,40,1,-1,-1,-1
473,90,1102,282,60,33,1,-1,-1,-1
473,91,1068,250,36,30,1,-1,-1,-1
473,94,775,239,40,28,1,-1,-1,-1
474,12,897,256,35,35,1,-1,-1,-1
474,44,1610,914,230,155,1,-1,-1,-1
474,50,1169,876,152,161,1,-1,-1,-1
474,51,1511,720,149,160,1,-1,-1,-1
474,52,1357,590,106,98,1,-1,-1,-1
474,53,1318,499,62,74,1,-1,-1,-1
474,54,1253,471,73,58,1,-1,-1,-1
474,58,87,631,142,114,1,-1,-1,-1
474,60,385,436,88,64,1,-1,-1,-1
474,64,1026,489,71,67,1,-1,-1,-1
474,65,1005,408,65,59,1,-1,-1,-1
474,66,1210,405,63,74,1,-1,-1,-1
474,67,1002,343,44,40,1,-1,-1,-1
474,68,368,416,131,51,1,-1,-1,-1
474,69,459,386,64,57,1,-1,-1,-1
474,70,1160,347,104,43,1,-1,-1,-1
474,73,883,723,93,118,1,-1,-1,-1
474,82,470,329,83,35,1,-1,-1,-1
474,83,748,279,38,34,1,-1,-1,-1
474,87,980,265,35,39,1,-1,-1,-1
474,88,1135,326,48,38,1,-1,-1,-1
474,89,1118,304,40,39,1,-1,-1,-1
474,90,1102,282,60,34,1,-1,-1,-1
474,91,1068,251,36,29,1,-1,-1,-1
474,94,774,240,40,28,1,-1,-1,-1
475,12,897,255,35,35,1,-1,-1,-1
475,44,1616,921,228,148,1,-1,-1,-1
475,50,1171,883,153,162,1,-1,-1,-1
475,51,1514,726,151,161,1,-1,-1,-1
475,52,1360,593,106,98,1,-1,-1,-1
475,53,1320,501,62,74,1,-1,-1,-1
475,54,1255,473,73,58,1,-1,-1,-1
475,58,81,635,143,115,1,-1,-1,-1
475,60,383,438,88,64,1,-1,-1,-1
475,64,1026,491,71,68,1,-1,-1,-1
475,65,1006,410,65,59,1,-1,-1,-1
475,66,1211,407,63,73,1,-1,-1,-1
475,67,1002,344,44,40,1,-1,-1,-1
475,68,365,417,132,51,1,-1,-1,-1
475,69,457,387,64,57,1,-1,-1,-1
475,70,1161,348,104,43,1,-1,-1,-1
475,73,881,715,91,116,1,-1,-1,-1
475,82,469,330,83,35,1,-1,-1,-1
475,83,747,280,39,34,1,-1,-1,-1
475,87,979,265,35,39,1,-1,-1,-1
475,88,1135,327,49,38,1,-1,-1,-1
475,89,1119,304,40,40,1,-1,-1,-1
475,90,1103,282,60,34,1,-1,-1,-1
475,91,1068,251,36,29,1,-1,-1,-1
475,94,774,240,40,28,1,-1,-1,-1
476,12,897,254,35,35,1,-1,-1,-1
476,50,1173,889,155,164,1,-1,-1,-1
476,51,1518,732,153,162,1,-1,-1,-1
476,52,1362,596,107,99,1,-1,-1,-1
476,53,1321,503,63,74,1,-1,-1,-1
476,54,1256,475,73,58,1,-1,-1,-1
476,58,75,639,144,116,1,-1,-1,-1
476,60,380,439,88,65,1,-1,-1,-1
476,64,1026,494,72,68,1,-1,-1,-1
476,65,1005,411,66,59,1,-1,-1,-1
476,66,1212,408,64,74,1,-1,-1,-1
476,67,1002,344,44,41,1,-1,-1,-1
476,68,363,418,132,52,1,-1,-1,-1
476,69,455,388,64,58,1,-1,-1,-1
476,70,1162,348,104,44,1,-1,-1,-1
476,73,880,708,89,113,1,-1,-1,-1
476,82,468,330,83,35,1,-1,-1,-1
476,83,747,280,38,34,1,-1,-1,-1
476,87,979,265,35,40,1,-1,-1,-1
476,88,1136,328,48,38,1,-1,-1,-1
476,89,1119,305,40,40,1,-1,-1,-1
476,90,1103,283,60,34,1,-1,-1,-1
476,91,1068,251,36,30,1,-1,-1,-1
476,94,773,241,40,28,1,-1,-1,-1
477,12,897,254,35,35,1,-1,-1,-1
477,50,1175,896,157,165,1,-1,-1,-1
477,51,1522,738,155,164,1,-1,-1,-1
477,52,1365,599,108,100,1,-1,-1,-1
477,53,1323,505,63,75,1,-1,-1,-1
477,54,1257,477,74,58,1,-1,-1,-1
477,58,68,642,146,117,1,-1,-1,-1
477,60,377,441,89,65,1,-1,-1,-1
477,64,1026,496,72,68,1,-1,-1,-1
477,65,1005,413,66,59,1,-1,-1,-1
477,66,1213,409,64,75,1,-1,-1,-1
477,67,1002,345,44,41,1,-1,-1,-1
477,68,360,420,133,52,1,-1,-1,-1
477,69,453,390,65,58,1,-1,-1,-1
477,70,1162,349,105,44,1,-1,-1,-1
477,73,879,701,89,112,1,-1,-1,-1
477,82,467,331,83,35,1,-1,-1,-1
477,83,746,281,39,34,1,-1,-1,-1
477,87,979,266,35,39,1,-1,-1,-1
477,88,1136,329,48,38,1,-1,-1,-1
477,89,1120,306,40,39,1,-1,-1,-1
477,90,1104,283,60,34,1,-1,-1,-1
477,91,1069,252,36,29,1,-1,-1,-1
478,12,897,253,35,35,1,-1,-1,-1
478,50,1177,903,159,167,1,-1,-1,-1
478,51,1526,745,157,164,1,-1,-1,-1
478,52,1367,602,109,101,1,-1,-1,-1
478,53,1325,507,63,75,1,-1,-1,-1
478,54,1259,478,74,59,1,-1,-1,-1
478,58,62,646,147,118,1,-1,-1,-1
478,60,374,442,90,66,1,-1,-1,-1
478,64,1026,498,72,69,1,-1,-1,-1
478,65,1005,414,66,60,1,-1,-1,-1
478,66,1214,410,64,75,1,-1,-1,-1
478,67,1001,346,45,41,1,-1,-1,-1
478,68,357,421,134,52,1,-1,-1,-1
478,69,450,391,66,58,1,-1,-1,-1
478,70,1163,350,105,44,1,-1,-1,-1
478,73,879,695,88,110,1,-1,-1,-1
478,82,466,332,83,35,1,-1,-1,-1
478,83,745,281,39,34,1,-1,-1,-1
478,87,979,266,35,39,1,-1,-1,-1
478,88,1136,329,48,39,1,-1,-1,-1
478,89,1120,306,40,40,1,-1,-1,-1
478,90,1105,284,60,34,1,-1,-1,-1
478,91,1069,252,36,30,1,-1,-1,-1
479,12,897,252,35,35,1,-1,-1,-1
479,50,1178,911,159,159,1,-1,-1,-1
479,51,1530,751,159,165,1,-1,-1,-1
479,52,1369,605,110,101,1,-1,-1,-1
479,53,1327,509,63,75,1,-1,-1,-1
479,54,1260,480,75,59,1,-1,-1,-1
479,58,56,649,148,120,1,-1,-1,-1
479,60,371,444,91,66,1,-1,-1,-1
479,64,1026,500,73,69,1,-1,-1,-1
479,65,1005,416,66,60,1,-1,-1,-1
479,66,1215,411,65,76,1,-1,-1,-1
479,67,1001,347,46,41,1,-1,-1,-1
479,68,354,423,135,52,1,-1,-1,-1
479,69,448,392,66,59,1,-1,-1,-1
479,70,1164,351,105,44,1,-1,-1,-1
479,73,879,688,88,109,1,-1,-1,-1
479,82,464,333,83,35,1,-1,-1,-1
479,83,745,282,39,34,1,-1,-1,-1
479,87,978,266,35,39,1,-1,-1,-1
479,88,1137,330,48,39,1,-1,-1,-1
479,89,1121,307,40,40,1,-1,-1,-1
479,90,1105,284,60,34,1,-1,-1,-1
479,91,1069,253,36,29,1,-1,-1,-1
480,12,897,251,35,35,1,-1,-1,-1
480,50,1179,920,159,150,1,-1,-1,-1
480,51,1534,757,161,167,1,-1,-1,-1
480,52,1372,608,110,102,1,-1,-1,-1
480,53,1329,511,63,76,1,-1,-1,-1
480,54,1261,482,76,59,1,-1,-1,-1
480,58,50,653,149,120,1,-1,-1,-1
480,60,368,445,92,67,1,-1,-1,-1
480,64,1026,502,73,70,1,-1,-1,-1
480,65,1005,417,66,61,1,-1,-1,-1
480,66,1216,412,65,77,1,-1,-1,-1
480,67,1001,348,46,41,1,-1,-1,-1
480,68,352,424,135,53,1,-1,-1,-1
480,69,445,394,67,58,1,-1,-1,-1
480,70,1164,351,106,45,1,-1,-1,-1
480,73,879,682,87,107,1,-1,-1,-1
480,82,462,334,83,35,1,-1,-1,-1
480,83,744,282,39,35,1,-1,-1,-1
480,87,978,266,35,40,1,-1,-1,-1
480,88,1137,331,48,39,1,-1,-1,-1
480,89,1121,308,40,39,1,-1,-1,-1
480,90,1105,285,60,34,1,-1,-1,-1
480,91,1069,253,36,29,1,-1,-1,-1
481,12,897,250,35,35,1,-1,-1,-1
481,50,1180,928,159,142,1,-1,-1,-1
481,51,1538,763,163,168,1,-1,-1,-1
481,52,1374,611,111,103,1,-1,-1,-1
481,53,1330,513,64,76,1,-1,-1,-1
481,54,1263,484,76,60,1,-1,-1,-1
481,58,43,656,151,122,1,-1,-1,-1
481,60,366,447,91,67,1,-1,-1,-1
481,64,1026,504,74,71,1,-1,-1,-1
481,65,1005,419,66,61,1,-1,-1,-1
481,66,1218,414,65,77,1,-1,-1,-1
481,67,1001,349,46,41,1,-1,-1,-1
481,68,349,425,136,53,1,-1,-1,-1
481,69,443,395,67,59,1,-1,-1,-1
481,70,1165,352,106,45,1,-1,-1,-1
481,73,879,675,86,106,1,-1,-1,-1
481,82,460,335,83,35,1,-1,-1,-1
481,83,743,283,40,34,1,-1,-1,-1
481,87,978,267,35,39,1,-1,-1,-1
481,88,1137,332,48,38,1,-1,-1,-1
481,89,1122,308,40,40,1,-1,-1,-1
481,90,1105,286,60,34,1,-1,-1,-1
481,91,1069,253,36,30,1,-1,-1,-1
482,12,897,249,35,35,1,-1,-1,-1
482,50,1181,937,159,133,1,-1,-1,-1
482,51,1542,770,165,168,1,-1,-1,-1
482,52,1377,615,112,103,1,-1,-1,-1
482,53,1332,515,64,76,1,-1,-1,-1
482,54,1264,486,76,60,1,-1,-1,-1
482,58,37,660,152,123,1,-1,-1,-1
482,60,363,448,92,68,1,-1,-1,-1
482,64,1026,506,74,71,1,-1,-1,-1
482,65,1004,420,67,61,1,-1,-1,-1
482,66,1218,415,65,77,1,-1,-1,-1
482,67,1000,349,47,42,1,-1,-1,-1
482,68,346,427,137,53,1,-1,-1,-1
482,69,441,397,67,59,1,-1,-1,-1
482,70,1166,353,106,45,1,-1,-1,-1
482,73,879,669,86,105,1,-1,-1,-1
482,82,459,336,83,35,1,-1,-1,-1
482,83,743,283,39,35,1,-1,-1,-1
482,87,978,267,35,39,1,-1,-1,-1
482,88,1138,333,48,38,1,-1,-1,-1
482,89,1123,309,40,40,1,-1,-1,-1
482,90,1106,287,59,34,1,-1,-1,-1
482,91,1070,254,36,29,1,-1,-1,-1
483,12,897,249,35,35,1,-1,-1,-1
483,50,1182,946,159,124,1,-1,-1,-1
483,51,1545,776,168,170,1,-1,-1,-1
483,52,1379,618,113,104,1,-1,-1,-1
483,53,1334,517,64,77,1,-1,-1,-1
483,54,1265,488,76,61,1,-1,-1,-1
483,58,31,664,153,123,1,-1,-1,-1
483,60,360,450,93,68,1,-1,-1,-1
483,64,1026,508,74,72,1,-1,-1,-1
483,65,1004,422,68,61,1,-1,-1,-1
483,66,1219,417,65,77,1,-1,-1,-1
483,67,1000,350,47,42,1,-1,-1,-1
483,68,343,428,138,54,1,-1,-1,-1
483,69,438,398,68,59,1,-1,-1,-1
483,70,1167,354,106,46,1,-1,-1,-1
483,73,879,662,85,104,1,-1,-1,-1
483,82,457,337,83,35,1,-1,-1,-1
483,83,742,284,40,34,1,-1,-1,-1
483,87,978,267,35,40,1,-1,-1,-1
483,88,1138,333,48,39,1,-1,-1,-1
483,89,1123,310,40,39,1,-1,-1,-1
483,90,1106,287,60,34,1,-1,-1,-1
483,91,1070,254,36,29,1,-1,-1,-1
484,12,897,248,35,35,1,-1,-1,-1
484,50,1183,954,159,116,1,-1,-1,-1
484,51,1549,782,170,171,1,-1,-1,-1
484,52,1381,622,114,105,1,-1,-1,-1
484,53,1336,519,64,77,1,-1,-1,-1
484,54,1266,490,77,61,1,-1,-1,-1
484,58,25,667,154,125,1,-1,-1,-1
484,60,357,451,94,69,1,-1,-1,-1
484,64,1026,511,75,72,1,-1,-1,-1
484,65,1004,423,68,62,1,-1,-1,-1
484,66,1220,419,65,77,1,-1,-1,-1
484,67,1000,351,48,42,1,-1,-1,-1
484,68,341,429,138,54,1,-1,-1,-1
484,69,436,399,68,60,1,-1,-1,-1
484,70,1167,355,106,46,1,-1,-1,-1
484,73,879,656,84,102,1,-1,-1,-1
484,82,455,338,83,36,1,-1,-1,-1
484,83,741,284,40,35,1,-1,-1,-1
484,87,977,267,35,40,1,-1,-1,-1
484,88,1138,334,48,39,1,-1,-1,-1
484,89,1124,310,40,40,1,-1,-1,-1
484,90,1106,288,60,34,1,-1,-1,-1
484,91,1070,255,36,29,1,-1,-1,-1
485,12,897,247,35,35,1,-1,-1,-1
485,50,1184,963,159,107,1,-1,-1,-1
485,51,1553,788,172,172,1,-1,-1,-1
485,52,1383,626,115,106,1,-1,-1,-1
485,53,1338,522,64,77,1,-1,-1,-1
485,54,1267,493,77,61,1,-1,-1,-1
485,58,18,671,156,126,1,-1,-1,-1
485,60,354,453,95,69,1,-1,-1,-1
485,64,1026,513,75,72,1,-1,-1,-1
485,65,1004,425,68,62,1,-1,-1,-1
485,66,1221,421,65,76,1,-1,-1,-1
485,67,1000,352,48,42,1,-1,-1,-1
485,68,338,431,139,54,1,-1,-1,-1
485,69,433,401,69,59,1,-1,-1,-1
485,70,1167,356,107,46,1,-1,-1,-1
485,73,879,649,84,101,1,-1,-1,-1
485,82,454,339,83,36,1,-1,-1,-1
485,83,741,285,40,35,1,-1,-1,-1
485,87,977,268,35,39,1,-1,-1,-1
485,88,1139,335,48,39,1,-1,-1,-1
485,89,1124,311,40,40,1,-1,-1,-1
485,90,1106,289,60,34,1,-1,-1,-1
485,91,1070,255,36,29,1,-1,-1,-1
486,12,897,246,35,35,1,-1,-1,-1
486,50,1185,971,159,99,1,-1,-1,-1
486,51,1557,795,174,173,1,-1,-1,-1
486,52,1385,630,116,107,1,-1,-1,-1
486,53,1339,524,64,78,1,-1,-1,-1
486,54,1268,495,78,62,1,-1,-1,-1
486,58,12,674,157,127,1,-1,-1,-1
486,60,352,455,95,69,1,-1,-1,-1
486,64,1026,515,76,73,1,-1,-1,-1
486,65,1004,426,68,63,1,-1,-1,-1
486,66,1221,423,66,76,1,-1,-1,-1
486,67,999,353,49,42,1,-1,-1,-1
486,68,335,432,140,55,1,-1,-1,-1
486,69,431,402,69,60,1,-1,-1,-1
486,70,1168,357,107,46,1,-1,-1,-1
486,73,879,643,83,99,1,-1,-1,-1
486,82,452,340,83,36,1,-1,-1,-1
486,83,740,285,40,35,1,-1,-1,-1
486,87,977,268,35,39,1,-1,-1,-1
486,88,1139,336,48,39,1,-1,-1,-1
486,89,1125,312,40,39,1,-1,-1,-1
486,90,1107,290,59,34,1,-1,-1,-1
486,91,1070,255,36,30,1,-1,-1,-1
487,12,897,245,35,35,1,-1,-1,-1
487,50,1186,980,159,90,1,-1,-1,-1
487,51,1561,801,176,174,1,-1,-1,-1
487,52,1388,633,116,109,1,-1,-1,-1
487,53,1341,527,64,79,1,-1,-1,-1
487,54,1269,497,78,62,1,-1,-1,-1
487,58,6,678,158,128,1,-1,-1,-1
487,60,348,456,96,70,1,-1,-1,-1
487,64,1026,517,76,74,1,-1,-1,-1
487,65,1004,428,68,63,1,-1,-1,-1
487,66,1222,424,66,77,1,-1,-1,-1
487,67,999,354,49,42,1,-1,-1,-1
487,68,333,433,140,55,1,-1,-1,-1
487,69,429,404,69,60,1,-1,-1,-1
487,70,1168,358,107,46,1,-1,-1,-1
487,73,879,637,83,98,1,-1,-1,-1
487,82,450,341,83,36,1,-1,-1,-1
487,83,739,286,40,35,1,-1,-1,-1
487,87,977,268,35,40,1,-1,-1,-1
487,88,1140,336,47,40,1,-1,-1,-1
487,89,1125,312,40,40,1,-1,-1,-1
487,90,1107,290,60,34,1,-1,-1,-1
487,91,1071,256,36,29,1,-1,-1,-1
487,94,770,246,41,28,1,-1,-1,-1
488,12,897,244,35,35,1,-1,-1,-1
488,50,1187,989,159,81,1,-1,-1,-1
488,51,1565,807,177,175,1,-1,-1,-1
488,52,1390,637,117,110,1,-1,-1,-1
488,53,1342,530,65,79,1,-1,-1,-1
488,54,1270,500,78,62,1,-1,-1,-1
488,60,345,458,96,70,1,-1,-1,-1
488,64,1026,519,76,74,1,-1,-1,-1
488,65,1003,430,69,62,1,-1,-1,-1
488,66,1223,426,66,76,1,-1,-1,-1
488,67,999,354,49,43,1,-1,-1,-1
488,68,330,435,141,55,1,-1,-1,-1
488,69,426,405,70,60,1,-1,-1,-1
488,70,1169,359,107,46,1,-1,-1,-1
488,73,878,631,83,96,1,-1,-1,-1
488,82,448,342,83,36,1,-1,-1,-1
488,83,739,286,40,36,1,-1,-1,-1
488,87,976,268,35,40,1,-1,-1,-1
488,88,1140,337,47,40,1,-1,-1,-1
488,89,1126,313,40,40,1,-1,-1,-1
488,90,1107,291,60,34,1,-1,-1,-1
488,91,1071,256,36,29,1,-1,-1,-1
488,94,768,246,41,28,1,-1,-1,-1
489,12,897,244,35,35,1,-1,-1,-1
489,50,1188,997,159,73,1,-1,-1,-1
489,51,1569,814,179,176,1,-1,-1,-1
489,52,1392,641,118,111,1,-1,-1,-1
489,53,1344,532,65,81,1,-1,-1,-1
489,54,1271,502,79,63,1,-1,-1,-1
489,60,342,460,97,71,1,-1,-1,-1
489,64,1026,521,77,75,1,-1,-1,-1
489,65,1003,431,69,63,1,-1,-1,-1
489,66,1224,428,66,76,1,-1,-1,-1
489,67,999,355,50,43,1,-1,-1,-1
489,68,327,436,142,56,1,-1,-1,-1
489,69,424,406,71,61,1,-1,-1,-1
489,70,1169,361,108,45,1,-1,-1,-1
489,73,878,625,82,95,1,-1,-1,-1
489,82,447,343,83,37,1,-1,-1,-1
489,83,738,287,40,35,1,-1,-1,-1
489,87,976,269,35,39,1,-1,-1,-1
489,88,1140,338,48,40,1,-1,-1,-1
489,89,1127,314,40,40,1,-1,-1,-1
489,90,1108,292,59,34,1,-1,-1,-1
489,91,1071,257,36,29,1,-1,-1,-1
489,94,766,246,41,28,1,-1,-1,-1
490,12,897,243,35,35,1,-1,-1,-1
490,50,1189,1006,159,64,1,-1,-1,-1
490,51,1573,820,181,177,1,-1,-1,-1
490,52,1394,645,119,112,1,-1,-1,-1
490,53,1345,535,66,81,1,-1,-1,-1
490,54,1272,504,79,63,1,-1,-1,-1
490,60,339,462,97,71,1,-1,-1,-1
490,64,1026,523,77,75,1,-1,-1,-1
490,65,1003,433,69,63,1,-1,-1,-1
490,66,1225,430,66,76,1,-1,-1,-1
490,67,998,356,51,43,1,-1,-1,-1
490,68,324,438,143,55,1,-1,-1,-1
490,69,421,408,72,60,1,-1,-1,-1
490,70,1170,362,107,46,1,-1,-1,-1
490,73,878,620,81,93,1,-1,-1,-1
490,82,445,344,83,37,1,-1,-1,-1
490,83,737,288,40,35,1,-1,-1,-1
490,87,976,269,35,39,1,-1,-1,-1
490,88,1141,339,47,40,1,-1,-1,-1
490,89,1127,314,40,40,1,-1,-1,-1
490,90,1108,293,59,34,1,-1,-1,-1
490,91,1071,257,36,29,1,-1,-1,-1
490,94,765,247,41,28,1,-1,-1,-1
491,12,897,242,35,35,1,-1,-1,-1
491,51,1577,826,183,178,1,-1,-1,-1
491,52,1396,649,120,113,1,-1,-1,-1
491,53,1347,538,66,82,1,-1,-1,-1
491,54,1273,506,80,64,1,-1,-1,-1
491,60,336,464,97,72,1,-1,-1,-1
491,64,1026,526,78,75,1,-1,-1,-1
491,65,1003,434,70,64,1,-1,-1,-1
491,66,1225,432,67,75,1,-1,-1,-1
491,67,998,357,51,43,1,-1,-1,-1
491,68,322,439,143,56,1,-1,-1,-1
491,69,419,409,72,61,1,-1,-1,-1
491,70,1170,363,108,46,1,-1,-1,-1
491,73,878,614,80,91,1,-1,-1,-1
491,82,443,345,83,37,1,-1,-1,-1
491,83,737,288,40,36,1,-1,-1,-1
491,87,976,269,35,40,1,-1,-1,-1
491,88,1141,339,47,41,1,-1,-1,-1
491,89,1127,315,40,40,1,-1,-1,-1
491,90,1108,293,60,34,1,-1,-1,-1
491,91,1072,258,36,29,1,-1,-1,-1
491,94,763,247,41,28,1,-1,-1,-1
492,12,897,241,35,35,1,-1,-1,-1
492,51,1580,832,186,180,1,-1,-1,-1
492,52,1399,652,121,115,1,-1,-1,-1
492,53,1348,540,67,84,1,-1,-1,-1
492,54,1274,509,80,63,1,-1,-1,-1
492,60,332,466,99,72,1,-1,-1,-1
492,64,1026,528,78,76,1,-1,-1,-1
492,65,1003,436,70,64,1,-1,-1,-1
492,66,1226,433,67,76,1,-1,-1,-1
492,67,998,358,51,43,1,-1,-1,-1
492,68,319,440,144,57,1,-1,-1,-1
492,69,417,411,72,61,1,-1,-1,-1
492,70,1170,364,109,46,1,-1,-1,-1
492,73,878,608,79,90,1,-1,-1,-1
492,82,442,346,83,37,1,-1,-1,-1
492,83,736,289,40,36,1,-1,-1,-1
492,87,976,269,35,40,1,-1,-1,-1
492,88,1141,340,48,41,1,-1,-1,-1
492,89,1127,316,41,40,1,-1,-1,-1
492,90,1108,294,60,34,1,-1,-1,-1
492,91,1072,258,36,29,1,-1,-1,-1
492,94,762,248,41,28,1,-1,-1,-1
493,12,897,240,35,35,1,-1,-1,-1
493,51,1584,839,188,180,1,-1,-1,-1
493,52,1401,656,122,116,1,-1,-1,-1
493,53,1350,543,67,84,1,-1,-1,-1
493,54,1275,511,80,64,1,-1,-1,-1
493,60,329,468,99,73,1,-1,-1,-1
493,64,1026,530,78,76,1,-1,-1,-1
493,65,1003,437,70,65,1,-1,-1,-1
493,66,1227,435,67,76,1,-1,-1,-1
493,67,998,359,52,44,1,-1,-1,-1
493,68,316,442,145,56,1,-1,-1,-1
493,69,414,412,73,61,1,-1,-1,-1
493,70,1171,365,108,46,1,-1,-1,-1
493,73,878,603,79,88,1,-1,-1,-1
493,82,440,347,83,37,1,-1,-1,-1
493,83,735,290,41,35,1,-1,-1,-1
493,87,975,270,35,39,1,-1,-1,-1
493,88,1142,341,47,41,1,-1,-1,-1
493,89,1127,316,41,40,1,-1,-1,-1
493,90,1109,295,59,34,1,-1,-1,-1
493,91,1072,258,36,30,1,-1,-1,-1
493,94,764,247,41,28,1,-1,-1,-1
494,12,897,239,35,35,1,-1,-1,-1
494,51,1588,845,190,181,1,-1,-1,-1
494,52,1403,660,123,117,1,-1,-1,-1
494,53,1351,546,68,85,1,-1,-1,-1
494,54,1276,513,81,65,1,-1,-1,-1
494,60,326,469,99,74,1,-1,-1,-1
494,64,1026,532,79,77,1,-1,-1,-1
494,65,1002,439,71,64,1,-1,-1,-1
494,66,1228,437,67,75,1,-1,-1,-1
494,67,997,359,52,44,1,-1,-1,-1
494,68,313,443,146,57,1,-1,-1,-1
494,69,412,413,73,62,1,-1,-1,-1
494,70,1171,366,109,46,1,-1,-1,-1
494,73,879,598,79,87,1,-1,-1,-1
494,82,438,348,83,38,1,-1,-1,-1
494,83,735,290,40,36,1,-1,-1,-1
494,87,975,270,35,40,1,-1,-1,-1
494,88,1142,342,47,41,1,-1,-1,-1
494,89,1127,317,41,40,1,-1,-1,-1
494,90,1109,296,59,34,1,-1,-1,-1
494,91,1072,259,36,29,1,-1,-1,-1
494,94,766,248,41,28,1,-1,-1,-1
495,12,897,239,35,35,1,-1,-1,-1
495,51,1592,851,192,183,1,-1,-1,-1
495,52,1405,664,124,118,1,-1,-1,-1
495,53,1353,548,68,86,1,-1,-1,-1
495,54,1277,516,81,64,1,-1,-1,-1
495,60,323,471,100,75,1,-1,-1,-1
495,64,1026,534,79,78,1,-1,-1,-1
495,65,1002,440,71,65,1,-1,-1,-1
495,66,1228,439,67,75,1,-1,-1,-1
495,67,996,360,53,44,1,-1,-1,-1
495,68,311,444,146,58,1,-1,-1,-1
495,69,409,415,74,61,1,-1,-1,-1
495,70,1172,368,109,45,1,-1,-1,-1
495,73,881,594,78,85,1,-1,-1,-1
495,82,436,349,83,38,1,-1,-1,-1
495,83,734,291,40,36,1,-1,-1,-1
495,87,975,270,35,40,1,-1,-1,-1
495,88,1143,343,47,41,1,-1,-1,-1
495,89,1127,318,42,40,1,-1,-1,-1
495,90,1109,296,60,34,1,-1,-1,-1
495,91,1072,259,36,30,1,-1,-1,-1
495,94,768,249,41,28,1,-1,-1,-1
496,12,897,238,35,35,1,-1,-1,-1
496,51,1596,857,194,184,1,-1,-1,-1
496,52,1407,668,125,119,1,-1,-1,-1
496,53,1354,551,69,87,1,-1,-1,-1
496,54,1278,518,82,65,1,-1,-1,-1
496,60,320,473,100,75,1,-1,-1,-1
496,64,1026,536,80,78,1,-1,-1,-1
496,65,1002,442,71,65,1,-1,-1,-1
496,66,1229,441,67,75,1,-1,-1,-1
496,67,995,360,54,45,1,-1,-1,-1
496,68,308,446,147,57,1,-1,-1,-1
496,69,407,416,74,62,1,-1,-1,-1
496,70,1172,369,109,45,1,-1,-1,-1
496,73,883,590,77,83,1,-1,-1,-1
496,82,435,350,83,38,1,-1,-1,-1
496,83,733,292,41,35,1,-1,-1,-1
496,87,975,270,35,40,1,-1,-1,-1
496,88,1143,343,47,42,1,-1,-1,-1
496,89,1128,319,41,40,1,-1,-1,-1
496,90,1109,297,60,34,1,-1,-1,-1
496,91,1072,260,36,29,1,-1,-1,-1
496,94,770,251,41,28,1,-1,-1,-1
497,12,897,237,35,35,1,-1,-1,-1
497,51,1600,864,196,184,1,-1,-1,-1
497,52,1410,671,125,121,1,-1,-1,-1
497,53,1356,554,69,88,1,-1,-1,-1
497,54,1279,520,82,66,1,-1,-1,-1
497,60,316,475,101,76,1,-1,-1,-1
497,64,1026,538,80,79,1,-1,-1,-1
497,65,1002,443,71,66,1,-1,-1,-1
497,66,1230,443,67,74,1,-1,-1,-1
497,67,995,361,54,45,1,-1,-1,-1
497,68,305,447,148,58,1,-1,-1,-1
497,69,405,418,74,62,1,-1,-1,-1
497,70,1173,370,109,46,1,-1,-1,-1
497,73,885,585,77,82,1,-1,-1,-1
497,82,433,351,83,38,1,-1,-1,-1
497,83,733,292,40,36,1,-1,-1,-1
497,87,974,271,35,39,1,-1,-1,-1
497,88,1143,344,48,42,1,-1,-1,-1
497,89,1128,319,41,40,1,-1,-1,-1
497,90,1110,298,59,34,1,-1,-1,-1
497,91,1072,260,36,30,1,-1,-1,-1
497,94,769,251,41,28,1,-1,-1,-1
498,12,897,237,35,34,1,-1,-1,-1
498,51,1604,870,198,186,1,-1,-1,-1
498,52,1412,675,126,122,1,-1,-1,-1
498,53,1357,556,70,89,1,-1,-1,-1
498,54,1280,523,82,65,1,-1,-1,-1
498,60,313,477,102,76,1,-1,-1,-1
498,64,1026,540,80,79,1,-1,-1,-1
498,65,1002,445,71,66,1,-1,-1,-1
498,66,1231,444,67,75,1,-1,-1,-1
498,67,994,361,54,45,1,-1,-1,-1
498,68,303,449,148,58,1,-1,-1,-1
498,69,402,419,75,62,1,-1,-1,-1
498,70,1173,371,110,46,1,-1,-1,-1
498,73,887,581,76,80,1,-1,-1,-1
498,82,431,352,83,38,1,-1,-1,-1
498,83,732,293,41,36,1,-1,-1,-1
498,87,974,271,35,40,1,-1,-1,-1
498,88,1144,345,48,42,1,-1,-1,-1
498,89,1128,320,42,40,1,-1,-1,-1
498,90,1110,299,59,34,1,-1,-1,-1
498,91,1072,260,36,30,1,-1,-1,-1
498,94,768,252,41,28,1,-1,-1,-1
499,12,897,236,35,34,1,-1,-1,-1
499,51,1608,876,200,187,1,-1,-1,-1
499,52,1414,679,127,123,1,-1,-1,-1
499,53,1359,559,70,89,1,-1,-1,-1
499,54,1281,525,83,66,1,-1,-1,-1
499,60,310,479,102,77,1,-1,-1,-1
499,64,1026,543,81,79,1,-1,-1,-1
499,65,1002,447,72,66,1,-1,-1,-1
499,66,1232,446,67,75,1,-1,-1,-1
499,67,993,362,55,45,1,-1,-1,-1
499,68,299,450,149,59,1,-1,-1,-1
499,69,400,420,75,63,1,-1,-1,-1
499,70,1173,372,110,46,1,-1,-1,-1
499,73,889,577,75,78,1,-1,-1,-1
499,82,430,353,83,39,1,-1,-1,-1
499,83,732,294,40,36,1,-1,-1,-1
499,87,974,271,35,40,1,-1,-1,-1
499,88,1144,346,48,42,1,-1,-1,-1
499,89,1128,321,42,40,1,-1,-1,-1
499,90,1110,299,60,34,1,-1,-1,-1
499,91,1072,261,36,30,1,-1,-1,-1
499,94,767,252,41,28,1,-1,-1,-1
500,12,897,236,35,33,1,-1,-1,-1
500,51,1612,883,202,188,1,-1,-1,-1
500,52,1416,683,128,124,1,-1,-1,-1
500,53,1361,561,70,90,1,-1,-1,-1
500,54,1282,527,83,66,1,-1,-1,-1
500,60,307,481,102,77,1,-1,-1,-1
500,64,1026,545,81,80,1,-1,-1,-1
500,65,1002,448,72,67,1,-1,-1,-1
500,66,1232,448,68,74,1,-1,-1,-1
500,67,993,363,55,45,1,-1,-1,-1
500,68,296,452,149,59,1,-1,-1,-1
500,69,397,422,76,62,1,-1,-1,-1
500,70,1174,374,110,45,1,-1,-1,-1
500,73,891,573,75,76,1,-1,-1,-1
500,82,427,354,84,38,1,-1,-1,-1
500,83,731,294,40,36,1,-1,-1,-1
500,87,974,271,35,40,1,-1,-1,-1
500,88,1144,347,49,42,1,-1,-1,-1
500,89,1128,322,42,39,1,-1,-1,-1
500,90,1111,300,59,34,1,-1,-1,-1
500,91,1072,261,36,30,1,-1,-1,-1
500,94,766,253,41,28,1,-1,-1,-1
501,12,897,235,35,33,1,-1,-1,-1
501,51,1616,889,204,181,1,-1,-1,-1
501,52,1419,687,129,125,1,-1,-1,-1
501,53,1362,564,71,90,1,-1,-1,-1
501,54,1283,529,84,67,1,-1,-1,-1
501,60,304,482,103,79,1,-1,-1,-1
501,64,1026,547,82,80,1,-1,-1,-1
501,65,1002,450,72,67,1,-1,-1,-1
501,66,1233,450,68,74,1,-1,-1,-1
501,67,992,363,56,46,1,-1,-1,-1
501,68,293,454,150,59,1,-1,-1,-1
501,69,395,423,77,63,1,-1,-1,-1
501,70,1174,375,111,45,1,-1,-1,-1
501,73,892,568,74,75,1,-1,-1,-1
501,82,424,355,86,38,1,-1,-1,-1
501,83,730,295,41,36,1,-1,-1,-1
501,87,974,272,35,40,1,-1,-1,-1
501,88,1145,348,49,43,1,-1,-1,-1
501,89,1128,322,43,40,1,-1,-1,-1
501,90,1111,301,59,34,1,-1,-1,-1
501,91,1072,262,36,30,1,-1,-1,-1
501,94,765,253,41,28,1,-1,-1,-1
502,12,897,234,35,33,1,-1,-1,-1
502,51,1620,896,206,174,1,-1,-1,-1
502,52,1421,691,130,126,1,-1,-1,-1
502,53,1364,567,71,90,1,-1,-1,-1
502,54,1284,532,84,67,1,-1,-1,-1
502,60,300,484,104,79,1,-1,-1,-1
502,64,1026,549,82,81,1,-1,-1,-1
502,65,1002,452,72,67,1,-1,-1,-1
502,66,1234,452,68,74,1,-1,-1,-1
502,67,991,364,56,45,1,-1,-1,-1
502,68,290,456,150,59,1,-1,-1,-1
502,69,393,425,77,63,1,-1,-1,-1
502,70,1175,376,110,45,1,-1,-1,-1
502,73,893,563,74,75,1,-1,-1,-1
502,82,422,356,86,38,1,-1,-1,-1
502,83,730,295,40,37,1,-1,-1,-1
502,87,973,272,35,40,1,-1,-1,-1
502,88,1145,349,49,43,1,-1,-1,-1
502,89,1128,323,43,40,1,-1,-1,-1
502,90,1111,302,59,34,1,-1,-1,-1
502,91,1073,262,35,30,1,-1,-1,-1
502,94,764,254,41,28,1,-1,-1,-1
503,12,897,234,35,32,1,-1,-1,-1
503,52,1424,695,131,128,1,-1,-1,-1
503,53,1366,569,71,91,1,-1,-1,-1
503,54,1285,534,84,67,1,-1,-1,-1
503,60,297,486,104,80,1,-1,-1,-1
503,64,1026,551,82,82,1,-1,-1,-1
503,65,1002,453,72,68,1,-1,-1,-1
503,66,1235,453,68,74,1,-1,-1,-1
503,67,990,364,57,46,1,-1,-1,-1
503,68,286,457,152,60,1,-1,-1,-1
503,69,390,426,78,63,1,-1,-1,-1
503,70,1175,377,111,45,1,-1,-1,-1
503,73,894,558,74,75,1,-1,-1,-1
503,82,419,357,88,38,1,-1,-1,-1
503,83,729,296,41,36,1,-1,-1,-1
503,87,973,272,35,40,1,-1,-1,-1
503,88,1145,350,50,43,1,-1,-1,-1
503,89,1129,324,42,40,1,-1,-1,-1
503,90,1111,302,60,34,1,-1,-1,-1
503,91,1073,262,35,31,1,-1,-1,-1
503,94,763,254,41,28,1,-1,-1,-1
504,12,897,233,35,32,1,-1,-1,-1
504,52,1426,700,133,128,1,-1,-1,-1
504,53,1367,572,72,91,1,-1,-1,-1
504,54,1286,536,85,68,1,-1,-1,-1
504,60,294,488,105,80,1,-1,-1,-1
504,64,1026,553,83,82,1,-1,-1,-1
504,65,1002,455,72,68,1,-1,-1,-1
504,66,1235,455,69,74,1,-1,-1,-1
504,67,990,365,57,46,1,-1,-1,-1
504,68,283,459,152,60,1,-1,-1,-1
504,69,388,427,78,64,1,-1,-1,-1
504,70,1176,378,111,46,1,-1,-1,-1
504,73,895,554,73,74,1,-1,-1,-1
504,82,417,358,88,38,1,-1,-1,-1
504,83,728,297,41,36,1,-1,-1,-1
504,87,973,272,35,40,1,-1,-1,-1
504,88,1146,350,50,44,1,-1,-1,-1
504,89,1129,325,43,39,1,-1,-1,-1
504,90,1112,303,59,34,1,-1,-1,-1
504,91,1073,263,35,30,1,-1,-1,-1
504,94,762,254,41,28,1,-1,-1,-1
505,12,897,233,35,31,1,-1,-1,-1
505,52,1429,704,134,130,1,-1,-1,-1
505,53,1369,575,72,91,1,-1,-1,-1
505,54,1287,539,85,68,1,-1,-1,-1
505,60,291,490,105,81,1,-1,-1,-1
505,64,1026,555,83,83,1,-1,-1,-1
505,65,1002,457,72,68,1,-1,-1,-1
505,66,1236,457,69,74,1,-1,-1,-1
505,67,989,366,58,46,1,-1,-1,-1
505,68,280,461,153,60,1,-1,-1,-1
505,69,385,429,79,63,1,-1,-1,-1
505,70,1176,379,111,46,1,-1,-1,-1
505,73,896,549,73,74,1,-1,-1,-1
505,82,414,359,90,38,1,-1,-1,-1
505,83,728,297,40,37,1,-1,-1,-1
505,87,973,272,35,40,1,-1,-1,-1
505,88,1146,351,50,44,1,-1,-1,-1
505,89,1129,325,43,40,1,-1,-1,-1
505,90,1112,304,59,34,1,-1,-1,-1
505,91,1073,263,35,31,1,-1,-1,-1
505,94,761,255,41,28,1,-1,-1,-1
506,12,897,232,35,32,1,-1,-1,-1
506,52,1432,709,135,130,1,-1,-1,-1
506,53,1371,577,72,92,1,-1,-1,-1
506,54,1288,541,86,68,1,-1,-1,-1
506,60,288,492,105,81,1,-1,-1,-1
506,64,1027,558,83,83,1,-1,-1,-1
506,65,1002,458,73,69,1,-1,-1,-1
506,66,1237,459,69,73,1,-1,-1,-1
506,67,988,366,58,46,1,-1,-1,-1
506,68,277,463,153,60,1,-1,-1,-1
506,69,383,430,79,64,1,-1,-1,-1
506,70,1176,381,112,45,1,-1,-1,-1
506,73,897,544,73,74,1,-1,-1,-1
506,82,412,360,90,37,1,-1,-1,-1
506,83,727,298,41,37,1,-1,-1,-1
506,87,973,273,35,39,1,-1,-1,-1
506,88,1147,352,50,45,1,-1,-1,-1
506,89,1129,326,43,40,1,-1,-1,-1
506,90,1112,305,59,34,1,-1,-1,-1
506,91,1073,264,35,30,1,-1,-1,-1
506,94,760,255,41,28,1,-1,-1,-1
507,12,897,231,35,32,1,-1,-1,-1
507,52,1434,713,137,132,1,-1,-1,-1
507,53,1372,580,73,92,1,-1,-1,-1
507,54,1289,543,86,69,1,-1,-1,-1
507,60,285,494,106,82,1,-1,-1,-1
507,64,1027,560,83,84,1,-1,-1,-1
507,65,1002,460,73,69,1,-1,-1,-1
507,66,1238,461,69,73,1,-1,-1,-1
507,67,988,367,58,46,1,-1,-1,-1
507,68,274,465,154,60,1,-1,-1,-1
507,69,381,432,79,64,1,-1,-1,-1
507,70,1177,382,112,45,1,-1,-1,-1
507,73,898,540,73,73,1,-1,-1,-1
507,82,409,361,92,37,1,-1,-1,-1
507,83,726,299,41,36,1,-1,-1,-1
507,84,761,254,35,32,1,-1,-1,-1
507,87,972,273,35,39,1,-1,-1,-1
507,88,1147,353,51,45,1,-1,-1,-1
507,89,1129,327,44,39,1,-1,-1,-1
507,90,1113,306,59,34,1,-1,-1,-1
507,91,1073,264,35,31,1,-1,-1,-1
508,12,897,231,35,31,1,-1,-1,-1
508,52,1437,718,138,132,1,-1,-1,-1
508,53,1374,583,73,92,1,-1,-1,-1
508,54,1290,546,87,69,1,-1,-1,-1
508,60,281,496,107,82,1,-1,-1,-1
508,64,1027,562,84,85,1,-1,-1,-1
508,65,1002,462,73,69,1,-1,-1,-1
508,66,1239,463,69,73,1,-1,-1,-1
508,67,987,367,59,47,1,-1,-1,-1
508,68,270,466,155,61,1,-1,-1,-1
508,69,378,433,80,64,1,-1,-1,-1
508,70,1177,383,112,45,1,-1,-1,-1
508,73,899,537,72,72,1,-1,-1,-1
508,82,407,362,93,37,1,-1,-1,-1
508,83,726,299,41,37,1,-1,-1,-1
508,84,760,252,35,34,1,-1,-1,-1
508,87,972,273,35,39,1,-1,-1,-1
508,88,1147,354,52,45,1,-1,-1,-1
508,89,1129,328,44,39,1,-1,-1,-1
508,90,1113,306,59,34,1,-1,-1,-1
508,91,1073,264,35,31,1,-1,-1,-1
509,12,897,230,35,31,1,-1,-1,-1
509,52,1440,722,139,134,1,-1,-1,-1
509,53,1376,585,73,93,1,-1,-1,-1
509,54,1291,548,88,69,1,-1,-1,-1
509,60,278,498,108,82,1,-1,-1,-1
509,64,1027,565,85,85,1,-1,-1,-1
509,65,1002,463,73,70,1,-1,-1,-1
509,66,1240,464,69,74,1,-1,-1,-1
509,67,986,368,60,47,1,-1,-1,-1
509,68,267,468,156,61,1,-1,-1,-1
509,69,376,434,80,65,1,-1,-1,-1
509,70,1178,384,112,45,1,-1,-1,-1
509,73,900,534,72,72,1,-1,-1,-1
509,82,404,363,94,37,1,-1,-1,-1
509,83,725,300,41,37,1,-1,-1,-1
509,84,759,251,35,35,1,-1,-1,-1
509,87,972,273,35,39,1,-1,-1,-1
509,88,1148,355,51,45,1,-1,-1,-1
509,89,1129,328,44,40,1,-1,-1,-1
509,90,1113,307,59,34,1,-1,-1,-1
509,91,1073,265,35,31,1,-1,-1,-1
510,12,897,230,35,30,1,-1,-1,-1
510,52,1442,726,140,136,1,-1,-1,-1
510,53,1378,588,73,93,1,-1,-1,-1
510,54,1292,550,89,70,1,-1,-1,-1
510,60,275,500,109,83,1,-1,-1,-1
510,64,1028,567,85,86,1,-1,-1,-1
510,65,1002,465,73,70,1,-1,-1,-1
510,66,1241,466,69,74,1,-1,-1,-1
510,67,986,369,60,47,1,-1,-1,-1
510,68,264,470,156,61,1,-1,-1,-1
510,69,373,436,81,64,1,-1,-1,-1
510,70,1178,385,113,45,1,-1,-1,-1
510,73,901,531,72,72,1,-1,-1,-1
510,82,401,364,96,37,1,-1,-1,-1
510,83,724,301,41,36,1,-1,-1,-1
510,84,759,250,35,36,1,-1,-1,-1
510,87,972,273,35,40,1,-1,-1,-1
510,88,1148,356,52,45,1,-1,-1,-1
510,89,1130,329,44,40,1,-1,-1,-1
510,90,1114,307,59,34,1,-1,-1,-1
510,91,1073,265,35,31,1,-1,-1,-1
511,12,897,229,35,30,1,-1,-1,-1
511,52,1445,731,141,136,1,-1,-1,-1
511,53,1379,591,74,93,1,-1,-1,-1
511,54,1293,552,90,71,1,-1,-1,-1
511,60,272,502,109,83,1,-1,-1,-1
511,64,1028,570,86,86,1,-1,-1,-1
511,65,1002,467,73,70,1,-1,-1,-1
511,66,1242,468,70,74,1,-1,-1,-1
511,67,984,368,60,47,1,-1,-1,-1
511,68,261,472,157,61,1,-1,-1,-1
511,69,371,437,81,65,1,-1,-1,-1
511,70,1179,387,113,45,1,-1,-1,-1
511,73,902,529,71,70,1,-1,-1,-1
511,82,399,365,96,37,1,-1,-1,-1
511,83,724,301,41,37,1,-1,-1,-1
511,84,758,250,35,36,1,-1,-1,-1
511,87,972,274,35,39,1,-1,-1,-1
511,88,1148,357,53,45,1,-1,-1,-1
511,89,1130,330,44,39,1,-1,-1,-1
511,90,1114,308,59,34,1,-1,-1,-1
511,91,1073,266,35,31,1,-1,-1,-1
512,12,897,228,35,30,1,-1,-1,-1
512,52,1448,735,142,138,1,-1,-1,-1
512,53,1381,593,74,94,1,-1,-1,-1
512,54,1294,554,91,72,1,-1,-1,-1
512,60,269,504,110,84,1,-1,-1,-1
512,64,1028,572,86,87,1,-1,-1,-1
512,65,1002,468,74,71,1,-1,-1,-1
512,66,1243,469,70,75,1,-1,-1,-1
512,67,983,368,60,47,1,-1,-1,-1
512,68,258,474,157,61,1,-1,-1,-1
512,69,369,439,82,65,1,-1,-1,-1
512,70,1179,388,114,45,1,-1,-1,-1
512,73,903,526,71,70,1,-1,-1,-1
512,82,396,366,98,36,1,-1,-1,-1
512,83,723,302,41,37,1,-1,-1,-1
512,84,758,251,35,36,1,-1,-1,-1
512,87,971,274,35,39,1,-1,-1,-1
512,88,1149,357,52,47,1,-1,-1,-1
512,89,1130,331,44,39,1,-1,-1,-1
512,90,1114,308,59,34,1,-1,-1,-1
512,91,1073,266,35,31,1,-1,-1,-1
512,97,962,226,30,27,1,-1,-1,-1
513,12,897,228,35,29,1,-1,-1,-1
513,52,1450,740,144,138,1,-1,-1,-1
513,53,1383,596,74,94,1,-1,-1,-1
513,54,1295,556,92,73,1,-1,-1,-1
513,60,266,506,111,84,1,-1,-1,-1
513,64,1028,574,87,88,1,-1,-1,-1
513,65,1002,470,74,71,1,-1,-1,-1
513,66,1244,471,70,76,1,-1,-1,-1
513,67,982,367,60,47,1,-1,-1,-1
513,68,254,475,159,62,1,-1,-1,-1
513,69,366,440,83,65,1,-1,-1,-1
513,70,1180,389,114,45,1,-1,-1,-1
513,73,904,523,71,70,1,-1,-1,-1
513,82,394,367,98,36,1,-1,-1,-1
513,83,723,303,41,37,1,-1,-1,-1
513,84,757,252,35,35,1,-1,-1,-1
513,87,971,274,35,39,1,-1,-1,-1
513,88,1149,358,53,47,1,-1,-1,-1
513,89,1130,331,45,40,1,-1,-1,-1
513,90,1115,309,59,34,1,-1,-1,-1
513,91,1074,267,35,31,1,-1,-1,-1
513,97,962,226,30,27,1,-1,-1,-1
514,12,897,227,35,29,1,-1,-1,-1
514,52,1453,744,145,140,1,-1,-1,-1
514,53,1384,599,75,94,1,-1,-1,-1
514,54,1296,558,93,74,1,-1,-1,-1
514,60,263,508,111,85,1,-1,-1,-1
514,64,1029,577,87,89,1,-1,-1,-1
514,65,1002,472,74,71,1,-1,-1,-1
514,66,1245,473,71,76,1,-1,-1,-1
514,67,981,367,59,47,1,-1,-1,-1
514,68,251,477,159,62,1,-1,-1,-1
514,69,364,441,83,66,1,-1,-1,-1
514,70,1181,390,114,45,1,-1,-1,-1
514,73,905,520,70,69,1,-1,-1,-1
514,82,391,368,100,36,1,-1,-1,-1
514,83,722,303,41,37,1,-1,-1,-1
514,84,757,252,35,36,1,-1,-1,-1
514,87,971,274,35,39,1,-1,-1,-1
514,88,1149,359,54,47,1,-1,-1,-1
514,89,1130,332,45,39,1,-1,-1,-1
514,90,1115,309,59,34,1,-1,-1,-1
514,91,1074,267,35,32,1,-1,-1,-1
514,97,962,226,30,27,1,-1,-1,-1
515,12,897,227,35,28,1,-1,-1,-1
515,52,1455,749,147,140,1,-1,-1,-1
515,53,1386,601,75,95,1,-1,-1,-1
515,54,1298,560,94,74,1,-1,-1,-1
515,60,259,510,113,85,1,-1,-1,-1
515,64,1029,579,88,90,1,-1,-1,-1
515,65,1002,474,74,71,1,-1,-1,-1
515,66,1246,474,71,77,1,-1,-1,-1
515,67,980,366,59,47,1,-1,-1,-1
515,68,248,479,160,62,1,-1,-1,-1
515,69,362,443,83,66,1,-1,-1,-1
515,70,1181,391,115,46,1,-1,-1,-1
515,73,907,518,69,68,1,-1,-1,-1
515,82,389,369,100,36,1,-1,-1,-1
515,83,721,304,41,37,1,-1,-1,-1
515,84,757,253,35,35,1,-1,-1,-1
515,87,971,275,35,38,1,-1,-1,-1
515,88,1150,360,53,47,1,-1,-1,-1
515,89,1130,333,45,39,1,-1,-1,-1
515,90,1116,310,59,34,1,-1,-1,-1
515,91,1074,267,35,32,1,-1,-1,-1
515,97,962,226,30,27,1,-1,-1,-1
516,12,897,226,35,28,1,-1,-1,-1
516,52,1458,753,148,142,1,-1,-1,-1
516,53,1388,604,75,95,1,-1,-1,-1
516,54,1299,562,95,75,1,-1,-1,-1
516,60,256,512,114,86,1,-1,-1,-1
516,64,1029,582,89,90,1,-1,-1,-1
516,65,1002,475,74,72,1,-1,-1,-1
516,66,1247,476,72,77,1,-1,-1,-1
516,67,979,366,59,47,1,-1,-1,-1
516,68,245,481,160,62,1,-1,-1,-1
516,69,359,444,84,67,1,-1,-1,-1
516,70,1182,393,116,45,1,-1,-1,-1
516,73,908,515,69,68,1,-1,-1,-1
516,82,386,370,102,36,1,-1,-1,-1
516,83,721,304,41,38,1,-1,-1,-1
516,84,756,254,35,35,1,-1,-1,-1
516,87,971,275,35,38,1,-1,-1,-1
516,88,1150,361,54,47,1,-1,-1,-1
516,89,1130,334,46,39,1,-1,-1,-1
516,90,1116,310,59,34,1,-1,-1,-1
516,91,1074,268,35,32,1,-1,-1,-1
516,97,962,227,30,27,1,-1,-1,-1
517,12,898,226,35,28,1,-1,-1,-1
517,52,1461,758,149,142,1,-1,-1,-1
517,53,1389,607,76,95,1,-1,-1,-1
517,54,1300,564,96,76,1,-1,-1,-1
517,60,253,514,114,86,1,-1,-1,-1
517,64,1029,584,89,91,1,-1,-1,-1
517,65,1002,477,74,72,1,-1,-1,-1
517,66,1248,478,72,78,1,-1,-1,-1
517,67,978,366,59,47,1,-1,-1,-1
517,68,242,483,161,62,1,-1,-1,-1
517,69,357,446,84,67,1,-1,-1,-1
517,70,1183,394,116,45,1,-1,-1,-1
517,73,909,512,68,67,1,-1,-1,-1
517,82,384,371,103,36,1,-1,-1,-1
517,83,720,305,41,38,1,-1,-1,-1
517,84,756,254,35,35,1,-1,-1,-1
517,87,970,275,35,38,1,-1,-1,-1
517,88,1151,362,54,48,1,-1,-1,-1
517,89,1131,334,45,40,1,-1,-1,-1
517,90,1116,311,59,34,1,-1,-1,-1
517,91,1074,268,35,32,1,-1,-1,-1
517,97,962,227,30,27,1,-1,-1,-1
518,12,898,225,34,28,1,-1,-1,-1
518,52,1463,762,150,144,1,-1,-1,-1
518,53,1391,609,76,96,1,-1,-1,-1
518,54,1301,566,97,77,1,-1,-1,-1
518,60,250,516,115,87,1,-1,-1,-1
518,64,1030,586,89,92,1,-1,-1,-1
518,65,1002,479,74,72,1,-1,-1,-1
518,66,1249,480,72,78,1,-1,-1,-1
518,67,977,365,58,47,1,-1,-1,-1
518,68,238,484,162,63,1,-1,-1,-1
518,69,355,447,84,67,1,-1,-1,-1
518,70,1184,395,116,45,1,-1,-1,-1
518,73,910,509,68,67,1,-1,-1,-1
518,82,381,371,104,37,1,-1,-1,-1
518,83,719,306,42,37,1,-1,-1,-1
518,84,756,255,35,35,1,-1,-1,-1
518,87,970,275,35,39,1,-1,-1,-1
518,88,1151,363,55,48,1,-1,-1,-1
518,89,1131,335,45,39,1,-1,-1,-1
518,90,1117,311,59,34,1,-1,-1,-1
518,91,1074,269,35,32,1,-1,-1,-1
518,97,962,227,30,27,1,-1,-1,-1
519,12,898,224,34,28,1,-1,-1,-1
519,52,1466,766,151,146,1,-1,-1,-1
519,53,1393,612,76,96,1,-1,-1,-1
519,54,1302,568,98,78,1,-1,-1,-1
519,60,247,518,116,87,1,-1,-1,-1
519,64,1030,589,90,92,1,-1,-1,-1
519,65,1002,480,75,73,1,-1,-1,-1
519,66,1250,481,73,79,1,-1,-1,-1
519,67,976,365,58,47,1,-1,-1,-1
519,68,235,486,163,63,1,-1,-1,-1
519,69,352,448,85,68,1,-1,-1,-1
519,70,1184,396,117,46,1,-1,-1,-1
519,73,911,507,68,66,1,-1,-1,-1
519,82,379,372,104,37,1,-1,-1,-1
519,83,719,306,41,38,1,-1,-1,-1
519,84,755,256,35,34,1,-1,-1,-1
519,87,970,275,35,39,1,-1,-1,-1
519,88,1151,364,55,48,1,-1,-1,-1
519,89,1131,336,46,39,1,-1,-1,-1
519,90,1117,312,59,34,1,-1,-1,-1
519,91,1074,269,35,32,1,-1,-1,-1
519,97,962,228,30,27,1,-1,-1,-1
520,12,898,224,34,27,1,-1,-1,-1
520,52,1469,771,152,146,1,-1,-1,-1
520,53,1395,615,77,97,1,-1,-1,-1
520,54,1303,570,99,79,1,-1,-1,-1
520,60,244,520,116,88,1,-1,-1,-1
520,64,1030,591,91,93,1,-1,-1,-1
520,65,1002,482,75,73,1,-1,-1,-1
520,66,1251,483,73,79,1,-1,-1,-1
520,67,975,364,58,47,1,-1,-1,-1
520,68,232,488,163,63,1,-1,-1,-1
520,69,350,450,86,68,1,-1,-1,-1
520,70,1185,397,117,46,1,-1,-1,-1
520,73,912,504,68,66,1,-1,-1,-1
520,82,377,373,105,38,1,-1,-1,-1
520,83,718,307,42,38,1,-1,-1,-1
520,84,755,256,35,35,1,-1,-1,-1
520,87,970,276,35,38,1,-1,-1,-1
520,88,1152,364,55,49,1,-1,-1,-1
520,89,1131,337,46,39,1,-1,-1,-1
520,90,1118,313,59,34,1,-1,-1,-1
520,91,1074,269,35,33,1,-1,-1,-1
520,97,962,228,30,27,1,-1,-1,-1
521,12,898,223,34,28,1,-1,-1,-1
521,52,1471,775,154,148,1,-1,-1,-1
521,53,1397,617,77,98,1,-1,-1,-1
521,54,1305,573,100,79,1,-1,-1,-1
521,60,241,522,117,88,1,-1,-1,-1
521,64,1031,594,91,94,1,-1,-1,-1
521,65,1002,484,75,73,1,-1,-1,-1
521,66,1252,485,74,79,1,-1,-1,-1
521,67,974,364,58,47,1,-1,-1,-1
521,68,229,490,164,63,1,-1,-1,-1
521,69,348,451,86,69,1,-1,-1,-1
521,70,1186,399,118,45,1,-1,-1,-1
521,73,913,501,67,65,1,-1,-1,-1
521,82,375,374,105,38,1,-1,-1,-1
521,83,717,308,42,38,1,-1,-1,-1
521,84,755,257,35,34,1,-1,-1,-1
521,87,970,276,35,38,1,-1,-1,-1
521,88,1152,365,56,49,1,-1,-1,-1
521,89,1131,337,46,39,1,-1,-1,-1
521,90,1118,313,59,34,1,-1,-1,-1
521,91,1074,270,35,32,1,-1,-1,-1
521,97,962,228,30,27,1,-1,-1,-1
522,12,898,222,33,28,1,-1,-1,-1
522,52,1474,780,155,148,1,-1,-1,-1
522,53,1399,620,78,99,1,-1,-1,-1
522,54,1306,575,101,80,1,-1,-1,-1
522,60,238,524,118,89,1,-1,-1,-1
522,64,1031,597,91,95,1,-1,-1,-1
522,65,1002,485,75,74,1,-1,-1,-1
522,66,1253,486,74,81,1,-1,-1,-1
522,67,973,364,57,47,1,-1,-1,-1
522,68,226,492,164,63,1,-1,-1,-1
522,69,345,453,87,69,1,-1,-1,-1
522,70,1186,400,119,46,1,-1,-1,-1
522,73,914,498,67,65,1,-1,-1,-1
522,82,372,375,106,38,1,-1,-1,-1
522,83,717,308,42,39,1,-1,-1,-1
522,84,754,258,35,34,1,-1,-1,-1
522,87,969,276,35,38,1,-1,-1,-1
522,88,1152,366,56,49,1,-1,-1,-1
522,89,1131,338,47,39,1,-1,-1,-1
522,90,1118,314,59,34,1,-1,-1,-1
522,91,1074,270,35,33,1,-1,-1,-1
522,97,962,229,30,27,1,-1,-1,-1
523,12,898,222,33,27,1,-1,-1,-1
523,52,1477,784,156,150,1,-1,-1,-1
523,53,1401,623,78,100,1,-1,-1,-1
523,54,1308,578,101,80,1,-1,-1,-1
523,60,233,526,119,89,1,-1,-1,-1
523,64,1031,600,92,96,1,-1,-1,-1
523,65,1002,487,75,74,1,-1,-1,-1
523,66,1254,488,74,81,1,-1,-1,-1
523,67,972,363,57,47,1,-1,-1,-1
523,68,222,493,166,64,1,-1,-1,-1
523,69,343,454,87,69,1,-1,-1,-1
523,70,1187,401,119,46,1,-1,-1,-1
523,73,916,496,66,64,1,-1,-1,-1
523,82,370,375,107,40,1,-1,-1,-1
523,83,716,309,42,38,1,-1,-1,-1
523,84,754,259,35,33,1,-1,-1,-1
523,87,969,276,35,38,1,-1,-1,-1
523,88,1153,367,56,50,1,-1,-1,-1
523,89,1131,339,47,39,1,-1,-1,-1
523,90,1119,314,59,34,1,-1,-1,-1
523,91,1074,271,35,32,1,-1,-1,-1
523,97,962,229,30,27,1,-1,-1,-1
524,12,898,221,33,28,1,-1,-1,-1
524,52,1479,789,158,150,1,-1,-1,-1
524,53,1404,626,78,101,1,-1,-1,-1
524,54,1309,581,102,81,1,-1,-1,-1
524,60,229,528,119,90,1,-1,-1,-1
524,64,1031,604,92,96,1,-1,-1,-1
524,65,1002,489,75,74,1,-1,-1,-1
524,66,1256,490,74,81,1,-1,-1,-1
524,67,971,363,57,47,1,-1,-1,-1
524,68,219,495,166,64,1,-1,-1,-1
524,69,341,455,87,70,1,-1,-1,-1
524,70,1188,402,119,46,1,-1,-1,-1
524,73,917,493,65,63,1,-1,-1,-1
524,82,368,376,107,40,1,-1,-1,-1
524,83,715,310,43,38,1,-1,-1,-1
524,84,754,259,35,34,1,-1,-1,-1
524,87,969,277,35,37,1,-1,-1,-1
524,88,1153,368,57,50,1,-1,-1,-1
524,89,1132,340,47,39,1,-1,-1,-1
524,90,1119,315,59,34,1,-1,-1,-1
524,91,1075,271,34,33,1,-1,-1,-1
524,97,962,229,30,27,1,-1,-1,-1
525,12,898,220,33,28,1,-1,-1,-1
525,52,1482,793,159,152,1,-1,-1,-1
525,53,1406,629,78,102,1,-1,-1,-1
525,54,1311,584,102,81,1,-1,-1,-1
525,60,225,531,120,90,1,-1,-1,-1
525,64,1031,607,93,97,1,-1,-1,-1
525,65,1002,490,76,75,1,-1,-1,-1
525,66,1257,492,74,81,1,-1,-1,-1
525,67,970,362,57,47,1,-1,-1,-1
525,68,216,497,167,64,1,-1,-1,-1
525,69,338,457,88,70,1,-1,-1,-1
525,70,1189,403,119,46,1,-1,-1,-1
525,73,918,490,65,63,1,-1,-1,-1
525,82,366,377,108,41,1,-1,-1,-1
525,83,715,310,42,39,1,-1,-1,-1
525,84,753,260,35,33,1,-1,-1,-1
525,87,969,277,35,37,1,-1,-1,-1
525,88,1153,369,57,50,1,-1,-1,-1
525,89,1132,341,47,39,1,-1,-1,-1
525,90,1119,315,59,34,1,-1,-1,-1
525,91,1075,271,34,33,1,-1,-1,-1
525,97,962,230,30,27,1,-1,-1,-1
526,12,899,220,31,27,1,-1,-1,-1
526,52,1485,798,160,153,1,-1,-1,-1
526,53,1408,632,79,103,1,-1,-1,-1
526,54,1312,587,103,82,1,-1,-1,-1
526,60,220,533,121,91,1,-1,-1,-1
526,64,1031,611,93,97,1,-1,-1,-1
526,65,1002,492,76,75,1,-1,-1,-1
526,66,1258,493,74,83,1,-1,-1,-1
526,67,969,362,56,47,1,-1,-1,-1
526,68,213,499,167,64,1,-1,-1,-1
526,69,336,458,88,71,1,-1,-1,-1
526,70,1189,405,121,46,1,-1,-1,-1
526,73,919,487,65,63,1,-1,-1,-1
526,82,363,378,109,41,1,-1,-1,-1
526,83,714,311,43,39,1,-1,-1,-1
526,84,753,261,35,33,1,-1,-1,-1
526,87,969,277,35,38,1,-1,-1,-1
526,88,1154,370,57,50,1,-1,-1,-1
526,89,1132,342,47,39,1,-1,-1,-1
526,90,1120,316,59,34,1,-1,-1,-1
526,91,1075,272,34,33,1,-1,-1,-1
526,97,962,230,30,27,1,-1,-1,-1
527,12,899,219,31,27,1,-1,-1,-1
527,52,1488,804,163,155,1,-1,-1,-1
527,53,1411,635,78,104,1,-1,-1,-1
527,54,1314,589,103,83,1,-1,-1,-1
527,60,216,536,121,91,1,-1,-1,-1
527,64,1031,614,94,98,1,-1,-1,-1
527,65,1002,494,76,75,1,-1,-1,-1
527,66,1259,495,75,83,1,-1,-1,-1
527,67,968,362,56,47,1,-1,-1,-1
527,68,210,501,168,64,1,-1,-1,-1
527,69,334,460,89,71,1,-1,-1,-1
527,70,1190,406,121,46,1,-1,-1,-1
527,73,920,485,64,61,1,-1,-1,-1
527,82,361,379,109,41,1,-1,-1,-1
527,83,713,312,43,38,1,-1,-1,-1
527,84,753,261,35,33,1,-1,-1,-1
527,87,968,277,35,38,1,-1,-1,-1
527,88,1154,371,58,50,1,-1,-1,-1
527,89,1133,343,47,39,1,-1,-1,-1
527,90,1120,316,59,34,1,-1,-1,-1
527,91,1075,272,34,33,1,-1,-1,-1
527,97,962,230,30,27,1,-1,-1,-1
528,12,899,218,31,28,1,-1,-1,-1
528,52,1492,811,165,157,1,-1,-1,-1
528,53,1413,638,79,105,1,-1,-1,-1
528,54,1316,592,103,84,1,-1,-1,-1
528,60,212,538,122,92,1,-1,-1,-1
528,64,1031,617,95,99,1,-1,-1,-1
528,65,1002,495,76,76,1,-1,-1,-1
528,66,1260,497,75,83,1,-1,-1,-1
528,67,967,361,56,47,1,-1,-1,-1
528,68,205,503,169,64,1,-1,-1,-1
528,69,330,461,90,72,1,-1,-1,-1
528,70,1191,407,121,46,1,-1,-1,-1
528,73,921,482,64,61,1,-1,-1,-1
528,82,359,379,110,43,1,-1,-1,-1
528,83,713,312,43,39,1,-1,-1,-1
528,84,752,262,35,33,1,-1,-1,-1
528,87,968,277,35,38,1,-1,-1,-1
528,88,1155,372,58,51,1,-1,-1,-1
528,89,1133,344,47,39,1,-1,-1,-1
528,90,1121,317,59,34,1,-1,-1,-1
528,91,1075,273,34,33,1,-1,-1,-1
528,94,790,222,41,27,1,-1,-1,-1
528,97,962,231,30,27,1,-1,-1,-1
529,12,899,218,31,27,1,-1,-1,-1
529,52,1496,818,167,159,1,-1,-1,-1
529,53,1415,641,79,106,1,-1,-1,-1
529,54,1317,595,104,84,1,-1,-1,-1
529,60,207,541,123,91,1,-1,-1,-1
529,64,1031,621,95,100,1,-1,-1,-1
529,65,1002,497,76,76,1,-1,-1,-1
529,66,1261,498,76,84,1,-1,-1,-1
529,67,966,361,55,47,1,-1,-1,-1
529,68,201,506,170,64,1,-1,-1,-1
529,69,327,463,90,72,1,-1,-1,-1
529,70,1191,408,122,47,1,-1,-1,-1
529,73,922,479,64,61,1,-1,-1,-1
529,82,357,380,110,43,1,-1,-1,-1
529,83,712,313,43,39,1,-1,-1,-1
529,84,752,263,35,32,1,-1,-1,-1
529,87,968,278,35,37,1,-1,-1,-1
529,88,1155,373,58,51,1,-1,-1,-1
529,89,1134,345,47,39,1,-1,-1,-1
529,90,1121,317,59,34,1,-1,-1,-1
529,91,1075,273,34,33,1,-1,-1,-1
529,94,789,222,41,27,1,-1,-1,-1
529,97,962,231,30,27,1,-1,-1,-1
529,98,305,344,84,48,1,-1,-1,-1
530,12,899,217,30,27,1,-1,-1,-1
530,52,1500,824,170,161,1,-1,-1,-1
530,53,1418,644,79,107,1,-1,-1,-1
530,54,1319,598,105,85,1,-1,-1,-1
530,60,203,543,124,92,1,-1,-1,-1
530,64,1031,624,96,101,1,-1,-1,-1
530,65,1002,499,76,76,1,-1,-1,-1
530,66,1262,500,76,84,1,-1,-1,-1
530,67,965,360,55,47,1,-1,-1,-1
530,68,197,508,170,65,1,-1,-1,-1
530,69,324,465,90,72,1,-1,-1,-1
530,70,1192,409,122,47,1,-1,-1,-1
530,73,924,477,63,60,1,-1,-1,-1
530,82,354,381,111,43,1,-1,-1,-1
530,83,711,314,43,39,1,-1,-1,-1
530,84,752,263,35,33,1,-1,-1,-1
530,87,968,278,35,37,1,-1,-1,-1
530,88,1155,374,59,51,1,-1,-1,-1
530,89,1134,346,47,39,1,-1,-1,-1
530,90,1121,318,59,34,1,-1,-1,-1
530,91,1075,273,34,34,1,-1,-1,-1
530,94,789,222,41,27,1,-1,-1,-1
530,97,962,231,30,27,1,-1,-1,-1
530,98,302,345,84,48,1,-1,-1,-1
531,12,899,216,30,28,1,-1,-1,-1
531,52,1504,831,172,163,1,-1,-1,-1
531,53,1420,647,79,108,1,-1,-1,-1
531,54,1320,601,106,85,1,-1,-1,-1
531,60,199,546,124,92,1,-1,-1,-1
531,64,1031,628,96,101,1,-1,-1,-1
531,65,1003,501,76,76,1,-1,-1,-1
531,66,1263,502,76,85,1,-1,-1,-1
531,67,964,360,55,47,1,-1,-1,-1
531,68,193,511,171,65,1,-1,-1,-1
531,69,321,467,91,72,1,-1,-1,-1
531,70,1193,411,123,46,1,-1,-1,-1
531,73,925,475,63,60,1,-1,-1,-1
531,82,352,382,112,44,1,-1,-1,-1
531,83,711,314,43,40,1,-1,-1,-1
531,84,751,264,35,32,1,-1,-1,-1
531,87,968,278,35,37,1,-1,-1,-1
531,88,1156,375,59,51,1,-1,-1,-1
531,89,1134,347,47,39,1,-1,-1,-1
531,90,1122,318,59,34,1,-1,-1,-1
531,91,1075,274,34,33,1,-1,-1,-1
531,94,789,223,41,27,1,-1,-1,-1
531,97,962,232,30,27,1,-1,-1,-1
531,98,300,346,84,48,1,-1,-1,-1
532,12,899,216,30,27,1,-1,-1,-1
532,52,1508,838,174,165,1,-1,-1,-1
532,53,1422,650,80,109,1,-1,-1,-1
532,54,1322,604,106,86,1,-1,-1,-1
532,60,194,548,125,93,1,-1,-1,-1
532,64,1031,631,97,102,1,-1,-1,-1
532,65,1003,503,76,76,1,-1,-1,-1
532,66,1264,504,77,85,1,-1,-1,-1
532,67,963,359,55,47,1,-1,-1,-1
532,68,188,513,172,66,1,-1,-1,-1
532,69,317,469,92,73,1,-1,-1,-1
532,70,1194,412,123,46,1,-1,-1,-1
532,73,927,473,62,61,1,-1,-1,-1
532,82,350,383,112,44,1,-1,-1,-1
532,83,710,315,43,39,1,-1,-1,-1
532,84,751,265,35,32,1,-1,-1,-1
532,87,967,278,35,37,1,-1,-1,-1
532,88,1156,377,59,51,1,-1,-1,-1
532,89,1135,348,47,40,1,-1,-1,-1
532,90,1122,319,59,34,1,-1,-1,-1
532,91,1075,274,34,34,1,-1,-1,-1
532,94,788,223,41,27,1,-1,-1,-1
532,97,962,232,30,27,1,-1,-1,-1
532,98,298,347,84,48,1,-1,-1,-1
533,12,899,215,30,27,1,-1,-1,-1
533,52,1512,844,177,167,1,-1,-1,-1
533,53,1425,653,79,110,1,-1,-1,-1
533,54,1324,606,106,87,1,-1,-1,-1
533,60,190,550,126,94,1,-1,-1,-1
533,64,1031,634,98,103,1,-1,-1,-1
533,65,1003,505,76,77,1,-1,-1,-1
533,66,1265,505,77,86,1,-1,-1,-1
533,67,962,359,54,47,1,-1,-1,-1
533,68,184,516,173,66,1,-1,-1,-1
533,69,314,471,92,73,1,-1,-1,-1
533,70,1194,413,124,47,1,-1,-1,-1
533,73,928,471,63,61,1,-1,-1,-1
533,82,348,384,113,45,1,-1,-1,-1
533,83,709,316,44,39,1,-1,-1,-1
533,84,751,265,35,32,1,-1,-1,-1
533,87,967,279,35,36,1,-1,-1,-1
533,88,1157,378,59,51,1,-1,-1,-1
533,89,1135,349,47,40,1,-1,-1,-1
533,90,1123,320,59,34,1,-1,-1,-1
533,91,1075,275,34,33,1,-1,-1,-1
533,94,788,224,41,27,1,-1,-1,-1
533,97,962,232,30,27,1,-1,-1,-1
533,98,296,348,84,48,1,-1,-1,-1
534,12,900,215,29,27,1,-1,-1,-1
534,52,1516,851,179,169,1,-1,-1,-1
534,53,1427,656,80,111,1,-1,-1,-1
534,54,1325,609,107,88,1,-1,-1,-1
534,60,186,553,126,94,1,-1,-1,-1
534,64,1031,638,98,103,1,-1,-1,-1
534,65,1003,507,76,78,1,-1,-1,-1
534,66,1266,507,78,86,1,-1,-1,-1
534,67,961,359,54,47,1,-1,-1,-1
534,68,180,519,174,66,1,-1,-1,-1
534,69,311,473,93,73,1,-1,-1,-1
534,70,1195,414,124,47,1,-1,-1,-1
534,73,930,469,62,62,1,-1,-1,-1
534,82,345,385,114,45,1,-1,-1,-1
534,83,709,316,43,40,1,-1,-1,-1
534,84,750,266,35,32,1,-1,-1,-1
534,87,967,279,35,37,1,-1,-1,-1
534,88,1157,379,60,51,1,-1,-1,-1
534,89,1136,350,47,40,1,-1,-1,-1
534,90,1123,320,59,34,1,-1,-1,-1
534,91,1075,275,34,34,1,-1,-1,-1
534,94,788,224,41,27,1,-1,-1,-1
534,97,962,233,30,27,1,-1,-1,-1
534,98,293,349,84,48,1,-1,-1,-1
535,12,900,214,29,27,1,-1,-1,-1
535,52,1520,858,181,171,1,-1,-1,-1
535,53,1429,659,80,112,1,-1,-1,-1
535,54,1327,612,107,88,1,-1,-1,-1
535,60,181,555,128,94,1,-1,-1,-1
535,64,1031,641,99,104,1,-1,-1,-1
535,65,1003,510,76,78,1,-1,-1,-1
535,66,1267,509,78,87,1,-1,-1,-1
535,67,960,358,54,47,1,-1,-1,-1
535,68,176,521,174,67,1,-1,-1,-1
535,69,308,475,93,73,1,-1,-1,-1
535,70,1196,415,124,47,1,-1,-1,-1
535,73,931,467,63,62,1,-1,-1,-1
535,82,343,386,114,46,1,-1,-1,-1
535,83,708,317,44,40,1,-1,-1,-1
535,84,750,267,35,31,1,-1,-1,-1
535,87,967,279,35,37,1,-1,-1,-1
535,88,1158,380,60,51,1,-1,-1,-1
535,89,1136,351,47,40,1,-1,-1,-1
535,90,1124,321,59,34,1,-1,-1,-1
535,91,1076,276,34,34,1,-1,-1,-1
535,94,788,225,41,27,1,-1,-1,-1
535,97,962,233,30,27,1,-1,-1,-1
535,98,291,350,84,48,1,-1,-1,-1
536,12,900,214,29,27,1,-1,-1,-1
536,52,1524,865,184,173,1,-1,-1,-1
536,53,1432,662,80,113,1,-1,-1,-1
536,54,1328,615,108,89,1,-1,-1,-1
536,60,177,558,128,94,1,-1,-1,-1
536,64,1031,645,99,105,1,-1,-1,-1
536,65,1003,512,77,79,1,-1,-1,-1
536,66,1268,510,78,88,1,-1,-1,-1
536,67,959,358,54,47,1,-1,-1,-1
536,68,172,524,175,67,1,-1,-1,-1
536,69,305,477,93,73,1,-1,-1,-1
536,70,1197,417,125,47,1,-1,-1,-1
536,73,933,465,62,63,1,-1,-1,-1
536,82,341,387,114,46,1,-1,-1,-1
536,83,707,318,44,39,1,-1,-1,-1
536,84,750,268,35,31,1,-1,-1,-1
536,87,967,279,35,37,1,-1,-1,-1
536,88,1158,382,60,51,1,-1,-1,-1
536,89,1137,352,47,40,1,-1,-1,-1
536,90,1124,322,59,34,1,-1,-1,-1
536,91,1076,276,34,34,1,-1,-1,-1
536,94,787,225,41,27,1,-1,-1,-1
536,95,860,212,26,21,1,-1,-1,-1
536,97,962,233,30,27,1,-1,-1,-1
536,98,289,351,84,48,1,-1,-1,-1
537,12,900,214,29,26,1,-1,-1,-1
537,52,1528,871,186,170,1,-1,-1,-1
537,53,1439,671,80,115,1,-1,-1,-1
537,54,1330,618,108,89,1,-1,-1,-1
537,60,173,560,128,95,1,-1,-1,-1
537,64,1031,648,100,106,1,-1,-1,-1
537,65,1003,514,77,79,1,-1,-1,-1
537,66,1269,512,79,88,1,-1,-1,-1
537,67,958,357,53,47,1,-1,-1,-1
537,68,167,526,176,68,1,-1,-1,-1
537,69,301,478,95,75,1,-1,-1,-1
537,70,1197,418,126,47,1,-1,-1,-1
537,73,934,463,62,63,1,-1,-1,-1
537,82,339,388,114,47,1,-1,-1,-1
537,83,707,318,44,40,1,-1,-1,-1
537,84,749,268,35,31,1,-1,-1,-1
537,87,966,279,35,37,1,-1,-1,-1
537,88,1159,383,60,51,1,-1,-1,-1
537,89,1137,353,47,40,1,-1,-1,-1
537,90,1125,323,59,34,1,-1,-1,-1
537,91,1076,277,35,34,1,-1,-1,-1
537,94,787,225,41,27,1,-1,-1,-1
537,95,859,213,26,21,1,-1,-1,-1
537,97,962,233,30,27,1,-1,-1,-1
537,98,287,352,84,48,1,-1,-1,-1
538,12,901,213,28,27,1,-1,-1,-1
538,52,1532,878,188,166,1,-1,-1,-1
538,53,1442,675,80,116,1,-1,-1,-1
538,54,1332,621,109,90,1,-1,-1,-1
538,60,168,563,130,95,1,-1,-1,-1
538,64,1031,652,100,106,1,-1,-1,-1
538,65,1003,516,77,80,1,-1,-1,-1
538,66,1270,514,79,88,1,-1,-1,-1
538,67,957,357,53,47,1,-1,-1,-1
538,68,163,529,177,68,1,-1,-1,-1
538,69,298,480,95,75,1,-1,-1,-1
538,70,1198,420,126,47,1,-1,-1,-1
538,73,936,461,62,64,1,-1,-1,-1
538,82,337,389,114,47,1,-1,-1,-1
538,83,706,319,44,40,1,-1,-1,-1
538,84,749,269,34,31,1,-1,-1,-1
538,87,966,280,35,36,1,-1,-1,-1
538,88,1159,384,61,51,1,-1,-1,-1
538,89,1137,354,47,40,1,-1,-1,-1
538,90,1125,324,59,34,1,-1,-1,-1
538,91,1077,277,34,35,1,-1,-1,-1
538,94,787,226,41,27,1,-1,-1,-1
538,95,858,215,26,21,1,-1,-1,-1
538,97,962,234,30,27,1,-1,-1,-1
538,98,285,353,84,48,1,-1,-1,-1
538,101,811,208,24,18,1,-1,-1,-1
539,12,901,213,28,26,1,-1,-1,-1
539,52,1536,885,191,163,1,-1,-1,-1
539,53,1445,680,80,117,1,-1,-1,-1
539,54,1334,624,109,91,1,-1,-1,-1
539,60,164,565,130,96,1,-1,-1,-1
539,64,1031,655,101,107,1,-1,-1,-1
539,65,1003,519,77,80,1,-1,-1,-1
539,66,1272,516,79,89,1,-1,-1,-1
539,67,956,357,53,47,1,-1,-1,-1
539,68,159,532,178,68,1,-1,-1,-1
539,69,295,482,95,75,1,-1,-1,-1
539,70,1199,421,126,48,1,-1,-1,-1
539,73,937,459,62,64,1,-1,-1,-1
539,82,335,391,114,47,1,-1,-1,-1
539,83,705,320,45,40,1,-1,-1,-1
539,84,748,269,35,32,1,-1,-1,-1
539,87,966,280,35,36,1,-1,-1,-1
539,88,1160,385,61,51,1,-1,-1,-1
539,89,1138,355,47,40,1,-1,-1,-1
539,90,1126,325,59,34,1,-1,-1,-1
539,91,1077,278,35,34,1,-1,-1,-1
539,94,786,226,41,27,1,-1,-1,-1
539,95,857,216,27,21,1,-1,-1,-1
539,97,962,234,30,27,1,-1,-1,-1
539,98,282,354,84,48,1,-1,-1,-1
539,101,810,208,24,18,1,-1,-1,-1
540,12,901,213,28,26,1,-1,-1,-1
540,52,1540,892,193,159,1,-1,-1,-1
540,53,1448,684,81,118,1,-1,-1,-1
540,54,1336,628,110,91,1,-1,-1,-1
540,60,160,568,131,96,1,-1,-1,-1
540,64,1031,658,102,108,1,-1,-1,-1
540,65,1003,521,78,81,1,-1,-1,-1
540,66,1273,518,79,90,1,-1,-1,-1
540,67,955,356,53,47,1,-1,-1,-1
540,68,155,534,178,69,1,-1,-1,-1
540,69,292,484,96,75,1,-1,-1,-1
540,70,1200,423,126,48,1,-1,-1,-1
540,73,939,458,62,64,1,-1,-1,-1
540,82,332,392,115,47,1,-1,-1,-1
540,83,705,320,44,41,1,-1,-1,-1
540,84,748,270,34,32,1,-1,-1,-1
540,85,542,331,54,40,1,-1,-1,-1
540,87,966,280,35,36,1,-1,-1,-1
540,88,1160,387,61,51,1,-1,-1,-1
540,89,1138,357,47,40,1,-1,-1,-1
540,90,1126,325,59,35,1,-1,-1,-1
540,91,1077,279,35,34,1,-1,-1,-1
540,94,786,227,41,27,1,-1,-1,-1
540,95,857,218,26,21,1,-1,-1,-1
540,97,962,234,30,27,1,-1,-1,-1
540,98,280,355,84,48,1,-1,-1,-1
540,101,810,208,24,18,1,-1,-1,-1
541,12,901,212,28,27,1,-1,-1,-1
541,52,1544,899,195,156,1,-1,-1,-1
541,53,1451,689,81,119,1,-1,-1,-1
541,54,1338,632,111,91,1,-1,-1,-1
541,60,154,571,132,97,1,-1,-1,-1
541,64,1031,662,102,108,1,-1,-1,-1
541,65,1003,523,78,82,1,-1,-1,-1
541,66,1274,521,80,90,1,-1,-1,-1
541,67,954,356,52,47,1,-1,-1,-1
541,68,151,537,179,69,1,-1,-1,-1
541,69,289,486,96,75,1,-1,-1,-1
541,70,1200,425,127,48,1,-1,-1,-1
541,73,940,456,62,65,1,-1,-1,-1
541,82,330,393,115,48,1,-1,-1,-1
541,83,704,321,45,40,1,-1,-1,-1
541,84,747,270,35,32,1,-1,-1,-1
541,85,540,331,54,40,1,-1,-1,-1
541,87,966,280,35,36,1,-1,-1,-1
541,88,1161,388,61,51,1,-1,-1,-1
541,89,1139,358,47,40,1,-1,-1,-1
541,90,1127,326,59,35,1,-1,-1,-1
541,91,1078,279,35,35,1,-1,-1,-1
541,94,786,227,41,27,1,-1,-1,-1
541,95,856,219,27,22,1,-1,-1,-1
541,97,962,235,30,27,1,-1,-1,-1
541,98,278,356,84,48,1,-1,-1,-1
541,101,809,209,24,18,1,-1,-1,-1
542,12,902,212,27,26,1,-1,-1,-1
542,52,1548,906,198,152,1,-1,-1,-1
542,53,1454,694,81,120,1,-1,-1,-1
542,54,1340,635,112,92,1,-1,-1,-1
542,60,149,574,133,98,1,-1,-1,-1
542,64,1031,665,103,109,1,-1,-1,-1
542,65,1003,526,78,81,1,-1,-1,-1
542,66,1275,523,81,91,1,-1,-1,-1
542,67,953,355,52,47,1,-1,-1,-1
542,68,146,539,180,70,1,-1,-1,-1
542,69,285,488,97,76,1,-1,-1,-1
542,70,1201,426,127,49,1,-1,-1,-1
542,73,942,454,61,65,1,-1,-1,-1
542,82,328,394,116,48,1,-1,-1,-1
542,83,703,322,45,40,1,-1,-1,-1
542,84,747,271,34,32,1,-1,-1,-1
542,85,538,332,55,40,1,-1,-1,-1
542,87,966,281,35,36,1,-1,-1,-1
542,88,1161,389,62,51,1,-1,-1,-1
542,89,1139,359,47,40,1,-1,-1,-1
542,90,1127,327,59,35,1,-1,-1,-1
542,91,1078,280,36,34,1,-1,-1,-1
542,94,786,228,41,27,1,-1,-1,-1
542,95,855,221,27,21,1,-1,-1,-1
542,97,962,235,30,27,1,-1,-1,-1
542,98,276,357,84,48,1,-1,-1,-1
542,101,809,209,24,18,1,-1,-1,-1
543,12,902,212,27,26,1,-1,-1,-1
543,52,1552,913,200,149,1,-1,-1,-1
543,53,1457,698,82,121,1,-1,-1,-1
543,54,1342,639,112,93,1,-1,-1,-1
543,60,143,577,135,99,1,-1,-1,-1
543,64,1031,669,103,110,1,-1,-1,-1
543,65,1003,528,78,82,1,-1,-1,-1
543,66,1276,526,82,92,1,-1,-1,-1
543,67,952,355,52,47,1,-1,-1,-1
543,68,142,542,181,70,1,-1,-1,-1
543,69,282,490,98,76,1,-1,-1,-1
543,70,1202,428,128,49,1,-1,-1,-1
543,73,943,452,62,66,1,-1,-1,-1
543,82,326,395,116,49,1,-1,-1,-1
543,83,703,322,45,41,1,-1,-1,-1
543,84,746,271,35,33,1,-1,-1,-1
543,85,537,333,55,40,1,-1,-1,-1
543,87,965,281,35,36,1,-1,-1,-1
543,88,1162,390,62,51,1,-1,-1,-1
543,89,1139,360,47,40,1,-1,-1,-1
543,90,1128,328,59,35,1,-1,-1,-1
543,91,1078,280,36,35,1,-1,-1,-1
543,94,785,228,41,27,1,-1,-1,-1
543,95,855,222,26,22,1,-1,-1,-1
543,97,962,235,30,27,1,-1,-1,-1
543,98,273,358,84,48,1,-1,-1,-1
543,101,809,209,24,18,1,-1,-1,-1
544,12,902,211,27,26,1,-1,-1,-1
544,52,1556,920,202,145,1,-1,-1,-1
544,53,1460,703,82,122,1,-1,-1,-1
544,54,1344,643,113,93,1,-1,-1,-1
544,60,138,581,136,100,1,-1,-1,-1
544,64,1031,672,104,111,1,-1,-1,-1
544,65,1003,530,79,83,1,-1,-1,-1
544,66,1278,529,81,92,1,-1,-1,-1
544,67,951,355,52,47,1,-1,-1,-1
544,68,138,544,181,71,1,-1,-1,-1
544,69,279,492,98,76,1,-1,-1,-1
544,70,1203,430,128,49,1,-1,-1,-1
544,73,945,450,61,66,1,-1,-1,-1
544,82,324,396,116,49,1,-1,-1,-1
544,83,702,323,45,41,1,-1,-1,-1
544,84,746,272,34,33,1,-1,-1,-1
544,85,535,334,56,40,1,-1,-1,-1
544,87,965,281,35,36,1,-1,-1,-1
544,88,1162,392,62,51,1,-1,-1,-1
544,89,1140,361,47,40,1,-1,-1,-1
544,90,1128,329,59,34,1,-1,-1,-1
544,91,1079,281,36,35,1,-1,-1,-1
544,94,785,228,41,27,1,-1,-1,-1
544,95,854,224,27,22,1,-1,-1,-1
544,97,962,236,30,27,1,-1,-1,-1
544,98,271,359,84,48,1,-1,-1,-1
544,101,808,210,24,18,1,-1,-1,-1
545,12,903,211,26,26,1,-1,-1,-1
545,53,1464,708,82,123,1,-1,-1,-1
545,54,1346,646,114,94,1,-1,-1,-1
545,60,132,584,138,101,1,-1,-1,-1
545,64,1031,675,105,112,1,-1,-1,-1
545,65,1003,532,79,84,1,-1,-1,-1
545,66,1279,531,82,93,1,-1,-1,-1
545,67,950,354,51,47,1,-1,-1,-1
545,68,134,547,182,71,1,-1,-1,-1
545,69,276,494,98,76,1,-1,-1,-1
545,70,1203,431,129,50,1,-1,-1,-1
545,71,1314,493,125,66,1,-1,-1,-1
545,73,946,448,62,67,1,-1,-1,-1
545,82,322,398,116,49,1,-1,-1,-1
545,83,702,324,45,41,1,-1,-1,-1
545,84,745,272,35,33,1,-1,-1,-1
545,85,533,335,56,40,1,-1,-1,-1
545,87,965,281,35,36,1,-1,-1,-1
545,88,1163,393,62,51,1,-1,-1,-1
545,89,1140,362,47,40,1,-1,-1,-1
545,90,1129,330,59,34,1,-1,-1,-1
545,91,1079,282,36,34,1,-1,-1,-1
545,94,784,229,41,27,1,-1,-1,-1
545,95,853,225,27,22,1,-1,-1,-1
545,97,962,236,30,27,1,-1,-1,-1
545,98,269,360,84,48,1,-1,-1,-1
545,101,808,210,24,18,1,-1,-1,-1
546,12,903,211,26,26,1,-1,-1,-1
546,53,1467,713,82,124,1,-1,-1,-1
546,54,1348,650,115,94,1,-1,-1,-1
546,60,127,587,139,102,1,-1,-1,-1
546,64,1031,679,105,112,1,-1,-1,-1
546,65,1003,535,79,84,1,-1,-1,-1
546,66,1280,534,83,94,1,-1,-1,-1
546,67,949,353,51,47,1,-1,-1,-1
546,68,130,550,183,71,1,-1,-1,-1
546,69,273,496,99,77,1,-1,-1,-1
546,70,1204,433,129,50,1,-1,-1,-1
546,71,1315,495,125,66,1,-1,-1,-1
546,73,948,446,61,67,1,-1,-1,-1
546,82,319,399,117,49,1,-1,-1,-1
546,83,701,324,45,42,1,-1,-1,-1
546,84,745,273,34,33,1,-1,-1,-1
546,85,532,336,56,40,1,-1,-1,-1
546,87,965,281,35,36,1,-1,-1,-1
546,88,1163,394,63,51,1,-1,-1,-1
546,89,1141,363,47,40,1,-1,-1,-1
546,90,1129,331,59,34,1,-1,-1,-1
546,91,1079,282,37,35,1,-1,-1,-1
546,94,784,229,41,27,1,-1,-1,-1
546,95,853,227,27,22,1,-1,-1,-1
546,97,962,236,30,27,1,-1,-1,-1
546,98,267,361,84,48,1,-1,-1,-1
546,101,808,210,24,18,1,-1,-1,-1
547,12,903,210,26,26,1,-1,-1,-1
547,53,1470,718,83,125,1,-1,-1,-1
547,54,1350,654,115,95,1,-1,-1,-1
547,60,121,591,141,103,1,-1,-1,-1
547,64,1031,682,106,113,1,-1,-1,-1
547,65,1003,537,79,84,1,-1,-1,-1
547,66,1281,537,84,94,1,-1,-1,-1
547,67,949,353,50,46,1,-1,-1,-1
547,68,125,552,184,72,1,-1,-1,-1
547,69,269,498,99,78,1,-1,-1,-1
547,70,1205,435,129,50,1,-1,-1,-1
547,71,1317,497,125,66,1,-1,-1,-1
547,73,949,444,61,68,1,-1,-1,-1
547,82,317,400,117,50,1,-1,-1,-1
547,83,700,325,46,42,1,-1,-1,-1
547,84,744,274,34,33,1,-1,-1,-1
547,85,530,337,57,40,1,-1,-1,-1
547,87,964,281,35,36,1,-1,-1,-1
547,88,1164,395,63,51,1,-1,-1,-1
547,89,1141,364,47,40,1,-1,-1,-1
547,90,1130,331,59,35,1,-1,-1,-1
547,91,1080,283,36,35,1,-1,-1,-1
547,94,783,230,41,27,1,-1,-1,-1
547,95,852,229,27,22,1,-1,-1,-1
547,97,962,237,30,27,1,-1,-1,-1
547,98,265,362,84,48,1,-1,-1,-1
547,101,807,211,24,18,1,-1,-1,-1
548,12,903,210,26,26,1,-1,-1,-1
548,53,1473,723,84,127,1,-1,-1,-1
548,54,1352,657,116,96,1,-1,-1,-1
548,60,116,594,142,104,1,-1,-1,-1
548,64,1031,686,106,113,1,-1,-1,-1
548,65,1003,539,80,85,1,-1,-1,-1
548,66,1283,539,83,95,1,-1,-1,-1
548,67,948,352,50,47,1,-1,-1,-1
548,68,121,555,185,72,1,-1,-1,-1
548,69,266,501,99,78,1,-1,-1,-1
548,70,1206,436,129,51,1,-1,-1,-1
548,71,1318,499,125,66,1,-1,-1,-1
548,73,951,442,61,68,1,-1,-1,-1
548,82,315,401,117,50,1,-1,-1,-1
548,83,699,326,46,42,1,-1,-1,-1
548,84,744,274,34,34,1,-1,-1,-1
548,85,528,338,58,40,1,-1,-1,-1
548,87,964,281,35,36,1,-1,-1,-1
548,88,1164,397,63,51,1,-1,-1,-1
548,89,1142,365,47,41,1,-1,-1,-1
548,90,1130,332,59,35,1,-1,-1,-1
548,91,1080,284,37,34,1,-1,-1,-1
548,94,783,230,41,27,1,-1,-1,-1
548,95,851,230,27,22,1,-1,-1,-1
548,97,962,237,30,27,1,-1,-1,-1
548,98,262,363,84,48,1,-1,-1,-1
548,101,807,211,24,18,1,-1,-1,-1
549,12,904,210,25,25,1,-1,-1,-1
549,53,1477,728,84,128,1,-1,-1,-1
549,54,1354,661,117,96,1,-1,-1,-1
549,60,111,597,143,105,1,-1,-1,-1
549,64,1031,689,107,114,1,-1,-1,-1
549,65,1003,542,80,85,1,-1,-1,-1
549,66,1284,542,84,95,1,-1,-1,-1
549,67,947,351,50,47,1,-1,-1,-1
549,68,117,557,185,73,1,-1,-1,-1
549,69,262,503,100,79,1,-1,-1,-1
549,70,1206,438,130,51,1,-1,-1,-1
549,71,1320,501,125,66,1,-1,-1,-1
549,73,952,440,61,69,1,-1,-1,-1
549,82,313,402,117,51,1,-1,-1,-1
549,83,698,327,47,42,1,-1,-1,-1
549,84,743,275,34,33,1,-1,-1,-1
549,85,527,339,57,40,1,-1,-1,-1
549,87,964,281,35,36,1,-1,-1,-1
549,88,1165,398,63,51,1,-1,-1,-1
549,89,1142,366,47,41,1,-1,-1,-1
549,90,1131,333,59,35,1,-1,-1,-1
549,91,1080,284,38,35,1,-1,-1,-1
549,94,782,231,41,27,1,-1,-1,-1
549,95,850,232,28,22,1,-1,-1,-1
549,97,962,237,30,27,1,-1,-1,-1
549,98,260,364,84,48,1,-1,-1,-1
549,101,807,211,24,18,1,-1,-1,-1
550,12,904,209,25,26,1,-1,-1,-1
550,53,1480,733,85,129,1,-1,-1,-1
550,54,1356,665,118,96,1,-1,-1,-1
550,60,105,601,145,106,1,-1,-1,-1
550,64,1031,693,108,115,1,-1,-1,-1
550,65,1003,544,80,86,1,-1,-1,-1
550,66,1285,545,85,96,1,-1,-1,-1
550,67,947,351,49,46,1,-1,-1,-1
550,68,113,560,186,73,1,-1,-1,-1
550,69,259,506,100,79,1,-1,-1,-1
550,70,1207,440,131,51,1,-1,-1,-1
550,71,1321,503,125,66,1,-1,-1,-1
550,73,954,439,61,69,1,-1,-1,-1
550,82,311,403,117,51,1,-1,-1,-1
550,83,697,328,48,42,1,-1,-1,-1
550,84,743,275,34,34,1,-1,-1,-1
550,85,525,340,58,40,1,-1,-1,-1
550,87,964,281,35,36,1,-1,-1,-1
550,88,1165,399,64,51,1,-1,-1,-1
550,89,1142,367,47,41,1,-1,-1,-1
550,90,1131,334,59,35,1,-1,-1,-1
550,91,1081,285,37,35,1,-1,-1,-1
550,94,782,231,41,27,1,-1,-1,-1
550,95,850,233,27,23,1,-1,-1,-1
550,97,962,238,30,27,1,-1,-1,-1
550,98,258,365,84,48,1,-1,-1,-1
550,101,806,212,24,18,1,-1,-1,-1
551,12,904,209,25,26,1,-1,-1,-1
551,53,1483,738,86,131,1,-1,-1,-1
551,54,1359,669,118,97,1,-1,-1,-1
551,60,100,604,146,107,1,-1,-1,-1
551,64,1031,697,109,117,1,-1,-1,-1
551,65,1003,546,80,87,1,-1,-1,-1
551,66,1286,547,86,97,1,-1,-1,-1
551,67,946,350,48,46,1,-1,-1,-1
551,68,109,563,187,73,1,-1,-1,-1
551,69,255,509,101,80,1,-1,-1,-1
551,70,1208,441,131,52,1,-1,-1,-1
551,71,1323,505,125,66,1,-1,-1,-1
551,73,955,440,61,67,1,-1,-1,-1
551,82,309,405,118,51,1,-1,-1,-1
551,83,696,328,48,43,1,-1,-1,-1
551,84,742,276,34,34,1,-1,-1,-1
551,85,523,341,59,40,1,-1,-1,-1
551,87,964,281,35,36,1,-1,-1,-1
551,88,1166,400,64,51,1,-1,-1,-1
551,89,1143,368,47,41,1,-1,-1,-1
551,90,1132,335,59,35,1,-1,-1,-1
551,91,1081,285,38,35,1,-1,-1,-1
551,94,781,231,41,27,1,-1,-1,-1
551,95,849,235,28,22,1,-1,-1,-1
551,97,962,238,30,27,1,-1,-1,-1
551,98,256,366,84,48,1,-1,-1,-1
551,101,806,212,24,18,1,-1,-1,-1
552,12,904,209,25,25,1,-1,-1,-1
552,53,1486,743,87,132,1,-1,-1,-1
552,54,1361,673,119,98,1,-1,-1,-1
552,60,94,607,148,108,1,-1,-1,-1
552,64,1031,702,111,119,1,-1,-1,-1
552,65,1003,548,81,87,1,-1,-1,-1
552,66,1288,550,85,97,1,-1,-1,-1
552,67,945,349,48,47,1,-1,-1,-1
552,68,104,565,188,74,1,-1,-1,-1
552,69,252,511,101,81,1,-1,-1,-1
552,70,1209,443,131,52,1,-1,-1,-1
552,71,1324,507,125,66,1,-1,-1,-1
552,73,957,441,60,65,1,-1,-1,-1
552,82,307,406,118,51,1,-1,-1,-1
552,83,695,329,49,43,1,-1,-1,-1
552,84,742,276,34,35,1,-1,-1,-1
552,85,522,342,59,40,1,-1,-1,-1
552,87,963,281,35,36,1,-1,-1,-1
552,88,1166,402,64,51,1,-1,-1,-1
552,89,1143,369,47,41,1,-1,-1,-1
552,90,1132,336,59,35,1,-1,-1,-1
552,91,1081,286,38,35,1,-1,-1,-1
552,94,781,232,41,27,1,-1,-1,-1
552,95,848,236,28,23,1,-1,-1,-1
552,97,962,238,30,27,1,-1,-1,-1
552,98,253,367,84,48,1,-1,-1,-1
552,101,806,213,24,18,1,-1,-1,-1
553,12,905,208,24,26,1,-1,-1,-1
553,53,1490,748,87,133,1,-1,-1,-1
553,54,1363,677,120,99,1,-1,-1,-1
553,60,89,611,149,109,1,-1,-1,-1
553,64,1032,706,112,122,1,-1,-1,-1
553,65,1003,551,81,87,1,-1,-1,-1
553,66,1289,553,86,98,1,-1,-1,-1
553,67,945,349,47,46,1,-1,-1,-1
553,68,100,568,189,74,1,-1,-1,-1
553,69,248,514,102,81,1,-1,-1,-1
553,70,1209,445,132,52,1,-1,-1,-1
553,71,1326,509,125,66,1,-1,-1,-1
553,73,959,443,60,62,1,-1,-1,-1
553,82,305,408,118,51,1,-1,-1,-1
553,83,694,330,50,43,1,-1,-1,-1
553,84,741,277,34,34,1,-1,-1,-1
553,85,521,343,59,40,1,-1,-1,-1
553,87,963,281,35,36,1,-1,-1,-1
553,88,1167,403,64,51,1,-1,-1,-1
553,89,1144,370,47,41,1,-1,-1,-1
553,90,1133,337,59,35,1,-1,-1,-1
553,91,1082,287,38,35,1,-1,-1,-1
553,94,780,232,41,27,1,-1,-1,-1
553,95,848,238,27,23,1,-1,-1,-1
553,97,962,239,30,27,1,-1,-1,-1
553,98,251,368,84,48,1,-1,-1,-1
553,101,806,213,24,18,1,-1,-1,-1
554,12,905,208,24,25,1,-1,-1,-1
554,53,1493,753,88,135,1,-1,-1,-1
554,54,1366,682,121,99,1,-1,-1,-1
554,60,83,614,151,110,1,-1,-1,-1
554,64,1032,711,114,124,1,-1,-1,-1
554,65,1003,553,81,88,1,-1,-1,-1
554,66,1290,555,87,99,1,-1,-1,-1
554,67,944,348,47,46,1,-1,-1,-1
554,68,96,570,189,75,1,-1,-1,-1
554,69,245,516,102,82,1,-1,-1,-1
554,70,1210,446,132,53,1,-1,-1,-1
554,71,1327,511,125,66,1,-1,-1,-1
554,73,960,444,60,60,1,-1,-1,-1
554,82,303,409,118,51,1,-1,-1,-1
554,83,693,331,50,43,1,-1,-1,-1
554,84,741,277,34,35,1,-1,-1,-1
554,85,520,344,59,40,1,-1,-1,-1
554,87,963,281,35,36,1,-1,-1,-1
554,88,1167,404,65,51,1,-1,-1,-1
554,89,1144,371,47,41,1,-1,-1,-1
554,90,1132,338,61,34,1,-1,-1,-1
554,91,1082,287,38,35,1,-1,-1,-1
554,94,780,233,41,27,1,-1,-1,-1
554,95,847,239,28,23,1,-1,-1,-1
554,97,962,239,30,27,1,-1,-1,-1
554,98,249,369,84,48,1,-1,-1,-1
554,101,806,213,24,18,1,-1,-1,-1
555,12,905,208,24,25,1,-1,-1,-1
555,53,1496,758,89,136,1,-1,-1,-1
555,54,1368,686,122,100,1,-1,-1,-1
555,60,78,617,152,111,1,-1,-1,-1
555,64,1032,715,116,127,1,-1,-1,-1
555,65,1003,555,81,89,1,-1,-1,-1
555,66,1291,558,88,99,1,-1,-1,-1
555,67,943,347,47,46,1,-1,-1,-1
555,68,92,573,190,75,1,-1,-1,-1
555,69,241,519,103,82,1,-1,-1,-1
555,70,1211,448,132,53,1,-1,-1,-1
555,71,1329,513,125,66,1,-1,-1,-1
555,73,962,445,59,58,1,-1,-1,-1
555,82,301,411,118,51,1,-1,-1,-1
555,83,692,332,51,43,1,-1,-1,-1
555,84,740,278,34,35,1,-1,-1,-1
555,85,519,345,59,40,1,-1,-1,-1
555,87,963,281,35,36,1,-1,-1,-1
555,88,1168,406,65,51,1,-1,-1,-1
555,89,1145,373,47,41,1,-1,-1,-1
555,90,1132,339,63,34,1,-1,-1,-1
555,91,1082,288,39,35,1,-1,-1,-1
555,94,779,233,41,27,1,-1,-1,-1
555,95,846,241,28,23,1,-1,-1,-1
555,97,962,239,30,27,1,-1,-1,-1
555,98,247,370,84,48,1,-1,-1,-1
555,101,806,213,24,18,1,-1,-1,-1
556,12,906,208,23,25,1,-1,-1,-1
556,53,1500,764,89,137,1,-1,-1,-1
556,54,1371,691,123,101,1,-1,-1,-1
556,60,73,621,153,112,1,-1,-1,-1
556,64,1033,720,117,129,1,-1,-1,-1
556,65,1003,558,82,89,1,-1,-1,-1
556,66,1293,561,88,100,1,-1,-1,-1
556,67,943,347,46,46,1,-1,-1,-1
556,68,88,576,191,75,1,-1,-1,-1
556,69,238,522,103,83,1,-1,-1,-1
556,70,1212,450,133,53,1,-1,-1,-1
556,71,1331,516,125,65,1,-1,-1,-1
556,73,964,447,59,55,1,-1,-1,-1
556,82,300,413,118,51,1,-1,-1,-1
556,83,691,333,52,43,1,-1,-1,-1
556,84,740,279,34,35,1,-1,-1,-1
556,85,518,346,59,40,1,-1,-1,-1
556,87,963,281,35,36,1,-1,-1,-1
556,88,1173,402,65,53,1,-1,-1,-1
556,89,1150,374,48,41,1,-1,-1,-1
556,90,1132,340,65,34,1,-1,-1,-1
556,91,1083,289,39,35,1,-1,-1,-1
556,92,572,322,46,36,1,-1,-1,-1
556,93,539,289,69,37,1,-1,-1,-1
556,94,779,234,41,27,1,-1,-1,-1
556,95,846,243,28,23,1,-1,-1,-1
556,96,859,208,25,20,1,-1,-1,-1
556,97,962,240,30,27,1,-1,-1,-1
556,98,245,371,84,48,1,-1,-1,-1
556,101,806,213,24,18,1,-1,-1,-1
