1,0,566,396,19,11,1,-1,-1,-1
1,1,596,377,11,13,1,-1,-1,-1
1,2,606,380,11,14,1,-1,-1,-1
1,3,589,395,10,14,1,-1,-1,-1
1,4,602,395,10,14,1,-1,-1,-1
1,5,602,410,10,13,1,-1,-1,-1
1,6,636,370,9,13,1,-1,-1,-1
1,7,641,387,11,14,1,-1,-1,-1
1,8,655,382,9,14,1,-1,-1,-1
1,9,658,400,11,15,1,-1,-1,-1
1,10,663,424,11,15,1,-1,-1,-1
1,11,630,343,10,12,1,-1,-1,-1
1,12,653,366,10,14,1,-1,-1,-1
1,13,645,350,11,12,1,-1,-1,-1
1,14,645,332,9,11,1,-1,-1,-1
1,15,630,332,11,10,1,-1,-1,-1
1,16,629,323,9,11,1,-1,-1,-1
1,17,638,321,9,10,1,-1,-1,-1
1,18,646,311,8,10,1,-1,-1,-1
1,19,699,307,9,9,1,-1,-1,-1
1,20,720,329,10,13,1,-1,-1,-1
1,21,710,358,11,13,1,-1,-1,-1
1,22,698,361,11,13,1,-1,-1,-1
1,23,751,384,14,14,1,-1,-1,-1
1,24,751,423,13,16,1,-1,-1,-1
1,25,790,422,16,17,1,-1,-1,-1
1,26,797,399,13,19,1,-1,-1,-1
1,27,646,432,11,17,1,-1,-1,-1
1,28,644,415,11,16,1,-1,-1,-1
1,29,641,401,13,14,1,-1,-1,-1
1,30,668,442,11,18,1,-1,-1,-1
1,31,711,451,12,17,1,-1,-1,-1
1,32,649,449,13,16,1,-1,-1,-1
1,33,602,422,12,19,1,-1,-1,-1
1,34,583,431,14,22,1,-1,-1,-1
1,35,582,408,16,23,1,-1,-1,-1
2,0,565,395,19,11,1,-1,-1,-1
2,1,595,376,10,13,1,-1,-1,-1
2,2,606,379,10,13,1,-1,-1,-1
2,3,589,395,10,13,1,-1,-1,-1
2,4,602,395,10,13,1,-1,-1,-1
2,5,602,410,10,13,1,-1,-1,-1
2,6,636,370,9,13,1,-1,-1,-1
2,7,641,387,10,13,1,-1,-1,-1
2,8,654,381,9,13,1,-1,-1,-1
2,9,658,399,10,15,1,-1,-1,-1
2,10,663,424,10,15,1,-1,-1,-1
2,11,629,343,10,11,1,-1,-1,-1
2,12,653,366,10,13,1,-1,-1,-1
2,13,645,349,10,11,1,-1,-1,-1
2,14,645,331,9,11,1,-1,-1,-1
2,15,629,331,10,9,1,-1,-1,-1
2,16,629,322,9,11,1,-1,-1,-1
2,17,637,320,9,9,1,-1,-1,-1
2,18,646,310,7,9,1,-1,-1,-1
2,19,698,306,9,9,1,-1,-1,-1
2,20,719,327,10,13,1,-1,-1,-1
2,21,710,356,10,13,1,-1,-1,-1
2,22,697,360,10,13,1,-1,-1,-1
2,23,751,383,14,13,1,-1,-1,-1
2,24,751,422,13,15,1,-1,-1,-1
2,25,790,420,15,17,1,-1,-1,-1
2,26,796,399,13,19,1,-1,-1,-1
2,27,646,432,10,17,1,-1,-1,-1
2,28,643,414,10,15,1,-1,-1,-1
2,29,641,401,13,13,1,-1,-1,-1
2,30,667,441,10,17,1,-1,-1,-1
2,31,710,451,11,17,1,-1,-1,-1
2,32,649,449,13,15,1,-1,-1,-1
2,33,602,422,11,19,1,-1,-1,-1
2,34,582,430,14,21,1,-1,-1,-1
2,35,582,408,15,23,1,-1,-1,-1
3,0,565,395,19,11,1,-1,-1,-1
3,1,595,376,10,13,1,-1,-1,-1
3,2,606,381,10,13,1,-1,-1,-1
3,3,589,395,10,13,1,-1,-1,-1
3,4,602,395,10,13,1,-1,-1,-1
3,5,602,410,10,13,1,-1,-1,-1
3,6,636,370,9,13,1,-1,-1,-1
3,7,641,387,10,13,1,-1,-1,-1
3,8,654,381,9,13,1,-1,-1,-1
3,9,658,399,10,15,1,-1,-1,-1
3,10,663,424,10,15,1,-1,-1,-1
3,11,629,343,10,11,1,-1,-1,-1
3,12,653,366,10,13,1,-1,-1,-1
3,13,645,349,10,11,1,-1,-1,-1
3,14,645,331,9,11,1,-1,-1,-1
3,15,629,333,10,9,1,-1,-1,-1
3,16,629,322,9,11,1,-1,-1,-1
3,17,637,320,9,9,1,-1,-1,-1
3,18,646,310,7,9,1,-1,-1,-1
3,19,698,306,9,9,1,-1,-1,-1
3,20,720,327,10,13,1,-1,-1,-1
3,21,709,356,10,13,1,-1,-1,-1
3,22,697,358,10,13,1,-1,-1,-1
3,23,751,381,14,13,1,-1,-1,-1
3,24,749,420,13,15,1,-1,-1,-1
3,25,790,420,15,17,1,-1,-1,-1
3,26,796,397,13,19,1,-1,-1,-1
3,27,646,430,10,17,1,-1,-1,-1
3,28,643,414,10,15,1,-1,-1,-1
3,29,641,401,13,13,1,-1,-1,-1
3,30,667,443,10,17,1,-1,-1,-1
3,31,710,451,11,17,1,-1,-1,-1
3,32,649,449,13,15,1,-1,-1,-1
3,33,602,420,11,19,1,-1,-1,-1
3,34,582,432,14,21,1,-1,-1,-1
3,35,582,408,15,23,1,-1,-1,-1
4,0,565,395,19,11,1,-1,-1,-1
4,1,595,376,10,13,1,-1,-1,-1
4,2,606,379,10,13,1,-1,-1,-1
4,3,589,395,10,13,1,-1,-1,-1
4,4,602,395,10,13,1,-1,-1,-1
4,5,602,408,10,13,1,-1,-1,-1
4,6,636,370,9,13,1,-1,-1,-1
4,7,641,387,10,13,1,-1,-1,-1
4,8,654,383,9,13,1,-1,-1,-1
4,9,658,399,10,15,1,-1,-1,-1
4,10,663,424,10,15,1,-1,-1,-1
4,11,629,343,10,11,1,-1,-1,-1
4,12,653,366,10,13,1,-1,-1,-1
4,13,645,351,10,11,1,-1,-1,-1
4,14,645,331,9,11,1,-1,-1,-1
4,15,629,333,10,9,1,-1,-1,-1
4,16,629,322,9,11,1,-1,-1,-1
4,17,637,320,9,9,1,-1,-1,-1
4,18,646,310,7,9,1,-1,-1,-1
4,19,697,304,9,9,1,-1,-1,-1
4,20,719,327,10,13,1,-1,-1,-1
4,21,709,354,10,13,1,-1,-1,-1
4,22,697,358,10,13,1,-1,-1,-1
4,23,749,381,14,13,1,-1,-1,-1
4,24,749,420,13,15,1,-1,-1,-1
4,25,788,418,15,17,1,-1,-1,-1
4,26,796,399,13,19,1,-1,-1,-1
4,27,646,432,10,17,1,-1,-1,-1
4,28,643,414,10,15,1,-1,-1,-1
4,29,641,401,13,13,1,-1,-1,-1
4,30,668,443,10,17,1,-1,-1,-1
4,31,711,449,11,17,1,-1,-1,-1
4,32,649,449,13,15,1,-1,-1,-1
4,33,602,422,11,19,1,-1,-1,-1
4,34,582,430,14,21,1,-1,-1,-1
4,35,582,406,15,23,1,-1,-1,-1
5,0,565,395,19,11,1,-1,-1,-1
5,1,595,376,10,13,1,-1,-1,-1
5,2,606,379,10,13,1,-1,-1,-1
5,3,589,395,10,13,1,-1,-1,-1
5,4,602,393,10,13,1,-1,-1,-1
5,5,602,410,10,13,1,-1,-1,-1
5,6,636,368,9,13,1,-1,-1,-1
5,7,641,385,10,13,1,-1,-1,-1
5,8,655,381,9,13,1,-1,-1,-1
5,9,659,399,10,15,1,-1,-1,-1
5,10,663,422,10,15,1,-1,-1,-1
5,11,629,343,10,11,1,-1,-1,-1
5,12,653,366,10,13,1,-1,-1,-1
5,13,645,349,10,11,1,-1,-1,-1
5,14,645,331,9,11,1,-1,-1,-1
5,15,629,331,10,9,1,-1,-1,-1
5,16,629,322,9,11,1,-1,-1,-1
5,17,638,320,9,9,1,-1,-1,-1
5,18,646,312,7,9,1,-1,-1,-1
5,19,697,304,9,9,1,-1,-1,-1
5,20,719,327,10,13,1,-1,-1,-1
5,21,709,354,10,13,1,-1,-1,-1
5,22,697,356,10,13,1,-1,-1,-1
5,23,749,381,14,13,1,-1,-1,-1
5,24,748,418,13,15,1,-1,-1,-1
5,25,788,418,15,17,1,-1,-1,-1
5,26,796,397,13,19,1,-1,-1,-1
5,27,646,430,10,17,1,-1,-1,-1
5,28,643,414,10,15,1,-1,-1,-1
5,29,641,399,13,13,1,-1,-1,-1
5,30,667,443,10,17,1,-1,-1,-1
5,31,711,449,11,17,1,-1,-1,-1
5,32,649,449,13,15,1,-1,-1,-1
5,33,602,420,11,19,1,-1,-1,-1
5,34,582,430,14,21,1,-1,-1,-1
5,35,582,408,15,23,1,-1,-1,-1
6,0,565,395,19,11,1,-1,-1,-1
6,1,595,376,10,13,1,-1,-1,-1
6,2,606,379,10,13,1,-1,-1,-1
6,3,589,395,10,13,1,-1,-1,-1
6,4,602,393,10,13,1,-1,-1,-1
6,5,602,408,10,13,1,-1,-1,-1
6,6,636,370,9,13,1,-1,-1,-1
6,7,641,387,10,13,1,-1,-1,-1
6,8,654,381,9,13,1,-1,-1,-1
6,9,658,399,10,15,1,-1,-1,-1
6,10,663,424,10,15,1,-1,-1,-1
6,11,630,343,10,11,1,-1,-1,-1
6,12,653,364,10,13,1,-1,-1,-1
6,13,646,349,10,11,1,-1,-1,-1
6,14,645,331,9,11,1,-1,-1,-1
6,15,629,331,10,9,1,-1,-1,-1
6,16,629,322,9,11,1,-1,-1,-1
6,17,637,320,9,9,1,-1,-1,-1
6,18,646,310,7,9,1,-1,-1,-1
6,19,697,302,9,9,1,-1,-1,-1
6,20,719,325,10,13,1,-1,-1,-1
6,21,709,352,10,13,1,-1,-1,-1
6,22,697,356,10,13,1,-1,-1,-1
6,23,748,379,14,13,1,-1,-1,-1
6,24,748,418,13,15,1,-1,-1,-1
6,25,787,416,15,17,1,-1,-1,-1
6,26,798,397,13,19,1,-1,-1,-1
6,27,646,430,10,17,1,-1,-1,-1
6,28,643,414,10,15,1,-1,-1,-1
6,29,641,399,13,13,1,-1,-1,-1
6,30,668,441,10,17,1,-1,-1,-1
6,31,711,451,11,17,1,-1,-1,-1
6,32,650,449,13,15,1,-1,-1,-1
6,33,602,420,11,19,1,-1,-1,-1
6,34,582,430,14,21,1,-1,-1,-1
6,35,582,406,15,23,1,-1,-1,-1
7,0,565,393,19,11,1,-1,-1,-1
7,1,595,376,10,13,1,-1,-1,-1
7,2,606,379,10,13,1,-1,-1,-1
7,3,589,395,10,13,1,-1,-1,-1
7,4,602,393,10,13,1,-1,-1,-1
7,5,603,408,10,13,1,-1,-1,-1
7,6,636,368,9,13,1,-1,-1,-1
7,7,641,387,10,13,1,-1,-1,-1
7,8,655,381,9,13,1,-1,-1,-1
7,9,659,399,10,15,1,-1,-1,-1
7,10,663,424,10,15,1,-1,-1,-1
7,11,630,343,10,11,1,-1,-1,-1
7,12,654,364,10,13,1,-1,-1,-1
7,13,645,349,10,11,1,-1,-1,-1
7,14,645,331,9,11,1,-1,-1,-1
7,15,629,331,10,9,1,-1,-1,-1
7,16,629,322,9,11,1,-1,-1,-1
7,17,637,320,9,9,1,-1,-1,-1
7,18,646,310,7,9,1,-1,-1,-1
7,19,697,302,9,9,1,-1,-1,-1
7,20,719,325,10,13,1,-1,-1,-1
7,21,707,352,10,13,1,-1,-1,-1
7,22,696,354,10,13,1,-1,-1,-1
7,23,748,379,14,13,1,-1,-1,-1
7,24,748,416,13,15,1,-1,-1,-1
7,25,787,416,15,17,1,-1,-1,-1
7,26,796,397,13,19,1,-1,-1,-1
7,27,646,430,10,17,1,-1,-1,-1
7,28,645,414,10,15,1,-1,-1,-1
7,29,642,399,13,13,1,-1,-1,-1
7,30,668,441,10,17,1,-1,-1,-1
7,31,711,449,11,17,1,-1,-1,-1
7,32,649,447,13,15,1,-1,-1,-1
7,33,603,420,11,19,1,-1,-1,-1
7,34,582,430,14,21,1,-1,-1,-1
7,35,582,406,15,23,1,-1,-1,-1
8,0,565,395,19,11,1,-1,-1,-1
8,1,595,376,10,13,1,-1,-1,-1
8,2,606,379,10,13,1,-1,-1,-1
8,3,589,395,10,13,1,-1,-1,-1
8,4,602,393,10,13,1,-1,-1,-1
8,5,603,408,10,13,1,-1,-1,-1
8,6,637,368,9,13,1,-1,-1,-1
8,7,642,387,10,13,1,-1,-1,-1
8,8,654,381,9,13,1,-1,-1,-1
8,9,659,399,10,15,1,-1,-1,-1
8,10,663,424,10,15,1,-1,-1,-1
8,11,630,343,10,11,1,-1,-1,-1
8,12,654,364,10,13,1,-1,-1,-1
8,13,646,349,10,11,1,-1,-1,-1
8,14,646,331,9,11,1,-1,-1,-1
8,15,629,331,10,9,1,-1,-1,-1
8,16,629,322,9,11,1,-1,-1,-1
8,17,638,320,9,9,1,-1,-1,-1
8,18,646,310,7,9,1,-1,-1,-1
8,19,697,302,9,9,1,-1,-1,-1
8,20,719,325,10,13,1,-1,-1,-1
8,21,707,351,10,13,1,-1,-1,-1
8,22,697,354,10,13,1,-1,-1,-1
8,23,748,379,14,13,1,-1,-1,-1
8,24,748,414,13,15,1,-1,-1,-1
8,25,787,414,15,17,1,-1,-1,-1
8,26,798,397,13,19,1,-1,-1,-1
8,27,646,430,10,17,1,-1,-1,-1
8,28,643,412,10,15,1,-1,-1,-1
8,29,641,399,13,13,1,-1,-1,-1
8,30,668,441,10,17,1,-1,-1,-1
8,31,711,449,11,17,1,-1,-1,-1
8,32,649,447,13,15,1,-1,-1,-1
8,33,603,420,11,19,1,-1,-1,-1
8,34,583,430,14,21,1,-1,-1,-1
8,35,582,406,15,23,1,-1,-1,-1
9,0,565,393,19,11,1,-1,-1,-1
9,1,595,376,10,13,1,-1,-1,-1
9,2,607,379,10,13,1,-1,-1,-1
9,3,589,395,10,13,1,-1,-1,-1
9,4,603,393,10,13,1,-1,-1,-1
9,5,603,408,10,13,1,-1,-1,-1
9,6,636,368,9,13,1,-1,-1,-1
9,7,641,385,10,13,1,-1,-1,-1
9,8,655,381,9,13,1,-1,-1,-1
9,9,658,399,10,15,1,-1,-1,-1
9,10,663,424,10,15,1,-1,-1,-1
9,11,629,343,10,11,1,-1,-1,-1
9,12,654,364,10,13,1,-1,-1,-1
9,13,645,349,10,11,1,-1,-1,-1
9,14,645,331,9,11,1,-1,-1,-1
9,15,629,331,10,9,1,-1,-1,-1
9,16,629,322,9,11,1,-1,-1,-1
9,17,637,320,9,9,1,-1,-1,-1
9,18,646,310,7,9,1,-1,-1,-1
9,19,697,300,9,9,1,-1,-1,-1
9,20,719,325,10,13,1,-1,-1,-1
9,21,706,349,10,13,1,-1,-1,-1
9,22,696,352,10,13,1,-1,-1,-1
9,23,748,376,14,13,1,-1,-1,-1
9,24,748,414,13,15,1,-1,-1,-1
9,25,787,414,15,17,1,-1,-1,-1
9,26,798,397,13,19,1,-1,-1,-1
9,27,646,430,10,17,1,-1,-1,-1
9,28,643,412,10,15,1,-1,-1,-1
9,29,641,399,13,13,1,-1,-1,-1
9,30,668,441,10,17,1,-1,-1,-1
9,31,711,449,11,17,1,-1,-1,-1
9,32,650,447,13,15,1,-1,-1,-1
9,33,603,420,11,19,1,-1,-1,-1
9,34,583,430,14,21,1,-1,-1,-1
9,35,582,406,15,23,1,-1,-1,-1
10,0,565,393,19,11,1,-1,-1,-1
10,1,595,376,10,13,1,-1,-1,-1
10,2,606,379,10,13,1,-1,-1,-1
10,3,589,395,10,13,1,-1,-1,-1
10,4,603,393,10,13,1,-1,-1,-1
10,5,603,408,10,13,1,-1,-1,-1
10,6,636,368,9,13,1,-1,-1,-1
10,7,641,385,10,13,1,-1,-1,-1
10,8,655,381,9,13,1,-1,-1,-1
10,9,659,399,10,15,1,-1,-1,-1
10,10,663,422,10,15,1,-1,-1,-1
10,11,630,343,10,11,1,-1,-1,-1
10,12,654,364,10,13,1,-1,-1,-1
10,13,646,349,10,11,1,-1,-1,-1
10,14,645,331,9,11,1,-1,-1,-1
10,15,629,331,10,9,1,-1,-1,-1
10,16,629,320,9,11,1,-1,-1,-1
10,17,638,320,9,9,1,-1,-1,-1
10,18,646,310,7,9,1,-1,-1,-1
10,19,697,300,9,9,1,-1,-1,-1
10,20,718,324,10,13,1,-1,-1,-1
10,21,707,349,10,13,1,-1,-1,-1
10,22,696,352,10,13,1,-1,-1,-1
10,23,747,376,14,13,1,-1,-1,-1
10,24,747,412,13,15,1,-1,-1,-1
10,25,786,412,15,17,1,-1,-1,-1
10,26,798,397,13,19,1,-1,-1,-1
10,27,646,430,10,17,1,-1,-1,-1
10,28,643,412,10,15,1,-1,-1,-1
10,29,642,399,13,13,1,-1,-1,-1
10,30,668,441,10,17,1,-1,-1,-1
10,31,713,449,11,17,1,-1,-1,-1
10,32,649,447,13,15,1,-1,-1,-1
10,33,603,420,11,19,1,-1,-1,-1
10,34,583,430,14,21,1,-1,-1,-1
10,35,582,406,15,23,1,-1,-1,-1
11,0,566,393,19,11,1,-1,-1,-1
11,1,595,376,10,13,1,-1,-1,-1
11,2,606,379,10,13,1,-1,-1,-1
11,3,590,395,10,13,1,-1,-1,-1
11,4,603,393,10,13,1,-1,-1,-1
11,5,603,408,10,13,1,-1,-1,-1
11,6,637,368,9,13,1,-1,-1,-1
11,7,642,385,10,13,1,-1,-1,-1
11,8,655,381,9,13,1,-1,-1,-1
11,9,659,399,10,15,1,-1,-1,-1
11,10,663,422,10,15,1,-1,-1,-1
11,11,630,343,10,11,1,-1,-1,-1
11,12,654,364,10,13,1,-1,-1,-1
11,13,646,349,10,11,1,-1,-1,-1
11,14,645,331,9,11,1,-1,-1,-1
11,15,630,331,10,9,1,-1,-1,-1
11,16,629,320,9,11,1,-1,-1,-1
11,17,638,320,9,9,1,-1,-1,-1
11,18,646,310,7,9,1,-1,-1,-1
11,19,697,298,9,9,1,-1,-1,-1
11,20,718,322,10,13,1,-1,-1,-1
11,21,706,347,10,13,1,-1,-1,-1
11,22,696,349,10,13,1,-1,-1,-1
11,23,747,374,14,13,1,-1,-1,-1
11,24,747,412,13,15,1,-1,-1,-1
11,25,786,412,15,17,1,-1,-1,-1
11,26,798,397,13,19,1,-1,-1,-1
11,27,646,430,10,17,1,-1,-1,-1
11,28,645,412,10,15,1,-1,-1,-1
11,29,641,399,13,13,1,-1,-1,-1
11,30,668,441,10,17,1,-1,-1,-1
11,31,713,449,11,17,1,-1,-1,-1
11,32,650,447,13,15,1,-1,-1,-1
11,33,602,418,11,19,1,-1,-1,-1
11,34,583,428,14,21,1,-1,-1,-1
11,35,582,406,15,23,1,-1,-1,-1
12,0,565,393,19,11,1,-1,-1,-1
12,1,595,376,10,13,1,-1,-1,-1
12,2,606,378,10,13,1,-1,-1,-1
12,3,590,395,10,13,1,-1,-1,-1
12,4,602,393,10,13,1,-1,-1,-1
12,5,603,408,10,13,1,-1,-1,-1
12,6,637,368,9,13,1,-1,-1,-1
12,7,641,385,10,13,1,-1,-1,-1
12,8,655,381,9,13,1,-1,-1,-1
12,9,659,399,10,15,1,-1,-1,-1
12,10,663,422,10,15,1,-1,-1,-1
12,11,630,343,10,11,1,-1,-1,-1
12,12,654,364,10,13,1,-1,-1,-1
12,13,646,349,10,11,1,-1,-1,-1
12,14,646,331,9,11,1,-1,-1,-1
12,15,629,331,10,9,1,-1,-1,-1
12,16,629,320,9,11,1,-1,-1,-1
12,17,638,320,9,9,1,-1,-1,-1
12,18,647,310,7,9,1,-1,-1,-1
12,19,697,298,9,9,1,-1,-1,-1
12,20,718,322,10,13,1,-1,-1,-1
12,21,706,347,10,13,1,-1,-1,-1
12,22,694,349,10,13,1,-1,-1,-1
12,23,747,374,14,13,1,-1,-1,-1
12,24,745,410,13,15,1,-1,-1,-1
12,25,784,410,15,17,1,-1,-1,-1
12,26,798,397,13,19,1,-1,-1,-1
12,27,646,428,10,17,1,-1,-1,-1
12,28,643,412,10,15,1,-1,-1,-1
12,29,642,399,13,13,1,-1,-1,-1
12,30,668,441,10,17,1,-1,-1,-1
12,31,713,449,11,17,1,-1,-1,-1
12,32,650,447,13,15,1,-1,-1,-1
12,33,603,420,11,19,1,-1,-1,-1
12,34,582,428,14,21,1,-1,-1,-1
12,35,582,406,15,23,1,-1,-1,-1
13,0,565,393,19,11,1,-1,-1,-1
13,1,595,376,10,13,1,-1,-1,-1
13,2,607,378,10,13,1,-1,-1,-1
13,3,590,393,10,13,1,-1,-1,-1
13,4,603,393,10,13,1,-1,-1,-1
13,5,603,406,10,13,1,-1,-1,-1
13,6,637,368,9,13,1,-1,-1,-1
13,7,642,385,10,13,1,-1,-1,-1
13,8,655,381,9,13,1,-1,-1,-1
13,9,659,399,10,15,1,-1,-1,-1
13,10,663,422,10,15,1,-1,-1,-1
13,11,630,341,10,11,1,-1,-1,-1
13,12,654,364,10,13,1,-1,-1,-1
13,13,645,349,10,11,1,-1,-1,-1
13,14,646,331,9,11,1,-1,-1,-1
13,15,630,331,10,9,1,-1,-1,-1
13,16,629,320,9,11,1,-1,-1,-1
13,17,638,320,9,9,1,-1,-1,-1
13,18,646,310,7,9,1,-1,-1,-1
13,19,696,298,9,9,1,-1,-1,-1
13,20,718,322,10,13,1,-1,-1,-1
13,21,706,345,10,13,1,-1,-1,-1
13,22,696,349,10,13,1,-1,-1,-1
13,23,745,372,14,13,1,-1,-1,-1
13,24,744,410,13,15,1,-1,-1,-1
13,25,783,410,15,17,1,-1,-1,-1
13,26,798,395,13,19,1,-1,-1,-1
13,27,646,428,10,17,1,-1,-1,-1
13,28,645,412,10,15,1,-1,-1,-1
13,29,641,399,13,13,1,-1,-1,-1
13,30,668,441,10,17,1,-1,-1,-1
13,31,713,449,11,17,1,-1,-1,-1
13,32,650,445,13,15,1,-1,-1,-1
13,33,603,418,11,19,1,-1,-1,-1
13,34,583,428,14,21,1,-1,-1,-1
13,35,582,405,15,23,1,-1,-1,-1
14,0,566,393,19,11,1,-1,-1,-1
14,1,595,376,10,13,1,-1,-1,-1
14,2,606,378,10,13,1,-1,-1,-1
14,3,590,393,10,13,1,-1,-1,-1
14,4,603,391,10,13,1,-1,-1,-1
14,5,603,408,10,13,1,-1,-1,-1
14,6,636,368,9,13,1,-1,-1,-1
14,7,642,385,10,13,1,-1,-1,-1
14,8,655,379,9,13,1,-1,-1,-1
14,9,659,399,10,15,1,-1,-1,-1
14,10,663,422,10,15,1,-1,-1,-1
14,11,630,343,10,11,1,-1,-1,-1
14,12,654,364,10,13,1,-1,-1,-1
14,13,646,349,10,11,1,-1,-1,-1
14,14,646,331,9,11,1,-1,-1,-1
14,15,629,331,10,9,1,-1,-1,-1
14,16,629,320,9,11,1,-1,-1,-1
14,17,638,318,9,9,1,-1,-1,-1
14,18,646,310,7,9,1,-1,-1,-1
14,19,696,297,9,9,1,-1,-1,-1
14,20,718,320,10,13,1,-1,-1,-1
14,21,706,345,10,13,1,-1,-1,-1
14,22,694,347,10,13,1,-1,-1,-1
14,23,745,372,14,13,1,-1,-1,-1
14,24,745,408,13,15,1,-1,-1,-1
14,25,783,408,15,17,1,-1,-1,-1
14,26,798,395,13,19,1,-1,-1,-1
14,27,646,428,10,17,1,-1,-1,-1
14,28,645,412,10,15,1,-1,-1,-1
14,29,642,399,13,13,1,-1,-1,-1
14,30,668,441,10,17,1,-1,-1,-1
14,31,711,449,11,17,1,-1,-1,-1
14,32,650,445,13,15,1,-1,-1,-1
14,33,603,418,11,19,1,-1,-1,-1
14,34,583,428,14,21,1,-1,-1,-1
14,35,582,405,15,23,1,-1,-1,-1
15,0,565,393,19,11,1,-1,-1,-1
15,1,595,376,10,13,1,-1,-1,-1
15,2,606,378,10,13,1,-1,-1,-1
15,3,590,393,10,13,1,-1,-1,-1
15,4,603,391,10,13,1,-1,-1,-1
15,5,603,406,10,13,1,-1,-1,-1
15,6,637,368,9,13,1,-1,-1,-1
15,7,642,385,10,13,1,-1,-1,-1
15,8,655,381,9,13,1,-1,-1,-1
15,9,659,399,10,15,1,-1,-1,-1
15,10,664,422,10,15,1,-1,-1,-1
15,11,630,343,10,11,1,-1,-1,-1
15,12,654,364,10,13,1,-1,-1,-1
15,13,646,349,10,11,1,-1,-1,-1
15,14,645,329,9,11,1,-1,-1,-1
15,15,630,331,10,9,1,-1,-1,-1
15,16,629,320,9,11,1,-1,-1,-1
15,17,638,320,9,9,1,-1,-1,-1
15,18,647,310,7,9,1,-1,-1,-1
15,19,696,297,9,9,1,-1,-1,-1
15,20,718,322,10,13,1,-1,-1,-1
15,21,706,343,10,13,1,-1,-1,-1
15,22,693,345,10,13,1,-1,-1,-1
15,23,744,372,14,13,1,-1,-1,-1
15,24,744,408,13,15,1,-1,-1,-1
15,25,782,408,15,17,1,-1,-1,-1
15,26,798,395,13,19,1,-1,-1,-1
15,27,646,428,10,17,1,-1,-1,-1
15,28,643,412,10,15,1,-1,-1,-1
15,29,642,399,13,13,1,-1,-1,-1
15,30,670,441,10,17,1,-1,-1,-1
15,31,713,449,11,17,1,-1,-1,-1
15,32,650,445,13,15,1,-1,-1,-1
15,33,603,418,11,19,1,-1,-1,-1
15,34,583,428,14,21,1,-1,-1,-1
15,35,583,405,15,23,1,-1,-1,-1
16,0,566,391,19,11,1,-1,-1,-1
16,1,595,376,10,13,1,-1,-1,-1
16,2,607,376,10,13,1,-1,-1,-1
16,3,590,393,10,13,1,-1,-1,-1
16,4,603,391,10,13,1,-1,-1,-1
16,5,603,406,10,13,1,-1,-1,-1
16,6,637,368,9,13,1,-1,-1,-1
16,7,642,383,10,13,1,-1,-1,-1
16,8,655,381,9,13,1,-1,-1,-1
16,9,659,399,10,15,1,-1,-1,-1
16,10,663,422,10,15,1,-1,-1,-1
16,11,630,343,10,11,1,-1,-1,-1
16,12,654,364,10,13,1,-1,-1,-1
16,13,646,349,10,11,1,-1,-1,-1
16,14,646,331,9,11,1,-1,-1,-1
16,15,630,331,10,9,1,-1,-1,-1
16,16,629,320,9,11,1,-1,-1,-1
16,17,640,320,9,9,1,-1,-1,-1
16,18,646,310,7,9,1,-1,-1,-1
16,19,696,295,9,9,1,-1,-1,-1
16,20,718,320,10,13,1,-1,-1,-1
16,21,705,341,10,13,1,-1,-1,-1
16,22,694,345,10,13,1,-1,-1,-1
16,23,744,370,14,13,1,-1,-1,-1
16,24,744,406,13,15,1,-1,-1,-1
16,25,782,406,15,17,1,-1,-1,-1
16,26,799,395,13,19,1,-1,-1,-1
16,27,646,428,10,17,1,-1,-1,-1
16,28,645,412,10,15,1,-1,-1,-1
16,29,642,397,13,13,1,-1,-1,-1
16,30,670,439,10,17,1,-1,-1,-1
16,31,713,447,11,17,1,-1,-1,-1
16,32,650,445,13,15,1,-1,-1,-1
16,33,603,418,11,19,1,-1,-1,-1
16,34,583,428,14,21,1,-1,-1,-1
16,35,582,405,15,23,1,-1,-1,-1
17,0,565,391,19,11,1,-1,-1,-1
17,1,595,376,10,13,1,-1,-1,-1
17,2,607,376,10,13,1,-1,-1,-1
17,3,589,393,10,13,1,-1,-1,-1
17,4,603,391,10,13,1,-1,-1,-1
17,5,603,406,10,13,1,-1,-1,-1
17,6,637,368,9,13,1,-1,-1,-1
17,7,642,383,10,13,1,-1,-1,-1
17,8,655,381,9,13,1,-1,-1,-1
17,9,659,399,10,15,1,-1,-1,-1
17,10,664,422,10,15,1,-1,-1,-1
17,11,630,343,10,11,1,-1,-1,-1
17,12,654,364,10,13,1,-1,-1,-1
17,13,646,349,10,11,1,-1,-1,-1
17,14,646,329,9,11,1,-1,-1,-1
17,15,630,331,10,9,1,-1,-1,-1
17,16,629,320,9,11,1,-1,-1,-1
17,17,638,320,9,9,1,-1,-1,-1
17,18,646,310,7,9,1,-1,-1,-1
17,19,696,295,9,9,1,-1,-1,-1
17,20,718,320,10,13,1,-1,-1,-1
17,21,706,341,10,13,1,-1,-1,-1
17,22,694,343,10,13,1,-1,-1,-1
17,23,744,370,14,13,1,-1,-1,-1
17,24,744,405,13,15,1,-1,-1,-1
17,25,782,406,15,17,1,-1,-1,-1
17,26,798,395,13,19,1,-1,-1,-1
17,27,646,428,10,17,1,-1,-1,-1
17,28,645,412,10,15,1,-1,-1,-1
17,29,642,397,13,13,1,-1,-1,-1
17,30,668,441,10,17,1,-1,-1,-1
17,31,713,449,11,17,1,-1,-1,-1
17,32,650,445,13,15,1,-1,-1,-1
17,33,603,418,11,19,1,-1,-1,-1
17,34,585,428,14,21,1,-1,-1,-1
17,35,582,403,15,23,1,-1,-1,-1
18,0,566,391,19,11,1,-1,-1,-1
18,1,595,376,10,13,1,-1,-1,-1
18,2,606,376,10,13,1,-1,-1,-1
18,3,590,393,10,13,1,-1,-1,-1
18,4,603,391,10,13,1,-1,-1,-1
18,5,603,406,10,13,1,-1,-1,-1
18,6,637,366,9,13,1,-1,-1,-1
18,7,642,383,10,13,1,-1,-1,-1
18,8,656,379,9,13,1,-1,-1,-1
18,9,659,397,10,15,1,-1,-1,-1
18,10,664,422,10,15,1,-1,-1,-1
18,11,630,343,10,11,1,-1,-1,-1
18,12,654,364,10,13,1,-1,-1,-1
18,13,646,349,10,11,1,-1,-1,-1
18,14,646,329,9,11,1,-1,-1,-1
18,15,630,331,10,9,1,-1,-1,-1
18,16,629,320,9,11,1,-1,-1,-1
18,17,640,318,9,9,1,-1,-1,-1
18,18,646,310,7,9,1,-1,-1,-1
18,19,696,293,9,9,1,-1,-1,-1
18,20,718,318,10,13,1,-1,-1,-1
18,21,705,341,10,13,1,-1,-1,-1
18,22,693,343,10,13,1,-1,-1,-1
18,23,744,368,14,13,1,-1,-1,-1
18,24,743,403,13,15,1,-1,-1,-1
18,25,782,405,15,17,1,-1,-1,-1
18,26,799,395,13,19,1,-1,-1,-1
18,27,646,426,10,17,1,-1,-1,-1
18,28,645,410,10,15,1,-1,-1,-1
18,29,642,397,13,13,1,-1,-1,-1
18,30,670,441,10,17,1,-1,-1,-1
18,31,714,447,11,17,1,-1,-1,-1
18,32,650,445,13,15,1,-1,-1,-1
18,33,603,418,11,19,1,-1,-1,-1
18,34,585,426,14,21,1,-1,-1,-1
18,35,582,403,15,23,1,-1,-1,-1
19,0,566,391,19,11,1,-1,-1,-1
19,1,595,376,10,13,1,-1,-1,-1
19,2,607,376,10,13,1,-1,-1,-1
19,3,590,393,10,13,1,-1,-1,-1
19,4,603,391,10,13,1,-1,-1,-1
19,5,603,405,10,13,1,-1,-1,-1
19,6,637,368,9,13,1,-1,-1,-1
19,7,641,383,10,13,1,-1,-1,-1
19,8,655,379,9,13,1,-1,-1,-1
19,9,659,399,10,15,1,-1,-1,-1
19,10,664,422,10,15,1,-1,-1,-1
19,11,630,341,10,11,1,-1,-1,-1
19,12,654,364,10,13,1,-1,-1,-1
19,13,646,349,10,11,1,-1,-1,-1
19,14,646,329,9,11,1,-1,-1,-1
19,15,630,329,10,9,1,-1,-1,-1
19,16,629,318,9,11,1,-1,-1,-1
19,17,640,318,9,9,1,-1,-1,-1
19,18,646,308,7,9,1,-1,-1,-1
19,19,694,293,9,9,1,-1,-1,-1
19,20,718,318,10,13,1,-1,-1,-1
19,21,704,339,10,13,1,-1,-1,-1
19,22,693,341,10,13,1,-1,-1,-1
19,23,744,368,14,13,1,-1,-1,-1
19,24,743,401,13,15,1,-1,-1,-1
19,25,782,403,15,17,1,-1,-1,-1
19,26,799,393,13,19,1,-1,-1,-1
19,27,646,426,10,17,1,-1,-1,-1
19,28,645,410,10,15,1,-1,-1,-1
19,29,642,397,13,13,1,-1,-1,-1
19,30,670,441,10,17,1,-1,-1,-1
19,31,714,447,11,17,1,-1,-1,-1
19,32,650,445,13,15,1,-1,-1,-1
19,33,603,418,11,19,1,-1,-1,-1
19,34,585,426,14,21,1,-1,-1,-1
19,35,582,403,15,23,1,-1,-1,-1
20,0,566,391,19,11,1,-1,-1,-1
20,1,595,376,10,13,1,-1,-1,-1
20,2,607,376,10,13,1,-1,-1,-1
20,3,590,393,10,13,1,-1,-1,-1
20,4,603,391,10,13,1,-1,-1,-1
20,5,603,406,10,13,1,-1,-1,-1
20,6,637,366,9,13,1,-1,-1,-1
20,7,642,383,10,13,1,-1,-1,-1
20,8,656,379,9,13,1,-1,-1,-1
20,9,659,397,10,15,1,-1,-1,-1
20,10,664,422,10,15,1,-1,-1,-1
20,11,630,341,10,11,1,-1,-1,-1
20,12,654,362,10,13,1,-1,-1,-1
20,13,646,349,10,11,1,-1,-1,-1
20,14,646,329,9,11,1,-1,-1,-1
20,15,630,329,10,9,1,-1,-1,-1
20,16,629,320,9,11,1,-1,-1,-1
20,17,638,318,9,9,1,-1,-1,-1
20,18,646,308,7,9,1,-1,-1,-1
20,19,694,291,9,9,1,-1,-1,-1
20,20,717,318,10,13,1,-1,-1,-1
20,21,705,337,10,13,1,-1,-1,-1
20,22,693,341,10,13,1,-1,-1,-1
20,23,743,366,14,13,1,-1,-1,-1
20,24,743,401,13,15,1,-1,-1,-1
20,25,781,401,15,17,1,-1,-1,-1
20,26,798,395,13,19,1,-1,-1,-1
20,27,646,426,10,17,1,-1,-1,-1
20,28,645,410,10,15,1,-1,-1,-1
20,29,642,395,13,13,1,-1,-1,-1
20,30,670,439,10,17,1,-1,-1,-1
20,31,714,447,11,17,1,-1,-1,-1
20,32,650,445,13,15,1,-1,-1,-1
20,33,603,416,11,19,1,-1,-1,-1
20,34,585,426,14,21,1,-1,-1,-1
20,35,582,403,15,23,1,-1,-1,-1
21,0,566,389,19,11,1,-1,-1,-1
21,1,595,376,10,13,1,-1,-1,-1
21,2,607,376,10,13,1,-1,-1,-1
21,3,590,393,10,13,1,-1,-1,-1
21,4,603,391,10,13,1,-1,-1,-1
21,5,603,405,10,13,1,-1,-1,-1
21,6,637,366,9,13,1,-1,-1,-1
21,7,642,383,10,13,1,-1,-1,-1
21,8,656,379,9,13,1,-1,-1,-1
21,9,659,397,10,15,1,-1,-1,-1
21,10,664,422,10,15,1,-1,-1,-1
21,11,632,341,10,11,1,-1,-1,-1
21,12,654,362,10,13,1,-1,-1,-1
21,13,646,347,10,11,1,-1,-1,-1
21,14,646,329,9,11,1,-1,-1,-1
21,15,630,329,10,9,1,-1,-1,-1
21,16,629,318,9,11,1,-1,-1,-1
21,17,640,318,9,9,1,-1,-1,-1
21,18,646,308,7,9,1,-1,-1,-1
21,19,694,291,9,9,1,-1,-1,-1
21,20,718,316,10,13,1,-1,-1,-1
21,21,704,337,10,13,1,-1,-1,-1
21,22,693,339,10,13,1,-1,-1,-1
21,23,743,366,14,13,1,-1,-1,-1
21,24,741,399,13,15,1,-1,-1,-1
21,25,779,401,15,17,1,-1,-1,-1
21,26,799,393,13,19,1,-1,-1,-1
21,27,646,426,10,17,1,-1,-1,-1
21,28,646,410,10,15,1,-1,-1,-1
21,29,642,395,13,13,1,-1,-1,-1
21,30,670,439,10,17,1,-1,-1,-1
21,31,713,447,11,17,1,-1,-1,-1
21,32,650,445,13,15,1,-1,-1,-1
21,33,603,416,11,19,1,-1,-1,-1
21,34,585,426,14,21,1,-1,-1,-1
21,35,582,403,15,23,1,-1,-1,-1
22,0,566,391,19,11,1,-1,-1,-1
22,1,595,376,10,13,1,-1,-1,-1
22,2,607,376,10,13,1,-1,-1,-1
22,3,590,393,10,13,1,-1,-1,-1
22,4,603,391,10,13,1,-1,-1,-1
22,5,603,405,10,13,1,-1,-1,-1
22,6,637,366,9,13,1,-1,-1,-1
22,7,642,383,10,13,1,-1,-1,-1
22,8,656,379,9,13,1,-1,-1,-1
22,9,659,397,10,15,1,-1,-1,-1
22,10,664,420,10,15,1,-1,-1,-1
22,11,632,341,10,11,1,-1,-1,-1
22,12,654,362,10,13,1,-1,-1,-1
22,13,646,347,10,11,1,-1,-1,-1
22,14,646,329,9,11,1,-1,-1,-1
22,15,630,329,10,9,1,-1,-1,-1
22,16,629,318,9,11,1,-1,-1,-1
22,17,640,318,9,9,1,-1,-1,-1
22,18,647,308,7,9,1,-1,-1,-1
22,19,694,289,9,9,1,-1,-1,-1
22,20,718,316,10,13,1,-1,-1,-1
22,21,704,337,10,13,1,-1,-1,-1
22,22,693,339,10,13,1,-1,-1,-1
22,23,741,364,14,13,1,-1,-1,-1
22,24,741,399,13,15,1,-1,-1,-1
22,25,779,399,15,17,1,-1,-1,-1
22,26,799,393,13,19,1,-1,-1,-1
22,27,647,426,10,17,1,-1,-1,-1
22,28,645,410,10,15,1,-1,-1,-1
22,29,642,395,13,13,1,-1,-1,-1
22,30,671,439,10,17,1,-1,-1,-1
22,31,714,447,11,17,1,-1,-1,-1
22,32,650,443,13,15,1,-1,-1,-1
22,33,603,416,11,19,1,-1,-1,-1
22,34,585,426,14,21,1,-1,-1,-1
22,35,582,403,15,23,1,-1,-1,-1
23,0,566,391,19,11,1,-1,-1,-1
23,1,595,376,10,13,1,-1,-1,-1
23,2,607,376,10,13,1,-1,-1,-1
23,3,590,391,10,13,1,-1,-1,-1
23,4,603,391,10,13,1,-1,-1,-1
23,5,603,405,10,13,1,-1,-1,-1
23,6,637,366,9,13,1,-1,-1,-1
23,7,642,383,10,13,1,-1,-1,-1
23,8,656,379,9,13,1,-1,-1,-1
23,9,659,397,10,15,1,-1,-1,-1
23,10,666,422,10,15,1,-1,-1,-1
23,11,632,341,10,11,1,-1,-1,-1
23,12,654,362,10,13,1,-1,-1,-1
23,13,646,347,10,11,1,-1,-1,-1
23,14,646,329,9,11,1,-1,-1,-1
23,15,630,329,10,9,1,-1,-1,-1
23,16,629,318,9,11,1,-1,-1,-1
23,17,641,318,9,9,1,-1,-1,-1
23,18,647,308,7,9,1,-1,-1,-1
23,19,694,289,9,9,1,-1,-1,-1
23,20,718,316,10,13,1,-1,-1,-1
23,21,704,335,10,13,1,-1,-1,-1
23,22,693,337,10,13,1,-1,-1,-1
23,23,741,364,14,13,1,-1,-1,-1
23,24,741,397,13,15,1,-1,-1,-1
23,25,779,399,15,17,1,-1,-1,-1
23,26,799,393,13,19,1,-1,-1,-1
23,27,646,426,10,17,1,-1,-1,-1
23,28,645,408,10,15,1,-1,-1,-1
23,29,642,395,13,13,1,-1,-1,-1
23,30,670,439,10,17,1,-1,-1,-1
23,31,714,447,11,17,1,-1,-1,-1
23,32,650,443,13,15,1,-1,-1,-1
23,33,603,416,11,19,1,-1,-1,-1
23,34,585,426,14,21,1,-1,-1,-1
23,35,582,401,15,23,1,-1,-1,-1
23,36,752,446,14,16,1,-1,-1,-1
24,0,566,389,19,11,1,-1,-1,-1
24,1,595,376,10,13,1,-1,-1,-1
24,2,607,376,10,13,1,-1,-1,-1
24,3,590,391,10,13,1,-1,-1,-1
24,4,603,391,10,13,1,-1,-1,-1
24,5,603,403,10,13,1,-1,-1,-1
24,6,637,366,9,13,1,-1,-1,-1
24,7,642,381,10,13,1,-1,-1,-1
24,8,656,379,9,13,1,-1,-1,-1
24,9,659,397,10,15,1,-1,-1,-1
24,10,664,420,10,15,1,-1,-1,-1
24,11,632,341,10,11,1,-1,-1,-1
24,12,655,362,10,13,1,-1,-1,-1
24,13,646,347,10,11,1,-1,-1,-1
24,14,646,329,9,11,1,-1,-1,-1
24,15,630,329,10,9,1,-1,-1,-1
24,16,629,318,9,11,1,-1,-1,-1
24,17,640,318,9,9,1,-1,-1,-1
24,18,647,308,7,9,1,-1,-1,-1
24,19,694,289,9,9,1,-1,-1,-1
24,20,718,316,10,13,1,-1,-1,-1
24,21,702,333,10,13,1,-1,-1,-1
24,22,693,337,10,13,1,-1,-1,-1
24,23,741,362,14,13,1,-1,-1,-1
24,24,740,397,13,15,1,-1,-1,-1
24,25,778,399,15,17,1,-1,-1,-1
24,26,799,393,13,19,1,-1,-1,-1
24,27,647,426,10,17,1,-1,-1,-1
24,28,646,408,10,15,1,-1,-1,-1
24,29,642,395,13,13,1,-1,-1,-1
24,30,670,439,10,17,1,-1,-1,-1
24,31,714,447,11,17,1,-1,-1,-1
24,32,650,443,13,15,1,-1,-1,-1
24,33,603,416,11,19,1,-1,-1,-1
24,34,585,426,14,21,1,-1,-1,-1
24,35,582,401,15,23,1,-1,-1,-1
24,36,752,445,14,15,1,-1,-1,-1
25,0,566,389,19,11,1,-1,-1,-1
25,1,595,376,10,13,1,-1,-1,-1
25,2,607,374,10,13,1,-1,-1,-1
25,3,590,391,10,13,1,-1,-1,-1
25,4,603,389,10,13,1,-1,-1,-1
25,5,603,403,10,13,1,-1,-1,-1
25,6,637,366,9,13,1,-1,-1,-1
25,7,642,381,10,13,1,-1,-1,-1
25,8,656,379,9,13,1,-1,-1,-1
25,9,660,397,10,15,1,-1,-1,-1
25,10,664,420,10,15,1,-1,-1,-1
25,11,632,341,10,11,1,-1,-1,-1
25,12,655,362,10,13,1,-1,-1,-1
25,13,646,347,10,11,1,-1,-1,-1
25,14,646,329,9,11,1,-1,-1,-1
25,15,632,329,10,9,1,-1,-1,-1
25,16,629,318,9,11,1,-1,-1,-1
25,17,640,318,9,9,1,-1,-1,-1
25,18,646,308,7,9,1,-1,-1,-1
25,19,693,287,9,9,1,-1,-1,-1
25,20,718,314,10,13,1,-1,-1,-1
25,21,702,333,10,13,1,-1,-1,-1
25,22,693,335,10,13,1,-1,-1,-1
25,23,740,362,14,13,1,-1,-1,-1
25,24,740,395,13,15,1,-1,-1,-1
25,25,778,397,15,17,1,-1,-1,-1
25,26,799,391,13,19,1,-1,-1,-1
25,27,647,426,10,17,1,-1,-1,-1
25,28,645,408,10,15,1,-1,-1,-1
25,29,642,395,13,13,1,-1,-1,-1
25,30,671,439,10,17,1,-1,-1,-1
25,31,714,447,11,17,1,-1,-1,-1
25,32,650,443,13,15,1,-1,-1,-1
25,33,603,416,11,19,1,-1,-1,-1
25,34,585,424,14,21,1,-1,-1,-1
25,35,582,403,15,23,1,-1,-1,-1
25,36,752,443,14,15,1,-1,-1,-1
26,0,566,389,19,11,1,-1,-1,-1
26,1,595,376,10,13,1,-1,-1,-1
26,2,607,374,10,13,1,-1,-1,-1
26,3,590,391,10,13,1,-1,-1,-1
26,4,603,389,10,13,1,-1,-1,-1
26,5,603,403,10,13,1,-1,-1,-1
26,6,637,366,9,13,1,-1,-1,-1
26,7,642,381,10,13,1,-1,-1,-1
26,8,656,379,9,13,1,-1,-1,-1
26,9,660,397,10,15,1,-1,-1,-1
26,10,666,420,10,15,1,-1,-1,-1
26,11,632,341,10,11,1,-1,-1,-1
26,12,655,362,10,13,1,-1,-1,-1
26,13,646,347,10,11,1,-1,-1,-1
26,14,646,329,9,11,1,-1,-1,-1
26,15,630,329,10,9,1,-1,-1,-1
26,16,630,318,9,11,1,-1,-1,-1
26,17,641,318,9,9,1,-1,-1,-1
26,18,647,308,7,9,1,-1,-1,-1
26,19,693,287,9,9,1,-1,-1,-1
26,20,717,314,10,13,1,-1,-1,-1
26,21,702,331,10,13,1,-1,-1,-1
26,22,692,335,10,13,1,-1,-1,-1
26,23,740,360,14,13,1,-1,-1,-1
26,24,740,393,13,15,1,-1,-1,-1
26,25,777,395,15,17,1,-1,-1,-1
26,26,799,393,13,19,1,-1,-1,-1
26,27,646,424,10,17,1,-1,-1,-1
26,28,646,408,10,15,1,-1,-1,-1
26,29,642,395,13,13,1,-1,-1,-1
26,30,671,439,10,17,1,-1,-1,-1
26,31,714,445,11,17,1,-1,-1,-1
26,32,650,443,13,15,1,-1,-1,-1
26,33,603,416,11,19,1,-1,-1,-1
26,34,583,424,14,21,1,-1,-1,-1
26,35,583,401,15,23,1,-1,-1,-1
26,36,751,443,14,15,1,-1,-1,-1
27,0,566,389,19,11,1,-1,-1,-1
27,1,595,376,10,13,1,-1,-1,-1
27,2,607,374,10,13,1,-1,-1,-1
27,3,590,391,10,13,1,-1,-1,-1
27,4,603,389,10,13,1,-1,-1,-1
27,5,603,403,10,13,1,-1,-1,-1
27,6,637,366,9,13,1,-1,-1,-1
27,7,642,381,10,13,1,-1,-1,-1
27,8,658,378,9,13,1,-1,-1,-1
27,9,660,397,10,15,1,-1,-1,-1
27,10,666,420,10,15,1,-1,-1,-1
27,11,633,341,10,11,1,-1,-1,-1
27,12,655,362,10,13,1,-1,-1,-1
27,13,646,347,10,11,1,-1,-1,-1
27,14,646,329,9,11,1,-1,-1,-1
27,15,632,329,10,9,1,-1,-1,-1
27,16,629,318,9,11,1,-1,-1,-1
27,17,640,318,9,9,1,-1,-1,-1
27,18,647,308,7,9,1,-1,-1,-1
27,19,693,287,9,9,1,-1,-1,-1
27,20,717,314,10,13,1,-1,-1,-1
27,21,702,331,10,13,1,-1,-1,-1
27,22,693,333,10,13,1,-1,-1,-1
27,23,740,360,14,13,1,-1,-1,-1
27,24,740,393,13,15,1,-1,-1,-1
27,25,777,395,15,17,1,-1,-1,-1
27,26,799,393,13,19,1,-1,-1,-1
27,27,647,424,10,17,1,-1,-1,-1
27,28,646,408,10,15,1,-1,-1,-1
27,29,642,395,13,13,1,-1,-1,-1
27,30,671,439,10,17,1,-1,-1,-1
27,31,714,447,11,17,1,-1,-1,-1
27,32,650,443,13,15,1,-1,-1,-1
27,33,603,416,11,19,1,-1,-1,-1
27,34,583,424,14,21,1,-1,-1,-1
27,35,583,401,15,23,1,-1,-1,-1
27,36,751,441,14,15,1,-1,-1,-1
28,0,566,389,19,11,1,-1,-1,-1
28,1,595,376,10,13,1,-1,-1,-1
28,2,608,374,10,13,1,-1,-1,-1
28,3,590,393,10,13,1,-1,-1,-1
28,4,603,389,10,13,1,-1,-1,-1
28,5,603,403,10,13,1,-1,-1,-1
28,6,637,366,9,13,1,-1,-1,-1
28,7,642,381,10,13,1,-1,-1,-1
28,8,656,379,9,13,1,-1,-1,-1
28,9,660,397,10,15,1,-1,-1,-1
28,10,666,420,10,15,1,-1,-1,-1
28,11,633,341,10,11,1,-1,-1,-1
28,12,655,362,10,13,1,-1,-1,-1
28,13,646,347,10,11,1,-1,-1,-1
28,14,646,329,9,11,1,-1,-1,-1
28,15,630,329,10,9,1,-1,-1,-1
28,16,629,318,9,11,1,-1,-1,-1
28,17,641,318,9,9,1,-1,-1,-1
28,18,647,308,7,9,1,-1,-1,-1
28,19,693,285,9,9,1,-1,-1,-1
28,20,715,314,10,13,1,-1,-1,-1
28,21,701,331,10,13,1,-1,-1,-1
28,22,692,333,10,13,1,-1,-1,-1
28,23,740,360,14,13,1,-1,-1,-1
28,24,739,391,13,15,1,-1,-1,-1
28,25,777,393,15,17,1,-1,-1,-1
28,26,799,393,13,19,1,-1,-1,-1
28,27,647,424,10,17,1,-1,-1,-1
28,28,645,408,10,15,1,-1,-1,-1
28,29,642,395,13,13,1,-1,-1,-1
28,30,671,439,10,17,1,-1,-1,-1
28,31,714,447,11,17,1,-1,-1,-1
28,32,650,443,13,15,1,-1,-1,-1
28,33,603,416,11,19,1,-1,-1,-1
28,34,585,424,14,21,1,-1,-1,-1
28,35,583,401,15,23,1,-1,-1,-1
28,36,751,439,14,15,1,-1,-1,-1
29,0,566,389,19,11,1,-1,-1,-1
29,1,595,376,10,13,1,-1,-1,-1
29,2,607,374,10,13,1,-1,-1,-1
29,3,590,391,10,13,1,-1,-1,-1
29,4,603,389,10,13,1,-1,-1,-1
29,5,603,403,10,13,1,-1,-1,-1
29,6,637,366,9,13,1,-1,-1,-1
29,7,642,381,10,13,1,-1,-1,-1
29,8,658,379,9,13,1,-1,-1,-1
29,9,660,397,10,15,1,-1,-1,-1
29,10,666,420,10,15,1,-1,-1,-1
29,11,633,341,10,11,1,-1,-1,-1
29,12,655,362,10,13,1,-1,-1,-1
29,13,646,347,10,11,1,-1,-1,-1
29,14,646,329,9,11,1,-1,-1,-1
29,15,632,329,10,9,1,-1,-1,-1
29,16,630,316,9,11,1,-1,-1,-1
29,17,641,316,9,9,1,-1,-1,-1
29,18,647,308,7,9,1,-1,-1,-1
29,19,693,285,9,9,1,-1,-1,-1
29,20,717,312,10,13,1,-1,-1,-1
29,21,702,329,10,13,1,-1,-1,-1
29,22,692,331,10,13,1,-1,-1,-1
29,23,739,358,14,13,1,-1,-1,-1
29,24,739,391,13,15,1,-1,-1,-1
29,25,777,393,15,17,1,-1,-1,-1
29,26,799,391,13,19,1,-1,-1,-1
29,27,647,424,10,17,1,-1,-1,-1
29,28,646,408,10,15,1,-1,-1,-1
29,29,642,395,13,13,1,-1,-1,-1
29,30,671,437,10,17,1,-1,-1,-1
29,31,714,445,11,17,1,-1,-1,-1
29,32,650,441,13,15,1,-1,-1,-1
29,33,603,416,11,19,1,-1,-1,-1
29,34,585,424,14,21,1,-1,-1,-1
29,35,583,401,15,23,1,-1,-1,-1
29,36,751,439,14,15,1,-1,-1,-1
30,0,566,387,19,11,1,-1,-1,-1
30,1,595,374,10,13,1,-1,-1,-1
30,2,607,374,10,13,1,-1,-1,-1
30,3,590,391,10,13,1,-1,-1,-1
30,4,603,387,10,13,1,-1,-1,-1
30,5,603,403,10,13,1,-1,-1,-1
30,6,637,366,9,13,1,-1,-1,-1
30,7,642,381,10,13,1,-1,-1,-1
30,8,656,378,9,13,1,-1,-1,-1
30,9,660,397,10,15,1,-1,-1,-1
30,10,666,420,10,15,1,-1,-1,-1
30,11,633,341,10,11,1,-1,-1,-1
30,12,654,362,10,13,1,-1,-1,-1
30,13,646,347,10,11,1,-1,-1,-1
30,14,646,327,9,11,1,-1,-1,-1
30,15,632,329,10,9,1,-1,-1,-1
30,16,629,318,9,11,1,-1,-1,-1
30,17,641,316,9,9,1,-1,-1,-1
30,18,647,308,7,9,1,-1,-1,-1
30,19,693,285,9,9,1,-1,-1,-1
30,20,717,312,10,13,1,-1,-1,-1
30,21,701,327,10,13,1,-1,-1,-1
30,22,692,331,10,13,1,-1,-1,-1
30,23,739,358,14,13,1,-1,-1,-1
30,24,737,389,13,15,1,-1,-1,-1
30,25,775,391,15,17,1,-1,-1,-1
30,26,799,391,13,19,1,-1,-1,-1
30,27,647,424,10,17,1,-1,-1,-1
30,28,646,408,10,15,1,-1,-1,-1
30,29,642,395,13,13,1,-1,-1,-1
30,30,671,437,10,17,1,-1,-1,-1
30,31,715,445,11,17,1,-1,-1,-1
30,32,650,441,13,15,1,-1,-1,-1
30,33,603,416,11,19,1,-1,-1,-1
30,34,585,424,14,21,1,-1,-1,-1
30,35,582,401,15,23,1,-1,-1,-1
30,36,751,437,14,15,1,-1,-1,-1
31,0,568,387,19,11,1,-1,-1,-1
31,1,595,376,10,13,1,-1,-1,-1
31,2,607,374,10,13,1,-1,-1,-1
31,3,590,391,10,13,1,-1,-1,-1
31,4,603,389,10,13,1,-1,-1,-1
31,5,603,403,10,13,1,-1,-1,-1
31,6,637,364,9,13,1,-1,-1,-1
31,7,642,381,10,13,1,-1,-1,-1
31,8,658,378,9,13,1,-1,-1,-1
31,9,660,397,10,15,1,-1,-1,-1
31,10,667,420,10,15,1,-1,-1,-1
31,11,633,341,10,11,1,-1,-1,-1
31,12,655,362,10,13,1,-1,-1,-1
31,13,646,345,10,11,1,-1,-1,-1
31,14,646,327,9,11,1,-1,-1,-1
31,15,632,329,10,9,1,-1,-1,-1
31,16,630,316,9,11,1,-1,-1,-1
31,17,641,316,9,9,1,-1,-1,-1
31,18,647,306,7,9,1,-1,-1,-1
31,19,693,283,9,9,1,-1,-1,-1
31,20,717,312,10,13,1,-1,-1,-1
31,21,701,327,10,13,1,-1,-1,-1
31,22,692,329,10,13,1,-1,-1,-1
31,23,739,356,14,13,1,-1,-1,-1
31,24,737,387,13,15,1,-1,-1,-1
31,25,774,391,15,17,1,-1,-1,-1
31,26,799,391,13,19,1,-1,-1,-1
31,27,647,424,10,17,1,-1,-1,-1
31,28,646,408,10,15,1,-1,-1,-1
31,29,642,393,13,13,1,-1,-1,-1
31,30,671,437,10,17,1,-1,-1,-1
31,31,714,445,11,17,1,-1,-1,-1
31,32,651,441,13,15,1,-1,-1,-1
31,33,604,414,11,19,1,-1,-1,-1
31,34,585,424,14,21,1,-1,-1,-1
31,35,583,399,15,23,1,-1,-1,-1
31,36,749,435,14,15,1,-1,-1,-1
32,0,566,387,19,11,1,-1,-1,-1
32,1,595,374,10,13,1,-1,-1,-1
32,2,608,374,10,13,1,-1,-1,-1
32,3,590,391,10,13,1,-1,-1,-1
32,4,603,387,10,13,1,-1,-1,-1
32,5,603,401,10,13,1,-1,-1,-1
32,6,637,366,9,13,1,-1,-1,-1
32,7,642,381,10,13,1,-1,-1,-1
32,8,658,376,9,13,1,-1,-1,-1
32,9,660,397,10,15,1,-1,-1,-1
32,10,666,420,10,15,1,-1,-1,-1
32,11,633,341,10,11,1,-1,-1,-1
32,12,655,362,10,13,1,-1,-1,-1
32,13,647,345,10,11,1,-1,-1,-1
32,14,646,327,9,11,1,-1,-1,-1
32,15,630,329,10,9,1,-1,-1,-1
32,16,630,316,9,11,1,-1,-1,-1
32,17,641,316,9,9,1,-1,-1,-1
32,18,647,306,7,9,1,-1,-1,-1
32,19,693,283,9,9,1,-1,-1,-1
32,20,717,310,10,13,1,-1,-1,-1
32,21,701,325,10,13,1,-1,-1,-1
32,22,690,329,10,13,1,-1,-1,-1
32,23,739,356,14,13,1,-1,-1,-1
32,24,736,387,13,15,1,-1,-1,-1
32,25,774,389,15,17,1,-1,-1,-1
32,26,799,391,13,19,1,-1,-1,-1
32,27,647,422,10,17,1,-1,-1,-1
32,28,646,408,10,15,1,-1,-1,-1
32,29,642,393,13,13,1,-1,-1,-1
32,30,671,439,10,17,1,-1,-1,-1
32,31,714,445,11,17,1,-1,-1,-1
32,32,650,441,13,15,1,-1,-1,-1
32,33,604,414,11,19,1,-1,-1,-1
32,34,585,422,14,21,1,-1,-1,-1
32,35,585,399,15,23,1,-1,-1,-1
32,36,748,435,14,15,1,-1,-1,-1
33,0,568,387,19,11,1,-1,-1,-1
33,1,595,374,10,13,1,-1,-1,-1
33,2,607,372,10,13,1,-1,-1,-1
33,3,590,391,10,13,1,-1,-1,-1
33,4,603,387,10,13,1,-1,-1,-1
33,5,604,401,10,13,1,-1,-1,-1
33,6,637,364,9,13,1,-1,-1,-1
33,7,642,381,10,13,1,-1,-1,-1
33,8,658,376,9,13,1,-1,-1,-1
33,9,660,397,10,15,1,-1,-1,-1
33,10,666,420,10,15,1,-1,-1,-1
33,11,632,341,10,11,1,-1,-1,-1
33,12,655,362,10,13,1,-1,-1,-1
33,13,646,345,10,11,1,-1,-1,-1
33,14,646,327,9,11,1,-1,-1,-1
33,15,632,329,10,9,1,-1,-1,-1
33,16,630,316,9,11,1,-1,-1,-1
33,17,641,316,9,9,1,-1,-1,-1
33,18,649,306,7,9,1,-1,-1,-1
33,19,692,281,9,9,1,-1,-1,-1
33,20,717,310,10,13,1,-1,-1,-1
33,21,701,325,10,13,1,-1,-1,-1
33,22,690,327,10,13,1,-1,-1,-1
33,23,737,354,14,13,1,-1,-1,-1
33,24,736,385,13,15,1,-1,-1,-1
33,25,774,389,15,17,1,-1,-1,-1
33,26,799,391,13,19,1,-1,-1,-1
33,27,647,424,10,17,1,-1,-1,-1
33,28,646,406,10,15,1,-1,-1,-1
33,29,642,393,13,13,1,-1,-1,-1
33,30,671,437,10,17,1,-1,-1,-1
33,31,714,445,11,17,1,-1,-1,-1
33,32,650,441,13,15,1,-1,-1,-1
33,33,604,414,11,19,1,-1,-1,-1
33,34,585,422,14,21,1,-1,-1,-1
33,35,583,399,15,23,1,-1,-1,-1
33,36,748,433,14,15,1,-1,-1,-1
34,0,566,387,19,11,1,-1,-1,-1
34,1,595,374,10,13,1,-1,-1,-1
34,2,607,374,10,13,1,-1,-1,-1
34,3,590,391,10,13,1,-1,-1,-1
34,4,603,387,10,13,1,-1,-1,-1
34,5,604,401,10,13,1,-1,-1,-1
34,6,638,364,9,13,1,-1,-1,-1
34,7,642,379,10,13,1,-1,-1,-1
34,8,658,376,9,13,1,-1,-1,-1
34,9,662,397,10,15,1,-1,-1,-1
34,10,667,420,10,15,1,-1,-1,-1
34,11,633,341,10,11,1,-1,-1,-1
34,12,655,360,10,13,1,-1,-1,-1
34,13,647,345,10,11,1,-1,-1,-1
34,14,646,327,9,11,1,-1,-1,-1
34,15,632,329,10,9,1,-1,-1,-1
34,16,630,316,9,11,1,-1,-1,-1
34,17,641,316,9,9,1,-1,-1,-1
34,18,649,306,7,9,1,-1,-1,-1
34,19,693,281,9,9,1,-1,-1,-1
34,20,715,310,10,13,1,-1,-1,-1
34,21,701,325,10,13,1,-1,-1,-1
34,22,692,327,10,13,1,-1,-1,-1
34,23,737,352,14,13,1,-1,-1,-1
34,24,736,383,13,15,1,-1,-1,-1
34,25,774,387,15,17,1,-1,-1,-1
34,26,799,389,13,19,1,-1,-1,-1
34,27,647,422,10,17,1,-1,-1,-1
34,28,646,406,10,15,1,-1,-1,-1
34,29,642,393,13,13,1,-1,-1,-1
34,30,671,437,10,17,1,-1,-1,-1
34,31,714,445,11,17,1,-1,-1,-1
34,32,651,441,13,15,1,-1,-1,-1
34,33,604,416,11,19,1,-1,-1,-1
34,34,586,422,14,21,1,-1,-1,-1
34,35,583,399,15,23,1,-1,-1,-1
34,36,748,433,14,15,1,-1,-1,-1
35,0,568,387,19,11,1,-1,-1,-1
35,1,595,374,10,13,1,-1,-1,-1
35,2,608,372,10,13,1,-1,-1,-1
35,3,590,391,10,13,1,-1,-1,-1
35,4,604,387,10,13,1,-1,-1,-1
35,5,604,401,10,13,1,-1,-1,-1
35,6,637,364,9,13,1,-1,-1,-1
35,7,642,379,10,13,1,-1,-1,-1
35,8,658,376,9,13,1,-1,-1,-1
35,9,660,397,10,15,1,-1,-1,-1
35,10,667,418,10,15,1,-1,-1,-1
35,11,633,341,10,11,1,-1,-1,-1
35,12,655,360,10,13,1,-1,-1,-1
35,13,647,345,10,11,1,-1,-1,-1
35,14,647,327,9,11,1,-1,-1,-1
35,15,633,329,10,9,1,-1,-1,-1
35,16,629,316,9,11,1,-1,-1,-1
35,17,641,316,9,9,1,-1,-1,-1
35,18,649,306,7,9,1,-1,-1,-1
35,19,692,281,9,9,1,-1,-1,-1
35,20,715,310,10,13,1,-1,-1,-1
35,21,701,322,10,13,1,-1,-1,-1
35,22,689,325,10,13,1,-1,-1,-1
35,23,736,352,14,13,1,-1,-1,-1
35,24,736,383,13,15,1,-1,-1,-1
35,25,774,387,15,17,1,-1,-1,-1
35,26,799,389,13,19,1,-1,-1,-1
35,27,649,422,10,17,1,-1,-1,-1
35,28,646,406,10,15,1,-1,-1,-1
35,29,642,393,13,13,1,-1,-1,-1
35,30,671,437,10,17,1,-1,-1,-1
35,31,715,445,11,17,1,-1,-1,-1
35,32,650,441,13,15,1,-1,-1,-1
35,33,604,414,11,19,1,-1,-1,-1
35,34,586,422,14,21,1,-1,-1,-1
35,35,583,399,15,23,1,-1,-1,-1
35,36,748,430,14,15,1,-1,-1,-1
36,0,568,387,19,11,1,-1,-1,-1
36,1,595,374,10,13,1,-1,-1,-1
36,2,608,372,10,13,1,-1,-1,-1
36,3,590,391,10,13,1,-1,-1,-1
36,4,604,387,10,13,1,-1,-1,-1
36,5,604,401,10,13,1,-1,-1,-1
36,6,637,364,9,13,1,-1,-1,-1
36,7,642,379,10,13,1,-1,-1,-1
36,8,658,376,9,13,1,-1,-1,-1
36,9,662,395,10,15,1,-1,-1,-1
36,10,667,420,10,15,1,-1,-1,-1
36,11,633,341,10,11,1,-1,-1,-1
36,12,655,360,10,13,1,-1,-1,-1
36,13,647,345,10,11,1,-1,-1,-1
36,14,646,327,9,11,1,-1,-1,-1
36,15,632,327,10,9,1,-1,-1,-1
36,16,630,316,9,11,1,-1,-1,-1
36,17,642,316,9,9,1,-1,-1,-1
36,18,649,306,7,9,1,-1,-1,-1
36,19,693,279,9,9,1,-1,-1,-1
36,20,715,308,10,13,1,-1,-1,-1
36,21,700,322,10,13,1,-1,-1,-1
36,22,690,325,10,13,1,-1,-1,-1
36,23,736,352,14,13,1,-1,-1,-1
36,24,735,381,13,15,1,-1,-1,-1
36,25,774,385,15,17,1,-1,-1,-1
36,26,800,389,13,19,1,-1,-1,-1
36,27,647,422,10,17,1,-1,-1,-1
36,28,646,406,10,15,1,-1,-1,-1
36,29,642,391,13,13,1,-1,-1,-1
36,30,671,437,10,17,1,-1,-1,-1
36,31,715,445,11,17,1,-1,-1,-1
36,32,650,439,13,15,1,-1,-1,-1
36,33,604,414,11,19,1,-1,-1,-1
36,34,585,420,14,21,1,-1,-1,-1
36,35,585,399,15,23,1,-1,-1,-1
36,36,748,430,14,15,1,-1,-1,-1
37,0,566,387,19,11,1,-1,-1,-1
37,1,595,374,10,13,1,-1,-1,-1
37,2,607,372,10,13,1,-1,-1,-1
37,3,590,391,10,13,1,-1,-1,-1
37,4,604,387,10,13,1,-1,-1,-1
37,5,604,401,10,13,1,-1,-1,-1
37,6,638,364,9,13,1,-1,-1,-1
37,7,642,379,10,13,1,-1,-1,-1
37,8,658,376,9,13,1,-1,-1,-1
37,9,662,397,10,15,1,-1,-1,-1
37,10,667,420,10,15,1,-1,-1,-1
37,11,633,339,10,11,1,-1,-1,-1
37,12,655,360,10,13,1,-1,-1,-1
37,13,646,345,10,11,1,-1,-1,-1
37,14,646,327,9,11,1,-1,-1,-1
37,15,632,327,10,9,1,-1,-1,-1
37,16,630,316,9,11,1,-1,-1,-1
37,17,641,316,9,9,1,-1,-1,-1
37,18,649,306,7,9,1,-1,-1,-1
37,19,692,279,9,9,1,-1,-1,-1
37,20,715,308,10,13,1,-1,-1,-1
37,21,700,320,10,13,1,-1,-1,-1
37,22,689,324,10,13,1,-1,-1,-1
37,23,736,351,14,13,1,-1,-1,-1
37,24,735,381,13,15,1,-1,-1,-1
37,25,773,385,15,17,1,-1,-1,-1
37,26,799,389,13,19,1,-1,-1,-1
37,27,647,422,10,17,1,-1,-1,-1
37,28,646,405,10,15,1,-1,-1,-1
37,29,643,391,13,13,1,-1,-1,-1
37,30,671,437,10,17,1,-1,-1,-1
37,31,715,445,11,17,1,-1,-1,-1
37,32,651,439,13,15,1,-1,-1,-1
37,33,604,414,11,19,1,-1,-1,-1
37,34,585,420,14,21,1,-1,-1,-1
37,35,585,397,15,23,1,-1,-1,-1
37,36,748,428,14,15,1,-1,-1,-1
38,0,568,385,19,11,1,-1,-1,-1
38,1,595,374,10,13,1,-1,-1,-1
38,2,608,372,10,13,1,-1,-1,-1
38,3,590,391,10,13,1,-1,-1,-1
38,4,603,387,10,13,1,-1,-1,-1
38,5,604,401,10,13,1,-1,-1,-1
38,6,637,364,9,13,1,-1,-1,-1
38,7,642,379,10,13,1,-1,-1,-1
38,8,658,376,9,13,1,-1,-1,-1
38,9,662,395,10,15,1,-1,-1,-1
38,10,667,418,10,15,1,-1,-1,-1
38,11,633,341,10,11,1,-1,-1,-1
38,12,655,360,10,13,1,-1,-1,-1
38,13,647,345,10,11,1,-1,-1,-1
38,14,646,327,9,11,1,-1,-1,-1
38,15,632,329,10,9,1,-1,-1,-1
38,16,630,316,9,11,1,-1,-1,-1
38,17,642,316,9,9,1,-1,-1,-1
38,18,649,306,7,9,1,-1,-1,-1
38,19,690,279,9,9,1,-1,-1,-1
38,20,715,308,10,13,1,-1,-1,-1
38,21,700,320,10,13,1,-1,-1,-1
38,22,689,322,10,13,1,-1,-1,-1
38,23,736,349,14,13,1,-1,-1,-1
38,24,735,379,13,15,1,-1,-1,-1
38,25,771,383,15,17,1,-1,-1,-1
38,26,800,389,13,19,1,-1,-1,-1
38,27,649,422,10,17,1,-1,-1,-1
38,28,646,405,10,15,1,-1,-1,-1
38,29,642,391,13,13,1,-1,-1,-1
38,30,671,437,10,17,1,-1,-1,-1
38,31,715,445,11,17,1,-1,-1,-1
38,32,651,439,13,15,1,-1,-1,-1
38,33,604,414,11,19,1,-1,-1,-1
38,34,585,420,14,21,1,-1,-1,-1
38,35,585,399,15,23,1,-1,-1,-1
38,36,748,428,14,15,1,-1,-1,-1
39,0,568,385,19,11,1,-1,-1,-1
39,1,595,374,10,13,1,-1,-1,-1
39,2,607,372,10,13,1,-1,-1,-1
39,3,590,391,10,13,1,-1,-1,-1
39,4,603,387,10,13,1,-1,-1,-1
39,5,603,401,10,13,1,-1,-1,-1
39,6,637,364,9,13,1,-1,-1,-1
39,7,643,379,10,13,1,-1,-1,-1
39,8,659,376,9,13,1,-1,-1,-1
39,9,662,395,10,15,1,-1,-1,-1
39,10,667,420,10,15,1,-1,-1,-1
39,11,633,341,10,11,1,-1,-1,-1
39,12,656,360,10,13,1,-1,-1,-1
39,13,647,345,10,11,1,-1,-1,-1
39,14,646,327,9,11,1,-1,-1,-1
39,15,632,327,10,9,1,-1,-1,-1
39,16,630,316,9,11,1,-1,-1,-1
39,17,641,316,9,9,1,-1,-1,-1
39,18,649,306,7,9,1,-1,-1,-1
39,19,692,277,9,9,1,-1,-1,-1
39,20,715,306,10,13,1,-1,-1,-1
39,21,700,318,10,13,1,-1,-1,-1
39,22,689,322,10,13,1,-1,-1,-1
39,23,736,349,14,13,1,-1,-1,-1
39,24,734,379,13,15,1,-1,-1,-1
39,25,771,383,15,17,1,-1,-1,-1
39,26,800,389,13,19,1,-1,-1,-1
39,27,647,420,10,17,1,-1,-1,-1
39,28,646,405,10,15,1,-1,-1,-1
39,29,642,391,13,13,1,-1,-1,-1
39,30,671,437,10,17,1,-1,-1,-1
39,32,651,439,13,15,1,-1,-1,-1
39,33,604,414,11,19,1,-1,-1,-1
39,34,585,420,14,21,1,-1,-1,-1
39,35,583,397,15,23,1,-1,-1,-1
39,36,748,426,14,15,1,-1,-1,-1
40,0,568,385,19,11,1,-1,-1,-1
40,1,595,374,10,13,1,-1,-1,-1
40,2,608,372,10,13,1,-1,-1,-1
40,3,590,389,10,13,1,-1,-1,-1
40,4,603,385,10,13,1,-1,-1,-1
40,5,603,399,10,13,1,-1,-1,-1
40,6,638,364,9,13,1,-1,-1,-1
40,7,642,378,10,13,1,-1,-1,-1
40,8,658,376,9,13,1,-1,-1,-1
40,9,660,395,10,15,1,-1,-1,-1
40,10,667,418,10,15,1,-1,-1,-1
40,11,633,341,10,11,1,-1,-1,-1
40,12,656,360,10,13,1,-1,-1,-1
40,13,647,345,10,11,1,-1,-1,-1
40,14,647,325,9,11,1,-1,-1,-1
40,15,632,327,10,9,1,-1,-1,-1
40,16,630,314,9,11,1,-1,-1,-1
40,17,642,316,9,9,1,-1,-1,-1
40,18,649,304,7,9,1,-1,-1,-1
40,19,690,277,9,9,1,-1,-1,-1
40,20,715,306,10,13,1,-1,-1,-1
40,21,698,318,10,13,1,-1,-1,-1
40,22,689,320,10,13,1,-1,-1,-1
40,23,735,347,14,13,1,-1,-1,-1
40,24,734,378,13,15,1,-1,-1,-1
40,25,770,381,15,17,1,-1,-1,-1
40,26,800,389,13,19,1,-1,-1,-1
40,27,649,420,10,17,1,-1,-1,-1
40,28,646,403,10,15,1,-1,-1,-1
40,29,642,391,13,13,1,-1,-1,-1
40,30,674,436,10,17,1,-1,-1,-1
40,32,650,439,13,15,1,-1,-1,-1
40,33,604,414,11,19,1,-1,-1,-1
40,34,585,420,14,21,1,-1,-1,-1
40,35,583,397,15,23,1,-1,-1,-1
40,36,747,424,14,15,1,-1,-1,-1
41,0,566,385,19,11,1,-1,-1,-1
41,1,595,374,10,13,1,-1,-1,-1
41,2,608,372,10,13,1,-1,-1,-1
41,3,590,389,10,13,1,-1,-1,-1
41,4,603,385,10,13,1,-1,-1,-1
41,5,604,399,10,13,1,-1,-1,-1
41,6,637,362,9,13,1,-1,-1,-1
41,7,642,378,10,13,1,-1,-1,-1
41,8,658,376,9,13,1,-1,-1,-1
41,9,662,395,10,15,1,-1,-1,-1
41,10,667,418,10,15,1,-1,-1,-1
41,11,633,341,10,11,1,-1,-1,-1
41,12,656,360,10,13,1,-1,-1,-1
41,13,647,345,10,11,1,-1,-1,-1
41,14,646,327,9,11,1,-1,-1,-1
41,15,632,327,10,9,1,-1,-1,-1
41,16,632,314,9,11,1,-1,-1,-1
41,17,642,316,9,9,1,-1,-1,-1
41,18,649,304,7,9,1,-1,-1,-1
41,19,690,275,9,9,1,-1,-1,-1
41,20,714,306,10,13,1,-1,-1,-1
41,21,698,316,10,13,1,-1,-1,-1
41,22,689,320,10,13,1,-1,-1,-1
41,23,735,347,14,13,1,-1,-1,-1
41,24,732,376,13,15,1,-1,-1,-1
41,25,770,381,15,17,1,-1,-1,-1
41,26,800,389,13,19,1,-1,-1,-1
41,27,647,420,10,17,1,-1,-1,-1
41,28,646,403,10,15,1,-1,-1,-1
41,29,643,391,13,13,1,-1,-1,-1
41,30,673,435,10,17,1,-1,-1,-1
41,32,651,439,13,15,1,-1,-1,-1
41,33,603,414,11,19,1,-1,-1,-1
41,34,585,420,14,21,1,-1,-1,-1
41,35,583,397,15,23,1,-1,-1,-1
41,36,747,424,14,15,1,-1,-1,-1
42,0,568,385,19,11,1,-1,-1,-1
42,1,595,374,10,13,1,-1,-1,-1
42,2,607,372,10,13,1,-1,-1,-1
42,3,590,389,10,13,1,-1,-1,-1
42,4,603,385,10,13,1,-1,-1,-1
42,5,604,399,10,13,1,-1,-1,-1
42,6,638,364,9,13,1,-1,-1,-1
42,7,642,378,10,13,1,-1,-1,-1
42,8,658,376,9,13,1,-1,-1,-1
42,9,663,395,10,15,1,-1,-1,-1
42,10,667,418,10,15,1,-1,-1,-1
42,11,633,339,10,11,1,-1,-1,-1
42,12,656,360,10,13,1,-1,-1,-1
42,13,647,345,10,11,1,-1,-1,-1
42,14,646,325,9,11,1,-1,-1,-1
42,15,632,327,10,9,1,-1,-1,-1
42,16,630,314,9,11,1,-1,-1,-1
42,17,642,314,9,9,1,-1,-1,-1
42,18,649,304,7,9,1,-1,-1,-1
42,19,690,275,9,9,1,-1,-1,-1
42,20,714,304,10,13,1,-1,-1,-1
42,21,698,316,10,13,1,-1,-1,-1
42,22,689,318,10,13,1,-1,-1,-1
42,23,734,345,14,13,1,-1,-1,-1
42,24,732,374,13,15,1,-1,-1,-1
42,25,770,379,15,17,1,-1,-1,-1
42,26,800,387,13,19,1,-1,-1,-1
42,27,649,420,10,17,1,-1,-1,-1
42,28,646,403,10,15,1,-1,-1,-1
42,29,642,391,13,13,1,-1,-1,-1
42,30,675,435,10,17,1,-1,-1,-1
42,32,651,437,13,15,1,-1,-1,-1
42,33,603,414,11,19,1,-1,-1,-1
42,34,585,420,14,21,1,-1,-1,-1
42,35,583,397,15,23,1,-1,-1,-1
42,36,745,422,14,15,1,-1,-1,-1
43,0,568,385,19,11,1,-1,-1,-1
43,1,595,372,10,13,1,-1,-1,-1
43,2,608,370,10,13,1,-1,-1,-1
43,3,590,389,10,13,1,-1,-1,-1
43,4,603,385,10,13,1,-1,-1,-1
43,5,604,399,10,13,1,-1,-1,-1
43,6,637,362,9,13,1,-1,-1,-1
43,7,643,378,10,13,1,-1,-1,-1
43,8,659,374,9,13,1,-1,-1,-1
43,9,662,395,10,15,1,-1,-1,-1
43,10,667,418,10,15,1,-1,-1,-1
43,11,633,339,10,11,1,-1,-1,-1
43,12,655,358,10,13,1,-1,-1,-1
43,13,647,345,10,11,1,-1,-1,-1
43,14,646,327,9,11,1,-1,-1,-1
43,15,633,327,10,9,1,-1,-1,-1
43,16,630,314,9,11,1,-1,-1,-1
43,17,642,314,9,9,1,-1,-1,-1
43,18,649,304,7,9,1,-1,-1,-1
43,19,690,275,9,9,1,-1,-1,-1
43,20,714,304,10,13,1,-1,-1,-1
43,21,698,314,10,13,1,-1,-1,-1
43,22,689,318,10,13,1,-1,-1,-1
43,23,732,345,14,13,1,-1,-1,-1
43,24,731,374,13,15,1,-1,-1,-1
43,25,770,378,15,17,1,-1,-1,-1
43,26,800,387,13,19,1,-1,-1,-1
43,27,649,420,10,17,1,-1,-1,-1
43,28,646,403,10,15,1,-1,-1,-1
43,29,642,391,13,13,1,-1,-1,-1
43,30,673,435,10,17,1,-1,-1,-1
43,32,651,437,13,15,1,-1,-1,-1
43,33,604,414,11,19,1,-1,-1,-1
43,34,585,418,14,21,1,-1,-1,-1
43,35,583,395,15,23,1,-1,-1,-1
43,36,744,420,14,15,1,-1,-1,-1
44,0,568,383,19,11,1,-1,-1,-1
44,1,595,374,10,13,1,-1,-1,-1
44,2,608,370,10,13,1,-1,-1,-1
44,3,590,389,10,13,1,-1,-1,-1
44,4,604,385,10,13,1,-1,-1,-1
44,5,604,399,10,13,1,-1,-1,-1
44,6,638,362,9,13,1,-1,-1,-1
44,7,642,376,10,13,1,-1,-1,-1
44,8,658,374,9,13,1,-1,-1,-1
44,9,662,395,10,15,1,-1,-1,-1
44,10,667,418,10,15,1,-1,-1,-1
44,11,633,339,10,11,1,-1,-1,-1
44,12,655,360,10,13,1,-1,-1,-1
44,13,647,345,10,11,1,-1,-1,-1
44,14,647,325,9,11,1,-1,-1,-1
44,15,632,327,10,9,1,-1,-1,-1
44,16,630,314,9,11,1,-1,-1,-1
44,17,642,314,9,9,1,-1,-1,-1
44,18,649,304,7,9,1,-1,-1,-1
44,19,689,273,9,9,1,-1,-1,-1
44,20,714,304,10,13,1,-1,-1,-1
44,21,697,314,10,13,1,-1,-1,-1
44,22,688,316,10,13,1,-1,-1,-1
44,23,732,343,14,13,1,-1,-1,-1
44,24,731,372,13,15,1,-1,-1,-1
44,25,770,378,15,17,1,-1,-1,-1
44,26,800,387,13,19,1,-1,-1,-1
44,27,649,420,10,17,1,-1,-1,-1
44,28,646,403,10,15,1,-1,-1,-1
44,29,643,389,13,13,1,-1,-1,-1
44,30,673,435,10,17,1,-1,-1,-1
44,32,651,437,13,15,1,-1,-1,-1
44,33,604,414,11,19,1,-1,-1,-1
44,34,585,418,14,21,1,-1,-1,-1
44,35,585,397,15,23,1,-1,-1,-1
44,36,744,418,14,15,1,-1,-1,-1
45,0,568,385,19,11,1,-1,-1,-1
45,1,595,372,10,13,1,-1,-1,-1
45,2,608,370,10,13,1,-1,-1,-1
45,3,590,389,10,13,1,-1,-1,-1
45,4,604,383,10,13,1,-1,-1,-1
45,5,604,397,10,13,1,-1,-1,-1
45,6,638,362,9,13,1,-1,-1,-1
45,7,642,376,10,13,1,-1,-1,-1
45,8,659,374,9,13,1,-1,-1,-1
45,9,662,395,10,15,1,-1,-1,-1
45,10,667,418,10,15,1,-1,-1,-1
45,11,633,339,10,11,1,-1,-1,-1
45,12,655,358,10,13,1,-1,-1,-1
45,13,647,345,10,11,1,-1,-1,-1
45,14,646,325,9,11,1,-1,-1,-1
45,15,632,327,10,9,1,-1,-1,-1
45,16,630,314,9,11,1,-1,-1,-1
45,17,642,314,9,9,1,-1,-1,-1
45,18,647,304,7,9,1,-1,-1,-1
45,19,689,273,9,9,1,-1,-1,-1
45,20,714,302,10,13,1,-1,-1,-1
45,21,697,312,10,13,1,-1,-1,-1
45,22,689,314,10,13,1,-1,-1,-1
45,23,732,343,14,13,1,-1,-1,-1
45,24,731,370,13,15,1,-1,-1,-1
45,25,769,376,15,17,1,-1,-1,-1
45,26,800,387,13,19,1,-1,-1,-1
45,27,647,420,10,17,1,-1,-1,-1
45,28,646,403,10,15,1,-1,-1,-1
45,29,642,389,13,13,1,-1,-1,-1
45,30,675,435,10,17,1,-1,-1,-1
45,32,651,437,13,15,1,-1,-1,-1
45,33,604,414,11,19,1,-1,-1,-1
45,34,585,418,14,21,1,-1,-1,-1
45,35,585,395,15,23,1,-1,-1,-1
45,36,744,418,14,15,1,-1,-1,-1
46,0,568,383,19,11,1,-1,-1,-1
46,1,595,374,10,13,1,-1,-1,-1
46,2,608,370,10,13,1,-1,-1,-1
46,3,590,389,10,13,1,-1,-1,-1
46,4,604,383,10,13,1,-1,-1,-1
46,5,604,399,10,13,1,-1,-1,-1
46,6,638,362,9,13,1,-1,-1,-1
46,7,643,376,10,13,1,-1,-1,-1
46,8,658,374,9,13,1,-1,-1,-1
46,9,662,395,10,15,1,-1,-1,-1
46,10,667,416,10,15,1,-1,-1,-1
46,11,633,339,10,11,1,-1,-1,-1
46,12,656,358,10,13,1,-1,-1,-1
46,13,647,343,10,11,1,-1,-1,-1
46,14,647,325,9,11,1,-1,-1,-1
46,15,633,327,10,9,1,-1,-1,-1
46,16,630,314,9,11,1,-1,-1,-1
46,17,642,314,9,9,1,-1,-1,-1
46,18,647,304,7,9,1,-1,-1,-1
46,19,689,271,9,9,1,-1,-1,-1
46,20,714,302,10,13,1,-1,-1,-1
46,21,697,312,10,13,1,-1,-1,-1
46,22,688,314,10,13,1,-1,-1,-1
46,23,732,341,14,13,1,-1,-1,-1
46,24,731,370,13,15,1,-1,-1,-1
46,25,768,376,15,17,1,-1,-1,-1
46,26,800,387,13,19,1,-1,-1,-1
46,27,649,418,10,17,1,-1,-1,-1
46,28,646,403,10,15,1,-1,-1,-1
46,29,643,389,13,13,1,-1,-1,-1
46,30,675,435,10,17,1,-1,-1,-1
46,32,651,435,13,15,1,-1,-1,-1
46,33,604,414,11,19,1,-1,-1,-1
46,34,585,418,14,21,1,-1,-1,-1
46,35,585,395,15,23,1,-1,-1,-1
46,36,744,416,14,15,1,-1,-1,-1
47,0,568,383,19,11,1,-1,-1,-1
47,1,595,372,10,13,1,-1,-1,-1
47,2,608,370,10,13,1,-1,-1,-1
47,3,590,389,10,13,1,-1,-1,-1
47,4,604,383,10,13,1,-1,-1,-1
47,5,604,397,10,13,1,-1,-1,-1
47,6,638,362,9,13,1,-1,-1,-1
47,7,642,376,10,13,1,-1,-1,-1
47,8,659,374,9,13,1,-1,-1,-1
47,9,663,395,10,15,1,-1,-1,-1
47,10,668,421,10,15,1,-1,-1,-1
47,11,633,339,10,11,1,-1,-1,-1
47,12,656,358,10,13,1,-1,-1,-1
47,13,649,343,10,11,1,-1,-1,-1
47,14,647,325,9,11,1,-1,-1,-1
47,15,632,327,10,9,1,-1,-1,-1
47,16,630,314,9,11,1,-1,-1,-1
47,17,642,314,9,9,1,-1,-1,-1
47,18,649,304,7,9,1,-1,-1,-1
47,19,689,271,9,9,1,-1,-1,-1
47,20,714,302,10,13,1,-1,-1,-1
47,21,697,310,10,13,1,-1,-1,-1
47,22,689,314,10,13,1,-1,-1,-1
47,23,731,341,14,13,1,-1,-1,-1
47,24,730,368,13,15,1,-1,-1,-1
47,25,766,374,15,17,1,-1,-1,-1
47,26,800,387,13,19,1,-1,-1,-1
47,27,649,418,10,17,1,-1,-1,-1
47,28,646,403,10,15,1,-1,-1,-1
47,29,643,389,13,13,1,-1,-1,-1
47,30,675,433,10,17,1,-1,-1,-1
47,32,651,435,13,15,1,-1,-1,-1
47,33,604,412,11,19,1,-1,-1,-1
47,34,585,418,14,21,1,-1,-1,-1
47,35,585,395,15,23,1,-1,-1,-1
47,36,744,416,14,15,1,-1,-1,-1
48,0,568,383,19,11,1,-1,-1,-1
48,1,595,372,10,13,1,-1,-1,-1
48,2,607,370,10,13,1,-1,-1,-1
48,3,590,387,10,13,1,-1,-1,-1
48,4,604,383,10,13,1,-1,-1,-1
48,5,604,397,10,13,1,-1,-1,-1
48,6,638,362,9,13,1,-1,-1,-1
48,7,643,376,10,13,1,-1,-1,-1
48,8,659,374,9,13,1,-1,-1,-1
48,9,663,395,10,15,1,-1,-1,-1
48,10,669,419,10,15,1,-1,-1,-1
48,11,633,339,10,11,1,-1,-1,-1
48,12,656,358,10,13,1,-1,-1,-1
48,13,647,343,10,11,1,-1,-1,-1
48,14,647,325,9,11,1,-1,-1,-1
48,15,633,325,10,9,1,-1,-1,-1
48,16,632,314,9,11,1,-1,-1,-1
48,17,642,314,9,9,1,-1,-1,-1
48,18,649,304,7,9,1,-1,-1,-1
48,19,689,271,9,9,1,-1,-1,-1
48,20,714,302,10,13,1,-1,-1,-1
48,21,697,310,10,13,1,-1,-1,-1
48,22,688,312,10,13,1,-1,-1,-1
48,23,731,339,14,13,1,-1,-1,-1
48,24,730,368,13,15,1,-1,-1,-1
48,25,766,372,15,17,1,-1,-1,-1
48,26,801,385,13,19,1,-1,-1,-1
48,27,649,418,10,17,1,-1,-1,-1
48,28,646,403,10,15,1,-1,-1,-1
48,29,643,389,13,13,1,-1,-1,-1
48,30,676,433,10,17,1,-1,-1,-1
48,32,651,435,13,15,1,-1,-1,-1
48,33,604,414,11,19,1,-1,-1,-1
48,34,585,418,14,21,1,-1,-1,-1
48,35,585,395,15,23,1,-1,-1,-1
48,36,744,414,14,15,1,-1,-1,-1
49,0,568,383,19,11,1,-1,-1,-1
49,1,595,372,10,13,1,-1,-1,-1
49,2,608,370,10,13,1,-1,-1,-1
49,3,590,387,10,13,1,-1,-1,-1
49,4,604,383,10,13,1,-1,-1,-1
49,5,604,398,11,13,1,-1,-1,-1
49,6,637,360,11,15,1,-1,-1,-1
49,7,643,376,12,13,1,-1,-1,-1
49,8,658,375,11,14,1,-1,-1,-1
49,9,663,393,12,17,1,-1,-1,-1
49,10,668,418,13,17,1,-1,-1,-1
49,11,633,339,10,13,1,-1,-1,-1
49,12,656,357,12,15,1,-1,-1,-1
49,13,649,342,11,13,1,-1,-1,-1
49,14,646,325,9,11,1,-1,-1,-1
49,15,633,325,10,9,1,-1,-1,-1
49,16,630,312,9,11,1,-1,-1,-1
49,17,643,314,10,10,1,-1,-1,-1
49,18,647,304,9,10,1,-1,-1,-1
49,19,689,270,9,9,1,-1,-1,-1
49,20,716,303,8,11,1,-1,-1,-1
49,21,699,310,9,10,1,-1,-1,-1
49,22,689,312,9,11,1,-1,-1,-1
49,23,732,340,12,13,1,-1,-1,-1
49,24,731,369,12,13,1,-1,-1,-1
49,25,768,375,14,15,1,-1,-1,-1
49,26,803,389,12,17,1,-1,-1,-1
49,27,649,418,13,16,1,-1,-1,-1
49,28,646,402,12,15,1,-1,-1,-1
49,29,644,389,13,13,1,-1,-1,-1
49,30,675,433,10,17,1,-1,-1,-1
49,32,651,435,13,15,1,-1,-1,-1
49,33,604,412,13,23,1,-1,-1,-1
49,34,585,416,14,21,1,-1,-1,-1
49,35,585,395,15,23,1,-1,-1,-1
49,36,743,416,13,14,1,-1,-1,-1
50,0,568,383,19,11,1,-1,-1,-1
50,1,595,372,10,13,1,-1,-1,-1
50,2,608,370,10,13,1,-1,-1,-1
50,3,590,387,10,13,1,-1,-1,-1
50,4,603,383,10,13,1,-1,-1,-1
50,5,604,397,10,13,1,-1,-1,-1
50,6,638,362,9,13,1,-1,-1,-1
50,7,643,376,10,13,1,-1,-1,-1
50,8,659,374,9,13,1,-1,-1,-1
50,9,663,393,11,17,1,-1,-1,-1
50,10,667,418,13,17,1,-1,-1,-1
50,11,633,339,10,11,1,-1,-1,-1
50,12,656,358,10,13,1,-1,-1,-1
50,13,649,343,10,11,1,-1,-1,-1
50,14,647,325,9,11,1,-1,-1,-1
50,15,633,325,10,9,1,-1,-1,-1
50,16,630,312,9,11,1,-1,-1,-1
50,17,642,314,9,9,1,-1,-1,-1
50,18,649,304,7,9,1,-1,-1,-1
50,20,717,303,8,10,1,-1,-1,-1
50,21,698,308,10,12,1,-1,-1,-1
50,22,688,310,10,13,1,-1,-1,-1
50,23,732,341,12,11,1,-1,-1,-1
50,24,731,368,12,12,1,-1,-1,-1
50,25,767,374,14,14,1,-1,-1,-1
50,26,801,388,13,16,1,-1,-1,-1
50,27,649,418,10,17,1,-1,-1,-1
50,28,646,401,10,15,1,-1,-1,-1
50,29,643,389,13,13,1,-1,-1,-1
50,30,675,433,10,17,1,-1,-1,-1
50,32,651,435,13,15,1,-1,-1,-1
50,33,603,412,13,23,1,-1,-1,-1
50,34,586,416,14,21,1,-1,-1,-1
50,35,583,393,15,23,1,-1,-1,-1
50,36,744,414,12,13,1,-1,-1,-1
50,37,621,298,11,11,1,-1,-1,-1
51,0,568,383,19,11,1,-1,-1,-1
51,1,595,372,10,13,1,-1,-1,-1
51,2,608,370,10,13,1,-1,-1,-1
51,3,590,387,10,13,1,-1,-1,-1
51,4,603,383,10,13,1,-1,-1,-1
51,5,603,397,10,13,1,-1,-1,-1
51,6,637,362,9,13,1,-1,-1,-1
51,7,644,375,10,13,1,-1,-1,-1
51,8,659,374,9,13,1,-1,-1,-1
51,9,663,393,11,17,1,-1,-1,-1
51,10,667,418,13,17,1,-1,-1,-1
51,11,633,339,10,11,1,-1,-1,-1
51,12,655,358,10,13,1,-1,-1,-1
51,13,649,343,10,11,1,-1,-1,-1
51,14,648,325,9,11,1,-1,-1,-1
51,15,633,326,11,10,1,-1,-1,-1
51,16,632,313,9,11,1,-1,-1,-1
51,17,643,314,9,10,1,-1,-1,-1
51,18,649,304,6,9,1,-1,-1,-1
51,20,717,302,7,9,1,-1,-1,-1
51,21,697,306,10,11,1,-1,-1,-1
51,22,688,308,10,13,1,-1,-1,-1
51,23,731,339,11,11,1,-1,-1,-1
51,24,730,366,11,11,1,-1,-1,-1
51,25,766,372,14,13,1,-1,-1,-1
51,26,800,387,13,15,1,-1,-1,-1
51,27,651,418,9,15,1,-1,-1,-1
51,28,646,401,10,15,1,-1,-1,-1
51,29,642,389,13,13,1,-1,-1,-1
51,30,675,433,10,17,1,-1,-1,-1
51,32,650,435,13,15,1,-1,-1,-1
51,33,603,412,13,23,1,-1,-1,-1
51,34,586,416,14,21,1,-1,-1,-1
51,35,586,395,15,20,1,-1,-1,-1
51,36,743,410,14,15,1,-1,-1,-1
51,37,620,298,10,11,1,-1,-1,-1
52,0,568,381,19,11,1,-1,-1,-1
52,1,595,372,10,13,1,-1,-1,-1
52,2,608,368,10,13,1,-1,-1,-1
52,3,590,385,10,13,1,-1,-1,-1
52,4,603,381,10,13,1,-1,-1,-1
52,5,603,395,10,13,1,-1,-1,-1
52,6,637,360,9,13,1,-1,-1,-1
52,7,642,374,10,13,1,-1,-1,-1
52,8,659,372,9,13,1,-1,-1,-1
52,9,663,391,11,17,1,-1,-1,-1
52,10,667,416,13,17,1,-1,-1,-1
52,11,633,339,10,11,1,-1,-1,-1
52,12,655,358,10,13,1,-1,-1,-1
52,13,649,343,10,11,1,-1,-1,-1
52,14,647,325,9,11,1,-1,-1,-1
52,15,633,325,10,9,1,-1,-1,-1
52,16,632,312,9,11,1,-1,-1,-1
52,17,642,314,9,9,1,-1,-1,-1
52,18,649,304,6,9,1,-1,-1,-1
52,20,718,302,7,9,1,-1,-1,-1
52,21,697,306,10,11,1,-1,-1,-1
52,22,689,308,10,13,1,-1,-1,-1
52,23,731,339,11,11,1,-1,-1,-1
52,24,731,366,11,11,1,-1,-1,-1
52,25,766,372,14,13,1,-1,-1,-1
52,26,800,387,13,15,1,-1,-1,-1
52,27,650,418,10,17,1,-1,-1,-1
52,28,646,399,10,15,1,-1,-1,-1
52,29,642,387,13,13,1,-1,-1,-1
52,30,675,433,10,17,1,-1,-1,-1
52,32,650,433,13,15,1,-1,-1,-1
52,33,603,410,13,23,1,-1,-1,-1
52,34,586,414,14,21,1,-1,-1,-1
52,35,586,395,14,19,1,-1,-1,-1
52,36,743,410,14,15,1,-1,-1,-1
52,37,620,298,10,11,1,-1,-1,-1
53,0,568,381,19,11,1,-1,-1,-1
53,1,595,370,10,13,1,-1,-1,-1
53,2,608,370,10,13,1,-1,-1,-1
53,3,590,385,10,13,1,-1,-1,-1
53,4,603,381,10,13,1,-1,-1,-1
53,5,603,395,10,13,1,-1,-1,-1
53,6,637,360,9,13,1,-1,-1,-1
53,7,642,374,10,13,1,-1,-1,-1
53,8,659,374,9,13,1,-1,-1,-1
53,9,663,391,11,17,1,-1,-1,-1
53,10,668,416,13,17,1,-1,-1,-1
53,11,633,337,10,11,1,-1,-1,-1
53,12,655,356,10,13,1,-1,-1,-1
53,13,649,341,10,11,1,-1,-1,-1
53,14,647,324,9,11,1,-1,-1,-1
53,15,633,327,10,9,1,-1,-1,-1
53,16,632,312,9,11,1,-1,-1,-1
53,17,642,314,9,9,1,-1,-1,-1
53,18,649,302,6,9,1,-1,-1,-1
53,20,717,302,7,9,1,-1,-1,-1
53,21,697,304,10,11,1,-1,-1,-1
53,22,688,306,10,13,1,-1,-1,-1
53,23,731,337,11,11,1,-1,-1,-1
53,24,730,364,11,11,1,-1,-1,-1
53,25,766,370,14,13,1,-1,-1,-1
53,26,800,387,13,15,1,-1,-1,-1
53,27,650,416,10,17,1,-1,-1,-1
53,28,646,399,10,15,1,-1,-1,-1
53,29,642,387,13,13,1,-1,-1,-1
53,30,675,433,10,17,1,-1,-1,-1
53,32,650,433,13,15,1,-1,-1,-1
53,33,603,412,13,23,1,-1,-1,-1
53,34,586,414,14,21,1,-1,-1,-1
53,35,586,395,14,19,1,-1,-1,-1
53,36,743,408,14,15,1,-1,-1,-1
53,37,620,298,10,11,1,-1,-1,-1
54,0,568,381,19,11,1,-1,-1,-1
54,1,595,372,10,13,1,-1,-1,-1
54,2,608,368,10,13,1,-1,-1,-1
54,3,590,385,10,13,1,-1,-1,-1
54,4,603,381,10,13,1,-1,-1,-1
54,5,603,395,10,13,1,-1,-1,-1
54,6,637,360,9,13,1,-1,-1,-1
54,7,642,374,10,13,1,-1,-1,-1
54,8,659,372,9,13,1,-1,-1,-1
54,9,663,391,11,17,1,-1,-1,-1
54,10,667,416,13,17,1,-1,-1,-1
54,11,633,339,10,11,1,-1,-1,-1
54,12,656,356,10,13,1,-1,-1,-1
54,13,649,341,10,11,1,-1,-1,-1
54,14,647,325,9,11,1,-1,-1,-1
54,15,633,325,10,9,1,-1,-1,-1
54,16,632,312,9,11,1,-1,-1,-1
54,17,642,314,9,9,1,-1,-1,-1
54,18,649,302,6,9,1,-1,-1,-1
54,20,717,300,7,9,1,-1,-1,-1
54,21,697,304,10,11,1,-1,-1,-1
54,22,688,306,10,13,1,-1,-1,-1
54,23,731,337,11,11,1,-1,-1,-1
54,24,728,364,11,11,1,-1,-1,-1
54,25,765,370,14,13,1,-1,-1,-1
54,26,801,387,13,15,1,-1,-1,-1
54,27,650,418,11,14,1,-1,-1,-1
54,28,646,399,10,15,1,-1,-1,-1
54,29,642,387,13,13,1,-1,-1,-1
54,30,675,433,10,17,1,-1,-1,-1
54,32,650,433,13,15,1,-1,-1,-1
54,33,603,410,13,23,1,-1,-1,-1
54,34,586,414,14,21,1,-1,-1,-1
54,35,586,393,14,19,1,-1,-1,-1
54,36,741,406,14,15,1,-1,-1,-1
54,37,620,298,10,11,1,-1,-1,-1
55,0,568,381,19,11,1,-1,-1,-1
55,1,595,370,10,13,1,-1,-1,-1
55,2,608,368,10,13,1,-1,-1,-1
55,3,590,385,10,13,1,-1,-1,-1
55,4,603,381,10,13,1,-1,-1,-1
55,5,604,395,10,13,1,-1,-1,-1
55,6,638,360,9,13,1,-1,-1,-1
55,7,642,374,10,13,1,-1,-1,-1
55,8,659,372,9,13,1,-1,-1,-1
55,9,663,391,11,17,1,-1,-1,-1
55,10,667,416,13,17,1,-1,-1,-1
55,11,633,337,10,11,1,-1,-1,-1
55,12,656,356,10,13,1,-1,-1,-1
55,13,649,341,10,11,1,-1,-1,-1
55,14,649,324,9,11,1,-1,-1,-1
55,15,633,325,10,9,1,-1,-1,-1
55,16,632,312,9,11,1,-1,-1,-1
55,17,642,314,9,9,1,-1,-1,-1
55,18,649,304,6,9,1,-1,-1,-1
55,20,717,300,7,9,1,-1,-1,-1
55,21,697,302,10,11,1,-1,-1,-1
55,22,687,304,10,13,1,-1,-1,-1
55,23,731,337,11,11,1,-1,-1,-1
55,24,728,362,11,11,1,-1,-1,-1
55,25,765,370,14,13,1,-1,-1,-1
55,26,800,387,13,15,1,-1,-1,-1
55,27,650,418,10,13,1,-1,-1,-1
55,28,646,399,10,15,1,-1,-1,-1
55,29,642,387,13,13,1,-1,-1,-1
55,30,676,433,10,17,1,-1,-1,-1
55,32,651,433,13,15,1,-1,-1,-1
55,33,604,412,13,23,1,-1,-1,-1
55,34,586,414,14,21,1,-1,-1,-1
55,35,586,393,14,19,1,-1,-1,-1
55,36,741,405,14,15,1,-1,-1,-1
55,37,620,300,10,11,1,-1,-1,-1
56,0,569,381,19,11,1,-1,-1,-1
56,1,595,370,10,13,1,-1,-1,-1
56,2,608,368,10,13,1,-1,-1,-1
56,3,590,385,10,13,1,-1,-1,-1
56,4,603,381,10,13,1,-1,-1,-1
56,5,604,395,10,13,1,-1,-1,-1
56,6,637,360,9,13,1,-1,-1,-1
56,7,642,374,10,13,1,-1,-1,-1
56,8,659,372,9,13,1,-1,-1,-1
56,9,663,391,11,17,1,-1,-1,-1
56,10,668,416,13,17,1,-1,-1,-1
56,11,633,339,10,11,1,-1,-1,-1
56,12,656,356,10,13,1,-1,-1,-1
56,13,650,341,10,11,1,-1,-1,-1
56,14,647,324,9,11,1,-1,-1,-1
56,15,633,325,10,9,1,-1,-1,-1
56,16,632,312,9,11,1,-1,-1,-1
56,17,643,312,9,9,1,-1,-1,-1
56,18,650,302,6,9,1,-1,-1,-1
56,20,717,300,7,9,1,-1,-1,-1
56,21,697,302,10,11,1,-1,-1,-1
56,22,688,304,10,13,1,-1,-1,-1
56,23,730,335,11,11,1,-1,-1,-1
56,24,728,362,11,11,1,-1,-1,-1
56,25,766,368,12,11,1,-1,-1,-1
56,26,800,387,13,15,1,-1,-1,-1
56,27,650,418,10,13,1,-1,-1,-1
56,28,646,399,10,15,1,-1,-1,-1
56,29,643,387,13,13,1,-1,-1,-1
56,30,676,433,10,17,1,-1,-1,-1
56,32,650,433,13,15,1,-1,-1,-1
56,33,603,410,13,23,1,-1,-1,-1
56,34,586,414,14,21,1,-1,-1,-1
56,35,586,393,14,19,1,-1,-1,-1
56,36,741,403,14,15,1,-1,-1,-1
56,37,620,298,10,11,1,-1,-1,-1
57,0,568,381,19,11,1,-1,-1,-1
57,1,595,370,10,13,1,-1,-1,-1
57,2,608,368,10,13,1,-1,-1,-1
57,3,590,385,10,13,1,-1,-1,-1
57,4,603,381,10,13,1,-1,-1,-1
57,5,604,395,10,13,1,-1,-1,-1
57,6,637,360,9,13,1,-1,-1,-1
57,7,643,372,10,13,1,-1,-1,-1
57,8,659,372,9,13,1,-1,-1,-1
57,9,663,391,11,17,1,-1,-1,-1
57,10,668,416,13,17,1,-1,-1,-1
57,11,633,337,10,11,1,-1,-1,-1
57,12,656,356,10,13,1,-1,-1,-1
57,13,650,341,10,11,1,-1,-1,-1
57,14,647,324,9,11,1,-1,-1,-1
57,15,633,325,10,9,1,-1,-1,-1
57,16,632,312,9,11,1,-1,-1,-1
57,17,642,312,9,9,1,-1,-1,-1
57,18,649,302,6,9,1,-1,-1,-1
57,20,715,300,7,9,1,-1,-1,-1
57,21,696,302,10,11,1,-1,-1,-1
57,22,687,302,10,13,1,-1,-1,-1
57,23,728,333,11,11,1,-1,-1,-1
57,24,728,360,11,11,1,-1,-1,-1
57,25,765,366,11,11,1,-1,-1,-1
57,26,801,387,13,15,1,-1,-1,-1
57,27,650,418,10,13,1,-1,-1,-1
57,28,646,399,10,15,1,-1,-1,-1
57,29,642,385,13,13,1,-1,-1,-1
57,30,676,432,10,17,1,-1,-1,-1
57,32,650,433,13,15,1,-1,-1,-1
57,33,603,410,13,23,1,-1,-1,-1
57,34,586,412,14,21,1,-1,-1,-1
57,35,586,393,14,19,1,-1,-1,-1
57,36,740,405,14,15,1,-1,-1,-1
57,37,620,298,10,11,1,-1,-1,-1
58,0,569,379,19,11,1,-1,-1,-1
58,1,595,370,10,13,1,-1,-1,-1
58,2,608,368,10,13,1,-1,-1,-1
58,3,590,385,10,13,1,-1,-1,-1
58,4,603,381,10,13,1,-1,-1,-1
58,5,604,395,10,13,1,-1,-1,-1
58,6,637,360,9,13,1,-1,-1,-1
58,7,643,374,10,13,1,-1,-1,-1
58,8,659,372,9,13,1,-1,-1,-1
58,9,663,391,11,17,1,-1,-1,-1
58,10,668,416,13,17,1,-1,-1,-1
58,11,633,337,10,11,1,-1,-1,-1
58,12,656,356,10,13,1,-1,-1,-1
58,13,650,341,10,11,1,-1,-1,-1
58,14,647,324,9,11,1,-1,-1,-1
58,15,633,325,10,9,1,-1,-1,-1
58,16,632,310,9,11,1,-1,-1,-1
58,17,643,312,9,9,1,-1,-1,-1
58,18,649,302,6,9,1,-1,-1,-1
58,20,715,298,7,9,1,-1,-1,-1
58,21,697,300,10,11,1,-1,-1,-1
58,22,685,302,10,13,1,-1,-1,-1
58,23,728,333,11,11,1,-1,-1,-1
58,24,727,358,11,11,1,-1,-1,-1
58,25,765,366,11,11,1,-1,-1,-1
58,26,801,387,13,15,1,-1,-1,-1
58,27,650,418,10,13,1,-1,-1,-1
58,28,646,397,10,15,1,-1,-1,-1
58,29,642,385,13,13,1,-1,-1,-1
58,30,676,432,10,17,1,-1,-1,-1
58,32,651,432,13,15,1,-1,-1,-1
58,33,604,410,13,23,1,-1,-1,-1
58,34,586,414,14,21,1,-1,-1,-1
58,35,586,393,14,19,1,-1,-1,-1
58,36,740,404,13,13,1,-1,-1,-1
58,37,620,300,10,11,1,-1,-1,-1
59,0,568,379,19,11,1,-1,-1,-1
59,1,595,370,10,13,1,-1,-1,-1
59,2,608,366,10,13,1,-1,-1,-1
59,3,590,383,10,13,1,-1,-1,-1
59,4,603,381,10,13,1,-1,-1,-1
59,5,604,395,10,13,1,-1,-1,-1
59,6,638,360,9,13,1,-1,-1,-1
59,7,642,372,10,13,1,-1,-1,-1
59,8,659,372,9,13,1,-1,-1,-1
59,9,663,391,11,17,1,-1,-1,-1
59,10,667,416,13,17,1,-1,-1,-1
59,11,633,337,10,11,1,-1,-1,-1
59,12,656,356,10,13,1,-1,-1,-1
59,13,650,341,10,11,1,-1,-1,-1
59,14,649,322,9,11,1,-1,-1,-1
59,15,633,325,10,9,1,-1,-1,-1
59,16,632,312,9,11,1,-1,-1,-1
59,17,643,312,9,9,1,-1,-1,-1
59,18,649,302,6,9,1,-1,-1,-1
59,20,715,298,7,9,1,-1,-1,-1
59,21,696,300,10,11,1,-1,-1,-1
59,22,685,302,10,13,1,-1,-1,-1
59,23,727,331,11,11,1,-1,-1,-1
59,24,727,356,11,11,1,-1,-1,-1
59,25,765,364,11,11,1,-1,-1,-1
59,26,801,385,13,15,1,-1,-1,-1
59,27,650,416,10,13,1,-1,-1,-1
59,28,646,397,10,15,1,-1,-1,-1
59,29,642,385,13,13,1,-1,-1,-1
59,30,676,432,10,17,1,-1,-1,-1
59,32,650,432,13,15,1,-1,-1,-1
59,33,603,410,13,23,1,-1,-1,-1
59,34,586,412,14,21,1,-1,-1,-1
59,35,585,393,14,19,1,-1,-1,-1
59,36,740,403,13,13,1,-1,-1,-1
59,37,620,300,10,11,1,-1,-1,-1
60,0,568,379,19,11,1,-1,-1,-1
60,1,595,370,10,13,1,-1,-1,-1
60,2,608,366,10,13,1,-1,-1,-1
60,3,590,383,10,13,1,-1,-1,-1
60,4,603,379,10,13,1,-1,-1,-1
60,5,603,395,10,13,1,-1,-1,-1
60,6,637,358,9,13,1,-1,-1,-1
60,7,643,372,10,13,1,-1,-1,-1
60,8,659,370,9,13,1,-1,-1,-1
60,9,663,391,11,17,1,-1,-1,-1
60,10,668,416,13,17,1,-1,-1,-1
60,11,633,337,10,11,1,-1,-1,-1
60,12,656,356,10,13,1,-1,-1,-1
60,13,650,341,10,11,1,-1,-1,-1
60,14,647,324,9,11,1,-1,-1,-1
60,15,633,325,10,9,1,-1,-1,-1
60,16,633,310,9,11,1,-1,-1,-1
60,17,642,314,9,9,1,-1,-1,-1
60,18,650,302,6,9,1,-1,-1,-1
60,20,715,298,7,9,1,-1,-1,-1
60,21,696,298,10,11,1,-1,-1,-1
60,22,685,300,10,13,1,-1,-1,-1
60,23,727,331,11,11,1,-1,-1,-1
60,24,726,356,11,11,1,-1,-1,-1
60,25,764,364,11,11,1,-1,-1,-1
60,26,801,385,13,15,1,-1,-1,-1
60,27,650,416,10,13,1,-1,-1,-1
60,28,646,397,10,15,1,-1,-1,-1
60,29,643,385,13,13,1,-1,-1,-1
60,30,676,430,10,17,1,-1,-1,-1
60,32,651,432,13,15,1,-1,-1,-1
60,33,604,410,13,23,1,-1,-1,-1
60,34,586,412,14,21,1,-1,-1,-1
60,35,586,393,14,19,1,-1,-1,-1
60,36,739,401,13,13,1,-1,-1,-1
60,37,620,300,10,11,1,-1,-1,-1
61,0,569,379,19,11,1,-1,-1,-1
61,1,595,370,10,13,1,-1,-1,-1
61,2,608,366,10,13,1,-1,-1,-1
61,3,590,383,10,13,1,-1,-1,-1
61,4,603,379,10,13,1,-1,-1,-1
61,5,603,393,10,13,1,-1,-1,-1
61,6,637,358,9,13,1,-1,-1,-1
61,7,643,372,10,13,1,-1,-1,-1
61,8,659,372,9,13,1,-1,-1,-1
61,9,663,391,11,17,1,-1,-1,-1
61,10,668,416,13,17,1,-1,-1,-1
61,11,634,337,10,11,1,-1,-1,-1
61,12,656,356,10,13,1,-1,-1,-1
61,13,650,341,10,11,1,-1,-1,-1
61,14,647,322,9,11,1,-1,-1,-1
61,15,633,325,10,9,1,-1,-1,-1
61,16,632,310,9,11,1,-1,-1,-1
61,17,643,312,9,9,1,-1,-1,-1
61,18,649,302,6,9,1,-1,-1,-1
61,20,715,297,7,9,1,-1,-1,-1
61,21,694,298,10,11,1,-1,-1,-1
61,22,685,298,10,13,1,-1,-1,-1
61,23,727,331,11,11,1,-1,-1,-1
61,24,726,356,11,11,1,-1,-1,-1
61,25,764,362,11,11,1,-1,-1,-1
61,26,801,385,13,15,1,-1,-1,-1
61,27,650,416,10,13,1,-1,-1,-1
61,28,646,397,10,15,1,-1,-1,-1
61,29,642,385,13,13,1,-1,-1,-1
61,30,676,432,10,17,1,-1,-1,-1
61,32,651,430,13,15,1,-1,-1,-1
61,33,603,410,13,23,1,-1,-1,-1
61,34,586,412,14,21,1,-1,-1,-1
61,35,586,393,14,19,1,-1,-1,-1
61,36,739,401,13,13,1,-1,-1,-1
61,37,620,300,10,11,1,-1,-1,-1
62,0,569,379,19,11,1,-1,-1,-1
62,1,595,370,10,13,1,-1,-1,-1
62,2,608,366,10,13,1,-1,-1,-1
62,3,590,383,10,13,1,-1,-1,-1
62,4,603,379,10,13,1,-1,-1,-1
62,5,604,393,10,13,1,-1,-1,-1
62,6,638,358,9,13,1,-1,-1,-1
62,7,643,372,10,13,1,-1,-1,-1
62,8,659,370,9,13,1,-1,-1,-1
62,9,663,391,11,17,1,-1,-1,-1
62,10,670,416,13,17,1,-1,-1,-1
62,11,633,337,10,11,1,-1,-1,-1
62,12,656,356,10,13,1,-1,-1,-1
62,13,650,341,10,11,1,-1,-1,-1
62,14,649,322,9,11,1,-1,-1,-1
62,15,633,325,10,9,1,-1,-1,-1
62,16,632,310,9,11,1,-1,-1,-1
62,17,643,312,9,9,1,-1,-1,-1
62,18,649,300,6,9,1,-1,-1,-1
62,20,715,295,7,9,1,-1,-1,-1
62,21,696,297,10,11,1,-1,-1,-1
62,22,685,298,10,13,1,-1,-1,-1
62,23,727,329,11,11,1,-1,-1,-1
62,24,726,354,11,11,1,-1,-1,-1
62,25,764,362,11,11,1,-1,-1,-1
62,26,801,385,13,15,1,-1,-1,-1
62,27,650,416,10,13,1,-1,-1,-1
62,28,646,397,10,15,1,-1,-1,-1
62,29,642,385,13,13,1,-1,-1,-1
62,30,676,430,10,17,1,-1,-1,-1
62,32,650,430,13,15,1,-1,-1,-1
62,33,604,410,13,23,1,-1,-1,-1
62,34,586,412,14,21,1,-1,-1,-1
62,35,586,393,14,19,1,-1,-1,-1
62,36,739,399,13,13,1,-1,-1,-1
62,37,620,300,10,11,1,-1,-1,-1
63,0,569,379,19,11,1,-1,-1,-1
63,1,595,370,10,13,1,-1,-1,-1
63,2,608,366,10,13,1,-1,-1,-1
63,3,590,383,10,13,1,-1,-1,-1
63,4,603,379,10,13,1,-1,-1,-1
63,5,604,393,10,13,1,-1,-1,-1
63,6,638,358,9,13,1,-1,-1,-1
63,7,643,372,10,13,1,-1,-1,-1
63,8,659,370,9,13,1,-1,-1,-1
63,9,663,391,11,17,1,-1,-1,-1
63,10,668,414,13,17,1,-1,-1,-1
63,11,633,337,10,11,1,-1,-1,-1
63,12,656,354,10,13,1,-1,-1,-1
63,13,650,339,10,11,1,-1,-1,-1
63,14,649,322,9,11,1,-1,-1,-1
63,15,633,325,10,9,1,-1,-1,-1
63,16,632,310,9,11,1,-1,-1,-1
63,17,643,312,9,9,1,-1,-1,-1
63,18,650,302,6,9,1,-1,-1,-1
63,20,715,295,7,9,1,-1,-1,-1
63,21,696,295,10,11,1,-1,-1,-1
63,22,684,297,10,13,1,-1,-1,-1
63,23,727,329,11,11,1,-1,-1,-1
63,24,724,352,11,11,1,-1,-1,-1
63,25,762,360,11,11,1,-1,-1,-1
63,26,801,383,13,15,1,-1,-1,-1
63,27,650,414,10,13,1,-1,-1,-1
63,28,646,397,10,15,1,-1,-1,-1
63,29,643,385,13,13,1,-1,-1,-1
63,30,676,430,10,17,1,-1,-1,-1
63,32,651,430,13,15,1,-1,-1,-1
63,33,604,410,13,23,1,-1,-1,-1
63,34,586,412,14,21,1,-1,-1,-1
63,35,586,391,14,19,1,-1,-1,-1
63,36,737,397,13,13,1,-1,-1,-1
63,37,619,300,10,11,1,-1,-1,-1
64,0,569,379,19,11,1,-1,-1,-1
64,1,595,368,10,13,1,-1,-1,-1
64,2,608,366,10,13,1,-1,-1,-1
64,3,590,381,10,13,1,-1,-1,-1
64,4,603,379,10,13,1,-1,-1,-1
64,5,604,393,10,13,1,-1,-1,-1
64,6,637,358,9,13,1,-1,-1,-1
64,7,643,372,10,13,1,-1,-1,-1
64,8,659,370,9,13,1,-1,-1,-1
64,9,664,389,11,17,1,-1,-1,-1
64,10,668,414,13,17,1,-1,-1,-1
64,11,633,337,10,11,1,-1,-1,-1
64,12,658,354,10,13,1,-1,-1,-1
64,13,650,341,10,11,1,-1,-1,-1
64,14,647,322,9,11,1,-1,-1,-1
64,15,633,325,10,9,1,-1,-1,-1
64,16,633,310,9,11,1,-1,-1,-1
64,17,643,312,9,9,1,-1,-1,-1
64,18,650,302,6,9,1,-1,-1,-1
64,20,714,295,7,9,1,-1,-1,-1
64,21,694,295,10,11,1,-1,-1,-1
64,22,684,297,10,13,1,-1,-1,-1
64,23,726,327,11,11,1,-1,-1,-1
64,24,724,352,11,11,1,-1,-1,-1
64,25,762,360,11,11,1,-1,-1,-1
64,26,801,383,13,15,1,-1,-1,-1
64,27,650,414,10,13,1,-1,-1,-1
64,28,647,397,10,15,1,-1,-1,-1
64,29,643,383,13,13,1,-1,-1,-1
64,30,676,430,10,17,1,-1,-1,-1
64,32,651,430,13,15,1,-1,-1,-1
64,33,603,410,13,23,1,-1,-1,-1
64,34,586,410,14,21,1,-1,-1,-1
64,35,586,391,14,19,1,-1,-1,-1
64,36,737,397,13,13,1,-1,-1,-1
64,37,620,300,10,11,1,-1,-1,-1
65,0,569,379,19,11,1,-1,-1,-1
65,1,595,368,10,13,1,-1,-1,-1
65,2,608,366,10,13,1,-1,-1,-1
65,3,590,383,10,13,1,-1,-1,-1
65,4,603,379,10,13,1,-1,-1,-1
65,5,604,393,10,13,1,-1,-1,-1
65,6,638,358,9,13,1,-1,-1,-1
65,7,643,372,10,13,1,-1,-1,-1
65,8,659,370,9,13,1,-1,-1,-1
65,9,664,391,11,17,1,-1,-1,-1
65,10,668,414,13,17,1,-1,-1,-1
65,11,633,337,10,11,1,-1,-1,-1
65,12,658,354,10,13,1,-1,-1,-1
65,13,650,339,10,11,1,-1,-1,-1
65,14,649,322,9,11,1,-1,-1,-1
65,15,633,325,10,9,1,-1,-1,-1
65,16,632,310,9,11,1,-1,-1,-1
65,17,643,312,9,9,1,-1,-1,-1
65,18,649,300,6,9,1,-1,-1,-1
65,20,714,293,7,9,1,-1,-1,-1
65,21,694,293,10,11,1,-1,-1,-1
65,22,684,295,10,13,1,-1,-1,-1
65,23,726,327,11,11,1,-1,-1,-1
65,24,724,351,11,11,1,-1,-1,-1
65,25,761,358,11,11,1,-1,-1,-1
65,26,801,383,13,15,1,-1,-1,-1
65,27,650,414,10,13,1,-1,-1,-1
65,28,646,395,10,15,1,-1,-1,-1
65,29,642,385,13,13,1,-1,-1,-1
65,30,676,430,10,17,1,-1,-1,-1
65,32,651,430,13,15,1,-1,-1,-1
65,33,604,410,13,23,1,-1,-1,-1
65,34,586,410,14,21,1,-1,-1,-1
65,35,586,391,14,19,1,-1,-1,-1
65,36,737,395,13,13,1,-1,-1,-1
65,37,619,302,10,11,1,-1,-1,-1
66,0,569,378,19,11,1,-1,-1,-1
66,1,595,368,10,13,1,-1,-1,-1
66,2,608,364,10,13,1,-1,-1,-1
66,3,590,381,10,13,1,-1,-1,-1
66,4,603,379,10,13,1,-1,-1,-1
66,5,604,393,10,13,1,-1,-1,-1
66,6,638,358,9,13,1,-1,-1,-1
66,7,643,370,10,13,1,-1,-1,-1
66,8,659,370,9,13,1,-1,-1,-1
66,9,664,389,11,17,1,-1,-1,-1
66,10,670,414,13,17,1,-1,-1,-1
66,11,633,337,10,11,1,-1,-1,-1
66,12,658,354,10,13,1,-1,-1,-1
66,13,650,339,10,11,1,-1,-1,-1
66,14,649,322,9,11,1,-1,-1,-1
66,15,633,324,10,9,1,-1,-1,-1
66,16,632,310,9,11,1,-1,-1,-1
66,17,643,312,9,9,1,-1,-1,-1
66,18,650,302,6,9,1,-1,-1,-1
66,20,715,293,7,9,1,-1,-1,-1
66,21,694,293,10,11,1,-1,-1,-1
66,22,684,295,10,13,1,-1,-1,-1
66,23,726,325,11,11,1,-1,-1,-1
66,24,723,349,11,11,1,-1,-1,-1
66,25,761,358,11,11,1,-1,-1,-1
66,26,801,383,13,15,1,-1,-1,-1
66,27,650,414,10,13,1,-1,-1,-1
66,28,646,395,10,15,1,-1,-1,-1
66,29,643,383,13,13,1,-1,-1,-1
66,30,676,430,10,17,1,-1,-1,-1
66,32,651,430,13,15,1,-1,-1,-1
66,33,604,410,13,23,1,-1,-1,-1
66,34,586,410,14,21,1,-1,-1,-1
66,35,586,391,14,19,1,-1,-1,-1
66,36,736,393,13,13,1,-1,-1,-1
66,37,620,300,10,11,1,-1,-1,-1
67,0,569,378,19,11,1,-1,-1,-1
67,1,595,368,10,13,1,-1,-1,-1
67,2,608,364,10,13,1,-1,-1,-1
67,3,590,381,10,13,1,-1,-1,-1
67,4,603,378,10,13,1,-1,-1,-1
67,5,604,393,10,13,1,-1,-1,-1
67,6,638,358,9,13,1,-1,-1,-1
67,7,645,370,10,13,1,-1,-1,-1
67,8,659,370,9,13,1,-1,-1,-1
67,9,664,389,11,17,1,-1,-1,-1
67,10,668,414,13,17,1,-1,-1,-1
67,11,634,337,10,11,1,-1,-1,-1
67,12,658,354,10,13,1,-1,-1,-1
67,13,650,339,10,11,1,-1,-1,-1
67,14,649,322,9,11,1,-1,-1,-1
67,15,633,324,10,9,1,-1,-1,-1
67,16,633,310,9,11,1,-1,-1,-1
67,17,643,310,9,9,1,-1,-1,-1
67,18,650,300,6,9,1,-1,-1,-1
67,20,714,293,7,9,1,-1,-1,-1
67,21,693,291,10,11,1,-1,-1,-1
67,22,684,293,10,13,1,-1,-1,-1
67,23,724,325,11,11,1,-1,-1,-1
67,24,723,347,11,11,1,-1,-1,-1
67,25,761,356,11,11,1,-1,-1,-1
67,26,803,383,13,15,1,-1,-1,-1
67,27,650,414,10,13,1,-1,-1,-1
67,28,646,395,10,15,1,-1,-1,-1
67,29,643,383,13,13,1,-1,-1,-1
67,30,676,430,10,17,1,-1,-1,-1
67,32,651,428,13,15,1,-1,-1,-1
67,33,604,410,13,23,1,-1,-1,-1
67,34,586,410,14,21,1,-1,-1,-1
67,35,586,391,14,19,1,-1,-1,-1
67,36,736,393,13,13,1,-1,-1,-1
67,37,619,300,10,11,1,-1,-1,-1
68,0,569,378,19,11,1,-1,-1,-1
68,1,595,368,10,13,1,-1,-1,-1
68,2,608,364,10,13,1,-1,-1,-1
68,3,590,381,10,13,1,-1,-1,-1
68,4,603,378,10,13,1,-1,-1,-1
68,5,604,393,10,13,1,-1,-1,-1
68,6,637,358,9,13,1,-1,-1,-1
68,7,643,370,10,13,1,-1,-1,-1
68,8,659,370,9,13,1,-1,-1,-1
68,9,664,389,11,17,1,-1,-1,-1
68,10,670,414,13,17,1,-1,-1,-1
68,11,634,337,10,11,1,-1,-1,-1
68,12,658,354,10,13,1,-1,-1,-1
68,13,650,339,10,11,1,-1,-1,-1
68,14,649,322,9,11,1,-1,-1,-1
68,15,633,324,10,9,1,-1,-1,-1
68,16,633,310,9,11,1,-1,-1,-1
68,17,643,310,9,9,1,-1,-1,-1
68,18,650,300,6,9,1,-1,-1,-1
68,20,714,291,7,9,1,-1,-1,-1
68,21,693,291,10,11,1,-1,-1,-1
68,22,684,293,10,13,1,-1,-1,-1
68,23,724,325,11,11,1,-1,-1,-1
68,24,723,347,11,11,1,-1,-1,-1
68,25,761,356,11,11,1,-1,-1,-1
68,26,801,383,13,15,1,-1,-1,-1
68,27,650,414,10,13,1,-1,-1,-1
68,28,646,395,10,15,1,-1,-1,-1
68,29,643,383,13,13,1,-1,-1,-1
68,30,676,430,10,17,1,-1,-1,-1
68,32,651,428,13,15,1,-1,-1,-1
68,33,604,410,13,23,1,-1,-1,-1
68,34,586,410,14,21,1,-1,-1,-1
68,35,586,391,14,19,1,-1,-1,-1
68,36,736,391,13,13,1,-1,-1,-1
68,37,620,302,10,11,1,-1,-1,-1
69,0,569,376,19,11,1,-1,-1,-1
69,1,595,368,10,13,1,-1,-1,-1
69,2,608,364,10,13,1,-1,-1,-1
69,3,590,381,10,13,1,-1,-1,-1
69,4,603,378,10,13,1,-1,-1,-1
69,5,604,393,10,13,1,-1,-1,-1
69,6,638,356,9,13,1,-1,-1,-1
69,7,643,370,10,13,1,-1,-1,-1
69,8,659,368,9,13,1,-1,-1,-1
69,9,666,389,11,17,1,-1,-1,-1
69,10,670,414,13,17,1,-1,-1,-1
69,11,633,335,10,11,1,-1,-1,-1
69,12,658,354,10,13,1,-1,-1,-1
69,13,650,339,10,11,1,-1,-1,-1
69,14,649,322,9,11,1,-1,-1,-1
69,15,633,325,10,9,1,-1,-1,-1
69,16,632,308,9,11,1,-1,-1,-1
69,17,645,310,9,9,1,-1,-1,-1
69,18,650,300,6,9,1,-1,-1,-1
69,20,714,291,7,9,1,-1,-1,-1
69,21,693,291,10,11,1,-1,-1,-1
69,22,684,291,10,13,1,-1,-1,-1
69,23,724,322,11,11,1,-1,-1,-1
69,24,723,345,11,11,1,-1,-1,-1
69,25,761,354,11,11,1,-1,-1,-1
69,26,803,383,13,15,1,-1,-1,-1
69,27,650,414,10,13,1,-1,-1,-1
69,28,646,395,10,15,1,-1,-1,-1
69,29,643,383,13,13,1,-1,-1,-1
69,30,676,430,10,17,1,-1,-1,-1
69,32,651,428,13,15,1,-1,-1,-1
69,33,604,410,13,23,1,-1,-1,-1
69,34,587,410,14,21,1,-1,-1,-1
69,35,586,389,14,19,1,-1,-1,-1
69,36,736,389,13,13,1,-1,-1,-1
69,37,619,302,10,11,1,-1,-1,-1
70,0,569,376,19,11,1,-1,-1,-1
70,1,595,368,10,13,1,-1,-1,-1
70,2,608,364,10,13,1,-1,-1,-1
70,3,590,381,10,13,1,-1,-1,-1
70,4,603,376,10,13,1,-1,-1,-1
70,5,604,391,10,13,1,-1,-1,-1
70,6,638,356,9,13,1,-1,-1,-1
70,7,643,370,10,13,1,-1,-1,-1
70,8,659,368,9,13,1,-1,-1,-1
70,9,666,389,11,17,1,-1,-1,-1
70,10,670,414,13,17,1,-1,-1,-1
70,11,633,337,10,11,1,-1,-1,-1
70,12,658,352,10,13,1,-1,-1,-1
70,13,650,339,10,11,1,-1,-1,-1
70,14,649,322,9,11,1,-1,-1,-1
70,15,633,324,10,9,1,-1,-1,-1
70,16,633,308,9,11,1,-1,-1,-1
70,17,643,310,9,9,1,-1,-1,-1
70,18,650,300,6,9,1,-1,-1,-1
70,20,714,291,7,9,1,-1,-1,-1
70,21,693,289,10,11,1,-1,-1,-1
70,22,684,291,10,13,1,-1,-1,-1
70,23,724,322,11,11,1,-1,-1,-1
70,24,722,345,11,11,1,-1,-1,-1
70,25,760,352,11,11,1,-1,-1,-1
70,26,803,383,13,15,1,-1,-1,-1
70,27,650,414,10,13,1,-1,-1,-1
70,28,646,395,10,15,1,-1,-1,-1
70,29,642,383,13,13,1,-1,-1,-1
70,30,676,428,10,17,1,-1,-1,-1
70,32,651,428,13,15,1,-1,-1,-1
70,33,604,410,13,23,1,-1,-1,-1
70,34,586,408,14,21,1,-1,-1,-1
70,35,586,389,14,19,1,-1,-1,-1
70,36,736,389,13,13,1,-1,-1,-1
70,37,619,302,10,11,1,-1,-1,-1
71,0,569,376,19,11,1,-1,-1,-1
71,1,595,368,10,13,1,-1,-1,-1
71,2,608,364,10,13,1,-1,-1,-1
71,3,590,381,10,13,1,-1,-1,-1
71,4,603,378,10,13,1,-1,-1,-1
71,5,604,393,10,13,1,-1,-1,-1
71,6,638,356,9,13,1,-1,-1,-1
71,7,643,370,10,13,1,-1,-1,-1
71,8,659,368,9,13,1,-1,-1,-1
71,9,664,389,11,17,1,-1,-1,-1
71,10,670,412,13,17,1,-1,-1,-1
71,11,633,335,10,11,1,-1,-1,-1
71,12,656,354,10,13,1,-1,-1,-1
71,13,650,339,10,11,1,-1,-1,-1
71,14,649,320,9,11,1,-1,-1,-1
71,15,633,324,10,9,1,-1,-1,-1
71,16,633,310,9,11,1,-1,-1,-1
71,17,645,312,9,9,1,-1,-1,-1
71,18,649,300,6,9,1,-1,-1,-1
71,20,714,291,7,9,1,-1,-1,-1
71,21,693,289,10,11,1,-1,-1,-1
71,22,684,289,10,13,1,-1,-1,-1
71,23,723,322,11,11,1,-1,-1,-1
71,24,720,343,11,11,1,-1,-1,-1
71,25,760,352,11,11,1,-1,-1,-1
71,26,803,381,13,15,1,-1,-1,-1
71,27,650,414,10,13,1,-1,-1,-1
71,28,646,393,10,15,1,-1,-1,-1
71,29,643,381,13,13,1,-1,-1,-1
71,30,676,428,10,17,1,-1,-1,-1
71,32,651,428,13,15,1,-1,-1,-1
71,33,604,408,13,23,1,-1,-1,-1
71,34,586,408,14,21,1,-1,-1,-1
71,35,586,389,14,19,1,-1,-1,-1
71,36,735,387,13,13,1,-1,-1,-1
71,37,619,302,10,11,1,-1,-1,-1
72,0,569,376,19,11,1,-1,-1,-1
72,1,595,366,10,13,1,-1,-1,-1
72,2,608,364,10,13,1,-1,-1,-1
72,3,590,379,10,13,1,-1,-1,-1
72,4,604,376,10,13,1,-1,-1,-1
72,5,604,391,10,13,1,-1,-1,-1
72,6,638,356,9,13,1,-1,-1,-1
72,7,643,368,10,13,1,-1,-1,-1
72,8,660,368,9,13,1,-1,-1,-1
72,9,664,389,11,17,1,-1,-1,-1
72,10,670,412,13,17,1,-1,-1,-1
72,11,634,337,10,11,1,-1,-1,-1
72,12,658,352,10,13,1,-1,-1,-1
72,13,650,337,10,11,1,-1,-1,-1
72,14,649,320,9,11,1,-1,-1,-1
72,15,633,322,10,9,1,-1,-1,-1
72,16,633,308,9,11,1,-1,-1,-1
72,17,643,310,9,9,1,-1,-1,-1
72,18,650,300,6,9,1,-1,-1,-1
72,20,714,291,7,9,1,-1,-1,-1
72,21,693,287,10,11,1,-1,-1,-1
72,22,684,289,10,13,1,-1,-1,-1
72,23,723,320,11,11,1,-1,-1,-1
72,24,720,343,11,11,1,-1,-1,-1
72,25,758,352,11,11,1,-1,-1,-1
72,26,803,381,13,15,1,-1,-1,-1
72,27,650,412,10,13,1,-1,-1,-1
72,28,646,393,10,15,1,-1,-1,-1
72,29,643,383,13,13,1,-1,-1,-1
72,30,676,428,10,17,1,-1,-1,-1
72,32,651,428,13,15,1,-1,-1,-1
72,33,606,408,13,23,1,-1,-1,-1
72,34,587,408,14,21,1,-1,-1,-1
72,35,586,389,14,19,1,-1,-1,-1
72,36,735,387,13,13,1,-1,-1,-1
72,37,619,302,10,11,1,-1,-1,-1
73,0,569,376,19,11,1,-1,-1,-1
73,1,595,366,10,13,1,-1,-1,-1
73,2,608,364,10,13,1,-1,-1,-1
73,3,590,379,10,13,1,-1,-1,-1
73,4,604,376,10,13,1,-1,-1,-1
73,5,604,391,10,13,1,-1,-1,-1
73,6,638,356,9,13,1,-1,-1,-1
73,7,643,368,10,13,1,-1,-1,-1
73,8,659,368,9,13,1,-1,-1,-1
73,9,664,389,11,17,1,-1,-1,-1
73,10,670,412,13,17,1,-1,-1,-1
73,11,634,335,10,11,1,-1,-1,-1
73,12,658,352,10,13,1,-1,-1,-1
73,13,650,337,10,11,1,-1,-1,-1
73,14,649,320,9,11,1,-1,-1,-1
73,15,633,322,10,9,1,-1,-1,-1
73,16,632,308,9,11,1,-1,-1,-1
73,17,645,310,9,9,1,-1,-1,-1
73,18,650,298,6,9,1,-1,-1,-1
73,20,714,289,7,9,1,-1,-1,-1
73,21,693,287,10,11,1,-1,-1,-1
73,22,684,287,10,13,1,-1,-1,-1
73,23,723,320,11,11,1,-1,-1,-1
73,24,719,341,11,11,1,-1,-1,-1
73,25,757,351,11,11,1,-1,-1,-1
73,26,803,381,13,15,1,-1,-1,-1
73,27,650,412,10,13,1,-1,-1,-1
73,28,646,393,10,15,1,-1,-1,-1
73,29,643,381,13,13,1,-1,-1,-1
73,30,676,428,10,17,1,-1,-1,-1
73,32,651,426,13,15,1,-1,-1,-1
73,33,604,408,13,23,1,-1,-1,-1
73,34,586,408,14,21,1,-1,-1,-1
73,35,586,387,14,19,1,-1,-1,-1
73,36,735,385,13,13,1,-1,-1,-1
73,37,619,302,10,11,1,-1,-1,-1
74,0,569,376,19,11,1,-1,-1,-1
74,1,595,366,10,13,1,-1,-1,-1
74,2,609,362,10,13,1,-1,-1,-1
74,3,590,379,10,13,1,-1,-1,-1
74,4,603,376,10,13,1,-1,-1,-1
74,5,604,391,10,13,1,-1,-1,-1
74,6,638,356,9,13,1,-1,-1,-1
74,7,643,368,10,13,1,-1,-1,-1
74,8,659,368,9,13,1,-1,-1,-1
74,9,664,389,11,17,1,-1,-1,-1
74,10,670,412,13,17,1,-1,-1,-1
74,11,634,335,10,11,1,-1,-1,-1
74,12,658,352,10,13,1,-1,-1,-1
74,13,650,337,10,11,1,-1,-1,-1
74,14,649,320,9,11,1,-1,-1,-1
74,15,633,322,10,9,1,-1,-1,-1
74,16,633,308,9,11,1,-1,-1,-1
74,17,645,310,9,9,1,-1,-1,-1
74,18,650,300,6,9,1,-1,-1,-1
74,20,714,289,7,9,1,-1,-1,-1
74,21,693,285,10,11,1,-1,-1,-1
74,22,684,287,10,13,1,-1,-1,-1
74,23,723,318,11,11,1,-1,-1,-1
74,24,719,341,11,11,1,-1,-1,-1
74,25,757,349,11,11,1,-1,-1,-1
74,26,803,381,13,15,1,-1,-1,-1
74,27,651,412,10,13,1,-1,-1,-1
74,28,646,393,10,15,1,-1,-1,-1
74,29,643,381,13,13,1,-1,-1,-1
74,30,676,428,10,17,1,-1,-1,-1
74,32,653,426,13,15,1,-1,-1,-1
74,33,604,408,13,23,1,-1,-1,-1
74,34,586,408,14,21,1,-1,-1,-1
74,35,586,387,14,19,1,-1,-1,-1
74,36,734,383,13,13,1,-1,-1,-1
74,37,619,302,10,11,1,-1,-1,-1
75,0,569,374,19,11,1,-1,-1,-1
75,1,595,366,10,13,1,-1,-1,-1
75,2,608,362,10,13,1,-1,-1,-1
75,3,590,379,10,13,1,-1,-1,-1
75,4,603,376,10,13,1,-1,-1,-1
75,5,604,391,10,13,1,-1,-1,-1
75,6,638,356,9,13,1,-1,-1,-1
75,7,645,368,10,13,1,-1,-1,-1
75,8,660,368,9,13,1,-1,-1,-1
75,9,664,389,11,17,1,-1,-1,-1
75,10,671,412,13,17,1,-1,-1,-1
75,11,634,335,10,11,1,-1,-1,-1
75,12,658,352,10,13,1,-1,-1,-1
75,13,650,337,10,11,1,-1,-1,-1
75,14,649,320,9,11,1,-1,-1,-1
75,15,633,322,10,9,1,-1,-1,-1
75,16,633,308,9,11,1,-1,-1,-1
75,17,645,310,9,9,1,-1,-1,-1
75,18,650,298,6,9,1,-1,-1,-1
75,20,714,289,7,9,1,-1,-1,-1
75,21,693,283,10,11,1,-1,-1,-1
75,22,684,285,10,13,1,-1,-1,-1
75,23,722,318,11,11,1,-1,-1,-1
75,24,719,339,11,11,1,-1,-1,-1
75,25,757,349,11,11,1,-1,-1,-1
75,26,804,379,13,15,1,-1,-1,-1
75,27,650,412,10,13,1,-1,-1,-1
75,28,647,393,10,15,1,-1,-1,-1
75,29,645,381,13,13,1,-1,-1,-1
75,30,676,428,10,17,1,-1,-1,-1
75,32,651,426,13,15,1,-1,-1,-1
75,33,606,408,13,23,1,-1,-1,-1
75,34,586,408,14,21,1,-1,-1,-1
75,35,586,387,14,19,1,-1,-1,-1
75,36,735,383,13,13,1,-1,-1,-1
75,37,617,302,10,11,1,-1,-1,-1
76,0,569,374,19,11,1,-1,-1,-1
76,1,595,366,10,13,1,-1,-1,-1
76,2,608,362,10,13,1,-1,-1,-1
76,3,591,379,10,13,1,-1,-1,-1
76,4,603,376,10,13,1,-1,-1,-1
76,5,604,391,10,13,1,-1,-1,-1
76,6,640,354,9,13,1,-1,-1,-1
76,7,645,368,10,13,1,-1,-1,-1
76,8,659,366,9,13,1,-1,-1,-1
76,9,664,387,11,17,1,-1,-1,-1
76,10,670,412,13,17,1,-1,-1,-1
76,11,636,335,10,11,1,-1,-1,-1
76,12,658,352,10,13,1,-1,-1,-1
76,13,650,337,10,11,1,-1,-1,-1
76,14,649,320,9,11,1,-1,-1,-1
76,15,633,322,10,9,1,-1,-1,-1
76,16,633,308,9,11,1,-1,-1,-1
76,17,643,310,9,9,1,-1,-1,-1
76,18,650,298,6,9,1,-1,-1,-1
76,20,714,287,7,9,1,-1,-1,-1
76,21,693,283,10,11,1,-1,-1,-1
76,22,683,285,10,13,1,-1,-1,-1
76,23,722,316,11,11,1,-1,-1,-1
76,24,718,337,11,11,1,-1,-1,-1
76,25,757,347,11,11,1,-1,-1,-1
76,26,803,379,13,15,1,-1,-1,-1
76,27,650,410,10,13,1,-1,-1,-1
76,28,647,393,10,15,1,-1,-1,-1
76,29,643,379,13,13,1,-1,-1,-1
76,30,677,428,10,17,1,-1,-1,-1
76,32,653,426,13,15,1,-1,-1,-1
76,33,604,408,13,23,1,-1,-1,-1
76,34,586,406,14,21,1,-1,-1,-1
76,35,586,387,14,19,1,-1,-1,-1
76,36,732,381,13,13,1,-1,-1,-1
76,37,619,302,10,11,1,-1,-1,-1
77,0,569,374,19,11,1,-1,-1,-1
77,1,595,366,10,13,1,-1,-1,-1
77,2,608,362,10,13,1,-1,-1,-1
77,3,591,379,10,13,1,-1,-1,-1
77,4,603,374,10,13,1,-1,-1,-1
77,5,604,391,10,13,1,-1,-1,-1
77,6,638,354,9,13,1,-1,-1,-1
77,7,645,366,10,13,1,-1,-1,-1
77,8,660,366,9,13,1,-1,-1,-1
77,9,666,387,11,17,1,-1,-1,-1
77,10,671,412,13,17,1,-1,-1,-1
77,11,634,335,10,11,1,-1,-1,-1
77,12,659,352,10,13,1,-1,-1,-1
77,13,650,337,10,11,1,-1,-1,-1
77,14,649,320,9,11,1,-1,-1,-1
77,15,633,322,10,9,1,-1,-1,-1
77,16,633,308,9,11,1,-1,-1,-1
77,17,645,310,9,9,1,-1,-1,-1
77,18,650,298,6,9,1,-1,-1,-1
77,20,714,287,7,9,1,-1,-1,-1
77,21,693,283,10,11,1,-1,-1,-1
77,22,683,283,10,13,1,-1,-1,-1
77,23,720,316,11,11,1,-1,-1,-1
77,24,718,335,11,11,1,-1,-1,-1
77,25,756,345,11,11,1,-1,-1,-1
77,26,803,379,13,15,1,-1,-1,-1
77,27,650,410,10,13,1,-1,-1,-1
77,28,647,391,10,15,1,-1,-1,-1
77,29,643,379,13,13,1,-1,-1,-1
77,30,677,426,10,17,1,-1,-1,-1
77,32,653,426,13,15,1,-1,-1,-1
77,33,606,408,13,23,1,-1,-1,-1
77,34,586,406,14,21,1,-1,-1,-1
77,35,586,385,14,19,1,-1,-1,-1
77,36,734,381,13,13,1,-1,-1,-1
77,37,617,302,10,11,1,-1,-1,-1
78,0,569,374,19,11,1,-1,-1,-1
78,1,595,366,10,13,1,-1,-1,-1
78,2,608,362,10,13,1,-1,-1,-1
78,3,590,378,10,13,1,-1,-1,-1
78,4,603,374,10,13,1,-1,-1,-1
78,5,606,391,10,13,1,-1,-1,-1
78,6,638,354,9,13,1,-1,-1,-1
78,7,645,366,10,13,1,-1,-1,-1
78,8,660,366,9,13,1,-1,-1,-1
78,9,666,387,11,17,1,-1,-1,-1
78,10,670,410,13,17,1,-1,-1,-1
78,11,634,335,10,11,1,-1,-1,-1
78,12,659,352,10,13,1,-1,-1,-1
78,13,650,337,10,11,1,-1,-1,-1
78,14,650,320,9,11,1,-1,-1,-1
78,15,633,322,10,9,1,-1,-1,-1
78,16,633,306,9,11,1,-1,-1,-1
78,17,645,310,9,9,1,-1,-1,-1
78,18,650,298,6,9,1,-1,-1,-1
78,20,714,287,7,9,1,-1,-1,-1
78,21,693,281,10,11,1,-1,-1,-1
78,22,683,283,10,13,1,-1,-1,-1
78,23,720,314,11,11,1,-1,-1,-1
78,24,718,335,11,11,1,-1,-1,-1
78,25,756,345,11,11,1,-1,-1,-1
78,26,804,379,13,15,1,-1,-1,-1
78,27,650,410,10,13,1,-1,-1,-1
78,28,647,391,10,15,1,-1,-1,-1
78,29,643,379,13,13,1,-1,-1,-1
78,30,676,426,10,17,1,-1,-1,-1
78,32,653,426,13,15,1,-1,-1,-1
78,33,606,408,13,23,1,-1,-1,-1
78,34,587,406,14,21,1,-1,-1,-1
78,35,586,385,14,19,1,-1,-1,-1
78,36,732,379,13,13,1,-1,-1,-1
78,37,619,302,10,11,1,-1,-1,-1
79,0,570,374,19,11,1,-1,-1,-1
79,1,595,364,10,13,1,-1,-1,-1
79,2,608,360,10,13,1,-1,-1,-1
79,3,590,378,10,13,1,-1,-1,-1
79,4,603,374,10,13,1,-1,-1,-1
79,5,606,391,10,13,1,-1,-1,-1
79,6,640,354,9,13,1,-1,-1,-1
79,7,643,366,10,13,1,-1,-1,-1
79,8,660,366,9,13,1,-1,-1,-1
79,9,666,387,11,17,1,-1,-1,-1
79,10,671,412,13,17,1,-1,-1,-1
79,11,634,335,10,11,1,-1,-1,-1
79,12,658,351,10,13,1,-1,-1,-1
79,13,650,337,10,11,1,-1,-1,-1
79,14,649,318,9,11,1,-1,-1,-1
79,15,633,322,10,9,1,-1,-1,-1
79,16,633,308,9,11,1,-1,-1,-1
79,17,645,308,9,9,1,-1,-1,-1
79,18,650,298,6,9,1,-1,-1,-1
79,20,713,285,7,9,1,-1,-1,-1
79,21,692,281,10,11,1,-1,-1,-1
79,22,683,281,10,13,1,-1,-1,-1
79,23,720,314,11,11,1,-1,-1,-1
79,24,718,333,11,11,1,-1,-1,-1
79,25,756,345,11,11,1,-1,-1,-1
79,26,804,379,13,15,1,-1,-1,-1
79,27,651,410,10,13,1,-1,-1,-1
79,28,647,391,10,15,1,-1,-1,-1
79,29,643,379,13,13,1,-1,-1,-1
79,30,677,426,10,17,1,-1,-1,-1
79,32,653,424,13,15,1,-1,-1,-1
79,33,606,408,13,23,1,-1,-1,-1
79,34,587,406,14,21,1,-1,-1,-1
79,35,586,385,14,19,1,-1,-1,-1
79,36,732,376,13,13,1,-1,-1,-1
79,37,617,302,10,11,1,-1,-1,-1
80,0,569,374,19,11,1,-1,-1,-1
80,1,595,364,10,13,1,-1,-1,-1
80,2,608,360,10,13,1,-1,-1,-1
80,3,590,376,10,13,1,-1,-1,-1
80,4,603,374,10,13,1,-1,-1,-1
80,5,606,389,10,13,1,-1,-1,-1
80,6,638,354,9,13,1,-1,-1,-1
80,7,643,366,10,13,1,-1,-1,-1
80,8,659,366,9,13,1,-1,-1,-1
80,9,667,387,11,17,1,-1,-1,-1
80,10,671,410,13,17,1,-1,-1,-1
80,11,634,333,10,11,1,-1,-1,-1
80,12,658,351,10,13,1,-1,-1,-1
80,13,650,335,10,11,1,-1,-1,-1
80,14,649,320,9,11,1,-1,-1,-1
80,15,633,320,10,9,1,-1,-1,-1
80,16,633,306,9,11,1,-1,-1,-1
80,17,645,308,9,9,1,-1,-1,-1
80,18,650,298,6,9,1,-1,-1,-1
80,20,713,285,7,9,1,-1,-1,-1
80,21,690,279,10,11,1,-1,-1,-1
80,22,681,281,10,13,1,-1,-1,-1
80,23,719,312,11,11,1,-1,-1,-1
80,24,718,333,11,11,1,-1,-1,-1
80,25,754,343,11,11,1,-1,-1,-1
80,26,803,379,13,15,1,-1,-1,-1
80,27,650,408,10,13,1,-1,-1,-1
80,28,647,391,10,15,1,-1,-1,-1
80,29,645,379,13,13,1,-1,-1,-1
80,30,677,426,10,17,1,-1,-1,-1
80,32,653,424,13,15,1,-1,-1,-1
80,33,604,408,13,23,1,-1,-1,-1
80,34,587,406,14,21,1,-1,-1,-1
80,35,586,385,14,19,1,-1,-1,-1
80,36,731,376,13,13,1,-1,-1,-1
80,37,617,302,10,11,1,-1,-1,-1
81,0,570,372,19,11,1,-1,-1,-1
81,1,595,364,10,13,1,-1,-1,-1
81,2,608,360,10,13,1,-1,-1,-1
81,3,590,376,10,13,1,-1,-1,-1
81,4,604,374,10,13,1,-1,-1,-1
81,5,606,389,10,13,1,-1,-1,-1
81,6,640,352,9,13,1,-1,-1,-1
81,7,645,366,10,13,1,-1,-1,-1
81,8,660,366,9,13,1,-1,-1,-1
81,9,666,387,11,17,1,-1,-1,-1
81,10,671,410,13,17,1,-1,-1,-1
81,11,634,335,10,11,1,-1,-1,-1
81,12,658,351,10,13,1,-1,-1,-1
81,13,650,335,10,11,1,-1,-1,-1
81,14,650,318,9,11,1,-1,-1,-1
81,15,633,320,10,9,1,-1,-1,-1
81,16,633,306,9,11,1,-1,-1,-1
81,17,646,308,9,9,1,-1,-1,-1
81,18,650,298,6,9,1,-1,-1,-1
81,20,713,283,7,9,1,-1,-1,-1
81,21,690,279,10,11,1,-1,-1,-1
81,22,681,279,10,13,1,-1,-1,-1
81,23,719,312,11,11,1,-1,-1,-1
81,24,717,331,11,11,1,-1,-1,-1
81,25,754,341,11,11,1,-1,-1,-1
81,26,804,379,13,15,1,-1,-1,-1
81,27,651,408,10,13,1,-1,-1,-1
81,28,647,391,10,15,1,-1,-1,-1
81,29,643,379,13,13,1,-1,-1,-1
81,30,679,426,10,17,1,-1,-1,-1
81,32,653,424,13,15,1,-1,-1,-1
81,33,606,406,13,23,1,-1,-1,-1
81,34,587,405,14,21,1,-1,-1,-1
81,35,586,385,14,19,1,-1,-1,-1
81,36,731,374,13,13,1,-1,-1,-1
81,37,617,302,10,11,1,-1,-1,-1
82,0,569,372,19,11,1,-1,-1,-1
82,1,595,364,10,13,1,-1,-1,-1
82,2,608,360,10,13,1,-1,-1,-1
82,3,590,376,10,13,1,-1,-1,-1
82,4,604,374,10,13,1,-1,-1,-1
82,5,606,389,10,13,1,-1,-1,-1
82,6,638,354,9,13,1,-1,-1,-1
82,7,645,366,10,13,1,-1,-1,-1
82,8,660,364,9,13,1,-1,-1,-1
82,9,666,387,11,17,1,-1,-1,-1
82,10,671,410,13,17,1,-1,-1,-1
82,11,634,333,10,11,1,-1,-1,-1
82,12,658,351,10,13,1,-1,-1,-1
82,13,650,335,10,11,1,-1,-1,-1
82,14,649,318,9,11,1,-1,-1,-1
82,15,634,322,10,9,1,-1,-1,-1
82,16,633,306,9,11,1,-1,-1,-1
82,17,645,308,9,9,1,-1,-1,-1
82,18,650,297,6,9,1,-1,-1,-1
82,20,711,283,7,9,1,-1,-1,-1
82,21,690,277,10,11,1,-1,-1,-1
82,22,681,279,10,13,1,-1,-1,-1
82,23,718,310,11,11,1,-1,-1,-1
82,24,715,331,11,11,1,-1,-1,-1
82,25,753,341,11,11,1,-1,-1,-1
82,26,804,378,13,15,1,-1,-1,-1
82,27,650,408,10,13,1,-1,-1,-1
82,28,647,389,10,15,1,-1,-1,-1
82,29,645,378,13,13,1,-1,-1,-1
82,30,677,426,10,17,1,-1,-1,-1
82,32,653,424,13,15,1,-1,-1,-1
82,33,606,406,13,23,1,-1,-1,-1
82,34,587,405,14,21,1,-1,-1,-1
82,35,586,385,14,19,1,-1,-1,-1
82,36,731,372,13,13,1,-1,-1,-1
82,37,619,302,10,11,1,-1,-1,-1
82,38,738,426,11,14,1,-1,-1,-1
83,0,570,372,19,11,1,-1,-1,-1
83,1,595,364,10,13,1,-1,-1,-1
83,2,608,360,10,13,1,-1,-1,-1
83,3,590,376,10,13,1,-1,-1,-1
83,4,604,372,10,13,1,-1,-1,-1
83,5,606,389,10,13,1,-1,-1,-1
83,6,640,352,9,13,1,-1,-1,-1
83,7,645,364,10,13,1,-1,-1,-1
83,8,660,366,9,13,1,-1,-1,-1
83,9,666,387,11,17,1,-1,-1,-1
83,10,671,410,13,17,1,-1,-1,-1
83,11,634,333,10,11,1,-1,-1,-1
83,12,658,349,10,13,1,-1,-1,-1
83,13,650,335,10,11,1,-1,-1,-1
83,14,650,318,9,11,1,-1,-1,-1
83,15,633,320,10,9,1,-1,-1,-1
83,16,633,306,9,11,1,-1,-1,-1
83,17,645,308,9,9,1,-1,-1,-1
83,18,650,297,6,9,1,-1,-1,-1
83,20,711,283,7,9,1,-1,-1,-1
83,21,690,277,10,11,1,-1,-1,-1
83,22,680,277,10,13,1,-1,-1,-1
83,23,718,310,11,11,1,-1,-1,-1
83,24,715,329,11,11,1,-1,-1,-1
83,25,753,339,11,11,1,-1,-1,-1
83,26,804,376,13,15,1,-1,-1,-1
83,27,651,408,10,13,1,-1,-1,-1
83,28,649,389,10,15,1,-1,-1,-1
83,29,643,378,13,13,1,-1,-1,-1
83,30,677,426,10,17,1,-1,-1,-1
83,32,653,422,13,15,1,-1,-1,-1
83,33,606,406,13,23,1,-1,-1,-1
83,34,587,403,14,21,1,-1,-1,-1
83,35,586,385,14,19,1,-1,-1,-1
83,36,731,372,13,13,1,-1,-1,-1
83,37,617,304,10,11,1,-1,-1,-1
83,38,737,424,10,13,1,-1,-1,-1
84,0,570,372,19,11,1,-1,-1,-1
84,1,595,364,10,13,1,-1,-1,-1
84,2,608,358,10,13,1,-1,-1,-1
84,3,590,376,10,13,1,-1,-1,-1
84,4,604,372,10,13,1,-1,-1,-1
84,5,604,389,10,13,1,-1,-1,-1
84,6,640,352,9,13,1,-1,-1,-1
84,7,645,364,10,13,1,-1,-1,-1
84,8,660,364,9,13,1,-1,-1,-1
84,9,666,387,11,17,1,-1,-1,-1
84,10,671,410,13,17,1,-1,-1,-1
84,11,634,333,10,11,1,-1,-1,-1
84,12,658,349,10,13,1,-1,-1,-1
84,13,651,335,10,11,1,-1,-1,-1
84,14,650,318,9,11,1,-1,-1,-1
84,15,634,320,10,9,1,-1,-1,-1
84,16,633,306,9,11,1,-1,-1,-1
84,17,646,308,9,9,1,-1,-1,-1
84,18,650,297,6,9,1,-1,-1,-1
84,20,713,283,7,9,1,-1,-1,-1
84,21,690,275,10,11,1,-1,-1,-1
84,22,680,277,10,13,1,-1,-1,-1
84,23,718,308,11,11,1,-1,-1,-1
84,24,714,327,11,11,1,-1,-1,-1
84,25,753,339,11,11,1,-1,-1,-1
84,26,804,376,13,15,1,-1,-1,-1
84,27,651,408,10,13,1,-1,-1,-1
84,28,649,389,10,15,1,-1,-1,-1
84,29,645,378,13,13,1,-1,-1,-1
84,30,677,424,10,17,1,-1,-1,-1
84,32,653,424,13,15,1,-1,-1,-1
84,33,606,406,13,23,1,-1,-1,-1
84,34,587,403,14,21,1,-1,-1,-1
84,35,586,383,14,19,1,-1,-1,-1
84,36,730,370,13,13,1,-1,-1,-1
84,37,617,302,10,11,1,-1,-1,-1
84,38,737,424,10,13,1,-1,-1,-1
85,0,570,372,19,11,1,-1,-1,-1
85,1,595,362,10,13,1,-1,-1,-1
85,2,608,360,10,13,1,-1,-1,-1
85,3,590,374,10,13,1,-1,-1,-1
85,4,604,372,10,13,1,-1,-1,-1
85,5,604,389,10,13,1,-1,-1,-1
85,6,640,352,9,13,1,-1,-1,-1
85,7,645,364,10,13,1,-1,-1,-1
85,8,660,364,9,13,1,-1,-1,-1
85,9,666,385,11,17,1,-1,-1,-1
85,10,671,408,13,17,1,-1,-1,-1
85,11,636,333,10,11,1,-1,-1,-1
85,12,658,349,10,13,1,-1,-1,-1
85,13,651,335,10,11,1,-1,-1,-1
85,14,650,318,9,11,1,-1,-1,-1
85,15,633,320,10,9,1,-1,-1,-1
85,16,633,306,9,11,1,-1,-1,-1
85,17,646,308,9,9,1,-1,-1,-1
85,18,650,297,6,9,1,-1,-1,-1
85,23,718,308,11,11,1,-1,-1,-1
85,24,714,325,11,11,1,-1,-1,-1
85,25,753,337,11,11,1,-1,-1,-1
85,26,804,376,13,15,1,-1,-1,-1
85,27,651,408,10,13,1,-1,-1,-1
85,28,647,389,10,15,1,-1,-1,-1
85,29,645,376,13,13,1,-1,-1,-1
85,30,677,424,10,17,1,-1,-1,-1
85,32,653,422,13,15,1,-1,-1,-1
85,33,606,406,13,23,1,-1,-1,-1
85,34,586,403,14,21,1,-1,-1,-1
85,35,587,383,14,19,1,-1,-1,-1
85,36,731,370,13,13,1,-1,-1,-1
85,37,617,302,10,11,1,-1,-1,-1
85,38,736,422,10,13,1,-1,-1,-1
86,0,570,372,19,11,1,-1,-1,-1
86,1,595,362,10,13,1,-1,-1,-1
86,2,609,358,10,13,1,-1,-1,-1
86,3,590,374,10,13,1,-1,-1,-1
86,4,603,372,10,13,1,-1,-1,-1
86,5,606,389,10,13,1,-1,-1,-1
86,6,640,352,9,13,1,-1,-1,-1
86,7,645,364,10,13,1,-1,-1,-1
86,8,662,364,9,13,1,-1,-1,-1
86,9,666,385,11,17,1,-1,-1,-1
86,10,671,408,13,17,1,-1,-1,-1
86,11,636,333,10,11,1,-1,-1,-1
86,12,659,349,10,13,1,-1,-1,-1
86,13,651,335,10,11,1,-1,-1,-1
86,14,649,318,9,11,1,-1,-1,-1
86,15,634,320,10,9,1,-1,-1,-1
86,16,633,306,9,11,1,-1,-1,-1
86,17,645,306,9,9,1,-1,-1,-1
86,18,650,297,6,9,1,-1,-1,-1
86,23,718,306,11,11,1,-1,-1,-1
86,24,714,325,11,11,1,-1,-1,-1
86,25,753,337,11,11,1,-1,-1,-1
86,26,804,376,13,15,1,-1,-1,-1
86,27,651,408,10,13,1,-1,-1,-1
86,28,647,389,10,15,1,-1,-1,-1
86,29,645,376,13,13,1,-1,-1,-1
86,30,679,424,10,17,1,-1,-1,-1
86,32,653,422,13,15,1,-1,-1,-1
86,33,607,406,13,23,1,-1,-1,-1
86,34,586,403,14,21,1,-1,-1,-1
86,35,586,383,14,19,1,-1,-1,-1
86,36,730,368,13,13,1,-1,-1,-1
86,37,616,304,10,11,1,-1,-1,-1
86,38,736,420,10,13,1,-1,-1,-1
87,0,570,370,19,11,1,-1,-1,-1
87,1,595,362,10,13,1,-1,-1,-1
87,2,609,358,10,13,1,-1,-1,-1
87,3,590,374,10,13,1,-1,-1,-1
87,4,603,372,10,13,1,-1,-1,-1
87,5,606,389,10,13,1,-1,-1,-1
87,6,640,351,9,13,1,-1,-1,-1
87,7,645,364,10,13,1,-1,-1,-1
87,8,660,364,9,13,1,-1,-1,-1
87,9,667,385,11,17,1,-1,-1,-1
87,10,671,408,13,17,1,-1,-1,-1
87,11,636,333,10,11,1,-1,-1,-1
87,12,659,349,10,13,1,-1,-1,-1
87,13,651,333,10,11,1,-1,-1,-1
87,14,650,318,9,11,1,-1,-1,-1
87,15,634,320,10,9,1,-1,-1,-1
87,16,633,304,9,11,1,-1,-1,-1
87,17,646,306,9,9,1,-1,-1,-1
87,18,650,295,6,9,1,-1,-1,-1
87,23,718,306,11,11,1,-1,-1,-1
87,24,714,324,11,11,1,-1,-1,-1
87,25,753,335,11,11,1,-1,-1,-1
87,26,804,376,13,15,1,-1,-1,-1
87,27,651,406,10,13,1,-1,-1,-1
87,28,647,387,10,15,1,-1,-1,-1
87,29,643,376,13,13,1,-1,-1,-1
87,30,679,424,10,17,1,-1,-1,-1
87,32,654,422,13,15,1,-1,-1,-1
87,33,606,406,13,23,1,-1,-1,-1
87,34,587,403,14,21,1,-1,-1,-1
87,35,586,383,14,19,1,-1,-1,-1
87,36,730,366,13,13,1,-1,-1,-1
87,37,617,302,10,11,1,-1,-1,-1
87,38,736,418,10,13,1,-1,-1,-1
88,0,572,370,19,11,1,-1,-1,-1
88,1,595,362,10,13,1,-1,-1,-1
88,2,609,358,10,13,1,-1,-1,-1
88,3,590,374,10,13,1,-1,-1,-1
88,4,604,372,10,13,1,-1,-1,-1
88,5,606,389,10,13,1,-1,-1,-1
88,6,638,351,9,13,1,-1,-1,-1
88,7,645,364,10,13,1,-1,-1,-1
88,8,660,364,9,13,1,-1,-1,-1
88,9,667,385,11,17,1,-1,-1,-1
88,10,671,408,13,17,1,-1,-1,-1
88,11,636,333,10,11,1,-1,-1,-1
88,12,659,347,10,13,1,-1,-1,-1
88,13,650,335,10,11,1,-1,-1,-1
88,14,650,316,9,11,1,-1,-1,-1
88,15,633,320,10,9,1,-1,-1,-1
88,16,633,304,9,11,1,-1,-1,-1
88,17,646,306,9,9,1,-1,-1,-1
88,18,650,295,6,9,1,-1,-1,-1
88,23,718,306,11,11,1,-1,-1,-1
88,24,714,322,11,11,1,-1,-1,-1
88,25,752,335,11,11,1,-1,-1,-1
88,26,804,376,13,15,1,-1,-1,-1
88,27,651,406,10,13,1,-1,-1,-1
88,28,647,387,10,15,1,-1,-1,-1
88,29,645,376,13,13,1,-1,-1,-1
88,30,679,424,10,17,1,-1,-1,-1
88,32,653,422,13,15,1,-1,-1,-1
88,33,606,406,13,23,1,-1,-1,-1
88,34,587,401,14,21,1,-1,-1,-1
88,35,586,383,14,19,1,-1,-1,-1
88,36,728,366,13,13,1,-1,-1,-1
88,37,617,304,10,11,1,-1,-1,-1
88,38,736,418,10,13,1,-1,-1,-1
89,0,570,370,19,11,1,-1,-1,-1
89,1,595,362,10,13,1,-1,-1,-1
89,2,608,356,10,13,1,-1,-1,-1
89,3,591,374,10,13,1,-1,-1,-1
89,4,604,372,10,13,1,-1,-1,-1
89,5,606,387,10,13,1,-1,-1,-1
89,6,640,351,9,13,1,-1,-1,-1
89,7,645,362,10,13,1,-1,-1,-1
89,8,662,362,9,13,1,-1,-1,-1
89,9,667,385,11,17,1,-1,-1,-1
89,10,671,408,13,17,1,-1,-1,-1
89,11,636,333,10,11,1,-1,-1,-1
89,12,658,349,10,13,1,-1,-1,-1
89,13,650,333,10,11,1,-1,-1,-1
89,14,650,316,9,11,1,-1,-1,-1
89,15,634,320,10,9,1,-1,-1,-1
89,16,633,304,9,11,1,-1,-1,-1
89,17,646,306,9,9,1,-1,-1,-1
89,18,650,295,6,9,1,-1,-1,-1
89,23,717,304,11,11,1,-1,-1,-1
89,24,713,322,11,11,1,-1,-1,-1
89,25,751,333,11,11,1,-1,-1,-1
89,26,804,376,13,15,1,-1,-1,-1
89,27,651,406,10,13,1,-1,-1,-1
89,28,647,387,10,15,1,-1,-1,-1
89,29,645,376,13,13,1,-1,-1,-1
89,30,679,422,10,17,1,-1,-1,-1
89,32,654,422,13,15,1,-1,-1,-1
89,33,607,405,13,23,1,-1,-1,-1
89,34,587,401,14,21,1,-1,-1,-1
89,35,586,383,14,19,1,-1,-1,-1
89,36,728,364,13,13,1,-1,-1,-1
89,37,616,304,10,11,1,-1,-1,-1
89,38,737,416,12,16,1,-1,-1,-1
90,0,570,370,19,11,1,-1,-1,-1
90,1,595,362,10,13,1,-1,-1,-1
90,2,609,356,10,13,1,-1,-1,-1
90,3,591,374,10,13,1,-1,-1,-1
90,4,604,372,10,13,1,-1,-1,-1
90,5,606,387,10,13,1,-1,-1,-1
90,6,640,349,9,13,1,-1,-1,-1
90,7,646,362,10,13,1,-1,-1,-1
90,8,660,362,9,13,1,-1,-1,-1
90,9,667,385,11,17,1,-1,-1,-1
90,10,671,408,13,17,1,-1,-1,-1
90,11,636,333,10,11,1,-1,-1,-1
90,12,659,347,10,13,1,-1,-1,-1
90,13,651,333,10,11,1,-1,-1,-1
90,14,650,316,9,11,1,-1,-1,-1
90,15,634,320,10,9,1,-1,-1,-1
90,16,633,304,9,11,1,-1,-1,-1
90,17,646,306,9,9,1,-1,-1,-1
90,18,650,295,6,9,1,-1,-1,-1
90,23,717,304,11,11,1,-1,-1,-1
90,24,711,320,11,11,1,-1,-1,-1
90,25,751,333,11,11,1,-1,-1,-1
90,26,804,376,13,15,1,-1,-1,-1
90,27,651,405,10,13,1,-1,-1,-1
90,28,649,387,10,15,1,-1,-1,-1
90,29,645,374,13,13,1,-1,-1,-1
90,32,654,422,13,15,1,-1,-1,-1
90,33,606,405,13,23,1,-1,-1,-1
90,34,587,401,14,21,1,-1,-1,-1
90,35,587,381,14,19,1,-1,-1,-1
90,36,728,364,13,13,1,-1,-1,-1
90,37,617,304,10,11,1,-1,-1,-1
90,38,736,414,11,15,1,-1,-1,-1
91,0,572,370,19,11,1,-1,-1,-1
91,1,595,360,10,13,1,-1,-1,-1
91,2,609,356,10,13,1,-1,-1,-1
91,3,591,372,10,13,1,-1,-1,-1
91,4,604,370,10,13,1,-1,-1,-1
91,5,606,387,10,13,1,-1,-1,-1
91,6,640,349,9,13,1,-1,-1,-1
91,7,646,362,10,13,1,-1,-1,-1
91,8,662,362,9,13,1,-1,-1,-1
91,9,667,385,11,17,1,-1,-1,-1
91,10,671,408,13,17,1,-1,-1,-1
91,11,637,331,10,11,1,-1,-1,-1
91,12,659,347,10,13,1,-1,-1,-1
91,13,651,333,10,11,1,-1,-1,-1
91,14,650,316,9,11,1,-1,-1,-1
91,15,634,320,10,9,1,-1,-1,-1
91,16,633,304,9,11,1,-1,-1,-1
91,17,646,306,9,9,1,-1,-1,-1
91,18,650,295,6,9,1,-1,-1,-1
91,23,715,302,11,11,1,-1,-1,-1
91,24,711,320,11,11,1,-1,-1,-1
91,25,749,331,11,11,1,-1,-1,-1
91,26,804,374,13,15,1,-1,-1,-1
91,27,651,405,10,13,1,-1,-1,-1
91,28,649,387,10,15,1,-1,-1,-1
91,29,645,374,13,13,1,-1,-1,-1
91,32,654,420,13,15,1,-1,-1,-1
91,33,607,405,13,23,1,-1,-1,-1
91,34,587,401,14,21,1,-1,-1,-1
91,35,586,381,14,19,1,-1,-1,-1
91,36,727,362,13,13,1,-1,-1,-1
91,37,616,302,10,11,1,-1,-1,-1
91,38,736,414,11,15,1,-1,-1,-1
92,0,570,368,19,11,1,-1,-1,-1
92,1,595,360,10,13,1,-1,-1,-1
92,2,609,356,10,13,1,-1,-1,-1
92,3,590,372,10,13,1,-1,-1,-1
92,4,603,370,10,13,1,-1,-1,-1
92,5,606,387,10,13,1,-1,-1,-1
92,6,640,349,9,13,1,-1,-1,-1
92,7,646,362,10,13,1,-1,-1,-1
92,8,660,362,9,13,1,-1,-1,-1
92,9,667,385,11,17,1,-1,-1,-1
92,10,671,406,13,17,1,-1,-1,-1
92,11,636,331,10,11,1,-1,-1,-1
92,12,659,347,10,13,1,-1,-1,-1
92,13,651,333,10,11,1,-1,-1,-1
92,14,650,316,9,11,1,-1,-1,-1
92,15,634,320,10,9,1,-1,-1,-1
92,16,633,304,9,11,1,-1,-1,-1
92,17,645,306,9,9,1,-1,-1,-1
92,18,650,295,6,9,1,-1,-1,-1
92,23,715,302,11,11,1,-1,-1,-1
92,24,710,318,11,11,1,-1,-1,-1
92,25,749,331,11,11,1,-1,-1,-1
92,26,804,374,13,15,1,-1,-1,-1
92,27,651,405,10,13,1,-1,-1,-1
92,28,649,385,10,15,1,-1,-1,-1
92,29,645,374,13,13,1,-1,-1,-1
92,32,654,420,13,15,1,-1,-1,-1
92,33,607,403,13,23,1,-1,-1,-1
92,34,587,401,14,21,1,-1,-1,-1
92,35,587,381,14,19,1,-1,-1,-1
92,36,727,360,13,13,1,-1,-1,-1
92,37,616,304,10,11,1,-1,-1,-1
92,38,736,412,11,15,1,-1,-1,-1
93,0,572,368,19,11,1,-1,-1,-1
93,1,595,360,10,13,1,-1,-1,-1
93,2,609,356,10,13,1,-1,-1,-1
93,3,591,372,10,13,1,-1,-1,-1
93,4,604,370,10,13,1,-1,-1,-1
93,5,606,387,10,13,1,-1,-1,-1
93,6,640,349,9,13,1,-1,-1,-1
93,7,646,362,10,13,1,-1,-1,-1
93,8,662,362,9,13,1,-1,-1,-1
93,9,667,383,11,17,1,-1,-1,-1
93,10,671,406,13,17,1,-1,-1,-1
93,11,636,331,10,11,1,-1,-1,-1
93,12,659,347,10,13,1,-1,-1,-1
93,13,651,333,10,11,1,-1,-1,-1
93,14,650,316,9,11,1,-1,-1,-1
93,15,634,320,10,9,1,-1,-1,-1
93,16,633,304,9,11,1,-1,-1,-1
93,17,646,304,9,9,1,-1,-1,-1
93,18,650,295,6,9,1,-1,-1,-1
93,23,714,300,11,11,1,-1,-1,-1
93,24,710,316,11,11,1,-1,-1,-1
93,25,748,329,11,11,1,-1,-1,-1
93,26,804,374,13,15,1,-1,-1,-1
93,27,653,405,10,13,1,-1,-1,-1
93,28,649,385,10,15,1,-1,-1,-1
93,29,645,374,13,13,1,-1,-1,-1
93,32,654,420,13,15,1,-1,-1,-1
93,33,606,403,13,23,1,-1,-1,-1
93,34,587,399,14,21,1,-1,-1,-1
93,35,586,379,14,19,1,-1,-1,-1
93,36,727,360,13,13,1,-1,-1,-1
93,37,617,304,10,11,1,-1,-1,-1
93,38,736,410,11,15,1,-1,-1,-1
94,0,570,368,19,11,1,-1,-1,-1
94,1,595,360,10,13,1,-1,-1,-1
94,2,609,356,10,13,1,-1,-1,-1
94,3,591,370,10,13,1,-1,-1,-1
94,4,603,370,10,13,1,-1,-1,-1
94,5,606,387,10,13,1,-1,-1,-1
94,6,640,349,9,13,1,-1,-1,-1
94,7,646,360,10,13,1,-1,-1,-1
94,8,662,362,9,13,1,-1,-1,-1
94,9,667,383,11,17,1,-1,-1,-1
94,10,671,406,13,17,1,-1,-1,-1
94,11,636,331,10,11,1,-1,-1,-1
94,12,659,347,10,13,1,-1,-1,-1
94,13,651,331,10,11,1,-1,-1,-1
94,14,650,316,9,11,1,-1,-1,-1
94,15,634,318,10,9,1,-1,-1,-1
94,16,633,302,9,11,1,-1,-1,-1
94,17,646,306,9,9,1,-1,-1,-1
94,18,650,295,6,9,1,-1,-1,-1
94,23,714,300,11,11,1,-1,-1,-1
94,24,710,316,11,11,1,-1,-1,-1
94,25,748,329,11,11,1,-1,-1,-1
94,26,804,374,13,15,1,-1,-1,-1
94,27,651,403,10,13,1,-1,-1,-1
94,28,647,385,10,15,1,-1,-1,-1
94,29,645,374,13,13,1,-1,-1,-1
94,32,654,420,13,15,1,-1,-1,-1
94,33,607,403,13,23,1,-1,-1,-1
94,34,587,399,14,21,1,-1,-1,-1
94,35,587,379,14,19,1,-1,-1,-1
94,36,727,358,13,13,1,-1,-1,-1
94,37,616,304,10,11,1,-1,-1,-1
94,38,736,408,11,15,1,-1,-1,-1
95,0,572,368,19,11,1,-1,-1,-1
95,1,595,360,10,13,1,-1,-1,-1
95,2,609,354,10,13,1,-1,-1,-1
95,3,591,372,10,13,1,-1,-1,-1
95,4,604,370,10,13,1,-1,-1,-1
95,5,607,387,10,13,1,-1,-1,-1
95,6,641,347,9,13,1,-1,-1,-1
95,7,646,360,10,13,1,-1,-1,-1
95,8,662,360,9,13,1,-1,-1,-1
95,9,667,383,11,17,1,-1,-1,-1
95,10,671,406,13,17,1,-1,-1,-1
95,11,636,331,10,11,1,-1,-1,-1
95,12,659,347,10,13,1,-1,-1,-1
95,13,651,333,10,11,1,-1,-1,-1
95,14,650,314,9,11,1,-1,-1,-1
95,15,634,318,10,9,1,-1,-1,-1
95,16,633,304,9,11,1,-1,-1,-1
95,17,646,304,9,9,1,-1,-1,-1
95,18,650,293,6,9,1,-1,-1,-1
95,23,714,298,11,11,1,-1,-1,-1
95,24,710,314,11,11,1,-1,-1,-1
95,25,748,327,11,11,1,-1,-1,-1
95,26,804,372,13,15,1,-1,-1,-1
95,27,651,403,10,13,1,-1,-1,-1
95,28,649,385,10,15,1,-1,-1,-1
95,29,646,372,13,13,1,-1,-1,-1
95,32,654,420,13,15,1,-1,-1,-1
95,33,607,403,13,23,1,-1,-1,-1
95,34,589,399,14,21,1,-1,-1,-1
95,35,586,379,14,19,1,-1,-1,-1
95,36,727,356,13,13,1,-1,-1,-1
95,37,616,304,10,11,1,-1,-1,-1
95,38,736,408,11,15,1,-1,-1,-1
96,0,572,368,19,11,1,-1,-1,-1
96,1,595,360,10,13,1,-1,-1,-1
96,2,609,354,10,13,1,-1,-1,-1
96,3,591,370,10,13,1,-1,-1,-1
96,4,604,368,10,13,1,-1,-1,-1
96,5,607,387,10,13,1,-1,-1,-1
96,6,640,349,9,13,1,-1,-1,-1
96,7,645,360,10,13,1,-1,-1,-1
96,8,662,360,9,13,1,-1,-1,-1
96,9,667,383,11,17,1,-1,-1,-1
96,10,672,406,13,17,1,-1,-1,-1
96,11,637,331,10,11,1,-1,-1,-1
96,12,659,345,10,13,1,-1,-1,-1
96,13,650,331,10,11,1,-1,-1,-1
96,14,650,316,9,11,1,-1,-1,-1
96,15,634,318,10,9,1,-1,-1,-1
96,16,633,302,9,11,1,-1,-1,-1
96,17,646,304,9,9,1,-1,-1,-1
96,18,650,293,6,9,1,-1,-1,-1
96,23,714,298,11,11,1,-1,-1,-1
96,24,710,314,11,11,1,-1,-1,-1
96,25,748,327,11,11,1,-1,-1,-1
96,26,805,372,13,15,1,-1,-1,-1
96,27,653,403,10,13,1,-1,-1,-1
96,28,649,385,10,15,1,-1,-1,-1
96,29,645,372,13,13,1,-1,-1,-1
96,32,654,420,13,15,1,-1,-1,-1
96,33,607,403,13,23,1,-1,-1,-1
96,34,587,399,14,21,1,-1,-1,-1
96,35,587,379,14,19,1,-1,-1,-1
96,36,727,356,13,13,1,-1,-1,-1
96,37,616,304,10,11,1,-1,-1,-1
96,38,736,406,11,15,1,-1,-1,-1
97,0,570,366,19,11,1,-1,-1,-1
97,1,596,358,10,13,1,-1,-1,-1
97,2,609,354,10,13,1,-1,-1,-1
97,3,591,370,10,13,1,-1,-1,-1
97,4,604,370,10,13,1,-1,-1,-1
97,5,606,387,10,13,1,-1,-1,-1
97,6,640,347,9,13,1,-1,-1,-1
97,7,645,360,10,13,1,-1,-1,-1
97,8,662,360,9,13,1,-1,-1,-1
97,9,667,383,11,17,1,-1,-1,-1
97,10,671,405,13,17,1,-1,-1,-1
97,11,637,331,10,11,1,-1,-1,-1
97,12,659,345,10,13,1,-1,-1,-1
97,13,651,331,10,11,1,-1,-1,-1
97,14,650,314,9,11,1,-1,-1,-1
97,15,634,318,10,9,1,-1,-1,-1
97,16,633,302,9,11,1,-1,-1,-1
97,17,646,304,9,9,1,-1,-1,-1
97,18,650,293,6,9,1,-1,-1,-1
97,23,714,297,11,11,1,-1,-1,-1
97,24,709,312,11,11,1,-1,-1,-1
97,25,748,325,11,11,1,-1,-1,-1
97,26,804,372,13,15,1,-1,-1,-1
97,27,651,403,10,13,1,-1,-1,-1
97,28,647,383,10,15,1,-1,-1,-1
97,29,645,372,13,13,1,-1,-1,-1
97,32,654,418,13,15,1,-1,-1,-1
97,33,607,403,13,23,1,-1,-1,-1
97,34,587,399,14,21,1,-1,-1,-1
97,35,586,379,14,19,1,-1,-1,-1
97,36,726,354,13,13,1,-1,-1,-1
97,37,616,304,10,11,1,-1,-1,-1
97,38,735,406,11,15,1,-1,-1,-1
98,0,572,368,19,11,1,-1,-1,-1
98,1,595,358,10,13,1,-1,-1,-1
98,2,609,354,10,13,1,-1,-1,-1
98,3,590,370,10,13,1,-1,-1,-1
98,4,604,368,10,13,1,-1,-1,-1
98,5,606,387,10,13,1,-1,-1,-1
98,6,640,347,9,13,1,-1,-1,-1
98,7,645,360,10,13,1,-1,-1,-1
98,8,660,360,9,13,1,-1,-1,-1
98,9,667,383,11,17,1,-1,-1,-1
98,10,671,405,13,17,1,-1,-1,-1
98,11,637,331,10,11,1,-1,-1,-1
98,12,659,345,10,13,1,-1,-1,-1
98,13,653,331,10,11,1,-1,-1,-1
98,14,650,314,9,11,1,-1,-1,-1
98,15,634,318,10,9,1,-1,-1,-1
98,16,633,302,9,11,1,-1,-1,-1
98,17,646,304,9,9,1,-1,-1,-1
98,18,650,293,6,9,1,-1,-1,-1
98,23,714,297,11,11,1,-1,-1,-1
98,24,707,312,11,11,1,-1,-1,-1
98,25,748,325,11,11,1,-1,-1,-1
98,26,804,372,13,15,1,-1,-1,-1
98,27,653,403,10,13,1,-1,-1,-1
98,28,649,385,10,15,1,-1,-1,-1
98,29,645,372,13,13,1,-1,-1,-1
98,32,654,418,13,15,1,-1,-1,-1
98,33,607,403,13,23,1,-1,-1,-1
98,34,587,397,14,21,1,-1,-1,-1
98,35,587,379,14,19,1,-1,-1,-1
98,36,726,354,13,13,1,-1,-1,-1
98,37,616,304,10,11,1,-1,-1,-1
98,38,735,405,11,15,1,-1,-1,-1
99,0,572,366,19,12,1,-1,-1,-1
99,1,596,358,11,14,1,-1,-1,-1
99,2,609,354,10,13,1,-1,-1,-1
99,4,606,369,11,14,1,-1,-1,-1
99,5,605,387,11,13,1,-1,-1,-1
99,6,639,347,11,12,1,-1,-1,-1
99,7,645,358,12,13,1,-1,-1,-1
99,8,661,360,10,13,1,-1,-1,-1
99,9,668,383,10,17,1,-1,-1,-1
99,10,672,405,13,17,1,-1,-1,-1
99,11,636,330,10,13,1,-1,-1,-1
99,12,659,345,10,13,1,-1,-1,-1
99,13,652,331,10,13,1,-1,-1,-1
99,14,650,314,9,12,1,-1,-1,-1
99,15,634,318,10,10,1,-1,-1,-1
99,16,633,302,9,11,1,-1,-1,-1
99,17,646,304,10,10,1,-1,-1,-1
99,18,650,293,8,10,1,-1,-1,-1
99,23,714,295,11,11,1,-1,-1,-1
99,24,707,310,11,11,1,-1,-1,-1
99,25,746,323,12,13,1,-1,-1,-1
99,26,806,370,13,17,1,-1,-1,-1
99,27,651,403,10,13,1,-1,-1,-1
99,28,648,384,12,15,1,-1,-1,-1
99,29,646,372,13,13,1,-1,-1,-1
99,33,607,401,13,23,1,-1,-1,-1
99,34,587,399,14,21,1,-1,-1,-1
99,35,587,378,14,19,1,-1,-1,-1
99,36,724,352,13,13,1,-1,-1,-1
99,37,616,304,10,11,1,-1,-1,-1
99,38,734,403,13,16,1,-1,-1,-1
100,0,572,366,19,11,1,-1,-1,-1
100,1,595,358,10,13,1,-1,-1,-1
100,2,608,354,10,13,1,-1,-1,-1
100,4,606,368,10,13,1,-1,-1,-1
100,5,604,387,10,13,1,-1,-1,-1
100,6,638,347,10,11,1,-1,-1,-1
100,7,645,358,11,13,1,-1,-1,-1
100,8,660,360,10,13,1,-1,-1,-1
100,9,667,381,10,17,1,-1,-1,-1
100,10,671,403,13,17,1,-1,-1,-1
100,11,636,329,10,13,1,-1,-1,-1
100,12,659,345,10,13,1,-1,-1,-1
100,13,651,331,10,13,1,-1,-1,-1
100,14,650,314,9,11,1,-1,-1,-1
100,15,634,316,10,11,1,-1,-1,-1
100,16,633,302,9,11,1,-1,-1,-1
100,17,646,303,10,10,1,-1,-1,-1
100,18,650,293,7,9,1,-1,-1,-1
100,23,714,293,10,11,1,-1,-1,-1
100,24,706,308,10,11,1,-1,-1,-1
100,25,747,322,11,11,1,-1,-1,-1
100,26,805,370,13,17,1,-1,-1,-1
100,27,653,401,10,13,1,-1,-1,-1
100,28,647,383,11,15,1,-1,-1,-1
100,29,646,372,13,13,1,-1,-1,-1
100,33,607,401,13,23,1,-1,-1,-1
100,34,586,399,14,21,1,-1,-1,-1
100,35,586,378,14,19,1,-1,-1,-1
100,36,724,351,13,13,1,-1,-1,-1
100,37,616,304,10,11,1,-1,-1,-1
100,38,734,401,11,15,1,-1,-1,-1
101,0,572,366,19,11,1,-1,-1,-1
101,1,595,358,10,13,1,-1,-1,-1
101,2,608,352,10,13,1,-1,-1,-1
101,4,606,370,10,13,1,-1,-1,-1
101,5,604,387,10,13,1,-1,-1,-1
101,6,638,347,10,11,1,-1,-1,-1
101,7,645,356,11,13,1,-1,-1,-1
101,8,660,358,10,13,1,-1,-1,-1
101,9,667,381,10,17,1,-1,-1,-1
101,10,671,403,13,17,1,-1,-1,-1
101,11,636,329,10,13,1,-1,-1,-1
101,12,659,343,10,13,1,-1,-1,-1
101,13,653,329,10,13,1,-1,-1,-1
101,14,650,314,9,11,1,-1,-1,-1
101,15,633,316,10,11,1,-1,-1,-1
101,16,633,302,9,11,1,-1,-1,-1
101,17,646,302,10,9,1,-1,-1,-1
101,18,650,293,7,9,1,-1,-1,-1
101,23,713,293,10,11,1,-1,-1,-1
101,24,706,308,10,11,1,-1,-1,-1
101,25,745,322,11,11,1,-1,-1,-1
101,26,805,368,13,17,1,-1,-1,-1
101,27,653,401,10,13,1,-1,-1,-1
101,28,647,383,11,15,1,-1,-1,-1
101,29,646,370,13,13,1,-1,-1,-1
101,33,607,401,13,23,1,-1,-1,-1
101,34,587,397,14,21,1,-1,-1,-1
101,35,586,378,14,19,1,-1,-1,-1
101,36,724,351,13,13,1,-1,-1,-1
101,37,616,304,10,11,1,-1,-1,-1
101,38,734,401,11,15,1,-1,-1,-1
102,0,572,366,19,11,1,-1,-1,-1
102,1,595,358,10,13,1,-1,-1,-1
102,2,608,352,10,13,1,-1,-1,-1
102,4,606,368,10,13,1,-1,-1,-1
102,5,604,385,10,13,1,-1,-1,-1
102,6,638,345,10,11,1,-1,-1,-1
102,7,645,356,11,13,1,-1,-1,-1
102,8,660,358,10,13,1,-1,-1,-1
102,9,667,381,10,17,1,-1,-1,-1
102,10,671,403,13,17,1,-1,-1,-1
102,11,636,329,10,13,1,-1,-1,-1
102,12,659,343,10,13,1,-1,-1,-1
102,13,653,329,10,13,1,-1,-1,-1
102,14,650,312,9,11,1,-1,-1,-1
102,15,633,316,10,11,1,-1,-1,-1
102,16,633,302,9,11,1,-1,-1,-1
102,17,646,304,10,9,1,-1,-1,-1
102,18,650,293,7,9,1,-1,-1,-1
102,23,713,291,10,11,1,-1,-1,-1
102,24,706,306,10,11,1,-1,-1,-1
102,25,745,320,11,11,1,-1,-1,-1
102,26,805,368,13,17,1,-1,-1,-1
102,27,651,401,10,13,1,-1,-1,-1
102,28,647,383,11,15,1,-1,-1,-1
102,29,646,370,13,13,1,-1,-1,-1
102,33,607,401,13,23,1,-1,-1,-1
102,34,587,397,14,21,1,-1,-1,-1
102,35,586,376,14,19,1,-1,-1,-1
102,36,724,349,13,13,1,-1,-1,-1
102,37,616,304,10,11,1,-1,-1,-1
102,38,735,399,11,15,1,-1,-1,-1
102,39,796,421,16,14,1,-1,-1,-1
103,0,572,364,19,11,1,-1,-1,-1
103,1,595,356,10,13,1,-1,-1,-1
103,2,608,352,10,13,1,-1,-1,-1
103,4,606,368,10,13,1,-1,-1,-1
103,5,604,385,10,13,1,-1,-1,-1
103,6,638,345,10,11,1,-1,-1,-1
103,7,645,356,11,13,1,-1,-1,-1
103,8,660,358,10,13,1,-1,-1,-1
103,9,668,381,10,17,1,-1,-1,-1
103,10,671,403,13,17,1,-1,-1,-1
103,11,636,329,10,13,1,-1,-1,-1
103,12,659,343,10,13,1,-1,-1,-1
103,13,653,329,10,13,1,-1,-1,-1
103,14,650,312,9,11,1,-1,-1,-1
103,15,633,314,10,11,1,-1,-1,-1
103,16,633,300,9,11,1,-1,-1,-1
103,17,646,302,10,9,1,-1,-1,-1
103,18,650,293,7,9,1,-1,-1,-1
103,23,713,291,10,11,1,-1,-1,-1
103,24,705,306,10,11,1,-1,-1,-1
103,25,744,320,11,11,1,-1,-1,-1
103,26,805,368,13,17,1,-1,-1,-1
103,27,653,399,11,16,1,-1,-1,-1
103,28,647,381,11,15,1,-1,-1,-1
103,29,646,370,13,13,1,-1,-1,-1
103,33,607,401,13,23,1,-1,-1,-1
103,34,586,397,14,21,1,-1,-1,-1
103,35,586,376,14,19,1,-1,-1,-1
103,36,723,347,13,13,1,-1,-1,-1
103,37,616,304,10,11,1,-1,-1,-1
103,38,734,397,11,15,1,-1,-1,-1
103,39,795,420,15,13,1,-1,-1,-1
104,0,572,364,19,11,1,-1,-1,-1
104,1,595,356,10,13,1,-1,-1,-1
104,2,608,352,10,13,1,-1,-1,-1
104,4,606,368,10,13,1,-1,-1,-1
104,5,604,385,10,13,1,-1,-1,-1
104,6,638,345,10,11,1,-1,-1,-1
104,7,645,356,11,13,1,-1,-1,-1
104,8,660,358,10,13,1,-1,-1,-1
104,9,667,381,10,17,1,-1,-1,-1
104,10,671,403,13,17,1,-1,-1,-1
104,11,636,327,10,13,1,-1,-1,-1
104,12,659,343,10,13,1,-1,-1,-1
104,13,653,329,10,13,1,-1,-1,-1
104,14,650,312,9,11,1,-1,-1,-1
104,15,633,314,10,11,1,-1,-1,-1
104,16,633,300,9,11,1,-1,-1,-1
104,17,646,302,10,9,1,-1,-1,-1
104,18,650,293,7,9,1,-1,-1,-1
104,23,711,291,10,11,1,-1,-1,-1
104,24,705,304,10,11,1,-1,-1,-1
104,25,744,318,11,11,1,-1,-1,-1
104,26,807,368,13,17,1,-1,-1,-1
104,27,653,399,10,15,1,-1,-1,-1
104,28,647,381,11,15,1,-1,-1,-1
104,29,646,370,13,13,1,-1,-1,-1
104,33,607,399,13,23,1,-1,-1,-1
104,34,587,397,14,21,1,-1,-1,-1
104,35,586,376,14,19,1,-1,-1,-1
104,36,723,347,13,13,1,-1,-1,-1
104,37,616,304,10,11,1,-1,-1,-1
104,38,734,397,11,15,1,-1,-1,-1
104,39,795,418,15,13,1,-1,-1,-1
105,0,572,364,19,11,1,-1,-1,-1
105,1,595,356,10,13,1,-1,-1,-1
105,2,608,351,10,13,1,-1,-1,-1
105,4,606,368,10,13,1,-1,-1,-1
105,5,604,385,10,13,1,-1,-1,-1
105,6,638,345,10,11,1,-1,-1,-1
105,7,645,356,11,13,1,-1,-1,-1
105,8,662,358,10,13,1,-1,-1,-1
105,9,667,381,10,17,1,-1,-1,-1
105,10,671,403,13,17,1,-1,-1,-1
105,11,636,329,10,13,1,-1,-1,-1
105,12,659,343,10,13,1,-1,-1,-1
105,13,651,329,10,13,1,-1,-1,-1
105,14,650,312,9,11,1,-1,-1,-1
105,15,633,314,10,11,1,-1,-1,-1
105,16,633,300,9,11,1,-1,-1,-1
105,17,646,302,10,9,1,-1,-1,-1
105,18,650,291,7,9,1,-1,-1,-1
105,23,711,289,10,11,1,-1,-1,-1
105,24,704,304,10,11,1,-1,-1,-1
105,25,744,318,12,12,1,-1,-1,-1
105,26,805,368,13,17,1,-1,-1,-1
105,27,653,399,10,15,1,-1,-1,-1
105,28,649,381,11,15,1,-1,-1,-1
105,29,646,368,13,13,1,-1,-1,-1
105,33,608,401,13,23,1,-1,-1,-1
105,34,587,397,14,21,1,-1,-1,-1
105,35,586,376,14,19,1,-1,-1,-1
105,36,723,345,13,13,1,-1,-1,-1
105,37,616,304,10,11,1,-1,-1,-1
105,38,734,395,11,15,1,-1,-1,-1
105,39,795,420,15,13,1,-1,-1,-1
106,0,572,362,19,11,1,-1,-1,-1
106,1,595,356,10,13,1,-1,-1,-1
106,2,608,352,10,13,1,-1,-1,-1
106,4,606,366,10,13,1,-1,-1,-1
106,5,604,385,10,13,1,-1,-1,-1
106,6,640,345,10,11,1,-1,-1,-1
106,7,645,354,11,13,1,-1,-1,-1
106,8,662,358,10,13,1,-1,-1,-1
106,9,667,381,10,17,1,-1,-1,-1
106,10,671,403,13,17,1,-1,-1,-1
106,11,637,327,10,13,1,-1,-1,-1
106,12,659,343,10,13,1,-1,-1,-1
106,13,651,329,10,13,1,-1,-1,-1
106,14,650,312,9,11,1,-1,-1,-1
106,15,633,314,10,11,1,-1,-1,-1
106,16,633,300,9,11,1,-1,-1,-1
106,17,646,302,10,9,1,-1,-1,-1
106,18,650,291,7,9,1,-1,-1,-1
106,23,711,289,10,11,1,-1,-1,-1
106,24,704,302,10,11,1,-1,-1,-1
106,25,744,316,11,11,1,-1,-1,-1
106,26,807,366,13,17,1,-1,-1,-1
106,27,653,397,10,15,1,-1,-1,-1
106,28,649,381,11,15,1,-1,-1,-1
106,29,646,368,13,13,1,-1,-1,-1
106,33,607,399,13,23,1,-1,-1,-1
106,34,587,395,14,21,1,-1,-1,-1
106,35,586,374,14,19,1,-1,-1,-1
106,36,723,345,13,13,1,-1,-1,-1
106,37,616,304,10,11,1,-1,-1,-1
106,38,732,393,11,15,1,-1,-1,-1
106,39,795,416,15,13,1,-1,-1,-1
107,0,572,362,19,11,1,-1,-1,-1
107,1,595,356,10,13,1,-1,-1,-1
107,2,608,351,10,13,1,-1,-1,-1
107,4,606,366,10,13,1,-1,-1,-1
107,5,604,385,10,13,1,-1,-1,-1
107,6,638,345,10,11,1,-1,-1,-1
107,7,645,354,11,13,1,-1,-1,-1
107,8,662,356,10,13,1,-1,-1,-1
107,9,667,381,10,17,1,-1,-1,-1
107,10,671,401,13,17,1,-1,-1,-1
107,11,637,327,10,13,1,-1,-1,-1
107,12,659,341,10,13,1,-1,-1,-1
107,13,653,329,10,13,1,-1,-1,-1
107,14,650,312,9,11,1,-1,-1,-1
107,15,633,314,10,11,1,-1,-1,-1
107,16,633,300,9,11,1,-1,-1,-1
107,17,646,302,10,9,1,-1,-1,-1
107,18,650,291,7,9,1,-1,-1,-1
107,23,710,287,10,11,1,-1,-1,-1
107,24,702,300,10,11,1,-1,-1,-1
107,25,744,316,11,11,1,-1,-1,-1
107,26,806,367,14,19,1,-1,-1,-1
107,27,653,397,10,15,1,-1,-1,-1
107,28,649,381,11,15,1,-1,-1,-1
107,29,646,368,13,13,1,-1,-1,-1
107,33,607,399,13,23,1,-1,-1,-1
107,34,587,395,14,21,1,-1,-1,-1
107,35,586,376,14,19,1,-1,-1,-1
107,36,722,344,13,13,1,-1,-1,-1
107,37,615,304,10,11,1,-1,-1,-1
107,38,731,393,11,15,1,-1,-1,-1
107,39,795,416,15,13,1,-1,-1,-1
108,0,572,362,19,11,1,-1,-1,-1
108,1,595,354,10,13,1,-1,-1,-1
108,2,609,349,10,13,1,-1,-1,-1
108,4,607,366,10,13,1,-1,-1,-1
108,5,604,385,10,13,1,-1,-1,-1
108,6,638,345,10,11,1,-1,-1,-1
108,7,646,354,11,13,1,-1,-1,-1
108,8,662,356,10,13,1,-1,-1,-1
108,9,667,379,10,17,1,-1,-1,-1
108,10,671,401,13,17,1,-1,-1,-1
108,11,637,327,10,13,1,-1,-1,-1
108,12,659,343,10,13,1,-1,-1,-1
108,13,654,329,10,13,1,-1,-1,-1
108,14,650,312,9,11,1,-1,-1,-1
108,15,634,314,10,11,1,-1,-1,-1
108,16,633,300,9,11,1,-1,-1,-1
108,17,646,302,10,9,1,-1,-1,-1
108,18,650,291,7,9,1,-1,-1,-1
108,23,710,287,10,11,1,-1,-1,-1
108,24,704,300,10,11,1,-1,-1,-1
108,25,744,314,11,11,1,-1,-1,-1
108,26,805,366,14,19,1,-1,-1,-1
108,27,654,397,10,15,1,-1,-1,-1
108,28,649,381,11,15,1,-1,-1,-1
108,29,646,368,13,13,1,-1,-1,-1
108,33,607,399,13,23,1,-1,-1,-1
108,34,586,395,14,21,1,-1,-1,-1
108,35,586,374,14,19,1,-1,-1,-1
108,36,722,343,13,13,1,-1,-1,-1
108,37,615,304,10,11,1,-1,-1,-1
108,38,731,391,11,15,1,-1,-1,-1
108,39,794,416,15,13,1,-1,-1,-1
109,0,572,362,19,11,1,-1,-1,-1
109,1,595,354,10,13,1,-1,-1,-1
109,2,609,351,10,13,1,-1,-1,-1
109,4,606,366,10,13,1,-1,-1,-1
109,5,606,385,10,13,1,-1,-1,-1
109,6,640,343,10,11,1,-1,-1,-1
109,7,646,354,11,13,1,-1,-1,-1
109,8,662,356,10,13,1,-1,-1,-1
109,9,667,379,10,17,1,-1,-1,-1
109,10,671,401,13,17,1,-1,-1,-1
109,11,637,327,10,13,1,-1,-1,-1
109,12,659,341,10,13,1,-1,-1,-1
109,13,653,327,10,13,1,-1,-1,-1
109,14,650,310,9,11,1,-1,-1,-1
109,15,634,314,10,11,1,-1,-1,-1
109,16,633,300,9,11,1,-1,-1,-1
109,17,646,302,10,9,1,-1,-1,-1
109,18,650,291,7,9,1,-1,-1,-1
109,23,710,287,10,11,1,-1,-1,-1
109,24,701,298,10,11,1,-1,-1,-1
109,25,743,314,11,11,1,-1,-1,-1
109,26,805,366,14,19,1,-1,-1,-1
109,27,653,397,10,15,1,-1,-1,-1
109,28,649,379,11,15,1,-1,-1,-1
109,29,646,368,13,13,1,-1,-1,-1
109,33,608,399,13,23,1,-1,-1,-1
109,34,586,395,14,21,1,-1,-1,-1
109,35,586,374,14,19,1,-1,-1,-1
109,36,720,341,13,13,1,-1,-1,-1
109,37,616,304,10,11,1,-1,-1,-1
109,38,731,389,11,15,1,-1,-1,-1
109,39,794,414,15,13,1,-1,-1,-1
110,0,573,362,19,11,1,-1,-1,-1
110,1,595,354,10,13,1,-1,-1,-1
110,2,609,349,10,13,1,-1,-1,-1
110,4,606,366,10,13,1,-1,-1,-1
110,5,604,385,10,13,1,-1,-1,-1
110,6,638,343,10,11,1,-1,-1,-1
110,7,646,354,11,13,1,-1,-1,-1
110,8,663,356,10,13,1,-1,-1,-1
110,9,667,379,10,17,1,-1,-1,-1
110,10,671,401,13,17,1,-1,-1,-1
110,11,637,327,10,13,1,-1,-1,-1
110,12,659,341,10,13,1,-1,-1,-1
110,13,653,327,10,13,1,-1,-1,-1
110,14,650,310,9,11,1,-1,-1,-1
110,15,636,314,10,11,1,-1,-1,-1
110,16,633,300,9,11,1,-1,-1,-1
110,17,646,300,10,9,1,-1,-1,-1
110,18,650,291,7,9,1,-1,-1,-1
110,23,710,285,10,11,1,-1,-1,-1
110,24,701,298,10,11,1,-1,-1,-1
110,25,741,312,11,11,1,-1,-1,-1
110,26,807,366,14,19,1,-1,-1,-1
110,27,654,397,10,15,1,-1,-1,-1
110,28,650,379,11,15,1,-1,-1,-1
110,29,646,366,13,13,1,-1,-1,-1
110,33,607,397,13,23,1,-1,-1,-1
110,34,586,393,14,21,1,-1,-1,-1
110,35,586,374,14,19,1,-1,-1,-1
110,36,720,341,13,13,1,-1,-1,-1
110,37,616,304,10,11,1,-1,-1,-1
110,38,731,389,11,15,1,-1,-1,-1
110,39,792,412,15,13,1,-1,-1,-1
111,0,572,360,19,11,1,-1,-1,-1
111,1,595,354,10,13,1,-1,-1,-1
111,2,609,349,10,13,1,-1,-1,-1
111,4,607,366,10,13,1,-1,-1,-1
111,5,604,383,10,13,1,-1,-1,-1
111,6,640,343,10,11,1,-1,-1,-1
111,7,645,354,11,13,1,-1,-1,-1
111,8,663,356,10,13,1,-1,-1,-1
111,9,667,379,10,17,1,-1,-1,-1
111,10,671,401,13,17,1,-1,-1,-1
111,11,637,327,10,13,1,-1,-1,-1
111,12,659,341,10,13,1,-1,-1,-1
111,13,654,327,10,13,1,-1,-1,-1
111,14,650,312,9,11,1,-1,-1,-1
111,15,634,314,10,11,1,-1,-1,-1
111,16,633,298,9,11,1,-1,-1,-1
111,17,646,300,10,9,1,-1,-1,-1
111,18,650,291,7,9,1,-1,-1,-1
111,23,710,283,10,11,1,-1,-1,-1
111,24,701,295,10,11,1,-1,-1,-1
111,25,741,312,11,11,1,-1,-1,-1
111,26,807,364,14,19,1,-1,-1,-1
111,27,653,397,10,15,1,-1,-1,-1
111,28,649,379,11,15,1,-1,-1,-1
111,29,646,368,13,13,1,-1,-1,-1
111,33,608,397,13,23,1,-1,-1,-1
111,34,586,395,14,21,1,-1,-1,-1
111,35,586,374,14,19,1,-1,-1,-1
111,36,720,339,13,13,1,-1,-1,-1
111,37,616,302,10,11,1,-1,-1,-1
111,38,731,387,11,15,1,-1,-1,-1
111,39,792,412,15,13,1,-1,-1,-1
112,0,572,362,19,11,1,-1,-1,-1
112,1,595,354,10,13,1,-1,-1,-1
112,2,608,349,10,13,1,-1,-1,-1
112,4,606,366,10,13,1,-1,-1,-1
112,5,606,383,10,13,1,-1,-1,-1
112,6,638,343,10,11,1,-1,-1,-1
112,7,646,352,11,13,1,-1,-1,-1
112,8,663,356,10,13,1,-1,-1,-1
112,9,667,379,10,17,1,-1,-1,-1
112,10,671,401,13,17,1,-1,-1,-1
112,11,637,327,10,13,1,-1,-1,-1
112,12,659,341,10,13,1,-1,-1,-1
112,13,653,327,10,13,1,-1,-1,-1
112,14,650,310,9,11,1,-1,-1,-1
112,15,634,312,10,11,1,-1,-1,-1
112,16,633,298,9,11,1,-1,-1,-1
112,17,647,300,10,9,1,-1,-1,-1
112,18,650,289,7,9,1,-1,-1,-1
112,23,710,283,10,11,1,-1,-1,-1
112,24,701,295,10,11,1,-1,-1,-1
112,25,741,312,11,11,1,-1,-1,-1
112,26,807,364,14,19,1,-1,-1,-1
112,27,654,397,10,15,1,-1,-1,-1
112,28,649,379,11,15,1,-1,-1,-1
112,29,646,366,13,13,1,-1,-1,-1
112,33,607,397,13,23,1,-1,-1,-1
112,34,587,393,14,21,1,-1,-1,-1
112,35,586,372,14,19,1,-1,-1,-1
112,36,719,337,13,13,1,-1,-1,-1
112,37,616,304,10,11,1,-1,-1,-1
112,38,731,387,11,15,1,-1,-1,-1
112,39,792,410,15,13,1,-1,-1,-1
113,0,573,360,19,11,1,-1,-1,-1
113,1,595,354,10,13,1,-1,-1,-1
113,2,609,349,10,13,1,-1,-1,-1
113,4,607,366,10,13,1,-1,-1,-1
113,5,604,383,10,13,1,-1,-1,-1
113,6,640,341,10,11,1,-1,-1,-1
113,7,646,352,11,13,1,-1,-1,-1
113,8,663,356,10,13,1,-1,-1,-1
113,9,667,379,10,17,1,-1,-1,-1
113,10,671,401,13,17,1,-1,-1,-1
113,11,637,327,10,13,1,-1,-1,-1
113,12,660,341,10,13,1,-1,-1,-1
113,13,653,327,10,13,1,-1,-1,-1
113,14,650,310,9,11,1,-1,-1,-1
113,15,634,314,10,11,1,-1,-1,-1
113,16,633,300,9,11,1,-1,-1,-1
113,17,646,300,10,9,1,-1,-1,-1
113,18,650,289,7,9,1,-1,-1,-1
113,23,710,283,10,11,1,-1,-1,-1
113,24,700,295,10,11,1,-1,-1,-1
113,25,740,310,11,11,1,-1,-1,-1
113,26,807,364,14,19,1,-1,-1,-1
113,27,654,395,10,15,1,-1,-1,-1
113,28,650,379,11,15,1,-1,-1,-1
113,29,646,366,13,13,1,-1,-1,-1
113,33,608,397,13,23,1,-1,-1,-1
113,34,587,393,14,21,1,-1,-1,-1
113,35,586,374,14,19,1,-1,-1,-1
113,36,719,337,13,13,1,-1,-1,-1
113,37,616,304,10,11,1,-1,-1,-1
113,38,731,385,11,15,1,-1,-1,-1
113,39,792,410,15,13,1,-1,-1,-1
114,0,572,360,19,11,1,-1,-1,-1
114,1,595,354,10,13,1,-1,-1,-1
114,2,609,347,10,13,1,-1,-1,-1
114,4,606,364,10,13,1,-1,-1,-1
114,5,606,383,10,13,1,-1,-1,-1
114,6,640,341,10,11,1,-1,-1,-1
114,7,646,352,11,13,1,-1,-1,-1
114,8,663,354,10,13,1,-1,-1,-1
114,9,667,378,10,17,1,-1,-1,-1
114,10,672,399,13,17,1,-1,-1,-1
114,11,637,325,10,13,1,-1,-1,-1
114,12,660,339,10,13,1,-1,-1,-1
114,13,653,327,10,13,1,-1,-1,-1
114,14,650,310,9,11,1,-1,-1,-1
114,15,634,312,10,11,1,-1,-1,-1
114,16,633,298,9,11,1,-1,-1,-1
114,17,646,300,10,9,1,-1,-1,-1
114,18,650,289,7,9,1,-1,-1,-1
114,23,709,281,10,11,1,-1,-1,-1
114,24,701,293,10,11,1,-1,-1,-1
114,25,740,308,11,11,1,-1,-1,-1
114,26,807,364,14,19,1,-1,-1,-1
114,27,654,395,10,15,1,-1,-1,-1
114,28,650,378,11,15,1,-1,-1,-1
114,29,646,366,13,13,1,-1,-1,-1
114,33,608,397,13,23,1,-1,-1,-1
114,34,587,393,14,21,1,-1,-1,-1
114,35,586,372,14,19,1,-1,-1,-1
114,36,719,335,13,13,1,-1,-1,-1
114,37,616,304,10,11,1,-1,-1,-1
114,38,731,383,11,15,1,-1,-1,-1
114,39,792,408,15,13,1,-1,-1,-1
115,0,572,360,19,11,1,-1,-1,-1
115,1,595,352,10,13,1,-1,-1,-1
115,2,609,347,10,13,1,-1,-1,-1
115,4,607,364,10,13,1,-1,-1,-1
115,5,606,383,10,13,1,-1,-1,-1
115,6,638,341,10,11,1,-1,-1,-1
115,7,646,352,11,13,1,-1,-1,-1
115,8,663,354,10,13,1,-1,-1,-1
115,9,668,378,10,17,1,-1,-1,-1
115,10,672,399,13,17,1,-1,-1,-1
115,11,637,325,10,13,1,-1,-1,-1
115,12,660,339,10,13,1,-1,-1,-1
115,13,653,325,10,13,1,-1,-1,-1
115,14,650,310,9,11,1,-1,-1,-1
115,15,634,312,10,11,1,-1,-1,-1
115,16,633,298,9,11,1,-1,-1,-1
115,17,646,300,10,9,1,-1,-1,-1
115,18,650,289,7,9,1,-1,-1,-1
115,23,709,281,10,11,1,-1,-1,-1
115,24,700,291,10,11,1,-1,-1,-1
115,25,740,308,11,11,1,-1,-1,-1
115,26,808,364,14,19,1,-1,-1,-1
115,27,654,395,10,15,1,-1,-1,-1
115,28,649,378,11,15,1,-1,-1,-1
115,29,646,366,13,13,1,-1,-1,-1
115,33,608,395,13,23,1,-1,-1,-1
115,34,586,393,14,21,1,-1,-1,-1
115,35,586,372,14,19,1,-1,-1,-1
115,36,719,335,13,13,1,-1,-1,-1
115,37,616,304,10,11,1,-1,-1,-1
115,38,731,381,11,15,1,-1,-1,-1
115,39,791,408,15,13,1,-1,-1,-1
116,0,573,360,19,11,1,-1,-1,-1
116,1,595,352,10,13,1,-1,-1,-1
116,2,609,347,10,13,1,-1,-1,-1
116,4,607,364,10,13,1,-1,-1,-1
116,5,606,383,10,13,1,-1,-1,-1
116,6,640,341,10,11,1,-1,-1,-1
116,7,646,351,11,13,1,-1,-1,-1
116,8,663,354,10,13,1,-1,-1,-1
116,9,667,378,10,17,1,-1,-1,-1
116,10,672,399,13,17,1,-1,-1,-1
116,11,637,325,10,13,1,-1,-1,-1
116,12,660,339,10,13,1,-1,-1,-1
116,13,653,325,10,13,1,-1,-1,-1
116,14,650,308,9,11,1,-1,-1,-1
116,15,634,312,10,11,1,-1,-1,-1
116,16,633,298,9,11,1,-1,-1,-1
116,17,646,300,10,9,1,-1,-1,-1
116,18,650,289,7,9,1,-1,-1,-1
116,23,707,281,10,11,1,-1,-1,-1
116,24,700,291,10,11,1,-1,-1,-1
116,25,740,308,11,11,1,-1,-1,-1
116,26,808,364,14,19,1,-1,-1,-1
116,27,654,393,10,15,1,-1,-1,-1
116,28,649,376,11,15,1,-1,-1,-1
116,29,646,364,13,13,1,-1,-1,-1
116,33,607,395,13,23,1,-1,-1,-1
116,34,587,391,14,21,1,-1,-1,-1
116,35,586,372,14,19,1,-1,-1,-1
116,36,718,333,13,13,1,-1,-1,-1
116,37,615,304,10,11,1,-1,-1,-1
116,38,731,381,11,15,1,-1,-1,-1
116,39,791,406,15,13,1,-1,-1,-1
117,0,572,360,19,11,1,-1,-1,-1
117,1,595,352,10,13,1,-1,-1,-1
117,2,609,347,10,13,1,-1,-1,-1
117,4,607,364,10,13,1,-1,-1,-1
117,5,606,383,10,13,1,-1,-1,-1
117,6,640,341,10,11,1,-1,-1,-1
117,7,646,352,11,13,1,-1,-1,-1
117,8,663,354,10,13,1,-1,-1,-1
117,9,668,378,10,17,1,-1,-1,-1
117,10,672,399,13,17,1,-1,-1,-1
117,11,637,325,10,13,1,-1,-1,-1
117,12,660,339,10,13,1,-1,-1,-1
117,13,653,327,10,13,1,-1,-1,-1
117,14,650,310,9,11,1,-1,-1,-1
117,15,634,312,10,11,1,-1,-1,-1
117,16,633,298,9,11,1,-1,-1,-1
117,17,646,300,10,9,1,-1,-1,-1
117,18,651,289,7,9,1,-1,-1,-1
117,23,707,279,10,11,1,-1,-1,-1
117,24,698,289,10,11,1,-1,-1,-1
117,25,740,306,11,11,1,-1,-1,-1
117,26,808,362,14,19,1,-1,-1,-1
117,27,654,393,10,15,1,-1,-1,-1
117,28,649,376,11,15,1,-1,-1,-1
117,29,646,364,13,13,1,-1,-1,-1
117,33,608,395,13,23,1,-1,-1,-1
117,34,587,391,14,21,1,-1,-1,-1
117,35,586,370,14,19,1,-1,-1,-1
117,36,718,333,13,13,1,-1,-1,-1
117,37,615,304,10,11,1,-1,-1,-1
117,38,730,379,11,15,1,-1,-1,-1
117,39,791,405,15,13,1,-1,-1,-1
118,0,572,360,19,11,1,-1,-1,-1
118,1,596,352,10,13,1,-1,-1,-1
118,2,609,347,10,13,1,-1,-1,-1
118,4,606,364,10,13,1,-1,-1,-1
118,5,604,381,10,13,1,-1,-1,-1
118,6,640,341,10,11,1,-1,-1,-1
118,7,646,351,11,13,1,-1,-1,-1
118,8,663,354,10,13,1,-1,-1,-1
118,9,668,376,10,17,1,-1,-1,-1
118,10,672,399,13,17,1,-1,-1,-1
118,11,637,325,10,13,1,-1,-1,-1
118,12,659,339,10,13,1,-1,-1,-1
118,13,653,325,10,13,1,-1,-1,-1
118,14,650,308,9,11,1,-1,-1,-1
118,15,634,312,10,11,1,-1,-1,-1
118,16,633,298,9,11,1,-1,-1,-1
118,17,646,298,10,9,1,-1,-1,-1
118,18,650,287,7,9,1,-1,-1,-1
118,23,707,279,10,11,1,-1,-1,-1
118,24,698,287,10,11,1,-1,-1,-1
118,25,739,306,11,11,1,-1,-1,-1
118,26,808,362,14,19,1,-1,-1,-1
118,27,654,393,10,15,1,-1,-1,-1
118,28,649,376,11,15,1,-1,-1,-1
118,29,646,364,13,13,1,-1,-1,-1
118,33,608,395,13,23,1,-1,-1,-1
118,34,587,391,14,21,1,-1,-1,-1
118,35,586,370,14,19,1,-1,-1,-1
118,36,718,331,13,13,1,-1,-1,-1
118,37,615,302,10,11,1,-1,-1,-1
118,38,731,379,11,15,1,-1,-1,-1
118,39,791,403,15,13,1,-1,-1,-1
119,0,573,358,19,11,1,-1,-1,-1
119,1,595,351,10,13,1,-1,-1,-1
119,2,609,347,10,13,1,-1,-1,-1
119,4,607,364,10,13,1,-1,-1,-1
119,5,606,381,10,13,1,-1,-1,-1
119,6,640,339,10,11,1,-1,-1,-1
119,7,646,351,11,13,1,-1,-1,-1
119,8,662,354,10,13,1,-1,-1,-1
119,9,668,376,10,17,1,-1,-1,-1
119,10,672,399,13,17,1,-1,-1,-1
119,11,637,324,10,13,1,-1,-1,-1
119,12,659,339,10,13,1,-1,-1,-1
119,13,653,325,10,13,1,-1,-1,-1
119,14,650,308,9,11,1,-1,-1,-1
119,15,634,312,10,11,1,-1,-1,-1
119,16,633,298,9,11,1,-1,-1,-1
119,17,647,298,10,9,1,-1,-1,-1
119,18,650,287,7,9,1,-1,-1,-1
119,23,707,277,10,11,1,-1,-1,-1
119,24,698,290,9,8,1,-1,-1,-1
119,25,739,304,11,11,1,-1,-1,-1
119,26,808,362,14,19,1,-1,-1,-1
119,27,654,393,10,15,1,-1,-1,-1
119,28,649,376,11,15,1,-1,-1,-1
119,29,646,364,13,13,1,-1,-1,-1
119,33,608,395,13,23,1,-1,-1,-1
119,34,587,391,14,21,1,-1,-1,-1
119,35,586,370,14,19,1,-1,-1,-1
119,36,718,329,13,13,1,-1,-1,-1
119,37,615,304,10,11,1,-1,-1,-1
119,38,730,378,11,15,1,-1,-1,-1
119,39,791,403,15,13,1,-1,-1,-1
120,0,572,358,19,11,1,-1,-1,-1
120,1,595,351,10,13,1,-1,-1,-1
120,2,609,345,10,13,1,-1,-1,-1
120,4,607,364,10,13,1,-1,-1,-1
120,5,606,381,10,13,1,-1,-1,-1
120,6,640,339,10,11,1,-1,-1,-1
120,7,646,349,11,13,1,-1,-1,-1
120,8,663,352,10,13,1,-1,-1,-1
120,9,668,376,10,17,1,-1,-1,-1
120,10,672,397,13,17,1,-1,-1,-1
120,11,637,324,10,13,1,-1,-1,-1
120,12,659,337,10,13,1,-1,-1,-1
120,13,654,325,10,13,1,-1,-1,-1
120,14,650,308,9,11,1,-1,-1,-1
120,15,634,312,10,11,1,-1,-1,-1
120,16,633,297,9,11,1,-1,-1,-1
120,17,647,298,10,9,1,-1,-1,-1
120,18,650,287,7,9,1,-1,-1,-1
120,23,706,275,10,11,1,-1,-1,-1
120,24,697,287,10,11,1,-1,-1,-1
120,25,739,304,11,11,1,-1,-1,-1
120,26,808,362,14,19,1,-1,-1,-1
120,27,654,393,10,15,1,-1,-1,-1
120,28,649,376,11,15,1,-1,-1,-1
120,29,646,364,13,13,1,-1,-1,-1
120,33,608,393,13,23,1,-1,-1,-1
120,34,587,391,14,21,1,-1,-1,-1
120,35,586,370,14,19,1,-1,-1,-1
120,36,718,329,13,13,1,-1,-1,-1
120,37,615,302,10,11,1,-1,-1,-1
120,38,728,376,11,15,1,-1,-1,-1
120,39,790,401,15,13,1,-1,-1,-1
121,0,573,358,19,11,1,-1,-1,-1
121,1,595,349,10,13,1,-1,-1,-1
121,2,609,345,10,13,1,-1,-1,-1
121,4,607,362,10,13,1,-1,-1,-1
121,5,606,381,10,13,1,-1,-1,-1
121,6,640,339,10,11,1,-1,-1,-1
121,7,646,349,11,13,1,-1,-1,-1
121,8,663,354,10,13,1,-1,-1,-1
121,9,668,376,10,17,1,-1,-1,-1
121,10,672,397,13,17,1,-1,-1,-1
121,11,637,324,10,13,1,-1,-1,-1
121,12,660,337,10,13,1,-1,-1,-1
121,13,654,325,10,13,1,-1,-1,-1
121,14,651,308,9,11,1,-1,-1,-1
121,15,634,310,10,11,1,-1,-1,-1
121,16,633,297,9,11,1,-1,-1,-1
121,17,647,298,10,9,1,-1,-1,-1
121,18,650,287,7,9,1,-1,-1,-1
121,23,706,275,10,11,1,-1,-1,-1
121,24,697,285,10,11,1,-1,-1,-1
121,25,737,304,11,11,1,-1,-1,-1
121,26,808,362,14,19,1,-1,-1,-1
121,27,654,391,10,15,1,-1,-1,-1
121,28,649,374,11,15,1,-1,-1,-1
121,29,646,362,13,13,1,-1,-1,-1
121,33,608,393,13,23,1,-1,-1,-1
121,34,587,389,14,21,1,-1,-1,-1
121,35,586,368,14,19,1,-1,-1,-1
121,36,717,327,13,13,1,-1,-1,-1
121,37,615,302,10,11,1,-1,-1,-1
121,38,728,374,11,15,1,-1,-1,-1
121,39,788,399,15,13,1,-1,-1,-1
122,0,572,356,19,11,1,-1,-1,-1
122,1,596,349,10,13,1,-1,-1,-1
122,2,609,345,10,13,1,-1,-1,-1
122,4,607,362,10,13,1,-1,-1,-1
122,5,606,381,10,13,1,-1,-1,-1
122,6,640,339,10,11,1,-1,-1,-1
122,7,646,349,11,13,1,-1,-1,-1
122,8,663,352,10,13,1,-1,-1,-1
122,9,668,376,10,17,1,-1,-1,-1
122,10,673,397,13,17,1,-1,-1,-1
122,11,637,322,10,13,1,-1,-1,-1
122,12,660,337,10,13,1,-1,-1,-1
122,13,654,324,10,13,1,-1,-1,-1
122,14,650,308,9,11,1,-1,-1,-1
122,15,636,310,10,11,1,-1,-1,-1
122,16,633,297,9,11,1,-1,-1,-1
122,17,647,297,10,9,1,-1,-1,-1
122,18,651,287,7,9,1,-1,-1,-1
122,23,706,275,10,11,1,-1,-1,-1
122,24,697,285,10,11,1,-1,-1,-1
122,25,737,302,11,11,1,-1,-1,-1
122,26,808,360,14,19,1,-1,-1,-1
122,27,654,391,10,15,1,-1,-1,-1
122,28,650,374,11,15,1,-1,-1,-1
122,29,646,362,13,13,1,-1,-1,-1
122,33,608,393,13,23,1,-1,-1,-1
122,34,589,389,14,21,1,-1,-1,-1
122,35,586,368,14,19,1,-1,-1,-1
122,36,718,327,13,13,1,-1,-1,-1
122,37,615,304,10,11,1,-1,-1,-1
122,38,728,374,11,15,1,-1,-1,-1
122,39,788,399,15,13,1,-1,-1,-1
123,0,573,356,19,11,1,-1,-1,-1
123,1,595,349,10,13,1,-1,-1,-1
123,2,611,345,10,13,1,-1,-1,-1
123,4,607,362,10,13,1,-1,-1,-1
123,5,606,381,10,13,1,-1,-1,-1
123,6,640,339,10,11,1,-1,-1,-1
123,7,646,349,11,13,1,-1,-1,-1
123,8,663,352,10,13,1,-1,-1,-1
123,9,668,374,10,17,1,-1,-1,-1
123,10,672,397,13,17,1,-1,-1,-1
123,11,637,322,10,13,1,-1,-1,-1
123,12,659,337,10,13,1,-1,-1,-1
123,13,654,325,10,13,1,-1,-1,-1
123,14,650,308,9,11,1,-1,-1,-1
123,15,636,310,10,11,1,-1,-1,-1
123,16,633,295,9,11,1,-1,-1,-1
123,17,646,297,10,9,1,-1,-1,-1
123,18,651,287,7,9,1,-1,-1,-1
123,23,706,273,10,11,1,-1,-1,-1
123,24,697,283,10,11,1,-1,-1,-1
123,25,737,300,11,11,1,-1,-1,-1
123,26,808,360,14,19,1,-1,-1,-1
123,27,654,391,10,15,1,-1,-1,-1
123,28,650,374,11,15,1,-1,-1,-1
123,29,646,362,13,13,1,-1,-1,-1
123,33,608,393,13,23,1,-1,-1,-1
123,34,587,389,14,21,1,-1,-1,-1
123,35,586,368,14,19,1,-1,-1,-1
123,36,715,325,13,13,1,-1,-1,-1
123,37,615,302,10,11,1,-1,-1,-1
123,38,728,372,11,15,1,-1,-1,-1
123,39,788,397,15,13,1,-1,-1,-1
124,0,573,356,19,11,1,-1,-1,-1
124,1,596,349,10,13,1,-1,-1,-1
124,2,611,345,10,13,1,-1,-1,-1
124,4,607,362,10,13,1,-1,-1,-1
124,5,606,379,10,13,1,-1,-1,-1
124,6,640,337,10,11,1,-1,-1,-1
124,7,646,347,11,13,1,-1,-1,-1
124,8,663,352,10,13,1,-1,-1,-1
124,9,668,376,10,17,1,-1,-1,-1
124,10,673,397,13,17,1,-1,-1,-1
124,11,637,322,10,13,1,-1,-1,-1
124,12,660,337,10,13,1,-1,-1,-1
124,13,654,324,10,13,1,-1,-1,-1
124,14,650,306,9,11,1,-1,-1,-1
124,15,636,310,10,11,1,-1,-1,-1
124,16,633,297,9,11,1,-1,-1,-1
124,17,647,297,10,9,1,-1,-1,-1
124,18,651,287,7,9,1,-1,-1,-1
124,23,706,273,10,11,1,-1,-1,-1
124,24,696,281,10,11,1,-1,-1,-1
124,25,736,300,11,11,1,-1,-1,-1
124,26,808,360,14,19,1,-1,-1,-1
124,27,654,391,10,15,1,-1,-1,-1
124,28,650,374,11,15,1,-1,-1,-1
124,29,647,362,13,13,1,-1,-1,-1
124,33,608,391,13,23,1,-1,-1,-1
124,34,587,387,14,21,1,-1,-1,-1
124,35,586,368,14,19,1,-1,-1,-1
124,36,717,324,13,13,1,-1,-1,-1
124,37,615,302,10,11,1,-1,-1,-1
124,38,728,372,11,15,1,-1,-1,-1
124,39,788,397,15,13,1,-1,-1,-1
125,0,572,356,19,11,1,-1,-1,-1
125,1,595,349,10,13,1,-1,-1,-1
125,2,611,343,10,13,1,-1,-1,-1
125,4,607,362,10,13,1,-1,-1,-1
125,5,606,379,10,13,1,-1,-1,-1
125,6,640,337,10,11,1,-1,-1,-1
125,7,646,347,11,13,1,-1,-1,-1
125,8,663,352,10,13,1,-1,-1,-1
125,9,668,374,10,17,1,-1,-1,-1
125,10,673,397,13,17,1,-1,-1,-1
125,11,637,322,10,13,1,-1,-1,-1
125,12,662,337,10,13,1,-1,-1,-1
125,13,654,322,10,13,1,-1,-1,-1
125,14,651,306,9,11,1,-1,-1,-1
125,15,636,310,10,11,1,-1,-1,-1
125,16,633,295,9,11,1,-1,-1,-1
125,17,647,297,10,9,1,-1,-1,-1
125,18,651,285,7,9,1,-1,-1,-1
125,23,706,273,10,11,1,-1,-1,-1
125,24,696,281,10,11,1,-1,-1,-1
125,25,736,298,11,11,1,-1,-1,-1
125,26,808,360,14,19,1,-1,-1,-1
125,27,654,391,10,15,1,-1,-1,-1
125,28,650,374,11,15,1,-1,-1,-1
125,29,646,362,13,13,1,-1,-1,-1
125,33,608,391,13,23,1,-1,-1,-1
125,34,587,389,14,21,1,-1,-1,-1
125,35,587,368,14,19,1,-1,-1,-1
125,36,715,322,13,13,1,-1,-1,-1
125,37,615,302,10,11,1,-1,-1,-1
125,38,728,370,11,15,1,-1,-1,-1
125,39,787,395,15,13,1,-1,-1,-1
125,40,656,271,10,11,1,-1,-1,-1
125,41,668,277,9,11,1,-1,-1,-1
126,0,573,356,19,11,1,-1,-1,-1
126,1,596,349,10,13,1,-1,-1,-1
126,2,611,343,10,13,1,-1,-1,-1
126,4,607,362,10,13,1,-1,-1,-1
126,5,606,379,10,13,1,-1,-1,-1
126,6,640,337,10,11,1,-1,-1,-1
126,7,646,347,11,13,1,-1,-1,-1
126,8,663,352,10,13,1,-1,-1,-1
126,9,668,374,10,17,1,-1,-1,-1
126,10,673,397,13,17,1,-1,-1,-1
126,11,637,322,10,13,1,-1,-1,-1
126,12,662,337,10,13,1,-1,-1,-1
126,13,654,324,10,13,1,-1,-1,-1
126,14,650,306,9,11,1,-1,-1,-1
126,15,636,310,10,11,1,-1,-1,-1
126,16,633,295,9,11,1,-1,-1,-1
126,17,647,297,10,9,1,-1,-1,-1
126,18,651,285,7,9,1,-1,-1,-1
126,23,706,271,10,11,1,-1,-1,-1
126,24,696,279,10,11,1,-1,-1,-1
126,25,736,298,11,11,1,-1,-1,-1
126,26,808,360,14,19,1,-1,-1,-1
126,27,654,391,10,15,1,-1,-1,-1
126,28,650,372,11,15,1,-1,-1,-1
126,29,646,360,13,13,1,-1,-1,-1
126,33,608,391,13,23,1,-1,-1,-1
126,34,587,387,14,21,1,-1,-1,-1
126,35,587,366,14,19,1,-1,-1,-1
126,36,715,322,13,13,1,-1,-1,-1
126,37,615,302,10,11,1,-1,-1,-1
126,38,727,368,11,15,1,-1,-1,-1
126,39,787,395,15,13,1,-1,-1,-1
126,40,655,271,10,11,1,-1,-1,-1
126,41,667,277,9,11,1,-1,-1,-1
127,0,573,354,19,11,1,-1,-1,-1
127,1,595,347,10,13,1,-1,-1,-1
127,2,609,343,10,13,1,-1,-1,-1
127,4,607,362,10,13,1,-1,-1,-1
127,5,606,379,10,13,1,-1,-1,-1
127,6,640,337,10,11,1,-1,-1,-1
127,7,646,347,11,13,1,-1,-1,-1
127,8,663,351,10,13,1,-1,-1,-1
127,9,670,374,10,17,1,-1,-1,-1
127,10,673,395,13,17,1,-1,-1,-1
127,11,637,320,10,13,1,-1,-1,-1
127,12,660,335,10,13,1,-1,-1,-1
127,13,654,322,10,13,1,-1,-1,-1
127,14,651,306,9,11,1,-1,-1,-1
127,15,636,310,10,11,1,-1,-1,-1
127,16,634,295,9,11,1,-1,-1,-1
127,17,647,295,10,9,1,-1,-1,-1
127,18,651,285,7,9,1,-1,-1,-1
127,23,705,270,10,11,1,-1,-1,-1
127,24,694,279,10,11,1,-1,-1,-1
127,25,736,297,11,11,1,-1,-1,-1
127,26,808,358,14,19,1,-1,-1,-1
127,27,654,391,10,15,1,-1,-1,-1
127,28,650,372,11,15,1,-1,-1,-1
127,29,646,360,13,13,1,-1,-1,-1
127,33,608,391,13,23,1,-1,-1,-1
127,34,589,387,14,21,1,-1,-1,-1
127,35,587,366,14,19,1,-1,-1,-1
127,36,715,320,13,13,1,-1,-1,-1
127,37,615,302,10,11,1,-1,-1,-1
127,38,727,368,11,15,1,-1,-1,-1
127,39,787,393,15,13,1,-1,-1,-1
127,40,655,271,10,11,1,-1,-1,-1
127,41,668,277,9,11,1,-1,-1,-1
128,0,572,354,19,11,1,-1,-1,-1
128,1,596,347,10,13,1,-1,-1,-1
128,2,611,343,10,13,1,-1,-1,-1
128,4,607,362,10,13,1,-1,-1,-1
128,5,606,379,10,13,1,-1,-1,-1
128,6,641,337,10,11,1,-1,-1,-1
128,7,646,347,11,13,1,-1,-1,-1
128,8,663,352,10,13,1,-1,-1,-1
128,9,668,374,10,17,1,-1,-1,-1
128,10,673,395,13,17,1,-1,-1,-1
128,11,637,322,10,13,1,-1,-1,-1
128,12,660,335,10,13,1,-1,-1,-1
128,13,654,322,10,13,1,-1,-1,-1
128,14,650,306,9,11,1,-1,-1,-1
128,15,637,310,10,11,1,-1,-1,-1
128,16,633,295,9,11,1,-1,-1,-1
128,17,647,295,10,9,1,-1,-1,-1
128,18,650,285,7,9,1,-1,-1,-1
128,23,705,270,10,11,1,-1,-1,-1
128,24,694,277,10,11,1,-1,-1,-1
128,25,736,297,11,11,1,-1,-1,-1
128,26,808,358,14,19,1,-1,-1,-1
128,27,654,391,10,15,1,-1,-1,-1
128,28,650,372,11,15,1,-1,-1,-1
128,29,647,360,13,13,1,-1,-1,-1
128,33,608,391,13,23,1,-1,-1,-1
128,34,589,387,14,21,1,-1,-1,-1
128,35,586,366,14,19,1,-1,-1,-1
128,36,714,320,13,13,1,-1,-1,-1
128,37,615,302,10,11,1,-1,-1,-1
128,38,727,366,11,15,1,-1,-1,-1
128,39,787,391,15,13,1,-1,-1,-1
128,40,655,271,10,11,1,-1,-1,-1
128,41,667,277,9,11,1,-1,-1,-1
129,0,573,354,19,11,1,-1,-1,-1
129,1,595,347,10,13,1,-1,-1,-1
129,2,611,343,10,13,1,-1,-1,-1
129,4,607,362,10,13,1,-1,-1,-1
129,5,607,379,10,13,1,-1,-1,-1
129,6,640,337,10,11,1,-1,-1,-1
129,7,646,347,11,13,1,-1,-1,-1
129,8,663,351,10,13,1,-1,-1,-1
129,9,670,374,10,17,1,-1,-1,-1
129,10,673,395,13,17,1,-1,-1,-1
129,11,637,320,10,13,1,-1,-1,-1
129,12,660,335,10,13,1,-1,-1,-1
129,13,654,322,10,13,1,-1,-1,-1
129,14,651,306,9,11,1,-1,-1,-1
129,15,637,310,10,11,1,-1,-1,-1
129,16,633,295,9,11,1,-1,-1,-1
129,17,647,295,10,9,1,-1,-1,-1
129,18,650,285,7,9,1,-1,-1,-1
129,23,705,270,10,11,1,-1,-1,-1
129,24,693,277,10,11,1,-1,-1,-1
129,25,736,295,11,11,1,-1,-1,-1
129,26,808,358,14,19,1,-1,-1,-1
129,27,654,391,10,15,1,-1,-1,-1
129,28,650,372,11,15,1,-1,-1,-1
129,29,646,360,13,13,1,-1,-1,-1
129,33,608,389,13,23,1,-1,-1,-1
129,34,589,387,14,21,1,-1,-1,-1
129,35,586,366,14,19,1,-1,-1,-1
129,36,714,318,13,13,1,-1,-1,-1
129,37,615,302,10,11,1,-1,-1,-1
129,38,727,364,11,15,1,-1,-1,-1
129,39,787,391,15,13,1,-1,-1,-1
129,40,656,271,10,11,1,-1,-1,-1
129,41,670,277,9,11,1,-1,-1,-1
130,0,572,354,19,11,1,-1,-1,-1
130,1,596,347,10,13,1,-1,-1,-1
130,2,611,341,10,13,1,-1,-1,-1
130,4,607,362,10,13,1,-1,-1,-1
130,5,606,379,10,13,1,-1,-1,-1
130,6,640,335,10,11,1,-1,-1,-1
130,7,646,345,11,13,1,-1,-1,-1
130,8,663,349,10,13,1,-1,-1,-1
130,9,670,372,10,17,1,-1,-1,-1
130,10,673,395,13,17,1,-1,-1,-1
130,11,637,320,10,13,1,-1,-1,-1
130,12,660,335,10,13,1,-1,-1,-1
130,13,654,322,10,13,1,-1,-1,-1
130,14,651,306,9,11,1,-1,-1,-1
130,15,637,308,10,11,1,-1,-1,-1
130,16,633,295,9,11,1,-1,-1,-1
130,17,649,295,10,9,1,-1,-1,-1
130,18,650,285,7,9,1,-1,-1,-1
130,23,704,268,10,11,1,-1,-1,-1
130,24,693,275,10,11,1,-1,-1,-1
130,25,735,295,11,11,1,-1,-1,-1
130,26,808,358,14,19,1,-1,-1,-1
130,27,654,389,10,15,1,-1,-1,-1
130,28,650,372,11,15,1,-1,-1,-1
130,29,646,360,13,13,1,-1,-1,-1
130,33,608,389,13,23,1,-1,-1,-1
130,34,587,387,14,21,1,-1,-1,-1
130,35,586,366,14,19,1,-1,-1,-1
130,36,714,316,13,13,1,-1,-1,-1
130,37,615,302,10,11,1,-1,-1,-1
130,38,727,364,11,15,1,-1,-1,-1
130,39,786,389,15,13,1,-1,-1,-1
130,40,656,271,10,11,1,-1,-1,-1
130,41,668,277,9,11,1,-1,-1,-1
131,0,573,354,19,11,1,-1,-1,-1
131,1,596,347,10,13,1,-1,-1,-1
131,2,611,341,10,13,1,-1,-1,-1
131,4,607,360,10,13,1,-1,-1,-1
131,5,606,378,10,13,1,-1,-1,-1
131,6,640,335,10,11,1,-1,-1,-1
131,7,646,345,11,13,1,-1,-1,-1
131,8,663,351,10,13,1,-1,-1,-1
131,9,668,374,10,17,1,-1,-1,-1
131,10,675,395,13,17,1,-1,-1,-1
131,11,638,320,10,13,1,-1,-1,-1
131,12,660,335,10,13,1,-1,-1,-1
131,13,654,322,10,13,1,-1,-1,-1
131,14,650,306,9,11,1,-1,-1,-1
131,15,636,310,10,11,1,-1,-1,-1
131,16,634,295,9,11,1,-1,-1,-1
131,17,647,295,10,9,1,-1,-1,-1
131,18,651,285,7,9,1,-1,-1,-1
131,23,704,268,10,11,1,-1,-1,-1
131,24,693,273,10,11,1,-1,-1,-1
131,25,734,293,11,11,1,-1,-1,-1
131,26,808,358,14,19,1,-1,-1,-1
131,27,654,389,10,15,1,-1,-1,-1
131,28,650,370,11,15,1,-1,-1,-1
131,29,647,358,13,13,1,-1,-1,-1
131,33,608,389,13,23,1,-1,-1,-1
131,34,587,385,14,21,1,-1,-1,-1
131,35,586,366,14,19,1,-1,-1,-1
131,36,714,316,13,13,1,-1,-1,-1
131,37,613,302,10,11,1,-1,-1,-1
131,38,727,362,11,15,1,-1,-1,-1
131,39,784,389,15,13,1,-1,-1,-1
131,40,658,271,10,11,1,-1,-1,-1
131,41,668,279,9,11,1,-1,-1,-1
132,0,572,354,19,11,1,-1,-1,-1
132,1,595,345,10,13,1,-1,-1,-1
132,2,611,341,10,13,1,-1,-1,-1
132,4,608,362,10,13,1,-1,-1,-1
132,5,606,378,10,13,1,-1,-1,-1
132,6,641,335,10,11,1,-1,-1,-1
132,7,646,345,11,13,1,-1,-1,-1
132,8,663,349,10,13,1,-1,-1,-1
132,9,670,372,10,17,1,-1,-1,-1
132,10,673,395,13,17,1,-1,-1,-1
132,11,637,320,10,13,1,-1,-1,-1
132,12,660,335,10,13,1,-1,-1,-1
132,13,654,322,10,13,1,-1,-1,-1
132,14,651,304,9,11,1,-1,-1,-1
132,15,636,308,10,11,1,-1,-1,-1
132,16,634,295,9,11,1,-1,-1,-1
132,17,647,295,10,9,1,-1,-1,-1
132,18,651,285,7,9,1,-1,-1,-1
132,23,704,266,10,11,1,-1,-1,-1
132,24,693,273,10,11,1,-1,-1,-1
132,25,734,293,11,11,1,-1,-1,-1
132,26,808,358,14,19,1,-1,-1,-1
132,27,654,389,10,15,1,-1,-1,-1
132,28,650,372,11,15,1,-1,-1,-1
132,29,646,358,13,13,1,-1,-1,-1
132,33,608,389,13,23,1,-1,-1,-1
132,34,587,385,14,21,1,-1,-1,-1
132,35,586,364,14,19,1,-1,-1,-1
132,36,714,314,13,13,1,-1,-1,-1
132,37,613,302,10,11,1,-1,-1,-1
132,38,727,362,11,15,1,-1,-1,-1
132,39,784,387,15,13,1,-1,-1,-1
132,40,658,271,10,11,1,-1,-1,-1
132,41,670,279,9,11,1,-1,-1,-1
133,0,573,354,19,11,1,-1,-1,-1
133,1,596,345,10,13,1,-1,-1,-1
133,2,611,341,10,13,1,-1,-1,-1
133,4,607,360,10,13,1,-1,-1,-1
133,5,606,378,10,13,1,-1,-1,-1
133,6,640,335,10,11,1,-1,-1,-1
133,7,646,345,11,13,1,-1,-1,-1
133,8,663,351,10,13,1,-1,-1,-1
133,9,670,372,10,17,1,-1,-1,-1
133,10,675,395,13,17,1,-1,-1,-1
133,11,637,320,10,13,1,-1,-1,-1
133,12,660,335,10,13,1,-1,-1,-1
133,13,654,322,10,13,1,-1,-1,-1
133,14,651,304,9,11,1,-1,-1,-1
133,15,637,308,10,11,1,-1,-1,-1
133,16,634,295,9,11,1,-1,-1,-1
133,17,647,295,10,9,1,-1,-1,-1
133,18,651,285,7,9,1,-1,-1,-1
133,23,702,266,10,11,1,-1,-1,-1
133,24,693,273,10,11,1,-1,-1,-1
133,25,734,291,11,11,1,-1,-1,-1
133,26,808,356,14,19,1,-1,-1,-1
133,27,654,389,10,15,1,-1,-1,-1
133,28,650,370,11,15,1,-1,-1,-1
133,29,647,358,13,13,1,-1,-1,-1
133,33,608,389,13,23,1,-1,-1,-1
133,34,587,385,14,21,1,-1,-1,-1
133,35,586,364,14,19,1,-1,-1,-1
133,36,713,314,13,13,1,-1,-1,-1
133,37,613,302,10,11,1,-1,-1,-1
133,38,726,360,11,15,1,-1,-1,-1
133,39,784,387,15,13,1,-1,-1,-1
133,40,658,273,10,11,1,-1,-1,-1
133,41,670,279,9,11,1,-1,-1,-1
134,0,572,354,19,11,1,-1,-1,-1
134,1,596,345,10,13,1,-1,-1,-1
134,2,611,341,10,13,1,-1,-1,-1
134,4,607,360,10,13,1,-1,-1,-1
134,5,606,376,10,13,1,-1,-1,-1
134,6,641,335,10,11,1,-1,-1,-1
134,7,647,345,11,13,1,-1,-1,-1
134,8,663,349,10,13,1,-1,-1,-1
134,9,670,372,10,17,1,-1,-1,-1
134,10,673,395,13,17,1,-1,-1,-1
134,11,637,320,10,13,1,-1,-1,-1
134,12,660,333,10,13,1,-1,-1,-1
134,13,654,322,10,13,1,-1,-1,-1
134,14,651,304,9,11,1,-1,-1,-1
134,15,637,308,10,11,1,-1,-1,-1
134,16,634,293,9,11,1,-1,-1,-1
134,17,647,295,10,9,1,-1,-1,-1
134,18,651,285,7,9,1,-1,-1,-1
134,23,702,264,10,11,1,-1,-1,-1
134,24,692,271,10,11,1,-1,-1,-1
134,25,734,291,11,11,1,-1,-1,-1
134,26,808,356,14,19,1,-1,-1,-1
134,27,654,387,10,15,1,-1,-1,-1
134,28,650,370,11,15,1,-1,-1,-1
134,29,647,358,13,13,1,-1,-1,-1
134,33,608,389,13,23,1,-1,-1,-1
134,34,587,385,14,21,1,-1,-1,-1
134,35,586,364,14,19,1,-1,-1,-1
134,36,714,312,13,13,1,-1,-1,-1
134,37,613,302,10,11,1,-1,-1,-1
134,38,726,358,11,15,1,-1,-1,-1
134,39,784,385,15,13,1,-1,-1,-1
134,40,658,271,10,11,1,-1,-1,-1
134,41,670,279,9,11,1,-1,-1,-1
135,0,573,352,19,11,1,-1,-1,-1
135,1,595,345,10,13,1,-1,-1,-1
135,2,611,341,10,13,1,-1,-1,-1
135,4,608,360,10,13,1,-1,-1,-1
135,5,606,376,10,13,1,-1,-1,-1
135,6,640,335,10,11,1,-1,-1,-1
135,7,646,345,11,13,1,-1,-1,-1
135,8,663,349,10,13,1,-1,-1,-1
135,9,671,372,10,17,1,-1,-1,-1
135,10,675,395,13,17,1,-1,-1,-1
135,11,637,320,10,13,1,-1,-1,-1
135,12,660,333,10,13,1,-1,-1,-1
135,13,654,320,10,13,1,-1,-1,-1
135,14,651,304,9,11,1,-1,-1,-1
135,15,637,308,10,11,1,-1,-1,-1
135,16,633,293,9,11,1,-1,-1,-1
135,17,647,295,10,9,1,-1,-1,-1
135,18,651,283,7,9,1,-1,-1,-1
135,23,702,264,10,11,1,-1,-1,-1
135,24,692,271,10,11,1,-1,-1,-1
135,25,734,291,11,11,1,-1,-1,-1
135,26,808,356,14,19,1,-1,-1,-1
135,27,654,387,10,15,1,-1,-1,-1
135,28,650,370,11,15,1,-1,-1,-1
135,29,647,358,13,13,1,-1,-1,-1
135,33,608,389,13,23,1,-1,-1,-1
135,34,587,385,14,21,1,-1,-1,-1
135,35,586,364,14,19,1,-1,-1,-1
135,36,713,312,13,13,1,-1,-1,-1
135,37,613,302,10,11,1,-1,-1,-1
135,38,726,358,11,15,1,-1,-1,-1
135,39,783,385,15,13,1,-1,-1,-1
135,40,658,273,10,11,1,-1,-1,-1
135,41,670,279,9,11,1,-1,-1,-1
136,0,572,352,19,11,1,-1,-1,-1
136,1,596,345,10,13,1,-1,-1,-1
136,2,611,341,10,13,1,-1,-1,-1
136,4,607,360,10,13,1,-1,-1,-1
136,5,607,376,10,13,1,-1,-1,-1
136,6,641,333,10,11,1,-1,-1,-1
136,7,646,343,11,13,1,-1,-1,-1
136,8,663,349,10,13,1,-1,-1,-1
136,9,670,372,10,17,1,-1,-1,-1
136,10,675,393,13,17,1,-1,-1,-1
136,11,638,318,10,13,1,-1,-1,-1
136,12,660,333,10,13,1,-1,-1,-1
136,13,654,320,10,13,1,-1,-1,-1
136,14,651,304,9,11,1,-1,-1,-1
136,15,637,308,10,11,1,-1,-1,-1
136,16,634,295,9,11,1,-1,-1,-1
136,17,647,295,10,9,1,-1,-1,-1
136,18,651,283,7,9,1,-1,-1,-1
136,23,701,264,10,11,1,-1,-1,-1
136,24,692,270,10,11,1,-1,-1,-1
136,25,732,289,11,11,1,-1,-1,-1
136,26,808,356,14,19,1,-1,-1,-1
136,27,655,387,10,15,1,-1,-1,-1
136,28,650,370,11,15,1,-1,-1,-1
136,29,647,358,13,13,1,-1,-1,-1
136,33,608,387,13,23,1,-1,-1,-1
136,34,587,383,14,21,1,-1,-1,-1
136,35,586,364,14,19,1,-1,-1,-1
136,36,715,312,10,11,1,-1,-1,-1
136,37,613,302,10,11,1,-1,-1,-1
136,38,726,356,11,15,1,-1,-1,-1
136,39,783,383,15,13,1,-1,-1,-1
136,40,659,273,10,11,1,-1,-1,-1
136,41,671,279,9,11,1,-1,-1,-1
137,0,572,352,19,11,1,-1,-1,-1
137,1,596,345,10,13,1,-1,-1,-1
137,2,611,339,10,13,1,-1,-1,-1
137,4,608,360,10,13,1,-1,-1,-1
137,5,607,376,10,13,1,-1,-1,-1
137,6,641,335,10,11,1,-1,-1,-1
137,7,646,345,11,13,1,-1,-1,-1
137,8,663,349,10,13,1,-1,-1,-1
137,9,670,372,10,17,1,-1,-1,-1
137,10,675,395,13,17,1,-1,-1,-1
137,11,638,318,10,13,1,-1,-1,-1
137,12,662,333,10,13,1,-1,-1,-1
137,13,654,320,10,13,1,-1,-1,-1
137,14,651,304,9,11,1,-1,-1,-1
137,15,637,308,10,11,1,-1,-1,-1
137,16,634,293,9,11,1,-1,-1,-1
137,17,649,295,10,9,1,-1,-1,-1
137,18,651,283,7,9,1,-1,-1,-1
137,23,701,262,10,11,1,-1,-1,-1
137,24,690,268,10,11,1,-1,-1,-1
137,25,732,289,11,11,1,-1,-1,-1
137,26,808,356,14,19,1,-1,-1,-1
137,27,654,387,10,15,1,-1,-1,-1
137,28,650,370,11,15,1,-1,-1,-1
137,29,646,358,13,13,1,-1,-1,-1
137,33,608,387,13,23,1,-1,-1,-1
137,34,589,383,14,21,1,-1,-1,-1
137,35,587,364,14,19,1,-1,-1,-1
137,36,714,310,10,11,1,-1,-1,-1
137,37,613,302,10,11,1,-1,-1,-1
137,38,726,356,11,15,1,-1,-1,-1
137,39,782,383,15,13,1,-1,-1,-1
137,40,659,273,10,11,1,-1,-1,-1
137,41,671,279,9,11,1,-1,-1,-1
138,0,572,352,19,11,1,-1,-1,-1
138,1,596,345,10,13,1,-1,-1,-1
138,2,611,341,10,13,1,-1,-1,-1
138,4,607,360,10,13,1,-1,-1,-1
138,5,606,376,10,13,1,-1,-1,-1
138,6,641,333,10,11,1,-1,-1,-1
138,7,647,343,11,13,1,-1,-1,-1
138,8,663,349,10,13,1,-1,-1,-1
138,9,670,372,10,17,1,-1,-1,-1
138,10,675,393,13,17,1,-1,-1,-1
138,11,638,318,10,13,1,-1,-1,-1
138,12,662,333,10,13,1,-1,-1,-1
138,13,654,320,10,13,1,-1,-1,-1
138,14,651,304,9,11,1,-1,-1,-1
138,15,637,308,10,11,1,-1,-1,-1
138,16,634,293,9,11,1,-1,-1,-1
138,17,649,295,10,9,1,-1,-1,-1
138,18,651,285,7,9,1,-1,-1,-1
138,23,701,262,10,11,1,-1,-1,-1
138,24,690,268,10,11,1,-1,-1,-1
138,25,731,289,11,11,1,-1,-1,-1
138,26,808,356,14,19,1,-1,-1,-1
138,27,654,387,10,15,1,-1,-1,-1
138,28,650,370,11,15,1,-1,-1,-1
138,29,647,358,13,13,1,-1,-1,-1
138,33,608,387,13,23,1,-1,-1,-1
138,34,589,383,14,21,1,-1,-1,-1
138,35,587,362,14,19,1,-1,-1,-1
138,36,714,310,10,11,1,-1,-1,-1
138,37,613,302,10,11,1,-1,-1,-1
138,38,724,357,11,13,1,-1,-1,-1
138,39,782,383,15,13,1,-1,-1,-1
138,40,659,273,10,11,1,-1,-1,-1
138,41,671,281,9,11,1,-1,-1,-1
139,0,572,352,19,11,1,-1,-1,-1
139,1,596,345,10,13,1,-1,-1,-1
139,2,611,339,10,13,1,-1,-1,-1
139,4,608,360,10,13,1,-1,-1,-1
139,5,607,376,10,13,1,-1,-1,-1
139,6,640,333,10,11,1,-1,-1,-1
139,7,647,343,11,13,1,-1,-1,-1
139,8,663,349,10,13,1,-1,-1,-1
139,9,670,372,10,17,1,-1,-1,-1
139,10,675,393,13,17,1,-1,-1,-1
139,11,637,318,10,13,1,-1,-1,-1
139,12,660,333,10,13,1,-1,-1,-1
139,13,654,320,10,13,1,-1,-1,-1
139,14,651,304,9,11,1,-1,-1,-1
139,15,636,308,10,11,1,-1,-1,-1
139,16,634,293,9,11,1,-1,-1,-1
139,17,649,293,10,9,1,-1,-1,-1
139,18,651,283,7,9,1,-1,-1,-1
139,23,701,262,10,11,1,-1,-1,-1
139,24,690,266,10,11,1,-1,-1,-1
139,25,731,287,11,11,1,-1,-1,-1
139,26,808,356,14,19,1,-1,-1,-1
139,27,655,387,10,15,1,-1,-1,-1
139,28,650,368,11,15,1,-1,-1,-1
139,29,647,358,13,13,1,-1,-1,-1
139,33,608,387,13,23,1,-1,-1,-1
139,34,589,383,14,21,1,-1,-1,-1
139,35,587,364,14,19,1,-1,-1,-1
139,36,714,308,10,11,1,-1,-1,-1
139,37,612,302,10,11,1,-1,-1,-1
139,38,723,356,10,13,1,-1,-1,-1
139,39,782,381,15,13,1,-1,-1,-1
139,40,659,273,10,11,1,-1,-1,-1
139,41,671,281,9,11,1,-1,-1,-1
140,0,573,352,19,11,1,-1,-1,-1
140,1,596,345,10,13,1,-1,-1,-1
140,2,611,339,10,13,1,-1,-1,-1
140,4,608,360,10,13,1,-1,-1,-1
140,5,607,376,10,13,1,-1,-1,-1
140,6,641,333,10,11,1,-1,-1,-1
140,7,647,343,11,13,1,-1,-1,-1
140,8,664,349,10,13,1,-1,-1,-1
140,9,671,370,10,17,1,-1,-1,-1
140,10,675,393,13,17,1,-1,-1,-1
140,11,637,318,10,13,1,-1,-1,-1
140,12,662,333,10,13,1,-1,-1,-1
140,13,654,320,10,13,1,-1,-1,-1
140,14,653,304,9,11,1,-1,-1,-1
140,15,637,308,10,11,1,-1,-1,-1
140,16,636,293,9,11,1,-1,-1,-1
140,17,647,293,10,9,1,-1,-1,-1
140,18,653,283,7,9,1,-1,-1,-1
140,23,701,260,10,11,1,-1,-1,-1
140,24,689,266,10,11,1,-1,-1,-1
140,25,731,287,11,11,1,-1,-1,-1
140,26,809,354,14,19,1,-1,-1,-1
140,27,654,387,10,15,1,-1,-1,-1
140,28,650,370,11,15,1,-1,-1,-1
140,29,647,356,13,13,1,-1,-1,-1
140,33,608,387,13,23,1,-1,-1,-1
140,34,589,383,14,21,1,-1,-1,-1
140,35,587,362,14,19,1,-1,-1,-1
140,36,714,308,10,11,1,-1,-1,-1
140,37,612,302,10,11,1,-1,-1,-1
140,38,723,354,10,13,1,-1,-1,-1
140,39,782,381,15,13,1,-1,-1,-1
140,40,659,273,10,11,1,-1,-1,-1
140,41,671,281,9,11,1,-1,-1,-1
141,0,572,351,19,11,1,-1,-1,-1
141,1,596,343,10,13,1,-1,-1,-1
141,2,611,339,10,13,1,-1,-1,-1
141,4,607,360,10,13,1,-1,-1,-1
141,5,607,376,10,13,1,-1,-1,-1
141,6,641,333,10,11,1,-1,-1,-1
141,7,647,343,11,13,1,-1,-1,-1
141,8,664,349,10,13,1,-1,-1,-1
141,9,670,372,10,17,1,-1,-1,-1
141,10,676,393,13,17,1,-1,-1,-1
141,11,637,318,10,13,1,-1,-1,-1
141,12,662,333,10,13,1,-1,-1,-1
141,13,655,320,10,13,1,-1,-1,-1
141,14,651,304,9,11,1,-1,-1,-1
141,15,637,308,10,11,1,-1,-1,-1
141,16,634,293,9,11,1,-1,-1,-1
141,17,649,293,10,9,1,-1,-1,-1
141,18,653,283,7,9,1,-1,-1,-1
141,23,701,260,10,11,1,-1,-1,-1
141,24,689,264,10,11,1,-1,-1,-1
141,25,731,287,11,11,1,-1,-1,-1
141,26,809,356,14,19,1,-1,-1,-1
141,27,655,387,10,15,1,-1,-1,-1
141,28,650,368,11,15,1,-1,-1,-1
141,29,647,356,13,13,1,-1,-1,-1
141,33,608,387,13,23,1,-1,-1,-1
141,34,589,383,14,21,1,-1,-1,-1
141,35,587,362,14,19,1,-1,-1,-1
141,36,714,306,10,11,1,-1,-1,-1
141,37,612,302,10,11,1,-1,-1,-1
141,38,723,354,10,13,1,-1,-1,-1
141,39,781,379,15,13,1,-1,-1,-1
141,40,659,273,10,11,1,-1,-1,-1
141,41,671,281,9,11,1,-1,-1,-1
142,0,572,351,19,11,1,-1,-1,-1
142,1,596,343,10,13,1,-1,-1,-1
142,2,611,339,10,13,1,-1,-1,-1
142,4,608,360,10,13,1,-1,-1,-1
142,5,607,376,10,13,1,-1,-1,-1
142,6,641,333,10,11,1,-1,-1,-1
142,7,647,343,11,13,1,-1,-1,-1
142,8,664,349,10,13,1,-1,-1,-1
142,9,671,372,10,17,1,-1,-1,-1
142,10,676,393,13,17,1,-1,-1,-1
142,11,638,318,10,13,1,-1,-1,-1
142,12,662,333,10,13,1,-1,-1,-1
142,13,655,320,10,13,1,-1,-1,-1
142,14,653,304,9,11,1,-1,-1,-1
142,15,637,308,10,11,1,-1,-1,-1
142,16,634,293,9,11,1,-1,-1,-1
142,17,649,293,10,9,1,-1,-1,-1
142,18,653,283,7,9,1,-1,-1,-1
142,23,703,262,8,8,1,-1,-1,-1
142,24,692,267,8,8,1,-1,-1,-1
142,25,731,287,11,11,1,-1,-1,-1
142,26,809,356,14,19,1,-1,-1,-1
142,27,655,387,10,15,1,-1,-1,-1
142,28,650,368,11,15,1,-1,-1,-1
142,29,647,356,13,13,1,-1,-1,-1
142,33,608,387,13,23,1,-1,-1,-1
142,34,587,383,14,21,1,-1,-1,-1
142,35,587,362,14,19,1,-1,-1,-1
142,36,714,306,10,11,1,-1,-1,-1
142,37,613,304,10,11,1,-1,-1,-1
142,38,723,352,10,13,1,-1,-1,-1
142,39,781,379,15,13,1,-1,-1,-1
142,40,659,275,10,11,1,-1,-1,-1
142,41,672,281,9,11,1,-1,-1,-1
143,0,572,351,19,11,1,-1,-1,-1
143,1,596,345,10,13,1,-1,-1,-1
143,2,611,339,10,13,1,-1,-1,-1
143,4,608,360,10,13,1,-1,-1,-1
143,5,607,376,10,13,1,-1,-1,-1
143,6,641,333,10,11,1,-1,-1,-1
143,7,647,343,11,13,1,-1,-1,-1
143,8,666,349,10,13,1,-1,-1,-1
143,9,671,372,10,17,1,-1,-1,-1
143,10,676,393,13,17,1,-1,-1,-1
143,11,638,318,10,13,1,-1,-1,-1
143,12,662,333,10,13,1,-1,-1,-1
143,13,655,320,10,13,1,-1,-1,-1
143,14,653,304,9,11,1,-1,-1,-1
143,15,637,308,10,11,1,-1,-1,-1
143,16,636,293,9,11,1,-1,-1,-1
143,17,649,293,10,9,1,-1,-1,-1
143,18,653,283,7,9,1,-1,-1,-1
143,23,702,261,9,9,1,-1,-1,-1
143,24,690,265,9,9,1,-1,-1,-1
143,25,731,285,11,11,1,-1,-1,-1
143,26,809,354,14,19,1,-1,-1,-1
143,27,655,387,10,15,1,-1,-1,-1
143,28,650,368,11,15,1,-1,-1,-1
143,29,649,356,13,13,1,-1,-1,-1
143,33,608,387,13,23,1,-1,-1,-1
143,34,589,383,14,21,1,-1,-1,-1
143,35,587,362,14,19,1,-1,-1,-1
143,36,714,306,10,11,1,-1,-1,-1
143,37,613,302,10,11,1,-1,-1,-1
143,38,723,352,10,13,1,-1,-1,-1
143,39,779,378,15,13,1,-1,-1,-1
143,40,659,275,10,11,1,-1,-1,-1
143,41,672,281,9,11,1,-1,-1,-1
144,0,572,351,19,11,1,-1,-1,-1
144,1,596,343,10,13,1,-1,-1,-1
144,2,611,339,10,13,1,-1,-1,-1
144,4,608,360,10,13,1,-1,-1,-1
144,5,607,376,10,13,1,-1,-1,-1
144,6,641,333,10,11,1,-1,-1,-1
144,7,647,343,11,13,1,-1,-1,-1
144,8,666,349,10,13,1,-1,-1,-1
144,9,671,372,10,17,1,-1,-1,-1
144,10,675,393,13,17,1,-1,-1,-1
144,11,638,318,10,13,1,-1,-1,-1
144,12,662,333,10,13,1,-1,-1,-1
144,13,654,320,10,13,1,-1,-1,-1
144,14,651,304,9,11,1,-1,-1,-1
144,15,637,306,10,11,1,-1,-1,-1
144,16,636,293,9,11,1,-1,-1,-1
144,17,649,293,10,9,1,-1,-1,-1
144,18,653,283,7,9,1,-1,-1,-1
144,23,702,259,9,9,1,-1,-1,-1
144,24,691,265,9,8,1,-1,-1,-1
144,25,731,288,11,8,1,-1,-1,-1
144,26,809,354,14,19,1,-1,-1,-1
144,27,654,387,10,15,1,-1,-1,-1
144,28,650,368,11,15,1,-1,-1,-1
144,29,647,356,13,13,1,-1,-1,-1
144,33,608,387,13,23,1,-1,-1,-1
144,34,589,383,14,21,1,-1,-1,-1
144,35,587,362,14,19,1,-1,-1,-1
144,36,714,304,10,11,1,-1,-1,-1
144,37,613,302,10,11,1,-1,-1,-1
144,38,722,351,10,13,1,-1,-1,-1
144,39,779,378,15,13,1,-1,-1,-1
144,40,659,275,10,11,1,-1,-1,-1
144,41,672,283,9,11,1,-1,-1,-1
145,0,572,349,19,11,1,-1,-1,-1
145,1,598,343,10,13,1,-1,-1,-1
145,2,612,339,10,13,1,-1,-1,-1
145,4,608,360,10,13,1,-1,-1,-1
145,5,607,374,10,13,1,-1,-1,-1
145,6,642,333,10,11,1,-1,-1,-1
145,7,647,343,11,13,1,-1,-1,-1
145,8,666,349,10,13,1,-1,-1,-1
145,9,671,370,10,17,1,-1,-1,-1
145,10,676,393,13,17,1,-1,-1,-1
145,11,640,316,10,13,1,-1,-1,-1
145,12,662,333,10,13,1,-1,-1,-1
145,13,654,320,10,13,1,-1,-1,-1
145,14,654,304,9,11,1,-1,-1,-1
145,15,637,308,10,11,1,-1,-1,-1
145,16,636,293,9,11,1,-1,-1,-1
145,17,649,293,10,9,1,-1,-1,-1
145,18,653,283,7,9,1,-1,-1,-1
145,23,701,258,9,10,1,-1,-1,-1
145,24,689,264,9,9,1,-1,-1,-1
145,25,730,285,11,10,1,-1,-1,-1
145,26,811,354,14,19,1,-1,-1,-1
145,27,656,387,10,15,1,-1,-1,-1
145,28,651,368,11,15,1,-1,-1,-1
145,29,649,356,13,13,1,-1,-1,-1
145,33,608,385,13,23,1,-1,-1,-1
145,34,589,383,14,21,1,-1,-1,-1
145,35,589,362,14,19,1,-1,-1,-1
145,36,713,304,10,11,1,-1,-1,-1
145,37,613,304,10,11,1,-1,-1,-1
145,38,722,349,10,13,1,-1,-1,-1
145,39,779,376,15,13,1,-1,-1,-1
145,40,659,275,10,11,1,-1,-1,-1
145,41,672,283,9,11,1,-1,-1,-1
146,0,570,349,19,11,1,-1,-1,-1
146,1,596,343,10,13,1,-1,-1,-1
146,2,612,339,10,13,1,-1,-1,-1
146,4,608,360,10,13,1,-1,-1,-1
146,5,607,374,10,13,1,-1,-1,-1
146,6,641,333,10,11,1,-1,-1,-1
146,7,647,343,11,13,1,-1,-1,-1
146,8,666,349,10,13,1,-1,-1,-1
146,9,671,372,10,17,1,-1,-1,-1
146,10,676,393,13,17,1,-1,-1,-1
146,11,638,318,10,13,1,-1,-1,-1
146,12,662,333,10,13,1,-1,-1,-1
146,13,655,320,10,13,1,-1,-1,-1
146,14,653,304,9,11,1,-1,-1,-1
146,15,637,306,10,11,1,-1,-1,-1
146,16,636,293,9,11,1,-1,-1,-1
146,17,649,293,10,9,1,-1,-1,-1
146,18,653,283,7,9,1,-1,-1,-1
146,23,701,260,9,8,1,-1,-1,-1
146,24,690,263,9,8,1,-1,-1,-1
146,25,728,283,11,11,1,-1,-1,-1
146,26,811,354,14,19,1,-1,-1,-1
146,27,655,387,10,15,1,-1,-1,-1
146,28,651,368,11,15,1,-1,-1,-1
146,29,647,356,13,13,1,-1,-1,-1
146,33,608,385,13,23,1,-1,-1,-1
146,34,589,383,14,21,1,-1,-1,-1
146,35,587,362,14,19,1,-1,-1,-1
146,36,713,302,10,11,1,-1,-1,-1
146,37,613,302,10,11,1,-1,-1,-1
146,38,722,349,10,13,1,-1,-1,-1
146,39,779,374,15,13,1,-1,-1,-1
146,40,659,275,10,11,1,-1,-1,-1
146,41,675,283,9,11,1,-1,-1,-1
147,0,572,349,19,11,1,-1,-1,-1
147,1,596,343,10,13,1,-1,-1,-1
147,2,612,339,10,13,1,-1,-1,-1
147,4,608,360,10,13,1,-1,-1,-1
147,5,609,375,10,13,1,-1,-1,-1
147,6,642,332,10,11,1,-1,-1,-1
147,7,647,343,11,13,1,-1,-1,-1
147,8,666,349,10,13,1,-1,-1,-1
147,9,672,373,12,15,1,-1,-1,-1
147,10,676,393,13,17,1,-1,-1,-1
147,11,638,318,10,13,1,-1,-1,-1
147,12,663,331,10,13,1,-1,-1,-1
147,13,655,320,10,13,1,-1,-1,-1
147,14,653,304,9,11,1,-1,-1,-1
147,15,637,308,10,11,1,-1,-1,-1
147,16,636,293,9,11,1,-1,-1,-1
147,17,649,293,10,9,1,-1,-1,-1
147,18,653,283,7,9,1,-1,-1,-1
147,23,702,258,8,9,1,-1,-1,-1
147,24,690,262,9,9,1,-1,-1,-1
147,25,729,283,11,11,1,-1,-1,-1
147,26,809,354,14,19,1,-1,-1,-1
147,27,655,387,10,15,1,-1,-1,-1
147,28,651,368,11,15,1,-1,-1,-1
147,29,649,356,13,13,1,-1,-1,-1
147,33,609,385,13,23,1,-1,-1,-1
147,34,589,383,14,21,1,-1,-1,-1
147,35,587,362,14,19,1,-1,-1,-1
147,36,713,302,10,11,1,-1,-1,-1
147,37,613,304,10,11,1,-1,-1,-1
147,38,722,347,10,13,1,-1,-1,-1
147,39,778,374,15,13,1,-1,-1,-1
147,40,659,277,10,11,1,-1,-1,-1
147,41,673,283,9,11,1,-1,-1,-1
148,0,570,349,19,11,1,-1,-1,-1
148,1,596,343,12,14,1,-1,-1,-1
148,2,611,338,12,14,1,-1,-1,-1
148,4,608,358,12,15,1,-1,-1,-1
148,5,608,375,13,14,1,-1,-1,-1
148,6,642,331,11,13,1,-1,-1,-1
148,7,647,343,13,13,1,-1,-1,-1
148,8,665,350,11,14,1,-1,-1,-1
148,9,671,372,11,15,1,-1,-1,-1
148,10,676,393,13,17,1,-1,-1,-1
148,11,639,318,10,13,1,-1,-1,-1
148,12,662,332,10,14,1,-1,-1,-1
148,13,654,319,11,14,1,-1,-1,-1
148,14,653,304,9,11,1,-1,-1,-1
148,15,638,308,10,11,1,-1,-1,-1
148,16,636,293,9,11,1,-1,-1,-1
148,17,649,294,10,9,1,-1,-1,-1
148,18,653,283,8,10,1,-1,-1,-1
148,23,701,258,9,8,1,-1,-1,-1
148,24,688,262,9,8,1,-1,-1,-1
148,25,727,283,11,11,1,-1,-1,-1
148,26,811,354,14,19,1,-1,-1,-1
148,27,656,389,10,15,1,-1,-1,-1
148,28,651,368,11,15,1,-1,-1,-1
148,29,649,356,13,13,1,-1,-1,-1
148,33,608,385,13,23,1,-1,-1,-1
148,34,589,381,14,21,1,-1,-1,-1
148,35,589,363,14,19,1,-1,-1,-1
148,36,711,302,10,11,1,-1,-1,-1
148,37,613,304,11,12,1,-1,-1,-1
148,38,720,347,10,13,1,-1,-1,-1
148,39,778,374,15,13,1,-1,-1,-1
148,40,659,277,10,11,1,-1,-1,-1
148,41,675,285,9,11,1,-1,-1,-1
149,0,569,349,19,11,1,-1,-1,-1
149,1,595,343,11,13,1,-1,-1,-1
149,2,611,337,11,13,1,-1,-1,-1
149,4,608,358,11,15,1,-1,-1,-1
149,5,608,374,13,13,1,-1,-1,-1
149,6,642,331,10,13,1,-1,-1,-1
149,7,646,343,13,13,1,-1,-1,-1
149,8,664,349,10,13,1,-1,-1,-1
149,9,672,372,11,15,1,-1,-1,-1
149,10,676,393,13,17,1,-1,-1,-1
149,11,638,318,10,13,1,-1,-1,-1
149,12,662,331,10,13,1,-1,-1,-1
149,13,654,318,10,13,1,-1,-1,-1
149,14,653,304,10,11,1,-1,-1,-1
149,15,637,306,11,12,1,-1,-1,-1
149,16,636,293,10,12,1,-1,-1,-1
149,17,649,293,11,10,1,-1,-1,-1
149,18,653,283,7,9,1,-1,-1,-1
149,25,728,283,11,9,1,-1,-1,-1
149,26,811,354,14,19,1,-1,-1,-1
149,27,655,387,10,15,1,-1,-1,-1
149,28,650,368,10,15,1,-1,-1,-1
149,29,649,356,13,13,1,-1,-1,-1
149,33,608,385,13,23,1,-1,-1,-1
149,34,589,381,14,21,1,-1,-1,-1
149,35,589,360,15,22,1,-1,-1,-1
149,36,711,300,10,11,1,-1,-1,-1
149,37,612,304,10,11,1,-1,-1,-1
149,38,722,347,10,13,1,-1,-1,-1
149,39,778,372,15,13,1,-1,-1,-1
149,40,660,277,10,11,1,-1,-1,-1
149,41,673,285,9,11,1,-1,-1,-1
150,0,569,349,19,11,1,-1,-1,-1
150,1,595,343,11,13,1,-1,-1,-1
150,2,611,337,11,13,1,-1,-1,-1
150,4,608,358,11,15,1,-1,-1,-1
150,5,608,374,13,13,1,-1,-1,-1
150,6,642,331,10,13,1,-1,-1,-1
150,7,646,343,13,13,1,-1,-1,-1
150,8,664,349,10,13,1,-1,-1,-1
150,9,672,374,11,15,1,-1,-1,-1
150,10,676,393,13,17,1,-1,-1,-1
150,11,638,318,10,13,1,-1,-1,-1
150,12,662,331,10,13,1,-1,-1,-1
150,13,654,318,10,13,1,-1,-1,-1
150,14,653,304,10,11,1,-1,-1,-1
150,15,637,306,10,11,1,-1,-1,-1
150,16,636,293,10,11,1,-1,-1,-1
150,17,649,293,10,9,1,-1,-1,-1
150,18,653,283,7,9,1,-1,-1,-1
150,25,728,283,11,9,1,-1,-1,-1
150,26,811,354,14,19,1,-1,-1,-1
150,27,656,387,10,15,1,-1,-1,-1
150,28,650,368,10,15,1,-1,-1,-1
150,29,649,356,13,13,1,-1,-1,-1
150,33,608,385,13,23,1,-1,-1,-1
150,34,590,381,14,21,1,-1,-1,-1
150,35,589,360,14,21,1,-1,-1,-1
150,36,711,300,10,11,1,-1,-1,-1
150,37,612,304,10,11,1,-1,-1,-1
150,38,719,345,10,13,1,-1,-1,-1
150,39,778,372,15,13,1,-1,-1,-1
150,40,662,277,10,11,1,-1,-1,-1
150,41,675,285,9,11,1,-1,-1,-1
151,0,569,349,19,11,1,-1,-1,-1
151,1,595,343,11,13,1,-1,-1,-1
151,2,611,337,11,13,1,-1,-1,-1
151,4,608,358,11,15,1,-1,-1,-1
151,5,608,374,13,13,1,-1,-1,-1
151,6,642,331,10,13,1,-1,-1,-1
151,7,646,343,13,13,1,-1,-1,-1
151,8,666,351,10,13,1,-1,-1,-1
151,9,672,372,11,15,1,-1,-1,-1
151,10,677,394,13,17,1,-1,-1,-1
151,11,638,318,10,13,1,-1,-1,-1
151,12,662,331,10,13,1,-1,-1,-1
151,13,654,318,10,13,1,-1,-1,-1
151,14,653,304,10,11,1,-1,-1,-1
151,15,637,306,10,11,1,-1,-1,-1
151,16,636,293,10,11,1,-1,-1,-1
151,17,649,293,10,9,1,-1,-1,-1
151,18,653,283,7,9,1,-1,-1,-1
151,25,727,281,11,11,1,-1,-1,-1
151,26,811,354,14,19,1,-1,-1,-1
151,27,655,387,10,15,1,-1,-1,-1
151,28,650,368,10,15,1,-1,-1,-1
151,29,649,356,13,13,1,-1,-1,-1
151,33,608,385,13,23,1,-1,-1,-1
151,34,589,381,14,21,1,-1,-1,-1
151,35,589,360,14,21,1,-1,-1,-1
151,36,711,298,10,11,1,-1,-1,-1
151,37,612,304,10,11,1,-1,-1,-1
151,38,720,345,10,13,1,-1,-1,-1
151,39,778,371,14,14,1,-1,-1,-1
151,40,662,277,10,11,1,-1,-1,-1
151,41,675,287,9,11,1,-1,-1,-1
152,0,569,349,19,11,1,-1,-1,-1
152,1,595,343,11,13,1,-1,-1,-1
152,2,612,337,11,13,1,-1,-1,-1
152,4,608,358,11,15,1,-1,-1,-1
152,5,608,374,13,13,1,-1,-1,-1
152,6,642,331,10,13,1,-1,-1,-1
152,7,646,343,13,13,1,-1,-1,-1
152,8,664,351,10,13,1,-1,-1,-1
152,9,672,372,11,15,1,-1,-1,-1
152,10,676,393,13,17,1,-1,-1,-1
152,11,638,318,10,13,1,-1,-1,-1
152,12,662,331,10,13,1,-1,-1,-1
152,13,654,318,10,13,1,-1,-1,-1
152,14,653,304,10,11,1,-1,-1,-1
152,15,637,306,10,11,1,-1,-1,-1
152,16,636,293,10,11,1,-1,-1,-1
152,17,649,293,10,9,1,-1,-1,-1
152,18,653,283,7,9,1,-1,-1,-1
152,25,727,281,11,11,1,-1,-1,-1
152,26,812,354,14,19,1,-1,-1,-1
152,27,655,386,12,19,1,-1,-1,-1
152,28,650,368,10,15,1,-1,-1,-1
152,29,649,356,13,13,1,-1,-1,-1
152,33,608,385,13,23,1,-1,-1,-1
152,34,589,381,14,21,1,-1,-1,-1
152,35,589,360,14,21,1,-1,-1,-1
152,36,710,298,10,11,1,-1,-1,-1
152,37,612,304,10,11,1,-1,-1,-1
152,38,719,345,10,13,1,-1,-1,-1
152,39,778,370,14,13,1,-1,-1,-1
152,40,662,279,10,11,1,-1,-1,-1
152,41,675,287,9,11,1,-1,-1,-1
152,42,837,408,18,11,1,-1,-1,-1
153,0,569,347,19,11,1,-1,-1,-1
153,1,596,343,11,13,1,-1,-1,-1
153,2,612,339,11,13,1,-1,-1,-1
153,4,608,358,11,15,1,-1,-1,-1
153,5,608,374,13,13,1,-1,-1,-1
153,6,642,331,10,13,1,-1,-1,-1
153,7,647,343,13,13,1,-1,-1,-1
153,8,666,351,10,13,1,-1,-1,-1
153,9,672,374,11,15,1,-1,-1,-1
153,10,676,393,13,17,1,-1,-1,-1
153,11,638,318,10,13,1,-1,-1,-1
153,12,662,331,10,13,1,-1,-1,-1
153,13,654,320,10,13,1,-1,-1,-1
153,14,653,304,10,11,1,-1,-1,-1
153,15,637,306,10,11,1,-1,-1,-1
153,16,636,293,10,11,1,-1,-1,-1
153,17,649,293,10,9,1,-1,-1,-1
153,18,654,283,7,9,1,-1,-1,-1
153,25,727,279,11,11,1,-1,-1,-1
153,26,811,354,14,19,1,-1,-1,-1
153,27,654,385,11,19,1,-1,-1,-1
153,28,650,368,10,15,1,-1,-1,-1
153,29,649,356,13,13,1,-1,-1,-1
153,33,608,385,13,23,1,-1,-1,-1
153,34,589,381,14,21,1,-1,-1,-1
153,35,589,360,14,21,1,-1,-1,-1
153,36,710,298,10,11,1,-1,-1,-1
153,37,612,306,10,11,1,-1,-1,-1
153,38,719,343,10,13,1,-1,-1,-1
153,39,778,370,14,13,1,-1,-1,-1
153,40,662,279,10,11,1,-1,-1,-1
153,41,676,287,9,11,1,-1,-1,-1
153,42,837,408,18,11,1,-1,-1,-1
154,0,569,349,19,11,1,-1,-1,-1
154,1,596,343,11,13,1,-1,-1,-1
154,2,612,339,11,13,1,-1,-1,-1
154,4,608,358,11,15,1,-1,-1,-1
154,5,608,376,13,13,1,-1,-1,-1
154,6,642,331,10,13,1,-1,-1,-1
154,7,646,343,13,13,1,-1,-1,-1
154,8,666,351,10,13,1,-1,-1,-1
154,9,672,374,11,15,1,-1,-1,-1
154,10,676,393,13,17,1,-1,-1,-1
154,11,640,318,10,13,1,-1,-1,-1
154,12,663,331,10,13,1,-1,-1,-1
154,13,654,320,10,13,1,-1,-1,-1
154,14,653,304,10,11,1,-1,-1,-1
154,15,637,306,10,11,1,-1,-1,-1
154,16,636,293,10,11,1,-1,-1,-1
154,17,649,293,10,9,1,-1,-1,-1
154,18,654,283,7,9,1,-1,-1,-1
154,25,727,280,11,9,1,-1,-1,-1
154,26,811,354,14,19,1,-1,-1,-1
154,27,654,385,11,19,1,-1,-1,-1
154,28,651,368,10,15,1,-1,-1,-1
154,29,650,356,13,13,1,-1,-1,-1
154,33,609,385,13,23,1,-1,-1,-1
154,34,590,381,14,21,1,-1,-1,-1
154,35,589,360,14,21,1,-1,-1,-1
154,36,710,297,10,11,1,-1,-1,-1
154,37,612,306,10,11,1,-1,-1,-1
154,38,719,343,10,13,1,-1,-1,-1
154,39,777,370,14,13,1,-1,-1,-1
154,40,662,279,10,11,1,-1,-1,-1
154,41,676,287,9,11,1,-1,-1,-1
154,42,837,406,18,11,1,-1,-1,-1
155,0,569,347,19,11,1,-1,-1,-1
155,1,596,343,11,13,1,-1,-1,-1
155,2,612,339,11,13,1,-1,-1,-1
155,4,608,358,11,15,1,-1,-1,-1
155,5,608,376,13,13,1,-1,-1,-1
155,6,642,331,10,13,1,-1,-1,-1
155,7,646,343,13,13,1,-1,-1,-1
155,8,666,351,10,13,1,-1,-1,-1
155,9,672,374,11,15,1,-1,-1,-1
155,10,676,393,13,17,1,-1,-1,-1
155,11,640,318,10,13,1,-1,-1,-1
155,12,663,331,10,13,1,-1,-1,-1
155,13,654,320,10,13,1,-1,-1,-1
155,14,654,304,10,11,1,-1,-1,-1
155,15,637,306,10,11,1,-1,-1,-1
155,16,636,293,10,11,1,-1,-1,-1
155,17,649,293,10,9,1,-1,-1,-1
155,18,654,283,7,9,1,-1,-1,-1
155,25,727,279,10,9,1,-1,-1,-1
155,26,811,354,14,19,1,-1,-1,-1
155,27,654,385,11,19,1,-1,-1,-1
155,28,650,368,10,15,1,-1,-1,-1
155,29,649,356,13,13,1,-1,-1,-1
155,33,608,385,13,23,1,-1,-1,-1
155,34,590,381,14,21,1,-1,-1,-1
155,35,590,360,14,21,1,-1,-1,-1
155,36,710,297,10,11,1,-1,-1,-1
155,37,612,306,10,11,1,-1,-1,-1
155,38,719,341,10,13,1,-1,-1,-1
155,39,777,368,14,13,1,-1,-1,-1
155,40,662,279,10,11,1,-1,-1,-1
155,41,676,289,9,11,1,-1,-1,-1
155,42,835,406,18,11,1,-1,-1,-1
156,0,569,347,19,11,1,-1,-1,-1
156,1,596,343,11,13,1,-1,-1,-1
156,2,612,337,11,13,1,-1,-1,-1
156,4,608,358,11,15,1,-1,-1,-1
156,5,608,376,13,13,1,-1,-1,-1
156,6,642,331,10,13,1,-1,-1,-1
156,7,647,343,13,13,1,-1,-1,-1
156,8,666,351,10,13,1,-1,-1,-1
156,9,672,374,11,15,1,-1,-1,-1
156,10,676,393,13,17,1,-1,-1,-1
156,11,640,318,10,13,1,-1,-1,-1
156,12,663,331,10,13,1,-1,-1,-1
156,13,654,320,10,13,1,-1,-1,-1
156,14,654,304,10,11,1,-1,-1,-1
156,15,637,306,10,11,1,-1,-1,-1
156,16,637,293,10,11,1,-1,-1,-1
156,17,650,293,10,9,1,-1,-1,-1
156,18,654,283,7,9,1,-1,-1,-1
156,25,726,279,10,9,1,-1,-1,-1
156,26,812,356,13,17,1,-1,-1,-1
156,27,654,387,11,19,1,-1,-1,-1
156,28,650,368,10,15,1,-1,-1,-1
156,29,649,356,13,13,1,-1,-1,-1
156,33,608,385,13,23,1,-1,-1,-1
156,34,590,379,14,21,1,-1,-1,-1
156,35,589,360,14,21,1,-1,-1,-1
156,36,710,295,10,11,1,-1,-1,-1
156,37,612,306,10,11,1,-1,-1,-1
156,38,718,341,10,13,1,-1,-1,-1
156,39,775,368,14,13,1,-1,-1,-1
156,40,663,281,10,11,1,-1,-1,-1
156,41,676,289,9,11,1,-1,-1,-1
156,42,835,406,18,13,1,-1,-1,-1
157,0,569,347,19,11,1,-1,-1,-1
157,1,596,343,11,13,1,-1,-1,-1
157,2,612,339,11,13,1,-1,-1,-1
157,4,608,358,11,15,1,-1,-1,-1
157,5,608,376,13,13,1,-1,-1,-1
157,6,642,329,10,13,1,-1,-1,-1
157,7,646,343,13,13,1,-1,-1,-1
157,8,666,351,10,13,1,-1,-1,-1
157,9,672,374,11,15,1,-1,-1,-1
157,10,677,393,13,17,1,-1,-1,-1
157,11,640,318,10,13,1,-1,-1,-1
157,12,663,333,10,13,1,-1,-1,-1
157,13,654,320,10,13,1,-1,-1,-1
157,14,654,304,10,11,1,-1,-1,-1
157,15,637,306,10,11,1,-1,-1,-1
157,16,637,293,10,11,1,-1,-1,-1
157,17,649,293,10,9,1,-1,-1,-1
157,18,654,283,7,9,1,-1,-1,-1
157,25,726,277,10,9,1,-1,-1,-1
157,26,812,356,13,17,1,-1,-1,-1
157,27,655,385,11,19,1,-1,-1,-1
157,28,651,368,10,15,1,-1,-1,-1
157,29,650,354,13,13,1,-1,-1,-1
157,33,609,385,13,23,1,-1,-1,-1
157,34,589,381,14,21,1,-1,-1,-1
157,35,589,360,14,21,1,-1,-1,-1
157,36,710,295,10,11,1,-1,-1,-1
157,37,612,306,10,11,1,-1,-1,-1
157,38,718,339,10,13,1,-1,-1,-1
157,39,775,366,14,13,1,-1,-1,-1
157,40,662,281,10,11,1,-1,-1,-1
157,41,676,289,9,11,1,-1,-1,-1
157,42,834,406,19,13,1,-1,-1,-1
158,0,569,347,19,11,1,-1,-1,-1
158,1,596,343,11,13,1,-1,-1,-1
158,2,612,339,11,13,1,-1,-1,-1
158,4,608,358,11,15,1,-1,-1,-1
158,5,608,376,13,13,1,-1,-1,-1
158,6,642,331,10,13,1,-1,-1,-1
158,7,647,343,13,13,1,-1,-1,-1
158,8,666,352,10,13,1,-1,-1,-1
158,9,673,374,11,15,1,-1,-1,-1
158,10,676,393,13,17,1,-1,-1,-1
158,11,640,318,10,13,1,-1,-1,-1
158,12,663,333,10,13,1,-1,-1,-1
158,13,654,320,10,13,1,-1,-1,-1
158,14,653,304,10,11,1,-1,-1,-1
158,15,637,306,10,11,1,-1,-1,-1
158,16,637,293,10,11,1,-1,-1,-1
158,17,649,293,10,9,1,-1,-1,-1
158,18,653,283,7,9,1,-1,-1,-1
158,25,724,277,10,9,1,-1,-1,-1
158,26,812,356,13,17,1,-1,-1,-1
158,27,655,385,11,19,1,-1,-1,-1
158,28,650,368,10,15,1,-1,-1,-1
158,29,649,356,13,13,1,-1,-1,-1
158,33,608,385,13,23,1,-1,-1,-1
158,34,590,381,14,21,1,-1,-1,-1
158,35,590,360,14,21,1,-1,-1,-1
158,36,710,295,10,11,1,-1,-1,-1
158,37,612,306,10,11,1,-1,-1,-1
158,38,718,339,10,13,1,-1,-1,-1
158,39,775,366,14,13,1,-1,-1,-1
158,40,662,281,10,11,1,-1,-1,-1
158,41,676,289,9,11,1,-1,-1,-1
158,42,834,404,18,13,1,-1,-1,-1
159,0,569,347,19,11,1,-1,-1,-1
159,1,595,343,11,13,1,-1,-1,-1
159,2,612,339,11,13,1,-1,-1,-1
159,4,608,358,11,15,1,-1,-1,-1
159,5,608,376,13,13,1,-1,-1,-1
159,6,642,331,10,13,1,-1,-1,-1
159,7,646,343,13,13,1,-1,-1,-1
159,8,666,352,10,13,1,-1,-1,-1
159,9,673,374,11,15,1,-1,-1,-1
159,10,676,393,13,17,1,-1,-1,-1
159,11,640,318,10,13,1,-1,-1,-1
159,12,663,333,10,13,1,-1,-1,-1
159,13,654,320,10,13,1,-1,-1,-1
159,14,654,304,10,11,1,-1,-1,-1
159,15,637,306,10,11,1,-1,-1,-1
159,16,637,295,10,11,1,-1,-1,-1
159,17,649,293,10,9,1,-1,-1,-1
159,18,653,283,7,9,1,-1,-1,-1
159,25,724,277,10,9,1,-1,-1,-1
159,26,812,356,13,17,1,-1,-1,-1
159,27,654,385,11,19,1,-1,-1,-1
159,28,651,368,10,15,1,-1,-1,-1
159,29,650,356,13,13,1,-1,-1,-1
159,33,609,383,13,23,1,-1,-1,-1
159,34,590,379,14,21,1,-1,-1,-1
159,35,589,360,14,21,1,-1,-1,-1
159,36,709,293,10,11,1,-1,-1,-1
159,37,612,306,10,11,1,-1,-1,-1
159,38,718,337,10,13,1,-1,-1,-1
159,39,774,366,14,13,1,-1,-1,-1
159,40,663,281,10,11,1,-1,-1,-1
159,41,677,289,9,11,1,-1,-1,-1
159,42,834,404,18,13,1,-1,-1,-1
160,0,569,347,19,11,1,-1,-1,-1
160,1,596,343,11,13,1,-1,-1,-1
160,2,612,337,11,13,1,-1,-1,-1
160,4,608,358,11,15,1,-1,-1,-1
160,5,608,374,13,13,1,-1,-1,-1
160,6,642,329,10,13,1,-1,-1,-1
160,7,647,341,13,13,1,-1,-1,-1
160,8,666,351,10,13,1,-1,-1,-1
160,9,673,374,11,15,1,-1,-1,-1
160,10,676,393,13,17,1,-1,-1,-1
160,11,640,318,10,13,1,-1,-1,-1
160,12,663,331,10,13,1,-1,-1,-1
160,13,654,320,10,13,1,-1,-1,-1
160,14,654,304,10,11,1,-1,-1,-1
160,15,637,306,10,11,1,-1,-1,-1
160,16,637,295,10,11,1,-1,-1,-1
160,17,650,293,10,9,1,-1,-1,-1
160,18,654,283,7,9,1,-1,-1,-1
160,25,724,275,10,9,1,-1,-1,-1
160,26,812,354,13,17,1,-1,-1,-1
160,27,655,387,11,19,1,-1,-1,-1
160,28,651,368,10,15,1,-1,-1,-1
160,29,649,354,13,13,1,-1,-1,-1
160,33,608,385,13,23,1,-1,-1,-1
160,34,589,381,14,21,1,-1,-1,-1
160,35,590,360,14,21,1,-1,-1,-1
160,36,709,293,10,11,1,-1,-1,-1
160,37,612,306,10,11,1,-1,-1,-1
160,38,718,337,10,13,1,-1,-1,-1
160,39,774,364,14,13,1,-1,-1,-1
160,40,663,281,10,11,1,-1,-1,-1
160,41,676,291,9,11,1,-1,-1,-1
160,42,834,403,18,14,1,-1,-1,-1
161,0,569,347,19,11,1,-1,-1,-1
161,1,598,343,11,13,1,-1,-1,-1
161,2,612,337,11,13,1,-1,-1,-1
161,4,608,358,11,15,1,-1,-1,-1
161,5,608,374,13,13,1,-1,-1,-1
161,6,642,331,10,13,1,-1,-1,-1
161,7,647,341,13,13,1,-1,-1,-1
161,8,667,352,10,13,1,-1,-1,-1
161,9,673,372,11,15,1,-1,-1,-1
161,10,676,393,13,17,1,-1,-1,-1
161,11,640,316,10,13,1,-1,-1,-1
161,12,663,331,10,13,1,-1,-1,-1
161,13,654,318,10,13,1,-1,-1,-1
161,14,654,304,10,11,1,-1,-1,-1
161,15,637,306,10,11,1,-1,-1,-1
161,16,637,293,10,11,1,-1,-1,-1
161,17,650,293,10,9,1,-1,-1,-1
161,18,654,283,7,9,1,-1,-1,-1
161,25,724,275,10,9,1,-1,-1,-1
161,26,812,354,13,17,1,-1,-1,-1
161,27,655,385,11,19,1,-1,-1,-1
161,28,651,368,10,15,1,-1,-1,-1
161,29,650,354,13,13,1,-1,-1,-1
161,33,609,383,13,23,1,-1,-1,-1
161,34,590,379,14,21,1,-1,-1,-1
161,35,589,360,14,21,1,-1,-1,-1
161,36,709,291,10,11,1,-1,-1,-1
161,37,612,306,10,11,1,-1,-1,-1
161,38,717,337,10,13,1,-1,-1,-1
161,39,774,364,14,13,1,-1,-1,-1
161,40,663,283,10,11,1,-1,-1,-1
161,41,677,291,9,11,1,-1,-1,-1
161,42,834,403,18,13,1,-1,-1,-1
162,0,568,345,19,11,1,-1,-1,-1
162,1,596,341,11,13,1,-1,-1,-1
162,2,612,337,11,13,1,-1,-1,-1
162,4,608,358,11,15,1,-1,-1,-1
162,5,608,374,13,13,1,-1,-1,-1
162,6,642,329,10,13,1,-1,-1,-1
162,7,646,343,13,13,1,-1,-1,-1
162,8,666,352,10,13,1,-1,-1,-1
162,9,673,374,11,15,1,-1,-1,-1
162,10,678,393,13,17,1,-1,-1,-1
162,11,640,318,10,13,1,-1,-1,-1
162,12,663,331,10,13,1,-1,-1,-1
162,13,654,320,10,13,1,-1,-1,-1
162,14,654,304,10,11,1,-1,-1,-1
162,15,637,306,10,11,1,-1,-1,-1
162,16,637,293,10,11,1,-1,-1,-1
162,17,649,293,10,9,1,-1,-1,-1
162,18,654,283,7,9,1,-1,-1,-1
162,25,723,275,10,9,1,-1,-1,-1
162,26,812,356,13,17,1,-1,-1,-1
162,27,655,385,11,19,1,-1,-1,-1
162,28,651,368,10,15,1,-1,-1,-1
162,29,649,354,13,13,1,-1,-1,-1
162,33,609,383,13,23,1,-1,-1,-1
162,34,590,379,14,21,1,-1,-1,-1
162,35,590,358,14,21,1,-1,-1,-1
162,36,709,291,10,11,1,-1,-1,-1
162,37,612,306,10,11,1,-1,-1,-1
162,38,717,335,10,13,1,-1,-1,-1
162,39,774,362,14,13,1,-1,-1,-1
162,40,663,283,10,11,1,-1,-1,-1
162,41,679,291,9,11,1,-1,-1,-1
162,42,833,403,18,14,1,-1,-1,-1
163,0,572,344,15,13,1,-1,-1,-1
163,1,596,343,11,13,1,-1,-1,-1
163,2,612,337,11,13,1,-1,-1,-1
163,4,609,358,11,15,1,-1,-1,-1
163,5,608,374,13,13,1,-1,-1,-1
163,6,642,329,10,13,1,-1,-1,-1
163,7,647,341,13,13,1,-1,-1,-1
163,8,667,352,10,13,1,-1,-1,-1
163,9,673,374,11,15,1,-1,-1,-1
163,10,677,393,13,17,1,-1,-1,-1
163,11,640,316,10,13,1,-1,-1,-1
163,12,663,333,10,13,1,-1,-1,-1
163,13,654,320,10,13,1,-1,-1,-1
163,14,654,304,10,11,1,-1,-1,-1
163,15,637,306,10,11,1,-1,-1,-1
163,16,637,295,10,11,1,-1,-1,-1
163,17,650,293,10,9,1,-1,-1,-1
163,18,654,283,7,9,1,-1,-1,-1
163,25,723,273,10,9,1,-1,-1,-1
163,26,812,354,13,17,1,-1,-1,-1
163,27,655,385,11,19,1,-1,-1,-1
163,28,650,368,10,15,1,-1,-1,-1
163,29,650,354,13,13,1,-1,-1,-1
163,33,609,383,13,23,1,-1,-1,-1
163,34,590,379,14,21,1,-1,-1,-1
163,35,589,358,14,21,1,-1,-1,-1
163,36,707,289,10,11,1,-1,-1,-1
163,37,612,306,10,11,1,-1,-1,-1
163,38,717,335,10,13,1,-1,-1,-1
163,39,774,362,14,13,1,-1,-1,-1
163,40,663,283,10,11,1,-1,-1,-1
163,41,677,291,9,11,1,-1,-1,-1
163,42,833,403,18,13,1,-1,-1,-1
164,0,570,343,17,14,1,-1,-1,-1
164,1,596,341,11,13,1,-1,-1,-1
164,2,612,337,11,13,1,-1,-1,-1
164,4,608,358,11,15,1,-1,-1,-1
164,5,608,374,13,13,1,-1,-1,-1
164,6,642,329,10,13,1,-1,-1,-1
164,7,647,341,13,13,1,-1,-1,-1
164,8,666,352,10,13,1,-1,-1,-1
164,9,673,374,11,15,1,-1,-1,-1
164,10,676,393,13,17,1,-1,-1,-1
164,11,641,316,10,13,1,-1,-1,-1
164,12,663,331,10,13,1,-1,-1,-1
164,13,654,320,10,13,1,-1,-1,-1
164,14,654,304,10,11,1,-1,-1,-1
164,15,637,306,10,11,1,-1,-1,-1
164,16,637,293,10,11,1,-1,-1,-1
164,17,650,293,10,9,1,-1,-1,-1
164,18,654,283,7,9,1,-1,-1,-1
164,25,723,273,10,9,1,-1,-1,-1
164,26,812,354,13,17,1,-1,-1,-1
164,27,655,385,11,19,1,-1,-1,-1
164,28,651,368,10,15,1,-1,-1,-1
164,29,650,354,13,13,1,-1,-1,-1
164,33,608,383,13,23,1,-1,-1,-1
164,34,590,379,14,21,1,-1,-1,-1
164,35,590,358,14,21,1,-1,-1,-1
164,36,707,289,10,11,1,-1,-1,-1
164,37,612,306,10,11,1,-1,-1,-1
164,38,717,333,10,13,1,-1,-1,-1
164,39,773,360,14,13,1,-1,-1,-1
164,40,663,283,10,11,1,-1,-1,-1
164,41,679,293,9,11,1,-1,-1,-1
164,42,833,403,18,13,1,-1,-1,-1
165,0,570,346,16,11,1,-1,-1,-1
165,1,596,341,11,13,1,-1,-1,-1
165,2,612,337,11,13,1,-1,-1,-1
165,4,608,356,11,15,1,-1,-1,-1
165,5,608,374,13,13,1,-1,-1,-1
165,6,642,329,10,13,1,-1,-1,-1
165,7,647,341,13,13,1,-1,-1,-1
165,8,667,352,10,13,1,-1,-1,-1
165,9,673,372,11,15,1,-1,-1,-1
165,10,676,393,13,17,1,-1,-1,-1
165,11,640,316,10,13,1,-1,-1,-1
165,12,663,331,10,13,1,-1,-1,-1
165,13,654,318,10,13,1,-1,-1,-1
165,14,654,302,10,11,1,-1,-1,-1
165,15,637,306,10,11,1,-1,-1,-1
165,16,637,293,10,11,1,-1,-1,-1
165,17,650,293,10,9,1,-1,-1,-1
165,18,654,283,7,9,1,-1,-1,-1
165,25,723,273,10,9,1,-1,-1,-1
165,26,812,354,13,17,1,-1,-1,-1
165,27,655,385,11,19,1,-1,-1,-1
165,28,651,366,10,15,1,-1,-1,-1
165,29,650,354,13,13,1,-1,-1,-1
165,33,609,383,13,23,1,-1,-1,-1
165,34,590,379,14,21,1,-1,-1,-1
165,35,590,358,14,21,1,-1,-1,-1
165,36,707,287,10,11,1,-1,-1,-1
165,37,612,306,10,11,1,-1,-1,-1
165,38,715,333,10,13,1,-1,-1,-1
165,39,771,358,14,13,1,-1,-1,-1
165,40,663,283,10,11,1,-1,-1,-1
165,41,679,293,9,11,1,-1,-1,-1
165,42,832,401,18,13,1,-1,-1,-1
166,0,571,345,17,13,1,-1,-1,-1
166,1,596,341,11,13,1,-1,-1,-1
166,2,612,339,11,13,1,-1,-1,-1
166,4,608,356,11,15,1,-1,-1,-1
166,5,608,374,13,13,1,-1,-1,-1
166,6,642,329,10,13,1,-1,-1,-1
166,7,647,341,13,13,1,-1,-1,-1
166,8,667,352,10,13,1,-1,-1,-1
166,9,673,372,11,15,1,-1,-1,-1
166,10,677,391,13,17,1,-1,-1,-1
166,11,640,316,10,13,1,-1,-1,-1
166,12,663,331,10,13,1,-1,-1,-1
166,13,654,318,10,13,1,-1,-1,-1
166,14,654,304,10,11,1,-1,-1,-1
166,15,637,304,10,11,1,-1,-1,-1
166,16,637,293,10,11,1,-1,-1,-1
166,17,650,293,10,9,1,-1,-1,-1
166,18,654,283,7,9,1,-1,-1,-1
166,25,722,273,10,9,1,-1,-1,-1
166,26,812,354,13,17,1,-1,-1,-1
166,27,656,385,11,19,1,-1,-1,-1
166,28,651,366,10,15,1,-1,-1,-1
166,29,650,354,13,13,1,-1,-1,-1
166,33,609,383,13,23,1,-1,-1,-1
166,34,590,379,14,21,1,-1,-1,-1
166,35,589,358,14,21,1,-1,-1,-1
166,36,706,287,10,11,1,-1,-1,-1
166,37,612,306,10,11,1,-1,-1,-1
166,38,715,331,10,13,1,-1,-1,-1
166,39,771,358,14,13,1,-1,-1,-1
166,40,663,285,10,11,1,-1,-1,-1
166,41,679,293,9,11,1,-1,-1,-1
166,42,832,401,18,13,1,-1,-1,-1
167,0,571,343,15,13,1,-1,-1,-1
167,1,598,341,11,13,1,-1,-1,-1
167,2,612,337,11,13,1,-1,-1,-1
167,4,608,356,11,15,1,-1,-1,-1
167,5,608,374,13,13,1,-1,-1,-1
167,6,642,329,10,13,1,-1,-1,-1
167,7,647,341,13,13,1,-1,-1,-1
167,8,667,352,10,13,1,-1,-1,-1
167,9,673,372,11,15,1,-1,-1,-1
167,10,676,391,13,17,1,-1,-1,-1
167,11,640,316,10,13,1,-1,-1,-1
167,12,663,331,10,13,1,-1,-1,-1
167,13,655,318,10,13,1,-1,-1,-1
167,14,654,304,10,11,1,-1,-1,-1
167,15,637,306,10,11,1,-1,-1,-1
167,16,637,293,10,11,1,-1,-1,-1
167,17,650,291,10,9,1,-1,-1,-1
167,18,654,283,7,9,1,-1,-1,-1
167,25,723,271,10,9,1,-1,-1,-1
167,26,812,354,13,17,1,-1,-1,-1
167,27,656,385,11,19,1,-1,-1,-1
167,28,653,366,10,15,1,-1,-1,-1
167,29,650,354,13,13,1,-1,-1,-1
167,33,609,383,13,23,1,-1,-1,-1
167,34,590,379,14,21,1,-1,-1,-1
167,35,590,358,14,21,1,-1,-1,-1
167,36,706,285,10,11,1,-1,-1,-1
167,37,612,306,10,11,1,-1,-1,-1
167,38,715,331,10,13,1,-1,-1,-1
167,39,771,358,14,13,1,-1,-1,-1
167,40,663,283,10,11,1,-1,-1,-1
167,41,680,293,9,11,1,-1,-1,-1
167,42,830,401,18,13,1,-1,-1,-1
168,0,571,343,15,13,1,-1,-1,-1
168,1,598,341,11,13,1,-1,-1,-1
168,2,612,337,11,13,1,-1,-1,-1
168,4,608,356,11,15,1,-1,-1,-1
168,5,608,374,13,13,1,-1,-1,-1
168,6,642,329,10,13,1,-1,-1,-1
168,7,647,341,13,13,1,-1,-1,-1
168,8,667,352,10,13,1,-1,-1,-1
168,9,675,374,11,15,1,-1,-1,-1
168,10,677,391,13,17,1,-1,-1,-1
168,11,640,316,10,13,1,-1,-1,-1
168,12,663,331,10,13,1,-1,-1,-1
168,13,654,318,10,13,1,-1,-1,-1
168,14,654,302,10,11,1,-1,-1,-1
168,15,637,304,10,11,1,-1,-1,-1
168,16,637,293,10,11,1,-1,-1,-1
168,17,650,293,10,9,1,-1,-1,-1
168,18,654,281,7,9,1,-1,-1,-1
168,25,722,271,10,9,1,-1,-1,-1
168,26,812,354,13,17,1,-1,-1,-1
168,27,656,385,11,19,1,-1,-1,-1
168,28,651,366,10,15,1,-1,-1,-1
168,29,650,354,13,13,1,-1,-1,-1
168,33,609,383,13,23,1,-1,-1,-1
168,34,590,379,14,21,1,-1,-1,-1
168,35,590,358,14,21,1,-1,-1,-1
168,36,706,285,10,11,1,-1,-1,-1
168,37,612,306,10,11,1,-1,-1,-1
168,38,715,329,10,13,1,-1,-1,-1
168,39,770,356,14,13,1,-1,-1,-1
168,40,664,285,10,11,1,-1,-1,-1
168,41,680,293,9,11,1,-1,-1,-1
168,42,830,399,18,13,1,-1,-1,-1
169,0,570,343,16,13,1,-1,-1,-1
169,1,598,341,11,13,1,-1,-1,-1
169,2,612,337,11,13,1,-1,-1,-1
169,4,608,356,11,15,1,-1,-1,-1
169,5,608,374,13,13,1,-1,-1,-1
169,6,642,329,10,13,1,-1,-1,-1
169,7,647,341,13,13,1,-1,-1,-1
169,8,667,351,10,13,1,-1,-1,-1
169,9,673,372,11,15,1,-1,-1,-1
169,10,677,391,13,17,1,-1,-1,-1
169,11,640,316,10,13,1,-1,-1,-1
169,12,663,331,10,13,1,-1,-1,-1
169,13,655,318,10,13,1,-1,-1,-1
169,14,654,302,10,11,1,-1,-1,-1
169,15,637,304,10,11,1,-1,-1,-1
169,16,637,293,10,11,1,-1,-1,-1
169,17,650,293,10,9,1,-1,-1,-1
169,18,654,283,7,9,1,-1,-1,-1
169,25,720,270,10,9,1,-1,-1,-1
169,26,812,354,13,17,1,-1,-1,-1
169,27,656,385,11,19,1,-1,-1,-1
169,28,651,366,10,15,1,-1,-1,-1
169,29,650,354,13,13,1,-1,-1,-1
169,33,609,381,13,23,1,-1,-1,-1
169,34,590,378,14,21,1,-1,-1,-1
169,35,590,358,14,21,1,-1,-1,-1
169,36,706,283,10,11,1,-1,-1,-1
169,37,612,306,10,11,1,-1,-1,-1
169,38,714,329,10,13,1,-1,-1,-1
169,39,770,356,14,13,1,-1,-1,-1
169,40,664,285,10,11,1,-1,-1,-1
169,41,680,295,9,11,1,-1,-1,-1
169,42,830,399,18,13,1,-1,-1,-1
170,0,572,343,14,12,1,-1,-1,-1
170,1,598,341,11,13,1,-1,-1,-1
170,2,612,337,11,13,1,-1,-1,-1
170,4,609,356,11,15,1,-1,-1,-1
170,5,608,372,13,13,1,-1,-1,-1
170,6,642,327,10,13,1,-1,-1,-1
170,7,647,341,13,13,1,-1,-1,-1
170,8,667,351,10,13,1,-1,-1,-1
170,9,673,372,11,15,1,-1,-1,-1
170,10,677,391,13,17,1,-1,-1,-1
170,11,640,316,10,13,1,-1,-1,-1
170,12,663,331,10,13,1,-1,-1,-1
170,13,654,318,10,13,1,-1,-1,-1
170,14,654,302,10,11,1,-1,-1,-1
170,15,637,304,10,11,1,-1,-1,-1
170,16,637,293,10,11,1,-1,-1,-1
170,17,650,291,10,9,1,-1,-1,-1
170,18,654,283,7,9,1,-1,-1,-1
170,25,720,270,10,9,1,-1,-1,-1
170,26,812,352,13,17,1,-1,-1,-1
170,27,656,385,11,19,1,-1,-1,-1
170,28,651,366,10,15,1,-1,-1,-1
170,29,650,352,13,13,1,-1,-1,-1
170,33,609,383,13,23,1,-1,-1,-1
170,34,590,378,14,21,1,-1,-1,-1
170,35,590,356,14,21,1,-1,-1,-1
170,36,706,283,10,11,1,-1,-1,-1
170,37,612,306,10,11,1,-1,-1,-1
170,38,714,327,10,13,1,-1,-1,-1
170,39,770,354,14,13,1,-1,-1,-1
170,40,664,285,10,11,1,-1,-1,-1
170,41,680,295,9,11,1,-1,-1,-1
170,42,829,397,18,13,1,-1,-1,-1
171,0,572,342,14,13,1,-1,-1,-1
171,1,598,341,11,13,1,-1,-1,-1
171,2,612,337,11,13,1,-1,-1,-1
171,4,609,356,11,15,1,-1,-1,-1
171,5,608,372,13,13,1,-1,-1,-1
171,6,642,327,10,13,1,-1,-1,-1
171,7,649,339,13,13,1,-1,-1,-1
171,8,667,351,10,13,1,-1,-1,-1
171,9,673,372,11,15,1,-1,-1,-1
171,10,677,391,13,17,1,-1,-1,-1
171,11,640,314,10,13,1,-1,-1,-1
171,12,663,331,10,13,1,-1,-1,-1
171,13,655,318,10,13,1,-1,-1,-1
171,14,654,302,10,11,1,-1,-1,-1
171,15,637,304,10,11,1,-1,-1,-1
171,16,637,293,10,11,1,-1,-1,-1
171,17,650,291,10,9,1,-1,-1,-1
171,18,654,281,7,9,1,-1,-1,-1
171,25,720,268,10,9,1,-1,-1,-1
171,26,813,354,13,17,1,-1,-1,-1
171,27,656,385,11,19,1,-1,-1,-1
171,28,653,366,10,15,1,-1,-1,-1
171,29,650,352,13,13,1,-1,-1,-1
171,33,609,381,13,23,1,-1,-1,-1
171,34,590,378,14,21,1,-1,-1,-1
171,35,590,356,14,21,1,-1,-1,-1
171,36,706,283,10,11,1,-1,-1,-1
171,37,612,306,10,11,1,-1,-1,-1
171,38,714,325,10,13,1,-1,-1,-1
171,39,769,354,14,13,1,-1,-1,-1
171,40,664,285,10,11,1,-1,-1,-1
171,41,680,295,9,11,1,-1,-1,-1
171,42,829,397,18,13,1,-1,-1,-1
172,0,572,341,14,13,1,-1,-1,-1
172,1,598,339,11,13,1,-1,-1,-1
172,2,612,337,11,13,1,-1,-1,-1
172,4,609,356,11,15,1,-1,-1,-1
172,5,608,372,13,13,1,-1,-1,-1
172,6,643,327,10,13,1,-1,-1,-1
172,7,647,339,13,13,1,-1,-1,-1
172,8,667,351,10,13,1,-1,-1,-1
172,9,673,372,11,15,1,-1,-1,-1
172,10,677,391,13,17,1,-1,-1,-1
172,11,641,316,10,13,1,-1,-1,-1
172,12,663,331,10,13,1,-1,-1,-1
172,13,655,318,10,13,1,-1,-1,-1
172,14,654,302,10,11,1,-1,-1,-1
172,15,638,304,10,11,1,-1,-1,-1
172,16,637,293,10,11,1,-1,-1,-1
172,17,650,291,10,9,1,-1,-1,-1
172,18,654,281,7,9,1,-1,-1,-1
172,25,719,268,10,9,1,-1,-1,-1
172,26,812,352,13,17,1,-1,-1,-1
172,27,656,385,11,19,1,-1,-1,-1
172,28,651,366,10,15,1,-1,-1,-1
172,29,650,352,13,13,1,-1,-1,-1
172,33,611,381,13,23,1,-1,-1,-1
172,34,590,378,14,21,1,-1,-1,-1
172,35,590,356,14,21,1,-1,-1,-1
172,36,706,281,10,11,1,-1,-1,-1
172,37,612,306,10,11,1,-1,-1,-1
172,38,714,325,10,13,1,-1,-1,-1
172,39,769,354,14,13,1,-1,-1,-1
172,40,666,287,10,11,1,-1,-1,-1
172,41,680,295,9,11,1,-1,-1,-1
172,42,829,397,18,13,1,-1,-1,-1
173,0,571,341,15,14,1,-1,-1,-1
173,1,598,339,11,13,1,-1,-1,-1
173,2,612,337,11,13,1,-1,-1,-1
173,4,609,356,11,15,1,-1,-1,-1
173,5,608,372,13,13,1,-1,-1,-1
173,6,642,327,10,13,1,-1,-1,-1
173,7,647,339,13,13,1,-1,-1,-1
173,8,667,352,10,13,1,-1,-1,-1
173,9,673,372,11,15,1,-1,-1,-1
173,10,677,391,13,17,1,-1,-1,-1
173,11,641,314,10,13,1,-1,-1,-1
173,12,663,331,10,13,1,-1,-1,-1
173,13,655,318,10,13,1,-1,-1,-1
173,14,654,302,10,11,1,-1,-1,-1
173,15,637,304,10,11,1,-1,-1,-1
173,16,637,293,10,11,1,-1,-1,-1
173,17,650,291,10,9,1,-1,-1,-1
173,18,654,281,7,9,1,-1,-1,-1
173,25,720,266,10,9,1,-1,-1,-1
173,26,813,352,13,17,1,-1,-1,-1
173,27,656,383,11,19,1,-1,-1,-1
173,28,653,366,10,15,1,-1,-1,-1
173,29,650,352,13,13,1,-1,-1,-1
173,33,609,381,13,23,1,-1,-1,-1
173,34,590,376,14,21,1,-1,-1,-1
173,35,590,356,14,21,1,-1,-1,-1
173,36,706,281,10,11,1,-1,-1,-1
173,37,612,306,10,11,1,-1,-1,-1
173,38,714,324,10,13,1,-1,-1,-1
173,39,769,352,14,13,1,-1,-1,-1
173,40,666,285,10,11,1,-1,-1,-1
173,41,680,297,9,11,1,-1,-1,-1
173,42,829,397,18,13,1,-1,-1,-1
174,0,572,341,13,12,1,-1,-1,-1
174,1,598,339,11,13,1,-1,-1,-1
174,2,612,337,11,13,1,-1,-1,-1
174,4,609,354,11,15,1,-1,-1,-1
174,5,609,372,13,13,1,-1,-1,-1
174,6,643,327,10,13,1,-1,-1,-1
174,7,649,339,13,13,1,-1,-1,-1
174,8,667,351,10,13,1,-1,-1,-1
174,9,675,372,11,15,1,-1,-1,-1
174,10,679,389,13,17,1,-1,-1,-1
174,11,641,314,10,13,1,-1,-1,-1
174,12,663,329,10,13,1,-1,-1,-1
174,13,655,316,10,13,1,-1,-1,-1
174,14,654,302,10,11,1,-1,-1,-1
174,15,637,304,10,11,1,-1,-1,-1
174,16,637,293,10,11,1,-1,-1,-1
174,17,650,291,10,9,1,-1,-1,-1
174,18,654,281,7,9,1,-1,-1,-1
174,25,719,266,10,9,1,-1,-1,-1
174,26,813,352,13,17,1,-1,-1,-1
174,27,656,385,11,19,1,-1,-1,-1
174,28,653,366,10,15,1,-1,-1,-1
174,29,650,352,13,13,1,-1,-1,-1
174,33,609,381,13,23,1,-1,-1,-1
174,34,590,376,14,21,1,-1,-1,-1
174,35,590,356,14,21,1,-1,-1,-1
174,36,705,279,10,11,1,-1,-1,-1
174,37,612,306,10,11,1,-1,-1,-1
174,38,714,324,10,13,1,-1,-1,-1
174,39,769,351,14,13,1,-1,-1,-1
174,40,666,287,10,11,1,-1,-1,-1
174,41,681,295,11,12,1,-1,-1,-1
174,42,829,395,18,13,1,-1,-1,-1
175,0,572,341,13,12,1,-1,-1,-1
175,1,598,339,11,13,1,-1,-1,-1
175,2,612,337,11,13,1,-1,-1,-1
175,4,609,354,11,15,1,-1,-1,-1
175,5,608,372,13,13,1,-1,-1,-1
175,6,642,327,10,13,1,-1,-1,-1
175,7,649,339,13,13,1,-1,-1,-1
175,8,667,351,10,13,1,-1,-1,-1
175,9,675,372,11,15,1,-1,-1,-1
175,10,677,389,13,17,1,-1,-1,-1
175,11,641,314,10,13,1,-1,-1,-1
175,12,663,329,10,13,1,-1,-1,-1
175,13,655,316,10,13,1,-1,-1,-1
175,14,655,302,10,11,1,-1,-1,-1
175,15,638,302,10,11,1,-1,-1,-1
175,16,637,293,10,11,1,-1,-1,-1
175,17,650,291,10,9,1,-1,-1,-1
175,18,654,281,7,9,1,-1,-1,-1
175,25,718,266,10,9,1,-1,-1,-1
175,26,812,352,13,17,1,-1,-1,-1
175,27,656,383,11,19,1,-1,-1,-1
175,28,653,364,10,15,1,-1,-1,-1
175,29,650,352,13,13,1,-1,-1,-1
175,33,611,381,13,23,1,-1,-1,-1
175,34,590,376,14,21,1,-1,-1,-1
175,35,590,356,14,21,1,-1,-1,-1
175,36,705,279,10,11,1,-1,-1,-1
175,37,612,306,10,11,1,-1,-1,-1
175,38,713,322,10,13,1,-1,-1,-1
175,39,769,349,14,13,1,-1,-1,-1
175,40,666,287,10,11,1,-1,-1,-1
175,41,680,295,10,11,1,-1,-1,-1
175,42,829,395,18,13,1,-1,-1,-1
176,0,573,341,13,11,1,-1,-1,-1
176,1,598,339,11,13,1,-1,-1,-1
176,2,612,337,11,13,1,-1,-1,-1
176,4,609,354,11,15,1,-1,-1,-1
176,5,609,372,13,13,1,-1,-1,-1
176,6,643,327,10,13,1,-1,-1,-1
176,7,647,339,13,13,1,-1,-1,-1
176,8,667,351,10,13,1,-1,-1,-1
176,9,675,372,11,15,1,-1,-1,-1
176,10,679,389,13,17,1,-1,-1,-1
176,11,641,314,10,13,1,-1,-1,-1
176,12,663,329,10,13,1,-1,-1,-1
176,13,655,316,10,13,1,-1,-1,-1
176,14,655,300,10,11,1,-1,-1,-1
176,15,638,302,10,11,1,-1,-1,-1
176,16,637,293,10,11,1,-1,-1,-1
176,17,650,291,10,9,1,-1,-1,-1
176,18,654,281,7,9,1,-1,-1,-1
176,25,718,264,10,9,1,-1,-1,-1
176,26,815,352,13,17,1,-1,-1,-1
176,27,656,383,11,19,1,-1,-1,-1
176,28,653,364,10,15,1,-1,-1,-1
176,29,650,351,13,13,1,-1,-1,-1
176,33,611,381,13,23,1,-1,-1,-1
176,34,590,376,14,21,1,-1,-1,-1
176,35,590,356,14,21,1,-1,-1,-1
176,36,705,279,10,11,1,-1,-1,-1
176,37,612,306,10,11,1,-1,-1,-1
176,38,714,320,10,13,1,-1,-1,-1
176,39,768,349,14,13,1,-1,-1,-1
176,40,666,287,10,11,1,-1,-1,-1
176,41,681,295,10,11,1,-1,-1,-1
176,42,829,395,18,13,1,-1,-1,-1
177,0,573,339,13,11,1,-1,-1,-1
177,1,598,339,11,13,1,-1,-1,-1
177,2,612,335,11,13,1,-1,-1,-1
177,4,611,354,11,15,1,-1,-1,-1
177,5,609,370,13,13,1,-1,-1,-1
177,6,643,327,10,13,1,-1,-1,-1
177,7,649,337,13,13,1,-1,-1,-1
177,8,668,351,10,13,1,-1,-1,-1
177,9,676,372,11,15,1,-1,-1,-1
177,10,679,389,13,17,1,-1,-1,-1
177,11,641,312,10,13,1,-1,-1,-1
177,12,663,329,10,13,1,-1,-1,-1
177,13,656,316,10,13,1,-1,-1,-1
177,14,655,302,10,11,1,-1,-1,-1
177,15,638,302,10,11,1,-1,-1,-1
177,16,638,291,10,11,1,-1,-1,-1
177,17,650,291,10,9,1,-1,-1,-1
177,18,654,281,7,9,1,-1,-1,-1
177,25,718,264,10,9,1,-1,-1,-1
177,26,813,352,13,17,1,-1,-1,-1
177,27,656,383,11,19,1,-1,-1,-1
177,28,653,364,10,15,1,-1,-1,-1
177,29,650,351,13,13,1,-1,-1,-1
177,33,611,379,13,23,1,-1,-1,-1
177,34,590,376,14,21,1,-1,-1,-1
177,35,590,354,14,21,1,-1,-1,-1
177,36,705,277,10,11,1,-1,-1,-1
177,37,612,306,10,11,1,-1,-1,-1
177,38,713,320,10,13,1,-1,-1,-1
177,39,768,347,14,13,1,-1,-1,-1
177,40,667,287,10,11,1,-1,-1,-1
177,41,681,295,10,11,1,-1,-1,-1
177,42,828,393,18,13,1,-1,-1,-1
178,0,573,339,13,11,1,-1,-1,-1
178,1,598,339,11,13,1,-1,-1,-1
178,2,612,335,11,13,1,-1,-1,-1
178,4,611,354,11,15,1,-1,-1,-1
178,5,609,370,13,13,1,-1,-1,-1
178,6,643,325,10,13,1,-1,-1,-1
178,7,649,339,13,13,1,-1,-1,-1
178,8,668,351,10,13,1,-1,-1,-1
178,9,676,370,11,15,1,-1,-1,-1
178,10,679,389,13,17,1,-1,-1,-1
178,11,641,314,10,13,1,-1,-1,-1
178,12,663,329,10,13,1,-1,-1,-1
178,13,655,316,10,13,1,-1,-1,-1
178,14,655,302,10,11,1,-1,-1,-1
178,15,638,302,10,11,1,-1,-1,-1
178,16,638,291,10,11,1,-1,-1,-1
178,17,650,289,10,9,1,-1,-1,-1
178,18,654,279,7,9,1,-1,-1,-1
178,25,718,264,10,9,1,-1,-1,-1
178,26,813,351,13,17,1,-1,-1,-1
178,27,658,383,11,19,1,-1,-1,-1
178,28,653,364,10,15,1,-1,-1,-1
178,29,650,351,13,13,1,-1,-1,-1
178,33,611,379,13,23,1,-1,-1,-1
178,34,590,376,14,21,1,-1,-1,-1
178,35,590,354,14,21,1,-1,-1,-1
178,36,705,275,10,11,1,-1,-1,-1
178,37,612,306,10,11,1,-1,-1,-1
178,38,713,320,10,13,1,-1,-1,-1
178,39,766,347,14,13,1,-1,-1,-1
178,40,667,287,10,11,1,-1,-1,-1
178,41,681,295,10,11,1,-1,-1,-1
178,42,826,393,18,13,1,-1,-1,-1
179,0,573,339,13,11,1,-1,-1,-1
179,1,598,339,11,13,1,-1,-1,-1
179,2,612,335,11,13,1,-1,-1,-1
179,4,609,354,11,15,1,-1,-1,-1
179,5,608,370,13,13,1,-1,-1,-1
179,6,643,325,10,13,1,-1,-1,-1
179,7,649,337,13,13,1,-1,-1,-1
179,8,667,349,10,13,1,-1,-1,-1
179,9,676,370,11,15,1,-1,-1,-1
179,10,679,389,13,17,1,-1,-1,-1
179,11,642,312,10,13,1,-1,-1,-1
179,12,664,329,10,13,1,-1,-1,-1
179,13,656,316,10,13,1,-1,-1,-1
179,14,655,300,10,11,1,-1,-1,-1
179,15,638,302,10,11,1,-1,-1,-1
179,16,638,291,10,11,1,-1,-1,-1
179,17,650,289,10,9,1,-1,-1,-1
179,18,655,279,7,9,1,-1,-1,-1
179,25,718,262,10,9,1,-1,-1,-1
179,26,813,351,13,17,1,-1,-1,-1
179,27,658,383,11,19,1,-1,-1,-1
179,28,653,364,10,15,1,-1,-1,-1
179,29,650,351,13,13,1,-1,-1,-1
179,33,611,379,13,23,1,-1,-1,-1
179,34,591,374,14,21,1,-1,-1,-1
179,35,590,354,14,21,1,-1,-1,-1
179,36,704,275,10,11,1,-1,-1,-1
179,37,612,306,10,11,1,-1,-1,-1
179,38,711,318,10,13,1,-1,-1,-1
179,39,765,345,14,13,1,-1,-1,-1
179,40,667,287,10,11,1,-1,-1,-1
179,41,683,297,10,11,1,-1,-1,-1
179,42,826,393,18,13,1,-1,-1,-1
180,0,573,339,13,11,1,-1,-1,-1
180,1,599,339,11,13,1,-1,-1,-1
180,2,612,335,11,13,1,-1,-1,-1
180,4,609,354,11,15,1,-1,-1,-1
180,5,609,370,13,13,1,-1,-1,-1
180,6,643,325,10,13,1,-1,-1,-1
180,7,649,337,13,13,1,-1,-1,-1
180,8,668,349,10,13,1,-1,-1,-1
180,9,676,370,11,15,1,-1,-1,-1
180,10,679,387,13,17,1,-1,-1,-1
180,11,642,312,10,13,1,-1,-1,-1
180,12,664,329,10,13,1,-1,-1,-1
180,13,656,316,10,13,1,-1,-1,-1
180,14,655,300,10,11,1,-1,-1,-1
180,15,638,302,10,11,1,-1,-1,-1
180,16,638,291,10,11,1,-1,-1,-1
180,17,650,289,10,9,1,-1,-1,-1
180,18,655,279,7,9,1,-1,-1,-1
180,25,718,262,10,9,1,-1,-1,-1
180,26,813,349,13,17,1,-1,-1,-1
180,27,658,381,11,19,1,-1,-1,-1
180,28,654,364,10,15,1,-1,-1,-1
180,29,650,349,13,13,1,-1,-1,-1
180,33,611,379,13,23,1,-1,-1,-1
180,34,590,374,14,21,1,-1,-1,-1
180,35,590,354,14,21,1,-1,-1,-1
180,36,704,273,10,11,1,-1,-1,-1
180,37,612,306,10,11,1,-1,-1,-1
180,38,711,316,10,13,1,-1,-1,-1
180,39,765,345,14,13,1,-1,-1,-1
180,40,667,287,10,11,1,-1,-1,-1
180,41,683,297,10,11,1,-1,-1,-1
180,42,825,391,18,13,1,-1,-1,-1
181,0,573,337,13,11,1,-1,-1,-1
181,1,598,337,11,13,1,-1,-1,-1
181,2,613,335,11,13,1,-1,-1,-1
181,4,611,352,11,15,1,-1,-1,-1
181,5,609,368,13,13,1,-1,-1,-1
181,6,643,325,10,13,1,-1,-1,-1
181,7,650,337,13,13,1,-1,-1,-1
181,8,670,349,10,13,1,-1,-1,-1
181,9,676,370,11,15,1,-1,-1,-1
181,10,679,387,13,17,1,-1,-1,-1
181,11,642,312,10,13,1,-1,-1,-1
181,12,666,327,10,13,1,-1,-1,-1
181,13,656,316,10,13,1,-1,-1,-1
181,14,655,300,10,11,1,-1,-1,-1
181,15,638,300,10,11,1,-1,-1,-1
181,16,638,291,10,11,1,-1,-1,-1
181,17,650,289,10,9,1,-1,-1,-1
181,18,655,279,7,9,1,-1,-1,-1
181,25,717,262,10,9,1,-1,-1,-1
181,26,815,349,13,17,1,-1,-1,-1
181,27,658,383,11,19,1,-1,-1,-1
181,28,653,364,10,15,1,-1,-1,-1
181,29,650,351,13,13,1,-1,-1,-1
181,33,611,378,13,23,1,-1,-1,-1
181,34,590,374,14,21,1,-1,-1,-1
181,35,590,354,14,21,1,-1,-1,-1
181,36,704,273,10,11,1,-1,-1,-1
181,37,612,306,10,11,1,-1,-1,-1
181,38,711,316,10,13,1,-1,-1,-1
181,39,765,343,14,13,1,-1,-1,-1
181,40,667,289,10,11,1,-1,-1,-1
181,41,683,298,10,11,1,-1,-1,-1
181,42,825,391,18,13,1,-1,-1,-1
182,0,572,337,13,11,1,-1,-1,-1
182,1,598,337,11,13,1,-1,-1,-1
182,2,612,335,11,13,1,-1,-1,-1
182,4,611,352,11,15,1,-1,-1,-1
182,5,609,368,13,13,1,-1,-1,-1
182,6,643,325,10,13,1,-1,-1,-1
182,7,649,337,13,13,1,-1,-1,-1
182,8,668,349,10,13,1,-1,-1,-1
182,9,676,370,11,15,1,-1,-1,-1
182,10,679,387,13,17,1,-1,-1,-1
182,11,642,312,10,13,1,-1,-1,-1
182,12,664,327,10,13,1,-1,-1,-1
182,13,656,316,10,13,1,-1,-1,-1
182,14,655,300,10,11,1,-1,-1,-1
182,15,638,300,10,11,1,-1,-1,-1
182,16,638,291,10,11,1,-1,-1,-1
182,17,651,289,10,9,1,-1,-1,-1
182,18,655,279,7,9,1,-1,-1,-1
182,25,718,260,10,9,1,-1,-1,-1
182,26,815,349,13,17,1,-1,-1,-1
182,27,659,381,11,19,1,-1,-1,-1
182,28,654,364,10,15,1,-1,-1,-1
182,29,650,349,13,13,1,-1,-1,-1
182,33,611,379,13,23,1,-1,-1,-1
182,34,590,374,14,21,1,-1,-1,-1
182,35,590,352,14,21,1,-1,-1,-1
182,36,704,271,10,11,1,-1,-1,-1
182,37,612,306,10,11,1,-1,-1,-1
182,38,711,314,10,13,1,-1,-1,-1
182,39,765,343,14,13,1,-1,-1,-1
182,40,667,289,10,11,1,-1,-1,-1
182,41,684,298,10,11,1,-1,-1,-1
182,42,825,389,18,13,1,-1,-1,-1
183,0,572,337,13,11,1,-1,-1,-1
183,1,598,337,11,13,1,-1,-1,-1
183,2,612,335,11,13,1,-1,-1,-1
183,4,611,352,11,15,1,-1,-1,-1
183,5,611,368,13,13,1,-1,-1,-1
183,6,643,325,10,13,1,-1,-1,-1
183,7,649,337,13,13,1,-1,-1,-1
183,8,668,349,10,13,1,-1,-1,-1
183,9,676,370,11,15,1,-1,-1,-1
183,10,680,387,13,17,1,-1,-1,-1
183,11,642,312,10,13,1,-1,-1,-1
183,12,664,327,10,13,1,-1,-1,-1
183,13,656,316,10,13,1,-1,-1,-1
183,14,655,300,10,11,1,-1,-1,-1
183,15,638,300,10,11,1,-1,-1,-1
183,16,638,291,10,11,1,-1,-1,-1
183,17,650,289,10,9,1,-1,-1,-1
183,18,655,279,7,9,1,-1,-1,-1
183,25,717,260,10,9,1,-1,-1,-1
183,26,815,349,13,17,1,-1,-1,-1
183,27,659,381,11,19,1,-1,-1,-1
183,28,654,364,10,15,1,-1,-1,-1
183,29,651,349,13,13,1,-1,-1,-1
183,33,611,378,13,23,1,-1,-1,-1
183,34,590,372,14,21,1,-1,-1,-1
183,35,590,352,14,21,1,-1,-1,-1
183,36,702,271,10,11,1,-1,-1,-1
183,37,612,304,10,11,1,-1,-1,-1
183,38,710,314,10,13,1,-1,-1,-1
183,39,765,341,14,13,1,-1,-1,-1
183,40,667,289,10,11,1,-1,-1,-1
183,41,684,298,10,11,1,-1,-1,-1
183,42,825,389,18,13,1,-1,-1,-1
184,0,573,335,13,11,1,-1,-1,-1
184,1,598,337,11,13,1,-1,-1,-1
184,2,612,335,11,13,1,-1,-1,-1
184,4,611,352,11,15,1,-1,-1,-1
184,5,609,368,13,13,1,-1,-1,-1
184,6,645,324,10,13,1,-1,-1,-1
184,7,649,335,13,13,1,-1,-1,-1
184,8,668,349,10,13,1,-1,-1,-1
184,9,676,370,11,15,1,-1,-1,-1
184,10,680,387,13,17,1,-1,-1,-1
184,11,642,312,10,13,1,-1,-1,-1
184,12,666,327,10,13,1,-1,-1,-1
184,13,656,314,10,13,1,-1,-1,-1
184,14,655,300,10,11,1,-1,-1,-1
184,15,638,300,10,11,1,-1,-1,-1
184,16,640,291,10,11,1,-1,-1,-1
184,17,650,289,10,9,1,-1,-1,-1
184,18,655,279,7,9,1,-1,-1,-1
184,25,715,258,10,9,1,-1,-1,-1
184,26,815,349,13,17,1,-1,-1,-1
184,27,659,381,11,19,1,-1,-1,-1
184,28,654,362,10,15,1,-1,-1,-1
184,29,650,349,13,13,1,-1,-1,-1
184,33,611,376,13,23,1,-1,-1,-1
184,34,590,374,14,21,1,-1,-1,-1
184,35,590,352,14,21,1,-1,-1,-1
184,36,702,271,10,11,1,-1,-1,-1
184,37,612,306,10,11,1,-1,-1,-1
184,38,711,312,10,13,1,-1,-1,-1
184,39,764,341,14,13,1,-1,-1,-1
184,40,668,289,10,11,1,-1,-1,-1
184,41,684,298,10,11,1,-1,-1,-1
184,42,825,387,18,13,1,-1,-1,-1
185,0,572,335,13,11,1,-1,-1,-1
185,1,598,337,11,13,1,-1,-1,-1
185,2,613,333,11,13,1,-1,-1,-1
185,4,611,352,11,15,1,-1,-1,-1
185,5,609,368,13,13,1,-1,-1,-1
185,6,643,324,10,13,1,-1,-1,-1
185,7,650,335,13,13,1,-1,-1,-1
185,8,670,349,10,13,1,-1,-1,-1
185,9,676,370,11,15,1,-1,-1,-1
185,10,679,387,13,17,1,-1,-1,-1
185,11,641,310,10,13,1,-1,-1,-1
185,12,666,327,10,13,1,-1,-1,-1
185,13,656,314,10,13,1,-1,-1,-1
185,14,656,300,10,11,1,-1,-1,-1
185,15,638,300,10,11,1,-1,-1,-1
185,16,638,291,10,11,1,-1,-1,-1
185,17,651,289,10,9,1,-1,-1,-1
185,18,654,279,7,9,1,-1,-1,-1
185,25,715,259,10,9,1,-1,-1,-1
185,26,815,349,13,17,1,-1,-1,-1
185,27,659,381,11,19,1,-1,-1,-1
185,28,654,362,10,15,1,-1,-1,-1
185,29,650,349,13,13,1,-1,-1,-1
185,33,611,376,13,23,1,-1,-1,-1
185,34,590,372,14,21,1,-1,-1,-1
185,35,590,352,14,21,1,-1,-1,-1
185,36,702,271,9,9,1,-1,-1,-1
185,37,612,306,10,11,1,-1,-1,-1
185,38,710,310,10,13,1,-1,-1,-1
185,39,764,339,14,13,1,-1,-1,-1
185,40,668,289,10,11,1,-1,-1,-1
185,41,684,298,10,11,1,-1,-1,-1
185,42,825,387,18,13,1,-1,-1,-1
186,0,572,335,13,11,1,-1,-1,-1
186,1,599,337,11,13,1,-1,-1,-1
186,2,612,333,11,13,1,-1,-1,-1
186,4,611,352,11,15,1,-1,-1,-1
186,5,609,368,13,13,1,-1,-1,-1
186,6,645,322,10,13,1,-1,-1,-1
186,7,650,335,13,13,1,-1,-1,-1
186,8,670,349,10,13,1,-1,-1,-1
186,9,676,368,11,15,1,-1,-1,-1
186,10,680,387,13,17,1,-1,-1,-1
186,11,642,310,10,13,1,-1,-1,-1
186,12,666,327,10,13,1,-1,-1,-1
186,13,656,314,10,13,1,-1,-1,-1
186,14,655,300,10,11,1,-1,-1,-1
186,15,640,300,10,11,1,-1,-1,-1
186,16,638,291,10,11,1,-1,-1,-1
186,17,651,289,10,9,1,-1,-1,-1
186,18,655,277,7,9,1,-1,-1,-1
186,25,715,258,10,9,1,-1,-1,-1
186,26,815,349,13,17,1,-1,-1,-1
186,27,658,381,11,19,1,-1,-1,-1
186,28,654,362,10,15,1,-1,-1,-1
186,29,651,347,13,13,1,-1,-1,-1
186,33,612,376,13,23,1,-1,-1,-1
186,34,590,372,14,21,1,-1,-1,-1
186,35,590,352,14,21,1,-1,-1,-1
186,36,701,270,9,9,1,-1,-1,-1
186,37,612,306,10,11,1,-1,-1,-1
186,38,710,310,10,13,1,-1,-1,-1
186,39,762,339,14,13,1,-1,-1,-1
186,40,668,289,10,11,1,-1,-1,-1
186,41,684,298,10,11,1,-1,-1,-1
186,42,824,387,18,13,1,-1,-1,-1
187,0,572,333,13,11,1,-1,-1,-1
187,1,599,335,11,13,1,-1,-1,-1
187,2,612,333,11,13,1,-1,-1,-1
187,4,611,351,11,15,1,-1,-1,-1
187,5,611,368,13,13,1,-1,-1,-1
187,6,643,324,10,13,1,-1,-1,-1
187,7,649,335,13,13,1,-1,-1,-1
187,8,670,349,10,13,1,-1,-1,-1
187,9,676,368,11,15,1,-1,-1,-1
187,10,680,385,13,17,1,-1,-1,-1
187,11,642,310,10,13,1,-1,-1,-1
187,12,666,327,10,13,1,-1,-1,-1
187,13,656,314,10,13,1,-1,-1,-1
187,14,655,298,10,11,1,-1,-1,-1
187,15,638,300,10,11,1,-1,-1,-1
187,16,638,291,10,11,1,-1,-1,-1
187,17,650,289,10,9,1,-1,-1,-1
187,18,655,277,7,9,1,-1,-1,-1
187,26,815,347,13,17,1,-1,-1,-1
187,27,658,379,11,19,1,-1,-1,-1
187,28,654,362,10,15,1,-1,-1,-1
187,29,651,347,13,13,1,-1,-1,-1
187,33,612,376,13,23,1,-1,-1,-1
187,34,591,372,14,21,1,-1,-1,-1
187,35,590,352,14,21,1,-1,-1,-1
187,37,612,304,10,11,1,-1,-1,-1
187,38,712,311,10,12,1,-1,-1,-1
187,39,762,337,14,13,1,-1,-1,-1
187,40,668,291,10,11,1,-1,-1,-1
187,41,684,300,10,11,1,-1,-1,-1
187,42,822,385,18,13,1,-1,-1,-1
188,0,573,333,13,11,1,-1,-1,-1
188,1,599,335,11,13,1,-1,-1,-1
188,2,612,333,11,13,1,-1,-1,-1
188,4,611,351,11,15,1,-1,-1,-1
188,5,609,368,13,13,1,-1,-1,-1
188,6,645,322,10,13,1,-1,-1,-1
188,7,650,333,13,13,1,-1,-1,-1
188,8,670,349,10,13,1,-1,-1,-1
188,9,676,368,11,15,1,-1,-1,-1
188,10,680,385,13,17,1,-1,-1,-1
188,11,642,310,10,13,1,-1,-1,-1
188,12,666,327,10,13,1,-1,-1,-1
188,13,658,314,10,13,1,-1,-1,-1
188,14,655,298,10,11,1,-1,-1,-1
188,15,640,300,10,11,1,-1,-1,-1
188,16,640,289,10,11,1,-1,-1,-1
188,17,651,289,10,9,1,-1,-1,-1
188,18,655,277,7,9,1,-1,-1,-1
188,26,816,347,13,17,1,-1,-1,-1
188,27,659,381,11,19,1,-1,-1,-1
188,28,654,362,10,15,1,-1,-1,-1
188,29,651,347,13,13,1,-1,-1,-1
188,33,611,376,13,23,1,-1,-1,-1
188,34,591,372,14,21,1,-1,-1,-1
188,35,590,351,14,21,1,-1,-1,-1
188,37,612,304,10,11,1,-1,-1,-1
188,38,711,310,10,11,1,-1,-1,-1
188,39,762,335,14,13,1,-1,-1,-1
188,40,668,289,10,11,1,-1,-1,-1
188,41,685,300,10,11,1,-1,-1,-1
188,42,824,385,18,13,1,-1,-1,-1
189,0,572,333,13,11,1,-1,-1,-1
189,1,599,335,11,13,1,-1,-1,-1
189,2,612,333,11,13,1,-1,-1,-1
189,4,611,351,11,15,1,-1,-1,-1
189,5,611,366,13,13,1,-1,-1,-1
189,6,645,322,10,13,1,-1,-1,-1
189,7,650,335,13,13,1,-1,-1,-1
189,8,670,349,10,13,1,-1,-1,-1
189,9,676,368,11,15,1,-1,-1,-1
189,10,680,385,13,17,1,-1,-1,-1
189,11,642,310,10,13,1,-1,-1,-1
189,12,666,325,10,13,1,-1,-1,-1
189,13,656,312,10,13,1,-1,-1,-1
189,14,655,298,10,11,1,-1,-1,-1
189,15,640,300,10,11,1,-1,-1,-1
189,16,640,289,10,11,1,-1,-1,-1
189,17,651,289,10,9,1,-1,-1,-1
189,18,655,277,7,9,1,-1,-1,-1
189,26,815,347,13,17,1,-1,-1,-1
189,27,659,379,11,19,1,-1,-1,-1
189,28,654,360,10,15,1,-1,-1,-1
189,29,651,347,13,13,1,-1,-1,-1
189,33,612,374,13,23,1,-1,-1,-1
189,34,591,370,14,21,1,-1,-1,-1
189,35,591,351,14,21,1,-1,-1,-1
189,37,612,304,10,11,1,-1,-1,-1
189,38,711,310,10,11,1,-1,-1,-1
189,39,761,335,14,13,1,-1,-1,-1
189,40,670,291,10,11,1,-1,-1,-1
189,41,685,300,10,11,1,-1,-1,-1
189,42,822,383,18,13,1,-1,-1,-1
190,0,572,331,13,11,1,-1,-1,-1
190,1,598,335,11,13,1,-1,-1,-1
190,2,612,333,11,13,1,-1,-1,-1
190,4,611,349,11,15,1,-1,-1,-1
190,5,611,366,13,13,1,-1,-1,-1
190,6,645,322,10,13,1,-1,-1,-1
190,7,650,333,13,13,1,-1,-1,-1
190,8,670,347,10,13,1,-1,-1,-1
190,9,676,368,11,15,1,-1,-1,-1
190,10,680,385,13,17,1,-1,-1,-1
190,11,642,308,10,13,1,-1,-1,-1
190,12,664,325,10,13,1,-1,-1,-1
190,13,658,312,10,13,1,-1,-1,-1
190,14,656,298,10,11,1,-1,-1,-1
190,15,640,300,10,11,1,-1,-1,-1
190,16,640,289,10,11,1,-1,-1,-1
190,17,651,287,10,9,1,-1,-1,-1
190,18,655,277,7,9,1,-1,-1,-1
190,26,816,347,13,17,1,-1,-1,-1
190,27,659,379,11,19,1,-1,-1,-1
190,28,654,362,10,15,1,-1,-1,-1
190,29,651,347,13,13,1,-1,-1,-1
190,33,612,376,13,23,1,-1,-1,-1
190,34,591,370,14,21,1,-1,-1,-1
190,35,590,351,14,21,1,-1,-1,-1
190,37,612,304,10,11,1,-1,-1,-1
190,38,710,308,10,11,1,-1,-1,-1
190,39,761,335,14,13,1,-1,-1,-1
190,40,671,289,10,11,1,-1,-1,-1
190,41,685,300,10,11,1,-1,-1,-1
190,42,822,383,18,13,1,-1,-1,-1
191,0,573,331,13,11,1,-1,-1,-1
191,1,599,335,11,13,1,-1,-1,-1
191,2,612,333,11,13,1,-1,-1,-1
191,4,611,349,11,15,1,-1,-1,-1
191,5,611,366,13,13,1,-1,-1,-1
191,6,645,322,10,13,1,-1,-1,-1
191,7,650,333,13,13,1,-1,-1,-1
191,8,671,347,10,13,1,-1,-1,-1
191,9,676,366,11,15,1,-1,-1,-1
191,10,680,385,13,17,1,-1,-1,-1
191,11,642,310,10,13,1,-1,-1,-1
191,12,666,325,10,13,1,-1,-1,-1
191,13,658,312,10,13,1,-1,-1,-1
191,14,656,298,10,11,1,-1,-1,-1
191,15,640,298,10,11,1,-1,-1,-1
191,16,640,289,10,11,1,-1,-1,-1
191,17,653,287,10,9,1,-1,-1,-1
191,18,656,277,7,9,1,-1,-1,-1
191,26,816,345,13,17,1,-1,-1,-1
191,27,659,379,11,19,1,-1,-1,-1
191,28,654,360,10,15,1,-1,-1,-1
191,29,651,347,13,13,1,-1,-1,-1
191,33,612,374,13,23,1,-1,-1,-1
191,34,591,370,14,21,1,-1,-1,-1
191,35,591,351,14,21,1,-1,-1,-1
191,37,612,304,10,11,1,-1,-1,-1
191,38,710,306,10,11,1,-1,-1,-1
191,39,761,333,14,13,1,-1,-1,-1
191,40,671,291,10,11,1,-1,-1,-1
191,41,685,300,10,11,1,-1,-1,-1
191,42,821,383,18,13,1,-1,-1,-1
192,0,572,331,13,11,1,-1,-1,-1
192,1,599,335,11,13,1,-1,-1,-1
192,2,612,333,11,13,1,-1,-1,-1
192,4,611,349,11,15,1,-1,-1,-1
192,5,611,366,13,13,1,-1,-1,-1
192,6,643,320,10,13,1,-1,-1,-1
192,7,650,333,13,13,1,-1,-1,-1
192,8,670,347,10,13,1,-1,-1,-1
192,9,677,368,11,15,1,-1,-1,-1
192,10,680,383,13,17,1,-1,-1,-1
192,11,642,308,10,13,1,-1,-1,-1
192,12,667,325,10,13,1,-1,-1,-1
192,13,658,312,10,13,1,-1,-1,-1
192,14,656,298,10,11,1,-1,-1,-1
192,15,640,298,10,11,1,-1,-1,-1
192,16,638,289,10,11,1,-1,-1,-1
192,17,651,287,10,9,1,-1,-1,-1
192,18,656,277,7,9,1,-1,-1,-1
192,26,816,347,13,17,1,-1,-1,-1
192,27,659,379,11,19,1,-1,-1,-1
192,28,654,360,10,15,1,-1,-1,-1
192,29,651,347,13,13,1,-1,-1,-1
192,33,612,374,13,23,1,-1,-1,-1
192,34,591,370,14,21,1,-1,-1,-1
192,35,590,349,14,21,1,-1,-1,-1
192,37,612,304,10,11,1,-1,-1,-1
192,38,710,306,10,11,1,-1,-1,-1
192,39,761,333,14,13,1,-1,-1,-1
192,40,671,291,10,11,1,-1,-1,-1
192,41,687,300,10,11,1,-1,-1,-1
192,42,821,381,18,13,1,-1,-1,-1
193,0,572,331,13,11,1,-1,-1,-1
193,1,598,333,11,13,1,-1,-1,-1
193,2,612,331,11,13,1,-1,-1,-1
193,4,612,349,11,15,1,-1,-1,-1
193,5,611,366,13,13,1,-1,-1,-1
193,6,645,322,10,13,1,-1,-1,-1
193,7,650,333,13,13,1,-1,-1,-1
193,8,671,347,10,13,1,-1,-1,-1
193,9,676,368,11,15,1,-1,-1,-1
193,10,680,383,13,17,1,-1,-1,-1
193,11,642,308,10,13,1,-1,-1,-1
193,12,666,325,10,13,1,-1,-1,-1
193,13,658,312,10,13,1,-1,-1,-1
193,14,655,297,10,11,1,-1,-1,-1
193,15,640,298,10,11,1,-1,-1,-1
193,16,638,287,10,11,1,-1,-1,-1
193,17,651,287,10,9,1,-1,-1,-1
193,18,656,277,7,9,1,-1,-1,-1
193,26,816,345,13,17,1,-1,-1,-1
193,27,659,379,11,19,1,-1,-1,-1
193,28,654,360,10,15,1,-1,-1,-1
193,29,651,345,13,13,1,-1,-1,-1
193,33,612,374,13,23,1,-1,-1,-1
193,34,591,370,14,21,1,-1,-1,-1
193,35,591,349,14,21,1,-1,-1,-1
193,37,612,304,10,11,1,-1,-1,-1
193,38,710,304,10,11,1,-1,-1,-1
193,39,761,331,14,13,1,-1,-1,-1
193,40,671,291,10,11,1,-1,-1,-1
193,41,688,300,10,11,1,-1,-1,-1
193,42,821,381,18,13,1,-1,-1,-1
194,0,572,329,13,11,1,-1,-1,-1
194,1,599,333,11,13,1,-1,-1,-1
194,2,612,331,11,13,1,-1,-1,-1
194,4,612,349,11,15,1,-1,-1,-1
194,5,611,364,13,13,1,-1,-1,-1
194,6,645,320,10,13,1,-1,-1,-1
194,7,650,333,13,13,1,-1,-1,-1
194,8,671,347,10,13,1,-1,-1,-1
194,9,676,366,11,15,1,-1,-1,-1
194,10,680,383,13,17,1,-1,-1,-1
194,11,642,308,10,13,1,-1,-1,-1
194,12,666,325,10,13,1,-1,-1,-1
194,13,656,312,10,13,1,-1,-1,-1
194,14,656,298,10,11,1,-1,-1,-1
194,15,640,298,10,11,1,-1,-1,-1
194,16,640,287,10,11,1,-1,-1,-1
194,17,651,287,10,9,1,-1,-1,-1
194,18,655,277,7,9,1,-1,-1,-1
194,26,816,345,13,17,1,-1,-1,-1
194,27,659,378,11,19,1,-1,-1,-1
194,28,654,360,10,15,1,-1,-1,-1
194,29,651,345,13,13,1,-1,-1,-1
194,33,612,374,13,23,1,-1,-1,-1
194,34,591,368,14,21,1,-1,-1,-1
194,35,591,349,14,21,1,-1,-1,-1
194,37,611,304,10,11,1,-1,-1,-1
194,38,710,304,10,11,1,-1,-1,-1
194,39,760,331,14,13,1,-1,-1,-1
194,40,671,291,10,11,1,-1,-1,-1
194,41,687,300,10,11,1,-1,-1,-1
194,42,821,379,18,13,1,-1,-1,-1
195,0,572,329,13,11,1,-1,-1,-1
195,1,599,333,11,13,1,-1,-1,-1
195,2,612,331,11,13,1,-1,-1,-1
195,4,612,349,11,15,1,-1,-1,-1
195,5,611,364,13,13,1,-1,-1,-1
195,6,645,320,10,13,1,-1,-1,-1
195,7,650,331,13,13,1,-1,-1,-1
195,8,670,347,10,13,1,-1,-1,-1
195,9,677,366,11,15,1,-1,-1,-1
195,10,680,383,13,17,1,-1,-1,-1
195,11,642,308,10,13,1,-1,-1,-1
195,12,666,324,10,13,1,-1,-1,-1
195,13,658,312,10,13,1,-1,-1,-1
195,14,656,297,10,11,1,-1,-1,-1
195,15,640,298,10,11,1,-1,-1,-1
195,16,640,287,10,11,1,-1,-1,-1
195,17,651,287,10,9,1,-1,-1,-1
195,18,655,277,7,9,1,-1,-1,-1
195,26,816,345,13,17,1,-1,-1,-1
195,27,659,378,11,19,1,-1,-1,-1
195,28,654,360,10,15,1,-1,-1,-1
195,29,651,345,13,13,1,-1,-1,-1
195,33,612,374,13,23,1,-1,-1,-1
195,34,591,368,14,21,1,-1,-1,-1
195,35,590,349,14,21,1,-1,-1,-1
195,37,612,304,10,11,1,-1,-1,-1
195,38,710,302,10,11,1,-1,-1,-1
195,39,760,329,14,13,1,-1,-1,-1
195,40,671,291,10,11,1,-1,-1,-1
195,41,688,302,10,11,1,-1,-1,-1
195,42,820,379,18,13,1,-1,-1,-1
196,0,572,327,13,11,1,-1,-1,-1
196,1,599,333,11,13,1,-1,-1,-1
196,2,612,331,11,13,1,-1,-1,-1
196,4,612,347,11,15,1,-1,-1,-1
196,5,611,364,13,13,1,-1,-1,-1
196,6,645,320,10,13,1,-1,-1,-1
196,7,650,331,13,13,1,-1,-1,-1
196,8,671,347,10,13,1,-1,-1,-1
196,9,677,366,11,15,1,-1,-1,-1
196,10,682,383,13,17,1,-1,-1,-1
196,11,642,308,10,13,1,-1,-1,-1
196,12,667,324,10,13,1,-1,-1,-1
196,13,658,310,10,13,1,-1,-1,-1
196,14,656,297,10,11,1,-1,-1,-1
196,15,640,297,10,11,1,-1,-1,-1
196,16,640,287,10,11,1,-1,-1,-1
196,17,653,285,10,9,1,-1,-1,-1
196,18,655,275,7,9,1,-1,-1,-1
196,26,817,343,13,17,1,-1,-1,-1
196,27,660,378,11,19,1,-1,-1,-1
196,28,654,360,10,15,1,-1,-1,-1
196,29,653,345,13,13,1,-1,-1,-1
196,33,612,374,13,23,1,-1,-1,-1
196,34,591,368,14,21,1,-1,-1,-1
196,35,591,347,14,21,1,-1,-1,-1
196,37,612,304,10,11,1,-1,-1,-1
196,38,710,300,10,11,1,-1,-1,-1
196,39,760,327,14,13,1,-1,-1,-1
196,40,671,291,10,11,1,-1,-1,-1
196,41,688,302,10,11,1,-1,-1,-1
196,42,820,378,18,13,1,-1,-1,-1
197,0,572,327,13,11,1,-1,-1,-1
197,1,599,333,11,13,1,-1,-1,-1
197,2,612,331,11,13,1,-1,-1,-1
197,4,610,348,11,15,1,-1,-1,-1
197,5,611,364,13,13,1,-1,-1,-1
197,6,646,320,10,13,1,-1,-1,-1
197,7,651,331,13,13,1,-1,-1,-1
197,8,671,347,13,15,1,-1,-1,-1
197,9,676,366,11,15,1,-1,-1,-1
197,10,681,383,13,17,1,-1,-1,-1
197,11,642,306,10,13,1,-1,-1,-1
197,12,667,322,10,15,1,-1,-1,-1
197,13,659,311,11,14,1,-1,-1,-1
197,14,658,297,10,11,1,-1,-1,-1
197,15,640,297,10,11,1,-1,-1,-1
197,16,640,287,10,11,1,-1,-1,-1
197,17,651,285,10,9,1,-1,-1,-1
197,18,655,274,9,11,1,-1,-1,-1
197,26,816,345,13,17,1,-1,-1,-1
197,27,660,378,11,19,1,-1,-1,-1
197,28,654,358,13,17,1,-1,-1,-1
197,29,653,344,12,14,1,-1,-1,-1
197,33,613,374,13,23,1,-1,-1,-1
197,34,592,370,14,21,1,-1,-1,-1
197,35,591,347,14,21,1,-1,-1,-1
197,37,612,301,12,14,1,-1,-1,-1
197,38,710,300,10,11,1,-1,-1,-1
197,39,758,327,14,13,1,-1,-1,-1
197,40,671,291,10,11,1,-1,-1,-1
197,41,690,302,10,11,1,-1,-1,-1
197,42,820,376,18,13,1,-1,-1,-1
197,43,839,523,18,16,1,-1,-1,-1
197,44,894,521,20,18,1,-1,-1,-1
197,45,953,522,31,17,1,-1,-1,-1
197,46,928,523,23,16,1,-1,-1,-1
198,0,573,327,13,11,1,-1,-1,-1
198,1,599,333,10,13,1,-1,-1,-1
198,2,612,331,10,13,1,-1,-1,-1
198,4,609,347,10,15,1,-1,-1,-1
198,5,611,364,13,13,1,-1,-1,-1
198,6,646,320,10,13,1,-1,-1,-1
198,7,650,331,13,13,1,-1,-1,-1
198,8,671,347,13,15,1,-1,-1,-1
198,9,676,364,10,15,1,-1,-1,-1
198,10,681,381,13,17,1,-1,-1,-1
198,11,642,306,10,13,1,-1,-1,-1
198,12,667,322,10,15,1,-1,-1,-1
198,13,659,310,10,13,1,-1,-1,-1
198,14,656,295,10,11,1,-1,-1,-1
198,15,641,297,10,11,1,-1,-1,-1
198,16,640,287,10,11,1,-1,-1,-1
198,17,653,285,10,9,1,-1,-1,-1
198,18,654,273,9,11,1,-1,-1,-1
198,26,816,343,13,17,1,-1,-1,-1
198,27,659,376,11,19,1,-1,-1,-1
198,28,654,358,13,17,1,-1,-1,-1
198,29,653,343,11,13,1,-1,-1,-1
198,33,612,372,13,23,1,-1,-1,-1
198,34,591,370,14,21,1,-1,-1,-1
198,35,591,347,14,21,1,-1,-1,-1
198,37,612,300,11,13,1,-1,-1,-1
198,38,709,300,10,11,1,-1,-1,-1
198,39,757,325,14,13,1,-1,-1,-1
198,40,671,293,10,11,1,-1,-1,-1
198,41,689,302,10,11,1,-1,-1,-1
198,42,820,376,18,13,1,-1,-1,-1
198,43,838,522,18,15,1,-1,-1,-1
198,44,893,520,19,17,1,-1,-1,-1
198,45,953,520,32,18,1,-1,-1,-1
198,46,927,522,23,15,1,-1,-1,-1
199,0,572,325,13,11,1,-1,-1,-1
199,1,599,331,10,13,1,-1,-1,-1
199,2,612,331,10,13,1,-1,-1,-1
199,4,609,347,10,15,1,-1,-1,-1
199,5,611,362,13,13,1,-1,-1,-1
199,6,646,318,10,13,1,-1,-1,-1
199,7,650,329,13,13,1,-1,-1,-1
199,8,671,345,13,15,1,-1,-1,-1
199,9,676,364,10,15,1,-1,-1,-1
199,10,683,381,13,17,1,-1,-1,-1
199,11,642,304,10,13,1,-1,-1,-1
199,12,667,320,10,15,1,-1,-1,-1
199,13,659,310,10,13,1,-1,-1,-1
199,14,655,295,10,11,1,-1,-1,-1
199,15,641,297,10,11,1,-1,-1,-1
199,16,640,287,10,11,1,-1,-1,-1
199,17,653,285,10,9,1,-1,-1,-1
199,18,654,273,9,11,1,-1,-1,-1
199,26,817,343,13,17,1,-1,-1,-1
199,27,659,376,11,19,1,-1,-1,-1
199,28,654,356,13,17,1,-1,-1,-1
199,29,653,343,11,13,1,-1,-1,-1
199,33,612,372,13,23,1,-1,-1,-1
199,34,591,368,14,21,1,-1,-1,-1
199,35,590,347,14,21,1,-1,-1,-1
199,37,612,302,11,13,1,-1,-1,-1
199,38,709,298,10,11,1,-1,-1,-1
199,39,757,325,14,13,1,-1,-1,-1
199,40,671,293,10,11,1,-1,-1,-1
199,41,689,302,10,11,1,-1,-1,-1
199,42,818,376,18,13,1,-1,-1,-1
199,43,839,520,18,18,1,-1,-1,-1
199,44,893,520,19,17,1,-1,-1,-1
199,45,951,518,32,21,1,-1,-1,-1
199,46,928,522,23,16,1,-1,-1,-1
200,0,573,325,13,11,1,-1,-1,-1
200,1,599,331,10,13,1,-1,-1,-1
200,2,612,329,10,13,1,-1,-1,-1
200,4,609,347,10,15,1,-1,-1,-1
200,5,611,362,13,13,1,-1,-1,-1
200,6,646,318,10,13,1,-1,-1,-1
200,7,650,329,13,13,1,-1,-1,-1
200,8,671,347,13,15,1,-1,-1,-1
200,9,677,364,10,15,1,-1,-1,-1
200,10,681,381,13,17,1,-1,-1,-1
200,11,642,304,10,13,1,-1,-1,-1
200,12,667,320,10,15,1,-1,-1,-1
200,13,659,310,10,13,1,-1,-1,-1
200,14,655,293,10,11,1,-1,-1,-1
200,15,642,295,10,11,1,-1,-1,-1
200,16,640,285,10,11,1,-1,-1,-1
200,17,653,283,10,9,1,-1,-1,-1
200,18,654,273,9,11,1,-1,-1,-1
200,26,817,343,13,17,1,-1,-1,-1
200,27,659,376,11,19,1,-1,-1,-1
200,28,654,356,13,17,1,-1,-1,-1
200,29,654,341,11,13,1,-1,-1,-1
200,33,612,372,13,23,1,-1,-1,-1
200,34,591,368,14,21,1,-1,-1,-1
200,35,590,345,14,21,1,-1,-1,-1
200,37,612,300,11,13,1,-1,-1,-1
200,38,709,298,10,11,1,-1,-1,-1
200,39,758,326,13,12,1,-1,-1,-1
200,40,671,293,10,11,1,-1,-1,-1
200,41,689,302,10,11,1,-1,-1,-1
200,42,818,374,18,13,1,-1,-1,-1
200,43,839,520,19,18,1,-1,-1,-1
200,44,894,520,21,18,1,-1,-1,-1
200,45,951,516,33,23,1,-1,-1,-1
200,46,931,522,19,17,1,-1,-1,-1
201,0,572,325,13,11,1,-1,-1,-1
201,1,599,331,10,13,1,-1,-1,-1
201,2,612,329,10,13,1,-1,-1,-1
201,4,609,345,10,15,1,-1,-1,-1
201,5,611,362,13,13,1,-1,-1,-1
201,6,646,318,10,13,1,-1,-1,-1
201,7,651,329,13,13,1,-1,-1,-1
201,8,671,345,13,15,1,-1,-1,-1
201,9,677,364,10,15,1,-1,-1,-1
201,10,683,381,13,17,1,-1,-1,-1
201,11,642,304,10,13,1,-1,-1,-1
201,12,667,320,10,15,1,-1,-1,-1
201,13,659,310,10,13,1,-1,-1,-1
201,14,656,295,10,11,1,-1,-1,-1
201,15,641,295,10,11,1,-1,-1,-1
201,16,640,285,10,11,1,-1,-1,-1
201,17,653,285,10,9,1,-1,-1,-1
201,18,654,273,9,11,1,-1,-1,-1
201,26,817,343,13,17,1,-1,-1,-1
201,27,660,379,12,15,1,-1,-1,-1
201,28,654,356,13,17,1,-1,-1,-1
201,29,654,341,11,13,1,-1,-1,-1
201,33,612,372,13,23,1,-1,-1,-1
201,34,591,368,14,21,1,-1,-1,-1
201,35,591,345,14,21,1,-1,-1,-1
201,37,612,300,11,13,1,-1,-1,-1
201,38,707,297,10,11,1,-1,-1,-1
201,39,758,325,13,11,1,-1,-1,-1
201,40,672,293,10,11,1,-1,-1,-1
201,41,689,302,10,11,1,-1,-1,-1
201,42,818,374,18,13,1,-1,-1,-1
201,43,839,520,19,19,1,-1,-1,-1
201,44,895,520,19,19,1,-1,-1,-1
201,45,952,517,36,22,1,-1,-1,-1
201,46,925,521,29,18,1,-1,-1,-1
202,0,572,324,13,11,1,-1,-1,-1
202,1,599,331,10,13,1,-1,-1,-1
202,2,612,329,10,13,1,-1,-1,-1
202,4,611,347,10,15,1,-1,-1,-1
202,5,612,362,13,13,1,-1,-1,-1
202,6,646,318,10,13,1,-1,-1,-1
202,7,650,329,13,13,1,-1,-1,-1
202,8,671,345,13,15,1,-1,-1,-1
202,9,677,364,10,15,1,-1,-1,-1
202,10,683,379,13,17,1,-1,-1,-1
202,11,642,304,10,13,1,-1,-1,-1
202,12,667,320,10,15,1,-1,-1,-1
202,13,659,310,10,13,1,-1,-1,-1
202,14,656,293,10,11,1,-1,-1,-1
202,15,642,295,10,11,1,-1,-1,-1
202,16,641,285,10,11,1,-1,-1,-1
202,17,654,283,10,9,1,-1,-1,-1
202,18,655,273,9,11,1,-1,-1,-1
202,26,817,343,13,17,1,-1,-1,-1
202,27,659,379,11,15,1,-1,-1,-1
202,28,654,356,13,17,1,-1,-1,-1
202,29,654,341,11,13,1,-1,-1,-1
202,33,612,372,13,23,1,-1,-1,-1
202,34,592,368,14,21,1,-1,-1,-1
202,35,591,345,14,21,1,-1,-1,-1
202,37,612,300,11,13,1,-1,-1,-1
202,38,707,295,10,11,1,-1,-1,-1
202,39,757,323,13,11,1,-1,-1,-1
202,40,672,293,10,11,1,-1,-1,-1
202,41,689,304,10,11,1,-1,-1,-1
202,42,817,372,18,13,1,-1,-1,-1
202,43,838,518,20,20,1,-1,-1,-1
202,44,895,520,22,19,1,-1,-1,-1
202,45,955,520,36,19,1,-1,-1,-1
202,46,930,520,24,18,1,-1,-1,-1
203,0,573,322,13,11,1,-1,-1,-1
203,1,599,331,10,13,1,-1,-1,-1
203,2,612,329,10,13,1,-1,-1,-1
203,4,609,345,10,15,1,-1,-1,-1
203,5,611,362,13,13,1,-1,-1,-1
203,6,646,318,10,13,1,-1,-1,-1
203,7,651,329,13,13,1,-1,-1,-1
203,8,671,345,13,15,1,-1,-1,-1
203,9,677,364,10,15,1,-1,-1,-1
203,10,681,379,13,17,1,-1,-1,-1
203,11,642,304,10,13,1,-1,-1,-1
203,12,668,320,10,15,1,-1,-1,-1
203,13,659,308,10,13,1,-1,-1,-1
203,14,656,293,10,11,1,-1,-1,-1
203,15,642,295,10,11,1,-1,-1,-1
203,16,641,285,10,11,1,-1,-1,-1
203,17,654,283,10,9,1,-1,-1,-1
203,18,654,271,9,11,1,-1,-1,-1
203,26,817,341,13,17,1,-1,-1,-1
203,27,659,378,11,15,1,-1,-1,-1
203,28,654,356,13,17,1,-1,-1,-1
203,29,654,341,11,13,1,-1,-1,-1
203,33,612,372,13,23,1,-1,-1,-1
203,34,592,368,14,21,1,-1,-1,-1
203,35,591,345,14,21,1,-1,-1,-1
203,37,612,300,11,13,1,-1,-1,-1
203,38,707,293,10,11,1,-1,-1,-1
203,39,757,322,13,11,1,-1,-1,-1
203,40,672,293,10,11,1,-1,-1,-1
203,41,690,304,10,11,1,-1,-1,-1
203,42,817,372,18,13,1,-1,-1,-1
203,43,838,518,21,21,1,-1,-1,-1
203,44,894,518,21,20,1,-1,-1,-1
203,45,952,516,37,22,1,-1,-1,-1
203,46,929,520,25,19,1,-1,-1,-1
204,0,573,322,13,11,1,-1,-1,-1
204,1,599,329,10,13,1,-1,-1,-1
204,2,612,329,10,13,1,-1,-1,-1
204,4,611,345,10,15,1,-1,-1,-1
204,5,612,360,13,13,1,-1,-1,-1
204,6,646,318,10,13,1,-1,-1,-1
204,7,650,327,13,13,1,-1,-1,-1
204,8,671,345,13,15,1,-1,-1,-1
204,9,676,364,10,15,1,-1,-1,-1
204,10,683,379,13,17,1,-1,-1,-1
204,11,642,304,10,13,1,-1,-1,-1
204,12,667,320,10,15,1,-1,-1,-1
204,13,659,308,10,13,1,-1,-1,-1
204,14,658,293,10,11,1,-1,-1,-1
204,15,642,295,10,11,1,-1,-1,-1
204,16,641,285,10,11,1,-1,-1,-1
204,17,654,283,10,9,1,-1,-1,-1
204,18,655,271,9,11,1,-1,-1,-1
204,26,817,341,13,17,1,-1,-1,-1
204,27,659,378,11,15,1,-1,-1,-1
204,28,654,356,13,17,1,-1,-1,-1
204,29,654,341,11,13,1,-1,-1,-1
204,33,612,370,13,23,1,-1,-1,-1
204,34,591,366,14,21,1,-1,-1,-1
204,35,590,345,14,21,1,-1,-1,-1
204,37,612,300,11,13,1,-1,-1,-1
204,38,707,293,10,11,1,-1,-1,-1
204,39,757,321,13,11,1,-1,-1,-1
204,40,672,293,10,11,1,-1,-1,-1
204,41,690,304,10,11,1,-1,-1,-1
204,42,816,372,18,13,1,-1,-1,-1
204,43,838,516,21,22,1,-1,-1,-1
204,44,895,518,22,21,1,-1,-1,-1
204,45,952,516,38,23,1,-1,-1,-1
204,46,929,520,25,19,1,-1,-1,-1
205,0,572,322,13,11,1,-1,-1,-1
205,1,599,329,10,13,1,-1,-1,-1
205,2,612,329,10,13,1,-1,-1,-1
205,4,609,345,10,15,1,-1,-1,-1
205,5,611,360,13,13,1,-1,-1,-1
205,6,646,316,10,13,1,-1,-1,-1
205,7,651,329,13,13,1,-1,-1,-1
205,8,671,345,13,15,1,-1,-1,-1
205,9,677,362,10,15,1,-1,-1,-1
205,10,683,379,13,17,1,-1,-1,-1
205,11,642,302,10,13,1,-1,-1,-1
205,12,667,320,10,15,1,-1,-1,-1
205,13,659,308,10,13,1,-1,-1,-1
205,14,656,293,10,11,1,-1,-1,-1
205,15,642,293,10,11,1,-1,-1,-1
205,16,641,285,10,11,1,-1,-1,-1
205,17,654,283,10,9,1,-1,-1,-1
205,18,654,271,9,11,1,-1,-1,-1
205,26,817,341,14,18,1,-1,-1,-1
205,27,660,378,11,15,1,-1,-1,-1
205,28,654,356,13,17,1,-1,-1,-1
205,29,654,341,11,13,1,-1,-1,-1
205,33,612,370,13,23,1,-1,-1,-1
205,34,592,366,14,21,1,-1,-1,-1
205,35,591,345,14,21,1,-1,-1,-1
205,37,612,300,11,13,1,-1,-1,-1
205,38,707,291,10,11,1,-1,-1,-1
205,39,756,320,13,11,1,-1,-1,-1
205,40,673,293,10,11,1,-1,-1,-1
205,41,690,304,10,11,1,-1,-1,-1
205,42,816,370,18,13,1,-1,-1,-1
205,43,838,516,20,23,1,-1,-1,-1
205,44,895,518,22,21,1,-1,-1,-1
205,45,951,515,40,24,1,-1,-1,-1
205,46,929,520,27,19,1,-1,-1,-1
206,0,573,320,13,11,1,-1,-1,-1
206,1,599,329,10,13,1,-1,-1,-1
206,2,612,329,10,13,1,-1,-1,-1
206,4,611,343,10,15,1,-1,-1,-1
206,5,612,360,13,13,1,-1,-1,-1
206,6,647,316,10,13,1,-1,-1,-1
206,7,651,327,13,13,1,-1,-1,-1
206,8,671,345,13,15,1,-1,-1,-1
206,9,677,362,10,15,1,-1,-1,-1
206,10,683,379,13,17,1,-1,-1,-1
206,11,642,302,10,13,1,-1,-1,-1
206,12,667,320,10,15,1,-1,-1,-1
206,13,659,308,10,13,1,-1,-1,-1
206,14,656,293,10,11,1,-1,-1,-1
206,15,642,295,10,11,1,-1,-1,-1
206,16,641,285,10,11,1,-1,-1,-1
206,17,654,283,10,9,1,-1,-1,-1
206,18,655,271,9,11,1,-1,-1,-1
206,26,817,341,14,17,1,-1,-1,-1
206,27,662,378,11,15,1,-1,-1,-1
206,28,654,356,13,17,1,-1,-1,-1
206,29,654,341,11,13,1,-1,-1,-1
206,33,612,370,13,23,1,-1,-1,-1
206,34,592,366,14,21,1,-1,-1,-1
206,35,591,343,14,21,1,-1,-1,-1
206,37,612,298,11,13,1,-1,-1,-1
206,38,707,291,10,11,1,-1,-1,-1
206,39,753,320,13,11,1,-1,-1,-1
206,40,673,295,10,11,1,-1,-1,-1
206,41,692,304,10,11,1,-1,-1,-1
206,42,816,370,18,13,1,-1,-1,-1
206,43,838,514,20,24,1,-1,-1,-1
206,44,897,518,21,21,1,-1,-1,-1
206,45,952,515,39,23,1,-1,-1,-1
206,46,930,518,25,21,1,-1,-1,-1
207,0,573,320,13,11,1,-1,-1,-1
207,1,599,329,10,13,1,-1,-1,-1
207,2,612,327,10,13,1,-1,-1,-1
207,4,611,345,10,15,1,-1,-1,-1
207,5,612,360,13,13,1,-1,-1,-1
207,6,646,316,10,13,1,-1,-1,-1
207,7,651,327,13,13,1,-1,-1,-1
207,8,671,345,13,15,1,-1,-1,-1
207,9,679,362,10,15,1,-1,-1,-1
207,10,683,379,13,17,1,-1,-1,-1
207,11,643,302,10,13,1,-1,-1,-1
207,12,667,318,10,15,1,-1,-1,-1
207,13,659,308,10,13,1,-1,-1,-1
207,14,656,293,10,11,1,-1,-1,-1
207,15,642,293,10,11,1,-1,-1,-1
207,16,642,285,10,11,1,-1,-1,-1
207,17,654,283,10,9,1,-1,-1,-1
207,18,655,271,9,11,1,-1,-1,-1
207,26,817,341,14,17,1,-1,-1,-1
207,27,660,376,11,15,1,-1,-1,-1
207,28,654,354,13,17,1,-1,-1,-1
207,29,654,339,11,13,1,-1,-1,-1
207,33,612,370,13,23,1,-1,-1,-1
207,34,592,366,14,21,1,-1,-1,-1
207,35,591,343,14,21,1,-1,-1,-1
207,37,612,300,11,13,1,-1,-1,-1
207,38,706,289,10,11,1,-1,-1,-1
207,39,754,318,13,11,1,-1,-1,-1
207,40,675,293,10,11,1,-1,-1,-1
207,41,692,304,10,11,1,-1,-1,-1
207,42,815,368,18,13,1,-1,-1,-1
207,43,838,514,20,25,1,-1,-1,-1
207,44,897,516,22,22,1,-1,-1,-1
207,45,954,515,39,24,1,-1,-1,-1
207,46,930,516,26,22,1,-1,-1,-1
208,0,573,320,13,11,1,-1,-1,-1
208,1,599,329,10,13,1,-1,-1,-1
208,2,612,327,10,13,1,-1,-1,-1
208,4,609,343,10,15,1,-1,-1,-1
208,5,612,358,13,13,1,-1,-1,-1
208,6,646,316,10,13,1,-1,-1,-1
208,7,650,327,13,13,1,-1,-1,-1
208,8,672,343,13,15,1,-1,-1,-1
208,9,677,362,10,15,1,-1,-1,-1
208,10,684,378,13,17,1,-1,-1,-1
208,11,642,302,10,13,1,-1,-1,-1
208,12,668,318,10,15,1,-1,-1,-1
208,13,659,308,10,13,1,-1,-1,-1
208,14,656,291,10,11,1,-1,-1,-1
208,15,642,293,10,11,1,-1,-1,-1
208,16,641,283,10,11,1,-1,-1,-1
208,17,654,283,10,9,1,-1,-1,-1
208,18,654,271,9,11,1,-1,-1,-1
208,26,817,339,14,17,1,-1,-1,-1
208,27,660,376,11,15,1,-1,-1,-1
208,28,654,354,13,17,1,-1,-1,-1
208,29,654,339,11,13,1,-1,-1,-1
208,33,612,370,13,23,1,-1,-1,-1
208,34,594,364,14,21,1,-1,-1,-1
208,35,591,343,14,21,1,-1,-1,-1
208,37,612,300,11,13,1,-1,-1,-1
208,38,706,289,10,11,1,-1,-1,-1
208,39,753,318,13,11,1,-1,-1,-1
208,40,673,295,10,11,1,-1,-1,-1
208,41,692,306,10,11,1,-1,-1,-1
208,42,815,368,18,13,1,-1,-1,-1
208,43,838,513,19,25,1,-1,-1,-1
208,44,897,516,22,23,1,-1,-1,-1
208,45,953,514,41,25,1,-1,-1,-1
208,46,929,516,27,22,1,-1,-1,-1
209,0,573,320,13,11,1,-1,-1,-1
209,1,599,327,10,13,1,-1,-1,-1
209,2,612,327,10,13,1,-1,-1,-1
209,4,611,343,10,15,1,-1,-1,-1
209,5,612,360,13,13,1,-1,-1,-1
209,6,646,316,10,13,1,-1,-1,-1
209,7,651,327,13,13,1,-1,-1,-1
209,8,671,345,13,15,1,-1,-1,-1
209,9,677,360,10,15,1,-1,-1,-1
209,10,683,376,13,17,1,-1,-1,-1
209,11,642,302,10,13,1,-1,-1,-1
209,12,668,318,10,15,1,-1,-1,-1
209,13,659,308,10,13,1,-1,-1,-1
209,14,656,291,10,11,1,-1,-1,-1
209,15,642,293,10,11,1,-1,-1,-1
209,16,641,283,10,11,1,-1,-1,-1
209,17,654,281,10,9,1,-1,-1,-1
209,18,655,271,9,11,1,-1,-1,-1
209,26,817,339,14,17,1,-1,-1,-1
209,27,660,376,11,15,1,-1,-1,-1
209,28,655,354,13,17,1,-1,-1,-1
209,29,654,339,11,13,1,-1,-1,-1
209,33,613,370,13,23,1,-1,-1,-1
209,34,592,366,14,21,1,-1,-1,-1
209,35,591,341,14,21,1,-1,-1,-1
209,37,612,298,11,13,1,-1,-1,-1
209,38,706,287,10,11,1,-1,-1,-1
209,39,753,316,13,11,1,-1,-1,-1
209,40,675,295,10,11,1,-1,-1,-1
209,41,692,306,10,11,1,-1,-1,-1
209,42,815,366,18,13,1,-1,-1,-1
209,43,838,511,19,25,1,-1,-1,-1
209,44,897,516,22,21,1,-1,-1,-1
209,45,955,512,43,27,1,-1,-1,-1
209,46,929,516,26,23,1,-1,-1,-1
209,47,784,384,17,14,1,-1,-1,-1
210,0,573,318,13,11,1,-1,-1,-1
210,1,599,327,10,13,1,-1,-1,-1
210,2,612,327,10,13,1,-1,-1,-1
210,4,611,343,10,15,1,-1,-1,-1
210,5,611,358,13,13,1,-1,-1,-1
210,6,646,314,10,13,1,-1,-1,-1
210,7,651,327,13,13,1,-1,-1,-1
210,8,672,343,13,15,1,-1,-1,-1
210,9,677,362,10,15,1,-1,-1,-1
210,10,683,376,13,17,1,-1,-1,-1
210,11,642,300,10,13,1,-1,-1,-1
210,12,668,318,10,15,1,-1,-1,-1
210,13,659,308,10,13,1,-1,-1,-1
210,14,656,291,10,11,1,-1,-1,-1
210,15,642,293,10,11,1,-1,-1,-1
210,16,641,283,10,11,1,-1,-1,-1
210,17,654,281,10,9,1,-1,-1,-1
210,18,655,270,9,11,1,-1,-1,-1
210,26,817,339,14,17,1,-1,-1,-1
210,27,660,376,11,15,1,-1,-1,-1
210,28,654,354,13,17,1,-1,-1,-1
210,29,654,339,11,13,1,-1,-1,-1
210,33,612,370,13,23,1,-1,-1,-1
210,34,592,364,14,21,1,-1,-1,-1
210,35,591,341,14,21,1,-1,-1,-1
210,37,612,298,11,13,1,-1,-1,-1
210,38,706,287,10,11,1,-1,-1,-1
210,39,753,316,13,11,1,-1,-1,-1
210,40,675,295,10,11,1,-1,-1,-1
210,41,693,306,10,11,1,-1,-1,-1
210,42,813,364,18,13,1,-1,-1,-1
210,43,838,511,19,25,1,-1,-1,-1
210,44,898,514,22,21,1,-1,-1,-1
210,45,955,512,40,26,1,-1,-1,-1
210,46,929,516,28,23,1,-1,-1,-1
210,47,783,383,16,13,1,-1,-1,-1
211,0,573,318,13,11,1,-1,-1,-1
211,1,599,327,10,13,1,-1,-1,-1
211,2,612,327,10,13,1,-1,-1,-1
211,4,611,343,10,15,1,-1,-1,-1
211,5,612,358,13,13,1,-1,-1,-1
211,6,646,314,10,13,1,-1,-1,-1
211,7,651,325,13,13,1,-1,-1,-1
211,8,672,343,13,15,1,-1,-1,-1
211,9,679,360,10,15,1,-1,-1,-1
211,10,684,376,13,17,1,-1,-1,-1
211,11,642,302,10,13,1,-1,-1,-1
211,12,668,318,10,15,1,-1,-1,-1
211,13,659,306,10,13,1,-1,-1,-1
211,14,658,291,10,11,1,-1,-1,-1
211,15,642,293,10,11,1,-1,-1,-1
211,16,641,283,10,11,1,-1,-1,-1
211,17,654,281,10,9,1,-1,-1,-1
211,18,655,271,9,11,1,-1,-1,-1
211,26,817,339,14,17,1,-1,-1,-1
211,27,662,376,11,15,1,-1,-1,-1
211,28,654,354,13,17,1,-1,-1,-1
211,29,654,339,11,13,1,-1,-1,-1
211,33,612,370,13,23,1,-1,-1,-1
211,34,592,364,14,21,1,-1,-1,-1
211,35,592,341,14,21,1,-1,-1,-1
211,37,612,298,11,13,1,-1,-1,-1
211,38,706,285,10,11,1,-1,-1,-1
211,39,753,314,13,11,1,-1,-1,-1
211,40,675,296,10,11,1,-1,-1,-1
211,41,693,306,10,11,1,-1,-1,-1
211,42,813,364,18,13,1,-1,-1,-1
211,43,838,511,19,25,1,-1,-1,-1
211,44,898,514,22,21,1,-1,-1,-1
211,45,956,512,42,27,1,-1,-1,-1
211,46,930,514,25,24,1,-1,-1,-1
211,47,783,383,16,13,1,-1,-1,-1
211,48,676,261,10,11,1,-1,-1,-1
212,0,573,316,13,11,1,-1,-1,-1
212,1,599,327,10,13,1,-1,-1,-1
212,2,612,327,10,13,1,-1,-1,-1
212,4,611,341,10,15,1,-1,-1,-1
212,5,612,358,13,13,1,-1,-1,-1
212,6,647,314,10,13,1,-1,-1,-1
212,7,651,325,13,13,1,-1,-1,-1
212,8,672,343,13,15,1,-1,-1,-1
212,9,677,360,10,15,1,-1,-1,-1
212,10,683,376,13,17,1,-1,-1,-1
212,11,642,300,10,13,1,-1,-1,-1
212,12,668,318,10,15,1,-1,-1,-1
212,13,659,306,10,13,1,-1,-1,-1
212,14,658,291,10,11,1,-1,-1,-1
212,15,642,291,10,11,1,-1,-1,-1
212,16,641,283,10,11,1,-1,-1,-1
212,17,654,281,10,9,1,-1,-1,-1
212,18,655,270,9,11,1,-1,-1,-1
212,26,817,339,14,17,1,-1,-1,-1
212,27,662,374,11,15,1,-1,-1,-1
212,28,654,354,13,17,1,-1,-1,-1
212,29,654,337,11,13,1,-1,-1,-1
212,33,612,368,13,23,1,-1,-1,-1
212,34,594,364,14,21,1,-1,-1,-1
212,35,592,341,14,21,1,-1,-1,-1
212,37,612,298,11,13,1,-1,-1,-1
212,38,706,285,10,11,1,-1,-1,-1
212,39,752,314,13,11,1,-1,-1,-1
212,40,675,295,10,11,1,-1,-1,-1
212,41,693,306,13,13,1,-1,-1,-1
212,42,812,362,18,13,1,-1,-1,-1
212,43,838,509,19,25,1,-1,-1,-1
212,44,898,514,22,21,1,-1,-1,-1
212,45,955,511,41,28,1,-1,-1,-1
212,46,931,514,27,24,1,-1,-1,-1
212,47,782,383,16,13,1,-1,-1,-1
212,48,676,260,10,11,1,-1,-1,-1
213,0,573,316,13,11,1,-1,-1,-1
213,1,599,327,10,13,1,-1,-1,-1
213,2,612,327,10,13,1,-1,-1,-1
213,4,611,341,10,15,1,-1,-1,-1
213,5,612,358,13,13,1,-1,-1,-1
213,6,647,314,10,13,1,-1,-1,-1
213,7,651,325,13,13,1,-1,-1,-1
213,8,672,343,13,15,1,-1,-1,-1
213,9,679,360,10,15,1,-1,-1,-1
213,10,683,376,13,17,1,-1,-1,-1
213,11,642,300,10,13,1,-1,-1,-1
213,12,668,316,10,15,1,-1,-1,-1
213,13,660,306,10,13,1,-1,-1,-1
213,14,658,291,10,11,1,-1,-1,-1
213,15,642,293,10,11,1,-1,-1,-1
213,16,642,283,10,11,1,-1,-1,-1
213,17,654,281,10,9,1,-1,-1,-1
213,18,655,268,9,11,1,-1,-1,-1
213,26,817,337,14,17,1,-1,-1,-1
213,27,662,376,11,15,1,-1,-1,-1
213,28,655,352,13,17,1,-1,-1,-1
213,29,654,337,11,13,1,-1,-1,-1
213,33,613,368,13,23,1,-1,-1,-1
213,34,594,364,14,21,1,-1,-1,-1
213,35,591,341,14,21,1,-1,-1,-1
213,37,612,298,11,13,1,-1,-1,-1
213,38,706,283,10,11,1,-1,-1,-1
213,39,752,312,13,11,1,-1,-1,-1
213,40,676,295,10,11,1,-1,-1,-1
213,41,693,306,13,13,1,-1,-1,-1
213,42,812,362,18,13,1,-1,-1,-1
213,43,838,509,19,25,1,-1,-1,-1
213,44,898,514,22,21,1,-1,-1,-1
213,45,956,511,39,28,1,-1,-1,-1
213,46,931,514,27,25,1,-1,-1,-1
213,47,782,381,16,13,1,-1,-1,-1
213,48,676,260,10,11,1,-1,-1,-1
214,0,573,316,13,11,1,-1,-1,-1
214,1,599,327,10,13,1,-1,-1,-1
214,2,612,325,10,13,1,-1,-1,-1
214,4,611,341,10,15,1,-1,-1,-1
214,5,612,358,13,13,1,-1,-1,-1
214,6,647,314,10,13,1,-1,-1,-1
214,7,651,325,13,13,1,-1,-1,-1
214,8,672,343,13,15,1,-1,-1,-1
214,9,679,360,10,15,1,-1,-1,-1
214,10,684,376,13,17,1,-1,-1,-1
214,11,642,300,10,13,1,-1,-1,-1
214,12,667,316,10,15,1,-1,-1,-1
214,13,659,306,10,13,1,-1,-1,-1
214,14,658,291,10,11,1,-1,-1,-1
214,15,642,291,10,11,1,-1,-1,-1
214,16,642,281,10,11,1,-1,-1,-1
214,17,654,281,10,9,1,-1,-1,-1
214,18,655,268,9,11,1,-1,-1,-1
214,26,817,337,14,17,1,-1,-1,-1
214,27,662,374,11,15,1,-1,-1,-1
214,28,654,352,13,17,1,-1,-1,-1
214,29,654,337,11,13,1,-1,-1,-1
214,33,612,368,13,23,1,-1,-1,-1
214,34,592,362,14,21,1,-1,-1,-1
214,35,591,341,14,21,1,-1,-1,-1
214,37,612,298,11,13,1,-1,-1,-1
214,38,705,283,10,11,1,-1,-1,-1
214,39,751,312,13,11,1,-1,-1,-1
214,40,676,295,10,11,1,-1,-1,-1
214,41,693,306,13,13,1,-1,-1,-1
214,42,812,362,18,13,1,-1,-1,-1
214,43,838,507,19,25,1,-1,-1,-1
214,44,898,513,22,21,1,-1,-1,-1
214,45,955,511,37,26,1,-1,-1,-1
214,46,932,513,28,25,1,-1,-1,-1
214,47,782,379,16,13,1,-1,-1,-1
214,48,676,260,10,11,1,-1,-1,-1
214,49,870,518,24,21,1,-1,-1,-1
215,0,573,316,13,11,1,-1,-1,-1
215,1,599,325,10,13,1,-1,-1,-1
215,2,612,325,10,13,1,-1,-1,-1
215,4,609,341,10,15,1,-1,-1,-1
215,5,612,358,13,13,1,-1,-1,-1
215,6,647,314,10,13,1,-1,-1,-1
215,7,651,325,13,13,1,-1,-1,-1
215,8,672,343,13,15,1,-1,-1,-1
215,9,679,360,10,15,1,-1,-1,-1
215,10,684,374,13,17,1,-1,-1,-1
215,11,643,300,10,13,1,-1,-1,-1
215,12,667,318,10,15,1,-1,-1,-1
215,13,659,306,10,13,1,-1,-1,-1
215,14,656,289,10,11,1,-1,-1,-1
215,15,642,291,10,11,1,-1,-1,-1
215,16,642,283,10,11,1,-1,-1,-1
215,17,654,279,10,9,1,-1,-1,-1
215,18,655,268,9,11,1,-1,-1,-1
215,26,817,337,14,17,1,-1,-1,-1
215,27,662,374,11,15,1,-1,-1,-1
215,28,655,352,13,17,1,-1,-1,-1
215,29,654,337,11,13,1,-1,-1,-1
215,33,612,368,13,23,1,-1,-1,-1
215,34,592,362,14,21,1,-1,-1,-1
215,35,591,339,14,21,1,-1,-1,-1
215,37,612,297,11,13,1,-1,-1,-1
215,38,705,281,10,11,1,-1,-1,-1
215,39,751,310,13,11,1,-1,-1,-1
215,40,676,297,10,11,1,-1,-1,-1
215,41,693,306,13,13,1,-1,-1,-1
215,42,811,360,18,13,1,-1,-1,-1
215,43,838,505,19,25,1,-1,-1,-1
215,44,898,513,22,21,1,-1,-1,-1
215,45,957,511,37,27,1,-1,-1,-1
215,46,931,514,30,25,1,-1,-1,-1
215,47,783,378,16,14,1,-1,-1,-1
215,48,677,262,10,11,1,-1,-1,-1
215,49,869,516,24,22,1,-1,-1,-1
216,0,573,314,13,11,1,-1,-1,-1
216,1,599,325,10,13,1,-1,-1,-1
216,2,612,325,10,13,1,-1,-1,-1
216,4,611,341,10,15,1,-1,-1,-1
216,5,612,356,13,13,1,-1,-1,-1
216,6,647,312,10,13,1,-1,-1,-1
216,7,651,324,13,13,1,-1,-1,-1
216,8,672,343,13,15,1,-1,-1,-1
216,9,679,358,10,15,1,-1,-1,-1
216,10,684,374,13,17,1,-1,-1,-1
216,11,643,298,10,13,1,-1,-1,-1
216,12,668,316,10,15,1,-1,-1,-1
216,13,659,306,10,13,1,-1,-1,-1
216,14,658,291,10,11,1,-1,-1,-1
216,15,642,291,10,11,1,-1,-1,-1
216,16,642,281,10,11,1,-1,-1,-1
216,17,654,281,10,9,1,-1,-1,-1
216,18,655,268,9,11,1,-1,-1,-1
216,26,818,337,14,17,1,-1,-1,-1
216,27,662,374,11,15,1,-1,-1,-1
216,28,654,352,13,17,1,-1,-1,-1
216,29,654,337,11,13,1,-1,-1,-1
216,33,613,368,13,23,1,-1,-1,-1
216,34,592,362,14,21,1,-1,-1,-1
216,35,591,339,14,21,1,-1,-1,-1
216,37,612,298,11,13,1,-1,-1,-1
216,38,705,281,10,11,1,-1,-1,-1
216,39,749,308,13,11,1,-1,-1,-1
216,40,676,297,10,11,1,-1,-1,-1
216,41,693,306,13,13,1,-1,-1,-1
216,42,811,360,18,13,1,-1,-1,-1
216,43,838,507,19,25,1,-1,-1,-1
216,44,899,513,22,21,1,-1,-1,-1
216,45,956,511,39,28,1,-1,-1,-1
216,46,931,512,28,26,1,-1,-1,-1
216,47,782,376,15,13,1,-1,-1,-1
216,48,677,260,10,11,1,-1,-1,-1
216,49,869,516,23,22,1,-1,-1,-1
217,0,573,314,13,11,1,-1,-1,-1
217,1,599,325,10,13,1,-1,-1,-1
217,2,612,325,10,13,1,-1,-1,-1
217,4,611,341,10,15,1,-1,-1,-1
217,5,612,356,13,13,1,-1,-1,-1
217,6,647,312,10,13,1,-1,-1,-1
217,7,651,325,13,13,1,-1,-1,-1
217,8,673,343,13,15,1,-1,-1,-1
217,9,679,358,10,15,1,-1,-1,-1
217,10,684,374,13,17,1,-1,-1,-1
217,11,643,300,10,13,1,-1,-1,-1
217,12,668,316,10,15,1,-1,-1,-1
217,13,659,304,10,13,1,-1,-1,-1
217,14,658,289,10,11,1,-1,-1,-1
217,15,642,291,10,11,1,-1,-1,-1
217,16,642,281,10,11,1,-1,-1,-1
217,17,654,279,10,9,1,-1,-1,-1
217,18,655,268,9,11,1,-1,-1,-1
217,26,818,337,14,17,1,-1,-1,-1
217,27,660,374,11,15,1,-1,-1,-1
217,28,655,352,13,17,1,-1,-1,-1
217,29,654,335,11,13,1,-1,-1,-1
217,33,613,368,13,23,1,-1,-1,-1
217,34,592,362,14,21,1,-1,-1,-1
217,35,591,339,14,21,1,-1,-1,-1
217,37,612,298,11,13,1,-1,-1,-1
217,38,705,279,10,11,1,-1,-1,-1
217,39,749,308,13,11,1,-1,-1,-1
217,40,676,297,10,11,1,-1,-1,-1
217,41,694,308,13,13,1,-1,-1,-1
217,42,811,358,18,13,1,-1,-1,-1
217,43,838,505,19,25,1,-1,-1,-1
217,44,899,511,22,21,1,-1,-1,-1
217,45,958,510,40,29,1,-1,-1,-1
217,46,932,513,27,26,1,-1,-1,-1
217,47,782,376,15,13,1,-1,-1,-1
217,48,677,262,10,11,1,-1,-1,-1
217,49,871,516,23,21,1,-1,-1,-1
218,0,573,312,13,11,1,-1,-1,-1
218,1,599,325,10,13,1,-1,-1,-1
218,2,612,325,10,13,1,-1,-1,-1
218,4,611,339,10,15,1,-1,-1,-1
218,5,612,356,13,13,1,-1,-1,-1
218,6,647,312,10,13,1,-1,-1,-1
218,7,653,322,13,13,1,-1,-1,-1
218,8,672,343,13,15,1,-1,-1,-1
218,9,679,358,10,15,1,-1,-1,-1
218,10,683,374,13,17,1,-1,-1,-1
218,11,643,298,10,13,1,-1,-1,-1
218,12,670,316,10,15,1,-1,-1,-1
218,13,660,304,10,13,1,-1,-1,-1
218,14,658,289,10,11,1,-1,-1,-1
218,15,642,291,10,11,1,-1,-1,-1
218,16,642,281,10,11,1,-1,-1,-1
218,17,654,279,10,9,1,-1,-1,-1
218,18,655,268,9,11,1,-1,-1,-1
218,26,818,337,14,17,1,-1,-1,-1
218,27,662,374,11,15,1,-1,-1,-1
218,28,655,352,13,17,1,-1,-1,-1
218,29,654,335,11,13,1,-1,-1,-1
218,33,612,368,13,23,1,-1,-1,-1
218,34,592,362,14,21,1,-1,-1,-1
218,35,591,339,14,21,1,-1,-1,-1
218,37,612,298,11,13,1,-1,-1,-1
218,38,704,279,10,11,1,-1,-1,-1
218,39,749,308,13,11,1,-1,-1,-1
218,40,676,297,10,11,1,-1,-1,-1
218,41,694,308,13,13,1,-1,-1,-1
218,42,809,358,18,13,1,-1,-1,-1
218,43,838,505,19,25,1,-1,-1,-1
218,44,899,511,22,21,1,-1,-1,-1
218,45,957,509,42,30,1,-1,-1,-1
218,46,926,510,32,29,1,-1,-1,-1
218,47,782,374,15,13,1,-1,-1,-1
218,48,679,262,10,11,1,-1,-1,-1
218,49,871,516,23,23,1,-1,-1,-1
219,0,573,312,13,11,1,-1,-1,-1
219,1,599,325,10,13,1,-1,-1,-1
219,2,612,325,10,13,1,-1,-1,-1
219,4,611,339,10,15,1,-1,-1,-1
219,5,612,356,13,13,1,-1,-1,-1
219,6,646,312,10,13,1,-1,-1,-1
219,7,651,324,13,13,1,-1,-1,-1
219,8,673,341,13,15,1,-1,-1,-1
219,9,679,358,10,15,1,-1,-1,-1
219,10,684,374,13,17,1,-1,-1,-1
219,11,643,298,10,13,1,-1,-1,-1
219,12,670,316,10,15,1,-1,-1,-1
219,13,659,304,10,13,1,-1,-1,-1
219,14,658,289,10,11,1,-1,-1,-1
219,15,642,289,10,11,1,-1,-1,-1
219,16,642,281,10,11,1,-1,-1,-1
219,17,654,279,10,9,1,-1,-1,-1
219,18,655,268,9,11,1,-1,-1,-1
219,26,818,337,14,17,1,-1,-1,-1
219,27,662,372,11,15,1,-1,-1,-1
219,28,655,352,13,17,1,-1,-1,-1
219,29,654,335,11,13,1,-1,-1,-1
219,33,613,368,13,23,1,-1,-1,-1
219,34,592,360,14,21,1,-1,-1,-1
219,35,591,339,14,21,1,-1,-1,-1
219,37,612,297,11,13,1,-1,-1,-1
219,38,704,277,10,11,1,-1,-1,-1
219,39,748,306,13,11,1,-1,-1,-1
219,40,676,297,10,11,1,-1,-1,-1
219,41,694,308,13,13,1,-1,-1,-1
219,42,809,356,18,13,1,-1,-1,-1
219,43,838,503,19,25,1,-1,-1,-1
219,44,899,511,22,21,1,-1,-1,-1
219,45,957,509,40,29,1,-1,-1,-1
219,46,932,511,28,27,1,-1,-1,-1
219,47,782,374,15,13,1,-1,-1,-1
219,48,677,262,10,11,1,-1,-1,-1
219,49,870,515,24,24,1,-1,-1,-1
220,0,573,312,13,11,1,-1,-1,-1
220,1,599,324,10,13,1,-1,-1,-1
220,2,612,325,10,13,1,-1,-1,-1
220,4,612,339,10,15,1,-1,-1,-1
220,5,612,356,13,13,1,-1,-1,-1
220,6,646,312,10,13,1,-1,-1,-1
220,7,653,322,13,13,1,-1,-1,-1
220,8,673,341,13,15,1,-1,-1,-1
220,9,679,358,10,15,1,-1,-1,-1
220,10,684,372,13,17,1,-1,-1,-1
220,11,642,298,10,13,1,-1,-1,-1
220,12,668,316,10,15,1,-1,-1,-1
220,13,660,304,10,13,1,-1,-1,-1
220,14,658,289,10,11,1,-1,-1,-1
220,15,642,289,10,11,1,-1,-1,-1
220,16,642,281,10,11,1,-1,-1,-1
220,17,654,279,10,9,1,-1,-1,-1
220,18,655,266,9,11,1,-1,-1,-1
220,26,818,335,14,17,1,-1,-1,-1
220,27,663,372,11,15,1,-1,-1,-1
220,28,655,351,13,17,1,-1,-1,-1
220,29,654,335,11,13,1,-1,-1,-1
220,33,613,366,13,23,1,-1,-1,-1
220,34,592,360,14,21,1,-1,-1,-1
220,35,591,337,14,21,1,-1,-1,-1
220,37,612,297,11,13,1,-1,-1,-1
220,38,704,275,10,11,1,-1,-1,-1
220,39,748,306,13,11,1,-1,-1,-1
220,40,677,298,10,11,1,-1,-1,-1
220,41,696,308,13,13,1,-1,-1,-1
220,42,809,356,18,13,1,-1,-1,-1
220,43,838,501,19,25,1,-1,-1,-1
220,44,899,511,22,21,1,-1,-1,-1
220,45,960,509,39,30,1,-1,-1,-1
220,46,932,511,28,28,1,-1,-1,-1
220,47,782,374,15,13,1,-1,-1,-1
220,48,677,262,10,11,1,-1,-1,-1
220,49,869,514,23,23,1,-1,-1,-1
221,0,573,310,13,11,1,-1,-1,-1
221,1,599,324,10,13,1,-1,-1,-1
221,2,612,324,10,13,1,-1,-1,-1
221,4,611,339,10,15,1,-1,-1,-1
221,5,612,354,13,13,1,-1,-1,-1
221,6,647,310,10,13,1,-1,-1,-1
221,7,651,322,13,13,1,-1,-1,-1
221,8,673,341,13,15,1,-1,-1,-1
221,9,679,356,10,15,1,-1,-1,-1
221,10,684,372,13,17,1,-1,-1,-1
221,11,642,298,10,13,1,-1,-1,-1
221,12,668,316,10,15,1,-1,-1,-1
221,13,659,304,10,13,1,-1,-1,-1
221,14,658,289,10,11,1,-1,-1,-1
221,15,642,289,10,11,1,-1,-1,-1
221,16,642,279,10,11,1,-1,-1,-1
221,17,654,279,10,9,1,-1,-1,-1
221,18,656,268,9,11,1,-1,-1,-1
221,26,820,335,14,17,1,-1,-1,-1
221,27,662,372,11,15,1,-1,-1,-1
221,28,655,352,13,17,1,-1,-1,-1
221,29,654,335,11,13,1,-1,-1,-1
221,33,613,368,13,23,1,-1,-1,-1
221,34,592,360,14,21,1,-1,-1,-1
221,35,591,337,14,21,1,-1,-1,-1
221,37,612,297,11,13,1,-1,-1,-1
221,38,704,275,10,11,1,-1,-1,-1
221,39,748,304,13,11,1,-1,-1,-1
221,40,677,298,10,11,1,-1,-1,-1
221,41,696,308,13,13,1,-1,-1,-1
221,42,808,354,18,13,1,-1,-1,-1
221,43,837,499,19,25,1,-1,-1,-1
221,44,899,509,22,21,1,-1,-1,-1
221,45,958,509,38,30,1,-1,-1,-1
221,46,932,511,28,28,1,-1,-1,-1
221,47,782,372,15,13,1,-1,-1,-1
221,48,679,262,10,11,1,-1,-1,-1
221,49,869,514,23,23,1,-1,-1,-1
222,0,573,310,13,11,1,-1,-1,-1
222,1,599,324,10,13,1,-1,-1,-1
222,2,612,325,10,13,1,-1,-1,-1
222,4,611,339,10,15,1,-1,-1,-1
222,5,612,354,13,13,1,-1,-1,-1
222,6,647,310,10,13,1,-1,-1,-1
222,7,651,322,13,13,1,-1,-1,-1
222,8,673,341,13,15,1,-1,-1,-1
222,9,680,356,10,15,1,-1,-1,-1
222,10,684,372,13,17,1,-1,-1,-1
222,11,642,297,10,13,1,-1,-1,-1
222,12,668,314,10,15,1,-1,-1,-1
222,13,660,304,10,13,1,-1,-1,-1
222,14,659,289,10,11,1,-1,-1,-1
222,15,642,289,10,11,1,-1,-1,-1
222,16,641,279,10,11,1,-1,-1,-1
222,17,654,279,10,9,1,-1,-1,-1
222,18,655,266,9,11,1,-1,-1,-1
222,26,820,335,14,17,1,-1,-1,-1
222,27,662,372,11,15,1,-1,-1,-1
222,28,655,351,13,17,1,-1,-1,-1
222,29,654,335,11,13,1,-1,-1,-1
222,33,613,366,13,23,1,-1,-1,-1
222,34,592,360,14,21,1,-1,-1,-1
222,35,591,337,14,21,1,-1,-1,-1
222,37,612,295,11,13,1,-1,-1,-1
222,38,702,275,10,11,1,-1,-1,-1
222,39,748,304,13,11,1,-1,-1,-1
222,40,677,298,10,11,1,-1,-1,-1
222,41,697,308,13,13,1,-1,-1,-1
222,42,808,352,18,13,1,-1,-1,-1
222,43,837,499,19,25,1,-1,-1,-1
222,44,901,509,22,21,1,-1,-1,-1
222,45,957,509,39,30,1,-1,-1,-1
222,46,932,509,31,30,1,-1,-1,-1
222,47,781,372,15,13,1,-1,-1,-1
222,48,679,262,10,11,1,-1,-1,-1
222,49,871,513,23,23,1,-1,-1,-1
223,0,573,310,13,11,1,-1,-1,-1
223,1,599,324,10,13,1,-1,-1,-1
223,2,612,324,10,13,1,-1,-1,-1
223,4,611,337,10,15,1,-1,-1,-1
223,5,612,354,13,13,1,-1,-1,-1
223,6,647,310,10,13,1,-1,-1,-1
223,7,653,322,13,13,1,-1,-1,-1
223,8,673,341,13,15,1,-1,-1,-1
223,9,679,356,10,15,1,-1,-1,-1
223,10,684,370,13,17,1,-1,-1,-1
223,11,643,297,10,13,1,-1,-1,-1
223,12,668,314,10,15,1,-1,-1,-1
223,13,660,302,10,13,1,-1,-1,-1
223,14,659,287,10,11,1,-1,-1,-1
223,15,642,287,10,11,1,-1,-1,-1
223,16,642,279,10,11,1,-1,-1,-1
223,17,655,279,10,9,1,-1,-1,-1
223,18,655,266,9,11,1,-1,-1,-1
223,26,820,335,14,17,1,-1,-1,-1
223,27,662,372,11,15,1,-1,-1,-1
223,28,655,349,13,17,1,-1,-1,-1
223,29,654,335,11,13,1,-1,-1,-1
223,33,613,366,13,23,1,-1,-1,-1
223,34,592,360,14,21,1,-1,-1,-1
223,35,592,337,14,21,1,-1,-1,-1
223,37,612,295,11,13,1,-1,-1,-1
223,38,702,273,10,11,1,-1,-1,-1
223,39,748,303,13,11,1,-1,-1,-1
223,40,676,296,11,13,1,-1,-1,-1
223,41,697,308,13,13,1,-1,-1,-1
223,42,808,352,18,13,1,-1,-1,-1
223,43,837,499,19,25,1,-1,-1,-1
223,44,901,509,22,23,1,-1,-1,-1
223,45,958,507,39,31,1,-1,-1,-1
223,46,932,509,27,30,1,-1,-1,-1
223,47,782,370,15,13,1,-1,-1,-1
223,48,680,262,10,11,1,-1,-1,-1
223,49,871,513,23,23,1,-1,-1,-1
224,0,573,310,13,11,1,-1,-1,-1
224,1,599,322,10,13,1,-1,-1,-1
224,2,612,322,10,13,1,-1,-1,-1
224,4,611,337,10,15,1,-1,-1,-1
224,5,612,354,13,13,1,-1,-1,-1
224,6,647,310,10,13,1,-1,-1,-1
224,7,653,320,13,13,1,-1,-1,-1
224,8,673,341,13,15,1,-1,-1,-1
224,9,679,356,10,15,1,-1,-1,-1
224,10,684,372,13,17,1,-1,-1,-1
224,11,643,297,10,13,1,-1,-1,-1
224,12,668,314,10,15,1,-1,-1,-1
224,13,660,304,10,13,1,-1,-1,-1
224,14,659,287,10,11,1,-1,-1,-1
224,15,642,289,10,11,1,-1,-1,-1
224,16,642,279,10,11,1,-1,-1,-1
224,17,654,277,10,9,1,-1,-1,-1
224,18,656,266,9,11,1,-1,-1,-1
224,26,820,333,14,17,1,-1,-1,-1
224,27,662,370,11,15,1,-1,-1,-1
224,28,655,351,13,17,1,-1,-1,-1
224,29,654,335,11,13,1,-1,-1,-1
224,33,613,366,13,23,1,-1,-1,-1
224,34,592,358,14,21,1,-1,-1,-1
224,35,592,337,14,21,1,-1,-1,-1
224,37,612,295,11,13,1,-1,-1,-1
224,38,702,271,10,11,1,-1,-1,-1
224,39,749,302,13,11,1,-1,-1,-1
224,40,676,295,10,13,1,-1,-1,-1
224,41,697,310,13,13,1,-1,-1,-1
224,42,808,352,18,13,1,-1,-1,-1
224,43,837,497,19,25,1,-1,-1,-1
224,44,902,509,22,21,1,-1,-1,-1
224,45,958,507,41,32,1,-1,-1,-1
224,46,931,507,30,31,1,-1,-1,-1
224,47,781,370,16,15,1,-1,-1,-1
224,48,680,262,10,11,1,-1,-1,-1
224,49,871,511,23,23,1,-1,-1,-1
224,50,776,479,19,28,1,-1,-1,-1
225,0,573,308,13,11,1,-1,-1,-1
225,1,599,322,10,13,1,-1,-1,-1
225,2,612,324,10,13,1,-1,-1,-1
225,4,612,337,10,15,1,-1,-1,-1
225,5,612,354,13,13,1,-1,-1,-1
225,6,647,310,10,13,1,-1,-1,-1
225,7,651,320,13,13,1,-1,-1,-1
225,8,673,341,13,15,1,-1,-1,-1
225,9,680,356,10,15,1,-1,-1,-1
225,10,684,370,13,17,1,-1,-1,-1
225,11,643,295,10,13,1,-1,-1,-1
225,12,668,314,10,15,1,-1,-1,-1
225,13,660,302,10,13,1,-1,-1,-1
225,14,659,287,10,11,1,-1,-1,-1
225,15,642,287,10,11,1,-1,-1,-1
225,16,642,279,10,11,1,-1,-1,-1
225,17,654,279,10,9,1,-1,-1,-1
225,18,655,266,9,11,1,-1,-1,-1
225,26,820,333,14,17,1,-1,-1,-1
225,27,662,372,11,15,1,-1,-1,-1
225,28,656,349,13,17,1,-1,-1,-1
225,29,654,333,11,13,1,-1,-1,-1
225,33,615,366,13,23,1,-1,-1,-1
225,34,594,358,14,21,1,-1,-1,-1
225,35,592,335,14,21,1,-1,-1,-1
225,37,612,295,11,13,1,-1,-1,-1
225,38,701,271,10,11,1,-1,-1,-1
225,39,748,301,13,11,1,-1,-1,-1
225,40,676,295,10,13,1,-1,-1,-1
225,41,697,310,13,13,1,-1,-1,-1
225,42,807,351,18,13,1,-1,-1,-1
225,43,837,495,19,25,1,-1,-1,-1
225,44,902,507,22,21,1,-1,-1,-1
225,45,962,507,41,31,1,-1,-1,-1
225,46,932,507,31,31,1,-1,-1,-1
225,47,781,368,15,13,1,-1,-1,-1
225,48,680,262,10,11,1,-1,-1,-1
225,49,871,511,23,23,1,-1,-1,-1
225,50,775,478,19,28,1,-1,-1,-1
226,1,600,322,10,13,1,-1,-1,-1
226,2,612,322,10,13,1,-1,-1,-1
226,4,611,337,10,15,1,-1,-1,-1
226,5,612,354,13,13,1,-1,-1,-1
226,6,647,310,10,13,1,-1,-1,-1
226,7,653,320,13,13,1,-1,-1,-1
226,8,675,341,13,15,1,-1,-1,-1
226,9,680,356,10,15,1,-1,-1,-1
226,10,684,370,13,17,1,-1,-1,-1
226,11,643,295,10,13,1,-1,-1,-1
226,12,668,314,10,15,1,-1,-1,-1
226,13,660,302,10,13,1,-1,-1,-1
226,14,659,287,10,11,1,-1,-1,-1
226,15,642,287,10,11,1,-1,-1,-1
226,16,642,279,10,11,1,-1,-1,-1
226,17,654,277,10,9,1,-1,-1,-1
226,18,655,266,9,11,1,-1,-1,-1
226,26,820,333,14,17,1,-1,-1,-1
226,27,662,370,11,15,1,-1,-1,-1
226,28,655,349,13,17,1,-1,-1,-1
226,29,655,333,11,13,1,-1,-1,-1
226,34,594,358,14,21,1,-1,-1,-1
226,35,592,335,14,21,1,-1,-1,-1
226,37,612,295,11,13,1,-1,-1,-1
226,38,701,271,10,11,1,-1,-1,-1
226,39,745,300,13,11,1,-1,-1,-1
226,40,676,297,10,13,1,-1,-1,-1
226,41,697,310,13,13,1,-1,-1,-1
226,42,805,349,18,13,1,-1,-1,-1
226,43,837,495,19,25,1,-1,-1,-1
226,44,902,507,22,21,1,-1,-1,-1
226,45,960,505,38,33,1,-1,-1,-1
226,46,932,507,31,32,1,-1,-1,-1
226,47,781,368,15,13,1,-1,-1,-1
226,48,680,262,10,11,1,-1,-1,-1
226,49,872,511,23,23,1,-1,-1,-1
226,50,775,478,19,27,1,-1,-1,-1
227,1,599,322,10,13,1,-1,-1,-1
227,2,612,322,10,13,1,-1,-1,-1
227,4,611,337,10,15,1,-1,-1,-1
227,5,612,352,13,13,1,-1,-1,-1
227,6,647,308,10,13,1,-1,-1,-1
227,7,653,320,13,13,1,-1,-1,-1
227,8,673,339,13,15,1,-1,-1,-1
227,9,680,354,10,15,1,-1,-1,-1
227,10,684,370,13,17,1,-1,-1,-1
227,11,643,295,10,13,1,-1,-1,-1
227,12,670,314,10,15,1,-1,-1,-1
227,13,660,302,10,13,1,-1,-1,-1
227,14,659,287,10,11,1,-1,-1,-1
227,15,642,287,10,11,1,-1,-1,-1
227,16,642,279,10,11,1,-1,-1,-1
227,17,655,277,10,9,1,-1,-1,-1
227,18,656,266,9,11,1,-1,-1,-1
227,26,820,333,14,17,1,-1,-1,-1
227,27,662,370,11,15,1,-1,-1,-1
227,28,655,349,13,17,1,-1,-1,-1
227,29,655,333,11,13,1,-1,-1,-1
227,34,594,358,14,21,1,-1,-1,-1
227,35,591,335,14,21,1,-1,-1,-1
227,37,612,295,11,13,1,-1,-1,-1
227,38,701,270,10,11,1,-1,-1,-1
227,39,745,298,13,11,1,-1,-1,-1
227,40,676,297,10,13,1,-1,-1,-1
227,41,697,310,13,13,1,-1,-1,-1
227,42,805,349,18,13,1,-1,-1,-1
227,43,837,493,19,25,1,-1,-1,-1
227,44,901,507,22,21,1,-1,-1,-1
227,45,960,505,38,33,1,-1,-1,-1
227,46,934,507,27,31,1,-1,-1,-1
227,47,779,368,15,13,1,-1,-1,-1
227,48,680,262,10,11,1,-1,-1,-1
227,49,871,509,24,25,1,-1,-1,-1
227,50,775,476,19,27,1,-1,-1,-1
228,1,599,322,10,13,1,-1,-1,-1
228,2,612,322,10,13,1,-1,-1,-1
228,4,612,335,10,15,1,-1,-1,-1
228,5,612,352,13,13,1,-1,-1,-1
228,6,647,308,10,13,1,-1,-1,-1
228,7,653,320,13,13,1,-1,-1,-1
228,8,675,339,13,15,1,-1,-1,-1
228,9,680,354,10,15,1,-1,-1,-1
228,10,684,370,13,17,1,-1,-1,-1
228,11,642,295,10,13,1,-1,-1,-1
228,12,670,314,10,15,1,-1,-1,-1
228,13,660,300,10,13,1,-1,-1,-1
228,14,659,287,10,11,1,-1,-1,-1
228,15,642,285,10,11,1,-1,-1,-1
228,16,642,277,10,11,1,-1,-1,-1
228,17,655,277,10,9,1,-1,-1,-1
228,18,655,264,9,11,1,-1,-1,-1
228,26,818,331,14,17,1,-1,-1,-1
228,27,662,370,11,15,1,-1,-1,-1
228,28,656,349,13,17,1,-1,-1,-1
228,29,655,333,11,13,1,-1,-1,-1
228,34,594,358,14,21,1,-1,-1,-1
228,35,592,335,14,21,1,-1,-1,-1
228,37,612,293,11,13,1,-1,-1,-1
228,38,701,268,10,11,1,-1,-1,-1
228,39,745,298,13,11,1,-1,-1,-1
228,40,676,297,10,13,1,-1,-1,-1
228,41,698,310,13,13,1,-1,-1,-1
228,42,804,347,18,13,1,-1,-1,-1
228,43,837,493,19,25,1,-1,-1,-1
228,44,902,507,22,21,1,-1,-1,-1
228,45,959,505,38,34,1,-1,-1,-1
228,46,932,505,33,33,1,-1,-1,-1
228,47,779,366,15,13,1,-1,-1,-1
228,48,680,262,10,11,1,-1,-1,-1
228,49,872,509,23,23,1,-1,-1,-1
228,50,775,481,19,27,1,-1,-1,-1
229,1,599,320,10,13,1,-1,-1,-1
229,2,612,322,10,13,1,-1,-1,-1
229,4,611,335,10,15,1,-1,-1,-1
229,5,612,352,13,13,1,-1,-1,-1
229,6,647,308,10,13,1,-1,-1,-1
229,7,653,318,13,13,1,-1,-1,-1
229,8,673,339,13,15,1,-1,-1,-1
229,9,679,354,10,15,1,-1,-1,-1
229,10,684,368,13,17,1,-1,-1,-1
229,11,643,295,10,13,1,-1,-1,-1
229,12,670,314,10,15,1,-1,-1,-1
229,13,660,300,10,13,1,-1,-1,-1
229,14,659,285,10,11,1,-1,-1,-1
229,15,642,287,10,11,1,-1,-1,-1
229,16,642,277,10,11,1,-1,-1,-1
229,17,655,277,10,9,1,-1,-1,-1
229,18,656,264,9,11,1,-1,-1,-1
229,26,820,331,14,17,1,-1,-1,-1
229,27,662,368,11,15,1,-1,-1,-1
229,28,655,349,13,17,1,-1,-1,-1
229,29,655,333,11,13,1,-1,-1,-1
229,34,594,356,14,21,1,-1,-1,-1
229,35,592,335,14,21,1,-1,-1,-1
229,37,612,293,11,13,1,-1,-1,-1
229,38,701,268,10,11,1,-1,-1,-1
229,39,744,295,13,11,1,-1,-1,-1
229,40,677,297,10,13,1,-1,-1,-1
229,41,697,310,13,13,1,-1,-1,-1
229,42,804,347,18,13,1,-1,-1,-1
229,43,837,491,19,25,1,-1,-1,-1
229,44,902,505,22,21,1,-1,-1,-1
229,45,960,505,39,34,1,-1,-1,-1
229,46,933,505,34,32,1,-1,-1,-1
229,47,779,366,15,13,1,-1,-1,-1
229,48,680,262,10,11,1,-1,-1,-1
229,49,872,509,23,23,1,-1,-1,-1
229,50,778,481,17,28,1,-1,-1,-1
230,1,599,320,10,13,1,-1,-1,-1
230,2,612,322,10,13,1,-1,-1,-1
230,4,612,335,10,15,1,-1,-1,-1
230,5,612,352,13,13,1,-1,-1,-1
230,6,649,308,10,13,1,-1,-1,-1
230,7,651,320,13,13,1,-1,-1,-1
230,8,675,339,13,15,1,-1,-1,-1
230,9,680,354,10,15,1,-1,-1,-1
230,10,684,368,13,17,1,-1,-1,-1
230,11,643,295,10,13,1,-1,-1,-1
230,12,670,312,10,15,1,-1,-1,-1
230,13,660,300,10,13,1,-1,-1,-1
230,14,659,285,10,11,1,-1,-1,-1
230,15,642,285,10,11,1,-1,-1,-1
230,16,642,277,10,11,1,-1,-1,-1
230,17,655,277,10,9,1,-1,-1,-1
230,18,656,264,9,11,1,-1,-1,-1
230,26,821,331,14,17,1,-1,-1,-1
230,27,663,370,11,15,1,-1,-1,-1
230,28,656,349,13,17,1,-1,-1,-1
230,29,655,333,11,13,1,-1,-1,-1
230,34,592,356,14,21,1,-1,-1,-1
230,35,592,333,14,21,1,-1,-1,-1
230,37,612,293,11,13,1,-1,-1,-1
230,38,701,266,10,11,1,-1,-1,-1
230,39,744,295,13,11,1,-1,-1,-1
230,40,676,298,10,13,1,-1,-1,-1
230,41,698,310,13,13,1,-1,-1,-1
230,42,804,345,18,13,1,-1,-1,-1
230,43,835,491,19,25,1,-1,-1,-1
230,44,902,505,22,21,1,-1,-1,-1
230,45,959,505,39,34,1,-1,-1,-1
230,46,933,505,31,32,1,-1,-1,-1
230,47,779,364,15,13,1,-1,-1,-1
230,48,680,262,10,11,1,-1,-1,-1
230,49,872,507,23,23,1,-1,-1,-1
230,50,777,481,19,28,1,-1,-1,-1
231,1,599,320,10,13,1,-1,-1,-1
231,2,612,322,10,13,1,-1,-1,-1
231,4,611,335,10,15,1,-1,-1,-1
231,5,612,352,13,13,1,-1,-1,-1
231,6,647,308,10,13,1,-1,-1,-1
231,7,653,318,13,13,1,-1,-1,-1
231,8,675,339,13,15,1,-1,-1,-1
231,9,680,354,10,15,1,-1,-1,-1
231,10,684,368,13,17,1,-1,-1,-1
231,11,643,293,10,13,1,-1,-1,-1
231,12,670,312,10,15,1,-1,-1,-1
231,13,660,300,10,13,1,-1,-1,-1
231,14,658,285,10,11,1,-1,-1,-1
231,15,642,285,10,11,1,-1,-1,-1
231,16,642,277,10,11,1,-1,-1,-1
231,17,655,275,10,9,1,-1,-1,-1
231,18,655,264,9,11,1,-1,-1,-1
231,26,820,331,14,17,1,-1,-1,-1
231,27,663,368,11,15,1,-1,-1,-1
231,28,655,349,13,17,1,-1,-1,-1
231,29,654,331,11,13,1,-1,-1,-1
231,34,594,356,14,21,1,-1,-1,-1
231,35,592,333,14,21,1,-1,-1,-1
231,37,612,293,11,13,1,-1,-1,-1
231,38,701,266,10,11,1,-1,-1,-1
231,39,744,295,13,11,1,-1,-1,-1
231,40,677,297,10,13,1,-1,-1,-1
231,41,700,312,13,13,1,-1,-1,-1
231,42,804,345,18,13,1,-1,-1,-1
231,43,835,489,19,25,1,-1,-1,-1
231,44,902,505,22,21,1,-1,-1,-1
231,45,961,503,38,34,1,-1,-1,-1
231,46,933,505,32,34,1,-1,-1,-1
231,47,778,364,15,13,1,-1,-1,-1
231,48,680,262,10,11,1,-1,-1,-1
231,49,872,507,23,23,1,-1,-1,-1
231,50,778,481,20,28,1,-1,-1,-1
232,1,599,318,10,13,1,-1,-1,-1
232,2,612,320,10,13,1,-1,-1,-1
232,4,612,335,10,15,1,-1,-1,-1
232,5,612,352,13,13,1,-1,-1,-1
232,6,647,306,10,13,1,-1,-1,-1
232,7,653,318,13,13,1,-1,-1,-1
232,8,675,339,13,15,1,-1,-1,-1
232,9,680,354,10,15,1,-1,-1,-1
232,10,684,368,13,17,1,-1,-1,-1
232,11,643,293,10,13,1,-1,-1,-1
232,12,670,312,10,15,1,-1,-1,-1
232,13,662,300,10,13,1,-1,-1,-1
232,14,659,285,10,11,1,-1,-1,-1
232,15,642,285,10,11,1,-1,-1,-1
232,16,642,277,10,11,1,-1,-1,-1
232,17,655,275,10,9,1,-1,-1,-1
232,18,656,264,9,11,1,-1,-1,-1
232,26,820,331,14,17,1,-1,-1,-1
232,27,663,368,11,15,1,-1,-1,-1
232,28,656,347,13,17,1,-1,-1,-1
232,29,654,331,11,13,1,-1,-1,-1
232,34,594,356,14,21,1,-1,-1,-1
232,35,592,333,14,21,1,-1,-1,-1
232,37,612,293,11,13,1,-1,-1,-1
232,38,701,264,10,11,1,-1,-1,-1
232,39,744,293,13,11,1,-1,-1,-1
232,40,679,298,10,13,1,-1,-1,-1
232,41,700,312,13,13,1,-1,-1,-1
232,42,804,343,18,13,1,-1,-1,-1
232,43,835,489,19,25,1,-1,-1,-1
232,44,902,505,22,21,1,-1,-1,-1
232,45,960,503,39,35,1,-1,-1,-1
232,46,933,505,33,33,1,-1,-1,-1
232,47,778,362,16,15,1,-1,-1,-1
232,48,680,262,10,11,1,-1,-1,-1
232,49,872,507,23,23,1,-1,-1,-1
232,50,778,481,21,28,1,-1,-1,-1
233,1,600,320,10,13,1,-1,-1,-1
233,2,613,320,10,13,1,-1,-1,-1
233,4,611,333,10,15,1,-1,-1,-1
233,5,612,351,13,13,1,-1,-1,-1
233,6,647,306,10,13,1,-1,-1,-1
233,7,653,318,13,13,1,-1,-1,-1
233,8,675,339,13,15,1,-1,-1,-1
233,9,680,352,10,15,1,-1,-1,-1
233,10,684,368,13,17,1,-1,-1,-1
233,11,643,293,10,13,1,-1,-1,-1
233,12,670,312,10,15,1,-1,-1,-1
233,13,660,300,10,13,1,-1,-1,-1
233,14,659,285,10,11,1,-1,-1,-1
233,15,642,285,10,11,1,-1,-1,-1
233,16,642,277,10,11,1,-1,-1,-1
233,17,655,275,10,9,1,-1,-1,-1
233,18,656,264,9,11,1,-1,-1,-1
233,26,820,331,14,17,1,-1,-1,-1
233,27,663,368,11,15,1,-1,-1,-1
233,28,656,347,13,17,1,-1,-1,-1
233,29,655,331,11,13,1,-1,-1,-1
233,34,594,354,14,21,1,-1,-1,-1
233,35,592,333,14,21,1,-1,-1,-1
233,37,612,293,11,13,1,-1,-1,-1
233,38,701,264,10,11,1,-1,-1,-1
233,39,744,293,13,11,1,-1,-1,-1
233,40,677,298,10,13,1,-1,-1,-1
233,41,700,312,13,13,1,-1,-1,-1
233,42,803,343,18,13,1,-1,-1,-1
233,43,835,487,19,25,1,-1,-1,-1
233,44,902,503,22,21,1,-1,-1,-1
233,45,962,503,38,34,1,-1,-1,-1
233,46,935,505,31,32,1,-1,-1,-1
233,47,778,360,15,13,1,-1,-1,-1
233,48,680,264,10,11,1,-1,-1,-1
233,49,872,505,23,23,1,-1,-1,-1
233,50,777,481,21,29,1,-1,-1,-1
234,1,599,318,10,13,1,-1,-1,-1
234,2,612,320,10,13,1,-1,-1,-1
234,4,612,333,10,15,1,-1,-1,-1
234,5,612,351,13,13,1,-1,-1,-1
234,6,649,306,10,13,1,-1,-1,-1
234,7,653,318,13,13,1,-1,-1,-1
234,8,675,337,13,15,1,-1,-1,-1
234,9,680,352,10,15,1,-1,-1,-1
234,10,684,366,13,17,1,-1,-1,-1
234,11,643,293,10,13,1,-1,-1,-1
234,12,670,312,10,15,1,-1,-1,-1
234,13,660,298,10,13,1,-1,-1,-1
234,14,659,285,10,11,1,-1,-1,-1
234,15,643,285,10,11,1,-1,-1,-1
234,16,642,275,10,11,1,-1,-1,-1
234,17,655,275,10,9,1,-1,-1,-1
234,18,656,264,9,11,1,-1,-1,-1
234,26,820,331,14,17,1,-1,-1,-1
234,27,663,368,11,15,1,-1,-1,-1
234,28,656,347,13,17,1,-1,-1,-1
234,29,655,331,11,13,1,-1,-1,-1
234,34,594,354,14,21,1,-1,-1,-1
234,35,592,331,14,21,1,-1,-1,-1
234,37,612,293,11,13,1,-1,-1,-1
234,38,701,262,10,11,1,-1,-1,-1
234,39,743,291,13,11,1,-1,-1,-1
234,40,679,298,10,13,1,-1,-1,-1
234,41,700,312,13,13,1,-1,-1,-1
234,42,803,341,18,13,1,-1,-1,-1
234,43,834,487,19,25,1,-1,-1,-1
234,44,902,503,22,21,1,-1,-1,-1
234,45,960,502,40,34,1,-1,-1,-1
234,46,935,503,31,33,1,-1,-1,-1
234,47,778,360,15,13,1,-1,-1,-1
234,48,680,262,10,11,1,-1,-1,-1
234,49,872,505,23,23,1,-1,-1,-1
234,50,778,482,21,28,1,-1,-1,-1
235,1,599,318,10,13,1,-1,-1,-1
235,2,612,320,10,13,1,-1,-1,-1
235,4,612,333,10,15,1,-1,-1,-1
235,5,612,351,13,13,1,-1,-1,-1
235,6,649,306,10,13,1,-1,-1,-1
235,7,653,316,13,13,1,-1,-1,-1
235,8,676,337,13,15,1,-1,-1,-1
235,9,680,352,10,15,1,-1,-1,-1
235,10,684,366,13,17,1,-1,-1,-1
235,11,645,293,10,13,1,-1,-1,-1
235,12,670,312,10,15,1,-1,-1,-1
235,13,662,298,10,13,1,-1,-1,-1
235,14,659,283,10,11,1,-1,-1,-1
235,15,643,285,10,11,1,-1,-1,-1
235,16,642,275,10,11,1,-1,-1,-1
235,17,654,275,10,9,1,-1,-1,-1
235,18,655,262,9,11,1,-1,-1,-1
235,26,820,329,14,17,1,-1,-1,-1
235,27,663,368,11,15,1,-1,-1,-1
235,28,656,347,13,17,1,-1,-1,-1
235,29,655,329,11,13,1,-1,-1,-1
235,34,594,354,14,21,1,-1,-1,-1
235,35,592,331,14,21,1,-1,-1,-1
235,37,612,293,11,13,1,-1,-1,-1
235,38,701,260,10,11,1,-1,-1,-1
235,39,743,291,13,11,1,-1,-1,-1
235,40,679,298,10,13,1,-1,-1,-1
235,41,701,312,13,13,1,-1,-1,-1
235,42,803,341,18,13,1,-1,-1,-1
235,43,834,484,19,25,1,-1,-1,-1
235,44,902,503,22,21,1,-1,-1,-1
235,45,960,501,40,34,1,-1,-1,-1
235,46,935,501,31,34,1,-1,-1,-1
235,47,778,360,16,15,1,-1,-1,-1
235,48,681,264,10,11,1,-1,-1,-1
235,49,872,505,23,23,1,-1,-1,-1
235,50,781,485,18,25,1,-1,-1,-1
236,1,599,318,10,13,1,-1,-1,-1
236,2,612,320,10,13,1,-1,-1,-1
236,4,611,333,10,15,1,-1,-1,-1
236,5,612,349,13,13,1,-1,-1,-1
236,6,649,304,10,13,1,-1,-1,-1
236,7,654,316,13,13,1,-1,-1,-1
236,8,675,337,13,15,1,-1,-1,-1
236,9,680,352,10,15,1,-1,-1,-1
236,10,684,366,13,17,1,-1,-1,-1
236,11,645,291,10,13,1,-1,-1,-1
236,12,670,312,10,15,1,-1,-1,-1
236,13,662,298,10,13,1,-1,-1,-1
236,14,659,285,10,11,1,-1,-1,-1
236,15,642,283,10,11,1,-1,-1,-1
236,16,642,275,10,11,1,-1,-1,-1
236,17,655,275,10,9,1,-1,-1,-1
236,18,656,262,9,11,1,-1,-1,-1
236,26,821,329,14,17,1,-1,-1,-1
236,27,663,368,11,15,1,-1,-1,-1
236,28,656,347,13,17,1,-1,-1,-1
236,29,655,329,11,13,1,-1,-1,-1
236,34,594,354,14,21,1,-1,-1,-1
236,35,594,331,14,21,1,-1,-1,-1
236,37,612,293,11,13,1,-1,-1,-1
236,38,700,260,10,11,1,-1,-1,-1
236,39,743,289,13,11,1,-1,-1,-1
236,40,679,298,10,13,1,-1,-1,-1
236,41,701,312,13,13,1,-1,-1,-1
236,42,801,339,18,13,1,-1,-1,-1
236,43,834,484,19,25,1,-1,-1,-1
236,44,902,503,22,21,1,-1,-1,-1
236,45,961,501,40,34,1,-1,-1,-1
236,46,936,501,31,32,1,-1,-1,-1
236,47,777,358,15,13,1,-1,-1,-1
236,48,683,264,10,11,1,-1,-1,-1
236,49,872,503,23,23,1,-1,-1,-1
236,50,783,487,18,25,1,-1,-1,-1
237,1,600,318,10,13,1,-1,-1,-1
237,2,612,320,10,13,1,-1,-1,-1
237,4,612,333,10,15,1,-1,-1,-1
237,5,612,349,13,13,1,-1,-1,-1
237,6,649,306,10,13,1,-1,-1,-1
237,7,653,316,13,13,1,-1,-1,-1
237,8,676,337,13,15,1,-1,-1,-1
237,9,680,352,10,15,1,-1,-1,-1
237,10,684,364,13,17,1,-1,-1,-1
237,11,643,291,10,13,1,-1,-1,-1
237,12,670,310,10,15,1,-1,-1,-1
237,13,660,298,10,13,1,-1,-1,-1
237,14,659,283,10,11,1,-1,-1,-1
237,15,642,283,10,11,1,-1,-1,-1
237,16,642,275,10,11,1,-1,-1,-1
237,17,655,275,10,9,1,-1,-1,-1
237,18,656,262,9,11,1,-1,-1,-1
237,26,821,329,14,17,1,-1,-1,-1
237,27,663,366,11,15,1,-1,-1,-1
237,28,658,347,13,17,1,-1,-1,-1
237,29,656,329,11,13,1,-1,-1,-1
237,34,594,354,14,21,1,-1,-1,-1
237,35,592,331,14,21,1,-1,-1,-1
237,37,612,291,11,13,1,-1,-1,-1
237,39,741,289,13,11,1,-1,-1,-1
237,40,680,298,10,13,1,-1,-1,-1
237,41,701,314,13,13,1,-1,-1,-1
237,42,800,339,18,13,1,-1,-1,-1
237,43,834,482,19,25,1,-1,-1,-1
237,44,903,503,22,21,1,-1,-1,-1
237,45,961,499,40,34,1,-1,-1,-1
237,46,936,501,31,34,1,-1,-1,-1
237,47,778,358,15,13,1,-1,-1,-1
237,48,683,262,10,11,1,-1,-1,-1
237,49,872,503,23,23,1,-1,-1,-1
237,50,782,486,20,28,1,-1,-1,-1
238,1,599,316,10,13,1,-1,-1,-1
238,2,613,318,10,13,1,-1,-1,-1
238,4,612,333,10,15,1,-1,-1,-1
238,5,612,349,13,13,1,-1,-1,-1
238,6,649,304,10,13,1,-1,-1,-1
238,7,653,316,13,13,1,-1,-1,-1
238,8,675,337,13,15,1,-1,-1,-1
238,9,680,351,10,15,1,-1,-1,-1
238,10,685,366,13,17,1,-1,-1,-1
238,11,643,291,10,13,1,-1,-1,-1
238,12,671,310,10,15,1,-1,-1,-1
238,13,662,298,10,13,1,-1,-1,-1
238,14,659,283,10,11,1,-1,-1,-1
238,15,642,283,10,11,1,-1,-1,-1
238,16,642,275,10,11,1,-1,-1,-1
238,17,655,275,10,9,1,-1,-1,-1
238,18,656,262,9,11,1,-1,-1,-1
238,26,820,329,14,17,1,-1,-1,-1
238,27,663,366,11,15,1,-1,-1,-1
238,28,656,345,13,17,1,-1,-1,-1
238,29,655,329,11,13,1,-1,-1,-1
238,34,594,352,14,21,1,-1,-1,-1
238,35,592,331,14,21,1,-1,-1,-1
238,37,612,291,11,13,1,-1,-1,-1
238,39,741,287,13,11,1,-1,-1,-1
238,40,680,298,10,13,1,-1,-1,-1
238,41,701,312,13,13,1,-1,-1,-1
238,42,799,337,18,13,1,-1,-1,-1
238,43,834,480,19,25,1,-1,-1,-1
238,44,903,501,22,21,1,-1,-1,-1
238,45,961,499,40,34,1,-1,-1,-1
238,46,936,501,31,32,1,-1,-1,-1
238,47,778,356,15,13,1,-1,-1,-1
238,48,683,264,10,11,1,-1,-1,-1
238,49,872,503,23,23,1,-1,-1,-1
238,50,784,491,16,25,1,-1,-1,-1
239,1,599,316,10,13,1,-1,-1,-1
239,2,612,318,10,13,1,-1,-1,-1
239,4,612,331,10,15,1,-1,-1,-1
239,5,612,349,13,13,1,-1,-1,-1
239,6,649,304,10,13,1,-1,-1,-1
239,7,654,316,13,13,1,-1,-1,-1
239,8,676,337,13,15,1,-1,-1,-1
239,9,680,351,10,15,1,-1,-1,-1
239,10,684,364,13,17,1,-1,-1,-1
239,11,643,291,10,13,1,-1,-1,-1
239,12,671,310,10,15,1,-1,-1,-1
239,13,662,298,10,13,1,-1,-1,-1
239,14,659,283,10,11,1,-1,-1,-1
239,15,642,283,10,11,1,-1,-1,-1
239,16,642,273,10,11,1,-1,-1,-1
239,17,655,273,10,9,1,-1,-1,-1
239,18,656,262,9,11,1,-1,-1,-1
239,26,821,329,14,17,1,-1,-1,-1
239,27,663,366,11,15,1,-1,-1,-1
239,28,656,345,13,17,1,-1,-1,-1
239,29,655,329,11,13,1,-1,-1,-1
239,34,594,352,14,21,1,-1,-1,-1
239,35,592,329,14,21,1,-1,-1,-1
239,37,612,291,11,13,1,-1,-1,-1
239,39,740,287,13,11,1,-1,-1,-1
239,40,680,300,10,13,1,-1,-1,-1
239,41,701,314,13,13,1,-1,-1,-1
239,42,799,337,18,13,1,-1,-1,-1
239,43,834,480,19,25,1,-1,-1,-1
239,44,903,501,22,21,1,-1,-1,-1
239,45,961,499,41,34,1,-1,-1,-1
239,46,936,501,30,32,1,-1,-1,-1
239,47,777,356,16,15,1,-1,-1,-1
239,48,683,264,10,11,1,-1,-1,-1
239,49,873,503,23,23,1,-1,-1,-1
239,50,783,490,21,26,1,-1,-1,-1
240,1,599,316,10,13,1,-1,-1,-1
240,2,612,318,10,13,1,-1,-1,-1
240,4,612,331,10,15,1,-1,-1,-1
240,5,612,349,13,13,1,-1,-1,-1
240,6,649,304,10,13,1,-1,-1,-1
240,7,653,316,13,13,1,-1,-1,-1
240,8,676,337,13,15,1,-1,-1,-1
240,9,680,351,10,15,1,-1,-1,-1
240,10,685,364,13,17,1,-1,-1,-1
240,11,643,291,10,13,1,-1,-1,-1
240,12,671,310,10,15,1,-1,-1,-1
240,13,662,298,10,13,1,-1,-1,-1
240,14,659,283,10,11,1,-1,-1,-1
240,15,642,283,10,11,1,-1,-1,-1
240,16,642,273,10,11,1,-1,-1,-1
240,17,655,273,10,9,1,-1,-1,-1
240,18,656,262,9,11,1,-1,-1,-1
240,26,821,327,14,17,1,-1,-1,-1
240,27,663,366,11,15,1,-1,-1,-1
240,28,656,345,13,17,1,-1,-1,-1
240,29,656,329,11,13,1,-1,-1,-1
240,34,594,352,14,21,1,-1,-1,-1
240,35,592,329,14,21,1,-1,-1,-1
240,37,612,291,11,13,1,-1,-1,-1
240,39,740,285,13,11,1,-1,-1,-1
240,40,680,300,10,13,1,-1,-1,-1
240,41,702,314,13,13,1,-1,-1,-1
240,42,799,335,18,13,1,-1,-1,-1
240,43,834,478,19,25,1,-1,-1,-1
240,44,903,501,22,21,1,-1,-1,-1
240,45,961,499,41,36,1,-1,-1,-1
240,46,936,499,31,34,1,-1,-1,-1
240,47,775,354,15,13,1,-1,-1,-1
240,48,683,264,10,11,1,-1,-1,-1
240,49,872,501,23,23,1,-1,-1,-1
240,50,788,492,16,25,1,-1,-1,-1
241,1,600,316,10,13,1,-1,-1,-1
241,2,612,318,10,13,1,-1,-1,-1
241,4,612,331,10,15,1,-1,-1,-1
241,5,612,349,13,13,1,-1,-1,-1
241,6,649,304,10,13,1,-1,-1,-1
241,7,654,316,13,13,1,-1,-1,-1
241,8,676,337,13,15,1,-1,-1,-1
241,9,680,351,10,15,1,-1,-1,-1
241,10,684,364,13,17,1,-1,-1,-1
241,11,643,291,10,13,1,-1,-1,-1
241,12,671,310,10,15,1,-1,-1,-1
241,13,660,297,10,13,1,-1,-1,-1
241,14,659,283,10,11,1,-1,-1,-1
241,15,642,281,10,11,1,-1,-1,-1
241,16,642,273,10,11,1,-1,-1,-1
241,17,656,273,10,9,1,-1,-1,-1
241,18,658,262,9,11,1,-1,-1,-1
241,26,821,327,14,17,1,-1,-1,-1
241,27,663,366,11,15,1,-1,-1,-1
241,28,658,345,13,17,1,-1,-1,-1
241,29,656,327,11,13,1,-1,-1,-1
241,34,595,352,14,21,1,-1,-1,-1
241,35,592,329,14,21,1,-1,-1,-1
241,37,612,291,11,13,1,-1,-1,-1
241,39,740,285,13,11,1,-1,-1,-1
241,40,680,300,10,13,1,-1,-1,-1
241,41,702,314,13,13,1,-1,-1,-1
241,42,799,333,18,13,1,-1,-1,-1
241,43,834,478,19,25,1,-1,-1,-1
241,44,903,499,22,21,1,-1,-1,-1
241,45,962,497,41,34,1,-1,-1,-1
241,46,936,499,31,32,1,-1,-1,-1
241,47,775,354,15,13,1,-1,-1,-1
241,48,683,264,10,11,1,-1,-1,-1
241,49,872,501,23,23,1,-1,-1,-1
241,50,787,495,19,24,1,-1,-1,-1
242,1,599,316,10,13,1,-1,-1,-1
242,2,613,318,10,13,1,-1,-1,-1
242,4,612,331,10,15,1,-1,-1,-1
242,5,612,349,13,13,1,-1,-1,-1
242,6,649,302,10,13,1,-1,-1,-1
242,7,653,314,13,13,1,-1,-1,-1
242,8,676,337,13,15,1,-1,-1,-1
242,9,680,349,10,15,1,-1,-1,-1
242,10,685,364,13,17,1,-1,-1,-1
242,11,643,289,10,13,1,-1,-1,-1
242,12,671,310,10,15,1,-1,-1,-1
242,13,662,297,10,13,1,-1,-1,-1
242,14,659,283,10,11,1,-1,-1,-1
242,15,643,281,10,11,1,-1,-1,-1
242,16,642,273,10,11,1,-1,-1,-1
242,17,655,273,10,9,1,-1,-1,-1
242,18,656,262,9,11,1,-1,-1,-1
242,26,821,327,14,17,1,-1,-1,-1
242,27,663,366,11,15,1,-1,-1,-1
242,28,656,345,13,17,1,-1,-1,-1
242,29,655,327,11,13,1,-1,-1,-1
242,34,594,352,14,21,1,-1,-1,-1
242,35,594,329,14,21,1,-1,-1,-1
242,37,612,291,11,13,1,-1,-1,-1
242,39,740,283,13,11,1,-1,-1,-1
242,40,681,300,10,13,1,-1,-1,-1
242,41,702,314,13,13,1,-1,-1,-1
242,42,799,333,18,13,1,-1,-1,-1
242,43,834,476,19,25,1,-1,-1,-1
242,44,905,499,22,21,1,-1,-1,-1
242,45,962,497,40,34,1,-1,-1,-1
242,46,936,499,31,32,1,-1,-1,-1
242,47,775,354,15,13,1,-1,-1,-1
242,48,683,264,10,11,1,-1,-1,-1
242,49,872,501,23,23,1,-1,-1,-1
242,50,784,494,21,25,1,-1,-1,-1
243,1,600,316,10,13,1,-1,-1,-1
243,2,612,318,10,13,1,-1,-1,-1
243,4,611,331,10,15,1,-1,-1,-1
243,5,613,347,13,13,1,-1,-1,-1
243,6,649,302,10,13,1,-1,-1,-1
243,7,654,314,13,13,1,-1,-1,-1
243,8,676,335,13,15,1,-1,-1,-1
243,9,680,349,10,15,1,-1,-1,-1
243,10,685,362,13,17,1,-1,-1,-1
243,11,643,289,10,13,1,-1,-1,-1
243,12,671,310,10,15,1,-1,-1,-1
243,13,663,297,10,13,1,-1,-1,-1
243,14,659,281,10,11,1,-1,-1,-1
243,15,643,281,10,11,1,-1,-1,-1
243,16,642,273,10,11,1,-1,-1,-1
243,17,655,273,10,9,1,-1,-1,-1
243,18,656,260,9,11,1,-1,-1,-1
243,26,821,327,14,17,1,-1,-1,-1
243,27,663,366,11,15,1,-1,-1,-1
243,28,658,345,13,17,1,-1,-1,-1
243,29,655,327,11,13,1,-1,-1,-1
243,34,594,351,14,21,1,-1,-1,-1
243,35,592,329,14,21,1,-1,-1,-1
243,37,612,291,11,13,1,-1,-1,-1
243,39,740,283,13,11,1,-1,-1,-1
243,40,680,300,10,13,1,-1,-1,-1
243,41,704,316,13,13,1,-1,-1,-1
243,42,798,333,18,13,1,-1,-1,-1
243,43,834,476,19,25,1,-1,-1,-1
243,44,905,499,22,21,1,-1,-1,-1
243,45,962,497,41,36,1,-1,-1,-1
243,46,936,499,31,34,1,-1,-1,-1
243,47,775,352,15,13,1,-1,-1,-1
243,48,684,264,10,11,1,-1,-1,-1
243,49,873,499,23,23,1,-1,-1,-1
243,50,786,492,23,29,1,-1,-1,-1
244,1,599,314,10,13,1,-1,-1,-1
244,2,613,318,10,13,1,-1,-1,-1
244,4,612,329,10,15,1,-1,-1,-1
244,5,612,347,13,13,1,-1,-1,-1
244,6,647,302,10,13,1,-1,-1,-1
244,7,653,314,13,13,1,-1,-1,-1
244,8,676,335,13,15,1,-1,-1,-1
244,9,680,349,10,15,1,-1,-1,-1
244,10,685,364,13,17,1,-1,-1,-1
244,11,643,289,10,13,1,-1,-1,-1
244,12,671,310,10,15,1,-1,-1,-1
244,13,662,297,10,13,1,-1,-1,-1
244,14,659,283,10,11,1,-1,-1,-1
244,15,643,281,10,11,1,-1,-1,-1
244,16,642,273,10,11,1,-1,-1,-1
244,17,656,273,10,9,1,-1,-1,-1
244,18,656,260,9,11,1,-1,-1,-1
244,26,821,327,14,17,1,-1,-1,-1
244,27,663,364,11,15,1,-1,-1,-1
244,28,658,345,13,17,1,-1,-1,-1
244,29,655,327,11,13,1,-1,-1,-1
244,34,594,351,14,21,1,-1,-1,-1
244,35,592,329,14,21,1,-1,-1,-1
244,37,612,291,11,13,1,-1,-1,-1
244,39,740,281,13,11,1,-1,-1,-1
244,40,681,302,10,13,1,-1,-1,-1
244,41,704,316,13,13,1,-1,-1,-1
244,42,798,331,18,13,1,-1,-1,-1
244,43,833,474,19,25,1,-1,-1,-1
244,44,906,499,22,21,1,-1,-1,-1
244,45,962,497,41,36,1,-1,-1,-1
244,46,937,499,31,34,1,-1,-1,-1
244,47,774,351,15,13,1,-1,-1,-1
244,48,684,264,10,11,1,-1,-1,-1
244,49,873,499,23,23,1,-1,-1,-1
244,50,786,495,24,28,1,-1,-1,-1
244,51,890,525,24,14,1,-1,-1,-1
244,52,827,524,26,15,1,-1,-1,-1
245,1,600,314,10,13,1,-1,-1,-1
245,2,613,316,10,13,1,-1,-1,-1
245,4,612,329,10,15,1,-1,-1,-1
245,5,612,347,13,13,1,-1,-1,-1
245,6,649,302,10,13,1,-1,-1,-1
245,7,654,314,13,13,1,-1,-1,-1
245,8,676,335,13,15,1,-1,-1,-1
245,9,680,349,10,15,1,-1,-1,-1
245,10,685,362,13,17,1,-1,-1,-1
245,11,643,289,10,13,1,-1,-1,-1
245,12,671,310,10,15,1,-1,-1,-1
245,13,662,295,10,13,1,-1,-1,-1
245,14,659,281,10,11,1,-1,-1,-1
245,15,643,281,10,11,1,-1,-1,-1
245,16,642,273,10,11,1,-1,-1,-1
245,17,656,273,10,9,1,-1,-1,-1
245,18,658,260,9,11,1,-1,-1,-1
245,26,821,327,14,17,1,-1,-1,-1
245,27,664,364,11,15,1,-1,-1,-1
245,28,658,345,13,17,1,-1,-1,-1
245,29,656,327,11,13,1,-1,-1,-1
245,34,595,351,14,21,1,-1,-1,-1
245,35,592,327,14,21,1,-1,-1,-1
245,37,611,291,11,13,1,-1,-1,-1
245,39,739,281,13,11,1,-1,-1,-1
245,40,681,300,10,13,1,-1,-1,-1
245,41,704,316,13,13,1,-1,-1,-1
245,42,798,331,18,13,1,-1,-1,-1
245,43,833,474,19,25,1,-1,-1,-1
245,44,906,499,22,21,1,-1,-1,-1
245,45,962,497,40,34,1,-1,-1,-1
245,46,937,497,31,32,1,-1,-1,-1
245,47,774,351,15,13,1,-1,-1,-1
245,48,684,264,10,11,1,-1,-1,-1
245,49,873,499,23,23,1,-1,-1,-1
245,50,786,495,24,28,1,-1,-1,-1
245,51,889,524,23,15,1,-1,-1,-1
245,52,826,522,24,16,1,-1,-1,-1
246,1,600,314,12,14,1,-1,-1,-1
246,2,613,316,13,13,1,-1,-1,-1
246,4,612,329,13,16,1,-1,-1,-1
246,5,612,347,13,15,1,-1,-1,-1
246,6,649,302,10,13,1,-1,-1,-1
246,7,654,314,13,13,1,-1,-1,-1
246,8,676,334,13,15,1,-1,-1,-1
246,9,679,349,14,16,1,-1,-1,-1
246,11,645,289,10,13,1,-1,-1,-1
246,12,670,310,11,15,1,-1,-1,-1
246,13,663,295,10,13,1,-1,-1,-1
246,14,659,281,10,11,1,-1,-1,-1
246,15,643,281,10,11,1,-1,-1,-1
246,16,642,271,10,11,1,-1,-1,-1
246,17,656,273,10,9,1,-1,-1,-1
246,18,656,261,10,10,1,-1,-1,-1
246,26,821,325,14,17,1,-1,-1,-1
246,28,658,346,14,15,1,-1,-1,-1
246,29,657,329,11,13,1,-1,-1,-1
246,34,595,349,14,21,1,-1,-1,-1
246,35,592,327,15,23,1,-1,-1,-1
246,37,612,289,11,13,1,-1,-1,-1
246,39,739,279,13,11,1,-1,-1,-1
246,40,681,300,10,13,1,-1,-1,-1
246,41,705,316,13,13,1,-1,-1,-1
246,42,796,329,18,13,1,-1,-1,-1
246,43,833,472,19,25,1,-1,-1,-1
246,44,906,499,22,21,1,-1,-1,-1
246,45,962,497,40,34,1,-1,-1,-1
246,46,939,497,31,32,1,-1,-1,-1
246,47,774,349,16,15,1,-1,-1,-1
246,48,684,264,10,11,1,-1,-1,-1
246,49,873,499,23,23,1,-1,-1,-1
246,50,787,497,23,28,1,-1,-1,-1
246,51,890,524,24,15,1,-1,-1,-1
246,52,828,522,21,16,1,-1,-1,-1
247,1,599,314,11,13,1,-1,-1,-1
247,2,612,316,13,13,1,-1,-1,-1
247,4,612,329,13,15,1,-1,-1,-1
247,5,612,347,13,15,1,-1,-1,-1
247,6,649,302,10,13,1,-1,-1,-1
247,7,654,314,13,13,1,-1,-1,-1
247,8,676,333,13,15,1,-1,-1,-1
247,9,680,349,13,16,1,-1,-1,-1
247,11,645,289,10,13,1,-1,-1,-1
247,12,670,310,10,15,1,-1,-1,-1
247,13,663,295,10,13,1,-1,-1,-1
247,14,660,282,10,11,1,-1,-1,-1
247,15,643,279,10,11,1,-1,-1,-1
247,16,642,271,10,11,1,-1,-1,-1
247,17,656,271,10,10,1,-1,-1,-1
247,18,655,260,10,9,1,-1,-1,-1
247,26,822,325,14,17,1,-1,-1,-1
247,28,658,345,14,15,1,-1,-1,-1
247,29,656,329,10,13,1,-1,-1,-1
247,34,595,349,14,21,1,-1,-1,-1
247,35,592,327,14,21,1,-1,-1,-1
247,37,612,289,10,13,1,-1,-1,-1
247,39,737,279,13,11,1,-1,-1,-1
247,40,683,302,10,13,1,-1,-1,-1
247,41,706,316,13,13,1,-1,-1,-1
247,42,796,329,18,13,1,-1,-1,-1
247,43,832,470,19,25,1,-1,-1,-1
247,44,906,497,22,21,1,-1,-1,-1
247,45,963,495,41,34,1,-1,-1,-1
247,46,940,499,28,30,1,-1,-1,-1
247,47,774,347,15,13,1,-1,-1,-1
247,48,685,264,10,11,1,-1,-1,-1
247,49,873,499,23,23,1,-1,-1,-1
247,50,788,499,23,28,1,-1,-1,-1
247,51,890,524,24,15,1,-1,-1,-1
247,52,828,520,27,18,1,-1,-1,-1
248,1,599,314,11,13,1,-1,-1,-1
248,2,612,314,13,13,1,-1,-1,-1
248,4,612,329,13,15,1,-1,-1,-1
248,5,612,345,13,15,1,-1,-1,-1
248,6,649,300,10,13,1,-1,-1,-1
248,7,654,312,13,13,1,-1,-1,-1
248,8,676,333,13,15,1,-1,-1,-1
248,9,680,349,13,15,1,-1,-1,-1
248,11,646,287,10,13,1,-1,-1,-1
248,12,670,308,10,15,1,-1,-1,-1
248,13,663,293,10,13,1,-1,-1,-1
248,14,659,281,10,11,1,-1,-1,-1
248,15,642,279,10,11,1,-1,-1,-1
248,16,642,271,10,11,1,-1,-1,-1
248,17,655,271,10,9,1,-1,-1,-1
248,18,655,262,10,9,1,-1,-1,-1
248,26,821,325,14,17,1,-1,-1,-1
248,28,658,345,14,15,1,-1,-1,-1
248,29,656,327,10,13,1,-1,-1,-1
248,34,595,347,14,21,1,-1,-1,-1
248,35,591,327,14,21,1,-1,-1,-1
248,37,612,289,10,13,1,-1,-1,-1
248,39,737,279,13,11,1,-1,-1,-1
248,40,683,302,10,13,1,-1,-1,-1
248,41,706,316,13,13,1,-1,-1,-1
248,42,795,327,18,13,1,-1,-1,-1
248,43,832,470,19,25,1,-1,-1,-1
248,44,906,497,22,21,1,-1,-1,-1
248,45,963,495,41,34,1,-1,-1,-1
248,46,939,497,30,32,1,-1,-1,-1
248,47,774,347,15,13,1,-1,-1,-1
248,48,685,266,10,11,1,-1,-1,-1
248,49,873,497,23,23,1,-1,-1,-1
248,50,790,499,23,27,1,-1,-1,-1
248,51,890,522,25,16,1,-1,-1,-1
248,52,828,520,24,18,1,-1,-1,-1
249,1,599,314,11,13,1,-1,-1,-1
249,2,612,314,13,13,1,-1,-1,-1
249,4,612,327,13,15,1,-1,-1,-1
249,5,612,345,13,15,1,-1,-1,-1
249,6,649,300,10,13,1,-1,-1,-1
249,7,654,312,13,13,1,-1,-1,-1
249,8,676,333,13,15,1,-1,-1,-1
249,9,680,349,13,15,1,-1,-1,-1
249,11,646,287,10,13,1,-1,-1,-1
249,12,670,310,10,15,1,-1,-1,-1
249,13,663,293,10,13,1,-1,-1,-1
249,14,659,281,10,11,1,-1,-1,-1
249,15,642,277,10,11,1,-1,-1,-1
249,16,642,270,10,11,1,-1,-1,-1
249,17,656,271,10,9,1,-1,-1,-1
249,18,656,260,10,9,1,-1,-1,-1
249,26,821,325,14,17,1,-1,-1,-1
249,28,658,345,14,15,1,-1,-1,-1
249,29,656,327,10,13,1,-1,-1,-1
249,34,595,347,14,21,1,-1,-1,-1
249,35,591,325,14,21,1,-1,-1,-1
249,37,612,287,10,13,1,-1,-1,-1
249,39,739,279,11,11,1,-1,-1,-1
249,40,683,302,10,13,1,-1,-1,-1
249,41,706,316,13,13,1,-1,-1,-1
249,42,795,327,18,13,1,-1,-1,-1
249,43,832,468,19,25,1,-1,-1,-1
249,44,906,497,22,21,1,-1,-1,-1
249,45,963,495,41,36,1,-1,-1,-1
249,46,940,497,28,30,1,-1,-1,-1
249,47,774,347,15,13,1,-1,-1,-1
249,48,685,264,10,11,1,-1,-1,-1
249,49,873,497,23,23,1,-1,-1,-1
249,50,791,499,23,28,1,-1,-1,-1
249,51,890,522,25,16,1,-1,-1,-1
249,52,829,520,24,18,1,-1,-1,-1
250,1,599,312,11,13,1,-1,-1,-1
250,2,612,314,13,13,1,-1,-1,-1
250,4,612,327,13,15,1,-1,-1,-1
250,5,612,345,13,15,1,-1,-1,-1
250,6,649,300,10,13,1,-1,-1,-1
250,7,654,312,13,13,1,-1,-1,-1
250,8,676,333,13,15,1,-1,-1,-1
250,9,680,349,13,15,1,-1,-1,-1
250,11,646,287,10,13,1,-1,-1,-1
250,12,671,308,10,15,1,-1,-1,-1
250,13,663,293,10,13,1,-1,-1,-1
250,14,659,281,10,11,1,-1,-1,-1
250,15,642,277,10,11,1,-1,-1,-1
250,16,642,270,10,11,1,-1,-1,-1
250,17,655,271,10,9,1,-1,-1,-1
250,18,656,260,10,9,1,-1,-1,-1
250,26,821,324,14,17,1,-1,-1,-1
250,28,659,343,14,15,1,-1,-1,-1
250,29,658,327,10,13,1,-1,-1,-1
250,34,595,347,14,21,1,-1,-1,-1
250,35,591,325,14,21,1,-1,-1,-1
250,37,612,287,10,13,1,-1,-1,-1
250,39,739,277,10,11,1,-1,-1,-1
250,40,684,302,10,13,1,-1,-1,-1
250,41,706,318,13,13,1,-1,-1,-1
250,42,795,325,18,13,1,-1,-1,-1
250,43,832,466,19,25,1,-1,-1,-1
250,44,906,495,22,21,1,-1,-1,-1
250,45,963,493,43,36,1,-1,-1,-1
250,46,940,495,30,32,1,-1,-1,-1
250,47,774,345,15,13,1,-1,-1,-1
250,48,685,264,10,11,1,-1,-1,-1
250,49,875,495,23,23,1,-1,-1,-1
250,50,791,501,23,28,1,-1,-1,-1
250,51,890,522,26,17,1,-1,-1,-1
250,52,829,520,27,19,1,-1,-1,-1
251,1,600,312,11,13,1,-1,-1,-1
251,2,612,314,13,13,1,-1,-1,-1
251,4,612,327,13,15,1,-1,-1,-1
251,5,612,345,13,15,1,-1,-1,-1
251,6,649,300,10,13,1,-1,-1,-1
251,7,654,312,13,13,1,-1,-1,-1
251,8,676,333,13,15,1,-1,-1,-1
251,9,680,349,13,15,1,-1,-1,-1
251,11,645,287,10,13,1,-1,-1,-1
251,12,671,308,10,15,1,-1,-1,-1
251,13,663,293,10,13,1,-1,-1,-1
251,14,660,281,10,11,1,-1,-1,-1
251,15,642,277,10,11,1,-1,-1,-1
251,16,642,270,10,11,1,-1,-1,-1
251,17,655,271,10,9,1,-1,-1,-1
251,18,656,260,10,9,1,-1,-1,-1
251,26,822,325,14,17,1,-1,-1,-1
251,28,659,345,14,15,1,-1,-1,-1
251,29,656,327,10,13,1,-1,-1,-1
251,34,595,347,14,21,1,-1,-1,-1
251,35,592,325,14,21,1,-1,-1,-1
251,37,612,287,10,13,1,-1,-1,-1
251,39,737,277,10,11,1,-1,-1,-1
251,40,684,302,10,13,1,-1,-1,-1
251,41,706,318,13,13,1,-1,-1,-1
251,42,795,325,18,13,1,-1,-1,-1
251,43,832,466,19,25,1,-1,-1,-1
251,44,907,495,22,21,1,-1,-1,-1
251,45,965,493,40,34,1,-1,-1,-1
251,46,940,495,31,32,1,-1,-1,-1
251,47,773,345,15,13,1,-1,-1,-1
251,48,685,266,10,11,1,-1,-1,-1
251,49,875,495,23,23,1,-1,-1,-1
251,50,792,501,24,28,1,-1,-1,-1
251,51,892,520,24,18,1,-1,-1,-1
251,52,829,518,27,20,1,-1,-1,-1
252,1,600,312,11,13,1,-1,-1,-1
252,2,612,314,13,13,1,-1,-1,-1
252,4,612,327,13,15,1,-1,-1,-1
252,5,612,345,13,15,1,-1,-1,-1
252,6,650,300,10,13,1,-1,-1,-1
252,7,654,312,13,13,1,-1,-1,-1
252,8,676,333,13,15,1,-1,-1,-1
252,9,680,347,13,15,1,-1,-1,-1
252,11,645,287,10,13,1,-1,-1,-1
252,12,670,308,10,15,1,-1,-1,-1
252,13,663,293,10,13,1,-1,-1,-1
252,14,660,281,10,11,1,-1,-1,-1
252,15,642,277,10,11,1,-1,-1,-1
252,16,642,268,10,11,1,-1,-1,-1
252,17,656,270,10,9,1,-1,-1,-1
252,18,656,260,10,9,1,-1,-1,-1
252,26,822,324,14,17,1,-1,-1,-1
252,28,659,345,14,15,1,-1,-1,-1
252,29,656,327,10,13,1,-1,-1,-1
252,34,595,345,14,21,1,-1,-1,-1
252,35,592,325,14,21,1,-1,-1,-1
252,37,612,287,10,13,1,-1,-1,-1
252,39,737,275,10,11,1,-1,-1,-1
252,40,684,302,10,13,1,-1,-1,-1
252,41,706,318,13,13,1,-1,-1,-1
252,42,795,324,18,13,1,-1,-1,-1
252,43,830,464,19,25,1,-1,-1,-1
252,44,907,495,22,21,1,-1,-1,-1
252,45,966,493,39,32,1,-1,-1,-1
252,46,940,495,31,32,1,-1,-1,-1
252,47,774,343,15,13,1,-1,-1,-1
252,48,687,266,10,11,1,-1,-1,-1
252,49,875,495,23,23,1,-1,-1,-1
252,50,791,501,26,30,1,-1,-1,-1
252,51,892,520,26,18,1,-1,-1,-1
252,52,829,518,26,20,1,-1,-1,-1
253,1,600,312,11,13,1,-1,-1,-1
253,2,613,312,13,13,1,-1,-1,-1
253,4,612,327,13,15,1,-1,-1,-1
253,5,612,345,13,15,1,-1,-1,-1
253,6,650,298,10,13,1,-1,-1,-1
253,7,654,312,13,13,1,-1,-1,-1
253,8,676,331,13,15,1,-1,-1,-1
253,9,680,347,13,15,1,-1,-1,-1
253,11,645,285,10,13,1,-1,-1,-1
253,12,671,308,10,15,1,-1,-1,-1
253,13,664,293,10,13,1,-1,-1,-1
253,14,660,281,10,11,1,-1,-1,-1
253,15,642,277,10,11,1,-1,-1,-1
253,16,642,268,10,11,1,-1,-1,-1
253,17,656,270,10,9,1,-1,-1,-1
253,18,656,260,10,9,1,-1,-1,-1
253,26,822,324,14,17,1,-1,-1,-1
253,28,659,343,14,15,1,-1,-1,-1
253,29,658,327,10,13,1,-1,-1,-1
253,34,595,345,14,21,1,-1,-1,-1
253,35,592,325,14,21,1,-1,-1,-1
253,37,612,287,10,13,1,-1,-1,-1
253,39,736,275,10,11,1,-1,-1,-1
253,40,684,302,10,13,1,-1,-1,-1
253,41,707,318,13,13,1,-1,-1,-1
253,42,794,322,18,13,1,-1,-1,-1
253,43,829,462,19,25,1,-1,-1,-1
253,44,907,495,22,21,1,-1,-1,-1
253,45,965,493,41,34,1,-1,-1,-1
253,46,940,495,31,34,1,-1,-1,-1
253,47,773,343,15,13,1,-1,-1,-1
253,48,687,266,10,11,1,-1,-1,-1
253,49,876,495,23,23,1,-1,-1,-1
253,50,795,501,23,30,1,-1,-1,-1
253,51,892,520,26,19,1,-1,-1,-1
253,52,829,518,29,21,1,-1,-1,-1
254,1,599,312,11,13,1,-1,-1,-1
254,2,612,314,13,13,1,-1,-1,-1
254,4,612,327,13,15,1,-1,-1,-1
254,5,612,345,13,15,1,-1,-1,-1
254,6,650,300,10,13,1,-1,-1,-1
254,7,654,310,13,13,1,-1,-1,-1
254,8,676,331,13,15,1,-1,-1,-1
254,9,680,347,13,15,1,-1,-1,-1
254,11,646,285,10,13,1,-1,-1,-1
254,12,671,308,10,15,1,-1,-1,-1
254,13,664,293,10,13,1,-1,-1,-1
254,14,660,279,10,11,1,-1,-1,-1
254,15,642,275,10,11,1,-1,-1,-1
254,16,642,268,10,11,1,-1,-1,-1
254,17,656,270,10,9,1,-1,-1,-1
254,18,656,260,10,9,1,-1,-1,-1
254,26,822,322,14,17,1,-1,-1,-1
254,28,659,343,14,15,1,-1,-1,-1
254,29,658,327,10,13,1,-1,-1,-1
254,34,595,345,14,21,1,-1,-1,-1
254,35,591,324,14,21,1,-1,-1,-1
254,37,612,287,10,13,1,-1,-1,-1
254,39,736,273,10,11,1,-1,-1,-1
254,40,684,304,10,13,1,-1,-1,-1
254,41,707,318,13,13,1,-1,-1,-1
254,42,792,322,18,13,1,-1,-1,-1
254,43,829,462,19,25,1,-1,-1,-1
254,44,907,493,22,21,1,-1,-1,-1
254,45,965,491,41,36,1,-1,-1,-1
254,46,940,493,31,32,1,-1,-1,-1
254,47,773,343,15,13,1,-1,-1,-1
254,48,687,266,10,11,1,-1,-1,-1
254,49,876,495,23,23,1,-1,-1,-1
254,50,795,501,23,30,1,-1,-1,-1
254,51,892,518,27,20,1,-1,-1,-1
254,52,829,516,25,23,1,-1,-1,-1
255,1,600,310,11,13,1,-1,-1,-1
255,2,612,312,13,13,1,-1,-1,-1
255,4,612,327,13,15,1,-1,-1,-1
255,5,612,343,13,15,1,-1,-1,-1
255,6,650,298,10,13,1,-1,-1,-1
255,7,654,310,13,13,1,-1,-1,-1
255,8,676,331,13,15,1,-1,-1,-1
255,9,680,347,13,15,1,-1,-1,-1
255,11,646,285,10,13,1,-1,-1,-1
255,12,671,308,10,15,1,-1,-1,-1
255,13,663,291,10,13,1,-1,-1,-1
255,14,660,279,10,11,1,-1,-1,-1
255,15,642,275,10,11,1,-1,-1,-1
255,16,642,268,10,11,1,-1,-1,-1
255,17,656,268,10,9,1,-1,-1,-1
255,18,658,260,10,9,1,-1,-1,-1
255,26,821,322,14,17,1,-1,-1,-1
255,28,659,343,14,15,1,-1,-1,-1
255,29,658,325,10,13,1,-1,-1,-1
255,34,595,345,14,21,1,-1,-1,-1
255,35,592,324,14,21,1,-1,-1,-1
255,37,612,287,10,13,1,-1,-1,-1
255,39,736,273,10,11,1,-1,-1,-1
255,40,686,304,10,13,1,-1,-1,-1
255,41,709,318,13,13,1,-1,-1,-1
255,42,791,320,18,13,1,-1,-1,-1
255,43,829,460,19,25,1,-1,-1,-1
255,44,907,493,22,21,1,-1,-1,-1
255,45,965,491,41,34,1,-1,-1,-1
255,46,940,493,31,34,1,-1,-1,-1
255,47,771,341,15,13,1,-1,-1,-1
255,48,687,266,10,11,1,-1,-1,-1
255,49,876,495,23,23,1,-1,-1,-1
255,50,795,503,23,30,1,-1,-1,-1
255,51,892,516,28,22,1,-1,-1,-1
255,52,829,516,27,23,1,-1,-1,-1
256,1,600,310,11,13,1,-1,-1,-1
256,2,612,312,13,13,1,-1,-1,-1
256,4,612,325,13,15,1,-1,-1,-1
256,5,612,343,13,15,1,-1,-1,-1
256,6,650,298,10,13,1,-1,-1,-1
256,7,654,310,13,13,1,-1,-1,-1
256,8,676,331,13,15,1,-1,-1,-1
256,9,680,347,13,15,1,-1,-1,-1
256,11,646,285,10,13,1,-1,-1,-1
256,12,671,308,10,15,1,-1,-1,-1
256,13,663,291,10,13,1,-1,-1,-1
256,14,662,279,10,11,1,-1,-1,-1
256,15,643,275,10,11,1,-1,-1,-1
256,16,642,268,10,11,1,-1,-1,-1
256,17,656,268,10,9,1,-1,-1,-1
256,18,658,258,10,9,1,-1,-1,-1
256,26,821,320,14,17,1,-1,-1,-1
256,28,659,343,14,15,1,-1,-1,-1
256,29,656,325,10,13,1,-1,-1,-1
256,34,595,345,14,21,1,-1,-1,-1
256,35,592,324,14,21,1,-1,-1,-1
256,37,612,287,10,13,1,-1,-1,-1
256,39,736,271,10,11,1,-1,-1,-1
256,40,684,304,10,13,1,-1,-1,-1
256,41,709,320,13,13,1,-1,-1,-1
256,42,791,320,18,13,1,-1,-1,-1
256,43,829,462,19,21,1,-1,-1,-1
256,44,907,493,22,21,1,-1,-1,-1
256,45,966,491,41,34,1,-1,-1,-1
256,46,940,493,31,32,1,-1,-1,-1
256,47,771,339,15,13,1,-1,-1,-1
256,48,687,266,10,11,1,-1,-1,-1
256,49,876,493,23,23,1,-1,-1,-1
256,50,796,503,23,30,1,-1,-1,-1
256,51,892,516,28,22,1,-1,-1,-1
256,52,831,515,23,24,1,-1,-1,-1
257,1,600,310,11,13,1,-1,-1,-1
257,2,613,312,13,13,1,-1,-1,-1
257,4,612,325,13,15,1,-1,-1,-1
257,5,612,343,13,15,1,-1,-1,-1
257,6,650,298,10,13,1,-1,-1,-1
257,7,654,310,13,13,1,-1,-1,-1
257,8,677,331,13,15,1,-1,-1,-1
257,9,680,347,13,15,1,-1,-1,-1
257,11,646,285,10,13,1,-1,-1,-1
257,12,671,306,10,15,1,-1,-1,-1
257,13,663,291,10,13,1,-1,-1,-1
257,14,662,279,10,11,1,-1,-1,-1
257,15,643,275,10,11,1,-1,-1,-1
257,16,642,268,10,11,1,-1,-1,-1
257,17,656,268,10,9,1,-1,-1,-1
257,18,656,258,10,9,1,-1,-1,-1
257,26,822,320,14,17,1,-1,-1,-1
257,28,659,343,14,15,1,-1,-1,-1
257,29,658,325,10,13,1,-1,-1,-1
257,34,595,343,14,21,1,-1,-1,-1
257,35,592,322,14,21,1,-1,-1,-1
257,37,612,285,10,13,1,-1,-1,-1
257,39,736,271,10,11,1,-1,-1,-1
257,40,685,304,10,13,1,-1,-1,-1
257,41,709,320,13,13,1,-1,-1,-1
257,42,791,318,18,13,1,-1,-1,-1
257,43,829,460,19,21,1,-1,-1,-1
257,44,906,493,22,21,1,-1,-1,-1
257,45,966,491,40,34,1,-1,-1,-1
257,46,941,493,31,32,1,-1,-1,-1
257,47,771,339,15,13,1,-1,-1,-1
257,48,688,266,10,11,1,-1,-1,-1
257,49,876,493,23,23,1,-1,-1,-1
257,50,798,505,23,30,1,-1,-1,-1
257,51,892,516,27,22,1,-1,-1,-1
257,52,828,512,27,26,1,-1,-1,-1
258,1,600,310,11,13,1,-1,-1,-1
258,2,613,312,13,13,1,-1,-1,-1
258,4,612,325,13,15,1,-1,-1,-1
258,5,612,343,13,15,1,-1,-1,-1
258,6,650,297,10,13,1,-1,-1,-1
258,7,654,310,13,13,1,-1,-1,-1
258,8,676,331,13,15,1,-1,-1,-1
258,9,680,345,13,15,1,-1,-1,-1
258,11,646,285,10,13,1,-1,-1,-1
258,12,671,306,10,15,1,-1,-1,-1
258,13,663,291,10,13,1,-1,-1,-1
258,14,660,279,10,11,1,-1,-1,-1
258,15,643,275,10,11,1,-1,-1,-1
258,16,642,268,10,11,1,-1,-1,-1
258,17,658,268,10,9,1,-1,-1,-1
258,18,656,258,10,9,1,-1,-1,-1
258,26,824,320,14,17,1,-1,-1,-1
258,28,659,343,14,15,1,-1,-1,-1
258,29,658,325,10,13,1,-1,-1,-1
258,34,595,343,14,21,1,-1,-1,-1
258,35,592,322,14,21,1,-1,-1,-1
258,37,612,285,10,13,1,-1,-1,-1
258,39,736,271,10,11,1,-1,-1,-1
258,40,687,304,10,13,1,-1,-1,-1
258,41,710,320,13,13,1,-1,-1,-1
258,42,791,318,18,13,1,-1,-1,-1
258,43,829,460,19,21,1,-1,-1,-1
258,44,907,491,22,21,1,-1,-1,-1
258,45,966,489,40,34,1,-1,-1,-1
258,46,940,491,31,34,1,-1,-1,-1
258,47,771,339,15,13,1,-1,-1,-1
258,48,688,266,10,11,1,-1,-1,-1
258,49,876,493,23,23,1,-1,-1,-1
258,50,799,505,23,30,1,-1,-1,-1
258,51,892,516,27,23,1,-1,-1,-1
258,52,828,513,25,25,1,-1,-1,-1
259,1,600,310,11,13,1,-1,-1,-1
259,2,612,312,13,13,1,-1,-1,-1
259,4,612,325,13,15,1,-1,-1,-1
259,5,612,343,13,15,1,-1,-1,-1
259,6,650,298,10,13,1,-1,-1,-1
259,7,654,310,13,13,1,-1,-1,-1
259,8,676,329,13,15,1,-1,-1,-1
259,9,680,345,13,15,1,-1,-1,-1
259,11,646,283,10,13,1,-1,-1,-1
259,12,671,306,10,15,1,-1,-1,-1
259,13,664,291,10,13,1,-1,-1,-1
259,14,660,277,10,11,1,-1,-1,-1
259,15,643,275,10,11,1,-1,-1,-1
259,16,643,266,10,11,1,-1,-1,-1
259,17,656,268,10,9,1,-1,-1,-1
259,18,656,258,10,9,1,-1,-1,-1
259,26,822,320,14,17,1,-1,-1,-1
259,28,659,341,14,15,1,-1,-1,-1
259,29,658,325,10,13,1,-1,-1,-1
259,34,596,343,14,21,1,-1,-1,-1
259,35,592,322,14,21,1,-1,-1,-1
259,37,612,285,10,13,1,-1,-1,-1
259,39,735,270,10,11,1,-1,-1,-1
259,40,685,304,10,13,1,-1,-1,-1
259,41,710,320,13,13,1,-1,-1,-1
259,42,791,316,18,13,1,-1,-1,-1
259,43,829,459,19,21,1,-1,-1,-1
259,44,907,491,22,21,1,-1,-1,-1
259,45,966,489,40,34,1,-1,-1,-1
259,46,940,491,31,34,1,-1,-1,-1
259,47,770,337,15,13,1,-1,-1,-1
259,48,688,266,10,11,1,-1,-1,-1
259,49,877,493,23,23,1,-1,-1,-1
259,50,799,507,23,30,1,-1,-1,-1
259,51,892,516,27,22,1,-1,-1,-1
259,52,828,511,24,25,1,-1,-1,-1
260,1,600,310,11,13,1,-1,-1,-1
260,2,613,310,13,13,1,-1,-1,-1
260,4,612,325,13,15,1,-1,-1,-1
260,5,612,343,13,15,1,-1,-1,-1
260,6,650,297,10,13,1,-1,-1,-1
260,7,654,308,13,13,1,-1,-1,-1
260,8,677,329,13,15,1,-1,-1,-1
260,9,680,345,13,15,1,-1,-1,-1
260,11,646,283,10,13,1,-1,-1,-1
260,12,671,306,10,15,1,-1,-1,-1
260,13,664,291,10,13,1,-1,-1,-1
260,14,662,279,10,11,1,-1,-1,-1
260,15,643,275,10,11,1,-1,-1,-1
260,16,642,266,10,11,1,-1,-1,-1
260,17,656,268,10,9,1,-1,-1,-1
260,18,656,258,10,9,1,-1,-1,-1
260,26,822,320,14,17,1,-1,-1,-1
260,28,659,341,14,15,1,-1,-1,-1
260,29,658,325,10,13,1,-1,-1,-1
260,34,595,343,14,21,1,-1,-1,-1
260,35,594,322,14,21,1,-1,-1,-1
260,37,612,285,10,13,1,-1,-1,-1
260,39,735,270,10,11,1,-1,-1,-1
260,40,687,304,10,13,1,-1,-1,-1
260,41,710,320,13,13,1,-1,-1,-1
260,42,791,318,15,11,1,-1,-1,-1
260,43,828,457,19,21,1,-1,-1,-1
260,44,909,491,22,21,1,-1,-1,-1
260,45,967,489,39,32,1,-1,-1,-1
260,46,941,491,31,32,1,-1,-1,-1
260,47,770,337,15,13,1,-1,-1,-1
260,48,688,266,10,11,1,-1,-1,-1
260,49,876,491,23,23,1,-1,-1,-1
260,50,800,509,23,30,1,-1,-1,-1
260,51,893,514,27,24,1,-1,-1,-1
260,52,829,511,24,25,1,-1,-1,-1
260,53,925,519,26,20,1,-1,-1,-1
261,1,600,308,11,13,1,-1,-1,-1
261,2,613,310,13,13,1,-1,-1,-1
261,4,612,325,13,15,1,-1,-1,-1
261,5,612,343,13,15,1,-1,-1,-1
261,6,650,295,10,13,1,-1,-1,-1
261,7,654,308,13,13,1,-1,-1,-1
261,8,677,329,13,15,1,-1,-1,-1
261,9,680,343,13,15,1,-1,-1,-1
261,11,646,283,10,13,1,-1,-1,-1
261,12,671,306,10,15,1,-1,-1,-1
261,13,664,289,10,13,1,-1,-1,-1
261,14,662,277,10,11,1,-1,-1,-1
261,15,643,273,10,11,1,-1,-1,-1
261,16,642,266,10,11,1,-1,-1,-1
261,17,656,268,10,9,1,-1,-1,-1
261,18,656,258,10,9,1,-1,-1,-1
261,26,822,318,14,17,1,-1,-1,-1
261,28,659,341,14,15,1,-1,-1,-1
261,29,659,324,10,13,1,-1,-1,-1
261,34,595,343,14,21,1,-1,-1,-1
261,35,592,322,14,21,1,-1,-1,-1
261,37,612,285,10,13,1,-1,-1,-1
261,39,735,268,10,11,1,-1,-1,-1
261,40,687,304,10,13,1,-1,-1,-1
261,41,710,319,14,16,1,-1,-1,-1
261,42,791,316,14,11,1,-1,-1,-1
261,43,829,455,18,19,1,-1,-1,-1
261,44,909,489,22,21,1,-1,-1,-1
261,45,969,489,40,34,1,-1,-1,-1
261,46,941,491,31,32,1,-1,-1,-1
261,47,770,335,15,13,1,-1,-1,-1
261,48,688,266,10,11,1,-1,-1,-1
261,49,876,491,23,23,1,-1,-1,-1
261,50,801,509,23,30,1,-1,-1,-1
261,51,892,514,27,25,1,-1,-1,-1
261,52,828,511,24,25,1,-1,-1,-1
261,53,924,518,26,20,1,-1,-1,-1
262,1,600,308,11,13,1,-1,-1,-1
262,2,613,310,13,13,1,-1,-1,-1
262,4,612,325,13,15,1,-1,-1,-1
262,5,612,341,13,15,1,-1,-1,-1
262,6,650,295,10,13,1,-1,-1,-1
262,7,654,308,13,13,1,-1,-1,-1
262,8,677,329,13,15,1,-1,-1,-1
262,9,681,343,13,15,1,-1,-1,-1
262,11,646,283,10,13,1,-1,-1,-1
262,12,671,306,10,15,1,-1,-1,-1
262,13,664,291,10,13,1,-1,-1,-1
262,14,662,277,10,11,1,-1,-1,-1
262,15,643,273,10,11,1,-1,-1,-1
262,16,642,266,10,11,1,-1,-1,-1
262,17,656,268,10,9,1,-1,-1,-1
262,18,656,258,10,9,1,-1,-1,-1
262,26,824,318,14,17,1,-1,-1,-1
262,28,660,341,14,15,1,-1,-1,-1
262,29,658,324,10,13,1,-1,-1,-1
262,34,595,341,14,21,1,-1,-1,-1
262,35,592,320,14,21,1,-1,-1,-1
262,37,612,285,10,13,1,-1,-1,-1
262,39,734,268,10,11,1,-1,-1,-1
262,40,688,306,10,13,1,-1,-1,-1
262,41,710,318,14,15,1,-1,-1,-1
262,42,790,316,14,11,1,-1,-1,-1
262,43,829,455,16,19,1,-1,-1,-1
262,44,909,491,22,21,1,-1,-1,-1
262,45,967,489,40,34,1,-1,-1,-1
262,46,943,489,31,32,1,-1,-1,-1
262,47,770,335,15,13,1,-1,-1,-1
262,48,689,266,10,11,1,-1,-1,-1
262,49,876,489,23,23,1,-1,-1,-1
262,50,801,509,23,30,1,-1,-1,-1
262,51,892,514,28,25,1,-1,-1,-1
262,52,829,509,24,25,1,-1,-1,-1
262,53,926,518,26,19,1,-1,-1,-1
263,1,602,308,11,13,1,-1,-1,-1
263,2,613,310,13,13,1,-1,-1,-1
263,4,612,324,13,15,1,-1,-1,-1
263,5,612,341,13,15,1,-1,-1,-1
263,6,650,295,10,13,1,-1,-1,-1
263,7,654,308,13,13,1,-1,-1,-1
263,8,676,329,13,15,1,-1,-1,-1
263,9,680,343,13,15,1,-1,-1,-1
263,11,646,283,10,13,1,-1,-1,-1
263,12,671,306,10,15,1,-1,-1,-1
263,13,664,289,10,13,1,-1,-1,-1
263,14,662,277,10,11,1,-1,-1,-1
263,15,643,273,10,11,1,-1,-1,-1
263,16,643,266,10,11,1,-1,-1,-1
263,17,656,268,10,9,1,-1,-1,-1
263,18,658,258,10,9,1,-1,-1,-1
263,26,824,318,14,17,1,-1,-1,-1
263,28,659,341,14,15,1,-1,-1,-1
263,29,658,324,10,13,1,-1,-1,-1
263,34,596,341,14,21,1,-1,-1,-1
263,35,592,320,14,21,1,-1,-1,-1
263,37,612,285,10,13,1,-1,-1,-1
263,39,734,266,10,11,1,-1,-1,-1
263,40,688,306,10,13,1,-1,-1,-1
263,41,710,320,14,15,1,-1,-1,-1
263,42,788,316,14,11,1,-1,-1,-1
263,43,830,460,16,17,1,-1,-1,-1
263,44,909,489,22,21,1,-1,-1,-1
263,45,967,487,40,34,1,-1,-1,-1
263,46,941,489,31,34,1,-1,-1,-1
263,47,770,333,15,13,1,-1,-1,-1
263,48,689,266,10,11,1,-1,-1,-1
263,49,876,489,23,23,1,-1,-1,-1
263,50,804,511,23,28,1,-1,-1,-1
263,51,892,513,29,26,1,-1,-1,-1
263,52,829,509,24,25,1,-1,-1,-1
263,53,926,518,26,19,1,-1,-1,-1
264,1,600,308,11,13,1,-1,-1,-1
264,2,613,310,13,13,1,-1,-1,-1
264,4,612,324,13,15,1,-1,-1,-1
264,5,612,341,13,15,1,-1,-1,-1
264,6,650,295,10,13,1,-1,-1,-1
264,7,655,308,13,13,1,-1,-1,-1
264,8,677,329,13,15,1,-1,-1,-1
264,9,681,343,13,15,1,-1,-1,-1
264,11,646,283,10,13,1,-1,-1,-1
264,12,671,306,10,15,1,-1,-1,-1
264,13,664,289,10,13,1,-1,-1,-1
264,14,662,277,10,11,1,-1,-1,-1
264,15,643,273,10,11,1,-1,-1,-1
264,16,643,264,10,11,1,-1,-1,-1
264,17,656,266,10,9,1,-1,-1,-1
264,18,658,256,10,9,1,-1,-1,-1
264,26,825,319,14,17,1,-1,-1,-1
264,28,659,341,14,15,1,-1,-1,-1
264,29,658,322,10,13,1,-1,-1,-1
264,34,596,341,14,21,1,-1,-1,-1
264,35,592,320,14,21,1,-1,-1,-1
264,37,612,285,10,13,1,-1,-1,-1
264,39,734,264,10,11,1,-1,-1,-1
264,40,688,306,10,13,1,-1,-1,-1
264,41,710,320,14,15,1,-1,-1,-1
264,42,788,314,14,11,1,-1,-1,-1
264,43,832,460,15,17,1,-1,-1,-1
264,44,909,489,22,21,1,-1,-1,-1
264,45,967,487,40,34,1,-1,-1,-1
264,46,943,489,31,32,1,-1,-1,-1
264,47,770,333,15,13,1,-1,-1,-1
264,48,689,266,10,11,1,-1,-1,-1
264,49,876,489,23,23,1,-1,-1,-1
264,50,804,513,23,27,1,-1,-1,-1
264,51,892,511,28,25,1,-1,-1,-1
264,52,829,507,24,25,1,-1,-1,-1
264,53,927,518,26,21,1,-1,-1,-1
265,1,600,308,11,13,1,-1,-1,-1
265,2,612,308,13,13,1,-1,-1,-1
265,4,612,322,13,15,1,-1,-1,-1
265,5,613,341,13,15,1,-1,-1,-1
265,6,650,295,10,13,1,-1,-1,-1
265,7,654,308,13,13,1,-1,-1,-1
265,8,677,329,13,15,1,-1,-1,-1
265,9,680,343,13,15,1,-1,-1,-1
265,11,646,281,10,13,1,-1,-1,-1
265,12,671,306,10,15,1,-1,-1,-1
265,13,664,289,10,13,1,-1,-1,-1
265,14,662,277,10,11,1,-1,-1,-1
265,15,645,273,10,11,1,-1,-1,-1
265,16,643,264,10,11,1,-1,-1,-1
265,17,656,266,10,9,1,-1,-1,-1
265,18,658,256,10,9,1,-1,-1,-1
265,26,824,318,14,17,1,-1,-1,-1
265,28,659,341,14,15,1,-1,-1,-1
265,29,659,322,10,13,1,-1,-1,-1
265,34,596,341,14,21,1,-1,-1,-1
265,35,592,320,14,21,1,-1,-1,-1
265,37,612,283,10,13,1,-1,-1,-1
265,39,732,264,10,11,1,-1,-1,-1
265,40,688,306,10,13,1,-1,-1,-1
265,41,711,320,14,15,1,-1,-1,-1
265,42,788,312,14,11,1,-1,-1,-1
265,43,831,454,15,14,1,-1,-1,-1
265,44,910,489,22,21,1,-1,-1,-1
265,45,969,487,40,34,1,-1,-1,-1
265,46,943,489,31,32,1,-1,-1,-1
265,47,770,331,14,13,1,-1,-1,-1
265,48,689,266,10,11,1,-1,-1,-1
265,49,877,489,23,23,1,-1,-1,-1
265,50,804,514,23,25,1,-1,-1,-1
265,51,893,511,28,25,1,-1,-1,-1
265,52,828,507,26,25,1,-1,-1,-1
265,53,927,518,26,21,1,-1,-1,-1
266,1,600,306,11,13,1,-1,-1,-1
266,2,613,308,13,13,1,-1,-1,-1
266,4,612,322,13,15,1,-1,-1,-1
266,5,612,341,13,15,1,-1,-1,-1
266,6,650,293,10,13,1,-1,-1,-1
266,7,654,306,13,13,1,-1,-1,-1
266,8,679,327,13,15,1,-1,-1,-1
266,9,681,343,13,15,1,-1,-1,-1
266,11,646,281,10,13,1,-1,-1,-1
266,12,671,304,10,15,1,-1,-1,-1
266,13,664,289,10,13,1,-1,-1,-1
266,14,662,277,10,11,1,-1,-1,-1
266,15,645,273,10,11,1,-1,-1,-1
266,16,643,264,10,11,1,-1,-1,-1
266,17,658,266,10,9,1,-1,-1,-1
266,18,658,256,10,9,1,-1,-1,-1
266,26,824,318,14,17,1,-1,-1,-1
266,28,659,339,14,15,1,-1,-1,-1
266,29,658,322,10,13,1,-1,-1,-1
266,34,596,341,14,21,1,-1,-1,-1
266,35,594,318,14,21,1,-1,-1,-1
266,37,612,283,10,13,1,-1,-1,-1
266,39,732,264,10,11,1,-1,-1,-1
266,40,689,306,10,13,1,-1,-1,-1
266,41,713,320,14,15,1,-1,-1,-1
266,42,787,312,14,11,1,-1,-1,-1
266,44,910,489,22,21,1,-1,-1,-1
266,45,969,486,40,34,1,-1,-1,-1
266,46,943,489,31,34,1,-1,-1,-1
266,47,769,331,14,13,1,-1,-1,-1
266,48,689,266,10,11,1,-1,-1,-1
266,49,877,487,23,23,1,-1,-1,-1
266,50,805,514,23,25,1,-1,-1,-1
266,51,893,511,28,25,1,-1,-1,-1
266,52,829,507,26,25,1,-1,-1,-1
266,53,927,516,27,22,1,-1,-1,-1
267,1,600,306,11,13,1,-1,-1,-1
267,2,613,308,13,13,1,-1,-1,-1
267,4,612,322,13,15,1,-1,-1,-1
267,5,613,341,13,15,1,-1,-1,-1
267,6,650,293,10,13,1,-1,-1,-1
267,7,655,306,13,13,1,-1,-1,-1
267,8,677,327,13,15,1,-1,-1,-1
267,9,681,343,13,15,1,-1,-1,-1
267,11,646,281,10,13,1,-1,-1,-1
267,12,671,304,10,15,1,-1,-1,-1
267,13,664,289,10,13,1,-1,-1,-1
267,14,662,275,10,11,1,-1,-1,-1
267,15,645,271,10,11,1,-1,-1,-1
267,16,643,264,10,11,1,-1,-1,-1
267,17,658,266,10,9,1,-1,-1,-1
267,18,658,256,10,9,1,-1,-1,-1
267,26,824,316,14,17,1,-1,-1,-1
267,28,660,339,14,15,1,-1,-1,-1
267,29,659,322,10,13,1,-1,-1,-1
267,34,595,339,14,21,1,-1,-1,-1
267,35,594,318,14,21,1,-1,-1,-1
267,37,612,283,10,13,1,-1,-1,-1
267,39,731,262,10,11,1,-1,-1,-1
267,40,689,306,10,13,1,-1,-1,-1
267,41,713,320,14,15,1,-1,-1,-1
267,42,787,310,14,11,1,-1,-1,-1
267,44,910,487,22,21,1,-1,-1,-1
267,45,969,486,40,34,1,-1,-1,-1
267,46,943,487,31,34,1,-1,-1,-1
267,47,769,329,14,13,1,-1,-1,-1
267,48,689,266,10,11,1,-1,-1,-1
267,49,879,487,23,23,1,-1,-1,-1
267,50,807,516,23,23,1,-1,-1,-1
267,51,893,511,28,25,1,-1,-1,-1
267,52,828,505,24,25,1,-1,-1,-1
267,53,927,516,27,23,1,-1,-1,-1
268,1,600,306,11,13,1,-1,-1,-1
268,2,613,308,13,13,1,-1,-1,-1
268,4,613,322,13,15,1,-1,-1,-1
268,5,612,341,13,15,1,-1,-1,-1
268,6,650,293,10,13,1,-1,-1,-1
268,7,654,306,13,13,1,-1,-1,-1
268,8,677,327,13,15,1,-1,-1,-1
268,9,681,341,13,15,1,-1,-1,-1
268,11,646,281,10,13,1,-1,-1,-1
268,12,672,304,10,15,1,-1,-1,-1
268,13,664,289,10,13,1,-1,-1,-1
268,14,662,277,10,11,1,-1,-1,-1
268,15,645,271,10,11,1,-1,-1,-1
268,16,643,264,10,11,1,-1,-1,-1
268,17,658,266,10,9,1,-1,-1,-1
268,18,658,256,10,9,1,-1,-1,-1
268,26,824,316,14,17,1,-1,-1,-1
268,28,660,339,14,15,1,-1,-1,-1
268,29,659,322,10,13,1,-1,-1,-1
268,34,595,339,14,21,1,-1,-1,-1
268,35,594,318,14,21,1,-1,-1,-1
268,37,612,283,10,13,1,-1,-1,-1
268,39,731,262,10,11,1,-1,-1,-1
268,40,689,306,10,13,1,-1,-1,-1
268,41,713,322,14,15,1,-1,-1,-1
268,42,786,310,14,11,1,-1,-1,-1
268,44,910,487,22,21,1,-1,-1,-1
268,45,970,486,40,34,1,-1,-1,-1
268,46,944,487,31,32,1,-1,-1,-1
268,47,769,329,14,13,1,-1,-1,-1
268,48,689,266,10,11,1,-1,-1,-1
268,49,879,487,23,23,1,-1,-1,-1
268,50,808,516,23,23,1,-1,-1,-1
268,51,893,511,28,25,1,-1,-1,-1
268,52,829,505,24,25,1,-1,-1,-1
268,53,927,516,29,23,1,-1,-1,-1
269,1,602,306,11,13,1,-1,-1,-1
269,2,613,308,13,13,1,-1,-1,-1
269,4,612,322,13,15,1,-1,-1,-1
269,5,613,339,13,15,1,-1,-1,-1
269,6,650,293,10,13,1,-1,-1,-1
269,7,655,306,13,13,1,-1,-1,-1
269,8,677,327,13,15,1,-1,-1,-1
269,9,681,341,13,15,1,-1,-1,-1
269,11,646,281,10,13,1,-1,-1,-1
269,12,671,304,10,15,1,-1,-1,-1
269,13,664,289,10,13,1,-1,-1,-1
269,14,663,275,10,11,1,-1,-1,-1
269,15,645,271,10,11,1,-1,-1,-1
269,16,643,264,10,11,1,-1,-1,-1
269,17,658,266,10,9,1,-1,-1,-1
269,18,658,256,10,9,1,-1,-1,-1
269,26,824,316,14,17,1,-1,-1,-1
269,28,660,339,14,15,1,-1,-1,-1
269,29,659,322,10,13,1,-1,-1,-1
269,34,595,339,14,21,1,-1,-1,-1
269,35,594,318,14,21,1,-1,-1,-1
269,37,612,283,10,13,1,-1,-1,-1
269,39,731,260,10,11,1,-1,-1,-1
269,40,689,308,10,13,1,-1,-1,-1
269,41,713,322,14,15,1,-1,-1,-1
269,42,787,308,14,11,1,-1,-1,-1
269,44,910,487,22,21,1,-1,-1,-1
269,45,969,486,41,34,1,-1,-1,-1
269,46,944,487,31,32,1,-1,-1,-1
269,47,769,327,14,13,1,-1,-1,-1
269,48,690,268,10,11,1,-1,-1,-1
269,49,879,487,23,23,1,-1,-1,-1
269,50,808,522,20,17,1,-1,-1,-1
269,51,893,511,28,25,1,-1,-1,-1
269,52,829,505,24,25,1,-1,-1,-1
269,53,927,516,29,23,1,-1,-1,-1
270,1,602,306,11,13,1,-1,-1,-1
270,2,613,308,13,13,1,-1,-1,-1
270,4,612,320,13,15,1,-1,-1,-1
270,5,612,339,13,15,1,-1,-1,-1
270,6,650,293,10,13,1,-1,-1,-1
270,7,655,306,13,13,1,-1,-1,-1
270,8,679,327,13,15,1,-1,-1,-1
270,9,681,341,13,15,1,-1,-1,-1
270,11,646,281,10,13,1,-1,-1,-1
270,12,671,304,10,15,1,-1,-1,-1
270,13,664,289,10,13,1,-1,-1,-1
270,14,662,275,10,11,1,-1,-1,-1
270,15,643,271,10,11,1,-1,-1,-1
270,16,643,264,10,11,1,-1,-1,-1
270,17,658,266,10,9,1,-1,-1,-1
270,18,658,256,10,9,1,-1,-1,-1
270,26,824,316,14,17,1,-1,-1,-1
270,28,660,339,14,15,1,-1,-1,-1
270,29,658,322,10,13,1,-1,-1,-1
270,34,595,339,14,21,1,-1,-1,-1
270,35,594,318,14,21,1,-1,-1,-1
270,37,612,283,10,13,1,-1,-1,-1
270,39,731,260,10,11,1,-1,-1,-1
270,40,689,308,10,13,1,-1,-1,-1
270,41,714,322,14,15,1,-1,-1,-1
270,42,786,308,14,11,1,-1,-1,-1
270,44,910,487,22,21,1,-1,-1,-1
270,45,969,484,41,34,1,-1,-1,-1
270,46,944,486,31,34,1,-1,-1,-1
270,47,768,327,14,13,1,-1,-1,-1
270,48,692,266,10,11,1,-1,-1,-1
270,49,880,486,23,23,1,-1,-1,-1
270,50,809,524,21,15,1,-1,-1,-1
270,51,893,509,28,25,1,-1,-1,-1
270,52,828,503,24,25,1,-1,-1,-1
270,53,927,514,30,24,1,-1,-1,-1
271,1,602,306,11,13,1,-1,-1,-1
271,2,613,308,13,13,1,-1,-1,-1
271,4,612,320,13,15,1,-1,-1,-1
271,5,613,339,13,15,1,-1,-1,-1
271,6,650,293,10,13,1,-1,-1,-1
271,7,655,306,13,13,1,-1,-1,-1
271,8,677,327,13,15,1,-1,-1,-1
271,9,681,341,13,15,1,-1,-1,-1
271,11,646,279,10,13,1,-1,-1,-1
271,12,672,304,10,15,1,-1,-1,-1
271,13,666,287,10,13,1,-1,-1,-1
271,14,662,275,10,11,1,-1,-1,-1
271,15,643,271,10,11,1,-1,-1,-1
271,16,642,262,10,11,1,-1,-1,-1
271,17,658,264,10,9,1,-1,-1,-1
271,18,658,256,10,9,1,-1,-1,-1
271,26,825,316,14,17,1,-1,-1,-1
271,28,660,339,14,15,1,-1,-1,-1
271,29,659,322,10,13,1,-1,-1,-1
271,34,595,339,14,21,1,-1,-1,-1
271,35,594,318,14,21,1,-1,-1,-1
271,37,612,283,10,13,1,-1,-1,-1
271,39,730,258,10,11,1,-1,-1,-1
271,40,689,308,13,14,1,-1,-1,-1
271,41,714,322,14,15,1,-1,-1,-1
271,42,784,306,14,11,1,-1,-1,-1
271,44,910,487,22,21,1,-1,-1,-1
271,45,970,484,40,34,1,-1,-1,-1
271,46,945,486,31,32,1,-1,-1,-1
271,47,768,327,14,13,1,-1,-1,-1
271,48,692,268,10,11,1,-1,-1,-1
271,49,879,484,23,23,1,-1,-1,-1
271,50,809,522,20,17,1,-1,-1,-1
271,51,893,509,30,27,1,-1,-1,-1
271,52,829,503,24,25,1,-1,-1,-1
271,53,927,514,30,24,1,-1,-1,-1
272,1,600,304,11,13,1,-1,-1,-1
272,2,613,306,13,13,1,-1,-1,-1
272,4,613,320,13,15,1,-1,-1,-1
272,5,613,339,13,15,1,-1,-1,-1
272,6,650,293,10,13,1,-1,-1,-1
272,7,654,306,13,13,1,-1,-1,-1
272,8,679,327,13,15,1,-1,-1,-1
272,9,681,339,13,15,1,-1,-1,-1
272,11,646,279,10,13,1,-1,-1,-1
272,12,671,304,10,15,1,-1,-1,-1
272,13,666,287,10,13,1,-1,-1,-1
272,14,662,275,10,11,1,-1,-1,-1
272,15,643,271,10,11,1,-1,-1,-1
272,16,642,262,10,11,1,-1,-1,-1
272,17,658,264,10,9,1,-1,-1,-1
272,18,658,256,10,9,1,-1,-1,-1
272,26,825,314,14,17,1,-1,-1,-1
272,28,660,339,14,15,1,-1,-1,-1
272,29,659,320,10,13,1,-1,-1,-1
272,34,595,339,14,21,1,-1,-1,-1
272,35,594,316,14,21,1,-1,-1,-1
272,37,612,283,10,13,1,-1,-1,-1
272,39,731,258,10,11,1,-1,-1,-1
272,40,689,306,15,17,1,-1,-1,-1
272,41,714,322,14,15,1,-1,-1,-1
272,42,784,306,14,11,1,-1,-1,-1
272,44,910,486,22,21,1,-1,-1,-1
272,45,970,484,40,34,1,-1,-1,-1
272,46,945,486,31,32,1,-1,-1,-1
272,47,768,325,14,13,1,-1,-1,-1
272,48,692,268,10,11,1,-1,-1,-1
272,49,880,484,23,23,1,-1,-1,-1
272,51,893,509,30,27,1,-1,-1,-1
272,52,829,503,24,25,1,-1,-1,-1
272,53,933,522,26,17,1,-1,-1,-1
273,1,600,304,11,13,1,-1,-1,-1
273,2,613,306,13,13,1,-1,-1,-1
273,4,612,320,13,15,1,-1,-1,-1
273,5,613,339,13,15,1,-1,-1,-1
273,6,650,293,10,13,1,-1,-1,-1
273,7,655,306,13,13,1,-1,-1,-1
273,8,677,327,13,15,1,-1,-1,-1
273,9,681,339,13,15,1,-1,-1,-1
273,11,646,279,10,13,1,-1,-1,-1
273,12,672,304,10,15,1,-1,-1,-1
273,13,666,287,10,13,1,-1,-1,-1
273,14,663,275,10,11,1,-1,-1,-1
273,15,643,270,10,11,1,-1,-1,-1
273,16,642,262,10,11,1,-1,-1,-1
273,17,658,264,10,9,1,-1,-1,-1
273,18,658,254,10,9,1,-1,-1,-1
273,26,825,314,14,17,1,-1,-1,-1
273,28,659,337,14,15,1,-1,-1,-1
273,29,659,320,10,13,1,-1,-1,-1
273,34,596,337,14,21,1,-1,-1,-1
273,35,594,316,14,21,1,-1,-1,-1
273,37,612,281,10,13,1,-1,-1,-1
273,39,730,258,10,11,1,-1,-1,-1
273,40,689,306,14,17,1,-1,-1,-1
273,41,714,324,14,15,1,-1,-1,-1
273,42,783,306,14,11,1,-1,-1,-1
273,44,911,484,22,21,1,-1,-1,-1
273,45,970,484,40,34,1,-1,-1,-1
273,46,944,484,31,34,1,-1,-1,-1
273,47,766,325,14,13,1,-1,-1,-1
273,48,692,268,10,11,1,-1,-1,-1
273,49,880,484,23,23,1,-1,-1,-1
273,51,893,507,28,25,1,-1,-1,-1
273,52,829,501,24,25,1,-1,-1,-1
273,53,928,514,31,24,1,-1,-1,-1
274,1,600,304,11,13,1,-1,-1,-1
274,2,613,306,13,13,1,-1,-1,-1
274,4,612,320,13,15,1,-1,-1,-1
274,5,612,339,13,15,1,-1,-1,-1
274,6,650,291,10,13,1,-1,-1,-1
274,7,655,304,13,13,1,-1,-1,-1
274,8,679,325,13,15,1,-1,-1,-1
274,9,681,339,13,15,1,-1,-1,-1
274,11,646,279,10,13,1,-1,-1,-1
274,12,672,304,10,15,1,-1,-1,-1
274,13,666,287,10,13,1,-1,-1,-1
274,14,663,275,10,11,1,-1,-1,-1
274,15,643,270,10,11,1,-1,-1,-1
274,16,643,262,10,11,1,-1,-1,-1
274,17,659,264,10,9,1,-1,-1,-1
274,18,658,254,10,9,1,-1,-1,-1
274,26,825,314,14,17,1,-1,-1,-1
274,28,659,337,14,15,1,-1,-1,-1
274,29,659,320,10,13,1,-1,-1,-1
274,34,596,337,14,21,1,-1,-1,-1
274,35,594,316,14,21,1,-1,-1,-1
274,37,612,281,10,13,1,-1,-1,-1
274,39,728,258,10,11,1,-1,-1,-1
274,40,689,306,14,17,1,-1,-1,-1
274,41,715,324,14,15,1,-1,-1,-1
274,42,783,304,14,11,1,-1,-1,-1
274,44,910,484,22,21,1,-1,-1,-1
274,45,970,484,40,34,1,-1,-1,-1
274,46,945,484,31,32,1,-1,-1,-1
274,47,766,324,14,13,1,-1,-1,-1
274,48,692,268,10,11,1,-1,-1,-1
274,49,880,484,22,21,1,-1,-1,-1
274,51,893,507,28,25,1,-1,-1,-1
274,52,829,501,24,25,1,-1,-1,-1
274,53,928,514,28,25,1,-1,-1,-1
275,1,600,304,11,13,1,-1,-1,-1
275,2,613,306,13,13,1,-1,-1,-1
275,4,613,320,13,15,1,-1,-1,-1
275,5,613,339,13,15,1,-1,-1,-1
275,6,650,291,10,13,1,-1,-1,-1
275,7,655,304,13,13,1,-1,-1,-1
275,8,679,325,13,15,1,-1,-1,-1
275,9,681,339,13,15,1,-1,-1,-1
275,11,646,279,10,13,1,-1,-1,-1
275,12,672,304,10,15,1,-1,-1,-1
275,13,666,287,10,13,1,-1,-1,-1
275,14,663,273,10,11,1,-1,-1,-1
275,15,643,270,10,11,1,-1,-1,-1
275,16,643,262,10,11,1,-1,-1,-1
275,17,658,264,10,9,1,-1,-1,-1
275,18,659,254,10,9,1,-1,-1,-1
275,26,824,314,14,17,1,-1,-1,-1
275,28,659,337,14,15,1,-1,-1,-1
275,29,659,320,10,13,1,-1,-1,-1
275,34,596,337,14,21,1,-1,-1,-1
275,35,594,316,14,21,1,-1,-1,-1
275,37,612,281,10,13,1,-1,-1,-1
275,39,730,256,10,11,1,-1,-1,-1
275,40,689,306,14,17,1,-1,-1,-1
275,41,715,324,14,15,1,-1,-1,-1
275,42,782,302,14,11,1,-1,-1,-1
275,44,910,484,22,21,1,-1,-1,-1
275,45,970,482,40,34,1,-1,-1,-1
275,46,945,484,31,32,1,-1,-1,-1
275,47,766,322,14,13,1,-1,-1,-1
275,48,693,268,10,11,1,-1,-1,-1
275,49,880,484,23,23,1,-1,-1,-1
275,51,893,507,28,25,1,-1,-1,-1
275,52,829,501,24,25,1,-1,-1,-1
275,53,928,512,28,26,1,-1,-1,-1
276,1,600,304,11,13,1,-1,-1,-1
276,2,613,306,13,13,1,-1,-1,-1
276,4,612,320,13,15,1,-1,-1,-1
276,5,613,339,13,15,1,-1,-1,-1
276,6,650,291,10,13,1,-1,-1,-1
276,7,655,304,13,13,1,-1,-1,-1
276,8,679,325,13,15,1,-1,-1,-1
276,9,683,339,13,15,1,-1,-1,-1
276,11,646,279,10,13,1,-1,-1,-1
276,12,672,302,10,15,1,-1,-1,-1
276,13,666,287,10,13,1,-1,-1,-1
276,14,663,275,10,11,1,-1,-1,-1
276,15,643,270,10,11,1,-1,-1,-1
276,16,643,262,10,11,1,-1,-1,-1
276,17,658,264,10,9,1,-1,-1,-1
276,18,658,254,10,9,1,-1,-1,-1
276,26,824,314,14,17,1,-1,-1,-1
276,28,660,337,14,15,1,-1,-1,-1
276,29,659,320,10,13,1,-1,-1,-1
276,34,596,337,14,21,1,-1,-1,-1
276,35,594,316,14,21,1,-1,-1,-1
276,37,612,281,10,13,1,-1,-1,-1
276,39,727,256,10,11,1,-1,-1,-1
276,40,689,306,14,17,1,-1,-1,-1
276,41,715,324,14,15,1,-1,-1,-1
276,42,782,302,14,11,1,-1,-1,-1
276,44,910,484,22,21,1,-1,-1,-1
276,45,970,482,40,34,1,-1,-1,-1
276,46,945,484,31,34,1,-1,-1,-1
276,47,765,322,14,13,1,-1,-1,-1
276,48,693,268,10,11,1,-1,-1,-1
276,49,880,482,23,23,1,-1,-1,-1
276,51,893,507,28,25,1,-1,-1,-1
276,52,828,499,24,25,1,-1,-1,-1
276,53,928,511,28,26,1,-1,-1,-1
277,1,600,304,11,13,1,-1,-1,-1
277,2,613,304,13,13,1,-1,-1,-1
277,4,612,320,13,15,1,-1,-1,-1
277,5,613,339,13,15,1,-1,-1,-1
277,6,650,291,10,13,1,-1,-1,-1
277,7,655,304,13,13,1,-1,-1,-1
277,8,679,325,13,15,1,-1,-1,-1
277,9,681,339,13,15,1,-1,-1,-1
277,11,646,277,10,13,1,-1,-1,-1
277,12,672,304,10,15,1,-1,-1,-1
277,13,666,287,10,13,1,-1,-1,-1
277,14,663,273,10,11,1,-1,-1,-1
277,15,645,268,10,11,1,-1,-1,-1
277,16,643,260,10,11,1,-1,-1,-1
277,17,658,264,10,9,1,-1,-1,-1
277,18,658,254,10,9,1,-1,-1,-1
277,26,825,314,14,17,1,-1,-1,-1
277,28,660,337,14,15,1,-1,-1,-1
277,29,659,320,10,13,1,-1,-1,-1
277,34,596,337,14,21,1,-1,-1,-1
277,35,594,314,14,21,1,-1,-1,-1
277,37,612,281,10,13,1,-1,-1,-1
277,39,728,254,10,11,1,-1,-1,-1
277,40,689,308,14,17,1,-1,-1,-1
277,41,715,325,14,15,1,-1,-1,-1
277,42,782,302,14,11,1,-1,-1,-1
277,44,910,484,22,21,1,-1,-1,-1
277,45,971,482,40,34,1,-1,-1,-1
277,46,945,484,31,34,1,-1,-1,-1
277,47,765,320,14,13,1,-1,-1,-1
277,48,693,268,10,11,1,-1,-1,-1
277,49,880,482,23,23,1,-1,-1,-1
277,51,894,507,28,25,1,-1,-1,-1
277,52,828,499,24,25,1,-1,-1,-1
277,53,928,511,30,27,1,-1,-1,-1
278,1,600,304,11,13,1,-1,-1,-1
278,2,613,306,13,13,1,-1,-1,-1
278,4,613,320,13,15,1,-1,-1,-1
278,5,613,337,13,15,1,-1,-1,-1
278,6,650,291,10,13,1,-1,-1,-1
278,7,655,304,13,13,1,-1,-1,-1
278,8,679,325,13,15,1,-1,-1,-1
278,9,681,339,13,15,1,-1,-1,-1
278,11,646,279,10,13,1,-1,-1,-1
278,12,672,302,10,15,1,-1,-1,-1
278,13,667,287,10,13,1,-1,-1,-1
278,14,663,273,10,11,1,-1,-1,-1
278,15,645,268,10,11,1,-1,-1,-1
278,16,643,262,10,11,1,-1,-1,-1
278,17,658,264,10,9,1,-1,-1,-1
278,18,658,254,10,9,1,-1,-1,-1
278,26,825,314,14,17,1,-1,-1,-1
278,28,660,337,14,15,1,-1,-1,-1
278,29,659,320,10,13,1,-1,-1,-1
278,34,596,337,14,21,1,-1,-1,-1
278,35,594,316,14,21,1,-1,-1,-1
278,37,612,281,10,13,1,-1,-1,-1
278,39,727,254,10,11,1,-1,-1,-1
278,40,690,308,14,17,1,-1,-1,-1
278,41,717,325,14,15,1,-1,-1,-1
278,42,782,300,14,11,1,-1,-1,-1
278,44,911,484,22,21,1,-1,-1,-1
278,45,971,480,40,34,1,-1,-1,-1
278,46,945,482,31,34,1,-1,-1,-1
278,47,765,320,14,13,1,-1,-1,-1
278,48,693,268,10,11,1,-1,-1,-1
278,49,880,482,23,23,1,-1,-1,-1
278,51,894,507,28,25,1,-1,-1,-1
278,52,828,497,24,25,1,-1,-1,-1
278,53,927,511,30,27,1,-1,-1,-1
279,1,600,302,11,13,1,-1,-1,-1
279,2,613,304,13,13,1,-1,-1,-1
279,4,612,318,13,15,1,-1,-1,-1
279,5,613,339,13,15,1,-1,-1,-1
279,6,650,291,10,13,1,-1,-1,-1
279,7,655,304,13,13,1,-1,-1,-1
279,8,679,325,13,15,1,-1,-1,-1
279,9,683,339,13,15,1,-1,-1,-1
279,11,646,277,10,13,1,-1,-1,-1
279,12,672,302,10,15,1,-1,-1,-1
279,13,667,287,10,13,1,-1,-1,-1
279,14,663,273,10,11,1,-1,-1,-1
279,15,645,268,10,11,1,-1,-1,-1
279,16,642,260,10,11,1,-1,-1,-1
279,17,659,264,10,9,1,-1,-1,-1
279,18,659,252,10,9,1,-1,-1,-1
279,26,825,312,14,17,1,-1,-1,-1
279,28,660,337,14,15,1,-1,-1,-1
279,29,659,320,10,13,1,-1,-1,-1
279,34,596,335,14,21,1,-1,-1,-1
279,35,594,314,14,21,1,-1,-1,-1
279,37,612,281,10,13,1,-1,-1,-1
279,39,727,252,10,11,1,-1,-1,-1
279,40,690,308,14,17,1,-1,-1,-1
279,41,717,325,14,15,1,-1,-1,-1
279,42,781,300,14,11,1,-1,-1,-1
279,44,911,482,22,21,1,-1,-1,-1
279,45,970,480,41,34,1,-1,-1,-1
279,46,946,482,31,34,1,-1,-1,-1
279,47,765,320,14,13,1,-1,-1,-1
279,48,693,268,10,11,1,-1,-1,-1
279,49,881,482,23,23,1,-1,-1,-1
279,51,894,505,30,27,1,-1,-1,-1
279,52,828,497,24,25,1,-1,-1,-1
279,53,928,509,30,27,1,-1,-1,-1
280,1,600,302,11,13,1,-1,-1,-1
280,2,615,304,13,13,1,-1,-1,-1
280,4,613,318,13,15,1,-1,-1,-1
280,5,613,337,13,15,1,-1,-1,-1
280,6,650,289,10,13,1,-1,-1,-1
280,7,655,304,13,13,1,-1,-1,-1
280,8,679,324,13,15,1,-1,-1,-1
280,9,681,337,13,15,1,-1,-1,-1
280,11,646,277,10,13,1,-1,-1,-1
280,12,672,302,10,15,1,-1,-1,-1
280,13,667,285,10,13,1,-1,-1,-1
280,14,663,273,10,11,1,-1,-1,-1
280,15,645,268,10,11,1,-1,-1,-1
280,16,642,260,10,11,1,-1,-1,-1
280,17,658,262,10,9,1,-1,-1,-1
280,18,658,252,10,9,1,-1,-1,-1
280,26,825,312,14,17,1,-1,-1,-1
280,28,662,337,14,15,1,-1,-1,-1
280,29,659,318,10,13,1,-1,-1,-1
280,34,596,335,14,21,1,-1,-1,-1
280,35,592,314,14,21,1,-1,-1,-1
280,37,612,281,10,13,1,-1,-1,-1
280,39,727,252,10,11,1,-1,-1,-1
280,40,690,308,14,17,1,-1,-1,-1
280,41,718,325,14,15,1,-1,-1,-1
280,42,779,298,14,11,1,-1,-1,-1
280,44,911,482,22,21,1,-1,-1,-1
280,45,970,480,41,34,1,-1,-1,-1
280,46,945,482,31,34,1,-1,-1,-1
280,47,765,318,14,13,1,-1,-1,-1
280,48,693,268,10,11,1,-1,-1,-1
280,49,880,482,23,23,1,-1,-1,-1
280,51,894,505,28,25,1,-1,-1,-1
280,52,828,497,24,25,1,-1,-1,-1
280,53,928,509,31,28,1,-1,-1,-1
281,1,600,302,11,13,1,-1,-1,-1
281,2,613,304,13,13,1,-1,-1,-1
281,4,612,318,13,15,1,-1,-1,-1
281,5,613,337,13,15,1,-1,-1,-1
281,6,650,289,10,13,1,-1,-1,-1
281,7,655,302,13,13,1,-1,-1,-1
281,8,679,324,13,15,1,-1,-1,-1
281,9,683,337,13,15,1,-1,-1,-1
281,11,646,277,10,13,1,-1,-1,-1
281,12,673,302,10,15,1,-1,-1,-1
281,13,667,285,10,13,1,-1,-1,-1
281,14,663,273,10,11,1,-1,-1,-1
281,15,645,268,10,11,1,-1,-1,-1
281,16,642,260,10,11,1,-1,-1,-1
281,17,658,262,10,9,1,-1,-1,-1
281,18,658,252,10,9,1,-1,-1,-1
281,26,825,312,14,17,1,-1,-1,-1
281,28,660,335,14,15,1,-1,-1,-1
281,29,659,318,10,13,1,-1,-1,-1
281,34,596,335,14,21,1,-1,-1,-1
281,35,592,314,14,21,1,-1,-1,-1
281,37,612,279,10,13,1,-1,-1,-1
281,39,727,252,10,11,1,-1,-1,-1
281,40,692,308,14,17,1,-1,-1,-1
281,41,718,327,14,15,1,-1,-1,-1
281,42,779,297,14,11,1,-1,-1,-1
281,44,912,482,22,21,1,-1,-1,-1
281,45,970,478,41,34,1,-1,-1,-1
281,46,945,482,31,34,1,-1,-1,-1
281,47,765,318,14,13,1,-1,-1,-1
281,48,693,268,10,11,1,-1,-1,-1
281,49,881,480,23,23,1,-1,-1,-1
281,51,896,503,28,25,1,-1,-1,-1
281,52,828,495,24,25,1,-1,-1,-1
281,53,928,509,31,28,1,-1,-1,-1
282,1,600,300,11,13,1,-1,-1,-1
282,2,613,304,13,13,1,-1,-1,-1
282,4,613,318,13,15,1,-1,-1,-1
282,5,613,337,13,15,1,-1,-1,-1
282,6,650,289,10,13,1,-1,-1,-1
282,7,656,302,13,13,1,-1,-1,-1
282,8,679,324,13,15,1,-1,-1,-1
282,9,683,337,13,15,1,-1,-1,-1
282,11,646,277,10,13,1,-1,-1,-1
282,12,672,302,10,15,1,-1,-1,-1
282,13,667,285,10,13,1,-1,-1,-1
282,14,663,273,10,11,1,-1,-1,-1
282,15,645,268,10,11,1,-1,-1,-1
282,16,643,260,10,11,1,-1,-1,-1
282,17,658,262,10,9,1,-1,-1,-1
282,18,659,252,10,9,1,-1,-1,-1
282,26,825,312,14,17,1,-1,-1,-1
282,28,660,335,14,15,1,-1,-1,-1
282,29,659,318,10,13,1,-1,-1,-1
282,34,595,333,14,21,1,-1,-1,-1
282,35,594,314,14,21,1,-1,-1,-1
282,37,612,279,10,13,1,-1,-1,-1
282,39,727,250,10,11,1,-1,-1,-1
282,40,692,308,14,17,1,-1,-1,-1
282,41,718,327,14,15,1,-1,-1,-1
282,42,779,297,14,11,1,-1,-1,-1
282,44,912,482,22,21,1,-1,-1,-1
282,45,971,478,41,34,1,-1,-1,-1
282,46,946,482,31,34,1,-1,-1,-1
282,47,765,318,14,13,1,-1,-1,-1
282,48,694,270,10,11,1,-1,-1,-1
282,49,881,480,23,23,1,-1,-1,-1
282,51,896,503,28,25,1,-1,-1,-1
282,52,828,495,24,25,1,-1,-1,-1
282,53,929,509,31,28,1,-1,-1,-1
283,1,600,300,11,13,1,-1,-1,-1
283,2,613,302,13,13,1,-1,-1,-1
283,4,613,318,13,15,1,-1,-1,-1
283,5,613,337,13,15,1,-1,-1,-1
283,6,650,289,10,13,1,-1,-1,-1
283,7,655,302,13,13,1,-1,-1,-1
283,8,680,324,13,15,1,-1,-1,-1
283,9,683,335,13,15,1,-1,-1,-1
283,11,646,275,10,13,1,-1,-1,-1
283,12,673,302,10,15,1,-1,-1,-1
283,13,667,285,10,13,1,-1,-1,-1
283,14,663,273,10,11,1,-1,-1,-1
283,15,645,266,10,11,1,-1,-1,-1
283,16,643,260,10,11,1,-1,-1,-1
283,17,659,262,10,9,1,-1,-1,-1
283,18,659,252,10,9,1,-1,-1,-1
283,26,825,312,14,17,1,-1,-1,-1
283,28,660,335,14,15,1,-1,-1,-1
283,29,659,318,10,13,1,-1,-1,-1
283,34,596,333,14,21,1,-1,-1,-1
283,35,594,312,14,21,1,-1,-1,-1
283,37,612,279,10,13,1,-1,-1,-1
283,39,726,250,10,11,1,-1,-1,-1
283,40,692,310,14,17,1,-1,-1,-1
283,41,719,327,14,15,1,-1,-1,-1
283,42,778,295,14,11,1,-1,-1,-1
283,44,912,480,22,21,1,-1,-1,-1
283,45,969,474,42,37,1,-1,-1,-1
283,46,944,480,35,34,1,-1,-1,-1
283,47,764,316,14,13,1,-1,-1,-1
283,48,694,268,10,11,1,-1,-1,-1
283,49,881,480,23,23,1,-1,-1,-1
283,51,896,503,28,25,1,-1,-1,-1
283,52,828,493,24,25,1,-1,-1,-1
283,53,928,507,32,30,1,-1,-1,-1
284,1,602,300,11,13,1,-1,-1,-1
284,2,613,302,13,13,1,-1,-1,-1
284,4,613,316,13,15,1,-1,-1,-1
284,5,613,335,13,15,1,-1,-1,-1
284,6,651,289,10,13,1,-1,-1,-1
284,7,656,302,13,13,1,-1,-1,-1
284,8,679,322,13,15,1,-1,-1,-1
284,9,683,335,13,15,1,-1,-1,-1
284,11,646,277,10,13,1,-1,-1,-1
284,12,673,300,10,15,1,-1,-1,-1
284,13,667,285,10,13,1,-1,-1,-1
284,14,663,271,10,11,1,-1,-1,-1
284,15,643,266,10,11,1,-1,-1,-1
284,16,643,258,10,11,1,-1,-1,-1
284,17,659,262,10,9,1,-1,-1,-1
284,18,659,252,10,9,1,-1,-1,-1
284,26,825,310,14,17,1,-1,-1,-1
284,28,660,335,14,15,1,-1,-1,-1
284,29,659,318,10,13,1,-1,-1,-1
284,34,596,333,14,21,1,-1,-1,-1
284,35,594,312,14,21,1,-1,-1,-1
284,37,612,279,10,13,1,-1,-1,-1
284,39,726,248,10,11,1,-1,-1,-1
284,40,693,308,14,17,1,-1,-1,-1
284,41,719,327,14,15,1,-1,-1,-1
284,42,778,295,14,11,1,-1,-1,-1
284,44,914,480,22,21,1,-1,-1,-1
284,45,970,474,40,36,1,-1,-1,-1
284,46,944,480,35,34,1,-1,-1,-1
284,47,764,314,14,13,1,-1,-1,-1
284,48,694,270,10,11,1,-1,-1,-1
284,49,881,478,23,23,1,-1,-1,-1
284,51,896,503,28,25,1,-1,-1,-1
284,52,828,493,24,25,1,-1,-1,-1
284,53,928,507,33,30,1,-1,-1,-1
285,1,602,300,11,13,1,-1,-1,-1
285,2,615,302,13,13,1,-1,-1,-1
285,4,613,316,13,15,1,-1,-1,-1
285,5,615,337,13,15,1,-1,-1,-1
285,6,651,287,10,13,1,-1,-1,-1
285,7,655,302,13,13,1,-1,-1,-1
285,8,680,322,13,15,1,-1,-1,-1
285,9,683,335,13,15,1,-1,-1,-1
285,11,647,275,10,13,1,-1,-1,-1
285,12,673,302,10,15,1,-1,-1,-1
285,13,667,285,10,13,1,-1,-1,-1
285,14,663,271,10,11,1,-1,-1,-1
285,15,645,266,10,11,1,-1,-1,-1
285,16,643,258,10,11,1,-1,-1,-1
285,17,659,262,10,9,1,-1,-1,-1
285,18,659,252,10,9,1,-1,-1,-1
285,26,825,310,14,17,1,-1,-1,-1
285,28,662,335,14,15,1,-1,-1,-1
285,29,659,316,10,13,1,-1,-1,-1
285,34,596,333,14,21,1,-1,-1,-1
285,35,594,312,14,21,1,-1,-1,-1
285,37,612,279,10,13,1,-1,-1,-1
285,39,726,248,10,11,1,-1,-1,-1
285,40,693,310,14,17,1,-1,-1,-1
285,41,720,327,14,15,1,-1,-1,-1
285,42,778,293,14,11,1,-1,-1,-1
285,44,914,478,22,21,1,-1,-1,-1
285,45,970,474,40,34,1,-1,-1,-1
285,46,945,478,35,34,1,-1,-1,-1
285,47,764,314,14,13,1,-1,-1,-1
285,48,694,270,10,11,1,-1,-1,-1
285,49,881,478,23,23,1,-1,-1,-1
285,51,897,501,28,25,1,-1,-1,-1
285,52,828,493,24,25,1,-1,-1,-1
285,53,928,505,33,30,1,-1,-1,-1
286,1,602,300,11,13,1,-1,-1,-1
286,2,613,302,13,13,1,-1,-1,-1
286,4,613,316,13,15,1,-1,-1,-1
286,5,613,335,13,15,1,-1,-1,-1
286,6,651,289,10,13,1,-1,-1,-1
286,7,656,300,13,13,1,-1,-1,-1
286,8,680,322,13,15,1,-1,-1,-1
286,9,683,335,13,15,1,-1,-1,-1
286,11,646,275,10,13,1,-1,-1,-1
286,12,673,300,10,15,1,-1,-1,-1
286,13,667,285,10,13,1,-1,-1,-1
286,14,663,271,10,11,1,-1,-1,-1
286,15,645,266,10,11,1,-1,-1,-1
286,16,645,258,10,11,1,-1,-1,-1
286,17,658,262,10,9,1,-1,-1,-1
286,18,659,250,10,9,1,-1,-1,-1
286,26,825,310,14,17,1,-1,-1,-1
286,28,662,333,14,15,1,-1,-1,-1
286,29,659,316,10,13,1,-1,-1,-1
286,34,596,331,14,21,1,-1,-1,-1
286,35,594,312,14,21,1,-1,-1,-1
286,37,612,279,10,13,1,-1,-1,-1
286,39,724,246,10,11,1,-1,-1,-1
286,40,693,310,14,17,1,-1,-1,-1
286,41,720,327,14,15,1,-1,-1,-1
286,42,777,291,14,11,1,-1,-1,-1
286,44,914,478,22,21,1,-1,-1,-1
286,45,971,472,39,34,1,-1,-1,-1
286,46,945,480,32,32,1,-1,-1,-1
286,47,764,312,14,13,1,-1,-1,-1
286,48,694,268,10,11,1,-1,-1,-1
286,49,881,478,23,23,1,-1,-1,-1
286,51,896,501,30,27,1,-1,-1,-1
286,52,829,491,24,25,1,-1,-1,-1
286,53,929,505,33,30,1,-1,-1,-1
287,1,602,298,11,13,1,-1,-1,-1
287,2,615,302,13,13,1,-1,-1,-1
287,4,613,316,13,15,1,-1,-1,-1
287,5,615,335,13,15,1,-1,-1,-1
287,6,651,287,10,13,1,-1,-1,-1
287,7,656,302,13,13,1,-1,-1,-1
287,8,680,322,13,15,1,-1,-1,-1
287,9,683,335,13,15,1,-1,-1,-1
287,11,646,275,10,13,1,-1,-1,-1
287,12,673,300,10,15,1,-1,-1,-1
287,13,667,283,10,13,1,-1,-1,-1
287,14,663,271,10,11,1,-1,-1,-1
287,15,645,266,10,11,1,-1,-1,-1
287,16,643,258,10,11,1,-1,-1,-1
287,17,659,262,10,9,1,-1,-1,-1
287,18,659,250,10,9,1,-1,-1,-1
287,26,825,310,14,17,1,-1,-1,-1
287,28,662,333,14,15,1,-1,-1,-1
287,29,659,316,10,13,1,-1,-1,-1
287,34,596,333,14,21,1,-1,-1,-1
287,35,594,312,14,21,1,-1,-1,-1
287,37,612,279,10,13,1,-1,-1,-1
287,39,723,246,10,11,1,-1,-1,-1
287,40,693,310,14,17,1,-1,-1,-1
287,41,720,327,14,15,1,-1,-1,-1
287,42,777,291,14,11,1,-1,-1,-1
287,44,914,478,22,21,1,-1,-1,-1
287,45,971,472,37,34,1,-1,-1,-1
287,46,945,478,32,32,1,-1,-1,-1
287,47,762,312,14,13,1,-1,-1,-1
287,48,694,270,10,11,1,-1,-1,-1
287,49,881,476,23,23,1,-1,-1,-1
287,51,897,501,28,25,1,-1,-1,-1
287,52,829,491,24,25,1,-1,-1,-1
287,53,929,503,32,30,1,-1,-1,-1
287,54,974,520,32,19,1,-1,-1,-1
288,1,602,298,11,13,1,-1,-1,-1
288,2,615,302,13,13,1,-1,-1,-1
288,4,613,316,13,15,1,-1,-1,-1
288,5,615,335,13,15,1,-1,-1,-1
288,6,651,287,10,13,1,-1,-1,-1
288,7,656,300,13,13,1,-1,-1,-1
288,8,680,322,13,15,1,-1,-1,-1
288,9,683,335,13,15,1,-1,-1,-1
288,11,646,275,10,13,1,-1,-1,-1
288,12,673,300,10,15,1,-1,-1,-1
288,13,667,283,10,13,1,-1,-1,-1
288,14,663,271,10,11,1,-1,-1,-1
288,15,645,266,10,11,1,-1,-1,-1
288,16,643,258,10,11,1,-1,-1,-1
288,17,659,262,10,9,1,-1,-1,-1
288,18,658,250,10,9,1,-1,-1,-1
288,26,825,310,14,17,1,-1,-1,-1
288,28,662,333,14,15,1,-1,-1,-1
288,29,659,316,10,13,1,-1,-1,-1
288,34,598,331,14,21,1,-1,-1,-1
288,35,594,310,14,21,1,-1,-1,-1
288,37,612,279,10,13,1,-1,-1,-1
288,39,724,246,10,11,1,-1,-1,-1
288,40,693,310,14,17,1,-1,-1,-1
288,41,720,327,14,15,1,-1,-1,-1
288,42,775,289,14,11,1,-1,-1,-1
288,44,914,478,22,21,1,-1,-1,-1
288,45,971,472,37,34,1,-1,-1,-1
288,46,945,478,35,34,1,-1,-1,-1
288,47,762,312,14,13,1,-1,-1,-1
288,48,696,270,10,11,1,-1,-1,-1
288,49,881,476,23,23,1,-1,-1,-1
288,51,897,501,28,25,1,-1,-1,-1
288,52,829,491,24,25,1,-1,-1,-1
288,53,931,503,32,30,1,-1,-1,-1
288,54,974,520,31,19,1,-1,-1,-1
289,1,602,298,11,13,1,-1,-1,-1
289,2,615,300,13,13,1,-1,-1,-1
289,4,613,316,13,15,1,-1,-1,-1
289,5,613,335,13,15,1,-1,-1,-1
289,6,651,287,10,13,1,-1,-1,-1
289,7,656,300,13,13,1,-1,-1,-1
289,8,680,320,13,15,1,-1,-1,-1
289,9,684,333,13,15,1,-1,-1,-1
289,11,646,273,10,13,1,-1,-1,-1
289,12,673,300,10,15,1,-1,-1,-1
289,13,667,283,10,13,1,-1,-1,-1
289,14,663,271,10,11,1,-1,-1,-1
289,15,645,264,10,11,1,-1,-1,-1
289,16,645,258,10,11,1,-1,-1,-1
289,17,659,260,10,9,1,-1,-1,-1
289,18,659,250,10,9,1,-1,-1,-1
289,26,825,308,14,17,1,-1,-1,-1
289,28,662,333,14,15,1,-1,-1,-1
289,29,659,316,10,13,1,-1,-1,-1
289,34,598,331,14,21,1,-1,-1,-1
289,35,595,310,14,21,1,-1,-1,-1
289,37,612,277,10,13,1,-1,-1,-1
289,39,723,244,10,11,1,-1,-1,-1
289,40,693,310,14,17,1,-1,-1,-1
289,41,722,327,14,15,1,-1,-1,-1
289,42,775,289,14,11,1,-1,-1,-1
289,44,914,478,22,21,1,-1,-1,-1
289,45,971,472,39,34,1,-1,-1,-1
289,46,945,478,33,32,1,-1,-1,-1
289,47,762,310,14,13,1,-1,-1,-1
289,48,697,270,10,11,1,-1,-1,-1
289,49,882,476,23,23,1,-1,-1,-1
289,51,897,501,28,25,1,-1,-1,-1
289,52,828,489,24,25,1,-1,-1,-1
289,53,931,503,31,28,1,-1,-1,-1
289,54,974,518,31,20,1,-1,-1,-1
290,1,602,298,11,13,1,-1,-1,-1
290,2,615,300,13,13,1,-1,-1,-1
290,4,615,314,13,15,1,-1,-1,-1
290,5,615,335,13,15,1,-1,-1,-1
290,6,651,285,10,13,1,-1,-1,-1
290,7,656,300,13,13,1,-1,-1,-1
290,8,680,320,13,15,1,-1,-1,-1
290,9,683,333,13,15,1,-1,-1,-1
290,11,646,273,10,13,1,-1,-1,-1
290,12,673,300,10,15,1,-1,-1,-1
290,13,667,283,10,13,1,-1,-1,-1
290,14,663,270,10,11,1,-1,-1,-1
290,15,645,264,10,11,1,-1,-1,-1
290,16,645,256,10,11,1,-1,-1,-1
290,17,659,260,10,9,1,-1,-1,-1
290,18,659,250,10,9,1,-1,-1,-1
290,26,825,308,14,17,1,-1,-1,-1
290,28,662,333,14,15,1,-1,-1,-1
290,29,659,314,10,13,1,-1,-1,-1
290,34,596,331,14,21,1,-1,-1,-1
290,35,594,310,14,21,1,-1,-1,-1
290,37,612,277,10,13,1,-1,-1,-1
290,39,723,244,10,11,1,-1,-1,-1
290,40,694,310,14,17,1,-1,-1,-1
290,41,723,327,14,15,1,-1,-1,-1
290,42,774,289,14,11,1,-1,-1,-1
290,44,914,476,22,21,1,-1,-1,-1
290,45,973,470,37,34,1,-1,-1,-1
290,46,945,476,36,34,1,-1,-1,-1
290,47,762,310,14,13,1,-1,-1,-1
290,48,697,271,10,11,1,-1,-1,-1
290,49,882,476,23,23,1,-1,-1,-1
290,51,898,499,30,27,1,-1,-1,-1
290,52,829,489,24,25,1,-1,-1,-1
290,53,931,503,32,30,1,-1,-1,-1
290,54,974,518,32,20,1,-1,-1,-1
291,1,602,298,11,13,1,-1,-1,-1
291,2,615,300,13,13,1,-1,-1,-1
291,4,613,314,13,15,1,-1,-1,-1
291,5,615,333,13,15,1,-1,-1,-1
291,6,651,285,10,13,1,-1,-1,-1
291,7,656,300,13,13,1,-1,-1,-1
291,8,680,320,13,15,1,-1,-1,-1
291,9,684,333,13,15,1,-1,-1,-1
291,11,646,273,10,13,1,-1,-1,-1
291,12,675,300,10,15,1,-1,-1,-1
291,13,667,283,10,13,1,-1,-1,-1
291,14,663,270,10,11,1,-1,-1,-1
291,15,645,264,10,11,1,-1,-1,-1
291,16,645,256,10,11,1,-1,-1,-1
291,17,659,260,10,9,1,-1,-1,-1
291,18,659,250,10,9,1,-1,-1,-1
291,26,826,308,14,17,1,-1,-1,-1
291,28,662,331,14,15,1,-1,-1,-1
291,29,660,314,10,13,1,-1,-1,-1
291,34,596,329,14,21,1,-1,-1,-1
291,35,594,310,14,21,1,-1,-1,-1
291,37,612,277,10,13,1,-1,-1,-1
291,39,723,243,10,11,1,-1,-1,-1
291,40,694,310,14,17,1,-1,-1,-1
291,41,723,329,14,15,1,-1,-1,-1
291,42,774,287,14,11,1,-1,-1,-1
291,44,915,476,22,21,1,-1,-1,-1
291,45,973,470,36,32,1,-1,-1,-1
291,46,945,476,36,34,1,-1,-1,-1
291,47,761,308,14,13,1,-1,-1,-1
291,48,697,270,10,11,1,-1,-1,-1
291,49,882,476,23,23,1,-1,-1,-1
291,51,897,499,30,27,1,-1,-1,-1
291,52,828,487,24,25,1,-1,-1,-1
291,53,931,503,31,28,1,-1,-1,-1
291,54,974,518,32,21,1,-1,-1,-1
292,1,602,298,11,13,1,-1,-1,-1
292,2,615,300,13,13,1,-1,-1,-1
292,4,615,314,13,15,1,-1,-1,-1
292,5,615,335,13,15,1,-1,-1,-1
292,6,650,285,10,13,1,-1,-1,-1
292,7,656,300,13,13,1,-1,-1,-1
292,8,680,320,13,15,1,-1,-1,-1
292,9,683,333,13,15,1,-1,-1,-1
292,11,646,273,10,13,1,-1,-1,-1
292,12,675,298,10,15,1,-1,-1,-1
292,13,667,283,10,13,1,-1,-1,-1
292,14,663,268,10,11,1,-1,-1,-1
292,15,646,262,10,11,1,-1,-1,-1
292,16,645,256,10,11,1,-1,-1,-1
292,17,659,260,10,9,1,-1,-1,-1
292,18,659,250,10,9,1,-1,-1,-1
292,26,826,308,14,17,1,-1,-1,-1
292,28,662,331,14,15,1,-1,-1,-1
292,29,659,314,10,13,1,-1,-1,-1
292,34,596,329,14,21,1,-1,-1,-1
292,35,594,310,14,21,1,-1,-1,-1
292,37,612,277,10,13,1,-1,-1,-1
292,39,723,241,10,11,1,-1,-1,-1
292,40,696,310,14,17,1,-1,-1,-1
292,41,723,329,14,15,1,-1,-1,-1
292,42,774,285,14,11,1,-1,-1,-1
292,44,915,474,22,21,1,-1,-1,-1
292,45,971,470,39,34,1,-1,-1,-1
292,46,945,476,35,34,1,-1,-1,-1
292,47,761,308,14,13,1,-1,-1,-1
292,48,697,270,10,11,1,-1,-1,-1
292,49,882,474,23,23,1,-1,-1,-1
292,51,898,499,28,25,1,-1,-1,-1
292,52,829,487,24,25,1,-1,-1,-1
292,53,932,503,31,28,1,-1,-1,-1
292,54,974,516,33,22,1,-1,-1,-1
293,1,603,297,11,13,1,-1,-1,-1
293,2,613,298,13,13,1,-1,-1,-1
293,4,613,314,13,15,1,-1,-1,-1
293,5,615,333,13,15,1,-1,-1,-1
293,6,651,285,10,13,1,-1,-1,-1
293,7,656,298,13,13,1,-1,-1,-1
293,8,680,320,13,15,1,-1,-1,-1
293,9,684,333,13,15,1,-1,-1,-1
293,11,646,271,10,13,1,-1,-1,-1
293,12,675,298,10,15,1,-1,-1,-1
293,13,667,283,10,13,1,-1,-1,-1
293,14,663,268,10,11,1,-1,-1,-1
293,15,646,264,10,11,1,-1,-1,-1
293,16,645,256,10,11,1,-1,-1,-1
293,17,659,260,10,9,1,-1,-1,-1
293,18,659,250,10,9,1,-1,-1,-1
293,26,826,306,14,17,1,-1,-1,-1
293,28,663,331,14,15,1,-1,-1,-1
293,29,659,314,10,13,1,-1,-1,-1
293,34,596,329,14,21,1,-1,-1,-1
293,35,594,308,14,21,1,-1,-1,-1
293,37,612,277,10,13,1,-1,-1,-1
293,39,723,241,10,11,1,-1,-1,-1
293,40,696,312,14,17,1,-1,-1,-1
293,41,723,329,14,15,1,-1,-1,-1
293,42,774,285,14,11,1,-1,-1,-1
293,44,915,476,22,21,1,-1,-1,-1
293,45,973,468,39,34,1,-1,-1,-1
293,46,946,474,35,34,1,-1,-1,-1
293,47,761,306,14,13,1,-1,-1,-1
293,48,697,270,10,11,1,-1,-1,-1
293,49,882,474,23,23,1,-1,-1,-1
293,51,898,497,30,27,1,-1,-1,-1
293,52,828,486,24,25,1,-1,-1,-1
293,53,932,501,30,27,1,-1,-1,-1
293,54,975,516,34,23,1,-1,-1,-1
294,1,603,295,11,13,1,-1,-1,-1
294,2,616,298,13,13,1,-1,-1,-1
294,4,615,312,13,15,1,-1,-1,-1
294,5,615,333,13,15,1,-1,-1,-1
294,6,651,285,10,13,1,-1,-1,-1
294,7,658,298,13,13,1,-1,-1,-1
294,8,680,318,13,15,1,-1,-1,-1
294,9,684,331,13,15,1,-1,-1,-1
294,11,646,273,10,13,1,-1,-1,-1
294,12,675,298,10,15,1,-1,-1,-1
294,13,667,283,10,13,1,-1,-1,-1
294,14,663,268,10,11,1,-1,-1,-1
294,15,646,262,10,11,1,-1,-1,-1
294,16,645,256,10,11,1,-1,-1,-1
294,17,659,258,10,9,1,-1,-1,-1
294,18,659,248,10,9,1,-1,-1,-1
294,26,825,306,14,17,1,-1,-1,-1
294,28,662,331,14,15,1,-1,-1,-1
294,29,660,314,10,13,1,-1,-1,-1
294,34,598,329,14,21,1,-1,-1,-1
294,35,594,308,14,21,1,-1,-1,-1
294,37,612,275,10,13,1,-1,-1,-1
294,39,723,241,10,11,1,-1,-1,-1
294,40,696,312,14,17,1,-1,-1,-1
294,41,723,329,14,15,1,-1,-1,-1
294,42,773,283,14,11,1,-1,-1,-1
294,44,915,474,22,21,1,-1,-1,-1
294,45,973,468,39,34,1,-1,-1,-1
294,46,945,474,35,34,1,-1,-1,-1
294,47,761,306,14,13,1,-1,-1,-1
294,48,697,271,10,11,1,-1,-1,-1
294,49,884,472,23,23,1,-1,-1,-1
294,51,898,497,28,25,1,-1,-1,-1
294,52,828,484,24,25,1,-1,-1,-1
294,53,932,501,31,28,1,-1,-1,-1
294,54,975,516,33,23,1,-1,-1,-1
295,1,603,295,11,13,1,-1,-1,-1
295,2,615,298,13,13,1,-1,-1,-1
295,4,615,312,13,15,1,-1,-1,-1
295,5,616,333,13,15,1,-1,-1,-1
295,6,651,284,11,14,1,-1,-1,-1
295,7,657,298,13,14,1,-1,-1,-1
295,8,680,318,13,15,1,-1,-1,-1
295,9,684,331,13,15,1,-1,-1,-1
295,11,646,273,11,11,1,-1,-1,-1
295,12,675,298,12,17,1,-1,-1,-1
295,13,667,281,12,15,1,-1,-1,-1
295,14,663,268,10,11,1,-1,-1,-1
295,15,646,262,10,11,1,-1,-1,-1
295,16,645,254,10,11,1,-1,-1,-1
295,17,659,258,10,9,1,-1,-1,-1
295,18,659,248,11,10,1,-1,-1,-1
295,26,826,306,14,17,1,-1,-1,-1
295,28,662,331,14,15,1,-1,-1,-1
295,29,659,313,13,16,1,-1,-1,-1
295,34,598,329,10,20,1,-1,-1,-1
295,35,597,307,14,21,1,-1,-1,-1
295,37,612,275,10,13,1,-1,-1,-1
295,39,722,239,10,11,1,-1,-1,-1
295,40,697,312,14,17,1,-1,-1,-1
295,41,726,329,14,15,1,-1,-1,-1
295,42,773,283,14,11,1,-1,-1,-1
295,44,915,474,22,21,1,-1,-1,-1
295,45,973,468,39,34,1,-1,-1,-1
295,46,946,472,35,34,1,-1,-1,-1
295,47,761,304,14,13,1,-1,-1,-1
295,48,697,270,10,11,1,-1,-1,-1
295,49,884,472,23,23,1,-1,-1,-1
295,51,898,497,28,25,1,-1,-1,-1
295,52,829,484,24,25,1,-1,-1,-1
295,53,933,501,30,27,1,-1,-1,-1
295,54,975,514,34,25,1,-1,-1,-1
296,1,603,295,10,13,1,-1,-1,-1
296,2,615,298,13,13,1,-1,-1,-1
296,4,615,312,13,15,1,-1,-1,-1
296,5,616,333,13,15,1,-1,-1,-1
296,6,650,283,10,13,1,-1,-1,-1
296,7,656,298,13,13,1,-1,-1,-1
296,8,680,318,13,15,1,-1,-1,-1
296,9,684,331,13,15,1,-1,-1,-1
296,11,646,273,10,11,1,-1,-1,-1
296,12,675,298,11,17,1,-1,-1,-1
296,13,667,281,11,15,1,-1,-1,-1
296,14,663,268,10,11,1,-1,-1,-1
296,15,647,264,10,11,1,-1,-1,-1
296,16,645,254,10,11,1,-1,-1,-1
296,17,659,258,10,9,1,-1,-1,-1
296,18,659,248,10,9,1,-1,-1,-1
296,26,826,306,14,17,1,-1,-1,-1
296,28,662,331,14,15,1,-1,-1,-1
296,29,659,312,13,15,1,-1,-1,-1
296,34,598,327,10,19,1,-1,-1,-1
296,35,595,309,14,21,1,-1,-1,-1
296,37,612,275,10,13,1,-1,-1,-1
296,39,722,239,10,11,1,-1,-1,-1
296,40,697,312,14,17,1,-1,-1,-1
296,41,723,329,14,15,1,-1,-1,-1
296,42,771,281,14,11,1,-1,-1,-1
296,44,915,474,22,21,1,-1,-1,-1
296,45,974,466,39,34,1,-1,-1,-1
296,46,946,472,35,34,1,-1,-1,-1
296,47,761,302,14,13,1,-1,-1,-1
296,48,697,271,10,11,1,-1,-1,-1
296,49,884,472,23,23,1,-1,-1,-1
296,51,898,495,28,25,1,-1,-1,-1
296,52,828,482,24,25,1,-1,-1,-1
296,53,933,501,30,27,1,-1,-1,-1
296,54,976,514,34,25,1,-1,-1,-1
297,1,603,293,10,13,1,-1,-1,-1
297,2,615,297,13,13,1,-1,-1,-1
297,4,615,310,13,15,1,-1,-1,-1
297,5,616,331,13,15,1,-1,-1,-1
297,6,650,283,10,13,1,-1,-1,-1
297,7,656,298,13,13,1,-1,-1,-1
297,8,680,316,13,15,1,-1,-1,-1
297,9,684,331,13,15,1,-1,-1,-1
297,11,646,271,10,11,1,-1,-1,-1
297,12,675,297,11,17,1,-1,-1,-1
297,13,667,279,11,15,1,-1,-1,-1
297,14,663,268,10,11,1,-1,-1,-1
297,15,646,264,10,11,1,-1,-1,-1
297,16,645,254,10,11,1,-1,-1,-1
297,17,659,258,10,9,1,-1,-1,-1
297,18,659,248,10,9,1,-1,-1,-1
297,26,826,306,14,17,1,-1,-1,-1
297,28,662,329,14,15,1,-1,-1,-1
297,29,659,312,13,15,1,-1,-1,-1
297,34,598,327,10,19,1,-1,-1,-1
297,35,595,308,14,21,1,-1,-1,-1
297,37,612,273,10,13,1,-1,-1,-1
297,39,720,239,10,11,1,-1,-1,-1
297,40,697,312,14,17,1,-1,-1,-1
297,41,724,329,14,15,1,-1,-1,-1
297,42,770,281,14,11,1,-1,-1,-1
297,44,915,472,22,21,1,-1,-1,-1
297,45,973,466,40,34,1,-1,-1,-1
297,46,946,472,35,34,1,-1,-1,-1
297,47,761,302,14,13,1,-1,-1,-1
297,48,697,271,10,11,1,-1,-1,-1
297,49,884,472,23,23,1,-1,-1,-1
297,51,898,495,28,25,1,-1,-1,-1
297,52,828,482,24,25,1,-1,-1,-1
297,53,933,499,30,27,1,-1,-1,-1
297,54,976,512,36,26,1,-1,-1,-1
298,1,603,293,10,13,1,-1,-1,-1
298,2,615,297,13,13,1,-1,-1,-1
298,4,615,310,13,15,1,-1,-1,-1
298,5,616,331,13,15,1,-1,-1,-1
298,6,650,283,10,13,1,-1,-1,-1
298,7,656,297,13,13,1,-1,-1,-1
298,8,680,316,13,15,1,-1,-1,-1
298,9,684,329,13,15,1,-1,-1,-1
298,11,646,271,10,11,1,-1,-1,-1
298,12,675,297,11,17,1,-1,-1,-1
298,13,667,279,11,15,1,-1,-1,-1
298,14,663,266,10,11,1,-1,-1,-1
298,15,647,262,10,11,1,-1,-1,-1
298,16,646,252,10,11,1,-1,-1,-1
298,17,659,256,10,9,1,-1,-1,-1
298,18,659,246,10,9,1,-1,-1,-1
298,26,826,306,14,17,1,-1,-1,-1
298,28,662,329,14,15,1,-1,-1,-1
298,29,659,312,13,15,1,-1,-1,-1
298,34,598,327,10,19,1,-1,-1,-1
298,35,595,308,14,21,1,-1,-1,-1
298,37,612,275,10,13,1,-1,-1,-1
298,39,722,237,10,11,1,-1,-1,-1
298,40,697,312,14,17,1,-1,-1,-1
298,41,724,329,14,15,1,-1,-1,-1
298,42,770,279,14,11,1,-1,-1,-1
298,44,915,472,22,21,1,-1,-1,-1
298,45,974,466,39,34,1,-1,-1,-1
298,46,946,472,36,34,1,-1,-1,-1
298,47,760,302,14,13,1,-1,-1,-1
298,48,698,271,10,11,1,-1,-1,-1
298,49,884,470,23,23,1,-1,-1,-1
298,51,899,495,28,25,1,-1,-1,-1
298,52,829,480,24,25,1,-1,-1,-1
298,53,933,499,30,27,1,-1,-1,-1
298,54,976,513,36,26,1,-1,-1,-1
299,1,603,293,10,13,1,-1,-1,-1
299,2,616,297,13,13,1,-1,-1,-1
299,4,615,310,13,15,1,-1,-1,-1
299,5,616,331,13,15,1,-1,-1,-1
299,6,650,283,10,13,1,-1,-1,-1
299,7,658,297,13,13,1,-1,-1,-1
299,8,680,316,13,15,1,-1,-1,-1
299,9,684,329,13,15,1,-1,-1,-1
299,11,646,271,10,11,1,-1,-1,-1
299,12,676,297,11,17,1,-1,-1,-1
299,13,667,279,11,15,1,-1,-1,-1
299,14,663,266,10,11,1,-1,-1,-1
299,15,647,262,10,11,1,-1,-1,-1
299,16,646,252,10,11,1,-1,-1,-1
299,17,659,256,10,9,1,-1,-1,-1
299,18,659,248,10,9,1,-1,-1,-1
299,26,826,304,14,17,1,-1,-1,-1
299,28,663,329,14,15,1,-1,-1,-1
299,29,659,312,13,15,1,-1,-1,-1
299,34,598,327,10,19,1,-1,-1,-1
299,35,595,306,14,21,1,-1,-1,-1
299,37,612,273,10,13,1,-1,-1,-1
299,40,697,312,14,17,1,-1,-1,-1
299,41,726,331,14,15,1,-1,-1,-1
299,42,770,279,14,11,1,-1,-1,-1
299,44,915,472,22,21,1,-1,-1,-1
299,45,974,464,39,34,1,-1,-1,-1
299,46,948,472,35,34,1,-1,-1,-1
299,47,761,300,14,13,1,-1,-1,-1
299,48,698,271,10,11,1,-1,-1,-1
299,49,885,470,23,23,1,-1,-1,-1
299,51,899,493,28,25,1,-1,-1,-1
299,52,829,480,24,25,1,-1,-1,-1
299,53,933,499,31,28,1,-1,-1,-1
299,54,976,511,34,27,1,-1,-1,-1
300,1,603,293,10,13,1,-1,-1,-1
300,2,615,295,13,13,1,-1,-1,-1
300,4,616,310,13,15,1,-1,-1,-1
300,5,616,331,13,15,1,-1,-1,-1
300,6,651,283,10,13,1,-1,-1,-1
300,7,656,297,13,13,1,-1,-1,-1
300,8,680,316,13,15,1,-1,-1,-1
300,9,684,329,13,15,1,-1,-1,-1
300,11,646,271,10,11,1,-1,-1,-1
300,12,676,297,11,17,1,-1,-1,-1
300,13,667,279,11,15,1,-1,-1,-1
300,14,663,266,10,11,1,-1,-1,-1
300,15,647,262,10,11,1,-1,-1,-1
300,16,646,252,10,11,1,-1,-1,-1
300,17,659,256,10,9,1,-1,-1,-1
300,18,659,246,10,9,1,-1,-1,-1
300,26,828,304,14,17,1,-1,-1,-1
300,28,663,329,14,15,1,-1,-1,-1
300,29,659,310,13,15,1,-1,-1,-1
300,34,599,327,10,19,1,-1,-1,-1
300,35,595,308,14,21,1,-1,-1,-1
300,37,612,273,10,13,1,-1,-1,-1
300,40,698,312,14,17,1,-1,-1,-1
300,41,726,331,14,15,1,-1,-1,-1
300,42,770,277,14,11,1,-1,-1,-1
300,44,916,472,22,21,1,-1,-1,-1
300,45,973,464,40,34,1,-1,-1,-1
300,46,948,470,35,34,1,-1,-1,-1
300,47,758,300,14,13,1,-1,-1,-1
300,48,698,271,10,11,1,-1,-1,-1
300,49,885,470,23,23,1,-1,-1,-1
300,51,899,493,28,25,1,-1,-1,-1
300,52,828,480,24,25,1,-1,-1,-1
300,53,935,499,31,28,1,-1,-1,-1
300,54,976,511,34,27,1,-1,-1,-1
301,1,603,293,10,13,1,-1,-1,-1
301,2,615,295,13,13,1,-1,-1,-1
301,4,615,310,13,15,1,-1,-1,-1
301,5,616,331,13,15,1,-1,-1,-1
301,6,650,283,10,13,1,-1,-1,-1
301,7,656,297,13,13,1,-1,-1,-1
301,8,680,314,13,15,1,-1,-1,-1
301,9,684,329,13,15,1,-1,-1,-1
301,11,646,271,10,11,1,-1,-1,-1
301,12,676,295,11,17,1,-1,-1,-1
301,13,667,279,11,15,1,-1,-1,-1
301,14,663,266,10,11,1,-1,-1,-1
301,15,647,262,10,11,1,-1,-1,-1
301,16,646,252,10,11,1,-1,-1,-1
301,17,659,256,10,9,1,-1,-1,-1
301,18,659,246,10,9,1,-1,-1,-1
301,26,828,304,14,17,1,-1,-1,-1
301,28,663,329,14,15,1,-1,-1,-1
301,29,659,310,13,15,1,-1,-1,-1
301,34,599,327,10,19,1,-1,-1,-1
301,35,595,306,14,21,1,-1,-1,-1
301,37,612,273,10,13,1,-1,-1,-1
301,40,697,312,14,17,1,-1,-1,-1
301,41,727,331,14,15,1,-1,-1,-1
301,42,770,277,14,11,1,-1,-1,-1
301,44,916,470,22,21,1,-1,-1,-1
301,45,974,464,40,34,1,-1,-1,-1
301,46,948,470,35,34,1,-1,-1,-1
301,47,760,298,14,13,1,-1,-1,-1
301,48,700,271,10,11,1,-1,-1,-1
301,49,885,470,23,23,1,-1,-1,-1
301,51,899,493,28,25,1,-1,-1,-1
301,52,829,478,24,25,1,-1,-1,-1
301,53,933,497,31,28,1,-1,-1,-1
301,54,978,511,33,27,1,-1,-1,-1
302,1,603,291,10,13,1,-1,-1,-1
302,2,616,295,13,13,1,-1,-1,-1
302,4,616,310,13,15,1,-1,-1,-1
302,5,616,329,13,15,1,-1,-1,-1
302,6,650,281,10,13,1,-1,-1,-1
302,7,658,297,13,13,1,-1,-1,-1
302,8,680,314,13,15,1,-1,-1,-1
302,9,684,329,13,15,1,-1,-1,-1
302,11,646,270,10,11,1,-1,-1,-1
302,12,676,297,11,17,1,-1,-1,-1
302,13,668,279,11,15,1,-1,-1,-1
302,14,663,266,10,11,1,-1,-1,-1
302,15,647,262,10,11,1,-1,-1,-1
302,16,646,252,10,11,1,-1,-1,-1
302,17,659,256,10,9,1,-1,-1,-1
302,18,659,246,10,9,1,-1,-1,-1
302,26,828,304,14,17,1,-1,-1,-1
302,28,663,327,14,15,1,-1,-1,-1
302,29,659,310,13,15,1,-1,-1,-1
302,34,599,327,10,19,1,-1,-1,-1
302,35,595,306,14,21,1,-1,-1,-1
302,37,612,273,10,13,1,-1,-1,-1
302,40,698,314,14,17,1,-1,-1,-1
302,41,727,331,14,15,1,-1,-1,-1
302,42,769,275,14,11,1,-1,-1,-1
302,44,916,470,22,21,1,-1,-1,-1
302,45,974,464,39,34,1,-1,-1,-1
302,46,949,468,35,34,1,-1,-1,-1
302,47,760,298,14,13,1,-1,-1,-1
302,48,700,271,10,11,1,-1,-1,-1
302,49,885,468,23,23,1,-1,-1,-1
302,51,899,493,28,25,1,-1,-1,-1
302,52,828,478,24,25,1,-1,-1,-1
302,53,933,495,32,30,1,-1,-1,-1
302,54,978,509,35,29,1,-1,-1,-1
303,1,603,291,10,13,1,-1,-1,-1
303,2,615,295,13,13,1,-1,-1,-1
303,4,616,308,13,15,1,-1,-1,-1
303,5,616,329,13,15,1,-1,-1,-1
303,6,651,281,10,13,1,-1,-1,-1
303,7,658,295,13,13,1,-1,-1,-1
303,8,680,314,13,15,1,-1,-1,-1
303,9,684,327,13,15,1,-1,-1,-1
303,11,646,270,10,11,1,-1,-1,-1
303,12,676,295,11,17,1,-1,-1,-1
303,13,668,279,11,15,1,-1,-1,-1
303,14,663,266,10,11,1,-1,-1,-1
303,15,646,260,10,11,1,-1,-1,-1
303,16,646,252,10,11,1,-1,-1,-1
303,17,659,256,10,9,1,-1,-1,-1
303,18,659,246,10,9,1,-1,-1,-1
303,26,827,304,15,19,1,-1,-1,-1
303,28,663,327,14,15,1,-1,-1,-1
303,29,659,310,13,15,1,-1,-1,-1
303,34,599,325,10,19,1,-1,-1,-1
303,35,595,306,14,21,1,-1,-1,-1
303,37,612,271,10,13,1,-1,-1,-1
303,40,700,314,14,17,1,-1,-1,-1
303,41,727,331,14,15,1,-1,-1,-1
303,42,768,275,14,11,1,-1,-1,-1
303,44,918,470,22,21,1,-1,-1,-1
303,45,974,462,40,34,1,-1,-1,-1
303,46,948,468,35,34,1,-1,-1,-1
303,47,758,297,14,13,1,-1,-1,-1
303,48,701,271,10,11,1,-1,-1,-1
303,49,885,468,23,23,1,-1,-1,-1
303,51,901,491,28,25,1,-1,-1,-1
303,52,829,476,24,25,1,-1,-1,-1
303,53,933,495,32,30,1,-1,-1,-1
303,54,979,509,33,29,1,-1,-1,-1
304,1,603,291,10,13,1,-1,-1,-1
304,2,616,295,13,13,1,-1,-1,-1
304,4,615,308,13,15,1,-1,-1,-1
304,5,616,329,13,15,1,-1,-1,-1
304,6,650,281,10,13,1,-1,-1,-1
304,7,658,295,13,13,1,-1,-1,-1
304,8,680,314,13,15,1,-1,-1,-1
304,9,684,327,13,15,1,-1,-1,-1
304,11,646,270,10,11,1,-1,-1,-1
304,12,676,295,11,17,1,-1,-1,-1
304,13,668,277,11,15,1,-1,-1,-1
304,14,663,264,10,11,1,-1,-1,-1
304,15,646,262,10,11,1,-1,-1,-1
304,16,645,250,10,11,1,-1,-1,-1
304,17,659,254,10,9,1,-1,-1,-1
304,18,659,244,10,9,1,-1,-1,-1
304,26,826,304,14,19,1,-1,-1,-1
304,28,663,327,14,15,1,-1,-1,-1
304,29,659,310,13,15,1,-1,-1,-1
304,34,599,325,10,19,1,-1,-1,-1
304,35,595,304,14,21,1,-1,-1,-1
304,37,612,271,10,13,1,-1,-1,-1
304,40,700,312,14,17,1,-1,-1,-1
304,41,728,331,14,15,1,-1,-1,-1
304,42,768,273,14,11,1,-1,-1,-1
304,44,918,468,22,21,1,-1,-1,-1
304,45,974,462,39,34,1,-1,-1,-1
304,46,949,468,35,34,1,-1,-1,-1
304,47,758,295,14,13,1,-1,-1,-1
304,48,700,271,10,11,1,-1,-1,-1
304,49,885,468,23,23,1,-1,-1,-1
304,51,901,491,28,25,1,-1,-1,-1
304,52,828,476,24,25,1,-1,-1,-1
304,53,933,495,32,30,1,-1,-1,-1
304,54,978,509,35,30,1,-1,-1,-1
305,1,603,291,10,13,1,-1,-1,-1
305,2,616,293,13,13,1,-1,-1,-1
305,4,616,308,13,15,1,-1,-1,-1
305,5,616,329,13,15,1,-1,-1,-1
305,6,651,281,10,13,1,-1,-1,-1
305,7,658,295,13,13,1,-1,-1,-1
305,8,680,314,13,15,1,-1,-1,-1
305,9,684,327,13,15,1,-1,-1,-1
305,11,646,268,10,11,1,-1,-1,-1
305,12,676,295,11,17,1,-1,-1,-1
305,13,668,277,11,15,1,-1,-1,-1
305,14,663,266,10,11,1,-1,-1,-1
305,15,647,260,10,11,1,-1,-1,-1
305,16,646,250,10,11,1,-1,-1,-1
305,17,659,256,10,9,1,-1,-1,-1
305,18,659,244,10,9,1,-1,-1,-1
305,26,826,302,14,19,1,-1,-1,-1
305,28,663,327,14,15,1,-1,-1,-1
305,29,659,310,13,15,1,-1,-1,-1
305,34,599,324,10,19,1,-1,-1,-1
305,35,595,304,14,21,1,-1,-1,-1
305,37,612,271,10,13,1,-1,-1,-1
305,40,700,314,14,17,1,-1,-1,-1
305,41,728,331,14,15,1,-1,-1,-1
305,42,768,273,14,11,1,-1,-1,-1
305,44,918,468,22,23,1,-1,-1,-1
305,45,975,462,37,34,1,-1,-1,-1
305,46,949,468,35,34,1,-1,-1,-1
305,47,757,295,14,13,1,-1,-1,-1
305,48,701,271,10,11,1,-1,-1,-1
305,49,885,466,23,23,1,-1,-1,-1
305,51,899,491,30,27,1,-1,-1,-1
305,52,828,474,24,25,1,-1,-1,-1
305,53,933,495,32,30,1,-1,-1,-1
305,54,978,509,35,30,1,-1,-1,-1
306,1,603,289,10,13,1,-1,-1,-1
306,2,615,293,13,13,1,-1,-1,-1
306,4,616,308,13,15,1,-1,-1,-1
306,5,616,329,13,15,1,-1,-1,-1
306,6,651,281,10,13,1,-1,-1,-1
306,7,656,295,13,13,1,-1,-1,-1
306,8,680,312,13,15,1,-1,-1,-1
306,9,684,325,13,15,1,-1,-1,-1
306,11,646,268,10,11,1,-1,-1,-1
306,12,676,295,11,17,1,-1,-1,-1
306,13,668,277,11,15,1,-1,-1,-1
306,14,664,264,10,11,1,-1,-1,-1
306,15,647,260,10,11,1,-1,-1,-1
306,16,646,250,10,11,1,-1,-1,-1
306,17,659,254,10,9,1,-1,-1,-1
306,18,659,244,10,9,1,-1,-1,-1
306,26,826,302,14,19,1,-1,-1,-1
306,28,663,327,14,15,1,-1,-1,-1
306,29,659,310,13,15,1,-1,-1,-1
306,34,599,324,10,19,1,-1,-1,-1
306,35,595,304,14,21,1,-1,-1,-1
306,37,612,271,10,13,1,-1,-1,-1
306,40,701,314,14,17,1,-1,-1,-1
306,41,728,331,14,15,1,-1,-1,-1
306,42,766,271,14,11,1,-1,-1,-1
306,44,918,466,22,23,1,-1,-1,-1
306,45,975,460,37,34,1,-1,-1,-1
306,46,949,466,35,34,1,-1,-1,-1
306,47,757,293,14,13,1,-1,-1,-1
306,48,701,271,10,11,1,-1,-1,-1
306,49,885,466,23,23,1,-1,-1,-1
306,51,901,489,28,25,1,-1,-1,-1
306,52,829,472,24,25,1,-1,-1,-1
306,53,933,493,31,28,1,-1,-1,-1
306,54,978,507,35,30,1,-1,-1,-1
307,1,603,289,10,13,1,-1,-1,-1
307,2,616,291,13,13,1,-1,-1,-1
307,4,615,306,13,15,1,-1,-1,-1
307,5,616,327,13,15,1,-1,-1,-1
307,6,651,279,10,13,1,-1,-1,-1
307,7,658,293,13,13,1,-1,-1,-1
307,8,680,310,13,15,1,-1,-1,-1
307,9,684,325,13,15,1,-1,-1,-1
307,11,646,268,10,11,1,-1,-1,-1
307,12,676,293,11,17,1,-1,-1,-1
307,13,668,275,11,15,1,-1,-1,-1
307,14,664,262,10,11,1,-1,-1,-1
307,15,649,258,10,11,1,-1,-1,-1
307,16,646,248,10,11,1,-1,-1,-1
307,17,659,252,10,9,1,-1,-1,-1
307,18,659,244,10,9,1,-1,-1,-1
307,26,828,300,14,19,1,-1,-1,-1
307,28,663,325,14,15,1,-1,-1,-1
307,29,659,308,13,15,1,-1,-1,-1
307,34,599,322,10,19,1,-1,-1,-1
307,35,595,302,14,21,1,-1,-1,-1
307,37,612,270,10,13,1,-1,-1,-1
307,40,700,312,14,17,1,-1,-1,-1
307,41,728,331,14,15,1,-1,-1,-1
307,42,765,270,14,11,1,-1,-1,-1
307,44,919,464,22,23,1,-1,-1,-1
307,45,975,457,37,34,1,-1,-1,-1
307,46,949,464,35,34,1,-1,-1,-1
307,47,757,291,14,13,1,-1,-1,-1
307,48,701,270,10,11,1,-1,-1,-1
307,49,885,464,23,23,1,-1,-1,-1
307,51,899,487,30,27,1,-1,-1,-1
307,52,828,468,24,25,1,-1,-1,-1
307,53,932,491,32,30,1,-1,-1,-1
307,54,978,505,35,30,1,-1,-1,-1
308,1,603,285,10,13,1,-1,-1,-1
308,2,616,287,13,13,1,-1,-1,-1
308,4,616,302,13,15,1,-1,-1,-1
308,5,616,322,13,15,1,-1,-1,-1
308,6,651,275,10,13,1,-1,-1,-1
308,7,658,289,13,13,1,-1,-1,-1
308,8,680,308,13,15,1,-1,-1,-1
308,9,684,320,13,15,1,-1,-1,-1
308,11,646,262,10,11,1,-1,-1,-1
308,12,676,289,11,17,1,-1,-1,-1
308,13,668,271,11,15,1,-1,-1,-1
308,14,664,260,10,11,1,-1,-1,-1
308,15,647,254,10,11,1,-1,-1,-1
308,16,646,244,10,11,1,-1,-1,-1
308,17,660,250,10,9,1,-1,-1,-1
308,18,659,241,10,9,1,-1,-1,-1
308,26,826,297,14,19,1,-1,-1,-1
308,28,663,320,14,15,1,-1,-1,-1
308,29,659,304,13,15,1,-1,-1,-1
308,34,599,318,10,19,1,-1,-1,-1
308,35,595,298,14,21,1,-1,-1,-1
308,37,612,266,10,13,1,-1,-1,-1
308,40,701,310,14,17,1,-1,-1,-1
308,41,730,327,14,15,1,-1,-1,-1
308,42,765,264,14,11,1,-1,-1,-1
308,44,916,459,22,23,1,-1,-1,-1
308,45,968,446,37,34,1,-1,-1,-1
308,46,946,459,36,34,1,-1,-1,-1
308,47,757,287,14,13,1,-1,-1,-1
308,48,701,266,10,11,1,-1,-1,-1
308,49,884,457,23,23,1,-1,-1,-1
308,51,898,480,28,25,1,-1,-1,-1
308,52,826,462,23,25,1,-1,-1,-1
308,53,932,484,31,28,1,-1,-1,-1
308,54,975,499,35,30,1,-1,-1,-1
309,1,603,279,10,13,1,-1,-1,-1
309,2,616,281,13,13,1,-1,-1,-1
309,4,616,295,13,15,1,-1,-1,-1
309,5,616,316,13,15,1,-1,-1,-1
309,6,651,268,10,13,1,-1,-1,-1
309,7,659,283,13,13,1,-1,-1,-1
309,8,680,300,13,15,1,-1,-1,-1
309,9,684,314,13,15,1,-1,-1,-1
309,11,646,256,10,11,1,-1,-1,-1
309,12,676,283,11,17,1,-1,-1,-1
309,13,668,266,11,15,1,-1,-1,-1
309,14,664,252,10,11,1,-1,-1,-1
309,15,647,248,10,11,1,-1,-1,-1
309,16,646,239,10,11,1,-1,-1,-1
309,17,661,245,10,9,1,-1,-1,-1
309,18,659,235,10,9,1,-1,-1,-1
309,26,826,291,14,19,1,-1,-1,-1
309,28,663,314,14,15,1,-1,-1,-1
309,29,659,297,13,15,1,-1,-1,-1
309,34,599,310,10,19,1,-1,-1,-1
309,35,595,291,14,21,1,-1,-1,-1
309,37,612,260,10,13,1,-1,-1,-1
309,40,701,302,14,17,1,-1,-1,-1
309,41,730,320,14,15,1,-1,-1,-1
309,42,767,259,13,11,1,-1,-1,-1
309,44,915,451,22,23,1,-1,-1,-1
309,45,967,441,37,34,1,-1,-1,-1
309,46,948,451,35,34,1,-1,-1,-1
309,47,757,281,14,13,1,-1,-1,-1
309,48,701,260,12,13,1,-1,-1,-1
309,49,884,451,23,23,1,-1,-1,-1
309,51,898,472,28,25,1,-1,-1,-1
309,52,826,455,23,25,1,-1,-1,-1
309,53,932,478,31,28,1,-1,-1,-1
309,54,974,491,33,28,1,-1,-1,-1
309,55,961,515,31,24,1,-1,-1,-1
310,1,603,270,10,13,1,-1,-1,-1
310,2,616,273,13,13,1,-1,-1,-1
310,4,616,287,13,15,1,-1,-1,-1
310,5,616,308,13,15,1,-1,-1,-1
310,6,651,260,10,13,1,-1,-1,-1
310,7,658,275,13,13,1,-1,-1,-1
310,8,680,293,13,15,1,-1,-1,-1
310,9,684,306,13,15,1,-1,-1,-1
310,11,646,250,10,11,1,-1,-1,-1
310,12,676,275,11,17,1,-1,-1,-1
310,13,670,258,11,15,1,-1,-1,-1
310,14,664,246,10,11,1,-1,-1,-1
310,15,647,241,10,11,1,-1,-1,-1
310,16,646,231,10,11,1,-1,-1,-1
310,17,660,238,10,9,1,-1,-1,-1
310,18,661,227,10,9,1,-1,-1,-1
310,26,826,283,14,19,1,-1,-1,-1
310,28,663,306,14,15,1,-1,-1,-1
310,29,659,289,13,15,1,-1,-1,-1
310,34,599,304,10,19,1,-1,-1,-1
310,35,595,283,14,21,1,-1,-1,-1
310,37,612,252,10,13,1,-1,-1,-1
310,40,701,297,14,17,1,-1,-1,-1
310,41,730,314,14,15,1,-1,-1,-1
310,42,766,250,13,11,1,-1,-1,-1
310,44,915,443,22,23,1,-1,-1,-1
310,45,964,431,37,34,1,-1,-1,-1
310,46,945,443,35,34,1,-1,-1,-1
310,47,757,273,14,13,1,-1,-1,-1
310,48,701,252,11,13,1,-1,-1,-1
310,49,882,443,23,23,1,-1,-1,-1
310,51,897,464,30,27,1,-1,-1,-1
310,52,825,445,23,25,1,-1,-1,-1
310,53,931,468,31,28,1,-1,-1,-1
310,54,971,482,33,28,1,-1,-1,-1
310,55,958,505,31,30,1,-1,-1,-1
311,1,603,264,10,13,1,-1,-1,-1
311,2,616,266,13,13,1,-1,-1,-1
311,4,616,281,13,15,1,-1,-1,-1
311,5,616,300,13,15,1,-1,-1,-1
311,6,651,254,10,13,1,-1,-1,-1
311,7,658,268,13,13,1,-1,-1,-1
311,8,680,285,13,15,1,-1,-1,-1
311,9,684,298,13,15,1,-1,-1,-1
311,11,647,242,10,11,1,-1,-1,-1
311,12,676,268,11,17,1,-1,-1,-1
311,13,668,250,11,15,1,-1,-1,-1
311,14,664,239,10,11,1,-1,-1,-1
311,15,647,234,10,11,1,-1,-1,-1
311,16,646,223,10,11,1,-1,-1,-1
311,17,661,229,11,10,1,-1,-1,-1
311,18,661,220,10,9,1,-1,-1,-1
311,26,828,275,14,19,1,-1,-1,-1
311,28,663,298,14,15,1,-1,-1,-1
311,29,659,281,13,15,1,-1,-1,-1
311,34,599,297,10,19,1,-1,-1,-1
311,35,596,277,14,21,1,-1,-1,-1
311,37,612,246,10,13,1,-1,-1,-1
311,40,701,289,14,17,1,-1,-1,-1
311,42,765,243,13,11,1,-1,-1,-1
311,44,914,435,22,23,1,-1,-1,-1
311,45,963,426,39,34,1,-1,-1,-1
311,46,944,435,35,34,1,-1,-1,-1
311,47,757,264,14,13,1,-1,-1,-1
311,48,701,246,11,13,1,-1,-1,-1
311,49,881,435,23,23,1,-1,-1,-1
311,51,894,457,30,27,1,-1,-1,-1
311,52,825,439,23,25,1,-1,-1,-1
311,53,929,462,31,28,1,-1,-1,-1
311,54,971,476,33,28,1,-1,-1,-1
311,55,957,499,31,30,1,-1,-1,-1
312,1,603,258,10,13,1,-1,-1,-1
312,2,616,262,13,13,1,-1,-1,-1
312,4,616,277,13,15,1,-1,-1,-1
312,5,616,297,13,15,1,-1,-1,-1
312,6,651,250,10,13,1,-1,-1,-1
312,7,658,264,13,13,1,-1,-1,-1
312,8,680,281,13,15,1,-1,-1,-1
312,9,684,295,13,15,1,-1,-1,-1
312,11,646,237,10,11,1,-1,-1,-1
312,12,676,264,11,17,1,-1,-1,-1
312,13,668,246,11,15,1,-1,-1,-1
312,14,666,233,10,11,1,-1,-1,-1
312,15,646,229,10,11,1,-1,-1,-1
312,16,646,219,10,11,1,-1,-1,-1
312,17,660,225,10,9,1,-1,-1,-1
312,18,660,216,10,9,1,-1,-1,-1
312,26,826,271,14,19,1,-1,-1,-1
312,28,663,295,14,15,1,-1,-1,-1
312,29,659,277,13,15,1,-1,-1,-1
312,34,599,293,10,19,1,-1,-1,-1
312,35,595,273,14,21,1,-1,-1,-1
312,37,612,239,10,13,1,-1,-1,-1
312,40,702,285,14,17,1,-1,-1,-1
312,42,765,237,13,11,1,-1,-1,-1
312,44,914,433,22,23,1,-1,-1,-1
312,45,960,418,37,34,1,-1,-1,-1
312,46,943,433,35,34,1,-1,-1,-1
312,47,757,260,14,13,1,-1,-1,-1
312,48,701,241,11,13,1,-1,-1,-1
312,49,881,432,23,23,1,-1,-1,-1
312,51,896,453,28,25,1,-1,-1,-1
312,52,825,435,23,25,1,-1,-1,-1
312,53,928,459,31,28,1,-1,-1,-1
312,54,971,474,32,28,1,-1,-1,-1
312,55,956,495,31,30,1,-1,-1,-1
313,1,603,258,10,13,1,-1,-1,-1
313,2,616,260,13,13,1,-1,-1,-1
313,4,616,275,13,15,1,-1,-1,-1
313,5,616,295,13,15,1,-1,-1,-1
313,6,651,248,10,13,1,-1,-1,-1
313,7,658,262,13,13,1,-1,-1,-1
313,8,680,281,13,15,1,-1,-1,-1
313,9,684,293,13,15,1,-1,-1,-1
313,11,646,235,10,11,1,-1,-1,-1
313,12,676,264,11,17,1,-1,-1,-1
313,13,670,246,11,15,1,-1,-1,-1
313,14,664,233,10,11,1,-1,-1,-1
313,15,647,227,10,11,1,-1,-1,-1
313,16,646,217,10,11,1,-1,-1,-1
313,17,660,223,10,9,1,-1,-1,-1
313,18,660,214,10,9,1,-1,-1,-1
313,26,828,271,14,19,1,-1,-1,-1
313,28,663,293,14,15,1,-1,-1,-1
313,29,660,277,13,15,1,-1,-1,-1
313,34,599,291,10,19,1,-1,-1,-1
313,35,595,271,14,21,1,-1,-1,-1
313,37,612,239,10,13,1,-1,-1,-1
313,40,701,285,14,17,1,-1,-1,-1
313,42,765,235,13,11,1,-1,-1,-1
313,44,912,432,22,23,1,-1,-1,-1
313,45,960,418,36,32,1,-1,-1,-1
313,46,944,432,35,34,1,-1,-1,-1
313,47,757,260,13,12,1,-1,-1,-1
313,48,702,241,11,13,1,-1,-1,-1
313,49,881,430,23,23,1,-1,-1,-1
313,51,896,451,27,25,1,-1,-1,-1
313,52,825,435,23,25,1,-1,-1,-1
313,53,928,457,31,28,1,-1,-1,-1
313,54,970,472,32,28,1,-1,-1,-1
313,55,957,495,31,30,1,-1,-1,-1
314,1,603,256,10,13,1,-1,-1,-1
314,2,616,260,13,13,1,-1,-1,-1
314,4,616,275,13,15,1,-1,-1,-1
314,5,616,295,13,15,1,-1,-1,-1
314,6,653,248,10,13,1,-1,-1,-1
314,7,659,262,13,13,1,-1,-1,-1
314,8,680,279,13,15,1,-1,-1,-1
314,9,684,293,13,15,1,-1,-1,-1
314,11,646,235,10,11,1,-1,-1,-1
314,12,677,262,11,17,1,-1,-1,-1
314,13,670,246,11,15,1,-1,-1,-1
314,14,664,231,10,11,1,-1,-1,-1
314,15,646,227,10,11,1,-1,-1,-1
314,16,646,217,10,11,1,-1,-1,-1
314,17,662,223,10,9,1,-1,-1,-1
314,18,662,214,10,9,1,-1,-1,-1
314,26,828,270,14,19,1,-1,-1,-1
314,28,663,293,14,15,1,-1,-1,-1
314,29,659,277,13,15,1,-1,-1,-1
314,34,599,289,10,19,1,-1,-1,-1
314,35,595,271,14,21,1,-1,-1,-1
314,37,612,239,10,13,1,-1,-1,-1
314,40,702,285,14,17,1,-1,-1,-1
314,42,765,235,13,11,1,-1,-1,-1
314,44,914,430,22,23,1,-1,-1,-1
314,45,962,418,38,37,1,-1,-1,-1
314,46,944,430,35,34,1,-1,-1,-1
314,47,757,258,13,11,1,-1,-1,-1
314,48,704,241,11,13,1,-1,-1,-1
314,49,881,430,23,23,1,-1,-1,-1
314,51,896,451,28,25,1,-1,-1,-1
314,52,825,433,23,25,1,-1,-1,-1
314,53,928,457,31,28,1,-1,-1,-1
314,54,970,470,33,28,1,-1,-1,-1
314,55,957,493,31,30,1,-1,-1,-1
315,1,603,256,10,13,1,-1,-1,-1
315,2,616,260,13,13,1,-1,-1,-1
315,4,616,275,13,15,1,-1,-1,-1
315,5,617,295,13,15,1,-1,-1,-1
315,6,651,248,10,13,1,-1,-1,-1
315,7,659,262,13,13,1,-1,-1,-1
315,8,681,279,13,15,1,-1,-1,-1
315,9,684,291,13,15,1,-1,-1,-1
315,11,647,235,10,11,1,-1,-1,-1
315,12,677,262,11,17,1,-1,-1,-1
315,13,670,244,11,15,1,-1,-1,-1
315,14,664,233,10,11,1,-1,-1,-1
315,15,647,227,10,11,1,-1,-1,-1
315,16,646,217,10,11,1,-1,-1,-1
315,17,662,223,10,9,1,-1,-1,-1
315,18,662,212,10,9,1,-1,-1,-1
315,26,828,270,14,19,1,-1,-1,-1
315,28,664,293,14,15,1,-1,-1,-1
315,29,660,275,13,15,1,-1,-1,-1
315,34,599,289,10,19,1,-1,-1,-1
315,35,595,271,14,21,1,-1,-1,-1
315,37,612,241,11,12,1,-1,-1,-1
315,40,704,285,14,17,1,-1,-1,-1
315,42,765,233,13,11,1,-1,-1,-1
315,44,915,430,22,23,1,-1,-1,-1
315,45,966,418,41,38,1,-1,-1,-1
315,46,944,430,35,34,1,-1,-1,-1
315,47,757,258,13,11,1,-1,-1,-1
315,48,704,241,11,13,1,-1,-1,-1
315,49,881,430,23,23,1,-1,-1,-1
315,51,897,449,28,25,1,-1,-1,-1
315,52,825,433,23,25,1,-1,-1,-1
315,53,929,457,31,28,1,-1,-1,-1
315,54,970,470,36,30,1,-1,-1,-1
315,55,957,493,31,30,1,-1,-1,-1
316,1,603,256,10,13,1,-1,-1,-1
316,2,616,260,13,13,1,-1,-1,-1
316,4,616,273,13,15,1,-1,-1,-1
316,5,616,293,13,15,1,-1,-1,-1
316,6,653,246,10,13,1,-1,-1,-1
316,7,659,262,13,13,1,-1,-1,-1
316,8,680,279,13,15,1,-1,-1,-1
316,9,684,291,13,15,1,-1,-1,-1
316,11,647,235,10,11,1,-1,-1,-1
316,12,677,262,11,17,1,-1,-1,-1
316,13,670,244,11,15,1,-1,-1,-1
316,14,664,231,10,11,1,-1,-1,-1
316,15,647,227,10,11,1,-1,-1,-1
316,16,646,217,10,11,1,-1,-1,-1
316,17,660,221,10,9,1,-1,-1,-1
316,18,663,214,10,9,1,-1,-1,-1
316,26,828,268,14,19,1,-1,-1,-1
316,28,663,293,14,15,1,-1,-1,-1
316,29,659,275,13,15,1,-1,-1,-1
316,34,599,289,10,19,1,-1,-1,-1
316,35,595,270,14,21,1,-1,-1,-1
316,37,612,241,10,11,1,-1,-1,-1
316,40,702,285,14,17,1,-1,-1,-1
316,42,764,233,13,11,1,-1,-1,-1
316,44,915,430,22,23,1,-1,-1,-1
316,45,963,414,37,34,1,-1,-1,-1
316,46,944,428,35,34,1,-1,-1,-1
316,47,756,258,13,11,1,-1,-1,-1
316,48,704,241,11,13,1,-1,-1,-1
316,49,881,430,23,23,1,-1,-1,-1
316,51,897,449,27,25,1,-1,-1,-1
316,52,825,430,23,25,1,-1,-1,-1
316,53,929,455,31,28,1,-1,-1,-1
316,54,970,468,36,30,1,-1,-1,-1
316,55,957,491,31,30,1,-1,-1,-1
317,1,603,256,10,13,1,-1,-1,-1
317,2,616,258,13,13,1,-1,-1,-1
317,4,616,273,13,15,1,-1,-1,-1
317,5,616,293,13,15,1,-1,-1,-1
317,6,653,246,10,13,1,-1,-1,-1
317,7,659,262,13,13,1,-1,-1,-1
317,8,681,279,13,15,1,-1,-1,-1
317,9,685,291,13,15,1,-1,-1,-1
317,11,646,235,10,11,1,-1,-1,-1
317,12,677,262,11,17,1,-1,-1,-1
317,13,670,244,11,15,1,-1,-1,-1
317,14,664,231,10,11,1,-1,-1,-1
317,15,647,225,10,11,1,-1,-1,-1
317,16,646,216,10,11,1,-1,-1,-1
317,17,662,221,10,9,1,-1,-1,-1
317,18,662,212,10,9,1,-1,-1,-1
317,26,828,268,14,19,1,-1,-1,-1
317,28,663,293,14,15,1,-1,-1,-1
317,29,660,275,13,15,1,-1,-1,-1
317,34,599,289,10,19,1,-1,-1,-1
317,35,595,270,14,21,1,-1,-1,-1
317,37,612,241,10,11,1,-1,-1,-1
317,40,704,285,14,17,1,-1,-1,-1
317,42,762,231,13,11,1,-1,-1,-1
317,44,914,428,22,23,1,-1,-1,-1
317,45,962,413,39,39,1,-1,-1,-1
317,46,945,428,35,34,1,-1,-1,-1
317,47,756,256,13,11,1,-1,-1,-1
317,48,705,241,11,13,1,-1,-1,-1
317,49,882,428,23,23,1,-1,-1,-1
317,51,898,449,27,25,1,-1,-1,-1
317,52,825,430,23,25,1,-1,-1,-1
317,53,929,455,31,28,1,-1,-1,-1
317,54,970,468,36,30,1,-1,-1,-1
317,55,957,491,31,30,1,-1,-1,-1
318,1,603,254,10,13,1,-1,-1,-1
318,2,616,258,13,13,1,-1,-1,-1
318,4,616,273,13,15,1,-1,-1,-1
318,5,617,293,13,15,1,-1,-1,-1
318,6,653,246,10,13,1,-1,-1,-1
318,7,659,260,13,13,1,-1,-1,-1
318,8,681,277,13,15,1,-1,-1,-1
318,9,684,291,13,15,1,-1,-1,-1
318,11,647,233,10,11,1,-1,-1,-1
318,12,679,260,11,17,1,-1,-1,-1
318,13,670,244,11,15,1,-1,-1,-1
318,14,666,231,10,11,1,-1,-1,-1
318,15,647,225,10,11,1,-1,-1,-1
318,16,646,216,10,11,1,-1,-1,-1
318,17,662,221,10,9,1,-1,-1,-1
318,18,662,212,10,9,1,-1,-1,-1
318,26,829,268,14,19,1,-1,-1,-1
318,28,663,291,14,15,1,-1,-1,-1
318,29,660,275,13,15,1,-1,-1,-1
318,34,599,289,10,19,1,-1,-1,-1
318,35,595,268,14,21,1,-1,-1,-1
318,37,612,239,10,11,1,-1,-1,-1
318,40,705,285,14,17,1,-1,-1,-1
318,42,762,231,13,11,1,-1,-1,-1
318,44,915,428,22,23,1,-1,-1,-1
318,45,959,411,41,39,1,-1,-1,-1
318,46,945,428,35,34,1,-1,-1,-1
318,47,756,256,13,11,1,-1,-1,-1
318,48,705,241,11,13,1,-1,-1,-1
318,49,882,428,23,23,1,-1,-1,-1
318,51,897,451,27,25,1,-1,-1,-1
318,52,825,430,23,25,1,-1,-1,-1
318,53,931,455,31,28,1,-1,-1,-1
318,54,971,468,36,30,1,-1,-1,-1
318,55,957,491,31,30,1,-1,-1,-1
319,1,603,254,10,13,1,-1,-1,-1
319,2,616,258,13,13,1,-1,-1,-1
319,4,616,273,13,15,1,-1,-1,-1
319,5,616,293,13,15,1,-1,-1,-1
319,6,653,246,10,13,1,-1,-1,-1
319,7,659,260,13,13,1,-1,-1,-1
319,8,681,277,13,15,1,-1,-1,-1
319,9,685,291,13,15,1,-1,-1,-1
319,11,647,233,10,11,1,-1,-1,-1
319,12,679,260,11,17,1,-1,-1,-1
319,13,670,244,11,15,1,-1,-1,-1
319,14,666,231,10,11,1,-1,-1,-1
319,15,647,225,10,11,1,-1,-1,-1
319,17,662,221,10,9,1,-1,-1,-1
319,18,662,212,10,9,1,-1,-1,-1
319,26,828,268,14,19,1,-1,-1,-1
319,28,663,291,14,15,1,-1,-1,-1
319,29,660,275,13,15,1,-1,-1,-1
319,34,599,287,10,19,1,-1,-1,-1
319,35,596,268,14,21,1,-1,-1,-1
319,37,612,239,10,11,1,-1,-1,-1
319,40,705,287,14,17,1,-1,-1,-1
319,42,762,229,13,11,1,-1,-1,-1
319,44,915,428,22,23,1,-1,-1,-1
319,45,958,410,41,40,1,-1,-1,-1
319,46,945,428,35,34,1,-1,-1,-1
319,47,756,254,13,11,1,-1,-1,-1
319,48,705,241,11,13,1,-1,-1,-1
319,49,882,426,23,23,1,-1,-1,-1
319,51,898,452,27,25,1,-1,-1,-1
319,52,825,428,23,25,1,-1,-1,-1
319,53,929,453,31,28,1,-1,-1,-1
319,54,970,468,36,30,1,-1,-1,-1
319,55,957,489,31,30,1,-1,-1,-1
320,1,603,254,10,13,1,-1,-1,-1
320,2,616,256,13,13,1,-1,-1,-1
320,4,616,271,13,15,1,-1,-1,-1
320,5,617,293,13,15,1,-1,-1,-1
320,6,653,244,10,13,1,-1,-1,-1
320,7,659,260,13,13,1,-1,-1,-1
320,8,680,277,13,15,1,-1,-1,-1
320,9,685,289,13,15,1,-1,-1,-1
320,11,647,233,10,11,1,-1,-1,-1
320,12,679,260,11,17,1,-1,-1,-1
320,13,670,244,11,15,1,-1,-1,-1
320,14,666,229,10,11,1,-1,-1,-1
320,15,647,225,10,11,1,-1,-1,-1
320,17,662,221,10,9,1,-1,-1,-1
320,18,662,212,10,9,1,-1,-1,-1
320,26,829,268,14,19,1,-1,-1,-1
320,28,663,291,14,15,1,-1,-1,-1
320,29,660,273,13,15,1,-1,-1,-1
320,34,599,287,10,19,1,-1,-1,-1
320,35,596,268,14,21,1,-1,-1,-1
320,37,612,239,10,11,1,-1,-1,-1
320,40,705,285,14,17,1,-1,-1,-1
320,42,761,227,13,11,1,-1,-1,-1
320,44,915,426,22,23,1,-1,-1,-1
320,45,961,410,40,38,1,-1,-1,-1
320,46,945,428,35,34,1,-1,-1,-1
320,47,754,254,13,11,1,-1,-1,-1
320,48,705,241,11,13,1,-1,-1,-1
320,49,882,426,23,23,1,-1,-1,-1
320,51,898,447,27,25,1,-1,-1,-1
320,52,825,428,24,25,1,-1,-1,-1
320,53,931,453,30,27,1,-1,-1,-1
320,54,971,468,35,28,1,-1,-1,-1
320,55,958,489,31,30,1,-1,-1,-1
321,1,604,254,10,13,1,-1,-1,-1
321,2,616,258,13,13,1,-1,-1,-1
321,4,616,273,13,15,1,-1,-1,-1
321,5,617,293,13,15,1,-1,-1,-1
321,6,653,244,10,13,1,-1,-1,-1
321,7,659,260,13,13,1,-1,-1,-1
321,8,681,277,13,15,1,-1,-1,-1
321,9,685,289,13,15,1,-1,-1,-1
321,11,647,233,10,11,1,-1,-1,-1
321,12,679,260,11,17,1,-1,-1,-1
321,13,670,243,11,15,1,-1,-1,-1
321,14,666,231,10,11,1,-1,-1,-1
321,15,647,225,10,11,1,-1,-1,-1
321,17,660,221,10,9,1,-1,-1,-1
321,18,662,212,10,9,1,-1,-1,-1
321,26,829,266,14,19,1,-1,-1,-1
321,28,663,291,14,15,1,-1,-1,-1
321,29,660,273,13,15,1,-1,-1,-1
321,34,599,287,10,19,1,-1,-1,-1
321,35,596,268,14,21,1,-1,-1,-1
321,37,612,239,10,11,1,-1,-1,-1
321,40,705,287,14,17,1,-1,-1,-1
321,42,761,227,13,11,1,-1,-1,-1
321,44,915,426,22,23,1,-1,-1,-1
321,45,960,408,40,38,1,-1,-1,-1
321,46,945,426,35,34,1,-1,-1,-1
321,47,754,252,13,11,1,-1,-1,-1
321,48,706,241,11,13,1,-1,-1,-1
321,49,882,426,23,23,1,-1,-1,-1
321,51,898,447,27,25,1,-1,-1,-1
321,52,825,427,22,24,1,-1,-1,-1
321,53,932,453,30,27,1,-1,-1,-1
321,54,971,466,36,30,1,-1,-1,-1
321,55,958,489,30,28,1,-1,-1,-1
322,1,603,254,10,13,1,-1,-1,-1
322,2,616,256,13,13,1,-1,-1,-1
322,4,616,271,13,15,1,-1,-1,-1
322,5,617,291,13,15,1,-1,-1,-1
322,6,653,244,10,13,1,-1,-1,-1
322,7,659,258,13,13,1,-1,-1,-1
322,8,681,275,13,15,1,-1,-1,-1
322,9,685,289,13,15,1,-1,-1,-1
322,11,647,233,10,11,1,-1,-1,-1
322,12,677,260,11,17,1,-1,-1,-1
322,13,671,243,11,15,1,-1,-1,-1
322,14,666,229,10,11,1,-1,-1,-1
322,15,649,223,10,11,1,-1,-1,-1
322,17,662,221,10,9,1,-1,-1,-1
322,18,662,212,10,9,1,-1,-1,-1
322,26,829,266,14,19,1,-1,-1,-1
322,28,663,291,14,15,1,-1,-1,-1
322,29,660,273,13,15,1,-1,-1,-1
322,34,599,285,10,19,1,-1,-1,-1
322,35,595,266,14,21,1,-1,-1,-1
322,37,612,239,10,11,1,-1,-1,-1
322,40,705,287,14,17,1,-1,-1,-1
322,42,761,227,13,11,1,-1,-1,-1
322,44,916,426,22,23,1,-1,-1,-1
322,45,961,408,40,38,1,-1,-1,-1
322,46,945,426,35,34,1,-1,-1,-1
322,47,754,252,13,11,1,-1,-1,-1
322,48,706,241,11,13,1,-1,-1,-1
322,49,882,424,23,23,1,-1,-1,-1
322,51,898,447,27,25,1,-1,-1,-1
322,52,825,426,22,23,1,-1,-1,-1
322,53,932,451,31,28,1,-1,-1,-1
322,54,971,466,36,30,1,-1,-1,-1
322,55,958,489,31,30,1,-1,-1,-1
323,1,604,252,10,13,1,-1,-1,-1
323,2,616,256,13,13,1,-1,-1,-1
323,4,616,271,13,15,1,-1,-1,-1
323,5,616,291,13,15,1,-1,-1,-1
323,6,653,244,10,13,1,-1,-1,-1
323,7,659,258,13,13,1,-1,-1,-1
323,8,681,275,13,15,1,-1,-1,-1
323,9,685,287,13,15,1,-1,-1,-1
323,11,647,231,10,11,1,-1,-1,-1
323,12,679,260,11,17,1,-1,-1,-1
323,13,671,241,11,15,1,-1,-1,-1
323,14,666,229,10,11,1,-1,-1,-1
323,15,647,223,10,11,1,-1,-1,-1
323,17,662,221,10,9,1,-1,-1,-1
323,18,662,210,10,9,1,-1,-1,-1
323,26,829,266,14,19,1,-1,-1,-1
323,28,664,289,14,15,1,-1,-1,-1
323,29,660,271,13,15,1,-1,-1,-1
323,34,599,285,10,19,1,-1,-1,-1
323,35,596,266,14,21,1,-1,-1,-1
323,37,612,237,10,11,1,-1,-1,-1
323,40,706,287,14,17,1,-1,-1,-1
323,42,761,225,13,11,1,-1,-1,-1
323,44,915,426,22,23,1,-1,-1,-1
323,45,960,408,41,40,1,-1,-1,-1
323,46,945,426,35,34,1,-1,-1,-1
323,47,754,252,13,11,1,-1,-1,-1
323,48,706,241,11,13,1,-1,-1,-1
323,49,882,424,23,23,1,-1,-1,-1
323,51,899,445,27,25,1,-1,-1,-1
323,52,825,426,22,23,1,-1,-1,-1
323,53,932,451,30,27,1,-1,-1,-1
323,54,973,464,36,30,1,-1,-1,-1
323,55,958,487,31,30,1,-1,-1,-1
324,1,603,252,10,13,1,-1,-1,-1
324,2,616,256,13,13,1,-1,-1,-1
324,4,616,271,13,15,1,-1,-1,-1
324,5,617,291,13,15,1,-1,-1,-1
324,6,653,244,10,13,1,-1,-1,-1
324,7,659,258,13,13,1,-1,-1,-1
324,8,681,275,13,15,1,-1,-1,-1
324,9,685,289,13,15,1,-1,-1,-1
324,11,647,231,10,11,1,-1,-1,-1
324,12,679,258,11,17,1,-1,-1,-1
324,13,671,241,11,15,1,-1,-1,-1
324,14,667,229,10,11,1,-1,-1,-1
324,15,647,223,10,11,1,-1,-1,-1
324,17,662,219,10,9,1,-1,-1,-1
324,18,662,210,10,9,1,-1,-1,-1
324,26,829,266,14,19,1,-1,-1,-1
324,28,664,289,14,15,1,-1,-1,-1
324,29,660,271,13,15,1,-1,-1,-1
324,34,599,285,10,19,1,-1,-1,-1
324,35,596,266,14,21,1,-1,-1,-1
324,37,612,237,10,11,1,-1,-1,-1
324,40,706,287,14,17,1,-1,-1,-1
324,42,760,225,13,11,1,-1,-1,-1
324,44,915,424,22,23,1,-1,-1,-1
324,45,960,410,39,37,1,-1,-1,-1
324,46,946,424,35,34,1,-1,-1,-1
324,47,754,250,13,11,1,-1,-1,-1
324,48,706,241,11,13,1,-1,-1,-1
324,49,884,424,23,23,1,-1,-1,-1
324,51,899,445,28,25,1,-1,-1,-1
324,52,825,424,22,23,1,-1,-1,-1
324,53,932,451,30,27,1,-1,-1,-1
324,54,973,464,37,32,1,-1,-1,-1
324,55,960,487,31,30,1,-1,-1,-1
325,1,603,252,10,13,1,-1,-1,-1
325,2,616,254,13,13,1,-1,-1,-1
325,4,616,270,13,15,1,-1,-1,-1
325,5,617,291,13,15,1,-1,-1,-1
325,6,653,244,10,13,1,-1,-1,-1
325,7,659,258,13,13,1,-1,-1,-1
325,8,683,275,13,15,1,-1,-1,-1
325,9,685,287,13,15,1,-1,-1,-1
325,11,647,231,10,11,1,-1,-1,-1
325,12,679,258,11,17,1,-1,-1,-1
325,13,671,241,11,15,1,-1,-1,-1
325,14,667,229,10,11,1,-1,-1,-1
325,15,647,223,10,11,1,-1,-1,-1
325,17,663,219,10,9,1,-1,-1,-1
325,18,662,210,10,9,1,-1,-1,-1
325,26,829,264,14,19,1,-1,-1,-1
325,28,664,289,14,15,1,-1,-1,-1
325,29,660,271,13,15,1,-1,-1,-1
325,34,599,285,10,19,1,-1,-1,-1
325,35,596,266,14,21,1,-1,-1,-1
325,37,612,237,10,11,1,-1,-1,-1
325,40,706,287,14,17,1,-1,-1,-1
325,42,758,223,13,11,1,-1,-1,-1
325,44,916,424,22,23,1,-1,-1,-1
325,45,961,410,37,36,1,-1,-1,-1
325,46,946,424,35,34,1,-1,-1,-1
325,47,753,250,13,11,1,-1,-1,-1
325,48,706,241,11,13,1,-1,-1,-1
325,49,884,424,23,23,1,-1,-1,-1
325,51,899,445,28,25,1,-1,-1,-1
325,52,825,424,22,23,1,-1,-1,-1
325,53,932,449,30,27,1,-1,-1,-1
325,54,973,464,39,32,1,-1,-1,-1
325,55,961,486,31,30,1,-1,-1,-1
325,56,846,299,23,15,1,-1,-1,-1
326,1,604,252,10,13,1,-1,-1,-1
326,2,616,256,13,13,1,-1,-1,-1
326,4,616,271,13,15,1,-1,-1,-1
326,5,619,291,13,15,1,-1,-1,-1
326,6,654,243,10,13,1,-1,-1,-1
326,7,659,258,13,13,1,-1,-1,-1
326,8,681,273,13,15,1,-1,-1,-1
326,9,685,287,13,15,1,-1,-1,-1
326,11,647,231,10,11,1,-1,-1,-1
326,12,679,258,11,17,1,-1,-1,-1
326,13,671,241,11,15,1,-1,-1,-1
326,14,667,229,10,11,1,-1,-1,-1
326,15,649,222,10,11,1,-1,-1,-1
326,17,662,219,10,9,1,-1,-1,-1
326,18,662,210,10,9,1,-1,-1,-1
326,26,829,264,14,19,1,-1,-1,-1
326,28,664,289,14,15,1,-1,-1,-1
326,29,662,271,13,15,1,-1,-1,-1
326,34,599,285,10,19,1,-1,-1,-1
326,35,596,266,14,21,1,-1,-1,-1
326,37,612,237,10,11,1,-1,-1,-1
326,40,706,287,14,17,1,-1,-1,-1
326,42,758,223,13,11,1,-1,-1,-1
326,44,918,424,22,23,1,-1,-1,-1
326,45,962,410,36,34,1,-1,-1,-1
326,46,946,424,35,34,1,-1,-1,-1
326,47,753,248,13,11,1,-1,-1,-1
326,48,706,241,11,13,1,-1,-1,-1
326,49,884,422,23,23,1,-1,-1,-1
326,51,901,443,27,25,1,-1,-1,-1
326,52,826,424,22,23,1,-1,-1,-1
326,53,935,452,28,25,1,-1,-1,-1
326,54,973,462,39,32,1,-1,-1,-1
326,55,960,486,31,30,1,-1,-1,-1
326,56,845,298,23,15,1,-1,-1,-1
327,1,604,252,10,13,1,-1,-1,-1
327,2,616,254,13,13,1,-1,-1,-1
327,4,616,270,13,15,1,-1,-1,-1
327,5,617,289,13,15,1,-1,-1,-1
327,6,653,243,10,13,1,-1,-1,-1
327,7,659,258,13,13,1,-1,-1,-1
327,8,681,275,13,15,1,-1,-1,-1
327,9,685,285,13,15,1,-1,-1,-1
327,11,647,231,10,11,1,-1,-1,-1
327,12,679,258,11,17,1,-1,-1,-1
327,13,671,241,11,15,1,-1,-1,-1
327,14,667,227,10,11,1,-1,-1,-1
327,15,649,221,10,11,1,-1,-1,-1
327,17,662,219,10,9,1,-1,-1,-1
327,18,663,210,10,9,1,-1,-1,-1
327,26,829,264,14,19,1,-1,-1,-1
327,28,664,287,14,15,1,-1,-1,-1
327,29,660,271,13,15,1,-1,-1,-1
327,34,599,285,10,19,1,-1,-1,-1
327,35,596,264,14,21,1,-1,-1,-1
327,37,612,237,10,11,1,-1,-1,-1
327,40,707,287,14,17,1,-1,-1,-1
327,42,758,221,13,11,1,-1,-1,-1
327,44,918,424,22,23,1,-1,-1,-1
327,45,962,410,36,34,1,-1,-1,-1
327,46,948,422,35,34,1,-1,-1,-1
327,47,753,248,13,11,1,-1,-1,-1
327,48,706,241,11,13,1,-1,-1,-1
327,49,884,422,23,23,1,-1,-1,-1
327,51,901,443,27,25,1,-1,-1,-1
327,52,826,424,22,23,1,-1,-1,-1
327,53,935,451,27,25,1,-1,-1,-1
327,54,971,462,40,34,1,-1,-1,-1
327,55,962,484,31,30,1,-1,-1,-1
327,56,845,297,23,15,1,-1,-1,-1
328,1,603,250,10,13,1,-1,-1,-1
328,2,616,254,13,13,1,-1,-1,-1
328,4,617,270,13,15,1,-1,-1,-1
328,5,617,289,13,15,1,-1,-1,-1
328,6,654,243,10,13,1,-1,-1,-1
328,7,659,256,13,13,1,-1,-1,-1
328,8,683,273,13,15,1,-1,-1,-1
328,9,687,287,13,15,1,-1,-1,-1
328,11,647,229,10,11,1,-1,-1,-1
328,12,679,258,11,17,1,-1,-1,-1
328,13,671,241,11,15,1,-1,-1,-1
328,14,667,227,10,11,1,-1,-1,-1
328,15,649,221,10,11,1,-1,-1,-1
328,17,662,219,10,9,1,-1,-1,-1
328,18,663,210,10,9,1,-1,-1,-1
328,26,829,264,14,19,1,-1,-1,-1
328,28,664,287,14,15,1,-1,-1,-1
328,29,662,270,13,15,1,-1,-1,-1
328,34,599,283,10,19,1,-1,-1,-1
328,35,598,264,14,21,1,-1,-1,-1
328,37,612,237,10,11,1,-1,-1,-1
328,40,707,287,14,17,1,-1,-1,-1
328,42,757,221,13,11,1,-1,-1,-1
328,44,918,422,22,23,1,-1,-1,-1
328,45,962,408,36,36,1,-1,-1,-1
328,46,946,422,35,34,1,-1,-1,-1
328,47,753,246,13,11,1,-1,-1,-1
328,48,707,241,11,13,1,-1,-1,-1
328,49,885,422,23,23,1,-1,-1,-1
328,51,901,443,28,25,1,-1,-1,-1
328,52,826,424,22,23,1,-1,-1,-1
328,53,936,451,27,25,1,-1,-1,-1
328,54,974,462,40,32,1,-1,-1,-1
328,55,961,484,31,30,1,-1,-1,-1
328,56,843,295,23,16,1,-1,-1,-1
329,1,604,250,10,13,1,-1,-1,-1
329,2,616,254,13,13,1,-1,-1,-1
329,4,616,268,13,15,1,-1,-1,-1
329,5,617,289,13,15,1,-1,-1,-1
329,6,654,241,10,13,1,-1,-1,-1
329,7,659,256,13,13,1,-1,-1,-1
329,8,683,273,13,15,1,-1,-1,-1
329,9,685,285,13,15,1,-1,-1,-1
329,11,647,229,10,11,1,-1,-1,-1
329,12,679,258,11,17,1,-1,-1,-1
329,13,671,241,11,15,1,-1,-1,-1
329,14,667,227,10,11,1,-1,-1,-1
329,15,649,221,10,11,1,-1,-1,-1
329,17,663,217,10,9,1,-1,-1,-1
329,18,663,208,10,9,1,-1,-1,-1
329,26,829,264,14,19,1,-1,-1,-1
329,28,664,287,14,15,1,-1,-1,-1
329,29,662,270,13,15,1,-1,-1,-1
329,34,599,283,10,19,1,-1,-1,-1
329,35,598,264,14,21,1,-1,-1,-1
329,37,612,237,10,11,1,-1,-1,-1
329,40,709,287,14,17,1,-1,-1,-1
329,42,757,219,13,11,1,-1,-1,-1
329,44,918,422,22,23,1,-1,-1,-1
329,45,962,408,36,34,1,-1,-1,-1
329,46,948,422,35,34,1,-1,-1,-1
329,47,753,246,13,11,1,-1,-1,-1
329,48,707,241,11,13,1,-1,-1,-1
329,49,885,422,23,23,1,-1,-1,-1
329,51,901,441,28,25,1,-1,-1,-1
329,52,826,422,22,23,1,-1,-1,-1
329,53,936,451,27,25,1,-1,-1,-1
329,54,974,462,39,32,1,-1,-1,-1
329,55,962,484,31,30,1,-1,-1,-1
329,56,843,295,23,17,1,-1,-1,-1
330,1,604,250,10,13,1,-1,-1,-1
330,2,616,254,13,13,1,-1,-1,-1
330,4,617,268,13,15,1,-1,-1,-1
330,5,619,289,13,15,1,-1,-1,-1
330,6,654,241,10,13,1,-1,-1,-1
330,7,659,256,13,13,1,-1,-1,-1
330,8,683,271,13,15,1,-1,-1,-1
330,9,687,285,13,15,1,-1,-1,-1
330,11,647,229,10,11,1,-1,-1,-1
330,12,680,258,11,17,1,-1,-1,-1
330,13,671,239,11,15,1,-1,-1,-1
330,14,667,227,10,11,1,-1,-1,-1
330,15,649,221,10,11,1,-1,-1,-1
330,17,663,217,10,9,1,-1,-1,-1
330,18,662,208,10,9,1,-1,-1,-1
330,26,829,262,14,19,1,-1,-1,-1
330,28,664,287,14,15,1,-1,-1,-1
330,29,662,268,13,15,1,-1,-1,-1
330,34,599,283,10,19,1,-1,-1,-1
330,35,598,262,14,21,1,-1,-1,-1
330,37,612,237,10,11,1,-1,-1,-1
330,40,709,287,14,17,1,-1,-1,-1
330,42,757,219,13,11,1,-1,-1,-1
330,44,919,422,22,23,1,-1,-1,-1
330,45,962,408,36,34,1,-1,-1,-1
330,46,949,422,35,34,1,-1,-1,-1
330,47,753,244,13,11,1,-1,-1,-1
330,48,707,241,11,13,1,-1,-1,-1
330,49,885,420,23,23,1,-1,-1,-1
330,51,902,441,27,25,1,-1,-1,-1
330,52,826,420,22,23,1,-1,-1,-1
330,53,936,449,27,25,1,-1,-1,-1
330,54,973,460,40,34,1,-1,-1,-1
330,55,962,484,31,30,1,-1,-1,-1
330,56,842,295,23,15,1,-1,-1,-1
331,1,604,250,10,13,1,-1,-1,-1
331,2,616,252,13,13,1,-1,-1,-1
331,4,617,268,13,15,1,-1,-1,-1
331,5,617,289,13,15,1,-1,-1,-1
331,6,654,241,10,13,1,-1,-1,-1
331,7,659,256,13,13,1,-1,-1,-1
331,8,683,273,13,15,1,-1,-1,-1
331,9,687,285,13,15,1,-1,-1,-1
331,11,647,229,10,11,1,-1,-1,-1
331,12,680,256,11,17,1,-1,-1,-1
331,13,671,239,11,15,1,-1,-1,-1
331,14,667,227,10,11,1,-1,-1,-1
331,15,649,221,10,11,1,-1,-1,-1
331,17,663,217,10,9,1,-1,-1,-1
331,18,663,208,10,9,1,-1,-1,-1
331,26,829,262,14,19,1,-1,-1,-1
331,28,664,285,14,15,1,-1,-1,-1
331,29,662,268,13,15,1,-1,-1,-1
331,34,599,283,10,19,1,-1,-1,-1
331,35,596,262,14,21,1,-1,-1,-1
331,37,612,235,10,11,1,-1,-1,-1
331,40,710,289,14,17,1,-1,-1,-1
331,42,756,217,13,11,1,-1,-1,-1
331,44,919,420,22,23,1,-1,-1,-1
331,45,962,406,36,34,1,-1,-1,-1
331,46,949,420,35,34,1,-1,-1,-1
331,47,753,244,13,11,1,-1,-1,-1
331,48,707,241,11,13,1,-1,-1,-1
331,49,885,420,23,23,1,-1,-1,-1
331,51,902,441,27,25,1,-1,-1,-1
331,52,826,420,23,25,1,-1,-1,-1
331,53,936,449,27,25,1,-1,-1,-1
331,54,974,459,40,34,1,-1,-1,-1
331,55,962,482,31,30,1,-1,-1,-1
331,56,842,294,23,15,1,-1,-1,-1
332,1,604,248,10,13,1,-1,-1,-1
332,2,616,252,13,13,1,-1,-1,-1
332,4,616,268,13,15,1,-1,-1,-1
332,5,619,287,13,15,1,-1,-1,-1
332,6,654,241,10,13,1,-1,-1,-1
332,7,659,256,13,13,1,-1,-1,-1
332,8,683,271,13,15,1,-1,-1,-1
332,9,687,285,13,15,1,-1,-1,-1
332,11,649,229,10,11,1,-1,-1,-1
332,12,680,256,11,17,1,-1,-1,-1
332,13,671,239,11,15,1,-1,-1,-1
332,14,667,225,10,11,1,-1,-1,-1
332,15,647,219,10,11,1,-1,-1,-1
332,17,662,217,10,9,1,-1,-1,-1
332,18,663,208,10,9,1,-1,-1,-1
332,26,829,262,14,19,1,-1,-1,-1
332,28,664,285,14,15,1,-1,-1,-1
332,29,662,268,13,15,1,-1,-1,-1
332,34,599,281,10,19,1,-1,-1,-1
332,35,596,262,14,21,1,-1,-1,-1
332,37,612,235,10,11,1,-1,-1,-1
332,40,710,287,14,17,1,-1,-1,-1
332,42,757,217,13,11,1,-1,-1,-1
332,44,919,420,22,23,1,-1,-1,-1
332,45,963,406,36,34,1,-1,-1,-1
332,46,949,420,35,34,1,-1,-1,-1
332,47,753,243,13,11,1,-1,-1,-1
332,48,709,241,11,13,1,-1,-1,-1
332,49,885,418,23,23,1,-1,-1,-1
332,51,902,439,27,25,1,-1,-1,-1
332,52,826,418,23,25,1,-1,-1,-1
332,53,936,447,27,25,1,-1,-1,-1
332,54,978,459,32,30,1,-1,-1,-1
332,55,962,480,31,30,1,-1,-1,-1
332,56,841,291,23,15,1,-1,-1,-1
333,1,604,246,10,13,1,-1,-1,-1
333,2,616,248,13,13,1,-1,-1,-1
333,4,617,264,13,15,1,-1,-1,-1
333,5,617,285,13,15,1,-1,-1,-1
333,6,654,237,10,13,1,-1,-1,-1
333,7,660,252,13,13,1,-1,-1,-1
333,8,683,268,13,15,1,-1,-1,-1
333,9,687,281,13,15,1,-1,-1,-1
333,11,649,225,10,11,1,-1,-1,-1
333,12,680,252,11,17,1,-1,-1,-1
333,13,671,235,11,15,1,-1,-1,-1
333,14,667,223,10,11,1,-1,-1,-1
333,15,649,217,10,11,1,-1,-1,-1
333,17,663,214,10,9,1,-1,-1,-1
333,18,663,204,10,9,1,-1,-1,-1
333,26,830,258,14,19,1,-1,-1,-1
333,28,666,283,14,15,1,-1,-1,-1
333,29,662,264,13,15,1,-1,-1,-1
333,34,600,279,10,19,1,-1,-1,-1
333,35,596,258,14,21,1,-1,-1,-1
333,37,612,231,10,11,1,-1,-1,-1
333,40,710,285,14,17,1,-1,-1,-1
333,42,756,214,13,11,1,-1,-1,-1
333,44,919,416,22,23,1,-1,-1,-1
333,45,962,401,36,36,1,-1,-1,-1
333,46,949,416,35,34,1,-1,-1,-1
333,47,753,239,13,11,1,-1,-1,-1
333,48,709,239,11,13,1,-1,-1,-1
333,49,885,414,23,23,1,-1,-1,-1
333,51,902,435,27,25,1,-1,-1,-1
333,52,826,414,22,23,1,-1,-1,-1
333,53,936,443,27,25,1,-1,-1,-1
333,54,976,455,32,30,1,-1,-1,-1
333,55,962,476,31,30,1,-1,-1,-1
333,56,839,289,23,15,1,-1,-1,-1
334,1,604,239,10,13,1,-1,-1,-1
334,2,617,245,13,13,1,-1,-1,-1
334,4,617,258,13,15,1,-1,-1,-1
334,5,619,279,13,15,1,-1,-1,-1
334,6,654,231,10,13,1,-1,-1,-1
334,7,659,246,13,13,1,-1,-1,-1
334,8,683,262,13,15,1,-1,-1,-1
334,9,687,273,13,15,1,-1,-1,-1
334,11,649,219,10,11,1,-1,-1,-1
334,12,680,248,11,17,1,-1,-1,-1
334,13,672,231,11,15,1,-1,-1,-1
334,14,667,217,10,11,1,-1,-1,-1
334,15,649,212,10,9,1,-1,-1,-1
334,17,662,209,10,9,1,-1,-1,-1
334,18,663,198,10,9,1,-1,-1,-1
334,26,830,252,14,19,1,-1,-1,-1
334,28,666,275,14,15,1,-1,-1,-1
334,29,662,258,13,15,1,-1,-1,-1
334,34,600,271,10,19,1,-1,-1,-1
334,35,598,252,14,21,1,-1,-1,-1
334,37,612,225,10,11,1,-1,-1,-1
334,40,710,279,14,17,1,-1,-1,-1
334,42,754,206,13,11,1,-1,-1,-1
334,44,918,408,22,23,1,-1,-1,-1
334,45,961,393,39,36,1,-1,-1,-1
334,46,948,408,36,34,1,-1,-1,-1
334,47,753,233,13,11,1,-1,-1,-1
334,48,709,233,11,13,1,-1,-1,-1
334,49,885,406,23,23,1,-1,-1,-1
334,51,901,428,27,25,1,-1,-1,-1
334,52,826,408,22,23,1,-1,-1,-1
334,53,936,435,28,25,1,-1,-1,-1
334,54,975,445,33,32,1,-1,-1,-1
334,55,960,468,30,28,1,-1,-1,-1
334,56,838,281,23,15,1,-1,-1,-1
334,57,996,505,27,30,1,-1,-1,-1
335,1,604,229,10,13,1,-1,-1,-1
335,2,620,234,13,13,1,-1,-1,-1
335,4,617,248,13,15,1,-1,-1,-1
335,5,619,268,13,15,1,-1,-1,-1
335,6,656,223,10,13,1,-1,-1,-1
335,7,661,235,13,13,1,-1,-1,-1
335,8,685,252,13,15,1,-1,-1,-1
335,9,688,266,13,15,1,-1,-1,-1
335,11,650,212,10,11,1,-1,-1,-1
335,12,680,240,11,13,1,-1,-1,-1
335,13,672,221,11,15,1,-1,-1,-1
335,14,667,208,12,12,1,-1,-1,-1
335,15,649,203,9,9,1,-1,-1,-1
335,17,664,200,10,9,1,-1,-1,-1
335,18,664,190,10,9,1,-1,-1,-1
335,26,830,243,14,19,1,-1,-1,-1
335,28,666,264,14,15,1,-1,-1,-1
335,29,663,248,13,15,1,-1,-1,-1
335,34,600,260,10,19,1,-1,-1,-1
335,35,598,243,14,21,1,-1,-1,-1
335,37,612,217,10,11,1,-1,-1,-1
335,40,710,268,14,17,1,-1,-1,-1
335,42,756,196,13,11,1,-1,-1,-1
335,44,915,397,22,23,1,-1,-1,-1
335,45,960,381,40,38,1,-1,-1,-1
335,46,946,397,35,34,1,-1,-1,-1
335,47,752,223,13,11,1,-1,-1,-1
335,48,710,225,11,13,1,-1,-1,-1
335,49,884,395,23,23,1,-1,-1,-1
335,51,898,414,28,25,1,-1,-1,-1
335,52,825,395,22,23,1,-1,-1,-1
335,53,932,422,27,25,1,-1,-1,-1
335,54,974,433,32,30,1,-1,-1,-1
335,55,957,453,30,28,1,-1,-1,-1
335,56,838,270,23,15,1,-1,-1,-1
335,57,992,489,31,32,1,-1,-1,-1
335,58,1003,465,20,26,1,-1,-1,-1
336,1,605,217,10,13,1,-1,-1,-1
336,2,620,219,13,13,1,-1,-1,-1
336,4,618,235,13,15,1,-1,-1,-1
336,6,655,208,11,13,1,-1,-1,-1
336,7,662,222,13,13,1,-1,-1,-1
336,8,684,237,12,12,1,-1,-1,-1
336,9,689,249,13,15,1,-1,-1,-1
336,11,651,195,11,10,1,-1,-1,-1
336,12,680,223,12,13,1,-1,-1,-1
336,13,673,206,12,13,1,-1,-1,-1
336,14,670,194,10,11,1,-1,-1,-1
336,15,650,187,10,8,1,-1,-1,-1
336,17,664,183,11,10,1,-1,-1,-1
336,18,665,174,10,9,1,-1,-1,-1
336,26,832,227,14,19,1,-1,-1,-1
336,28,667,251,13,12,1,-1,-1,-1
336,29,665,236,12,13,1,-1,-1,-1
336,35,599,229,14,21,1,-1,-1,-1
336,37,615,200,10,11,1,-1,-1,-1
336,42,757,181,13,11,1,-1,-1,-1
336,44,915,379,22,23,1,-1,-1,-1
336,45,957,364,40,38,1,-1,-1,-1
336,46,944,379,35,34,1,-1,-1,-1
336,47,753,207,13,11,1,-1,-1,-1
336,48,710,208,11,13,1,-1,-1,-1
336,49,881,379,23,23,1,-1,-1,-1
336,51,897,397,28,25,1,-1,-1,-1
336,52,822,376,22,23,1,-1,-1,-1
336,53,931,405,27,25,1,-1,-1,-1
336,54,970,416,31,30,1,-1,-1,-1
336,55,953,437,31,30,1,-1,-1,-1
336,56,837,254,23,15,1,-1,-1,-1
336,57,987,472,36,34,1,-1,-1,-1
336,58,999,447,24,27,1,-1,-1,-1
336,63,633,180,9,11,1,-1,-1,-1
337,1,607,196,10,13,1,-1,-1,-1
337,2,619,202,14,13,1,-1,-1,-1
337,4,619,216,13,15,1,-1,-1,-1
337,6,656,189,10,13,1,-1,-1,-1
337,7,662,202,13,13,1,-1,-1,-1
337,8,686,219,11,11,1,-1,-1,-1
337,9,689,229,13,15,1,-1,-1,-1
337,11,652,177,10,9,1,-1,-1,-1
337,12,682,205,11,13,1,-1,-1,-1
337,13,674,188,11,13,1,-1,-1,-1
337,14,669,174,11,12,1,-1,-1,-1
337,15,650,169,9,8,1,-1,-1,-1
337,17,665,165,10,10,1,-1,-1,-1
337,18,665,156,10,9,1,-1,-1,-1
337,26,832,210,14,19,1,-1,-1,-1
337,28,668,233,11,11,1,-1,-1,-1
337,29,664,216,11,13,1,-1,-1,-1
337,35,599,210,14,21,1,-1,-1,-1
337,37,615,182,10,11,1,-1,-1,-1
337,42,757,162,13,11,1,-1,-1,-1
337,44,912,360,22,23,1,-1,-1,-1
337,45,956,345,40,38,1,-1,-1,-1
337,46,940,360,33,32,1,-1,-1,-1
337,47,754,190,13,11,1,-1,-1,-1
337,48,711,192,11,13,1,-1,-1,-1
337,49,881,358,23,23,1,-1,-1,-1
337,51,893,378,27,25,1,-1,-1,-1
337,52,824,360,20,23,1,-1,-1,-1
337,53,927,385,27,25,1,-1,-1,-1
337,54,966,397,31,28,1,-1,-1,-1
337,55,949,416,31,30,1,-1,-1,-1
337,56,837,235,23,15,1,-1,-1,-1
337,57,982,450,35,32,1,-1,-1,-1
337,58,993,426,29,28,1,-1,-1,-1
337,63,633,162,9,11,1,-1,-1,-1
338,1,607,178,10,13,1,-1,-1,-1
338,2,621,184,13,13,1,-1,-1,-1
338,4,620,198,11,13,1,-1,-1,-1
338,6,656,171,10,13,1,-1,-1,-1
338,7,663,185,13,13,1,-1,-1,-1
338,8,687,201,11,11,1,-1,-1,-1
338,9,689,212,13,15,1,-1,-1,-1
338,11,652,158,10,9,1,-1,-1,-1
338,12,681,188,11,13,1,-1,-1,-1
338,13,674,170,11,13,1,-1,-1,-1
338,14,670,156,11,12,1,-1,-1,-1
338,15,652,151,9,8,1,-1,-1,-1
338,17,665,148,10,9,1,-1,-1,-1
338,18,667,138,10,9,1,-1,-1,-1
338,26,834,190,14,19,1,-1,-1,-1
338,28,669,215,10,11,1,-1,-1,-1
338,29,666,199,11,13,1,-1,-1,-1
338,35,599,192,14,21,1,-1,-1,-1
338,37,615,163,11,13,1,-1,-1,-1
338,42,757,143,13,11,1,-1,-1,-1
338,44,911,343,22,23,1,-1,-1,-1
338,45,954,327,40,38,1,-1,-1,-1
338,46,940,345,33,32,1,-1,-1,-1
338,47,755,170,14,11,1,-1,-1,-1
338,48,714,173,11,13,1,-1,-1,-1
338,49,879,341,23,23,1,-1,-1,-1
338,51,893,362,27,25,1,-1,-1,-1
338,52,822,341,20,23,1,-1,-1,-1
338,53,926,368,27,25,1,-1,-1,-1
338,54,965,381,31,30,1,-1,-1,-1
338,55,946,399,31,30,1,-1,-1,-1
338,56,837,216,23,15,1,-1,-1,-1
338,57,978,433,36,33,1,-1,-1,-1
338,58,990,408,33,30,1,-1,-1,-1
338,59,1004,381,19,29,1,-1,-1,-1
338,63,634,145,9,11,1,-1,-1,-1
339,1,608,167,10,13,1,-1,-1,-1
339,2,622,171,11,11,1,-1,-1,-1
339,4,621,186,11,13,1,-1,-1,-1
339,6,657,159,10,13,1,-1,-1,-1
339,7,664,172,13,13,1,-1,-1,-1
339,8,686,189,11,11,1,-1,-1,-1
339,9,690,200,13,15,1,-1,-1,-1
339,11,652,145,10,9,1,-1,-1,-1
339,12,683,176,11,13,1,-1,-1,-1
339,13,675,157,11,13,1,-1,-1,-1
339,14,671,143,10,11,1,-1,-1,-1
339,15,651,136,11,9,1,-1,-1,-1
339,17,667,135,10,9,1,-1,-1,-1
339,18,666,124,10,9,1,-1,-1,-1
339,26,834,179,14,19,1,-1,-1,-1
339,28,669,203,10,11,1,-1,-1,-1
339,29,665,186,11,13,1,-1,-1,-1
339,35,600,179,14,21,1,-1,-1,-1
339,37,615,150,11,13,1,-1,-1,-1
339,42,757,129,13,11,1,-1,-1,-1
339,44,910,333,22,23,1,-1,-1,-1
339,45,954,318,39,36,1,-1,-1,-1
339,46,940,335,35,34,1,-1,-1,-1
339,47,754,156,14,11,1,-1,-1,-1
339,48,714,162,11,13,1,-1,-1,-1
339,49,879,333,23,23,1,-1,-1,-1
339,50,869,508,29,31,1,-1,-1,-1
339,51,892,352,27,25,1,-1,-1,-1
339,52,821,333,20,23,1,-1,-1,-1
339,53,926,358,27,25,1,-1,-1,-1
339,54,963,370,31,28,1,-1,-1,-1
339,55,946,389,30,28,1,-1,-1,-1
339,56,837,204,23,15,1,-1,-1,-1
339,57,977,424,35,35,1,-1,-1,-1
339,58,990,401,31,28,1,-1,-1,-1
339,59,1003,372,20,28,1,-1,-1,-1
339,63,635,130,9,11,1,-1,-1,-1
340,1,607,161,10,13,1,-1,-1,-1
340,2,622,165,11,11,1,-1,-1,-1
340,4,620,180,11,13,1,-1,-1,-1
340,6,656,152,10,13,1,-1,-1,-1
340,7,663,165,13,13,1,-1,-1,-1
340,8,687,183,11,11,1,-1,-1,-1
340,9,689,196,12,13,1,-1,-1,-1
340,11,653,139,10,9,1,-1,-1,-1
340,12,683,169,12,13,1,-1,-1,-1
340,13,675,150,10,13,1,-1,-1,-1
340,14,671,137,10,11,1,-1,-1,-1
340,15,652,130,11,10,1,-1,-1,-1
340,17,667,126,11,10,1,-1,-1,-1
340,18,667,117,10,9,1,-1,-1,-1
340,26,834,173,14,19,1,-1,-1,-1
340,28,669,197,12,12,1,-1,-1,-1
340,29,666,180,11,13,1,-1,-1,-1
340,35,600,173,14,21,1,-1,-1,-1
340,37,616,145,10,12,1,-1,-1,-1
340,42,757,121,13,11,1,-1,-1,-1
340,44,910,329,22,23,1,-1,-1,-1
340,45,953,312,40,38,1,-1,-1,-1
340,46,940,329,33,32,1,-1,-1,-1
340,47,756,150,14,11,1,-1,-1,-1
340,48,714,154,11,13,1,-1,-1,-1
340,49,879,327,23,23,1,-1,-1,-1
340,50,873,510,26,29,1,-1,-1,-1
340,51,893,347,27,25,1,-1,-1,-1
340,52,821,325,22,23,1,-1,-1,-1
340,53,926,354,27,25,1,-1,-1,-1
340,54,963,366,31,28,1,-1,-1,-1
340,55,946,385,31,30,1,-1,-1,-1
340,56,835,198,23,15,1,-1,-1,-1
340,57,976,420,33,34,1,-1,-1,-1
340,58,988,397,31,27,1,-1,-1,-1
340,59,1001,366,22,31,1,-1,-1,-1
340,61,696,120,11,12,1,-1,-1,-1
340,63,635,125,9,11,1,-1,-1,-1
341,1,607,158,10,13,1,-1,-1,-1
341,2,621,162,10,11,1,-1,-1,-1
341,4,621,178,11,13,1,-1,-1,-1
341,6,658,150,10,13,1,-1,-1,-1
341,7,664,163,13,13,1,-1,-1,-1
341,8,687,179,10,11,1,-1,-1,-1
341,9,690,192,13,15,1,-1,-1,-1
341,11,652,135,10,9,1,-1,-1,-1
341,12,683,165,11,13,1,-1,-1,-1
341,13,676,148,10,13,1,-1,-1,-1
341,14,671,133,10,11,1,-1,-1,-1
341,15,651,127,10,9,1,-1,-1,-1
341,17,666,123,10,9,1,-1,-1,-1
341,18,667,113,10,9,1,-1,-1,-1
341,26,835,171,14,19,1,-1,-1,-1
341,28,668,194,11,11,1,-1,-1,-1
341,29,667,177,10,13,1,-1,-1,-1
341,35,600,171,14,21,1,-1,-1,-1
341,37,616,142,10,11,1,-1,-1,-1
341,42,757,119,13,11,1,-1,-1,-1
341,44,910,327,22,23,1,-1,-1,-1
341,45,954,310,40,38,1,-1,-1,-1
341,46,940,327,35,34,1,-1,-1,-1
341,47,756,146,14,11,1,-1,-1,-1
341,48,714,154,11,13,1,-1,-1,-1
341,49,880,325,23,23,1,-1,-1,-1
341,50,871,511,31,27,1,-1,-1,-1
341,51,893,345,27,25,1,-1,-1,-1
341,52,821,320,22,23,1,-1,-1,-1
341,53,926,352,27,25,1,-1,-1,-1
341,54,963,364,31,28,1,-1,-1,-1
341,55,945,383,30,28,1,-1,-1,-1
341,56,835,194,23,15,1,-1,-1,-1
341,57,975,416,35,34,1,-1,-1,-1
341,58,990,393,31,28,1,-1,-1,-1
341,59,1001,363,22,31,1,-1,-1,-1
341,61,696,117,10,11,1,-1,-1,-1
341,63,634,121,9,11,1,-1,-1,-1
342,1,607,156,10,13,1,-1,-1,-1
342,2,621,160,10,11,1,-1,-1,-1
342,4,620,177,10,13,1,-1,-1,-1
342,6,658,148,10,13,1,-1,-1,-1
342,7,664,162,13,13,1,-1,-1,-1
342,8,687,179,10,11,1,-1,-1,-1
342,9,690,190,13,15,1,-1,-1,-1
342,11,652,135,10,9,1,-1,-1,-1
342,12,683,165,11,13,1,-1,-1,-1
342,13,676,146,10,13,1,-1,-1,-1
342,14,671,133,10,11,1,-1,-1,-1
342,15,651,125,10,9,1,-1,-1,-1
342,17,666,121,10,9,1,-1,-1,-1
342,18,667,113,10,9,1,-1,-1,-1
342,26,835,169,14,19,1,-1,-1,-1
342,28,668,192,11,11,1,-1,-1,-1
342,29,666,175,10,13,1,-1,-1,-1
342,35,600,169,14,21,1,-1,-1,-1
342,37,616,140,10,11,1,-1,-1,-1
342,42,757,117,13,11,1,-1,-1,-1
342,44,911,325,22,23,1,-1,-1,-1
342,45,954,310,40,38,1,-1,-1,-1
342,46,940,325,33,32,1,-1,-1,-1
342,47,756,144,14,11,1,-1,-1,-1
342,48,714,152,11,13,1,-1,-1,-1
342,49,880,324,23,23,1,-1,-1,-1
342,50,873,513,30,26,1,-1,-1,-1
342,51,893,343,27,25,1,-1,-1,-1
342,52,821,320,22,23,1,-1,-1,-1
342,53,927,351,27,25,1,-1,-1,-1
342,54,965,362,31,28,1,-1,-1,-1
342,55,945,383,30,28,1,-1,-1,-1
342,56,834,192,23,15,1,-1,-1,-1
342,57,976,416,35,34,1,-1,-1,-1
342,58,990,393,31,28,1,-1,-1,-1
342,59,1001,362,21,30,1,-1,-1,-1
342,61,697,115,10,11,1,-1,-1,-1
342,63,634,121,9,11,1,-1,-1,-1
343,1,607,156,10,13,1,-1,-1,-1
343,2,621,160,10,11,1,-1,-1,-1
343,4,620,175,10,13,1,-1,-1,-1
343,6,658,148,10,13,1,-1,-1,-1
343,7,663,160,13,13,1,-1,-1,-1
343,8,688,177,10,11,1,-1,-1,-1
343,9,690,190,13,15,1,-1,-1,-1
343,11,652,133,10,9,1,-1,-1,-1
343,12,684,165,11,13,1,-1,-1,-1
343,13,676,146,10,13,1,-1,-1,-1
343,14,671,131,10,11,1,-1,-1,-1
343,15,651,125,10,9,1,-1,-1,-1
343,17,667,121,10,9,1,-1,-1,-1
343,18,667,111,10,9,1,-1,-1,-1
343,26,835,169,14,19,1,-1,-1,-1
343,28,670,192,11,11,1,-1,-1,-1
343,29,666,175,10,13,1,-1,-1,-1
343,35,599,169,14,21,1,-1,-1,-1
343,37,616,140,10,11,1,-1,-1,-1
343,42,757,115,13,11,1,-1,-1,-1
343,44,911,325,22,23,1,-1,-1,-1
343,45,954,308,40,38,1,-1,-1,-1
343,46,940,325,33,32,1,-1,-1,-1
343,47,754,142,14,11,1,-1,-1,-1
343,48,715,152,11,13,1,-1,-1,-1
343,49,880,322,23,23,1,-1,-1,-1
343,50,877,512,28,27,1,-1,-1,-1
343,51,893,343,27,25,1,-1,-1,-1
343,52,821,318,22,23,1,-1,-1,-1
343,53,927,351,27,25,1,-1,-1,-1
343,54,965,362,31,28,1,-1,-1,-1
343,55,946,381,30,28,1,-1,-1,-1
343,56,834,190,23,15,1,-1,-1,-1
343,57,978,416,35,34,1,-1,-1,-1
343,58,990,391,31,28,1,-1,-1,-1
343,59,1004,362,19,28,1,-1,-1,-1
343,61,697,117,10,11,1,-1,-1,-1
343,63,634,121,9,11,1,-1,-1,-1
344,1,607,154,10,13,1,-1,-1,-1
344,2,621,160,10,11,1,-1,-1,-1
344,4,620,175,10,13,1,-1,-1,-1
344,6,659,146,10,13,1,-1,-1,-1
344,7,664,160,13,13,1,-1,-1,-1
344,8,687,177,10,11,1,-1,-1,-1
344,9,690,189,13,15,1,-1,-1,-1
344,11,651,133,10,9,1,-1,-1,-1
344,12,684,165,11,13,1,-1,-1,-1
344,13,676,146,10,13,1,-1,-1,-1
344,14,671,131,10,11,1,-1,-1,-1
344,15,651,123,10,9,1,-1,-1,-1
344,17,666,121,10,9,1,-1,-1,-1
344,18,667,111,10,9,1,-1,-1,-1
344,26,835,167,14,19,1,-1,-1,-1
344,28,670,192,11,11,1,-1,-1,-1
344,29,667,175,10,13,1,-1,-1,-1
344,35,599,167,14,21,1,-1,-1,-1
344,37,616,140,10,11,1,-1,-1,-1
344,42,756,113,13,11,1,-1,-1,-1
344,44,912,324,22,23,1,-1,-1,-1
344,45,956,308,40,38,1,-1,-1,-1
344,46,941,325,32,32,1,-1,-1,-1
344,47,756,142,14,11,1,-1,-1,-1
344,48,717,152,11,13,1,-1,-1,-1
344,49,880,322,23,23,1,-1,-1,-1
344,50,878,516,27,23,1,-1,-1,-1
344,51,893,341,27,25,1,-1,-1,-1
344,52,821,318,22,23,1,-1,-1,-1
344,53,927,349,27,25,1,-1,-1,-1
344,54,965,360,31,30,1,-1,-1,-1
344,55,946,381,31,30,1,-1,-1,-1
344,56,833,189,23,15,1,-1,-1,-1
344,57,978,414,35,34,1,-1,-1,-1
344,58,991,391,32,30,1,-1,-1,-1
344,59,1004,362,19,28,1,-1,-1,-1
344,61,697,117,10,11,1,-1,-1,-1
344,63,634,121,9,11,1,-1,-1,-1
345,1,608,156,10,13,1,-1,-1,-1
345,2,623,158,10,11,1,-1,-1,-1
345,4,620,175,10,13,1,-1,-1,-1
345,6,659,148,10,13,1,-1,-1,-1
345,7,664,160,13,13,1,-1,-1,-1
345,8,688,177,10,11,1,-1,-1,-1
345,9,690,189,13,15,1,-1,-1,-1
345,11,651,131,10,9,1,-1,-1,-1
345,12,684,163,11,13,1,-1,-1,-1
345,13,676,144,10,13,1,-1,-1,-1
345,14,671,131,10,11,1,-1,-1,-1
345,15,653,125,10,9,1,-1,-1,-1
345,17,667,121,10,9,1,-1,-1,-1
345,18,667,111,10,9,1,-1,-1,-1
345,26,837,169,14,19,1,-1,-1,-1
345,28,670,192,11,11,1,-1,-1,-1
345,29,666,175,10,13,1,-1,-1,-1
345,35,600,167,14,21,1,-1,-1,-1
345,37,616,140,10,11,1,-1,-1,-1
345,42,756,113,13,11,1,-1,-1,-1
345,44,912,324,22,23,1,-1,-1,-1
345,45,956,308,40,38,1,-1,-1,-1
345,46,941,325,33,32,1,-1,-1,-1
345,47,756,142,14,11,1,-1,-1,-1
345,48,717,152,11,13,1,-1,-1,-1
345,49,881,322,23,23,1,-1,-1,-1
345,50,879,520,27,19,1,-1,-1,-1
345,51,894,341,27,25,1,-1,-1,-1
345,52,821,316,22,23,1,-1,-1,-1
345,53,927,349,27,25,1,-1,-1,-1
345,54,965,360,31,28,1,-1,-1,-1
345,55,948,379,30,28,1,-1,-1,-1
345,56,832,187,23,15,1,-1,-1,-1
345,57,979,414,35,34,1,-1,-1,-1
345,58,992,391,31,28,1,-1,-1,-1
345,59,1004,360,19,28,1,-1,-1,-1
345,61,697,117,10,11,1,-1,-1,-1
345,63,634,121,9,11,1,-1,-1,-1
346,1,608,154,10,13,1,-1,-1,-1
346,2,623,158,10,11,1,-1,-1,-1
346,4,621,175,10,13,1,-1,-1,-1
346,6,659,146,10,13,1,-1,-1,-1
346,7,664,160,13,13,1,-1,-1,-1
346,8,688,177,10,11,1,-1,-1,-1
346,9,690,187,13,15,1,-1,-1,-1
346,11,653,131,10,9,1,-1,-1,-1
346,12,684,163,11,13,1,-1,-1,-1
346,13,676,144,10,13,1,-1,-1,-1
346,14,671,131,10,11,1,-1,-1,-1
346,15,651,123,10,9,1,-1,-1,-1
346,17,667,121,10,9,1,-1,-1,-1
346,18,668,111,10,9,1,-1,-1,-1
346,26,837,167,14,19,1,-1,-1,-1
346,28,671,192,11,11,1,-1,-1,-1
346,29,667,173,10,13,1,-1,-1,-1
346,35,602,167,14,21,1,-1,-1,-1
346,37,616,140,10,11,1,-1,-1,-1
346,42,754,111,13,11,1,-1,-1,-1
346,44,912,324,22,23,1,-1,-1,-1
346,45,957,308,40,38,1,-1,-1,-1
346,46,943,325,32,32,1,-1,-1,-1
346,47,754,140,14,11,1,-1,-1,-1
346,48,717,152,11,13,1,-1,-1,-1
346,49,881,322,23,23,1,-1,-1,-1
346,51,894,341,27,25,1,-1,-1,-1
346,52,821,316,22,23,1,-1,-1,-1
346,53,927,349,27,25,1,-1,-1,-1
346,54,966,360,31,30,1,-1,-1,-1
346,55,948,379,31,30,1,-1,-1,-1
346,56,832,187,23,15,1,-1,-1,-1
346,57,979,414,35,34,1,-1,-1,-1
346,58,992,391,31,28,1,-1,-1,-1
346,59,1004,360,19,28,1,-1,-1,-1
346,61,697,117,10,11,1,-1,-1,-1
346,63,634,121,9,11,1,-1,-1,-1
347,1,608,154,10,13,1,-1,-1,-1
347,2,623,158,10,11,1,-1,-1,-1
347,4,620,175,10,13,1,-1,-1,-1
347,6,659,146,10,13,1,-1,-1,-1
347,7,666,158,13,13,1,-1,-1,-1
347,8,688,177,10,11,1,-1,-1,-1
347,9,692,187,13,15,1,-1,-1,-1
347,11,653,131,10,9,1,-1,-1,-1
347,12,684,163,11,13,1,-1,-1,-1
347,13,676,144,10,13,1,-1,-1,-1
347,14,672,131,10,11,1,-1,-1,-1
347,15,651,123,10,9,1,-1,-1,-1
347,17,667,121,10,9,1,-1,-1,-1
347,18,668,111,10,9,1,-1,-1,-1
347,26,837,167,14,19,1,-1,-1,-1
347,28,671,190,11,11,1,-1,-1,-1
347,29,667,173,10,13,1,-1,-1,-1
347,35,600,165,14,21,1,-1,-1,-1
347,37,616,138,10,11,1,-1,-1,-1
347,42,754,111,13,11,1,-1,-1,-1
347,44,912,322,22,23,1,-1,-1,-1
347,45,957,308,39,36,1,-1,-1,-1
347,46,943,324,32,32,1,-1,-1,-1
347,47,754,140,14,11,1,-1,-1,-1
347,48,717,152,11,13,1,-1,-1,-1
347,49,881,320,23,23,1,-1,-1,-1
347,51,894,341,27,25,1,-1,-1,-1
347,52,821,314,22,23,1,-1,-1,-1
347,53,928,347,27,25,1,-1,-1,-1
347,54,966,360,31,28,1,-1,-1,-1
347,55,949,378,31,30,1,-1,-1,-1
347,56,830,185,23,15,1,-1,-1,-1
347,57,979,412,35,34,1,-1,-1,-1
347,58,992,391,31,28,1,-1,-1,-1
347,59,1004,358,19,28,1,-1,-1,-1
347,61,698,117,10,11,1,-1,-1,-1
347,63,634,121,9,11,1,-1,-1,-1
348,1,608,154,10,13,1,-1,-1,-1
348,2,621,158,10,11,1,-1,-1,-1
348,4,621,173,10,13,1,-1,-1,-1
348,6,659,146,10,13,1,-1,-1,-1
348,7,664,158,13,13,1,-1,-1,-1
348,8,688,175,10,11,1,-1,-1,-1
348,9,692,187,13,15,1,-1,-1,-1
348,11,653,131,10,9,1,-1,-1,-1
348,12,684,163,11,13,1,-1,-1,-1
348,13,676,144,10,13,1,-1,-1,-1
348,14,671,129,10,11,1,-1,-1,-1
348,15,653,123,10,9,1,-1,-1,-1
348,17,667,119,10,9,1,-1,-1,-1
348,18,668,111,10,9,1,-1,-1,-1
348,26,838,166,14,19,1,-1,-1,-1
348,28,671,190,11,11,1,-1,-1,-1
348,29,667,173,10,13,1,-1,-1,-1
348,35,600,165,14,21,1,-1,-1,-1
348,37,616,138,10,11,1,-1,-1,-1
348,42,754,111,13,11,1,-1,-1,-1
348,44,914,322,22,23,1,-1,-1,-1
348,45,957,306,39,36,1,-1,-1,-1
348,46,944,322,31,30,1,-1,-1,-1
348,47,754,140,14,11,1,-1,-1,-1
348,48,717,152,11,13,1,-1,-1,-1
348,49,881,320,23,23,1,-1,-1,-1
348,51,896,339,27,25,1,-1,-1,-1
348,52,822,314,23,25,1,-1,-1,-1
348,53,928,347,27,25,1,-1,-1,-1
348,54,966,358,31,28,1,-1,-1,-1
348,55,949,378,31,30,1,-1,-1,-1
348,56,829,183,23,15,1,-1,-1,-1
348,57,979,412,35,34,1,-1,-1,-1
348,58,992,389,31,28,1,-1,-1,-1
348,59,1004,358,19,30,1,-1,-1,-1
348,61,697,115,10,11,1,-1,-1,-1
348,63,634,121,9,11,1,-1,-1,-1
349,1,608,152,10,13,1,-1,-1,-1
349,2,623,158,10,11,1,-1,-1,-1
349,4,621,173,10,13,1,-1,-1,-1
349,6,659,144,10,13,1,-1,-1,-1
349,7,664,158,13,13,1,-1,-1,-1
349,8,688,175,10,11,1,-1,-1,-1
349,9,690,187,13,15,1,-1,-1,-1
349,11,653,131,10,9,1,-1,-1,-1
349,12,684,162,11,13,1,-1,-1,-1
349,13,676,144,10,13,1,-1,-1,-1
349,14,671,131,10,11,1,-1,-1,-1
349,15,653,121,10,9,1,-1,-1,-1
349,17,667,119,10,9,1,-1,-1,-1
349,18,668,109,10,9,1,-1,-1,-1
349,26,837,165,14,19,1,-1,-1,-1
349,28,671,189,11,11,1,-1,-1,-1
349,29,667,173,10,13,1,-1,-1,-1
349,35,600,165,14,21,1,-1,-1,-1
349,37,616,138,10,11,1,-1,-1,-1
349,42,753,109,13,11,1,-1,-1,-1
349,44,915,322,22,23,1,-1,-1,-1
349,45,957,306,37,36,1,-1,-1,-1
349,46,944,322,31,30,1,-1,-1,-1
349,47,754,138,14,11,1,-1,-1,-1
349,48,718,152,11,13,1,-1,-1,-1
349,49,881,320,23,23,1,-1,-1,-1
349,51,896,339,27,25,1,-1,-1,-1
349,52,822,314,22,23,1,-1,-1,-1
349,53,928,347,28,25,1,-1,-1,-1
349,54,967,358,31,28,1,-1,-1,-1
349,55,949,376,31,30,1,-1,-1,-1
349,56,829,183,23,15,1,-1,-1,-1
349,57,980,412,35,34,1,-1,-1,-1
349,58,992,389,31,28,1,-1,-1,-1
349,59,1005,358,18,30,1,-1,-1,-1
349,61,698,115,10,11,1,-1,-1,-1
349,63,634,121,9,11,1,-1,-1,-1
350,1,608,152,10,13,1,-1,-1,-1
350,2,623,158,10,11,1,-1,-1,-1
350,4,620,173,10,13,1,-1,-1,-1
350,6,658,144,10,13,1,-1,-1,-1
350,7,666,158,13,13,1,-1,-1,-1
350,8,688,175,10,11,1,-1,-1,-1
350,9,692,187,13,15,1,-1,-1,-1
350,11,653,129,10,9,1,-1,-1,-1
350,12,684,162,11,13,1,-1,-1,-1
350,13,676,144,10,13,1,-1,-1,-1
350,14,671,129,10,11,1,-1,-1,-1
350,15,653,121,10,9,1,-1,-1,-1
350,17,667,119,10,9,1,-1,-1,-1
350,18,668,109,10,9,1,-1,-1,-1
350,26,838,165,14,19,1,-1,-1,-1
350,28,671,189,11,11,1,-1,-1,-1
350,29,667,171,10,13,1,-1,-1,-1
350,35,602,165,14,21,1,-1,-1,-1
350,37,616,138,10,11,1,-1,-1,-1
350,42,753,108,13,11,1,-1,-1,-1
350,44,915,320,22,23,1,-1,-1,-1
350,45,958,306,37,36,1,-1,-1,-1
350,46,944,322,31,30,1,-1,-1,-1
350,47,753,136,14,11,1,-1,-1,-1
350,48,718,152,11,13,1,-1,-1,-1
350,49,882,318,23,23,1,-1,-1,-1
350,51,896,339,27,25,1,-1,-1,-1
350,52,822,312,22,23,1,-1,-1,-1
350,53,929,347,28,25,1,-1,-1,-1
350,54,967,358,31,30,1,-1,-1,-1
350,55,949,376,31,30,1,-1,-1,-1
350,56,828,181,23,15,1,-1,-1,-1
350,57,980,412,36,36,1,-1,-1,-1
350,58,993,389,30,30,1,-1,-1,-1
350,59,1005,356,18,28,1,-1,-1,-1
350,61,698,117,10,11,1,-1,-1,-1
350,63,634,121,9,11,1,-1,-1,-1
351,1,608,152,10,13,1,-1,-1,-1
351,2,623,156,10,11,1,-1,-1,-1
351,4,621,173,10,13,1,-1,-1,-1
351,6,659,144,10,13,1,-1,-1,-1
351,7,664,158,13,13,1,-1,-1,-1
351,8,688,173,10,11,1,-1,-1,-1
351,9,692,185,13,15,1,-1,-1,-1
351,11,653,129,10,9,1,-1,-1,-1
351,12,685,162,11,13,1,-1,-1,-1
351,13,676,142,10,13,1,-1,-1,-1
351,14,672,129,10,11,1,-1,-1,-1
351,15,653,121,10,9,1,-1,-1,-1
351,17,667,119,10,9,1,-1,-1,-1
351,18,667,109,10,9,1,-1,-1,-1
351,26,838,165,14,19,1,-1,-1,-1
351,28,671,189,11,11,1,-1,-1,-1
351,29,667,171,10,13,1,-1,-1,-1
351,35,602,165,14,21,1,-1,-1,-1
351,37,616,138,10,11,1,-1,-1,-1
351,42,753,106,13,11,1,-1,-1,-1
351,44,915,320,22,23,1,-1,-1,-1
351,45,958,304,37,36,1,-1,-1,-1
351,46,945,320,31,30,1,-1,-1,-1
351,47,753,136,14,11,1,-1,-1,-1
351,48,718,152,11,13,1,-1,-1,-1
351,49,882,318,23,23,1,-1,-1,-1
351,51,896,337,27,25,1,-1,-1,-1
351,52,822,312,22,23,1,-1,-1,-1
351,53,929,345,27,25,1,-1,-1,-1
351,54,967,356,32,30,1,-1,-1,-1
351,55,949,376,31,30,1,-1,-1,-1
351,56,828,179,23,15,1,-1,-1,-1
351,57,982,410,35,34,1,-1,-1,-1
351,58,995,389,28,28,1,-1,-1,-1
351,59,1007,356,16,28,1,-1,-1,-1
351,61,698,117,10,11,1,-1,-1,-1
351,63,634,121,9,11,1,-1,-1,-1
352,1,608,152,10,13,1,-1,-1,-1
352,2,623,156,10,11,1,-1,-1,-1
352,4,621,173,10,13,1,-1,-1,-1
352,6,659,144,10,13,1,-1,-1,-1
352,7,666,156,13,13,1,-1,-1,-1
352,8,689,173,10,11,1,-1,-1,-1
352,9,692,185,13,15,1,-1,-1,-1
352,11,654,129,10,9,1,-1,-1,-1
352,12,684,160,11,13,1,-1,-1,-1
352,13,676,142,10,13,1,-1,-1,-1
352,14,673,129,10,11,1,-1,-1,-1
352,15,653,121,10,9,1,-1,-1,-1
352,17,667,119,10,9,1,-1,-1,-1
352,18,667,109,10,9,1,-1,-1,-1
352,26,839,165,14,19,1,-1,-1,-1
352,28,671,187,11,11,1,-1,-1,-1
352,29,667,171,10,13,1,-1,-1,-1
352,35,602,163,14,21,1,-1,-1,-1
352,37,616,136,10,11,1,-1,-1,-1
352,42,753,106,13,11,1,-1,-1,-1
352,44,915,320,22,23,1,-1,-1,-1
352,45,958,304,39,36,1,-1,-1,-1
352,46,945,320,31,30,1,-1,-1,-1
352,47,753,135,14,11,1,-1,-1,-1
352,48,718,152,11,13,1,-1,-1,-1
352,49,882,318,23,23,1,-1,-1,-1
352,51,896,337,27,25,1,-1,-1,-1
352,52,822,310,22,23,1,-1,-1,-1
352,53,929,345,27,25,1,-1,-1,-1
352,54,967,356,31,30,1,-1,-1,-1
352,55,950,376,31,30,1,-1,-1,-1
352,56,825,179,23,15,1,-1,-1,-1
352,57,983,410,33,34,1,-1,-1,-1
352,58,993,387,30,30,1,-1,-1,-1
352,59,1007,356,16,28,1,-1,-1,-1
352,61,698,117,10,11,1,-1,-1,-1
352,63,634,121,9,11,1,-1,-1,-1
353,1,608,150,10,13,1,-1,-1,-1
353,2,623,156,10,11,1,-1,-1,-1
353,4,621,171,10,13,1,-1,-1,-1
353,6,659,144,10,13,1,-1,-1,-1
353,7,666,156,13,13,1,-1,-1,-1
353,8,688,173,10,11,1,-1,-1,-1
353,9,692,183,13,15,1,-1,-1,-1
353,11,654,127,10,9,1,-1,-1,-1
353,12,684,160,11,13,1,-1,-1,-1
353,13,677,142,10,13,1,-1,-1,-1
353,14,672,129,10,11,1,-1,-1,-1
353,15,653,119,10,9,1,-1,-1,-1
353,17,667,119,10,9,1,-1,-1,-1
353,18,668,109,10,9,1,-1,-1,-1
353,26,838,163,14,19,1,-1,-1,-1
353,28,671,187,11,11,1,-1,-1,-1
353,29,667,171,10,13,1,-1,-1,-1
353,35,602,163,14,21,1,-1,-1,-1
353,37,616,136,10,11,1,-1,-1,-1
353,42,753,104,13,11,1,-1,-1,-1
353,44,915,318,22,23,1,-1,-1,-1
353,45,960,304,39,36,1,-1,-1,-1
353,46,945,320,31,30,1,-1,-1,-1
353,47,753,135,14,11,1,-1,-1,-1
353,48,719,152,11,13,1,-1,-1,-1
353,49,884,318,23,23,1,-1,-1,-1
353,51,898,337,27,25,1,-1,-1,-1
353,52,821,310,22,23,1,-1,-1,-1
353,53,931,345,27,25,1,-1,-1,-1
353,54,969,356,31,30,1,-1,-1,-1
353,55,950,374,31,30,1,-1,-1,-1
353,56,825,177,23,15,1,-1,-1,-1
353,57,983,410,35,34,1,-1,-1,-1
353,58,996,387,27,28,1,-1,-1,-1
353,59,1008,354,15,28,1,-1,-1,-1
353,61,700,115,10,11,1,-1,-1,-1
353,63,634,121,9,11,1,-1,-1,-1
354,1,608,150,10,13,1,-1,-1,-1
354,2,623,156,10,11,1,-1,-1,-1
354,4,621,171,10,13,1,-1,-1,-1
354,6,659,142,10,13,1,-1,-1,-1
354,7,666,156,13,13,1,-1,-1,-1
354,8,689,173,10,11,1,-1,-1,-1
354,9,693,183,13,15,1,-1,-1,-1
354,11,654,127,10,9,1,-1,-1,-1
354,12,684,160,11,13,1,-1,-1,-1
354,13,676,142,10,13,1,-1,-1,-1
354,14,672,127,10,11,1,-1,-1,-1
354,15,653,119,10,9,1,-1,-1,-1
354,17,667,119,10,9,1,-1,-1,-1
354,18,668,108,10,9,1,-1,-1,-1
354,26,838,163,14,19,1,-1,-1,-1
354,28,671,185,11,11,1,-1,-1,-1
354,29,667,171,10,13,1,-1,-1,-1
354,35,602,163,14,21,1,-1,-1,-1
354,37,616,136,10,11,1,-1,-1,-1
354,42,752,104,13,11,1,-1,-1,-1
354,44,915,319,22,21,1,-1,-1,-1
354,45,960,302,39,36,1,-1,-1,-1
354,46,946,320,31,30,1,-1,-1,-1
354,47,753,133,14,11,1,-1,-1,-1
354,48,719,152,11,13,1,-1,-1,-1
354,49,882,316,23,23,1,-1,-1,-1
354,51,898,337,27,25,1,-1,-1,-1
354,52,822,308,22,23,1,-1,-1,-1
354,53,932,343,27,25,1,-1,-1,-1
354,54,970,354,31,30,1,-1,-1,-1
354,55,952,374,31,30,1,-1,-1,-1
354,56,825,175,23,15,1,-1,-1,-1
354,57,983,408,33,34,1,-1,-1,-1
354,58,995,385,28,28,1,-1,-1,-1
354,59,1008,354,15,30,1,-1,-1,-1
354,61,701,117,10,11,1,-1,-1,-1
354,62,685,106,11,12,1,-1,-1,-1
354,63,634,121,9,11,1,-1,-1,-1
355,1,608,150,10,13,1,-1,-1,-1
355,2,623,154,10,11,1,-1,-1,-1
355,4,621,171,10,13,1,-1,-1,-1
355,6,659,142,10,13,1,-1,-1,-1
355,7,666,154,13,13,1,-1,-1,-1
355,8,689,171,10,11,1,-1,-1,-1
355,9,692,183,13,15,1,-1,-1,-1
355,11,654,127,10,9,1,-1,-1,-1
355,12,685,160,11,13,1,-1,-1,-1
355,13,677,140,10,13,1,-1,-1,-1
355,14,672,127,10,11,1,-1,-1,-1
355,15,653,119,10,9,1,-1,-1,-1
355,17,667,117,10,9,1,-1,-1,-1
355,18,668,108,10,9,1,-1,-1,-1
355,26,839,163,14,19,1,-1,-1,-1
355,28,671,185,11,11,1,-1,-1,-1
355,29,667,169,10,13,1,-1,-1,-1
355,35,602,163,14,21,1,-1,-1,-1
355,37,616,135,10,11,1,-1,-1,-1
355,42,751,104,13,11,1,-1,-1,-1
355,44,915,318,22,21,1,-1,-1,-1
355,45,955,293,40,38,1,-1,-1,-1
355,46,946,320,31,30,1,-1,-1,-1
355,47,753,131,14,11,1,-1,-1,-1
355,48,719,152,11,13,1,-1,-1,-1
355,49,884,316,23,23,1,-1,-1,-1
355,51,898,335,27,25,1,-1,-1,-1
355,52,822,308,22,23,1,-1,-1,-1
355,53,932,343,27,25,1,-1,-1,-1
355,54,970,354,32,30,1,-1,-1,-1
355,55,952,374,31,30,1,-1,-1,-1
355,56,824,175,23,15,1,-1,-1,-1
355,57,983,408,35,34,1,-1,-1,-1
355,58,996,385,27,28,1,-1,-1,-1
355,59,1009,354,14,30,1,-1,-1,-1
355,61,700,117,10,11,1,-1,-1,-1
355,62,684,106,10,11,1,-1,-1,-1
355,63,634,121,9,11,1,-1,-1,-1
356,1,608,150,10,13,1,-1,-1,-1
356,2,623,154,10,11,1,-1,-1,-1
356,4,621,171,10,13,1,-1,-1,-1
356,6,659,142,10,13,1,-1,-1,-1
356,7,666,154,13,13,1,-1,-1,-1
356,8,689,171,10,11,1,-1,-1,-1
356,9,693,183,13,15,1,-1,-1,-1
356,11,653,127,10,9,1,-1,-1,-1
356,12,685,158,11,13,1,-1,-1,-1
356,13,677,140,10,13,1,-1,-1,-1
356,14,672,127,10,11,1,-1,-1,-1
356,15,653,119,10,9,1,-1,-1,-1
356,17,667,117,10,9,1,-1,-1,-1
356,18,668,108,10,9,1,-1,-1,-1
356,26,839,163,14,19,1,-1,-1,-1
356,28,671,185,11,11,1,-1,-1,-1
356,29,667,169,10,13,1,-1,-1,-1
356,35,602,162,14,21,1,-1,-1,-1
356,37,616,135,10,11,1,-1,-1,-1
356,42,751,102,13,11,1,-1,-1,-1
356,44,916,318,22,21,1,-1,-1,-1
356,45,956,295,40,38,1,-1,-1,-1
356,46,948,318,31,30,1,-1,-1,-1
356,47,753,131,14,11,1,-1,-1,-1
356,48,720,152,11,13,1,-1,-1,-1
356,49,884,316,23,23,1,-1,-1,-1
356,51,898,335,27,25,1,-1,-1,-1
356,52,822,306,22,23,1,-1,-1,-1
356,53,932,343,27,25,1,-1,-1,-1
356,54,970,354,31,30,1,-1,-1,-1
356,55,953,372,31,30,1,-1,-1,-1
356,56,822,173,23,15,1,-1,-1,-1
356,57,984,408,33,34,1,-1,-1,-1
356,58,996,385,27,28,1,-1,-1,-1
356,59,1008,352,15,30,1,-1,-1,-1
356,61,701,117,10,11,1,-1,-1,-1
356,62,685,106,10,11,1,-1,-1,-1
356,63,634,121,9,11,1,-1,-1,-1
357,1,608,148,10,13,1,-1,-1,-1
357,2,624,154,10,11,1,-1,-1,-1
357,4,621,169,10,13,1,-1,-1,-1
357,6,659,142,10,13,1,-1,-1,-1
357,7,666,154,13,13,1,-1,-1,-1
357,8,689,171,10,11,1,-1,-1,-1
357,9,692,181,13,15,1,-1,-1,-1
357,11,653,125,10,9,1,-1,-1,-1
357,12,685,158,11,13,1,-1,-1,-1
357,13,677,140,10,13,1,-1,-1,-1
357,14,673,127,10,11,1,-1,-1,-1
357,15,653,117,10,9,1,-1,-1,-1
357,17,667,117,10,9,1,-1,-1,-1
357,18,668,108,10,9,1,-1,-1,-1
357,26,839,163,14,19,1,-1,-1,-1
357,28,671,185,11,11,1,-1,-1,-1
357,29,667,169,10,13,1,-1,-1,-1
357,35,602,162,14,21,1,-1,-1,-1
357,37,617,133,10,11,1,-1,-1,-1
357,42,751,100,13,11,1,-1,-1,-1
357,44,916,316,22,21,1,-1,-1,-1
357,45,956,295,40,38,1,-1,-1,-1
357,46,948,318,31,30,1,-1,-1,-1
357,47,753,129,14,11,1,-1,-1,-1
357,48,720,152,11,13,1,-1,-1,-1
357,49,885,314,23,23,1,-1,-1,-1
357,51,898,335,27,25,1,-1,-1,-1
357,52,821,304,22,23,1,-1,-1,-1
357,53,932,343,27,25,1,-1,-1,-1
357,54,970,354,32,30,1,-1,-1,-1
357,55,953,372,31,30,1,-1,-1,-1
357,56,822,171,23,15,1,-1,-1,-1
357,57,986,406,32,32,1,-1,-1,-1
357,58,996,383,27,28,1,-1,-1,-1
357,59,1009,351,14,30,1,-1,-1,-1
357,61,701,117,10,11,1,-1,-1,-1
357,62,684,106,10,11,1,-1,-1,-1
357,63,633,121,9,11,1,-1,-1,-1
358,1,608,148,10,13,1,-1,-1,-1
358,2,623,154,10,11,1,-1,-1,-1
358,4,623,169,10,13,1,-1,-1,-1
358,6,659,142,10,13,1,-1,-1,-1
358,7,666,154,13,13,1,-1,-1,-1
358,8,689,171,10,11,1,-1,-1,-1
358,9,693,181,13,15,1,-1,-1,-1
358,11,654,125,10,9,1,-1,-1,-1
358,12,687,158,11,13,1,-1,-1,-1
358,13,677,140,10,13,1,-1,-1,-1
358,14,673,125,10,11,1,-1,-1,-1
358,15,654,117,10,9,1,-1,-1,-1
358,17,667,115,10,9,1,-1,-1,-1
358,18,668,106,10,9,1,-1,-1,-1
358,26,841,160,14,19,1,-1,-1,-1
358,28,671,183,11,11,1,-1,-1,-1
358,29,667,167,10,13,1,-1,-1,-1
358,35,600,160,14,21,1,-1,-1,-1
358,37,617,133,10,11,1,-1,-1,-1
358,42,749,100,13,11,1,-1,-1,-1
358,44,916,316,22,21,1,-1,-1,-1
358,45,961,300,40,38,1,-1,-1,-1
358,46,948,318,31,30,1,-1,-1,-1
358,47,753,129,14,11,1,-1,-1,-1
358,48,720,152,11,13,1,-1,-1,-1
358,49,885,314,23,23,1,-1,-1,-1
358,51,899,333,27,25,1,-1,-1,-1
358,52,821,304,22,23,1,-1,-1,-1
358,53,932,341,27,25,1,-1,-1,-1
358,54,970,352,31,30,1,-1,-1,-1
358,55,953,372,31,30,1,-1,-1,-1
358,56,821,171,23,15,1,-1,-1,-1
358,57,986,406,32,32,1,-1,-1,-1
358,58,997,383,26,28,1,-1,-1,-1
358,59,1009,351,14,32,1,-1,-1,-1
358,61,701,115,10,11,1,-1,-1,-1
358,62,685,108,10,11,1,-1,-1,-1
358,63,634,119,9,11,1,-1,-1,-1
359,1,608,148,10,13,1,-1,-1,-1
359,2,623,152,10,11,1,-1,-1,-1
359,4,621,169,10,13,1,-1,-1,-1
359,6,659,140,10,13,1,-1,-1,-1
359,7,667,152,13,13,1,-1,-1,-1
359,8,689,169,10,11,1,-1,-1,-1
359,9,693,181,13,15,1,-1,-1,-1
359,11,654,125,10,9,1,-1,-1,-1
359,12,685,158,11,13,1,-1,-1,-1
359,13,677,140,10,13,1,-1,-1,-1
359,14,673,125,10,11,1,-1,-1,-1
359,15,653,117,10,9,1,-1,-1,-1
359,17,667,115,10,9,1,-1,-1,-1
359,18,668,106,10,9,1,-1,-1,-1
359,26,841,162,14,19,1,-1,-1,-1
359,28,671,183,11,11,1,-1,-1,-1
359,29,668,167,10,13,1,-1,-1,-1
359,35,602,160,14,21,1,-1,-1,-1
359,37,617,133,10,11,1,-1,-1,-1
359,42,749,98,13,11,1,-1,-1,-1
359,44,918,316,22,21,1,-1,-1,-1
359,45,957,292,40,38,1,-1,-1,-1
359,46,948,316,31,30,1,-1,-1,-1
359,47,753,127,14,11,1,-1,-1,-1
359,48,719,152,10,13,1,-1,-1,-1
359,49,885,312,23,23,1,-1,-1,-1
359,51,900,336,25,23,1,-1,-1,-1
359,52,822,304,21,20,1,-1,-1,-1
359,53,932,341,27,25,1,-1,-1,-1
359,54,971,352,31,30,1,-1,-1,-1
359,55,956,372,27,28,1,-1,-1,-1
359,56,821,169,23,15,1,-1,-1,-1
359,57,987,406,31,32,1,-1,-1,-1
359,58,997,383,26,28,1,-1,-1,-1
359,59,1009,349,14,32,1,-1,-1,-1
359,61,701,115,10,11,1,-1,-1,-1
359,62,687,106,10,11,1,-1,-1,-1
359,63,634,121,9,11,1,-1,-1,-1
360,1,608,148,10,13,1,-1,-1,-1
360,2,624,152,10,11,1,-1,-1,-1
360,4,621,169,10,13,1,-1,-1,-1
360,6,659,140,10,13,1,-1,-1,-1
360,7,666,152,13,13,1,-1,-1,-1
360,8,689,169,10,11,1,-1,-1,-1
360,9,693,181,13,15,1,-1,-1,-1
360,11,654,125,10,9,1,-1,-1,-1
360,12,685,158,11,13,1,-1,-1,-1
360,13,677,138,10,13,1,-1,-1,-1
360,14,673,125,10,11,1,-1,-1,-1
360,15,654,117,10,9,1,-1,-1,-1
360,17,667,115,10,9,1,-1,-1,-1
360,18,668,106,10,9,1,-1,-1,-1
360,26,842,160,14,19,1,-1,-1,-1
360,28,671,183,11,11,1,-1,-1,-1
360,29,667,167,10,13,1,-1,-1,-1
360,35,602,160,14,21,1,-1,-1,-1
360,37,616,133,10,11,1,-1,-1,-1
360,42,749,98,13,11,1,-1,-1,-1
360,44,918,316,22,21,1,-1,-1,-1
360,45,958,293,40,35,1,-1,-1,-1
360,46,949,316,31,30,1,-1,-1,-1
360,47,753,127,14,11,1,-1,-1,-1
360,48,720,152,10,13,1,-1,-1,-1
360,49,886,314,23,23,1,-1,-1,-1
360,51,899,333,27,25,1,-1,-1,-1
360,52,822,302,22,23,1,-1,-1,-1
360,53,933,341,27,23,1,-1,-1,-1
360,54,973,352,31,30,1,-1,-1,-1
360,55,956,372,27,28,1,-1,-1,-1
360,56,820,167,23,15,1,-1,-1,-1
360,57,987,405,33,34,1,-1,-1,-1
360,58,997,381,26,28,1,-1,-1,-1
360,59,1009,349,14,32,1,-1,-1,-1
360,61,701,117,10,11,1,-1,-1,-1
360,62,685,106,10,11,1,-1,-1,-1
360,63,634,121,9,11,1,-1,-1,-1
361,1,609,146,10,13,1,-1,-1,-1
361,2,624,152,10,11,1,-1,-1,-1
361,4,623,169,10,13,1,-1,-1,-1
361,6,659,140,10,13,1,-1,-1,-1
361,7,667,152,13,13,1,-1,-1,-1
361,8,689,169,10,11,1,-1,-1,-1
361,9,693,179,13,15,1,-1,-1,-1
361,11,654,125,10,9,1,-1,-1,-1
361,12,685,156,11,13,1,-1,-1,-1
361,13,679,138,10,13,1,-1,-1,-1
361,14,673,125,10,11,1,-1,-1,-1
361,15,654,117,10,9,1,-1,-1,-1
361,17,667,115,10,9,1,-1,-1,-1
361,18,670,106,10,9,1,-1,-1,-1
361,26,842,160,14,19,1,-1,-1,-1
361,28,671,183,11,11,1,-1,-1,-1
361,29,667,167,10,13,1,-1,-1,-1
361,35,602,160,14,21,1,-1,-1,-1
361,37,616,131,10,11,1,-1,-1,-1
361,42,748,96,13,11,1,-1,-1,-1
361,44,919,314,22,21,1,-1,-1,-1
361,45,958,291,39,35,1,-1,-1,-1
361,46,949,314,32,32,1,-1,-1,-1
361,47,753,127,14,11,1,-1,-1,-1
361,48,720,152,10,13,1,-1,-1,-1
361,49,885,312,23,23,1,-1,-1,-1
361,51,898,331,28,27,1,-1,-1,-1
361,52,821,300,22,23,1,-1,-1,-1
361,53,935,339,27,25,1,-1,-1,-1
361,54,973,351,32,30,1,-1,-1,-1
361,55,957,372,27,28,1,-1,-1,-1
361,56,820,167,23,15,1,-1,-1,-1
361,57,987,405,32,32,1,-1,-1,-1
361,58,1000,381,23,28,1,-1,-1,-1
361,59,1010,347,13,32,1,-1,-1,-1
361,61,702,117,10,11,1,-1,-1,-1
361,62,687,108,10,11,1,-1,-1,-1
361,63,633,121,9,11,1,-1,-1,-1
362,1,608,146,10,13,1,-1,-1,-1
362,2,623,152,10,11,1,-1,-1,-1
362,4,623,167,10,13,1,-1,-1,-1
362,6,660,140,10,13,1,-1,-1,-1
362,7,667,152,13,13,1,-1,-1,-1
362,8,689,169,10,11,1,-1,-1,-1
362,9,693,179,13,15,1,-1,-1,-1
362,11,654,123,10,9,1,-1,-1,-1
362,12,687,156,11,13,1,-1,-1,-1
362,13,679,138,10,13,1,-1,-1,-1
362,14,675,125,10,11,1,-1,-1,-1
362,15,653,115,10,9,1,-1,-1,-1
362,17,668,115,10,9,1,-1,-1,-1
362,18,670,104,10,9,1,-1,-1,-1
362,26,842,160,14,19,1,-1,-1,-1
362,28,671,183,11,11,1,-1,-1,-1
362,29,668,167,10,13,1,-1,-1,-1
362,35,602,158,14,21,1,-1,-1,-1
362,37,616,131,10,11,1,-1,-1,-1
362,42,748,96,13,11,1,-1,-1,-1
362,44,919,314,22,21,1,-1,-1,-1
362,45,960,291,38,35,1,-1,-1,-1
362,46,949,314,32,32,1,-1,-1,-1
362,47,753,125,14,11,1,-1,-1,-1
362,48,720,152,10,13,1,-1,-1,-1
362,49,886,312,23,23,1,-1,-1,-1
362,51,898,331,27,25,1,-1,-1,-1
362,52,822,300,22,23,1,-1,-1,-1
362,53,935,339,27,25,1,-1,-1,-1
362,54,974,351,31,30,1,-1,-1,-1
362,55,957,370,27,28,1,-1,-1,-1
362,56,817,165,23,15,1,-1,-1,-1
362,57,987,403,33,34,1,-1,-1,-1
362,58,1000,381,23,28,1,-1,-1,-1
362,59,1012,347,11,32,1,-1,-1,-1
362,61,702,117,10,11,1,-1,-1,-1
362,62,687,108,10,11,1,-1,-1,-1
362,63,634,119,9,11,1,-1,-1,-1
363,1,608,146,10,13,1,-1,-1,-1
363,2,624,152,10,11,1,-1,-1,-1
363,4,623,167,10,13,1,-1,-1,-1
363,6,660,140,10,13,1,-1,-1,-1
363,7,667,152,13,13,1,-1,-1,-1
363,8,689,167,10,11,1,-1,-1,-1
363,9,693,179,13,15,1,-1,-1,-1
363,11,654,123,10,9,1,-1,-1,-1
363,12,687,156,11,13,1,-1,-1,-1
363,13,679,138,10,13,1,-1,-1,-1
363,14,675,125,10,11,1,-1,-1,-1
363,15,654,115,10,9,1,-1,-1,-1
363,17,668,115,10,9,1,-1,-1,-1
363,18,670,104,10,9,1,-1,-1,-1
363,26,842,160,14,19,1,-1,-1,-1
363,28,672,181,11,11,1,-1,-1,-1
363,29,668,167,10,13,1,-1,-1,-1
363,35,603,158,14,21,1,-1,-1,-1
363,37,616,131,10,11,1,-1,-1,-1
363,42,748,94,13,11,1,-1,-1,-1
363,44,919,314,22,21,1,-1,-1,-1
363,45,961,291,36,34,1,-1,-1,-1
363,46,949,314,33,32,1,-1,-1,-1
363,47,753,125,14,11,1,-1,-1,-1
363,48,722,152,10,13,1,-1,-1,-1
363,49,886,310,23,23,1,-1,-1,-1
363,51,901,331,27,25,1,-1,-1,-1
363,52,821,298,22,23,1,-1,-1,-1
363,53,935,337,27,25,1,-1,-1,-1
363,54,974,349,32,30,1,-1,-1,-1
363,55,957,370,26,27,1,-1,-1,-1
363,56,817,163,23,15,1,-1,-1,-1
363,57,987,403,35,34,1,-1,-1,-1
363,58,1000,381,23,28,1,-1,-1,-1
363,59,1010,347,13,32,1,-1,-1,-1
363,61,702,117,10,11,1,-1,-1,-1
363,62,687,108,10,11,1,-1,-1,-1
363,63,634,121,9,11,1,-1,-1,-1
364,1,609,146,10,13,1,-1,-1,-1
364,2,624,150,10,11,1,-1,-1,-1
364,4,623,167,10,13,1,-1,-1,-1
364,6,660,138,10,13,1,-1,-1,-1
364,7,667,150,13,13,1,-1,-1,-1
364,8,689,167,10,11,1,-1,-1,-1
364,9,693,179,13,15,1,-1,-1,-1
364,11,654,123,10,9,1,-1,-1,-1
364,12,687,156,11,13,1,-1,-1,-1
364,13,679,138,10,13,1,-1,-1,-1
364,14,675,123,10,11,1,-1,-1,-1
364,15,654,115,10,9,1,-1,-1,-1
364,17,668,115,10,9,1,-1,-1,-1
364,18,671,104,10,9,1,-1,-1,-1
364,26,842,158,14,19,1,-1,-1,-1
364,28,672,181,11,11,1,-1,-1,-1
364,29,668,165,10,13,1,-1,-1,-1
364,35,603,156,14,21,1,-1,-1,-1
364,37,617,131,10,11,1,-1,-1,-1
364,42,747,94,13,11,1,-1,-1,-1
364,44,919,312,22,21,1,-1,-1,-1
364,45,962,289,36,34,1,-1,-1,-1
364,46,949,312,33,32,1,-1,-1,-1
364,47,753,123,14,11,1,-1,-1,-1
364,48,723,152,10,13,1,-1,-1,-1
364,49,888,310,23,23,1,-1,-1,-1
364,51,901,331,27,25,1,-1,-1,-1
364,52,822,298,22,23,1,-1,-1,-1
364,53,936,337,27,25,1,-1,-1,-1
364,54,974,349,32,30,1,-1,-1,-1
364,55,957,368,27,28,1,-1,-1,-1
364,56,817,163,23,15,1,-1,-1,-1
364,57,987,401,36,36,1,-1,-1,-1
364,58,1000,379,23,28,1,-1,-1,-1
364,59,1012,345,11,32,1,-1,-1,-1
364,61,704,117,10,11,1,-1,-1,-1
364,62,688,108,10,11,1,-1,-1,-1
364,63,633,119,9,11,1,-1,-1,-1
365,1,609,144,10,13,1,-1,-1,-1
365,2,624,150,10,11,1,-1,-1,-1
365,4,623,167,10,13,1,-1,-1,-1
365,6,660,138,10,13,1,-1,-1,-1
365,7,667,150,13,13,1,-1,-1,-1
365,8,689,167,10,11,1,-1,-1,-1
365,9,693,177,13,15,1,-1,-1,-1
365,11,654,123,10,9,1,-1,-1,-1
365,12,687,154,11,13,1,-1,-1,-1
365,13,679,136,10,13,1,-1,-1,-1
365,14,675,123,10,11,1,-1,-1,-1
365,15,654,115,10,9,1,-1,-1,-1
365,17,667,113,10,9,1,-1,-1,-1
365,18,670,104,10,9,1,-1,-1,-1
365,26,842,158,14,19,1,-1,-1,-1
365,28,672,179,11,11,1,-1,-1,-1
365,29,668,165,10,13,1,-1,-1,-1
365,35,603,158,14,21,1,-1,-1,-1
365,37,617,131,10,11,1,-1,-1,-1
365,42,748,92,13,11,1,-1,-1,-1
365,44,919,312,22,21,1,-1,-1,-1
365,45,962,289,36,34,1,-1,-1,-1
365,46,950,312,33,32,1,-1,-1,-1
365,47,752,123,14,11,1,-1,-1,-1
365,48,722,152,10,13,1,-1,-1,-1
365,49,886,310,23,23,1,-1,-1,-1
365,51,901,329,27,25,1,-1,-1,-1
365,52,822,297,22,23,1,-1,-1,-1
365,53,936,337,27,25,1,-1,-1,-1
365,54,974,349,31,30,1,-1,-1,-1
365,55,958,368,27,28,1,-1,-1,-1
365,56,816,160,23,15,1,-1,-1,-1
365,57,988,401,35,36,1,-1,-1,-1
365,58,1001,379,22,28,1,-1,-1,-1
365,59,1012,345,11,32,1,-1,-1,-1
365,61,702,117,10,11,1,-1,-1,-1
365,62,688,108,10,11,1,-1,-1,-1
365,63,634,119,9,11,1,-1,-1,-1
366,1,608,144,10,13,1,-1,-1,-1
366,2,624,150,10,11,1,-1,-1,-1
366,4,623,165,10,13,1,-1,-1,-1
366,6,660,138,10,13,1,-1,-1,-1
366,7,667,150,13,13,1,-1,-1,-1
366,8,689,165,10,11,1,-1,-1,-1
366,9,693,177,13,15,1,-1,-1,-1
366,11,654,121,10,9,1,-1,-1,-1
366,12,687,154,11,13,1,-1,-1,-1
366,13,679,136,10,13,1,-1,-1,-1
366,14,673,123,10,11,1,-1,-1,-1
366,15,654,113,10,9,1,-1,-1,-1
366,17,668,113,10,9,1,-1,-1,-1
366,18,670,104,10,9,1,-1,-1,-1
366,26,842,158,14,19,1,-1,-1,-1
366,28,672,179,11,11,1,-1,-1,-1
366,29,668,165,10,13,1,-1,-1,-1
366,35,603,156,14,21,1,-1,-1,-1
366,37,617,131,10,11,1,-1,-1,-1
366,42,747,92,13,11,1,-1,-1,-1
366,44,919,312,22,21,1,-1,-1,-1
366,45,963,289,36,32,1,-1,-1,-1
366,46,950,312,33,32,1,-1,-1,-1
366,47,751,121,14,11,1,-1,-1,-1
366,48,723,152,10,13,1,-1,-1,-1
366,49,889,310,23,23,1,-1,-1,-1
366,51,902,329,27,25,1,-1,-1,-1
366,52,824,298,22,23,1,-1,-1,-1
366,53,936,337,27,25,1,-1,-1,-1
366,54,974,347,32,30,1,-1,-1,-1
366,55,958,368,27,28,1,-1,-1,-1
366,56,815,160,23,15,1,-1,-1,-1
366,57,990,401,33,34,1,-1,-1,-1
366,58,1001,379,22,28,1,-1,-1,-1
366,59,1013,345,10,32,1,-1,-1,-1
366,61,705,117,10,11,1,-1,-1,-1
366,62,688,108,10,11,1,-1,-1,-1
366,63,633,119,9,11,1,-1,-1,-1
367,1,608,144,10,13,1,-1,-1,-1
367,2,624,150,10,11,1,-1,-1,-1
367,4,623,165,10,13,1,-1,-1,-1
367,6,660,138,10,13,1,-1,-1,-1
367,7,667,150,13,13,1,-1,-1,-1
367,8,690,165,10,11,1,-1,-1,-1
367,9,693,177,13,15,1,-1,-1,-1
367,11,654,121,10,9,1,-1,-1,-1
367,12,687,154,11,13,1,-1,-1,-1
367,13,679,136,10,13,1,-1,-1,-1
367,14,675,123,10,11,1,-1,-1,-1
367,15,654,113,10,9,1,-1,-1,-1
367,17,668,113,10,9,1,-1,-1,-1
367,18,670,104,10,9,1,-1,-1,-1
367,26,842,156,14,19,1,-1,-1,-1
367,28,672,179,11,11,1,-1,-1,-1
367,29,668,165,10,13,1,-1,-1,-1
367,35,602,156,14,21,1,-1,-1,-1
367,37,617,129,10,11,1,-1,-1,-1
367,42,745,90,13,11,1,-1,-1,-1
367,44,920,312,22,21,1,-1,-1,-1
367,45,962,289,36,34,1,-1,-1,-1
367,46,952,312,33,32,1,-1,-1,-1
367,47,751,121,14,11,1,-1,-1,-1
367,48,723,152,10,13,1,-1,-1,-1
367,49,889,310,23,23,1,-1,-1,-1
367,51,902,329,27,25,1,-1,-1,-1
367,52,824,295,22,23,1,-1,-1,-1
367,53,936,337,27,25,1,-1,-1,-1
367,54,975,347,31,28,1,-1,-1,-1
367,55,958,366,27,28,1,-1,-1,-1
367,56,813,158,23,15,1,-1,-1,-1
367,57,991,401,32,34,1,-1,-1,-1
367,58,1001,378,22,28,1,-1,-1,-1
367,59,1013,343,10,32,1,-1,-1,-1
367,61,704,117,10,11,1,-1,-1,-1
367,62,688,108,10,11,1,-1,-1,-1
367,63,634,119,9,11,1,-1,-1,-1
368,1,608,144,10,13,1,-1,-1,-1
368,2,624,150,10,11,1,-1,-1,-1
368,4,623,165,10,13,1,-1,-1,-1
368,6,660,138,10,13,1,-1,-1,-1
368,7,667,148,13,13,1,-1,-1,-1
368,8,689,165,10,11,1,-1,-1,-1
368,9,693,175,13,15,1,-1,-1,-1
368,11,654,121,10,9,1,-1,-1,-1
368,12,688,154,11,13,1,-1,-1,-1
368,13,680,136,10,13,1,-1,-1,-1
368,14,675,123,10,11,1,-1,-1,-1
368,15,654,113,10,9,1,-1,-1,-1
368,17,668,113,10,9,1,-1,-1,-1
368,18,670,102,10,9,1,-1,-1,-1
368,26,842,156,14,19,1,-1,-1,-1
368,28,672,179,11,11,1,-1,-1,-1
368,29,668,163,10,13,1,-1,-1,-1
368,35,602,156,14,21,1,-1,-1,-1
368,37,617,129,10,11,1,-1,-1,-1
368,42,745,90,13,11,1,-1,-1,-1
368,44,920,310,22,21,1,-1,-1,-1
368,45,962,287,36,34,1,-1,-1,-1
368,46,952,312,33,32,1,-1,-1,-1
368,47,751,121,14,11,1,-1,-1,-1
368,48,723,152,10,13,1,-1,-1,-1
368,49,889,308,23,23,1,-1,-1,-1
368,51,902,329,27,25,1,-1,-1,-1
368,52,824,295,22,23,1,-1,-1,-1
368,53,937,335,27,25,1,-1,-1,-1
368,54,975,347,31,30,1,-1,-1,-1
368,55,960,366,27,28,1,-1,-1,-1
368,56,813,156,23,15,1,-1,-1,-1
368,57,990,399,33,34,1,-1,-1,-1
368,58,1003,376,20,28,1,-1,-1,-1
368,59,1013,343,10,32,1,-1,-1,-1
368,61,705,115,10,11,1,-1,-1,-1
368,62,688,109,10,11,1,-1,-1,-1
368,63,633,119,9,11,1,-1,-1,-1
369,1,608,142,10,13,1,-1,-1,-1
369,2,624,148,10,11,1,-1,-1,-1
369,4,623,165,10,13,1,-1,-1,-1
369,6,659,136,10,13,1,-1,-1,-1
369,7,667,148,13,13,1,-1,-1,-1
369,8,690,165,10,11,1,-1,-1,-1
369,9,693,177,13,15,1,-1,-1,-1
369,11,654,121,10,9,1,-1,-1,-1
369,12,688,152,11,13,1,-1,-1,-1
369,13,679,136,10,13,1,-1,-1,-1
369,14,675,121,10,11,1,-1,-1,-1
369,15,654,113,10,9,1,-1,-1,-1
369,17,668,113,10,9,1,-1,-1,-1
369,18,670,104,10,9,1,-1,-1,-1
369,26,842,156,14,19,1,-1,-1,-1
369,28,672,179,11,11,1,-1,-1,-1
369,29,668,163,10,13,1,-1,-1,-1
369,35,602,154,14,21,1,-1,-1,-1
369,37,617,129,10,11,1,-1,-1,-1
369,42,744,88,13,11,1,-1,-1,-1
369,44,920,310,22,21,1,-1,-1,-1
369,45,963,287,36,34,1,-1,-1,-1
369,46,952,310,33,32,1,-1,-1,-1
369,47,751,119,14,11,1,-1,-1,-1
369,48,723,152,10,13,1,-1,-1,-1
369,49,889,308,23,23,1,-1,-1,-1
369,51,902,327,27,25,1,-1,-1,-1
369,52,822,292,21,23,1,-1,-1,-1
369,53,937,335,27,25,1,-1,-1,-1
369,54,976,347,31,30,1,-1,-1,-1
369,55,961,366,27,28,1,-1,-1,-1
369,56,812,156,23,15,1,-1,-1,-1
369,57,992,399,31,34,1,-1,-1,-1
369,58,1004,376,19,28,1,-1,-1,-1
369,59,1012,341,11,32,1,-1,-1,-1
369,61,705,115,10,11,1,-1,-1,-1
369,62,689,109,10,11,1,-1,-1,-1
369,63,633,119,9,11,1,-1,-1,-1
370,1,608,142,10,13,1,-1,-1,-1
370,2,624,148,10,11,1,-1,-1,-1
370,4,623,165,10,13,1,-1,-1,-1
370,6,660,136,10,13,1,-1,-1,-1
370,7,667,148,13,13,1,-1,-1,-1
370,8,689,165,10,11,1,-1,-1,-1
370,9,693,175,13,15,1,-1,-1,-1
370,11,654,119,10,9,1,-1,-1,-1
370,12,688,152,11,13,1,-1,-1,-1
370,13,680,135,10,13,1,-1,-1,-1
370,14,675,121,10,11,1,-1,-1,-1
370,15,654,111,10,9,1,-1,-1,-1
370,17,668,113,10,9,1,-1,-1,-1
370,18,671,102,10,9,1,-1,-1,-1
370,26,842,156,14,19,1,-1,-1,-1
370,28,672,179,11,11,1,-1,-1,-1
370,29,670,163,10,13,1,-1,-1,-1
370,35,602,154,14,21,1,-1,-1,-1
370,37,617,129,10,11,1,-1,-1,-1
370,42,744,88,13,11,1,-1,-1,-1
370,44,922,310,22,21,1,-1,-1,-1
370,45,963,287,37,34,1,-1,-1,-1
370,46,952,310,33,32,1,-1,-1,-1
370,47,751,119,14,11,1,-1,-1,-1
370,48,723,152,10,13,1,-1,-1,-1
370,49,889,308,23,23,1,-1,-1,-1
370,51,902,327,27,25,1,-1,-1,-1
370,52,825,295,22,23,1,-1,-1,-1
370,53,937,335,27,25,1,-1,-1,-1
370,54,976,345,32,30,1,-1,-1,-1
370,55,960,366,27,28,1,-1,-1,-1
370,56,812,154,23,15,1,-1,-1,-1
370,57,992,399,31,34,1,-1,-1,-1
370,58,1003,376,20,28,1,-1,-1,-1
370,59,1012,339,11,32,1,-1,-1,-1
370,61,705,117,10,11,1,-1,-1,-1
370,62,689,109,10,11,1,-1,-1,-1
370,63,633,119,9,11,1,-1,-1,-1
371,1,608,142,10,13,1,-1,-1,-1
371,2,624,148,10,11,1,-1,-1,-1
371,4,623,163,10,13,1,-1,-1,-1
371,6,660,136,10,13,1,-1,-1,-1
371,7,667,148,13,13,1,-1,-1,-1
371,8,690,163,10,11,1,-1,-1,-1
371,9,693,175,13,15,1,-1,-1,-1
371,11,654,119,10,9,1,-1,-1,-1
371,12,688,152,11,13,1,-1,-1,-1
371,13,680,136,10,13,1,-1,-1,-1
371,14,675,121,10,11,1,-1,-1,-1
371,15,654,111,10,9,1,-1,-1,-1
371,17,670,111,10,9,1,-1,-1,-1
371,18,671,102,10,9,1,-1,-1,-1
371,26,842,156,14,19,1,-1,-1,-1
371,28,672,177,11,11,1,-1,-1,-1
371,29,668,162,10,13,1,-1,-1,-1
371,35,603,154,14,21,1,-1,-1,-1
371,37,617,129,10,11,1,-1,-1,-1
371,42,744,86,13,11,1,-1,-1,-1
371,44,922,308,22,21,1,-1,-1,-1
371,45,963,285,37,34,1,-1,-1,-1
371,46,953,308,35,34,1,-1,-1,-1
371,47,751,117,14,11,1,-1,-1,-1
371,48,724,152,10,13,1,-1,-1,-1
371,49,889,306,23,23,1,-1,-1,-1
371,51,902,325,27,25,1,-1,-1,-1
371,53,937,333,27,25,1,-1,-1,-1
371,54,978,345,31,30,1,-1,-1,-1
371,55,962,366,27,28,1,-1,-1,-1
371,56,811,154,23,15,1,-1,-1,-1
371,57,992,397,31,34,1,-1,-1,-1
371,58,1004,376,19,28,1,-1,-1,-1
371,61,706,117,10,11,1,-1,-1,-1
371,62,689,109,10,11,1,-1,-1,-1
371,63,633,119,9,11,1,-1,-1,-1
372,1,609,142,10,13,1,-1,-1,-1
372,2,624,148,10,11,1,-1,-1,-1
372,4,624,163,10,13,1,-1,-1,-1
372,6,660,136,10,13,1,-1,-1,-1
372,7,667,146,13,13,1,-1,-1,-1
372,8,690,163,10,11,1,-1,-1,-1
372,9,694,173,13,15,1,-1,-1,-1
372,11,654,119,10,9,1,-1,-1,-1
372,12,687,152,11,13,1,-1,-1,-1
372,13,680,133,10,13,1,-1,-1,-1
372,14,675,121,10,11,1,-1,-1,-1
372,15,654,111,10,9,1,-1,-1,-1
372,17,668,111,10,9,1,-1,-1,-1
372,18,670,102,10,9,1,-1,-1,-1
372,26,842,154,14,19,1,-1,-1,-1
372,28,672,177,11,11,1,-1,-1,-1
372,29,670,163,10,13,1,-1,-1,-1
372,35,603,154,14,21,1,-1,-1,-1
372,37,617,127,10,11,1,-1,-1,-1
372,42,744,86,13,11,1,-1,-1,-1
372,44,922,308,22,21,1,-1,-1,-1
372,45,965,285,36,34,1,-1,-1,-1
372,46,952,308,35,34,1,-1,-1,-1
372,47,751,115,14,11,1,-1,-1,-1
372,48,724,152,10,13,1,-1,-1,-1
372,49,890,306,23,23,1,-1,-1,-1
372,51,902,325,27,25,1,-1,-1,-1
372,53,939,333,27,25,1,-1,-1,-1
372,54,978,345,28,26,1,-1,-1,-1
372,55,962,364,27,28,1,-1,-1,-1
372,56,809,152,23,15,1,-1,-1,-1
372,57,992,397,31,34,1,-1,-1,-1
372,58,1004,374,19,28,1,-1,-1,-1
372,61,706,117,10,11,1,-1,-1,-1
372,62,689,109,10,11,1,-1,-1,-1
372,63,634,119,9,11,1,-1,-1,-1
373,1,609,140,10,13,1,-1,-1,-1
373,2,624,146,10,11,1,-1,-1,-1
373,4,623,163,10,13,1,-1,-1,-1
373,6,660,136,10,13,1,-1,-1,-1
373,7,667,146,13,13,1,-1,-1,-1
373,8,690,163,10,11,1,-1,-1,-1
373,9,693,173,13,15,1,-1,-1,-1
373,11,654,119,10,9,1,-1,-1,-1
373,12,688,152,11,13,1,-1,-1,-1
373,13,680,135,10,13,1,-1,-1,-1
373,14,675,121,10,11,1,-1,-1,-1
373,15,654,111,10,9,1,-1,-1,-1
373,17,670,111,10,9,1,-1,-1,-1
373,18,670,100,10,9,1,-1,-1,-1
373,26,843,154,14,19,1,-1,-1,-1
373,28,672,177,11,11,1,-1,-1,-1
373,29,670,162,10,13,1,-1,-1,-1
373,35,603,152,14,21,1,-1,-1,-1
373,37,617,127,10,11,1,-1,-1,-1
373,42,743,84,13,11,1,-1,-1,-1
373,44,923,306,22,21,1,-1,-1,-1
373,45,966,285,36,34,1,-1,-1,-1
373,46,953,306,35,34,1,-1,-1,-1
373,47,751,115,14,11,1,-1,-1,-1
373,48,724,152,10,13,1,-1,-1,-1
373,49,890,306,23,23,1,-1,-1,-1
373,51,903,325,27,25,1,-1,-1,-1
373,53,940,333,27,25,1,-1,-1,-1
373,54,978,343,28,27,1,-1,-1,-1
373,55,962,364,27,28,1,-1,-1,-1
373,56,809,150,23,15,1,-1,-1,-1
373,57,992,401,31,30,1,-1,-1,-1
373,58,1004,374,19,28,1,-1,-1,-1
373,61,706,117,10,11,1,-1,-1,-1
373,62,689,109,10,11,1,-1,-1,-1
373,63,633,119,9,11,1,-1,-1,-1
374,1,609,140,10,13,1,-1,-1,-1
374,2,624,148,10,11,1,-1,-1,-1
374,4,623,163,10,13,1,-1,-1,-1
374,6,662,135,10,13,1,-1,-1,-1
374,7,667,146,13,13,1,-1,-1,-1
374,8,690,162,10,11,1,-1,-1,-1
374,9,694,173,13,15,1,-1,-1,-1
374,11,654,119,10,9,1,-1,-1,-1
374,12,689,150,11,13,1,-1,-1,-1
374,13,680,133,10,13,1,-1,-1,-1
374,14,675,119,10,11,1,-1,-1,-1
374,15,654,111,10,9,1,-1,-1,-1
374,17,668,111,10,9,1,-1,-1,-1
374,18,671,100,10,9,1,-1,-1,-1
374,26,843,154,14,19,1,-1,-1,-1
374,28,672,175,11,11,1,-1,-1,-1
374,29,668,160,10,13,1,-1,-1,-1
374,35,603,152,14,21,1,-1,-1,-1
374,37,616,127,10,11,1,-1,-1,-1
374,42,743,84,13,11,1,-1,-1,-1
374,44,923,308,22,21,1,-1,-1,-1
374,45,966,283,36,32,1,-1,-1,-1
374,46,953,306,33,32,1,-1,-1,-1
374,47,751,115,14,11,1,-1,-1,-1
374,48,726,152,10,13,1,-1,-1,-1
374,49,890,304,23,23,1,-1,-1,-1
374,51,903,324,27,25,1,-1,-1,-1
374,53,940,331,27,25,1,-1,-1,-1
374,54,979,343,27,25,1,-1,-1,-1
374,55,962,362,27,28,1,-1,-1,-1
374,56,808,150,23,15,1,-1,-1,-1
374,57,993,395,30,34,1,-1,-1,-1
374,58,1005,374,18,28,1,-1,-1,-1
374,61,706,117,10,11,1,-1,-1,-1
374,62,689,109,10,11,1,-1,-1,-1
374,63,633,119,9,11,1,-1,-1,-1
375,1,609,140,10,13,1,-1,-1,-1
375,2,624,146,10,11,1,-1,-1,-1
375,4,624,162,10,13,1,-1,-1,-1
375,6,662,133,10,13,1,-1,-1,-1
375,7,667,146,13,13,1,-1,-1,-1
375,8,690,162,10,11,1,-1,-1,-1
375,9,694,173,13,15,1,-1,-1,-1
375,11,654,117,10,9,1,-1,-1,-1
375,12,688,150,11,13,1,-1,-1,-1
375,13,680,133,10,13,1,-1,-1,-1
375,14,676,119,10,11,1,-1,-1,-1
375,15,654,111,10,9,1,-1,-1,-1
375,17,670,109,10,9,1,-1,-1,-1
375,18,671,100,10,9,1,-1,-1,-1
375,26,843,154,14,19,1,-1,-1,-1
375,28,672,175,11,11,1,-1,-1,-1
375,29,670,160,10,13,1,-1,-1,-1
375,35,603,152,14,21,1,-1,-1,-1
375,37,616,127,10,11,1,-1,-1,-1
375,42,743,82,13,11,1,-1,-1,-1
375,44,923,306,22,21,1,-1,-1,-1
375,45,966,283,36,34,1,-1,-1,-1
375,46,953,306,35,34,1,-1,-1,-1
375,47,749,113,14,11,1,-1,-1,-1
375,48,726,152,10,13,1,-1,-1,-1
375,49,893,304,23,23,1,-1,-1,-1
375,51,905,322,27,25,1,-1,-1,-1
375,53,940,331,27,25,1,-1,-1,-1
375,54,979,343,28,27,1,-1,-1,-1
375,55,962,362,27,28,1,-1,-1,-1
375,56,808,148,23,15,1,-1,-1,-1
375,57,993,393,30,36,1,-1,-1,-1
375,58,1005,372,18,28,1,-1,-1,-1
375,61,706,117,10,11,1,-1,-1,-1
375,62,689,109,10,11,1,-1,-1,-1
375,63,633,119,9,11,1,-1,-1,-1
376,1,609,138,10,13,1,-1,-1,-1
376,2,624,146,10,11,1,-1,-1,-1
376,4,624,162,10,13,1,-1,-1,-1
376,6,662,133,10,13,1,-1,-1,-1
376,7,667,144,13,13,1,-1,-1,-1
376,8,692,162,10,11,1,-1,-1,-1
376,9,694,171,13,15,1,-1,-1,-1
376,11,654,117,10,9,1,-1,-1,-1
376,12,688,150,11,13,1,-1,-1,-1
376,13,680,133,10,13,1,-1,-1,-1
376,14,676,119,10,11,1,-1,-1,-1
376,15,654,109,10,9,1,-1,-1,-1
376,17,670,109,10,9,1,-1,-1,-1
376,18,671,100,10,9,1,-1,-1,-1
376,26,843,152,14,19,1,-1,-1,-1
376,28,673,175,11,11,1,-1,-1,-1
376,29,671,160,10,13,1,-1,-1,-1
376,35,603,152,14,21,1,-1,-1,-1
376,37,617,125,10,11,1,-1,-1,-1
376,42,741,82,13,11,1,-1,-1,-1
376,44,923,306,22,21,1,-1,-1,-1
376,45,966,283,37,34,1,-1,-1,-1
376,46,954,306,35,34,1,-1,-1,-1
376,47,749,113,14,11,1,-1,-1,-1
376,48,727,152,10,13,1,-1,-1,-1
376,49,892,304,23,23,1,-1,-1,-1
376,51,905,324,27,25,1,-1,-1,-1
376,53,940,331,26,23,1,-1,-1,-1
376,54,980,343,27,25,1,-1,-1,-1
376,55,962,362,27,28,1,-1,-1,-1
376,56,807,146,23,15,1,-1,-1,-1
376,57,995,395,28,36,1,-1,-1,-1
376,61,706,117,10,11,1,-1,-1,-1
376,62,690,109,10,11,1,-1,-1,-1
376,63,633,119,9,11,1,-1,-1,-1
377,1,609,140,10,13,1,-1,-1,-1
377,2,625,146,10,11,1,-1,-1,-1
377,4,624,160,10,13,1,-1,-1,-1
377,6,662,133,10,13,1,-1,-1,-1
377,7,667,144,13,13,1,-1,-1,-1
377,8,690,160,10,11,1,-1,-1,-1
377,9,694,171,13,15,1,-1,-1,-1
377,11,654,117,10,9,1,-1,-1,-1
377,12,688,148,11,13,1,-1,-1,-1
377,13,680,133,10,13,1,-1,-1,-1
377,14,676,119,10,11,1,-1,-1,-1
377,15,654,109,10,9,1,-1,-1,-1
377,17,670,109,10,9,1,-1,-1,-1
377,18,671,100,10,9,1,-1,-1,-1
377,26,843,152,14,19,1,-1,-1,-1
377,28,673,173,11,11,1,-1,-1,-1
377,29,670,160,10,13,1,-1,-1,-1
377,35,603,150,14,21,1,-1,-1,-1
377,37,617,125,10,11,1,-1,-1,-1
377,42,741,81,13,11,1,-1,-1,-1
377,44,924,304,22,21,1,-1,-1,-1
377,45,966,281,36,34,1,-1,-1,-1
377,46,954,304,33,32,1,-1,-1,-1
377,47,749,113,14,11,1,-1,-1,-1
377,48,727,152,10,13,1,-1,-1,-1
377,49,893,302,23,23,1,-1,-1,-1
377,51,906,322,27,25,1,-1,-1,-1
377,53,940,329,26,25,1,-1,-1,-1
377,54,980,343,28,27,1,-1,-1,-1
377,55,963,360,27,28,1,-1,-1,-1
377,56,805,144,23,15,1,-1,-1,-1
377,57,996,393,27,36,1,-1,-1,-1
377,61,707,117,10,11,1,-1,-1,-1
377,62,690,109,10,11,1,-1,-1,-1
377,63,633,119,9,11,1,-1,-1,-1
377,64,780,178,15,12,1,-1,-1,-1
378,1,609,138,10,13,1,-1,-1,-1
378,2,624,144,10,11,1,-1,-1,-1
378,4,624,160,10,13,1,-1,-1,-1
378,6,662,133,10,13,1,-1,-1,-1
378,7,667,144,13,13,1,-1,-1,-1
378,8,692,160,10,11,1,-1,-1,-1
378,9,694,171,13,15,1,-1,-1,-1
378,11,654,117,10,9,1,-1,-1,-1
378,12,688,148,11,13,1,-1,-1,-1
378,13,680,131,10,13,1,-1,-1,-1
378,14,676,119,10,11,1,-1,-1,-1
378,15,654,109,10,9,1,-1,-1,-1
378,17,670,109,10,9,1,-1,-1,-1
378,18,671,100,10,9,1,-1,-1,-1
378,26,843,152,14,19,1,-1,-1,-1
378,28,673,173,11,11,1,-1,-1,-1
378,29,670,158,10,13,1,-1,-1,-1
378,35,603,150,14,21,1,-1,-1,-1
378,37,617,125,10,11,1,-1,-1,-1
378,42,740,79,13,11,1,-1,-1,-1
378,44,924,304,22,21,1,-1,-1,-1
378,45,967,281,36,34,1,-1,-1,-1
378,46,957,304,33,32,1,-1,-1,-1
378,47,748,111,14,11,1,-1,-1,-1
378,48,727,152,10,13,1,-1,-1,-1
378,49,893,302,23,23,1,-1,-1,-1
378,51,906,322,27,25,1,-1,-1,-1
378,53,941,329,27,25,1,-1,-1,-1
378,54,982,341,27,25,1,-1,-1,-1
378,55,963,360,27,28,1,-1,-1,-1
378,56,805,144,23,15,1,-1,-1,-1
378,57,996,393,27,34,1,-1,-1,-1
378,61,707,117,10,11,1,-1,-1,-1
378,62,690,111,10,11,1,-1,-1,-1
378,63,633,119,9,11,1,-1,-1,-1
378,64,779,177,14,11,1,-1,-1,-1
379,1,609,138,10,13,1,-1,-1,-1
379,2,624,144,10,11,1,-1,-1,-1
379,4,624,160,10,13,1,-1,-1,-1
379,6,660,131,10,13,1,-1,-1,-1
379,7,668,142,13,13,1,-1,-1,-1
379,8,690,160,10,11,1,-1,-1,-1
379,9,694,169,13,15,1,-1,-1,-1
379,11,654,115,10,9,1,-1,-1,-1
379,12,688,148,11,13,1,-1,-1,-1
379,13,680,131,10,13,1,-1,-1,-1
379,14,676,117,10,11,1,-1,-1,-1
379,15,654,108,10,9,1,-1,-1,-1
379,17,670,109,10,9,1,-1,-1,-1
379,18,671,100,10,9,1,-1,-1,-1
379,26,845,152,14,19,1,-1,-1,-1
379,28,672,173,11,11,1,-1,-1,-1
379,29,670,158,10,13,1,-1,-1,-1
379,35,603,150,14,21,1,-1,-1,-1
379,37,617,123,10,11,1,-1,-1,-1
379,42,740,79,13,11,1,-1,-1,-1
379,44,924,304,22,21,1,-1,-1,-1
379,45,967,281,36,34,1,-1,-1,-1
379,46,957,304,32,32,1,-1,-1,-1
379,47,748,111,14,11,1,-1,-1,-1
379,48,727,152,10,13,1,-1,-1,-1
379,49,893,302,23,23,1,-1,-1,-1
379,51,906,320,27,25,1,-1,-1,-1
379,53,943,329,26,23,1,-1,-1,-1
379,54,982,339,28,27,1,-1,-1,-1
379,55,965,358,26,27,1,-1,-1,-1
379,56,804,142,23,15,1,-1,-1,-1
379,57,996,393,27,34,1,-1,-1,-1
379,61,709,117,10,11,1,-1,-1,-1
379,62,692,111,10,11,1,-1,-1,-1
379,63,633,117,9,11,1,-1,-1,-1
379,64,778,175,14,11,1,-1,-1,-1
380,1,611,138,10,13,1,-1,-1,-1
380,2,625,144,10,11,1,-1,-1,-1
380,4,624,160,10,13,1,-1,-1,-1
380,6,662,131,10,13,1,-1,-1,-1
380,7,667,144,13,13,1,-1,-1,-1
380,8,692,158,10,11,1,-1,-1,-1
380,9,694,169,13,15,1,-1,-1,-1
380,11,654,115,10,9,1,-1,-1,-1
380,12,689,148,11,13,1,-1,-1,-1
380,13,680,131,10,13,1,-1,-1,-1
380,14,676,117,10,11,1,-1,-1,-1
380,15,654,108,10,9,1,-1,-1,-1
380,17,670,109,10,9,1,-1,-1,-1
380,18,671,98,10,9,1,-1,-1,-1
380,26,845,150,14,19,1,-1,-1,-1
380,28,673,173,11,11,1,-1,-1,-1
380,29,670,158,10,13,1,-1,-1,-1
380,35,603,148,14,21,1,-1,-1,-1
380,37,617,123,10,11,1,-1,-1,-1
380,42,740,77,13,11,1,-1,-1,-1
380,44,926,302,22,21,1,-1,-1,-1
380,45,963,277,36,34,1,-1,-1,-1
380,46,957,304,32,32,1,-1,-1,-1
380,47,748,109,14,11,1,-1,-1,-1
380,48,727,152,10,13,1,-1,-1,-1
380,49,893,300,23,23,1,-1,-1,-1
380,51,906,322,27,25,1,-1,-1,-1
380,53,943,327,24,23,1,-1,-1,-1
380,54,982,339,28,27,1,-1,-1,-1
380,55,965,358,27,28,1,-1,-1,-1
380,56,807,143,19,14,1,-1,-1,-1
380,57,996,391,27,36,1,-1,-1,-1
380,61,707,117,10,11,1,-1,-1,-1
380,62,692,111,10,11,1,-1,-1,-1
380,63,633,119,9,11,1,-1,-1,-1
380,64,778,173,14,11,1,-1,-1,-1
381,1,609,136,10,13,1,-1,-1,-1
381,2,624,144,10,11,1,-1,-1,-1
381,4,624,158,10,13,1,-1,-1,-1
381,6,662,131,10,13,1,-1,-1,-1
381,7,668,142,13,13,1,-1,-1,-1
381,8,692,158,10,11,1,-1,-1,-1
381,9,696,169,13,15,1,-1,-1,-1
381,11,654,115,10,9,1,-1,-1,-1
381,12,689,146,11,13,1,-1,-1,-1
381,13,681,131,10,13,1,-1,-1,-1
381,14,676,117,10,11,1,-1,-1,-1
381,15,654,106,10,9,1,-1,-1,-1
381,17,671,108,10,9,1,-1,-1,-1
381,18,671,98,10,9,1,-1,-1,-1
381,26,845,150,14,19,1,-1,-1,-1
381,28,673,171,11,11,1,-1,-1,-1
381,29,671,158,10,13,1,-1,-1,-1
381,35,603,148,14,21,1,-1,-1,-1
381,37,617,123,10,11,1,-1,-1,-1
381,42,740,77,13,11,1,-1,-1,-1
381,44,926,302,22,21,1,-1,-1,-1
381,45,965,276,36,34,1,-1,-1,-1
381,46,954,299,35,34,1,-1,-1,-1
381,47,748,109,14,11,1,-1,-1,-1
381,48,727,152,10,13,1,-1,-1,-1
381,49,893,300,23,23,1,-1,-1,-1
381,51,906,320,27,25,1,-1,-1,-1
381,53,943,327,26,25,1,-1,-1,-1
381,54,982,339,28,27,1,-1,-1,-1
381,55,966,358,27,28,1,-1,-1,-1
381,56,805,142,19,13,1,-1,-1,-1
381,57,997,391,26,36,1,-1,-1,-1
381,61,710,115,10,11,1,-1,-1,-1
381,62,692,109,10,11,1,-1,-1,-1
381,63,633,117,9,11,1,-1,-1,-1
381,64,778,173,14,11,1,-1,-1,-1
382,1,609,136,10,13,1,-1,-1,-1
382,2,625,144,10,11,1,-1,-1,-1
382,4,624,158,10,13,1,-1,-1,-1
382,6,662,131,10,13,1,-1,-1,-1
382,7,667,142,13,13,1,-1,-1,-1
382,8,692,156,10,11,1,-1,-1,-1
382,9,694,167,13,15,1,-1,-1,-1
382,11,655,115,10,9,1,-1,-1,-1
382,12,689,146,11,13,1,-1,-1,-1
382,13,680,129,10,13,1,-1,-1,-1
382,14,676,117,10,11,1,-1,-1,-1
382,15,654,106,10,9,1,-1,-1,-1
382,17,670,108,10,9,1,-1,-1,-1
382,18,671,98,10,9,1,-1,-1,-1
382,26,846,150,14,19,1,-1,-1,-1
382,28,675,171,11,11,1,-1,-1,-1
382,29,671,156,10,13,1,-1,-1,-1
382,35,603,148,14,21,1,-1,-1,-1
382,37,617,121,10,11,1,-1,-1,-1
382,42,739,75,13,11,1,-1,-1,-1
382,44,926,302,22,21,1,-1,-1,-1
382,45,965,275,36,34,1,-1,-1,-1
382,46,953,298,35,34,1,-1,-1,-1
382,47,748,106,14,11,1,-1,-1,-1
382,48,728,152,10,13,1,-1,-1,-1
382,49,893,298,23,23,1,-1,-1,-1
382,51,907,318,27,25,1,-1,-1,-1
382,53,944,327,27,25,1,-1,-1,-1
382,54,983,339,27,25,1,-1,-1,-1
382,55,966,356,27,28,1,-1,-1,-1
382,56,804,140,19,13,1,-1,-1,-1
382,57,997,391,26,36,1,-1,-1,-1
382,61,709,115,10,11,1,-1,-1,-1
382,62,692,109,10,11,1,-1,-1,-1
382,63,633,117,9,11,1,-1,-1,-1
382,64,778,171,14,11,1,-1,-1,-1
383,1,609,136,10,13,1,-1,-1,-1
383,2,624,142,10,11,1,-1,-1,-1
383,4,624,158,10,13,1,-1,-1,-1
383,6,662,131,10,13,1,-1,-1,-1
383,7,668,142,13,13,1,-1,-1,-1
383,8,692,158,10,11,1,-1,-1,-1
383,9,696,167,13,15,1,-1,-1,-1
383,11,655,113,10,9,1,-1,-1,-1
383,12,689,146,11,13,1,-1,-1,-1
383,13,680,129,10,13,1,-1,-1,-1
383,14,676,115,10,11,1,-1,-1,-1
383,15,654,106,10,9,1,-1,-1,-1
383,17,671,106,10,9,1,-1,-1,-1
383,18,671,96,10,9,1,-1,-1,-1
383,26,846,148,14,19,1,-1,-1,-1
383,28,673,171,11,11,1,-1,-1,-1
383,29,671,156,10,13,1,-1,-1,-1
383,35,603,146,14,21,1,-1,-1,-1
383,37,617,121,10,11,1,-1,-1,-1
383,42,739,75,13,11,1,-1,-1,-1
383,44,926,300,22,21,1,-1,-1,-1
383,45,970,277,36,34,1,-1,-1,-1
383,46,956,298,33,32,1,-1,-1,-1
383,47,748,106,14,11,1,-1,-1,-1
383,48,728,150,10,13,1,-1,-1,-1
383,49,894,298,23,23,1,-1,-1,-1
383,51,907,318,27,25,1,-1,-1,-1
383,53,943,325,27,25,1,-1,-1,-1
383,54,983,339,27,25,1,-1,-1,-1
383,55,966,356,27,28,1,-1,-1,-1
383,56,804,140,19,13,1,-1,-1,-1
383,57,1000,389,23,34,1,-1,-1,-1
383,61,709,115,10,11,1,-1,-1,-1
383,62,693,109,10,11,1,-1,-1,-1
383,63,633,117,9,11,1,-1,-1,-1
383,64,777,169,14,11,1,-1,-1,-1
384,1,611,135,10,13,1,-1,-1,-1
384,2,625,142,10,11,1,-1,-1,-1
384,4,625,156,10,13,1,-1,-1,-1
384,6,663,129,10,13,1,-1,-1,-1
384,7,668,140,13,13,1,-1,-1,-1
384,8,692,156,10,11,1,-1,-1,-1
384,9,696,167,13,15,1,-1,-1,-1
384,11,655,113,10,9,1,-1,-1,-1
384,12,689,146,11,13,1,-1,-1,-1
384,13,681,129,10,13,1,-1,-1,-1
384,14,676,115,10,11,1,-1,-1,-1
384,15,654,106,10,9,1,-1,-1,-1
384,17,670,106,10,9,1,-1,-1,-1
384,18,671,96,10,9,1,-1,-1,-1
384,26,846,148,14,19,1,-1,-1,-1
384,28,673,169,11,11,1,-1,-1,-1
384,29,671,156,10,13,1,-1,-1,-1
384,35,603,146,14,21,1,-1,-1,-1
384,37,617,121,10,11,1,-1,-1,-1
384,42,739,73,13,11,1,-1,-1,-1
384,44,927,300,22,21,1,-1,-1,-1
384,45,970,277,36,34,1,-1,-1,-1
384,46,956,298,33,32,1,-1,-1,-1
384,47,748,104,14,11,1,-1,-1,-1
384,48,730,152,10,13,1,-1,-1,-1
384,49,894,298,23,23,1,-1,-1,-1
384,51,907,318,27,25,1,-1,-1,-1
384,53,944,325,27,25,1,-1,-1,-1
384,54,983,337,27,25,1,-1,-1,-1
384,55,966,356,27,28,1,-1,-1,-1
384,56,804,138,19,13,1,-1,-1,-1
384,57,999,389,24,34,1,-1,-1,-1
384,60,991,465,32,32,1,-1,-1,-1
384,61,710,115,10,11,1,-1,-1,-1
384,62,693,109,10,11,1,-1,-1,-1
384,63,633,117,9,11,1,-1,-1,-1
384,64,777,169,14,11,1,-1,-1,-1
385,1,611,133,10,13,1,-1,-1,-1
385,2,625,142,10,11,1,-1,-1,-1
385,4,624,156,10,13,1,-1,-1,-1
385,6,663,129,10,13,1,-1,-1,-1
385,7,668,140,13,13,1,-1,-1,-1
385,8,692,156,10,11,1,-1,-1,-1
385,9,696,167,13,15,1,-1,-1,-1
385,11,655,113,10,9,1,-1,-1,-1
385,12,689,144,11,13,1,-1,-1,-1
385,13,681,127,10,13,1,-1,-1,-1
385,14,676,115,10,11,1,-1,-1,-1
385,15,655,106,10,9,1,-1,-1,-1
385,17,671,106,10,9,1,-1,-1,-1
385,18,671,96,10,9,1,-1,-1,-1
385,26,846,148,14,19,1,-1,-1,-1
385,28,673,169,11,11,1,-1,-1,-1
385,29,670,154,10,13,1,-1,-1,-1
385,35,603,146,14,21,1,-1,-1,-1
385,37,617,121,10,11,1,-1,-1,-1
385,42,737,73,13,11,1,-1,-1,-1
385,44,927,300,22,21,1,-1,-1,-1
385,45,970,275,36,34,1,-1,-1,-1
385,46,956,297,35,34,1,-1,-1,-1
385,47,748,104,14,11,1,-1,-1,-1
385,48,730,150,10,13,1,-1,-1,-1
385,49,894,297,23,23,1,-1,-1,-1
385,51,910,316,27,25,1,-1,-1,-1
385,53,944,324,27,25,1,-1,-1,-1
385,54,984,337,27,25,1,-1,-1,-1
385,55,967,354,27,28,1,-1,-1,-1
385,56,803,136,19,13,1,-1,-1,-1
385,57,997,387,26,36,1,-1,-1,-1
385,60,990,462,33,33,1,-1,-1,-1
385,61,710,115,10,11,1,-1,-1,-1
385,62,693,109,10,11,1,-1,-1,-1
385,63,633,117,9,11,1,-1,-1,-1
385,64,777,167,14,11,1,-1,-1,-1
386,1,611,133,10,13,1,-1,-1,-1
386,2,624,142,10,11,1,-1,-1,-1
386,4,624,156,10,13,1,-1,-1,-1
386,6,663,129,10,13,1,-1,-1,-1
386,7,668,140,13,13,1,-1,-1,-1
386,8,693,156,10,11,1,-1,-1,-1
386,11,655,111,10,9,1,-1,-1,-1
386,12,689,144,11,13,1,-1,-1,-1
386,13,681,129,10,13,1,-1,-1,-1
386,14,676,115,10,11,1,-1,-1,-1
386,15,654,104,10,9,1,-1,-1,-1
386,17,671,104,10,9,1,-1,-1,-1
386,18,671,96,10,9,1,-1,-1,-1
386,26,846,146,14,19,1,-1,-1,-1
386,28,673,167,11,11,1,-1,-1,-1
386,29,671,154,10,13,1,-1,-1,-1
386,35,603,146,14,21,1,-1,-1,-1
386,37,617,121,10,11,1,-1,-1,-1
386,42,736,71,13,11,1,-1,-1,-1
386,44,927,298,22,21,1,-1,-1,-1
386,45,964,273,36,34,1,-1,-1,-1
386,46,956,295,35,34,1,-1,-1,-1
386,47,748,102,14,11,1,-1,-1,-1
386,48,730,150,10,13,1,-1,-1,-1
386,49,896,297,23,23,1,-1,-1,-1
386,51,909,316,27,25,1,-1,-1,-1
386,53,945,324,27,25,1,-1,-1,-1
386,54,984,335,28,27,1,-1,-1,-1
386,55,967,354,27,28,1,-1,-1,-1
386,56,801,135,19,13,1,-1,-1,-1
386,57,999,387,24,36,1,-1,-1,-1
386,60,988,460,34,33,1,-1,-1,-1
386,61,710,115,10,11,1,-1,-1,-1
386,62,693,111,10,11,1,-1,-1,-1
386,63,633,117,9,11,1,-1,-1,-1
386,64,775,165,14,11,1,-1,-1,-1
387,1,611,133,10,13,1,-1,-1,-1
387,2,625,140,10,11,1,-1,-1,-1
387,4,625,156,10,13,1,-1,-1,-1
387,6,663,127,10,13,1,-1,-1,-1
387,7,668,138,13,13,1,-1,-1,-1
387,8,692,154,10,11,1,-1,-1,-1
387,11,656,111,10,9,1,-1,-1,-1
387,12,689,142,11,13,1,-1,-1,-1
387,13,681,127,10,13,1,-1,-1,-1
387,14,676,113,10,11,1,-1,-1,-1
387,15,654,104,10,9,1,-1,-1,-1
387,17,671,104,10,9,1,-1,-1,-1
387,18,671,94,10,9,1,-1,-1,-1
387,26,846,146,14,19,1,-1,-1,-1
387,28,675,167,11,11,1,-1,-1,-1
387,29,671,154,10,13,1,-1,-1,-1
387,35,603,144,14,21,1,-1,-1,-1
387,37,617,119,10,11,1,-1,-1,-1
387,42,736,71,13,11,1,-1,-1,-1
387,44,927,298,22,21,1,-1,-1,-1
387,45,970,275,37,34,1,-1,-1,-1
387,46,957,295,35,34,1,-1,-1,-1
387,47,748,102,12,12,1,-1,-1,-1
387,48,730,150,10,13,1,-1,-1,-1
387,49,896,295,23,23,1,-1,-1,-1
387,51,910,316,27,25,1,-1,-1,-1
387,53,945,322,27,25,1,-1,-1,-1
387,54,983,333,30,28,1,-1,-1,-1
387,55,969,352,27,28,1,-1,-1,-1
387,56,801,133,19,13,1,-1,-1,-1
387,57,1000,387,23,34,1,-1,-1,-1
387,60,993,461,30,32,1,-1,-1,-1
387,61,710,115,10,11,1,-1,-1,-1
387,62,693,111,10,11,1,-1,-1,-1
387,63,633,117,9,11,1,-1,-1,-1
387,64,774,163,14,11,1,-1,-1,-1
388,1,611,133,10,13,1,-1,-1,-1
388,2,625,140,10,11,1,-1,-1,-1
388,4,625,154,10,13,1,-1,-1,-1
388,6,663,127,10,13,1,-1,-1,-1
388,7,668,141,13,13,1,-1,-1,-1
388,8,693,154,10,11,1,-1,-1,-1
388,11,655,111,10,9,1,-1,-1,-1
388,12,689,144,11,13,1,-1,-1,-1
388,13,683,129,10,13,1,-1,-1,-1
388,14,676,113,10,11,1,-1,-1,-1
388,15,655,104,10,9,1,-1,-1,-1
388,17,671,104,10,9,1,-1,-1,-1
388,18,671,94,10,9,1,-1,-1,-1
388,26,846,146,14,19,1,-1,-1,-1
388,28,675,167,11,11,1,-1,-1,-1
388,29,671,154,10,13,1,-1,-1,-1
388,35,603,144,14,21,1,-1,-1,-1
388,37,617,119,10,11,1,-1,-1,-1
388,44,928,298,22,21,1,-1,-1,-1
388,45,970,273,39,36,1,-1,-1,-1
388,46,957,293,35,34,1,-1,-1,-1
388,47,748,100,11,11,1,-1,-1,-1
388,48,731,150,10,13,1,-1,-1,-1
388,49,897,295,23,23,1,-1,-1,-1
388,51,910,314,27,25,1,-1,-1,-1
388,53,945,320,28,27,1,-1,-1,-1
388,54,984,333,31,28,1,-1,-1,-1
388,55,969,352,27,28,1,-1,-1,-1
388,56,799,131,19,13,1,-1,-1,-1
388,57,1001,385,22,34,1,-1,-1,-1
388,60,990,459,31,32,1,-1,-1,-1
388,61,710,115,10,11,1,-1,-1,-1
388,62,693,111,10,11,1,-1,-1,-1
388,63,633,115,9,11,1,-1,-1,-1
388,64,774,163,14,11,1,-1,-1,-1
389,1,610,132,12,11,1,-1,-1,-1
389,2,625,140,10,11,1,-1,-1,-1
389,4,624,154,10,13,1,-1,-1,-1
389,6,663,127,10,13,1,-1,-1,-1
389,7,667,140,13,13,1,-1,-1,-1
389,8,693,154,10,11,1,-1,-1,-1
389,11,655,111,10,9,1,-1,-1,-1
389,12,689,142,11,13,1,-1,-1,-1
389,13,683,127,10,13,1,-1,-1,-1
389,14,676,113,11,11,1,-1,-1,-1
389,15,655,103,10,9,1,-1,-1,-1
389,17,671,104,10,9,1,-1,-1,-1
389,18,671,96,10,9,1,-1,-1,-1
389,26,846,146,14,19,1,-1,-1,-1
389,28,675,167,11,11,1,-1,-1,-1
389,29,671,154,10,13,1,-1,-1,-1
389,35,603,144,14,21,1,-1,-1,-1
389,37,617,118,12,12,1,-1,-1,-1
389,44,928,297,22,21,1,-1,-1,-1
389,45,970,273,37,34,1,-1,-1,-1
389,46,957,293,35,34,1,-1,-1,-1
389,47,748,100,11,11,1,-1,-1,-1
389,48,733,151,10,13,1,-1,-1,-1
389,49,897,293,23,23,1,-1,-1,-1
389,51,910,314,27,25,1,-1,-1,-1
389,53,945,320,27,25,1,-1,-1,-1
389,54,987,333,30,28,1,-1,-1,-1
389,55,969,352,27,28,1,-1,-1,-1
389,56,799,131,19,13,1,-1,-1,-1
389,60,987,453,35,34,1,-1,-1,-1
389,61,713,115,10,11,1,-1,-1,-1
389,62,693,111,10,11,1,-1,-1,-1
389,63,632,115,11,12,1,-1,-1,-1
389,64,774,162,14,11,1,-1,-1,-1
390,1,609,131,11,11,1,-1,-1,-1
390,2,625,140,10,11,1,-1,-1,-1
390,4,625,154,10,13,1,-1,-1,-1
390,6,663,125,10,13,1,-1,-1,-1
390,7,667,140,13,13,1,-1,-1,-1
390,8,693,152,10,11,1,-1,-1,-1
390,11,657,111,10,9,1,-1,-1,-1
390,12,689,140,10,13,1,-1,-1,-1
390,13,683,127,10,13,1,-1,-1,-1
390,14,676,113,10,11,1,-1,-1,-1
390,15,654,102,10,9,1,-1,-1,-1
390,17,671,104,10,9,1,-1,-1,-1
390,18,671,96,10,9,1,-1,-1,-1
390,26,846,144,14,19,1,-1,-1,-1
390,29,671,152,10,13,1,-1,-1,-1
390,35,603,142,14,21,1,-1,-1,-1
390,37,616,117,11,11,1,-1,-1,-1
390,44,929,295,22,21,1,-1,-1,-1
390,45,971,271,36,34,1,-1,-1,-1
390,46,957,293,35,34,1,-1,-1,-1
390,47,748,98,11,11,1,-1,-1,-1
390,48,732,150,13,14,1,-1,-1,-1
390,49,897,293,23,23,1,-1,-1,-1
390,51,910,314,27,25,1,-1,-1,-1
390,53,945,320,27,25,1,-1,-1,-1
390,54,987,331,30,28,1,-1,-1,-1
390,55,970,351,27,28,1,-1,-1,-1
390,56,799,129,19,13,1,-1,-1,-1
390,60,985,450,37,37,1,-1,-1,-1
390,61,713,115,10,11,1,-1,-1,-1
390,62,694,111,10,11,1,-1,-1,-1
390,63,632,115,10,11,1,-1,-1,-1
390,64,774,160,14,11,1,-1,-1,-1
391,1,611,131,11,11,1,-1,-1,-1
391,2,625,138,10,11,1,-1,-1,-1
391,4,625,152,10,13,1,-1,-1,-1
391,6,663,125,10,13,1,-1,-1,-1
391,7,668,138,13,13,1,-1,-1,-1
391,8,693,152,10,11,1,-1,-1,-1
391,11,655,109,10,9,1,-1,-1,-1
391,12,689,140,10,13,1,-1,-1,-1
391,13,684,127,10,13,1,-1,-1,-1
391,14,676,111,10,11,1,-1,-1,-1
391,15,655,102,10,9,1,-1,-1,-1
391,17,671,102,10,9,1,-1,-1,-1
391,18,671,94,10,9,1,-1,-1,-1
391,26,846,144,14,19,1,-1,-1,-1
391,29,671,152,10,13,1,-1,-1,-1
391,35,603,142,14,21,1,-1,-1,-1
391,37,616,117,11,11,1,-1,-1,-1
391,44,929,295,22,21,1,-1,-1,-1
391,45,971,271,37,34,1,-1,-1,-1
391,46,957,291,35,34,1,-1,-1,-1
391,47,748,98,11,11,1,-1,-1,-1
391,48,731,150,13,13,1,-1,-1,-1
391,49,897,291,23,23,1,-1,-1,-1
391,51,910,312,27,25,1,-1,-1,-1
391,53,948,320,27,25,1,-1,-1,-1
391,54,986,331,30,28,1,-1,-1,-1
391,55,970,349,27,28,1,-1,-1,-1
391,56,798,127,19,13,1,-1,-1,-1
391,60,986,450,37,38,1,-1,-1,-1
391,61,714,115,10,11,1,-1,-1,-1
391,62,694,111,10,11,1,-1,-1,-1
391,63,632,115,10,11,1,-1,-1,-1
391,64,774,158,14,11,1,-1,-1,-1
392,1,609,129,11,11,1,-1,-1,-1
392,2,625,138,10,11,1,-1,-1,-1
392,4,625,154,10,13,1,-1,-1,-1
392,6,663,125,10,13,1,-1,-1,-1
392,7,667,138,13,13,1,-1,-1,-1
392,8,693,152,10,11,1,-1,-1,-1
392,11,657,109,11,11,1,-1,-1,-1
392,12,689,140,10,13,1,-1,-1,-1
392,13,684,127,10,13,1,-1,-1,-1
392,14,676,111,10,11,1,-1,-1,-1
392,15,654,100,10,9,1,-1,-1,-1
392,17,671,102,10,9,1,-1,-1,-1
392,18,671,94,10,9,1,-1,-1,-1
392,26,847,144,14,19,1,-1,-1,-1
392,29,671,152,10,13,1,-1,-1,-1
392,35,604,142,14,21,1,-1,-1,-1
392,37,616,117,11,11,1,-1,-1,-1
392,44,931,293,22,21,1,-1,-1,-1
392,45,970,270,40,36,1,-1,-1,-1
392,46,958,291,35,34,1,-1,-1,-1
392,47,748,98,11,11,1,-1,-1,-1
392,48,732,150,13,13,1,-1,-1,-1
392,49,898,291,23,23,1,-1,-1,-1
392,51,910,312,27,25,1,-1,-1,-1
392,53,946,318,27,25,1,-1,-1,-1
392,54,987,331,28,27,1,-1,-1,-1
392,55,970,349,27,28,1,-1,-1,-1
392,56,798,127,19,13,1,-1,-1,-1
392,60,984,446,38,36,1,-1,-1,-1
392,61,714,115,10,11,1,-1,-1,-1
392,62,696,111,10,11,1,-1,-1,-1
392,63,632,113,10,11,1,-1,-1,-1
392,64,774,156,14,11,1,-1,-1,-1
393,1,609,129,11,11,1,-1,-1,-1
393,2,625,138,10,11,1,-1,-1,-1
393,4,625,152,10,13,1,-1,-1,-1
393,6,663,123,10,13,1,-1,-1,-1
393,7,668,138,13,13,1,-1,-1,-1
393,8,693,150,10,11,1,-1,-1,-1
393,11,656,109,10,11,1,-1,-1,-1
393,12,689,140,10,13,1,-1,-1,-1
393,13,684,125,10,13,1,-1,-1,-1
393,14,676,111,10,11,1,-1,-1,-1
393,15,654,100,10,9,1,-1,-1,-1
393,17,671,102,10,9,1,-1,-1,-1
393,18,671,94,10,9,1,-1,-1,-1
393,26,847,142,14,19,1,-1,-1,-1
393,29,671,152,10,13,1,-1,-1,-1
393,35,603,140,14,21,1,-1,-1,-1
393,37,616,115,11,11,1,-1,-1,-1
393,44,931,293,22,21,1,-1,-1,-1
393,45,969,267,39,36,1,-1,-1,-1
393,46,958,291,35,34,1,-1,-1,-1
393,47,748,96,11,11,1,-1,-1,-1
393,48,732,150,13,13,1,-1,-1,-1
393,49,898,291,23,23,1,-1,-1,-1
393,51,912,310,27,25,1,-1,-1,-1
393,53,946,318,28,27,1,-1,-1,-1
393,54,987,329,27,25,1,-1,-1,-1
393,55,970,347,27,28,1,-1,-1,-1
393,56,796,125,19,13,1,-1,-1,-1
393,60,982,445,39,40,1,-1,-1,-1
393,61,714,113,10,11,1,-1,-1,-1
393,62,696,111,10,11,1,-1,-1,-1
393,63,632,113,10,11,1,-1,-1,-1
393,64,773,156,14,11,1,-1,-1,-1
394,1,611,129,11,11,1,-1,-1,-1
394,2,625,138,10,11,1,-1,-1,-1
394,4,625,152,10,13,1,-1,-1,-1
394,6,663,123,10,13,1,-1,-1,-1
394,7,667,136,13,13,1,-1,-1,-1
394,8,693,150,10,11,1,-1,-1,-1
394,11,656,108,10,11,1,-1,-1,-1
394,12,689,138,10,13,1,-1,-1,-1
394,13,684,125,10,13,1,-1,-1,-1
394,14,676,111,10,11,1,-1,-1,-1
394,15,655,100,10,9,1,-1,-1,-1
394,17,671,102,10,9,1,-1,-1,-1
394,18,671,94,10,9,1,-1,-1,-1
394,26,847,142,14,19,1,-1,-1,-1
394,29,671,150,10,13,1,-1,-1,-1
394,35,603,140,14,21,1,-1,-1,-1
394,37,616,115,11,11,1,-1,-1,-1
394,44,931,293,22,21,1,-1,-1,-1
394,45,967,265,39,36,1,-1,-1,-1
394,46,958,289,36,34,1,-1,-1,-1
394,47,748,96,11,11,1,-1,-1,-1
394,48,734,150,13,13,1,-1,-1,-1
394,49,898,289,23,23,1,-1,-1,-1
394,51,911,308,27,25,1,-1,-1,-1
394,53,948,318,27,25,1,-1,-1,-1
394,54,988,329,28,27,1,-1,-1,-1
394,55,973,347,27,28,1,-1,-1,-1
394,56,795,123,19,13,1,-1,-1,-1
394,60,981,441,42,39,1,-1,-1,-1
394,61,714,115,10,11,1,-1,-1,-1
394,62,696,111,10,11,1,-1,-1,-1
394,63,630,113,10,11,1,-1,-1,-1
394,64,771,154,14,11,1,-1,-1,-1
395,1,611,129,11,11,1,-1,-1,-1
395,2,625,136,10,11,1,-1,-1,-1
395,4,625,150,10,13,1,-1,-1,-1
395,6,663,123,10,13,1,-1,-1,-1
395,7,668,138,13,13,1,-1,-1,-1
395,8,693,150,10,11,1,-1,-1,-1
395,11,656,106,10,11,1,-1,-1,-1
395,12,689,138,10,13,1,-1,-1,-1
395,13,684,125,10,13,1,-1,-1,-1
395,14,676,109,10,11,1,-1,-1,-1
395,15,655,100,10,9,1,-1,-1,-1
395,17,671,100,10,9,1,-1,-1,-1
395,18,671,92,10,9,1,-1,-1,-1
395,26,847,142,14,19,1,-1,-1,-1
395,29,671,150,10,13,1,-1,-1,-1
395,35,604,140,14,21,1,-1,-1,-1
395,37,617,115,11,11,1,-1,-1,-1
395,44,931,293,22,21,1,-1,-1,-1
395,45,968,264,40,36,1,-1,-1,-1
395,46,960,289,36,34,1,-1,-1,-1
395,47,747,94,11,11,1,-1,-1,-1
395,48,734,150,13,13,1,-1,-1,-1
395,49,898,289,23,23,1,-1,-1,-1
395,51,911,308,27,25,1,-1,-1,-1
395,53,949,316,27,25,1,-1,-1,-1
395,54,988,327,30,28,1,-1,-1,-1
395,55,971,347,27,28,1,-1,-1,-1
395,56,795,123,19,13,1,-1,-1,-1
395,60,976,437,46,42,1,-1,-1,-1
395,61,713,113,12,13,1,-1,-1,-1
395,62,696,111,10,11,1,-1,-1,-1
395,63,632,113,10,11,1,-1,-1,-1
395,64,771,152,14,11,1,-1,-1,-1
396,1,611,127,11,11,1,-1,-1,-1
396,2,625,136,10,11,1,-1,-1,-1
396,4,625,150,10,13,1,-1,-1,-1
396,6,664,123,10,13,1,-1,-1,-1
396,7,668,136,13,13,1,-1,-1,-1
396,8,693,150,10,11,1,-1,-1,-1
396,11,658,106,10,11,1,-1,-1,-1
396,12,689,138,10,13,1,-1,-1,-1
396,13,684,125,10,13,1,-1,-1,-1
396,14,676,109,10,11,1,-1,-1,-1
396,15,654,98,10,9,1,-1,-1,-1
396,17,671,100,10,9,1,-1,-1,-1
396,18,671,92,10,9,1,-1,-1,-1
396,26,847,142,14,19,1,-1,-1,-1
396,29,672,150,10,13,1,-1,-1,-1
396,35,604,138,14,21,1,-1,-1,-1
396,37,617,113,11,11,1,-1,-1,-1
396,44,932,291,22,21,1,-1,-1,-1
396,45,966,263,40,36,1,-1,-1,-1
396,46,960,289,36,34,1,-1,-1,-1
396,47,747,94,11,11,1,-1,-1,-1
396,48,734,150,13,13,1,-1,-1,-1
396,49,899,289,23,23,1,-1,-1,-1
396,51,914,308,27,25,1,-1,-1,-1
396,53,949,314,27,25,1,-1,-1,-1
396,54,990,327,28,27,1,-1,-1,-1
396,55,973,345,27,28,1,-1,-1,-1
396,56,795,121,19,13,1,-1,-1,-1
396,60,978,438,45,35,1,-1,-1,-1
396,61,713,113,11,13,1,-1,-1,-1
396,62,697,111,10,11,1,-1,-1,-1
396,63,632,113,10,11,1,-1,-1,-1
396,64,771,150,14,11,1,-1,-1,-1
397,1,611,127,11,11,1,-1,-1,-1
397,2,625,136,10,11,1,-1,-1,-1
397,4,625,150,10,13,1,-1,-1,-1
397,6,664,121,10,13,1,-1,-1,-1
397,7,668,136,13,13,1,-1,-1,-1
397,8,693,148,10,11,1,-1,-1,-1
397,11,656,106,10,11,1,-1,-1,-1
397,12,689,136,10,13,1,-1,-1,-1
397,13,684,123,10,13,1,-1,-1,-1
397,14,676,109,10,11,1,-1,-1,-1
397,15,655,98,10,9,1,-1,-1,-1
397,17,672,100,10,9,1,-1,-1,-1
397,18,671,92,10,9,1,-1,-1,-1
397,26,847,140,14,19,1,-1,-1,-1
397,29,672,150,10,13,1,-1,-1,-1
397,35,604,138,14,21,1,-1,-1,-1
397,37,617,113,11,11,1,-1,-1,-1
397,44,932,291,22,21,1,-1,-1,-1
397,45,970,263,39,36,1,-1,-1,-1
397,46,960,287,36,34,1,-1,-1,-1
397,47,745,92,11,11,1,-1,-1,-1
397,48,734,148,13,13,1,-1,-1,-1
397,49,899,289,23,23,1,-1,-1,-1
397,51,912,308,27,25,1,-1,-1,-1
397,53,949,314,27,25,1,-1,-1,-1
397,54,990,327,27,25,1,-1,-1,-1
397,55,973,345,27,28,1,-1,-1,-1
397,56,794,119,19,13,1,-1,-1,-1
397,60,976,435,44,34,1,-1,-1,-1
397,61,714,113,11,13,1,-1,-1,-1
397,62,697,111,10,11,1,-1,-1,-1
397,63,630,113,10,11,1,-1,-1,-1
397,64,770,150,14,11,1,-1,-1,-1
398,1,611,125,11,11,1,-1,-1,-1
398,2,625,136,10,11,1,-1,-1,-1
398,4,625,150,10,13,1,-1,-1,-1
398,6,664,121,10,13,1,-1,-1,-1
398,7,668,136,13,13,1,-1,-1,-1
398,8,693,148,10,11,1,-1,-1,-1
398,11,656,106,10,11,1,-1,-1,-1
398,12,689,136,10,13,1,-1,-1,-1
398,13,684,123,10,13,1,-1,-1,-1
398,14,677,108,10,11,1,-1,-1,-1
398,15,656,98,10,9,1,-1,-1,-1
398,17,672,100,10,9,1,-1,-1,-1
398,18,671,92,10,9,1,-1,-1,-1
398,26,847,140,14,19,1,-1,-1,-1
398,29,672,148,10,13,1,-1,-1,-1
398,35,604,138,14,21,1,-1,-1,-1
398,37,617,113,11,11,1,-1,-1,-1
398,44,932,289,22,21,1,-1,-1,-1
398,45,968,263,37,34,1,-1,-1,-1
398,46,961,287,36,34,1,-1,-1,-1
398,47,745,92,11,11,1,-1,-1,-1
398,48,736,148,13,13,1,-1,-1,-1
398,49,899,287,23,23,1,-1,-1,-1
398,51,914,306,27,25,1,-1,-1,-1
398,53,949,314,26,25,1,-1,-1,-1
398,54,991,327,28,27,1,-1,-1,-1
398,55,974,345,27,28,1,-1,-1,-1
398,56,792,119,19,13,1,-1,-1,-1
398,60,974,433,44,34,1,-1,-1,-1
398,61,714,113,11,13,1,-1,-1,-1
398,62,697,111,10,11,1,-1,-1,-1
398,63,632,113,10,11,1,-1,-1,-1
398,64,770,148,14,11,1,-1,-1,-1
399,1,611,127,11,11,1,-1,-1,-1
399,2,625,135,10,11,1,-1,-1,-1
399,4,625,148,10,13,1,-1,-1,-1
399,6,664,121,10,13,1,-1,-1,-1
399,7,668,135,13,13,1,-1,-1,-1
399,8,694,148,10,11,1,-1,-1,-1
399,11,658,104,10,11,1,-1,-1,-1
399,12,689,136,10,13,1,-1,-1,-1
399,13,684,123,10,13,1,-1,-1,-1
399,14,676,109,10,11,1,-1,-1,-1
399,15,655,98,10,9,1,-1,-1,-1
399,17,672,100,10,9,1,-1,-1,-1
399,18,672,92,10,9,1,-1,-1,-1
399,26,847,140,14,19,1,-1,-1,-1
399,29,672,148,10,13,1,-1,-1,-1
399,35,604,136,14,21,1,-1,-1,-1
399,37,616,113,11,11,1,-1,-1,-1
399,44,932,289,22,21,1,-1,-1,-1
399,45,968,258,39,36,1,-1,-1,-1
399,46,962,287,36,34,1,-1,-1,-1
399,47,745,90,11,11,1,-1,-1,-1
399,48,735,148,13,13,1,-1,-1,-1
399,49,899,287,23,23,1,-1,-1,-1
399,51,914,306,27,25,1,-1,-1,-1
399,53,950,314,27,25,1,-1,-1,-1
399,54,990,325,30,28,1,-1,-1,-1
399,55,974,343,27,28,1,-1,-1,-1
399,56,792,117,19,13,1,-1,-1,-1
399,60,975,433,41,32,1,-1,-1,-1
399,61,714,111,11,13,1,-1,-1,-1
399,62,697,111,10,11,1,-1,-1,-1
399,63,632,113,10,11,1,-1,-1,-1
399,64,770,148,14,11,1,-1,-1,-1
400,1,611,125,11,11,1,-1,-1,-1
400,2,625,133,10,11,1,-1,-1,-1
400,4,625,148,10,13,1,-1,-1,-1
400,6,664,119,10,13,1,-1,-1,-1
400,7,670,135,13,13,1,-1,-1,-1
400,8,694,146,10,11,1,-1,-1,-1
400,11,658,104,10,11,1,-1,-1,-1
400,12,689,136,10,13,1,-1,-1,-1
400,13,685,123,10,13,1,-1,-1,-1
400,14,676,108,10,11,1,-1,-1,-1
400,15,655,96,10,9,1,-1,-1,-1
400,17,672,98,10,9,1,-1,-1,-1
400,18,672,90,10,9,1,-1,-1,-1
400,26,848,138,14,19,1,-1,-1,-1
400,29,672,148,10,13,1,-1,-1,-1
400,35,604,136,14,21,1,-1,-1,-1
400,37,617,113,11,11,1,-1,-1,-1
400,44,933,289,22,21,1,-1,-1,-1
400,45,971,259,39,36,1,-1,-1,-1
400,46,962,285,36,34,1,-1,-1,-1
400,47,745,90,11,11,1,-1,-1,-1
400,48,736,148,13,13,1,-1,-1,-1
400,49,901,287,23,23,1,-1,-1,-1
400,51,914,304,27,25,1,-1,-1,-1
400,53,950,312,27,25,1,-1,-1,-1
400,54,991,324,30,28,1,-1,-1,-1
400,55,974,343,27,28,1,-1,-1,-1
400,56,791,115,19,13,1,-1,-1,-1
400,60,974,430,41,32,1,-1,-1,-1
400,61,715,113,11,13,1,-1,-1,-1
400,62,697,111,10,11,1,-1,-1,-1
400,63,630,113,10,11,1,-1,-1,-1
400,64,769,146,14,11,1,-1,-1,-1
401,1,612,125,11,11,1,-1,-1,-1
401,2,626,133,10,11,1,-1,-1,-1
401,4,626,148,10,13,1,-1,-1,-1
401,6,664,119,10,13,1,-1,-1,-1
401,7,668,133,13,13,1,-1,-1,-1
401,8,694,146,10,11,1,-1,-1,-1
401,11,656,104,10,11,1,-1,-1,-1
401,12,690,133,10,13,1,-1,-1,-1
401,13,685,123,10,13,1,-1,-1,-1
401,14,677,106,10,11,1,-1,-1,-1
401,15,655,96,10,9,1,-1,-1,-1
401,17,672,98,10,9,1,-1,-1,-1
401,18,672,90,10,9,1,-1,-1,-1
401,26,850,138,14,19,1,-1,-1,-1
401,29,671,146,10,13,1,-1,-1,-1
401,35,604,136,14,21,1,-1,-1,-1
401,37,617,111,11,11,1,-1,-1,-1
401,44,933,287,22,21,1,-1,-1,-1
401,45,973,260,39,36,1,-1,-1,-1
401,46,962,285,36,34,1,-1,-1,-1
401,47,745,88,11,11,1,-1,-1,-1
401,48,736,148,13,13,1,-1,-1,-1
401,49,901,285,23,23,1,-1,-1,-1
401,51,915,304,27,25,1,-1,-1,-1
401,53,950,310,27,25,1,-1,-1,-1
401,54,992,324,30,28,1,-1,-1,-1
401,55,974,341,27,28,1,-1,-1,-1
401,56,791,115,19,13,1,-1,-1,-1
401,60,974,426,40,32,1,-1,-1,-1
401,61,715,111,11,13,1,-1,-1,-1
401,62,698,111,10,11,1,-1,-1,-1
401,63,630,113,10,11,1,-1,-1,-1
401,64,770,144,14,11,1,-1,-1,-1
402,1,611,123,11,11,1,-1,-1,-1
402,2,625,133,10,11,1,-1,-1,-1
402,4,626,146,10,13,1,-1,-1,-1
402,6,663,119,10,13,1,-1,-1,-1
402,7,670,133,13,13,1,-1,-1,-1
402,8,694,146,10,11,1,-1,-1,-1
402,11,658,104,10,11,1,-1,-1,-1
402,12,689,135,10,13,1,-1,-1,-1
402,13,685,121,10,13,1,-1,-1,-1
402,14,676,106,10,11,1,-1,-1,-1
402,15,655,96,10,9,1,-1,-1,-1
402,17,671,98,10,9,1,-1,-1,-1
402,18,671,90,10,9,1,-1,-1,-1
402,26,850,138,14,19,1,-1,-1,-1
402,29,672,146,10,13,1,-1,-1,-1
402,35,604,136,14,21,1,-1,-1,-1
402,37,617,111,11,11,1,-1,-1,-1
402,44,935,287,22,21,1,-1,-1,-1
402,45,971,259,37,34,1,-1,-1,-1
402,46,962,283,36,34,1,-1,-1,-1
402,47,744,88,11,11,1,-1,-1,-1
402,48,736,148,13,13,1,-1,-1,-1
402,49,901,283,23,23,1,-1,-1,-1
402,51,915,304,27,25,1,-1,-1,-1
402,53,952,310,27,25,1,-1,-1,-1
402,54,992,322,30,28,1,-1,-1,-1
402,55,976,341,27,28,1,-1,-1,-1
402,56,790,113,19,13,1,-1,-1,-1
402,60,970,422,44,34,1,-1,-1,-1
402,61,715,113,11,13,1,-1,-1,-1
402,62,697,111,10,11,1,-1,-1,-1
402,63,632,113,10,11,1,-1,-1,-1
402,64,769,142,14,11,1,-1,-1,-1
403,1,611,123,11,11,1,-1,-1,-1
403,2,625,133,10,11,1,-1,-1,-1
403,4,626,146,10,13,1,-1,-1,-1
403,6,664,119,10,13,1,-1,-1,-1
403,7,668,133,13,13,1,-1,-1,-1
403,8,694,144,10,11,1,-1,-1,-1
403,11,658,102,10,11,1,-1,-1,-1
403,12,689,133,10,13,1,-1,-1,-1
403,13,685,121,10,13,1,-1,-1,-1
403,14,677,106,10,11,1,-1,-1,-1
403,15,656,94,10,9,1,-1,-1,-1
403,17,672,98,10,9,1,-1,-1,-1
403,18,672,90,10,9,1,-1,-1,-1
403,26,850,136,14,19,1,-1,-1,-1
403,29,673,146,10,13,1,-1,-1,-1
403,35,604,135,14,21,1,-1,-1,-1
403,37,617,111,11,11,1,-1,-1,-1
403,44,935,287,22,21,1,-1,-1,-1
403,45,970,257,37,34,1,-1,-1,-1
403,46,962,283,36,36,1,-1,-1,-1
403,47,745,88,11,11,1,-1,-1,-1
403,48,736,148,13,13,1,-1,-1,-1
403,49,901,283,23,23,1,-1,-1,-1
403,51,915,304,27,25,1,-1,-1,-1
403,53,952,310,27,25,1,-1,-1,-1
403,54,992,322,30,28,1,-1,-1,-1
403,55,975,339,27,28,1,-1,-1,-1
403,56,790,113,19,13,1,-1,-1,-1
403,60,970,422,44,34,1,-1,-1,-1
403,61,715,111,11,13,1,-1,-1,-1
403,62,698,111,10,11,1,-1,-1,-1
403,63,630,111,10,11,1,-1,-1,-1
403,64,769,142,14,11,1,-1,-1,-1
404,1,611,123,11,11,1,-1,-1,-1
404,2,625,133,10,11,1,-1,-1,-1
404,4,626,146,10,13,1,-1,-1,-1
404,6,664,117,10,13,1,-1,-1,-1
404,7,670,131,13,13,1,-1,-1,-1
404,8,696,144,10,11,1,-1,-1,-1
404,11,658,102,10,11,1,-1,-1,-1
404,12,690,133,10,13,1,-1,-1,-1
404,13,685,121,10,13,1,-1,-1,-1
404,14,677,106,10,11,1,-1,-1,-1
404,15,656,94,10,9,1,-1,-1,-1
404,17,672,96,10,9,1,-1,-1,-1
404,18,672,88,10,9,1,-1,-1,-1
404,26,851,136,14,19,1,-1,-1,-1
404,29,672,146,10,13,1,-1,-1,-1
404,35,604,133,14,21,1,-1,-1,-1
404,37,617,109,11,11,1,-1,-1,-1
404,44,936,285,22,21,1,-1,-1,-1
404,45,971,256,37,34,1,-1,-1,-1
404,46,962,281,37,36,1,-1,-1,-1
404,47,745,86,11,11,1,-1,-1,-1
404,48,737,148,13,13,1,-1,-1,-1
404,49,902,283,23,23,1,-1,-1,-1
404,51,916,302,27,25,1,-1,-1,-1
404,53,953,310,27,25,1,-1,-1,-1
404,54,993,322,28,27,1,-1,-1,-1
404,55,976,339,27,28,1,-1,-1,-1
404,56,790,111,19,13,1,-1,-1,-1
404,60,969,420,41,32,1,-1,-1,-1
404,61,717,111,11,13,1,-1,-1,-1
404,62,697,111,10,11,1,-1,-1,-1
404,63,630,111,10,11,1,-1,-1,-1
404,64,768,140,14,11,1,-1,-1,-1
404,65,640,83,12,13,1,-1,-1,-1
405,1,611,123,11,11,1,-1,-1,-1
405,2,626,131,10,11,1,-1,-1,-1
405,4,626,146,10,13,1,-1,-1,-1
405,6,664,117,10,13,1,-1,-1,-1
405,7,670,131,13,13,1,-1,-1,-1
405,8,696,144,10,11,1,-1,-1,-1
405,11,658,102,10,11,1,-1,-1,-1
405,12,690,133,10,13,1,-1,-1,-1
405,13,685,121,10,13,1,-1,-1,-1
405,14,677,106,10,11,1,-1,-1,-1
405,15,656,94,10,9,1,-1,-1,-1
405,17,672,96,10,9,1,-1,-1,-1
405,18,673,88,10,9,1,-1,-1,-1
405,26,851,135,14,19,1,-1,-1,-1
405,29,672,144,10,13,1,-1,-1,-1
405,35,604,133,14,21,1,-1,-1,-1
405,37,617,109,11,11,1,-1,-1,-1
405,44,936,285,22,21,1,-1,-1,-1
405,46,963,281,39,38,1,-1,-1,-1
405,47,744,86,11,11,1,-1,-1,-1
405,48,737,148,13,13,1,-1,-1,-1
405,49,902,283,23,23,1,-1,-1,-1
405,51,916,302,27,25,1,-1,-1,-1
405,53,953,308,27,25,1,-1,-1,-1
405,54,995,322,28,27,1,-1,-1,-1
405,55,978,339,27,28,1,-1,-1,-1
405,56,787,109,19,13,1,-1,-1,-1
405,60,967,416,43,34,1,-1,-1,-1
405,61,717,111,11,13,1,-1,-1,-1
405,62,698,111,10,11,1,-1,-1,-1
405,63,630,111,10,11,1,-1,-1,-1
405,64,768,138,14,11,1,-1,-1,-1
405,65,640,82,11,13,1,-1,-1,-1
406,1,611,121,11,11,1,-1,-1,-1
406,2,626,131,10,11,1,-1,-1,-1
406,4,625,144,10,13,1,-1,-1,-1
406,6,664,117,10,13,1,-1,-1,-1
406,7,670,131,13,13,1,-1,-1,-1
406,8,696,142,10,11,1,-1,-1,-1
406,11,658,102,10,11,1,-1,-1,-1
406,12,690,131,10,13,1,-1,-1,-1
406,13,685,119,10,13,1,-1,-1,-1
406,14,677,104,10,11,1,-1,-1,-1
406,15,656,94,10,9,1,-1,-1,-1
406,17,672,96,10,9,1,-1,-1,-1
406,18,672,88,10,9,1,-1,-1,-1
406,26,851,136,14,19,1,-1,-1,-1
406,29,672,144,10,13,1,-1,-1,-1
406,35,604,133,14,21,1,-1,-1,-1
406,37,619,109,11,11,1,-1,-1,-1
406,44,936,285,22,21,1,-1,-1,-1
406,46,963,281,37,36,1,-1,-1,-1
406,47,744,84,11,11,1,-1,-1,-1
406,48,737,148,13,13,1,-1,-1,-1
406,49,902,281,23,23,1,-1,-1,-1
406,51,916,302,27,25,1,-1,-1,-1
406,53,953,308,27,25,1,-1,-1,-1
406,54,995,320,28,28,1,-1,-1,-1
406,55,978,339,27,28,1,-1,-1,-1
406,56,787,109,19,13,1,-1,-1,-1
406,60,967,414,43,34,1,-1,-1,-1
406,61,717,111,11,13,1,-1,-1,-1
406,62,699,109,12,13,1,-1,-1,-1
406,63,630,111,10,11,1,-1,-1,-1
406,64,766,136,14,11,1,-1,-1,-1
406,65,641,82,11,13,1,-1,-1,-1
407,1,612,121,11,11,1,-1,-1,-1
407,2,626,131,10,11,1,-1,-1,-1
407,4,626,144,10,13,1,-1,-1,-1
407,6,666,117,10,13,1,-1,-1,-1
407,7,670,129,13,13,1,-1,-1,-1
407,8,696,144,10,11,1,-1,-1,-1
407,11,659,100,10,11,1,-1,-1,-1
407,12,690,131,10,13,1,-1,-1,-1
407,13,685,119,10,13,1,-1,-1,-1
407,14,677,104,10,11,1,-1,-1,-1
407,15,655,92,10,9,1,-1,-1,-1
407,17,672,96,10,9,1,-1,-1,-1
407,18,672,88,10,9,1,-1,-1,-1
407,26,851,133,14,19,1,-1,-1,-1
407,29,673,144,10,13,1,-1,-1,-1
407,35,604,131,14,21,1,-1,-1,-1
407,37,619,109,11,11,1,-1,-1,-1
407,44,937,285,22,21,1,-1,-1,-1
407,46,965,281,36,36,1,-1,-1,-1
407,47,744,84,11,11,1,-1,-1,-1
407,48,739,148,13,13,1,-1,-1,-1
407,49,902,281,23,23,1,-1,-1,-1
407,51,918,300,27,25,1,-1,-1,-1
407,53,953,308,27,25,1,-1,-1,-1
407,54,995,318,28,28,1,-1,-1,-1
407,55,979,337,27,28,1,-1,-1,-1
407,56,787,108,19,13,1,-1,-1,-1
407,60,965,410,44,34,1,-1,-1,-1
407,61,718,111,11,13,1,-1,-1,-1
407,62,698,109,11,13,1,-1,-1,-1
407,63,632,111,10,11,1,-1,-1,-1
407,64,766,136,14,11,1,-1,-1,-1
407,65,641,82,11,13,1,-1,-1,-1
408,1,612,121,11,11,1,-1,-1,-1
408,2,625,131,10,11,1,-1,-1,-1
408,4,628,144,10,13,1,-1,-1,-1
408,6,666,115,10,13,1,-1,-1,-1
408,7,670,131,13,13,1,-1,-1,-1
408,8,696,142,10,11,1,-1,-1,-1
408,11,658,100,10,11,1,-1,-1,-1
408,12,690,131,10,13,1,-1,-1,-1
408,13,685,119,10,13,1,-1,-1,-1
408,14,679,104,10,11,1,-1,-1,-1
408,15,656,92,10,9,1,-1,-1,-1
408,17,672,94,10,9,1,-1,-1,-1
408,18,672,88,10,9,1,-1,-1,-1
408,26,851,133,14,19,1,-1,-1,-1
408,29,673,144,10,13,1,-1,-1,-1
408,35,604,131,14,21,1,-1,-1,-1
408,37,619,108,11,11,1,-1,-1,-1
408,44,937,283,22,21,1,-1,-1,-1
408,46,965,279,36,36,1,-1,-1,-1
408,47,744,82,11,11,1,-1,-1,-1
408,48,739,148,13,13,1,-1,-1,-1
408,49,903,281,23,23,1,-1,-1,-1
408,51,919,300,27,25,1,-1,-1,-1
408,53,953,306,27,25,1,-1,-1,-1
408,54,995,318,28,28,1,-1,-1,-1
408,55,979,337,30,26,1,-1,-1,-1
408,56,787,106,19,13,1,-1,-1,-1
408,60,965,410,45,36,1,-1,-1,-1
408,61,718,111,11,13,1,-1,-1,-1
408,62,700,109,11,13,1,-1,-1,-1
408,63,630,109,10,11,1,-1,-1,-1
408,64,766,135,14,11,1,-1,-1,-1
408,65,641,82,11,13,1,-1,-1,-1
409,1,612,119,11,11,1,-1,-1,-1
409,2,625,129,10,11,1,-1,-1,-1
409,4,626,142,10,13,1,-1,-1,-1
409,6,666,115,10,13,1,-1,-1,-1
409,7,671,129,13,13,1,-1,-1,-1
409,8,696,142,10,11,1,-1,-1,-1
409,11,658,100,10,11,1,-1,-1,-1
409,12,692,131,10,13,1,-1,-1,-1
409,13,685,119,10,13,1,-1,-1,-1
409,14,677,104,10,11,1,-1,-1,-1
409,15,658,92,10,9,1,-1,-1,-1
409,17,673,94,10,9,1,-1,-1,-1
409,18,672,86,10,9,1,-1,-1,-1
409,26,851,133,14,19,1,-1,-1,-1
409,29,673,142,10,13,1,-1,-1,-1
409,35,604,131,14,21,1,-1,-1,-1
409,37,619,108,11,11,1,-1,-1,-1
409,44,937,283,22,21,1,-1,-1,-1
409,46,966,279,36,34,1,-1,-1,-1
409,47,744,82,11,11,1,-1,-1,-1
409,48,740,148,13,13,1,-1,-1,-1
409,49,903,281,23,23,1,-1,-1,-1
409,51,918,300,27,25,1,-1,-1,-1
409,53,954,306,27,25,1,-1,-1,-1
409,54,996,318,27,28,1,-1,-1,-1
409,55,979,335,30,25,1,-1,-1,-1
409,56,786,106,19,13,1,-1,-1,-1
409,60,961,406,48,36,1,-1,-1,-1
409,61,718,111,11,13,1,-1,-1,-1
409,62,700,109,11,13,1,-1,-1,-1
409,63,630,109,10,11,1,-1,-1,-1
409,64,765,133,14,11,1,-1,-1,-1
409,65,640,82,11,13,1,-1,-1,-1
410,1,612,119,11,11,1,-1,-1,-1
410,2,626,129,10,11,1,-1,-1,-1
410,4,626,142,10,13,1,-1,-1,-1
410,6,664,115,10,13,1,-1,-1,-1
410,7,670,129,13,13,1,-1,-1,-1
410,8,696,140,10,11,1,-1,-1,-1
410,11,659,100,10,11,1,-1,-1,-1
410,12,690,129,10,13,1,-1,-1,-1
410,13,687,117,10,13,1,-1,-1,-1
410,14,679,102,10,11,1,-1,-1,-1
410,15,656,92,10,9,1,-1,-1,-1
410,17,673,94,10,9,1,-1,-1,-1
410,18,673,86,10,9,1,-1,-1,-1
410,26,851,133,14,19,1,-1,-1,-1
410,29,673,142,10,13,1,-1,-1,-1
410,35,604,131,14,21,1,-1,-1,-1
410,37,617,108,11,11,1,-1,-1,-1
410,44,939,281,22,21,1,-1,-1,-1
410,46,966,277,37,36,1,-1,-1,-1
410,47,744,82,11,11,1,-1,-1,-1
410,48,739,146,13,13,1,-1,-1,-1
410,49,905,279,23,23,1,-1,-1,-1
410,51,918,298,27,25,1,-1,-1,-1
410,53,956,306,27,25,1,-1,-1,-1
410,54,996,316,27,28,1,-1,-1,-1
410,55,979,335,31,27,1,-1,-1,-1
410,56,784,104,19,13,1,-1,-1,-1
410,60,958,403,49,38,1,-1,-1,-1
410,61,719,111,11,13,1,-1,-1,-1
410,62,701,109,11,13,1,-1,-1,-1
410,63,630,109,10,11,1,-1,-1,-1
410,64,765,133,14,11,1,-1,-1,-1
410,65,640,82,11,13,1,-1,-1,-1
410,66,647,232,16,21,1,-1,-1,-1
411,1,612,119,11,11,1,-1,-1,-1
411,2,626,129,10,11,1,-1,-1,-1
411,4,628,142,10,13,1,-1,-1,-1
411,6,666,115,10,13,1,-1,-1,-1
411,7,671,127,13,13,1,-1,-1,-1
411,8,696,140,10,11,1,-1,-1,-1
411,11,659,98,10,11,1,-1,-1,-1
411,12,692,129,10,13,1,-1,-1,-1
411,13,687,117,10,13,1,-1,-1,-1
411,14,679,102,10,11,1,-1,-1,-1
411,15,656,92,10,9,1,-1,-1,-1
411,17,672,94,10,9,1,-1,-1,-1
411,18,673,86,10,9,1,-1,-1,-1
411,26,851,131,14,19,1,-1,-1,-1
411,29,675,142,10,13,1,-1,-1,-1
411,35,604,129,14,21,1,-1,-1,-1
411,37,617,106,11,11,1,-1,-1,-1
411,44,939,281,22,21,1,-1,-1,-1
411,46,966,277,39,38,1,-1,-1,-1
411,47,744,81,11,11,1,-1,-1,-1
411,48,740,146,13,13,1,-1,-1,-1
411,49,906,279,23,23,1,-1,-1,-1
411,51,919,298,27,25,1,-1,-1,-1
411,53,956,304,27,25,1,-1,-1,-1
411,54,997,316,26,27,1,-1,-1,-1
411,55,980,335,31,27,1,-1,-1,-1
411,56,784,102,19,13,1,-1,-1,-1
411,60,958,399,50,38,1,-1,-1,-1
411,61,719,111,11,13,1,-1,-1,-1
411,62,701,109,11,13,1,-1,-1,-1
411,63,630,109,10,11,1,-1,-1,-1
411,64,765,131,14,11,1,-1,-1,-1
411,65,640,82,11,13,1,-1,-1,-1
411,66,646,231,15,21,1,-1,-1,-1
412,1,612,119,11,11,1,-1,-1,-1
412,2,625,127,10,11,1,-1,-1,-1
412,4,626,140,10,13,1,-1,-1,-1
412,6,666,113,10,13,1,-1,-1,-1
412,7,671,127,13,13,1,-1,-1,-1
412,8,696,140,10,11,1,-1,-1,-1
412,11,659,98,10,11,1,-1,-1,-1
412,12,690,129,10,13,1,-1,-1,-1
412,13,687,117,10,13,1,-1,-1,-1
412,14,679,102,10,11,1,-1,-1,-1
412,15,656,90,10,9,1,-1,-1,-1
412,17,673,94,10,9,1,-1,-1,-1
412,18,673,86,10,9,1,-1,-1,-1
412,26,852,131,14,19,1,-1,-1,-1
412,29,673,140,10,13,1,-1,-1,-1
412,35,604,129,14,21,1,-1,-1,-1
412,37,619,106,11,11,1,-1,-1,-1
412,44,939,281,22,21,1,-1,-1,-1
412,46,966,275,37,36,1,-1,-1,-1
412,47,744,79,11,11,1,-1,-1,-1
412,48,740,146,13,13,1,-1,-1,-1
412,49,905,277,23,23,1,-1,-1,-1
412,51,919,298,24,23,1,-1,-1,-1
412,53,956,302,27,25,1,-1,-1,-1
412,54,997,316,26,27,1,-1,-1,-1
412,55,982,335,30,25,1,-1,-1,-1
412,56,783,100,19,13,1,-1,-1,-1
412,60,957,397,52,40,1,-1,-1,-1
412,61,719,111,11,13,1,-1,-1,-1
412,62,701,109,11,13,1,-1,-1,-1
412,63,632,109,10,11,1,-1,-1,-1
412,64,765,129,14,11,1,-1,-1,-1
412,65,640,82,11,13,1,-1,-1,-1
412,66,646,231,15,21,1,-1,-1,-1
413,1,612,117,11,11,1,-1,-1,-1
413,2,626,127,10,11,1,-1,-1,-1
413,4,626,140,10,13,1,-1,-1,-1
413,6,664,113,10,13,1,-1,-1,-1
413,7,671,127,13,13,1,-1,-1,-1
413,8,697,138,10,11,1,-1,-1,-1
413,11,659,98,10,11,1,-1,-1,-1
413,12,692,127,10,13,1,-1,-1,-1
413,13,687,117,10,13,1,-1,-1,-1
413,14,679,102,10,11,1,-1,-1,-1
413,15,656,90,10,9,1,-1,-1,-1
413,17,673,92,10,9,1,-1,-1,-1
413,18,673,86,10,9,1,-1,-1,-1
413,26,852,131,14,19,1,-1,-1,-1
413,29,673,140,10,13,1,-1,-1,-1
413,35,604,129,14,21,1,-1,-1,-1
413,37,619,106,11,11,1,-1,-1,-1
413,44,940,279,22,21,1,-1,-1,-1
413,46,969,275,36,36,1,-1,-1,-1
413,47,744,79,11,11,1,-1,-1,-1
413,48,740,146,13,13,1,-1,-1,-1
413,49,906,277,23,23,1,-1,-1,-1
413,51,919,297,27,25,1,-1,-1,-1
413,53,956,302,27,25,1,-1,-1,-1
413,54,999,316,24,25,1,-1,-1,-1
413,55,983,333,30,25,1,-1,-1,-1
413,56,782,100,19,13,1,-1,-1,-1
413,60,957,397,50,38,1,-1,-1,-1
413,61,720,111,11,13,1,-1,-1,-1
413,62,701,109,11,13,1,-1,-1,-1
413,63,630,109,10,11,1,-1,-1,-1
413,64,764,127,14,11,1,-1,-1,-1
413,65,640,81,11,13,1,-1,-1,-1
413,66,647,231,15,21,1,-1,-1,-1
414,1,612,117,11,11,1,-1,-1,-1
414,2,628,127,10,11,1,-1,-1,-1
414,4,626,140,10,13,1,-1,-1,-1
414,6,666,113,10,13,1,-1,-1,-1
414,7,671,127,13,13,1,-1,-1,-1
414,8,697,138,10,11,1,-1,-1,-1
414,11,659,98,10,11,1,-1,-1,-1
414,12,692,127,10,13,1,-1,-1,-1
414,13,688,115,10,13,1,-1,-1,-1
414,14,679,100,10,11,1,-1,-1,-1
414,15,658,90,10,9,1,-1,-1,-1
414,17,675,92,10,9,1,-1,-1,-1
414,18,675,84,10,9,1,-1,-1,-1
414,26,852,131,14,19,1,-1,-1,-1
414,29,673,140,10,13,1,-1,-1,-1
414,35,604,127,14,21,1,-1,-1,-1
414,37,619,104,11,11,1,-1,-1,-1
414,44,940,279,22,21,1,-1,-1,-1
414,46,967,275,37,36,1,-1,-1,-1
414,47,744,77,11,11,1,-1,-1,-1
414,48,740,146,13,13,1,-1,-1,-1
414,49,906,275,23,23,1,-1,-1,-1
414,51,920,295,27,25,1,-1,-1,-1
414,53,957,302,27,25,1,-1,-1,-1
414,54,999,316,24,25,1,-1,-1,-1
414,55,983,333,31,27,1,-1,-1,-1
414,56,782,98,19,13,1,-1,-1,-1
414,60,954,393,50,38,1,-1,-1,-1
414,61,720,111,11,13,1,-1,-1,-1
414,62,701,109,11,13,1,-1,-1,-1
414,63,630,109,10,11,1,-1,-1,-1
414,64,764,127,14,11,1,-1,-1,-1
414,65,640,81,11,13,1,-1,-1,-1
414,66,649,229,15,21,1,-1,-1,-1
415,1,612,117,11,11,1,-1,-1,-1
415,2,626,127,10,11,1,-1,-1,-1
415,4,626,138,10,13,1,-1,-1,-1
415,6,666,111,10,13,1,-1,-1,-1
415,7,671,125,13,13,1,-1,-1,-1
415,8,697,138,10,11,1,-1,-1,-1
415,11,659,98,10,11,1,-1,-1,-1
415,12,692,127,10,13,1,-1,-1,-1
415,13,688,115,10,13,1,-1,-1,-1
415,14,680,100,10,11,1,-1,-1,-1
415,15,658,88,10,9,1,-1,-1,-1
415,17,675,92,10,9,1,-1,-1,-1
415,18,673,84,10,9,1,-1,-1,-1
415,26,854,129,14,19,1,-1,-1,-1
415,29,673,138,10,13,1,-1,-1,-1
415,35,604,127,14,21,1,-1,-1,-1
415,37,619,104,11,11,1,-1,-1,-1
415,44,940,277,22,21,1,-1,-1,-1
415,46,969,275,36,36,1,-1,-1,-1
415,47,743,77,11,11,1,-1,-1,-1
415,48,741,146,13,13,1,-1,-1,-1
415,49,906,275,23,23,1,-1,-1,-1
415,51,920,295,27,25,1,-1,-1,-1
415,53,958,302,27,25,1,-1,-1,-1
415,54,1000,314,23,25,1,-1,-1,-1
415,55,983,331,31,27,1,-1,-1,-1
415,56,782,96,19,13,1,-1,-1,-1
415,60,959,393,40,32,1,-1,-1,-1
415,61,720,111,11,13,1,-1,-1,-1
415,62,702,109,11,13,1,-1,-1,-1
415,63,630,108,10,11,1,-1,-1,-1
415,64,764,125,14,11,1,-1,-1,-1
415,65,640,81,11,13,1,-1,-1,-1
415,66,649,229,15,21,1,-1,-1,-1
416,1,612,115,11,11,1,-1,-1,-1
416,2,626,125,10,11,1,-1,-1,-1
416,4,626,138,10,13,1,-1,-1,-1
416,6,667,111,10,13,1,-1,-1,-1
416,7,671,125,13,13,1,-1,-1,-1
416,8,697,136,10,11,1,-1,-1,-1
416,11,659,96,10,11,1,-1,-1,-1
416,12,692,125,10,13,1,-1,-1,-1
416,13,688,115,10,13,1,-1,-1,-1
416,14,679,100,10,11,1,-1,-1,-1
416,15,658,88,10,9,1,-1,-1,-1
416,17,675,90,10,9,1,-1,-1,-1
416,18,673,84,10,9,1,-1,-1,-1
416,26,854,129,14,19,1,-1,-1,-1
416,29,673,138,10,13,1,-1,-1,-1
416,35,604,127,14,21,1,-1,-1,-1
416,37,619,102,11,11,1,-1,-1,-1
416,44,940,277,22,21,1,-1,-1,-1
416,46,970,273,36,34,1,-1,-1,-1
416,47,743,75,11,11,1,-1,-1,-1
416,48,743,146,13,13,1,-1,-1,-1
416,49,906,273,23,23,1,-1,-1,-1
416,51,922,295,27,25,1,-1,-1,-1
416,53,957,300,27,25,1,-1,-1,-1
416,54,1000,312,23,27,1,-1,-1,-1
416,55,983,331,31,27,1,-1,-1,-1
416,56,782,96,19,13,1,-1,-1,-1
416,60,958,391,37,30,1,-1,-1,-1
416,61,720,111,11,13,1,-1,-1,-1
416,62,702,109,11,13,1,-1,-1,-1
416,63,630,108,10,11,1,-1,-1,-1
416,64,762,123,14,11,1,-1,-1,-1
416,65,640,81,11,13,1,-1,-1,-1
416,66,649,229,15,21,1,-1,-1,-1
417,1,612,115,11,11,1,-1,-1,-1
417,2,626,125,10,11,1,-1,-1,-1
417,4,628,138,10,13,1,-1,-1,-1
417,6,667,111,10,13,1,-1,-1,-1
417,7,671,125,13,13,1,-1,-1,-1
417,8,697,136,10,11,1,-1,-1,-1
417,11,659,96,10,11,1,-1,-1,-1
417,12,692,125,10,13,1,-1,-1,-1
417,13,688,113,10,13,1,-1,-1,-1
417,14,680,100,10,11,1,-1,-1,-1
417,15,658,88,10,9,1,-1,-1,-1
417,17,675,92,10,9,1,-1,-1,-1
417,18,673,82,10,9,1,-1,-1,-1
417,26,854,129,14,19,1,-1,-1,-1
417,29,673,138,10,13,1,-1,-1,-1
417,35,604,125,14,21,1,-1,-1,-1
417,37,619,102,11,11,1,-1,-1,-1
417,44,940,277,22,21,1,-1,-1,-1
417,46,970,273,36,36,1,-1,-1,-1
417,47,743,75,11,11,1,-1,-1,-1
417,48,743,146,13,13,1,-1,-1,-1
417,49,906,273,23,23,1,-1,-1,-1
417,51,922,293,27,25,1,-1,-1,-1
417,53,958,300,27,25,1,-1,-1,-1
417,54,1000,312,23,25,1,-1,-1,-1
417,55,983,331,30,25,1,-1,-1,-1
417,56,781,94,19,13,1,-1,-1,-1
417,60,958,391,37,30,1,-1,-1,-1
417,61,720,109,11,13,1,-1,-1,-1
417,62,702,109,11,13,1,-1,-1,-1
417,63,630,106,10,11,1,-1,-1,-1
417,64,761,123,14,11,1,-1,-1,-1
417,65,638,81,11,13,1,-1,-1,-1
417,66,649,229,15,21,1,-1,-1,-1
418,1,612,115,11,11,1,-1,-1,-1
418,2,626,125,10,11,1,-1,-1,-1
418,4,628,138,10,13,1,-1,-1,-1
418,6,667,111,10,13,1,-1,-1,-1
418,7,671,125,13,13,1,-1,-1,-1
418,8,697,136,10,11,1,-1,-1,-1
418,11,659,94,10,11,1,-1,-1,-1
418,12,693,125,10,13,1,-1,-1,-1
418,13,688,113,10,13,1,-1,-1,-1
418,14,679,100,10,11,1,-1,-1,-1
418,15,658,88,10,9,1,-1,-1,-1
418,17,675,90,10,9,1,-1,-1,-1
418,18,673,82,10,9,1,-1,-1,-1
418,26,854,127,14,19,1,-1,-1,-1
418,29,675,136,10,13,1,-1,-1,-1
418,35,604,125,14,21,1,-1,-1,-1
418,37,617,102,11,11,1,-1,-1,-1
418,44,941,275,22,21,1,-1,-1,-1
418,46,970,271,36,36,1,-1,-1,-1
418,47,743,75,11,11,1,-1,-1,-1
418,49,907,273,20,21,1,-1,-1,-1
418,51,923,293,27,25,1,-1,-1,-1
418,53,960,300,26,25,1,-1,-1,-1
418,54,1000,312,23,27,1,-1,-1,-1
418,55,984,329,30,25,1,-1,-1,-1
418,56,779,94,19,13,1,-1,-1,-1
418,60,957,385,40,32,1,-1,-1,-1
418,61,722,109,11,13,1,-1,-1,-1
418,62,704,109,11,13,1,-1,-1,-1
418,63,630,106,10,11,1,-1,-1,-1
418,64,762,121,14,11,1,-1,-1,-1
418,65,640,79,11,13,1,-1,-1,-1
418,66,650,227,15,21,1,-1,-1,-1
419,1,612,113,11,11,1,-1,-1,-1
419,2,628,123,10,11,1,-1,-1,-1
419,4,628,136,10,13,1,-1,-1,-1
419,6,667,109,10,13,1,-1,-1,-1
419,7,671,123,13,13,1,-1,-1,-1
419,8,697,136,10,11,1,-1,-1,-1
419,11,659,96,10,11,1,-1,-1,-1
419,12,692,123,10,13,1,-1,-1,-1
419,13,688,113,10,13,1,-1,-1,-1
419,14,680,98,10,11,1,-1,-1,-1
419,15,656,86,10,9,1,-1,-1,-1
419,17,675,90,10,9,1,-1,-1,-1
419,18,675,82,10,9,1,-1,-1,-1
419,26,854,127,14,19,1,-1,-1,-1
419,29,675,136,10,13,1,-1,-1,-1
419,35,606,125,14,21,1,-1,-1,-1
419,37,619,102,11,11,1,-1,-1,-1
419,44,943,275,22,21,1,-1,-1,-1
419,46,969,270,39,38,1,-1,-1,-1
419,47,743,73,11,11,1,-1,-1,-1
419,49,909,271,20,21,1,-1,-1,-1
419,51,922,293,27,25,1,-1,-1,-1
419,53,960,298,27,25,1,-1,-1,-1
419,54,1001,310,22,27,1,-1,-1,-1
419,55,984,327,30,25,1,-1,-1,-1
419,56,779,92,19,13,1,-1,-1,-1
419,60,957,385,40,32,1,-1,-1,-1
419,61,723,111,11,13,1,-1,-1,-1
419,62,705,109,11,13,1,-1,-1,-1
419,63,630,106,10,11,1,-1,-1,-1
419,64,761,119,14,11,1,-1,-1,-1
419,65,640,79,11,13,1,-1,-1,-1
419,66,649,227,15,21,1,-1,-1,-1
420,1,612,113,11,11,1,-1,-1,-1
420,2,628,125,10,11,1,-1,-1,-1
420,4,628,136,10,13,1,-1,-1,-1
420,6,667,109,10,13,1,-1,-1,-1
420,7,671,123,13,13,1,-1,-1,-1
420,8,697,135,10,11,1,-1,-1,-1
420,11,659,94,10,11,1,-1,-1,-1
420,12,693,123,10,13,1,-1,-1,-1
420,13,688,113,10,13,1,-1,-1,-1
420,14,680,98,10,11,1,-1,-1,-1
420,15,658,86,10,9,1,-1,-1,-1
420,17,675,88,10,9,1,-1,-1,-1
420,18,675,82,10,9,1,-1,-1,-1
420,26,855,127,14,19,1,-1,-1,-1
420,29,675,136,10,13,1,-1,-1,-1
420,35,606,123,14,21,1,-1,-1,-1
420,37,619,102,11,11,1,-1,-1,-1
420,44,943,273,22,21,1,-1,-1,-1
420,46,970,268,39,38,1,-1,-1,-1
420,47,743,73,11,11,1,-1,-1,-1
420,49,907,271,23,23,1,-1,-1,-1
420,51,923,291,27,25,1,-1,-1,-1
420,53,962,298,27,25,1,-1,-1,-1
420,54,1003,310,20,25,1,-1,-1,-1
420,55,986,329,28,25,1,-1,-1,-1
420,56,778,90,19,13,1,-1,-1,-1
420,60,956,383,40,32,1,-1,-1,-1
420,61,723,109,11,13,1,-1,-1,-1
420,62,705,109,11,13,1,-1,-1,-1
420,63,629,106,10,11,1,-1,-1,-1
420,64,761,119,14,11,1,-1,-1,-1
420,65,640,79,11,13,1,-1,-1,-1
420,66,649,227,15,21,1,-1,-1,-1
421,1,612,113,11,11,1,-1,-1,-1
421,2,628,123,10,11,1,-1,-1,-1
421,4,628,136,10,13,1,-1,-1,-1
421,6,667,109,10,13,1,-1,-1,-1
421,7,671,123,13,13,1,-1,-1,-1
421,8,697,135,10,11,1,-1,-1,-1
421,11,659,94,10,11,1,-1,-1,-1
421,12,692,123,10,13,1,-1,-1,-1
421,13,688,111,10,13,1,-1,-1,-1
421,14,680,98,10,11,1,-1,-1,-1
421,15,658,86,10,9,1,-1,-1,-1
421,17,675,90,10,9,1,-1,-1,-1
421,18,675,81,10,9,1,-1,-1,-1
421,26,854,125,14,19,1,-1,-1,-1
421,29,675,136,10,13,1,-1,-1,-1
421,35,606,123,14,21,1,-1,-1,-1
421,37,619,100,11,11,1,-1,-1,-1
421,44,943,273,22,21,1,-1,-1,-1
421,46,970,268,39,38,1,-1,-1,-1
421,47,741,71,11,11,1,-1,-1,-1
421,49,907,271,23,23,1,-1,-1,-1
421,51,923,291,27,25,1,-1,-1,-1
421,53,961,298,27,25,1,-1,-1,-1
421,54,1004,308,19,27,1,-1,-1,-1
421,55,987,327,30,25,1,-1,-1,-1
421,56,778,90,19,13,1,-1,-1,-1
421,60,954,381,40,32,1,-1,-1,-1
421,61,723,109,11,13,1,-1,-1,-1
421,62,705,109,11,13,1,-1,-1,-1
421,63,630,106,10,11,1,-1,-1,-1
421,64,761,117,14,11,1,-1,-1,-1
421,65,638,79,11,13,1,-1,-1,-1
421,66,649,227,15,21,1,-1,-1,-1
422,1,612,113,11,11,1,-1,-1,-1
422,2,628,123,10,11,1,-1,-1,-1
422,4,628,135,10,13,1,-1,-1,-1
422,6,666,108,10,13,1,-1,-1,-1
422,7,671,121,13,13,1,-1,-1,-1
422,8,697,133,10,11,1,-1,-1,-1
422,11,659,92,10,11,1,-1,-1,-1
422,12,693,123,10,13,1,-1,-1,-1
422,13,688,111,10,13,1,-1,-1,-1
422,14,680,96,10,11,1,-1,-1,-1
422,15,658,86,10,9,1,-1,-1,-1
422,17,675,88,10,9,1,-1,-1,-1
422,18,675,82,10,9,1,-1,-1,-1
422,26,855,125,14,19,1,-1,-1,-1
422,29,676,135,10,13,1,-1,-1,-1
422,35,606,123,14,21,1,-1,-1,-1
422,37,619,100,11,11,1,-1,-1,-1
422,44,943,273,22,21,1,-1,-1,-1
422,46,970,268,39,38,1,-1,-1,-1
422,47,741,71,11,11,1,-1,-1,-1
422,49,909,270,22,21,1,-1,-1,-1
422,51,924,289,27,25,1,-1,-1,-1
422,53,962,295,27,25,1,-1,-1,-1
422,54,1004,306,19,27,1,-1,-1,-1
422,55,987,327,30,25,1,-1,-1,-1
422,56,778,88,19,13,1,-1,-1,-1
422,60,953,378,40,32,1,-1,-1,-1
422,61,723,109,11,13,1,-1,-1,-1
422,62,705,109,11,13,1,-1,-1,-1
422,63,630,106,10,11,1,-1,-1,-1
422,64,761,117,14,11,1,-1,-1,-1
422,65,638,79,11,13,1,-1,-1,-1
422,66,650,227,15,21,1,-1,-1,-1
423,1,612,111,11,11,1,-1,-1,-1
423,2,626,123,10,11,1,-1,-1,-1
423,4,628,133,10,13,1,-1,-1,-1
423,6,667,108,10,13,1,-1,-1,-1
423,7,671,121,13,13,1,-1,-1,-1
423,8,697,133,10,11,1,-1,-1,-1
423,11,659,92,10,11,1,-1,-1,-1
423,12,693,121,10,13,1,-1,-1,-1
423,13,688,111,10,13,1,-1,-1,-1
423,14,680,96,10,11,1,-1,-1,-1
423,15,659,84,10,9,1,-1,-1,-1
423,17,676,88,10,9,1,-1,-1,-1
423,18,675,79,10,9,1,-1,-1,-1
423,26,855,125,14,19,1,-1,-1,-1
423,29,676,133,10,13,1,-1,-1,-1
423,35,606,121,14,21,1,-1,-1,-1
423,37,619,100,11,11,1,-1,-1,-1
423,44,944,271,22,21,1,-1,-1,-1
423,46,971,268,39,38,1,-1,-1,-1
423,47,741,71,11,11,1,-1,-1,-1
423,49,909,268,23,23,1,-1,-1,-1
423,51,923,289,27,25,1,-1,-1,-1
423,53,962,295,27,25,1,-1,-1,-1
423,54,1005,306,18,27,1,-1,-1,-1
423,55,987,325,30,25,1,-1,-1,-1
423,56,777,86,19,13,1,-1,-1,-1
423,60,953,376,39,30,1,-1,-1,-1
423,61,723,109,11,13,1,-1,-1,-1
423,62,705,109,11,13,1,-1,-1,-1
423,63,630,104,10,11,1,-1,-1,-1
423,64,760,115,14,11,1,-1,-1,-1
423,65,638,79,11,13,1,-1,-1,-1
423,66,650,227,15,21,1,-1,-1,-1
424,1,612,111,11,11,1,-1,-1,-1
424,2,626,121,10,11,1,-1,-1,-1
424,4,629,133,10,13,1,-1,-1,-1
424,6,667,106,10,13,1,-1,-1,-1
424,7,671,121,13,13,1,-1,-1,-1
424,8,697,133,10,11,1,-1,-1,-1
424,11,659,92,10,11,1,-1,-1,-1
424,12,693,121,10,13,1,-1,-1,-1
424,13,688,109,10,13,1,-1,-1,-1
424,14,680,96,10,11,1,-1,-1,-1
424,15,658,84,10,9,1,-1,-1,-1
424,17,675,88,10,9,1,-1,-1,-1
424,18,675,81,10,9,1,-1,-1,-1
424,26,855,123,14,19,1,-1,-1,-1
424,29,676,133,10,13,1,-1,-1,-1
424,35,606,121,14,21,1,-1,-1,-1
424,37,619,100,11,11,1,-1,-1,-1
424,44,945,271,22,21,1,-1,-1,-1
424,46,973,266,39,38,1,-1,-1,-1
424,47,740,69,11,11,1,-1,-1,-1
424,49,910,268,23,23,1,-1,-1,-1
424,51,923,289,27,25,1,-1,-1,-1
424,53,961,297,29,22,1,-1,-1,-1
424,54,1004,304,19,28,1,-1,-1,-1
424,55,988,325,30,25,1,-1,-1,-1
424,56,775,86,19,13,1,-1,-1,-1
424,60,953,374,40,32,1,-1,-1,-1
424,61,723,109,11,13,1,-1,-1,-1
424,62,706,109,11,13,1,-1,-1,-1
424,63,630,104,10,11,1,-1,-1,-1
424,64,760,113,14,11,1,-1,-1,-1
424,65,638,79,11,13,1,-1,-1,-1
424,66,650,225,15,21,1,-1,-1,-1
425,1,612,111,11,11,1,-1,-1,-1
425,2,628,121,10,11,1,-1,-1,-1
425,4,628,133,10,13,1,-1,-1,-1
425,6,667,106,10,13,1,-1,-1,-1
425,7,672,121,13,13,1,-1,-1,-1
425,8,697,131,10,11,1,-1,-1,-1
425,11,659,92,10,11,1,-1,-1,-1
425,12,693,121,10,13,1,-1,-1,-1
425,13,688,109,10,13,1,-1,-1,-1
425,14,680,96,10,11,1,-1,-1,-1
425,15,658,84,10,9,1,-1,-1,-1
425,17,675,86,10,9,1,-1,-1,-1
425,18,675,79,10,9,1,-1,-1,-1
425,26,855,123,14,19,1,-1,-1,-1
425,29,676,133,10,13,1,-1,-1,-1
425,35,607,121,14,21,1,-1,-1,-1
425,37,619,98,11,11,1,-1,-1,-1
425,44,945,270,22,21,1,-1,-1,-1
425,46,973,266,39,38,1,-1,-1,-1
425,47,741,69,11,11,1,-1,-1,-1
425,49,910,266,23,23,1,-1,-1,-1
425,51,924,287,26,25,1,-1,-1,-1
425,53,962,297,27,21,1,-1,-1,-1
425,54,1005,304,18,27,1,-1,-1,-1
425,55,988,325,31,27,1,-1,-1,-1
425,56,775,84,19,13,1,-1,-1,-1
425,60,953,372,40,32,1,-1,-1,-1
425,61,724,109,11,13,1,-1,-1,-1
425,62,706,109,11,13,1,-1,-1,-1
425,63,630,104,10,11,1,-1,-1,-1
425,64,760,111,14,11,1,-1,-1,-1
425,65,638,77,11,13,1,-1,-1,-1
425,66,650,225,15,21,1,-1,-1,-1
426,1,612,109,11,11,1,-1,-1,-1
426,2,628,121,10,11,1,-1,-1,-1
426,4,628,131,10,13,1,-1,-1,-1
426,6,667,106,10,13,1,-1,-1,-1
426,7,671,119,13,13,1,-1,-1,-1
426,8,697,131,10,11,1,-1,-1,-1
426,11,659,92,10,11,1,-1,-1,-1
426,12,693,119,10,13,1,-1,-1,-1
426,13,689,109,10,13,1,-1,-1,-1
426,14,680,96,10,11,1,-1,-1,-1
426,15,658,82,10,9,1,-1,-1,-1
426,17,676,86,10,9,1,-1,-1,-1
426,18,676,79,10,9,1,-1,-1,-1
426,26,855,123,14,19,1,-1,-1,-1
426,29,676,131,10,13,1,-1,-1,-1
426,35,607,119,14,21,1,-1,-1,-1
426,37,619,98,11,11,1,-1,-1,-1
426,44,945,270,22,21,1,-1,-1,-1
426,46,974,264,37,36,1,-1,-1,-1
426,47,741,67,11,11,1,-1,-1,-1
426,49,910,266,23,23,1,-1,-1,-1
426,51,926,287,27,25,1,-1,-1,-1
426,53,962,295,28,21,1,-1,-1,-1
426,54,1007,304,16,27,1,-1,-1,-1
426,55,990,324,30,25,1,-1,-1,-1
426,56,774,82,19,13,1,-1,-1,-1
426,60,952,370,40,32,1,-1,-1,-1
426,61,724,109,11,13,1,-1,-1,-1
426,62,706,109,11,13,1,-1,-1,-1
426,63,630,104,10,11,1,-1,-1,-1
426,64,759,112,13,10,1,-1,-1,-1
426,65,640,79,11,13,1,-1,-1,-1
426,66,650,225,15,21,1,-1,-1,-1
427,1,612,109,11,11,1,-1,-1,-1
427,2,628,119,10,11,1,-1,-1,-1
427,4,628,131,10,13,1,-1,-1,-1
427,6,667,104,10,13,1,-1,-1,-1
427,7,671,119,13,13,1,-1,-1,-1
427,8,697,131,10,11,1,-1,-1,-1
427,11,660,90,10,11,1,-1,-1,-1
427,12,693,119,10,13,1,-1,-1,-1
427,13,689,109,10,13,1,-1,-1,-1
427,14,680,94,10,11,1,-1,-1,-1
427,15,659,82,10,9,1,-1,-1,-1
427,17,676,86,10,9,1,-1,-1,-1
427,18,676,79,10,9,1,-1,-1,-1
427,26,855,123,14,19,1,-1,-1,-1
427,29,676,131,10,13,1,-1,-1,-1
427,35,606,119,14,21,1,-1,-1,-1
427,37,619,96,11,11,1,-1,-1,-1
427,44,945,268,22,21,1,-1,-1,-1
427,46,974,264,36,36,1,-1,-1,-1
427,47,741,67,11,11,1,-1,-1,-1
427,49,910,264,23,23,1,-1,-1,-1
427,51,926,285,27,25,1,-1,-1,-1
427,53,962,295,27,21,1,-1,-1,-1
427,54,1007,302,16,27,1,-1,-1,-1
427,55,991,322,30,25,1,-1,-1,-1
427,56,774,82,19,13,1,-1,-1,-1
427,60,950,366,40,32,1,-1,-1,-1
427,61,726,109,11,13,1,-1,-1,-1
427,62,706,109,11,13,1,-1,-1,-1
427,63,630,104,10,11,1,-1,-1,-1
427,64,758,111,13,9,1,-1,-1,-1
427,65,640,77,11,13,1,-1,-1,-1
427,66,650,225,15,21,1,-1,-1,-1
428,1,612,109,11,11,1,-1,-1,-1
428,2,628,119,10,11,1,-1,-1,-1
428,4,628,131,10,13,1,-1,-1,-1
428,6,667,104,10,13,1,-1,-1,-1
428,7,672,119,13,13,1,-1,-1,-1
428,8,697,129,10,11,1,-1,-1,-1
428,11,659,90,10,11,1,-1,-1,-1
428,12,693,119,10,13,1,-1,-1,-1
428,13,689,108,10,13,1,-1,-1,-1
428,14,680,94,10,11,1,-1,-1,-1
428,15,659,82,10,9,1,-1,-1,-1
428,17,676,86,10,9,1,-1,-1,-1
428,18,675,77,10,9,1,-1,-1,-1
428,26,855,121,14,19,1,-1,-1,-1
428,29,676,131,10,13,1,-1,-1,-1
428,35,606,117,14,21,1,-1,-1,-1
428,37,620,96,11,11,1,-1,-1,-1
428,44,945,268,22,21,1,-1,-1,-1
428,46,974,264,37,36,1,-1,-1,-1
428,47,740,65,11,11,1,-1,-1,-1
428,49,910,264,24,25,1,-1,-1,-1
428,51,927,285,27,25,1,-1,-1,-1
428,53,962,293,28,21,1,-1,-1,-1
428,54,1008,302,15,25,1,-1,-1,-1
428,55,991,322,30,25,1,-1,-1,-1
428,56,774,81,19,13,1,-1,-1,-1
428,60,950,364,40,32,1,-1,-1,-1
428,61,726,108,11,13,1,-1,-1,-1
428,62,706,109,11,13,1,-1,-1,-1
428,63,629,104,10,11,1,-1,-1,-1
428,64,757,109,13,9,1,-1,-1,-1
428,65,638,77,11,13,1,-1,-1,-1
428,66,650,225,15,21,1,-1,-1,-1
429,1,612,108,11,11,1,-1,-1,-1
429,2,628,119,10,11,1,-1,-1,-1
429,4,628,129,10,13,1,-1,-1,-1
429,6,667,104,10,13,1,-1,-1,-1
429,7,671,117,13,13,1,-1,-1,-1
429,8,697,129,10,11,1,-1,-1,-1
429,11,659,90,10,11,1,-1,-1,-1
429,12,693,117,10,13,1,-1,-1,-1
429,13,689,108,10,13,1,-1,-1,-1
429,14,680,94,10,11,1,-1,-1,-1
429,15,659,82,10,9,1,-1,-1,-1
429,17,676,84,10,9,1,-1,-1,-1
429,18,676,77,10,9,1,-1,-1,-1
429,26,856,121,14,19,1,-1,-1,-1
429,29,676,131,10,13,1,-1,-1,-1
429,35,607,117,14,21,1,-1,-1,-1
429,37,619,96,11,11,1,-1,-1,-1
429,44,946,268,22,21,1,-1,-1,-1
429,46,971,261,42,40,1,-1,-1,-1
429,47,740,65,11,11,1,-1,-1,-1
429,49,910,262,26,25,1,-1,-1,-1
429,51,927,283,27,25,1,-1,-1,-1
429,53,962,293,28,21,1,-1,-1,-1
429,54,1008,300,15,27,1,-1,-1,-1
429,55,991,322,31,27,1,-1,-1,-1
429,56,774,81,16,13,1,-1,-1,-1
429,60,949,362,40,32,1,-1,-1,-1
429,61,726,109,11,13,1,-1,-1,-1
429,62,707,108,11,13,1,-1,-1,-1
429,63,630,102,10,11,1,-1,-1,-1
429,64,757,108,13,9,1,-1,-1,-1
429,65,638,77,11,13,1,-1,-1,-1
429,66,650,225,15,21,1,-1,-1,-1
430,1,612,108,11,11,1,-1,-1,-1
430,2,628,119,10,11,1,-1,-1,-1
430,4,628,129,10,13,1,-1,-1,-1
430,6,667,102,10,13,1,-1,-1,-1
430,7,672,117,13,13,1,-1,-1,-1
430,8,698,129,10,11,1,-1,-1,-1
430,11,659,88,10,11,1,-1,-1,-1
430,12,693,117,10,13,1,-1,-1,-1
430,13,689,106,10,13,1,-1,-1,-1
430,14,680,92,10,11,1,-1,-1,-1
430,15,659,81,10,9,1,-1,-1,-1
430,17,676,84,10,9,1,-1,-1,-1
430,18,676,77,10,9,1,-1,-1,-1
430,26,856,121,14,19,1,-1,-1,-1
430,29,676,129,10,13,1,-1,-1,-1
430,35,607,117,14,21,1,-1,-1,-1
430,37,619,96,11,11,1,-1,-1,-1
430,44,946,266,22,21,1,-1,-1,-1
430,46,974,262,39,38,1,-1,-1,-1
430,47,740,63,11,11,1,-1,-1,-1
430,49,910,262,24,25,1,-1,-1,-1
430,51,927,283,27,25,1,-1,-1,-1
430,53,963,293,28,21,1,-1,-1,-1
430,54,1008,300,15,27,1,-1,-1,-1
430,55,991,320,31,27,1,-1,-1,-1
430,56,773,79,15,13,1,-1,-1,-1
430,60,949,360,40,32,1,-1,-1,-1
430,61,727,108,11,13,1,-1,-1,-1
430,62,709,109,11,13,1,-1,-1,-1
430,63,630,102,10,11,1,-1,-1,-1
430,64,757,106,13,9,1,-1,-1,-1
430,65,638,77,11,13,1,-1,-1,-1
430,66,650,223,15,21,1,-1,-1,-1
431,1,612,106,11,11,1,-1,-1,-1
431,2,628,117,10,11,1,-1,-1,-1
431,4,628,129,10,13,1,-1,-1,-1
431,6,667,102,10,13,1,-1,-1,-1
431,7,672,117,13,13,1,-1,-1,-1
431,8,698,127,10,11,1,-1,-1,-1
431,11,660,88,10,11,1,-1,-1,-1
431,12,693,117,10,13,1,-1,-1,-1
431,13,689,106,10,13,1,-1,-1,-1
431,14,680,92,10,11,1,-1,-1,-1
431,15,659,81,10,9,1,-1,-1,-1
431,17,676,84,10,9,1,-1,-1,-1
431,18,676,77,10,9,1,-1,-1,-1
431,26,856,119,14,19,1,-1,-1,-1
431,29,676,129,10,13,1,-1,-1,-1
431,35,607,115,14,21,1,-1,-1,-1
431,37,620,94,11,11,1,-1,-1,-1
431,44,948,266,22,21,1,-1,-1,-1
431,46,974,262,37,36,1,-1,-1,-1
431,47,740,63,11,11,1,-1,-1,-1
431,49,910,260,24,25,1,-1,-1,-1
431,51,927,283,27,25,1,-1,-1,-1
431,53,963,291,28,21,1,-1,-1,-1
431,55,992,318,30,25,1,-1,-1,-1
431,56,773,79,15,13,1,-1,-1,-1
431,60,946,356,40,32,1,-1,-1,-1
431,61,727,108,11,13,1,-1,-1,-1
431,62,709,108,11,13,1,-1,-1,-1
431,63,630,102,10,11,1,-1,-1,-1
431,64,757,106,13,9,1,-1,-1,-1
431,65,638,77,11,13,1,-1,-1,-1
431,66,651,223,15,21,1,-1,-1,-1
432,1,612,106,11,11,1,-1,-1,-1
432,2,628,117,10,11,1,-1,-1,-1
432,4,629,129,10,13,1,-1,-1,-1
432,6,667,102,10,13,1,-1,-1,-1
432,7,671,117,13,13,1,-1,-1,-1
432,8,697,127,10,11,1,-1,-1,-1
432,11,659,88,10,11,1,-1,-1,-1
432,12,693,115,10,13,1,-1,-1,-1
432,13,689,106,10,13,1,-1,-1,-1
432,14,680,92,10,11,1,-1,-1,-1
432,15,659,79,10,9,1,-1,-1,-1
432,17,676,84,10,9,1,-1,-1,-1
432,18,676,75,10,9,1,-1,-1,-1
432,26,856,119,14,19,1,-1,-1,-1
432,29,676,127,10,13,1,-1,-1,-1
432,35,607,115,14,21,1,-1,-1,-1
432,37,619,94,11,11,1,-1,-1,-1
432,44,949,266,22,21,1,-1,-1,-1
432,46,975,262,36,36,1,-1,-1,-1
432,47,740,61,11,11,1,-1,-1,-1
432,49,910,260,23,23,1,-1,-1,-1
432,51,927,281,27,25,1,-1,-1,-1
432,53,965,291,28,21,1,-1,-1,-1
432,55,993,318,30,25,1,-1,-1,-1
432,56,771,77,15,13,1,-1,-1,-1
432,60,945,354,41,34,1,-1,-1,-1
432,61,727,108,11,13,1,-1,-1,-1
432,62,709,109,11,13,1,-1,-1,-1
432,63,629,102,10,11,1,-1,-1,-1
432,64,756,104,13,9,1,-1,-1,-1
432,65,638,77,11,13,1,-1,-1,-1
432,66,651,223,15,21,1,-1,-1,-1
433,1,612,106,11,11,1,-1,-1,-1
433,2,628,117,10,11,1,-1,-1,-1
433,4,629,127,10,13,1,-1,-1,-1
433,6,667,102,10,13,1,-1,-1,-1
433,7,672,115,13,13,1,-1,-1,-1
433,8,697,127,10,11,1,-1,-1,-1
433,11,660,88,10,11,1,-1,-1,-1
433,12,693,115,10,13,1,-1,-1,-1
433,13,689,106,10,13,1,-1,-1,-1
433,14,681,92,10,11,1,-1,-1,-1
433,15,659,79,10,9,1,-1,-1,-1
433,17,676,82,10,9,1,-1,-1,-1
433,18,676,75,10,9,1,-1,-1,-1
433,26,856,119,14,19,1,-1,-1,-1
433,29,676,127,10,13,1,-1,-1,-1
433,35,606,115,14,21,1,-1,-1,-1
433,37,619,94,11,11,1,-1,-1,-1
433,44,949,264,22,21,1,-1,-1,-1
433,46,974,260,40,38,1,-1,-1,-1
433,47,740,61,11,11,1,-1,-1,-1
433,49,910,258,24,25,1,-1,-1,-1
433,51,928,281,27,25,1,-1,-1,-1
433,53,965,289,28,21,1,-1,-1,-1
433,55,993,318,30,25,1,-1,-1,-1
433,56,771,75,15,13,1,-1,-1,-1
433,60,945,351,43,34,1,-1,-1,-1
433,61,727,108,11,13,1,-1,-1,-1
433,62,709,108,11,13,1,-1,-1,-1
433,63,630,102,10,11,1,-1,-1,-1
433,64,756,104,13,9,1,-1,-1,-1
433,65,637,75,11,13,1,-1,-1,-1
433,66,653,223,15,21,1,-1,-1,-1
434,1,612,104,11,11,1,-1,-1,-1
434,2,628,115,10,11,1,-1,-1,-1
434,4,629,127,10,13,1,-1,-1,-1
434,6,667,100,10,13,1,-1,-1,-1
434,7,672,115,13,13,1,-1,-1,-1
434,8,698,125,10,11,1,-1,-1,-1
434,11,659,86,10,11,1,-1,-1,-1
434,12,693,115,10,13,1,-1,-1,-1
434,13,689,104,10,13,1,-1,-1,-1
434,14,680,90,10,11,1,-1,-1,-1
434,15,658,79,10,9,1,-1,-1,-1
434,17,676,82,10,9,1,-1,-1,-1
434,18,676,75,10,9,1,-1,-1,-1
434,26,856,119,14,19,1,-1,-1,-1
434,29,676,127,10,13,1,-1,-1,-1
434,35,606,115,14,21,1,-1,-1,-1
434,37,619,92,11,11,1,-1,-1,-1
434,44,949,264,22,21,1,-1,-1,-1
434,46,976,260,39,38,1,-1,-1,-1
434,47,740,61,11,11,1,-1,-1,-1
434,49,912,258,24,25,1,-1,-1,-1
434,51,928,281,27,25,1,-1,-1,-1
434,53,966,289,28,21,1,-1,-1,-1
434,55,993,316,30,27,1,-1,-1,-1
434,56,771,75,15,13,1,-1,-1,-1
434,60,945,351,43,34,1,-1,-1,-1
434,61,727,108,11,13,1,-1,-1,-1
434,62,710,109,11,13,1,-1,-1,-1
434,63,630,102,10,11,1,-1,-1,-1
434,64,756,102,13,9,1,-1,-1,-1
434,65,638,77,11,13,1,-1,-1,-1
434,66,653,223,15,21,1,-1,-1,-1
435,1,612,104,11,11,1,-1,-1,-1
435,2,629,115,10,11,1,-1,-1,-1
435,4,629,127,10,13,1,-1,-1,-1
435,6,667,100,10,13,1,-1,-1,-1
435,7,673,115,13,13,1,-1,-1,-1
435,8,698,125,10,11,1,-1,-1,-1
435,11,660,86,10,11,1,-1,-1,-1
435,12,693,115,10,13,1,-1,-1,-1
435,13,689,104,10,13,1,-1,-1,-1
435,14,682,90,10,11,1,-1,-1,-1
435,15,660,78,10,9,1,-1,-1,-1
435,17,677,83,10,9,1,-1,-1,-1
435,18,676,72,12,10,1,-1,-1,-1
435,26,856,117,14,19,1,-1,-1,-1
435,29,676,127,10,13,1,-1,-1,-1
435,35,606,113,14,21,1,-1,-1,-1
435,37,619,92,13,12,1,-1,-1,-1
435,44,949,262,22,21,1,-1,-1,-1
435,46,975,258,40,40,1,-1,-1,-1
435,47,740,59,11,11,1,-1,-1,-1
435,49,912,258,23,23,1,-1,-1,-1
435,51,931,279,27,25,1,-1,-1,-1
435,53,966,289,28,21,1,-1,-1,-1
435,55,993,316,30,25,1,-1,-1,-1
435,56,770,73,15,13,1,-1,-1,-1
435,60,945,349,43,34,1,-1,-1,-1
435,61,727,106,11,13,1,-1,-1,-1
435,62,710,108,11,13,1,-1,-1,-1
435,63,630,101,12,12,1,-1,-1,-1
435,64,754,100,13,9,1,-1,-1,-1
435,65,638,75,11,13,1,-1,-1,-1
435,66,653,221,15,21,1,-1,-1,-1
436,1,612,104,11,11,1,-1,-1,-1
436,2,629,115,10,11,1,-1,-1,-1
436,4,629,125,10,13,1,-1,-1,-1
436,6,667,100,10,13,1,-1,-1,-1
436,7,672,113,13,13,1,-1,-1,-1
436,8,698,125,10,11,1,-1,-1,-1
436,11,660,86,10,11,1,-1,-1,-1
436,12,693,113,10,13,1,-1,-1,-1
436,13,689,102,10,13,1,-1,-1,-1
436,14,681,90,10,11,1,-1,-1,-1
436,15,659,77,10,9,1,-1,-1,-1
436,17,676,82,10,9,1,-1,-1,-1
436,18,676,73,10,9,1,-1,-1,-1
436,26,858,117,14,19,1,-1,-1,-1
436,29,676,125,10,13,1,-1,-1,-1
436,35,607,113,14,21,1,-1,-1,-1
436,37,619,92,11,11,1,-1,-1,-1
436,44,949,262,22,21,1,-1,-1,-1
436,46,976,258,39,38,1,-1,-1,-1
436,47,740,59,11,11,1,-1,-1,-1
436,49,912,258,23,23,1,-1,-1,-1
436,51,931,279,27,25,1,-1,-1,-1
436,53,966,287,28,21,1,-1,-1,-1
436,55,996,316,27,25,1,-1,-1,-1
436,56,770,73,15,13,1,-1,-1,-1
436,60,944,345,41,34,1,-1,-1,-1
436,61,728,106,11,13,1,-1,-1,-1
436,62,710,108,11,13,1,-1,-1,-1
436,63,629,100,10,11,1,-1,-1,-1
436,64,754,98,13,9,1,-1,-1,-1
436,65,638,75,11,13,1,-1,-1,-1
436,66,653,221,15,21,1,-1,-1,-1
437,1,612,102,11,11,1,-1,-1,-1
437,2,629,115,10,11,1,-1,-1,-1
437,4,629,125,10,13,1,-1,-1,-1
437,6,666,98,11,13,1,-1,-1,-1
437,7,672,113,13,13,1,-1,-1,-1
437,8,698,123,10,11,1,-1,-1,-1
437,11,660,84,10,11,1,-1,-1,-1
437,12,694,113,10,13,1,-1,-1,-1
437,13,689,102,10,13,1,-1,-1,-1
437,14,681,90,10,11,1,-1,-1,-1
437,15,659,77,10,9,1,-1,-1,-1
437,17,676,81,10,9,1,-1,-1,-1
437,18,676,73,10,9,1,-1,-1,-1
437,26,858,115,14,19,1,-1,-1,-1
437,29,676,125,10,13,1,-1,-1,-1
437,35,607,111,14,21,1,-1,-1,-1
437,37,620,90,11,11,1,-1,-1,-1
437,44,949,260,22,21,1,-1,-1,-1
437,46,978,256,39,38,1,-1,-1,-1
437,49,914,256,23,23,1,-1,-1,-1
437,51,931,277,27,25,1,-1,-1,-1
437,53,967,287,28,21,1,-1,-1,-1
437,55,996,316,27,25,1,-1,-1,-1
437,56,769,71,15,13,1,-1,-1,-1
437,60,945,345,41,32,1,-1,-1,-1
437,61,728,106,11,13,1,-1,-1,-1
437,62,710,109,11,13,1,-1,-1,-1
437,63,630,100,10,11,1,-1,-1,-1
437,64,754,98,13,9,1,-1,-1,-1
437,65,638,75,11,13,1,-1,-1,-1
437,66,653,221,15,21,1,-1,-1,-1
438,1,613,102,11,11,1,-1,-1,-1
438,2,627,113,11,11,1,-1,-1,-1
438,4,629,125,10,13,1,-1,-1,-1
438,6,666,98,10,13,1,-1,-1,-1
438,7,674,111,13,13,1,-1,-1,-1
438,8,698,123,12,12,1,-1,-1,-1
438,11,660,84,10,11,1,-1,-1,-1
438,12,695,111,10,13,1,-1,-1,-1
438,13,689,100,10,13,1,-1,-1,-1
438,14,681,88,10,11,1,-1,-1,-1
438,15,659,77,10,9,1,-1,-1,-1
438,17,676,81,10,9,1,-1,-1,-1
438,18,676,73,10,9,1,-1,-1,-1
438,26,858,115,14,19,1,-1,-1,-1
438,29,677,123,12,13,1,-1,-1,-1
438,35,608,111,14,21,1,-1,-1,-1
438,37,620,90,11,11,1,-1,-1,-1
438,44,950,260,22,21,1,-1,-1,-1
438,46,978,254,40,40,1,-1,-1,-1
438,49,915,256,23,23,1,-1,-1,-1
438,51,932,277,27,25,1,-1,-1,-1
438,53,967,287,30,21,1,-1,-1,-1
438,55,996,314,27,25,1,-1,-1,-1
438,56,769,69,15,13,1,-1,-1,-1
438,60,945,343,41,34,1,-1,-1,-1
438,61,730,106,11,13,1,-1,-1,-1
438,62,711,108,11,13,1,-1,-1,-1
438,63,630,100,10,11,1,-1,-1,-1
438,64,753,96,13,9,1,-1,-1,-1
438,65,637,75,11,13,1,-1,-1,-1
438,66,654,221,15,21,1,-1,-1,-1
439,1,612,100,10,11,1,-1,-1,-1
439,2,626,111,10,11,1,-1,-1,-1
439,6,666,96,10,13,1,-1,-1,-1
439,7,671,111,13,13,1,-1,-1,-1
439,8,697,121,11,11,1,-1,-1,-1
439,11,660,84,10,11,1,-1,-1,-1
439,12,694,109,10,13,1,-1,-1,-1
439,13,689,100,10,13,1,-1,-1,-1
439,14,680,88,10,11,1,-1,-1,-1
439,15,659,77,10,9,1,-1,-1,-1
439,17,676,81,10,9,1,-1,-1,-1
439,18,676,71,10,9,1,-1,-1,-1
439,26,859,115,14,19,1,-1,-1,-1
439,29,676,121,11,13,1,-1,-1,-1
439,35,607,111,14,21,1,-1,-1,-1
439,37,620,88,10,11,1,-1,-1,-1
439,44,952,260,22,21,1,-1,-1,-1
439,46,978,254,40,40,1,-1,-1,-1
439,49,915,256,23,23,1,-1,-1,-1
439,51,932,275,27,25,1,-1,-1,-1
439,53,969,285,28,21,1,-1,-1,-1
439,55,996,314,27,25,1,-1,-1,-1
439,56,769,69,15,13,1,-1,-1,-1
439,60,943,339,40,32,1,-1,-1,-1
439,61,730,106,11,13,1,-1,-1,-1
439,62,711,108,11,13,1,-1,-1,-1
439,63,629,100,10,11,1,-1,-1,-1
439,64,753,96,13,9,1,-1,-1,-1
439,65,637,75,11,13,1,-1,-1,-1
439,66,654,221,15,21,1,-1,-1,-1
440,1,612,100,10,11,1,-1,-1,-1
440,2,626,111,10,11,1,-1,-1,-1
440,6,666,96,10,13,1,-1,-1,-1
440,7,672,111,13,13,1,-1,-1,-1
440,8,697,121,11,11,1,-1,-1,-1
440,11,662,82,10,11,1,-1,-1,-1
440,12,694,109,10,13,1,-1,-1,-1
440,13,689,100,10,13,1,-1,-1,-1
440,14,681,86,10,11,1,-1,-1,-1
440,15,659,75,10,9,1,-1,-1,-1
440,17,676,79,10,9,1,-1,-1,-1
440,18,676,71,10,9,1,-1,-1,-1
440,26,859,113,14,19,1,-1,-1,-1
440,29,676,121,11,13,1,-1,-1,-1
440,35,607,109,14,21,1,-1,-1,-1
440,37,620,88,10,11,1,-1,-1,-1
440,44,952,258,22,21,1,-1,-1,-1
440,46,979,254,40,38,1,-1,-1,-1
440,49,916,256,23,23,1,-1,-1,-1
440,51,932,275,27,25,1,-1,-1,-1
440,53,969,285,28,21,1,-1,-1,-1
440,55,997,312,26,25,1,-1,-1,-1
440,56,768,67,15,13,1,-1,-1,-1
440,60,944,339,40,32,1,-1,-1,-1
440,61,730,106,11,13,1,-1,-1,-1
440,62,711,108,11,13,1,-1,-1,-1
440,63,629,98,10,11,1,-1,-1,-1
440,64,753,94,13,9,1,-1,-1,-1
440,65,637,75,11,13,1,-1,-1,-1
440,66,654,219,15,21,1,-1,-1,-1
441,1,612,100,10,11,1,-1,-1,-1
441,2,626,111,10,11,1,-1,-1,-1
441,6,667,96,10,13,1,-1,-1,-1
441,7,671,109,13,13,1,-1,-1,-1
441,8,698,121,11,11,1,-1,-1,-1
441,11,660,84,10,11,1,-1,-1,-1
441,12,694,109,10,13,1,-1,-1,-1
441,13,689,98,10,13,1,-1,-1,-1
441,14,681,86,10,11,1,-1,-1,-1
441,15,659,75,10,9,1,-1,-1,-1
441,17,676,79,10,9,1,-1,-1,-1
441,18,676,71,10,9,1,-1,-1,-1
441,26,859,113,14,19,1,-1,-1,-1
441,29,676,121,11,13,1,-1,-1,-1
441,35,607,109,14,21,1,-1,-1,-1
441,37,620,88,10,11,1,-1,-1,-1
441,44,952,258,22,21,1,-1,-1,-1
441,46,979,252,40,38,1,-1,-1,-1
441,49,915,254,23,23,1,-1,-1,-1
441,51,933,275,27,25,1,-1,-1,-1
441,53,970,283,28,21,1,-1,-1,-1
441,55,999,310,24,25,1,-1,-1,-1
441,56,768,67,15,13,1,-1,-1,-1
441,60,941,335,40,32,1,-1,-1,-1
441,61,731,106,11,13,1,-1,-1,-1
441,62,711,106,11,13,1,-1,-1,-1
441,63,629,98,10,11,1,-1,-1,-1
441,64,753,92,13,9,1,-1,-1,-1
441,65,637,73,11,13,1,-1,-1,-1
441,66,654,219,15,21,1,-1,-1,-1
442,1,613,98,10,11,1,-1,-1,-1
442,2,626,111,10,11,1,-1,-1,-1
442,6,666,94,10,13,1,-1,-1,-1
442,7,672,109,13,13,1,-1,-1,-1
442,8,698,121,11,11,1,-1,-1,-1
442,11,659,82,10,11,1,-1,-1,-1
442,12,696,108,10,13,1,-1,-1,-1
442,13,689,98,10,13,1,-1,-1,-1
442,14,681,86,10,11,1,-1,-1,-1
442,15,659,75,10,9,1,-1,-1,-1
442,17,677,79,10,9,1,-1,-1,-1
442,18,676,71,10,9,1,-1,-1,-1
442,26,859,113,14,19,1,-1,-1,-1
442,29,677,119,11,13,1,-1,-1,-1
442,35,607,109,14,21,1,-1,-1,-1
442,37,619,86,10,11,1,-1,-1,-1
442,44,953,256,22,21,1,-1,-1,-1
442,46,982,252,39,38,1,-1,-1,-1
442,49,918,254,23,23,1,-1,-1,-1
442,51,933,273,27,25,1,-1,-1,-1
442,53,970,283,28,21,1,-1,-1,-1
442,55,999,310,24,25,1,-1,-1,-1
442,56,766,65,15,13,1,-1,-1,-1
442,60,941,333,40,32,1,-1,-1,-1
442,61,731,106,11,13,1,-1,-1,-1
442,62,713,108,11,13,1,-1,-1,-1
442,63,629,98,10,11,1,-1,-1,-1
442,64,753,92,13,9,1,-1,-1,-1
442,65,637,73,11,13,1,-1,-1,-1
442,66,654,219,15,21,1,-1,-1,-1
443,1,612,98,10,11,1,-1,-1,-1
443,2,626,109,10,11,1,-1,-1,-1
443,6,667,94,10,13,1,-1,-1,-1
443,7,672,109,13,13,1,-1,-1,-1
443,8,698,121,11,11,1,-1,-1,-1
443,11,659,82,10,11,1,-1,-1,-1
443,12,696,108,10,13,1,-1,-1,-1
443,13,689,98,10,13,1,-1,-1,-1
443,14,683,84,10,11,1,-1,-1,-1
443,15,659,73,10,9,1,-1,-1,-1
443,17,676,77,10,9,1,-1,-1,-1
443,18,676,69,10,9,1,-1,-1,-1
443,26,859,113,14,19,1,-1,-1,-1
443,29,677,119,11,13,1,-1,-1,-1
443,35,607,108,14,21,1,-1,-1,-1
443,37,620,86,10,11,1,-1,-1,-1
443,44,953,256,22,21,1,-1,-1,-1
443,46,980,252,39,38,1,-1,-1,-1
443,49,918,252,23,23,1,-1,-1,-1
443,51,933,273,27,25,1,-1,-1,-1
443,53,971,281,28,21,1,-1,-1,-1
443,55,1000,308,23,25,1,-1,-1,-1
443,56,765,63,15,13,1,-1,-1,-1
443,60,943,333,40,32,1,-1,-1,-1
443,61,731,104,11,13,1,-1,-1,-1
443,62,713,106,11,13,1,-1,-1,-1
443,63,629,98,10,11,1,-1,-1,-1
443,64,752,90,13,9,1,-1,-1,-1
443,65,637,73,11,13,1,-1,-1,-1
443,66,654,219,15,21,1,-1,-1,-1
444,1,612,96,10,11,1,-1,-1,-1
444,2,628,109,10,11,1,-1,-1,-1
444,6,666,94,10,13,1,-1,-1,-1
444,7,672,108,13,13,1,-1,-1,-1
444,8,700,119,11,11,1,-1,-1,-1
444,11,659,82,10,11,1,-1,-1,-1
444,12,696,106,10,13,1,-1,-1,-1
444,13,689,96,10,13,1,-1,-1,-1
444,14,683,84,10,11,1,-1,-1,-1
444,15,659,73,10,9,1,-1,-1,-1
444,17,676,77,10,9,1,-1,-1,-1
444,18,677,69,10,9,1,-1,-1,-1
444,26,859,111,14,19,1,-1,-1,-1
444,29,677,119,11,13,1,-1,-1,-1
444,35,607,106,14,21,1,-1,-1,-1
444,37,620,86,10,11,1,-1,-1,-1
444,44,953,256,22,21,1,-1,-1,-1
444,46,982,250,39,38,1,-1,-1,-1
444,49,916,250,23,23,1,-1,-1,-1
444,51,935,273,27,25,1,-1,-1,-1
444,53,970,281,28,21,1,-1,-1,-1
444,55,1000,308,23,25,1,-1,-1,-1
444,56,765,63,15,13,1,-1,-1,-1
444,60,943,331,37,30,1,-1,-1,-1
444,61,732,106,14,15,1,-1,-1,-1
444,62,714,108,11,13,1,-1,-1,-1
444,63,630,96,10,11,1,-1,-1,-1
444,64,752,90,13,9,1,-1,-1,-1
444,65,637,73,11,13,1,-1,-1,-1
444,66,655,219,15,21,1,-1,-1,-1
445,1,613,98,10,11,1,-1,-1,-1
445,2,626,109,10,11,1,-1,-1,-1
445,6,667,92,10,13,1,-1,-1,-1
445,7,672,108,13,13,1,-1,-1,-1
445,8,700,119,11,11,1,-1,-1,-1
445,11,660,81,10,11,1,-1,-1,-1
445,12,697,106,10,13,1,-1,-1,-1
445,13,690,96,10,13,1,-1,-1,-1
445,14,683,84,10,11,1,-1,-1,-1
445,15,659,73,10,9,1,-1,-1,-1
445,17,676,77,10,9,1,-1,-1,-1
445,18,677,69,10,9,1,-1,-1,-1
445,26,859,111,14,19,1,-1,-1,-1
445,29,679,117,11,13,1,-1,-1,-1
445,35,607,106,14,21,1,-1,-1,-1
445,37,620,84,10,11,1,-1,-1,-1
445,44,954,254,22,21,1,-1,-1,-1
445,46,982,250,39,38,1,-1,-1,-1
445,49,919,250,23,23,1,-1,-1,-1
445,51,935,271,27,25,1,-1,-1,-1
445,53,971,281,28,21,1,-1,-1,-1
445,55,1001,308,22,25,1,-1,-1,-1
445,56,765,61,15,13,1,-1,-1,-1
445,60,941,327,39,30,1,-1,-1,-1
445,61,731,106,14,15,1,-1,-1,-1
445,62,714,106,11,13,1,-1,-1,-1
445,63,630,96,10,11,1,-1,-1,-1
445,64,751,88,13,9,1,-1,-1,-1
445,65,637,73,11,13,1,-1,-1,-1
445,66,655,217,15,21,1,-1,-1,-1
446,1,612,96,10,11,1,-1,-1,-1
446,2,628,108,10,11,1,-1,-1,-1
446,6,667,92,10,13,1,-1,-1,-1
446,7,672,108,13,13,1,-1,-1,-1
446,8,700,117,11,11,1,-1,-1,-1
446,11,660,81,10,11,1,-1,-1,-1
446,12,697,104,10,13,1,-1,-1,-1
446,13,690,96,10,13,1,-1,-1,-1
446,14,683,84,10,11,1,-1,-1,-1
446,15,659,71,10,9,1,-1,-1,-1
446,17,677,77,10,9,1,-1,-1,-1
446,18,677,67,10,9,1,-1,-1,-1
446,26,860,111,14,19,1,-1,-1,-1
446,29,679,117,11,13,1,-1,-1,-1
446,35,607,106,14,21,1,-1,-1,-1
446,37,620,84,10,11,1,-1,-1,-1
446,44,956,254,22,21,1,-1,-1,-1
446,46,983,248,39,38,1,-1,-1,-1
446,49,918,250,23,23,1,-1,-1,-1
446,51,935,270,27,25,1,-1,-1,-1
446,53,973,279,28,21,1,-1,-1,-1
446,55,1001,306,22,25,1,-1,-1,-1
446,56,764,59,15,13,1,-1,-1,-1
446,60,945,329,33,28,1,-1,-1,-1
446,61,732,104,14,15,1,-1,-1,-1
446,62,714,106,11,13,1,-1,-1,-1
446,63,630,96,10,11,1,-1,-1,-1
446,64,751,86,13,9,1,-1,-1,-1
446,65,638,71,11,13,1,-1,-1,-1
446,66,655,217,15,21,1,-1,-1,-1
447,1,613,96,10,11,1,-1,-1,-1
447,2,628,106,10,11,1,-1,-1,-1
447,6,667,92,10,13,1,-1,-1,-1
447,7,672,106,13,13,1,-1,-1,-1
447,8,700,117,11,11,1,-1,-1,-1
447,11,660,81,10,11,1,-1,-1,-1
447,12,697,104,10,13,1,-1,-1,-1
447,13,690,96,10,13,1,-1,-1,-1
447,14,683,82,10,11,1,-1,-1,-1
447,15,659,71,10,9,1,-1,-1,-1
447,17,676,75,10,9,1,-1,-1,-1
447,18,677,67,10,9,1,-1,-1,-1
447,26,860,109,14,19,1,-1,-1,-1
447,29,679,115,11,13,1,-1,-1,-1
447,35,607,104,14,21,1,-1,-1,-1
447,37,620,84,10,11,1,-1,-1,-1
447,44,956,252,22,21,1,-1,-1,-1
447,46,983,248,39,38,1,-1,-1,-1
447,49,919,248,23,23,1,-1,-1,-1
447,51,936,270,27,25,1,-1,-1,-1
447,53,973,277,30,21,1,-1,-1,-1
447,55,1003,306,20,25,1,-1,-1,-1
447,56,762,59,15,13,1,-1,-1,-1
447,60,945,327,32,28,1,-1,-1,-1
447,61,732,104,14,15,1,-1,-1,-1
447,62,714,106,11,13,1,-1,-1,-1
447,63,630,96,10,11,1,-1,-1,-1
447,64,751,84,13,9,1,-1,-1,-1
447,65,638,71,11,13,1,-1,-1,-1
447,66,655,217,15,21,1,-1,-1,-1
448,1,613,94,10,11,1,-1,-1,-1
448,2,628,106,10,11,1,-1,-1,-1
448,6,667,90,10,13,1,-1,-1,-1
448,7,672,106,13,13,1,-1,-1,-1
448,8,700,117,11,11,1,-1,-1,-1
448,11,660,79,10,11,1,-1,-1,-1
448,12,697,104,10,13,1,-1,-1,-1
448,13,689,94,10,13,1,-1,-1,-1
448,14,683,82,10,11,1,-1,-1,-1
448,15,659,71,10,9,1,-1,-1,-1
448,17,676,75,10,9,1,-1,-1,-1
448,18,677,67,10,9,1,-1,-1,-1
448,26,860,109,14,19,1,-1,-1,-1
448,29,679,115,11,13,1,-1,-1,-1
448,35,608,104,14,21,1,-1,-1,-1
448,37,620,84,10,11,1,-1,-1,-1
448,44,957,252,22,21,1,-1,-1,-1
448,46,983,246,39,38,1,-1,-1,-1
448,49,919,248,23,23,1,-1,-1,-1
448,51,936,268,27,25,1,-1,-1,-1
448,53,974,277,28,21,1,-1,-1,-1
448,55,1003,304,20,25,1,-1,-1,-1
448,56,762,57,15,13,1,-1,-1,-1
448,60,945,325,32,28,1,-1,-1,-1
448,61,734,104,14,15,1,-1,-1,-1
448,62,715,106,11,13,1,-1,-1,-1
448,63,630,94,10,11,1,-1,-1,-1
448,64,749,84,13,9,1,-1,-1,-1
448,65,637,71,11,13,1,-1,-1,-1
448,66,655,217,15,21,1,-1,-1,-1
449,1,612,94,10,11,1,-1,-1,-1
449,2,628,106,10,11,1,-1,-1,-1
449,6,667,90,10,13,1,-1,-1,-1
449,7,673,106,13,13,1,-1,-1,-1
449,8,700,115,11,11,1,-1,-1,-1
449,11,662,79,10,11,1,-1,-1,-1
449,12,697,104,10,13,1,-1,-1,-1
449,13,690,94,10,13,1,-1,-1,-1
449,14,683,82,10,11,1,-1,-1,-1
449,15,659,71,10,9,1,-1,-1,-1
449,17,677,75,10,9,1,-1,-1,-1
449,18,677,67,10,9,1,-1,-1,-1
449,26,860,108,14,19,1,-1,-1,-1
449,29,679,115,11,13,1,-1,-1,-1
449,35,608,104,14,21,1,-1,-1,-1
449,37,620,82,10,11,1,-1,-1,-1
449,44,957,250,22,21,1,-1,-1,-1
449,46,983,246,40,38,1,-1,-1,-1
449,49,919,248,23,23,1,-1,-1,-1
449,51,937,268,27,25,1,-1,-1,-1
449,53,974,277,28,21,1,-1,-1,-1
449,55,1004,304,19,25,1,-1,-1,-1
449,56,762,57,15,13,1,-1,-1,-1
449,60,943,324,32,28,1,-1,-1,-1
449,61,735,104,14,15,1,-1,-1,-1
449,62,715,106,11,13,1,-1,-1,-1
449,63,630,94,10,11,1,-1,-1,-1
449,64,749,82,13,9,1,-1,-1,-1
449,65,637,71,11,13,1,-1,-1,-1
449,66,656,217,15,21,1,-1,-1,-1
450,1,613,94,10,11,1,-1,-1,-1
450,2,628,106,10,11,1,-1,-1,-1
450,6,667,90,10,13,1,-1,-1,-1
450,7,672,104,13,13,1,-1,-1,-1
450,8,700,115,11,11,1,-1,-1,-1
450,11,662,77,10,11,1,-1,-1,-1
450,12,697,102,10,13,1,-1,-1,-1
450,13,692,94,10,13,1,-1,-1,-1
450,14,683,81,10,11,1,-1,-1,-1
450,15,659,69,10,9,1,-1,-1,-1
450,17,677,73,10,9,1,-1,-1,-1
450,18,677,65,10,9,1,-1,-1,-1
450,26,858,108,16,18,1,-1,-1,-1
450,29,677,115,11,13,1,-1,-1,-1
450,35,608,102,14,21,1,-1,-1,-1
450,37,620,82,10,11,1,-1,-1,-1
450,44,957,250,22,21,1,-1,-1,-1
450,46,986,246,37,38,1,-1,-1,-1
450,49,919,246,23,23,1,-1,-1,-1
450,51,937,266,27,25,1,-1,-1,-1
450,53,974,275,28,21,1,-1,-1,-1
450,55,1004,304,19,25,1,-1,-1,-1
450,56,761,55,15,13,1,-1,-1,-1
450,60,944,320,32,28,1,-1,-1,-1
450,61,736,104,14,15,1,-1,-1,-1
450,62,715,106,11,13,1,-1,-1,-1
450,63,629,94,10,11,1,-1,-1,-1
450,64,749,82,13,9,1,-1,-1,-1
450,65,637,71,11,13,1,-1,-1,-1
450,66,656,217,15,21,1,-1,-1,-1
451,1,613,92,10,11,1,-1,-1,-1
451,2,628,104,10,11,1,-1,-1,-1
451,6,667,88,10,13,1,-1,-1,-1
451,7,673,104,13,13,1,-1,-1,-1
451,8,701,113,11,11,1,-1,-1,-1
451,11,662,79,10,11,1,-1,-1,-1
451,12,697,102,10,13,1,-1,-1,-1
451,13,690,94,10,13,1,-1,-1,-1
451,14,684,81,10,11,1,-1,-1,-1
451,15,659,69,10,9,1,-1,-1,-1
451,17,679,73,10,9,1,-1,-1,-1
451,18,679,65,10,9,1,-1,-1,-1
451,26,858,106,15,17,1,-1,-1,-1
451,29,679,113,11,13,1,-1,-1,-1
451,35,608,102,14,21,1,-1,-1,-1
451,37,620,82,10,11,1,-1,-1,-1
451,44,957,248,22,21,1,-1,-1,-1
451,46,984,244,39,38,1,-1,-1,-1
451,49,920,246,23,23,1,-1,-1,-1
451,51,937,266,27,25,1,-1,-1,-1
451,53,974,275,28,21,1,-1,-1,-1
451,55,1004,302,19,25,1,-1,-1,-1
451,56,761,55,15,13,1,-1,-1,-1
451,60,944,318,32,28,1,-1,-1,-1
451,61,736,104,14,15,1,-1,-1,-1
451,62,717,106,11,13,1,-1,-1,-1
451,63,629,94,10,11,1,-1,-1,-1
451,64,748,81,13,9,1,-1,-1,-1
451,65,637,69,11,13,1,-1,-1,-1
451,66,656,216,15,21,1,-1,-1,-1
452,1,613,92,10,11,1,-1,-1,-1
452,2,628,104,10,11,1,-1,-1,-1
452,6,667,88,10,13,1,-1,-1,-1
452,7,673,102,13,13,1,-1,-1,-1
452,8,700,113,11,11,1,-1,-1,-1
452,11,662,77,10,11,1,-1,-1,-1
452,12,697,102,10,13,1,-1,-1,-1
452,13,690,92,10,13,1,-1,-1,-1
452,14,684,79,10,11,1,-1,-1,-1
452,15,659,69,10,9,1,-1,-1,-1
452,17,677,73,10,9,1,-1,-1,-1
452,18,677,65,10,9,1,-1,-1,-1
452,26,859,106,15,17,1,-1,-1,-1
452,29,679,113,11,13,1,-1,-1,-1
452,35,608,102,14,21,1,-1,-1,-1
452,37,620,81,10,11,1,-1,-1,-1
452,44,954,248,25,21,1,-1,-1,-1
452,46,986,243,37,38,1,-1,-1,-1
452,49,920,244,23,23,1,-1,-1,-1
452,51,939,264,27,25,1,-1,-1,-1
452,53,975,273,28,21,1,-1,-1,-1
452,55,1005,300,18,25,1,-1,-1,-1
452,56,761,52,15,13,1,-1,-1,-1
452,60,943,318,32,28,1,-1,-1,-1
452,61,736,104,14,15,1,-1,-1,-1
452,62,718,106,11,13,1,-1,-1,-1
452,63,630,92,10,11,1,-1,-1,-1
452,64,748,79,13,9,1,-1,-1,-1
452,65,638,69,11,13,1,-1,-1,-1
452,66,656,216,15,21,1,-1,-1,-1
453,1,613,92,10,11,1,-1,-1,-1
453,2,628,102,10,11,1,-1,-1,-1
453,6,667,88,10,13,1,-1,-1,-1
453,7,673,102,13,13,1,-1,-1,-1
453,8,700,113,11,11,1,-1,-1,-1
453,11,662,77,10,11,1,-1,-1,-1
453,12,697,100,10,13,1,-1,-1,-1
453,13,690,92,10,13,1,-1,-1,-1
453,14,684,79,10,11,1,-1,-1,-1
453,15,659,67,10,9,1,-1,-1,-1
453,17,677,73,10,9,1,-1,-1,-1
453,18,677,65,10,9,1,-1,-1,-1
453,26,859,106,15,17,1,-1,-1,-1
453,29,679,111,11,13,1,-1,-1,-1
453,35,608,100,14,21,1,-1,-1,-1
453,37,620,81,10,11,1,-1,-1,-1
453,44,953,246,26,21,1,-1,-1,-1
453,46,987,244,36,36,1,-1,-1,-1
453,49,920,244,23,23,1,-1,-1,-1
453,51,939,264,27,25,1,-1,-1,-1
453,53,976,273,30,21,1,-1,-1,-1
453,55,1005,300,18,25,1,-1,-1,-1
453,56,760,52,15,13,1,-1,-1,-1
453,60,941,316,32,28,1,-1,-1,-1
453,61,736,102,14,15,1,-1,-1,-1
453,62,718,106,11,13,1,-1,-1,-1
453,63,630,92,10,11,1,-1,-1,-1
453,64,748,77,13,9,1,-1,-1,-1
453,65,638,69,12,15,1,-1,-1,-1
453,66,658,216,15,21,1,-1,-1,-1
453,67,709,64,11,11,1,-1,-1,-1
454,1,612,90,10,11,1,-1,-1,-1
454,2,628,102,10,11,1,-1,-1,-1
454,6,667,86,10,13,1,-1,-1,-1
454,7,673,102,13,13,1,-1,-1,-1
454,8,700,113,11,11,1,-1,-1,-1
454,11,662,75,10,11,1,-1,-1,-1
454,12,697,100,10,13,1,-1,-1,-1
454,13,690,90,10,13,1,-1,-1,-1
454,14,684,79,10,11,1,-1,-1,-1
454,15,660,67,10,9,1,-1,-1,-1
454,17,677,71,10,9,1,-1,-1,-1
454,18,677,63,10,9,1,-1,-1,-1
454,26,859,106,15,17,1,-1,-1,-1
454,29,680,111,11,13,1,-1,-1,-1
454,35,608,100,14,21,1,-1,-1,-1
454,37,620,79,10,11,1,-1,-1,-1
454,44,954,246,26,21,1,-1,-1,-1
454,46,987,243,36,38,1,-1,-1,-1
454,49,923,244,23,23,1,-1,-1,-1
454,51,940,264,27,25,1,-1,-1,-1
454,53,976,271,28,21,1,-1,-1,-1
454,55,1005,298,18,25,1,-1,-1,-1
454,56,760,50,15,13,1,-1,-1,-1
454,60,941,314,33,28,1,-1,-1,-1
454,61,736,104,14,15,1,-1,-1,-1
454,62,718,106,11,13,1,-1,-1,-1
454,63,630,92,10,11,1,-1,-1,-1
454,64,748,77,13,9,1,-1,-1,-1
454,65,637,69,11,15,1,-1,-1,-1
454,66,658,214,15,21,1,-1,-1,-1
454,67,709,63,10,11,1,-1,-1,-1
455,1,613,90,10,11,1,-1,-1,-1
455,2,628,102,10,11,1,-1,-1,-1
455,6,667,86,10,13,1,-1,-1,-1
455,7,673,102,13,13,1,-1,-1,-1
455,8,701,111,11,11,1,-1,-1,-1
455,11,662,75,10,11,1,-1,-1,-1
455,12,697,100,10,13,1,-1,-1,-1
455,13,690,90,10,13,1,-1,-1,-1
455,14,684,79,10,11,1,-1,-1,-1
455,15,660,67,10,9,1,-1,-1,-1
455,17,677,71,10,9,1,-1,-1,-1
455,18,679,63,10,9,1,-1,-1,-1
455,26,859,106,15,17,1,-1,-1,-1
455,29,680,111,11,13,1,-1,-1,-1
455,35,608,100,14,21,1,-1,-1,-1
455,37,620,79,10,11,1,-1,-1,-1
455,44,956,246,26,21,1,-1,-1,-1
455,46,987,241,36,38,1,-1,-1,-1
455,49,923,241,23,23,1,-1,-1,-1
455,51,940,262,27,25,1,-1,-1,-1
455,53,978,271,28,21,1,-1,-1,-1
455,55,1007,298,16,25,1,-1,-1,-1
455,56,758,50,15,13,1,-1,-1,-1
455,60,941,310,32,28,1,-1,-1,-1
455,61,736,102,14,15,1,-1,-1,-1
455,62,718,106,13,15,1,-1,-1,-1
455,63,630,92,10,11,1,-1,-1,-1
455,64,748,75,13,9,1,-1,-1,-1
455,65,638,67,11,15,1,-1,-1,-1
455,66,658,214,15,21,1,-1,-1,-1
455,67,710,63,10,11,1,-1,-1,-1
456,1,613,90,10,11,1,-1,-1,-1
456,2,628,100,10,11,1,-1,-1,-1
456,6,667,86,10,13,1,-1,-1,-1
456,7,673,100,13,13,1,-1,-1,-1
456,8,701,111,11,11,1,-1,-1,-1
456,11,662,75,10,11,1,-1,-1,-1
456,12,697,98,10,13,1,-1,-1,-1
456,13,692,90,10,13,1,-1,-1,-1
456,14,684,77,10,11,1,-1,-1,-1
456,15,660,67,10,9,1,-1,-1,-1
456,17,677,71,10,9,1,-1,-1,-1
456,18,679,63,10,9,1,-1,-1,-1
456,26,859,104,15,17,1,-1,-1,-1
456,29,680,109,11,13,1,-1,-1,-1
456,35,608,98,14,21,1,-1,-1,-1
456,37,620,79,10,11,1,-1,-1,-1
456,44,957,246,24,21,1,-1,-1,-1
456,46,987,241,36,40,1,-1,-1,-1
456,49,923,241,23,23,1,-1,-1,-1
456,51,940,260,27,25,1,-1,-1,-1
456,53,978,271,28,21,1,-1,-1,-1
456,55,1008,297,15,25,1,-1,-1,-1
456,56,758,48,15,13,1,-1,-1,-1
456,60,940,310,32,28,1,-1,-1,-1
456,61,736,102,14,15,1,-1,-1,-1
456,62,718,106,13,15,1,-1,-1,-1
456,63,630,90,10,11,1,-1,-1,-1
456,64,747,73,13,9,1,-1,-1,-1
456,65,638,67,11,15,1,-1,-1,-1
456,66,658,214,15,21,1,-1,-1,-1
456,67,710,63,10,11,1,-1,-1,-1
457,1,613,88,10,11,1,-1,-1,-1
457,2,629,100,10,11,1,-1,-1,-1
457,6,667,84,10,13,1,-1,-1,-1
457,7,673,100,13,13,1,-1,-1,-1
457,8,701,109,11,11,1,-1,-1,-1
457,11,662,75,10,11,1,-1,-1,-1
457,12,697,98,10,13,1,-1,-1,-1
457,13,692,90,10,13,1,-1,-1,-1
457,14,684,77,10,11,1,-1,-1,-1
457,15,660,65,10,9,1,-1,-1,-1
457,17,677,71,10,9,1,-1,-1,-1
457,18,679,63,10,9,1,-1,-1,-1
457,26,860,104,15,17,1,-1,-1,-1
457,29,680,109,11,13,1,-1,-1,-1
457,35,608,98,14,21,1,-1,-1,-1
457,37,620,77,10,11,1,-1,-1,-1
457,44,956,244,24,21,1,-1,-1,-1
457,46,987,239,36,40,1,-1,-1,-1
457,49,923,241,23,23,1,-1,-1,-1
457,51,941,262,27,25,1,-1,-1,-1
457,53,979,270,28,21,1,-1,-1,-1
457,55,1008,295,15,25,1,-1,-1,-1
457,56,757,48,15,13,1,-1,-1,-1
457,60,940,306,33,28,1,-1,-1,-1
457,61,737,102,14,15,1,-1,-1,-1
457,62,718,106,13,15,1,-1,-1,-1
457,63,630,90,10,11,1,-1,-1,-1
457,64,747,73,13,9,1,-1,-1,-1
457,65,638,67,11,15,1,-1,-1,-1
457,66,659,214,15,21,1,-1,-1,-1
457,67,710,63,10,11,1,-1,-1,-1
458,1,613,88,10,11,1,-1,-1,-1
458,2,628,100,10,11,1,-1,-1,-1
458,6,667,84,10,13,1,-1,-1,-1
458,7,675,100,13,13,1,-1,-1,-1
458,8,701,109,11,11,1,-1,-1,-1
458,11,663,73,10,11,1,-1,-1,-1
458,12,697,98,10,13,1,-1,-1,-1
458,13,692,88,10,13,1,-1,-1,-1
458,14,684,77,10,11,1,-1,-1,-1
458,15,660,65,10,9,1,-1,-1,-1
458,17,679,69,10,9,1,-1,-1,-1
458,18,679,61,10,9,1,-1,-1,-1
458,26,860,102,15,17,1,-1,-1,-1
458,29,680,109,11,13,1,-1,-1,-1
458,35,608,98,14,21,1,-1,-1,-1
458,37,620,77,10,11,1,-1,-1,-1
458,44,957,243,24,21,1,-1,-1,-1
458,46,990,239,33,38,1,-1,-1,-1
458,49,923,239,23,23,1,-1,-1,-1
458,51,942,262,27,25,1,-1,-1,-1
458,53,979,268,28,21,1,-1,-1,-1
458,56,757,46,15,13,1,-1,-1,-1
458,60,940,304,33,28,1,-1,-1,-1
458,61,739,102,14,15,1,-1,-1,-1
458,62,718,106,13,15,1,-1,-1,-1
458,63,630,90,10,11,1,-1,-1,-1
458,64,745,71,13,9,1,-1,-1,-1
458,65,638,67,11,15,1,-1,-1,-1
458,66,659,214,15,21,1,-1,-1,-1
458,67,710,63,10,11,1,-1,-1,-1
459,1,615,88,10,11,1,-1,-1,-1
459,2,629,100,10,11,1,-1,-1,-1
459,6,667,84,10,13,1,-1,-1,-1
459,7,673,98,13,13,1,-1,-1,-1
459,8,701,109,11,11,1,-1,-1,-1
459,11,663,73,10,11,1,-1,-1,-1
459,12,697,96,10,13,1,-1,-1,-1
459,13,692,88,10,13,1,-1,-1,-1
459,14,684,77,10,11,1,-1,-1,-1
459,15,660,65,10,9,1,-1,-1,-1
459,17,679,69,10,9,1,-1,-1,-1
459,18,679,61,10,9,1,-1,-1,-1
459,26,860,102,15,17,1,-1,-1,-1
459,29,680,109,11,13,1,-1,-1,-1
459,35,608,96,14,21,1,-1,-1,-1
459,37,620,77,10,11,1,-1,-1,-1
459,44,957,241,24,21,1,-1,-1,-1
459,46,988,237,35,38,1,-1,-1,-1
459,49,923,239,23,23,1,-1,-1,-1
459,51,941,260,27,25,1,-1,-1,-1
459,53,979,268,28,21,1,-1,-1,-1
459,56,756,44,15,13,1,-1,-1,-1
459,60,940,304,33,28,1,-1,-1,-1
459,61,739,102,14,15,1,-1,-1,-1
459,62,719,104,13,15,1,-1,-1,-1
459,63,630,90,10,11,1,-1,-1,-1
459,64,745,71,13,9,1,-1,-1,-1
459,65,637,67,11,15,1,-1,-1,-1
459,66,659,214,15,21,1,-1,-1,-1
459,67,710,63,10,11,1,-1,-1,-1
460,1,613,88,10,11,1,-1,-1,-1
460,2,629,98,10,11,1,-1,-1,-1
460,6,667,82,10,13,1,-1,-1,-1
460,7,675,98,13,13,1,-1,-1,-1
460,8,701,108,11,11,1,-1,-1,-1
460,11,663,71,10,11,1,-1,-1,-1
460,12,697,96,10,13,1,-1,-1,-1
460,13,693,88,10,13,1,-1,-1,-1
460,14,684,75,10,11,1,-1,-1,-1
460,15,660,63,10,9,1,-1,-1,-1
460,17,679,69,10,9,1,-1,-1,-1
460,18,679,61,10,9,1,-1,-1,-1
460,26,860,102,15,17,1,-1,-1,-1
460,29,680,108,11,13,1,-1,-1,-1
460,35,608,96,14,21,1,-1,-1,-1
460,37,620,77,10,11,1,-1,-1,-1
460,44,957,241,26,21,1,-1,-1,-1
460,46,991,237,32,38,1,-1,-1,-1
460,49,924,237,23,23,1,-1,-1,-1
460,51,944,260,27,25,1,-1,-1,-1
460,53,980,268,28,21,1,-1,-1,-1
460,56,754,44,15,13,1,-1,-1,-1
460,60,940,302,32,28,1,-1,-1,-1
460,61,740,102,14,15,1,-1,-1,-1
460,62,719,106,13,15,1,-1,-1,-1
460,63,630,90,10,11,1,-1,-1,-1
460,64,745,69,13,9,1,-1,-1,-1
460,65,637,67,11,15,1,-1,-1,-1
460,66,659,214,14,21,1,-1,-1,-1
460,67,711,63,10,11,1,-1,-1,-1
461,1,615,86,10,11,1,-1,-1,-1
461,2,629,98,10,11,1,-1,-1,-1
461,6,668,84,10,13,1,-1,-1,-1
461,7,675,98,13,13,1,-1,-1,-1
461,8,701,106,11,11,1,-1,-1,-1
461,11,663,73,10,11,1,-1,-1,-1
461,12,697,96,10,13,1,-1,-1,-1
461,13,693,86,10,13,1,-1,-1,-1
461,14,684,75,10,11,1,-1,-1,-1
461,15,660,63,10,9,1,-1,-1,-1
461,17,679,67,10,9,1,-1,-1,-1
461,18,679,59,10,9,1,-1,-1,-1
461,26,862,102,15,17,1,-1,-1,-1
461,35,608,94,14,21,1,-1,-1,-1
461,37,620,75,10,11,1,-1,-1,-1
461,44,958,241,26,21,1,-1,-1,-1
461,46,991,237,32,36,1,-1,-1,-1
461,49,926,237,23,23,1,-1,-1,-1
461,51,944,260,27,25,1,-1,-1,-1
461,53,980,266,28,21,1,-1,-1,-1
461,56,754,42,15,13,1,-1,-1,-1
461,60,940,300,31,27,1,-1,-1,-1
461,61,740,102,14,15,1,-1,-1,-1
461,62,720,104,13,15,1,-1,-1,-1
461,63,632,88,10,11,1,-1,-1,-1
461,64,744,67,13,9,1,-1,-1,-1
461,65,637,65,11,15,1,-1,-1,-1
461,66,659,212,14,21,1,-1,-1,-1
461,67,711,63,10,11,1,-1,-1,-1
461,68,751,202,19,24,1,-1,-1,-1
462,1,613,86,10,11,1,-1,-1,-1
462,2,628,98,10,11,1,-1,-1,-1
462,6,668,82,10,13,1,-1,-1,-1
462,7,675,96,13,13,1,-1,-1,-1
462,8,701,106,11,11,1,-1,-1,-1
462,11,663,71,10,11,1,-1,-1,-1
462,12,697,96,10,13,1,-1,-1,-1
462,13,693,86,10,13,1,-1,-1,-1
462,14,684,75,10,11,1,-1,-1,-1
462,15,660,63,10,9,1,-1,-1,-1
462,17,679,67,10,9,1,-1,-1,-1
462,18,680,59,10,9,1,-1,-1,-1
462,26,862,100,15,17,1,-1,-1,-1
462,35,608,94,14,21,1,-1,-1,-1
462,37,620,75,10,11,1,-1,-1,-1
462,44,960,239,24,21,1,-1,-1,-1
462,46,992,235,31,36,1,-1,-1,-1
462,49,926,237,23,23,1,-1,-1,-1
462,51,944,258,26,25,1,-1,-1,-1
462,53,982,264,28,21,1,-1,-1,-1
462,56,754,42,15,13,1,-1,-1,-1
462,60,940,298,33,28,1,-1,-1,-1
462,61,740,102,14,15,1,-1,-1,-1
462,62,720,104,13,15,1,-1,-1,-1
462,63,630,88,10,11,1,-1,-1,-1
462,64,745,67,13,9,1,-1,-1,-1
462,65,637,65,11,15,1,-1,-1,-1
462,66,659,212,14,21,1,-1,-1,-1
462,67,713,63,10,11,1,-1,-1,-1
462,68,751,202,19,23,1,-1,-1,-1
463,1,615,86,10,11,1,-1,-1,-1
463,2,629,96,10,11,1,-1,-1,-1
463,6,667,82,10,13,1,-1,-1,-1
463,7,675,96,13,13,1,-1,-1,-1
463,8,701,106,11,11,1,-1,-1,-1
463,11,663,71,10,11,1,-1,-1,-1
463,12,697,94,10,13,1,-1,-1,-1
463,13,692,86,10,13,1,-1,-1,-1
463,14,684,73,10,11,1,-1,-1,-1
463,15,660,63,10,9,1,-1,-1,-1
463,17,679,67,10,9,1,-1,-1,-1
463,18,680,59,10,9,1,-1,-1,-1
463,26,862,100,15,17,1,-1,-1,-1
463,35,608,94,14,21,1,-1,-1,-1
463,37,620,75,10,11,1,-1,-1,-1
463,44,960,239,24,21,1,-1,-1,-1
463,46,992,235,31,36,1,-1,-1,-1
463,49,926,235,23,23,1,-1,-1,-1
463,51,945,258,27,25,1,-1,-1,-1
463,53,983,264,28,21,1,-1,-1,-1
463,56,753,40,15,13,1,-1,-1,-1
463,60,940,295,33,28,1,-1,-1,-1
463,61,740,100,14,15,1,-1,-1,-1
463,62,722,104,13,15,1,-1,-1,-1
463,63,630,88,10,11,1,-1,-1,-1
463,64,744,65,13,9,1,-1,-1,-1
463,65,637,65,11,15,1,-1,-1,-1
463,66,659,212,14,21,1,-1,-1,-1
463,67,713,63,10,11,1,-1,-1,-1
463,68,752,202,19,23,1,-1,-1,-1
464,1,615,84,10,11,1,-1,-1,-1
464,2,629,96,10,11,1,-1,-1,-1
464,6,668,82,10,13,1,-1,-1,-1
464,7,675,96,13,13,1,-1,-1,-1
464,8,701,106,11,11,1,-1,-1,-1
464,11,663,71,10,11,1,-1,-1,-1
464,12,698,94,10,13,1,-1,-1,-1
464,13,692,86,10,13,1,-1,-1,-1
464,14,684,73,10,11,1,-1,-1,-1
464,15,660,61,10,9,1,-1,-1,-1
464,17,679,67,10,9,1,-1,-1,-1
464,18,679,59,10,9,1,-1,-1,-1
464,26,862,100,15,17,1,-1,-1,-1
464,35,608,92,14,21,1,-1,-1,-1
464,37,620,73,10,11,1,-1,-1,-1
464,44,960,239,24,21,1,-1,-1,-1
464,46,992,233,31,36,1,-1,-1,-1
464,49,929,236,23,23,1,-1,-1,-1
464,51,945,256,27,25,1,-1,-1,-1
464,53,983,264,28,21,1,-1,-1,-1
464,56,753,40,15,13,1,-1,-1,-1
464,60,939,293,33,28,1,-1,-1,-1
464,61,741,100,14,15,1,-1,-1,-1
464,62,722,104,13,15,1,-1,-1,-1
464,63,630,86,10,11,1,-1,-1,-1
464,64,744,63,13,9,1,-1,-1,-1
464,65,638,65,11,15,1,-1,-1,-1
464,66,660,212,14,21,1,-1,-1,-1
464,67,713,63,10,11,1,-1,-1,-1
464,68,752,200,19,23,1,-1,-1,-1
465,1,615,84,10,11,1,-1,-1,-1
465,2,629,96,10,11,1,-1,-1,-1
465,6,668,81,10,13,1,-1,-1,-1
465,7,675,94,13,13,1,-1,-1,-1
465,8,701,104,11,11,1,-1,-1,-1
465,11,663,69,10,11,1,-1,-1,-1
465,12,698,92,10,13,1,-1,-1,-1
465,13,693,84,10,13,1,-1,-1,-1
465,14,685,73,10,11,1,-1,-1,-1
465,15,662,61,10,9,1,-1,-1,-1
465,17,680,67,10,9,1,-1,-1,-1
465,18,680,59,10,9,1,-1,-1,-1
465,26,862,98,15,17,1,-1,-1,-1
465,35,608,92,14,21,1,-1,-1,-1
465,37,620,75,10,11,1,-1,-1,-1
465,44,960,237,24,21,1,-1,-1,-1
465,46,993,233,30,36,1,-1,-1,-1
465,49,928,235,23,23,1,-1,-1,-1
465,51,945,256,27,25,1,-1,-1,-1
465,53,983,262,28,21,1,-1,-1,-1
465,56,753,38,15,13,1,-1,-1,-1
465,60,939,291,32,28,1,-1,-1,-1
465,61,741,100,14,15,1,-1,-1,-1
465,62,722,104,13,15,1,-1,-1,-1
465,63,630,88,10,11,1,-1,-1,-1
465,64,744,63,13,9,1,-1,-1,-1
465,65,638,65,11,15,1,-1,-1,-1
465,66,660,212,14,21,1,-1,-1,-1
465,67,713,61,10,11,1,-1,-1,-1
465,68,752,200,19,23,1,-1,-1,-1
466,1,613,84,10,11,1,-1,-1,-1
466,2,629,94,10,11,1,-1,-1,-1
466,6,668,79,10,13,1,-1,-1,-1
466,7,676,94,13,13,1,-1,-1,-1
466,8,701,104,11,11,1,-1,-1,-1
466,11,663,69,10,11,1,-1,-1,-1
466,12,698,92,10,13,1,-1,-1,-1
466,13,693,84,10,13,1,-1,-1,-1
466,14,685,73,10,11,1,-1,-1,-1
466,15,662,61,10,9,1,-1,-1,-1
466,17,680,65,10,9,1,-1,-1,-1
466,18,680,57,10,9,1,-1,-1,-1
466,26,863,98,15,17,1,-1,-1,-1
466,35,608,92,14,21,1,-1,-1,-1
466,37,620,73,10,11,1,-1,-1,-1
466,44,962,237,24,21,1,-1,-1,-1
466,46,993,233,30,38,1,-1,-1,-1
466,49,929,235,23,23,1,-1,-1,-1
466,51,945,256,27,25,1,-1,-1,-1
466,53,984,262,28,21,1,-1,-1,-1
466,56,753,38,15,13,1,-1,-1,-1
466,60,937,291,33,28,1,-1,-1,-1
466,61,741,100,14,15,1,-1,-1,-1
466,62,723,104,13,15,1,-1,-1,-1
466,63,630,86,10,11,1,-1,-1,-1
466,64,744,63,13,9,1,-1,-1,-1
466,65,637,63,11,15,1,-1,-1,-1
466,66,660,212,14,21,1,-1,-1,-1
466,67,714,63,10,11,1,-1,-1,-1
466,68,752,198,19,25,1,-1,-1,-1
467,1,615,84,10,11,1,-1,-1,-1
467,2,629,96,10,11,1,-1,-1,-1
467,6,668,79,10,13,1,-1,-1,-1
467,7,676,94,13,13,1,-1,-1,-1
467,8,702,104,11,11,1,-1,-1,-1
467,11,663,69,10,11,1,-1,-1,-1
467,12,697,92,10,13,1,-1,-1,-1
467,13,693,84,10,13,1,-1,-1,-1
467,14,685,73,10,11,1,-1,-1,-1
467,15,662,61,10,9,1,-1,-1,-1
467,17,680,65,10,9,1,-1,-1,-1
467,18,680,57,10,9,1,-1,-1,-1
467,26,863,98,15,17,1,-1,-1,-1
467,35,608,92,14,21,1,-1,-1,-1
467,37,620,73,10,11,1,-1,-1,-1
467,44,961,235,24,21,1,-1,-1,-1
467,46,992,231,31,38,1,-1,-1,-1
467,49,929,233,23,23,1,-1,-1,-1
467,51,946,254,27,25,1,-1,-1,-1
467,53,983,262,28,21,1,-1,-1,-1
467,56,752,36,15,13,1,-1,-1,-1
467,60,939,289,33,28,1,-1,-1,-1
467,61,741,100,14,15,1,-1,-1,-1
467,62,723,104,13,15,1,-1,-1,-1
467,63,630,86,10,11,1,-1,-1,-1
467,64,743,61,13,9,1,-1,-1,-1
467,65,637,65,11,15,1,-1,-1,-1
467,66,660,212,14,21,1,-1,-1,-1
467,67,714,61,10,11,1,-1,-1,-1
467,68,753,200,19,23,1,-1,-1,-1
468,1,615,82,10,11,1,-1,-1,-1
468,2,629,94,10,11,1,-1,-1,-1
468,6,668,79,10,13,1,-1,-1,-1
468,7,676,94,13,13,1,-1,-1,-1
468,8,702,104,11,11,1,-1,-1,-1
468,11,663,69,10,11,1,-1,-1,-1
468,12,698,92,10,13,1,-1,-1,-1
468,13,693,82,10,13,1,-1,-1,-1
468,14,685,71,10,11,1,-1,-1,-1
468,15,663,61,10,9,1,-1,-1,-1
468,17,680,65,10,9,1,-1,-1,-1
468,18,680,57,10,9,1,-1,-1,-1
468,26,863,98,15,17,1,-1,-1,-1
468,35,608,90,14,21,1,-1,-1,-1
468,37,620,73,10,11,1,-1,-1,-1
468,44,962,235,24,21,1,-1,-1,-1
468,46,993,231,30,38,1,-1,-1,-1
468,49,931,233,23,23,1,-1,-1,-1
468,51,946,254,27,25,1,-1,-1,-1
468,53,986,260,28,21,1,-1,-1,-1
468,56,751,36,15,13,1,-1,-1,-1
468,60,936,287,33,28,1,-1,-1,-1
468,61,743,100,14,15,1,-1,-1,-1
468,62,723,104,13,15,1,-1,-1,-1
468,63,630,86,10,11,1,-1,-1,-1
468,64,743,59,13,9,1,-1,-1,-1
468,65,637,63,11,15,1,-1,-1,-1
468,66,662,212,14,21,1,-1,-1,-1
468,67,714,63,10,11,1,-1,-1,-1
468,68,753,198,19,23,1,-1,-1,-1
468,69,804,189,19,18,1,-1,-1,-1
469,1,616,82,10,11,1,-1,-1,-1
469,2,629,94,10,11,1,-1,-1,-1
469,6,670,79,10,13,1,-1,-1,-1
469,7,676,92,13,13,1,-1,-1,-1
469,8,702,102,11,11,1,-1,-1,-1
469,11,663,67,10,11,1,-1,-1,-1
469,12,698,90,10,13,1,-1,-1,-1
469,13,693,82,10,13,1,-1,-1,-1
469,14,685,71,10,11,1,-1,-1,-1
469,15,663,59,10,9,1,-1,-1,-1
469,17,680,65,10,9,1,-1,-1,-1
469,18,680,57,10,9,1,-1,-1,-1
469,26,863,96,15,17,1,-1,-1,-1
469,35,608,90,14,21,1,-1,-1,-1
469,37,620,71,10,11,1,-1,-1,-1
469,44,962,235,24,21,1,-1,-1,-1
469,46,995,231,28,36,1,-1,-1,-1
469,49,931,233,23,23,1,-1,-1,-1
469,51,946,254,27,25,1,-1,-1,-1
469,53,984,260,28,21,1,-1,-1,-1
469,56,751,34,15,13,1,-1,-1,-1
469,60,936,287,33,28,1,-1,-1,-1
469,61,743,100,14,15,1,-1,-1,-1
469,63,630,86,10,11,1,-1,-1,-1
469,64,743,59,13,9,1,-1,-1,-1
469,65,637,63,11,15,1,-1,-1,-1
469,66,662,212,14,21,1,-1,-1,-1
469,67,715,61,10,11,1,-1,-1,-1
469,68,753,198,19,23,1,-1,-1,-1
470,1,615,82,10,11,1,-1,-1,-1
470,2,629,94,10,11,1,-1,-1,-1
470,6,668,79,10,13,1,-1,-1,-1
470,7,676,92,13,13,1,-1,-1,-1
470,8,702,102,11,11,1,-1,-1,-1
470,11,663,67,10,11,1,-1,-1,-1
470,12,698,90,10,13,1,-1,-1,-1
470,13,693,82,10,13,1,-1,-1,-1
470,14,684,71,10,11,1,-1,-1,-1
470,15,663,59,10,9,1,-1,-1,-1
470,17,680,65,10,9,1,-1,-1,-1
470,18,680,57,10,9,1,-1,-1,-1
470,26,863,96,15,17,1,-1,-1,-1
470,35,609,90,14,21,1,-1,-1,-1
470,37,620,71,10,11,1,-1,-1,-1
470,44,962,233,24,21,1,-1,-1,-1
470,46,995,231,28,36,1,-1,-1,-1
470,49,931,231,23,23,1,-1,-1,-1
470,51,948,252,27,25,1,-1,-1,-1
470,53,986,260,28,21,1,-1,-1,-1
470,56,751,34,15,13,1,-1,-1,-1
470,60,937,285,33,28,1,-1,-1,-1
470,61,743,100,14,15,1,-1,-1,-1
470,63,630,84,10,11,1,-1,-1,-1
470,64,741,57,13,9,1,-1,-1,-1
470,65,638,63,11,15,1,-1,-1,-1
470,66,662,212,14,21,1,-1,-1,-1
470,67,714,63,10,11,1,-1,-1,-1
470,68,753,198,19,23,1,-1,-1,-1
470,69,805,189,19,18,1,-1,-1,-1
471,1,615,82,10,11,1,-1,-1,-1
471,2,629,92,10,11,1,-1,-1,-1
471,6,670,79,10,13,1,-1,-1,-1
471,7,676,92,13,13,1,-1,-1,-1
471,8,702,102,11,11,1,-1,-1,-1
471,11,663,67,10,11,1,-1,-1,-1
471,12,700,90,10,13,1,-1,-1,-1
471,13,693,82,10,13,1,-1,-1,-1
471,14,685,71,10,11,1,-1,-1,-1
471,15,663,59,10,9,1,-1,-1,-1
471,17,680,63,10,9,1,-1,-1,-1
471,18,680,55,10,9,1,-1,-1,-1
471,26,863,96,15,17,1,-1,-1,-1
471,35,609,90,14,21,1,-1,-1,-1
471,37,619,71,10,11,1,-1,-1,-1
471,44,963,233,24,21,1,-1,-1,-1
471,46,996,229,27,36,1,-1,-1,-1
471,49,932,231,23,23,1,-1,-1,-1
471,51,949,252,27,25,1,-1,-1,-1
471,53,987,260,28,21,1,-1,-1,-1
471,56,749,34,15,13,1,-1,-1,-1
471,60,936,283,32,28,1,-1,-1,-1
471,61,744,100,14,15,1,-1,-1,-1
471,63,630,84,10,11,1,-1,-1,-1
471,64,741,57,13,9,1,-1,-1,-1
471,65,638,63,11,15,1,-1,-1,-1
471,66,663,212,14,21,1,-1,-1,-1
471,67,717,61,10,11,1,-1,-1,-1
471,68,753,196,19,23,1,-1,-1,-1
471,69,804,186,21,21,1,-1,-1,-1
472,1,615,81,10,11,1,-1,-1,-1
472,2,629,92,10,11,1,-1,-1,-1
472,6,670,77,10,13,1,-1,-1,-1
472,7,676,92,13,13,1,-1,-1,-1
472,8,701,102,11,11,1,-1,-1,-1
472,11,663,67,10,11,1,-1,-1,-1
472,12,700,90,10,13,1,-1,-1,-1
472,13,693,82,10,13,1,-1,-1,-1
472,14,687,71,10,11,1,-1,-1,-1
472,15,663,59,10,9,1,-1,-1,-1
472,17,680,63,10,9,1,-1,-1,-1
472,18,680,55,10,9,1,-1,-1,-1
472,26,864,96,15,17,1,-1,-1,-1
472,35,609,88,14,21,1,-1,-1,-1
472,37,620,71,10,11,1,-1,-1,-1
472,44,963,233,24,21,1,-1,-1,-1
472,46,996,229,27,36,1,-1,-1,-1
472,49,932,231,23,23,1,-1,-1,-1
472,51,949,252,27,25,1,-1,-1,-1
472,53,987,262,28,21,1,-1,-1,-1
472,56,749,32,15,13,1,-1,-1,-1
472,60,937,283,32,28,1,-1,-1,-1
472,61,744,100,14,15,1,-1,-1,-1
472,63,632,84,10,11,1,-1,-1,-1
472,64,740,55,13,9,1,-1,-1,-1
472,65,638,63,11,15,1,-1,-1,-1
472,66,663,212,14,21,1,-1,-1,-1
472,67,715,63,10,11,1,-1,-1,-1
472,68,753,196,19,23,1,-1,-1,-1
472,69,805,185,19,22,1,-1,-1,-1
473,1,616,81,10,11,1,-1,-1,-1
473,2,629,92,10,11,1,-1,-1,-1
473,6,670,77,10,13,1,-1,-1,-1
473,7,676,92,13,13,1,-1,-1,-1
473,8,702,102,11,11,1,-1,-1,-1
473,11,663,67,10,11,1,-1,-1,-1
473,12,700,90,10,13,1,-1,-1,-1
473,13,693,82,10,13,1,-1,-1,-1
473,14,687,71,10,11,1,-1,-1,-1
473,15,663,57,10,9,1,-1,-1,-1
473,17,681,63,10,9,1,-1,-1,-1
473,18,680,55,10,9,1,-1,-1,-1
473,26,864,96,15,17,1,-1,-1,-1
473,35,609,88,14,21,1,-1,-1,-1
473,37,620,71,10,11,1,-1,-1,-1
473,44,963,233,24,21,1,-1,-1,-1
473,46,996,229,27,36,1,-1,-1,-1
473,49,932,231,23,23,1,-1,-1,-1
473,51,949,252,26,25,1,-1,-1,-1
473,53,987,258,28,21,1,-1,-1,-1
473,56,748,32,15,13,1,-1,-1,-1
473,60,935,279,33,28,1,-1,-1,-1
473,61,744,100,14,15,1,-1,-1,-1
473,63,632,84,10,11,1,-1,-1,-1
473,64,741,55,13,9,1,-1,-1,-1
473,65,638,63,11,15,1,-1,-1,-1
473,66,663,212,14,21,1,-1,-1,-1
473,67,717,63,10,11,1,-1,-1,-1
473,68,755,200,19,23,1,-1,-1,-1
473,69,807,188,18,20,1,-1,-1,-1
474,1,616,79,10,11,1,-1,-1,-1
474,2,630,92,10,11,1,-1,-1,-1
474,6,670,77,10,13,1,-1,-1,-1
474,7,676,92,13,13,1,-1,-1,-1
474,8,702,100,11,11,1,-1,-1,-1
474,11,664,67,10,11,1,-1,-1,-1
474,12,700,88,10,13,1,-1,-1,-1
474,13,694,81,10,13,1,-1,-1,-1
474,14,687,69,10,11,1,-1,-1,-1
474,15,663,59,10,9,1,-1,-1,-1
474,17,680,63,10,9,1,-1,-1,-1
474,18,680,55,10,9,1,-1,-1,-1
474,26,864,96,15,17,1,-1,-1,-1
474,35,609,88,14,21,1,-1,-1,-1
474,37,620,71,10,11,1,-1,-1,-1
474,44,963,233,24,21,1,-1,-1,-1
474,46,996,229,27,36,1,-1,-1,-1
474,49,932,229,23,23,1,-1,-1,-1
474,51,949,252,27,25,1,-1,-1,-1
474,53,987,258,27,21,1,-1,-1,-1
474,56,748,30,15,13,1,-1,-1,-1
474,60,936,279,33,28,1,-1,-1,-1
474,61,745,100,14,15,1,-1,-1,-1
474,63,632,84,10,11,1,-1,-1,-1
474,64,740,55,13,9,1,-1,-1,-1
474,65,638,63,11,15,1,-1,-1,-1
474,66,663,212,14,21,1,-1,-1,-1
474,67,718,61,10,11,1,-1,-1,-1
474,68,759,200,19,23,1,-1,-1,-1
474,69,807,188,20,21,1,-1,-1,-1
475,1,616,79,10,11,1,-1,-1,-1
475,2,629,92,10,11,1,-1,-1,-1
475,6,671,77,10,13,1,-1,-1,-1
475,7,676,90,13,13,1,-1,-1,-1
475,8,702,100,11,11,1,-1,-1,-1
475,11,664,65,10,11,1,-1,-1,-1
475,12,701,88,10,13,1,-1,-1,-1
475,13,694,81,10,13,1,-1,-1,-1
475,14,687,69,10,11,1,-1,-1,-1
475,15,663,57,10,9,1,-1,-1,-1
475,17,680,63,10,9,1,-1,-1,-1
475,18,681,55,10,9,1,-1,-1,-1
475,26,864,94,15,17,1,-1,-1,-1
475,35,609,86,14,21,1,-1,-1,-1
475,37,620,69,10,11,1,-1,-1,-1
475,44,966,231,24,21,1,-1,-1,-1
475,46,996,229,27,36,1,-1,-1,-1
475,49,932,229,23,23,1,-1,-1,-1
475,51,949,250,27,25,1,-1,-1,-1
475,53,987,256,27,21,1,-1,-1,-1
475,56,748,30,15,13,1,-1,-1,-1
475,60,936,279,35,30,1,-1,-1,-1
475,61,745,100,14,15,1,-1,-1,-1
475,63,632,82,10,11,1,-1,-1,-1
475,64,740,54,13,9,1,-1,-1,-1
475,65,638,63,11,15,1,-1,-1,-1
475,66,664,212,14,21,1,-1,-1,-1
475,67,718,63,10,11,1,-1,-1,-1
475,68,757,200,19,23,1,-1,-1,-1
475,69,808,187,19,21,1,-1,-1,-1
476,1,616,79,10,11,1,-1,-1,-1
476,2,630,90,10,11,1,-1,-1,-1
476,6,671,77,10,13,1,-1,-1,-1
476,7,676,90,13,13,1,-1,-1,-1
476,8,704,100,11,11,1,-1,-1,-1
476,11,664,65,10,11,1,-1,-1,-1
476,12,701,88,10,13,1,-1,-1,-1
476,13,694,79,10,13,1,-1,-1,-1
476,14,687,69,10,11,1,-1,-1,-1
476,15,663,57,10,9,1,-1,-1,-1
476,17,681,63,10,9,1,-1,-1,-1
476,18,681,55,10,9,1,-1,-1,-1
476,26,864,94,15,17,1,-1,-1,-1
476,35,611,88,14,21,1,-1,-1,-1
476,37,620,69,10,11,1,-1,-1,-1
476,44,965,231,24,21,1,-1,-1,-1
476,46,997,227,26,36,1,-1,-1,-1
476,49,933,229,23,23,1,-1,-1,-1
476,51,949,250,27,25,1,-1,-1,-1
476,53,988,256,28,21,1,-1,-1,-1
476,56,748,28,15,13,1,-1,-1,-1
476,60,936,277,35,30,1,-1,-1,-1
476,61,747,100,14,15,1,-1,-1,-1
476,63,632,84,10,11,1,-1,-1,-1
476,65,638,63,11,15,1,-1,-1,-1
476,66,663,214,14,21,1,-1,-1,-1
476,67,718,63,10,11,1,-1,-1,-1
476,68,758,200,19,23,1,-1,-1,-1
476,69,808,189,19,21,1,-1,-1,-1
477,1,616,79,10,11,1,-1,-1,-1
477,2,630,90,10,11,1,-1,-1,-1
477,6,670,77,10,13,1,-1,-1,-1
477,7,676,90,13,13,1,-1,-1,-1
477,8,704,98,11,11,1,-1,-1,-1
477,11,664,65,10,11,1,-1,-1,-1
477,12,701,88,10,13,1,-1,-1,-1
477,13,693,79,10,13,1,-1,-1,-1
477,14,687,69,10,11,1,-1,-1,-1
477,15,663,57,10,9,1,-1,-1,-1
477,17,681,61,10,9,1,-1,-1,-1
477,18,681,55,10,9,1,-1,-1,-1
477,26,864,94,15,17,1,-1,-1,-1
477,37,620,69,10,11,1,-1,-1,-1
477,44,965,231,24,21,1,-1,-1,-1
477,46,997,227,26,36,1,-1,-1,-1
477,49,933,229,23,23,1,-1,-1,-1
477,51,950,250,27,25,1,-1,-1,-1
477,53,988,256,30,23,1,-1,-1,-1
477,56,747,28,15,13,1,-1,-1,-1
477,60,936,277,33,28,1,-1,-1,-1
477,61,748,100,14,15,1,-1,-1,-1
477,63,632,82,10,11,1,-1,-1,-1
477,65,637,63,11,15,1,-1,-1,-1
477,66,664,212,14,21,1,-1,-1,-1
477,67,718,63,10,11,1,-1,-1,-1
477,68,759,199,19,23,1,-1,-1,-1
477,69,809,189,19,21,1,-1,-1,-1
478,1,616,79,10,11,1,-1,-1,-1
478,2,630,90,10,11,1,-1,-1,-1
478,6,671,75,10,13,1,-1,-1,-1
478,7,677,90,13,13,1,-1,-1,-1
478,8,704,98,11,11,1,-1,-1,-1
478,11,664,65,10,11,1,-1,-1,-1
478,12,701,88,10,13,1,-1,-1,-1
478,13,694,79,10,13,1,-1,-1,-1
478,14,687,69,10,11,1,-1,-1,-1
478,15,663,57,10,9,1,-1,-1,-1
478,17,681,63,10,9,1,-1,-1,-1
478,18,680,54,10,9,1,-1,-1,-1
478,26,865,94,15,17,1,-1,-1,-1
478,37,620,69,10,11,1,-1,-1,-1
478,44,966,231,24,21,1,-1,-1,-1
478,46,999,227,24,36,1,-1,-1,-1
478,49,935,229,23,23,1,-1,-1,-1
478,51,950,250,27,25,1,-1,-1,-1
478,53,988,254,31,23,1,-1,-1,-1
478,56,745,28,15,13,1,-1,-1,-1
478,60,936,275,33,28,1,-1,-1,-1
478,61,748,100,14,15,1,-1,-1,-1
478,63,632,82,10,11,1,-1,-1,-1
478,65,638,61,11,15,1,-1,-1,-1
478,66,664,212,14,21,1,-1,-1,-1
478,67,719,63,10,11,1,-1,-1,-1
478,68,758,199,19,23,1,-1,-1,-1
478,69,809,189,19,21,1,-1,-1,-1
479,1,616,77,10,11,1,-1,-1,-1
479,2,630,90,10,11,1,-1,-1,-1
479,6,671,75,10,13,1,-1,-1,-1
479,7,676,90,13,13,1,-1,-1,-1
479,8,704,98,11,11,1,-1,-1,-1
479,11,664,65,10,11,1,-1,-1,-1
479,12,701,88,10,13,1,-1,-1,-1
479,13,694,79,10,13,1,-1,-1,-1
479,14,687,69,10,11,1,-1,-1,-1
479,15,663,57,10,9,1,-1,-1,-1
479,17,681,61,10,9,1,-1,-1,-1
479,18,681,54,10,9,1,-1,-1,-1
479,26,865,92,15,17,1,-1,-1,-1
479,37,619,69,10,11,1,-1,-1,-1
479,44,966,231,24,21,1,-1,-1,-1
479,49,935,227,23,23,1,-1,-1,-1
479,51,952,250,27,25,1,-1,-1,-1
479,53,988,254,31,23,1,-1,-1,-1
479,60,936,273,33,28,1,-1,-1,-1
479,61,748,100,14,15,1,-1,-1,-1
479,63,633,82,10,11,1,-1,-1,-1
479,65,638,63,11,15,1,-1,-1,-1
479,66,664,214,14,21,1,-1,-1,-1
479,67,719,63,10,11,1,-1,-1,-1
479,68,759,200,19,23,1,-1,-1,-1
479,69,809,190,19,21,1,-1,-1,-1
480,1,616,79,10,11,1,-1,-1,-1
480,2,629,90,10,11,1,-1,-1,-1
480,6,671,75,10,13,1,-1,-1,-1
480,7,677,90,13,13,1,-1,-1,-1
480,11,664,65,10,11,1,-1,-1,-1
480,12,700,86,10,13,1,-1,-1,-1
480,13,696,79,10,13,1,-1,-1,-1
480,14,688,69,10,11,1,-1,-1,-1
480,15,663,55,10,9,1,-1,-1,-1
480,17,683,61,10,9,1,-1,-1,-1
480,18,681,54,10,9,1,-1,-1,-1
480,26,865,92,15,17,1,-1,-1,-1
480,37,620,69,10,11,1,-1,-1,-1
480,44,966,229,24,21,1,-1,-1,-1
480,49,935,227,23,23,1,-1,-1,-1
480,51,952,248,27,25,1,-1,-1,-1
480,53,988,254,30,23,1,-1,-1,-1
480,60,933,271,35,30,1,-1,-1,-1
480,63,633,82,10,11,1,-1,-1,-1
480,65,637,63,11,15,1,-1,-1,-1
480,66,666,214,14,21,1,-1,-1,-1
480,67,719,63,10,11,1,-1,-1,-1
480,68,757,198,24,25,1,-1,-1,-1
480,69,811,189,19,21,1,-1,-1,-1
