1,0,182,364,185,96,1,-1,-1,-1
1,1,89,248,141,65,1,-1,-1,-1
1,2,334,171,71,48,1,-1,-1,-1
1,3,277,90,43,35,1,-1,-1,-1
1,4,398,129,40,35,1,-1,-1,-1
1,5,411,99,49,30,1,-1,-1,-1
1,6,545,210,107,53,1,-1,-1,-1
1,7,612,238,128,57,1,-1,-1,-1
1,8,810,98,61,34,1,-1,-1,-1
1,9,938,118,67,33,1,-1,-1,-1
1,10,933,66,48,23,1,-1,-1,-1
1,12,826,78,50,21,1,-1,-1,-1
2,0,194,360,189,98,1,-1,-1,-1
2,1,87,246,143,65,1,-1,-1,-1
2,2,334,169,70,48,1,-1,-1,-1
2,3,276,90,43,34,1,-1,-1,-1
2,4,398,127,40,36,1,-1,-1,-1
2,5,410,98,49,30,1,-1,-1,-1
2,6,552,208,104,52,1,-1,-1,-1
2,7,621,237,122,55,1,-1,-1,-1
2,8,805,98,61,34,1,-1,-1,-1
2,9,944,119,61,30,1,-1,-1,-1
2,10,931,65,49,23,1,-1,-1,-1
2,12,824,77,49,21,1,-1,-1,-1
3,0,216,354,189,98,1,-1,-1,-1
3,1,87,248,143,65,1,-1,-1,-1
3,2,336,169,70,48,1,-1,-1,-1
3,3,276,90,43,34,1,-1,-1,-1
3,4,399,127,40,34,1,-1,-1,-1
3,5,407,98,50,30,1,-1,-1,-1
3,6,561,206,103,50,1,-1,-1,-1
3,7,629,233,125,55,1,-1,-1,-1
3,8,803,100,61,34,1,-1,-1,-1
3,9,945,117,66,32,1,-1,-1,-1
3,10,928,67,47,23,1,-1,-1,-1
3,12,821,79,53,21,1,-1,-1,-1
4,0,231,349,192,100,1,-1,-1,-1
4,1,91,248,138,63,1,-1,-1,-1
4,2,338,167,71,48,1,-1,-1,-1
4,3,276,90,43,34,1,-1,-1,-1
4,4,398,127,39,34,1,-1,-1,-1
4,5,404,96,53,32,1,-1,-1,-1
4,6,568,206,103,50,1,-1,-1,-1
4,7,638,233,121,54,1,-1,-1,-1
4,8,799,100,61,34,1,-1,-1,-1
4,9,948,115,66,32,1,-1,-1,-1
4,10,927,67,48,23,1,-1,-1,-1
4,12,817,77,54,23,1,-1,-1,-1
5,0,250,341,192,100,1,-1,-1,-1
5,1,92,248,135,61,1,-1,-1,-1
5,2,339,167,70,48,1,-1,-1,-1
5,3,278,90,40,34,1,-1,-1,-1
5,4,398,127,39,34,1,-1,-1,-1
5,5,404,96,52,32,1,-1,-1,-1
5,6,574,202,103,50,1,-1,-1,-1
5,7,646,231,121,54,1,-1,-1,-1
5,8,795,100,61,34,1,-1,-1,-1
5,9,953,117,62,30,1,-1,-1,-1
5,10,926,67,48,23,1,-1,-1,-1
5,12,815,79,53,23,1,-1,-1,-1
6,0,267,343,172,94,1,-1,-1,-1
6,1,90,246,141,65,1,-1,-1,-1
6,2,340,167,71,48,1,-1,-1,-1
6,3,278,90,40,34,1,-1,-1,-1
6,4,398,127,39,34,1,-1,-1,-1
6,5,403,96,49,30,1,-1,-1,-1
6,6,585,202,100,50,1,-1,-1,-1
6,7,656,231,117,52,1,-1,-1,-1
6,8,791,100,61,34,1,-1,-1,-1
6,9,953,115,66,32,1,-1,-1,-1
6,10,924,67,48,23,1,-1,-1,-1
6,12,815,79,49,21,1,-1,-1,-1
7,0,287,337,169,94,1,-1,-1,-1
7,1,101,247,143,65,1,-1,-1,-1
7,2,342,165,74,50,1,-1,-1,-1
7,3,278,92,40,34,1,-1,-1,-1
7,4,398,125,39,34,1,-1,-1,-1
7,5,403,96,49,30,1,-1,-1,-1
7,6,591,202,99,48,1,-1,-1,-1
7,7,664,229,113,50,1,-1,-1,-1
7,8,787,102,61,34,1,-1,-1,-1
7,9,957,115,66,32,1,-1,-1,-1
7,10,923,67,48,23,1,-1,-1,-1
7,11,0,335,40,64,1,-1,-1,-1
7,12,812,79,50,21,1,-1,-1,-1
7,13,0,291,21,42,1,-1,-1,-1
8,0,299,333,181,94,1,-1,-1,-1
8,1,102,243,143,65,1,-1,-1,-1
8,2,343,163,74,50,1,-1,-1,-1
8,3,279,92,40,32,1,-1,-1,-1
8,4,398,125,37,34,1,-1,-1,-1
8,5,400,96,49,30,1,-1,-1,-1
8,6,600,200,95,46,1,-1,-1,-1
8,7,673,227,111,50,1,-1,-1,-1
8,8,784,102,61,34,1,-1,-1,-1
8,9,961,113,62,32,1,-1,-1,-1
8,10,920,67,48,23,1,-1,-1,-1
8,11,0,328,56,71,1,-1,-1,-1
8,12,808,79,50,21,1,-1,-1,-1
8,13,0,290,21,44,1,-1,-1,-1
9,0,317,329,177,92,1,-1,-1,-1
9,1,103,241,147,67,1,-1,-1,-1
9,2,343,163,74,50,1,-1,-1,-1
9,3,279,92,37,30,1,-1,-1,-1
9,4,398,125,37,32,1,-1,-1,-1
9,5,399,94,49,30,1,-1,-1,-1
9,6,608,200,92,46,1,-1,-1,-1
9,7,680,225,111,50,1,-1,-1,-1
9,8,781,102,61,34,1,-1,-1,-1
9,9,966,115,57,32,1,-1,-1,-1
9,10,919,67,49,23,1,-1,-1,-1
9,11,0,328,70,65,1,-1,-1,-1
9,12,807,79,50,21,1,-1,-1,-1
9,13,0,288,24,42,1,-1,-1,-1
10,0,333,329,171,88,1,-1,-1,-1
10,1,104,241,147,67,1,-1,-1,-1
10,2,343,160,79,54,1,-1,-1,-1
10,3,279,92,37,30,1,-1,-1,-1
10,4,398,125,37,32,1,-1,-1,-1
10,5,398,94,49,30,1,-1,-1,-1
10,6,612,196,96,48,1,-1,-1,-1
10,7,689,223,108,48,1,-1,-1,-1
10,8,778,104,61,34,1,-1,-1,-1
10,9,970,115,53,30,1,-1,-1,-1
10,10,915,67,48,23,1,-1,-1,-1
10,11,0,325,83,66,1,-1,-1,-1
10,12,804,79,50,21,1,-1,-1,-1
10,13,0,282,28,46,1,-1,-1,-1
11,0,348,322,171,88,1,-1,-1,-1
11,1,104,239,150,67,1,-1,-1,-1
11,2,346,160,77,52,1,-1,-1,-1
11,3,278,90,40,32,1,-1,-1,-1
11,4,393,122,43,35,1,-1,-1,-1
11,5,398,94,49,30,1,-1,-1,-1
11,6,624,196,95,46,1,-1,-1,-1
11,7,697,221,108,48,1,-1,-1,-1
11,8,774,104,61,34,1,-1,-1,-1
11,9,971,113,52,30,1,-1,-1,-1
11,10,915,67,48,23,1,-1,-1,-1
11,11,0,320,97,74,1,-1,-1,-1
11,12,800,79,50,21,1,-1,-1,-1
11,13,0,290,24,34,1,-1,-1,-1
12,0,368,322,158,82,1,-1,-1,-1
12,1,105,239,150,67,1,-1,-1,-1
12,2,347,158,78,52,1,-1,-1,-1
12,3,278,92,40,32,1,-1,-1,-1
12,4,391,123,46,36,1,-1,-1,-1
12,5,394,92,49,30,1,-1,-1,-1
12,6,632,196,87,42,1,-1,-1,-1
12,7,705,221,108,48,1,-1,-1,-1
12,8,770,104,61,34,1,-1,-1,-1
12,9,974,111,49,30,1,-1,-1,-1
12,10,912,69,48,23,1,-1,-1,-1
12,11,0,319,109,70,1,-1,-1,-1
12,12,799,81,50,21,1,-1,-1,-1
12,13,0,289,26,33,1,-1,-1,-1
13,0,381,316,158,82,1,-1,-1,-1
13,1,108,239,150,67,1,-1,-1,-1
13,2,347,156,82,55,1,-1,-1,-1
13,3,279,92,40,32,1,-1,-1,-1
13,4,391,120,45,36,1,-1,-1,-1
13,5,394,92,49,30,1,-1,-1,-1
13,6,636,194,90,44,1,-1,-1,-1
13,7,713,219,107,48,1,-1,-1,-1
13,8,765,104,61,34,1,-1,-1,-1
13,9,979,113,44,30,1,-1,-1,-1
13,10,910,69,48,23,1,-1,-1,-1
13,11,0,319,120,77,1,-1,-1,-1
13,12,796,81,49,21,1,-1,-1,-1
13,13,0,288,26,31,1,-1,-1,-1
14,0,398,314,155,79,1,-1,-1,-1
14,1,114,240,142,71,1,-1,-1,-1
14,2,347,156,83,55,1,-1,-1,-1
14,3,279,92,40,32,1,-1,-1,-1
14,4,390,120,46,36,1,-1,-1,-1
14,5,394,92,49,30,1,-1,-1,-1
14,6,642,192,92,46,1,-1,-1,-1
14,7,716,217,110,49,1,-1,-1,-1
14,8,761,105,66,34,1,-1,-1,-1
14,9,983,113,40,28,1,-1,-1,-1
14,10,909,69,48,23,1,-1,-1,-1
14,11,0,314,133,81,1,-1,-1,-1
14,12,794,82,55,24,1,-1,-1,-1
14,13,0,288,28,28,1,-1,-1,-1
15,0,410,308,155,79,1,-1,-1,-1
15,1,117,239,141,69,1,-1,-1,-1
15,2,352,156,79,54,1,-1,-1,-1
15,3,279,92,39,32,1,-1,-1,-1
15,4,389,120,45,35,1,-1,-1,-1
15,5,391,92,49,30,1,-1,-1,-1
15,6,650,190,90,44,1,-1,-1,-1
15,7,726,217,106,47,1,-1,-1,-1
15,8,757,106,65,32,1,-1,-1,-1
15,9,984,111,39,30,1,-1,-1,-1
15,10,906,69,48,23,1,-1,-1,-1
15,11,0,313,149,85,1,-1,-1,-1
15,12,791,82,53,23,1,-1,-1,-1
15,13,0,286,34,31,1,-1,-1,-1
16,0,419,304,154,84,1,-1,-1,-1
16,1,121,241,135,64,1,-1,-1,-1
16,2,355,156,74,50,1,-1,-1,-1
16,3,279,92,39,32,1,-1,-1,-1
16,4,387,118,46,36,1,-1,-1,-1
16,5,391,90,48,28,1,-1,-1,-1
16,6,658,190,87,42,1,-1,-1,-1
16,7,725,215,111,46,1,-1,-1,-1
16,8,753,106,66,34,1,-1,-1,-1
16,9,987,111,36,30,1,-1,-1,-1
16,10,906,69,48,23,1,-1,-1,-1
16,11,0,308,154,90,1,-1,-1,-1
16,12,792,84,49,21,1,-1,-1,-1
16,13,0,290,30,30,1,-1,-1,-1
17,0,433,302,157,84,1,-1,-1,-1
17,1,126,241,133,67,1,-1,-1,-1
17,2,356,156,71,48,1,-1,-1,-1
17,3,279,92,39,32,1,-1,-1,-1
17,4,387,117,45,36,1,-1,-1,-1
17,5,387,88,49,30,1,-1,-1,-1
17,6,666,190,83,42,1,-1,-1,-1
17,7,735,214,108,46,1,-1,-1,-1
17,8,748,106,69,34,1,-1,-1,-1
17,9,991,111,32,30,1,-1,-1,-1
17,10,905,69,48,23,1,-1,-1,-1
17,11,0,306,177,86,1,-1,-1,-1
17,12,787,84,53,23,1,-1,-1,-1
17,13,1,288,33,38,1,-1,-1,-1
18,0,444,298,156,84,1,-1,-1,-1
18,1,125,239,135,61,1,-1,-1,-1
18,2,359,156,70,46,1,-1,-1,-1
18,3,279,92,39,32,1,-1,-1,-1
18,4,384,117,48,35,1,-1,-1,-1
18,5,387,88,49,30,1,-1,-1,-1
18,6,670,187,87,42,1,-1,-1,-1
18,7,742,212,107,46,1,-1,-1,-1
18,8,745,106,66,34,1,-1,-1,-1
18,9,992,111,31,30,1,-1,-1,-1
18,10,902,69,48,23,1,-1,-1,-1
18,11,0,304,181,86,1,-1,-1,-1
18,12,787,84,50,21,1,-1,-1,-1
18,13,0,290,38,37,1,-1,-1,-1
19,0,458,295,152,82,1,-1,-1,-1
19,1,129,239,133,61,1,-1,-1,-1
19,2,360,154,67,46,1,-1,-1,-1
19,3,279,92,39,32,1,-1,-1,-1
19,4,385,117,46,35,1,-1,-1,-1
19,5,386,88,49,30,1,-1,-1,-1
19,6,680,187,83,40,1,-1,-1,-1
19,7,748,208,111,49,1,-1,-1,-1
19,8,743,108,62,32,1,-1,-1,-1
19,9,998,109,25,30,1,-1,-1,-1
19,10,899,69,48,23,1,-1,-1,-1
19,11,6,298,192,90,1,-1,-1,-1
19,12,781,84,54,23,1,-1,-1,-1
19,13,0,288,40,55,1,-1,-1,-1
20,0,471,293,152,82,1,-1,-1,-1
20,1,130,239,133,61,1,-1,-1,-1
20,2,361,154,66,44,1,-1,-1,-1
20,3,279,92,39,32,1,-1,-1,-1
20,4,385,116,46,35,1,-1,-1,-1
20,5,385,88,50,30,1,-1,-1,-1
20,6,684,187,83,42,1,-1,-1,-1
20,7,756,210,104,44,1,-1,-1,-1
20,8,737,109,66,34,1,-1,-1,-1
20,9,1001,109,22,31,1,-1,-1,-1
20,10,898,69,49,23,1,-1,-1,-1
20,11,22,298,192,90,1,-1,-1,-1
20,12,778,84,54,23,1,-1,-1,-1
20,13,0,290,42,50,1,-1,-1,-1
21,0,481,289,155,84,1,-1,-1,-1
21,1,134,239,130,59,1,-1,-1,-1
21,2,363,154,66,44,1,-1,-1,-1
21,3,279,92,39,32,1,-1,-1,-1
21,4,383,119,47,32,1,-1,-1,-1
21,5,382,88,50,30,1,-1,-1,-1
21,6,689,183,87,42,1,-1,-1,-1
21,7,763,210,104,44,1,-1,-1,-1
21,8,734,109,66,34,1,-1,-1,-1
21,9,1002,109,21,29,1,-1,-1,-1
21,10,897,69,48,23,1,-1,-1,-1
21,11,37,295,188,88,1,-1,-1,-1
21,12,774,82,60,25,1,-1,-1,-1
21,13,0,288,46,54,1,-1,-1,-1
22,0,496,285,152,82,1,-1,-1,-1
22,1,137,239,130,59,1,-1,-1,-1
22,2,364,152,66,44,1,-1,-1,-1
22,3,276,90,40,34,1,-1,-1,-1
22,4,381,117,49,34,1,-1,-1,-1
22,5,381,88,49,30,1,-1,-1,-1
22,6,694,181,90,44,1,-1,-1,-1
22,7,771,202,103,47,1,-1,-1,-1
22,8,728,109,69,34,1,-1,-1,-1
22,9,1005,107,18,30,1,-1,-1,-1
22,10,894,71,48,23,1,-1,-1,-1
22,11,50,293,188,88,1,-1,-1,-1
22,12,774,84,57,25,1,-1,-1,-1
22,13,0,286,44,58,1,-1,-1,-1
23,0,508,283,140,81,1,-1,-1,-1
23,1,139,239,130,59,1,-1,-1,-1
23,2,364,152,66,44,1,-1,-1,-1
23,3,279,92,40,32,1,-1,-1,-1
23,4,381,117,49,34,1,-1,-1,-1
23,5,382,88,45,28,1,-1,-1,-1
23,6,701,181,90,44,1,-1,-1,-1
23,7,777,206,102,44,1,-1,-1,-1
23,8,726,107,70,36,1,-1,-1,-1
23,9,1007,106,16,31,1,-1,-1,-1
23,10,893,71,48,23,1,-1,-1,-1
23,11,62,291,179,88,1,-1,-1,-1
23,12,769,82,60,25,1,-1,-1,-1
23,13,0,283,49,58,1,-1,-1,-1
24,0,521,281,132,79,1,-1,-1,-1
24,1,142,237,130,59,1,-1,-1,-1
24,2,365,150,60,44,1,-1,-1,-1
24,3,276,90,41,34,1,-1,-1,-1
24,4,380,117,50,34,1,-1,-1,-1
24,5,380,86,45,28,1,-1,-1,-1
24,6,707,179,87,42,1,-1,-1,-1
24,7,784,202,101,47,1,-1,-1,-1
24,8,725,107,68,36,1,-1,-1,-1
24,10,890,71,49,23,1,-1,-1,-1
24,11,78,288,173,82,1,-1,-1,-1
24,12,769,84,54,23,1,-1,-1,-1
24,13,0,285,55,58,1,-1,-1,-1
25,0,531,277,133,79,1,-1,-1,-1
25,1,144,237,130,59,1,-1,-1,-1
25,2,368,150,66,44,1,-1,-1,-1
25,3,278,92,40,32,1,-1,-1,-1
25,4,381,117,47,32,1,-1,-1,-1
25,5,378,86,45,28,1,-1,-1,-1
25,6,714,179,90,44,1,-1,-1,-1
25,7,790,200,100,46,1,-1,-1,-1
25,8,719,109,70,36,1,-1,-1,-1
25,10,888,71,48,23,1,-1,-1,-1
25,11,94,285,177,84,1,-1,-1,-1
25,12,762,84,57,25,1,-1,-1,-1
25,13,0,281,56,58,1,-1,-1,-1
26,0,542,275,134,80,1,-1,-1,-1
26,1,147,235,130,59,1,-1,-1,-1
26,2,369,150,66,44,1,-1,-1,-1
26,3,275,90,43,34,1,-1,-1,-1
26,4,378,117,49,34,1,-1,-1,-1
26,5,377,86,44,28,1,-1,-1,-1
26,6,718,175,91,44,1,-1,-1,-1
26,7,798,200,95,44,1,-1,-1,-1
26,8,717,113,65,32,1,-1,-1,-1
26,10,888,71,48,23,1,-1,-1,-1
26,11,105,285,173,82,1,-1,-1,-1
26,12,764,84,56,23,1,-1,-1,-1
26,13,0,286,53,48,1,-1,-1,-1
27,0,552,271,135,80,1,-1,-1,-1
27,1,150,235,130,59,1,-1,-1,-1
27,2,369,150,64,42,1,-1,-1,-1
27,3,278,92,40,32,1,-1,-1,-1
27,4,380,117,47,32,1,-1,-1,-1
27,5,377,84,44,28,1,-1,-1,-1
27,6,727,177,87,42,1,-1,-1,-1
27,7,804,198,91,42,1,-1,-1,-1
27,8,711,113,66,34,1,-1,-1,-1
27,10,885,71,49,23,1,-1,-1,-1
27,11,113,281,171,76,1,-1,-1,-1
27,12,761,86,54,23,1,-1,-1,-1
27,13,0,286,55,46,1,-1,-1,-1
28,0,568,270,132,73,1,-1,-1,-1
28,1,154,235,130,59,1,-1,-1,-1
28,2,370,148,59,44,1,-1,-1,-1
28,3,275,90,43,34,1,-1,-1,-1
28,4,377,115,49,34,1,-1,-1,-1
28,5,376,84,44,28,1,-1,-1,-1
28,6,734,175,83,42,1,-1,-1,-1
28,7,805,196,99,46,1,-1,-1,-1
28,8,710,113,66,34,1,-1,-1,-1
28,10,882,71,48,23,1,-1,-1,-1
28,11,125,279,172,82,1,-1,-1,-1
28,12,754,84,60,25,1,-1,-1,-1
28,13,0,286,56,46,1,-1,-1,-1
29,0,575,266,129,72,1,-1,-1,-1
29,1,158,235,128,57,1,-1,-1,-1
29,2,372,148,58,44,1,-1,-1,-1
29,3,275,92,43,34,1,-1,-1,-1
29,4,378,117,47,32,1,-1,-1,-1
29,5,373,84,47,28,1,-1,-1,-1
29,6,737,175,86,42,1,-1,-1,-1
29,7,816,196,96,44,1,-1,-1,-1
29,8,704,113,69,34,1,-1,-1,-1
29,10,881,73,48,23,1,-1,-1,-1
29,11,137,275,167,77,1,-1,-1,-1
29,12,749,82,66,28,1,-1,-1,-1
29,13,0,285,58,46,1,-1,-1,-1
30,0,589,262,126,71,1,-1,-1,-1
30,1,159,233,128,57,1,-1,-1,-1
30,2,370,148,54,42,1,-1,-1,-1
30,3,272,94,44,36,1,-1,-1,-1
30,4,378,117,44,30,1,-1,-1,-1
30,5,372,82,47,28,1,-1,-1,-1
30,6,735,171,89,40,1,-1,-1,-1
30,7,822,194,92,42,1,-1,-1,-1
30,8,700,113,69,34,1,-1,-1,-1
30,10,879,73,48,23,1,-1,-1,-1
30,11,148,273,166,81,1,-1,-1,-1
30,12,748,84,66,28,1,-1,-1,-1
30,13,0,285,60,46,1,-1,-1,-1
31,0,601,258,122,72,1,-1,-1,-1
31,1,161,233,128,57,1,-1,-1,-1
31,2,370,146,53,42,1,-1,-1,-1
31,3,273,94,43,34,1,-1,-1,-1
31,4,376,115,47,32,1,-1,-1,-1
31,5,370,82,47,28,1,-1,-1,-1
31,6,741,171,86,38,1,-1,-1,-1
31,7,829,194,92,42,1,-1,-1,-1
31,8,694,113,70,36,1,-1,-1,-1
31,10,879,73,44,21,1,-1,-1,-1
31,11,164,273,161,69,1,-1,-1,-1
31,12,748,84,61,25,1,-1,-1,-1
31,13,0,285,62,46,1,-1,-1,-1
32,0,599,256,133,69,1,-1,-1,-1
32,1,164,233,128,57,1,-1,-1,-1
32,2,370,146,54,42,1,-1,-1,-1
32,3,273,94,43,33,1,-1,-1,-1
32,4,376,115,45,30,1,-1,-1,-1
32,5,369,81,48,28,1,-1,-1,-1
32,6,748,169,83,38,1,-1,-1,-1
32,7,835,192,90,42,1,-1,-1,-1
32,8,690,115,69,34,1,-1,-1,-1
32,10,876,73,47,23,1,-1,-1,-1
32,11,173,271,161,66,1,-1,-1,-1
32,12,741,84,66,28,1,-1,-1,-1
32,13,0,285,64,46,1,-1,-1,-1
33,0,617,252,124,71,1,-1,-1,-1
33,1,167,231,128,57,1,-1,-1,-1
33,2,372,146,53,42,1,-1,-1,-1
33,3,272,94,45,33,1,-1,-1,-1
33,4,376,115,45,30,1,-1,-1,-1
33,5,368,81,49,28,1,-1,-1,-1
33,6,753,169,82,36,1,-1,-1,-1
33,7,841,190,90,42,1,-1,-1,-1
33,8,685,113,73,39,1,-1,-1,-1
33,10,873,73,44,21,1,-1,-1,-1
33,11,186,270,156,73,1,-1,-1,-1
33,12,741,84,62,28,1,-1,-1,-1
33,13,0,284,65,48,1,-1,-1,-1
34,0,630,250,122,69,1,-1,-1,-1
34,1,171,231,125,57,1,-1,-1,-1
34,2,373,144,53,40,1,-1,-1,-1
34,3,274,94,43,34,1,-1,-1,-1
34,4,376,115,44,30,1,-1,-1,-1
34,5,368,79,45,27,1,-1,-1,-1
34,6,760,169,80,36,1,-1,-1,-1
34,7,848,190,86,40,1,-1,-1,-1
34,8,678,111,74,40,1,-1,-1,-1
34,10,871,73,48,23,1,-1,-1,-1
34,11,198,268,151,71,1,-1,-1,-1
34,12,740,84,57,25,1,-1,-1,-1
34,13,0,282,67,49,1,-1,-1,-1
35,0,639,256,121,59,1,-1,-1,-1
35,1,172,231,125,57,1,-1,-1,-1
35,2,373,144,53,42,1,-1,-1,-1
35,3,275,94,42,34,1,-1,-1,-1
35,4,376,115,43,30,1,-1,-1,-1
35,5,365,79,48,28,1,-1,-1,-1
35,6,765,167,78,36,1,-1,-1,-1
35,7,854,190,86,40,1,-1,-1,-1
35,8,675,113,75,40,1,-1,-1,-1
35,10,868,73,48,23,1,-1,-1,-1
35,11,207,264,144,73,1,-1,-1,-1
35,12,736,86,57,25,1,-1,-1,-1
35,13,0,282,69,49,1,-1,-1,-1
36,0,647,246,121,67,1,-1,-1,-1
36,1,175,231,125,57,1,-1,-1,-1
36,2,376,144,52,40,1,-1,-1,-1
36,3,273,96,42,31,1,-1,-1,-1
36,4,373,113,44,30,1,-1,-1,-1
36,5,364,77,49,28,1,-1,-1,-1
36,6,770,167,77,34,1,-1,-1,-1
36,7,859,189,86,40,1,-1,-1,-1
36,8,671,113,74,40,1,-1,-1,-1
36,10,867,75,48,23,1,-1,-1,-1
36,11,219,258,133,73,1,-1,-1,-1
36,12,736,85,62,26,1,-1,-1,-1
36,13,0,282,69,49,1,-1,-1,-1
37,0,654,244,120,65,1,-1,-1,-1
37,1,180,233,122,55,1,-1,-1,-1
37,2,377,144,50,40,1,-1,-1,-1
37,3,273,93,44,34,1,-1,-1,-1
37,4,373,113,44,30,1,-1,-1,-1
37,5,363,79,45,27,1,-1,-1,-1
37,6,774,165,80,36,1,-1,-1,-1
37,7,864,187,84,38,1,-1,-1,-1
37,8,667,115,70,40,1,-1,-1,-1
37,10,865,73,48,23,1,-1,-1,-1
37,11,229,256,132,72,1,-1,-1,-1
37,12,732,86,60,25,1,-1,-1,-1
37,13,0,282,71,48,1,-1,-1,-1
38,0,669,241,112,70,1,-1,-1,-1
38,1,180,231,124,62,1,-1,-1,-1
38,2,377,142,52,40,1,-1,-1,-1
38,3,272,92,44,34,1,-1,-1,-1
38,4,373,113,43,28,1,-1,-1,-1
38,5,361,77,47,28,1,-1,-1,-1
38,6,779,163,80,36,1,-1,-1,-1
38,7,869,185,84,38,1,-1,-1,-1
38,8,663,115,70,40,1,-1,-1,-1
38,10,863,75,50,23,1,-1,-1,-1
38,11,244,254,149,72,1,-1,-1,-1
38,12,730,86,59,25,1,-1,-1,-1
38,13,0,281,74,50,1,-1,-1,-1
39,0,676,239,116,69,1,-1,-1,-1
39,1,184,229,125,63,1,-1,-1,-1
39,2,378,142,50,40,1,-1,-1,-1
39,3,272,92,44,34,1,-1,-1,-1
39,4,372,113,44,30,1,-1,-1,-1
39,5,360,75,48,28,1,-1,-1,-1
39,6,783,160,83,38,1,-1,-1,-1
39,7,873,185,87,40,1,-1,-1,-1
39,8,658,115,73,42,1,-1,-1,-1
39,10,862,75,48,23,1,-1,-1,-1
39,11,259,250,140,81,1,-1,-1,-1
39,12,727,84,61,27,1,-1,-1,-1
39,13,0,281,76,49,1,-1,-1,-1
40,0,686,237,114,63,1,-1,-1,-1
40,1,185,229,129,65,1,-1,-1,-1
40,2,378,140,49,38,1,-1,-1,-1
40,3,274,92,44,34,1,-1,-1,-1
40,4,370,111,43,30,1,-1,-1,-1
40,5,359,75,48,28,1,-1,-1,-1
40,6,790,160,83,38,1,-1,-1,-1
40,7,881,183,84,38,1,-1,-1,-1
40,8,653,117,73,42,1,-1,-1,-1
40,10,860,75,48,23,1,-1,-1,-1
40,11,270,250,137,72,1,-1,-1,-1
40,12,724,84,61,27,1,-1,-1,-1
40,13,0,280,76,50,1,-1,-1,-1
41,0,694,235,112,67,1,-1,-1,-1
41,1,186,229,129,65,1,-1,-1,-1
41,2,380,140,49,38,1,-1,-1,-1
41,3,274,92,44,34,1,-1,-1,-1
41,4,370,111,41,28,1,-1,-1,-1
41,5,357,77,45,27,1,-1,-1,-1
41,6,794,160,83,38,1,-1,-1,-1
41,7,882,181,90,42,1,-1,-1,-1
41,8,646,115,75,42,1,-1,-1,-1
41,10,858,75,49,23,1,-1,-1,-1
41,11,282,250,138,75,1,-1,-1,-1
41,12,722,85,63,25,1,-1,-1,-1
41,13,0,280,80,51,1,-1,-1,-1
42,0,703,233,111,61,1,-1,-1,-1
42,1,190,229,124,61,1,-1,-1,-1
42,2,381,140,49,38,1,-1,-1,-1
42,3,275,94,40,32,1,-1,-1,-1
42,4,369,109,43,30,1,-1,-1,-1
42,5,356,75,47,28,1,-1,-1,-1
42,6,798,158,87,38,1,-1,-1,-1
42,7,889,181,87,40,1,-1,-1,-1
42,8,643,117,74,42,1,-1,-1,-1
42,10,855,75,48,23,1,-1,-1,-1
42,11,292,248,136,68,1,-1,-1,-1
42,12,719,84,62,26,1,-1,-1,-1
42,13,0,279,81,52,1,-1,-1,-1
43,0,714,229,107,67,1,-1,-1,-1
43,1,194,229,121,61,1,-1,-1,-1
43,2,381,140,49,38,1,-1,-1,-1
43,3,274,92,44,34,1,-1,-1,-1
43,4,369,109,43,30,1,-1,-1,-1
43,5,356,75,45,27,1,-1,-1,-1
43,6,808,156,77,38,1,-1,-1,-1
43,7,893,177,87,42,1,-1,-1,-1
43,8,637,117,77,44,1,-1,-1,-1
43,10,852,75,50,23,1,-1,-1,-1
43,11,297,244,138,78,1,-1,-1,-1
43,12,718,85,56,24,1,-1,-1,-1
43,13,0,274,83,57,1,-1,-1,-1
44,0,720,229,108,66,1,-1,-1,-1
44,1,197,229,117,57,1,-1,-1,-1
44,2,382,138,47,36,1,-1,-1,-1
44,3,275,94,41,32,1,-1,-1,-1
44,4,368,109,43,28,1,-1,-1,-1
44,5,356,75,44,27,1,-1,-1,-1
44,6,812,154,77,38,1,-1,-1,-1
44,7,898,177,87,42,1,-1,-1,-1
44,8,634,117,77,40,1,-1,-1,-1
44,10,851,75,52,25,1,-1,-1,-1
44,11,304,243,137,76,1,-1,-1,-1
44,12,715,84,57,25,1,-1,-1,-1
44,13,0,274,85,57,1,-1,-1,-1
45,0,733,227,105,62,1,-1,-1,-1
45,1,199,223,124,62,1,-1,-1,-1
45,2,385,138,44,34,1,-1,-1,-1
45,3,275,94,40,32,1,-1,-1,-1
45,4,367,109,43,30,1,-1,-1,-1
45,5,353,73,44,27,1,-1,-1,-1
45,6,817,154,74,36,1,-1,-1,-1
45,7,902,175,87,42,1,-1,-1,-1
45,8,632,117,74,46,1,-1,-1,-1
45,10,848,75,52,25,1,-1,-1,-1
45,11,318,249,136,62,1,-1,-1,-1
45,12,714,86,58,25,1,-1,-1,-1
45,13,0,273,87,58,1,-1,-1,-1
46,0,738,234,106,52,1,-1,-1,-1
46,1,202,222,124,63,1,-1,-1,-1
46,2,385,136,44,34,1,-1,-1,-1
46,3,274,94,44,34,1,-1,-1,-1
46,4,367,109,41,28,1,-1,-1,-1
46,5,352,73,44,25,1,-1,-1,-1
46,6,824,154,74,36,1,-1,-1,-1
46,7,907,175,84,40,1,-1,-1,-1
46,8,630,122,69,40,1,-1,-1,-1
46,10,846,75,50,23,1,-1,-1,-1
46,11,328,241,132,70,1,-1,-1,-1
46,12,710,86,61,25,1,-1,-1,-1
46,13,0,274,88,57,1,-1,-1,-1
47,0,747,231,101,50,1,-1,-1,-1
47,1,203,223,122,60,1,-1,-1,-1
47,2,385,136,45,36,1,-1,-1,-1
47,3,275,94,41,32,1,-1,-1,-1
47,4,365,108,43,30,1,-1,-1,-1
47,5,351,73,44,27,1,-1,-1,-1
47,6,828,154,74,36,1,-1,-1,-1
47,7,912,173,84,40,1,-1,-1,-1
47,8,617,119,80,45,1,-1,-1,-1
47,10,845,75,52,25,1,-1,-1,-1
47,11,337,242,134,66,1,-1,-1,-1
47,12,707,86,61,25,1,-1,-1,-1
47,13,0,273,90,58,1,-1,-1,-1
48,0,754,229,100,50,1,-1,-1,-1
48,1,206,223,122,60,1,-1,-1,-1
48,2,385,136,45,36,1,-1,-1,-1
48,3,275,94,40,32,1,-1,-1,-1
48,4,364,108,43,28,1,-1,-1,-1
48,5,348,71,47,28,1,-1,-1,-1
48,6,834,152,73,36,1,-1,-1,-1
48,7,918,171,87,42,1,-1,-1,-1
48,8,614,117,81,47,1,-1,-1,-1
48,10,842,75,52,25,1,-1,-1,-1
48,11,344,241,130,65,1,-1,-1,-1
48,12,705,84,62,27,1,-1,-1,-1
48,13,0,274,92,57,1,-1,-1,-1
49,0,761,227,103,50,1,-1,-1,-1
49,1,211,222,121,60,1,-1,-1,-1
49,2,385,135,47,36,1,-1,-1,-1
49,3,274,94,44,34,1,-1,-1,-1
49,4,363,106,44,30,1,-1,-1,-1
49,5,348,71,44,27,1,-1,-1,-1
49,6,837,152,74,36,1,-1,-1,-1
49,7,922,171,84,40,1,-1,-1,-1
49,8,608,122,78,42,1,-1,-1,-1
49,10,841,75,50,23,1,-1,-1,-1
49,11,356,239,134,65,1,-1,-1,-1
49,12,701,86,62,27,1,-1,-1,-1
49,13,0,274,94,57,1,-1,-1,-1
50,0,771,227,96,48,1,-1,-1,-1
50,1,212,217,121,65,1,-1,-1,-1
50,2,385,133,48,36,1,-1,-1,-1
50,3,275,94,43,32,1,-1,-1,-1
50,4,361,106,45,30,1,-1,-1,-1
50,5,347,71,44,27,1,-1,-1,-1
50,6,842,152,74,36,1,-1,-1,-1
50,7,926,169,87,42,1,-1,-1,-1
50,8,606,124,81,38,1,-1,-1,-1
50,10,839,77,48,23,1,-1,-1,-1
50,11,367,239,134,65,1,-1,-1,-1
50,12,698,86,62,27,1,-1,-1,-1
50,13,0,274,97,56,1,-1,-1,-1
51,0,779,225,95,46,1,-1,-1,-1
51,1,215,220,124,62,1,-1,-1,-1
51,2,385,131,49,38,1,-1,-1,-1
51,3,271,92,45,34,1,-1,-1,-1
51,4,360,106,45,30,1,-1,-1,-1
51,5,346,69,44,27,1,-1,-1,-1
51,6,847,152,70,34,1,-1,-1,-1
51,7,933,171,82,40,1,-1,-1,-1
51,8,601,125,78,38,1,-1,-1,-1
51,10,837,77,49,23,1,-1,-1,-1
51,11,376,233,129,64,1,-1,-1,-1
51,12,697,86,61,25,1,-1,-1,-1
51,13,0,277,99,55,1,-1,-1,-1
52,0,784,223,95,50,1,-1,-1,-1
52,1,218,222,121,59,1,-1,-1,-1
52,2,385,133,49,38,1,-1,-1,-1
52,3,271,94,45,34,1,-1,-1,-1
52,4,360,106,45,30,1,-1,-1,-1
52,5,343,69,45,27,1,-1,-1,-1
52,6,850,148,74,36,1,-1,-1,-1
52,7,936,169,83,40,1,-1,-1,-1
52,8,596,123,78,40,1,-1,-1,-1
52,10,834,77,49,23,1,-1,-1,-1
52,11,383,233,125,66,1,-1,-1,-1
52,12,693,86,66,28,1,-1,-1,-1
52,13,0,277,99,55,1,-1,-1,-1
53,0,791,221,93,46,1,-1,-1,-1
53,1,220,220,121,61,1,-1,-1,-1
53,2,385,131,49,38,1,-1,-1,-1
53,3,272,94,44,34,1,-1,-1,-1
53,4,359,106,45,30,1,-1,-1,-1
53,5,343,69,45,27,1,-1,-1,-1
53,6,855,148,74,36,1,-1,-1,-1
53,7,941,169,82,40,1,-1,-1,-1
53,8,591,123,75,38,1,-1,-1,-1
53,10,833,77,49,23,1,-1,-1,-1
53,11,392,238,126,58,1,-1,-1,-1
53,12,689,86,66,28,1,-1,-1,-1
53,13,0,275,103,57,1,-1,-1,-1
54,0,798,219,92,46,1,-1,-1,-1
54,1,222,219,121,62,1,-1,-1,-1
54,2,385,131,49,38,1,-1,-1,-1
54,3,272,94,44,34,1,-1,-1,-1
54,4,356,104,49,32,1,-1,-1,-1
54,5,343,69,45,27,1,-1,-1,-1
54,6,859,148,73,36,1,-1,-1,-1
54,7,946,167,77,38,1,-1,-1,-1
54,8,586,125,78,40,1,-1,-1,-1
54,10,829,77,50,23,1,-1,-1,-1
54,11,404,236,123,60,1,-1,-1,-1
54,12,685,88,66,28,1,-1,-1,-1
54,13,0,275,104,57,1,-1,-1,-1
55,0,805,219,92,46,1,-1,-1,-1
55,1,224,218,124,63,1,-1,-1,-1
55,2,385,129,49,38,1,-1,-1,-1
55,3,272,94,45,34,1,-1,-1,-1
55,4,356,104,49,32,1,-1,-1,-1
55,5,340,69,45,27,1,-1,-1,-1
55,6,864,148,73,36,1,-1,-1,-1
55,7,952,167,71,38,1,-1,-1,-1
55,8,581,125,80,42,1,-1,-1,-1
55,10,829,77,52,25,1,-1,-1,-1
55,11,408,236,126,58,1,-1,-1,-1
55,12,684,86,66,28,1,-1,-1,-1
55,13,0,275,108,58,1,-1,-1,-1
56,0,813,217,88,44,1,-1,-1,-1
56,1,227,217,121,60,1,-1,-1,-1
56,2,386,131,49,38,1,-1,-1,-1
56,3,272,94,45,34,1,-1,-1,-1
56,4,356,104,45,30,1,-1,-1,-1
56,5,339,67,45,27,1,-1,-1,-1
56,6,868,148,70,34,1,-1,-1,-1
56,7,957,167,66,36,1,-1,-1,-1
56,8,574,125,80,42,1,-1,-1,-1
56,10,828,79,49,23,1,-1,-1,-1
56,11,417,227,123,64,1,-1,-1,-1
56,12,680,88,60,28,1,-1,-1,-1
56,13,0,275,110,58,1,-1,-1,-1
57,0,820,216,91,44,1,-1,-1,-1
57,1,228,217,121,59,1,-1,-1,-1
57,2,386,131,47,36,1,-1,-1,-1
57,3,272,94,44,34,1,-1,-1,-1
57,4,355,104,44,30,1,-1,-1,-1
57,5,338,67,45,27,1,-1,-1,-1
57,6,872,146,70,34,1,-1,-1,-1
57,7,960,167,64,38,1,-1,-1,-1
57,8,569,127,80,42,1,-1,-1,-1
57,10,825,79,49,23,1,-1,-1,-1
57,11,424,225,122,63,1,-1,-1,-1
57,12,676,88,61,28,1,-1,-1,-1
57,13,0,275,113,58,1,-1,-1,-1
58,0,826,214,92,46,1,-1,-1,-1
58,1,232,219,118,59,1,-1,-1,-1
58,2,387,129,45,36,1,-1,-1,-1
58,3,274,96,44,34,1,-1,-1,-1
58,4,353,104,44,30,1,-1,-1,-1
58,5,338,67,44,27,1,-1,-1,-1
58,6,876,146,70,34,1,-1,-1,-1
58,7,965,165,58,38,1,-1,-1,-1
58,8,564,127,83,42,1,-1,-1,-1
58,10,822,79,49,23,1,-1,-1,-1
58,11,433,225,122,63,1,-1,-1,-1
58,12,673,88,64,28,1,-1,-1,-1
58,13,0,273,115,62,1,-1,-1,-1
59,0,834,214,88,44,1,-1,-1,-1
59,1,235,219,118,59,1,-1,-1,-1
59,2,391,129,40,38,1,-1,-1,-1
59,3,272,96,44,34,1,-1,-1,-1
59,4,352,102,47,30,1,-1,-1,-1
59,5,339,67,41,28,1,-1,-1,-1
59,6,881,146,70,34,1,-1,-1,-1
59,7,971,167,52,34,1,-1,-1,-1
59,8,557,129,83,42,1,-1,-1,-1
59,10,821,81,51,26,1,-1,-1,-1
59,11,441,223,122,63,1,-1,-1,-1
59,12,671,88,66,28,1,-1,-1,-1
59,13,0,277,117,59,1,-1,-1,-1
60,0,838,210,92,46,1,-1,-1,-1
60,1,236,219,118,59,1,-1,-1,-1
60,2,389,127,43,40,1,-1,-1,-1
60,3,272,96,45,34,1,-1,-1,-1
60,4,350,102,49,32,1,-1,-1,-1
60,5,336,65,43,28,1,-1,-1,-1
60,6,886,146,67,34,1,-1,-1,-1
60,7,974,165,49,36,1,-1,-1,-1
60,8,552,129,83,42,1,-1,-1,-1
60,10,817,81,52,27,1,-1,-1,-1
60,11,450,223,122,63,1,-1,-1,-1
60,12,667,88,63,29,1,-1,-1,-1
60,13,0,273,120,68,1,-1,-1,-1
61,0,847,210,88,44,1,-1,-1,-1
61,1,239,219,118,59,1,-1,-1,-1
61,2,391,129,41,40,1,-1,-1,-1
61,3,271,96,47,36,1,-1,-1,-1
61,4,351,104,47,30,1,-1,-1,-1
61,5,335,67,44,30,1,-1,-1,-1
61,6,890,146,67,34,1,-1,-1,-1
61,7,974,163,49,38,1,-1,-1,-1
61,8,547,131,83,42,1,-1,-1,-1
61,10,816,82,52,27,1,-1,-1,-1
61,11,461,223,117,61,1,-1,-1,-1
61,12,664,88,67,28,1,-1,-1,-1
61,13,0,277,122,65,1,-1,-1,-1
62,0,854,210,87,42,1,-1,-1,-1
62,1,242,221,116,57,1,-1,-1,-1
62,2,390,127,41,40,1,-1,-1,-1
62,3,271,96,48,36,1,-1,-1,-1
62,4,348,102,48,32,1,-1,-1,-1
62,5,333,65,44,30,1,-1,-1,-1
62,6,894,146,66,32,1,-1,-1,-1
62,7,982,163,41,36,1,-1,-1,-1
62,8,542,131,83,42,1,-1,-1,-1
62,10,813,82,50,25,1,-1,-1,-1
62,11,468,223,116,59,1,-1,-1,-1
62,12,663,90,64,28,1,-1,-1,-1
62,13,0,278,126,65,1,-1,-1,-1
63,0,859,210,88,44,1,-1,-1,-1
63,1,245,221,116,57,1,-1,-1,-1
63,2,393,129,37,36,1,-1,-1,-1
63,3,271,96,48,36,1,-1,-1,-1
63,4,347,102,49,32,1,-1,-1,-1
63,5,334,65,44,30,1,-1,-1,-1
63,6,898,144,66,32,1,-1,-1,-1
63,7,983,163,40,38,1,-1,-1,-1
63,8,535,133,87,44,1,-1,-1,-1
63,10,812,82,50,25,1,-1,-1,-1
63,11,478,223,113,59,1,-1,-1,-1
63,12,659,90,66,28,1,-1,-1,-1
63,13,0,275,129,68,1,-1,-1,-1
64,0,865,208,88,44,1,-1,-1,-1
64,1,248,221,116,57,1,-1,-1,-1
64,2,393,129,37,36,1,-1,-1,-1
64,3,271,96,47,36,1,-1,-1,-1
64,4,347,102,48,32,1,-1,-1,-1
64,5,331,65,41,28,1,-1,-1,-1
64,6,902,144,66,32,1,-1,-1,-1
64,7,983,162,40,38,1,-1,-1,-1
64,8,528,133,90,46,1,-1,-1,-1
64,10,809,84,50,25,1,-1,-1,-1
64,11,487,223,111,57,1,-1,-1,-1
64,12,655,90,66,28,1,-1,-1,-1
64,13,0,277,131,66,1,-1,-1,-1
65,0,872,208,88,44,1,-1,-1,-1
65,1,249,221,116,57,1,-1,-1,-1
65,2,393,129,37,36,1,-1,-1,-1
65,3,272,98,47,36,1,-1,-1,-1
65,4,346,102,49,32,1,-1,-1,-1
65,5,331,67,41,28,1,-1,-1,-1
65,6,906,144,64,32,1,-1,-1,-1
65,7,990,161,33,40,1,-1,-1,-1
65,8,522,135,87,44,1,-1,-1,-1
65,10,807,84,50,25,1,-1,-1,-1
65,11,492,221,113,59,1,-1,-1,-1
65,12,654,92,66,28,1,-1,-1,-1
65,13,0,279,133,66,1,-1,-1,-1
66,0,877,206,88,44,1,-1,-1,-1
66,1,250,221,116,57,1,-1,-1,-1
66,2,393,129,37,36,1,-1,-1,-1
66,3,274,100,44,34,1,-1,-1,-1
66,4,344,102,49,32,1,-1,-1,-1
66,5,330,67,41,28,1,-1,-1,-1
66,6,910,144,66,32,1,-1,-1,-1
66,7,993,160,30,42,1,-1,-1,-1
66,8,515,136,91,46,1,-1,-1,-1
66,10,804,84,52,27,1,-1,-1,-1
66,11,502,221,108,57,1,-1,-1,-1
66,12,650,92,66,28,1,-1,-1,-1
66,13,0,280,138,65,1,-1,-1,-1
67,0,884,206,88,44,1,-1,-1,-1
67,1,254,221,116,57,1,-1,-1,-1
67,2,394,129,36,34,1,-1,-1,-1
67,3,274,100,44,34,1,-1,-1,-1
67,4,343,102,50,34,1,-1,-1,-1
67,5,330,65,41,28,1,-1,-1,-1
67,6,914,144,64,32,1,-1,-1,-1
67,7,997,160,26,41,1,-1,-1,-1
67,8,511,141,82,40,1,-1,-1,-1
67,10,801,84,54,28,1,-1,-1,-1
67,11,509,221,108,57,1,-1,-1,-1
67,12,650,94,62,27,1,-1,-1,-1
67,13,0,280,140,65,1,-1,-1,-1
68,0,892,204,87,44,1,-1,-1,-1
68,1,257,223,113,57,1,-1,-1,-1
68,2,393,129,36,34,1,-1,-1,-1
68,3,275,102,44,34,1,-1,-1,-1
68,4,343,102,52,34,1,-1,-1,-1
68,5,329,65,41,28,1,-1,-1,-1
68,6,918,144,62,30,1,-1,-1,-1
68,7,1002,160,21,39,1,-1,-1,-1
68,8,506,146,81,37,1,-1,-1,-1
68,10,799,86,53,28,1,-1,-1,-1
68,11,515,221,108,57,1,-1,-1,-1
68,12,643,94,64,28,1,-1,-1,-1
68,13,0,278,144,68,1,-1,-1,-1
69,0,895,202,92,45,1,-1,-1,-1
69,1,258,223,113,57,1,-1,-1,-1
69,2,391,127,39,36,1,-1,-1,-1
69,3,275,102,44,34,1,-1,-1,-1
69,4,340,100,52,34,1,-1,-1,-1
69,5,326,65,41,28,1,-1,-1,-1
69,6,920,144,66,32,1,-1,-1,-1
69,7,1002,160,21,40,1,-1,-1,-1
69,8,500,148,80,36,1,-1,-1,-1
69,10,798,88,54,28,1,-1,-1,-1
69,11,522,219,111,57,1,-1,-1,-1
69,12,641,94,64,28,1,-1,-1,-1
69,13,0,280,147,66,1,-1,-1,-1
69,14,995,89,26,24,1,-1,-1,-1
70,0,906,202,83,43,1,-1,-1,-1
70,1,259,223,113,57,1,-1,-1,-1
70,2,391,127,40,38,1,-1,-1,-1
70,3,272,102,48,36,1,-1,-1,-1
70,4,340,102,50,34,1,-1,-1,-1
70,5,326,65,41,28,1,-1,-1,-1
70,6,923,142,66,32,1,-1,-1,-1
70,8,492,148,83,38,1,-1,-1,-1
70,10,794,88,54,28,1,-1,-1,-1
70,11,530,219,111,57,1,-1,-1,-1
70,12,637,94,66,28,1,-1,-1,-1
70,13,0,280,149,66,1,-1,-1,-1
70,14,997,91,24,18,1,-1,-1,-1
71,0,911,202,80,42,1,-1,-1,-1
71,1,262,223,113,57,1,-1,-1,-1
71,2,390,127,40,38,1,-1,-1,-1
71,3,272,102,48,36,1,-1,-1,-1
71,4,339,102,45,34,1,-1,-1,-1
71,5,325,65,40,29,1,-1,-1,-1
71,6,927,142,66,32,1,-1,-1,-1
71,8,485,150,86,38,1,-1,-1,-1
71,10,792,88,53,28,1,-1,-1,-1
71,11,539,219,107,55,1,-1,-1,-1
71,12,633,96,67,28,1,-1,-1,-1
71,13,0,280,154,67,1,-1,-1,-1
71,14,995,91,27,22,1,-1,-1,-1
72,0,916,200,80,42,1,-1,-1,-1
72,1,266,225,112,55,1,-1,-1,-1
72,2,390,127,40,38,1,-1,-1,-1
72,3,274,104,44,34,1,-1,-1,-1
72,4,339,102,44,31,1,-1,-1,-1
72,5,322,65,43,28,1,-1,-1,-1
72,6,931,142,66,32,1,-1,-1,-1
72,8,480,150,86,38,1,-1,-1,-1
72,10,791,90,53,28,1,-1,-1,-1
72,11,543,219,108,57,1,-1,-1,-1
72,12,629,94,70,30,1,-1,-1,-1
72,13,0,281,156,66,1,-1,-1,-1
72,14,992,92,30,22,1,-1,-1,-1
73,0,919,200,84,44,1,-1,-1,-1
73,1,267,225,109,54,1,-1,-1,-1
73,2,391,127,40,38,1,-1,-1,-1
73,3,275,104,44,34,1,-1,-1,-1
73,4,339,102,44,30,1,-1,-1,-1
73,5,321,65,44,30,1,-1,-1,-1
73,6,933,142,66,32,1,-1,-1,-1
73,8,472,152,87,40,1,-1,-1,-1
73,10,787,92,53,27,1,-1,-1,-1
73,11,552,217,107,55,1,-1,-1,-1
73,12,626,94,69,28,1,-1,-1,-1
73,13,0,283,158,65,1,-1,-1,-1
73,14,988,96,33,15,1,-1,-1,-1
74,0,927,200,80,42,1,-1,-1,-1
74,1,266,225,116,57,1,-1,-1,-1
74,2,391,127,39,36,1,-1,-1,-1
74,3,272,104,49,38,1,-1,-1,-1
74,4,339,102,43,30,1,-1,-1,-1
74,5,321,65,40,28,1,-1,-1,-1
74,6,940,142,61,30,1,-1,-1,-1
74,8,467,156,86,38,1,-1,-1,-1
74,10,784,92,53,27,1,-1,-1,-1
74,11,559,217,107,55,1,-1,-1,-1
74,12,624,96,69,28,1,-1,-1,-1
74,13,0,285,163,69,1,-1,-1,-1
74,14,986,96,36,18,1,-1,-1,-1
75,0,936,200,77,40,1,-1,-1,-1
75,1,272,225,113,57,1,-1,-1,-1
75,2,391,129,36,34,1,-1,-1,-1
75,3,272,106,48,36,1,-1,-1,-1
75,4,339,104,40,28,1,-1,-1,-1
75,5,320,65,40,28,1,-1,-1,-1
75,6,941,142,61,30,1,-1,-1,-1
75,8,462,156,86,38,1,-1,-1,-1
75,10,782,92,53,27,1,-1,-1,-1
75,11,565,217,107,55,1,-1,-1,-1
75,12,620,96,70,30,1,-1,-1,-1
75,13,5,285,163,69,1,-1,-1,-1
75,14,981,95,40,22,1,-1,-1,-1
76,0,940,200,77,40,1,-1,-1,-1
76,1,274,227,113,57,1,-1,-1,-1
76,2,390,129,37,36,1,-1,-1,-1
76,3,274,106,44,34,1,-1,-1,-1
76,4,339,104,40,28,1,-1,-1,-1
76,5,320,65,40,28,1,-1,-1,-1
76,6,945,142,61,30,1,-1,-1,-1
76,8,454,158,86,38,1,-1,-1,-1
76,10,781,94,49,25,1,-1,-1,-1
76,11,573,219,104,55,1,-1,-1,-1
76,12,617,96,70,30,1,-1,-1,-1
76,13,7,287,163,69,1,-1,-1,-1
76,14,979,96,42,22,1,-1,-1,-1
77,0,945,200,74,38,1,-1,-1,-1
77,1,278,227,109,54,1,-1,-1,-1
77,2,390,129,37,36,1,-1,-1,-1
77,3,274,108,47,36,1,-1,-1,-1
77,4,338,104,39,28,1,-1,-1,-1
77,5,317,67,40,27,1,-1,-1,-1
77,6,948,142,61,30,1,-1,-1,-1
77,8,449,162,86,38,1,-1,-1,-1
77,10,778,96,49,25,1,-1,-1,-1
77,11,581,219,103,54,1,-1,-1,-1
77,12,615,98,70,30,1,-1,-1,-1
77,13,10,287,165,69,1,-1,-1,-1
77,14,977,97,45,20,1,-1,-1,-1
78,0,952,200,71,36,1,-1,-1,-1
78,1,278,229,112,55,1,-1,-1,-1
78,2,390,129,37,36,1,-1,-1,-1
78,3,274,109,47,36,1,-1,-1,-1
78,4,338,106,37,25,1,-1,-1,-1
78,5,317,65,40,28,1,-1,-1,-1
78,6,953,144,60,28,1,-1,-1,-1
78,8,442,161,90,40,1,-1,-1,-1
78,10,774,96,52,27,1,-1,-1,-1
78,11,587,219,100,52,1,-1,-1,-1
78,12,611,98,70,30,1,-1,-1,-1
78,13,16,289,163,69,1,-1,-1,-1
78,14,974,98,48,19,1,-1,-1,-1
79,0,958,200,65,36,1,-1,-1,-1
79,1,283,231,104,52,1,-1,-1,-1
79,2,391,129,36,34,1,-1,-1,-1
79,3,274,109,47,36,1,-1,-1,-1
79,4,335,106,37,25,1,-1,-1,-1
79,5,316,65,40,27,1,-1,-1,-1
79,6,956,144,61,30,1,-1,-1,-1
79,8,434,165,91,39,1,-1,-1,-1
79,10,773,95,55,28,1,-1,-1,-1
79,11,590,219,103,55,1,-1,-1,-1
79,12,607,98,74,32,1,-1,-1,-1
79,13,19,289,165,69,1,-1,-1,-1
79,14,972,99,46,18,1,-1,-1,-1
80,0,963,200,60,34,1,-1,-1,-1
80,1,282,231,109,54,1,-1,-1,-1
80,2,390,129,36,34,1,-1,-1,-1
80,3,272,109,49,38,1,-1,-1,-1
80,4,334,104,40,28,1,-1,-1,-1
80,5,316,67,40,27,1,-1,-1,-1
80,6,957,144,60,28,1,-1,-1,-1
80,8,427,167,92,40,1,-1,-1,-1
80,10,770,98,49,25,1,-1,-1,-1
80,11,596,219,102,52,1,-1,-1,-1
80,12,603,100,75,32,1,-1,-1,-1
80,13,23,289,169,71,1,-1,-1,-1
80,14,967,100,49,17,1,-1,-1,-1
81,0,970,198,53,34,1,-1,-1,-1
81,1,283,229,113,57,1,-1,-1,-1
81,2,390,129,36,34,1,-1,-1,-1
81,3,274,111,44,34,1,-1,-1,-1
81,4,334,104,39,28,1,-1,-1,-1
81,5,314,67,40,27,1,-1,-1,-1
81,6,962,144,60,28,1,-1,-1,-1
81,8,419,167,96,40,1,-1,-1,-1
81,10,767,97,58,27,1,-1,-1,-1
81,11,603,219,100,50,1,-1,-1,-1
81,12,600,100,75,32,1,-1,-1,-1
81,13,30,291,163,69,1,-1,-1,-1
81,14,963,102,49,17,1,-1,-1,-1
82,0,974,200,49,34,1,-1,-1,-1
82,1,284,229,113,57,1,-1,-1,-1
82,2,390,131,35,32,1,-1,-1,-1
82,3,274,111,48,36,1,-1,-1,-1
82,4,334,104,39,28,1,-1,-1,-1
82,5,313,67,39,27,1,-1,-1,-1
82,6,963,144,60,30,1,-1,-1,-1
82,8,411,169,96,40,1,-1,-1,-1
82,10,764,98,57,27,1,-1,-1,-1
82,11,608,219,100,50,1,-1,-1,-1
82,12,598,100,75,32,1,-1,-1,-1
82,13,31,291,163,69,1,-1,-1,-1
82,14,961,102,49,17,1,-1,-1,-1
83,0,979,198,44,32,1,-1,-1,-1
83,1,287,231,113,57,1,-1,-1,-1
83,2,390,131,33,32,1,-1,-1,-1
83,3,272,111,48,36,1,-1,-1,-1
83,4,333,104,39,28,1,-1,-1,-1
83,5,312,67,40,27,1,-1,-1,-1
83,6,967,144,56,28,1,-1,-1,-1
83,8,406,173,95,40,1,-1,-1,-1
83,10,761,98,57,27,1,-1,-1,-1
83,11,617,221,96,48,1,-1,-1,-1
83,12,595,100,77,32,1,-1,-1,-1
83,13,39,293,159,67,1,-1,-1,-1
83,14,957,104,49,17,1,-1,-1,-1
84,0,982,198,41,34,1,-1,-1,-1
84,1,288,231,113,57,1,-1,-1,-1
84,2,390,131,33,32,1,-1,-1,-1
84,3,274,113,45,34,1,-1,-1,-1
84,4,331,104,39,28,1,-1,-1,-1
84,5,310,67,40,28,1,-1,-1,-1
84,6,970,144,53,30,1,-1,-1,-1
84,8,398,175,96,40,1,-1,-1,-1
84,10,761,100,57,25,1,-1,-1,-1
84,11,621,219,97,50,1,-1,-1,-1
84,12,591,102,75,32,1,-1,-1,-1
84,13,44,293,156,65,1,-1,-1,-1
84,14,953,104,49,17,1,-1,-1,-1
85,0,986,198,37,36,1,-1,-1,-1
85,1,292,233,108,55,1,-1,-1,-1
85,2,390,131,33,32,1,-1,-1,-1
85,3,272,113,48,36,1,-1,-1,-1
85,4,330,104,40,28,1,-1,-1,-1
85,5,309,67,40,28,1,-1,-1,-1
85,6,974,144,49,28,1,-1,-1,-1
85,8,390,175,100,42,1,-1,-1,-1
85,10,756,100,57,27,1,-1,-1,-1
85,11,626,219,100,50,1,-1,-1,-1
85,12,589,102,77,32,1,-1,-1,-1
85,13,49,295,154,65,1,-1,-1,-1
85,14,950,106,49,17,1,-1,-1,-1
86,0,990,198,33,34,1,-1,-1,-1
86,1,293,233,108,55,1,-1,-1,-1
86,2,390,131,33,32,1,-1,-1,-1
86,3,274,115,44,34,1,-1,-1,-1
86,4,329,104,40,28,1,-1,-1,-1
86,5,309,67,40,28,1,-1,-1,-1
86,6,974,142,49,30,1,-1,-1,-1
86,8,381,177,104,44,1,-1,-1,-1
86,10,754,102,57,27,1,-1,-1,-1
86,11,633,219,100,50,1,-1,-1,-1
86,12,585,104,77,32,1,-1,-1,-1
86,13,53,295,156,65,1,-1,-1,-1
86,14,948,106,49,17,1,-1,-1,-1
87,0,992,196,31,37,1,-1,-1,-1
87,1,296,235,105,54,1,-1,-1,-1
87,2,389,131,33,32,1,-1,-1,-1
87,3,274,115,47,36,1,-1,-1,-1
87,4,326,104,40,28,1,-1,-1,-1
87,5,306,65,43,28,1,-1,-1,-1
87,6,978,142,45,30,1,-1,-1,-1
87,8,376,179,100,42,1,-1,-1,-1
87,10,752,102,57,27,1,-1,-1,-1
87,11,640,219,97,50,1,-1,-1,-1
87,12,582,104,77,32,1,-1,-1,-1
87,13,56,295,159,67,1,-1,-1,-1
87,14,945,109,49,17,1,-1,-1,-1
88,0,997,196,26,39,1,-1,-1,-1
88,1,295,233,112,57,1,-1,-1,-1
88,2,387,131,33,32,1,-1,-1,-1
88,3,274,117,48,36,1,-1,-1,-1
88,4,325,104,44,30,1,-1,-1,-1
88,5,308,69,36,23,1,-1,-1,-1
88,6,982,142,41,30,1,-1,-1,-1
88,8,372,183,95,40,1,-1,-1,-1
88,10,747,104,59,28,1,-1,-1,-1
88,11,646,219,96,48,1,-1,-1,-1
88,12,587,104,62,30,1,-1,-1,-1
88,13,60,295,163,69,1,-1,-1,-1
88,14,941,109,49,17,1,-1,-1,-1
89,0,1002,196,21,36,1,-1,-1,-1
89,1,299,235,108,55,1,-1,-1,-1
89,2,386,131,31,30,1,-1,-1,-1
89,3,274,117,48,36,1,-1,-1,-1
89,4,325,104,41,30,1,-1,-1,-1
89,5,306,69,36,23,1,-1,-1,-1
89,6,984,144,39,30,1,-1,-1,-1
89,8,360,185,100,42,1,-1,-1,-1
89,10,745,104,58,28,1,-1,-1,-1
89,11,653,219,94,48,1,-1,-1,-1
89,12,584,109,60,24,1,-1,-1,-1
89,13,66,297,159,67,1,-1,-1,-1
89,14,939,111,49,17,1,-1,-1,-1
90,0,1003,196,20,40,1,-1,-1,-1
90,1,300,237,108,55,1,-1,-1,-1
90,2,380,130,38,33,1,-1,-1,-1
90,3,272,117,49,38,1,-1,-1,-1
90,4,323,104,41,30,1,-1,-1,-1
90,5,306,69,36,23,1,-1,-1,-1
90,6,988,144,35,28,1,-1,-1,-1
90,8,355,187,99,42,1,-1,-1,-1
90,10,741,106,58,28,1,-1,-1,-1
90,11,660,221,91,46,1,-1,-1,-1
90,12,580,110,58,25,1,-1,-1,-1
90,13,70,298,159,67,1,-1,-1,-1
90,14,936,111,49,17,1,-1,-1,-1
91,1,304,237,105,54,1,-1,-1,-1
91,2,375,129,42,33,1,-1,-1,-1
91,3,274,119,45,34,1,-1,-1,-1
91,4,323,106,40,28,1,-1,-1,-1
91,5,305,69,36,23,1,-1,-1,-1
91,6,992,144,31,28,1,-1,-1,-1
91,8,346,189,100,42,1,-1,-1,-1
91,10,740,106,57,25,1,-1,-1,-1
91,11,663,219,94,48,1,-1,-1,-1
91,12,577,111,57,25,1,-1,-1,-1
91,13,75,298,156,65,1,-1,-1,-1
91,14,933,110,55,24,1,-1,-1,-1
91,15,0,441,58,61,1,-1,-1,-1
92,1,305,239,104,52,1,-1,-1,-1
92,2,379,131,38,31,1,-1,-1,-1
92,3,272,119,48,36,1,-1,-1,-1
92,4,322,104,40,28,1,-1,-1,-1
92,5,305,69,36,23,1,-1,-1,-1
92,6,993,144,30,28,1,-1,-1,-1
92,8,336,190,101,44,1,-1,-1,-1
92,10,733,110,58,26,1,-1,-1,-1
92,11,671,219,91,46,1,-1,-1,-1
92,12,574,111,57,25,1,-1,-1,-1
92,13,79,298,159,67,1,-1,-1,-1
92,14,927,112,57,21,1,-1,-1,-1
92,15,0,437,80,70,1,-1,-1,-1
93,1,308,239,104,52,1,-1,-1,-1
93,2,377,131,38,30,1,-1,-1,-1
93,3,274,121,44,34,1,-1,-1,-1
93,4,322,106,41,30,1,-1,-1,-1
93,5,304,69,36,23,1,-1,-1,-1
93,6,993,144,30,28,1,-1,-1,-1
93,8,329,192,101,44,1,-1,-1,-1
93,10,734,111,57,27,1,-1,-1,-1
93,11,675,217,91,46,1,-1,-1,-1
93,12,572,111,58,25,1,-1,-1,-1
93,13,83,298,159,67,1,-1,-1,-1
93,14,925,114,57,22,1,-1,-1,-1
93,15,0,434,97,75,1,-1,-1,-1
94,1,309,241,104,52,1,-1,-1,-1
94,2,377,129,39,33,1,-1,-1,-1
94,3,274,121,44,36,1,-1,-1,-1
94,4,323,106,34,25,1,-1,-1,-1
94,5,303,69,36,23,1,-1,-1,-1
94,6,993,144,30,28,1,-1,-1,-1
94,8,318,194,108,46,1,-1,-1,-1
94,10,731,111,57,27,1,-1,-1,-1
94,11,680,219,91,46,1,-1,-1,-1
94,12,569,113,58,25,1,-1,-1,-1
94,13,88,300,156,65,1,-1,-1,-1
94,14,922,115,57,21,1,-1,-1,-1
94,15,0,432,115,77,1,-1,-1,-1
95,1,312,241,101,52,1,-1,-1,-1
95,2,377,129,39,32,1,-1,-1,-1
95,3,272,121,47,34,1,-1,-1,-1
95,4,322,106,33,25,1,-1,-1,-1
95,5,301,69,36,23,1,-1,-1,-1
95,6,992,144,31,28,1,-1,-1,-1
95,8,309,194,111,48,1,-1,-1,-1
95,10,728,113,57,27,1,-1,-1,-1
95,11,687,217,91,46,1,-1,-1,-1
95,12,565,113,58,25,1,-1,-1,-1
95,13,96,300,151,62,1,-1,-1,-1
95,14,918,117,60,23,1,-1,-1,-1
95,15,0,428,135,83,1,-1,-1,-1
96,1,313,241,104,52,1,-1,-1,-1
96,2,376,129,39,32,1,-1,-1,-1
96,3,271,121,48,34,1,-1,-1,-1
96,4,320,104,37,28,1,-1,-1,-1
96,5,300,69,36,23,1,-1,-1,-1
96,6,1003,144,20,30,1,-1,-1,-1
96,8,301,198,111,48,1,-1,-1,-1
96,10,724,113,60,28,1,-1,-1,-1
96,11,693,217,88,44,1,-1,-1,-1
96,12,565,115,54,23,1,-1,-1,-1
96,13,104,304,147,61,1,-1,-1,-1
96,14,912,117,64,25,1,-1,-1,-1
96,15,0,423,152,88,1,-1,-1,-1
97,1,314,243,101,52,1,-1,-1,-1
97,2,374,129,39,32,1,-1,-1,-1
97,3,270,123,49,36,1,-1,-1,-1
97,4,321,106,35,25,1,-1,-1,-1
97,5,300,69,35,21,1,-1,-1,-1
97,6,1004,144,19,26,1,-1,-1,-1
97,8,292,200,114,48,1,-1,-1,-1
97,10,723,115,57,28,1,-1,-1,-1
97,11,700,219,87,44,1,-1,-1,-1
97,12,561,115,57,25,1,-1,-1,-1
97,13,105,304,147,61,1,-1,-1,-1
97,14,910,119,61,23,1,-1,-1,-1
97,15,0,421,170,92,1,-1,-1,-1
98,1,317,244,100,50,1,-1,-1,-1
98,2,373,129,39,32,1,-1,-1,-1
98,3,271,123,48,34,1,-1,-1,-1
98,4,321,106,33,25,1,-1,-1,-1
98,5,297,69,35,23,1,-1,-1,-1
98,8,283,200,117,50,1,-1,-1,-1
98,10,719,117,58,28,1,-1,-1,-1
98,11,702,217,88,44,1,-1,-1,-1
98,12,560,115,54,23,1,-1,-1,-1
98,13,108,302,151,60,1,-1,-1,-1
98,14,906,119,61,23,1,-1,-1,-1
98,15,0,417,186,91,1,-1,-1,-1
99,1,320,244,97,50,1,-1,-1,-1
99,2,373,129,39,32,1,-1,-1,-1
99,3,270,123,50,36,1,-1,-1,-1
99,4,318,106,33,25,1,-1,-1,-1
99,5,297,69,35,23,1,-1,-1,-1
99,8,275,202,120,50,1,-1,-1,-1
99,10,714,117,62,30,1,-1,-1,-1
99,11,710,219,84,44,1,-1,-1,-1
99,12,555,117,57,25,1,-1,-1,-1
99,13,119,300,142,59,1,-1,-1,-1
99,14,906,121,57,21,1,-1,-1,-1
99,15,19,415,184,89,1,-1,-1,-1
100,1,322,246,96,48,1,-1,-1,-1
100,2,373,129,39,32,1,-1,-1,-1
100,3,270,125,50,36,1,-1,-1,-1
100,4,317,106,33,25,1,-1,-1,-1
100,5,296,69,35,23,1,-1,-1,-1
100,8,265,204,121,52,1,-1,-1,-1
100,10,713,119,58,28,1,-1,-1,-1
100,11,714,219,84,44,1,-1,-1,-1
100,12,553,117,56,23,1,-1,-1,-1
100,13,121,302,144,61,1,-1,-1,-1
100,14,905,123,54,21,1,-1,-1,-1
100,15,35,410,190,92,1,-1,-1,-1
101,1,323,246,96,48,1,-1,-1,-1
101,2,373,129,37,32,1,-1,-1,-1
101,3,270,125,50,36,1,-1,-1,-1
101,4,317,106,33,25,1,-1,-1,-1
101,5,296,69,35,23,1,-1,-1,-1
101,8,257,204,121,52,1,-1,-1,-1
101,10,710,119,60,28,1,-1,-1,-1
101,11,723,219,79,40,1,-1,-1,-1
101,12,551,117,53,23,1,-1,-1,-1
101,13,126,301,144,61,1,-1,-1,-1
101,14,899,123,56,21,1,-1,-1,-1
101,15,53,406,188,88,1,-1,-1,-1
102,1,325,246,96,48,1,-1,-1,-1
102,2,372,129,39,32,1,-1,-1,-1
102,3,271,127,48,34,1,-1,-1,-1
102,4,317,106,33,25,1,-1,-1,-1
102,5,295,69,33,21,1,-1,-1,-1
102,8,248,210,120,50,1,-1,-1,-1
102,10,706,119,61,28,1,-1,-1,-1
102,11,727,219,79,40,1,-1,-1,-1
102,12,547,117,56,23,1,-1,-1,-1
102,13,129,300,147,61,1,-1,-1,-1
102,14,898,125,53,19,1,-1,-1,-1
102,15,78,405,179,89,1,-1,-1,-1
103,1,326,246,96,48,1,-1,-1,-1
103,2,372,127,37,32,1,-1,-1,-1
103,3,271,125,49,36,1,-1,-1,-1
103,4,316,106,33,25,1,-1,-1,-1
103,5,295,71,32,21,1,-1,-1,-1
103,8,239,210,121,52,1,-1,-1,-1
103,10,702,121,64,30,1,-1,-1,-1
103,11,731,219,82,42,1,-1,-1,-1
103,12,543,117,57,25,1,-1,-1,-1
103,13,134,302,147,61,1,-1,-1,-1
103,14,896,129,50,19,1,-1,-1,-1
103,15,93,399,178,90,1,-1,-1,-1
104,1,329,246,96,48,1,-1,-1,-1
104,2,369,127,40,34,1,-1,-1,-1
104,3,270,127,50,36,1,-1,-1,-1
104,4,314,106,33,25,1,-1,-1,-1
104,5,292,71,32,21,1,-1,-1,-1
104,8,229,212,121,52,1,-1,-1,-1
104,10,700,121,62,30,1,-1,-1,-1
104,11,736,219,79,40,1,-1,-1,-1
104,12,539,117,60,25,1,-1,-1,-1
104,13,142,304,138,59,1,-1,-1,-1
104,14,893,129,50,19,1,-1,-1,-1
104,15,111,401,177,88,1,-1,-1,-1
105,1,327,246,100,50,1,-1,-1,-1
105,2,369,127,40,34,1,-1,-1,-1
105,3,271,129,48,34,1,-1,-1,-1
105,4,313,106,33,25,1,-1,-1,-1
105,5,292,69,35,23,1,-1,-1,-1
105,8,220,214,121,52,1,-1,-1,-1
105,10,697,123,61,28,1,-1,-1,-1
105,11,740,217,82,42,1,-1,-1,-1
105,12,538,119,58,25,1,-1,-1,-1
105,13,144,304,138,59,1,-1,-1,-1
105,14,889,131,50,19,1,-1,-1,-1
105,15,129,401,171,82,1,-1,-1,-1
106,1,330,246,100,50,1,-1,-1,-1
106,2,369,129,39,32,1,-1,-1,-1
106,3,271,127,49,36,1,-1,-1,-1
106,4,312,106,33,25,1,-1,-1,-1
106,5,291,69,33,21,1,-1,-1,-1
106,8,211,219,121,52,1,-1,-1,-1
106,10,693,123,64,30,1,-1,-1,-1
106,11,745,217,82,42,1,-1,-1,-1
106,12,535,119,61,27,1,-1,-1,-1
106,13,147,304,143,61,1,-1,-1,-1
106,14,885,131,50,19,1,-1,-1,-1
106,15,147,397,171,82,1,-1,-1,-1
107,1,334,248,96,48,1,-1,-1,-1
107,2,369,129,36,32,1,-1,-1,-1
107,3,270,129,50,36,1,-1,-1,-1
107,4,312,106,33,25,1,-1,-1,-1
107,5,292,71,32,21,1,-1,-1,-1
107,8,202,219,125,54,1,-1,-1,-1
107,10,690,125,62,30,1,-1,-1,-1
107,11,749,216,82,42,1,-1,-1,-1
107,12,531,119,61,27,1,-1,-1,-1
107,13,151,304,143,61,1,-1,-1,-1
107,14,882,131,50,19,1,-1,-1,-1
107,15,164,395,168,79,1,-1,-1,-1
108,1,334,250,88,53,1,-1,-1,-1
108,2,368,129,36,30,1,-1,-1,-1
108,3,271,131,48,34,1,-1,-1,-1
108,4,310,106,32,25,1,-1,-1,-1
108,5,288,69,35,21,1,-1,-1,-1
108,8,205,225,110,53,1,-1,-1,-1
108,10,687,125,64,30,1,-1,-1,-1
108,11,756,217,79,40,1,-1,-1,-1
108,12,528,119,62,27,1,-1,-1,-1
108,13,155,304,143,61,1,-1,-1,-1
108,14,877,129,52,24,1,-1,-1,-1
108,15,177,391,173,84,1,-1,-1,-1
108,16,0,365,35,43,1,-1,-1,-1
108,17,997,92,24,25,1,-1,-1,-1
109,1,335,250,94,48,1,-1,-1,-1
109,2,367,129,36,32,1,-1,-1,-1
109,3,271,131,49,36,1,-1,-1,-1
109,4,309,106,33,25,1,-1,-1,-1
109,5,287,69,35,21,1,-1,-1,-1
109,8,195,229,108,52,1,-1,-1,-1
109,10,684,127,62,30,1,-1,-1,-1
109,11,760,216,82,42,1,-1,-1,-1
109,12,526,121,65,28,1,-1,-1,-1
109,13,163,306,138,59,1,-1,-1,-1
109,14,873,129,52,23,1,-1,-1,-1
109,15,195,389,171,82,1,-1,-1,-1
109,16,0,365,40,45,1,-1,-1,-1
109,17,995,92,27,24,1,-1,-1,-1
110,1,338,250,94,48,1,-1,-1,-1
110,2,365,129,36,32,1,-1,-1,-1
110,3,271,131,48,34,1,-1,-1,-1
110,4,308,106,33,25,1,-1,-1,-1
110,5,287,69,35,21,1,-1,-1,-1
110,8,185,231,108,52,1,-1,-1,-1
110,10,681,127,61,28,1,-1,-1,-1
110,11,765,216,79,40,1,-1,-1,-1
110,12,522,119,65,28,1,-1,-1,-1
110,13,164,306,138,59,1,-1,-1,-1
110,14,869,131,53,25,1,-1,-1,-1
110,15,214,385,164,79,1,-1,-1,-1
110,16,0,366,49,48,1,-1,-1,-1
110,17,993,92,29,24,1,-1,-1,-1
111,1,339,252,91,46,1,-1,-1,-1
111,2,364,127,36,32,1,-1,-1,-1
111,3,271,131,49,36,1,-1,-1,-1
111,4,308,106,33,25,1,-1,-1,-1
111,5,284,69,35,21,1,-1,-1,-1
111,8,176,233,109,52,1,-1,-1,-1
111,10,679,129,62,30,1,-1,-1,-1
111,11,770,216,79,40,1,-1,-1,-1
111,12,519,121,65,28,1,-1,-1,-1
111,13,168,306,143,61,1,-1,-1,-1
111,14,869,133,53,23,1,-1,-1,-1
111,15,228,385,164,79,1,-1,-1,-1
111,16,0,366,53,46,1,-1,-1,-1
111,17,988,96,33,24,1,-1,-1,-1
112,1,339,252,96,48,1,-1,-1,-1
112,2,363,127,36,32,1,-1,-1,-1
112,3,271,133,48,34,1,-1,-1,-1
112,4,306,106,33,25,1,-1,-1,-1
112,5,284,69,36,23,1,-1,-1,-1
112,8,167,235,109,52,1,-1,-1,-1
112,10,675,129,61,28,1,-1,-1,-1
112,11,774,216,79,40,1,-1,-1,-1
112,12,517,121,66,28,1,-1,-1,-1
112,13,176,308,135,57,1,-1,-1,-1
112,14,868,133,52,23,1,-1,-1,-1
112,15,248,381,158,75,1,-1,-1,-1
112,16,0,366,56,48,1,-1,-1,-1
112,17,986,96,35,28,1,-1,-1,-1
113,1,338,250,100,50,1,-1,-1,-1
113,2,363,127,36,30,1,-1,-1,-1
113,3,270,133,49,36,1,-1,-1,-1
113,4,305,106,33,25,1,-1,-1,-1
113,5,283,69,36,23,1,-1,-1,-1
113,8,155,239,112,54,1,-1,-1,-1
113,10,676,133,57,27,1,-1,-1,-1
113,11,777,214,83,42,1,-1,-1,-1
113,12,514,121,67,28,1,-1,-1,-1
113,13,177,308,138,59,1,-1,-1,-1
113,14,863,135,50,23,1,-1,-1,-1
113,15,258,379,160,77,1,-1,-1,-1
113,16,0,365,60,49,1,-1,-1,-1
113,17,984,97,34,27,1,-1,-1,-1
113,18,0,419,33,44,1,-1,-1,-1
114,1,339,249,92,48,1,-1,-1,-1
114,2,363,127,36,30,1,-1,-1,-1
114,3,270,135,48,34,1,-1,-1,-1
114,4,305,106,33,25,1,-1,-1,-1
114,5,283,69,35,23,1,-1,-1,-1
114,8,143,239,117,55,1,-1,-1,-1
114,10,671,133,56,25,1,-1,-1,-1
114,11,782,214,79,40,1,-1,-1,-1
114,12,512,121,67,28,1,-1,-1,-1
114,13,185,308,133,55,1,-1,-1,-1
114,14,852,135,62,27,1,-1,-1,-1
114,15,279,374,151,73,1,-1,-1,-1
114,16,0,365,64,50,1,-1,-1,-1
114,17,979,97,39,24,1,-1,-1,-1
114,18,0,412,58,56,1,-1,-1,-1
115,1,339,250,90,46,1,-1,-1,-1
115,2,363,127,35,28,1,-1,-1,-1
115,3,270,135,49,36,1,-1,-1,-1
115,4,303,106,32,25,1,-1,-1,-1
115,5,280,69,36,23,1,-1,-1,-1
115,8,135,241,112,54,1,-1,-1,-1
115,10,667,133,57,27,1,-1,-1,-1
115,11,786,212,83,42,1,-1,-1,-1
115,12,509,121,67,28,1,-1,-1,-1
115,13,185,308,135,57,1,-1,-1,-1
115,14,850,134,56,29,1,-1,-1,-1
115,15,293,374,144,69,1,-1,-1,-1
115,16,0,365,67,50,1,-1,-1,-1
115,17,977,98,35,22,1,-1,-1,-1
115,18,0,402,80,66,1,-1,-1,-1
116,1,342,250,87,46,1,-1,-1,-1
116,2,360,127,35,30,1,-1,-1,-1
116,3,270,136,48,34,1,-1,-1,-1
116,4,303,106,32,25,1,-1,-1,-1
116,5,279,67,36,23,1,-1,-1,-1
116,8,126,239,121,59,1,-1,-1,-1
116,10,663,133,61,28,1,-1,-1,-1
116,11,792,214,79,40,1,-1,-1,-1
116,12,505,123,67,28,1,-1,-1,-1
116,13,192,308,133,55,1,-1,-1,-1
116,14,848,135,53,29,1,-1,-1,-1
116,15,309,368,144,69,1,-1,-1,-1
116,16,0,362,67,43,1,-1,-1,-1
116,17,977,95,30,27,1,-1,-1,-1
116,18,0,406,106,66,1,-1,-1,-1
117,1,339,248,94,48,1,-1,-1,-1
117,2,359,125,36,30,1,-1,-1,-1
117,3,271,136,47,34,1,-1,-1,-1
117,4,300,106,33,25,1,-1,-1,-1
117,5,282,67,32,23,1,-1,-1,-1
117,8,114,240,117,60,1,-1,-1,-1
117,10,662,133,61,28,1,-1,-1,-1
117,11,798,214,77,40,1,-1,-1,-1
117,12,502,121,70,30,1,-1,-1,-1
117,13,195,308,133,55,1,-1,-1,-1
117,14,848,137,54,29,1,-1,-1,-1
117,15,322,366,144,69,1,-1,-1,-1
117,16,2,361,67,50,1,-1,-1,-1
117,17,972,100,35,23,1,-1,-1,-1
117,18,0,398,122,78,1,-1,-1,-1
118,1,340,248,96,50,1,-1,-1,-1
118,2,359,127,36,30,1,-1,-1,-1
118,3,271,136,47,34,1,-1,-1,-1
118,4,300,104,32,25,1,-1,-1,-1
118,5,280,67,31,23,1,-1,-1,-1
118,8,103,248,118,57,1,-1,-1,-1
118,10,659,136,57,28,1,-1,-1,-1
118,11,803,212,78,40,1,-1,-1,-1
118,12,500,121,70,30,1,-1,-1,-1
118,13,199,308,133,55,1,-1,-1,-1
118,14,844,137,56,28,1,-1,-1,-1
118,15,331,360,151,73,1,-1,-1,-1
118,16,1,368,85,44,1,-1,-1,-1
118,17,968,98,32,27,1,-1,-1,-1
118,18,3,397,136,78,1,-1,-1,-1
118,19,1002,104,21,29,1,-1,-1,-1
119,1,350,246,89,57,1,-1,-1,-1
119,2,357,125,35,30,1,-1,-1,-1
119,3,271,136,47,34,1,-1,-1,-1
119,4,300,104,32,25,1,-1,-1,-1
119,5,280,67,31,23,1,-1,-1,-1
119,8,91,246,120,60,1,-1,-1,-1
119,10,653,136,61,28,1,-1,-1,-1
119,11,807,212,77,40,1,-1,-1,-1
119,12,497,121,70,30,1,-1,-1,-1
119,13,202,306,135,57,1,-1,-1,-1
119,14,842,138,59,29,1,-1,-1,-1
119,15,344,360,144,69,1,-1,-1,-1
119,16,0,364,83,55,1,-1,-1,-1
119,17,966,100,34,28,1,-1,-1,-1
119,18,0,389,161,97,1,-1,-1,-1
119,19,1002,109,21,25,1,-1,-1,-1
120,1,340,246,100,52,1,-1,-1,-1
120,2,355,123,36,30,1,-1,-1,-1
120,3,271,136,47,34,1,-1,-1,-1
120,4,299,104,32,23,1,-1,-1,-1
120,5,280,67,30,21,1,-1,-1,-1
120,8,80,249,124,60,1,-1,-1,-1
120,10,653,136,58,28,1,-1,-1,-1
120,11,813,212,74,38,1,-1,-1,-1
120,12,495,121,70,30,1,-1,-1,-1
120,13,206,306,135,57,1,-1,-1,-1
120,14,834,141,60,28,1,-1,-1,-1
120,15,360,356,144,69,1,-1,-1,-1
120,16,0,362,85,70,1,-1,-1,-1
120,17,963,100,38,26,1,-1,-1,-1
120,18,13,386,173,76,1,-1,-1,-1
120,19,1001,106,22,27,1,-1,-1,-1
121,1,344,248,92,50,1,-1,-1,-1
121,2,355,123,36,30,1,-1,-1,-1
121,3,270,136,48,34,1,-1,-1,-1
121,4,296,104,33,25,1,-1,-1,-1
121,5,279,65,30,21,1,-1,-1,-1
121,8,69,253,125,58,1,-1,-1,-1
121,10,646,138,58,28,1,-1,-1,-1
121,11,817,210,74,38,1,-1,-1,-1
121,12,496,123,65,28,1,-1,-1,-1
121,13,206,306,138,59,1,-1,-1,-1
121,14,831,137,60,31,1,-1,-1,-1
121,15,377,354,137,65,1,-1,-1,-1
121,16,0,361,90,62,1,-1,-1,-1
121,17,958,97,46,30,1,-1,-1,-1
121,18,31,381,172,75,1,-1,-1,-1
121,19,995,113,28,20,1,-1,-1,-1
122,1,345,246,92,52,1,-1,-1,-1
122,2,355,123,36,30,1,-1,-1,-1
122,3,271,136,48,34,1,-1,-1,-1
122,4,297,102,32,23,1,-1,-1,-1
122,5,279,65,31,21,1,-1,-1,-1
122,8,57,252,126,61,1,-1,-1,-1
122,10,643,138,58,28,1,-1,-1,-1
122,11,821,210,73,36,1,-1,-1,-1
122,12,493,123,62,27,1,-1,-1,-1
122,13,211,304,141,59,1,-1,-1,-1
122,14,831,142,54,28,1,-1,-1,-1
122,15,390,351,134,65,1,-1,-1,-1
122,16,0,361,92,62,1,-1,-1,-1
122,17,956,103,45,26,1,-1,-1,-1
122,18,57,378,169,75,1,-1,-1,-1
122,19,994,112,29,24,1,-1,-1,-1
123,1,344,244,90,54,1,-1,-1,-1
123,2,353,123,36,30,1,-1,-1,-1
123,3,270,136,49,36,1,-1,-1,-1
123,4,295,102,32,25,1,-1,-1,-1
123,5,276,65,32,23,1,-1,-1,-1
123,8,44,255,132,62,1,-1,-1,-1
123,10,640,138,57,27,1,-1,-1,-1
123,11,825,210,73,36,1,-1,-1,-1
123,12,487,121,70,30,1,-1,-1,-1
123,13,216,306,135,57,1,-1,-1,-1
123,14,828,141,53,30,1,-1,-1,-1
123,15,402,349,134,65,1,-1,-1,-1
123,16,0,358,91,62,1,-1,-1,-1
123,17,956,106,40,23,1,-1,-1,-1
123,18,82,376,159,69,1,-1,-1,-1
123,19,991,111,32,23,1,-1,-1,-1
123,20,0,496,56,42,1,-1,-1,-1
124,1,352,243,82,55,1,-1,-1,-1
124,2,352,123,36,30,1,-1,-1,-1
124,3,274,136,44,31,1,-1,-1,-1
124,4,292,100,33,27,1,-1,-1,-1
124,5,275,65,31,23,1,-1,-1,-1
124,8,32,257,134,61,1,-1,-1,-1
124,10,636,140,58,28,1,-1,-1,-1
124,11,829,208,74,38,1,-1,-1,-1
124,12,487,123,66,28,1,-1,-1,-1
124,13,220,304,133,55,1,-1,-1,-1
124,14,824,140,54,30,1,-1,-1,-1
124,15,415,347,130,63,1,-1,-1,-1
124,16,0,360,103,61,1,-1,-1,-1
124,17,953,106,39,23,1,-1,-1,-1
124,18,100,368,163,71,1,-1,-1,-1
124,19,988,111,33,22,1,-1,-1,-1
124,20,0,490,74,48,1,-1,-1,-1
125,1,353,245,81,51,1,-1,-1,-1
125,2,352,121,36,30,1,-1,-1,-1
125,3,274,136,44,30,1,-1,-1,-1
125,4,291,98,33,28,1,-1,-1,-1
125,5,275,63,31,23,1,-1,-1,-1
125,8,20,262,132,60,1,-1,-1,-1
125,10,632,140,61,30,1,-1,-1,-1
125,11,831,208,75,36,1,-1,-1,-1
125,12,483,121,69,28,1,-1,-1,-1
125,13,228,304,130,55,1,-1,-1,-1
125,14,821,142,53,30,1,-1,-1,-1
125,15,421,344,125,61,1,-1,-1,-1
125,16,0,359,106,62,1,-1,-1,-1
125,17,950,106,40,23,1,-1,-1,-1
125,18,118,364,157,68,1,-1,-1,-1
125,19,984,111,38,23,1,-1,-1,-1
125,20,0,486,92,52,1,-1,-1,-1
126,1,350,245,85,54,1,-1,-1,-1
126,2,351,121,36,30,1,-1,-1,-1
126,3,274,136,44,32,1,-1,-1,-1
126,4,292,98,31,25,1,-1,-1,-1
126,5,274,63,32,23,1,-1,-1,-1
126,8,9,266,129,59,1,-1,-1,-1
126,10,628,140,64,30,1,-1,-1,-1
126,11,835,206,76,35,1,-1,-1,-1
126,12,480,121,69,28,1,-1,-1,-1
126,13,228,304,133,55,1,-1,-1,-1
126,14,817,144,53,30,1,-1,-1,-1
126,15,433,343,122,59,1,-1,-1,-1
126,16,0,353,110,68,1,-1,-1,-1
126,17,948,108,40,23,1,-1,-1,-1
126,18,134,358,162,68,1,-1,-1,-1
126,19,984,111,38,24,1,-1,-1,-1
126,20,0,482,108,56,1,-1,-1,-1
127,1,350,244,86,50,1,-1,-1,-1
127,2,350,119,36,30,1,-1,-1,-1
127,3,274,136,44,32,1,-1,-1,-1
127,4,291,100,31,25,1,-1,-1,-1
127,5,272,63,32,23,1,-1,-1,-1
127,8,0,271,124,57,1,-1,-1,-1
127,10,625,140,61,30,1,-1,-1,-1
127,11,842,206,74,38,1,-1,-1,-1
127,12,479,121,69,28,1,-1,-1,-1
127,13,232,304,133,55,1,-1,-1,-1
127,14,815,144,53,30,1,-1,-1,-1
127,15,445,339,120,59,1,-1,-1,-1
127,16,0,355,117,65,1,-1,-1,-1
127,17,945,109,37,21,1,-1,-1,-1
127,18,154,354,157,72,1,-1,-1,-1
127,19,983,111,39,24,1,-1,-1,-1
127,20,0,477,126,61,1,-1,-1,-1
128,1,348,244,90,52,1,-1,-1,-1
128,2,347,119,36,30,1,-1,-1,-1
128,3,274,138,44,32,1,-1,-1,-1
128,4,289,100,30,25,1,-1,-1,-1
128,5,272,63,32,23,1,-1,-1,-1
128,8,0,268,117,61,1,-1,-1,-1
128,10,623,138,64,32,1,-1,-1,-1
128,11,846,206,74,38,1,-1,-1,-1
128,12,478,123,65,28,1,-1,-1,-1
128,13,236,304,133,55,1,-1,-1,-1
128,14,809,144,56,32,1,-1,-1,-1
128,15,458,337,117,57,1,-1,-1,-1
128,16,0,351,120,70,1,-1,-1,-1
128,17,941,109,40,23,1,-1,-1,-1
128,18,174,351,149,70,1,-1,-1,-1
128,19,981,111,41,24,1,-1,-1,-1
128,20,0,474,142,64,1,-1,-1,-1
129,1,354,240,80,56,1,-1,-1,-1
129,2,347,119,36,30,1,-1,-1,-1
129,3,275,138,44,30,1,-1,-1,-1
129,4,287,98,30,25,1,-1,-1,-1
129,5,270,61,32,23,1,-1,-1,-1
129,8,0,268,107,61,1,-1,-1,-1
129,10,620,138,61,30,1,-1,-1,-1
129,11,850,204,75,38,1,-1,-1,-1
129,12,474,123,66,28,1,-1,-1,-1
129,13,239,302,135,57,1,-1,-1,-1
129,14,807,146,57,32,1,-1,-1,-1
129,15,470,333,113,55,1,-1,-1,-1
129,16,0,352,122,70,1,-1,-1,-1
129,17,939,109,40,23,1,-1,-1,-1
129,18,188,353,157,66,1,-1,-1,-1
129,19,979,111,43,25,1,-1,-1,-1
129,20,0,469,158,69,1,-1,-1,-1
130,1,357,242,76,54,1,-1,-1,-1
130,2,347,119,36,30,1,-1,-1,-1
130,3,275,136,44,30,1,-1,-1,-1
130,4,287,98,30,25,1,-1,-1,-1
130,5,270,63,31,23,1,-1,-1,-1
130,8,0,268,96,61,1,-1,-1,-1
130,10,616,140,62,30,1,-1,-1,-1
130,11,855,204,73,36,1,-1,-1,-1
130,12,471,123,66,28,1,-1,-1,-1
130,13,244,302,128,51,1,-1,-1,-1
130,14,803,146,56,32,1,-1,-1,-1
130,15,481,331,113,55,1,-1,-1,-1
130,16,0,351,129,70,1,-1,-1,-1
130,17,936,109,40,23,1,-1,-1,-1
130,18,210,347,144,68,1,-1,-1,-1
130,19,976,111,44,26,1,-1,-1,-1
130,20,0,464,174,73,1,-1,-1,-1
131,1,356,240,80,59,1,-1,-1,-1
131,2,346,117,36,30,1,-1,-1,-1
131,3,275,138,44,30,1,-1,-1,-1
131,4,287,98,31,25,1,-1,-1,-1
131,5,270,61,31,23,1,-1,-1,-1
131,8,0,275,82,61,1,-1,-1,-1
131,10,612,138,65,32,1,-1,-1,-1
131,11,859,202,73,36,1,-1,-1,-1
131,12,467,121,73,30,1,-1,-1,-1
131,13,246,302,130,52,1,-1,-1,-1
131,14,799,146,57,32,1,-1,-1,-1
131,15,492,329,113,55,1,-1,-1,-1
131,16,0,351,131,69,1,-1,-1,-1
131,17,932,109,40,23,1,-1,-1,-1
131,18,224,341,146,65,1,-1,-1,-1
131,19,974,112,44,25,1,-1,-1,-1
131,20,0,461,190,77,1,-1,-1,-1
132,1,356,239,78,57,1,-1,-1,-1
132,2,344,117,36,30,1,-1,-1,-1
132,3,272,136,45,32,1,-1,-1,-1
132,4,286,98,30,25,1,-1,-1,-1
132,5,269,61,31,23,1,-1,-1,-1
132,8,0,277,69,61,1,-1,-1,-1
132,10,608,140,66,32,1,-1,-1,-1
132,11,859,203,73,36,1,-1,-1,-1
132,12,464,121,73,30,1,-1,-1,-1
132,13,253,302,128,50,1,-1,-1,-1
132,14,796,148,56,32,1,-1,-1,-1
132,15,504,325,111,54,1,-1,-1,-1
132,16,0,352,135,69,1,-1,-1,-1
132,17,929,111,40,23,1,-1,-1,-1
132,18,242,346,142,56,1,-1,-1,-1
132,19,971,113,44,25,1,-1,-1,-1
132,20,18,457,189,77,1,-1,-1,-1
133,1,357,239,79,59,1,-1,-1,-1
133,2,343,117,36,30,1,-1,-1,-1
133,3,274,136,44,32,1,-1,-1,-1
133,4,283,96,30,23,1,-1,-1,-1
133,5,267,61,32,23,1,-1,-1,-1
133,8,0,281,56,59,1,-1,-1,-1
133,10,603,138,71,36,1,-1,-1,-1
133,11,868,200,70,36,1,-1,-1,-1
133,12,463,121,70,30,1,-1,-1,-1
133,13,254,300,128,50,1,-1,-1,-1
133,14,792,148,57,32,1,-1,-1,-1
133,15,514,324,111,54,1,-1,-1,-1
133,16,0,352,140,68,1,-1,-1,-1
133,17,927,111,40,23,1,-1,-1,-1
133,18,262,335,143,65,1,-1,-1,-1
133,19,970,113,44,25,1,-1,-1,-1
133,20,31,447,191,91,1,-1,-1,-1
134,1,360,241,74,55,1,-1,-1,-1
134,2,342,115,36,30,1,-1,-1,-1
134,3,272,136,47,32,1,-1,-1,-1
134,4,283,96,31,25,1,-1,-1,-1
134,5,266,59,32,23,1,-1,-1,-1
134,8,0,281,44,59,1,-1,-1,-1
134,10,600,140,70,34,1,-1,-1,-1
134,11,872,200,70,36,1,-1,-1,-1
134,12,461,121,73,30,1,-1,-1,-1
134,13,258,300,128,50,1,-1,-1,-1
134,14,787,148,60,34,1,-1,-1,-1
134,15,525,320,111,54,1,-1,-1,-1
134,16,0,351,147,68,1,-1,-1,-1
134,17,923,111,40,23,1,-1,-1,-1
134,18,278,327,146,66,1,-1,-1,-1
134,19,966,113,44,25,1,-1,-1,-1
134,20,52,444,187,91,1,-1,-1,-1
135,1,360,239,74,55,1,-1,-1,-1
135,2,339,115,36,30,1,-1,-1,-1
135,3,272,136,47,32,1,-1,-1,-1
135,4,282,96,31,25,1,-1,-1,-1
135,5,266,59,31,23,1,-1,-1,-1
135,8,0,285,25,49,1,-1,-1,-1
135,10,595,140,74,36,1,-1,-1,-1
135,11,876,200,70,36,1,-1,-1,-1
135,12,458,121,70,30,1,-1,-1,-1
135,13,263,300,125,50,1,-1,-1,-1
135,14,786,148,58,32,1,-1,-1,-1
135,15,535,318,111,54,1,-1,-1,-1
135,16,0,348,148,67,1,-1,-1,-1
135,17,920,113,40,23,1,-1,-1,-1
135,18,293,325,140,66,1,-1,-1,-1
135,19,965,115,44,25,1,-1,-1,-1
135,20,70,439,182,88,1,-1,-1,-1
136,1,364,239,71,52,1,-1,-1,-1
136,2,339,113,37,32,1,-1,-1,-1
136,3,272,138,47,32,1,-1,-1,-1
136,4,280,94,33,28,1,-1,-1,-1
136,5,265,59,31,23,1,-1,-1,-1
136,10,590,140,78,38,1,-1,-1,-1
136,11,880,198,70,36,1,-1,-1,-1
136,12,457,121,70,30,1,-1,-1,-1
136,13,266,300,125,50,1,-1,-1,-1
136,14,782,150,57,32,1,-1,-1,-1
136,15,544,314,111,54,1,-1,-1,-1
136,16,0,347,152,68,1,-1,-1,-1
136,17,918,113,40,23,1,-1,-1,-1
136,18,309,316,140,70,1,-1,-1,-1
136,19,962,115,44,25,1,-1,-1,-1
136,20,87,435,182,88,1,-1,-1,-1
137,1,364,237,74,55,1,-1,-1,-1
137,2,336,111,39,32,1,-1,-1,-1
137,3,272,136,48,34,1,-1,-1,-1
137,4,279,92,33,28,1,-1,-1,-1
137,5,263,59,31,23,1,-1,-1,-1
137,10,593,142,63,33,1,-1,-1,-1
137,11,885,198,70,36,1,-1,-1,-1
137,12,450,119,75,32,1,-1,-1,-1
137,13,271,300,122,48,1,-1,-1,-1
137,14,779,150,56,32,1,-1,-1,-1
137,15,556,314,108,52,1,-1,-1,-1
137,16,0,341,156,72,1,-1,-1,-1
137,17,915,113,40,23,1,-1,-1,-1
137,18,327,316,133,66,1,-1,-1,-1
137,19,961,115,44,25,1,-1,-1,-1
137,20,104,432,180,86,1,-1,-1,-1
138,1,364,237,74,55,1,-1,-1,-1
138,2,336,111,39,32,1,-1,-1,-1
138,3,271,136,48,34,1,-1,-1,-1
138,4,279,92,35,28,1,-1,-1,-1
138,5,263,59,31,23,1,-1,-1,-1
138,10,589,144,62,34,1,-1,-1,-1
138,11,884,198,70,36,1,-1,-1,-1
138,12,448,117,82,34,1,-1,-1,-1
138,13,276,300,121,48,1,-1,-1,-1
138,14,775,152,58,32,1,-1,-1,-1
138,15,565,312,108,52,1,-1,-1,-1
138,16,0,341,159,72,1,-1,-1,-1
138,17,914,113,39,23,1,-1,-1,-1
138,18,347,316,127,56,1,-1,-1,-1
138,19,958,115,44,25,1,-1,-1,-1
138,20,121,428,176,86,1,-1,-1,-1
139,1,365,237,74,55,1,-1,-1,-1
139,2,335,111,37,32,1,-1,-1,-1
139,3,274,138,44,30,1,-1,-1,-1
139,4,278,92,36,28,1,-1,-1,-1
139,5,262,57,31,23,1,-1,-1,-1
139,10,586,144,61,32,1,-1,-1,-1
139,11,885,196,73,36,1,-1,-1,-1
139,12,448,119,77,32,1,-1,-1,-1
139,13,282,298,117,46,1,-1,-1,-1
139,14,774,152,56,32,1,-1,-1,-1
139,15,576,308,107,52,1,-1,-1,-1
139,16,3,339,161,73,1,-1,-1,-1
139,17,910,115,39,23,1,-1,-1,-1
139,18,362,316,127,57,1,-1,-1,-1
139,19,956,115,44,25,1,-1,-1,-1
139,20,135,424,180,86,1,-1,-1,-1
140,1,368,239,70,52,1,-1,-1,-1
140,2,334,111,37,32,1,-1,-1,-1
140,3,274,138,44,30,1,-1,-1,-1
140,4,276,90,36,28,1,-1,-1,-1
140,5,262,57,31,23,1,-1,-1,-1
140,10,585,146,57,32,1,-1,-1,-1
140,11,889,196,74,38,1,-1,-1,-1
140,12,446,119,73,30,1,-1,-1,-1
140,13,283,298,117,46,1,-1,-1,-1
140,14,769,152,61,34,1,-1,-1,-1
140,15,587,306,103,50,1,-1,-1,-1
140,16,7,339,161,73,1,-1,-1,-1
140,17,906,115,40,23,1,-1,-1,-1
140,18,377,308,122,61,1,-1,-1,-1
140,19,953,115,44,25,1,-1,-1,-1
140,20,154,420,176,86,1,-1,-1,-1
141,1,369,239,70,50,1,-1,-1,-1
141,2,334,111,37,32,1,-1,-1,-1
141,3,274,138,44,30,1,-1,-1,-1
141,4,276,90,35,28,1,-1,-1,-1
141,5,261,57,31,23,1,-1,-1,-1
141,10,581,146,60,32,1,-1,-1,-1
141,11,896,196,70,36,1,-1,-1,-1
141,12,441,119,74,32,1,-1,-1,-1
141,13,288,297,117,46,1,-1,-1,-1
141,14,765,154,60,34,1,-1,-1,-1
141,15,595,302,103,50,1,-1,-1,-1
141,16,13,337,161,73,1,-1,-1,-1
141,17,903,113,43,25,1,-1,-1,-1
141,18,393,304,117,64,1,-1,-1,-1
141,19,949,115,47,27,1,-1,-1,-1
141,20,168,418,176,86,1,-1,-1,-1
142,1,369,237,70,50,1,-1,-1,-1
142,2,331,109,39,32,1,-1,-1,-1
142,3,274,138,44,30,1,-1,-1,-1
142,4,274,90,36,30,1,-1,-1,-1
142,5,261,57,31,23,1,-1,-1,-1
142,10,574,146,62,34,1,-1,-1,-1
142,11,901,196,69,34,1,-1,-1,-1
142,12,441,119,70,30,1,-1,-1,-1
142,13,292,297,117,46,1,-1,-1,-1
142,14,761,154,61,34,1,-1,-1,-1
142,15,608,302,99,48,1,-1,-1,-1
142,16,15,337,164,75,1,-1,-1,-1
142,17,902,113,40,23,1,-1,-1,-1
142,18,406,302,117,62,1,-1,-1,-1
142,19,949,115,47,27,1,-1,-1,-1
142,20,181,412,180,86,1,-1,-1,-1
143,1,373,239,66,48,1,-1,-1,-1
143,2,331,108,39,32,1,-1,-1,-1
143,3,272,138,44,30,1,-1,-1,-1
143,4,272,88,37,30,1,-1,-1,-1
143,5,258,55,31,23,1,-1,-1,-1
143,10,573,148,61,32,1,-1,-1,-1
143,11,906,196,65,32,1,-1,-1,-1
143,12,438,119,70,30,1,-1,-1,-1
143,13,296,295,117,46,1,-1,-1,-1
143,14,757,154,61,34,1,-1,-1,-1
143,15,612,298,103,50,1,-1,-1,-1
143,16,19,333,164,75,1,-1,-1,-1
143,17,898,115,40,23,1,-1,-1,-1
143,18,419,301,118,56,1,-1,-1,-1
143,19,945,115,47,27,1,-1,-1,-1
143,20,199,408,172,84,1,-1,-1,-1
144,1,373,239,64,46,1,-1,-1,-1
144,2,330,108,37,32,1,-1,-1,-1
144,3,272,138,44,32,1,-1,-1,-1
144,4,271,88,36,30,1,-1,-1,-1
144,5,258,55,31,23,1,-1,-1,-1
144,10,568,148,62,34,1,-1,-1,-1
144,11,909,194,66,34,1,-1,-1,-1
144,12,437,119,70,30,1,-1,-1,-1
144,13,299,295,121,48,1,-1,-1,-1
144,14,754,154,62,36,1,-1,-1,-1
144,15,621,295,100,48,1,-1,-1,-1
144,16,23,333,164,75,1,-1,-1,-1
144,17,894,115,40,23,1,-1,-1,-1
144,18,431,295,118,58,1,-1,-1,-1
144,19,944,117,44,25,1,-1,-1,-1
144,20,207,403,178,86,1,-1,-1,-1
145,1,376,239,62,46,1,-1,-1,-1
145,2,330,106,37,32,1,-1,-1,-1
145,3,272,138,45,32,1,-1,-1,-1
145,4,271,88,36,30,1,-1,-1,-1
145,5,258,55,31,23,1,-1,-1,-1
145,10,568,150,57,32,1,-1,-1,-1
145,11,910,192,70,36,1,-1,-1,-1
145,12,434,119,70,30,1,-1,-1,-1
145,13,304,295,117,46,1,-1,-1,-1
145,14,751,154,62,36,1,-1,-1,-1
145,15,630,295,99,48,1,-1,-1,-1
145,16,28,331,164,75,1,-1,-1,-1
145,17,890,115,43,25,1,-1,-1,-1
145,18,446,295,111,55,1,-1,-1,-1
145,19,941,117,47,27,1,-1,-1,-1
145,20,229,399,172,84,1,-1,-1,-1
146,1,374,237,64,46,1,-1,-1,-1
146,2,329,106,37,32,1,-1,-1,-1
146,3,271,138,45,32,1,-1,-1,-1
146,4,270,86,37,30,1,-1,-1,-1
146,5,257,55,31,23,1,-1,-1,-1
146,10,564,152,57,30,1,-1,-1,-1
146,11,915,192,70,36,1,-1,-1,-1
146,12,435,121,60,27,1,-1,-1,-1
146,13,306,293,117,46,1,-1,-1,-1
146,14,747,156,62,36,1,-1,-1,-1
146,15,640,293,99,48,1,-1,-1,-1
146,16,47,331,149,73,1,-1,-1,-1
146,17,888,115,43,25,1,-1,-1,-1
146,18,458,289,116,57,1,-1,-1,-1
146,19,940,117,44,25,1,-1,-1,-1
146,20,245,397,164,81,1,-1,-1,-1
147,1,377,239,61,46,1,-1,-1,-1
147,2,326,104,39,32,1,-1,-1,-1
147,3,271,138,45,32,1,-1,-1,-1
147,4,270,86,39,32,1,-1,-1,-1
147,5,256,54,31,23,1,-1,-1,-1
147,10,556,150,61,34,1,-1,-1,-1
147,11,919,192,69,34,1,-1,-1,-1
147,12,433,121,60,27,1,-1,-1,-1
147,13,313,293,116,46,1,-1,-1,-1
147,14,744,156,62,36,1,-1,-1,-1
147,15,647,289,100,48,1,-1,-1,-1
147,16,52,329,147,71,1,-1,-1,-1
147,17,885,115,43,25,1,-1,-1,-1
147,18,471,287,111,57,1,-1,-1,-1
147,19,937,119,44,25,1,-1,-1,-1
147,20,258,395,161,79,1,-1,-1,-1
148,1,377,239,61,46,1,-1,-1,-1
148,2,326,104,39,32,1,-1,-1,-1
148,3,271,138,45,32,1,-1,-1,-1
148,4,267,86,37,30,1,-1,-1,-1
148,5,254,54,31,23,1,-1,-1,-1
148,10,555,152,61,32,1,-1,-1,-1
148,11,923,192,69,34,1,-1,-1,-1
148,12,432,121,60,27,1,-1,-1,-1
148,13,316,293,113,44,1,-1,-1,-1
148,14,740,156,65,36,1,-1,-1,-1
148,15,655,287,100,48,1,-1,-1,-1
148,16,53,327,150,71,1,-1,-1,-1
148,17,881,117,43,25,1,-1,-1,-1
148,18,480,283,117,57,1,-1,-1,-1
148,19,935,119,44,27,1,-1,-1,-1
148,20,275,391,159,77,1,-1,-1,-1
149,1,380,237,61,44,1,-1,-1,-1
149,2,326,104,37,32,1,-1,-1,-1
149,3,272,138,44,30,1,-1,-1,-1
149,4,267,84,39,32,1,-1,-1,-1
149,5,254,54,31,23,1,-1,-1,-1
149,10,549,152,61,34,1,-1,-1,-1
149,11,924,190,71,34,1,-1,-1,-1
149,12,428,121,61,28,1,-1,-1,-1
149,13,321,291,113,44,1,-1,-1,-1
149,14,736,156,65,36,1,-1,-1,-1
149,15,666,285,96,46,1,-1,-1,-1
149,16,57,325,152,73,1,-1,-1,-1
149,17,877,117,43,25,1,-1,-1,-1
149,18,496,283,109,52,1,-1,-1,-1
149,19,933,119,41,25,1,-1,-1,-1
149,20,279,395,161,79,1,-1,-1,-1
150,1,380,237,61,46,1,-1,-1,-1
150,2,326,104,36,30,1,-1,-1,-1
150,3,271,138,45,32,1,-1,-1,-1
150,4,266,84,39,32,1,-1,-1,-1
150,5,253,52,31,23,1,-1,-1,-1
150,10,544,152,66,36,1,-1,-1,-1
150,11,927,190,73,36,1,-1,-1,-1
150,12,427,121,64,28,1,-1,-1,-1
150,13,325,291,113,44,1,-1,-1,-1
150,14,732,158,66,36,1,-1,-1,-1
150,15,673,283,96,46,1,-1,-1,-1
150,16,64,325,150,71,1,-1,-1,-1
150,17,875,117,43,25,1,-1,-1,-1
150,18,506,279,107,55,1,-1,-1,-1
150,19,932,119,40,25,1,-1,-1,-1
150,20,298,392,159,77,1,-1,-1,-1
151,1,380,235,61,44,1,-1,-1,-1
151,2,323,104,36,30,1,-1,-1,-1
151,3,272,140,46,34,1,-1,-1,-1
151,4,266,84,36,30,1,-1,-1,-1
151,5,253,52,31,23,1,-1,-1,-1
151,10,539,152,70,38,1,-1,-1,-1
151,11,933,190,69,34,1,-1,-1,-1
151,12,425,121,58,25,1,-1,-1,-1
151,13,329,289,113,44,1,-1,-1,-1
151,14,730,158,64,34,1,-1,-1,-1
151,15,683,281,95,46,1,-1,-1,-1
151,16,73,325,147,71,1,-1,-1,-1
151,17,872,117,44,25,1,-1,-1,-1
151,18,526,275,98,57,1,-1,-1,-1
151,19,929,121,40,23,1,-1,-1,-1
151,20,307,391,161,79,1,-1,-1,-1
152,1,381,235,61,44,1,-1,-1,-1
152,2,323,102,36,30,1,-1,-1,-1
152,3,271,138,47,32,1,-1,-1,-1
152,4,266,84,37,30,1,-1,-1,-1
152,5,253,52,30,23,1,-1,-1,-1
152,10,539,152,66,36,1,-1,-1,-1
152,11,940,189,65,32,1,-1,-1,-1
152,12,427,121,57,25,1,-1,-1,-1
152,13,330,289,116,46,1,-1,-1,-1
152,14,724,158,66,38,1,-1,-1,-1
152,15,689,274,95,53,1,-1,-1,-1
152,16,75,322,152,73,1,-1,-1,-1
152,17,868,117,44,25,1,-1,-1,-1
152,18,535,271,101,59,1,-1,-1,-1
152,19,926,121,40,25,1,-1,-1,-1
152,20,330,387,141,73,1,-1,-1,-1
153,1,381,235,61,44,1,-1,-1,-1
153,2,322,100,36,30,1,-1,-1,-1
153,3,271,138,47,32,1,-1,-1,-1
153,4,263,87,39,25,1,-1,-1,-1
153,5,252,52,30,23,1,-1,-1,-1
153,10,535,150,65,37,1,-1,-1,-1
153,11,941,189,64,30,1,-1,-1,-1
153,12,421,121,60,27,1,-1,-1,-1
153,13,336,289,113,44,1,-1,-1,-1
153,14,720,158,65,36,1,-1,-1,-1
153,15,696,271,96,54,1,-1,-1,-1
153,16,79,322,141,70,1,-1,-1,-1
153,17,867,117,43,25,1,-1,-1,-1
153,18,548,270,100,57,1,-1,-1,-1
153,19,923,121,40,25,1,-1,-1,-1
153,20,375,385,108,70,1,-1,-1,-1
154,1,382,235,61,44,1,-1,-1,-1
154,2,321,100,36,30,1,-1,-1,-1
154,3,270,138,47,32,1,-1,-1,-1
154,4,263,88,36,23,1,-1,-1,-1
154,5,250,50,31,23,1,-1,-1,-1
154,10,531,151,64,36,1,-1,-1,-1
154,11,945,187,61,30,1,-1,-1,-1
154,12,419,119,61,28,1,-1,-1,-1
154,13,342,287,111,44,1,-1,-1,-1
154,14,717,158,69,40,1,-1,-1,-1
154,15,706,270,91,50,1,-1,-1,-1
154,16,86,318,139,70,1,-1,-1,-1
154,17,863,119,43,25,1,-1,-1,-1
154,18,559,266,101,59,1,-1,-1,-1
154,19,922,121,40,25,1,-1,-1,-1
154,20,373,381,121,71,1,-1,-1,-1
155,1,381,233,61,46,1,-1,-1,-1
155,2,321,100,36,30,1,-1,-1,-1
155,3,270,138,47,32,1,-1,-1,-1
155,4,261,86,39,25,1,-1,-1,-1
155,5,249,52,31,23,1,-1,-1,-1
155,10,530,154,65,34,1,-1,-1,-1
155,11,949,187,61,30,1,-1,-1,-1
155,12,420,119,57,25,1,-1,-1,-1
155,13,344,287,111,44,1,-1,-1,-1
155,14,720,160,60,33,1,-1,-1,-1
155,15,714,270,87,48,1,-1,-1,-1
155,16,90,318,139,68,1,-1,-1,-1
155,17,859,119,41,25,1,-1,-1,-1
155,18,570,262,101,59,1,-1,-1,-1
155,19,919,123,40,23,1,-1,-1,-1
155,20,376,379,128,69,1,-1,-1,-1
156,1,384,233,61,44,1,-1,-1,-1
156,2,320,98,36,30,1,-1,-1,-1
156,3,270,138,47,32,1,-1,-1,-1
156,4,262,86,36,23,1,-1,-1,-1
156,5,248,50,31,23,1,-1,-1,-1
156,10,525,153,66,36,1,-1,-1,-1
156,11,953,185,61,30,1,-1,-1,-1
156,12,417,119,57,25,1,-1,-1,-1
156,13,347,287,113,46,1,-1,-1,-1
156,14,716,160,60,36,1,-1,-1,-1
156,15,722,266,87,48,1,-1,-1,-1
156,16,96,318,138,66,1,-1,-1,-1
156,17,856,119,41,25,1,-1,-1,-1
156,18,583,262,97,57,1,-1,-1,-1
156,19,918,125,37,23,1,-1,-1,-1
156,20,385,375,131,69,1,-1,-1,-1
157,1,382,231,61,46,1,-1,-1,-1
157,2,320,98,33,28,1,-1,-1,-1
157,3,270,138,47,32,1,-1,-1,-1
157,4,262,86,36,23,1,-1,-1,-1
157,5,246,50,31,23,1,-1,-1,-1
157,10,522,156,66,33,1,-1,-1,-1
157,11,957,185,61,30,1,-1,-1,-1
157,12,414,117,58,25,1,-1,-1,-1
157,13,355,285,108,44,1,-1,-1,-1
157,14,714,160,57,34,1,-1,-1,-1
157,15,731,266,83,46,1,-1,-1,-1
157,16,101,318,134,65,1,-1,-1,-1
157,17,853,122,49,29,1,-1,-1,-1
157,18,591,258,101,59,1,-1,-1,-1
157,19,914,121,48,31,1,-1,-1,-1
157,20,394,372,134,69,1,-1,-1,-1
158,1,384,226,55,50,1,-1,-1,-1
158,2,317,98,35,28,1,-1,-1,-1
158,3,272,140,44,30,1,-1,-1,-1
158,4,259,86,36,23,1,-1,-1,-1
158,5,246,50,31,23,1,-1,-1,-1
158,10,518,156,67,34,1,-1,-1,-1
158,11,961,185,60,28,1,-1,-1,-1
158,12,411,117,64,28,1,-1,-1,-1
158,13,360,285,107,42,1,-1,-1,-1
158,14,710,162,58,34,1,-1,-1,-1
158,15,739,264,83,46,1,-1,-1,-1
158,16,107,318,127,65,1,-1,-1,-1
158,17,850,121,49,28,1,-1,-1,-1
158,18,602,257,91,53,1,-1,-1,-1
158,19,911,121,49,32,1,-1,-1,-1
158,20,410,368,130,69,1,-1,-1,-1
159,1,385,225,53,52,1,-1,-1,-1
159,2,317,98,33,28,1,-1,-1,-1
159,3,270,138,47,32,1,-1,-1,-1
159,4,261,84,36,23,1,-1,-1,-1
159,5,246,50,31,23,1,-1,-1,-1
159,10,514,154,66,35,1,-1,-1,-1
159,11,963,183,60,28,1,-1,-1,-1
159,12,407,115,64,28,1,-1,-1,-1
159,13,355,280,115,52,1,-1,-1,-1
159,14,706,163,60,36,1,-1,-1,-1
159,15,747,262,83,46,1,-1,-1,-1
159,16,108,314,141,67,1,-1,-1,-1
159,17,846,123,49,30,1,-1,-1,-1
159,18,613,256,87,50,1,-1,-1,-1
159,19,906,121,50,32,1,-1,-1,-1
159,20,420,366,130,69,1,-1,-1,-1
160,1,384,225,51,51,1,-1,-1,-1
160,2,316,98,33,28,1,-1,-1,-1
160,3,270,138,47,32,1,-1,-1,-1
160,4,258,84,36,23,1,-1,-1,-1
160,5,245,50,31,23,1,-1,-1,-1
160,10,510,154,68,38,1,-1,-1,-1
160,11,966,183,57,30,1,-1,-1,-1
160,12,407,115,62,28,1,-1,-1,-1
160,13,359,279,114,52,1,-1,-1,-1
160,14,702,163,61,36,1,-1,-1,-1
160,15,749,260,90,50,1,-1,-1,-1
160,16,113,314,138,65,1,-1,-1,-1
160,17,842,123,50,30,1,-1,-1,-1
160,18,624,252,86,50,1,-1,-1,-1
160,19,906,121,50,32,1,-1,-1,-1
160,20,432,362,130,69,1,-1,-1,-1
161,1,384,223,52,52,1,-1,-1,-1
161,2,316,96,32,28,1,-1,-1,-1
161,3,270,138,47,32,1,-1,-1,-1
161,4,258,84,36,23,1,-1,-1,-1
161,5,245,50,31,23,1,-1,-1,-1
161,10,505,158,68,35,1,-1,-1,-1
161,11,970,181,53,30,1,-1,-1,-1
161,12,403,115,64,28,1,-1,-1,-1
161,13,361,277,120,54,1,-1,-1,-1
161,14,702,165,57,34,1,-1,-1,-1
161,15,761,256,83,46,1,-1,-1,-1
161,16,117,312,138,65,1,-1,-1,-1
161,17,839,123,50,30,1,-1,-1,-1
161,18,630,250,88,52,1,-1,-1,-1
161,19,903,123,49,32,1,-1,-1,-1
161,20,445,360,128,67,1,-1,-1,-1
162,1,386,225,49,50,1,-1,-1,-1
162,2,314,96,31,28,1,-1,-1,-1
162,3,270,138,48,32,1,-1,-1,-1
162,4,259,84,34,21,1,-1,-1,-1
162,5,242,48,31,23,1,-1,-1,-1
162,10,502,157,67,35,1,-1,-1,-1
162,11,974,181,49,30,1,-1,-1,-1
162,12,402,115,64,28,1,-1,-1,-1
162,13,367,277,117,52,1,-1,-1,-1
162,14,697,163,60,36,1,-1,-1,-1
162,15,768,254,80,44,1,-1,-1,-1
162,16,120,310,133,62,1,-1,-1,-1
162,17,837,123,52,30,1,-1,-1,-1
162,18,642,248,88,52,1,-1,-1,-1
162,19,901,123,49,32,1,-1,-1,-1
162,20,457,356,125,65,1,-1,-1,-1
163,1,387,225,47,46,1,-1,-1,-1
163,2,314,94,31,28,1,-1,-1,-1
163,3,270,138,48,32,1,-1,-1,-1
163,4,258,84,31,19,1,-1,-1,-1
163,5,241,48,32,23,1,-1,-1,-1
163,10,498,159,68,34,1,-1,-1,-1
163,11,976,179,47,30,1,-1,-1,-1
163,12,398,113,65,28,1,-1,-1,-1
163,13,370,277,117,52,1,-1,-1,-1
163,14,696,165,57,34,1,-1,-1,-1
163,15,775,254,83,46,1,-1,-1,-1
163,16,121,306,134,62,1,-1,-1,-1
163,17,833,123,52,30,1,-1,-1,-1
163,18,653,248,86,50,1,-1,-1,-1
163,19,898,123,53,34,1,-1,-1,-1
163,20,467,354,125,65,1,-1,-1,-1
164,1,385,225,48,46,1,-1,-1,-1
164,2,313,94,31,28,1,-1,-1,-1
164,3,270,138,48,32,1,-1,-1,-1
164,4,258,82,32,21,1,-1,-1,-1
164,5,245,48,28,23,1,-1,-1,-1
164,10,493,159,70,35,1,-1,-1,-1
164,11,982,179,41,28,1,-1,-1,-1
164,12,401,115,59,27,1,-1,-1,-1
164,13,373,275,120,54,1,-1,-1,-1
164,14,688,167,61,33,1,-1,-1,-1
164,15,779,250,84,46,1,-1,-1,-1
164,16,126,308,126,61,1,-1,-1,-1
164,17,829,123,53,30,1,-1,-1,-1
164,18,660,244,86,50,1,-1,-1,-1
164,19,894,121,54,36,1,-1,-1,-1
164,20,478,352,128,67,1,-1,-1,-1
165,1,383,227,50,44,1,-1,-1,-1
165,2,312,94,31,27,1,-1,-1,-1
165,3,269,138,49,32,1,-1,-1,-1
165,4,258,82,35,21,1,-1,-1,-1
165,5,245,48,26,21,1,-1,-1,-1
165,10,489,160,69,35,1,-1,-1,-1
165,11,984,179,39,30,1,-1,-1,-1
165,12,398,115,60,28,1,-1,-1,-1
165,13,381,277,111,50,1,-1,-1,-1
165,14,687,167,60,36,1,-1,-1,-1
165,15,788,248,84,46,1,-1,-1,-1
165,16,129,309,131,62,1,-1,-1,-1
165,17,826,125,53,30,1,-1,-1,-1
165,18,670,241,86,50,1,-1,-1,-1
165,19,890,121,54,36,1,-1,-1,-1
165,20,488,347,128,67,1,-1,-1,-1
166,1,385,221,47,47,1,-1,-1,-1
166,2,313,94,31,27,1,-1,-1,-1
166,3,270,138,49,32,1,-1,-1,-1
166,4,257,82,33,21,1,-1,-1,-1
166,5,245,48,26,21,1,-1,-1,-1
166,10,484,161,72,35,1,-1,-1,-1
166,11,987,177,36,30,1,-1,-1,-1
166,12,394,113,62,28,1,-1,-1,-1
166,13,385,275,113,50,1,-1,-1,-1
166,14,685,169,57,34,1,-1,-1,-1
166,15,795,246,86,48,1,-1,-1,-1
166,16,134,308,125,59,1,-1,-1,-1
166,17,825,125,53,32,1,-1,-1,-1
166,18,680,237,86,50,1,-1,-1,-1
166,19,889,121,56,36,1,-1,-1,-1
166,20,498,345,128,67,1,-1,-1,-1
167,1,384,219,49,48,1,-1,-1,-1
167,2,309,94,31,28,1,-1,-1,-1
167,3,270,140,49,32,1,-1,-1,-1
167,4,254,81,36,21,1,-1,-1,-1
167,5,245,48,26,21,1,-1,-1,-1
167,10,479,160,72,36,1,-1,-1,-1
167,11,988,177,35,32,1,-1,-1,-1
167,12,395,113,58,27,1,-1,-1,-1
167,13,390,275,108,48,1,-1,-1,-1
167,14,679,167,61,36,1,-1,-1,-1
167,15,801,244,84,46,1,-1,-1,-1
167,16,138,308,125,59,1,-1,-1,-1
167,17,821,125,54,32,1,-1,-1,-1
167,18,687,235,82,49,1,-1,-1,-1
167,19,886,121,57,36,1,-1,-1,-1
167,20,509,341,125,65,1,-1,-1,-1
168,1,386,219,47,46,1,-1,-1,-1
168,2,309,92,31,27,1,-1,-1,-1
168,3,270,140,49,32,1,-1,-1,-1
168,4,254,81,36,23,1,-1,-1,-1
168,5,244,46,26,21,1,-1,-1,-1
168,10,475,160,70,34,1,-1,-1,-1
168,11,992,177,31,30,1,-1,-1,-1
168,12,391,113,60,28,1,-1,-1,-1
168,13,397,275,105,48,1,-1,-1,-1
168,14,679,169,58,34,1,-1,-1,-1
168,15,807,244,86,48,1,-1,-1,-1
168,16,142,306,125,59,1,-1,-1,-1
168,17,820,130,49,29,1,-1,-1,-1
168,18,697,233,78,46,1,-1,-1,-1
168,19,884,126,53,32,1,-1,-1,-1
168,20,522,339,121,63,1,-1,-1,-1
169,1,385,219,48,48,1,-1,-1,-1
169,2,309,92,32,28,1,-1,-1,-1
169,3,272,138,46,34,1,-1,-1,-1
169,4,254,81,35,21,1,-1,-1,-1
169,5,242,46,26,21,1,-1,-1,-1
169,10,472,162,70,34,1,-1,-1,-1
169,11,996,175,27,30,1,-1,-1,-1
169,12,390,113,60,28,1,-1,-1,-1
169,13,402,275,104,48,1,-1,-1,-1
169,14,672,167,61,36,1,-1,-1,-1
169,15,813,241,84,46,1,-1,-1,-1
169,16,147,306,122,57,1,-1,-1,-1
169,17,815,131,52,28,1,-1,-1,-1
169,18,705,231,82,48,1,-1,-1,-1
169,19,881,129,50,29,1,-1,-1,-1
169,20,532,337,121,63,1,-1,-1,-1
170,1,386,219,47,46,1,-1,-1,-1
170,2,305,90,32,28,1,-1,-1,-1
170,3,272,138,42,35,1,-1,-1,-1
170,4,253,79,35,21,1,-1,-1,-1
170,5,242,46,24,21,1,-1,-1,-1
170,10,467,164,72,33,1,-1,-1,-1
170,11,999,175,24,30,1,-1,-1,-1
170,12,389,113,57,25,1,-1,-1,-1
170,13,404,273,107,48,1,-1,-1,-1
170,14,667,167,67,40,1,-1,-1,-1
170,15,820,242,79,45,1,-1,-1,-1
170,16,151,304,118,55,1,-1,-1,-1
170,17,811,130,55,31,1,-1,-1,-1
170,18,714,229,77,46,1,-1,-1,-1
170,19,879,125,51,33,1,-1,-1,-1
170,20,543,335,121,63,1,-1,-1,-1
171,1,384,217,50,50,1,-1,-1,-1
171,2,305,90,30,25,1,-1,-1,-1
171,3,270,139,41,35,1,-1,-1,-1
171,4,254,79,34,21,1,-1,-1,-1
171,5,241,46,26,21,1,-1,-1,-1
171,10,464,166,72,32,1,-1,-1,-1
171,11,1003,175,20,30,1,-1,-1,-1
171,12,386,113,58,27,1,-1,-1,-1
171,13,408,273,107,48,1,-1,-1,-1
171,14,668,169,61,36,1,-1,-1,-1
171,15,825,241,80,46,1,-1,-1,-1
171,16,155,304,116,55,1,-1,-1,-1
171,17,808,130,52,31,1,-1,-1,-1
171,18,724,229,75,44,1,-1,-1,-1
171,19,873,129,52,30,1,-1,-1,-1
171,20,551,331,121,63,1,-1,-1,-1
172,1,385,216,49,48,1,-1,-1,-1
172,2,305,90,30,25,1,-1,-1,-1
172,3,270,138,40,34,1,-1,-1,-1
172,4,253,79,33,21,1,-1,-1,-1
172,5,241,46,26,21,1,-1,-1,-1
172,10,460,168,72,31,1,-1,-1,-1
172,11,1004,173,19,30,1,-1,-1,-1
172,12,386,113,57,25,1,-1,-1,-1
172,13,415,273,103,46,1,-1,-1,-1
172,14,666,171,60,36,1,-1,-1,-1
172,15,832,239,78,44,1,-1,-1,-1
172,16,155,302,121,57,1,-1,-1,-1
172,17,805,130,49,30,1,-1,-1,-1
172,18,732,227,75,44,1,-1,-1,-1
172,19,872,127,53,34,1,-1,-1,-1
172,20,564,329,117,61,1,-1,-1,-1
173,1,386,217,47,46,1,-1,-1,-1
173,2,303,90,30,25,1,-1,-1,-1
173,3,269,138,44,36,1,-1,-1,-1
173,4,253,77,33,21,1,-1,-1,-1
173,5,240,46,26,21,1,-1,-1,-1
173,10,455,167,71,32,1,-1,-1,-1
173,11,1004,173,19,30,1,-1,-1,-1
173,12,384,113,60,28,1,-1,-1,-1
173,13,419,271,104,48,1,-1,-1,-1
173,14,662,173,57,34,1,-1,-1,-1
173,15,838,239,75,42,1,-1,-1,-1
173,16,156,298,128,61,1,-1,-1,-1
173,17,804,133,50,30,1,-1,-1,-1
173,18,741,225,74,44,1,-1,-1,-1
173,19,868,126,53,37,1,-1,-1,-1
173,20,573,325,113,59,1,-1,-1,-1
174,1,386,216,48,48,1,-1,-1,-1
174,2,304,90,28,25,1,-1,-1,-1
174,3,269,138,44,36,1,-1,-1,-1
174,4,252,77,33,21,1,-1,-1,-1
174,5,239,44,27,21,1,-1,-1,-1
174,10,451,167,73,33,1,-1,-1,-1
174,11,1006,173,17,29,1,-1,-1,-1
174,12,382,113,58,27,1,-1,-1,-1
174,13,423,271,103,46,1,-1,-1,-1
174,14,655,173,60,36,1,-1,-1,-1
174,15,846,237,73,42,1,-1,-1,-1
174,16,160,297,128,61,1,-1,-1,-1
174,17,799,130,51,33,1,-1,-1,-1
174,18,748,223,73,44,1,-1,-1,-1
174,19,867,126,53,38,1,-1,-1,-1
174,20,586,327,108,57,1,-1,-1,-1
175,1,386,216,48,46,1,-1,-1,-1
175,2,300,88,28,25,1,-1,-1,-1
175,3,269,138,44,38,1,-1,-1,-1
175,4,250,77,33,21,1,-1,-1,-1
175,5,237,44,27,23,1,-1,-1,-1
175,10,445,167,76,36,1,-1,-1,-1
175,12,381,113,58,27,1,-1,-1,-1
175,13,428,270,103,46,1,-1,-1,-1
175,14,651,173,65,38,1,-1,-1,-1
175,15,852,237,71,40,1,-1,-1,-1
175,16,164,295,125,59,1,-1,-1,-1
175,17,795,130,51,34,1,-1,-1,-1
175,18,756,221,73,44,1,-1,-1,-1
175,19,865,127,53,37,1,-1,-1,-1
175,20,594,324,109,57,1,-1,-1,-1
176,1,385,214,49,48,1,-1,-1,-1
176,2,300,88,30,25,1,-1,-1,-1
176,3,267,138,44,38,1,-1,-1,-1
176,4,250,77,33,21,1,-1,-1,-1
176,5,236,44,28,23,1,-1,-1,-1
176,10,443,168,72,34,1,-1,-1,-1
176,12,376,113,61,28,1,-1,-1,-1
176,13,433,271,100,46,1,-1,-1,-1
176,14,647,173,67,40,1,-1,-1,-1
176,15,859,237,66,38,1,-1,-1,-1
176,16,167,295,130,61,1,-1,-1,-1
176,17,791,131,49,32,1,-1,-1,-1
176,18,762,222,70,42,1,-1,-1,-1
176,19,863,127,53,38,1,-1,-1,-1
176,20,603,322,108,57,1,-1,-1,-1
177,1,385,214,52,50,1,-1,-1,-1
177,2,299,88,30,25,1,-1,-1,-1
177,3,267,138,44,38,1,-1,-1,-1
177,4,249,77,33,21,1,-1,-1,-1
177,5,236,44,27,21,1,-1,-1,-1
177,10,435,167,77,36,1,-1,-1,-1
177,12,377,113,58,27,1,-1,-1,-1
177,13,434,268,103,46,1,-1,-1,-1
177,14,647,175,61,36,1,-1,-1,-1
177,15,865,233,69,38,1,-1,-1,-1
177,16,171,295,125,59,1,-1,-1,-1
177,17,790,133,47,30,1,-1,-1,-1
177,18,770,221,69,40,1,-1,-1,-1
177,19,860,129,53,36,1,-1,-1,-1
177,20,611,318,112,59,1,-1,-1,-1
178,1,386,214,52,50,1,-1,-1,-1
178,2,296,86,31,27,1,-1,-1,-1
178,3,267,138,44,38,1,-1,-1,-1
178,4,249,75,33,21,1,-1,-1,-1
178,5,236,44,27,21,1,-1,-1,-1
178,10,432,172,76,32,1,-1,-1,-1
178,12,374,113,58,27,1,-1,-1,-1
178,13,437,268,103,46,1,-1,-1,-1
178,14,645,175,64,36,1,-1,-1,-1
178,15,869,231,71,40,1,-1,-1,-1
178,16,172,293,125,59,1,-1,-1,-1
178,17,786,133,47,30,1,-1,-1,-1
178,18,775,217,70,42,1,-1,-1,-1
178,19,856,129,53,36,1,-1,-1,-1
178,20,617,317,111,59,1,-1,-1,-1
179,1,385,212,53,50,1,-1,-1,-1
179,2,296,86,31,27,1,-1,-1,-1
179,3,267,138,44,38,1,-1,-1,-1
179,4,248,75,35,21,1,-1,-1,-1
179,5,235,42,27,23,1,-1,-1,-1
179,10,429,171,75,33,1,-1,-1,-1
179,12,373,113,57,25,1,-1,-1,-1
179,13,441,266,107,48,1,-1,-1,-1
179,14,636,176,71,34,1,-1,-1,-1
179,15,875,229,73,42,1,-1,-1,-1
179,16,178,293,121,57,1,-1,-1,-1
179,17,782,132,52,33,1,-1,-1,-1
179,18,786,219,66,40,1,-1,-1,-1
179,19,855,129,52,36,1,-1,-1,-1
179,20,625,317,110,58,1,-1,-1,-1
180,1,384,212,53,52,1,-1,-1,-1
180,2,296,86,28,25,1,-1,-1,-1
180,3,270,140,40,34,1,-1,-1,-1
180,4,248,78,33,17,1,-1,-1,-1
180,5,235,44,26,21,1,-1,-1,-1
180,10,423,167,78,38,1,-1,-1,-1
180,12,370,111,58,27,1,-1,-1,-1
180,13,445,266,103,46,1,-1,-1,-1
180,14,637,177,67,34,1,-1,-1,-1
180,15,881,229,71,40,1,-1,-1,-1
180,16,181,291,125,59,1,-1,-1,-1
180,17,778,133,49,32,1,-1,-1,-1
180,18,792,214,66,40,1,-1,-1,-1
180,19,851,129,52,36,1,-1,-1,-1
180,20,632,310,115,60,1,-1,-1,-1
181,1,384,212,54,52,1,-1,-1,-1
181,2,295,84,30,25,1,-1,-1,-1
181,3,270,140,40,34,1,-1,-1,-1
181,4,246,77,32,17,1,-1,-1,-1
181,5,233,42,26,21,1,-1,-1,-1
181,10,419,170,78,37,1,-1,-1,-1
181,12,369,111,57,27,1,-1,-1,-1
181,13,450,266,100,44,1,-1,-1,-1
181,14,634,179,68,34,1,-1,-1,-1
181,15,886,227,71,40,1,-1,-1,-1
181,16,185,291,117,55,1,-1,-1,-1
181,17,774,133,50,34,1,-1,-1,-1
181,18,799,214,66,40,1,-1,-1,-1
181,19,847,129,53,38,1,-1,-1,-1
181,20,643,308,104,59,1,-1,-1,-1
182,1,384,210,54,52,1,-1,-1,-1
182,2,292,84,31,28,1,-1,-1,-1
182,3,270,140,40,34,1,-1,-1,-1
182,4,248,77,31,15,1,-1,-1,-1
182,5,232,42,27,21,1,-1,-1,-1
182,10,415,170,78,37,1,-1,-1,-1
182,12,364,111,61,28,1,-1,-1,-1
182,13,454,264,103,46,1,-1,-1,-1
182,14,629,179,68,36,1,-1,-1,-1
182,15,890,225,73,42,1,-1,-1,-1
182,16,189,289,117,55,1,-1,-1,-1
182,17,771,133,52,34,1,-1,-1,-1
182,18,808,212,61,36,1,-1,-1,-1
182,19,846,131,53,38,1,-1,-1,-1
182,20,655,306,104,61,1,-1,-1,-1
183,1,384,210,54,52,1,-1,-1,-1
183,2,292,84,31,27,1,-1,-1,-1
183,3,270,140,39,32,1,-1,-1,-1
183,4,246,77,30,15,1,-1,-1,-1
183,5,231,42,27,21,1,-1,-1,-1
183,10,412,171,78,37,1,-1,-1,-1
183,12,360,109,62,28,1,-1,-1,-1
183,13,458,264,100,44,1,-1,-1,-1
183,14,629,181,67,34,1,-1,-1,-1
183,15,898,225,71,40,1,-1,-1,-1
183,16,190,283,107,59,1,-1,-1,-1
183,17,768,135,52,34,1,-1,-1,-1
183,18,815,210,60,36,1,-1,-1,-1
183,19,843,131,53,36,1,-1,-1,-1
183,20,659,302,107,62,1,-1,-1,-1
184,1,384,210,54,52,1,-1,-1,-1
184,2,291,82,31,28,1,-1,-1,-1
184,3,270,140,41,34,1,-1,-1,-1
184,4,246,77,30,15,1,-1,-1,-1
184,5,229,40,28,21,1,-1,-1,-1
184,10,407,172,79,36,1,-1,-1,-1
184,12,360,111,61,28,1,-1,-1,-1
184,13,466,264,96,42,1,-1,-1,-1
184,14,625,181,66,34,1,-1,-1,-1
184,15,902,223,71,40,1,-1,-1,-1
184,16,193,283,104,57,1,-1,-1,-1
184,17,765,136,49,32,1,-1,-1,-1
184,18,821,210,60,36,1,-1,-1,-1
184,19,842,133,50,36,1,-1,-1,-1
184,20,666,300,107,61,1,-1,-1,-1
185,1,385,210,53,50,1,-1,-1,-1
185,2,288,81,33,28,1,-1,-1,-1
185,3,269,140,41,36,1,-1,-1,-1
185,4,245,77,28,15,1,-1,-1,-1
185,5,228,40,28,23,1,-1,-1,-1
185,10,399,173,84,36,1,-1,-1,-1
185,12,359,111,61,28,1,-1,-1,-1
185,13,470,257,102,48,1,-1,-1,-1
185,14,620,179,69,36,1,-1,-1,-1
185,15,910,223,69,40,1,-1,-1,-1
185,16,194,281,107,59,1,-1,-1,-1
185,17,761,136,49,32,1,-1,-1,-1
185,18,826,208,61,36,1,-1,-1,-1
185,19,839,133,49,36,1,-1,-1,-1
185,20,676,298,103,59,1,-1,-1,-1
186,1,384,210,53,52,1,-1,-1,-1
186,2,287,82,33,28,1,-1,-1,-1
186,3,269,140,41,34,1,-1,-1,-1
186,4,244,77,28,15,1,-1,-1,-1
186,5,228,40,28,21,1,-1,-1,-1
186,10,400,172,79,37,1,-1,-1,-1
186,12,356,111,58,27,1,-1,-1,-1
186,13,472,257,100,48,1,-1,-1,-1
186,14,615,179,71,36,1,-1,-1,-1
186,15,915,221,69,40,1,-1,-1,-1
186,16,193,279,113,63,1,-1,-1,-1
186,17,757,138,49,32,1,-1,-1,-1
186,18,833,206,60,34,1,-1,-1,-1
186,19,838,135,49,36,1,-1,-1,-1
186,20,683,295,103,59,1,-1,-1,-1
187,1,384,210,53,52,1,-1,-1,-1
187,2,286,81,33,28,1,-1,-1,-1
187,3,269,140,41,34,1,-1,-1,-1
187,4,242,75,30,15,1,-1,-1,-1
187,5,228,40,27,21,1,-1,-1,-1
187,10,388,173,87,37,1,-1,-1,-1
187,12,356,111,58,27,1,-1,-1,-1
187,13,475,256,100,48,1,-1,-1,-1
187,14,612,179,73,38,1,-1,-1,-1
187,15,919,219,71,40,1,-1,-1,-1
187,16,202,279,107,59,1,-1,-1,-1
187,17,754,137,55,33,1,-1,-1,-1
187,18,838,206,60,34,1,-1,-1,-1
187,19,834,133,52,36,1,-1,-1,-1
187,20,692,295,99,57,1,-1,-1,-1
188,1,385,210,52,50,1,-1,-1,-1
188,2,286,81,32,28,1,-1,-1,-1
188,3,267,140,41,36,1,-1,-1,-1
188,4,241,75,31,17,1,-1,-1,-1
188,5,228,40,27,21,1,-1,-1,-1
188,10,390,175,80,36,1,-1,-1,-1
188,12,353,111,61,28,1,-1,-1,-1
188,13,480,256,100,48,1,-1,-1,-1
188,14,608,179,71,36,1,-1,-1,-1
188,15,923,217,71,40,1,-1,-1,-1
188,16,203,277,104,57,1,-1,-1,-1
188,17,752,138,55,32,1,-1,-1,-1
188,18,846,204,57,34,1,-1,-1,-1
188,19,832,133,53,38,1,-1,-1,-1
188,20,697,291,103,59,1,-1,-1,-1
189,1,386,210,50,48,1,-1,-1,-1
189,2,286,81,30,25,1,-1,-1,-1
189,3,266,140,44,38,1,-1,-1,-1
189,4,240,73,33,17,1,-1,-1,-1
189,5,225,38,28,21,1,-1,-1,-1
189,10,383,175,82,39,1,-1,-1,-1
189,12,348,109,61,28,1,-1,-1,-1
189,13,484,256,100,48,1,-1,-1,-1
189,14,607,181,70,36,1,-1,-1,-1
189,15,927,216,70,40,1,-1,-1,-1
189,16,205,277,107,59,1,-1,-1,-1
189,17,748,138,54,32,1,-1,-1,-1
189,18,851,202,57,34,1,-1,-1,-1
189,19,829,136,50,36,1,-1,-1,-1
189,20,706,289,103,59,1,-1,-1,-1
190,1,386,210,49,48,1,-1,-1,-1
190,2,284,81,31,28,1,-1,-1,-1
190,3,266,140,44,38,1,-1,-1,-1
190,4,239,73,32,17,1,-1,-1,-1
190,5,227,38,27,21,1,-1,-1,-1
190,10,376,176,85,37,1,-1,-1,-1
190,12,350,109,61,28,1,-1,-1,-1
190,13,491,256,94,44,1,-1,-1,-1
190,14,603,181,71,36,1,-1,-1,-1
190,15,933,216,70,38,1,-1,-1,-1
190,16,207,275,107,59,1,-1,-1,-1
190,17,747,139,53,32,1,-1,-1,-1
190,18,858,200,57,34,1,-1,-1,-1
190,19,828,136,49,36,1,-1,-1,-1
190,20,713,287,103,59,1,-1,-1,-1
191,1,386,210,49,48,1,-1,-1,-1
191,2,283,81,31,28,1,-1,-1,-1
191,3,265,140,45,40,1,-1,-1,-1
191,4,237,71,36,17,1,-1,-1,-1
191,5,224,38,26,21,1,-1,-1,-1
191,10,373,176,81,38,1,-1,-1,-1
191,12,353,109,52,28,1,-1,-1,-1
191,13,493,256,94,44,1,-1,-1,-1
191,14,599,181,74,38,1,-1,-1,-1
191,15,939,214,67,38,1,-1,-1,-1
191,16,208,273,108,59,1,-1,-1,-1
191,17,741,140,54,32,1,-1,-1,-1
191,18,864,198,57,34,1,-1,-1,-1
191,19,825,136,49,36,1,-1,-1,-1
191,20,723,285,99,57,1,-1,-1,-1
192,1,386,210,48,46,1,-1,-1,-1
192,2,283,79,31,28,1,-1,-1,-1
192,3,265,140,47,40,1,-1,-1,-1
192,4,236,71,33,17,1,-1,-1,-1
192,10,369,178,81,38,1,-1,-1,-1
192,12,352,109,50,27,1,-1,-1,-1
192,13,497,254,96,46,1,-1,-1,-1
192,14,595,183,74,38,1,-1,-1,-1
192,15,944,212,67,38,1,-1,-1,-1
192,16,211,269,102,60,1,-1,-1,-1
192,17,739,140,58,32,1,-1,-1,-1
192,18,867,196,60,34,1,-1,-1,-1
192,19,822,138,49,36,1,-1,-1,-1
192,20,731,283,99,59,1,-1,-1,-1
193,1,386,210,49,48,1,-1,-1,-1
193,2,283,79,31,27,1,-1,-1,-1
193,3,263,138,49,42,1,-1,-1,-1
193,4,236,71,32,17,1,-1,-1,-1
193,10,363,179,85,37,1,-1,-1,-1
193,12,352,109,48,25,1,-1,-1,-1
193,13,501,254,96,46,1,-1,-1,-1
193,14,591,183,74,40,1,-1,-1,-1
193,15,948,212,70,38,1,-1,-1,-1
193,16,214,268,100,59,1,-1,-1,-1
193,17,736,142,58,32,1,-1,-1,-1
193,18,875,196,57,34,1,-1,-1,-1
193,19,821,138,49,34,1,-1,-1,-1
193,20,744,286,89,53,1,-1,-1,-1
194,1,386,210,47,46,1,-1,-1,-1
194,2,279,79,31,28,1,-1,-1,-1
194,3,265,140,45,40,1,-1,-1,-1
194,4,235,69,32,17,1,-1,-1,-1
194,10,357,177,87,41,1,-1,-1,-1
194,12,350,109,48,25,1,-1,-1,-1
194,13,505,254,94,44,1,-1,-1,-1
194,14,590,183,78,40,1,-1,-1,-1
194,15,954,212,66,36,1,-1,-1,-1
194,16,218,270,96,57,1,-1,-1,-1
194,17,734,142,56,30,1,-1,-1,-1
194,18,880,194,61,32,1,-1,-1,-1
194,19,818,138,47,32,1,-1,-1,-1
194,20,750,287,90,50,1,-1,-1,-1
195,1,386,212,44,44,1,-1,-1,-1
195,2,279,79,31,28,1,-1,-1,-1
195,3,262,140,48,40,1,-1,-1,-1
195,4,235,69,33,17,1,-1,-1,-1
195,10,352,178,88,41,1,-1,-1,-1
195,12,347,109,49,25,1,-1,-1,-1
195,13,508,252,96,46,1,-1,-1,-1
195,14,585,185,78,40,1,-1,-1,-1
195,15,960,210,64,38,1,-1,-1,-1
195,16,218,268,101,59,1,-1,-1,-1
195,17,731,144,56,30,1,-1,-1,-1
195,18,885,192,54,30,1,-1,-1,-1
195,19,816,138,49,34,1,-1,-1,-1
195,20,754,286,93,50,1,-1,-1,-1
196,1,385,210,49,48,1,-1,-1,-1
196,2,278,77,32,28,1,-1,-1,-1
196,3,262,140,49,42,1,-1,-1,-1
196,4,233,69,32,17,1,-1,-1,-1
196,10,348,179,86,40,1,-1,-1,-1
196,12,346,109,49,25,1,-1,-1,-1
196,13,513,252,94,44,1,-1,-1,-1
196,14,584,187,73,38,1,-1,-1,-1
196,15,965,208,58,36,1,-1,-1,-1
196,16,220,266,100,59,1,-1,-1,-1
196,17,727,144,56,30,1,-1,-1,-1
196,18,890,192,56,32,1,-1,-1,-1
196,19,813,140,49,34,1,-1,-1,-1
196,20,762,281,91,52,1,-1,-1,-1
197,1,385,210,49,48,1,-1,-1,-1
197,2,278,77,31,27,1,-1,-1,-1
197,3,265,140,43,40,1,-1,-1,-1
197,4,234,72,32,16,1,-1,-1,-1
197,10,344,182,84,40,1,-1,-1,-1
197,12,343,109,49,25,1,-1,-1,-1
197,13,515,252,96,46,1,-1,-1,-1
197,14,581,187,73,38,1,-1,-1,-1
197,15,970,208,53,36,1,-1,-1,-1
197,16,223,266,100,59,1,-1,-1,-1
197,17,723,144,56,30,1,-1,-1,-1
197,18,898,190,54,30,1,-1,-1,-1
197,19,811,140,49,34,1,-1,-1,-1
197,20,770,281,92,48,1,-1,-1,-1
198,1,386,210,48,46,1,-1,-1,-1
198,2,276,77,31,27,1,-1,-1,-1
198,3,262,140,48,40,1,-1,-1,-1
198,4,232,69,32,17,1,-1,-1,-1
198,10,337,183,87,39,1,-1,-1,-1
198,12,343,109,48,25,1,-1,-1,-1
198,13,518,250,97,46,1,-1,-1,-1
198,14,578,189,73,38,1,-1,-1,-1
198,15,974,206,49,36,1,-1,-1,-1
198,16,223,262,104,61,1,-1,-1,-1
198,17,719,144,57,32,1,-1,-1,-1
198,18,902,190,53,30,1,-1,-1,-1
198,19,808,140,49,34,1,-1,-1,-1
198,20,780,275,86,54,1,-1,-1,-1
199,1,386,208,48,46,1,-1,-1,-1
199,2,275,75,31,27,1,-1,-1,-1
199,3,262,140,45,38,1,-1,-1,-1
199,4,231,69,31,17,1,-1,-1,-1
199,10,333,182,86,40,1,-1,-1,-1
199,12,342,108,48,25,1,-1,-1,-1
199,13,522,250,96,46,1,-1,-1,-1
199,14,573,189,74,38,1,-1,-1,-1
199,15,979,206,44,34,1,-1,-1,-1
199,16,225,262,101,59,1,-1,-1,-1
199,17,718,146,56,30,1,-1,-1,-1
199,18,909,189,53,30,1,-1,-1,-1
199,19,805,142,49,34,1,-1,-1,-1
199,20,787,277,88,51,1,-1,-1,-1
200,1,385,208,49,48,1,-1,-1,-1
200,2,275,75,31,27,1,-1,-1,-1
200,3,263,142,44,36,1,-1,-1,-1
200,4,232,71,31,17,1,-1,-1,-1
200,10,326,186,86,37,1,-1,-1,-1
200,12,339,106,50,27,1,-1,-1,-1
200,13,526,250,94,44,1,-1,-1,-1
200,14,570,190,73,38,1,-1,-1,-1
200,15,983,206,40,34,1,-1,-1,-1
200,16,228,262,101,59,1,-1,-1,-1
200,17,713,146,58,32,1,-1,-1,-1
200,18,914,187,52,30,1,-1,-1,-1
200,19,804,142,50,34,1,-1,-1,-1
200,20,790,276,94,47,1,-1,-1,-1
201,1,385,208,48,46,1,-1,-1,-1
201,2,274,75,31,27,1,-1,-1,-1
201,3,261,140,48,40,1,-1,-1,-1
201,4,229,67,31,17,1,-1,-1,-1
201,10,321,185,88,41,1,-1,-1,-1
201,12,336,104,52,28,1,-1,-1,-1
201,13,531,250,91,44,1,-1,-1,-1
201,14,566,190,75,40,1,-1,-1,-1
201,15,987,204,36,36,1,-1,-1,-1
201,16,229,263,95,55,1,-1,-1,-1
201,17,710,146,58,32,1,-1,-1,-1
201,18,919,185,52,30,1,-1,-1,-1
201,19,800,142,50,34,1,-1,-1,-1
201,20,803,270,84,49,1,-1,-1,-1
202,1,385,208,48,46,1,-1,-1,-1
202,2,272,75,31,27,1,-1,-1,-1
202,3,262,142,45,38,1,-1,-1,-1
202,4,228,67,31,17,1,-1,-1,-1
202,10,314,186,89,41,1,-1,-1,-1
202,12,336,106,49,25,1,-1,-1,-1
202,13,535,250,88,42,1,-1,-1,-1
202,14,564,192,75,40,1,-1,-1,-1
202,15,993,202,30,34,1,-1,-1,-1
202,16,232,264,91,52,1,-1,-1,-1
202,17,706,148,58,32,1,-1,-1,-1
202,18,923,183,59,30,1,-1,-1,-1
202,19,799,142,52,36,1,-1,-1,-1
202,20,807,268,87,50,1,-1,-1,-1
203,1,384,208,48,46,1,-1,-1,-1
203,2,270,73,31,28,1,-1,-1,-1
203,3,262,142,44,36,1,-1,-1,-1
203,4,228,67,31,17,1,-1,-1,-1
203,10,309,186,89,41,1,-1,-1,-1
203,12,334,104,49,27,1,-1,-1,-1
203,13,539,248,88,42,1,-1,-1,-1
203,14,560,192,77,40,1,-1,-1,-1
203,15,999,202,24,34,1,-1,-1,-1
203,16,229,260,95,55,1,-1,-1,-1
203,17,702,148,57,32,1,-1,-1,-1
203,18,928,183,52,30,1,-1,-1,-1
203,19,796,142,52,36,1,-1,-1,-1
203,20,812,266,91,52,1,-1,-1,-1
204,1,384,206,49,46,1,-1,-1,-1
204,2,270,73,31,27,1,-1,-1,-1
204,3,261,142,45,38,1,-1,-1,-1
204,4,228,67,31,17,1,-1,-1,-1
204,10,305,187,87,41,1,-1,-1,-1
204,12,334,106,47,25,1,-1,-1,-1
204,13,536,246,98,48,1,-1,-1,-1
204,14,557,192,77,40,1,-1,-1,-1
204,15,997,200,26,34,1,-1,-1,-1
204,16,235,260,92,54,1,-1,-1,-1
204,17,698,150,60,32,1,-1,-1,-1
204,18,932,179,56,33,1,-1,-1,-1
204,19,794,144,52,36,1,-1,-1,-1
204,20,818,262,92,54,1,-1,-1,-1
205,1,386,210,44,42,1,-1,-1,-1
205,2,270,73,31,28,1,-1,-1,-1
205,3,259,142,48,40,1,-1,-1,-1
205,4,228,67,31,17,1,-1,-1,-1
205,10,298,188,90,42,1,-1,-1,-1
205,12,331,104,47,25,1,-1,-1,-1
205,13,540,246,96,46,1,-1,-1,-1
205,14,555,192,77,40,1,-1,-1,-1
205,15,999,200,24,32,1,-1,-1,-1
205,16,233,258,95,55,1,-1,-1,-1
205,17,697,150,57,32,1,-1,-1,-1
205,18,937,178,58,32,1,-1,-1,-1
205,19,792,144,52,36,1,-1,-1,-1
205,20,828,262,87,50,1,-1,-1,-1
206,1,384,208,49,46,1,-1,-1,-1
206,2,269,73,31,27,1,-1,-1,-1
206,3,261,142,45,38,1,-1,-1,-1
206,4,225,65,31,17,1,-1,-1,-1
206,10,293,189,88,42,1,-1,-1,-1
206,12,331,104,45,25,1,-1,-1,-1
206,13,545,246,94,46,1,-1,-1,-1
206,14,551,192,80,42,1,-1,-1,-1
206,15,999,200,24,32,1,-1,-1,-1
206,16,237,260,92,54,1,-1,-1,-1
206,17,693,150,57,30,1,-1,-1,-1
206,18,941,177,59,32,1,-1,-1,-1
206,19,790,144,53,36,1,-1,-1,-1
206,20,837,262,83,48,1,-1,-1,-1
207,1,382,206,52,50,1,-1,-1,-1
207,2,267,73,31,27,1,-1,-1,-1
207,3,259,142,48,40,1,-1,-1,-1
207,4,227,67,30,15,1,-1,-1,-1
207,10,290,189,84,46,1,-1,-1,-1
207,12,330,106,44,23,1,-1,-1,-1
207,13,548,246,94,46,1,-1,-1,-1
207,14,548,194,78,40,1,-1,-1,-1
207,16,235,256,96,55,1,-1,-1,-1
207,17,692,152,56,30,1,-1,-1,-1
207,18,948,174,59,34,1,-1,-1,-1
207,19,786,144,54,38,1,-1,-1,-1
207,20,842,260,83,48,1,-1,-1,-1
208,1,384,206,49,46,1,-1,-1,-1
208,2,266,71,31,27,1,-1,-1,-1
208,3,259,142,45,38,1,-1,-1,-1
208,4,225,67,30,15,1,-1,-1,-1
208,10,283,191,89,43,1,-1,-1,-1
208,12,330,104,44,23,1,-1,-1,-1
208,13,551,244,96,46,1,-1,-1,-1
208,14,545,194,75,40,1,-1,-1,-1
208,16,237,256,96,55,1,-1,-1,-1
208,17,688,152,57,30,1,-1,-1,-1
208,18,953,177,50,28,1,-1,-1,-1
208,19,783,144,53,36,1,-1,-1,-1
208,20,851,260,78,46,1,-1,-1,-1
209,1,382,206,50,48,1,-1,-1,-1
209,2,266,71,31,27,1,-1,-1,-1
209,3,258,140,50,42,1,-1,-1,-1
209,4,225,67,30,15,1,-1,-1,-1
209,10,276,190,86,46,1,-1,-1,-1
209,12,329,104,44,23,1,-1,-1,-1
209,13,552,244,100,48,1,-1,-1,-1
209,14,545,196,71,36,1,-1,-1,-1
209,16,241,254,96,55,1,-1,-1,-1
209,17,684,154,57,32,1,-1,-1,-1
209,18,956,175,53,30,1,-1,-1,-1
209,19,779,144,54,38,1,-1,-1,-1
209,20,858,258,75,44,1,-1,-1,-1
210,1,381,204,52,50,1,-1,-1,-1
210,2,265,71,31,27,1,-1,-1,-1
210,3,258,142,48,40,1,-1,-1,-1
210,4,224,67,30,15,1,-1,-1,-1
210,10,271,190,82,46,1,-1,-1,-1
210,12,327,104,44,23,1,-1,-1,-1
210,13,556,244,97,48,1,-1,-1,-1
210,14,541,196,74,38,1,-1,-1,-1
210,16,243,252,88,54,1,-1,-1,-1
210,17,680,154,57,30,1,-1,-1,-1
210,18,960,173,54,32,1,-1,-1,-1
210,19,778,144,56,38,1,-1,-1,-1
210,20,864,258,75,44,1,-1,-1,-1
211,1,381,206,50,48,1,-1,-1,-1
211,2,263,71,31,27,1,-1,-1,-1
211,3,258,142,49,42,1,-1,-1,-1
211,4,224,65,30,15,1,-1,-1,-1
211,10,266,190,82,46,1,-1,-1,-1
211,12,326,102,45,23,1,-1,-1,-1
211,13,561,243,96,46,1,-1,-1,-1
211,14,538,196,74,38,1,-1,-1,-1
211,16,245,252,84,52,1,-1,-1,-1
211,17,679,154,60,32,1,-1,-1,-1
211,18,965,173,54,32,1,-1,-1,-1
211,19,775,146,56,38,1,-1,-1,-1
211,20,869,256,74,44,1,-1,-1,-1
212,1,378,204,53,52,1,-1,-1,-1
212,2,263,71,30,25,1,-1,-1,-1
212,3,258,142,49,42,1,-1,-1,-1
212,4,224,65,28,15,1,-1,-1,-1
212,10,261,192,82,46,1,-1,-1,-1
212,12,325,102,44,23,1,-1,-1,-1
212,13,565,243,97,48,1,-1,-1,-1
212,14,535,198,74,38,1,-1,-1,-1
212,16,246,252,84,52,1,-1,-1,-1
212,17,676,154,57,30,1,-1,-1,-1
212,18,969,171,54,32,1,-1,-1,-1
212,19,774,148,53,36,1,-1,-1,-1
212,20,875,254,78,46,1,-1,-1,-1
213,1,381,206,50,48,1,-1,-1,-1
213,2,262,69,31,27,1,-1,-1,-1
213,3,254,142,53,44,1,-1,-1,-1
213,4,223,65,28,15,1,-1,-1,-1
213,10,256,194,79,44,1,-1,-1,-1
213,12,322,102,45,23,1,-1,-1,-1
213,13,568,241,96,46,1,-1,-1,-1
213,14,532,198,74,38,1,-1,-1,-1
213,16,248,250,84,52,1,-1,-1,-1
213,17,675,156,57,30,1,-1,-1,-1
213,18,974,171,49,30,1,-1,-1,-1
213,19,770,148,57,40,1,-1,-1,-1
213,20,882,254,75,44,1,-1,-1,-1
214,1,378,204,53,52,1,-1,-1,-1
214,2,261,69,31,27,1,-1,-1,-1
214,3,254,142,52,42,1,-1,-1,-1
214,4,222,65,28,15,1,-1,-1,-1
214,10,246,194,83,46,1,-1,-1,-1
214,12,321,102,48,25,1,-1,-1,-1
214,13,573,241,94,44,1,-1,-1,-1
214,14,530,198,74,38,1,-1,-1,-1
214,16,249,250,83,50,1,-1,-1,-1
214,17,670,156,60,32,1,-1,-1,-1
214,18,978,169,45,30,1,-1,-1,-1
214,19,770,148,57,38,1,-1,-1,-1
214,20,889,252,74,44,1,-1,-1,-1
215,1,376,202,58,55,1,-1,-1,-1
215,2,264,69,26,24,1,-1,-1,-1
215,3,256,142,49,40,1,-1,-1,-1
215,4,220,65,30,15,1,-1,-1,-1
215,10,241,194,83,46,1,-1,-1,-1
215,12,317,100,49,25,1,-1,-1,-1
215,13,576,241,96,46,1,-1,-1,-1
215,14,526,200,74,38,1,-1,-1,-1
215,16,250,250,79,48,1,-1,-1,-1
215,17,667,156,61,32,1,-1,-1,-1
215,18,983,169,40,32,1,-1,-1,-1
215,19,765,148,57,40,1,-1,-1,-1
215,20,896,252,71,42,1,-1,-1,-1
216,1,377,204,54,52,1,-1,-1,-1
216,2,262,69,26,23,1,-1,-1,-1
216,3,257,144,44,35,1,-1,-1,-1
216,4,221,64,28,16,1,-1,-1,-1
216,10,235,196,84,48,1,-1,-1,-1
216,12,317,100,47,26,1,-1,-1,-1
216,13,578,239,97,46,1,-1,-1,-1
216,14,522,200,77,40,1,-1,-1,-1
216,16,253,250,78,48,1,-1,-1,-1
216,17,663,158,61,32,1,-1,-1,-1
216,18,987,167,36,32,1,-1,-1,-1
216,19,764,150,56,38,1,-1,-1,-1
216,20,902,250,71,42,1,-1,-1,-1
217,1,377,202,53,52,1,-1,-1,-1
217,2,262,69,26,23,1,-1,-1,-1
217,3,257,144,43,34,1,-1,-1,-1
217,4,219,63,27,15,1,-1,-1,-1
217,10,228,196,87,48,1,-1,-1,-1
217,12,314,102,46,24,1,-1,-1,-1
217,13,582,239,96,46,1,-1,-1,-1
217,14,519,200,77,40,1,-1,-1,-1
217,16,253,248,78,48,1,-1,-1,-1
217,17,662,158,61,32,1,-1,-1,-1
217,18,992,167,31,30,1,-1,-1,-1
217,19,760,150,57,40,1,-1,-1,-1
217,20,907,250,69,40,1,-1,-1,-1
218,1,377,202,54,52,1,-1,-1,-1
218,2,262,67,26,23,1,-1,-1,-1
218,3,257,144,44,34,1,-1,-1,-1
218,4,219,63,27,15,1,-1,-1,-1
218,10,219,197,89,49,1,-1,-1,-1
218,12,314,100,43,26,1,-1,-1,-1
218,13,583,237,100,48,1,-1,-1,-1
218,14,515,200,78,40,1,-1,-1,-1
218,16,254,248,78,48,1,-1,-1,-1
218,17,658,158,61,32,1,-1,-1,-1
218,18,996,165,27,30,1,-1,-1,-1
218,19,758,152,56,38,1,-1,-1,-1
218,20,910,246,74,42,1,-1,-1,-1
219,1,376,202,56,54,1,-1,-1,-1
219,2,261,67,26,23,1,-1,-1,-1
219,3,256,144,44,36,1,-1,-1,-1
219,4,219,63,27,15,1,-1,-1,-1
219,10,212,196,91,50,1,-1,-1,-1
219,12,310,98,47,28,1,-1,-1,-1
219,13,589,237,97,46,1,-1,-1,-1
219,14,513,200,83,42,1,-1,-1,-1
219,16,257,246,79,48,1,-1,-1,-1
219,17,654,158,61,32,1,-1,-1,-1
219,18,997,165,26,30,1,-1,-1,-1
219,19,756,152,57,38,1,-1,-1,-1
219,20,919,246,71,42,1,-1,-1,-1
220,1,377,203,49,48,1,-1,-1,-1
220,2,259,67,26,23,1,-1,-1,-1
220,3,256,144,43,34,1,-1,-1,-1
220,4,219,63,27,15,1,-1,-1,-1
220,10,210,200,84,48,1,-1,-1,-1
220,12,309,98,45,28,1,-1,-1,-1
220,13,594,237,94,44,1,-1,-1,-1
220,14,509,200,87,44,1,-1,-1,-1
220,16,258,246,75,46,1,-1,-1,-1
220,17,651,160,61,32,1,-1,-1,-1
220,19,753,152,54,36,1,-1,-1,-1
220,20,923,244,71,42,1,-1,-1,-1
221,1,377,202,49,48,1,-1,-1,-1
221,2,259,67,26,23,1,-1,-1,-1
221,3,254,144,44,34,1,-1,-1,-1
221,4,219,63,27,15,1,-1,-1,-1
221,10,198,202,91,50,1,-1,-1,-1
221,12,309,98,44,27,1,-1,-1,-1
221,13,595,237,96,46,1,-1,-1,-1
221,14,505,200,87,44,1,-1,-1,-1
221,16,258,246,77,46,1,-1,-1,-1
221,17,647,160,61,32,1,-1,-1,-1
221,19,752,154,52,34,1,-1,-1,-1
221,20,931,244,70,40,1,-1,-1,-1
222,1,377,204,44,44,1,-1,-1,-1
222,2,258,65,26,23,1,-1,-1,-1
222,3,254,144,44,34,1,-1,-1,-1
222,4,216,61,27,15,1,-1,-1,-1
222,10,193,200,91,52,1,-1,-1,-1
222,12,306,98,44,27,1,-1,-1,-1
222,13,599,237,94,44,1,-1,-1,-1
222,14,504,202,84,44,1,-1,-1,-1
222,16,262,246,74,44,1,-1,-1,-1
222,17,645,162,61,32,1,-1,-1,-1
222,19,748,154,54,36,1,-1,-1,-1
222,20,936,243,67,40,1,-1,-1,-1
223,1,376,202,49,48,1,-1,-1,-1
223,2,257,65,26,23,1,-1,-1,-1
223,3,256,146,41,34,1,-1,-1,-1
223,4,216,61,27,15,1,-1,-1,-1
223,10,185,200,94,52,1,-1,-1,-1
223,12,305,98,43,25,1,-1,-1,-1
223,13,603,237,91,42,1,-1,-1,-1
223,14,505,204,78,40,1,-1,-1,-1
223,16,262,244,74,44,1,-1,-1,-1
223,17,641,162,65,34,1,-1,-1,-1
223,19,744,154,56,36,1,-1,-1,-1
223,20,941,241,70,42,1,-1,-1,-1
224,1,376,202,49,48,1,-1,-1,-1
224,2,256,65,26,23,1,-1,-1,-1
224,3,253,144,44,34,1,-1,-1,-1
224,4,215,61,27,15,1,-1,-1,-1
224,10,180,202,94,52,1,-1,-1,-1
224,12,305,98,41,25,1,-1,-1,-1
224,13,608,237,91,42,1,-1,-1,-1
224,14,498,204,83,42,1,-1,-1,-1
224,16,262,243,77,46,1,-1,-1,-1
224,17,637,162,61,32,1,-1,-1,-1
224,19,741,154,57,38,1,-1,-1,-1
224,20,946,239,70,40,1,-1,-1,-1
225,1,377,202,45,44,1,-1,-1,-1
225,2,254,65,26,23,1,-1,-1,-1
225,3,253,144,44,34,1,-1,-1,-1
225,4,216,61,26,15,1,-1,-1,-1
225,10,175,204,91,50,1,-1,-1,-1
225,12,303,98,43,25,1,-1,-1,-1
225,13,609,235,94,44,1,-1,-1,-1
225,14,495,204,87,44,1,-1,-1,-1
225,16,263,243,74,44,1,-1,-1,-1
225,17,636,163,61,32,1,-1,-1,-1
225,19,740,156,54,36,1,-1,-1,-1
225,20,953,239,67,40,1,-1,-1,-1
226,1,377,202,45,44,1,-1,-1,-1
226,2,253,63,26,23,1,-1,-1,-1
226,3,253,144,40,32,1,-1,-1,-1
226,4,215,61,26,15,1,-1,-1,-1
226,10,165,208,88,50,1,-1,-1,-1
226,12,304,98,40,25,1,-1,-1,-1
226,13,612,235,94,44,1,-1,-1,-1
226,14,492,204,84,44,1,-1,-1,-1
226,16,265,241,74,44,1,-1,-1,-1
226,17,633,163,61,32,1,-1,-1,-1
226,19,737,156,56,36,1,-1,-1,-1
226,20,961,239,62,38,1,-1,-1,-1
227,1,377,202,47,46,1,-1,-1,-1
227,2,253,63,26,23,1,-1,-1,-1
227,3,254,146,40,30,1,-1,-1,-1
227,4,214,59,27,15,1,-1,-1,-1
227,10,156,206,91,52,1,-1,-1,-1
227,12,303,98,39,23,1,-1,-1,-1
227,13,617,235,91,42,1,-1,-1,-1
227,14,488,204,87,44,1,-1,-1,-1
227,16,266,241,74,44,1,-1,-1,-1
227,17,628,163,66,34,1,-1,-1,-1
227,19,734,156,56,36,1,-1,-1,-1
227,20,965,237,58,40,1,-1,-1,-1
228,1,376,202,44,44,1,-1,-1,-1
228,2,253,63,26,23,1,-1,-1,-1
228,3,253,144,44,34,1,-1,-1,-1
228,4,214,59,27,15,1,-1,-1,-1
228,10,151,208,88,50,1,-1,-1,-1
228,12,301,98,39,23,1,-1,-1,-1
228,13,620,235,91,42,1,-1,-1,-1
228,14,491,208,82,42,1,-1,-1,-1
228,16,266,237,76,48,1,-1,-1,-1
228,17,624,163,66,34,1,-1,-1,-1
228,19,734,158,53,36,1,-1,-1,-1
228,20,970,235,53,40,1,-1,-1,-1
229,1,380,200,43,44,1,-1,-1,-1
229,2,253,63,26,23,1,-1,-1,-1
229,3,252,146,44,34,1,-1,-1,-1
229,4,214,59,27,15,1,-1,-1,-1
229,10,142,212,91,50,1,-1,-1,-1
229,12,301,98,36,21,1,-1,-1,-1
229,13,625,235,90,42,1,-1,-1,-1
229,14,484,206,84,44,1,-1,-1,-1
229,16,268,237,73,46,1,-1,-1,-1
229,17,623,164,66,33,1,-1,-1,-1
229,19,731,157,56,39,1,-1,-1,-1
229,20,974,233,49,38,1,-1,-1,-1
230,1,378,200,44,44,1,-1,-1,-1
230,2,250,63,26,23,1,-1,-1,-1
230,3,250,144,47,36,1,-1,-1,-1
230,4,212,59,26,15,1,-1,-1,-1
230,10,133,212,91,52,1,-1,-1,-1
230,12,299,96,40,23,1,-1,-1,-1
230,13,628,235,94,44,1,-1,-1,-1
230,14,480,206,86,44,1,-1,-1,-1
230,16,269,237,73,46,1,-1,-1,-1
230,17,620,165,66,32,1,-1,-1,-1
230,19,728,158,56,38,1,-1,-1,-1
230,20,980,233,43,38,1,-1,-1,-1
231,1,381,202,40,40,1,-1,-1,-1
231,2,249,61,26,23,1,-1,-1,-1
231,3,249,144,49,38,1,-1,-1,-1
231,4,211,59,26,15,1,-1,-1,-1
231,10,125,212,94,52,1,-1,-1,-1
231,12,300,98,36,21,1,-1,-1,-1
231,13,632,234,88,42,1,-1,-1,-1
231,14,479,208,81,46,1,-1,-1,-1
231,16,270,237,71,44,1,-1,-1,-1
231,17,616,163,66,34,1,-1,-1,-1
231,19,727,158,56,38,1,-1,-1,-1
231,20,984,231,39,38,1,-1,-1,-1
232,1,381,200,40,42,1,-1,-1,-1
232,2,249,61,26,23,1,-1,-1,-1
232,3,250,146,47,36,1,-1,-1,-1
232,4,211,59,26,15,1,-1,-1,-1
232,10,121,216,91,50,1,-1,-1,-1
232,12,299,98,35,19,1,-1,-1,-1
232,13,636,233,86,40,1,-1,-1,-1
232,14,474,206,83,45,1,-1,-1,-1
232,16,270,237,70,44,1,-1,-1,-1
232,17,613,165,69,34,1,-1,-1,-1
232,19,723,158,56,38,1,-1,-1,-1
232,20,991,229,32,38,1,-1,-1,-1
233,1,380,200,40,42,1,-1,-1,-1
233,2,248,61,26,23,1,-1,-1,-1
233,3,249,144,48,36,1,-1,-1,-1
233,4,211,59,27,15,1,-1,-1,-1
233,10,113,217,96,50,1,-1,-1,-1
233,12,299,98,33,19,1,-1,-1,-1
233,13,638,233,90,42,1,-1,-1,-1
233,14,471,208,86,45,1,-1,-1,-1
233,16,271,235,69,42,1,-1,-1,-1
233,17,611,165,69,34,1,-1,-1,-1
233,19,719,158,57,40,1,-1,-1,-1
233,20,996,229,27,38,1,-1,-1,-1
234,1,381,202,39,40,1,-1,-1,-1
234,2,248,61,24,23,1,-1,-1,-1
234,3,249,144,47,39,1,-1,-1,-1
234,4,211,57,27,15,1,-1,-1,-1
234,10,107,217,96,50,1,-1,-1,-1
234,12,296,98,33,19,1,-1,-1,-1
234,13,643,233,86,40,1,-1,-1,-1
234,14,468,208,90,42,1,-1,-1,-1
234,16,272,235,69,42,1,-1,-1,-1
234,17,607,165,70,36,1,-1,-1,-1
234,19,718,160,57,40,1,-1,-1,-1
234,20,997,227,26,38,1,-1,-1,-1
235,1,377,200,40,42,1,-1,-1,-1
235,2,245,59,26,23,1,-1,-1,-1
235,3,248,144,48,40,1,-1,-1,-1
235,4,211,57,27,15,1,-1,-1,-1
235,10,96,221,96,50,1,-1,-1,-1
235,12,296,98,32,19,1,-1,-1,-1
235,13,646,233,90,42,1,-1,-1,-1
235,14,466,208,86,42,1,-1,-1,-1
235,16,272,235,70,44,1,-1,-1,-1
235,17,603,165,74,36,1,-1,-1,-1
235,19,715,160,57,40,1,-1,-1,-1
235,20,997,227,26,38,1,-1,-1,-1
236,1,377,198,41,42,1,-1,-1,-1
236,2,245,59,26,23,1,-1,-1,-1
236,3,248,144,49,40,1,-1,-1,-1
236,4,210,57,26,15,1,-1,-1,-1
236,10,90,221,97,50,1,-1,-1,-1
236,12,288,99,39,20,1,-1,-1,-1
236,13,650,233,87,42,1,-1,-1,-1
236,14,462,208,85,45,1,-1,-1,-1
236,16,274,235,69,42,1,-1,-1,-1
236,17,600,167,73,36,1,-1,-1,-1
236,19,713,162,57,40,1,-1,-1,-1
236,20,1004,230,19,34,1,-1,-1,-1
236,21,0,401,26,50,1,-1,-1,-1
237,1,378,200,40,42,1,-1,-1,-1
237,2,245,59,24,23,1,-1,-1,-1
237,3,248,145,48,39,1,-1,-1,-1
237,4,208,57,27,15,1,-1,-1,-1
237,10,82,219,103,52,1,-1,-1,-1
237,12,287,98,39,19,1,-1,-1,-1
237,13,654,233,90,42,1,-1,-1,-1
237,14,461,210,88,46,1,-1,-1,-1
237,16,275,235,69,42,1,-1,-1,-1
237,17,598,167,74,36,1,-1,-1,-1
237,19,710,162,57,40,1,-1,-1,-1
237,21,0,401,32,50,1,-1,-1,-1
238,1,380,200,40,40,1,-1,-1,-1
238,2,245,59,26,23,1,-1,-1,-1
238,3,246,144,49,40,1,-1,-1,-1
238,4,208,55,27,15,1,-1,-1,-1
238,10,74,219,108,55,1,-1,-1,-1
238,12,284,100,39,19,1,-1,-1,-1
238,13,659,233,86,40,1,-1,-1,-1
238,14,462,213,84,45,1,-1,-1,-1
238,16,275,235,69,42,1,-1,-1,-1
238,17,595,167,74,36,1,-1,-1,-1
238,19,706,163,57,40,1,-1,-1,-1
238,21,0,399,37,51,1,-1,-1,-1
239,1,378,200,40,40,1,-1,-1,-1
239,2,242,59,26,23,1,-1,-1,-1
239,3,245,144,49,40,1,-1,-1,-1
239,4,207,55,27,15,1,-1,-1,-1
239,10,62,232,105,50,1,-1,-1,-1
239,12,284,100,39,19,1,-1,-1,-1
239,13,662,231,87,42,1,-1,-1,-1
239,14,462,214,81,43,1,-1,-1,-1
239,16,275,235,69,42,1,-1,-1,-1
239,17,590,167,77,36,1,-1,-1,-1
239,19,704,163,56,38,1,-1,-1,-1
239,21,0,399,42,53,1,-1,-1,-1
240,1,370,196,50,44,1,-1,-1,-1
240,2,241,57,26,23,1,-1,-1,-1
240,3,245,142,52,42,1,-1,-1,-1
240,4,206,55,27,15,1,-1,-1,-1
240,10,51,230,108,52,1,-1,-1,-1
240,12,283,98,36,19,1,-1,-1,-1
240,13,666,231,87,42,1,-1,-1,-1
240,14,458,214,83,44,1,-1,-1,-1
240,16,275,233,70,42,1,-1,-1,-1
240,17,587,167,78,38,1,-1,-1,-1
240,19,700,165,57,40,1,-1,-1,-1
240,21,0,396,46,55,1,-1,-1,-1
241,1,371,196,48,42,1,-1,-1,-1
241,2,241,57,27,23,1,-1,-1,-1
241,3,245,144,49,40,1,-1,-1,-1
241,4,206,55,27,15,1,-1,-1,-1
241,10,44,227,105,55,1,-1,-1,-1
241,12,283,100,36,19,1,-1,-1,-1
241,13,670,231,87,42,1,-1,-1,-1
241,14,455,214,83,44,1,-1,-1,-1
241,16,276,233,69,42,1,-1,-1,-1
241,17,586,169,77,36,1,-1,-1,-1
241,19,697,165,57,40,1,-1,-1,-1
241,21,0,395,51,56,1,-1,-1,-1
242,1,370,196,48,42,1,-1,-1,-1
242,2,241,57,26,23,1,-1,-1,-1
242,3,245,144,49,40,1,-1,-1,-1
242,4,206,55,27,15,1,-1,-1,-1
242,10,33,230,116,54,1,-1,-1,-1
242,12,280,98,39,19,1,-1,-1,-1
242,13,673,231,84,40,1,-1,-1,-1
242,14,454,214,83,44,1,-1,-1,-1
242,16,278,233,66,40,1,-1,-1,-1
242,17,583,169,77,36,1,-1,-1,-1
242,19,694,165,57,40,1,-1,-1,-1
242,21,0,394,56,57,1,-1,-1,-1
243,1,371,197,46,41,1,-1,-1,-1
243,2,240,57,24,23,1,-1,-1,-1
243,3,247,147,48,38,1,-1,-1,-1
243,4,206,55,27,15,1,-1,-1,-1
243,10,27,230,111,55,1,-1,-1,-1
243,12,279,98,37,19,1,-1,-1,-1
243,13,676,231,88,42,1,-1,-1,-1
243,14,450,216,86,46,1,-1,-1,-1
243,16,279,233,66,40,1,-1,-1,-1
243,17,579,171,77,36,1,-1,-1,-1
243,19,692,167,58,42,1,-1,-1,-1
243,21,0,391,60,61,1,-1,-1,-1
244,1,371,198,45,38,1,-1,-1,-1
244,2,240,55,26,23,1,-1,-1,-1
244,3,246,148,47,36,1,-1,-1,-1
244,4,205,55,27,15,1,-1,-1,-1
244,10,19,234,110,52,1,-1,-1,-1
244,12,279,98,37,19,1,-1,-1,-1
244,13,680,231,87,42,1,-1,-1,-1
244,14,450,217,80,42,1,-1,-1,-1
244,16,286,229,52,42,1,-1,-1,-1
244,17,577,171,78,38,1,-1,-1,-1
244,19,688,167,58,42,1,-1,-1,-1
244,21,0,390,67,62,1,-1,-1,-1
245,1,372,195,44,44,1,-1,-1,-1
245,2,239,55,26,23,1,-1,-1,-1
245,3,248,148,45,36,1,-1,-1,-1
245,4,205,55,26,15,1,-1,-1,-1
245,10,10,235,114,53,1,-1,-1,-1
245,12,278,98,36,19,1,-1,-1,-1
245,13,684,229,88,42,1,-1,-1,-1
245,14,448,217,83,44,1,-1,-1,-1
245,16,286,227,55,42,1,-1,-1,-1
245,17,576,171,74,36,1,-1,-1,-1
245,19,685,167,57,40,1,-1,-1,-1
245,21,0,393,72,59,1,-1,-1,-1
246,1,368,197,47,39,1,-1,-1,-1
246,2,237,55,26,23,1,-1,-1,-1
246,3,246,148,47,36,1,-1,-1,-1
246,4,203,55,27,15,1,-1,-1,-1
246,10,2,240,112,50,1,-1,-1,-1
246,12,275,96,36,19,1,-1,-1,-1
246,13,687,229,91,44,1,-1,-1,-1
246,14,444,217,83,44,1,-1,-1,-1
246,16,285,227,56,42,1,-1,-1,-1
246,17,572,173,77,36,1,-1,-1,-1
246,19,683,169,58,42,1,-1,-1,-1
246,21,0,395,72,63,1,-1,-1,-1
247,1,368,197,47,39,1,-1,-1,-1
247,2,237,55,26,23,1,-1,-1,-1
247,3,246,148,48,38,1,-1,-1,-1
247,4,203,54,26,15,1,-1,-1,-1
247,10,0,237,107,55,1,-1,-1,-1
247,12,275,96,36,19,1,-1,-1,-1
247,13,692,229,87,42,1,-1,-1,-1
247,14,442,219,83,44,1,-1,-1,-1
247,16,285,226,55,42,1,-1,-1,-1
247,17,569,173,78,38,1,-1,-1,-1
247,19,680,169,60,42,1,-1,-1,-1
247,21,0,393,79,67,1,-1,-1,-1
248,1,368,198,44,36,1,-1,-1,-1
248,2,236,55,24,23,1,-1,-1,-1
248,3,248,150,44,34,1,-1,-1,-1
248,4,202,54,27,15,1,-1,-1,-1
248,10,0,236,102,59,1,-1,-1,-1
248,12,274,96,36,19,1,-1,-1,-1
248,13,696,229,87,42,1,-1,-1,-1
248,14,438,217,87,46,1,-1,-1,-1
248,16,286,224,54,44,1,-1,-1,-1
248,17,566,173,78,38,1,-1,-1,-1
248,19,677,169,58,40,1,-1,-1,-1
248,21,0,389,81,66,1,-1,-1,-1
249,1,368,196,44,36,1,-1,-1,-1
249,2,236,54,26,23,1,-1,-1,-1
249,3,245,148,48,38,1,-1,-1,-1
249,4,202,54,26,15,1,-1,-1,-1
249,10,0,244,89,47,1,-1,-1,-1
249,12,272,96,35,19,1,-1,-1,-1
249,13,700,229,87,42,1,-1,-1,-1
249,14,436,219,87,46,1,-1,-1,-1
249,16,287,222,54,46,1,-1,-1,-1
249,17,564,175,79,38,1,-1,-1,-1
249,19,675,171,60,42,1,-1,-1,-1
249,21,2,392,85,62,1,-1,-1,-1
250,1,368,198,43,36,1,-1,-1,-1
250,2,235,55,26,23,1,-1,-1,-1
250,3,246,150,44,36,1,-1,-1,-1
250,4,202,54,26,15,1,-1,-1,-1
250,10,0,246,79,44,1,-1,-1,-1
250,12,272,96,35,19,1,-1,-1,-1
250,13,702,229,84,40,1,-1,-1,-1
250,14,434,219,87,46,1,-1,-1,-1
250,16,283,223,56,43,1,-1,-1,-1
250,17,561,175,78,38,1,-1,-1,-1
250,19,671,171,61,42,1,-1,-1,-1
250,21,2,390,91,61,1,-1,-1,-1
251,1,365,196,45,38,1,-1,-1,-1
251,2,235,54,24,23,1,-1,-1,-1
251,3,245,150,47,36,1,-1,-1,-1
251,4,201,52,27,15,1,-1,-1,-1
251,10,0,246,71,44,1,-1,-1,-1
251,12,270,96,36,19,1,-1,-1,-1
251,13,707,229,84,40,1,-1,-1,-1
251,14,432,219,88,46,1,-1,-1,-1
251,16,283,223,55,42,1,-1,-1,-1
251,17,559,177,78,38,1,-1,-1,-1
251,19,668,173,60,42,1,-1,-1,-1
251,21,1,387,93,66,1,-1,-1,-1
252,1,365,196,44,36,1,-1,-1,-1
252,2,235,54,23,23,1,-1,-1,-1
252,3,244,150,48,38,1,-1,-1,-1
252,4,201,52,27,15,1,-1,-1,-1
252,10,0,250,62,44,1,-1,-1,-1
252,12,267,94,36,19,1,-1,-1,-1
252,13,710,227,87,42,1,-1,-1,-1
252,14,429,221,87,46,1,-1,-1,-1
252,16,284,223,56,41,1,-1,-1,-1
252,17,555,177,79,38,1,-1,-1,-1
252,19,666,173,60,42,1,-1,-1,-1
252,21,1,387,98,66,1,-1,-1,-1
253,1,365,196,44,36,1,-1,-1,-1
253,2,233,52,23,23,1,-1,-1,-1
253,3,244,150,47,36,1,-1,-1,-1
253,10,0,252,50,42,1,-1,-1,-1
253,12,267,96,36,19,1,-1,-1,-1
253,13,714,227,87,42,1,-1,-1,-1
253,14,428,221,87,46,1,-1,-1,-1
253,16,286,223,54,38,1,-1,-1,-1
253,17,552,177,80,40,1,-1,-1,-1
253,19,663,175,60,42,1,-1,-1,-1
253,21,0,385,102,69,1,-1,-1,-1
254,1,364,194,44,36,1,-1,-1,-1
254,2,232,52,23,23,1,-1,-1,-1
254,3,245,152,44,34,1,-1,-1,-1
254,10,0,254,41,42,1,-1,-1,-1
254,12,266,96,36,19,1,-1,-1,-1
254,13,717,225,88,42,1,-1,-1,-1
254,14,425,223,87,46,1,-1,-1,-1
254,16,289,223,49,40,1,-1,-1,-1
254,17,549,177,79,38,1,-1,-1,-1
254,19,659,173,61,44,1,-1,-1,-1
254,21,0,387,107,64,1,-1,-1,-1
255,1,365,194,44,36,1,-1,-1,-1
255,2,232,52,23,23,1,-1,-1,-1
255,3,245,152,43,34,1,-1,-1,-1
255,10,0,256,37,40,1,-1,-1,-1
255,12,263,96,36,19,1,-1,-1,-1
255,13,722,227,87,42,1,-1,-1,-1
255,14,421,223,88,46,1,-1,-1,-1
255,16,287,221,49,43,1,-1,-1,-1
255,17,545,179,80,40,1,-1,-1,-1
255,19,658,175,61,42,1,-1,-1,-1
255,21,2,385,108,62,1,-1,-1,-1
256,1,364,194,44,36,1,-1,-1,-1
256,2,231,50,23,23,1,-1,-1,-1
256,3,242,152,48,38,1,-1,-1,-1
256,10,0,258,27,40,1,-1,-1,-1
256,12,263,94,36,19,1,-1,-1,-1
256,13,724,225,80,38,1,-1,-1,-1
256,14,419,223,91,48,1,-1,-1,-1
256,16,287,221,48,42,1,-1,-1,-1
256,17,543,179,80,40,1,-1,-1,-1
256,19,656,177,57,40,1,-1,-1,-1
256,21,1,387,115,68,1,-1,-1,-1
257,1,364,194,44,36,1,-1,-1,-1
257,2,231,52,23,23,1,-1,-1,-1
257,3,242,152,48,38,1,-1,-1,-1
257,12,262,94,36,19,1,-1,-1,-1
257,13,727,225,78,36,1,-1,-1,-1
257,14,416,223,88,46,1,-1,-1,-1
257,16,287,219,49,42,1,-1,-1,-1
257,17,542,179,78,38,1,-1,-1,-1
257,19,654,179,54,38,1,-1,-1,-1
257,21,0,384,118,69,1,-1,-1,-1
258,1,364,194,41,34,1,-1,-1,-1
258,2,229,50,23,23,1,-1,-1,-1
258,3,241,150,49,40,1,-1,-1,-1
258,12,261,94,36,19,1,-1,-1,-1
258,13,732,225,74,36,1,-1,-1,-1
258,14,415,225,88,46,1,-1,-1,-1
258,16,287,219,49,42,1,-1,-1,-1
258,17,539,181,82,40,1,-1,-1,-1
258,19,650,181,54,38,1,-1,-1,-1
258,21,0,383,125,74,1,-1,-1,-1
259,1,361,192,45,36,1,-1,-1,-1
259,2,228,50,23,23,1,-1,-1,-1
259,3,241,150,49,40,1,-1,-1,-1
259,12,259,94,36,19,1,-1,-1,-1
259,13,736,223,77,36,1,-1,-1,-1
259,14,412,225,88,46,1,-1,-1,-1
259,16,287,217,49,42,1,-1,-1,-1
259,17,535,181,79,40,1,-1,-1,-1
259,19,649,181,56,38,1,-1,-1,-1
259,21,0,383,127,74,1,-1,-1,-1
260,1,360,190,47,38,1,-1,-1,-1
260,2,228,50,23,23,1,-1,-1,-1
260,3,241,152,49,40,1,-1,-1,-1
260,12,258,94,36,19,1,-1,-1,-1
260,13,740,222,80,37,1,-1,-1,-1
260,14,410,225,88,46,1,-1,-1,-1
260,16,287,217,49,44,1,-1,-1,-1
260,17,531,181,83,42,1,-1,-1,-1
260,19,645,178,61,42,1,-1,-1,-1
260,21,0,381,130,80,1,-1,-1,-1
261,1,360,190,45,36,1,-1,-1,-1
261,2,227,50,23,23,1,-1,-1,-1
261,3,241,152,44,40,1,-1,-1,-1
261,12,258,92,35,19,1,-1,-1,-1
261,13,744,223,74,36,1,-1,-1,-1
261,14,407,227,88,46,1,-1,-1,-1
261,16,288,217,49,42,1,-1,-1,-1
261,17,528,181,78,42,1,-1,-1,-1
261,19,642,181,57,40,1,-1,-1,-1
261,21,0,379,131,78,1,-1,-1,-1
262,1,360,190,44,36,1,-1,-1,-1
262,2,228,50,20,21,1,-1,-1,-1
262,3,241,152,41,38,1,-1,-1,-1
262,12,257,92,35,19,1,-1,-1,-1
262,13,748,223,74,34,1,-1,-1,-1
262,14,404,229,86,46,1,-1,-1,-1
262,16,287,214,50,44,1,-1,-1,-1
262,17,530,186,73,37,1,-1,-1,-1
262,19,640,181,57,40,1,-1,-1,-1
262,21,1,380,138,82,1,-1,-1,-1
263,1,360,190,43,34,1,-1,-1,-1
263,2,225,48,23,23,1,-1,-1,-1
263,3,241,152,45,42,1,-1,-1,-1
263,12,257,92,33,19,1,-1,-1,-1
263,13,752,223,74,36,1,-1,-1,-1
263,14,402,227,88,46,1,-1,-1,-1
263,16,288,214,52,46,1,-1,-1,-1
263,17,522,183,84,42,1,-1,-1,-1
263,19,637,181,57,40,1,-1,-1,-1
263,21,1,380,138,88,1,-1,-1,-1
264,1,354,187,48,37,1,-1,-1,-1
264,2,224,48,23,23,1,-1,-1,-1
264,3,240,152,45,42,1,-1,-1,-1
264,12,256,92,32,19,1,-1,-1,-1
264,13,756,221,74,34,1,-1,-1,-1
264,14,399,229,88,46,1,-1,-1,-1
264,16,287,214,53,46,1,-1,-1,-1
264,17,522,183,82,40,1,-1,-1,-1
264,19,633,183,58,42,1,-1,-1,-1
264,21,0,377,142,88,1,-1,-1,-1
265,1,353,186,48,37,1,-1,-1,-1
265,2,224,48,23,23,1,-1,-1,-1
265,3,241,152,44,40,1,-1,-1,-1
265,12,253,90,33,19,1,-1,-1,-1
265,13,760,221,76,34,1,-1,-1,-1
265,14,398,229,91,48,1,-1,-1,-1
265,16,287,214,53,46,1,-1,-1,-1
265,17,518,185,82,40,1,-1,-1,-1
265,19,630,181,64,43,1,-1,-1,-1
265,21,0,376,146,89,1,-1,-1,-1
266,1,352,185,49,38,1,-1,-1,-1
266,2,223,46,23,23,1,-1,-1,-1
266,3,240,152,44,40,1,-1,-1,-1
266,12,253,90,32,19,1,-1,-1,-1
266,13,765,221,73,32,1,-1,-1,-1
266,14,394,229,92,48,1,-1,-1,-1
266,16,286,212,56,48,1,-1,-1,-1
266,17,515,185,79,38,1,-1,-1,-1
266,19,626,181,64,42,1,-1,-1,-1
266,21,2,377,148,84,1,-1,-1,-1
267,1,351,183,50,38,1,-1,-1,-1
267,2,223,46,23,23,1,-1,-1,-1
267,3,241,154,41,38,1,-1,-1,-1
267,12,252,90,33,19,1,-1,-1,-1
267,13,768,221,74,32,1,-1,-1,-1
267,14,391,229,96,50,1,-1,-1,-1
267,16,287,212,53,46,1,-1,-1,-1
267,17,513,187,82,40,1,-1,-1,-1
267,19,625,181,64,42,1,-1,-1,-1
267,21,2,372,148,89,1,-1,-1,-1
268,1,351,183,49,38,1,-1,-1,-1
268,2,222,46,23,23,1,-1,-1,-1
268,3,239,152,45,42,1,-1,-1,-1
268,12,250,90,32,19,1,-1,-1,-1
268,13,770,219,78,34,1,-1,-1,-1
268,14,390,229,92,48,1,-1,-1,-1
268,16,289,210,52,45,1,-1,-1,-1
268,17,509,187,83,40,1,-1,-1,-1
268,19,623,183,64,42,1,-1,-1,-1
268,21,0,366,156,95,1,-1,-1,-1
268,22,995,111,26,21,1,-1,-1,-1
269,1,350,183,49,38,1,-1,-1,-1
269,2,222,46,23,23,1,-1,-1,-1
269,3,240,154,44,40,1,-1,-1,-1
269,12,250,90,32,19,1,-1,-1,-1
269,13,775,219,74,32,1,-1,-1,-1
269,14,387,229,91,48,1,-1,-1,-1
269,16,287,210,53,46,1,-1,-1,-1
269,17,508,187,82,40,1,-1,-1,-1
269,19,619,183,66,44,1,-1,-1,-1
269,21,1,363,162,100,1,-1,-1,-1
269,22,992,111,30,23,1,-1,-1,-1
270,1,348,181,49,38,1,-1,-1,-1
270,3,240,154,44,40,1,-1,-1,-1
270,12,249,88,32,19,1,-1,-1,-1
270,13,778,219,75,34,1,-1,-1,-1
270,14,386,231,90,46,1,-1,-1,-1
270,16,287,210,54,48,1,-1,-1,-1
270,17,505,187,83,40,1,-1,-1,-1
270,19,615,183,66,44,1,-1,-1,-1
270,21,3,371,159,83,1,-1,-1,-1
270,22,995,112,27,21,1,-1,-1,-1
271,1,347,181,52,40,1,-1,-1,-1
271,3,240,154,44,40,1,-1,-1,-1
271,12,248,88,32,19,1,-1,-1,-1
271,13,782,217,78,34,1,-1,-1,-1
271,14,382,231,91,48,1,-1,-1,-1
271,16,286,206,58,50,1,-1,-1,-1
271,17,501,187,84,42,1,-1,-1,-1
271,19,615,183,65,44,1,-1,-1,-1
271,21,6,372,155,81,1,-1,-1,-1
271,22,993,113,29,21,1,-1,-1,-1
272,1,347,179,52,40,1,-1,-1,-1
272,3,240,154,44,40,1,-1,-1,-1
272,12,246,88,32,19,1,-1,-1,-1
272,13,784,217,75,34,1,-1,-1,-1
272,14,381,231,91,48,1,-1,-1,-1
272,16,287,208,57,50,1,-1,-1,-1
272,17,496,187,91,44,1,-1,-1,-1
272,19,612,185,65,44,1,-1,-1,-1
272,21,10,372,150,77,1,-1,-1,-1
272,22,990,113,32,22,1,-1,-1,-1
273,1,344,177,53,42,1,-1,-1,-1
273,3,240,154,44,40,1,-1,-1,-1
273,12,245,88,31,19,1,-1,-1,-1
273,13,788,217,75,34,1,-1,-1,-1
273,14,377,231,96,50,1,-1,-1,-1
273,16,288,206,54,48,1,-1,-1,-1
273,17,496,189,84,42,1,-1,-1,-1
273,19,608,185,65,44,1,-1,-1,-1
273,21,15,372,150,77,1,-1,-1,-1
273,22,992,113,30,22,1,-1,-1,-1
274,1,344,178,49,39,1,-1,-1,-1
274,3,240,154,44,40,1,-1,-1,-1
274,12,245,86,31,19,1,-1,-1,-1
274,13,794,217,73,32,1,-1,-1,-1
274,14,378,231,91,48,1,-1,-1,-1
274,16,292,206,49,44,1,-1,-1,-1
274,17,495,190,81,40,1,-1,-1,-1
274,19,607,185,65,44,1,-1,-1,-1
274,21,19,370,155,81,1,-1,-1,-1
274,22,977,113,44,22,1,-1,-1,-1
275,1,342,175,52,40,1,-1,-1,-1
275,3,240,154,44,40,1,-1,-1,-1
275,12,245,86,31,19,1,-1,-1,-1
275,13,796,216,74,32,1,-1,-1,-1
275,14,372,233,97,50,1,-1,-1,-1
275,16,288,206,53,46,1,-1,-1,-1
275,17,492,190,78,38,1,-1,-1,-1
275,19,604,185,65,44,1,-1,-1,-1
275,21,23,370,152,79,1,-1,-1,-1
275,22,986,112,36,23,1,-1,-1,-1
276,1,343,175,49,40,1,-1,-1,-1
276,3,240,154,44,40,1,-1,-1,-1
276,12,242,86,31,19,1,-1,-1,-1
276,13,800,217,73,32,1,-1,-1,-1
276,14,372,233,96,50,1,-1,-1,-1
276,16,287,202,56,50,1,-1,-1,-1
276,17,488,192,80,40,1,-1,-1,-1
276,19,602,187,65,44,1,-1,-1,-1
276,21,31,370,150,77,1,-1,-1,-1
276,22,983,113,39,22,1,-1,-1,-1
277,1,340,175,52,40,1,-1,-1,-1
277,3,239,154,45,42,1,-1,-1,-1
277,12,242,86,31,19,1,-1,-1,-1
277,13,804,216,73,32,1,-1,-1,-1
277,14,369,233,94,48,1,-1,-1,-1
277,16,287,202,57,52,1,-1,-1,-1
277,17,485,192,83,42,1,-1,-1,-1
277,19,599,187,65,44,1,-1,-1,-1
277,21,32,368,150,77,1,-1,-1,-1
277,22,983,113,36,21,1,-1,-1,-1
278,1,339,171,54,44,1,-1,-1,-1
278,3,240,154,44,40,1,-1,-1,-1
278,12,241,84,31,19,1,-1,-1,-1
278,13,808,216,71,30,1,-1,-1,-1
278,14,368,233,96,50,1,-1,-1,-1
278,16,288,202,56,50,1,-1,-1,-1
278,17,484,192,80,40,1,-1,-1,-1
278,19,598,187,64,42,1,-1,-1,-1
278,21,33,366,152,79,1,-1,-1,-1
278,22,982,113,39,21,1,-1,-1,-1
279,1,338,171,54,44,1,-1,-1,-1
279,3,240,154,44,40,1,-1,-1,-1
279,12,241,84,31,19,1,-1,-1,-1
279,13,812,214,73,32,1,-1,-1,-1
279,14,364,233,96,50,1,-1,-1,-1
279,16,287,200,57,52,1,-1,-1,-1
279,17,481,194,78,38,1,-1,-1,-1
279,19,594,187,65,44,1,-1,-1,-1
279,21,35,364,155,80,1,-1,-1,-1
279,22,978,113,40,21,1,-1,-1,-1
280,1,335,169,56,44,1,-1,-1,-1
280,3,240,154,44,40,1,-1,-1,-1
280,12,240,84,31,19,1,-1,-1,-1
280,13,815,214,73,32,1,-1,-1,-1
280,14,360,233,100,52,1,-1,-1,-1
280,16,287,200,57,52,1,-1,-1,-1
280,17,479,194,80,40,1,-1,-1,-1
280,19,591,189,65,44,1,-1,-1,-1
280,21,36,362,158,82,1,-1,-1,-1
280,22,975,113,40,23,1,-1,-1,-1
281,1,335,169,56,44,1,-1,-1,-1
281,3,240,154,44,40,1,-1,-1,-1
281,12,239,84,32,19,1,-1,-1,-1
281,13,818,212,71,30,1,-1,-1,-1
281,14,360,233,97,50,1,-1,-1,-1
281,16,287,198,61,54,1,-1,-1,-1
281,17,475,194,80,40,1,-1,-1,-1
281,19,589,190,65,44,1,-1,-1,-1
281,21,43,362,155,79,1,-1,-1,-1
281,22,974,115,40,21,1,-1,-1,-1
282,1,334,167,56,44,1,-1,-1,-1
282,3,240,154,44,40,1,-1,-1,-1
282,12,239,84,31,19,1,-1,-1,-1
282,13,824,212,70,30,1,-1,-1,-1
282,14,360,235,94,48,1,-1,-1,-1
282,16,294,204,46,43,1,-1,-1,-1
282,17,472,194,83,40,1,-1,-1,-1
282,19,586,190,65,44,1,-1,-1,-1
282,21,43,360,155,79,1,-1,-1,-1
282,22,973,115,39,21,1,-1,-1,-1
283,1,335,171,53,41,1,-1,-1,-1
283,3,241,154,43,38,1,-1,-1,-1
283,12,237,82,31,19,1,-1,-1,-1
283,13,826,212,70,30,1,-1,-1,-1
283,14,357,237,94,48,1,-1,-1,-1
283,16,295,204,44,40,1,-1,-1,-1
283,17,471,196,78,38,1,-1,-1,-1
283,19,583,190,65,44,1,-1,-1,-1
283,21,49,360,151,77,1,-1,-1,-1
283,22,971,115,40,21,1,-1,-1,-1
284,1,333,169,56,44,1,-1,-1,-1
284,3,241,154,44,40,1,-1,-1,-1
284,12,237,82,31,19,1,-1,-1,-1
284,13,832,212,66,28,1,-1,-1,-1
284,14,355,237,96,50,1,-1,-1,-1
284,16,296,204,43,40,1,-1,-1,-1
284,17,467,196,78,38,1,-1,-1,-1
284,19,579,190,66,44,1,-1,-1,-1
284,21,53,360,148,77,1,-1,-1,-1
284,22,970,115,40,21,1,-1,-1,-1
285,1,331,167,56,44,1,-1,-1,-1
285,3,241,154,43,38,1,-1,-1,-1
285,12,237,82,31,19,1,-1,-1,-1
285,13,837,212,65,28,1,-1,-1,-1
285,14,352,237,96,50,1,-1,-1,-1
285,16,296,202,44,42,1,-1,-1,-1
285,17,466,198,78,38,1,-1,-1,-1
285,19,578,190,65,44,1,-1,-1,-1
285,21,57,358,148,77,1,-1,-1,-1
285,22,967,115,40,21,1,-1,-1,-1
286,1,331,167,56,44,1,-1,-1,-1
286,3,242,154,40,38,1,-1,-1,-1
286,12,237,82,31,19,1,-1,-1,-1
286,13,839,212,66,28,1,-1,-1,-1
286,14,352,237,94,48,1,-1,-1,-1
286,16,296,202,44,42,1,-1,-1,-1
286,17,464,198,75,36,1,-1,-1,-1
286,19,576,192,66,44,1,-1,-1,-1
286,21,61,356,151,77,1,-1,-1,-1
286,22,966,115,40,21,1,-1,-1,-1
287,1,330,165,58,44,1,-1,-1,-1
287,3,244,156,40,36,1,-1,-1,-1
287,12,236,82,31,19,1,-1,-1,-1
287,13,843,212,66,28,1,-1,-1,-1
287,14,350,237,96,50,1,-1,-1,-1
287,16,296,200,47,44,1,-1,-1,-1
287,17,462,198,78,38,1,-1,-1,-1
287,19,573,192,67,46,1,-1,-1,-1
287,21,64,354,155,79,1,-1,-1,-1
287,22,963,115,40,21,1,-1,-1,-1
288,1,330,165,56,44,1,-1,-1,-1
288,3,244,154,40,38,1,-1,-1,-1
288,12,236,81,32,19,1,-1,-1,-1
288,13,846,210,69,28,1,-1,-1,-1
288,14,347,237,96,50,1,-1,-1,-1
288,16,299,198,44,40,1,-1,-1,-1
288,17,458,198,80,40,1,-1,-1,-1
288,19,570,192,66,44,1,-1,-1,-1
288,21,69,356,148,77,1,-1,-1,-1
288,22,962,115,40,21,1,-1,-1,-1
289,1,330,163,57,44,1,-1,-1,-1
289,3,245,154,37,36,1,-1,-1,-1
289,12,236,79,32,19,1,-1,-1,-1
289,13,851,210,66,28,1,-1,-1,-1
289,14,347,239,94,48,1,-1,-1,-1
289,16,297,198,47,44,1,-1,-1,-1
289,17,457,198,79,38,1,-1,-1,-1
289,19,569,192,65,44,1,-1,-1,-1
289,21,71,354,151,79,1,-1,-1,-1
289,22,962,115,40,21,1,-1,-1,-1
290,1,329,162,57,44,1,-1,-1,-1
290,3,245,154,40,38,1,-1,-1,-1
290,12,239,81,31,19,1,-1,-1,-1
290,13,855,210,65,28,1,-1,-1,-1
290,14,343,239,97,50,1,-1,-1,-1
290,16,300,198,44,40,1,-1,-1,-1
290,17,453,200,80,40,1,-1,-1,-1
290,19,566,192,67,46,1,-1,-1,-1
290,21,74,352,151,79,1,-1,-1,-1
290,22,961,117,40,26,1,-1,-1,-1
291,1,329,163,53,42,1,-1,-1,-1
291,3,245,154,40,38,1,-1,-1,-1
291,12,239,81,31,19,1,-1,-1,-1
291,13,859,208,65,28,1,-1,-1,-1
291,14,343,239,94,48,1,-1,-1,-1
291,16,300,196,44,42,1,-1,-1,-1
291,17,451,200,79,38,1,-1,-1,-1
291,19,564,194,66,44,1,-1,-1,-1
291,21,79,352,147,77,1,-1,-1,-1
291,22,957,117,41,26,1,-1,-1,-1
