1,8,190,412,92,51,1,-1,-1,-1
1,10,896,416,125,55,1,-1,-1,-1
1,11,863,397,106,49,1,-1,-1,-1
1,12,824,374,108,40,1,-1,-1,-1
1,15,1008,372,80,37,1,-1,-1,-1
1,16,737,390,67,35,1,-1,-1,-1
1,41,818,333,51,34,1,-1,-1,-1
1,42,861,332,48,30,1,-1,-1,-1
1,89,250,662,142,90,1,-1,-1,-1
1,90,464,634,97,121,1,-1,-1,-1
1,101,1076,504,175,87,1,-1,-1,-1
1,102,1012,491,154,64,1,-1,-1,-1
1,103,957,444,127,72,1,-1,-1,-1
1,109,401,457,91,84,1,-1,-1,-1
1,110,454,420,56,49,1,-1,-1,-1
2,8,189,412,92,51,1,-1,-1,-1
2,10,895,416,124,55,1,-1,-1,-1
2,11,863,396,106,49,1,-1,-1,-1
2,12,824,373,108,40,1,-1,-1,-1
2,15,1008,371,80,37,1,-1,-1,-1
2,16,737,390,67,35,1,-1,-1,-1
2,41,817,332,49,34,1,-1,-1,-1
2,42,861,331,48,30,1,-1,-1,-1
2,89,247,667,142,85,1,-1,-1,-1
2,90,466,635,97,119,1,-1,-1,-1
2,101,1075,504,175,87,1,-1,-1,-1
2,102,1012,490,154,64,1,-1,-1,-1
2,103,956,444,127,72,1,-1,-1,-1
2,109,400,458,92,84,1,-1,-1,-1
2,110,453,420,56,49,1,-1,-1,-1
3,8,189,412,92,51,1,-1,-1,-1
3,10,894,416,124,55,1,-1,-1,-1
3,11,863,396,106,49,1,-1,-1,-1
3,12,824,373,108,40,1,-1,-1,-1
3,15,1008,371,80,37,1,-1,-1,-1
3,16,737,390,67,35,1,-1,-1,-1
3,41,816,331,48,34,1,-1,-1,-1
3,42,861,331,48,30,1,-1,-1,-1
3,89,245,672,142,80,1,-1,-1,-1
3,90,468,636,97,117,1,-1,-1,-1
3,101,1075,504,175,87,1,-1,-1,-1
3,102,1012,490,154,64,1,-1,-1,-1
3,103,956,444,127,72,1,-1,-1,-1
3,109,400,459,92,85,1,-1,-1,-1
3,110,453,420,56,50,1,-1,-1,-1
4,8,189,412,92,51,1,-1,-1,-1
4,10,893,417,124,55,1,-1,-1,-1
4,11,863,395,106,49,1,-1,-1,-1
4,12,824,373,108,40,1,-1,-1,-1
4,15,1008,371,80,37,1,-1,-1,-1
4,16,737,390,68,35,1,-1,-1,-1
4,41,816,331,46,33,1,-1,-1,-1
4,42,862,331,47,30,1,-1,-1,-1
4,89,243,677,142,76,1,-1,-1,-1
4,90,471,637,97,116,1,-1,-1,-1
4,101,1075,504,175,87,1,-1,-1,-1
4,102,1012,490,154,64,1,-1,-1,-1
4,103,955,444,127,72,1,-1,-1,-1
4,109,399,461,93,85,1,-1,-1,-1
4,110,452,420,56,51,1,-1,-1,-1
5,8,189,412,92,51,1,-1,-1,-1
5,10,892,417,124,55,1,-1,-1,-1
5,11,863,395,106,49,1,-1,-1,-1
5,12,824,373,108,40,1,-1,-1,-1
5,15,1008,371,80,37,1,-1,-1,-1
5,16,738,390,67,35,1,-1,-1,-1
5,41,817,330,46,34,1,-1,-1,-1
5,42,861,329,47,30,1,-1,-1,-1
5,89,241,682,142,71,1,-1,-1,-1
5,90,470,639,97,114,1,-1,-1,-1
5,101,1074,504,175,87,1,-1,-1,-1
5,102,1012,490,154,63,1,-1,-1,-1
5,103,955,444,127,72,1,-1,-1,-1
5,109,399,462,93,86,1,-1,-1,-1
5,110,452,420,56,51,1,-1,-1,-1
6,8,188,412,92,52,1,-1,-1,-1
6,10,892,417,123,55,1,-1,-1,-1
6,11,863,395,106,49,1,-1,-1,-1
6,12,824,373,108,40,1,-1,-1,-1
6,15,1008,371,80,37,1,-1,-1,-1
6,16,738,390,68,35,1,-1,-1,-1
6,41,818,330,46,34,1,-1,-1,-1
6,42,861,328,47,30,1,-1,-1,-1
6,89,239,687,143,66,1,-1,-1,-1
6,90,469,642,97,111,1,-1,-1,-1
6,101,1074,504,175,87,1,-1,-1,-1
6,102,1013,489,154,64,1,-1,-1,-1
6,103,954,444,127,72,1,-1,-1,-1
6,109,398,463,94,87,1,-1,-1,-1
6,110,451,420,56,52,1,-1,-1,-1
7,8,188,412,92,52,1,-1,-1,-1
7,10,891,418,123,55,1,-1,-1,-1
7,11,863,394,106,49,1,-1,-1,-1
7,12,824,373,108,40,1,-1,-1,-1
7,15,1007,370,80,37,1,-1,-1,-1
7,16,738,390,68,35,1,-1,-1,-1
7,41,818,329,46,35,1,-1,-1,-1
7,42,860,327,47,30,1,-1,-1,-1
7,89,238,693,142,60,1,-1,-1,-1
7,90,468,645,97,108,1,-1,-1,-1
7,101,1074,504,175,87,1,-1,-1,-1
7,102,1013,489,154,64,1,-1,-1,-1
7,103,954,444,127,72,1,-1,-1,-1
7,109,398,465,94,87,1,-1,-1,-1
7,110,451,421,56,52,1,-1,-1,-1
8,8,188,412,92,52,1,-1,-1,-1
8,10,890,418,123,55,1,-1,-1,-1
8,11,864,394,106,49,1,-1,-1,-1
8,12,824,373,108,40,1,-1,-1,-1
8,15,1007,370,80,37,1,-1,-1,-1
8,16,738,390,69,35,1,-1,-1,-1
8,41,818,329,46,35,1,-1,-1,-1
8,42,860,327,47,30,1,-1,-1,-1
8,89,236,698,143,55,1,-1,-1,-1
8,90,467,648,97,105,1,-1,-1,-1
8,101,1074,504,175,87,1,-1,-1,-1
8,102,1013,489,154,64,1,-1,-1,-1
8,103,954,444,127,73,1,-1,-1,-1
8,109,398,466,94,88,1,-1,-1,-1
8,110,451,421,56,53,1,-1,-1,-1
9,8,188,412,92,52,1,-1,-1,-1
9,10,889,418,122,55,1,-1,-1,-1
9,11,864,394,106,49,1,-1,-1,-1
9,12,825,373,107,40,1,-1,-1,-1
9,15,1006,369,80,37,1,-1,-1,-1
9,16,739,390,68,35,1,-1,-1,-1
9,41,819,329,46,35,1,-1,-1,-1
9,42,860,327,47,30,1,-1,-1,-1
9,90,467,651,97,103,1,-1,-1,-1
9,101,1073,504,175,87,1,-1,-1,-1
9,102,1013,489,154,63,1,-1,-1,-1
9,103,953,444,127,73,1,-1,-1,-1
9,109,399,468,94,88,1,-1,-1,-1
9,110,452,422,56,54,1,-1,-1,-1
10,8,188,412,92,52,1,-1,-1,-1
10,10,888,419,122,55,1,-1,-1,-1
10,11,864,393,106,49,1,-1,-1,-1
10,12,825,372,107,40,1,-1,-1,-1
10,15,1006,369,80,37,1,-1,-1,-1
10,16,739,390,69,35,1,-1,-1,-1
10,41,819,329,46,35,1,-1,-1,-1
10,42,860,328,47,30,1,-1,-1,-1
10,90,467,655,97,99,1,-1,-1,-1
10,101,1073,504,175,87,1,-1,-1,-1
10,102,1013,489,154,63,1,-1,-1,-1
10,103,953,444,127,73,1,-1,-1,-1
10,109,399,469,95,89,1,-1,-1,-1
10,110,453,423,56,55,1,-1,-1,-1
11,8,187,412,92,53,1,-1,-1,-1
11,10,888,419,121,55,1,-1,-1,-1
11,11,864,393,106,49,1,-1,-1,-1
11,12,825,372,107,40,1,-1,-1,-1
11,15,1006,369,80,37,1,-1,-1,-1
11,16,739,390,69,35,1,-1,-1,-1
11,41,820,329,46,35,1,-1,-1,-1
11,42,860,330,47,30,1,-1,-1,-1
11,90,469,658,97,96,1,-1,-1,-1
11,101,1073,504,175,87,1,-1,-1,-1
11,102,1014,488,154,64,1,-1,-1,-1
11,103,952,444,127,73,1,-1,-1,-1
11,109,400,471,94,89,1,-1,-1,-1
11,110,454,424,56,55,1,-1,-1,-1
12,8,187,412,92,53,1,-1,-1,-1
12,10,887,419,121,55,1,-1,-1,-1
12,11,864,393,106,49,1,-1,-1,-1
12,12,825,372,107,40,1,-1,-1,-1
12,15,1006,369,80,37,1,-1,-1,-1
12,16,739,390,70,35,1,-1,-1,-1
12,41,820,329,46,35,1,-1,-1,-1
12,42,860,329,47,30,1,-1,-1,-1
12,90,471,662,97,92,1,-1,-1,-1
12,101,1072,504,175,87,1,-1,-1,-1
12,102,1014,488,154,63,1,-1,-1,-1
12,103,952,444,127,73,1,-1,-1,-1
12,109,400,472,95,90,1,-1,-1,-1
12,110,454,425,57,56,1,-1,-1,-1
13,8,187,412,92,53,1,-1,-1,-1
13,10,886,420,121,55,1,-1,-1,-1
13,11,864,392,106,49,1,-1,-1,-1
13,12,825,372,107,40,1,-1,-1,-1
13,15,1006,370,80,37,1,-1,-1,-1
13,16,740,390,69,35,1,-1,-1,-1
13,41,821,329,46,35,1,-1,-1,-1
13,42,860,329,47,30,1,-1,-1,-1
13,90,474,665,97,89,1,-1,-1,-1
13,101,1072,504,175,87,1,-1,-1,-1
13,102,1014,488,154,63,1,-1,-1,-1
13,103,951,444,127,73,1,-1,-1,-1
13,109,401,474,95,90,1,-1,-1,-1
13,110,455,426,57,57,1,-1,-1,-1
14,8,187,412,92,53,1,-1,-1,-1
14,10,885,420,121,55,1,-1,-1,-1
14,11,864,392,106,49,1,-1,-1,-1
14,12,825,372,107,40,1,-1,-1,-1
14,15,1006,370,80,37,1,-1,-1,-1
14,16,740,390,70,35,1,-1,-1,-1
14,41,821,329,46,35,1,-1,-1,-1
14,42,861,329,47,30,1,-1,-1,-1
14,90,476,669,97,85,1,-1,-1,-1
14,101,1072,504,175,87,1,-1,-1,-1
14,102,1014,488,154,63,1,-1,-1,-1
14,103,951,444,127,73,1,-1,-1,-1
14,109,401,475,95,91,1,-1,-1,-1
14,110,456,426,56,58,1,-1,-1,-1
15,8,187,412,92,54,1,-1,-1,-1
15,10,885,421,120,55,1,-1,-1,-1
15,11,865,392,106,49,1,-1,-1,-1
15,12,825,372,107,40,1,-1,-1,-1
15,15,1007,371,80,37,1,-1,-1,-1
15,16,740,390,70,35,1,-1,-1,-1
15,41,822,329,46,35,1,-1,-1,-1
15,42,862,329,47,30,1,-1,-1,-1
15,90,478,672,97,82,1,-1,-1,-1
15,101,1072,504,175,87,1,-1,-1,-1
15,102,1015,488,154,63,1,-1,-1,-1
15,103,951,445,127,73,1,-1,-1,-1
15,109,402,477,95,91,1,-1,-1,-1
15,110,457,427,56,59,1,-1,-1,-1
16,8,187,412,92,54,1,-1,-1,-1
16,10,887,418,120,54,1,-1,-1,-1
16,11,864,394,106,49,1,-1,-1,-1
16,12,825,372,107,40,1,-1,-1,-1
16,15,1011,371,80,37,1,-1,-1,-1
16,16,741,390,70,36,1,-1,-1,-1
16,41,822,329,46,35,1,-1,-1,-1
16,42,862,329,47,30,1,-1,-1,-1
16,90,481,676,97,78,1,-1,-1,-1
16,101,1076,504,175,87,1,-1,-1,-1
16,102,1015,489,154,63,1,-1,-1,-1
16,103,956,447,127,73,1,-1,-1,-1
16,109,402,478,96,92,1,-1,-1,-1
16,110,457,428,57,60,1,-1,-1,-1
17,8,187,412,93,55,1,-1,-1,-1
17,10,890,415,119,54,1,-1,-1,-1
17,11,864,396,106,49,1,-1,-1,-1
17,12,826,372,107,40,1,-1,-1,-1
17,15,1016,372,80,37,1,-1,-1,-1
17,16,745,391,70,36,1,-1,-1,-1
17,41,823,329,46,35,1,-1,-1,-1
17,42,863,329,47,30,1,-1,-1,-1
17,90,483,679,97,75,1,-1,-1,-1
17,101,1080,504,175,87,1,-1,-1,-1
17,102,1016,491,154,63,1,-1,-1,-1
17,103,962,449,127,73,1,-1,-1,-1
17,109,403,480,95,92,1,-1,-1,-1
17,110,458,429,57,60,1,-1,-1,-1
18,8,188,413,92,54,1,-1,-1,-1
18,10,906,415,119,54,1,-1,-1,-1
18,11,874,396,106,49,1,-1,-1,-1
18,12,835,373,107,40,1,-1,-1,-1
18,15,1020,373,80,37,1,-1,-1,-1
18,16,750,392,70,36,1,-1,-1,-1
18,41,829,330,46,35,1,-1,-1,-1
18,42,870,329,47,30,1,-1,-1,-1
18,90,485,683,97,71,1,-1,-1,-1
18,101,1091,508,175,87,1,-1,-1,-1
18,102,1026,492,154,63,1,-1,-1,-1
18,103,973,451,127,73,1,-1,-1,-1
18,109,403,481,96,93,1,-1,-1,-1
18,110,459,430,57,61,1,-1,-1,-1
19,8,188,413,93,55,1,-1,-1,-1
19,10,923,415,118,54,1,-1,-1,-1
19,11,885,396,106,49,1,-1,-1,-1
19,12,844,374,107,40,1,-1,-1,-1
19,15,1025,373,80,37,1,-1,-1,-1
19,16,755,393,70,37,1,-1,-1,-1
19,41,836,331,46,35,1,-1,-1,-1
19,42,877,330,47,30,1,-1,-1,-1
19,101,1102,512,175,87,1,-1,-1,-1
19,102,1037,493,154,63,1,-1,-1,-1
19,103,984,453,127,73,1,-1,-1,-1
19,109,404,483,96,93,1,-1,-1,-1
19,110,460,431,57,62,1,-1,-1,-1
20,8,189,414,92,55,1,-1,-1,-1
20,10,940,415,118,54,1,-1,-1,-1
20,11,896,397,106,49,1,-1,-1,-1
20,12,854,376,106,40,1,-1,-1,-1
20,15,1029,374,80,37,1,-1,-1,-1
20,16,760,393,70,37,1,-1,-1,-1
20,41,843,332,46,35,1,-1,-1,-1
20,42,885,331,46,30,1,-1,-1,-1
20,101,1110,513,182,88,1,-1,-1,-1
20,102,1048,495,154,63,1,-1,-1,-1
20,103,996,456,127,73,1,-1,-1,-1
20,109,404,484,97,94,1,-1,-1,-1
20,110,461,432,57,62,1,-1,-1,-1
21,8,189,414,93,55,1,-1,-1,-1
21,10,939,415,118,54,1,-1,-1,-1
21,11,899,397,106,49,1,-1,-1,-1
21,12,857,376,106,40,1,-1,-1,-1
21,15,1034,375,80,37,1,-1,-1,-1
21,16,766,394,70,37,1,-1,-1,-1
21,41,849,333,46,35,1,-1,-1,-1
21,42,892,332,46,30,1,-1,-1,-1
21,101,1116,513,182,89,1,-1,-1,-1
21,102,1051,495,154,63,1,-1,-1,-1
21,103,997,456,127,73,1,-1,-1,-1
21,109,404,485,98,96,1,-1,-1,-1
21,110,463,434,57,62,1,-1,-1,-1
22,8,190,414,92,56,1,-1,-1,-1
22,10,938,416,118,54,1,-1,-1,-1
22,11,902,397,106,49,1,-1,-1,-1
22,12,861,376,106,40,1,-1,-1,-1
22,15,1038,375,81,37,1,-1,-1,-1
22,16,772,395,70,37,1,-1,-1,-1
22,41,856,334,46,35,1,-1,-1,-1
22,42,899,333,46,30,1,-1,-1,-1
22,101,1122,514,183,89,1,-1,-1,-1
22,102,1055,495,154,63,1,-1,-1,-1
22,103,999,456,127,73,1,-1,-1,-1
22,109,405,487,98,97,1,-1,-1,-1
22,110,464,436,57,62,1,-1,-1,-1
23,8,190,415,93,55,1,-1,-1,-1
23,10,937,416,118,54,1,-1,-1,-1
23,11,905,397,106,49,1,-1,-1,-1
23,12,865,376,106,40,1,-1,-1,-1
23,15,1043,376,80,37,1,-1,-1,-1
23,16,773,395,70,37,1,-1,-1,-1
23,41,863,335,46,35,1,-1,-1,-1
23,42,907,334,46,30,1,-1,-1,-1
23,101,1128,515,183,89,1,-1,-1,-1
23,102,1059,495,154,63,1,-1,-1,-1
23,103,1000,456,127,73,1,-1,-1,-1
23,109,405,488,99,98,1,-1,-1,-1
23,110,466,437,57,62,1,-1,-1,-1
24,8,191,415,92,56,1,-1,-1,-1
24,10,936,417,118,54,1,-1,-1,-1
24,11,909,397,106,49,1,-1,-1,-1
24,12,869,377,106,40,1,-1,-1,-1
24,15,1047,377,81,37,1,-1,-1,-1
24,16,774,395,70,37,1,-1,-1,-1
24,41,863,335,46,35,1,-1,-1,-1
24,42,907,334,46,30,1,-1,-1,-1
24,101,1134,516,184,89,1,-1,-1,-1
24,102,1063,495,154,63,1,-1,-1,-1
24,103,1002,457,127,73,1,-1,-1,-1
24,109,405,490,100,99,1,-1,-1,-1
24,110,467,439,57,62,1,-1,-1,-1
25,8,191,416,93,56,1,-1,-1,-1
25,10,936,417,119,54,1,-1,-1,-1
25,11,909,397,106,49,1,-1,-1,-1
25,12,869,377,106,40,1,-1,-1,-1
25,15,1052,377,80,37,1,-1,-1,-1
25,16,775,395,70,37,1,-1,-1,-1
25,41,863,335,46,35,1,-1,-1,-1
25,42,907,334,46,30,1,-1,-1,-1
25,101,1134,517,185,89,1,-1,-1,-1
25,102,1063,496,155,62,1,-1,-1,-1
25,103,1002,457,128,73,1,-1,-1,-1
25,109,406,491,100,101,1,-1,-1,-1
25,110,469,441,57,62,1,-1,-1,-1
26,8,192,416,92,56,1,-1,-1,-1
26,10,936,418,121,54,1,-1,-1,-1
26,11,909,398,106,49,1,-1,-1,-1
26,12,869,377,106,40,1,-1,-1,-1
26,15,1056,378,81,37,1,-1,-1,-1
26,16,776,396,70,37,1,-1,-1,-1
26,41,863,335,46,35,1,-1,-1,-1
26,42,907,334,46,30,1,-1,-1,-1
26,101,1135,518,185,89,1,-1,-1,-1
26,102,1064,497,155,62,1,-1,-1,-1
26,103,1003,457,128,73,1,-1,-1,-1
26,109,406,493,101,102,1,-1,-1,-1
26,110,470,443,57,62,1,-1,-1,-1
27,8,192,416,93,57,1,-1,-1,-1
27,10,937,418,121,54,1,-1,-1,-1
27,11,909,398,106,49,1,-1,-1,-1
27,12,869,377,106,40,1,-1,-1,-1
27,15,1061,379,81,37,1,-1,-1,-1
27,16,777,396,70,37,1,-1,-1,-1
27,41,863,335,46,35,1,-1,-1,-1
27,42,908,335,46,30,1,-1,-1,-1
27,101,1135,519,186,89,1,-1,-1,-1
27,102,1065,498,156,62,1,-1,-1,-1
27,103,1004,458,129,72,1,-1,-1,-1
27,109,406,494,102,103,1,-1,-1,-1
27,110,472,444,57,62,1,-1,-1,-1
28,8,193,417,92,56,1,-1,-1,-1
28,10,937,419,123,54,1,-1,-1,-1
28,11,909,399,106,49,1,-1,-1,-1
28,12,870,378,106,40,1,-1,-1,-1
28,15,1061,379,81,37,1,-1,-1,-1
28,16,778,396,70,37,1,-1,-1,-1
28,41,863,335,46,35,1,-1,-1,-1
28,42,908,335,46,30,1,-1,-1,-1
28,101,1136,520,186,90,1,-1,-1,-1
28,102,1065,499,157,62,1,-1,-1,-1
28,103,1005,458,129,73,1,-1,-1,-1
28,109,407,496,102,104,1,-1,-1,-1
28,110,473,446,57,62,1,-1,-1,-1
29,8,193,417,93,57,1,-1,-1,-1
29,10,937,419,125,54,1,-1,-1,-1
29,11,910,399,106,49,1,-1,-1,-1
29,12,870,378,106,40,1,-1,-1,-1
29,15,1061,379,81,37,1,-1,-1,-1
29,16,779,396,70,37,1,-1,-1,-1
29,41,863,335,46,35,1,-1,-1,-1
29,42,908,335,46,30,1,-1,-1,-1
29,101,1137,521,186,90,1,-1,-1,-1
29,102,1066,500,158,62,1,-1,-1,-1
29,103,1006,458,130,73,1,-1,-1,-1
29,109,407,497,103,106,1,-1,-1,-1
29,110,475,448,57,62,1,-1,-1,-1
30,8,194,418,92,57,1,-1,-1,-1
30,10,938,420,125,54,1,-1,-1,-1
30,11,910,400,106,49,1,-1,-1,-1
30,12,870,378,106,40,1,-1,-1,-1
30,15,1061,380,81,37,1,-1,-1,-1
30,16,780,397,70,37,1,-1,-1,-1
30,41,863,335,46,35,1,-1,-1,-1
30,42,909,335,46,30,1,-1,-1,-1
30,101,1137,522,187,90,1,-1,-1,-1
30,102,1067,501,158,62,1,-1,-1,-1
30,103,1007,459,130,72,1,-1,-1,-1
30,109,408,499,104,107,1,-1,-1,-1
30,110,477,450,57,62,1,-1,-1,-1
31,8,194,418,93,57,1,-1,-1,-1
31,10,938,420,127,54,1,-1,-1,-1
31,11,910,400,106,49,1,-1,-1,-1
31,12,870,379,106,40,1,-1,-1,-1
31,15,1061,380,81,37,1,-1,-1,-1
31,16,780,397,70,37,1,-1,-1,-1
31,41,863,335,46,35,1,-1,-1,-1
31,42,909,336,46,30,1,-1,-1,-1
31,101,1138,523,187,90,1,-1,-1,-1
31,102,1067,502,160,62,1,-1,-1,-1
31,103,1008,459,130,73,1,-1,-1,-1
31,109,406,502,105,107,1,-1,-1,-1
31,110,476,451,57,63,1,-1,-1,-1
32,8,195,418,92,58,1,-1,-1,-1
32,10,938,421,128,54,1,-1,-1,-1
32,11,910,401,106,49,1,-1,-1,-1
32,12,871,379,106,40,1,-1,-1,-1
32,15,1061,381,81,37,1,-1,-1,-1
32,16,780,397,70,37,1,-1,-1,-1
32,41,863,336,46,35,1,-1,-1,-1
32,42,909,336,46,30,1,-1,-1,-1
32,101,1139,524,187,91,1,-1,-1,-1
32,102,1068,503,160,62,1,-1,-1,-1
32,103,1009,459,131,73,1,-1,-1,-1
32,109,404,506,106,106,1,-1,-1,-1
32,110,475,452,57,64,1,-1,-1,-1
33,8,195,419,93,58,1,-1,-1,-1
33,10,939,421,129,54,1,-1,-1,-1
33,11,910,401,106,49,1,-1,-1,-1
33,12,871,379,106,40,1,-1,-1,-1
33,15,1061,381,81,37,1,-1,-1,-1
33,16,781,398,69,37,1,-1,-1,-1
33,41,863,336,46,34,1,-1,-1,-1
33,42,910,336,46,30,1,-1,-1,-1
33,101,1139,525,188,91,1,-1,-1,-1
33,102,1069,504,161,62,1,-1,-1,-1
33,103,1010,460,131,72,1,-1,-1,-1
33,109,402,510,108,106,1,-1,-1,-1
33,110,474,454,57,64,1,-1,-1,-1
34,8,196,419,92,58,1,-1,-1,-1
34,10,939,422,131,54,1,-1,-1,-1
34,11,911,402,106,49,1,-1,-1,-1
34,12,871,380,106,40,1,-1,-1,-1
34,15,1061,382,81,37,1,-1,-1,-1
34,16,781,398,69,37,1,-1,-1,-1
34,41,864,336,45,34,1,-1,-1,-1
34,42,910,336,46,30,1,-1,-1,-1
34,101,1140,526,189,91,1,-1,-1,-1
34,102,1070,505,161,62,1,-1,-1,-1
34,103,1011,460,132,73,1,-1,-1,-1
34,109,400,511,109,108,1,-1,-1,-1
34,110,472,455,57,64,1,-1,-1,-1
35,8,196,420,93,58,1,-1,-1,-1
35,10,939,423,132,53,1,-1,-1,-1
35,11,911,403,106,49,1,-1,-1,-1
35,12,871,380,106,40,1,-1,-1,-1
35,15,1061,382,81,37,1,-1,-1,-1
35,16,781,398,69,37,1,-1,-1,-1
35,41,864,337,45,33,1,-1,-1,-1
35,42,910,337,46,30,1,-1,-1,-1
35,101,1141,527,189,91,1,-1,-1,-1
35,102,1070,506,162,62,1,-1,-1,-1
35,103,1011,460,133,73,1,-1,-1,-1
35,109,398,513,110,110,1,-1,-1,-1
35,110,470,456,58,64,1,-1,-1,-1
36,8,197,420,92,58,1,-1,-1,-1
36,10,940,423,133,54,1,-1,-1,-1
36,11,911,403,106,49,1,-1,-1,-1
36,12,872,380,106,40,1,-1,-1,-1
36,15,1061,383,81,37,1,-1,-1,-1
36,16,781,399,69,37,1,-1,-1,-1
36,41,865,337,45,33,1,-1,-1,-1
36,42,911,337,46,30,1,-1,-1,-1
36,101,1141,528,190,92,1,-1,-1,-1
36,102,1071,507,163,62,1,-1,-1,-1
36,103,1012,461,133,72,1,-1,-1,-1
36,109,396,514,112,113,1,-1,-1,-1
36,110,468,457,59,65,1,-1,-1,-1
37,8,197,421,93,58,1,-1,-1,-1
37,10,940,424,134,53,1,-1,-1,-1
37,11,911,404,106,49,1,-1,-1,-1
37,12,872,380,106,40,1,-1,-1,-1
37,15,1061,383,81,37,1,-1,-1,-1
37,16,781,399,69,37,1,-1,-1,-1
37,41,866,338,44,32,1,-1,-1,-1
37,42,911,337,46,30,1,-1,-1,-1
37,101,1142,529,190,92,1,-1,-1,-1
37,102,1072,508,163,62,1,-1,-1,-1
37,103,1013,461,134,72,1,-1,-1,-1
37,109,394,516,113,114,1,-1,-1,-1
37,110,466,458,60,65,1,-1,-1,-1
38,8,197,421,93,59,1,-1,-1,-1
38,10,940,424,136,54,1,-1,-1,-1
38,11,911,404,106,49,1,-1,-1,-1
38,12,872,381,106,40,1,-1,-1,-1
38,15,1062,383,81,38,1,-1,-1,-1
38,16,781,399,69,37,1,-1,-1,-1
38,41,866,338,44,31,1,-1,-1,-1
38,42,911,337,46,30,1,-1,-1,-1
38,101,1143,530,190,92,1,-1,-1,-1
38,102,1072,509,165,62,1,-1,-1,-1
38,103,1014,461,134,73,1,-1,-1,-1
38,109,392,517,114,117,1,-1,-1,-1
38,110,464,459,61,65,1,-1,-1,-1
39,8,198,421,93,59,1,-1,-1,-1
39,10,941,425,137,53,1,-1,-1,-1
39,11,912,405,106,49,1,-1,-1,-1
39,12,872,381,106,40,1,-1,-1,-1
39,15,1063,383,81,38,1,-1,-1,-1
39,16,782,400,68,37,1,-1,-1,-1
39,41,867,338,44,31,1,-1,-1,-1
39,42,912,338,46,30,1,-1,-1,-1
39,101,1143,531,191,92,1,-1,-1,-1
39,102,1073,510,165,62,1,-1,-1,-1
39,103,1015,462,135,72,1,-1,-1,-1
39,109,390,519,116,119,1,-1,-1,-1
39,110,462,461,62,65,1,-1,-1,-1
40,8,198,422,93,59,1,-1,-1,-1
40,10,941,425,138,54,1,-1,-1,-1
40,11,912,405,106,49,1,-1,-1,-1
40,12,873,381,106,40,1,-1,-1,-1
40,15,1064,383,80,39,1,-1,-1,-1
40,16,782,400,68,37,1,-1,-1,-1
40,41,867,339,44,30,1,-1,-1,-1
40,42,912,338,46,30,1,-1,-1,-1
40,101,1144,532,191,93,1,-1,-1,-1
40,102,1074,511,166,62,1,-1,-1,-1
40,103,1016,462,135,72,1,-1,-1,-1
40,109,387,522,116,121,1,-1,-1,-1
40,110,461,464,62,65,1,-1,-1,-1
41,8,199,422,93,59,1,-1,-1,-1
41,10,941,426,140,53,1,-1,-1,-1
41,11,912,406,106,49,1,-1,-1,-1
41,12,873,382,106,40,1,-1,-1,-1
41,15,1064,383,81,39,1,-1,-1,-1
41,16,783,401,67,37,1,-1,-1,-1
41,41,868,339,43,30,1,-1,-1,-1
41,42,912,338,46,30,1,-1,-1,-1
41,101,1145,533,191,93,1,-1,-1,-1
41,102,1074,512,167,62,1,-1,-1,-1
41,103,1017,462,135,73,1,-1,-1,-1
41,109,385,526,115,123,1,-1,-1,-1
41,110,461,467,61,65,1,-1,-1,-1
42,8,199,423,93,59,1,-1,-1,-1
42,10,942,426,140,54,1,-1,-1,-1
42,11,912,406,106,49,1,-1,-1,-1
42,12,873,382,106,40,1,-1,-1,-1
42,15,1065,383,81,40,1,-1,-1,-1
42,16,783,401,68,37,1,-1,-1,-1
42,41,869,340,43,29,1,-1,-1,-1
42,42,913,339,46,30,1,-1,-1,-1
42,101,1145,534,192,93,1,-1,-1,-1
42,102,1075,513,168,62,1,-1,-1,-1
42,103,1018,463,136,72,1,-1,-1,-1
42,109,382,529,117,124,1,-1,-1,-1
42,110,460,468,61,66,1,-1,-1,-1
43,8,200,423,93,60,1,-1,-1,-1
43,10,942,427,142,53,1,-1,-1,-1
43,11,912,407,106,49,1,-1,-1,-1
43,12,873,382,106,40,1,-1,-1,-1
43,15,1066,384,80,39,1,-1,-1,-1
43,16,784,402,67,37,1,-1,-1,-1
43,41,869,340,43,29,1,-1,-1,-1
43,42,913,339,46,30,1,-1,-1,-1
43,101,1146,535,192,93,1,-1,-1,-1
43,102,1076,514,168,62,1,-1,-1,-1
43,103,1019,463,136,72,1,-1,-1,-1
43,109,379,532,119,126,1,-1,-1,-1
43,110,459,470,61,67,1,-1,-1,-1
44,8,200,423,93,60,1,-1,-1,-1
44,10,943,428,143,53,1,-1,-1,-1
44,11,913,408,106,49,1,-1,-1,-1
44,12,874,383,106,40,1,-1,-1,-1
44,15,1067,384,80,40,1,-1,-1,-1
44,16,784,402,67,37,1,-1,-1,-1
44,41,869,340,43,29,1,-1,-1,-1
44,42,913,339,46,30,1,-1,-1,-1
44,101,1147,536,193,94,1,-1,-1,-1
44,102,1077,515,169,62,1,-1,-1,-1
44,103,1020,464,137,72,1,-1,-1,-1
44,109,376,535,121,127,1,-1,-1,-1
44,110,458,471,62,69,1,-1,-1,-1
45,8,201,424,93,60,1,-1,-1,-1
45,10,953,430,130,54,1,-1,-1,-1
45,11,918,407,106,49,1,-1,-1,-1
45,12,877,383,106,40,1,-1,-1,-1
45,15,1067,384,81,40,1,-1,-1,-1
45,16,785,403,67,37,1,-1,-1,-1
45,41,869,340,43,29,1,-1,-1,-1
45,42,914,339,45,30,1,-1,-1,-1
45,101,1147,537,194,94,1,-1,-1,-1
45,102,1085,517,162,62,1,-1,-1,-1
45,103,1024,465,132,72,1,-1,-1,-1
45,109,374,538,123,129,1,-1,-1,-1
45,110,457,473,62,69,1,-1,-1,-1
46,8,201,424,93,61,1,-1,-1,-1
46,10,963,433,118,54,1,-1,-1,-1
46,11,924,406,106,49,1,-1,-1,-1
46,12,881,384,106,40,1,-1,-1,-1
46,15,1068,384,80,41,1,-1,-1,-1
46,16,785,403,67,37,1,-1,-1,-1
46,41,869,340,43,29,1,-1,-1,-1
46,42,914,340,45,29,1,-1,-1,-1
46,101,1148,538,194,94,1,-1,-1,-1
46,102,1094,519,154,63,1,-1,-1,-1
46,103,1028,466,127,73,1,-1,-1,-1
46,109,371,541,125,131,1,-1,-1,-1
46,110,456,475,63,70,1,-1,-1,-1
47,8,202,425,93,60,1,-1,-1,-1
47,10,946,434,119,54,1,-1,-1,-1
47,11,912,409,107,49,1,-1,-1,-1
47,12,881,384,106,40,1,-1,-1,-1
47,15,1069,384,80,41,1,-1,-1,-1
47,16,786,404,67,37,1,-1,-1,-1
47,41,870,340,42,29,1,-1,-1,-1
47,42,914,340,46,29,1,-1,-1,-1
47,101,1150,539,192,94,1,-1,-1,-1
47,102,1086,519,155,64,1,-1,-1,-1
47,103,1025,469,127,73,1,-1,-1,-1
47,109,368,544,127,132,1,-1,-1,-1
47,110,455,476,63,72,1,-1,-1,-1
48,8,202,425,93,61,1,-1,-1,-1
48,10,946,434,121,54,1,-1,-1,-1
48,11,913,409,107,49,1,-1,-1,-1
48,12,881,384,106,40,1,-1,-1,-1
48,15,1070,384,80,42,1,-1,-1,-1
48,16,786,404,67,37,1,-1,-1,-1
48,41,870,340,42,29,1,-1,-1,-1
48,42,915,340,45,30,1,-1,-1,-1
48,101,1152,540,190,94,1,-1,-1,-1
48,102,1087,519,156,65,1,-1,-1,-1
48,103,1026,469,127,74,1,-1,-1,-1
48,109,365,547,129,134,1,-1,-1,-1
48,110,454,478,64,73,1,-1,-1,-1
49,8,203,425,93,61,1,-1,-1,-1
49,10,947,435,122,54,1,-1,-1,-1
49,11,914,410,108,49,1,-1,-1,-1
49,12,881,385,106,40,1,-1,-1,-1
49,15,1071,385,80,42,1,-1,-1,-1
49,16,787,405,66,37,1,-1,-1,-1
49,41,870,340,42,29,1,-1,-1,-1
49,42,915,341,45,29,1,-1,-1,-1
49,101,1154,541,188,94,1,-1,-1,-1
49,102,1089,520,157,65,1,-1,-1,-1
49,103,1027,470,127,74,1,-1,-1,-1
49,109,363,550,131,136,1,-1,-1,-1
49,110,453,480,64,73,1,-1,-1,-1
50,8,203,426,93,61,1,-1,-1,-1
50,10,948,436,123,53,1,-1,-1,-1
50,11,915,411,109,49,1,-1,-1,-1
50,12,881,385,106,40,1,-1,-1,-1
50,15,1071,385,81,42,1,-1,-1,-1
50,16,787,405,67,37,1,-1,-1,-1
50,41,870,340,42,29,1,-1,-1,-1
50,42,915,341,45,29,1,-1,-1,-1
50,101,1156,542,186,94,1,-1,-1,-1
50,102,1090,520,159,67,1,-1,-1,-1
50,103,1028,470,127,75,1,-1,-1,-1
50,109,360,553,133,137,1,-1,-1,-1
50,110,452,481,65,75,1,-1,-1,-1
51,8,204,426,93,62,1,-1,-1,-1
51,10,948,437,125,53,1,-1,-1,-1
51,11,916,411,110,49,1,-1,-1,-1
51,12,881,386,106,40,1,-1,-1,-1
51,15,1072,385,81,42,1,-1,-1,-1
51,16,788,406,66,37,1,-1,-1,-1
51,41,871,341,42,28,1,-1,-1,-1
51,42,916,341,45,29,1,-1,-1,-1
51,101,1158,543,184,94,1,-1,-1,-1
51,102,1092,521,160,67,1,-1,-1,-1
51,103,1030,471,126,76,1,-1,-1,-1
51,109,357,556,135,139,1,-1,-1,-1
51,110,451,483,65,76,1,-1,-1,-1
52,8,204,427,93,61,1,-1,-1,-1
52,10,949,437,127,54,1,-1,-1,-1
52,11,918,412,109,49,1,-1,-1,-1
52,12,881,386,106,40,1,-1,-1,-1
52,15,1072,386,82,41,1,-1,-1,-1
52,16,789,407,66,37,1,-1,-1,-1
52,41,871,341,42,29,1,-1,-1,-1
52,42,916,341,45,29,1,-1,-1,-1
52,101,1160,544,182,94,1,-1,-1,-1
52,102,1094,521,161,68,1,-1,-1,-1
52,103,1031,471,126,77,1,-1,-1,-1
52,109,355,560,137,140,1,-1,-1,-1
52,110,450,485,66,77,1,-1,-1,-1
53,8,205,427,93,62,1,-1,-1,-1
53,10,950,438,128,53,1,-1,-1,-1
53,11,919,413,110,49,1,-1,-1,-1
53,12,881,386,106,40,1,-1,-1,-1
53,15,1073,386,82,42,1,-1,-1,-1
53,16,788,406,66,38,1,-1,-1,-1
53,41,872,342,42,29,1,-1,-1,-1
53,42,916,342,45,28,1,-1,-1,-1
53,101,1162,545,180,94,1,-1,-1,-1
53,102,1095,522,163,69,1,-1,-1,-1
53,103,1032,472,126,77,1,-1,-1,-1
53,109,351,565,136,143,1,-1,-1,-1
53,110,449,488,65,77,1,-1,-1,-1
54,8,205,427,93,62,1,-1,-1,-1
54,10,951,439,129,53,1,-1,-1,-1
54,11,920,414,111,49,1,-1,-1,-1
54,12,881,387,106,40,1,-1,-1,-1
54,15,1074,387,82,41,1,-1,-1,-1
54,16,788,406,66,38,1,-1,-1,-1
54,41,872,342,43,30,1,-1,-1,-1
54,42,917,342,44,29,1,-1,-1,-1
54,101,1164,546,178,94,1,-1,-1,-1
54,102,1097,522,164,70,1,-1,-1,-1
54,103,1034,472,126,79,1,-1,-1,-1
54,109,347,570,136,146,1,-1,-1,-1
54,110,448,491,65,77,1,-1,-1,-1
55,8,206,428,93,62,1,-1,-1,-1
55,10,951,440,131,53,1,-1,-1,-1
55,11,921,414,112,49,1,-1,-1,-1
55,12,881,387,106,40,1,-1,-1,-1
55,15,1074,387,83,41,1,-1,-1,-1
55,16,788,406,66,39,1,-1,-1,-1
55,41,873,343,43,30,1,-1,-1,-1
55,42,917,342,45,29,1,-1,-1,-1
55,101,1166,547,176,94,1,-1,-1,-1
55,102,1099,523,165,70,1,-1,-1,-1
55,103,1035,473,126,79,1,-1,-1,-1
55,109,343,576,136,148,1,-1,-1,-1
55,110,448,495,64,77,1,-1,-1,-1
56,8,206,428,93,63,1,-1,-1,-1
56,10,952,441,132,52,1,-1,-1,-1
56,11,922,415,113,49,1,-1,-1,-1
56,12,881,388,106,40,1,-1,-1,-1
56,15,1075,387,83,42,1,-1,-1,-1
56,16,788,406,66,39,1,-1,-1,-1
56,41,874,343,43,31,1,-1,-1,-1
56,42,917,343,45,28,1,-1,-1,-1
56,101,1168,548,174,94,1,-1,-1,-1
56,102,1100,523,167,72,1,-1,-1,-1
56,103,1036,473,126,80,1,-1,-1,-1
56,109,339,579,138,151,1,-1,-1,-1
56,110,445,496,67,79,1,-1,-1,-1
57,8,207,429,93,62,1,-1,-1,-1
57,10,953,441,134,53,1,-1,-1,-1
57,11,924,416,112,49,1,-1,-1,-1
57,12,881,388,106,40,1,-1,-1,-1
57,15,1076,388,83,41,1,-1,-1,-1
57,16,787,406,66,39,1,-1,-1,-1
57,41,874,344,44,31,1,-1,-1,-1
57,42,918,343,44,28,1,-1,-1,-1
57,101,1170,549,172,94,1,-1,-1,-1
57,102,1102,524,168,72,1,-1,-1,-1
57,103,1037,474,126,80,1,-1,-1,-1
57,109,336,582,139,154,1,-1,-1,-1
57,110,442,497,70,81,1,-1,-1,-1
58,8,207,429,93,63,1,-1,-1,-1
58,10,953,442,136,53,1,-1,-1,-1
58,11,925,416,113,49,1,-1,-1,-1
58,12,881,388,106,40,1,-1,-1,-1
58,15,1076,388,84,41,1,-1,-1,-1
58,16,787,406,66,40,1,-1,-1,-1
58,41,875,344,44,32,1,-1,-1,-1
58,42,918,343,44,28,1,-1,-1,-1
58,101,1172,550,170,94,1,-1,-1,-1
58,102,1104,524,169,73,1,-1,-1,-1
58,103,1039,474,125,82,1,-1,-1,-1
58,109,332,585,141,157,1,-1,-1,-1
58,110,440,499,72,82,1,-1,-1,-1
59,8,208,430,93,63,1,-1,-1,-1
59,10,954,443,137,52,1,-1,-1,-1
59,11,926,417,114,49,1,-1,-1,-1
59,12,881,389,106,40,1,-1,-1,-1
59,15,1077,389,84,41,1,-1,-1,-1
59,16,787,406,66,40,1,-1,-1,-1
59,41,876,345,44,32,1,-1,-1,-1
59,42,919,344,44,28,1,-1,-1,-1
59,101,1174,551,168,94,1,-1,-1,-1
59,102,1105,525,171,74,1,-1,-1,-1
59,103,1040,475,125,82,1,-1,-1,-1
59,109,329,588,142,160,1,-1,-1,-1
59,110,437,500,75,84,1,-1,-1,-1
60,8,207,430,93,63,1,-1,-1,-1
60,10,955,444,138,52,1,-1,-1,-1
60,11,927,418,115,49,1,-1,-1,-1
60,12,881,389,106,40,1,-1,-1,-1
60,15,1078,389,84,41,1,-1,-1,-1
60,16,787,406,66,41,1,-1,-1,-1
60,41,876,345,44,32,1,-1,-1,-1
60,42,919,343,44,29,1,-1,-1,-1
60,101,1176,552,166,94,1,-1,-1,-1
60,102,1107,525,172,75,1,-1,-1,-1
60,103,1041,475,125,83,1,-1,-1,-1
60,109,326,591,143,164,1,-1,-1,-1
60,110,435,502,77,85,1,-1,-1,-1
61,8,206,431,93,63,1,-1,-1,-1
61,10,956,445,140,52,1,-1,-1,-1
61,11,929,419,115,49,1,-1,-1,-1
61,12,881,390,107,40,1,-1,-1,-1
61,15,1078,389,85,41,1,-1,-1,-1
61,16,787,406,67,41,1,-1,-1,-1
61,41,876,345,44,32,1,-1,-1,-1
61,42,919,343,45,30,1,-1,-1,-1
61,101,1179,554,164,94,1,-1,-1,-1
61,102,1109,526,173,76,1,-1,-1,-1
61,103,1043,476,125,84,1,-1,-1,-1
61,109,320,597,146,157,1,-1,-1,-1
61,110,434,504,77,86,1,-1,-1,-1
62,8,206,432,93,63,1,-1,-1,-1
62,10,956,445,141,52,1,-1,-1,-1
62,11,928,419,117,49,1,-1,-1,-1
62,12,881,390,107,40,1,-1,-1,-1
62,15,1079,390,86,41,1,-1,-1,-1
62,16,787,407,69,41,1,-1,-1,-1
62,41,876,346,44,32,1,-1,-1,-1
62,42,919,343,45,31,1,-1,-1,-1
62,101,1180,554,163,94,1,-1,-1,-1
62,102,1109,526,174,76,1,-1,-1,-1
62,103,1044,477,126,84,1,-1,-1,-1
62,109,314,604,150,150,1,-1,-1,-1
62,110,433,506,77,87,1,-1,-1,-1
63,8,205,432,93,63,1,-1,-1,-1
63,10,956,446,142,52,1,-1,-1,-1
63,11,928,420,119,49,1,-1,-1,-1
63,12,882,391,107,40,1,-1,-1,-1
63,15,1079,390,87,41,1,-1,-1,-1
63,16,788,408,69,41,1,-1,-1,-1
63,41,876,346,44,32,1,-1,-1,-1
63,42,919,343,46,32,1,-1,-1,-1
63,101,1181,555,162,94,1,-1,-1,-1
63,102,1109,527,175,76,1,-1,-1,-1
63,103,1045,478,127,84,1,-1,-1,-1
63,109,308,610,154,144,1,-1,-1,-1
63,110,433,509,76,88,1,-1,-1,-1
64,8,204,433,93,63,1,-1,-1,-1
64,10,957,447,143,52,1,-1,-1,-1
64,11,928,421,120,49,1,-1,-1,-1
64,12,883,391,107,41,1,-1,-1,-1
64,15,1080,391,87,40,1,-1,-1,-1
64,16,788,409,71,41,1,-1,-1,-1
64,41,876,346,44,32,1,-1,-1,-1
64,42,919,342,46,34,1,-1,-1,-1
64,101,1182,556,161,94,1,-1,-1,-1
64,102,1109,528,176,76,1,-1,-1,-1
64,103,1047,479,127,84,1,-1,-1,-1
64,109,303,617,157,137,1,-1,-1,-1
64,110,432,511,77,89,1,-1,-1,-1
65,8,204,434,93,63,1,-1,-1,-1
65,10,957,448,144,52,1,-1,-1,-1
65,11,928,422,122,48,1,-1,-1,-1
65,12,884,392,107,41,1,-1,-1,-1
65,15,1081,391,87,41,1,-1,-1,-1
65,16,788,410,72,40,1,-1,-1,-1
65,41,876,347,44,32,1,-1,-1,-1
65,42,919,342,47,35,1,-1,-1,-1
65,101,1183,557,160,94,1,-1,-1,-1
65,102,1109,529,177,76,1,-1,-1,-1
65,103,1048,481,129,83,1,-1,-1,-1
65,109,297,624,161,130,1,-1,-1,-1
65,110,431,513,77,90,1,-1,-1,-1
66,8,203,434,93,63,1,-1,-1,-1
66,10,958,449,144,52,1,-1,-1,-1
66,11,928,423,123,48,1,-1,-1,-1
66,12,885,393,106,41,1,-1,-1,-1
66,15,1081,391,88,41,1,-1,-1,-1
66,16,789,411,73,40,1,-1,-1,-1
66,41,876,347,44,32,1,-1,-1,-1
66,42,919,342,47,36,1,-1,-1,-1
66,101,1184,558,159,94,1,-1,-1,-1
66,102,1109,530,178,76,1,-1,-1,-1
66,103,1050,482,129,83,1,-1,-1,-1
66,109,291,630,165,124,1,-1,-1,-1
66,110,431,516,76,91,1,-1,-1,-1
67,8,202,435,93,63,1,-1,-1,-1
67,10,958,450,146,52,1,-1,-1,-1
67,11,928,424,125,48,1,-1,-1,-1
67,12,886,393,106,42,1,-1,-1,-1
67,15,1082,392,88,40,1,-1,-1,-1
67,16,789,412,74,40,1,-1,-1,-1
67,41,876,347,44,32,1,-1,-1,-1
67,42,919,342,48,37,1,-1,-1,-1
67,101,1185,558,158,94,1,-1,-1,-1
67,102,1110,531,178,76,1,-1,-1,-1
67,103,1051,483,130,83,1,-1,-1,-1
67,109,285,637,169,117,1,-1,-1,-1
67,110,430,518,76,92,1,-1,-1,-1
68,8,202,436,93,63,1,-1,-1,-1
68,10,958,450,147,52,1,-1,-1,-1
68,11,927,424,128,48,1,-1,-1,-1
68,12,886,394,107,41,1,-1,-1,-1
68,15,1083,392,88,41,1,-1,-1,-1
68,16,790,413,75,40,1,-1,-1,-1
68,41,876,348,44,32,1,-1,-1,-1
68,42,919,342,49,38,1,-1,-1,-1
68,101,1186,559,157,94,1,-1,-1,-1
68,102,1110,532,179,75,1,-1,-1,-1
68,103,1052,484,131,83,1,-1,-1,-1
68,109,280,644,172,110,1,-1,-1,-1
68,110,430,521,76,93,1,-1,-1,-1
69,8,201,436,93,63,1,-1,-1,-1
69,10,959,451,147,52,1,-1,-1,-1
69,11,927,425,129,48,1,-1,-1,-1
69,12,887,394,107,42,1,-1,-1,-1
69,15,1083,393,89,40,1,-1,-1,-1
69,16,790,413,75,40,1,-1,-1,-1
69,41,876,348,44,32,1,-1,-1,-1
69,42,919,342,49,38,1,-1,-1,-1
69,101,1187,560,156,94,1,-1,-1,-1
69,102,1110,533,180,75,1,-1,-1,-1
69,103,1054,486,132,82,1,-1,-1,-1
69,109,278,650,173,104,1,-1,-1,-1
69,110,428,524,76,93,1,-1,-1,-1
70,8,200,436,94,63,1,-1,-1,-1
70,10,959,452,149,52,1,-1,-1,-1
70,11,927,426,131,48,1,-1,-1,-1
70,12,888,395,106,42,1,-1,-1,-1
70,15,1084,393,89,40,1,-1,-1,-1
70,16,790,413,75,40,1,-1,-1,-1
70,41,876,348,44,32,1,-1,-1,-1
70,42,919,342,49,38,1,-1,-1,-1
70,101,1188,561,155,94,1,-1,-1,-1
70,102,1110,533,181,76,1,-1,-1,-1
70,103,1055,487,133,82,1,-1,-1,-1
70,109,277,656,173,98,1,-1,-1,-1
70,110,426,528,76,93,1,-1,-1,-1
71,8,199,436,94,63,1,-1,-1,-1
71,10,960,453,149,52,1,-1,-1,-1
71,11,927,427,132,47,1,-1,-1,-1
71,12,889,396,106,42,1,-1,-1,-1
71,15,1085,393,89,41,1,-1,-1,-1
71,16,790,414,75,40,1,-1,-1,-1
71,41,876,348,44,32,1,-1,-1,-1
71,42,919,342,49,38,1,-1,-1,-1
71,101,1189,562,154,94,1,-1,-1,-1
71,102,1110,534,182,76,1,-1,-1,-1
71,103,1057,488,133,82,1,-1,-1,-1
71,109,276,663,173,91,1,-1,-1,-1
71,110,424,531,76,93,1,-1,-1,-1
72,8,198,436,95,63,1,-1,-1,-1
72,10,960,454,150,52,1,-1,-1,-1
72,11,927,428,134,47,1,-1,-1,-1
72,12,890,396,106,43,1,-1,-1,-1
72,15,1085,394,90,40,1,-1,-1,-1
72,16,790,414,76,40,1,-1,-1,-1
72,41,876,348,44,32,1,-1,-1,-1
72,42,919,342,49,38,1,-1,-1,-1
72,101,1190,562,153,94,1,-1,-1,-1
72,102,1110,535,183,76,1,-1,-1,-1
72,103,1058,489,134,82,1,-1,-1,-1
72,109,275,669,173,85,1,-1,-1,-1
72,110,422,535,76,93,1,-1,-1,-1
73,8,197,436,95,63,1,-1,-1,-1
73,10,961,455,151,52,1,-1,-1,-1
73,11,927,429,136,47,1,-1,-1,-1
73,12,891,397,106,43,1,-1,-1,-1
73,15,1086,394,90,40,1,-1,-1,-1
73,16,790,415,76,40,1,-1,-1,-1
73,41,876,348,44,32,1,-1,-1,-1
73,42,919,342,49,38,1,-1,-1,-1
73,101,1191,563,152,94,1,-1,-1,-1
73,102,1111,536,183,76,1,-1,-1,-1
73,103,1060,491,135,81,1,-1,-1,-1
73,109,274,675,173,79,1,-1,-1,-1
73,110,420,538,76,93,1,-1,-1,-1
74,8,196,436,96,63,1,-1,-1,-1
74,10,972,455,140,53,1,-1,-1,-1
74,11,940,429,115,48,1,-1,-1,-1
74,12,892,398,106,43,1,-1,-1,-1
74,15,1087,395,91,40,1,-1,-1,-1
74,16,790,415,76,40,1,-1,-1,-1
74,41,876,348,44,33,1,-1,-1,-1
74,42,920,342,48,38,1,-1,-1,-1
74,101,1192,564,151,94,1,-1,-1,-1
74,102,1111,537,184,75,1,-1,-1,-1
74,103,1060,491,135,81,1,-1,-1,-1
74,110,419,542,76,93,1,-1,-1,-1
75,8,195,436,96,63,1,-1,-1,-1
75,10,958,454,153,52,1,-1,-1,-1
75,11,923,424,138,47,1,-1,-1,-1
75,12,891,397,107,43,1,-1,-1,-1
75,15,1087,395,90,40,1,-1,-1,-1
75,16,790,415,77,40,1,-1,-1,-1
75,41,876,348,44,33,1,-1,-1,-1
75,42,920,342,49,38,1,-1,-1,-1
75,101,1193,565,150,94,1,-1,-1,-1
75,102,1111,538,185,75,1,-1,-1,-1
75,103,1060,491,136,81,1,-1,-1,-1
75,110,417,544,77,93,1,-1,-1,-1
76,8,195,437,96,62,1,-1,-1,-1
76,10,958,454,153,51,1,-1,-1,-1
76,11,923,424,138,47,1,-1,-1,-1
76,12,891,397,108,43,1,-1,-1,-1
76,15,1087,395,89,40,1,-1,-1,-1
76,16,790,416,77,40,1,-1,-1,-1
76,41,876,349,44,32,1,-1,-1,-1
76,42,920,343,49,38,1,-1,-1,-1
76,101,1194,566,149,94,1,-1,-1,-1
76,102,1111,539,186,75,1,-1,-1,-1
76,103,1060,491,136,81,1,-1,-1,-1
76,110,416,546,77,94,1,-1,-1,-1
77,8,194,437,96,62,1,-1,-1,-1
77,10,959,454,152,51,1,-1,-1,-1
77,11,923,424,138,47,1,-1,-1,-1
77,12,891,396,109,44,1,-1,-1,-1
77,15,1087,395,88,40,1,-1,-1,-1
77,16,790,416,77,40,1,-1,-1,-1
77,41,876,349,44,32,1,-1,-1,-1
77,42,920,343,49,38,1,-1,-1,-1
77,101,1195,567,148,94,1,-1,-1,-1
77,102,1111,540,187,75,1,-1,-1,-1
77,103,1060,491,137,81,1,-1,-1,-1
77,110,414,548,78,95,1,-1,-1,-1
78,8,193,437,97,62,1,-1,-1,-1
78,10,959,454,152,51,1,-1,-1,-1
78,11,923,424,138,47,1,-1,-1,-1
78,12,891,396,110,44,1,-1,-1,-1
78,15,1087,395,87,40,1,-1,-1,-1
78,16,791,417,77,40,1,-1,-1,-1
78,41,877,349,44,32,1,-1,-1,-1
78,42,920,343,49,38,1,-1,-1,-1
78,101,1196,567,147,94,1,-1,-1,-1
78,102,1111,540,188,76,1,-1,-1,-1
78,103,1060,491,137,81,1,-1,-1,-1
78,110,413,551,78,95,1,-1,-1,-1
79,8,192,437,97,62,1,-1,-1,-1
79,10,960,454,152,51,1,-1,-1,-1
79,11,924,424,137,47,1,-1,-1,-1
79,12,890,396,112,43,1,-1,-1,-1
79,15,1087,395,86,40,1,-1,-1,-1
79,16,790,417,77,40,1,-1,-1,-1
79,41,877,349,44,32,1,-1,-1,-1
79,42,921,343,48,38,1,-1,-1,-1
79,101,1197,568,146,94,1,-1,-1,-1
79,102,1112,541,188,76,1,-1,-1,-1
79,103,1060,491,138,81,1,-1,-1,-1
79,110,411,553,78,96,1,-1,-1,-1
80,8,191,437,98,63,1,-1,-1,-1
80,10,961,454,151,51,1,-1,-1,-1
80,11,924,424,137,47,1,-1,-1,-1
80,12,890,395,113,44,1,-1,-1,-1
80,15,1087,395,85,40,1,-1,-1,-1
80,16,790,417,77,40,1,-1,-1,-1
80,41,877,349,44,33,1,-1,-1,-1
80,42,921,343,48,38,1,-1,-1,-1
80,101,1198,569,145,94,1,-1,-1,-1
80,102,1112,542,189,75,1,-1,-1,-1
80,103,1060,491,139,81,1,-1,-1,-1
80,110,409,555,79,97,1,-1,-1,-1
81,8,190,437,98,63,1,-1,-1,-1
81,10,961,454,151,51,1,-1,-1,-1
81,11,924,424,137,47,1,-1,-1,-1
81,12,890,395,114,44,1,-1,-1,-1
81,15,1087,395,84,40,1,-1,-1,-1
81,16,789,417,77,40,1,-1,-1,-1
81,41,877,349,44,33,1,-1,-1,-1
81,42,921,343,48,38,1,-1,-1,-1
81,101,1199,570,144,94,1,-1,-1,-1
81,102,1112,543,190,75,1,-1,-1,-1
81,103,1060,491,139,81,1,-1,-1,-1
81,110,407,557,80,99,1,-1,-1,-1
82,8,189,437,99,63,1,-1,-1,-1
82,10,962,454,151,51,1,-1,-1,-1
82,11,925,425,136,47,1,-1,-1,-1
82,12,890,395,114,44,1,-1,-1,-1
82,15,1088,395,82,41,1,-1,-1,-1
82,16,789,417,77,40,1,-1,-1,-1
82,41,877,349,44,33,1,-1,-1,-1
82,42,921,343,49,38,1,-1,-1,-1
82,101,1200,571,143,94,1,-1,-1,-1
82,102,1112,544,191,75,1,-1,-1,-1
82,103,1060,491,140,81,1,-1,-1,-1
82,110,405,559,81,100,1,-1,-1,-1
83,8,188,437,99,63,1,-1,-1,-1
83,10,962,454,151,51,1,-1,-1,-1
83,11,925,425,139,47,1,-1,-1,-1
83,12,890,394,115,45,1,-1,-1,-1
83,15,1088,395,82,41,1,-1,-1,-1
83,16,788,417,77,40,1,-1,-1,-1
83,41,877,349,44,33,1,-1,-1,-1
83,42,921,343,49,38,1,-1,-1,-1
83,101,1201,571,142,94,1,-1,-1,-1
83,102,1112,545,192,75,1,-1,-1,-1
83,103,1060,491,140,81,1,-1,-1,-1
83,110,403,561,82,102,1,-1,-1,-1
84,8,188,438,99,62,1,-1,-1,-1
84,10,963,454,150,51,1,-1,-1,-1
84,11,925,425,142,47,1,-1,-1,-1
84,12,889,394,117,44,1,-1,-1,-1
84,15,1088,395,82,41,1,-1,-1,-1
84,16,788,417,77,40,1,-1,-1,-1
84,41,877,350,44,32,1,-1,-1,-1
84,42,922,344,48,38,1,-1,-1,-1
84,101,1202,572,141,94,1,-1,-1,-1
84,102,1112,546,193,75,1,-1,-1,-1
84,103,1060,491,141,81,1,-1,-1,-1
84,110,401,563,83,103,1,-1,-1,-1
85,8,187,438,99,62,1,-1,-1,-1
85,10,964,454,150,51,1,-1,-1,-1
85,11,926,426,145,47,1,-1,-1,-1
85,12,889,394,118,44,1,-1,-1,-1
85,15,1088,395,82,41,1,-1,-1,-1
85,16,787,417,77,40,1,-1,-1,-1
85,41,877,350,44,32,1,-1,-1,-1
85,42,922,344,48,38,1,-1,-1,-1
85,101,1203,573,140,94,1,-1,-1,-1
85,102,1113,547,193,75,1,-1,-1,-1
85,103,1060,491,142,81,1,-1,-1,-1
85,110,399,565,84,105,1,-1,-1,-1
86,8,186,438,100,62,1,-1,-1,-1
86,10,964,454,147,51,1,-1,-1,-1
86,11,924,426,150,47,1,-1,-1,-1
86,12,889,393,119,45,1,-1,-1,-1
86,15,1088,395,82,41,1,-1,-1,-1
86,16,787,417,77,40,1,-1,-1,-1
86,41,877,350,44,33,1,-1,-1,-1
86,42,922,344,48,38,1,-1,-1,-1
86,101,1204,574,139,94,1,-1,-1,-1
86,102,1120,548,187,75,1,-1,-1,-1
86,103,1060,491,138,81,1,-1,-1,-1
86,110,397,567,85,106,1,-1,-1,-1
87,8,185,438,100,62,1,-1,-1,-1
87,10,965,454,143,51,1,-1,-1,-1
87,11,935,426,132,48,1,-1,-1,-1
87,12,889,393,120,45,1,-1,-1,-1
87,15,1089,395,82,41,1,-1,-1,-1
87,16,786,417,77,40,1,-1,-1,-1
87,41,877,350,44,33,1,-1,-1,-1
87,42,922,344,48,38,1,-1,-1,-1
87,101,1205,575,138,94,1,-1,-1,-1
87,102,1128,549,180,75,1,-1,-1,-1
87,103,1060,491,134,81,1,-1,-1,-1
87,110,395,570,86,107,1,-1,-1,-1
88,8,184,438,101,62,1,-1,-1,-1
88,10,966,454,140,52,1,-1,-1,-1
88,11,946,427,115,49,1,-1,-1,-1
88,12,889,393,121,45,1,-1,-1,-1
88,15,1089,395,82,41,1,-1,-1,-1
88,16,786,417,77,40,1,-1,-1,-1
88,41,878,350,44,33,1,-1,-1,-1
88,42,922,344,48,38,1,-1,-1,-1
88,101,1206,576,137,94,1,-1,-1,-1
88,102,1136,550,173,76,1,-1,-1,-1
88,103,1060,491,131,82,1,-1,-1,-1
88,110,393,572,86,108,1,-1,-1,-1
89,8,183,438,101,62,1,-1,-1,-1
89,10,966,454,142,51,1,-1,-1,-1
89,11,940,425,122,50,1,-1,-1,-1
89,12,889,393,120,45,1,-1,-1,-1
89,15,1089,395,82,41,1,-1,-1,-1
89,16,786,418,77,40,1,-1,-1,-1
89,41,878,350,44,33,1,-1,-1,-1
89,42,922,344,49,38,1,-1,-1,-1
89,101,1206,576,137,94,1,-1,-1,-1
89,102,1130,550,179,75,1,-1,-1,-1
89,103,1060,490,135,82,1,-1,-1,-1
89,110,391,574,87,109,1,-1,-1,-1
90,8,182,438,102,62,1,-1,-1,-1
90,10,966,454,145,51,1,-1,-1,-1
90,11,934,423,129,52,1,-1,-1,-1
90,12,889,393,120,45,1,-1,-1,-1
90,15,1089,395,82,41,1,-1,-1,-1
90,16,786,418,77,40,1,-1,-1,-1
90,41,878,350,44,33,1,-1,-1,-1
90,42,923,344,48,38,1,-1,-1,-1
90,101,1207,576,136,94,1,-1,-1,-1
90,102,1125,550,185,75,1,-1,-1,-1
90,103,1060,490,140,81,1,-1,-1,-1
90,110,389,576,88,111,1,-1,-1,-1
91,8,181,438,102,62,1,-1,-1,-1
91,10,966,454,148,51,1,-1,-1,-1
91,11,928,422,137,53,1,-1,-1,-1
91,12,889,393,120,45,1,-1,-1,-1
91,15,1090,395,81,42,1,-1,-1,-1
91,16,786,418,77,40,1,-1,-1,-1
91,41,878,350,44,33,1,-1,-1,-1
91,42,923,344,48,38,1,-1,-1,-1
91,101,1208,576,135,94,1,-1,-1,-1
91,102,1120,550,190,75,1,-1,-1,-1
91,103,1060,490,145,81,1,-1,-1,-1
91,110,387,578,89,112,1,-1,-1,-1
92,8,181,439,102,62,1,-1,-1,-1
92,10,966,454,148,51,1,-1,-1,-1
92,11,928,422,137,53,1,-1,-1,-1
92,12,889,394,120,44,1,-1,-1,-1
92,15,1090,395,82,42,1,-1,-1,-1
92,16,786,418,77,40,1,-1,-1,-1
92,41,878,351,44,33,1,-1,-1,-1
92,42,923,345,48,38,1,-1,-1,-1
92,101,1208,577,135,94,1,-1,-1,-1
92,102,1115,550,196,75,1,-1,-1,-1
92,103,1060,489,145,82,1,-1,-1,-1
92,110,385,580,90,114,1,-1,-1,-1
93,8,180,439,102,62,1,-1,-1,-1
93,10,966,454,148,51,1,-1,-1,-1
93,11,928,422,137,54,1,-1,-1,-1
93,12,889,394,119,45,1,-1,-1,-1
93,15,1090,395,82,42,1,-1,-1,-1
93,16,786,418,77,40,1,-1,-1,-1
93,41,878,351,44,33,1,-1,-1,-1
93,42,923,345,48,38,1,-1,-1,-1
93,101,1209,577,134,94,1,-1,-1,-1
93,102,1115,550,196,75,1,-1,-1,-1
93,103,1060,489,145,83,1,-1,-1,-1
93,110,383,582,91,115,1,-1,-1,-1
94,8,180,439,102,62,1,-1,-1,-1
94,10,967,454,148,52,1,-1,-1,-1
94,11,929,423,136,53,1,-1,-1,-1
94,12,889,394,119,45,1,-1,-1,-1
94,15,1090,395,82,42,1,-1,-1,-1
94,16,786,418,78,40,1,-1,-1,-1
94,41,878,351,44,33,1,-1,-1,-1
94,42,923,345,48,38,1,-1,-1,-1
94,101,1210,577,133,94,1,-1,-1,-1
94,102,1116,551,196,75,1,-1,-1,-1
94,103,1060,489,145,83,1,-1,-1,-1
94,110,381,584,92,117,1,-1,-1,-1
95,8,179,440,102,62,1,-1,-1,-1
95,10,967,454,148,52,1,-1,-1,-1
95,11,929,423,137,54,1,-1,-1,-1
95,12,889,394,119,45,1,-1,-1,-1
95,15,1091,395,81,42,1,-1,-1,-1
95,16,787,418,77,40,1,-1,-1,-1
95,41,878,351,44,33,1,-1,-1,-1
95,42,924,345,47,38,1,-1,-1,-1
95,101,1210,578,133,94,1,-1,-1,-1
95,102,1117,551,196,75,1,-1,-1,-1
95,103,1060,489,145,84,1,-1,-1,-1
95,110,379,586,93,118,1,-1,-1,-1
96,8,179,440,102,62,1,-1,-1,-1
96,10,968,454,148,53,1,-1,-1,-1
96,11,929,424,137,53,1,-1,-1,-1
96,12,889,395,119,44,1,-1,-1,-1
96,15,1091,395,81,42,1,-1,-1,-1
96,16,787,418,77,40,1,-1,-1,-1
96,41,878,351,44,33,1,-1,-1,-1
96,42,924,345,48,38,1,-1,-1,-1
96,101,1211,578,132,94,1,-1,-1,-1
96,102,1118,552,196,75,1,-1,-1,-1
96,103,1061,489,145,85,1,-1,-1,-1
96,110,378,589,93,119,1,-1,-1,-1
97,8,178,441,102,61,1,-1,-1,-1
97,10,968,454,148,53,1,-1,-1,-1
97,11,930,424,136,54,1,-1,-1,-1
97,12,889,395,118,45,1,-1,-1,-1
97,15,1091,395,82,42,1,-1,-1,-1
97,16,787,418,77,40,1,-1,-1,-1
97,41,879,351,44,33,1,-1,-1,-1
97,42,924,345,48,38,1,-1,-1,-1
97,101,1212,578,131,94,1,-1,-1,-1
97,102,1119,552,196,75,1,-1,-1,-1
97,103,1061,489,145,85,1,-1,-1,-1
97,110,374,594,95,118,1,-1,-1,-1
98,8,178,441,102,62,1,-1,-1,-1
98,10,968,454,148,54,1,-1,-1,-1
98,11,930,425,137,53,1,-1,-1,-1
98,12,889,395,118,45,1,-1,-1,-1
98,15,1091,395,82,42,1,-1,-1,-1
98,16,787,418,78,40,1,-1,-1,-1
98,41,879,351,44,34,1,-1,-1,-1
98,42,924,345,48,38,1,-1,-1,-1
98,101,1212,579,131,94,1,-1,-1,-1
98,102,1120,553,196,75,1,-1,-1,-1
98,103,1061,489,145,86,1,-1,-1,-1
98,110,370,599,98,118,1,-1,-1,-1
99,8,178,441,102,62,1,-1,-1,-1
99,10,969,454,148,54,1,-1,-1,-1
99,11,930,425,137,54,1,-1,-1,-1
99,12,889,396,118,44,1,-1,-1,-1
99,15,1092,395,81,43,1,-1,-1,-1
99,16,787,418,78,40,1,-1,-1,-1
99,41,879,351,44,34,1,-1,-1,-1
99,42,924,345,48,38,1,-1,-1,-1
99,101,1213,579,130,94,1,-1,-1,-1
99,102,1121,553,196,75,1,-1,-1,-1
99,103,1061,489,145,87,1,-1,-1,-1
99,110,367,604,100,118,1,-1,-1,-1
100,8,177,442,102,62,1,-1,-1,-1
100,10,969,454,148,55,1,-1,-1,-1
100,11,931,426,136,53,1,-1,-1,-1
100,12,889,396,118,44,1,-1,-1,-1
100,15,1092,395,81,43,1,-1,-1,-1
100,16,787,418,78,40,1,-1,-1,-1
100,41,879,352,44,33,1,-1,-1,-1
100,42,925,346,47,38,1,-1,-1,-1
100,101,1214,579,129,94,1,-1,-1,-1
100,102,1122,554,196,75,1,-1,-1,-1
100,103,1061,489,145,87,1,-1,-1,-1
100,110,364,606,103,120,1,-1,-1,-1
101,8,177,442,102,62,1,-1,-1,-1
101,10,970,455,148,54,1,-1,-1,-1
101,11,931,426,137,54,1,-1,-1,-1
101,12,889,396,118,44,1,-1,-1,-1
101,15,1092,395,81,43,1,-1,-1,-1
101,16,788,418,77,40,1,-1,-1,-1
101,41,879,352,44,33,1,-1,-1,-1
101,42,925,346,47,38,1,-1,-1,-1
101,101,1214,580,129,94,1,-1,-1,-1
101,102,1123,555,196,75,1,-1,-1,-1
101,103,1062,489,145,88,1,-1,-1,-1
101,110,361,609,106,121,1,-1,-1,-1
102,8,176,443,102,61,1,-1,-1,-1
102,10,970,455,148,55,1,-1,-1,-1
102,11,932,427,136,53,1,-1,-1,-1
102,12,889,396,117,45,1,-1,-1,-1
102,15,1092,395,82,43,1,-1,-1,-1
102,16,788,418,78,40,1,-1,-1,-1
102,41,879,352,44,33,1,-1,-1,-1
102,42,925,346,47,38,1,-1,-1,-1
102,101,1215,580,128,94,1,-1,-1,-1
102,102,1124,555,196,75,1,-1,-1,-1
102,103,1062,489,145,88,1,-1,-1,-1
102,110,357,612,109,123,1,-1,-1,-1
103,8,176,443,102,62,1,-1,-1,-1
103,10,971,455,148,55,1,-1,-1,-1
103,11,932,427,136,54,1,-1,-1,-1
103,12,889,397,117,44,1,-1,-1,-1
103,15,1092,395,82,43,1,-1,-1,-1
103,16,788,418,78,40,1,-1,-1,-1
103,41,879,352,44,33,1,-1,-1,-1
103,42,925,346,48,38,1,-1,-1,-1
103,101,1216,580,127,94,1,-1,-1,-1
103,102,1125,556,196,75,1,-1,-1,-1
103,103,1062,489,145,89,1,-1,-1,-1
103,110,354,615,112,125,1,-1,-1,-1
104,8,176,444,102,61,1,-1,-1,-1
104,10,971,455,148,56,1,-1,-1,-1
104,11,932,428,137,53,1,-1,-1,-1
104,12,889,397,117,44,1,-1,-1,-1
104,15,1093,395,81,43,1,-1,-1,-1
104,16,788,418,78,40,1,-1,-1,-1
104,41,879,352,44,34,1,-1,-1,-1
104,42,925,346,48,38,1,-1,-1,-1
104,101,1216,581,127,94,1,-1,-1,-1
104,102,1126,556,196,75,1,-1,-1,-1
104,103,1062,489,145,90,1,-1,-1,-1
104,110,351,619,115,127,1,-1,-1,-1
105,8,175,444,102,61,1,-1,-1,-1
105,10,971,455,148,56,1,-1,-1,-1
105,11,933,428,136,54,1,-1,-1,-1
105,12,889,397,117,44,1,-1,-1,-1
105,15,1093,395,81,43,1,-1,-1,-1
105,16,788,418,78,40,1,-1,-1,-1
105,41,879,352,44,34,1,-1,-1,-1
105,42,925,346,48,38,1,-1,-1,-1
105,101,1217,581,126,94,1,-1,-1,-1
105,102,1127,557,196,75,1,-1,-1,-1
105,103,1062,489,145,90,1,-1,-1,-1
105,110,350,639,101,116,1,-1,-1,-1
106,8,175,444,102,62,1,-1,-1,-1
106,10,972,455,148,57,1,-1,-1,-1
106,11,933,429,136,53,1,-1,-1,-1
106,12,889,397,116,45,1,-1,-1,-1
106,15,1093,395,81,43,1,-1,-1,-1
106,16,788,418,78,40,1,-1,-1,-1
106,41,879,352,44,34,1,-1,-1,-1
106,42,926,346,47,38,1,-1,-1,-1
106,101,1218,581,125,94,1,-1,-1,-1
106,102,1128,557,196,75,1,-1,-1,-1
106,103,1063,489,145,91,1,-1,-1,-1
106,110,348,631,104,122,1,-1,-1,-1
107,8,174,445,102,61,1,-1,-1,-1
107,10,972,455,148,57,1,-1,-1,-1
107,11,933,429,137,54,1,-1,-1,-1
107,12,889,398,116,44,1,-1,-1,-1
107,15,1093,395,82,43,1,-1,-1,-1
107,16,789,418,78,40,1,-1,-1,-1
107,41,880,352,44,34,1,-1,-1,-1
107,42,926,346,47,38,1,-1,-1,-1
107,101,1218,582,125,94,1,-1,-1,-1
107,102,1129,558,196,75,1,-1,-1,-1
107,103,1063,489,145,92,1,-1,-1,-1
107,110,345,636,106,117,1,-1,-1,-1
108,8,174,445,102,62,1,-1,-1,-1
108,10,973,455,148,58,1,-1,-1,-1
108,11,934,430,136,53,1,-1,-1,-1
108,12,889,398,116,44,1,-1,-1,-1
108,15,1094,395,81,44,1,-1,-1,-1
108,16,789,418,78,40,1,-1,-1,-1
108,41,880,353,44,33,1,-1,-1,-1
108,42,926,347,47,38,1,-1,-1,-1
108,101,1219,582,124,94,1,-1,-1,-1
108,102,1130,558,196,75,1,-1,-1,-1
108,103,1063,489,145,92,1,-1,-1,-1
108,110,342,641,109,112,1,-1,-1,-1
109,8,173,446,102,61,1,-1,-1,-1
109,10,973,455,148,58,1,-1,-1,-1
109,11,934,430,136,54,1,-1,-1,-1
109,12,889,398,116,44,1,-1,-1,-1
109,15,1094,395,81,44,1,-1,-1,-1
109,16,789,418,78,40,1,-1,-1,-1
109,41,880,353,44,33,1,-1,-1,-1
109,42,926,347,47,38,1,-1,-1,-1
109,101,1220,582,123,94,1,-1,-1,-1
109,102,1131,559,196,75,1,-1,-1,-1
109,103,1063,489,145,93,1,-1,-1,-1
109,110,339,647,112,106,1,-1,-1,-1
110,8,173,446,102,61,1,-1,-1,-1
110,10,974,456,148,58,1,-1,-1,-1
110,11,935,431,136,54,1,-1,-1,-1
110,12,890,399,115,44,1,-1,-1,-1
110,15,1094,395,81,44,1,-1,-1,-1
110,16,789,418,78,40,1,-1,-1,-1
110,41,880,353,44,34,1,-1,-1,-1
110,42,926,347,48,38,1,-1,-1,-1
110,101,1221,583,122,94,1,-1,-1,-1
110,102,1132,560,196,75,1,-1,-1,-1
110,103,1064,489,145,94,1,-1,-1,-1
110,110,336,652,115,101,1,-1,-1,-1
111,8,173,446,102,62,1,-1,-1,-1
111,10,973,456,148,57,1,-1,-1,-1
111,11,934,430,136,55,1,-1,-1,-1
111,12,890,398,114,44,1,-1,-1,-1
111,15,1094,395,81,44,1,-1,-1,-1
111,16,789,418,79,40,1,-1,-1,-1
111,41,880,353,44,34,1,-1,-1,-1
111,42,927,347,47,38,1,-1,-1,-1
111,101,1221,583,122,94,1,-1,-1,-1
111,102,1132,559,196,75,1,-1,-1,-1
111,103,1064,488,145,94,1,-1,-1,-1
111,110,334,658,117,95,1,-1,-1,-1
112,8,172,447,102,61,1,-1,-1,-1
112,10,973,456,148,57,1,-1,-1,-1
112,11,934,430,136,55,1,-1,-1,-1
112,12,890,398,114,44,1,-1,-1,-1
112,15,1095,395,81,44,1,-1,-1,-1
112,16,789,418,79,40,1,-1,-1,-1
112,41,880,353,44,34,1,-1,-1,-1
112,42,927,347,47,38,1,-1,-1,-1
112,101,1221,583,122,94,1,-1,-1,-1
112,102,1132,559,196,75,1,-1,-1,-1
112,103,1064,488,145,93,1,-1,-1,-1
112,110,330,663,117,90,1,-1,-1,-1
113,8,172,447,102,61,1,-1,-1,-1
113,10,973,456,148,57,1,-1,-1,-1
113,11,934,429,136,56,1,-1,-1,-1
113,12,890,398,114,44,1,-1,-1,-1
113,15,1095,395,81,44,1,-1,-1,-1
113,16,790,418,78,40,1,-1,-1,-1
113,41,880,353,44,34,1,-1,-1,-1
113,42,927,347,47,38,1,-1,-1,-1
113,101,1221,583,122,94,1,-1,-1,-1
113,102,1132,559,196,75,1,-1,-1,-1
113,103,1064,488,145,92,1,-1,-1,-1
113,110,326,668,118,85,1,-1,-1,-1
114,8,171,448,102,61,1,-1,-1,-1
114,10,973,456,148,57,1,-1,-1,-1
114,11,934,429,136,56,1,-1,-1,-1
114,12,890,398,114,44,1,-1,-1,-1
114,15,1095,395,81,44,1,-1,-1,-1
114,16,790,418,78,40,1,-1,-1,-1
114,41,880,353,44,34,1,-1,-1,-1
114,42,927,347,47,38,1,-1,-1,-1
114,101,1221,584,122,94,1,-1,-1,-1
114,102,1132,559,197,75,1,-1,-1,-1
114,103,1064,488,145,92,1,-1,-1,-1
114,110,322,673,119,80,1,-1,-1,-1
115,8,171,448,102,61,1,-1,-1,-1
115,10,972,456,149,57,1,-1,-1,-1
115,11,934,429,136,56,1,-1,-1,-1
115,12,890,398,113,44,1,-1,-1,-1
115,15,1095,395,81,44,1,-1,-1,-1
115,16,790,418,79,40,1,-1,-1,-1
115,41,880,353,44,34,1,-1,-1,-1
115,42,927,347,47,38,1,-1,-1,-1
115,101,1221,584,122,94,1,-1,-1,-1
115,102,1133,559,196,75,1,-1,-1,-1
115,103,1064,488,146,91,1,-1,-1,-1
115,110,318,678,120,75,1,-1,-1,-1
116,8,171,449,102,61,1,-1,-1,-1
116,10,972,456,148,56,1,-1,-1,-1
116,11,934,428,136,57,1,-1,-1,-1
116,12,890,398,113,44,1,-1,-1,-1
116,15,1096,396,81,44,1,-1,-1,-1
116,16,790,418,79,40,1,-1,-1,-1
116,41,881,354,44,34,1,-1,-1,-1
116,42,928,348,47,38,1,-1,-1,-1
116,101,1221,584,122,94,1,-1,-1,-1
116,102,1133,559,196,75,1,-1,-1,-1
116,103,1064,488,146,90,1,-1,-1,-1
116,110,314,683,121,70,1,-1,-1,-1
117,8,171,448,102,61,1,-1,-1,-1
117,10,972,456,148,56,1,-1,-1,-1
117,11,934,428,135,57,1,-1,-1,-1
117,12,890,398,113,43,1,-1,-1,-1
117,15,1095,395,82,44,1,-1,-1,-1
117,16,790,418,79,40,1,-1,-1,-1
117,41,880,353,44,34,1,-1,-1,-1
117,42,927,347,47,38,1,-1,-1,-1
117,101,1222,584,121,94,1,-1,-1,-1
117,102,1133,559,196,75,1,-1,-1,-1
117,103,1065,488,145,90,1,-1,-1,-1
117,110,310,688,122,65,1,-1,-1,-1
118,8,171,448,102,61,1,-1,-1,-1
118,10,972,456,148,56,1,-1,-1,-1
118,11,934,427,135,58,1,-1,-1,-1
118,12,890,398,113,43,1,-1,-1,-1
118,15,1095,395,82,44,1,-1,-1,-1
118,16,790,418,79,40,1,-1,-1,-1
118,41,880,353,44,34,1,-1,-1,-1
118,42,927,347,47,38,1,-1,-1,-1
118,101,1222,585,121,94,1,-1,-1,-1
118,102,1133,559,197,75,1,-1,-1,-1
118,103,1065,488,145,89,1,-1,-1,-1
119,8,171,448,102,61,1,-1,-1,-1
119,10,971,456,149,56,1,-1,-1,-1
119,11,934,427,135,58,1,-1,-1,-1
119,12,890,398,112,43,1,-1,-1,-1
119,15,1095,395,82,44,1,-1,-1,-1
119,16,791,419,79,40,1,-1,-1,-1
119,41,880,352,44,34,1,-1,-1,-1
119,42,926,347,47,38,1,-1,-1,-1
119,101,1222,585,121,94,1,-1,-1,-1
119,102,1133,559,197,75,1,-1,-1,-1
119,103,1065,488,145,88,1,-1,-1,-1
120,8,171,448,102,61,1,-1,-1,-1
120,10,971,457,149,55,1,-1,-1,-1
120,11,934,427,135,58,1,-1,-1,-1
120,12,890,398,112,43,1,-1,-1,-1
120,15,1095,395,82,44,1,-1,-1,-1
120,16,790,418,79,40,1,-1,-1,-1
120,41,880,352,44,34,1,-1,-1,-1
120,42,926,347,47,38,1,-1,-1,-1
120,101,1222,585,121,94,1,-1,-1,-1
120,102,1134,559,196,75,1,-1,-1,-1
120,103,1065,488,146,88,1,-1,-1,-1
121,8,171,448,102,61,1,-1,-1,-1
121,10,971,457,148,54,1,-1,-1,-1
121,11,934,426,135,59,1,-1,-1,-1
121,12,890,397,112,44,1,-1,-1,-1
121,15,1095,395,82,44,1,-1,-1,-1
121,16,790,418,79,40,1,-1,-1,-1
121,41,880,352,44,34,1,-1,-1,-1
121,42,925,347,47,38,1,-1,-1,-1
121,101,1222,585,121,94,1,-1,-1,-1
121,102,1134,559,196,75,1,-1,-1,-1
121,103,1065,488,146,87,1,-1,-1,-1
122,8,171,448,102,61,1,-1,-1,-1
122,10,971,457,148,54,1,-1,-1,-1
122,11,934,426,135,59,1,-1,-1,-1
122,12,890,397,112,44,1,-1,-1,-1
122,15,1095,395,82,44,1,-1,-1,-1
122,16,790,418,79,40,1,-1,-1,-1
122,41,880,351,44,34,1,-1,-1,-1
122,42,925,346,47,38,1,-1,-1,-1
122,101,1222,586,121,94,1,-1,-1,-1
122,102,1134,559,197,75,1,-1,-1,-1
122,103,1065,488,146,86,1,-1,-1,-1
123,8,171,448,102,61,1,-1,-1,-1
123,10,970,457,149,54,1,-1,-1,-1
123,11,934,426,135,59,1,-1,-1,-1
123,12,890,397,111,44,1,-1,-1,-1
123,15,1095,395,82,44,1,-1,-1,-1
123,16,790,418,79,40,1,-1,-1,-1
123,41,880,351,44,34,1,-1,-1,-1
123,42,924,346,47,38,1,-1,-1,-1
123,101,1222,586,121,94,1,-1,-1,-1
123,102,1134,559,197,75,1,-1,-1,-1
123,103,1065,488,146,85,1,-1,-1,-1
124,8,171,448,102,61,1,-1,-1,-1
124,10,970,457,149,54,1,-1,-1,-1
124,11,934,425,134,60,1,-1,-1,-1
124,12,890,397,111,43,1,-1,-1,-1
124,15,1095,395,82,44,1,-1,-1,-1
124,16,790,418,79,40,1,-1,-1,-1
124,41,880,350,44,34,1,-1,-1,-1
124,42,924,346,47,38,1,-1,-1,-1
124,101,1223,586,120,94,1,-1,-1,-1
124,102,1134,559,197,75,1,-1,-1,-1
124,103,1066,488,145,85,1,-1,-1,-1
125,8,171,448,102,61,1,-1,-1,-1
125,10,970,457,149,54,1,-1,-1,-1
125,11,934,425,134,60,1,-1,-1,-1
125,12,890,397,111,43,1,-1,-1,-1
125,15,1095,395,82,44,1,-1,-1,-1
125,16,789,418,79,40,1,-1,-1,-1
125,41,880,350,44,34,1,-1,-1,-1
125,42,923,346,47,38,1,-1,-1,-1
125,101,1223,586,120,94,1,-1,-1,-1
125,102,1135,559,196,75,1,-1,-1,-1
125,103,1066,488,146,84,1,-1,-1,-1
126,8,171,448,102,61,1,-1,-1,-1
126,10,970,457,148,53,1,-1,-1,-1
126,11,934,424,134,61,1,-1,-1,-1
126,12,890,397,111,43,1,-1,-1,-1
126,15,1095,395,82,44,1,-1,-1,-1
126,16,789,418,79,40,1,-1,-1,-1
126,41,880,350,44,34,1,-1,-1,-1
126,42,923,346,47,38,1,-1,-1,-1
126,101,1223,587,120,94,1,-1,-1,-1
126,102,1135,559,197,75,1,-1,-1,-1
126,103,1066,488,146,83,1,-1,-1,-1
127,8,171,448,102,61,1,-1,-1,-1
127,10,969,457,149,53,1,-1,-1,-1
127,11,934,424,134,61,1,-1,-1,-1
127,12,890,397,110,43,1,-1,-1,-1
127,15,1095,395,82,44,1,-1,-1,-1
127,16,789,418,79,40,1,-1,-1,-1
127,41,880,349,44,34,1,-1,-1,-1
127,42,922,345,47,38,1,-1,-1,-1
127,101,1223,587,120,94,1,-1,-1,-1
127,102,1135,559,197,75,1,-1,-1,-1
127,103,1066,488,146,83,1,-1,-1,-1
128,8,171,448,102,61,1,-1,-1,-1
128,10,969,457,149,53,1,-1,-1,-1
128,11,934,424,134,61,1,-1,-1,-1
128,12,890,397,110,43,1,-1,-1,-1
128,15,1095,395,83,44,1,-1,-1,-1
128,16,789,418,79,40,1,-1,-1,-1
128,41,880,349,44,34,1,-1,-1,-1
128,42,922,345,47,38,1,-1,-1,-1
128,101,1223,587,120,94,1,-1,-1,-1
128,102,1135,559,197,75,1,-1,-1,-1
128,103,1066,488,146,82,1,-1,-1,-1
129,8,171,448,102,61,1,-1,-1,-1
129,10,969,457,149,53,1,-1,-1,-1
129,11,934,423,134,62,1,-1,-1,-1
129,12,890,397,110,43,1,-1,-1,-1
129,15,1095,395,83,44,1,-1,-1,-1
129,16,789,418,79,40,1,-1,-1,-1
129,41,880,348,44,34,1,-1,-1,-1
129,42,921,345,47,38,1,-1,-1,-1
129,101,1223,587,120,94,1,-1,-1,-1
129,102,1135,559,197,75,1,-1,-1,-1
129,103,1066,488,146,81,1,-1,-1,-1
130,8,171,448,102,61,1,-1,-1,-1
130,10,969,458,149,52,1,-1,-1,-1
130,11,934,423,133,62,1,-1,-1,-1
130,12,891,397,109,43,1,-1,-1,-1
130,15,1095,395,83,44,1,-1,-1,-1
130,16,789,418,79,40,1,-1,-1,-1
130,41,880,348,44,34,1,-1,-1,-1
130,42,921,345,47,38,1,-1,-1,-1
130,101,1224,588,119,94,1,-1,-1,-1
130,102,1136,559,197,75,1,-1,-1,-1
130,103,1067,488,146,81,1,-1,-1,-1
131,8,171,448,102,61,1,-1,-1,-1
131,10,968,458,149,53,1,-1,-1,-1
131,11,934,422,133,63,1,-1,-1,-1
131,12,890,397,109,43,1,-1,-1,-1
131,15,1095,395,83,44,1,-1,-1,-1
131,16,788,418,79,40,1,-1,-1,-1
131,41,880,348,44,34,1,-1,-1,-1
131,42,921,345,47,38,1,-1,-1,-1
131,101,1222,585,121,94,1,-1,-1,-1
131,102,1135,558,197,76,1,-1,-1,-1
131,103,1066,488,146,83,1,-1,-1,-1
132,8,170,447,102,61,1,-1,-1,-1
132,10,968,458,149,54,1,-1,-1,-1
132,11,934,422,133,63,1,-1,-1,-1
132,12,890,397,109,43,1,-1,-1,-1
132,15,1095,395,83,44,1,-1,-1,-1
132,16,788,418,79,40,1,-1,-1,-1
132,41,880,348,44,34,1,-1,-1,-1
132,42,921,345,47,38,1,-1,-1,-1
132,101,1221,583,122,94,1,-1,-1,-1
132,102,1135,558,197,76,1,-1,-1,-1
132,103,1066,489,146,84,1,-1,-1,-1
133,8,170,447,102,61,1,-1,-1,-1
133,10,968,458,149,55,1,-1,-1,-1
133,11,934,422,133,63,1,-1,-1,-1
133,12,890,397,109,43,1,-1,-1,-1
133,15,1094,394,84,45,1,-1,-1,-1
133,16,788,418,79,40,1,-1,-1,-1
133,41,880,348,44,34,1,-1,-1,-1
133,42,921,345,47,38,1,-1,-1,-1
133,101,1220,581,123,94,1,-1,-1,-1
133,102,1135,558,197,76,1,-1,-1,-1
133,103,1065,489,147,86,1,-1,-1,-1
134,8,170,447,102,61,1,-1,-1,-1
134,10,968,458,148,56,1,-1,-1,-1
134,11,934,421,133,64,1,-1,-1,-1
134,12,890,397,109,43,1,-1,-1,-1
134,15,1094,394,84,45,1,-1,-1,-1
134,16,788,418,79,40,1,-1,-1,-1
134,41,880,348,44,34,1,-1,-1,-1
134,42,921,345,47,38,1,-1,-1,-1
134,101,1219,579,124,93,1,-1,-1,-1
134,102,1135,558,196,76,1,-1,-1,-1
134,103,1065,490,146,87,1,-1,-1,-1
135,8,170,447,102,61,1,-1,-1,-1
135,10,968,458,148,57,1,-1,-1,-1
135,11,934,421,133,64,1,-1,-1,-1
135,12,890,397,109,43,1,-1,-1,-1
135,15,1094,394,84,45,1,-1,-1,-1
135,16,788,418,79,40,1,-1,-1,-1
135,41,880,348,44,34,1,-1,-1,-1
135,42,921,345,47,38,1,-1,-1,-1
135,101,1218,577,125,93,1,-1,-1,-1
135,102,1135,558,196,76,1,-1,-1,-1
135,103,1064,490,147,89,1,-1,-1,-1
136,8,170,447,102,61,1,-1,-1,-1
136,10,968,458,148,58,1,-1,-1,-1
136,11,934,421,133,65,1,-1,-1,-1
136,12,889,397,110,43,1,-1,-1,-1
136,15,1094,394,84,45,1,-1,-1,-1
136,16,788,418,79,40,1,-1,-1,-1
136,41,880,348,44,34,1,-1,-1,-1
136,42,921,345,47,38,1,-1,-1,-1
136,101,1217,575,126,93,1,-1,-1,-1
136,102,1135,558,196,76,1,-1,-1,-1
136,103,1064,491,147,90,1,-1,-1,-1
137,8,170,447,102,61,1,-1,-1,-1
137,10,967,457,148,58,1,-1,-1,-1
137,11,933,421,133,64,1,-1,-1,-1
137,12,889,397,110,43,1,-1,-1,-1
137,15,1094,394,84,45,1,-1,-1,-1
137,16,787,417,79,40,1,-1,-1,-1
137,41,880,348,44,34,1,-1,-1,-1
137,42,922,345,47,38,1,-1,-1,-1
137,101,1216,574,126,94,1,-1,-1,-1
137,102,1135,558,196,76,1,-1,-1,-1
137,103,1064,491,147,90,1,-1,-1,-1
138,8,170,447,102,61,1,-1,-1,-1
138,10,967,457,148,58,1,-1,-1,-1
138,11,933,421,133,64,1,-1,-1,-1
138,12,889,397,110,43,1,-1,-1,-1
138,15,1094,394,84,45,1,-1,-1,-1
138,16,787,417,79,40,1,-1,-1,-1
138,41,880,348,44,34,1,-1,-1,-1
138,42,922,345,47,38,1,-1,-1,-1
138,101,1216,574,126,94,1,-1,-1,-1
138,102,1135,558,195,76,1,-1,-1,-1
138,103,1064,491,147,90,1,-1,-1,-1
139,8,170,446,102,62,1,-1,-1,-1
139,10,966,457,148,58,1,-1,-1,-1
139,11,933,421,133,64,1,-1,-1,-1
139,12,889,397,110,43,1,-1,-1,-1
139,15,1094,394,85,44,1,-1,-1,-1
139,16,787,417,79,40,1,-1,-1,-1
139,41,880,348,44,34,1,-1,-1,-1
139,42,922,345,47,38,1,-1,-1,-1
139,101,1216,574,126,94,1,-1,-1,-1
139,102,1135,558,195,76,1,-1,-1,-1
139,103,1064,491,147,90,1,-1,-1,-1
140,8,170,446,102,62,1,-1,-1,-1
140,10,966,457,148,57,1,-1,-1,-1
140,11,932,421,133,64,1,-1,-1,-1
140,12,889,397,110,43,1,-1,-1,-1
140,15,1094,394,85,44,1,-1,-1,-1
140,16,787,417,79,40,1,-1,-1,-1
140,41,881,348,44,34,1,-1,-1,-1
140,42,922,345,47,38,1,-1,-1,-1
140,101,1216,574,126,94,1,-1,-1,-1
140,102,1135,557,195,78,1,-1,-1,-1
140,103,1064,491,148,90,1,-1,-1,-1
141,8,170,446,102,62,1,-1,-1,-1
141,10,965,457,149,57,1,-1,-1,-1
141,11,932,421,133,64,1,-1,-1,-1
141,12,888,397,111,43,1,-1,-1,-1
141,15,1094,394,85,44,1,-1,-1,-1
141,16,787,417,79,40,1,-1,-1,-1
141,41,881,348,44,35,1,-1,-1,-1
141,42,922,345,47,38,1,-1,-1,-1
141,101,1216,574,126,94,1,-1,-1,-1
141,102,1135,557,195,78,1,-1,-1,-1
141,103,1064,491,148,90,1,-1,-1,-1
142,8,170,446,102,62,1,-1,-1,-1
142,10,965,456,148,58,1,-1,-1,-1
142,11,932,421,133,64,1,-1,-1,-1
142,12,888,397,111,43,1,-1,-1,-1
142,15,1094,394,85,44,1,-1,-1,-1
142,16,786,417,79,40,1,-1,-1,-1
142,41,881,348,44,35,1,-1,-1,-1
142,42,923,345,47,38,1,-1,-1,-1
142,101,1215,574,127,95,1,-1,-1,-1
142,102,1135,557,194,78,1,-1,-1,-1
142,103,1064,491,148,91,1,-1,-1,-1
143,8,170,446,102,62,1,-1,-1,-1
143,10,964,456,149,57,1,-1,-1,-1
143,11,932,421,133,64,1,-1,-1,-1
143,12,888,397,111,43,1,-1,-1,-1
143,15,1094,394,85,44,1,-1,-1,-1
143,16,786,417,79,40,1,-1,-1,-1
143,41,881,348,44,35,1,-1,-1,-1
143,42,923,345,47,38,1,-1,-1,-1
143,101,1215,574,127,95,1,-1,-1,-1
143,102,1135,557,194,78,1,-1,-1,-1
143,103,1064,491,148,91,1,-1,-1,-1
144,8,170,446,102,61,1,-1,-1,-1
144,10,964,456,148,57,1,-1,-1,-1
144,11,931,421,133,64,1,-1,-1,-1
144,12,888,398,111,43,1,-1,-1,-1
144,15,1094,394,85,44,1,-1,-1,-1
144,16,786,417,79,40,1,-1,-1,-1
144,41,881,348,44,35,1,-1,-1,-1
144,42,923,345,47,38,1,-1,-1,-1
144,101,1215,574,127,95,1,-1,-1,-1
144,102,1134,557,195,78,1,-1,-1,-1
144,103,1064,491,149,91,1,-1,-1,-1
145,8,170,446,102,61,1,-1,-1,-1
145,10,963,456,149,57,1,-1,-1,-1
145,11,931,421,133,64,1,-1,-1,-1
145,12,888,398,111,43,1,-1,-1,-1
145,15,1094,394,85,44,1,-1,-1,-1
145,16,786,417,79,40,1,-1,-1,-1
145,41,881,348,44,35,1,-1,-1,-1
145,42,923,345,47,38,1,-1,-1,-1
145,101,1215,574,127,95,1,-1,-1,-1
145,102,1134,557,195,78,1,-1,-1,-1
145,103,1064,491,149,91,1,-1,-1,-1
146,8,170,445,102,62,1,-1,-1,-1
146,10,963,456,149,56,1,-1,-1,-1
146,11,931,421,133,64,1,-1,-1,-1
146,12,888,398,111,43,1,-1,-1,-1
146,15,1094,394,85,44,1,-1,-1,-1
146,16,786,417,79,40,1,-1,-1,-1
146,41,881,349,44,34,1,-1,-1,-1
146,42,923,345,47,38,1,-1,-1,-1
146,101,1215,574,127,95,1,-1,-1,-1
146,102,1134,557,194,78,1,-1,-1,-1
146,103,1064,491,149,91,1,-1,-1,-1
147,8,170,445,102,62,1,-1,-1,-1
147,10,962,455,149,57,1,-1,-1,-1
147,11,931,421,133,64,1,-1,-1,-1
147,12,887,398,112,43,1,-1,-1,-1
147,15,1094,394,85,44,1,-1,-1,-1
147,16,786,417,79,40,1,-1,-1,-1
147,41,881,349,44,34,1,-1,-1,-1
147,42,923,345,47,38,1,-1,-1,-1
147,101,1215,574,127,96,1,-1,-1,-1
147,102,1134,557,194,78,1,-1,-1,-1
147,103,1064,491,150,92,1,-1,-1,-1
148,8,170,445,102,62,1,-1,-1,-1
148,10,962,455,149,57,1,-1,-1,-1
148,11,930,421,133,64,1,-1,-1,-1
148,12,887,398,112,43,1,-1,-1,-1
148,15,1094,394,85,44,1,-1,-1,-1
148,16,785,417,79,40,1,-1,-1,-1
148,41,881,349,44,34,1,-1,-1,-1
148,42,924,345,47,38,1,-1,-1,-1
148,101,1214,574,128,96,1,-1,-1,-1
148,102,1134,557,194,78,1,-1,-1,-1
148,103,1064,491,150,92,1,-1,-1,-1
149,8,170,445,102,62,1,-1,-1,-1
149,10,961,455,149,56,1,-1,-1,-1
149,11,930,421,133,64,1,-1,-1,-1
149,12,887,398,112,43,1,-1,-1,-1
149,15,1094,394,85,44,1,-1,-1,-1
149,16,785,417,79,40,1,-1,-1,-1
149,41,882,349,44,34,1,-1,-1,-1
149,42,924,345,47,38,1,-1,-1,-1
149,101,1214,574,128,96,1,-1,-1,-1
149,102,1134,557,194,78,1,-1,-1,-1
149,103,1064,491,150,92,1,-1,-1,-1
150,8,170,445,101,62,1,-1,-1,-1
150,10,961,455,149,56,1,-1,-1,-1
150,11,930,421,133,64,1,-1,-1,-1
150,12,887,398,112,43,1,-1,-1,-1
150,15,1093,393,87,45,1,-1,-1,-1
150,16,785,417,79,40,1,-1,-1,-1
150,41,882,349,44,34,1,-1,-1,-1
150,42,924,345,47,38,1,-1,-1,-1
150,101,1214,574,128,96,1,-1,-1,-1
150,102,1134,556,193,80,1,-1,-1,-1
150,103,1064,491,150,92,1,-1,-1,-1
151,8,170,445,101,62,1,-1,-1,-1
151,10,961,455,149,56,1,-1,-1,-1
151,11,930,422,133,63,1,-1,-1,-1
151,12,887,398,112,43,1,-1,-1,-1
151,15,1093,393,87,45,1,-1,-1,-1
151,16,785,417,79,40,1,-1,-1,-1
151,41,882,349,44,35,1,-1,-1,-1
151,42,924,345,47,38,1,-1,-1,-1
151,101,1214,574,128,96,1,-1,-1,-1
151,102,1134,556,193,80,1,-1,-1,-1
151,103,1064,491,151,92,1,-1,-1,-1
152,8,170,445,101,62,1,-1,-1,-1
152,10,961,454,149,56,1,-1,-1,-1
152,11,929,422,133,62,1,-1,-1,-1
152,12,886,398,113,43,1,-1,-1,-1
152,15,1093,393,87,45,1,-1,-1,-1
152,16,785,417,79,40,1,-1,-1,-1
152,41,882,349,44,35,1,-1,-1,-1
152,42,924,345,47,38,1,-1,-1,-1
152,101,1214,574,128,96,1,-1,-1,-1
152,102,1134,556,193,80,1,-1,-1,-1
152,103,1064,491,151,92,1,-1,-1,-1
153,8,170,444,101,63,1,-1,-1,-1
153,10,962,454,149,56,1,-1,-1,-1
153,11,929,422,133,62,1,-1,-1,-1
153,12,886,398,113,43,1,-1,-1,-1
153,15,1093,393,87,45,1,-1,-1,-1
153,16,785,417,79,40,1,-1,-1,-1
153,41,882,349,44,35,1,-1,-1,-1
153,42,925,345,47,38,1,-1,-1,-1
153,101,1213,574,129,97,1,-1,-1,-1
153,102,1134,556,193,80,1,-1,-1,-1
153,103,1064,491,151,93,1,-1,-1,-1
154,8,170,444,101,63,1,-1,-1,-1
154,10,962,454,149,56,1,-1,-1,-1
154,11,929,422,133,62,1,-1,-1,-1
154,12,886,398,113,43,1,-1,-1,-1
154,15,1093,393,87,45,1,-1,-1,-1
154,16,784,416,79,40,1,-1,-1,-1
154,41,882,349,44,35,1,-1,-1,-1
154,42,925,345,47,38,1,-1,-1,-1
154,101,1213,574,129,97,1,-1,-1,-1
154,102,1134,556,192,80,1,-1,-1,-1
154,103,1064,491,151,93,1,-1,-1,-1
155,8,170,444,101,63,1,-1,-1,-1
155,10,963,454,149,55,1,-1,-1,-1
155,11,929,422,133,62,1,-1,-1,-1
155,12,886,398,113,43,1,-1,-1,-1
155,15,1093,393,87,45,1,-1,-1,-1
155,16,784,416,79,40,1,-1,-1,-1
155,41,882,349,44,35,1,-1,-1,-1
155,42,925,345,47,38,1,-1,-1,-1
155,101,1213,574,129,97,1,-1,-1,-1
155,102,1134,556,192,80,1,-1,-1,-1
155,103,1064,491,152,93,1,-1,-1,-1
156,8,170,444,101,62,1,-1,-1,-1
156,10,963,454,149,55,1,-1,-1,-1
156,11,928,422,133,62,1,-1,-1,-1
156,12,886,398,113,43,1,-1,-1,-1
156,15,1093,393,87,45,1,-1,-1,-1
156,16,784,416,79,40,1,-1,-1,-1
156,41,882,349,44,35,1,-1,-1,-1
156,42,925,345,47,38,1,-1,-1,-1
156,101,1213,574,129,97,1,-1,-1,-1
156,102,1134,556,192,80,1,-1,-1,-1
156,103,1064,491,152,93,1,-1,-1,-1
157,8,170,444,101,62,1,-1,-1,-1
157,10,964,454,149,55,1,-1,-1,-1
157,11,928,422,133,62,1,-1,-1,-1
157,12,886,399,113,43,1,-1,-1,-1
157,15,1093,393,87,45,1,-1,-1,-1
157,16,784,416,79,40,1,-1,-1,-1
157,41,883,349,44,35,1,-1,-1,-1
157,42,925,345,47,38,1,-1,-1,-1
157,101,1213,574,129,97,1,-1,-1,-1
157,102,1133,556,193,80,1,-1,-1,-1
157,103,1064,491,152,93,1,-1,-1,-1
158,8,170,444,101,62,1,-1,-1,-1
158,10,964,454,149,55,1,-1,-1,-1
158,11,928,422,133,62,1,-1,-1,-1
158,12,886,398,113,43,1,-1,-1,-1
158,15,1093,393,87,45,1,-1,-1,-1
158,16,784,416,79,40,1,-1,-1,-1
158,41,883,349,44,35,1,-1,-1,-1
158,42,925,345,47,38,1,-1,-1,-1
158,101,1213,574,129,98,1,-1,-1,-1
158,102,1133,556,192,80,1,-1,-1,-1
158,103,1064,491,153,94,1,-1,-1,-1
159,8,170,444,101,62,1,-1,-1,-1
159,10,965,454,149,54,1,-1,-1,-1
159,11,928,422,133,62,1,-1,-1,-1
159,12,886,398,113,43,1,-1,-1,-1
159,15,1093,393,87,45,1,-1,-1,-1
159,16,783,416,79,40,1,-1,-1,-1
159,41,883,349,44,35,1,-1,-1,-1
159,42,926,345,47,38,1,-1,-1,-1
159,101,1212,574,130,98,1,-1,-1,-1
159,102,1133,556,192,80,1,-1,-1,-1
159,103,1064,491,153,94,1,-1,-1,-1
160,8,170,443,101,63,1,-1,-1,-1
160,10,965,454,150,54,1,-1,-1,-1
160,11,928,422,133,62,1,-1,-1,-1
160,12,886,398,114,43,1,-1,-1,-1
160,15,1093,393,87,45,1,-1,-1,-1
160,16,783,416,79,40,1,-1,-1,-1
160,41,883,349,44,35,1,-1,-1,-1
160,42,926,345,47,38,1,-1,-1,-1
160,101,1212,574,130,98,1,-1,-1,-1
160,102,1133,555,192,82,1,-1,-1,-1
160,103,1064,491,153,94,1,-1,-1,-1
161,8,170,443,101,63,1,-1,-1,-1
161,10,966,453,149,55,1,-1,-1,-1
161,11,927,422,133,62,1,-1,-1,-1
161,12,886,398,114,43,1,-1,-1,-1
161,15,1093,393,88,44,1,-1,-1,-1
161,16,783,416,79,40,1,-1,-1,-1
161,41,883,350,44,35,1,-1,-1,-1
161,42,926,345,47,38,1,-1,-1,-1
161,101,1212,574,130,98,1,-1,-1,-1
161,102,1133,555,192,82,1,-1,-1,-1
161,103,1064,491,153,94,1,-1,-1,-1
162,8,170,443,101,63,1,-1,-1,-1
162,10,966,453,150,54,1,-1,-1,-1
162,11,927,422,133,62,1,-1,-1,-1
162,12,886,398,114,43,1,-1,-1,-1
162,15,1093,393,88,44,1,-1,-1,-1
162,16,783,416,79,40,1,-1,-1,-1
162,41,883,350,44,35,1,-1,-1,-1
162,42,926,345,47,38,1,-1,-1,-1
162,101,1212,574,130,98,1,-1,-1,-1
162,102,1133,555,191,82,1,-1,-1,-1
162,103,1064,491,154,94,1,-1,-1,-1
163,8,170,443,101,63,1,-1,-1,-1
163,10,967,453,149,54,1,-1,-1,-1
163,11,927,422,133,62,1,-1,-1,-1
163,12,887,398,114,43,1,-1,-1,-1
163,15,1093,393,88,44,1,-1,-1,-1
163,16,783,416,79,40,1,-1,-1,-1
163,41,883,350,44,35,1,-1,-1,-1
163,42,926,345,47,38,1,-1,-1,-1
163,101,1212,574,130,98,1,-1,-1,-1
163,102,1133,555,191,82,1,-1,-1,-1
163,103,1064,491,154,94,1,-1,-1,-1
164,8,170,443,101,63,1,-1,-1,-1
164,10,967,453,150,54,1,-1,-1,-1
164,11,927,422,133,62,1,-1,-1,-1
164,12,887,398,114,43,1,-1,-1,-1
164,15,1093,393,88,44,1,-1,-1,-1
164,16,783,416,79,40,1,-1,-1,-1
164,41,883,350,44,35,1,-1,-1,-1
164,42,927,345,47,38,1,-1,-1,-1
164,101,1211,574,131,99,1,-1,-1,-1
164,102,1133,555,191,82,1,-1,-1,-1
164,103,1064,491,154,95,1,-1,-1,-1
165,8,170,443,101,63,1,-1,-1,-1
165,10,968,453,149,54,1,-1,-1,-1
165,11,926,422,133,62,1,-1,-1,-1
165,12,887,398,114,42,1,-1,-1,-1
165,15,1093,393,88,44,1,-1,-1,-1
165,16,782,416,79,40,1,-1,-1,-1
165,41,883,350,44,35,1,-1,-1,-1
165,42,927,345,47,38,1,-1,-1,-1
165,101,1211,574,131,99,1,-1,-1,-1
165,102,1133,555,191,82,1,-1,-1,-1
165,103,1064,491,154,95,1,-1,-1,-1
166,8,170,443,101,63,1,-1,-1,-1
166,10,968,453,150,53,1,-1,-1,-1
166,11,926,422,133,62,1,-1,-1,-1
166,12,887,398,115,42,1,-1,-1,-1
166,15,1093,393,88,44,1,-1,-1,-1
166,16,782,416,79,40,1,-1,-1,-1
166,41,884,350,44,35,1,-1,-1,-1
166,42,927,345,47,38,1,-1,-1,-1
166,101,1211,574,131,99,1,-1,-1,-1
166,102,1133,555,190,82,1,-1,-1,-1
166,103,1064,491,155,95,1,-1,-1,-1
167,8,170,443,101,63,1,-1,-1,-1
167,10,969,453,149,53,1,-1,-1,-1
167,11,926,422,133,62,1,-1,-1,-1
167,12,887,398,115,42,1,-1,-1,-1
167,15,1092,392,89,45,1,-1,-1,-1
167,16,782,416,79,40,1,-1,-1,-1
167,41,884,350,44,35,1,-1,-1,-1
167,42,927,345,47,38,1,-1,-1,-1
167,101,1211,574,131,99,1,-1,-1,-1
167,102,1133,555,190,82,1,-1,-1,-1
167,103,1064,491,155,95,1,-1,-1,-1
168,8,169,443,102,63,1,-1,-1,-1
168,10,969,453,150,53,1,-1,-1,-1
168,11,926,422,133,62,1,-1,-1,-1
168,12,888,397,114,43,1,-1,-1,-1
168,15,1092,392,89,45,1,-1,-1,-1
168,16,782,416,79,40,1,-1,-1,-1
168,41,884,350,44,35,1,-1,-1,-1
168,42,927,345,47,38,1,-1,-1,-1
168,101,1211,574,131,99,1,-1,-1,-1
168,102,1133,555,190,82,1,-1,-1,-1
168,103,1064,491,155,95,1,-1,-1,-1
169,8,169,443,102,64,1,-1,-1,-1
169,10,970,453,150,53,1,-1,-1,-1
169,11,926,423,133,61,1,-1,-1,-1
169,12,888,397,115,43,1,-1,-1,-1
169,15,1092,392,89,45,1,-1,-1,-1
169,16,782,416,79,40,1,-1,-1,-1
169,41,884,350,44,35,1,-1,-1,-1
169,42,927,345,47,38,1,-1,-1,-1
169,101,1211,574,131,100,1,-1,-1,-1
169,102,1133,555,190,83,1,-1,-1,-1
169,103,1065,491,155,96,1,-1,-1,-1
170,8,168,443,103,64,1,-1,-1,-1
170,10,969,453,150,53,1,-1,-1,-1
170,11,926,423,133,60,1,-1,-1,-1
170,12,888,397,115,43,1,-1,-1,-1
170,15,1092,392,89,45,1,-1,-1,-1
170,16,782,416,79,40,1,-1,-1,-1
170,41,884,350,44,35,1,-1,-1,-1
170,42,928,345,47,38,1,-1,-1,-1
170,101,1211,574,131,100,1,-1,-1,-1
170,102,1132,555,191,83,1,-1,-1,-1
170,103,1065,490,155,97,1,-1,-1,-1
171,8,168,443,103,65,1,-1,-1,-1
171,10,968,454,150,53,1,-1,-1,-1
171,11,927,423,133,60,1,-1,-1,-1
171,12,888,397,115,43,1,-1,-1,-1
171,15,1092,392,89,45,1,-1,-1,-1
171,16,782,416,79,40,1,-1,-1,-1
171,41,884,350,44,36,1,-1,-1,-1
171,42,928,345,47,38,1,-1,-1,-1
171,101,1212,575,130,99,1,-1,-1,-1
171,102,1132,556,192,82,1,-1,-1,-1
171,103,1065,490,155,97,1,-1,-1,-1
172,8,168,444,103,64,1,-1,-1,-1
172,10,968,455,150,52,1,-1,-1,-1
172,11,928,423,133,60,1,-1,-1,-1
172,12,888,397,116,42,1,-1,-1,-1
172,15,1092,392,90,45,1,-1,-1,-1
172,16,782,416,79,40,1,-1,-1,-1
172,41,884,350,44,36,1,-1,-1,-1
172,42,928,345,47,38,1,-1,-1,-1
172,101,1212,576,130,99,1,-1,-1,-1
172,102,1132,557,193,81,1,-1,-1,-1
172,103,1065,490,156,97,1,-1,-1,-1
173,8,167,444,104,65,1,-1,-1,-1
173,10,967,455,150,53,1,-1,-1,-1
173,11,929,423,133,60,1,-1,-1,-1
173,12,889,397,115,42,1,-1,-1,-1
173,15,1092,392,90,45,1,-1,-1,-1
173,16,782,416,79,41,1,-1,-1,-1
173,41,884,350,44,36,1,-1,-1,-1
173,42,928,345,47,38,1,-1,-1,-1
173,101,1213,577,129,98,1,-1,-1,-1
173,102,1132,557,194,81,1,-1,-1,-1
173,103,1065,490,156,97,1,-1,-1,-1
174,8,167,444,104,65,1,-1,-1,-1
174,10,966,456,150,52,1,-1,-1,-1
174,11,929,423,133,60,1,-1,-1,-1
174,12,889,397,115,42,1,-1,-1,-1
174,15,1092,392,90,45,1,-1,-1,-1
174,16,782,416,79,41,1,-1,-1,-1
174,41,885,350,44,36,1,-1,-1,-1
174,42,928,345,47,38,1,-1,-1,-1
174,101,1213,578,129,98,1,-1,-1,-1
174,102,1132,558,194,80,1,-1,-1,-1
174,103,1065,490,157,97,1,-1,-1,-1
175,8,167,444,104,66,1,-1,-1,-1
175,10,966,457,150,52,1,-1,-1,-1
175,11,930,423,133,60,1,-1,-1,-1
175,12,889,397,116,42,1,-1,-1,-1
175,15,1092,392,90,45,1,-1,-1,-1
175,16,783,417,78,41,1,-1,-1,-1
175,41,885,350,44,36,1,-1,-1,-1
175,42,929,345,47,38,1,-1,-1,-1
175,101,1214,579,128,97,1,-1,-1,-1
175,102,1132,559,195,79,1,-1,-1,-1
175,103,1065,490,157,97,1,-1,-1,-1
176,8,166,445,105,65,1,-1,-1,-1
176,10,965,457,150,52,1,-1,-1,-1
176,11,931,423,133,60,1,-1,-1,-1
176,12,889,397,116,42,1,-1,-1,-1
176,15,1092,392,90,45,1,-1,-1,-1
176,16,783,417,79,41,1,-1,-1,-1
176,41,885,351,44,35,1,-1,-1,-1
176,42,929,345,47,38,1,-1,-1,-1
176,101,1214,580,128,97,1,-1,-1,-1
176,102,1132,559,196,79,1,-1,-1,-1
176,103,1065,490,158,97,1,-1,-1,-1
177,8,166,445,105,66,1,-1,-1,-1
177,10,964,458,150,52,1,-1,-1,-1
177,11,932,423,133,60,1,-1,-1,-1
177,12,889,397,116,42,1,-1,-1,-1
177,15,1092,392,90,45,1,-1,-1,-1
177,16,783,417,79,42,1,-1,-1,-1
177,41,885,351,44,35,1,-1,-1,-1
177,42,929,345,47,38,1,-1,-1,-1
177,101,1215,581,127,96,1,-1,-1,-1
177,102,1132,560,197,78,1,-1,-1,-1
177,103,1065,490,158,97,1,-1,-1,-1
178,8,166,445,105,66,1,-1,-1,-1
178,10,964,459,150,52,1,-1,-1,-1
178,11,933,423,133,60,1,-1,-1,-1
178,12,890,397,116,42,1,-1,-1,-1
178,15,1092,392,90,45,1,-1,-1,-1
178,16,783,417,79,42,1,-1,-1,-1
178,41,885,351,44,35,1,-1,-1,-1
178,42,929,345,47,38,1,-1,-1,-1
178,101,1216,582,127,96,1,-1,-1,-1
178,102,1132,561,198,78,1,-1,-1,-1
178,103,1066,490,158,97,1,-1,-1,-1
179,8,165,445,106,67,1,-1,-1,-1
179,10,965,459,150,52,1,-1,-1,-1
179,11,933,423,133,60,1,-1,-1,-1
179,12,890,397,116,42,1,-1,-1,-1
179,15,1092,392,90,45,1,-1,-1,-1
179,16,784,418,78,42,1,-1,-1,-1
179,41,885,351,44,35,1,-1,-1,-1
179,42,929,345,47,38,1,-1,-1,-1
179,101,1218,584,125,96,1,-1,-1,-1
179,102,1131,561,199,79,1,-1,-1,-1
179,103,1066,490,158,98,1,-1,-1,-1
180,8,165,445,106,67,1,-1,-1,-1
180,10,966,460,150,52,1,-1,-1,-1
180,11,934,424,133,60,1,-1,-1,-1
180,12,890,397,117,42,1,-1,-1,-1
180,15,1092,392,90,45,1,-1,-1,-1
180,16,784,418,78,42,1,-1,-1,-1
180,41,885,351,44,35,1,-1,-1,-1
180,42,929,345,47,38,1,-1,-1,-1
180,101,1220,587,123,95,1,-1,-1,-1
180,102,1131,561,199,80,1,-1,-1,-1
180,103,1066,491,159,98,1,-1,-1,-1
181,8,164,446,107,67,1,-1,-1,-1
181,10,967,461,150,51,1,-1,-1,-1
181,11,935,425,133,59,1,-1,-1,-1
181,12,891,398,116,42,1,-1,-1,-1
181,15,1092,392,90,45,1,-1,-1,-1
181,16,784,418,78,43,1,-1,-1,-1
181,41,885,351,44,36,1,-1,-1,-1
181,42,930,345,47,38,1,-1,-1,-1
181,101,1222,589,121,96,1,-1,-1,-1
181,102,1130,561,201,81,1,-1,-1,-1
181,103,1067,492,158,98,1,-1,-1,-1
182,8,164,446,107,67,1,-1,-1,-1
182,10,968,461,150,52,1,-1,-1,-1
182,11,936,425,133,60,1,-1,-1,-1
182,12,891,398,117,42,1,-1,-1,-1
182,15,1092,392,90,45,1,-1,-1,-1
182,16,784,418,79,43,1,-1,-1,-1
182,41,885,351,44,36,1,-1,-1,-1
182,42,930,345,47,38,1,-1,-1,-1
182,101,1224,592,119,95,1,-1,-1,-1
182,102,1130,561,201,83,1,-1,-1,-1
182,103,1067,493,159,98,1,-1,-1,-1
183,8,164,446,107,68,1,-1,-1,-1
183,10,969,462,150,52,1,-1,-1,-1
183,11,937,426,133,59,1,-1,-1,-1
183,12,891,398,117,42,1,-1,-1,-1
183,15,1092,392,91,45,1,-1,-1,-1
183,16,785,419,78,43,1,-1,-1,-1
183,41,886,351,44,36,1,-1,-1,-1
183,42,930,345,47,38,1,-1,-1,-1
183,101,1226,594,117,95,1,-1,-1,-1
183,102,1130,561,201,84,1,-1,-1,-1
183,103,1068,494,159,98,1,-1,-1,-1
184,8,163,446,108,68,1,-1,-1,-1
184,10,970,463,150,51,1,-1,-1,-1
184,11,938,427,133,59,1,-1,-1,-1
184,12,892,399,117,42,1,-1,-1,-1
184,15,1093,392,91,46,1,-1,-1,-1
184,16,785,419,78,43,1,-1,-1,-1
184,41,886,351,44,36,1,-1,-1,-1
184,42,930,345,47,38,1,-1,-1,-1
184,101,1228,597,115,95,1,-1,-1,-1
184,102,1129,561,203,85,1,-1,-1,-1
184,103,1068,495,159,98,1,-1,-1,-1
185,8,163,447,108,68,1,-1,-1,-1
185,10,971,464,151,51,1,-1,-1,-1
185,11,939,428,133,59,1,-1,-1,-1
185,12,892,399,117,42,1,-1,-1,-1
185,15,1094,393,92,46,1,-1,-1,-1
185,16,785,419,78,44,1,-1,-1,-1
185,41,886,351,44,36,1,-1,-1,-1
185,42,930,345,47,38,1,-1,-1,-1
185,101,1230,599,113,95,1,-1,-1,-1
185,102,1129,561,203,86,1,-1,-1,-1
185,103,1069,496,159,98,1,-1,-1,-1
186,8,163,447,108,68,1,-1,-1,-1
186,10,972,464,151,52,1,-1,-1,-1
186,11,939,428,133,59,1,-1,-1,-1
186,12,892,399,118,42,1,-1,-1,-1
186,15,1096,394,92,46,1,-1,-1,-1
186,16,785,419,78,44,1,-1,-1,-1
186,41,886,351,44,36,1,-1,-1,-1
186,42,931,345,47,38,1,-1,-1,-1
186,101,1232,602,111,94,1,-1,-1,-1
186,102,1129,561,204,88,1,-1,-1,-1
186,103,1069,496,160,99,1,-1,-1,-1
187,8,162,447,109,69,1,-1,-1,-1
187,10,973,465,151,51,1,-1,-1,-1
187,11,940,429,133,59,1,-1,-1,-1
187,12,893,400,117,42,1,-1,-1,-1
187,15,1097,395,92,46,1,-1,-1,-1
187,16,786,420,78,44,1,-1,-1,-1
187,41,886,351,44,36,1,-1,-1,-1
187,42,931,345,47,38,1,-1,-1,-1
187,101,1234,604,109,95,1,-1,-1,-1
187,102,1133,564,201,86,1,-1,-1,-1
187,103,1069,497,160,99,1,-1,-1,-1
188,8,162,447,109,69,1,-1,-1,-1
188,10,974,466,151,51,1,-1,-1,-1
188,11,941,430,133,58,1,-1,-1,-1
188,12,893,400,118,42,1,-1,-1,-1
188,15,1099,396,92,46,1,-1,-1,-1
188,16,787,420,78,44,1,-1,-1,-1
188,41,886,351,44,36,1,-1,-1,-1
188,42,931,345,47,38,1,-1,-1,-1
188,101,1236,607,107,94,1,-1,-1,-1
188,102,1138,568,198,83,1,-1,-1,-1
188,103,1070,498,160,99,1,-1,-1,-1
189,8,162,448,110,69,1,-1,-1,-1
189,10,975,466,151,52,1,-1,-1,-1
189,11,942,430,133,59,1,-1,-1,-1
189,12,893,400,118,42,1,-1,-1,-1
189,15,1100,397,93,46,1,-1,-1,-1
189,16,788,421,78,44,1,-1,-1,-1
189,41,886,351,44,36,1,-1,-1,-1
189,42,931,345,47,38,1,-1,-1,-1
189,101,1238,609,105,94,1,-1,-1,-1
189,102,1143,571,195,82,1,-1,-1,-1
189,103,1070,499,161,99,1,-1,-1,-1
190,8,159,449,111,69,1,-1,-1,-1
190,10,976,467,151,51,1,-1,-1,-1
190,11,943,431,133,58,1,-1,-1,-1
190,12,894,401,118,42,1,-1,-1,-1
190,15,1102,398,92,46,1,-1,-1,-1
190,16,789,422,78,44,1,-1,-1,-1
190,41,886,351,44,36,1,-1,-1,-1
190,42,931,345,47,38,1,-1,-1,-1
190,101,1240,612,103,94,1,-1,-1,-1
190,102,1147,575,193,79,1,-1,-1,-1
190,103,1071,500,160,99,1,-1,-1,-1
191,8,157,450,111,70,1,-1,-1,-1
191,10,977,468,151,51,1,-1,-1,-1
191,11,944,432,133,58,1,-1,-1,-1
191,12,894,401,118,42,1,-1,-1,-1
191,15,1103,399,93,46,1,-1,-1,-1
191,16,790,423,78,43,1,-1,-1,-1
191,41,887,352,44,36,1,-1,-1,-1
191,42,932,346,47,38,1,-1,-1,-1
191,101,1242,614,101,94,1,-1,-1,-1
191,102,1152,578,190,77,1,-1,-1,-1
191,103,1071,501,161,99,1,-1,-1,-1
192,8,155,451,112,70,1,-1,-1,-1
192,10,979,469,151,51,1,-1,-1,-1
192,11,945,433,133,58,1,-1,-1,-1
192,12,895,402,118,42,1,-1,-1,-1
192,15,1105,400,93,46,1,-1,-1,-1
192,16,791,424,78,43,1,-1,-1,-1
192,41,887,352,44,36,1,-1,-1,-1
192,42,932,346,47,38,1,-1,-1,-1
192,102,1157,582,187,75,1,-1,-1,-1
192,103,1072,502,161,100,1,-1,-1,-1
193,8,153,452,112,71,1,-1,-1,-1
193,10,978,471,154,51,1,-1,-1,-1
193,11,947,434,133,58,1,-1,-1,-1
193,12,895,403,118,44,1,-1,-1,-1
193,15,1106,401,93,46,1,-1,-1,-1
193,16,792,425,78,43,1,-1,-1,-1
193,41,888,353,44,36,1,-1,-1,-1
193,42,933,347,47,38,1,-1,-1,-1
193,102,1158,583,185,77,1,-1,-1,-1
193,103,1076,505,158,98,1,-1,-1,-1
194,8,151,454,112,71,1,-1,-1,-1
194,10,978,473,156,51,1,-1,-1,-1
194,11,950,436,133,58,1,-1,-1,-1
194,12,895,404,118,46,1,-1,-1,-1
194,15,1108,402,93,46,1,-1,-1,-1
194,16,794,426,78,43,1,-1,-1,-1
194,41,889,353,44,36,1,-1,-1,-1
194,42,934,348,47,38,1,-1,-1,-1
194,102,1159,584,183,80,1,-1,-1,-1
194,103,1081,509,155,95,1,-1,-1,-1
195,8,149,455,113,71,1,-1,-1,-1
195,10,978,475,158,51,1,-1,-1,-1
195,11,953,437,133,58,1,-1,-1,-1
195,12,895,405,118,48,1,-1,-1,-1
195,15,1109,403,94,46,1,-1,-1,-1
195,16,794,427,78,43,1,-1,-1,-1
195,41,890,354,44,36,1,-1,-1,-1
195,42,935,349,47,38,1,-1,-1,-1
195,102,1160,585,181,82,1,-1,-1,-1
195,103,1086,512,152,93,1,-1,-1,-1
196,8,147,456,113,72,1,-1,-1,-1
196,10,978,477,161,51,1,-1,-1,-1
196,11,956,439,133,58,1,-1,-1,-1
196,12,896,406,118,51,1,-1,-1,-1
196,15,1111,404,94,46,1,-1,-1,-1
196,16,794,428,79,43,1,-1,-1,-1
196,41,890,354,44,36,1,-1,-1,-1
196,42,936,350,47,38,1,-1,-1,-1
196,102,1161,586,179,85,1,-1,-1,-1
196,103,1091,516,149,91,1,-1,-1,-1
197,8,145,457,114,72,1,-1,-1,-1
197,10,980,477,161,53,1,-1,-1,-1
197,11,952,439,138,58,1,-1,-1,-1
197,12,897,406,118,51,1,-1,-1,-1
197,15,1112,405,94,45,1,-1,-1,-1
197,16,794,430,80,42,1,-1,-1,-1
197,41,891,355,44,36,1,-1,-1,-1
197,42,937,351,46,38,1,-1,-1,-1
197,102,1164,589,176,85,1,-1,-1,-1
197,103,1092,518,151,91,1,-1,-1,-1
198,8,143,459,114,72,1,-1,-1,-1
198,10,983,478,161,54,1,-1,-1,-1
198,11,948,440,143,57,1,-1,-1,-1
198,12,899,407,118,51,1,-1,-1,-1
198,15,1114,406,94,45,1,-1,-1,-1
198,16,795,431,80,43,1,-1,-1,-1
198,41,892,355,44,36,1,-1,-1,-1
198,42,938,352,46,38,1,-1,-1,-1
198,102,1168,592,172,85,1,-1,-1,-1
198,103,1093,520,153,92,1,-1,-1,-1
199,8,141,460,114,73,1,-1,-1,-1
199,10,986,479,160,55,1,-1,-1,-1
199,11,945,441,147,57,1,-1,-1,-1
199,12,901,408,118,51,1,-1,-1,-1
199,15,1116,408,94,44,1,-1,-1,-1
199,16,795,432,81,43,1,-1,-1,-1
199,41,893,356,44,36,1,-1,-1,-1
199,42,939,353,46,38,1,-1,-1,-1
199,102,1172,596,169,85,1,-1,-1,-1
199,103,1095,522,154,93,1,-1,-1,-1
200,8,139,461,115,73,1,-1,-1,-1
200,10,989,480,160,56,1,-1,-1,-1
200,11,947,442,146,57,1,-1,-1,-1
200,12,903,408,118,51,1,-1,-1,-1
200,15,1116,409,96,44,1,-1,-1,-1
200,16,795,434,82,42,1,-1,-1,-1
200,41,893,356,44,36,1,-1,-1,-1
200,42,940,354,46,38,1,-1,-1,-1
200,102,1176,599,165,85,1,-1,-1,-1
200,103,1096,524,156,94,1,-1,-1,-1
201,8,137,462,115,74,1,-1,-1,-1
201,10,992,481,159,58,1,-1,-1,-1
201,11,950,443,145,57,1,-1,-1,-1
201,12,905,409,118,51,1,-1,-1,-1
201,15,1117,410,98,44,1,-1,-1,-1
201,16,796,435,82,43,1,-1,-1,-1
201,41,894,357,44,36,1,-1,-1,-1
201,42,941,355,46,38,1,-1,-1,-1
201,102,1179,602,162,85,1,-1,-1,-1
201,103,1098,526,157,95,1,-1,-1,-1
202,8,135,464,116,73,1,-1,-1,-1
202,10,995,482,159,59,1,-1,-1,-1
202,11,953,444,143,57,1,-1,-1,-1
202,12,907,410,118,51,1,-1,-1,-1
202,15,1118,411,99,45,1,-1,-1,-1
202,16,796,437,83,42,1,-1,-1,-1
202,41,895,357,44,36,1,-1,-1,-1
202,42,942,356,45,38,1,-1,-1,-1
202,102,1183,606,159,85,1,-1,-1,-1
202,103,1099,528,159,96,1,-1,-1,-1
203,8,133,465,116,74,1,-1,-1,-1
203,10,998,483,158,60,1,-1,-1,-1
203,11,955,445,143,57,1,-1,-1,-1
203,12,909,410,118,51,1,-1,-1,-1
203,15,1119,412,101,45,1,-1,-1,-1
203,16,796,438,84,42,1,-1,-1,-1
203,41,896,358,44,36,1,-1,-1,-1
203,42,943,357,45,38,1,-1,-1,-1
203,102,1187,609,155,85,1,-1,-1,-1
203,103,1101,530,160,97,1,-1,-1,-1
204,8,131,466,116,75,1,-1,-1,-1
204,10,1001,484,158,61,1,-1,-1,-1
204,11,958,446,141,57,1,-1,-1,-1
204,12,911,411,118,51,1,-1,-1,-1
204,15,1120,413,103,45,1,-1,-1,-1
204,16,797,439,84,43,1,-1,-1,-1
204,41,896,358,44,36,1,-1,-1,-1
204,42,944,358,45,38,1,-1,-1,-1
204,102,1191,612,151,85,1,-1,-1,-1
204,103,1102,532,162,98,1,-1,-1,-1
205,8,129,467,117,75,1,-1,-1,-1
205,10,1004,485,158,63,1,-1,-1,-1
205,11,961,447,140,58,1,-1,-1,-1
205,12,913,412,118,51,1,-1,-1,-1
205,15,1121,414,104,46,1,-1,-1,-1
205,16,797,441,85,42,1,-1,-1,-1
205,41,897,359,44,36,1,-1,-1,-1
205,42,945,359,45,38,1,-1,-1,-1
205,102,1195,616,148,85,1,-1,-1,-1
205,103,1104,534,164,99,1,-1,-1,-1
206,8,127,469,117,75,1,-1,-1,-1
206,10,1005,487,159,63,1,-1,-1,-1
206,11,959,450,145,57,1,-1,-1,-1
206,12,913,413,119,51,1,-1,-1,-1
206,15,1122,415,106,46,1,-1,-1,-1
206,16,797,442,86,42,1,-1,-1,-1
206,41,898,359,44,36,1,-1,-1,-1
206,42,946,360,45,38,1,-1,-1,-1
206,102,1199,618,143,87,1,-1,-1,-1
206,103,1107,536,164,100,1,-1,-1,-1
207,8,125,470,118,75,1,-1,-1,-1
207,10,1006,489,161,63,1,-1,-1,-1
207,11,958,454,150,56,1,-1,-1,-1
207,12,913,415,120,50,1,-1,-1,-1
207,15,1123,416,108,46,1,-1,-1,-1
207,16,798,444,86,42,1,-1,-1,-1
207,41,899,360,44,36,1,-1,-1,-1
207,42,947,361,45,38,1,-1,-1,-1
207,102,1203,621,139,88,1,-1,-1,-1
207,103,1110,538,164,102,1,-1,-1,-1
208,8,123,471,118,76,1,-1,-1,-1
208,10,1008,491,161,63,1,-1,-1,-1
208,11,956,457,155,56,1,-1,-1,-1
208,12,913,416,122,51,1,-1,-1,-1
208,15,1124,417,109,47,1,-1,-1,-1
208,16,798,445,86,42,1,-1,-1,-1
208,41,899,360,44,36,1,-1,-1,-1
208,42,947,361,46,38,1,-1,-1,-1
208,102,1207,624,135,89,1,-1,-1,-1
208,103,1114,540,164,104,1,-1,-1,-1
209,8,121,472,118,77,1,-1,-1,-1
209,10,1009,493,163,63,1,-1,-1,-1
209,11,955,461,160,55,1,-1,-1,-1
209,12,913,418,123,50,1,-1,-1,-1
209,15,1125,418,111,47,1,-1,-1,-1
209,16,799,446,86,42,1,-1,-1,-1
209,41,900,361,44,36,1,-1,-1,-1
209,42,948,362,46,38,1,-1,-1,-1
209,102,1211,627,131,91,1,-1,-1,-1
209,103,1117,542,164,106,1,-1,-1,-1
210,8,119,474,119,76,1,-1,-1,-1
210,10,1011,495,163,63,1,-1,-1,-1
210,11,957,462,159,55,1,-1,-1,-1
210,12,913,419,125,51,1,-1,-1,-1
210,15,1126,419,113,48,1,-1,-1,-1
210,16,800,447,86,43,1,-1,-1,-1
210,41,901,361,44,37,1,-1,-1,-1
210,42,949,363,46,37,1,-1,-1,-1
210,102,1215,630,127,92,1,-1,-1,-1
210,103,1120,544,164,108,1,-1,-1,-1
211,8,117,475,119,77,1,-1,-1,-1
211,10,1012,497,165,63,1,-1,-1,-1
211,11,960,464,157,55,1,-1,-1,-1
211,12,913,421,126,50,1,-1,-1,-1
211,15,1129,420,113,50,1,-1,-1,-1
211,16,800,448,87,43,1,-1,-1,-1
211,41,902,362,44,37,1,-1,-1,-1
211,42,949,363,48,38,1,-1,-1,-1
211,102,1220,633,121,93,1,-1,-1,-1
211,103,1124,546,164,109,1,-1,-1,-1
212,8,115,476,120,77,1,-1,-1,-1
212,10,1014,499,165,63,1,-1,-1,-1
212,11,963,466,155,55,1,-1,-1,-1
212,12,913,423,128,50,1,-1,-1,-1
212,15,1132,421,113,53,1,-1,-1,-1
212,16,801,449,87,44,1,-1,-1,-1
212,41,902,362,44,38,1,-1,-1,-1
212,42,950,364,48,38,1,-1,-1,-1
212,102,1224,636,117,94,1,-1,-1,-1
212,103,1127,548,164,111,1,-1,-1,-1
213,8,113,477,120,78,1,-1,-1,-1
213,10,1015,501,167,63,1,-1,-1,-1
213,11,965,467,154,55,1,-1,-1,-1
213,12,913,424,129,50,1,-1,-1,-1
213,15,1135,422,113,55,1,-1,-1,-1
213,16,802,450,87,44,1,-1,-1,-1
213,41,903,363,44,38,1,-1,-1,-1
213,42,951,365,48,37,1,-1,-1,-1
213,102,1228,639,113,96,1,-1,-1,-1
213,103,1130,550,164,113,1,-1,-1,-1
214,8,111,479,120,78,1,-1,-1,-1
214,10,1017,503,167,63,1,-1,-1,-1
214,11,968,469,152,55,1,-1,-1,-1
214,12,914,426,130,50,1,-1,-1,-1
214,15,1139,424,113,57,1,-1,-1,-1
214,16,802,451,88,44,1,-1,-1,-1
214,41,904,363,44,39,1,-1,-1,-1
214,42,951,365,49,38,1,-1,-1,-1
214,102,1232,642,109,97,1,-1,-1,-1
214,103,1134,552,164,115,1,-1,-1,-1
215,8,109,480,121,78,1,-1,-1,-1
215,10,1018,505,169,63,1,-1,-1,-1
215,11,971,471,150,55,1,-1,-1,-1
215,12,915,428,130,50,1,-1,-1,-1
215,15,1140,424,112,57,1,-1,-1,-1
215,16,803,452,88,45,1,-1,-1,-1
215,41,905,364,44,39,1,-1,-1,-1
215,42,952,366,50,38,1,-1,-1,-1
215,102,1236,645,105,98,1,-1,-1,-1
215,103,1137,554,164,117,1,-1,-1,-1
216,8,107,481,121,79,1,-1,-1,-1
216,10,1020,507,170,64,1,-1,-1,-1
216,11,974,473,149,55,1,-1,-1,-1
216,12,916,430,131,50,1,-1,-1,-1
216,15,1142,424,110,57,1,-1,-1,-1
216,16,804,453,88,45,1,-1,-1,-1
216,41,905,364,44,40,1,-1,-1,-1
216,42,953,367,50,37,1,-1,-1,-1
216,103,1141,557,164,118,1,-1,-1,-1
217,8,105,482,122,79,1,-1,-1,-1
217,10,1021,508,171,64,1,-1,-1,-1
217,11,973,474,152,55,1,-1,-1,-1
217,12,917,430,131,51,1,-1,-1,-1
217,15,1144,425,108,56,1,-1,-1,-1
217,16,805,454,88,46,1,-1,-1,-1
217,41,906,365,44,40,1,-1,-1,-1
217,42,953,367,51,38,1,-1,-1,-1
217,103,1141,560,170,117,1,-1,-1,-1
218,8,103,484,122,79,1,-1,-1,-1
218,10,1023,510,171,64,1,-1,-1,-1
218,11,972,475,155,55,1,-1,-1,-1
218,12,918,431,131,51,1,-1,-1,-1
218,15,1146,425,106,56,1,-1,-1,-1
218,16,806,455,88,46,1,-1,-1,-1
218,41,907,366,44,40,1,-1,-1,-1
218,42,954,368,52,38,1,-1,-1,-1
218,103,1141,563,176,116,1,-1,-1,-1
219,8,101,485,122,80,1,-1,-1,-1
219,10,1024,512,172,64,1,-1,-1,-1
219,11,972,476,157,55,1,-1,-1,-1
219,12,919,432,131,51,1,-1,-1,-1
219,15,1148,426,104,56,1,-1,-1,-1
219,16,807,457,88,46,1,-1,-1,-1
219,41,908,366,44,40,1,-1,-1,-1
219,42,955,369,52,37,1,-1,-1,-1
219,103,1141,566,182,116,1,-1,-1,-1
220,8,99,486,123,80,1,-1,-1,-1
220,10,1026,514,173,64,1,-1,-1,-1
220,11,971,477,161,55,1,-1,-1,-1
220,12,921,433,130,51,1,-1,-1,-1
220,15,1149,427,104,56,1,-1,-1,-1
220,16,808,459,88,46,1,-1,-1,-1
220,41,909,367,44,40,1,-1,-1,-1
220,42,955,369,53,38,1,-1,-1,-1
220,103,1144,568,181,116,1,-1,-1,-1
221,8,97,487,123,81,1,-1,-1,-1
221,10,1027,516,174,64,1,-1,-1,-1
221,11,970,478,164,55,1,-1,-1,-1
221,12,922,434,130,51,1,-1,-1,-1
221,15,1150,428,105,56,1,-1,-1,-1
221,16,809,460,88,46,1,-1,-1,-1
221,41,909,367,44,41,1,-1,-1,-1
221,42,956,370,53,37,1,-1,-1,-1
221,103,1147,571,180,116,1,-1,-1,-1
222,8,95,489,124,81,1,-1,-1,-1
222,10,1029,518,174,64,1,-1,-1,-1
222,11,970,479,166,55,1,-1,-1,-1
222,12,923,435,131,51,1,-1,-1,-1
222,15,1152,429,105,57,1,-1,-1,-1
222,16,810,462,88,46,1,-1,-1,-1
222,41,910,368,44,41,1,-1,-1,-1
222,42,957,371,54,37,1,-1,-1,-1
222,103,1150,573,179,117,1,-1,-1,-1
223,8,92,491,126,81,1,-1,-1,-1
223,10,1030,520,175,63,1,-1,-1,-1
223,11,969,480,169,55,1,-1,-1,-1
223,12,924,436,131,51,1,-1,-1,-1
223,15,1153,430,106,57,1,-1,-1,-1
223,16,811,464,88,46,1,-1,-1,-1
223,41,911,368,44,42,1,-1,-1,-1
223,42,957,371,55,38,1,-1,-1,-1
223,103,1153,576,178,117,1,-1,-1,-1
224,8,90,493,128,81,1,-1,-1,-1
224,10,1032,522,176,63,1,-1,-1,-1
224,11,969,481,172,56,1,-1,-1,-1
224,12,926,437,130,51,1,-1,-1,-1
224,15,1154,431,107,57,1,-1,-1,-1
224,16,812,465,88,46,1,-1,-1,-1
224,41,912,369,44,42,1,-1,-1,-1
224,42,958,372,55,37,1,-1,-1,-1
224,103,1156,578,177,117,1,-1,-1,-1
225,8,88,495,129,81,1,-1,-1,-1
225,10,1033,524,177,63,1,-1,-1,-1
225,11,974,482,169,56,1,-1,-1,-1
225,12,927,438,130,51,1,-1,-1,-1
225,15,1156,432,107,58,1,-1,-1,-1
225,16,813,467,88,46,1,-1,-1,-1
225,41,912,369,44,43,1,-1,-1,-1
225,42,959,373,55,37,1,-1,-1,-1
225,103,1159,581,176,117,1,-1,-1,-1
226,8,86,497,131,81,1,-1,-1,-1
226,10,1035,526,177,63,1,-1,-1,-1
226,11,980,483,165,57,1,-1,-1,-1
226,12,928,439,130,51,1,-1,-1,-1
226,15,1157,434,108,57,1,-1,-1,-1
226,16,814,469,88,46,1,-1,-1,-1
226,41,913,370,44,43,1,-1,-1,-1
226,42,959,373,57,38,1,-1,-1,-1
226,103,1162,583,175,118,1,-1,-1,-1
227,8,84,499,132,81,1,-1,-1,-1
227,10,1036,528,178,63,1,-1,-1,-1
227,11,986,484,161,57,1,-1,-1,-1
227,12,929,440,130,51,1,-1,-1,-1
227,15,1158,435,109,57,1,-1,-1,-1
227,16,815,470,88,46,1,-1,-1,-1
227,41,914,370,44,44,1,-1,-1,-1
227,42,960,374,57,37,1,-1,-1,-1
227,103,1165,586,174,118,1,-1,-1,-1
228,8,82,501,134,81,1,-1,-1,-1
228,10,1038,530,179,63,1,-1,-1,-1
228,11,992,485,158,58,1,-1,-1,-1
228,12,931,441,130,52,1,-1,-1,-1
228,15,1160,436,109,58,1,-1,-1,-1
228,16,816,472,88,46,1,-1,-1,-1
228,41,915,371,44,44,1,-1,-1,-1
228,42,961,375,57,37,1,-1,-1,-1
228,103,1169,589,173,118,1,-1,-1,-1
229,8,80,504,136,80,1,-1,-1,-1
229,10,1039,530,179,65,1,-1,-1,-1
229,11,992,486,158,58,1,-1,-1,-1
229,12,931,441,131,52,1,-1,-1,-1
229,15,1161,437,110,58,1,-1,-1,-1
229,16,818,474,88,46,1,-1,-1,-1
229,41,916,372,44,44,1,-1,-1,-1
229,42,962,376,58,37,1,-1,-1,-1
229,103,1171,590,171,120,1,-1,-1,-1
230,8,77,505,137,80,1,-1,-1,-1
230,10,1040,531,180,66,1,-1,-1,-1
230,11,992,487,158,59,1,-1,-1,-1
230,12,932,442,131,52,1,-1,-1,-1
230,15,1162,438,110,58,1,-1,-1,-1
230,16,818,474,88,47,1,-1,-1,-1
230,41,916,372,44,44,1,-1,-1,-1
230,42,962,376,58,37,1,-1,-1,-1
230,103,1173,592,169,121,1,-1,-1,-1
231,8,75,506,137,81,1,-1,-1,-1
231,10,1041,532,181,68,1,-1,-1,-1
231,11,992,489,158,59,1,-1,-1,-1
231,12,932,443,132,52,1,-1,-1,-1
231,15,1164,439,110,59,1,-1,-1,-1
231,16,818,475,88,47,1,-1,-1,-1
231,41,917,373,44,44,1,-1,-1,-1
231,42,963,377,58,37,1,-1,-1,-1
231,103,1175,594,167,122,1,-1,-1,-1
232,8,73,508,138,80,1,-1,-1,-1
232,10,1042,533,182,69,1,-1,-1,-1
232,11,993,490,157,60,1,-1,-1,-1
232,12,933,444,133,52,1,-1,-1,-1
232,15,1165,440,111,59,1,-1,-1,-1
232,16,819,476,88,47,1,-1,-1,-1
232,41,918,374,44,44,1,-1,-1,-1
232,42,963,377,58,37,1,-1,-1,-1
232,103,1177,596,165,123,1,-1,-1,-1
233,8,71,509,138,81,1,-1,-1,-1
233,10,1043,534,183,71,1,-1,-1,-1
233,11,993,492,157,60,1,-1,-1,-1
233,12,933,445,134,52,1,-1,-1,-1
233,15,1166,442,112,58,1,-1,-1,-1
233,16,819,477,88,48,1,-1,-1,-1
233,41,918,374,44,44,1,-1,-1,-1
233,42,964,378,58,37,1,-1,-1,-1
233,103,1179,598,163,124,1,-1,-1,-1
234,8,69,510,138,82,1,-1,-1,-1
234,10,1045,535,183,72,1,-1,-1,-1
234,11,993,493,157,61,1,-1,-1,-1
234,12,934,446,134,52,1,-1,-1,-1
234,15,1168,443,112,59,1,-1,-1,-1
234,16,820,478,87,48,1,-1,-1,-1
234,41,919,375,44,44,1,-1,-1,-1
234,42,964,378,58,37,1,-1,-1,-1
234,103,1181,600,161,125,1,-1,-1,-1
235,8,67,512,139,81,1,-1,-1,-1
235,10,1046,535,184,74,1,-1,-1,-1
235,11,993,494,157,62,1,-1,-1,-1
235,12,934,447,135,52,1,-1,-1,-1
235,15,1169,444,113,59,1,-1,-1,-1
235,16,820,479,88,48,1,-1,-1,-1
235,17,737,647,120,107,1,-1,-1,-1
235,41,920,376,44,44,1,-1,-1,-1
235,42,965,379,58,37,1,-1,-1,-1
235,103,1183,602,159,126,1,-1,-1,-1
236,8,65,513,139,82,1,-1,-1,-1
236,10,1047,536,185,76,1,-1,-1,-1
236,11,994,496,156,62,1,-1,-1,-1
236,12,935,448,136,52,1,-1,-1,-1
236,15,1170,445,114,59,1,-1,-1,-1
236,16,821,480,87,48,1,-1,-1,-1
236,17,735,643,120,110,1,-1,-1,-1
236,41,921,377,44,44,1,-1,-1,-1
236,42,965,379,58,37,1,-1,-1,-1
236,103,1185,604,157,127,1,-1,-1,-1
237,8,63,515,139,81,1,-1,-1,-1
237,10,1048,537,186,77,1,-1,-1,-1
237,11,994,497,156,63,1,-1,-1,-1
237,12,935,449,137,52,1,-1,-1,-1
237,15,1172,446,114,60,1,-1,-1,-1
237,16,821,480,87,50,1,-1,-1,-1
237,17,733,639,120,114,1,-1,-1,-1
237,41,921,377,44,44,1,-1,-1,-1
237,42,966,380,58,37,1,-1,-1,-1
237,103,1187,606,155,128,1,-1,-1,-1
238,8,61,516,140,82,1,-1,-1,-1
238,10,1049,538,187,79,1,-1,-1,-1
238,11,994,499,156,63,1,-1,-1,-1
238,12,936,450,137,52,1,-1,-1,-1
238,15,1173,447,115,60,1,-1,-1,-1
238,16,822,481,87,50,1,-1,-1,-1
238,17,731,635,120,118,1,-1,-1,-1
238,41,922,378,44,44,1,-1,-1,-1
238,42,966,381,58,37,1,-1,-1,-1
238,103,1189,608,153,129,1,-1,-1,-1
239,8,58,517,141,83,1,-1,-1,-1
239,10,1050,539,188,80,1,-1,-1,-1
239,11,994,500,156,64,1,-1,-1,-1
239,12,936,451,138,52,1,-1,-1,-1
239,15,1174,448,116,60,1,-1,-1,-1
239,16,822,482,87,50,1,-1,-1,-1
239,17,729,631,120,122,1,-1,-1,-1
239,41,923,379,44,44,1,-1,-1,-1
239,42,967,381,58,37,1,-1,-1,-1
239,103,1191,610,151,130,1,-1,-1,-1
240,8,56,519,141,82,1,-1,-1,-1
240,10,1052,540,188,82,1,-1,-1,-1
240,11,995,502,155,64,1,-1,-1,-1
240,12,937,452,139,52,1,-1,-1,-1
240,15,1176,450,116,60,1,-1,-1,-1
240,16,823,483,86,50,1,-1,-1,-1
240,17,727,627,120,126,1,-1,-1,-1
240,41,923,379,44,44,1,-1,-1,-1
240,42,967,382,58,37,1,-1,-1,-1
240,103,1194,612,148,131,1,-1,-1,-1
241,8,54,520,142,83,1,-1,-1,-1
241,10,1053,542,188,82,1,-1,-1,-1
241,11,995,502,159,66,1,-1,-1,-1
241,12,937,452,139,53,1,-1,-1,-1
241,15,1177,450,116,60,1,-1,-1,-1
241,16,823,484,87,51,1,-1,-1,-1
241,17,725,623,120,130,1,-1,-1,-1
241,41,924,380,44,44,1,-1,-1,-1
241,42,968,382,58,37,1,-1,-1,-1
241,103,1195,614,147,130,1,-1,-1,-1
242,8,52,522,142,82,1,-1,-1,-1
242,10,1055,544,188,82,1,-1,-1,-1
242,11,995,503,164,68,1,-1,-1,-1
242,12,938,452,139,55,1,-1,-1,-1
242,15,1178,451,116,60,1,-1,-1,-1
242,16,824,485,86,51,1,-1,-1,-1
242,17,724,620,119,133,1,-1,-1,-1
242,41,925,381,44,44,1,-1,-1,-1
242,42,968,383,58,37,1,-1,-1,-1
242,103,1197,616,145,129,1,-1,-1,-1
243,8,50,523,142,83,1,-1,-1,-1
243,10,1057,546,188,82,1,-1,-1,-1
243,11,996,503,167,70,1,-1,-1,-1
243,12,939,453,139,56,1,-1,-1,-1
243,15,1179,452,117,60,1,-1,-1,-1
243,16,824,486,86,51,1,-1,-1,-1
243,17,724,616,118,136,1,-1,-1,-1
243,41,926,382,44,44,1,-1,-1,-1
243,42,969,383,58,37,1,-1,-1,-1
243,103,1199,619,143,127,1,-1,-1,-1
244,8,48,524,143,84,1,-1,-1,-1
244,10,1058,548,188,82,1,-1,-1,-1
244,11,996,504,172,72,1,-1,-1,-1
244,12,940,453,138,58,1,-1,-1,-1
244,15,1181,452,116,60,1,-1,-1,-1
244,16,825,487,86,51,1,-1,-1,-1
244,17,724,613,118,138,1,-1,-1,-1
244,41,926,382,44,44,1,-1,-1,-1
244,42,969,384,58,37,1,-1,-1,-1
244,103,1201,621,141,126,1,-1,-1,-1
245,8,46,526,143,83,1,-1,-1,-1
245,10,1060,550,188,82,1,-1,-1,-1
245,11,997,504,175,74,1,-1,-1,-1
245,12,941,454,138,58,1,-1,-1,-1
245,15,1182,453,116,60,1,-1,-1,-1
245,16,825,487,86,53,1,-1,-1,-1
245,17,724,609,118,141,1,-1,-1,-1
245,41,927,383,44,44,1,-1,-1,-1
245,42,970,384,58,37,1,-1,-1,-1
245,103,1203,624,139,124,1,-1,-1,-1
246,8,44,527,143,84,1,-1,-1,-1
246,10,1062,552,188,82,1,-1,-1,-1
246,11,997,505,180,76,1,-1,-1,-1
246,12,942,454,138,60,1,-1,-1,-1
246,15,1183,454,117,60,1,-1,-1,-1
246,16,826,488,85,53,1,-1,-1,-1
246,17,724,606,118,143,1,-1,-1,-1
246,41,928,384,44,44,1,-1,-1,-1
246,42,970,385,58,37,1,-1,-1,-1
246,103,1205,626,137,123,1,-1,-1,-1
247,8,42,529,144,84,1,-1,-1,-1
247,10,1063,554,188,82,1,-1,-1,-1
247,11,998,506,184,78,1,-1,-1,-1
247,12,943,455,137,61,1,-1,-1,-1
247,15,1185,455,116,60,1,-1,-1,-1
247,16,826,489,86,53,1,-1,-1,-1
247,17,721,602,117,142,1,-1,-1,-1
247,41,929,385,44,44,1,-1,-1,-1
247,42,971,386,58,37,1,-1,-1,-1
247,103,1207,629,135,121,1,-1,-1,-1
248,8,40,529,144,85,1,-1,-1,-1
248,10,1065,556,188,82,1,-1,-1,-1
248,11,1008,509,170,71,1,-1,-1,-1
248,12,944,455,137,63,1,-1,-1,-1
248,15,1186,455,116,60,1,-1,-1,-1
248,16,827,490,85,53,1,-1,-1,-1
248,17,719,599,116,141,1,-1,-1,-1
248,41,929,385,44,44,1,-1,-1,-1
248,42,971,386,58,37,1,-1,-1,-1
248,103,1209,631,133,120,1,-1,-1,-1
249,8,39,530,144,85,1,-1,-1,-1
249,10,1067,558,188,82,1,-1,-1,-1
249,11,1019,513,155,64,1,-1,-1,-1
249,12,945,456,137,64,1,-1,-1,-1
249,15,1187,456,117,60,1,-1,-1,-1
249,16,827,491,85,54,1,-1,-1,-1
249,17,717,595,115,141,1,-1,-1,-1
249,41,929,386,44,44,1,-1,-1,-1
249,42,972,386,58,37,1,-1,-1,-1
250,8,37,531,145,86,1,-1,-1,-1
250,10,1067,559,189,82,1,-1,-1,-1
250,11,1016,513,159,66,1,-1,-1,-1
250,12,946,456,137,64,1,-1,-1,-1
250,15,1188,457,117,60,1,-1,-1,-1
250,16,828,492,85,54,1,-1,-1,-1
250,17,715,592,114,140,1,-1,-1,-1
250,41,930,386,44,44,1,-1,-1,-1
250,42,972,386,58,38,1,-1,-1,-1
251,8,36,532,145,86,1,-1,-1,-1
251,10,1068,560,190,82,1,-1,-1,-1
251,11,1013,513,163,68,1,-1,-1,-1
251,12,947,457,137,64,1,-1,-1,-1
251,15,1190,457,116,60,1,-1,-1,-1
251,16,828,493,85,54,1,-1,-1,-1
251,17,713,589,113,138,1,-1,-1,-1
251,41,930,387,44,44,1,-1,-1,-1
251,42,973,386,58,38,1,-1,-1,-1
252,8,34,533,146,86,1,-1,-1,-1
252,10,1069,561,190,82,1,-1,-1,-1
252,11,1010,514,168,69,1,-1,-1,-1
252,12,948,458,137,64,1,-1,-1,-1
252,15,1191,458,117,60,1,-1,-1,-1
252,16,829,494,85,55,1,-1,-1,-1
252,17,711,585,112,138,1,-1,-1,-1
252,41,930,387,44,44,1,-1,-1,-1
252,42,974,387,58,37,1,-1,-1,-1
253,8,33,533,146,88,1,-1,-1,-1
253,10,1070,562,191,82,1,-1,-1,-1
253,11,1007,514,172,71,1,-1,-1,-1
253,12,949,459,137,64,1,-1,-1,-1
253,15,1192,459,117,60,1,-1,-1,-1
253,16,829,494,85,55,1,-1,-1,-1
253,17,709,582,111,137,1,-1,-1,-1
253,41,931,388,44,44,1,-1,-1,-1
253,42,974,387,58,38,1,-1,-1,-1
254,8,31,534,147,88,1,-1,-1,-1
254,10,1071,564,192,81,1,-1,-1,-1
254,11,1005,515,176,73,1,-1,-1,-1
254,12,951,460,137,64,1,-1,-1,-1
254,15,1194,460,117,60,1,-1,-1,-1
254,16,829,494,86,55,1,-1,-1,-1
254,17,707,578,110,137,1,-1,-1,-1
254,41,931,388,44,44,1,-1,-1,-1
254,42,975,387,58,38,1,-1,-1,-1
255,8,30,535,147,88,1,-1,-1,-1
255,10,1072,565,192,81,1,-1,-1,-1
255,11,1006,515,177,73,1,-1,-1,-1
255,12,952,461,137,63,1,-1,-1,-1
255,15,1194,460,118,60,1,-1,-1,-1
255,16,829,494,87,56,1,-1,-1,-1
255,17,705,575,109,135,1,-1,-1,-1
255,41,931,389,44,44,1,-1,-1,-1
255,42,975,387,58,38,1,-1,-1,-1
256,8,28,536,148,89,1,-1,-1,-1
256,10,1073,566,193,81,1,-1,-1,-1
256,11,1007,516,178,73,1,-1,-1,-1
256,12,953,462,137,63,1,-1,-1,-1
256,15,1195,460,119,61,1,-1,-1,-1
256,16,830,495,87,55,1,-1,-1,-1
256,17,703,572,108,134,1,-1,-1,-1
256,41,932,389,44,44,1,-1,-1,-1
256,42,976,387,58,39,1,-1,-1,-1
257,8,27,537,148,89,1,-1,-1,-1
257,10,1074,567,194,81,1,-1,-1,-1
257,11,1009,517,178,73,1,-1,-1,-1
257,12,954,463,137,63,1,-1,-1,-1
257,15,1196,461,120,61,1,-1,-1,-1
257,16,830,495,87,56,1,-1,-1,-1
257,17,701,568,107,134,1,-1,-1,-1
257,41,932,390,44,44,1,-1,-1,-1
257,42,977,388,58,38,1,-1,-1,-1
258,8,25,537,149,90,1,-1,-1,-1
258,10,1075,569,194,80,1,-1,-1,-1
258,11,1010,517,179,73,1,-1,-1,-1
258,12,956,463,137,64,1,-1,-1,-1
258,15,1196,461,122,62,1,-1,-1,-1
258,16,830,495,88,56,1,-1,-1,-1
258,17,699,565,106,133,1,-1,-1,-1
258,41,932,390,44,44,1,-1,-1,-1
258,42,977,388,58,38,1,-1,-1,-1
259,8,24,538,149,91,1,-1,-1,-1
259,10,1076,570,195,80,1,-1,-1,-1
259,11,1011,518,180,73,1,-1,-1,-1
259,12,957,464,137,64,1,-1,-1,-1
259,15,1197,462,123,62,1,-1,-1,-1
259,16,831,495,88,57,1,-1,-1,-1
259,17,697,562,105,132,1,-1,-1,-1
259,41,933,391,44,44,1,-1,-1,-1
259,42,978,388,58,39,1,-1,-1,-1
260,8,22,539,150,91,1,-1,-1,-1
260,10,1077,571,196,80,1,-1,-1,-1
260,11,1013,519,180,73,1,-1,-1,-1
260,12,958,465,137,64,1,-1,-1,-1
260,15,1198,462,124,63,1,-1,-1,-1
260,16,831,496,89,56,1,-1,-1,-1
260,17,695,559,105,131,1,-1,-1,-1
260,41,933,391,44,44,1,-1,-1,-1
260,42,978,388,58,39,1,-1,-1,-1
261,8,21,540,150,91,1,-1,-1,-1
261,10,1078,572,196,80,1,-1,-1,-1
261,11,1014,519,181,73,1,-1,-1,-1
261,12,959,466,137,63,1,-1,-1,-1
261,15,1199,463,125,63,1,-1,-1,-1
261,16,831,496,89,57,1,-1,-1,-1
261,17,694,557,104,129,1,-1,-1,-1
261,41,933,392,44,44,1,-1,-1,-1
261,42,979,388,58,39,1,-1,-1,-1
262,8,20,541,150,92,1,-1,-1,-1
262,10,1079,574,197,79,1,-1,-1,-1
262,11,1015,520,182,73,1,-1,-1,-1
262,12,961,467,137,63,1,-1,-1,-1
262,15,1199,463,126,64,1,-1,-1,-1
262,16,831,496,90,57,1,-1,-1,-1
262,17,693,555,103,127,1,-1,-1,-1
262,41,934,393,44,44,1,-1,-1,-1
262,42,980,389,58,39,1,-1,-1,-1
263,8,19,541,149,92,1,-1,-1,-1
263,10,1080,575,198,79,1,-1,-1,-1
263,11,1017,521,182,73,1,-1,-1,-1
263,12,962,468,137,63,1,-1,-1,-1
263,15,1200,464,127,64,1,-1,-1,-1
263,16,832,496,90,58,1,-1,-1,-1
263,17,692,553,102,125,1,-1,-1,-1
263,41,934,392,44,44,1,-1,-1,-1
263,42,980,389,58,39,1,-1,-1,-1
264,8,18,541,149,93,1,-1,-1,-1
264,10,1081,576,198,79,1,-1,-1,-1
264,11,1018,521,183,73,1,-1,-1,-1
264,12,963,469,137,63,1,-1,-1,-1
264,15,1201,464,128,65,1,-1,-1,-1
264,16,832,497,91,57,1,-1,-1,-1
264,17,691,551,101,123,1,-1,-1,-1
264,41,935,392,44,44,1,-1,-1,-1
264,42,981,389,58,39,1,-1,-1,-1
265,8,17,542,149,93,1,-1,-1,-1
265,10,1082,577,199,79,1,-1,-1,-1
265,11,1019,522,184,73,1,-1,-1,-1
265,12,964,470,137,63,1,-1,-1,-1
265,15,1202,465,129,65,1,-1,-1,-1
265,16,832,497,91,57,1,-1,-1,-1
265,17,689,548,101,122,1,-1,-1,-1
265,41,935,392,44,44,1,-1,-1,-1
265,42,981,389,58,39,1,-1,-1,-1
266,8,16,542,149,93,1,-1,-1,-1
266,10,1083,579,200,79,1,-1,-1,-1
266,11,1021,523,185,73,1,-1,-1,-1
266,12,966,471,137,63,1,-1,-1,-1
266,15,1202,465,131,66,1,-1,-1,-1
266,16,833,497,91,58,1,-1,-1,-1
266,17,688,546,100,120,1,-1,-1,-1
266,41,936,392,44,44,1,-1,-1,-1
266,42,982,389,58,39,1,-1,-1,-1
267,8,15,542,149,94,1,-1,-1,-1
267,10,1084,579,200,79,1,-1,-1,-1
267,11,1021,523,186,73,1,-1,-1,-1
267,12,966,471,138,63,1,-1,-1,-1
267,15,1203,466,132,66,1,-1,-1,-1
267,16,833,497,92,58,1,-1,-1,-1
267,17,687,544,99,118,1,-1,-1,-1
267,41,936,392,44,44,1,-1,-1,-1
267,42,983,389,58,39,1,-1,-1,-1
268,8,14,543,149,94,1,-1,-1,-1
268,10,1085,579,200,80,1,-1,-1,-1
268,11,1021,523,187,74,1,-1,-1,-1
268,12,966,471,139,63,1,-1,-1,-1
268,15,1204,466,133,67,1,-1,-1,-1
268,16,833,498,93,58,1,-1,-1,-1
268,17,686,542,98,116,1,-1,-1,-1
268,41,937,392,44,44,1,-1,-1,-1
268,42,983,389,58,39,1,-1,-1,-1
269,8,13,543,149,95,1,-1,-1,-1
269,10,1086,580,201,80,1,-1,-1,-1
269,11,1022,523,188,74,1,-1,-1,-1
269,12,966,471,140,63,1,-1,-1,-1
269,15,1205,467,134,67,1,-1,-1,-1
269,16,833,498,93,58,1,-1,-1,-1
269,17,685,540,97,114,1,-1,-1,-1
269,41,937,392,44,44,1,-1,-1,-1
269,42,984,389,58,39,1,-1,-1,-1
270,8,12,544,148,94,1,-1,-1,-1
270,10,1087,580,201,80,1,-1,-1,-1
270,11,1022,523,189,75,1,-1,-1,-1
270,12,967,471,140,63,1,-1,-1,-1
270,15,1206,467,133,66,1,-1,-1,-1
270,16,834,498,93,59,1,-1,-1,-1
270,17,684,538,97,113,1,-1,-1,-1
270,41,938,392,44,44,1,-1,-1,-1
270,42,984,389,58,39,1,-1,-1,-1
271,8,11,544,148,95,1,-1,-1,-1
271,10,1089,581,200,80,1,-1,-1,-1
271,11,1023,524,189,75,1,-1,-1,-1
271,12,967,471,141,63,1,-1,-1,-1
271,15,1207,467,132,66,1,-1,-1,-1
271,16,834,498,94,59,1,-1,-1,-1
271,17,682,535,97,113,1,-1,-1,-1
271,41,938,392,44,44,1,-1,-1,-1
271,42,985,389,58,39,1,-1,-1,-1
272,8,10,544,148,96,1,-1,-1,-1
272,10,1090,581,201,81,1,-1,-1,-1
272,11,1023,524,191,75,1,-1,-1,-1
272,12,967,471,142,63,1,-1,-1,-1
272,15,1208,467,131,66,1,-1,-1,-1
272,16,834,499,95,59,1,-1,-1,-1
272,17,681,532,96,113,1,-1,-1,-1
272,41,939,392,44,44,1,-1,-1,-1
272,42,986,389,58,39,1,-1,-1,-1
273,8,9,545,148,95,1,-1,-1,-1
273,10,1091,582,201,80,1,-1,-1,-1
273,11,1024,524,191,76,1,-1,-1,-1
273,12,967,472,143,62,1,-1,-1,-1
273,15,1209,467,131,66,1,-1,-1,-1
273,16,835,499,94,59,1,-1,-1,-1
273,17,680,530,96,112,1,-1,-1,-1
273,41,939,392,44,44,1,-1,-1,-1
273,42,986,389,58,39,1,-1,-1,-1
274,8,8,545,148,96,1,-1,-1,-1
274,10,1092,582,201,81,1,-1,-1,-1
274,11,1024,524,192,77,1,-1,-1,-1
274,12,968,472,143,62,1,-1,-1,-1
274,15,1210,467,130,66,1,-1,-1,-1
274,16,835,499,95,60,1,-1,-1,-1
274,17,679,527,95,113,1,-1,-1,-1
274,41,940,392,44,44,1,-1,-1,-1
274,42,987,389,58,39,1,-1,-1,-1
275,8,7,545,148,97,1,-1,-1,-1
275,10,1093,582,202,82,1,-1,-1,-1
275,11,1024,524,194,77,1,-1,-1,-1
275,12,968,472,144,62,1,-1,-1,-1
275,15,1211,467,129,66,1,-1,-1,-1
275,16,835,499,96,60,1,-1,-1,-1
275,17,678,525,94,112,1,-1,-1,-1
275,41,940,392,44,44,1,-1,-1,-1
275,42,987,389,58,39,1,-1,-1,-1
276,8,6,546,148,97,1,-1,-1,-1
276,10,1095,583,201,81,1,-1,-1,-1
276,11,1025,525,194,77,1,-1,-1,-1
276,12,968,472,145,62,1,-1,-1,-1
276,15,1212,467,128,66,1,-1,-1,-1
276,16,836,500,96,60,1,-1,-1,-1
276,17,677,522,94,112,1,-1,-1,-1
276,41,941,392,44,44,1,-1,-1,-1
276,42,988,389,58,39,1,-1,-1,-1
277,8,5,546,147,97,1,-1,-1,-1
277,10,1096,583,201,82,1,-1,-1,-1
277,11,1025,525,195,78,1,-1,-1,-1
277,12,968,472,146,62,1,-1,-1,-1
277,15,1213,467,128,66,1,-1,-1,-1
277,16,836,500,96,60,1,-1,-1,-1
277,17,676,520,93,111,1,-1,-1,-1
277,41,942,392,44,44,1,-1,-1,-1
277,42,989,390,58,39,1,-1,-1,-1
278,8,4,547,147,97,1,-1,-1,-1
278,10,1097,584,202,82,1,-1,-1,-1
278,11,1026,525,196,78,1,-1,-1,-1
278,12,969,472,146,62,1,-1,-1,-1
278,15,1214,467,127,66,1,-1,-1,-1
278,16,836,500,97,60,1,-1,-1,-1
278,17,674,517,93,112,1,-1,-1,-1
278,41,942,391,44,44,1,-1,-1,-1
278,42,989,390,58,39,1,-1,-1,-1
279,8,3,547,147,98,1,-1,-1,-1
279,10,1098,584,202,82,1,-1,-1,-1
279,11,1026,525,197,79,1,-1,-1,-1
279,12,969,472,147,62,1,-1,-1,-1
279,15,1215,467,126,66,1,-1,-1,-1
279,16,837,501,96,60,1,-1,-1,-1
279,17,673,515,93,111,1,-1,-1,-1
279,41,943,391,44,44,1,-1,-1,-1
279,42,990,390,58,39,1,-1,-1,-1
280,8,2,547,147,98,1,-1,-1,-1
280,10,1099,585,202,82,1,-1,-1,-1
280,11,1027,526,198,79,1,-1,-1,-1
280,12,969,473,148,61,1,-1,-1,-1
280,15,1216,468,126,65,1,-1,-1,-1
280,16,837,501,97,60,1,-1,-1,-1
280,17,672,512,92,111,1,-1,-1,-1
280,41,943,391,44,44,1,-1,-1,-1
280,42,990,390,58,39,1,-1,-1,-1
281,8,1,548,147,98,1,-1,-1,-1
281,10,1101,585,202,83,1,-1,-1,-1
281,11,1028,526,198,79,1,-1,-1,-1
281,12,969,473,149,61,1,-1,-1,-1
281,15,1217,468,125,65,1,-1,-1,-1
281,16,838,502,96,60,1,-1,-1,-1
281,17,671,510,91,110,1,-1,-1,-1
281,41,944,391,44,44,1,-1,-1,-1
281,42,991,390,58,39,1,-1,-1,-1
282,8,0,548,147,99,1,-1,-1,-1
282,10,1102,585,202,83,1,-1,-1,-1
282,11,1029,526,198,80,1,-1,-1,-1
282,12,970,473,149,61,1,-1,-1,-1
282,15,1218,468,124,65,1,-1,-1,-1
282,16,838,502,97,60,1,-1,-1,-1
282,17,670,507,91,111,1,-1,-1,-1
282,41,944,391,44,44,1,-1,-1,-1
282,42,992,390,58,39,1,-1,-1,-1
283,8,0,549,146,99,1,-1,-1,-1
283,10,1103,586,202,83,1,-1,-1,-1
283,11,1030,526,199,81,1,-1,-1,-1
283,12,970,473,150,61,1,-1,-1,-1
283,15,1219,468,123,65,1,-1,-1,-1
283,16,838,503,97,60,1,-1,-1,-1
283,17,669,505,90,110,1,-1,-1,-1
283,41,945,391,44,44,1,-1,-1,-1
283,42,992,390,58,39,1,-1,-1,-1
284,8,0,549,144,99,1,-1,-1,-1
284,10,1104,586,203,84,1,-1,-1,-1
284,11,1031,527,199,81,1,-1,-1,-1
284,12,970,473,151,62,1,-1,-1,-1
284,15,1220,468,122,65,1,-1,-1,-1
284,16,839,503,97,60,1,-1,-1,-1
284,17,668,502,89,110,1,-1,-1,-1
284,41,945,391,44,44,1,-1,-1,-1
284,42,993,390,58,39,1,-1,-1,-1
285,8,0,549,143,100,1,-1,-1,-1
285,10,1105,587,203,84,1,-1,-1,-1
285,11,1032,527,200,82,1,-1,-1,-1
285,12,970,473,152,62,1,-1,-1,-1
285,15,1221,468,121,65,1,-1,-1,-1
285,16,839,504,98,59,1,-1,-1,-1
285,17,667,500,89,110,1,-1,-1,-1
285,41,946,391,44,44,1,-1,-1,-1
285,42,993,390,58,39,1,-1,-1,-1
286,8,0,550,142,100,1,-1,-1,-1
286,10,1107,587,202,84,1,-1,-1,-1
286,11,1033,527,200,82,1,-1,-1,-1
286,12,971,473,152,62,1,-1,-1,-1
286,15,1222,468,120,65,1,-1,-1,-1
286,16,840,504,97,60,1,-1,-1,-1
286,17,666,498,89,109,1,-1,-1,-1
286,41,946,391,44,44,1,-1,-1,-1
286,42,994,390,58,39,1,-1,-1,-1
287,8,0,550,140,101,1,-1,-1,-1
287,10,1108,588,203,84,1,-1,-1,-1
287,11,1034,527,200,83,1,-1,-1,-1
287,12,971,474,153,61,1,-1,-1,-1
287,15,1224,469,118,65,1,-1,-1,-1
287,16,840,505,98,59,1,-1,-1,-1
287,17,665,497,89,108,1,-1,-1,-1
287,41,947,391,44,44,1,-1,-1,-1
287,42,995,390,58,39,1,-1,-1,-1
288,8,0,550,139,102,1,-1,-1,-1
288,10,1109,588,203,85,1,-1,-1,-1
288,11,1035,528,201,83,1,-1,-1,-1
288,12,971,474,154,61,1,-1,-1,-1
288,15,1225,469,117,65,1,-1,-1,-1
288,16,840,505,98,60,1,-1,-1,-1
288,17,664,495,89,107,1,-1,-1,-1
288,41,947,391,44,44,1,-1,-1,-1
288,42,995,390,58,39,1,-1,-1,-1
289,8,0,551,138,102,1,-1,-1,-1
289,10,1110,588,203,85,1,-1,-1,-1
289,11,1036,528,201,84,1,-1,-1,-1
289,12,971,474,155,61,1,-1,-1,-1
289,15,1226,469,116,65,1,-1,-1,-1
289,16,841,506,98,59,1,-1,-1,-1
289,17,663,494,89,106,1,-1,-1,-1
289,41,948,391,44,44,1,-1,-1,-1
289,42,996,390,58,39,1,-1,-1,-1
290,8,0,551,137,102,1,-1,-1,-1
290,10,1111,589,204,85,1,-1,-1,-1
290,11,1037,528,202,85,1,-1,-1,-1
290,12,972,474,155,61,1,-1,-1,-1
290,15,1227,469,115,65,1,-1,-1,-1
290,16,841,506,98,60,1,-1,-1,-1
290,17,662,492,89,105,1,-1,-1,-1
290,41,948,391,44,44,1,-1,-1,-1
290,42,996,390,58,39,1,-1,-1,-1
291,8,0,552,135,102,1,-1,-1,-1
291,10,1113,589,203,86,1,-1,-1,-1
291,11,1038,528,202,85,1,-1,-1,-1
291,12,972,474,156,61,1,-1,-1,-1
291,15,1228,469,114,65,1,-1,-1,-1
291,16,842,507,98,59,1,-1,-1,-1
291,17,662,491,89,104,1,-1,-1,-1
291,41,949,391,44,44,1,-1,-1,-1
291,42,997,390,58,39,1,-1,-1,-1
292,8,0,552,134,103,1,-1,-1,-1
292,10,1114,590,203,85,1,-1,-1,-1
292,11,1039,529,202,85,1,-1,-1,-1
292,12,972,474,157,61,1,-1,-1,-1
292,15,1229,469,113,65,1,-1,-1,-1
292,16,842,507,98,60,1,-1,-1,-1
292,17,661,489,89,103,1,-1,-1,-1
292,41,950,391,44,44,1,-1,-1,-1
292,42,998,391,58,39,1,-1,-1,-1
293,8,0,552,133,104,1,-1,-1,-1
293,10,1115,590,204,86,1,-1,-1,-1
293,11,1040,529,203,86,1,-1,-1,-1
293,12,972,474,158,61,1,-1,-1,-1
293,15,1230,469,112,65,1,-1,-1,-1
293,16,842,508,99,59,1,-1,-1,-1
293,17,660,488,89,102,1,-1,-1,-1
293,41,950,391,44,44,1,-1,-1,-1
293,42,997,391,58,39,1,-1,-1,-1
294,8,0,553,131,104,1,-1,-1,-1
294,10,1116,591,204,86,1,-1,-1,-1
294,11,1041,529,203,87,1,-1,-1,-1
294,12,973,475,158,60,1,-1,-1,-1
294,15,1232,470,110,65,1,-1,-1,-1
294,16,843,508,99,59,1,-1,-1,-1
294,17,659,486,89,102,1,-1,-1,-1
294,41,950,391,44,44,1,-1,-1,-1
294,42,996,391,58,39,1,-1,-1,-1
295,8,0,553,130,105,1,-1,-1,-1
295,10,1117,591,204,86,1,-1,-1,-1
295,11,1042,530,204,87,1,-1,-1,-1
295,12,973,475,159,60,1,-1,-1,-1
295,15,1233,470,109,65,1,-1,-1,-1
295,16,843,509,99,59,1,-1,-1,-1
295,17,658,485,89,100,1,-1,-1,-1
295,41,951,391,44,44,1,-1,-1,-1
295,42,996,390,58,39,1,-1,-1,-1
296,8,0,554,129,104,1,-1,-1,-1
296,10,1119,591,204,87,1,-1,-1,-1
296,11,1041,530,206,87,1,-1,-1,-1
296,12,973,475,160,60,1,-1,-1,-1
296,15,1234,470,108,65,1,-1,-1,-1
296,16,844,509,99,59,1,-1,-1,-1
296,17,658,483,89,100,1,-1,-1,-1
296,41,951,391,44,44,1,-1,-1,-1
296,42,996,390,58,39,1,-1,-1,-1
297,8,0,554,128,105,1,-1,-1,-1
297,10,1120,592,204,87,1,-1,-1,-1
297,11,1040,530,208,88,1,-1,-1,-1
297,12,973,475,161,60,1,-1,-1,-1
297,15,1235,470,107,65,1,-1,-1,-1
297,16,844,510,99,59,1,-1,-1,-1
297,17,657,482,89,98,1,-1,-1,-1
297,41,951,391,44,44,1,-1,-1,-1
297,42,997,390,58,39,1,-1,-1,-1
298,8,0,554,126,106,1,-1,-1,-1
298,10,1121,592,204,87,1,-1,-1,-1
298,11,1040,530,209,88,1,-1,-1,-1
298,12,974,475,161,60,1,-1,-1,-1
298,15,1236,470,106,65,1,-1,-1,-1
298,16,844,510,100,59,1,-1,-1,-1
298,17,656,480,89,98,1,-1,-1,-1
298,41,952,391,44,44,1,-1,-1,-1
298,42,997,390,58,39,1,-1,-1,-1
299,8,0,555,125,106,1,-1,-1,-1
299,10,1122,593,205,87,1,-1,-1,-1
299,11,1039,530,211,89,1,-1,-1,-1
299,12,974,475,162,60,1,-1,-1,-1
299,15,1237,470,105,65,1,-1,-1,-1
299,16,845,511,99,59,1,-1,-1,-1
299,17,655,479,89,96,1,-1,-1,-1
299,41,952,391,44,44,1,-1,-1,-1
299,42,998,390,58,39,1,-1,-1,-1
300,8,0,555,124,107,1,-1,-1,-1
300,10,1123,593,205,88,1,-1,-1,-1
300,11,1039,531,213,89,1,-1,-1,-1
300,12,974,475,163,60,1,-1,-1,-1
300,15,1238,470,104,65,1,-1,-1,-1
300,16,845,511,100,59,1,-1,-1,-1
300,17,654,477,89,96,1,-1,-1,-1
300,41,952,391,44,44,1,-1,-1,-1
300,42,998,390,58,39,1,-1,-1,-1
301,8,0,556,123,107,1,-1,-1,-1
301,10,1125,594,205,88,1,-1,-1,-1
301,11,1042,531,211,90,1,-1,-1,-1
301,12,975,476,163,60,1,-1,-1,-1
301,15,1240,471,102,65,1,-1,-1,-1
301,16,846,512,100,59,1,-1,-1,-1
301,17,654,476,89,95,1,-1,-1,-1
301,41,953,391,44,44,1,-1,-1,-1
301,42,999,390,58,39,1,-1,-1,-1
301,45,639,458,19,36,1,-1,-1,-1
302,8,0,556,121,107,1,-1,-1,-1
302,10,1126,595,205,88,1,-1,-1,-1
302,11,1044,532,210,90,1,-1,-1,-1
302,12,975,476,163,60,1,-1,-1,-1
302,15,1241,470,100,66,1,-1,-1,-1
302,16,846,512,101,59,1,-1,-1,-1
302,17,653,474,88,95,1,-1,-1,-1
302,41,952,391,45,44,1,-1,-1,-1
302,42,999,390,58,39,1,-1,-1,-1
302,45,639,456,19,36,1,-1,-1,-1
303,8,0,556,120,107,1,-1,-1,-1
303,10,1127,596,205,89,1,-1,-1,-1
303,11,1046,533,209,90,1,-1,-1,-1
303,12,976,476,162,60,1,-1,-1,-1
303,15,1242,470,99,66,1,-1,-1,-1
303,16,846,512,102,60,1,-1,-1,-1
303,17,653,473,87,95,1,-1,-1,-1
303,41,952,391,46,44,1,-1,-1,-1
303,42,1000,390,58,39,1,-1,-1,-1
303,45,639,455,19,35,1,-1,-1,-1
304,8,0,556,119,107,1,-1,-1,-1
304,10,1128,598,206,89,1,-1,-1,-1
304,11,1048,535,208,90,1,-1,-1,-1
304,12,977,477,162,60,1,-1,-1,-1
304,15,1244,470,97,67,1,-1,-1,-1
304,16,847,512,102,61,1,-1,-1,-1
304,17,653,472,86,94,1,-1,-1,-1
304,41,952,392,46,43,1,-1,-1,-1
304,42,1001,390,58,40,1,-1,-1,-1
304,45,639,454,19,34,1,-1,-1,-1
305,8,0,556,118,108,1,-1,-1,-1
305,10,1129,599,206,90,1,-1,-1,-1
305,11,1050,536,207,90,1,-1,-1,-1
305,12,978,477,161,60,1,-1,-1,-1
305,15,1245,469,95,68,1,-1,-1,-1
305,16,847,512,103,61,1,-1,-1,-1
305,17,652,471,86,94,1,-1,-1,-1
305,41,951,392,48,44,1,-1,-1,-1
305,42,1002,390,58,40,1,-1,-1,-1
305,45,639,453,19,33,1,-1,-1,-1
306,8,0,557,117,107,1,-1,-1,-1
306,10,1130,601,207,89,1,-1,-1,-1
306,11,1053,538,205,90,1,-1,-1,-1
306,12,979,478,161,59,1,-1,-1,-1
306,15,1247,469,93,69,1,-1,-1,-1
306,16,847,512,104,62,1,-1,-1,-1
306,17,652,470,85,94,1,-1,-1,-1
306,41,951,392,48,44,1,-1,-1,-1
306,42,1002,390,58,40,1,-1,-1,-1
306,45,639,451,19,33,1,-1,-1,-1
307,8,0,557,116,107,1,-1,-1,-1
307,10,1131,602,207,90,1,-1,-1,-1
307,11,1055,539,204,90,1,-1,-1,-1
307,12,980,478,160,60,1,-1,-1,-1
307,15,1248,469,92,69,1,-1,-1,-1
307,16,848,512,104,63,1,-1,-1,-1
307,17,652,469,83,93,1,-1,-1,-1
307,41,951,393,49,43,1,-1,-1,-1
307,42,1003,390,58,41,1,-1,-1,-1
307,45,639,450,19,32,1,-1,-1,-1
308,8,0,557,114,108,1,-1,-1,-1
308,10,1132,604,208,90,1,-1,-1,-1
308,11,1057,541,203,90,1,-1,-1,-1
308,12,981,479,160,59,1,-1,-1,-1
308,15,1250,468,89,71,1,-1,-1,-1
308,16,848,512,105,63,1,-1,-1,-1
308,17,651,468,83,93,1,-1,-1,-1
308,41,950,393,50,44,1,-1,-1,-1
308,42,1004,391,58,40,1,-1,-1,-1
308,45,639,449,19,31,1,-1,-1,-1
309,8,0,557,113,108,1,-1,-1,-1
309,10,1133,605,208,91,1,-1,-1,-1
309,11,1059,542,202,90,1,-1,-1,-1
309,12,982,479,159,59,1,-1,-1,-1
309,15,1251,468,88,71,1,-1,-1,-1
309,16,848,513,106,63,1,-1,-1,-1
309,17,651,467,82,92,1,-1,-1,-1
309,41,950,394,51,43,1,-1,-1,-1
309,42,1005,391,58,41,1,-1,-1,-1
309,45,639,448,19,30,1,-1,-1,-1
310,8,0,558,112,107,1,-1,-1,-1
310,10,1134,607,209,91,1,-1,-1,-1
310,11,1062,544,201,90,1,-1,-1,-1
310,12,983,480,159,59,1,-1,-1,-1
310,15,1253,468,86,72,1,-1,-1,-1
310,16,849,513,106,64,1,-1,-1,-1
310,17,651,466,81,92,1,-1,-1,-1
310,41,950,394,51,43,1,-1,-1,-1
310,42,1005,391,58,41,1,-1,-1,-1
310,45,639,446,19,30,1,-1,-1,-1
311,8,0,558,111,108,1,-1,-1,-1
311,10,1134,608,209,91,1,-1,-1,-1
311,11,1061,544,205,90,1,-1,-1,-1
311,12,983,480,160,59,1,-1,-1,-1
311,15,1255,469,84,72,1,-1,-1,-1
311,16,849,513,107,64,1,-1,-1,-1
311,17,650,465,81,92,1,-1,-1,-1
311,41,949,394,53,44,1,-1,-1,-1
311,42,1006,391,58,41,1,-1,-1,-1
311,45,639,445,19,29,1,-1,-1,-1
312,8,0,558,110,108,1,-1,-1,-1
312,10,1135,610,208,91,1,-1,-1,-1
312,11,1060,545,209,89,1,-1,-1,-1
312,12,983,480,162,60,1,-1,-1,-1
312,15,1257,470,83,72,1,-1,-1,-1
312,16,849,513,108,65,1,-1,-1,-1
312,17,650,464,79,91,1,-1,-1,-1
312,41,949,395,53,43,1,-1,-1,-1
312,42,1007,391,58,42,1,-1,-1,-1
312,45,639,444,19,28,1,-1,-1,-1
313,8,0,558,109,108,1,-1,-1,-1
313,10,1135,611,208,91,1,-1,-1,-1
313,11,1060,545,212,89,1,-1,-1,-1
313,12,983,480,164,60,1,-1,-1,-1
313,15,1259,472,82,72,1,-1,-1,-1
313,16,850,513,108,66,1,-1,-1,-1
313,17,650,463,78,91,1,-1,-1,-1
313,41,949,395,54,43,1,-1,-1,-1
313,42,1008,391,58,42,1,-1,-1,-1
313,45,639,443,19,27,1,-1,-1,-1
314,8,0,559,108,108,1,-1,-1,-1
314,10,1136,613,207,91,1,-1,-1,-1
314,11,1059,546,216,88,1,-1,-1,-1
314,12,983,480,166,61,1,-1,-1,-1
314,15,1261,473,81,72,1,-1,-1,-1
314,16,850,513,109,66,1,-1,-1,-1
314,17,649,462,78,90,1,-1,-1,-1
314,41,949,396,55,43,1,-1,-1,-1
314,42,1009,392,58,42,1,-1,-1,-1
315,8,0,563,100,108,1,-1,-1,-1
315,10,1146,612,197,91,1,-1,-1,-1
315,11,1059,547,219,88,1,-1,-1,-1
315,12,983,481,168,61,1,-1,-1,-1
315,15,1263,475,80,72,1,-1,-1,-1
315,16,850,513,110,67,1,-1,-1,-1
315,17,649,461,77,90,1,-1,-1,-1
315,41,949,396,55,43,1,-1,-1,-1
315,42,1008,392,59,42,1,-1,-1,-1
316,8,0,563,98,108,1,-1,-1,-1
316,10,1147,612,195,92,1,-1,-1,-1
316,11,1060,548,220,88,1,-1,-1,-1
316,12,984,481,168,62,1,-1,-1,-1
316,15,1264,475,79,72,1,-1,-1,-1
316,16,851,514,110,67,1,-1,-1,-1
316,17,649,460,76,90,1,-1,-1,-1
316,41,949,396,56,43,1,-1,-1,-1
316,42,1008,392,60,42,1,-1,-1,-1
317,8,0,564,97,108,1,-1,-1,-1
317,10,1148,613,194,93,1,-1,-1,-1
317,11,1062,549,220,89,1,-1,-1,-1
317,12,985,481,168,63,1,-1,-1,-1
317,15,1265,475,78,72,1,-1,-1,-1
317,16,851,514,110,68,1,-1,-1,-1
317,17,648,459,76,90,1,-1,-1,-1
317,41,950,396,56,44,1,-1,-1,-1
317,42,1008,393,61,42,1,-1,-1,-1
318,8,0,564,96,108,1,-1,-1,-1
318,10,1149,614,193,93,1,-1,-1,-1
318,11,1064,551,221,89,1,-1,-1,-1
318,12,986,482,168,63,1,-1,-1,-1
318,15,1266,475,77,72,1,-1,-1,-1
318,16,852,515,110,68,1,-1,-1,-1
318,17,648,459,76,89,1,-1,-1,-1
318,41,950,396,56,44,1,-1,-1,-1
318,42,1008,393,62,42,1,-1,-1,-1
319,8,0,565,95,108,1,-1,-1,-1
319,10,1150,615,192,94,1,-1,-1,-1
319,11,1066,552,221,90,1,-1,-1,-1
319,12,988,482,167,64,1,-1,-1,-1
319,15,1267,475,76,72,1,-1,-1,-1
319,16,852,516,110,68,1,-1,-1,-1
319,17,647,458,76,89,1,-1,-1,-1
319,41,951,397,56,44,1,-1,-1,-1
319,42,1008,394,63,42,1,-1,-1,-1
320,8,0,566,93,108,1,-1,-1,-1
320,10,1151,616,191,94,1,-1,-1,-1
320,11,1068,553,221,91,1,-1,-1,-1
320,12,989,483,168,65,1,-1,-1,-1
320,15,1268,475,75,72,1,-1,-1,-1
320,16,853,517,110,68,1,-1,-1,-1
320,17,647,458,76,88,1,-1,-1,-1
320,41,951,397,57,44,1,-1,-1,-1
320,42,1007,394,65,42,1,-1,-1,-1
321,8,0,566,92,108,1,-1,-1,-1
321,10,1152,617,190,95,1,-1,-1,-1
321,11,1069,555,223,91,1,-1,-1,-1
321,12,990,483,168,66,1,-1,-1,-1
321,15,1269,475,74,72,1,-1,-1,-1
321,16,853,518,110,68,1,-1,-1,-1
321,17,647,457,75,88,1,-1,-1,-1
321,41,951,397,57,44,1,-1,-1,-1
321,42,1007,395,66,41,1,-1,-1,-1
322,8,0,567,91,108,1,-1,-1,-1
322,10,1153,618,189,95,1,-1,-1,-1
322,11,1071,556,223,92,1,-1,-1,-1
322,12,991,484,168,66,1,-1,-1,-1
322,15,1270,475,73,72,1,-1,-1,-1
322,16,854,519,110,68,1,-1,-1,-1
322,17,646,457,76,87,1,-1,-1,-1
322,41,952,397,57,45,1,-1,-1,-1
322,42,1007,395,67,42,1,-1,-1,-1
323,8,0,568,90,108,1,-1,-1,-1
323,10,1154,619,188,96,1,-1,-1,-1
323,11,1073,557,223,92,1,-1,-1,-1
323,12,993,484,167,67,1,-1,-1,-1
323,15,1272,475,71,72,1,-1,-1,-1
323,16,855,520,109,68,1,-1,-1,-1
323,17,646,456,76,87,1,-1,-1,-1
323,41,952,397,58,45,1,-1,-1,-1
323,42,1007,396,68,41,1,-1,-1,-1
324,8,0,568,88,108,1,-1,-1,-1
324,10,1156,620,186,98,1,-1,-1,-1
324,11,1075,559,224,92,1,-1,-1,-1
324,12,994,485,167,67,1,-1,-1,-1
324,15,1273,476,70,72,1,-1,-1,-1
324,16,855,521,110,68,1,-1,-1,-1
324,17,646,456,75,86,1,-1,-1,-1
324,41,953,398,57,45,1,-1,-1,-1
324,42,1007,396,69,42,1,-1,-1,-1
325,8,0,568,86,108,1,-1,-1,-1
325,10,1158,622,184,99,1,-1,-1,-1
325,11,1077,560,224,93,1,-1,-1,-1
325,12,995,485,168,69,1,-1,-1,-1
325,15,1274,477,69,72,1,-1,-1,-1
325,16,856,522,109,68,1,-1,-1,-1
325,17,645,455,76,86,1,-1,-1,-1
325,41,953,398,58,45,1,-1,-1,-1
325,42,1006,397,71,41,1,-1,-1,-1
326,8,0,569,84,108,1,-1,-1,-1
326,10,1160,624,182,100,1,-1,-1,-1
326,11,1078,561,225,94,1,-1,-1,-1
326,12,996,486,168,69,1,-1,-1,-1
326,15,1275,478,68,72,1,-1,-1,-1
326,16,856,523,110,68,1,-1,-1,-1
326,17,645,455,75,85,1,-1,-1,-1
326,41,953,398,59,45,1,-1,-1,-1
326,42,1006,397,72,41,1,-1,-1,-1
327,8,0,569,82,108,1,-1,-1,-1
327,10,1163,625,179,102,1,-1,-1,-1
327,11,1080,563,226,94,1,-1,-1,-1
327,12,998,486,167,70,1,-1,-1,-1
327,15,1277,479,66,72,1,-1,-1,-1
327,16,857,524,109,68,1,-1,-1,-1
327,17,645,454,75,85,1,-1,-1,-1
327,41,954,398,58,46,1,-1,-1,-1
327,42,1006,398,73,41,1,-1,-1,-1
328,8,0,570,80,108,1,-1,-1,-1
328,10,1165,627,177,103,1,-1,-1,-1
328,11,1082,564,226,95,1,-1,-1,-1
328,12,999,487,167,70,1,-1,-1,-1
328,15,1278,480,65,72,1,-1,-1,-1
328,16,857,525,110,68,1,-1,-1,-1
328,17,644,454,75,84,1,-1,-1,-1
328,41,954,398,59,46,1,-1,-1,-1
328,42,1006,398,74,41,1,-1,-1,-1
329,8,0,570,78,108,1,-1,-1,-1
329,10,1167,629,175,104,1,-1,-1,-1
329,11,1084,565,226,96,1,-1,-1,-1
329,12,1000,487,167,71,1,-1,-1,-1
329,15,1279,481,64,72,1,-1,-1,-1
329,16,858,526,109,68,1,-1,-1,-1
329,17,644,453,75,84,1,-1,-1,-1
329,41,955,399,59,46,1,-1,-1,-1
329,42,1006,399,75,41,1,-1,-1,-1
330,8,0,571,76,108,1,-1,-1,-1
330,10,1170,631,172,106,1,-1,-1,-1
330,11,1086,567,227,96,1,-1,-1,-1
330,12,1002,488,167,72,1,-1,-1,-1
330,16,859,527,109,69,1,-1,-1,-1
330,17,644,453,75,83,1,-1,-1,-1
330,41,955,399,59,46,1,-1,-1,-1
330,42,1006,399,75,41,1,-1,-1,-1
331,8,0,571,73,108,1,-1,-1,-1
331,10,1172,633,170,105,1,-1,-1,-1
331,11,1088,568,227,96,1,-1,-1,-1
331,12,1003,489,167,72,1,-1,-1,-1
331,16,859,528,110,69,1,-1,-1,-1
331,17,643,452,75,83,1,-1,-1,-1
331,41,955,400,59,46,1,-1,-1,-1
331,42,1007,399,75,41,1,-1,-1,-1
332,8,0,572,71,108,1,-1,-1,-1
332,10,1175,635,167,105,1,-1,-1,-1
332,11,1090,569,227,96,1,-1,-1,-1
332,12,1004,490,167,72,1,-1,-1,-1
332,16,860,529,111,69,1,-1,-1,-1
332,17,643,452,74,83,1,-1,-1,-1
332,41,956,401,59,46,1,-1,-1,-1
332,42,1008,399,75,41,1,-1,-1,-1
333,8,0,572,69,108,1,-1,-1,-1
333,10,1177,637,165,105,1,-1,-1,-1
333,11,1092,570,227,96,1,-1,-1,-1
333,12,1005,491,167,72,1,-1,-1,-1
333,16,861,531,111,68,1,-1,-1,-1
333,17,643,452,73,82,1,-1,-1,-1
333,41,956,402,59,46,1,-1,-1,-1
333,42,1009,399,75,41,1,-1,-1,-1
334,8,0,573,67,108,1,-1,-1,-1
334,10,1180,639,162,105,1,-1,-1,-1
334,11,1095,572,227,96,1,-1,-1,-1
334,12,1006,492,167,72,1,-1,-1,-1
334,16,862,532,112,69,1,-1,-1,-1
334,17,643,451,72,83,1,-1,-1,-1
334,41,956,403,59,46,1,-1,-1,-1
334,42,1009,399,75,41,1,-1,-1,-1
335,8,0,573,64,108,1,-1,-1,-1
335,10,1182,641,160,105,1,-1,-1,-1
335,11,1097,573,227,96,1,-1,-1,-1
335,12,1008,494,167,72,1,-1,-1,-1
335,16,863,533,112,69,1,-1,-1,-1
335,17,643,451,71,82,1,-1,-1,-1
335,41,957,404,59,46,1,-1,-1,-1
335,42,1010,399,75,41,1,-1,-1,-1
336,8,0,574,62,108,1,-1,-1,-1
336,10,1185,643,157,104,1,-1,-1,-1
336,11,1099,574,227,96,1,-1,-1,-1
336,12,1009,495,167,72,1,-1,-1,-1
336,16,864,535,113,68,1,-1,-1,-1
336,17,643,451,70,82,1,-1,-1,-1
336,41,957,405,59,46,1,-1,-1,-1
336,42,1011,399,75,41,1,-1,-1,-1
337,8,0,574,60,108,1,-1,-1,-1
337,10,1187,645,155,104,1,-1,-1,-1
337,11,1102,576,227,96,1,-1,-1,-1
337,12,1010,496,167,72,1,-1,-1,-1
337,16,865,536,114,68,1,-1,-1,-1
337,17,642,450,70,83,1,-1,-1,-1
337,41,958,406,59,46,1,-1,-1,-1
337,42,1012,400,75,41,1,-1,-1,-1
338,8,0,575,58,108,1,-1,-1,-1
338,10,1190,647,152,104,1,-1,-1,-1
338,11,1104,577,227,96,1,-1,-1,-1
338,12,1011,497,167,72,1,-1,-1,-1
338,16,866,537,114,69,1,-1,-1,-1
338,17,642,450,69,82,1,-1,-1,-1
338,41,958,406,60,46,1,-1,-1,-1
338,42,1013,400,75,41,1,-1,-1,-1
339,10,1192,649,150,104,1,-1,-1,-1
339,11,1106,578,227,96,1,-1,-1,-1
339,12,1012,498,167,72,1,-1,-1,-1
339,16,867,539,115,68,1,-1,-1,-1
339,17,642,450,68,82,1,-1,-1,-1
339,41,959,406,60,46,1,-1,-1,-1
339,42,1014,401,75,41,1,-1,-1,-1
340,10,1195,651,148,104,1,-1,-1,-1
340,11,1109,580,227,96,1,-1,-1,-1
340,12,1014,500,167,72,1,-1,-1,-1
340,16,868,540,115,68,1,-1,-1,-1
340,17,642,449,67,82,1,-1,-1,-1
340,41,959,406,61,46,1,-1,-1,-1
340,42,1015,402,75,41,1,-1,-1,-1
341,10,1198,653,145,102,1,-1,-1,-1
341,11,1110,581,227,96,1,-1,-1,-1
341,12,1015,501,169,72,1,-1,-1,-1
341,16,869,541,116,68,1,-1,-1,-1
341,17,642,449,66,82,1,-1,-1,-1
341,41,960,406,61,46,1,-1,-1,-1
341,42,1016,402,75,41,1,-1,-1,-1
342,10,1202,655,141,100,1,-1,-1,-1
342,11,1112,582,227,96,1,-1,-1,-1
342,12,1016,502,171,72,1,-1,-1,-1
342,16,870,543,117,68,1,-1,-1,-1
342,17,642,449,65,82,1,-1,-1,-1
342,41,960,406,62,47,1,-1,-1,-1
342,42,1017,403,75,41,1,-1,-1,-1
343,10,1205,657,138,98,1,-1,-1,-1
343,11,1114,583,227,96,1,-1,-1,-1
343,12,1017,503,174,72,1,-1,-1,-1
343,16,871,544,117,69,1,-1,-1,-1
343,17,641,449,65,82,1,-1,-1,-1
343,41,961,406,62,47,1,-1,-1,-1
343,42,1018,404,75,41,1,-1,-1,-1
344,10,1209,659,134,96,1,-1,-1,-1
344,11,1115,584,226,98,1,-1,-1,-1
344,12,1018,505,176,71,1,-1,-1,-1
344,16,872,545,117,70,1,-1,-1,-1
344,17,640,450,65,81,1,-1,-1,-1
344,41,961,407,63,46,1,-1,-1,-1
344,42,1020,404,75,41,1,-1,-1,-1
345,10,1212,661,131,94,1,-1,-1,-1
345,11,1117,586,224,99,1,-1,-1,-1
345,12,1019,506,179,71,1,-1,-1,-1
345,16,874,547,116,70,1,-1,-1,-1
345,17,639,451,65,81,1,-1,-1,-1
345,41,962,407,63,46,1,-1,-1,-1
345,42,1021,405,75,41,1,-1,-1,-1
346,10,1216,663,127,92,1,-1,-1,-1
346,11,1119,587,222,101,1,-1,-1,-1
346,12,1020,507,181,71,1,-1,-1,-1
346,16,875,548,116,71,1,-1,-1,-1
346,17,638,452,65,80,1,-1,-1,-1
346,41,962,407,64,47,1,-1,-1,-1
346,42,1022,406,75,41,1,-1,-1,-1
347,11,1121,589,221,103,1,-1,-1,-1
347,12,1021,509,184,71,1,-1,-1,-1
347,16,876,550,117,71,1,-1,-1,-1
347,17,638,453,64,80,1,-1,-1,-1
347,41,963,407,64,47,1,-1,-1,-1
347,42,1023,406,75,41,1,-1,-1,-1
348,11,1123,591,219,103,1,-1,-1,-1
348,12,1023,511,185,71,1,-1,-1,-1
348,16,878,551,116,72,1,-1,-1,-1
348,17,637,452,65,81,1,-1,-1,-1
348,41,963,407,65,47,1,-1,-1,-1
348,42,1024,407,75,41,1,-1,-1,-1
349,11,1126,593,216,103,1,-1,-1,-1
349,12,1025,513,186,71,1,-1,-1,-1
349,16,879,553,116,72,1,-1,-1,-1
349,17,637,451,65,82,1,-1,-1,-1
349,41,964,407,65,47,1,-1,-1,-1
349,42,1025,408,75,41,1,-1,-1,-1
350,11,1129,596,213,103,1,-1,-1,-1
350,12,1028,515,186,71,1,-1,-1,-1
350,16,880,554,116,73,1,-1,-1,-1
350,17,637,451,65,82,1,-1,-1,-1
350,41,965,408,66,47,1,-1,-1,-1
350,42,1027,409,75,41,1,-1,-1,-1
351,11,1131,598,211,103,1,-1,-1,-1
351,12,1030,517,187,71,1,-1,-1,-1
351,16,882,556,116,74,1,-1,-1,-1
351,17,636,452,65,82,1,-1,-1,-1
351,41,966,408,66,47,1,-1,-1,-1
351,42,1028,409,75,42,1,-1,-1,-1
352,11,1134,601,208,103,1,-1,-1,-1
352,12,1033,519,187,71,1,-1,-1,-1
352,16,882,557,118,75,1,-1,-1,-1
352,17,636,452,65,82,1,-1,-1,-1
352,41,967,409,66,47,1,-1,-1,-1
352,42,1030,410,75,42,1,-1,-1,-1
353,11,1137,603,205,103,1,-1,-1,-1
353,12,1035,521,188,71,1,-1,-1,-1
353,16,883,559,120,76,1,-1,-1,-1
353,17,636,452,65,82,1,-1,-1,-1
353,41,968,410,66,47,1,-1,-1,-1
353,42,1031,411,76,42,1,-1,-1,-1
354,11,1140,606,203,103,1,-1,-1,-1
354,12,1038,523,188,71,1,-1,-1,-1
354,16,884,561,121,77,1,-1,-1,-1
354,17,636,453,65,82,1,-1,-1,-1
354,41,969,411,66,47,1,-1,-1,-1
354,42,1033,411,76,43,1,-1,-1,-1
355,11,1144,609,199,103,1,-1,-1,-1
355,12,1040,526,189,70,1,-1,-1,-1
355,16,885,563,123,78,1,-1,-1,-1
355,17,637,453,65,82,1,-1,-1,-1
355,41,970,412,66,47,1,-1,-1,-1
355,42,1034,412,77,43,1,-1,-1,-1
356,11,1148,612,195,103,1,-1,-1,-1
356,12,1042,528,190,70,1,-1,-1,-1
356,16,885,565,125,79,1,-1,-1,-1
356,17,637,454,65,82,1,-1,-1,-1
356,41,971,413,66,47,1,-1,-1,-1
356,42,1036,413,77,43,1,-1,-1,-1
357,11,1152,615,191,103,1,-1,-1,-1
357,12,1045,530,190,70,1,-1,-1,-1
357,16,886,567,127,80,1,-1,-1,-1
357,17,638,454,65,82,1,-1,-1,-1
357,41,972,413,66,47,1,-1,-1,-1
357,42,1038,413,77,44,1,-1,-1,-1
358,11,1156,618,187,103,1,-1,-1,-1
358,12,1047,532,191,70,1,-1,-1,-1
358,16,887,568,128,82,1,-1,-1,-1
358,17,638,455,65,82,1,-1,-1,-1
358,41,973,414,66,47,1,-1,-1,-1
358,42,1039,414,78,44,1,-1,-1,-1
359,11,1160,622,183,102,1,-1,-1,-1
359,12,1050,534,191,70,1,-1,-1,-1
359,16,888,570,130,83,1,-1,-1,-1
359,17,639,455,65,82,1,-1,-1,-1
359,41,974,415,66,47,1,-1,-1,-1
359,42,1041,415,78,44,1,-1,-1,-1
360,11,1164,625,179,102,1,-1,-1,-1
360,12,1052,536,192,70,1,-1,-1,-1
360,16,888,572,132,84,1,-1,-1,-1
360,17,639,456,65,82,1,-1,-1,-1
360,41,975,416,66,47,1,-1,-1,-1
360,42,1042,415,79,45,1,-1,-1,-1
361,11,1168,628,175,102,1,-1,-1,-1
361,12,1055,538,192,70,1,-1,-1,-1
361,16,889,574,134,85,1,-1,-1,-1
361,17,640,456,65,82,1,-1,-1,-1
361,41,976,417,66,47,1,-1,-1,-1
361,42,1044,416,79,45,1,-1,-1,-1
362,11,1172,631,171,102,1,-1,-1,-1
362,12,1057,540,193,70,1,-1,-1,-1
362,16,890,576,135,86,1,-1,-1,-1
362,17,640,457,65,82,1,-1,-1,-1
362,41,977,418,66,47,1,-1,-1,-1
362,42,1046,417,79,45,1,-1,-1,-1
363,11,1177,635,166,102,1,-1,-1,-1
363,12,1060,543,194,70,1,-1,-1,-1
363,16,891,578,137,87,1,-1,-1,-1
363,17,641,458,65,82,1,-1,-1,-1
363,41,978,418,67,47,1,-1,-1,-1
363,42,1046,418,80,44,1,-1,-1,-1
364,11,1180,638,163,101,1,-1,-1,-1
364,12,1062,544,195,71,1,-1,-1,-1
364,16,893,580,137,87,1,-1,-1,-1
364,17,641,460,65,82,1,-1,-1,-1
364,41,979,419,69,47,1,-1,-1,-1
364,42,1047,419,80,44,1,-1,-1,-1
365,11,1184,642,159,99,1,-1,-1,-1
365,12,1064,546,196,72,1,-1,-1,-1
365,16,896,582,137,87,1,-1,-1,-1
365,17,641,462,65,82,1,-1,-1,-1
365,41,980,420,71,47,1,-1,-1,-1
365,42,1048,420,80,44,1,-1,-1,-1
366,11,1188,646,155,97,1,-1,-1,-1
366,12,1066,547,197,73,1,-1,-1,-1
366,16,898,585,137,87,1,-1,-1,-1
366,17,641,464,65,82,1,-1,-1,-1
366,41,981,421,73,46,1,-1,-1,-1
366,42,1049,421,80,44,1,-1,-1,-1
367,11,1192,650,151,95,1,-1,-1,-1
367,12,1068,549,198,74,1,-1,-1,-1
367,16,901,587,137,87,1,-1,-1,-1
367,17,641,465,65,82,1,-1,-1,-1
367,41,982,422,75,46,1,-1,-1,-1
367,42,1050,422,80,44,1,-1,-1,-1
368,11,1195,654,148,93,1,-1,-1,-1
368,12,1070,550,200,75,1,-1,-1,-1
368,16,903,590,137,87,1,-1,-1,-1
368,17,641,466,65,82,1,-1,-1,-1
368,41,984,423,76,46,1,-1,-1,-1
368,42,1051,423,81,44,1,-1,-1,-1
369,11,1199,658,144,91,1,-1,-1,-1
369,12,1072,552,201,76,1,-1,-1,-1
369,16,906,592,137,87,1,-1,-1,-1
369,17,641,467,65,83,1,-1,-1,-1
369,41,985,424,76,46,1,-1,-1,-1
369,42,1052,424,82,44,1,-1,-1,-1
370,11,1203,662,140,89,1,-1,-1,-1
370,12,1074,553,202,77,1,-1,-1,-1
370,16,909,595,137,87,1,-1,-1,-1
370,17,641,468,65,84,1,-1,-1,-1
370,41,986,425,77,46,1,-1,-1,-1
370,42,1054,425,83,44,1,-1,-1,-1
371,11,1207,666,136,87,1,-1,-1,-1
371,12,1076,555,203,78,1,-1,-1,-1
371,16,910,598,139,87,1,-1,-1,-1
371,17,641,469,65,85,1,-1,-1,-1
371,41,988,427,77,45,1,-1,-1,-1
371,42,1056,426,84,45,1,-1,-1,-1
372,12,1078,557,205,79,1,-1,-1,-1
372,16,912,602,140,86,1,-1,-1,-1
372,17,642,470,65,86,1,-1,-1,-1
372,41,989,428,78,46,1,-1,-1,-1
372,42,1058,427,85,45,1,-1,-1,-1
373,12,1080,563,205,79,1,-1,-1,-1
373,16,913,605,142,86,1,-1,-1,-1
373,17,642,471,65,86,1,-1,-1,-1
373,41,990,429,79,46,1,-1,-1,-1
373,42,1060,428,86,45,1,-1,-1,-1
373,53,582,454,56,65,1,-1,-1,-1
374,12,1083,565,206,80,1,-1,-1,-1
374,16,915,609,144,86,1,-1,-1,-1
374,17,642,472,65,87,1,-1,-1,-1
374,41,992,431,79,45,1,-1,-1,-1
374,42,1062,429,87,46,1,-1,-1,-1
374,53,578,462,60,60,1,-1,-1,-1
375,12,1086,568,207,81,1,-1,-1,-1
375,16,916,612,146,86,1,-1,-1,-1
375,17,642,473,65,87,1,-1,-1,-1
375,41,993,432,80,45,1,-1,-1,-1
375,42,1064,430,88,46,1,-1,-1,-1
375,53,574,471,65,54,1,-1,-1,-1
376,12,1089,571,209,82,1,-1,-1,-1
376,16,918,616,147,85,1,-1,-1,-1
376,17,642,474,65,88,1,-1,-1,-1
376,41,995,434,80,45,1,-1,-1,-1
376,42,1066,432,89,46,1,-1,-1,-1
376,53,579,460,56,68,1,-1,-1,-1
377,12,1093,574,209,83,1,-1,-1,-1
377,16,919,619,149,85,1,-1,-1,-1
377,17,642,475,65,89,1,-1,-1,-1
377,41,996,435,81,45,1,-1,-1,-1
377,42,1067,433,89,46,1,-1,-1,-1
377,53,577,463,58,68,1,-1,-1,-1
378,12,1096,577,210,84,1,-1,-1,-1
378,16,921,623,151,85,1,-1,-1,-1
378,17,643,476,64,90,1,-1,-1,-1
378,41,997,436,82,46,1,-1,-1,-1
378,42,1068,435,89,46,1,-1,-1,-1
378,53,575,466,60,68,1,-1,-1,-1
379,12,1099,580,212,85,1,-1,-1,-1
379,16,923,626,152,87,1,-1,-1,-1
379,17,643,477,64,92,1,-1,-1,-1
379,41,998,437,83,46,1,-1,-1,-1
379,42,1069,436,89,46,1,-1,-1,-1
379,53,573,469,62,69,1,-1,-1,-1
380,12,1103,582,212,86,1,-1,-1,-1
380,16,926,630,153,88,1,-1,-1,-1
380,17,643,479,64,93,1,-1,-1,-1
380,41,999,439,85,46,1,-1,-1,-1
380,42,1071,438,89,46,1,-1,-1,-1
380,53,571,472,64,69,1,-1,-1,-1
381,12,1106,585,214,87,1,-1,-1,-1
381,16,928,633,154,90,1,-1,-1,-1
381,17,643,481,65,94,1,-1,-1,-1
381,41,1000,440,86,46,1,-1,-1,-1
381,42,1072,439,90,46,1,-1,-1,-1
381,53,569,475,66,70,1,-1,-1,-1
382,12,1109,588,215,88,1,-1,-1,-1
382,16,931,637,155,91,1,-1,-1,-1
382,17,643,483,66,95,1,-1,-1,-1
382,41,1002,441,87,47,1,-1,-1,-1
382,42,1074,440,91,46,1,-1,-1,-1
382,53,567,478,68,70,1,-1,-1,-1
383,12,1113,591,215,89,1,-1,-1,-1
383,16,933,640,157,93,1,-1,-1,-1
383,17,643,485,67,96,1,-1,-1,-1
383,41,1003,442,88,48,1,-1,-1,-1
383,42,1076,441,92,47,1,-1,-1,-1
383,53,566,482,70,70,1,-1,-1,-1
384,12,1116,594,217,90,1,-1,-1,-1
384,16,936,644,157,94,1,-1,-1,-1
384,17,643,487,68,97,1,-1,-1,-1
384,41,1005,444,89,48,1,-1,-1,-1
384,42,1078,443,93,46,1,-1,-1,-1
384,53,565,484,70,72,1,-1,-1,-1
385,12,1119,597,218,91,1,-1,-1,-1
385,16,938,647,159,96,1,-1,-1,-1
385,17,643,489,69,98,1,-1,-1,-1
385,41,1007,445,89,48,1,-1,-1,-1
385,42,1079,444,95,46,1,-1,-1,-1
385,53,565,487,70,74,1,-1,-1,-1
386,12,1123,600,219,92,1,-1,-1,-1
386,16,941,651,160,98,1,-1,-1,-1
386,17,643,491,70,100,1,-1,-1,-1
386,41,1008,446,91,49,1,-1,-1,-1
386,42,1081,445,96,47,1,-1,-1,-1
386,53,563,489,71,76,1,-1,-1,-1
387,12,1126,603,216,92,1,-1,-1,-1
387,16,943,654,162,95,1,-1,-1,-1
387,17,643,492,70,100,1,-1,-1,-1
387,41,1010,447,91,50,1,-1,-1,-1
387,42,1083,446,97,47,1,-1,-1,-1
387,53,561,492,72,78,1,-1,-1,-1
388,12,1129,607,213,92,1,-1,-1,-1
388,16,946,657,164,93,1,-1,-1,-1
388,17,643,494,70,100,1,-1,-1,-1
388,41,1012,449,92,50,1,-1,-1,-1
388,42,1085,448,98,47,1,-1,-1,-1
388,53,559,495,74,79,1,-1,-1,-1
389,12,1133,610,209,92,1,-1,-1,-1
389,16,948,661,166,89,1,-1,-1,-1
389,17,643,496,70,100,1,-1,-1,-1
389,41,1014,450,92,50,1,-1,-1,-1
389,42,1087,449,98,48,1,-1,-1,-1
389,53,558,498,74,81,1,-1,-1,-1
390,12,1136,614,206,92,1,-1,-1,-1
390,16,951,664,168,87,1,-1,-1,-1
390,17,643,498,70,100,1,-1,-1,-1
390,41,1017,452,92,50,1,-1,-1,-1
390,42,1090,450,97,49,1,-1,-1,-1
390,53,556,501,75,82,1,-1,-1,-1
391,12,1140,617,202,92,1,-1,-1,-1
391,16,954,667,170,85,1,-1,-1,-1
391,17,643,500,70,100,1,-1,-1,-1
391,41,1019,454,92,50,1,-1,-1,-1
391,42,1092,452,98,50,1,-1,-1,-1
391,53,554,504,77,84,1,-1,-1,-1
392,12,1143,621,199,92,1,-1,-1,-1
392,16,956,671,172,81,1,-1,-1,-1
392,17,643,502,70,100,1,-1,-1,-1
392,41,1022,455,92,50,1,-1,-1,-1
392,42,1095,453,97,51,1,-1,-1,-1
392,53,552,507,78,85,1,-1,-1,-1
393,12,1147,625,196,92,1,-1,-1,-1
393,16,959,674,174,79,1,-1,-1,-1
393,17,643,504,70,100,1,-1,-1,-1
393,41,1024,457,92,50,1,-1,-1,-1
393,42,1097,454,97,52,1,-1,-1,-1
393,53,551,510,79,87,1,-1,-1,-1
394,12,1150,628,192,93,1,-1,-1,-1
394,16,962,678,176,76,1,-1,-1,-1
394,17,644,506,70,100,1,-1,-1,-1
394,41,1027,459,92,50,1,-1,-1,-1
394,42,1100,456,97,53,1,-1,-1,-1
394,53,549,513,80,88,1,-1,-1,-1
395,12,1154,631,188,95,1,-1,-1,-1
395,16,964,682,176,72,1,-1,-1,-1
395,17,644,508,71,101,1,-1,-1,-1
395,41,1028,460,93,51,1,-1,-1,-1
395,42,1102,457,98,53,1,-1,-1,-1
395,53,548,517,81,89,1,-1,-1,-1
396,12,1158,634,184,96,1,-1,-1,-1
396,16,967,687,176,67,1,-1,-1,-1
396,17,644,510,73,102,1,-1,-1,-1
396,41,1030,461,93,52,1,-1,-1,-1
396,42,1104,459,99,52,1,-1,-1,-1
396,53,547,521,82,90,1,-1,-1,-1
397,12,1162,638,180,97,1,-1,-1,-1
397,16,970,692,176,62,1,-1,-1,-1
397,17,644,512,74,103,1,-1,-1,-1
397,41,1031,462,95,53,1,-1,-1,-1
397,42,1106,460,100,53,1,-1,-1,-1
397,53,545,525,83,91,1,-1,-1,-1
398,12,1165,641,177,98,1,-1,-1,-1
398,16,973,696,176,58,1,-1,-1,-1
398,17,644,515,76,104,1,-1,-1,-1
398,41,1033,464,95,54,1,-1,-1,-1
398,42,1108,462,101,52,1,-1,-1,-1
398,53,544,529,84,92,1,-1,-1,-1
399,12,1169,644,173,100,1,-1,-1,-1
399,16,976,701,176,53,1,-1,-1,-1
399,17,644,517,77,105,1,-1,-1,-1
399,41,1034,465,97,55,1,-1,-1,-1
399,42,1110,463,102,53,1,-1,-1,-1
399,53,543,533,85,92,1,-1,-1,-1
400,12,1173,647,169,101,1,-1,-1,-1
400,17,644,519,78,106,1,-1,-1,-1
400,41,1036,466,97,56,1,-1,-1,-1
400,42,1112,465,103,52,1,-1,-1,-1
400,53,541,537,86,93,1,-1,-1,-1
401,17,644,522,80,107,1,-1,-1,-1
401,41,1038,468,98,57,1,-1,-1,-1
401,42,1115,467,103,52,1,-1,-1,-1
401,53,540,541,87,94,1,-1,-1,-1
402,17,644,524,80,109,1,-1,-1,-1
402,41,1040,469,98,58,1,-1,-1,-1
402,42,1117,468,105,53,1,-1,-1,-1
402,53,539,545,88,95,1,-1,-1,-1
403,17,644,527,81,110,1,-1,-1,-1
403,41,1042,471,99,58,1,-1,-1,-1
403,42,1120,469,106,54,1,-1,-1,-1
403,53,538,549,89,96,1,-1,-1,-1
404,17,644,529,82,112,1,-1,-1,-1
404,41,1044,473,100,58,1,-1,-1,-1
404,42,1123,471,107,54,1,-1,-1,-1
404,53,535,553,91,99,1,-1,-1,-1
405,17,645,532,82,114,1,-1,-1,-1
405,41,1046,475,101,58,1,-1,-1,-1
405,42,1126,472,108,55,1,-1,-1,-1
405,53,532,558,93,101,1,-1,-1,-1
406,17,645,534,82,116,1,-1,-1,-1
406,41,1049,476,101,60,1,-1,-1,-1
406,42,1129,474,109,55,1,-1,-1,-1
406,53,530,563,94,103,1,-1,-1,-1
407,17,645,537,83,118,1,-1,-1,-1
407,41,1051,478,102,60,1,-1,-1,-1
407,42,1132,475,110,56,1,-1,-1,-1
407,53,527,567,96,106,1,-1,-1,-1
408,17,644,539,85,119,1,-1,-1,-1
408,41,1053,480,103,60,1,-1,-1,-1
408,42,1135,477,111,56,1,-1,-1,-1
408,53,525,572,98,108,1,-1,-1,-1
409,17,644,541,86,121,1,-1,-1,-1
409,41,1055,482,104,60,1,-1,-1,-1
409,42,1138,478,112,57,1,-1,-1,-1
409,53,522,577,100,110,1,-1,-1,-1
410,17,644,543,87,122,1,-1,-1,-1
410,41,1058,484,104,61,1,-1,-1,-1
410,42,1141,480,113,58,1,-1,-1,-1
410,53,519,581,102,113,1,-1,-1,-1
411,17,644,546,88,123,1,-1,-1,-1
411,41,1060,485,105,62,1,-1,-1,-1
411,42,1143,482,114,58,1,-1,-1,-1
411,53,517,586,103,115,1,-1,-1,-1
412,17,644,548,89,124,1,-1,-1,-1
412,41,1062,486,107,63,1,-1,-1,-1
412,42,1145,484,116,58,1,-1,-1,-1
412,53,514,591,105,117,1,-1,-1,-1
413,17,643,550,91,126,1,-1,-1,-1
413,41,1064,487,109,64,1,-1,-1,-1
413,42,1148,486,117,59,1,-1,-1,-1
413,53,512,596,107,120,1,-1,-1,-1
414,17,643,553,92,126,1,-1,-1,-1
414,41,1067,489,110,64,1,-1,-1,-1
414,42,1150,488,119,59,1,-1,-1,-1
414,53,510,602,107,121,1,-1,-1,-1
415,17,643,555,93,128,1,-1,-1,-1
415,41,1069,490,112,66,1,-1,-1,-1
415,42,1153,490,120,60,1,-1,-1,-1
415,53,509,609,106,122,1,-1,-1,-1
416,17,643,557,94,129,1,-1,-1,-1
416,41,1071,491,113,67,1,-1,-1,-1
416,42,1155,492,121,60,1,-1,-1,-1
416,53,508,616,106,123,1,-1,-1,-1
417,17,643,560,95,130,1,-1,-1,-1
417,41,1074,493,114,67,1,-1,-1,-1
417,42,1157,494,123,60,1,-1,-1,-1
417,53,506,620,107,121,1,-1,-1,-1
418,17,643,562,95,131,1,-1,-1,-1
418,41,1076,494,116,68,1,-1,-1,-1
418,42,1160,496,124,61,1,-1,-1,-1
418,53,504,625,108,118,1,-1,-1,-1
419,17,643,564,95,132,1,-1,-1,-1
419,41,1078,495,118,69,1,-1,-1,-1
419,42,1162,498,126,61,1,-1,-1,-1
419,53,502,630,109,115,1,-1,-1,-1
420,17,644,566,94,133,1,-1,-1,-1
420,41,1081,497,119,70,1,-1,-1,-1
420,42,1165,500,127,62,1,-1,-1,-1
420,53,500,635,111,112,1,-1,-1,-1
421,17,644,569,95,133,1,-1,-1,-1
421,41,1083,498,120,70,1,-1,-1,-1
421,42,1168,501,127,62,1,-1,-1,-1
421,53,498,640,112,109,1,-1,-1,-1
422,17,644,571,95,134,1,-1,-1,-1
422,41,1085,499,121,71,1,-1,-1,-1
422,42,1171,502,128,63,1,-1,-1,-1
422,53,496,645,113,106,1,-1,-1,-1
423,17,645,573,94,135,1,-1,-1,-1
423,41,1087,500,122,71,1,-1,-1,-1
423,42,1174,503,129,63,1,-1,-1,-1
423,53,495,650,114,104,1,-1,-1,-1
424,17,645,575,94,136,1,-1,-1,-1
424,41,1089,501,124,72,1,-1,-1,-1
424,42,1177,505,130,63,1,-1,-1,-1
424,53,494,656,114,98,1,-1,-1,-1
425,17,645,578,95,136,1,-1,-1,-1
425,41,1091,502,125,72,1,-1,-1,-1
425,42,1180,506,131,64,1,-1,-1,-1
425,53,493,662,114,92,1,-1,-1,-1
426,17,646,580,94,137,1,-1,-1,-1
426,41,1094,504,125,72,1,-1,-1,-1
426,42,1183,507,132,64,1,-1,-1,-1
426,53,492,669,114,85,1,-1,-1,-1
427,17,646,582,94,138,1,-1,-1,-1
427,41,1096,505,126,72,1,-1,-1,-1
427,42,1186,508,133,65,1,-1,-1,-1
427,53,491,675,114,79,1,-1,-1,-1
428,17,646,584,94,139,1,-1,-1,-1
428,41,1098,506,128,73,1,-1,-1,-1
428,42,1189,510,134,65,1,-1,-1,-1
429,17,647,587,94,139,1,-1,-1,-1
429,41,1100,507,129,73,1,-1,-1,-1
429,42,1192,511,135,65,1,-1,-1,-1
430,17,647,586,94,139,1,-1,-1,-1
430,41,1102,508,130,74,1,-1,-1,-1
430,42,1195,512,136,66,1,-1,-1,-1
431,17,647,586,94,138,1,-1,-1,-1
431,41,1105,510,131,74,1,-1,-1,-1
431,42,1199,514,136,66,1,-1,-1,-1
432,17,647,585,95,139,1,-1,-1,-1
432,41,1107,511,131,74,1,-1,-1,-1
432,42,1201,514,134,66,1,-1,-1,-1
433,17,647,585,95,138,1,-1,-1,-1
433,41,1110,512,131,74,1,-1,-1,-1
433,42,1204,514,132,67,1,-1,-1,-1
434,17,648,584,95,139,1,-1,-1,-1
434,41,1112,513,131,74,1,-1,-1,-1
434,42,1207,514,130,67,1,-1,-1,-1
435,17,648,584,95,138,1,-1,-1,-1
435,41,1115,514,131,74,1,-1,-1,-1
435,42,1210,514,128,68,1,-1,-1,-1
436,17,648,583,95,138,1,-1,-1,-1
436,41,1118,515,131,74,1,-1,-1,-1
436,42,1213,514,126,69,1,-1,-1,-1
437,17,648,583,96,138,1,-1,-1,-1
437,41,1120,516,131,74,1,-1,-1,-1
437,42,1216,514,124,69,1,-1,-1,-1
438,17,648,582,96,138,1,-1,-1,-1
438,41,1123,517,131,74,1,-1,-1,-1
438,42,1219,514,122,70,1,-1,-1,-1
439,17,649,582,96,138,1,-1,-1,-1
439,41,1126,519,131,74,1,-1,-1,-1
439,42,1222,514,120,71,1,-1,-1,-1
440,17,648,581,96,138,1,-1,-1,-1
440,41,1127,517,133,74,1,-1,-1,-1
440,42,1223,512,119,71,1,-1,-1,-1
441,17,648,580,96,138,1,-1,-1,-1
441,41,1129,515,134,75,1,-1,-1,-1
441,42,1225,510,117,72,1,-1,-1,-1
442,17,648,579,96,138,1,-1,-1,-1
442,41,1130,513,137,76,1,-1,-1,-1
442,42,1227,508,115,72,1,-1,-1,-1
443,17,647,573,96,138,1,-1,-1,-1
443,41,1132,511,138,77,1,-1,-1,-1
443,42,1229,507,113,72,1,-1,-1,-1
444,17,646,567,96,138,1,-1,-1,-1
444,41,1134,509,139,78,1,-1,-1,-1
444,42,1231,505,111,72,1,-1,-1,-1
445,17,645,561,97,138,1,-1,-1,-1
445,41,1135,507,142,79,1,-1,-1,-1
445,42,1233,503,109,73,1,-1,-1,-1
446,17,644,555,97,138,1,-1,-1,-1
446,41,1137,505,143,80,1,-1,-1,-1
446,42,1235,501,107,73,1,-1,-1,-1
447,17,643,550,98,138,1,-1,-1,-1
447,41,1139,504,145,80,1,-1,-1,-1
447,42,1237,500,105,73,1,-1,-1,-1
448,17,642,544,98,138,1,-1,-1,-1
448,41,1140,494,145,80,1,-1,-1,-1
448,42,1238,490,104,73,1,-1,-1,-1
449,17,641,538,99,138,1,-1,-1,-1
449,41,1141,485,145,80,1,-1,-1,-1
449,42,1239,480,103,73,1,-1,-1,-1
450,17,640,532,99,138,1,-1,-1,-1
450,41,1142,476,145,80,1,-1,-1,-1
450,42,1240,470,102,73,1,-1,-1,-1
451,17,640,527,99,138,1,-1,-1,-1
451,41,1143,467,145,80,1,-1,-1,-1
451,42,1241,461,101,73,1,-1,-1,-1
452,17,640,515,99,138,1,-1,-1,-1
452,41,1144,458,145,80,1,-1,-1,-1
452,42,1242,451,100,73,1,-1,-1,-1
453,17,641,503,99,138,1,-1,-1,-1
453,41,1145,449,145,80,1,-1,-1,-1
453,42,1243,441,99,73,1,-1,-1,-1
454,17,640,483,99,138,1,-1,-1,-1
454,41,1146,440,145,80,1,-1,-1,-1
454,42,1244,431,98,73,1,-1,-1,-1
455,17,640,463,99,138,1,-1,-1,-1
455,41,1147,431,145,80,1,-1,-1,-1
455,42,1245,422,98,73,1,-1,-1,-1
456,17,639,444,99,138,1,-1,-1,-1
456,41,1147,414,145,80,1,-1,-1,-1
456,42,1248,408,95,73,1,-1,-1,-1
457,17,638,426,99,138,1,-1,-1,-1
457,41,1148,398,145,80,1,-1,-1,-1
457,42,1251,395,92,73,1,-1,-1,-1
458,17,638,408,99,138,1,-1,-1,-1
458,41,1149,383,145,80,1,-1,-1,-1
458,42,1252,378,91,73,1,-1,-1,-1
459,17,641,400,88,118,1,-1,-1,-1
459,41,1150,369,145,80,1,-1,-1,-1
459,42,1253,362,90,73,1,-1,-1,-1
460,17,639,380,99,138,1,-1,-1,-1
460,41,1151,362,145,80,1,-1,-1,-1
460,42,1253,356,90,73,1,-1,-1,-1
461,17,639,373,93,133,1,-1,-1,-1
461,41,1152,356,145,80,1,-1,-1,-1
461,42,1253,350,90,73,1,-1,-1,-1
461,53,401,688,143,65,1,-1,-1,-1
462,17,640,367,87,128,1,-1,-1,-1
462,41,1153,350,145,80,1,-1,-1,-1
462,42,1253,344,90,73,1,-1,-1,-1
462,53,408,694,134,62,1,-1,-1,-1
