1,0,690,382,82,91,1,-1,-1,-1
1,1,615,227,39,37,1,-1,-1,-1
1,2,413,143,20,25,1,-1,-1,-1
1,3,432,117,18,18,1,-1,-1,-1
1,4,545,113,20,15,1,-1,-1,-1
1,5,574,109,18,16,1,-1,-1,-1
1,6,499,85,18,15,1,-1,-1,-1
1,7,530,95,18,13,1,-1,-1,-1
1,8,558,96,21,16,1,-1,-1,-1
1,9,573,91,19,12,1,-1,-1,-1
1,10,625,94,24,16,1,-1,-1,-1
1,11,545,87,17,14,1,-1,-1,-1
1,12,536,80,16,12,1,-1,-1,-1
1,13,551,75,16,11,1,-1,-1,-1
1,14,520,82,17,17,1,-1,-1,-1
1,15,484,67,14,13,1,-1,-1,-1
1,16,523,69,13,9,1,-1,-1,-1
1,17,504,65,19,20,1,-1,-1,-1
1,18,532,55,18,19,1,-1,-1,-1
1,19,880,134,39,23,1,-1,-1,-1
1,20,808,140,38,19,1,-1,-1,-1
1,21,791,130,39,20,1,-1,-1,-1
1,22,774,127,33,16,1,-1,-1,-1
1,23,759,121,36,15,1,-1,-1,-1
1,24,744,107,39,15,1,-1,-1,-1
1,25,727,94,56,24,1,-1,-1,-1
1,26,941,129,45,24,1,-1,-1,-1
1,27,924,128,35,17,1,-1,-1,-1
1,30,0,141,49,20,1,-1,-1,-1
1,31,0,132,57,17,1,-1,-1,-1
1,32,16,124,50,14,1,-1,-1,-1
1,33,23,112,57,19,1,-1,-1,-1
1,34,0,110,27,19,1,-1,-1,-1
1,35,47,106,52,14,1,-1,-1,-1
1,36,65,95,42,15,1,-1,-1,-1
1,37,83,85,38,11,1,-1,-1,-1
1,38,113,71,33,9,1,-1,-1,-1
1,39,121,133,57,15,1,-1,-1,-1
1,40,121,66,33,10,1,-1,-1,-1
1,41,114,54,41,17,1,-1,-1,-1
2,0,688,383,83,89,1,-1,-1,-1
2,1,616,227,36,34,1,-1,-1,-1
2,2,412,144,23,25,1,-1,-1,-1
2,3,432,117,19,19,1,-1,-1,-1
2,4,544,113,21,17,1,-1,-1,-1
2,5,573,109,19,17,1,-1,-1,-1
2,6,498,84,18,15,1,-1,-1,-1
2,7,531,95,19,13,1,-1,-1,-1
2,8,557,96,20,15,1,-1,-1,-1
2,9,573,90,20,13,1,-1,-1,-1
2,10,625,94,23,15,1,-1,-1,-1
2,11,544,86,16,13,1,-1,-1,-1
2,12,535,79,15,11,1,-1,-1,-1
2,13,551,75,17,12,1,-1,-1,-1
2,14,519,82,16,17,1,-1,-1,-1
2,15,484,67,14,13,1,-1,-1,-1
2,16,522,69,14,10,1,-1,-1,-1
2,17,504,65,19,19,1,-1,-1,-1
2,18,532,55,19,19,1,-1,-1,-1
2,19,880,133,40,23,1,-1,-1,-1
2,20,808,140,37,19,1,-1,-1,-1
2,21,791,129,39,19,1,-1,-1,-1
2,22,774,127,32,15,1,-1,-1,-1
2,23,760,121,36,15,1,-1,-1,-1
2,24,744,106,37,15,1,-1,-1,-1
2,25,727,94,56,23,1,-1,-1,-1
2,26,941,129,44,23,1,-1,-1,-1
2,27,924,127,35,17,1,-1,-1,-1
2,30,0,142,48,19,1,-1,-1,-1
2,31,0,131,56,17,1,-1,-1,-1
2,32,14,123,49,13,1,-1,-1,-1
2,33,23,111,57,19,1,-1,-1,-1
2,34,0,109,26,19,1,-1,-1,-1
2,35,45,106,52,13,1,-1,-1,-1
2,36,64,94,41,15,1,-1,-1,-1
2,37,82,84,39,11,1,-1,-1,-1
2,38,113,71,32,9,1,-1,-1,-1
2,39,120,133,57,15,1,-1,-1,-1
2,40,121,65,32,9,1,-1,-1,-1
2,41,113,54,40,17,1,-1,-1,-1
3,0,689,378,81,89,1,-1,-1,-1
3,1,615,225,40,37,1,-1,-1,-1
3,2,412,146,21,26,1,-1,-1,-1
3,3,432,119,19,20,1,-1,-1,-1
3,4,544,113,22,17,1,-1,-1,-1
3,5,573,109,20,17,1,-1,-1,-1
3,6,498,84,18,15,1,-1,-1,-1
3,7,531,94,18,13,1,-1,-1,-1
3,8,557,96,20,15,1,-1,-1,-1
3,9,573,90,19,11,1,-1,-1,-1
3,10,625,94,23,15,1,-1,-1,-1
3,11,544,86,16,13,1,-1,-1,-1
3,12,536,79,15,11,1,-1,-1,-1
3,13,552,75,15,11,1,-1,-1,-1
3,14,519,82,16,17,1,-1,-1,-1
3,15,484,67,14,14,1,-1,-1,-1
3,16,522,69,13,10,1,-1,-1,-1
3,17,504,65,19,19,1,-1,-1,-1
3,18,533,55,18,19,1,-1,-1,-1
3,19,880,133,40,23,1,-1,-1,-1
3,20,809,140,37,19,1,-1,-1,-1
3,21,791,131,39,19,1,-1,-1,-1
3,22,774,127,32,15,1,-1,-1,-1
3,23,760,121,36,15,1,-1,-1,-1
3,24,744,106,37,15,1,-1,-1,-1
3,25,727,96,53,23,1,-1,-1,-1
3,26,941,129,44,23,1,-1,-1,-1
3,27,926,129,35,17,1,-1,-1,-1
3,30,0,142,48,19,1,-1,-1,-1
3,31,2,132,54,16,1,-1,-1,-1
3,32,14,125,49,13,1,-1,-1,-1
3,33,20,113,57,19,1,-1,-1,-1
3,34,0,109,26,19,1,-1,-1,-1
3,35,45,106,52,13,1,-1,-1,-1
3,36,64,94,41,15,1,-1,-1,-1
3,37,83,84,39,11,1,-1,-1,-1
3,38,112,71,32,9,1,-1,-1,-1
3,39,120,133,57,15,1,-1,-1,-1
3,40,120,65,32,9,1,-1,-1,-1
3,41,110,53,43,18,1,-1,-1,-1
4,0,690,379,75,84,1,-1,-1,-1
4,1,615,227,35,32,1,-1,-1,-1
4,2,412,148,21,27,1,-1,-1,-1
4,3,432,121,18,20,1,-1,-1,-1
4,4,544,113,23,17,1,-1,-1,-1
4,5,573,109,19,17,1,-1,-1,-1
4,6,498,84,18,15,1,-1,-1,-1
4,7,531,96,18,13,1,-1,-1,-1
4,8,558,97,20,15,1,-1,-1,-1
4,9,573,90,20,13,1,-1,-1,-1
4,10,625,94,23,15,1,-1,-1,-1
4,11,544,86,16,13,1,-1,-1,-1
4,12,536,79,15,11,1,-1,-1,-1
4,13,551,75,16,11,1,-1,-1,-1
4,14,519,82,16,17,1,-1,-1,-1
4,15,484,67,14,13,1,-1,-1,-1
4,16,522,68,13,10,1,-1,-1,-1
4,17,503,64,19,19,1,-1,-1,-1
4,18,532,55,18,19,1,-1,-1,-1
4,19,881,133,40,23,1,-1,-1,-1
4,20,809,140,37,19,1,-1,-1,-1
4,21,791,131,39,19,1,-1,-1,-1
4,22,774,129,32,15,1,-1,-1,-1
4,23,761,121,36,15,1,-1,-1,-1
4,24,744,108,39,15,1,-1,-1,-1
4,25,730,96,52,21,1,-1,-1,-1
4,26,944,129,44,23,1,-1,-1,-1
4,27,926,129,35,17,1,-1,-1,-1
4,30,0,142,45,19,1,-1,-1,-1
4,31,0,133,54,17,1,-1,-1,-1
4,32,14,125,49,13,1,-1,-1,-1
4,33,19,113,57,19,1,-1,-1,-1
4,34,0,109,24,19,1,-1,-1,-1
4,35,45,106,52,13,1,-1,-1,-1
4,36,62,96,41,15,1,-1,-1,-1
4,37,81,85,39,12,1,-1,-1,-1
4,38,111,71,32,9,1,-1,-1,-1
4,39,120,133,57,15,1,-1,-1,-1
4,40,118,65,32,9,1,-1,-1,-1
4,41,110,55,43,17,1,-1,-1,-1
5,0,685,377,79,83,1,-1,-1,-1
5,1,615,225,37,34,1,-1,-1,-1
5,2,411,150,21,26,1,-1,-1,-1
5,3,432,123,19,19,1,-1,-1,-1
5,4,544,113,21,16,1,-1,-1,-1
5,5,573,109,19,16,1,-1,-1,-1
5,6,498,84,18,15,1,-1,-1,-1
5,7,531,94,19,14,1,-1,-1,-1
5,8,557,96,20,15,1,-1,-1,-1
5,9,572,92,19,11,1,-1,-1,-1
5,10,626,94,23,15,1,-1,-1,-1
5,11,543,86,16,13,1,-1,-1,-1
5,12,535,79,15,11,1,-1,-1,-1
5,13,551,75,15,11,1,-1,-1,-1
5,14,520,82,16,17,1,-1,-1,-1
5,15,484,67,15,13,1,-1,-1,-1
5,16,522,69,14,10,1,-1,-1,-1
5,17,503,65,19,19,1,-1,-1,-1
5,18,532,54,18,19,1,-1,-1,-1
5,19,881,133,43,25,1,-1,-1,-1
5,20,811,142,37,19,1,-1,-1,-1
5,21,792,131,39,19,1,-1,-1,-1
5,22,775,129,33,15,1,-1,-1,-1
5,23,761,123,36,15,1,-1,-1,-1
5,24,745,108,39,15,1,-1,-1,-1
5,25,731,96,50,21,1,-1,-1,-1
5,26,944,129,44,23,1,-1,-1,-1
5,27,927,129,36,17,1,-1,-1,-1
5,30,0,142,45,19,1,-1,-1,-1
5,31,0,133,53,17,1,-1,-1,-1
5,32,13,125,49,13,1,-1,-1,-1
5,33,19,113,57,19,1,-1,-1,-1
5,34,0,111,23,19,1,-1,-1,-1
5,35,44,106,52,13,1,-1,-1,-1
5,36,62,96,41,15,1,-1,-1,-1
5,37,82,84,39,12,1,-1,-1,-1
5,38,112,71,31,9,1,-1,-1,-1
5,39,117,133,57,14,1,-1,-1,-1
5,40,118,67,32,9,1,-1,-1,-1
5,41,108,55,44,18,1,-1,-1,-1
6,0,684,375,82,86,1,-1,-1,-1
6,1,613,225,37,36,1,-1,-1,-1
6,2,410,151,24,29,1,-1,-1,-1
6,3,430,121,20,21,1,-1,-1,-1
6,4,544,113,22,17,1,-1,-1,-1
6,5,573,109,19,17,1,-1,-1,-1
6,6,497,84,18,15,1,-1,-1,-1
6,7,531,96,20,14,1,-1,-1,-1
6,8,556,96,20,15,1,-1,-1,-1
6,9,573,92,19,13,1,-1,-1,-1
6,10,626,94,23,15,1,-1,-1,-1
6,11,545,87,16,13,1,-1,-1,-1
6,12,535,79,15,11,1,-1,-1,-1
6,13,551,75,16,12,1,-1,-1,-1
6,14,519,82,16,17,1,-1,-1,-1
6,15,484,67,14,13,1,-1,-1,-1
6,16,522,69,14,10,1,-1,-1,-1
6,17,502,64,19,20,1,-1,-1,-1
6,18,531,55,20,19,1,-1,-1,-1
6,19,882,135,40,24,1,-1,-1,-1
6,20,812,141,37,19,1,-1,-1,-1
6,21,794,131,39,19,1,-1,-1,-1
6,22,777,129,33,15,1,-1,-1,-1
6,23,761,123,36,15,1,-1,-1,-1
6,24,745,108,39,15,1,-1,-1,-1
6,25,728,96,56,23,1,-1,-1,-1
6,26,945,131,44,23,1,-1,-1,-1
6,27,928,129,35,17,1,-1,-1,-1
6,30,0,142,44,19,1,-1,-1,-1
6,31,0,133,50,17,1,-1,-1,-1
6,32,10,125,49,13,1,-1,-1,-1
6,33,18,113,57,19,1,-1,-1,-1
6,34,0,111,22,19,1,-1,-1,-1
6,35,44,106,52,13,1,-1,-1,-1
6,36,61,96,41,15,1,-1,-1,-1
6,37,80,86,39,12,1,-1,-1,-1
6,38,109,71,32,9,1,-1,-1,-1
6,39,118,135,56,15,1,-1,-1,-1
6,40,118,67,32,9,1,-1,-1,-1
6,41,109,56,41,17,1,-1,-1,-1
7,0,683,366,82,90,1,-1,-1,-1
7,1,613,223,38,35,1,-1,-1,-1
7,2,410,153,23,28,1,-1,-1,-1
7,3,430,123,21,22,1,-1,-1,-1
7,4,544,113,22,17,1,-1,-1,-1
7,5,573,109,19,17,1,-1,-1,-1
7,6,497,84,18,15,1,-1,-1,-1
7,7,531,96,18,13,1,-1,-1,-1
7,8,557,98,20,15,1,-1,-1,-1
7,9,572,92,20,13,1,-1,-1,-1
7,10,626,94,23,15,1,-1,-1,-1
7,11,545,88,18,13,1,-1,-1,-1
7,12,535,79,15,12,1,-1,-1,-1
7,13,550,75,17,13,1,-1,-1,-1
7,14,518,82,16,17,1,-1,-1,-1
7,15,484,67,15,14,1,-1,-1,-1
7,16,522,69,14,10,1,-1,-1,-1
7,17,502,65,19,19,1,-1,-1,-1
7,18,531,54,19,20,1,-1,-1,-1
7,19,884,135,40,23,1,-1,-1,-1
7,20,812,142,37,19,1,-1,-1,-1
7,21,794,133,39,19,1,-1,-1,-1
7,22,777,129,32,15,1,-1,-1,-1
7,23,761,123,36,15,1,-1,-1,-1
7,24,745,108,39,15,1,-1,-1,-1
7,25,731,96,52,21,1,-1,-1,-1
7,26,945,131,44,23,1,-1,-1,-1
7,27,928,129,33,17,1,-1,-1,-1
7,30,0,144,43,19,1,-1,-1,-1
7,31,0,133,50,17,1,-1,-1,-1
7,32,10,127,49,13,1,-1,-1,-1
7,33,18,113,57,19,1,-1,-1,-1
7,34,0,111,20,19,1,-1,-1,-1
7,35,43,108,52,13,1,-1,-1,-1
7,36,61,96,41,15,1,-1,-1,-1
7,37,79,86,40,12,1,-1,-1,-1
7,38,109,71,32,9,1,-1,-1,-1
7,39,117,135,57,15,1,-1,-1,-1
7,40,117,67,33,9,1,-1,-1,-1
7,41,110,56,40,17,1,-1,-1,-1
8,0,681,366,79,88,1,-1,-1,-1
8,1,612,223,37,35,1,-1,-1,-1
8,2,409,154,23,28,1,-1,-1,-1
8,3,431,126,20,21,1,-1,-1,-1
8,4,544,114,21,17,1,-1,-1,-1
8,5,573,109,20,17,1,-1,-1,-1
8,6,497,84,18,15,1,-1,-1,-1
8,7,530,96,19,14,1,-1,-1,-1
8,8,557,97,20,15,1,-1,-1,-1
8,9,572,92,20,13,1,-1,-1,-1
8,10,626,96,23,15,1,-1,-1,-1
8,11,543,88,18,13,1,-1,-1,-1
8,12,536,80,15,11,1,-1,-1,-1
8,13,549,75,18,13,1,-1,-1,-1
8,14,519,82,16,17,1,-1,-1,-1
8,15,483,67,14,13,1,-1,-1,-1
8,16,521,67,15,11,1,-1,-1,-1
8,17,502,65,19,19,1,-1,-1,-1
8,18,531,55,19,20,1,-1,-1,-1
8,19,885,136,40,23,1,-1,-1,-1
8,20,812,142,37,19,1,-1,-1,-1
8,21,795,133,39,19,1,-1,-1,-1
8,22,778,129,32,15,1,-1,-1,-1
8,23,762,123,35,15,1,-1,-1,-1
8,24,747,108,39,15,1,-1,-1,-1
8,25,729,96,54,21,1,-1,-1,-1
8,26,946,131,41,23,1,-1,-1,-1
8,27,929,129,35,17,1,-1,-1,-1
8,30,0,144,41,19,1,-1,-1,-1
8,31,0,133,50,17,1,-1,-1,-1
8,32,10,127,50,13,1,-1,-1,-1
8,33,15,113,57,19,1,-1,-1,-1
8,34,0,111,20,19,1,-1,-1,-1
8,35,41,108,52,13,1,-1,-1,-1
8,36,61,96,41,15,1,-1,-1,-1
8,37,79,86,37,11,1,-1,-1,-1
8,38,109,71,32,9,1,-1,-1,-1
8,39,116,135,57,15,1,-1,-1,-1
8,40,117,67,33,9,1,-1,-1,-1
8,41,108,55,43,17,1,-1,-1,-1
9,0,682,369,77,82,1,-1,-1,-1
9,1,612,221,37,36,1,-1,-1,-1
9,2,408,157,25,29,1,-1,-1,-1
9,3,431,126,20,23,1,-1,-1,-1
9,4,544,114,22,17,1,-1,-1,-1
9,5,574,110,19,18,1,-1,-1,-1
9,6,497,84,18,15,1,-1,-1,-1
9,7,530,96,19,14,1,-1,-1,-1
9,8,557,98,20,15,1,-1,-1,-1
9,9,572,90,20,13,1,-1,-1,-1
9,10,626,96,23,15,1,-1,-1,-1
9,11,544,87,18,14,1,-1,-1,-1
9,12,535,81,15,11,1,-1,-1,-1
9,13,549,75,15,11,1,-1,-1,-1
9,14,518,82,16,17,1,-1,-1,-1
9,15,483,67,15,13,1,-1,-1,-1
9,16,521,68,14,10,1,-1,-1,-1
9,17,502,65,19,19,1,-1,-1,-1
9,18,531,53,19,20,1,-1,-1,-1
9,19,886,138,39,23,1,-1,-1,-1
9,20,813,142,39,18,1,-1,-1,-1
9,21,795,133,39,19,1,-1,-1,-1
9,22,778,129,31,15,1,-1,-1,-1
9,23,762,123,36,15,1,-1,-1,-1
9,24,746,110,42,15,1,-1,-1,-1
9,25,730,96,53,21,1,-1,-1,-1
9,26,948,131,41,23,1,-1,-1,-1
9,27,929,131,35,17,1,-1,-1,-1
9,30,0,144,43,18,1,-1,-1,-1
9,31,0,135,48,17,1,-1,-1,-1
9,32,9,127,49,13,1,-1,-1,-1
9,33,15,113,57,19,1,-1,-1,-1
9,34,0,111,19,19,1,-1,-1,-1
9,35,40,108,52,13,1,-1,-1,-1
9,36,60,96,40,15,1,-1,-1,-1
9,37,78,86,37,11,1,-1,-1,-1
9,38,108,71,32,9,1,-1,-1,-1
9,39,116,135,57,15,1,-1,-1,-1
9,40,117,67,32,9,1,-1,-1,-1
9,41,107,53,44,18,1,-1,-1,-1
10,0,680,367,78,82,1,-1,-1,-1
10,1,611,221,35,34,1,-1,-1,-1
10,2,407,158,24,28,1,-1,-1,-1
10,3,431,127,19,23,1,-1,-1,-1
10,4,543,113,22,17,1,-1,-1,-1
10,5,573,109,19,17,1,-1,-1,-1
10,6,497,84,18,15,1,-1,-1,-1
10,7,531,96,19,15,1,-1,-1,-1
10,8,556,98,19,15,1,-1,-1,-1
10,9,572,90,19,13,1,-1,-1,-1
10,10,626,96,23,15,1,-1,-1,-1
10,11,544,87,17,14,1,-1,-1,-1
10,12,535,81,15,11,1,-1,-1,-1
10,13,549,75,15,11,1,-1,-1,-1
10,14,518,82,16,17,1,-1,-1,-1
10,15,484,67,14,13,1,-1,-1,-1
10,16,521,67,14,9,1,-1,-1,-1
10,17,501,65,19,19,1,-1,-1,-1
10,18,531,52,19,19,1,-1,-1,-1
10,19,886,136,39,23,1,-1,-1,-1
10,20,815,143,38,19,1,-1,-1,-1
10,21,795,133,39,19,1,-1,-1,-1
10,22,778,129,32,15,1,-1,-1,-1
10,23,762,123,36,15,1,-1,-1,-1
10,24,747,109,39,15,1,-1,-1,-1
10,25,730,96,56,23,1,-1,-1,-1
10,26,949,131,41,23,1,-1,-1,-1
10,27,932,131,35,17,1,-1,-1,-1
10,30,0,144,40,19,1,-1,-1,-1
10,31,0,135,48,17,1,-1,-1,-1
10,32,7,127,49,13,1,-1,-1,-1
10,33,15,115,57,19,1,-1,-1,-1
10,34,0,111,19,19,1,-1,-1,-1
10,35,40,109,52,13,1,-1,-1,-1
10,36,60,96,41,15,1,-1,-1,-1
10,37,78,86,37,11,1,-1,-1,-1
10,38,108,71,32,9,1,-1,-1,-1
10,39,114,135,57,15,1,-1,-1,-1
10,40,117,67,32,9,1,-1,-1,-1
10,41,106,55,45,17,1,-1,-1,-1
11,0,680,364,77,82,1,-1,-1,-1
11,1,611,221,35,32,1,-1,-1,-1
11,2,407,160,24,28,1,-1,-1,-1
11,3,432,127,19,23,1,-1,-1,-1
11,4,544,115,22,17,1,-1,-1,-1
11,5,573,109,19,17,1,-1,-1,-1
11,6,497,84,18,15,1,-1,-1,-1
11,7,531,96,19,15,1,-1,-1,-1
11,8,557,98,19,15,1,-1,-1,-1
11,9,573,90,19,13,1,-1,-1,-1
11,10,628,96,23,15,1,-1,-1,-1
11,11,543,86,16,13,1,-1,-1,-1
11,12,535,81,15,11,1,-1,-1,-1
11,13,551,75,15,11,1,-1,-1,-1
11,14,518,82,16,17,1,-1,-1,-1
11,15,484,67,14,13,1,-1,-1,-1
11,16,521,67,14,9,1,-1,-1,-1
11,17,501,65,19,19,1,-1,-1,-1
11,18,531,52,19,19,1,-1,-1,-1
11,19,889,138,39,23,1,-1,-1,-1
11,20,813,142,39,19,1,-1,-1,-1
11,21,796,133,39,19,1,-1,-1,-1
11,22,779,129,34,17,1,-1,-1,-1
11,23,762,123,36,15,1,-1,-1,-1
11,24,748,110,40,15,1,-1,-1,-1
11,25,729,97,53,23,1,-1,-1,-1
11,26,949,133,41,23,1,-1,-1,-1
11,27,932,131,35,17,1,-1,-1,-1
11,30,0,146,38,19,1,-1,-1,-1
11,31,0,135,48,17,1,-1,-1,-1
11,32,6,127,49,13,1,-1,-1,-1
11,33,14,115,57,19,1,-1,-1,-1
11,34,0,111,18,19,1,-1,-1,-1
11,35,40,109,52,13,1,-1,-1,-1
11,36,60,96,41,15,1,-1,-1,-1
11,37,78,86,37,11,1,-1,-1,-1
11,38,108,71,32,9,1,-1,-1,-1
11,39,114,136,57,15,1,-1,-1,-1
11,40,116,67,32,9,1,-1,-1,-1
11,41,104,55,46,17,1,-1,-1,-1
12,0,678,364,77,79,1,-1,-1,-1
12,1,609,219,36,34,1,-1,-1,-1
12,2,407,163,26,30,1,-1,-1,-1
12,3,431,129,19,23,1,-1,-1,-1
12,4,544,115,22,17,1,-1,-1,-1
12,5,573,111,19,17,1,-1,-1,-1
12,6,497,84,18,15,1,-1,-1,-1
12,7,531,96,19,15,1,-1,-1,-1
12,8,557,98,19,15,1,-1,-1,-1
12,9,572,90,19,13,1,-1,-1,-1
12,10,628,96,23,15,1,-1,-1,-1
12,11,543,86,16,13,1,-1,-1,-1
12,12,535,81,15,11,1,-1,-1,-1
12,13,549,75,15,11,1,-1,-1,-1
12,14,518,82,16,17,1,-1,-1,-1
12,15,484,67,14,13,1,-1,-1,-1
12,16,521,67,14,9,1,-1,-1,-1
12,17,501,65,19,19,1,-1,-1,-1
12,18,530,54,19,19,1,-1,-1,-1
12,19,888,138,39,23,1,-1,-1,-1
12,20,816,144,40,19,1,-1,-1,-1
12,21,796,135,39,19,1,-1,-1,-1
12,22,778,131,32,15,1,-1,-1,-1
12,23,763,123,37,16,1,-1,-1,-1
12,24,748,109,39,15,1,-1,-1,-1
12,25,731,96,56,23,1,-1,-1,-1
12,26,950,133,41,22,1,-1,-1,-1
12,27,932,131,35,17,1,-1,-1,-1
12,30,0,146,38,19,1,-1,-1,-1
12,31,0,135,45,17,1,-1,-1,-1
12,32,6,127,49,13,1,-1,-1,-1
12,33,13,115,57,19,1,-1,-1,-1
12,34,0,111,16,19,1,-1,-1,-1
12,35,39,109,52,13,1,-1,-1,-1
12,36,57,96,41,15,1,-1,-1,-1
12,37,75,86,40,12,1,-1,-1,-1
12,38,105,73,35,9,1,-1,-1,-1
12,39,113,136,56,15,1,-1,-1,-1
12,40,116,67,32,9,1,-1,-1,-1
12,41,105,55,44,17,1,-1,-1,-1
13,0,677,358,75,84,1,-1,-1,-1
13,1,608,217,36,34,1,-1,-1,-1
13,2,406,167,24,30,1,-1,-1,-1
13,3,431,131,19,23,1,-1,-1,-1
13,4,544,115,22,17,1,-1,-1,-1
13,5,573,111,19,17,1,-1,-1,-1
13,6,497,84,18,15,1,-1,-1,-1
13,7,531,96,19,15,1,-1,-1,-1
13,8,556,98,19,15,1,-1,-1,-1
13,9,573,92,19,13,1,-1,-1,-1
13,10,628,96,23,15,1,-1,-1,-1
13,11,543,86,16,13,1,-1,-1,-1
13,12,535,81,15,11,1,-1,-1,-1
13,13,549,75,15,11,1,-1,-1,-1
13,14,518,82,16,17,1,-1,-1,-1
13,15,484,67,14,13,1,-1,-1,-1
13,16,519,67,14,9,1,-1,-1,-1
13,17,501,65,19,19,1,-1,-1,-1
13,18,530,54,19,19,1,-1,-1,-1
13,19,889,138,37,23,1,-1,-1,-1
13,20,817,144,36,19,1,-1,-1,-1
13,21,796,135,37,19,1,-1,-1,-1
13,22,781,131,32,15,1,-1,-1,-1
13,23,765,125,36,15,1,-1,-1,-1
13,24,748,109,40,15,1,-1,-1,-1
13,25,731,98,56,23,1,-1,-1,-1
13,26,952,133,40,21,1,-1,-1,-1
13,27,932,131,35,17,1,-1,-1,-1
13,30,0,146,36,19,1,-1,-1,-1
13,31,0,136,45,17,1,-1,-1,-1
13,32,5,127,49,13,1,-1,-1,-1
13,33,13,115,57,19,1,-1,-1,-1
13,34,0,113,16,19,1,-1,-1,-1
13,35,37,109,52,13,1,-1,-1,-1
13,36,57,96,41,15,1,-1,-1,-1
13,37,75,88,40,12,1,-1,-1,-1
13,38,107,71,33,9,1,-1,-1,-1
13,39,113,136,56,15,1,-1,-1,-1
13,40,116,67,32,9,1,-1,-1,-1
13,41,103,55,46,17,1,-1,-1,-1
14,0,677,356,74,82,1,-1,-1,-1
14,1,608,216,36,34,1,-1,-1,-1
14,2,406,169,24,30,1,-1,-1,-1
14,3,431,133,19,23,1,-1,-1,-1
14,4,544,115,22,17,1,-1,-1,-1
14,5,573,111,19,17,1,-1,-1,-1
14,6,497,84,18,15,1,-1,-1,-1
14,7,531,96,19,15,1,-1,-1,-1
14,8,556,98,19,15,1,-1,-1,-1
14,9,572,90,19,13,1,-1,-1,-1
14,10,628,98,23,15,1,-1,-1,-1
14,11,543,86,16,13,1,-1,-1,-1
14,12,535,81,15,11,1,-1,-1,-1
14,13,549,75,15,11,1,-1,-1,-1
14,14,518,82,16,17,1,-1,-1,-1
14,15,483,67,14,13,1,-1,-1,-1
14,16,521,67,14,9,1,-1,-1,-1
14,17,501,65,19,19,1,-1,-1,-1
14,18,530,52,19,19,1,-1,-1,-1
14,19,892,138,39,24,1,-1,-1,-1
14,20,817,144,37,19,1,-1,-1,-1
14,21,798,135,39,19,1,-1,-1,-1
14,22,781,131,32,15,1,-1,-1,-1
14,23,765,125,36,15,1,-1,-1,-1
14,24,748,109,41,15,1,-1,-1,-1
14,25,732,98,56,23,1,-1,-1,-1
14,26,952,133,41,23,1,-1,-1,-1
14,27,934,131,35,17,1,-1,-1,-1
14,30,0,146,35,19,1,-1,-1,-1
14,31,0,136,43,17,1,-1,-1,-1
14,32,3,127,49,13,1,-1,-1,-1
14,33,10,115,57,19,1,-1,-1,-1
14,34,0,113,15,19,1,-1,-1,-1
14,35,37,109,52,13,1,-1,-1,-1
14,36,57,98,41,15,1,-1,-1,-1
14,37,75,86,37,11,1,-1,-1,-1
14,38,107,71,32,9,1,-1,-1,-1
14,39,112,138,57,15,1,-1,-1,-1
14,40,114,69,32,9,1,-1,-1,-1
14,41,104,55,45,17,1,-1,-1,-1
15,0,675,358,76,80,1,-1,-1,-1
15,1,607,216,37,36,1,-1,-1,-1
15,2,403,171,27,31,1,-1,-1,-1
15,3,429,134,21,25,1,-1,-1,-1
15,4,544,115,22,17,1,-1,-1,-1
15,5,573,111,19,17,1,-1,-1,-1
15,6,497,84,18,15,1,-1,-1,-1
15,7,531,96,19,15,1,-1,-1,-1
15,8,558,98,19,15,1,-1,-1,-1
15,9,572,92,19,13,1,-1,-1,-1
15,10,628,96,23,15,1,-1,-1,-1
15,11,543,88,16,13,1,-1,-1,-1
15,12,535,79,15,11,1,-1,-1,-1
15,13,548,75,15,11,1,-1,-1,-1
15,14,518,82,16,17,1,-1,-1,-1
15,15,483,67,14,13,1,-1,-1,-1
15,16,521,67,14,9,1,-1,-1,-1
15,17,501,65,20,20,1,-1,-1,-1
15,18,530,52,19,19,1,-1,-1,-1
15,19,893,138,37,23,1,-1,-1,-1
15,20,817,144,39,19,1,-1,-1,-1
15,21,799,135,39,20,1,-1,-1,-1
15,22,781,131,32,15,1,-1,-1,-1
15,23,764,125,37,16,1,-1,-1,-1
15,24,749,112,41,15,1,-1,-1,-1
15,25,732,98,56,23,1,-1,-1,-1
15,26,951,133,42,22,1,-1,-1,-1
15,27,935,131,35,17,1,-1,-1,-1
15,30,0,148,34,19,1,-1,-1,-1
15,31,0,136,43,17,1,-1,-1,-1
15,32,3,129,49,13,1,-1,-1,-1
15,33,10,115,57,19,1,-1,-1,-1
15,34,0,113,15,19,1,-1,-1,-1
15,35,36,109,52,13,1,-1,-1,-1
15,36,56,96,41,15,1,-1,-1,-1
15,37,75,86,37,11,1,-1,-1,-1
15,38,105,73,32,9,1,-1,-1,-1
15,39,108,138,57,15,1,-1,-1,-1
15,40,114,69,32,9,1,-1,-1,-1
15,41,104,55,44,17,1,-1,-1,-1
16,0,674,358,76,76,1,-1,-1,-1
16,1,606,214,37,36,1,-1,-1,-1
16,2,403,173,28,33,1,-1,-1,-1
16,3,431,138,19,23,1,-1,-1,-1
16,4,544,115,22,17,1,-1,-1,-1
16,5,573,111,19,17,1,-1,-1,-1
16,6,497,84,18,15,1,-1,-1,-1
16,7,531,96,19,15,1,-1,-1,-1
16,8,557,98,19,15,1,-1,-1,-1
16,9,572,90,19,13,1,-1,-1,-1
16,10,629,96,23,15,1,-1,-1,-1
16,11,543,88,16,13,1,-1,-1,-1
16,12,535,79,15,11,1,-1,-1,-1
16,13,548,75,15,11,1,-1,-1,-1
16,14,518,82,16,17,1,-1,-1,-1
16,15,483,67,14,13,1,-1,-1,-1
16,16,521,67,14,9,1,-1,-1,-1
16,17,501,65,19,20,1,-1,-1,-1
16,18,530,52,19,19,1,-1,-1,-1
16,19,893,140,36,21,1,-1,-1,-1
16,20,817,144,39,20,1,-1,-1,-1
16,21,799,135,38,21,1,-1,-1,-1
16,22,782,131,32,15,1,-1,-1,-1
16,23,765,125,36,15,1,-1,-1,-1
16,24,749,109,39,15,1,-1,-1,-1
16,25,732,98,57,23,1,-1,-1,-1
16,26,953,133,44,23,1,-1,-1,-1
16,27,934,132,36,18,1,-1,-1,-1
16,30,0,148,33,19,1,-1,-1,-1
16,31,0,136,42,17,1,-1,-1,-1
16,32,2,129,49,13,1,-1,-1,-1
16,33,10,117,57,19,1,-1,-1,-1
16,35,36,109,52,13,1,-1,-1,-1
16,36,54,98,41,15,1,-1,-1,-1
16,37,74,86,37,11,1,-1,-1,-1
16,38,105,73,32,9,1,-1,-1,-1
16,39,109,138,57,15,1,-1,-1,-1
16,40,113,69,32,9,1,-1,-1,-1
16,41,101,55,47,17,1,-1,-1,-1
17,0,675,356,73,74,1,-1,-1,-1
17,1,604,212,40,38,1,-1,-1,-1
17,2,403,177,26,31,1,-1,-1,-1
17,3,429,140,19,23,1,-1,-1,-1
17,4,544,115,22,17,1,-1,-1,-1
17,5,573,111,19,17,1,-1,-1,-1
17,6,496,84,18,15,1,-1,-1,-1
17,7,531,96,19,15,1,-1,-1,-1
17,8,556,98,19,15,1,-1,-1,-1
17,9,572,92,19,13,1,-1,-1,-1
17,10,629,96,23,15,1,-1,-1,-1
17,11,542,88,16,13,1,-1,-1,-1
17,12,535,79,15,11,1,-1,-1,-1
17,13,548,75,15,11,1,-1,-1,-1
17,14,518,84,16,17,1,-1,-1,-1
17,15,483,67,14,13,1,-1,-1,-1
17,16,519,67,14,9,1,-1,-1,-1
17,17,501,65,19,19,1,-1,-1,-1
17,18,528,52,19,19,1,-1,-1,-1
17,19,893,140,37,23,1,-1,-1,-1
17,20,818,146,40,19,1,-1,-1,-1
17,21,799,136,39,20,1,-1,-1,-1
17,22,782,133,32,15,1,-1,-1,-1
17,23,764,125,38,16,1,-1,-1,-1
17,24,749,111,42,14,1,-1,-1,-1
17,25,731,98,58,23,1,-1,-1,-1
17,26,954,135,44,23,1,-1,-1,-1
17,27,935,133,35,17,1,-1,-1,-1
17,30,0,148,32,19,1,-1,-1,-1
17,31,0,136,40,17,1,-1,-1,-1
17,32,1,129,49,13,1,-1,-1,-1
17,33,7,117,57,19,1,-1,-1,-1
17,35,35,111,52,13,1,-1,-1,-1
17,36,54,98,41,15,1,-1,-1,-1
17,37,73,88,37,11,1,-1,-1,-1
17,38,104,73,32,9,1,-1,-1,-1
17,39,108,138,57,15,1,-1,-1,-1
17,40,113,69,32,9,1,-1,-1,-1
17,41,105,55,42,17,1,-1,-1,-1
17,42,54,70,22,12,1,-1,-1,-1
18,0,673,354,73,75,1,-1,-1,-1
18,1,604,212,39,36,1,-1,-1,-1
18,2,402,177,26,34,1,-1,-1,-1
18,3,428,140,20,24,1,-1,-1,-1
18,4,543,115,22,17,1,-1,-1,-1
18,5,573,111,19,17,1,-1,-1,-1
18,6,495,84,18,15,1,-1,-1,-1
18,7,530,96,19,15,1,-1,-1,-1
18,8,556,98,19,15,1,-1,-1,-1
18,9,570,92,19,13,1,-1,-1,-1
18,10,629,98,23,15,1,-1,-1,-1
18,11,542,88,16,13,1,-1,-1,-1
18,12,534,81,15,11,1,-1,-1,-1
18,13,548,75,15,11,1,-1,-1,-1
18,14,518,82,16,17,1,-1,-1,-1
18,15,483,67,14,13,1,-1,-1,-1
18,16,519,67,14,9,1,-1,-1,-1
18,17,500,65,19,19,1,-1,-1,-1
18,18,528,52,19,19,1,-1,-1,-1
18,19,894,140,38,24,1,-1,-1,-1
18,20,818,146,41,19,1,-1,-1,-1
18,21,799,136,39,22,1,-1,-1,-1
18,22,782,133,32,15,1,-1,-1,-1
18,23,766,125,36,15,1,-1,-1,-1
18,24,751,110,41,15,1,-1,-1,-1
18,25,731,98,56,24,1,-1,-1,-1
18,26,953,134,47,23,1,-1,-1,-1
18,27,936,133,35,18,1,-1,-1,-1
18,30,0,148,30,19,1,-1,-1,-1
18,31,0,138,40,17,1,-1,-1,-1
18,32,0,129,48,13,1,-1,-1,-1
18,33,7,117,57,19,1,-1,-1,-1
18,35,33,111,52,13,1,-1,-1,-1
18,36,53,98,41,15,1,-1,-1,-1
18,37,73,88,37,11,1,-1,-1,-1
18,38,104,73,33,9,1,-1,-1,-1
18,39,109,138,56,15,1,-1,-1,-1
18,40,113,69,32,9,1,-1,-1,-1
18,41,103,55,44,17,1,-1,-1,-1
18,42,53,69,22,11,1,-1,-1,-1
19,0,671,352,73,76,1,-1,-1,-1
19,1,604,212,37,36,1,-1,-1,-1
19,2,401,179,28,35,1,-1,-1,-1
19,3,428,142,19,23,1,-1,-1,-1
19,4,543,115,22,17,1,-1,-1,-1
19,5,573,111,19,17,1,-1,-1,-1
19,6,495,84,18,15,1,-1,-1,-1
19,7,531,98,19,15,1,-1,-1,-1
19,8,556,98,19,15,1,-1,-1,-1
19,9,570,92,19,13,1,-1,-1,-1
19,10,629,98,23,15,1,-1,-1,-1
19,11,542,88,18,15,1,-1,-1,-1
19,12,534,81,15,11,1,-1,-1,-1
19,13,548,75,15,11,1,-1,-1,-1
19,14,518,82,16,17,1,-1,-1,-1
19,15,483,67,14,13,1,-1,-1,-1
19,16,519,67,14,9,1,-1,-1,-1
19,17,500,65,19,19,1,-1,-1,-1
19,18,528,54,19,19,1,-1,-1,-1
19,19,893,140,40,24,1,-1,-1,-1
19,20,820,147,40,18,1,-1,-1,-1
19,21,800,136,39,19,1,-1,-1,-1
19,22,782,133,32,15,1,-1,-1,-1
19,23,768,125,36,15,1,-1,-1,-1
19,24,752,112,40,15,1,-1,-1,-1
19,25,730,98,56,23,1,-1,-1,-1
19,26,956,136,43,22,1,-1,-1,-1
19,27,937,133,36,17,1,-1,-1,-1
19,30,0,150,30,19,1,-1,-1,-1
19,31,0,139,39,15,1,-1,-1,-1
19,32,0,131,48,13,1,-1,-1,-1
19,33,6,117,57,19,1,-1,-1,-1
19,35,32,111,52,13,1,-1,-1,-1
19,36,53,98,41,15,1,-1,-1,-1
19,37,72,89,41,11,1,-1,-1,-1
19,38,103,73,32,9,1,-1,-1,-1
19,39,107,138,58,14,1,-1,-1,-1
19,40,113,69,32,9,1,-1,-1,-1
19,41,102,55,44,17,1,-1,-1,-1
19,42,53,69,22,11,1,-1,-1,-1
20,0,671,350,74,75,1,-1,-1,-1
20,1,605,212,36,32,1,-1,-1,-1
20,2,400,183,28,34,1,-1,-1,-1
20,3,427,145,21,25,1,-1,-1,-1
20,4,543,117,22,17,1,-1,-1,-1
20,5,573,111,19,17,1,-1,-1,-1
20,6,495,84,18,15,1,-1,-1,-1
20,7,531,98,19,15,1,-1,-1,-1
20,8,556,98,19,15,1,-1,-1,-1
20,9,570,92,19,13,1,-1,-1,-1
20,10,626,98,26,17,1,-1,-1,-1
20,11,543,87,16,13,1,-1,-1,-1
20,12,534,80,15,12,1,-1,-1,-1
20,13,549,74,15,12,1,-1,-1,-1
20,14,518,84,16,17,1,-1,-1,-1
20,15,481,69,15,13,1,-1,-1,-1
20,16,518,67,14,9,1,-1,-1,-1
20,17,500,65,19,19,1,-1,-1,-1
20,18,528,52,19,19,1,-1,-1,-1
20,19,891,140,44,24,1,-1,-1,-1
20,20,820,147,39,18,1,-1,-1,-1
20,21,800,137,40,20,1,-1,-1,-1
20,22,783,133,32,15,1,-1,-1,-1
20,23,766,125,38,16,1,-1,-1,-1
20,24,751,111,41,15,1,-1,-1,-1
20,25,732,99,56,23,1,-1,-1,-1
20,26,957,136,45,23,1,-1,-1,-1
20,27,938,133,35,19,1,-1,-1,-1
20,30,0,150,28,19,1,-1,-1,-1
20,31,0,139,40,17,1,-1,-1,-1
20,32,1,131,47,13,1,-1,-1,-1
20,33,6,117,57,19,1,-1,-1,-1
20,35,34,110,51,14,1,-1,-1,-1
20,36,50,100,44,14,1,-1,-1,-1
20,37,71,88,41,14,1,-1,-1,-1
20,38,104,73,33,10,1,-1,-1,-1
20,39,107,138,57,15,1,-1,-1,-1
20,40,112,69,33,9,1,-1,-1,-1
20,41,102,55,44,17,1,-1,-1,-1
20,42,52,69,22,11,1,-1,-1,-1
21,0,670,347,74,75,1,-1,-1,-1
21,1,604,210,36,32,1,-1,-1,-1
21,2,399,186,28,34,1,-1,-1,-1
21,3,426,145,21,26,1,-1,-1,-1
21,4,544,117,22,17,1,-1,-1,-1
21,5,573,113,19,17,1,-1,-1,-1
21,6,495,84,18,15,1,-1,-1,-1
21,7,531,98,19,15,1,-1,-1,-1
21,8,556,98,19,15,1,-1,-1,-1
21,9,570,92,19,13,1,-1,-1,-1
21,10,625,98,26,17,1,-1,-1,-1
21,11,542,87,19,13,1,-1,-1,-1
21,12,534,79,14,11,1,-1,-1,-1
21,13,548,73,14,11,1,-1,-1,-1
21,14,518,84,15,17,1,-1,-1,-1
21,15,482,69,14,13,1,-1,-1,-1
21,16,518,67,14,9,1,-1,-1,-1
21,17,500,65,19,19,1,-1,-1,-1
21,18,527,52,19,19,1,-1,-1,-1
21,19,892,140,44,23,1,-1,-1,-1
21,20,821,146,39,17,1,-1,-1,-1
21,21,799,136,40,21,1,-1,-1,-1
21,22,782,133,31,15,1,-1,-1,-1
21,23,765,125,37,15,1,-1,-1,-1
21,24,751,111,40,15,1,-1,-1,-1
21,25,733,98,56,23,1,-1,-1,-1
21,26,957,136,44,23,1,-1,-1,-1
21,27,939,133,35,19,1,-1,-1,-1
21,30,0,150,26,19,1,-1,-1,-1
21,31,0,138,37,17,1,-1,-1,-1
21,32,0,131,47,13,1,-1,-1,-1
21,33,2,117,57,19,1,-1,-1,-1
21,35,32,109,50,13,1,-1,-1,-1
21,36,49,100,44,13,1,-1,-1,-1
21,37,70,88,40,13,1,-1,-1,-1
21,38,103,73,32,9,1,-1,-1,-1
21,39,107,138,57,15,1,-1,-1,-1
21,40,112,69,32,9,1,-1,-1,-1
21,41,100,55,44,17,1,-1,-1,-1
21,42,50,71,22,11,1,-1,-1,-1
21,43,24,71,26,13,1,-1,-1,-1
22,0,667,341,79,81,1,-1,-1,-1
22,1,604,210,36,32,1,-1,-1,-1
22,2,397,188,30,37,1,-1,-1,-1
22,3,427,148,21,26,1,-1,-1,-1
22,4,543,115,22,17,1,-1,-1,-1
22,5,573,113,19,17,1,-1,-1,-1
22,6,495,84,18,15,1,-1,-1,-1
22,7,531,98,19,15,1,-1,-1,-1
22,8,555,98,19,15,1,-1,-1,-1
22,9,570,92,19,13,1,-1,-1,-1
22,10,625,98,26,17,1,-1,-1,-1
22,11,543,87,16,13,1,-1,-1,-1
22,12,532,81,14,11,1,-1,-1,-1
22,13,548,73,14,11,1,-1,-1,-1
22,14,518,84,15,17,1,-1,-1,-1
22,15,482,68,14,13,1,-1,-1,-1
22,16,519,67,14,9,1,-1,-1,-1
22,17,500,63,19,19,1,-1,-1,-1
22,18,527,52,19,19,1,-1,-1,-1
22,19,893,140,44,23,1,-1,-1,-1
22,20,821,148,39,17,1,-1,-1,-1
22,21,800,138,40,19,1,-1,-1,-1
22,22,783,133,31,15,1,-1,-1,-1
22,23,765,125,39,15,1,-1,-1,-1
22,24,752,111,40,15,1,-1,-1,-1
22,25,731,96,61,25,1,-1,-1,-1
22,26,957,136,44,23,1,-1,-1,-1
22,27,939,133,35,19,1,-1,-1,-1
22,30,0,150,26,19,1,-1,-1,-1
22,31,0,140,37,17,1,-1,-1,-1
22,32,0,131,45,13,1,-1,-1,-1
22,33,1,117,57,19,1,-1,-1,-1
22,35,31,111,50,13,1,-1,-1,-1
22,36,48,100,44,13,1,-1,-1,-1
22,37,70,88,41,13,1,-1,-1,-1
22,38,103,73,34,10,1,-1,-1,-1
22,39,104,138,57,15,1,-1,-1,-1
22,40,111,69,32,9,1,-1,-1,-1
22,41,100,55,44,17,1,-1,-1,-1
22,42,50,71,22,11,1,-1,-1,-1
22,43,23,71,26,13,1,-1,-1,-1
23,0,667,343,74,75,1,-1,-1,-1
23,1,603,210,36,32,1,-1,-1,-1
23,2,395,192,30,36,1,-1,-1,-1
23,3,427,150,20,25,1,-1,-1,-1
23,4,543,115,22,17,1,-1,-1,-1
23,5,573,113,19,17,1,-1,-1,-1
23,6,493,84,18,15,1,-1,-1,-1
23,7,531,98,19,15,1,-1,-1,-1
23,8,555,98,19,15,1,-1,-1,-1
23,9,570,92,19,13,1,-1,-1,-1
23,10,626,98,26,17,1,-1,-1,-1
23,11,542,88,19,13,1,-1,-1,-1
23,12,532,79,14,11,1,-1,-1,-1
23,13,548,75,14,11,1,-1,-1,-1
23,14,518,84,15,17,1,-1,-1,-1
23,15,481,69,14,13,1,-1,-1,-1
23,16,519,67,14,9,1,-1,-1,-1
23,17,499,63,20,21,1,-1,-1,-1
23,18,527,52,19,19,1,-1,-1,-1
23,19,893,142,43,23,1,-1,-1,-1
23,20,821,148,39,17,1,-1,-1,-1
23,21,801,138,40,19,1,-1,-1,-1
23,22,783,133,31,15,1,-1,-1,-1
23,23,768,125,37,15,1,-1,-1,-1
23,24,753,111,40,15,1,-1,-1,-1
23,25,734,98,61,25,1,-1,-1,-1
23,26,958,136,47,23,1,-1,-1,-1
23,27,940,133,35,19,1,-1,-1,-1
23,30,0,150,23,19,1,-1,-1,-1
23,31,0,140,37,17,1,-1,-1,-1
23,32,0,131,44,13,1,-1,-1,-1
23,33,1,119,57,19,1,-1,-1,-1
23,35,31,111,50,13,1,-1,-1,-1
23,36,47,100,44,13,1,-1,-1,-1
23,37,69,88,40,13,1,-1,-1,-1
23,38,103,73,35,11,1,-1,-1,-1
23,39,104,138,57,15,1,-1,-1,-1
23,40,109,69,32,9,1,-1,-1,-1
23,41,100,55,44,17,1,-1,-1,-1
23,42,49,71,22,11,1,-1,-1,-1
23,43,23,71,26,13,1,-1,-1,-1
24,0,666,339,77,77,1,-1,-1,-1
24,1,603,208,35,30,1,-1,-1,-1
24,2,394,194,30,36,1,-1,-1,-1
24,3,425,152,20,25,1,-1,-1,-1
24,4,543,117,22,17,1,-1,-1,-1
24,5,573,113,19,17,1,-1,-1,-1
24,6,495,84,18,15,1,-1,-1,-1
24,7,530,98,19,15,1,-1,-1,-1
24,8,555,98,19,15,1,-1,-1,-1
24,9,570,92,19,13,1,-1,-1,-1
24,10,626,100,26,17,1,-1,-1,-1
24,11,542,88,19,13,1,-1,-1,-1
24,12,532,79,14,11,1,-1,-1,-1
24,13,548,73,14,11,1,-1,-1,-1
24,14,518,84,15,17,1,-1,-1,-1
24,15,481,69,14,13,1,-1,-1,-1
24,16,518,67,14,9,1,-1,-1,-1
24,17,499,62,19,22,1,-1,-1,-1
24,18,528,53,19,19,1,-1,-1,-1
24,19,896,142,43,23,1,-1,-1,-1
24,20,821,148,41,20,1,-1,-1,-1
24,21,801,138,40,19,1,-1,-1,-1
24,22,784,133,32,15,1,-1,-1,-1
24,23,768,125,37,15,1,-1,-1,-1
24,24,753,111,40,15,1,-1,-1,-1
24,25,734,98,61,25,1,-1,-1,-1
24,26,960,136,44,23,1,-1,-1,-1
24,27,940,133,35,19,1,-1,-1,-1
24,30,0,150,22,19,1,-1,-1,-1
24,31,0,140,36,17,1,-1,-1,-1
24,32,0,131,43,13,1,-1,-1,-1
24,33,0,119,57,19,1,-1,-1,-1
24,35,31,111,50,13,1,-1,-1,-1
24,36,47,100,44,13,1,-1,-1,-1
24,37,67,88,40,13,1,-1,-1,-1
24,38,103,74,32,9,1,-1,-1,-1
24,39,104,138,57,15,1,-1,-1,-1
24,40,109,69,32,9,1,-1,-1,-1
24,41,100,55,44,17,1,-1,-1,-1
24,42,48,71,22,11,1,-1,-1,-1
24,43,23,71,26,13,1,-1,-1,-1
25,0,667,341,73,73,1,-1,-1,-1
25,1,603,208,36,32,1,-1,-1,-1
25,2,394,198,30,36,1,-1,-1,-1
25,3,425,154,22,27,1,-1,-1,-1
25,4,543,117,22,17,1,-1,-1,-1
25,5,573,112,19,17,1,-1,-1,-1
25,6,493,84,18,15,1,-1,-1,-1
25,7,530,98,19,15,1,-1,-1,-1
25,8,555,98,19,15,1,-1,-1,-1
25,9,570,92,19,13,1,-1,-1,-1
25,10,626,98,26,17,1,-1,-1,-1
25,11,540,88,19,13,1,-1,-1,-1
25,12,532,79,14,11,1,-1,-1,-1
25,13,548,73,14,11,1,-1,-1,-1
25,14,518,84,15,17,1,-1,-1,-1
25,15,481,68,14,13,1,-1,-1,-1
25,16,518,67,14,9,1,-1,-1,-1
25,17,499,62,19,21,1,-1,-1,-1
25,18,528,53,19,19,1,-1,-1,-1
25,19,896,142,44,23,1,-1,-1,-1
25,20,823,149,39,17,1,-1,-1,-1
25,21,803,138,41,19,1,-1,-1,-1
25,22,785,133,32,17,1,-1,-1,-1
25,23,768,128,37,15,1,-1,-1,-1
25,24,753,113,40,15,1,-1,-1,-1
25,25,732,98,62,25,1,-1,-1,-1
25,26,961,136,44,23,1,-1,-1,-1
25,27,941,135,35,19,1,-1,-1,-1
25,30,0,152,21,19,1,-1,-1,-1
25,31,0,140,35,17,1,-1,-1,-1
25,32,0,133,43,13,1,-1,-1,-1
25,33,3,118,56,19,1,-1,-1,-1
25,35,28,111,52,13,1,-1,-1,-1
25,36,45,100,44,13,1,-1,-1,-1
25,37,67,88,40,13,1,-1,-1,-1
25,38,100,73,32,9,1,-1,-1,-1
25,39,101,140,57,15,1,-1,-1,-1
25,40,109,69,32,9,1,-1,-1,-1
25,41,100,55,44,17,1,-1,-1,-1
25,42,47,71,22,11,1,-1,-1,-1
25,43,23,71,26,13,1,-1,-1,-1
26,0,664,341,74,72,1,-1,-1,-1
26,1,603,208,33,30,1,-1,-1,-1
26,2,393,200,30,40,1,-1,-1,-1
26,3,425,156,20,27,1,-1,-1,-1
26,4,545,117,22,17,1,-1,-1,-1
26,5,573,113,19,17,1,-1,-1,-1
26,6,493,82,18,15,1,-1,-1,-1
26,7,531,98,19,15,1,-1,-1,-1
26,8,555,98,19,15,1,-1,-1,-1
26,9,570,92,19,13,1,-1,-1,-1
26,10,626,98,26,17,1,-1,-1,-1
26,11,542,88,19,13,1,-1,-1,-1
26,12,532,81,14,11,1,-1,-1,-1
26,13,547,73,14,11,1,-1,-1,-1
26,14,518,84,15,17,1,-1,-1,-1
26,15,481,69,14,13,1,-1,-1,-1
26,16,518,67,14,9,1,-1,-1,-1
26,17,499,62,19,22,1,-1,-1,-1
26,18,526,52,19,19,1,-1,-1,-1
26,19,898,142,43,23,1,-1,-1,-1
26,20,824,149,39,17,1,-1,-1,-1
26,21,804,138,40,19,1,-1,-1,-1
26,22,786,134,32,16,1,-1,-1,-1
26,23,769,127,39,17,1,-1,-1,-1
26,24,753,112,41,15,1,-1,-1,-1
26,25,732,98,62,25,1,-1,-1,-1
26,26,962,136,44,23,1,-1,-1,-1
26,27,943,135,35,19,1,-1,-1,-1
26,31,0,141,34,17,1,-1,-1,-1
26,32,0,133,42,13,1,-1,-1,-1
26,33,0,118,58,19,1,-1,-1,-1
26,35,28,111,50,13,1,-1,-1,-1
26,36,44,102,44,13,1,-1,-1,-1
26,37,66,88,40,13,1,-1,-1,-1
26,38,100,73,32,9,1,-1,-1,-1
26,39,101,140,57,15,1,-1,-1,-1
26,40,108,69,32,9,1,-1,-1,-1
26,41,100,55,44,17,1,-1,-1,-1
26,42,45,71,22,11,1,-1,-1,-1
26,43,23,71,26,13,1,-1,-1,-1
27,0,663,335,74,75,1,-1,-1,-1
27,1,602,206,32,30,1,-1,-1,-1
27,2,390,200,33,43,1,-1,-1,-1
27,3,424,160,20,25,1,-1,-1,-1
27,4,544,117,22,17,1,-1,-1,-1
27,5,573,111,19,17,1,-1,-1,-1
27,6,493,84,18,15,1,-1,-1,-1
27,7,530,98,19,15,1,-1,-1,-1
27,8,554,98,19,15,1,-1,-1,-1
27,9,570,92,19,13,1,-1,-1,-1
27,10,626,98,26,17,1,-1,-1,-1
27,11,540,88,19,13,1,-1,-1,-1
27,12,531,81,14,11,1,-1,-1,-1
27,13,548,73,14,11,1,-1,-1,-1
27,14,518,84,15,17,1,-1,-1,-1
27,15,481,69,14,13,1,-1,-1,-1
27,16,518,67,14,9,1,-1,-1,-1
27,17,498,63,19,21,1,-1,-1,-1
27,18,526,52,19,19,1,-1,-1,-1
27,19,898,144,44,23,1,-1,-1,-1
27,20,824,150,39,17,1,-1,-1,-1
27,21,803,138,40,20,1,-1,-1,-1
27,22,786,134,33,16,1,-1,-1,-1
27,23,770,127,37,15,1,-1,-1,-1
27,24,753,111,41,15,1,-1,-1,-1
27,25,734,98,61,25,1,-1,-1,-1
27,26,962,138,44,23,1,-1,-1,-1
27,27,943,135,35,19,1,-1,-1,-1
27,31,0,142,32,17,1,-1,-1,-1
27,32,0,132,43,16,1,-1,-1,-1
27,33,0,119,53,19,1,-1,-1,-1
27,35,27,111,50,13,1,-1,-1,-1
27,36,44,102,44,13,1,-1,-1,-1
27,37,66,90,43,11,1,-1,-1,-1
27,38,100,75,32,9,1,-1,-1,-1
27,39,100,141,59,16,1,-1,-1,-1
27,40,108,69,32,9,1,-1,-1,-1
27,41,99,55,44,17,1,-1,-1,-1
27,42,45,71,22,11,1,-1,-1,-1
27,43,23,71,26,13,1,-1,-1,-1
28,0,663,335,73,73,1,-1,-1,-1
28,1,600,206,35,30,1,-1,-1,-1
28,2,389,205,35,42,1,-1,-1,-1
28,3,424,162,20,25,1,-1,-1,-1
28,4,544,117,22,17,1,-1,-1,-1
28,5,572,113,20,18,1,-1,-1,-1
28,6,492,84,18,15,1,-1,-1,-1
28,7,530,98,19,15,1,-1,-1,-1
28,8,555,98,19,15,1,-1,-1,-1
28,9,570,92,19,13,1,-1,-1,-1
28,10,628,100,26,17,1,-1,-1,-1
28,11,540,88,19,13,1,-1,-1,-1
28,12,532,79,14,11,1,-1,-1,-1
28,13,547,75,14,11,1,-1,-1,-1
28,14,517,84,15,17,1,-1,-1,-1
28,15,480,69,14,13,1,-1,-1,-1
28,16,517,66,13,12,1,-1,-1,-1
28,17,499,63,18,20,1,-1,-1,-1
28,18,527,52,19,19,1,-1,-1,-1
28,19,899,144,44,23,1,-1,-1,-1
28,20,825,150,39,17,1,-1,-1,-1
28,21,804,140,40,19,1,-1,-1,-1
28,22,787,135,32,15,1,-1,-1,-1
28,23,770,127,37,15,1,-1,-1,-1
28,24,753,113,40,15,1,-1,-1,-1
28,25,734,98,58,23,1,-1,-1,-1
28,26,965,138,41,21,1,-1,-1,-1
28,27,945,135,35,19,1,-1,-1,-1
28,31,0,142,32,17,1,-1,-1,-1
28,32,0,133,40,13,1,-1,-1,-1
28,33,0,119,54,19,1,-1,-1,-1
28,35,27,113,50,13,1,-1,-1,-1
28,36,44,102,44,13,1,-1,-1,-1
28,37,66,90,40,13,1,-1,-1,-1
28,38,99,75,32,9,1,-1,-1,-1
28,39,100,140,56,15,1,-1,-1,-1
28,40,108,69,32,9,1,-1,-1,-1
28,41,97,55,44,17,1,-1,-1,-1
28,42,45,71,22,11,1,-1,-1,-1
28,43,23,71,26,13,1,-1,-1,-1
29,0,662,331,74,75,1,-1,-1,-1
29,1,600,204,35,30,1,-1,-1,-1
29,2,387,208,36,42,1,-1,-1,-1
29,3,422,161,25,32,1,-1,-1,-1
29,4,543,117,22,17,1,-1,-1,-1
29,5,572,113,19,17,1,-1,-1,-1
29,6,492,82,18,15,1,-1,-1,-1
29,7,531,98,19,15,1,-1,-1,-1
29,8,555,98,19,15,1,-1,-1,-1
29,9,569,92,19,13,1,-1,-1,-1
29,10,628,100,26,17,1,-1,-1,-1
29,11,540,88,19,13,1,-1,-1,-1
29,12,531,79,14,11,1,-1,-1,-1
29,13,547,73,14,11,1,-1,-1,-1
29,14,515,84,15,17,1,-1,-1,-1
29,15,480,69,14,13,1,-1,-1,-1
29,16,517,65,13,11,1,-1,-1,-1
29,17,498,63,18,19,1,-1,-1,-1
29,18,526,52,19,19,1,-1,-1,-1
29,19,901,144,44,23,1,-1,-1,-1
29,20,825,150,39,17,1,-1,-1,-1
29,21,804,140,40,19,1,-1,-1,-1
29,22,787,136,32,15,1,-1,-1,-1
29,23,770,127,37,15,1,-1,-1,-1
29,24,753,113,41,15,1,-1,-1,-1
29,25,736,100,56,23,1,-1,-1,-1
29,26,963,138,45,23,1,-1,-1,-1
29,27,945,136,35,19,1,-1,-1,-1
29,32,0,133,37,13,1,-1,-1,-1
29,33,0,119,52,19,1,-1,-1,-1
29,35,26,113,50,13,1,-1,-1,-1
29,36,44,102,44,13,1,-1,-1,-1
29,37,65,90,40,13,1,-1,-1,-1
29,38,100,75,32,9,1,-1,-1,-1
29,39,99,140,57,15,1,-1,-1,-1
29,40,107,69,32,9,1,-1,-1,-1
29,41,97,55,44,17,1,-1,-1,-1
29,42,44,71,22,11,1,-1,-1,-1
29,43,22,71,26,13,1,-1,-1,-1
30,0,660,331,73,73,1,-1,-1,-1
30,1,599,204,36,32,1,-1,-1,-1
30,2,387,214,35,42,1,-1,-1,-1
30,3,421,163,24,30,1,-1,-1,-1
30,4,543,117,22,17,1,-1,-1,-1
30,5,573,113,19,17,1,-1,-1,-1
30,6,492,84,18,15,1,-1,-1,-1
30,7,531,98,19,15,1,-1,-1,-1
30,8,555,98,19,15,1,-1,-1,-1
30,9,569,92,19,13,1,-1,-1,-1
30,10,628,100,27,17,1,-1,-1,-1
30,11,539,88,19,13,1,-1,-1,-1
30,12,531,79,14,11,1,-1,-1,-1
30,13,545,73,14,11,1,-1,-1,-1
30,14,515,84,15,17,1,-1,-1,-1
30,15,480,69,14,13,1,-1,-1,-1
30,16,515,67,13,11,1,-1,-1,-1
30,17,500,63,18,19,1,-1,-1,-1
30,18,526,52,19,19,1,-1,-1,-1
30,19,902,145,41,23,1,-1,-1,-1
30,20,825,150,39,17,1,-1,-1,-1
30,21,804,140,40,19,1,-1,-1,-1
30,22,787,136,32,15,1,-1,-1,-1
30,23,770,127,37,15,1,-1,-1,-1
30,24,754,113,40,15,1,-1,-1,-1
30,25,736,100,57,23,1,-1,-1,-1
30,26,964,137,45,24,1,-1,-1,-1
30,27,945,136,35,19,1,-1,-1,-1
30,32,0,133,36,13,1,-1,-1,-1
30,33,0,121,50,19,1,-1,-1,-1
30,35,24,113,50,13,1,-1,-1,-1
30,36,43,102,44,13,1,-1,-1,-1
30,37,64,90,40,13,1,-1,-1,-1
30,38,97,75,32,9,1,-1,-1,-1
30,39,99,142,57,15,1,-1,-1,-1
30,40,107,69,32,9,1,-1,-1,-1
30,41,97,55,44,17,1,-1,-1,-1
30,42,43,71,22,11,1,-1,-1,-1
30,43,22,73,26,13,1,-1,-1,-1
31,0,659,329,74,75,1,-1,-1,-1
31,1,599,202,36,32,1,-1,-1,-1
31,2,385,217,33,40,1,-1,-1,-1
31,3,420,165,24,32,1,-1,-1,-1
31,4,544,117,22,17,1,-1,-1,-1
31,5,573,113,19,17,1,-1,-1,-1
31,6,492,82,18,15,1,-1,-1,-1
31,7,531,98,19,15,1,-1,-1,-1
31,8,555,98,19,15,1,-1,-1,-1
31,9,569,92,19,13,1,-1,-1,-1
31,10,628,100,27,17,1,-1,-1,-1
31,11,539,88,19,13,1,-1,-1,-1
31,12,531,79,14,11,1,-1,-1,-1
31,13,545,73,14,11,1,-1,-1,-1
31,14,515,84,15,17,1,-1,-1,-1
31,15,479,69,14,13,1,-1,-1,-1
31,16,515,65,13,11,1,-1,-1,-1
31,17,498,63,18,19,1,-1,-1,-1
31,18,526,52,19,19,1,-1,-1,-1
31,19,899,144,44,23,1,-1,-1,-1
31,20,826,150,41,20,1,-1,-1,-1
31,21,807,140,40,21,1,-1,-1,-1
31,22,788,136,32,16,1,-1,-1,-1
31,23,770,127,37,17,1,-1,-1,-1
31,24,754,113,42,15,1,-1,-1,-1
31,25,736,100,56,25,1,-1,-1,-1
31,26,966,140,43,21,1,-1,-1,-1
31,27,945,136,35,19,1,-1,-1,-1
31,32,0,135,36,13,1,-1,-1,-1
31,33,0,121,50,19,1,-1,-1,-1
31,35,24,113,50,13,1,-1,-1,-1
31,36,41,102,44,13,1,-1,-1,-1
31,37,64,90,40,13,1,-1,-1,-1
31,38,97,73,34,11,1,-1,-1,-1
31,39,96,140,57,15,1,-1,-1,-1
31,40,107,69,32,9,1,-1,-1,-1
31,41,97,55,44,17,1,-1,-1,-1
31,42,41,71,22,11,1,-1,-1,-1
31,43,22,71,26,13,1,-1,-1,-1
32,0,659,327,73,73,1,-1,-1,-1
32,1,599,202,36,32,1,-1,-1,-1
32,2,384,221,36,44,1,-1,-1,-1
32,3,420,169,24,32,1,-1,-1,-1
32,4,543,117,22,17,1,-1,-1,-1
32,5,572,112,19,17,1,-1,-1,-1
32,6,492,82,18,15,1,-1,-1,-1
32,7,530,98,19,15,1,-1,-1,-1
32,8,554,98,19,15,1,-1,-1,-1
32,9,569,92,19,13,1,-1,-1,-1
32,10,628,100,26,17,1,-1,-1,-1
32,11,539,88,19,13,1,-1,-1,-1
32,12,531,79,14,11,1,-1,-1,-1
32,13,545,73,14,11,1,-1,-1,-1
32,14,515,84,15,17,1,-1,-1,-1
32,15,479,69,14,13,1,-1,-1,-1
32,16,515,65,13,11,1,-1,-1,-1
32,17,498,63,18,19,1,-1,-1,-1
32,18,526,52,19,21,1,-1,-1,-1
32,19,899,144,44,23,1,-1,-1,-1
32,20,826,152,40,18,1,-1,-1,-1
32,21,805,140,40,19,1,-1,-1,-1
32,22,788,136,33,16,1,-1,-1,-1
32,23,770,127,37,17,1,-1,-1,-1
32,24,754,113,42,15,1,-1,-1,-1
32,25,736,98,57,24,1,-1,-1,-1
32,26,966,138,44,23,1,-1,-1,-1
32,27,948,136,35,19,1,-1,-1,-1
32,32,0,135,35,13,1,-1,-1,-1
32,33,0,121,49,19,1,-1,-1,-1
32,35,23,113,50,13,1,-1,-1,-1
32,36,40,102,44,13,1,-1,-1,-1
32,37,62,90,40,13,1,-1,-1,-1
32,38,97,75,32,9,1,-1,-1,-1
32,39,96,142,57,15,1,-1,-1,-1
32,40,105,71,32,9,1,-1,-1,-1
32,41,96,57,44,17,1,-1,-1,-1
32,42,40,71,22,11,1,-1,-1,-1
32,43,20,73,26,13,1,-1,-1,-1
33,0,661,331,69,69,1,-1,-1,-1
33,1,599,202,33,30,1,-1,-1,-1
33,2,381,225,36,44,1,-1,-1,-1
33,3,420,171,24,32,1,-1,-1,-1
33,4,543,117,22,17,1,-1,-1,-1
33,5,572,113,19,17,1,-1,-1,-1
33,6,492,82,18,15,1,-1,-1,-1
33,7,531,98,19,15,1,-1,-1,-1
33,8,555,99,19,15,1,-1,-1,-1
33,9,569,92,19,13,1,-1,-1,-1
33,10,628,100,26,17,1,-1,-1,-1
33,11,538,87,19,13,1,-1,-1,-1
33,12,531,79,14,11,1,-1,-1,-1
33,13,545,73,14,11,1,-1,-1,-1
33,14,515,84,15,17,1,-1,-1,-1
33,15,480,69,14,13,1,-1,-1,-1
33,16,516,66,13,11,1,-1,-1,-1
33,17,498,63,18,19,1,-1,-1,-1
33,18,526,52,18,21,1,-1,-1,-1
33,19,905,145,39,23,1,-1,-1,-1
33,20,829,152,39,18,1,-1,-1,-1
33,21,807,141,42,20,1,-1,-1,-1
33,22,790,136,31,16,1,-1,-1,-1
33,23,771,129,37,17,1,-1,-1,-1
33,24,756,113,42,15,1,-1,-1,-1
33,25,736,98,56,26,1,-1,-1,-1
33,26,966,138,46,23,1,-1,-1,-1
33,27,948,136,35,19,1,-1,-1,-1
33,32,0,136,35,13,1,-1,-1,-1
33,33,0,121,50,19,1,-1,-1,-1
33,35,23,113,50,13,1,-1,-1,-1
33,36,40,102,44,13,1,-1,-1,-1
33,37,61,90,40,13,1,-1,-1,-1
33,38,96,75,32,9,1,-1,-1,-1
33,39,96,142,57,15,1,-1,-1,-1
33,40,105,71,32,9,1,-1,-1,-1
33,41,96,55,44,17,1,-1,-1,-1
33,42,40,71,22,11,1,-1,-1,-1
33,43,19,73,26,13,1,-1,-1,-1
34,0,659,327,67,69,1,-1,-1,-1
34,1,596,200,35,30,1,-1,-1,-1
34,2,381,227,36,44,1,-1,-1,-1
34,3,419,173,26,32,1,-1,-1,-1
34,4,543,117,22,17,1,-1,-1,-1
34,5,572,113,19,17,1,-1,-1,-1
34,6,492,82,18,15,1,-1,-1,-1
34,7,531,98,19,15,1,-1,-1,-1
34,8,553,98,19,15,1,-1,-1,-1
34,9,569,92,19,13,1,-1,-1,-1
34,10,628,100,26,17,1,-1,-1,-1
34,11,539,86,19,13,1,-1,-1,-1
34,12,531,79,14,11,1,-1,-1,-1
34,13,544,73,14,11,1,-1,-1,-1
34,14,514,84,15,17,1,-1,-1,-1
34,15,480,69,14,13,1,-1,-1,-1
34,16,514,65,13,11,1,-1,-1,-1
34,17,497,63,18,19,1,-1,-1,-1
34,18,525,53,19,19,1,-1,-1,-1
34,19,904,144,42,26,1,-1,-1,-1
34,20,828,152,42,19,1,-1,-1,-1
34,21,807,141,40,19,1,-1,-1,-1
34,22,789,136,33,17,1,-1,-1,-1
34,23,771,129,38,16,1,-1,-1,-1
34,24,757,113,40,15,1,-1,-1,-1
34,25,736,100,56,25,1,-1,-1,-1
34,26,967,140,47,24,1,-1,-1,-1
34,27,949,136,35,19,1,-1,-1,-1
34,32,0,136,32,13,1,-1,-1,-1
34,33,0,121,50,19,1,-1,-1,-1
34,35,20,113,50,13,1,-1,-1,-1
34,36,37,102,44,13,1,-1,-1,-1
34,37,61,90,40,13,1,-1,-1,-1
34,38,95,75,32,9,1,-1,-1,-1
34,39,94,142,57,15,1,-1,-1,-1
34,40,104,71,32,9,1,-1,-1,-1
34,41,95,57,44,17,1,-1,-1,-1
34,42,39,73,22,11,1,-1,-1,-1
34,43,19,73,26,13,1,-1,-1,-1
35,0,659,328,70,70,1,-1,-1,-1
35,1,596,200,32,30,1,-1,-1,-1
35,2,377,230,40,52,1,-1,-1,-1
35,3,419,177,24,32,1,-1,-1,-1
35,4,543,117,22,17,1,-1,-1,-1
35,5,572,113,19,17,1,-1,-1,-1
35,6,491,82,18,15,1,-1,-1,-1
35,7,530,98,19,15,1,-1,-1,-1
35,8,554,98,19,15,1,-1,-1,-1
35,9,569,92,19,13,1,-1,-1,-1
35,10,629,100,26,17,1,-1,-1,-1
35,11,539,88,19,13,1,-1,-1,-1
35,12,530,79,14,11,1,-1,-1,-1
35,13,544,73,14,11,1,-1,-1,-1
35,14,514,84,15,17,1,-1,-1,-1
35,15,479,69,14,13,1,-1,-1,-1
35,16,514,65,13,11,1,-1,-1,-1
35,17,497,63,18,19,1,-1,-1,-1
35,18,525,53,19,19,1,-1,-1,-1
35,19,906,146,38,23,1,-1,-1,-1
35,20,829,154,39,18,1,-1,-1,-1
35,21,808,142,42,19,1,-1,-1,-1
35,22,789,136,34,17,1,-1,-1,-1
35,23,773,129,36,15,1,-1,-1,-1
35,24,756,113,42,15,1,-1,-1,-1
35,25,737,101,55,24,1,-1,-1,-1
35,26,969,140,46,24,1,-1,-1,-1
35,27,949,138,35,19,1,-1,-1,-1
35,32,0,136,33,13,1,-1,-1,-1
35,33,0,122,52,19,1,-1,-1,-1
35,35,20,115,50,13,1,-1,-1,-1
35,36,39,104,44,13,1,-1,-1,-1
35,37,60,90,40,13,1,-1,-1,-1
35,38,96,75,32,9,1,-1,-1,-1
35,39,94,142,57,15,1,-1,-1,-1
35,40,104,71,32,9,1,-1,-1,-1
35,41,95,57,44,17,1,-1,-1,-1
35,42,37,73,22,11,1,-1,-1,-1
35,43,19,73,26,13,1,-1,-1,-1
36,0,655,320,73,73,1,-1,-1,-1
36,1,595,200,36,32,1,-1,-1,-1
36,2,376,235,39,50,1,-1,-1,-1
36,3,417,181,23,30,1,-1,-1,-1
36,4,543,117,22,17,1,-1,-1,-1
36,5,572,113,19,17,1,-1,-1,-1
36,6,491,82,18,15,1,-1,-1,-1
36,7,530,98,19,15,1,-1,-1,-1
36,8,553,98,19,15,1,-1,-1,-1
36,9,568,92,19,13,1,-1,-1,-1
36,10,629,100,26,17,1,-1,-1,-1
36,11,539,88,19,13,1,-1,-1,-1
36,12,531,79,14,11,1,-1,-1,-1
36,13,545,73,14,11,1,-1,-1,-1
36,14,514,84,15,17,1,-1,-1,-1
36,15,478,69,14,13,1,-1,-1,-1
36,16,514,65,13,11,1,-1,-1,-1
36,17,497,61,18,19,1,-1,-1,-1
36,18,525,50,19,19,1,-1,-1,-1
36,19,906,146,40,26,1,-1,-1,-1
36,20,829,154,40,19,1,-1,-1,-1
36,21,808,142,42,19,1,-1,-1,-1
36,22,791,138,32,17,1,-1,-1,-1
36,23,773,129,37,15,1,-1,-1,-1
36,24,757,113,41,15,1,-1,-1,-1
36,25,737,99,57,25,1,-1,-1,-1
36,26,968,140,46,25,1,-1,-1,-1
36,27,949,136,36,19,1,-1,-1,-1
36,33,0,122,49,19,1,-1,-1,-1
36,35,19,115,50,13,1,-1,-1,-1
36,36,37,104,44,13,1,-1,-1,-1
36,37,60,90,40,13,1,-1,-1,-1
36,38,95,75,32,9,1,-1,-1,-1
36,39,92,142,58,17,1,-1,-1,-1
36,40,104,71,32,9,1,-1,-1,-1
36,41,95,57,44,17,1,-1,-1,-1
36,42,36,71,23,12,1,-1,-1,-1
36,43,19,73,27,13,1,-1,-1,-1
37,0,650,318,77,77,1,-1,-1,-1
37,1,595,200,35,30,1,-1,-1,-1
37,2,372,239,40,52,1,-1,-1,-1
37,3,417,185,23,30,1,-1,-1,-1
37,4,543,117,22,17,1,-1,-1,-1
37,5,572,113,19,17,1,-1,-1,-1
37,6,491,82,18,15,1,-1,-1,-1
37,7,531,98,19,15,1,-1,-1,-1
37,8,553,98,19,15,1,-1,-1,-1
37,9,569,92,19,13,1,-1,-1,-1
37,10,629,100,26,17,1,-1,-1,-1
37,11,538,86,19,13,1,-1,-1,-1
37,12,530,79,14,11,1,-1,-1,-1
37,13,543,73,14,11,1,-1,-1,-1
37,14,514,84,15,17,1,-1,-1,-1
37,15,479,69,14,13,1,-1,-1,-1
37,16,514,65,13,11,1,-1,-1,-1
37,17,497,63,18,19,1,-1,-1,-1
37,18,525,52,19,19,1,-1,-1,-1
37,19,906,146,41,25,1,-1,-1,-1
37,20,829,154,41,18,1,-1,-1,-1
37,21,809,142,39,20,1,-1,-1,-1
37,22,790,138,32,17,1,-1,-1,-1
37,23,773,131,38,17,1,-1,-1,-1
37,24,758,114,40,15,1,-1,-1,-1
37,25,735,100,58,25,1,-1,-1,-1
37,26,970,140,45,23,1,-1,-1,-1
37,27,950,138,35,19,1,-1,-1,-1
37,33,0,121,48,19,1,-1,-1,-1
37,35,18,115,50,13,1,-1,-1,-1
37,36,36,104,44,13,1,-1,-1,-1
37,37,58,90,40,13,1,-1,-1,-1
37,38,95,75,32,9,1,-1,-1,-1
37,39,91,144,58,16,1,-1,-1,-1
37,40,103,71,32,9,1,-1,-1,-1
37,41,94,57,44,17,1,-1,-1,-1
37,42,35,71,23,11,1,-1,-1,-1
37,43,19,73,26,13,1,-1,-1,-1
38,0,654,318,70,71,1,-1,-1,-1
38,1,595,198,35,30,1,-1,-1,-1
38,2,373,244,40,52,1,-1,-1,-1
38,3,416,187,23,30,1,-1,-1,-1
38,4,543,117,22,17,1,-1,-1,-1
38,5,572,113,19,17,1,-1,-1,-1
38,6,491,82,18,15,1,-1,-1,-1
38,7,530,98,19,15,1,-1,-1,-1
38,8,553,98,19,15,1,-1,-1,-1
38,9,568,92,19,13,1,-1,-1,-1
38,10,629,100,26,17,1,-1,-1,-1
38,11,538,88,19,13,1,-1,-1,-1
38,12,528,79,14,11,1,-1,-1,-1
38,13,544,73,14,11,1,-1,-1,-1
38,14,513,83,15,17,1,-1,-1,-1
38,15,478,69,14,13,1,-1,-1,-1
38,16,514,65,13,11,1,-1,-1,-1
38,17,497,63,18,19,1,-1,-1,-1
38,18,523,50,19,19,1,-1,-1,-1
38,19,909,146,39,26,1,-1,-1,-1
38,20,830,154,40,20,1,-1,-1,-1
38,21,809,142,41,19,1,-1,-1,-1
38,22,791,138,31,18,1,-1,-1,-1
38,23,774,131,37,17,1,-1,-1,-1
38,24,758,115,40,15,1,-1,-1,-1
38,25,737,100,57,25,1,-1,-1,-1
38,26,970,140,46,23,1,-1,-1,-1
38,27,952,138,35,19,1,-1,-1,-1
38,33,0,122,47,19,1,-1,-1,-1
38,35,18,115,50,13,1,-1,-1,-1
38,36,36,104,44,13,1,-1,-1,-1
38,37,58,92,40,13,1,-1,-1,-1
38,38,94,75,32,9,1,-1,-1,-1
38,39,91,144,60,18,1,-1,-1,-1
38,40,101,71,32,9,1,-1,-1,-1
38,41,92,57,44,17,1,-1,-1,-1
38,42,35,71,23,11,1,-1,-1,-1
38,43,19,73,26,13,1,-1,-1,-1
39,0,655,322,66,66,1,-1,-1,-1
39,1,594,198,35,32,1,-1,-1,-1
39,2,367,248,41,55,1,-1,-1,-1
39,3,415,190,24,30,1,-1,-1,-1
39,4,543,119,22,17,1,-1,-1,-1
39,5,572,113,19,17,1,-1,-1,-1
39,6,490,83,18,16,1,-1,-1,-1
39,7,530,98,19,15,1,-1,-1,-1
39,8,552,98,21,16,1,-1,-1,-1
39,9,569,93,19,13,1,-1,-1,-1
39,10,629,100,26,17,1,-1,-1,-1
39,11,538,86,19,13,1,-1,-1,-1
39,12,529,78,15,13,1,-1,-1,-1
39,13,543,72,16,12,1,-1,-1,-1
39,14,513,83,17,17,1,-1,-1,-1
39,15,479,68,15,14,1,-1,-1,-1
39,16,514,65,13,11,1,-1,-1,-1
39,17,497,63,18,19,1,-1,-1,-1
39,18,523,50,19,19,1,-1,-1,-1
39,19,907,146,42,25,1,-1,-1,-1
39,20,830,154,41,20,1,-1,-1,-1
39,21,809,142,40,21,1,-1,-1,-1
39,22,791,138,31,16,1,-1,-1,-1
39,23,772,131,39,16,1,-1,-1,-1
39,24,757,115,43,15,1,-1,-1,-1
39,25,738,100,56,26,1,-1,-1,-1
39,26,971,142,46,23,1,-1,-1,-1
39,27,953,138,35,18,1,-1,-1,-1
39,33,0,123,45,19,1,-1,-1,-1
39,35,16,115,51,14,1,-1,-1,-1
39,36,33,104,46,14,1,-1,-1,-1
39,37,57,92,40,13,1,-1,-1,-1
39,38,92,75,35,10,1,-1,-1,-1
39,39,86,144,60,17,1,-1,-1,-1
39,40,101,71,33,10,1,-1,-1,-1
39,41,90,59,46,17,1,-1,-1,-1
39,42,32,71,22,11,1,-1,-1,-1
39,43,18,73,26,13,1,-1,-1,-1
40,0,654,320,66,65,1,-1,-1,-1
40,1,594,196,35,32,1,-1,-1,-1
40,2,366,254,43,57,1,-1,-1,-1
40,3,413,189,28,38,1,-1,-1,-1
40,4,543,119,22,17,1,-1,-1,-1
40,5,571,113,19,17,1,-1,-1,-1
40,6,489,82,18,15,1,-1,-1,-1
40,7,530,98,19,15,1,-1,-1,-1
40,8,552,98,20,15,1,-1,-1,-1
40,9,569,93,19,13,1,-1,-1,-1
40,10,629,100,26,17,1,-1,-1,-1
40,11,536,86,19,13,1,-1,-1,-1
40,12,528,77,14,13,1,-1,-1,-1
40,13,543,71,15,11,1,-1,-1,-1
40,14,513,82,16,17,1,-1,-1,-1
40,15,479,67,14,13,1,-1,-1,-1
40,16,513,65,13,11,1,-1,-1,-1
40,17,497,63,18,19,1,-1,-1,-1
40,18,524,53,19,19,1,-1,-1,-1
40,19,907,146,43,25,1,-1,-1,-1
40,20,830,154,41,19,1,-1,-1,-1
40,21,809,142,39,21,1,-1,-1,-1
40,22,791,138,31,15,1,-1,-1,-1
40,23,771,131,39,15,1,-1,-1,-1
40,24,757,115,43,15,1,-1,-1,-1
40,25,739,102,56,23,1,-1,-1,-1
40,26,971,142,45,23,1,-1,-1,-1
40,27,953,138,35,17,1,-1,-1,-1
40,33,0,123,44,19,1,-1,-1,-1
40,35,14,115,50,13,1,-1,-1,-1
40,36,32,104,45,13,1,-1,-1,-1
40,37,57,92,40,13,1,-1,-1,-1
40,38,91,75,36,12,1,-1,-1,-1
40,39,84,144,60,17,1,-1,-1,-1
40,40,100,71,32,9,1,-1,-1,-1
40,41,88,59,47,17,1,-1,-1,-1
40,42,31,71,23,11,1,-1,-1,-1
40,43,18,74,25,13,1,-1,-1,-1
41,0,654,318,66,65,1,-1,-1,-1
41,1,592,196,35,32,1,-1,-1,-1
41,2,364,257,43,59,1,-1,-1,-1
41,3,412,192,27,38,1,-1,-1,-1
41,4,543,119,22,17,1,-1,-1,-1
41,5,570,115,19,17,1,-1,-1,-1
41,6,491,82,18,15,1,-1,-1,-1
41,7,530,100,19,15,1,-1,-1,-1
41,8,552,98,20,15,1,-1,-1,-1
41,9,568,92,21,14,1,-1,-1,-1
41,10,629,100,26,17,1,-1,-1,-1
41,11,536,88,19,13,1,-1,-1,-1
41,12,527,77,14,13,1,-1,-1,-1
41,13,543,71,15,11,1,-1,-1,-1
41,14,512,82,16,17,1,-1,-1,-1
41,15,479,67,14,13,1,-1,-1,-1
41,16,513,65,13,11,1,-1,-1,-1
41,17,496,63,18,19,1,-1,-1,-1
41,18,523,50,19,19,1,-1,-1,-1
41,19,909,146,41,25,1,-1,-1,-1
41,20,830,154,43,19,1,-1,-1,-1
41,21,812,144,36,19,1,-1,-1,-1
41,22,791,138,31,15,1,-1,-1,-1
41,23,773,131,40,15,1,-1,-1,-1
41,24,757,115,43,15,1,-1,-1,-1
41,25,739,102,56,23,1,-1,-1,-1
41,26,973,142,45,23,1,-1,-1,-1
41,27,953,138,35,17,1,-1,-1,-1
41,33,0,123,43,19,1,-1,-1,-1
41,35,14,115,52,13,1,-1,-1,-1
41,36,31,104,45,13,1,-1,-1,-1
41,37,56,92,40,13,1,-1,-1,-1
41,38,91,75,36,13,1,-1,-1,-1
41,39,83,144,60,17,1,-1,-1,-1
41,40,100,71,32,9,1,-1,-1,-1
41,41,90,59,45,17,1,-1,-1,-1
41,42,30,71,23,11,1,-1,-1,-1
41,43,16,73,24,13,1,-1,-1,-1
42,0,653,318,66,65,1,-1,-1,-1
42,1,591,196,35,32,1,-1,-1,-1
42,2,361,263,43,61,1,-1,-1,-1
42,3,411,196,27,38,1,-1,-1,-1
42,4,543,119,22,17,1,-1,-1,-1
42,5,570,113,19,17,1,-1,-1,-1
42,6,489,82,18,15,1,-1,-1,-1
42,7,528,100,19,15,1,-1,-1,-1
42,8,551,98,20,15,1,-1,-1,-1
42,9,568,92,20,13,1,-1,-1,-1
42,10,629,100,26,17,1,-1,-1,-1
42,11,536,87,19,13,1,-1,-1,-1
42,12,527,77,14,13,1,-1,-1,-1
42,13,543,71,15,11,1,-1,-1,-1
42,14,513,82,16,17,1,-1,-1,-1
42,15,478,67,14,13,1,-1,-1,-1
42,16,512,65,13,11,1,-1,-1,-1
42,17,495,63,18,19,1,-1,-1,-1
42,18,522,52,19,19,1,-1,-1,-1
42,19,910,148,41,25,1,-1,-1,-1
42,20,833,154,41,21,1,-1,-1,-1
42,21,812,144,36,19,1,-1,-1,-1
42,22,791,138,31,15,1,-1,-1,-1
42,23,773,131,39,15,1,-1,-1,-1
42,24,757,115,43,15,1,-1,-1,-1
42,25,739,102,56,23,1,-1,-1,-1
42,26,974,142,45,23,1,-1,-1,-1
42,27,954,138,36,18,1,-1,-1,-1
42,33,0,123,40,19,1,-1,-1,-1
42,35,14,115,52,15,1,-1,-1,-1
42,36,31,104,45,13,1,-1,-1,-1
42,37,56,92,40,13,1,-1,-1,-1
42,38,90,75,35,9,1,-1,-1,-1
42,39,83,144,60,17,1,-1,-1,-1
42,40,99,71,32,9,1,-1,-1,-1
42,41,88,59,45,17,1,-1,-1,-1
42,42,28,71,23,11,1,-1,-1,-1
42,43,16,73,24,13,1,-1,-1,-1
43,0,651,316,66,65,1,-1,-1,-1
43,1,591,196,35,32,1,-1,-1,-1
43,2,356,268,47,68,1,-1,-1,-1
43,3,410,200,27,38,1,-1,-1,-1
43,4,543,119,22,17,1,-1,-1,-1
43,5,570,113,19,17,1,-1,-1,-1
43,6,489,82,18,15,1,-1,-1,-1
43,7,530,100,19,15,1,-1,-1,-1
43,8,551,98,20,15,1,-1,-1,-1
43,9,568,92,20,13,1,-1,-1,-1
43,10,629,100,26,17,1,-1,-1,-1
43,11,535,86,19,13,1,-1,-1,-1
43,12,527,77,14,13,1,-1,-1,-1
43,13,543,71,15,11,1,-1,-1,-1
43,14,512,82,16,17,1,-1,-1,-1
43,15,479,69,14,13,1,-1,-1,-1
43,16,512,65,13,11,1,-1,-1,-1
43,17,495,63,18,19,1,-1,-1,-1
43,18,523,52,19,19,1,-1,-1,-1
43,19,915,148,36,23,1,-1,-1,-1
43,20,834,155,39,19,1,-1,-1,-1
43,21,812,144,45,21,1,-1,-1,-1
43,22,792,139,35,18,1,-1,-1,-1
43,23,774,133,38,17,1,-1,-1,-1
43,24,757,115,44,16,1,-1,-1,-1
43,25,739,102,59,25,1,-1,-1,-1
43,26,974,144,48,23,1,-1,-1,-1
43,27,954,140,36,18,1,-1,-1,-1
43,33,0,125,40,19,1,-1,-1,-1
43,35,11,115,54,15,1,-1,-1,-1
43,36,30,104,45,13,1,-1,-1,-1
43,37,54,92,41,12,1,-1,-1,-1
43,38,90,75,35,9,1,-1,-1,-1
43,39,83,146,60,17,1,-1,-1,-1
43,40,99,73,32,9,1,-1,-1,-1
43,41,87,59,45,17,1,-1,-1,-1
43,42,31,71,23,11,1,-1,-1,-1
43,43,15,75,24,13,1,-1,-1,-1
44,0,650,316,66,65,1,-1,-1,-1
44,1,590,196,35,32,1,-1,-1,-1
44,2,352,271,49,71,1,-1,-1,-1
44,3,410,202,28,38,1,-1,-1,-1
44,4,543,119,22,17,1,-1,-1,-1
44,5,569,113,19,17,1,-1,-1,-1
44,6,489,82,18,15,1,-1,-1,-1
44,7,528,100,19,15,1,-1,-1,-1
44,8,551,98,20,15,1,-1,-1,-1
44,9,566,92,20,13,1,-1,-1,-1
44,10,630,101,26,17,1,-1,-1,-1
44,11,535,86,19,13,1,-1,-1,-1
44,12,527,77,14,13,1,-1,-1,-1
44,13,543,71,15,11,1,-1,-1,-1
44,14,510,82,16,17,1,-1,-1,-1
44,15,478,69,14,13,1,-1,-1,-1
44,16,512,63,13,11,1,-1,-1,-1
44,17,495,63,18,19,1,-1,-1,-1
44,18,522,50,19,19,1,-1,-1,-1
44,19,912,148,41,27,1,-1,-1,-1
44,20,833,154,41,21,1,-1,-1,-1
44,21,812,144,44,22,1,-1,-1,-1
44,22,792,140,35,17,1,-1,-1,-1
44,23,774,133,39,15,1,-1,-1,-1
44,24,758,115,43,15,1,-1,-1,-1
44,25,740,102,55,26,1,-1,-1,-1
44,26,975,144,45,23,1,-1,-1,-1
44,27,956,140,35,19,1,-1,-1,-1
44,33,0,125,39,19,1,-1,-1,-1
44,35,10,115,53,15,1,-1,-1,-1
44,36,30,104,45,13,1,-1,-1,-1
44,37,53,92,40,13,1,-1,-1,-1
44,38,88,75,35,9,1,-1,-1,-1
44,39,82,146,60,17,1,-1,-1,-1
44,40,99,73,32,9,1,-1,-1,-1
44,41,87,59,45,17,1,-1,-1,-1
44,42,31,71,23,11,1,-1,-1,-1
44,43,15,75,24,13,1,-1,-1,-1
45,0,650,314,65,65,1,-1,-1,-1
45,1,591,196,32,30,1,-1,-1,-1
45,2,351,283,48,69,1,-1,-1,-1
45,3,408,206,28,38,1,-1,-1,-1
45,4,542,119,22,17,1,-1,-1,-1
45,5,569,113,19,17,1,-1,-1,-1
45,6,489,82,18,15,1,-1,-1,-1
45,7,528,100,19,15,1,-1,-1,-1
45,8,551,98,20,15,1,-1,-1,-1
45,9,568,92,20,13,1,-1,-1,-1
45,10,629,102,26,17,1,-1,-1,-1
45,11,535,86,19,13,1,-1,-1,-1
45,12,527,77,14,13,1,-1,-1,-1
45,13,542,71,15,11,1,-1,-1,-1
45,14,512,82,16,17,1,-1,-1,-1
45,15,478,69,14,13,1,-1,-1,-1
45,16,510,65,13,11,1,-1,-1,-1
45,17,493,63,18,19,1,-1,-1,-1
45,18,523,51,19,19,1,-1,-1,-1
45,19,912,148,43,25,1,-1,-1,-1
45,20,833,156,43,20,1,-1,-1,-1
45,21,812,144,42,21,1,-1,-1,-1
45,22,795,140,31,17,1,-1,-1,-1
45,23,776,133,36,15,1,-1,-1,-1
45,24,758,117,43,15,1,-1,-1,-1
45,25,740,103,60,25,1,-1,-1,-1
45,26,978,144,45,23,1,-1,-1,-1
45,27,957,140,35,19,1,-1,-1,-1
45,33,0,125,38,19,1,-1,-1,-1
45,35,10,115,53,15,1,-1,-1,-1
45,36,28,106,45,13,1,-1,-1,-1
45,37,53,94,40,13,1,-1,-1,-1
45,38,88,75,35,9,1,-1,-1,-1
45,39,80,146,60,17,1,-1,-1,-1
45,40,97,73,35,9,1,-1,-1,-1
45,41,87,59,47,17,1,-1,-1,-1
45,42,30,71,23,11,1,-1,-1,-1
45,43,14,75,24,13,1,-1,-1,-1
46,0,649,314,65,65,1,-1,-1,-1
46,1,590,194,33,30,1,-1,-1,-1
46,2,347,285,54,72,1,-1,-1,-1
46,3,407,212,28,40,1,-1,-1,-1
46,4,541,118,23,19,1,-1,-1,-1
46,5,569,112,21,19,1,-1,-1,-1
46,6,488,82,18,15,1,-1,-1,-1
46,7,528,100,19,15,1,-1,-1,-1
46,8,549,98,20,15,1,-1,-1,-1
46,9,566,92,20,13,1,-1,-1,-1
46,10,629,102,26,17,1,-1,-1,-1
46,11,535,86,19,13,1,-1,-1,-1
46,12,526,77,14,13,1,-1,-1,-1
46,13,542,73,15,11,1,-1,-1,-1
46,14,510,82,16,17,1,-1,-1,-1
46,15,478,69,14,13,1,-1,-1,-1
46,16,510,65,13,11,1,-1,-1,-1
46,17,495,63,18,19,1,-1,-1,-1
46,18,522,52,19,19,1,-1,-1,-1
46,19,915,150,41,25,1,-1,-1,-1
46,20,834,157,42,19,1,-1,-1,-1
46,21,811,146,45,20,1,-1,-1,-1
46,22,794,141,36,18,1,-1,-1,-1
46,23,775,133,38,17,1,-1,-1,-1
46,24,758,117,44,15,1,-1,-1,-1
46,25,740,102,54,26,1,-1,-1,-1
46,26,976,144,47,23,1,-1,-1,-1
46,27,957,140,36,17,1,-1,-1,-1
46,33,0,125,38,19,1,-1,-1,-1
46,35,10,115,53,15,1,-1,-1,-1
46,36,28,106,45,13,1,-1,-1,-1
46,37,53,92,40,13,1,-1,-1,-1
46,38,87,75,35,9,1,-1,-1,-1
46,39,79,146,60,17,1,-1,-1,-1
46,40,96,73,36,10,1,-1,-1,-1
46,41,87,59,45,17,1,-1,-1,-1
46,42,31,73,23,11,1,-1,-1,-1
46,43,14,75,24,13,1,-1,-1,-1
47,0,648,315,64,61,1,-1,-1,-1
47,1,589,194,35,32,1,-1,-1,-1
47,2,343,292,55,75,1,-1,-1,-1
47,3,407,214,28,40,1,-1,-1,-1
47,4,541,119,23,19,1,-1,-1,-1
47,5,570,114,19,17,1,-1,-1,-1
47,6,488,82,18,15,1,-1,-1,-1
47,7,528,100,19,15,1,-1,-1,-1
47,8,549,98,20,15,1,-1,-1,-1
47,9,566,92,20,13,1,-1,-1,-1
47,10,630,100,26,17,1,-1,-1,-1
47,11,535,86,19,13,1,-1,-1,-1
47,12,526,77,14,13,1,-1,-1,-1
47,13,542,73,15,11,1,-1,-1,-1
47,14,510,82,16,17,1,-1,-1,-1
47,15,478,69,14,13,1,-1,-1,-1
47,16,511,64,13,11,1,-1,-1,-1
47,17,495,63,18,19,1,-1,-1,-1
47,18,522,52,19,19,1,-1,-1,-1
47,19,918,152,38,24,1,-1,-1,-1
47,20,834,157,43,19,1,-1,-1,-1
47,21,813,146,44,21,1,-1,-1,-1
47,22,795,140,36,17,1,-1,-1,-1
47,23,776,134,39,15,1,-1,-1,-1
47,24,760,117,44,15,1,-1,-1,-1
47,25,740,102,57,25,1,-1,-1,-1
47,26,978,146,45,23,1,-1,-1,-1
47,27,959,140,35,19,1,-1,-1,-1
47,33,0,125,37,19,1,-1,-1,-1
47,35,9,115,53,15,1,-1,-1,-1
47,36,27,106,45,13,1,-1,-1,-1
47,37,53,94,40,13,1,-1,-1,-1
47,38,87,75,35,9,1,-1,-1,-1
47,39,78,146,60,17,1,-1,-1,-1
47,40,96,73,35,10,1,-1,-1,-1
47,41,87,59,45,17,1,-1,-1,-1
47,42,26,72,23,11,1,-1,-1,-1
47,43,14,75,24,13,1,-1,-1,-1
48,0,646,310,62,63,1,-1,-1,-1
48,1,589,192,33,30,1,-1,-1,-1
48,2,338,299,56,75,1,-1,-1,-1
48,3,404,217,32,43,1,-1,-1,-1
48,4,540,119,23,19,1,-1,-1,-1
48,5,570,113,19,17,1,-1,-1,-1
48,6,488,82,18,15,1,-1,-1,-1
48,7,528,101,19,15,1,-1,-1,-1
48,8,549,98,20,15,1,-1,-1,-1
48,9,566,92,20,13,1,-1,-1,-1
48,10,630,102,26,17,1,-1,-1,-1
48,11,535,86,19,13,1,-1,-1,-1
48,12,526,77,14,13,1,-1,-1,-1
48,13,542,73,15,11,1,-1,-1,-1
48,14,509,82,16,17,1,-1,-1,-1
48,15,478,69,14,13,1,-1,-1,-1
48,16,510,63,13,11,1,-1,-1,-1
48,17,495,63,18,19,1,-1,-1,-1
48,18,522,53,19,19,1,-1,-1,-1
48,19,917,150,38,25,1,-1,-1,-1
48,20,835,158,43,19,1,-1,-1,-1
48,21,813,146,46,21,1,-1,-1,-1
48,22,795,141,34,18,1,-1,-1,-1
48,23,775,134,39,16,1,-1,-1,-1
48,24,760,117,43,15,1,-1,-1,-1
48,25,740,103,58,25,1,-1,-1,-1
48,26,979,146,44,23,1,-1,-1,-1
48,27,959,142,36,19,1,-1,-1,-1
48,33,0,125,35,19,1,-1,-1,-1
48,35,7,115,53,15,1,-1,-1,-1
48,36,27,106,45,13,1,-1,-1,-1
48,37,52,94,40,13,1,-1,-1,-1
48,38,87,77,35,9,1,-1,-1,-1
48,39,78,146,60,17,1,-1,-1,-1
48,40,96,73,34,10,1,-1,-1,-1
48,41,86,59,45,17,1,-1,-1,-1
48,42,26,71,23,11,1,-1,-1,-1
48,43,14,75,24,13,1,-1,-1,-1
49,0,646,312,61,61,1,-1,-1,-1
49,1,589,192,33,30,1,-1,-1,-1
49,2,334,307,59,79,1,-1,-1,-1
49,3,405,221,30,44,1,-1,-1,-1
49,4,540,119,23,19,1,-1,-1,-1
49,5,570,114,19,17,1,-1,-1,-1
49,6,488,82,18,15,1,-1,-1,-1
49,7,527,100,19,15,1,-1,-1,-1
49,8,549,98,20,15,1,-1,-1,-1
49,9,565,92,20,13,1,-1,-1,-1
49,10,630,102,26,17,1,-1,-1,-1
49,11,534,86,19,13,1,-1,-1,-1
49,12,526,78,14,13,1,-1,-1,-1
49,13,540,73,15,11,1,-1,-1,-1
49,14,511,83,16,17,1,-1,-1,-1
49,15,476,69,14,13,1,-1,-1,-1
49,16,509,63,13,11,1,-1,-1,-1
49,17,495,63,18,19,1,-1,-1,-1
49,18,522,52,19,19,1,-1,-1,-1
49,19,920,152,36,23,1,-1,-1,-1
49,20,835,158,43,20,1,-1,-1,-1
49,21,815,146,46,22,1,-1,-1,-1
49,22,795,141,35,19,1,-1,-1,-1
49,23,782,134,32,16,1,-1,-1,-1
49,24,761,117,43,15,1,-1,-1,-1
49,25,740,104,57,25,1,-1,-1,-1
49,26,978,146,45,23,1,-1,-1,-1
49,27,959,142,36,19,1,-1,-1,-1
49,35,6,117,53,15,1,-1,-1,-1
49,36,26,106,45,13,1,-1,-1,-1
49,37,50,94,40,13,1,-1,-1,-1
49,38,87,77,35,9,1,-1,-1,-1
49,39,77,148,60,17,1,-1,-1,-1
49,40,96,73,34,11,1,-1,-1,-1
49,41,84,59,45,17,1,-1,-1,-1
49,43,14,75,24,13,1,-1,-1,-1
50,0,646,308,61,61,1,-1,-1,-1
50,1,589,192,32,30,1,-1,-1,-1
50,2,331,312,60,81,1,-1,-1,-1
50,3,403,229,28,38,1,-1,-1,-1
50,4,540,119,23,19,1,-1,-1,-1
50,5,569,114,19,17,1,-1,-1,-1
50,6,488,82,18,15,1,-1,-1,-1
50,7,527,100,19,15,1,-1,-1,-1
50,8,549,98,20,15,1,-1,-1,-1
50,9,566,92,20,13,1,-1,-1,-1
50,10,630,102,26,17,1,-1,-1,-1
50,11,534,86,19,13,1,-1,-1,-1
50,12,526,77,14,13,1,-1,-1,-1
50,13,540,71,15,11,1,-1,-1,-1
50,14,510,82,16,17,1,-1,-1,-1
50,15,478,69,14,13,1,-1,-1,-1
50,16,509,63,13,11,1,-1,-1,-1
50,17,493,63,18,19,1,-1,-1,-1
50,18,521,52,19,19,1,-1,-1,-1
50,19,920,150,37,24,1,-1,-1,-1
50,20,836,158,43,20,1,-1,-1,-1
50,21,815,146,45,21,1,-1,-1,-1
50,22,795,142,35,16,1,-1,-1,-1
50,23,775,136,39,15,1,-1,-1,-1
50,24,761,118,43,15,1,-1,-1,-1
50,25,740,104,57,24,1,-1,-1,-1
50,26,982,146,41,23,1,-1,-1,-1
50,27,961,142,35,17,1,-1,-1,-1
50,35,5,117,53,15,1,-1,-1,-1
50,36,24,106,45,13,1,-1,-1,-1
50,37,49,94,42,11,1,-1,-1,-1
50,38,84,77,35,9,1,-1,-1,-1
50,39,74,148,60,17,1,-1,-1,-1
50,40,95,73,34,11,1,-1,-1,-1
50,41,84,59,47,17,1,-1,-1,-1
50,43,14,75,24,13,1,-1,-1,-1
51,0,642,306,66,65,1,-1,-1,-1
51,1,586,190,31,28,1,-1,-1,-1
51,2,328,319,57,88,1,-1,-1,-1
51,3,401,229,34,47,1,-1,-1,-1
51,4,540,119,23,19,1,-1,-1,-1
51,5,569,113,19,17,1,-1,-1,-1
51,6,488,82,18,15,1,-1,-1,-1
51,7,527,102,18,13,1,-1,-1,-1
51,8,548,98,20,15,1,-1,-1,-1
51,9,565,92,20,13,1,-1,-1,-1
51,10,630,102,26,17,1,-1,-1,-1
51,11,532,86,19,13,1,-1,-1,-1
51,12,526,77,14,13,1,-1,-1,-1
51,13,539,71,15,11,1,-1,-1,-1
51,14,509,82,16,17,1,-1,-1,-1
51,15,476,69,14,13,1,-1,-1,-1
51,16,509,63,14,11,1,-1,-1,-1
51,17,493,61,18,19,1,-1,-1,-1
51,18,521,52,19,19,1,-1,-1,-1
51,19,923,152,35,25,1,-1,-1,-1
51,20,837,158,42,19,1,-1,-1,-1
51,21,815,146,45,23,1,-1,-1,-1
51,22,796,142,33,16,1,-1,-1,-1
51,23,778,134,39,17,1,-1,-1,-1
51,24,761,117,44,15,1,-1,-1,-1
51,25,741,104,56,26,1,-1,-1,-1
51,26,981,146,42,24,1,-1,-1,-1
51,27,961,142,36,19,1,-1,-1,-1
51,35,5,117,53,15,1,-1,-1,-1
51,36,23,106,45,13,1,-1,-1,-1
51,37,49,94,41,11,1,-1,-1,-1
51,38,86,77,35,9,1,-1,-1,-1
51,39,74,148,60,17,1,-1,-1,-1
51,40,95,73,35,10,1,-1,-1,-1
51,41,83,59,45,17,1,-1,-1,-1
51,43,13,77,24,13,1,-1,-1,-1
52,0,643,308,61,61,1,-1,-1,-1
52,1,586,190,32,30,1,-1,-1,-1
52,2,320,326,63,91,1,-1,-1,-1
52,3,400,233,34,46,1,-1,-1,-1
52,4,539,119,23,19,1,-1,-1,-1
52,5,569,113,19,17,1,-1,-1,-1
52,6,488,82,18,15,1,-1,-1,-1
52,7,527,102,19,15,1,-1,-1,-1
52,8,548,98,20,15,1,-1,-1,-1
52,9,565,92,20,13,1,-1,-1,-1
52,10,630,102,26,17,1,-1,-1,-1
52,11,534,86,19,13,1,-1,-1,-1
52,12,525,77,14,13,1,-1,-1,-1
52,13,539,71,15,11,1,-1,-1,-1
52,14,509,82,16,17,1,-1,-1,-1
52,15,476,69,14,13,1,-1,-1,-1
52,16,509,63,13,11,1,-1,-1,-1
52,17,493,63,18,19,1,-1,-1,-1
52,18,521,52,19,19,1,-1,-1,-1
52,19,932,154,29,23,1,-1,-1,-1
52,20,837,159,44,20,1,-1,-1,-1
52,21,816,148,45,22,1,-1,-1,-1
52,22,796,143,36,17,1,-1,-1,-1
52,23,777,136,39,15,1,-1,-1,-1
52,24,762,119,41,15,1,-1,-1,-1
52,25,739,104,54,25,1,-1,-1,-1
52,26,983,146,40,23,1,-1,-1,-1
52,27,962,144,36,17,1,-1,-1,-1
52,35,3,117,53,15,1,-1,-1,-1
52,36,23,106,45,13,1,-1,-1,-1
52,37,49,93,44,14,1,-1,-1,-1
52,38,83,77,36,10,1,-1,-1,-1
52,39,74,148,60,17,1,-1,-1,-1
52,40,94,73,34,10,1,-1,-1,-1
52,41,83,59,47,17,1,-1,-1,-1
52,43,13,77,24,13,1,-1,-1,-1
53,0,643,308,60,59,1,-1,-1,-1
53,1,583,189,33,30,1,-1,-1,-1
53,2,317,337,63,91,1,-1,-1,-1
53,3,398,237,34,49,1,-1,-1,-1
53,4,539,119,23,19,1,-1,-1,-1
53,5,569,113,19,17,1,-1,-1,-1
53,6,487,82,18,15,1,-1,-1,-1
53,7,526,100,19,15,1,-1,-1,-1
53,8,548,98,20,15,1,-1,-1,-1
53,9,565,92,20,13,1,-1,-1,-1
53,10,630,102,26,17,1,-1,-1,-1
53,11,532,86,19,13,1,-1,-1,-1
53,12,526,77,14,13,1,-1,-1,-1
53,13,539,71,15,11,1,-1,-1,-1
53,14,509,82,18,17,1,-1,-1,-1
53,15,476,69,14,13,1,-1,-1,-1
53,16,509,63,13,11,1,-1,-1,-1
53,17,493,61,18,19,1,-1,-1,-1
53,18,521,52,19,19,1,-1,-1,-1
53,19,932,154,27,23,1,-1,-1,-1
53,20,838,160,44,19,1,-1,-1,-1
53,21,816,148,44,21,1,-1,-1,-1
53,22,798,144,36,15,1,-1,-1,-1
53,23,778,136,40,15,1,-1,-1,-1
53,24,762,119,43,15,1,-1,-1,-1
53,25,741,106,54,24,1,-1,-1,-1
53,26,983,146,40,23,1,-1,-1,-1
53,27,963,144,36,18,1,-1,-1,-1
53,35,2,117,53,15,1,-1,-1,-1
53,36,22,108,45,13,1,-1,-1,-1
53,37,48,92,44,13,1,-1,-1,-1
53,38,83,77,35,9,1,-1,-1,-1
53,39,73,150,60,17,1,-1,-1,-1
53,40,94,73,34,10,1,-1,-1,-1
53,41,83,61,45,17,1,-1,-1,-1
53,43,11,77,26,13,1,-1,-1,-1
54,0,642,308,56,55,1,-1,-1,-1
54,1,583,189,35,32,1,-1,-1,-1
54,2,310,347,65,94,1,-1,-1,-1
54,3,396,244,34,48,1,-1,-1,-1
54,4,539,119,23,19,1,-1,-1,-1
54,5,568,113,19,17,1,-1,-1,-1
54,6,487,82,18,15,1,-1,-1,-1
54,7,526,102,19,15,1,-1,-1,-1
54,8,548,98,20,15,1,-1,-1,-1
54,9,565,92,20,13,1,-1,-1,-1
54,10,630,104,26,17,1,-1,-1,-1
54,11,531,86,19,13,1,-1,-1,-1
54,12,523,77,14,13,1,-1,-1,-1
54,13,539,71,15,11,1,-1,-1,-1
54,14,508,82,16,17,1,-1,-1,-1
54,15,475,69,14,13,1,-1,-1,-1
54,16,508,63,13,11,1,-1,-1,-1
54,17,492,61,18,19,1,-1,-1,-1
54,18,519,52,19,19,1,-1,-1,-1
54,19,933,154,28,23,1,-1,-1,-1
54,20,839,160,43,19,1,-1,-1,-1
54,21,816,148,44,21,1,-1,-1,-1
54,22,798,142,36,19,1,-1,-1,-1
54,23,778,136,39,15,1,-1,-1,-1
54,24,761,119,44,15,1,-1,-1,-1
54,25,742,104,61,25,1,-1,-1,-1
54,26,983,148,40,23,1,-1,-1,-1
54,27,963,144,36,18,1,-1,-1,-1
54,35,2,117,53,15,1,-1,-1,-1
54,36,20,108,45,13,1,-1,-1,-1
54,37,47,94,44,13,1,-1,-1,-1
54,38,83,77,35,9,1,-1,-1,-1
54,39,71,148,60,17,1,-1,-1,-1
54,40,92,73,34,10,1,-1,-1,-1
54,41,83,61,45,17,1,-1,-1,-1
54,43,11,77,24,13,1,-1,-1,-1
55,0,641,306,57,57,1,-1,-1,-1
55,1,582,189,35,32,1,-1,-1,-1
55,2,302,353,71,106,1,-1,-1,-1
55,3,394,246,36,52,1,-1,-1,-1
55,4,539,119,23,19,1,-1,-1,-1
55,5,567,113,19,17,1,-1,-1,-1
55,6,487,82,18,15,1,-1,-1,-1
55,7,526,102,19,15,1,-1,-1,-1
55,8,548,98,20,15,1,-1,-1,-1
55,9,565,92,20,13,1,-1,-1,-1
55,10,630,102,26,17,1,-1,-1,-1
55,11,531,86,19,13,1,-1,-1,-1
55,12,525,77,14,13,1,-1,-1,-1
55,13,539,71,15,11,1,-1,-1,-1
55,14,508,82,16,17,1,-1,-1,-1
55,15,475,69,14,13,1,-1,-1,-1
55,16,509,63,13,11,1,-1,-1,-1
55,17,492,63,18,19,1,-1,-1,-1
55,18,519,52,19,19,1,-1,-1,-1
55,19,936,156,28,23,1,-1,-1,-1
55,20,838,160,43,19,1,-1,-1,-1
55,21,817,150,44,21,1,-1,-1,-1
55,22,798,144,35,17,1,-1,-1,-1
55,23,778,136,40,15,1,-1,-1,-1
55,24,761,119,44,15,1,-1,-1,-1
55,25,741,103,64,26,1,-1,-1,-1
55,26,983,148,40,23,1,-1,-1,-1
55,27,965,144,35,17,1,-1,-1,-1
55,35,1,117,53,15,1,-1,-1,-1
55,36,19,108,45,13,1,-1,-1,-1
55,37,47,94,44,13,1,-1,-1,-1
55,38,82,77,35,9,1,-1,-1,-1
55,39,70,150,60,17,1,-1,-1,-1
55,40,91,73,36,10,1,-1,-1,-1
55,41,82,61,45,17,1,-1,-1,-1
55,43,10,77,24,13,1,-1,-1,-1
56,0,641,306,56,55,1,-1,-1,-1
56,1,583,187,33,30,1,-1,-1,-1
56,2,296,366,70,106,1,-1,-1,-1
56,3,394,252,35,50,1,-1,-1,-1
56,4,539,119,23,19,1,-1,-1,-1
56,5,567,113,19,17,1,-1,-1,-1
56,6,485,84,18,15,1,-1,-1,-1
56,7,526,102,19,15,1,-1,-1,-1
56,8,547,98,20,15,1,-1,-1,-1
56,9,564,92,20,13,1,-1,-1,-1
56,10,630,104,26,17,1,-1,-1,-1
56,11,531,86,19,13,1,-1,-1,-1
56,12,523,77,14,13,1,-1,-1,-1
56,13,539,71,15,11,1,-1,-1,-1
56,14,506,82,16,17,1,-1,-1,-1
56,15,475,69,14,13,1,-1,-1,-1
56,16,508,64,13,11,1,-1,-1,-1
56,17,492,61,18,19,1,-1,-1,-1
56,18,518,52,19,19,1,-1,-1,-1
56,19,913,153,49,23,1,-1,-1,-1
56,20,839,160,44,19,1,-1,-1,-1
56,21,817,150,44,21,1,-1,-1,-1
56,22,799,144,35,17,1,-1,-1,-1
56,23,778,136,39,15,1,-1,-1,-1
56,24,761,119,44,15,1,-1,-1,-1
56,25,741,104,53,25,1,-1,-1,-1
56,26,986,148,37,23,1,-1,-1,-1
56,27,966,144,35,17,1,-1,-1,-1
56,28,798,108,38,19,1,-1,-1,-1
56,35,0,117,53,15,1,-1,-1,-1
56,36,18,108,45,13,1,-1,-1,-1
56,37,45,94,44,13,1,-1,-1,-1
56,38,82,77,35,9,1,-1,-1,-1
56,39,69,150,60,17,1,-1,-1,-1
56,40,91,73,35,11,1,-1,-1,-1
56,41,80,61,45,17,1,-1,-1,-1
56,43,10,77,24,13,1,-1,-1,-1
57,0,638,302,58,59,1,-1,-1,-1
57,1,582,187,33,30,1,-1,-1,-1
57,2,289,375,78,114,1,-1,-1,-1
57,3,390,258,36,52,1,-1,-1,-1
57,4,539,121,23,19,1,-1,-1,-1
57,5,565,113,20,18,1,-1,-1,-1
57,6,485,84,18,15,1,-1,-1,-1
57,7,526,102,19,15,1,-1,-1,-1
57,8,547,98,20,15,1,-1,-1,-1
57,9,564,92,20,13,1,-1,-1,-1
57,10,630,104,26,17,1,-1,-1,-1
57,11,531,86,19,13,1,-1,-1,-1
57,12,522,77,14,13,1,-1,-1,-1
57,13,538,71,15,11,1,-1,-1,-1
57,14,505,82,16,17,1,-1,-1,-1
57,15,475,69,14,13,1,-1,-1,-1
57,16,508,63,13,11,1,-1,-1,-1
57,17,492,61,18,19,1,-1,-1,-1
57,18,518,52,19,19,1,-1,-1,-1
57,19,914,154,49,23,1,-1,-1,-1
57,20,841,162,44,19,1,-1,-1,-1
57,21,817,150,44,21,1,-1,-1,-1
57,22,798,146,35,17,1,-1,-1,-1
57,23,778,136,39,15,1,-1,-1,-1
57,24,762,119,43,15,1,-1,-1,-1
57,25,744,104,55,26,1,-1,-1,-1
57,26,987,148,36,23,1,-1,-1,-1
57,27,966,144,33,17,1,-1,-1,-1
57,28,798,108,39,19,1,-1,-1,-1
57,35,0,119,51,15,1,-1,-1,-1
57,36,17,107,48,14,1,-1,-1,-1
57,37,44,94,44,13,1,-1,-1,-1
57,38,80,79,35,9,1,-1,-1,-1
57,39,66,150,60,17,1,-1,-1,-1
57,40,91,73,35,11,1,-1,-1,-1
57,41,80,61,45,17,1,-1,-1,-1
57,43,10,77,24,13,1,-1,-1,-1
58,0,637,302,60,59,1,-1,-1,-1
58,1,582,185,33,32,1,-1,-1,-1
58,2,282,386,78,118,1,-1,-1,-1
58,3,388,264,36,54,1,-1,-1,-1
58,4,539,121,23,19,1,-1,-1,-1
58,5,565,113,21,18,1,-1,-1,-1
58,6,485,84,18,15,1,-1,-1,-1
58,7,526,102,19,15,1,-1,-1,-1
58,8,547,98,20,15,1,-1,-1,-1
58,9,562,92,20,13,1,-1,-1,-1
58,10,630,105,26,17,1,-1,-1,-1
58,11,531,86,19,13,1,-1,-1,-1
58,12,523,77,14,13,1,-1,-1,-1
58,13,537,72,17,12,1,-1,-1,-1
58,14,508,83,16,17,1,-1,-1,-1
58,15,476,70,14,13,1,-1,-1,-1
58,16,506,63,13,11,1,-1,-1,-1
58,17,491,61,18,19,1,-1,-1,-1
58,18,518,52,19,19,1,-1,-1,-1
58,19,915,154,48,23,1,-1,-1,-1
58,20,842,163,43,19,1,-1,-1,-1
58,21,817,150,44,21,1,-1,-1,-1
58,22,799,144,35,17,1,-1,-1,-1
58,23,779,137,39,18,1,-1,-1,-1
58,24,764,121,44,15,1,-1,-1,-1
58,25,742,106,54,25,1,-1,-1,-1
58,26,987,149,36,24,1,-1,-1,-1
58,27,966,144,37,20,1,-1,-1,-1
58,28,799,109,37,19,1,-1,-1,-1
58,35,0,119,49,15,1,-1,-1,-1
58,36,16,106,47,15,1,-1,-1,-1
58,37,44,94,44,13,1,-1,-1,-1
58,38,79,79,36,10,1,-1,-1,-1
58,39,66,152,62,18,1,-1,-1,-1
58,40,91,74,35,10,1,-1,-1,-1
58,41,79,61,45,17,1,-1,-1,-1
58,43,9,77,24,13,1,-1,-1,-1
59,0,636,300,60,59,1,-1,-1,-1
59,1,581,183,33,32,1,-1,-1,-1
59,2,275,397,82,123,1,-1,-1,-1
59,3,387,271,36,52,1,-1,-1,-1
59,4,539,121,23,19,1,-1,-1,-1
59,5,565,113,21,19,1,-1,-1,-1
59,6,484,84,18,15,1,-1,-1,-1
59,7,525,102,19,15,1,-1,-1,-1
59,8,547,98,19,15,1,-1,-1,-1
59,9,564,92,20,13,1,-1,-1,-1
59,10,629,104,26,17,1,-1,-1,-1
59,11,531,86,19,13,1,-1,-1,-1
59,12,522,77,14,13,1,-1,-1,-1
59,13,536,71,16,11,1,-1,-1,-1
59,14,508,82,15,17,1,-1,-1,-1
59,15,475,69,14,13,1,-1,-1,-1
59,16,506,63,13,11,1,-1,-1,-1
59,17,491,61,18,19,1,-1,-1,-1
59,18,518,52,19,19,1,-1,-1,-1
59,19,916,154,49,23,1,-1,-1,-1
59,20,841,162,44,19,1,-1,-1,-1
59,21,818,152,44,21,1,-1,-1,-1
59,22,799,146,35,17,1,-1,-1,-1
59,23,778,136,39,17,1,-1,-1,-1
59,24,764,121,44,15,1,-1,-1,-1
59,25,744,106,56,25,1,-1,-1,-1
59,26,987,148,36,23,1,-1,-1,-1
59,27,966,144,36,19,1,-1,-1,-1
59,28,799,109,37,19,1,-1,-1,-1
59,35,0,119,49,15,1,-1,-1,-1
59,36,14,106,47,15,1,-1,-1,-1
59,37,44,94,44,13,1,-1,-1,-1
59,38,78,79,36,9,1,-1,-1,-1
59,39,65,152,61,17,1,-1,-1,-1
59,40,88,73,36,11,1,-1,-1,-1
59,41,78,61,44,17,1,-1,-1,-1
59,43,10,77,23,15,1,-1,-1,-1
60,0,633,298,64,63,1,-1,-1,-1
60,1,581,183,33,32,1,-1,-1,-1
60,2,266,411,84,128,1,-1,-1,-1
60,3,385,277,38,55,1,-1,-1,-1
60,4,539,121,23,19,1,-1,-1,-1
60,5,565,113,20,19,1,-1,-1,-1
60,6,485,84,18,15,1,-1,-1,-1
60,7,526,102,19,15,1,-1,-1,-1
60,8,548,98,19,15,1,-1,-1,-1
60,9,563,92,20,13,1,-1,-1,-1
60,10,629,104,26,17,1,-1,-1,-1
60,11,531,86,19,13,1,-1,-1,-1
60,12,522,77,14,13,1,-1,-1,-1
60,13,536,73,16,11,1,-1,-1,-1
60,14,508,82,15,17,1,-1,-1,-1
60,15,476,69,14,13,1,-1,-1,-1
60,16,506,63,13,11,1,-1,-1,-1
60,17,491,61,18,19,1,-1,-1,-1
60,18,518,52,19,19,1,-1,-1,-1
60,19,914,154,52,26,1,-1,-1,-1
60,20,842,163,43,19,1,-1,-1,-1
60,21,818,152,44,21,1,-1,-1,-1
60,22,799,146,35,17,1,-1,-1,-1
60,23,781,138,39,17,1,-1,-1,-1
60,24,765,121,44,15,1,-1,-1,-1
60,25,744,106,47,23,1,-1,-1,-1
60,26,990,150,33,23,1,-1,-1,-1
60,27,967,144,36,19,1,-1,-1,-1
60,28,799,109,37,19,1,-1,-1,-1
60,35,0,119,48,15,1,-1,-1,-1
60,36,14,106,47,15,1,-1,-1,-1
60,37,43,94,44,13,1,-1,-1,-1
60,38,78,79,36,9,1,-1,-1,-1
60,39,65,152,61,17,1,-1,-1,-1
60,40,88,73,35,12,1,-1,-1,-1
60,41,78,61,44,17,1,-1,-1,-1
60,43,10,77,23,15,1,-1,-1,-1
61,0,634,301,61,57,1,-1,-1,-1
61,1,581,183,33,32,1,-1,-1,-1
61,2,258,425,88,114,1,-1,-1,-1
61,3,382,282,41,61,1,-1,-1,-1
61,4,539,121,23,19,1,-1,-1,-1
61,5,565,113,20,19,1,-1,-1,-1
61,6,485,84,18,15,1,-1,-1,-1
61,7,525,102,19,15,1,-1,-1,-1
61,8,547,98,19,15,1,-1,-1,-1
61,9,562,92,19,13,1,-1,-1,-1
61,10,630,106,24,17,1,-1,-1,-1
61,11,531,86,19,13,1,-1,-1,-1
61,12,522,77,14,13,1,-1,-1,-1
61,13,536,73,16,11,1,-1,-1,-1
61,14,506,82,15,17,1,-1,-1,-1
61,15,476,69,14,13,1,-1,-1,-1
61,16,506,63,13,11,1,-1,-1,-1
61,17,491,61,18,19,1,-1,-1,-1
61,18,518,52,19,19,1,-1,-1,-1
61,19,915,154,50,25,1,-1,-1,-1
61,20,842,163,44,19,1,-1,-1,-1
61,21,821,152,44,21,1,-1,-1,-1
61,22,801,146,35,17,1,-1,-1,-1
61,23,781,138,39,17,1,-1,-1,-1
61,24,765,121,44,15,1,-1,-1,-1
61,25,744,106,47,23,1,-1,-1,-1
61,26,991,150,32,23,1,-1,-1,-1
61,27,969,144,36,19,1,-1,-1,-1
61,28,800,109,37,19,1,-1,-1,-1
61,35,0,119,47,15,1,-1,-1,-1
61,36,14,106,47,15,1,-1,-1,-1
61,37,43,94,44,13,1,-1,-1,-1
61,38,78,79,35,9,1,-1,-1,-1
61,39,64,154,61,17,1,-1,-1,-1
61,40,90,75,35,9,1,-1,-1,-1
61,41,77,61,44,17,1,-1,-1,-1
61,43,9,77,23,15,1,-1,-1,-1
62,0,636,300,59,58,1,-1,-1,-1
62,1,582,183,31,30,1,-1,-1,-1
62,2,250,435,88,104,1,-1,-1,-1
62,3,380,287,41,62,1,-1,-1,-1
62,4,539,121,23,19,1,-1,-1,-1
62,5,565,113,20,19,1,-1,-1,-1
62,6,485,84,18,15,1,-1,-1,-1
62,7,526,102,19,15,1,-1,-1,-1
62,8,547,98,19,15,1,-1,-1,-1
62,9,564,92,19,13,1,-1,-1,-1
62,10,630,104,26,17,1,-1,-1,-1
62,11,531,86,19,13,1,-1,-1,-1
62,12,523,77,14,13,1,-1,-1,-1
62,13,536,73,16,11,1,-1,-1,-1
62,14,508,82,15,17,1,-1,-1,-1
62,15,476,69,14,13,1,-1,-1,-1
62,16,505,63,14,11,1,-1,-1,-1
62,17,491,61,18,19,1,-1,-1,-1
62,18,518,52,19,19,1,-1,-1,-1
62,19,919,158,52,25,1,-1,-1,-1
62,20,845,163,43,19,1,-1,-1,-1
62,21,821,152,44,21,1,-1,-1,-1
62,22,801,148,35,17,1,-1,-1,-1
62,23,782,138,37,17,1,-1,-1,-1
62,24,765,121,44,15,1,-1,-1,-1
62,25,747,106,44,21,1,-1,-1,-1
62,26,992,150,31,23,1,-1,-1,-1
62,27,970,146,36,19,1,-1,-1,-1
62,28,801,109,37,19,1,-1,-1,-1
62,35,0,120,47,15,1,-1,-1,-1
62,36,14,106,47,15,1,-1,-1,-1
62,37,43,94,44,13,1,-1,-1,-1
62,38,78,79,35,9,1,-1,-1,-1
62,39,61,154,61,17,1,-1,-1,-1
62,40,88,73,36,12,1,-1,-1,-1
62,41,78,61,44,17,1,-1,-1,-1
62,43,10,77,23,15,1,-1,-1,-1
62,44,38,174,67,23,1,-1,-1,-1
62,45,47,162,69,21,1,-1,-1,-1
63,0,634,299,58,56,1,-1,-1,-1
63,1,582,183,31,30,1,-1,-1,-1
63,2,248,451,88,88,1,-1,-1,-1
63,3,378,295,42,63,1,-1,-1,-1
63,4,539,121,23,19,1,-1,-1,-1
63,5,565,113,20,19,1,-1,-1,-1
63,6,485,84,18,15,1,-1,-1,-1
63,7,526,102,19,15,1,-1,-1,-1
63,8,547,98,19,15,1,-1,-1,-1
63,9,562,92,19,13,1,-1,-1,-1
63,10,632,106,26,17,1,-1,-1,-1
63,11,531,86,19,13,1,-1,-1,-1
63,12,522,77,14,13,1,-1,-1,-1
63,13,536,73,16,11,1,-1,-1,-1
63,14,508,82,15,17,1,-1,-1,-1
63,15,476,69,14,13,1,-1,-1,-1
63,16,506,63,14,11,1,-1,-1,-1
63,17,492,61,18,19,1,-1,-1,-1
63,18,518,52,19,19,1,-1,-1,-1
63,19,919,158,53,27,1,-1,-1,-1
63,20,846,165,43,19,1,-1,-1,-1
63,21,822,152,44,21,1,-1,-1,-1
63,22,802,146,36,19,1,-1,-1,-1
63,23,782,138,39,17,1,-1,-1,-1
63,24,768,121,44,15,1,-1,-1,-1
63,25,747,106,55,24,1,-1,-1,-1
63,26,993,152,30,23,1,-1,-1,-1
63,27,971,146,36,19,1,-1,-1,-1
63,28,804,109,37,19,1,-1,-1,-1
63,35,0,120,49,15,1,-1,-1,-1
63,36,13,106,47,15,1,-1,-1,-1
63,37,41,94,44,13,1,-1,-1,-1
63,38,78,79,36,9,1,-1,-1,-1
63,39,61,154,61,17,1,-1,-1,-1
63,40,88,73,35,9,1,-1,-1,-1
63,41,78,61,44,17,1,-1,-1,-1
63,43,9,77,23,15,1,-1,-1,-1
63,44,36,175,67,23,1,-1,-1,-1
63,45,45,162,70,21,1,-1,-1,-1
64,0,634,299,60,57,1,-1,-1,-1
64,1,581,182,31,31,1,-1,-1,-1
64,2,245,467,83,72,1,-1,-1,-1
64,3,376,300,43,68,1,-1,-1,-1
64,4,539,121,23,19,1,-1,-1,-1
64,5,565,113,20,19,1,-1,-1,-1
64,6,485,84,18,15,1,-1,-1,-1
64,7,526,102,19,15,1,-1,-1,-1
64,8,548,98,19,15,1,-1,-1,-1
64,9,562,92,19,13,1,-1,-1,-1
64,10,633,106,26,17,1,-1,-1,-1
64,11,531,86,19,13,1,-1,-1,-1
64,12,522,77,14,13,1,-1,-1,-1
64,13,536,71,16,11,1,-1,-1,-1
64,14,508,82,15,17,1,-1,-1,-1
64,15,476,69,14,13,1,-1,-1,-1
64,16,506,63,14,11,1,-1,-1,-1
64,17,492,61,18,19,1,-1,-1,-1
64,18,518,52,19,19,1,-1,-1,-1
64,19,919,156,53,27,1,-1,-1,-1
64,20,846,165,44,19,1,-1,-1,-1
64,21,824,154,44,21,1,-1,-1,-1
64,22,804,148,35,17,1,-1,-1,-1
64,23,782,140,39,17,1,-1,-1,-1
64,24,768,123,44,15,1,-1,-1,-1
64,25,748,106,52,27,1,-1,-1,-1
64,26,996,152,27,23,1,-1,-1,-1
64,27,974,146,36,19,1,-1,-1,-1
64,28,804,111,37,19,1,-1,-1,-1
64,35,0,121,50,16,1,-1,-1,-1
64,36,13,106,47,15,1,-1,-1,-1
64,37,40,94,44,13,1,-1,-1,-1
64,38,78,79,36,9,1,-1,-1,-1
64,39,61,154,61,17,1,-1,-1,-1
64,40,87,73,35,9,1,-1,-1,-1
64,41,78,61,44,17,1,-1,-1,-1
64,43,10,77,23,15,1,-1,-1,-1
64,44,36,175,66,23,1,-1,-1,-1
64,45,47,163,67,21,1,-1,-1,-1
65,0,635,297,59,58,1,-1,-1,-1
65,1,579,181,33,32,1,-1,-1,-1
65,2,247,483,74,56,1,-1,-1,-1
65,3,374,309,45,70,1,-1,-1,-1
65,4,539,121,23,19,1,-1,-1,-1
65,5,565,113,20,19,1,-1,-1,-1
65,6,485,84,18,15,1,-1,-1,-1
65,7,526,102,19,15,1,-1,-1,-1
65,8,548,98,19,15,1,-1,-1,-1
65,9,564,92,19,13,1,-1,-1,-1
65,10,633,106,26,17,1,-1,-1,-1
65,11,531,86,19,13,1,-1,-1,-1
65,12,522,75,14,13,1,-1,-1,-1
65,13,536,71,16,11,1,-1,-1,-1
65,14,508,82,15,17,1,-1,-1,-1
65,15,476,69,14,13,1,-1,-1,-1
65,16,506,63,13,11,1,-1,-1,-1
65,17,492,61,18,19,1,-1,-1,-1
65,18,518,52,19,19,1,-1,-1,-1
65,19,923,156,50,25,1,-1,-1,-1
65,20,848,165,44,19,1,-1,-1,-1
65,21,825,154,48,21,1,-1,-1,-1
65,22,804,148,35,17,1,-1,-1,-1
65,23,786,140,39,17,1,-1,-1,-1
65,24,770,123,44,15,1,-1,-1,-1
65,25,748,106,56,27,1,-1,-1,-1
65,26,997,152,26,23,1,-1,-1,-1
65,27,975,146,36,19,1,-1,-1,-1
65,28,804,111,37,19,1,-1,-1,-1
65,35,0,121,49,15,1,-1,-1,-1
65,36,13,106,47,15,1,-1,-1,-1
65,37,41,94,44,13,1,-1,-1,-1
65,38,77,79,36,9,1,-1,-1,-1
65,39,61,154,61,17,1,-1,-1,-1
65,40,88,73,35,9,1,-1,-1,-1
65,41,78,61,44,17,1,-1,-1,-1
65,43,10,77,23,15,1,-1,-1,-1
65,44,36,175,70,23,1,-1,-1,-1
65,45,45,163,72,19,1,-1,-1,-1
66,0,633,297,59,58,1,-1,-1,-1
66,1,581,182,31,30,1,-1,-1,-1
66,2,241,499,73,40,1,-1,-1,-1
66,3,371,317,46,70,1,-1,-1,-1
66,4,539,122,24,20,1,-1,-1,-1
66,5,565,113,20,19,1,-1,-1,-1
66,6,485,84,18,15,1,-1,-1,-1
66,7,526,102,19,15,1,-1,-1,-1
66,8,548,98,19,15,1,-1,-1,-1
66,9,564,92,19,13,1,-1,-1,-1
66,10,633,106,27,18,1,-1,-1,-1
66,11,531,86,19,13,1,-1,-1,-1
66,12,522,75,14,13,1,-1,-1,-1
66,13,536,71,16,11,1,-1,-1,-1
66,14,509,82,15,17,1,-1,-1,-1
66,15,476,69,14,13,1,-1,-1,-1
66,16,508,63,13,11,1,-1,-1,-1
66,17,492,61,18,19,1,-1,-1,-1
66,18,518,52,19,19,1,-1,-1,-1
66,19,927,160,52,25,1,-1,-1,-1
66,20,850,167,44,19,1,-1,-1,-1
66,21,825,154,51,21,1,-1,-1,-1
66,22,808,148,33,17,1,-1,-1,-1
66,23,786,140,39,17,1,-1,-1,-1
66,24,770,123,44,15,1,-1,-1,-1
66,25,749,106,53,26,1,-1,-1,-1
66,26,999,154,24,23,1,-1,-1,-1
66,27,976,148,36,19,1,-1,-1,-1
66,28,805,111,37,19,1,-1,-1,-1
66,35,0,121,49,15,1,-1,-1,-1
66,36,13,106,47,15,1,-1,-1,-1
66,37,41,94,44,13,1,-1,-1,-1
66,38,78,79,36,9,1,-1,-1,-1
66,39,61,154,61,17,1,-1,-1,-1
66,40,87,73,36,9,1,-1,-1,-1
66,41,77,61,44,17,1,-1,-1,-1
66,43,10,77,23,15,1,-1,-1,-1
66,44,35,175,72,23,1,-1,-1,-1
66,45,48,163,68,21,1,-1,-1,-1
67,0,635,300,58,52,1,-1,-1,-1
67,1,579,179,33,32,1,-1,-1,-1
67,3,368,324,47,74,1,-1,-1,-1
67,4,539,121,23,19,1,-1,-1,-1
67,5,565,113,20,19,1,-1,-1,-1
67,6,485,84,18,15,1,-1,-1,-1
67,7,526,102,20,15,1,-1,-1,-1
67,8,548,96,19,15,1,-1,-1,-1
67,9,565,92,19,13,1,-1,-1,-1
67,10,634,106,27,17,1,-1,-1,-1
67,11,531,86,19,13,1,-1,-1,-1
67,12,523,75,14,13,1,-1,-1,-1
67,13,536,71,15,11,1,-1,-1,-1
67,14,509,82,15,17,1,-1,-1,-1
67,15,478,69,14,13,1,-1,-1,-1
67,16,506,63,13,11,1,-1,-1,-1
67,17,492,61,18,19,1,-1,-1,-1
67,18,519,52,19,19,1,-1,-1,-1
67,19,926,157,51,25,1,-1,-1,-1
67,20,851,167,44,19,1,-1,-1,-1
67,21,828,154,50,21,1,-1,-1,-1
67,22,808,148,35,17,1,-1,-1,-1
67,23,786,140,39,17,1,-1,-1,-1
67,24,771,123,44,15,1,-1,-1,-1
67,25,752,106,53,25,1,-1,-1,-1
67,26,1000,154,23,23,1,-1,-1,-1
67,27,979,148,36,19,1,-1,-1,-1
67,28,807,111,37,19,1,-1,-1,-1
67,35,0,121,48,15,1,-1,-1,-1
67,36,11,106,47,15,1,-1,-1,-1
67,37,41,94,44,13,1,-1,-1,-1
67,38,78,79,36,9,1,-1,-1,-1
67,39,60,156,61,17,1,-1,-1,-1
67,40,88,73,35,9,1,-1,-1,-1
67,41,78,61,44,17,1,-1,-1,-1
67,43,10,79,23,15,1,-1,-1,-1
67,44,37,176,67,23,1,-1,-1,-1
67,45,44,165,72,21,1,-1,-1,-1
68,0,633,297,60,56,1,-1,-1,-1
68,1,580,180,32,32,1,-1,-1,-1
68,3,367,333,48,77,1,-1,-1,-1
68,4,539,121,23,19,1,-1,-1,-1
68,5,565,113,20,19,1,-1,-1,-1
68,6,487,84,18,15,1,-1,-1,-1
68,7,526,102,19,15,1,-1,-1,-1
68,8,548,96,19,15,1,-1,-1,-1
68,9,565,90,19,13,1,-1,-1,-1
68,10,634,108,26,17,1,-1,-1,-1
68,11,531,86,19,13,1,-1,-1,-1
68,12,525,75,14,13,1,-1,-1,-1
68,13,538,71,16,11,1,-1,-1,-1
68,14,509,82,15,17,1,-1,-1,-1
68,15,479,69,14,13,1,-1,-1,-1
68,16,508,63,13,11,1,-1,-1,-1
68,17,492,61,18,19,1,-1,-1,-1
68,18,518,52,19,19,1,-1,-1,-1
68,19,923,158,52,25,1,-1,-1,-1
68,20,852,167,44,19,1,-1,-1,-1
68,21,828,156,49,21,1,-1,-1,-1
68,22,808,148,35,17,1,-1,-1,-1
68,23,788,142,39,17,1,-1,-1,-1
68,24,774,123,44,15,1,-1,-1,-1
68,25,752,106,54,25,1,-1,-1,-1
68,26,1003,154,20,23,1,-1,-1,-1
68,27,980,148,36,19,1,-1,-1,-1
68,28,808,111,37,19,1,-1,-1,-1
68,35,0,121,48,15,1,-1,-1,-1
68,36,13,106,47,15,1,-1,-1,-1
68,37,41,94,44,13,1,-1,-1,-1
68,38,78,79,36,9,1,-1,-1,-1
68,39,58,154,61,17,1,-1,-1,-1
68,40,88,75,35,9,1,-1,-1,-1
68,41,78,61,44,17,1,-1,-1,-1
68,43,10,79,23,15,1,-1,-1,-1
68,44,33,177,72,23,1,-1,-1,-1
68,45,47,165,68,18,1,-1,-1,-1
69,0,630,289,64,63,1,-1,-1,-1
69,1,578,177,36,34,1,-1,-1,-1
69,3,363,342,50,80,1,-1,-1,-1
69,4,539,123,23,19,1,-1,-1,-1
69,5,566,113,20,19,1,-1,-1,-1
69,6,488,84,18,15,1,-1,-1,-1
69,7,526,102,19,15,1,-1,-1,-1
69,8,548,96,19,15,1,-1,-1,-1
69,9,565,90,19,13,1,-1,-1,-1
69,10,636,106,27,18,1,-1,-1,-1
69,11,531,86,19,13,1,-1,-1,-1
69,12,525,77,14,13,1,-1,-1,-1
69,13,538,71,16,11,1,-1,-1,-1
69,14,509,82,15,17,1,-1,-1,-1
69,15,479,69,14,13,1,-1,-1,-1
69,16,508,61,13,11,1,-1,-1,-1
69,17,492,61,18,19,1,-1,-1,-1
69,18,519,52,19,19,1,-1,-1,-1
69,19,924,158,52,25,1,-1,-1,-1
69,20,854,169,43,19,1,-1,-1,-1
69,21,830,156,49,21,1,-1,-1,-1
69,22,811,150,35,17,1,-1,-1,-1
69,23,788,142,39,17,1,-1,-1,-1
69,24,774,123,44,15,1,-1,-1,-1
69,25,753,106,56,27,1,-1,-1,-1
69,27,983,150,36,19,1,-1,-1,-1
69,28,809,111,37,19,1,-1,-1,-1
69,35,0,121,47,15,1,-1,-1,-1
69,36,11,106,50,18,1,-1,-1,-1
69,37,39,96,46,13,1,-1,-1,-1
69,38,78,81,36,9,1,-1,-1,-1
69,39,59,155,61,17,1,-1,-1,-1
69,40,90,73,35,9,1,-1,-1,-1
69,41,78,61,44,17,1,-1,-1,-1
69,43,10,79,23,15,1,-1,-1,-1
69,44,31,175,73,22,1,-1,-1,-1
69,45,44,165,69,19,1,-1,-1,-1
70,0,631,295,58,57,1,-1,-1,-1
70,1,581,179,30,31,1,-1,-1,-1
70,3,359,351,51,84,1,-1,-1,-1
70,4,539,123,23,19,1,-1,-1,-1
70,5,566,113,20,19,1,-1,-1,-1
70,6,488,82,18,15,1,-1,-1,-1
70,7,526,102,19,15,1,-1,-1,-1
70,8,548,98,19,15,1,-1,-1,-1
70,9,565,90,19,13,1,-1,-1,-1
70,10,637,106,26,17,1,-1,-1,-1
70,11,532,86,19,13,1,-1,-1,-1
70,12,525,75,14,13,1,-1,-1,-1
70,13,538,71,16,11,1,-1,-1,-1
70,14,509,81,15,17,1,-1,-1,-1
70,15,479,71,14,13,1,-1,-1,-1
70,16,509,63,11,11,1,-1,-1,-1
70,17,492,59,18,19,1,-1,-1,-1
70,18,518,50,19,19,1,-1,-1,-1
70,19,927,158,53,25,1,-1,-1,-1
70,20,855,167,43,19,1,-1,-1,-1
70,21,830,156,50,21,1,-1,-1,-1
70,22,812,150,35,17,1,-1,-1,-1
70,23,790,142,39,17,1,-1,-1,-1
70,24,774,125,44,15,1,-1,-1,-1
70,25,753,106,57,28,1,-1,-1,-1
70,27,984,150,36,19,1,-1,-1,-1
70,28,812,113,36,19,1,-1,-1,-1
70,35,0,121,47,15,1,-1,-1,-1
70,36,11,108,47,15,1,-1,-1,-1
70,37,38,95,46,15,1,-1,-1,-1
70,38,78,79,39,11,1,-1,-1,-1
70,39,56,156,66,19,1,-1,-1,-1
70,40,88,73,35,9,1,-1,-1,-1
70,41,78,61,44,17,1,-1,-1,-1
70,43,10,79,23,15,1,-1,-1,-1
70,44,31,175,73,21,1,-1,-1,-1
70,45,45,165,65,17,1,-1,-1,-1
71,0,631,293,57,55,1,-1,-1,-1
71,1,579,179,30,29,1,-1,-1,-1
71,3,356,359,54,90,1,-1,-1,-1
71,4,540,123,23,19,1,-1,-1,-1
71,5,566,113,20,19,1,-1,-1,-1
71,6,488,84,18,15,1,-1,-1,-1
71,7,527,102,19,15,1,-1,-1,-1
71,8,548,96,19,15,1,-1,-1,-1
71,9,565,90,19,13,1,-1,-1,-1
71,10,637,108,26,17,1,-1,-1,-1
71,11,531,84,19,13,1,-1,-1,-1
71,12,525,75,14,13,1,-1,-1,-1
71,13,538,71,16,11,1,-1,-1,-1
71,14,509,82,15,17,1,-1,-1,-1
71,15,479,69,14,13,1,-1,-1,-1
71,16,509,63,10,11,1,-1,-1,-1
71,17,492,59,18,19,1,-1,-1,-1
71,18,519,52,19,19,1,-1,-1,-1
71,19,931,160,52,25,1,-1,-1,-1
71,20,856,167,44,21,1,-1,-1,-1
71,21,833,156,48,21,1,-1,-1,-1
71,22,812,150,35,17,1,-1,-1,-1
71,23,791,142,39,17,1,-1,-1,-1
71,24,777,125,44,15,1,-1,-1,-1
71,25,753,108,57,28,1,-1,-1,-1
71,27,986,150,36,19,1,-1,-1,-1
71,28,812,113,37,19,1,-1,-1,-1
71,35,0,121,47,15,1,-1,-1,-1
71,36,11,106,47,15,1,-1,-1,-1
71,37,41,96,44,13,1,-1,-1,-1
71,38,78,79,36,9,1,-1,-1,-1
71,39,57,156,61,17,1,-1,-1,-1
71,40,88,73,35,9,1,-1,-1,-1
71,41,78,61,44,17,1,-1,-1,-1
71,43,10,79,23,15,1,-1,-1,-1
71,44,28,175,75,23,1,-1,-1,-1
71,45,41,165,71,20,1,-1,-1,-1
72,0,632,291,57,60,1,-1,-1,-1
72,1,581,178,29,28,1,-1,-1,-1
72,3,353,369,54,96,1,-1,-1,-1
72,4,543,123,23,19,1,-1,-1,-1
72,5,568,113,20,19,1,-1,-1,-1
72,6,488,84,18,15,1,-1,-1,-1
72,7,527,102,19,15,1,-1,-1,-1
72,8,548,96,19,15,1,-1,-1,-1
72,9,565,90,19,13,1,-1,-1,-1
72,10,637,108,26,17,1,-1,-1,-1
72,11,532,86,19,13,1,-1,-1,-1
72,12,526,75,14,13,1,-1,-1,-1
72,13,538,69,16,11,1,-1,-1,-1
72,14,509,81,15,17,1,-1,-1,-1
72,15,479,69,14,13,1,-1,-1,-1
72,16,509,63,10,11,1,-1,-1,-1
72,17,493,59,18,19,1,-1,-1,-1
72,18,521,52,18,17,1,-1,-1,-1
72,19,932,160,53,28,1,-1,-1,-1
72,20,858,167,44,21,1,-1,-1,-1
72,21,834,156,48,21,1,-1,-1,-1
72,22,815,152,35,17,1,-1,-1,-1
72,23,792,142,39,17,1,-1,-1,-1
72,24,775,125,46,15,1,-1,-1,-1
72,25,754,108,58,28,1,-1,-1,-1
72,27,988,150,35,19,1,-1,-1,-1
72,28,813,113,36,19,1,-1,-1,-1
72,35,0,121,47,15,1,-1,-1,-1
72,36,11,108,47,15,1,-1,-1,-1
72,37,40,96,44,13,1,-1,-1,-1
72,38,78,79,36,9,1,-1,-1,-1
72,39,57,156,61,17,1,-1,-1,-1
72,40,90,75,35,9,1,-1,-1,-1
72,41,78,61,44,17,1,-1,-1,-1
72,43,11,79,23,15,1,-1,-1,-1
72,44,28,175,74,21,1,-1,-1,-1
72,45,41,165,72,20,1,-1,-1,-1
73,0,633,289,56,57,1,-1,-1,-1
73,1,580,178,31,29,1,-1,-1,-1
73,3,347,382,60,97,1,-1,-1,-1
73,4,543,123,23,19,1,-1,-1,-1
73,5,568,111,20,19,1,-1,-1,-1
73,6,489,82,18,15,1,-1,-1,-1
73,7,528,102,19,15,1,-1,-1,-1
73,8,548,96,19,15,1,-1,-1,-1
73,9,566,90,19,13,1,-1,-1,-1
73,10,638,108,26,17,1,-1,-1,-1
73,11,534,84,19,13,1,-1,-1,-1
73,12,526,75,14,13,1,-1,-1,-1
73,13,539,69,16,11,1,-1,-1,-1
73,14,509,81,15,17,1,-1,-1,-1
73,15,480,69,14,13,1,-1,-1,-1
73,16,509,63,10,11,1,-1,-1,-1
73,17,495,59,18,19,1,-1,-1,-1
73,18,519,50,19,19,1,-1,-1,-1
73,19,932,160,53,25,1,-1,-1,-1
73,20,861,169,44,21,1,-1,-1,-1
73,21,837,158,48,21,1,-1,-1,-1
73,22,816,150,35,17,1,-1,-1,-1
73,23,794,142,39,17,1,-1,-1,-1
73,24,777,125,46,16,1,-1,-1,-1
73,25,756,108,57,28,1,-1,-1,-1
73,27,991,152,32,19,1,-1,-1,-1
73,28,815,113,37,19,1,-1,-1,-1
73,35,0,121,47,15,1,-1,-1,-1
73,36,11,106,47,15,1,-1,-1,-1
73,37,40,96,44,13,1,-1,-1,-1
73,38,78,79,36,9,1,-1,-1,-1
73,39,57,156,61,17,1,-1,-1,-1
73,40,90,73,35,9,1,-1,-1,-1
73,41,78,61,44,17,1,-1,-1,-1
73,43,13,79,23,15,1,-1,-1,-1
73,44,28,177,74,21,1,-1,-1,-1
73,45,41,165,69,19,1,-1,-1,-1
74,0,633,290,56,57,1,-1,-1,-1
74,1,581,177,30,30,1,-1,-1,-1
74,3,343,393,60,105,1,-1,-1,-1
74,4,543,123,23,19,1,-1,-1,-1
74,5,569,113,20,19,1,-1,-1,-1
74,6,488,82,18,15,1,-1,-1,-1
74,7,528,102,19,15,1,-1,-1,-1
74,8,549,96,19,15,1,-1,-1,-1
74,9,566,90,19,13,1,-1,-1,-1
74,10,641,108,26,17,1,-1,-1,-1
74,11,535,84,19,13,1,-1,-1,-1
74,12,526,75,14,13,1,-1,-1,-1
74,13,539,69,18,11,1,-1,-1,-1
74,14,509,81,15,17,1,-1,-1,-1
74,15,480,69,14,13,1,-1,-1,-1
74,16,510,63,10,11,1,-1,-1,-1
74,17,496,59,18,19,1,-1,-1,-1
74,18,522,52,19,19,1,-1,-1,-1
74,19,936,160,53,25,1,-1,-1,-1
74,20,862,169,44,21,1,-1,-1,-1
74,21,836,158,50,22,1,-1,-1,-1
74,22,815,150,41,19,1,-1,-1,-1
74,23,795,142,39,17,1,-1,-1,-1
74,24,781,125,44,15,1,-1,-1,-1
74,25,757,106,61,28,1,-1,-1,-1
74,27,992,152,31,19,1,-1,-1,-1
74,28,817,113,37,19,1,-1,-1,-1
74,35,0,121,47,15,1,-1,-1,-1
74,36,13,108,47,15,1,-1,-1,-1
74,37,41,96,44,13,1,-1,-1,-1
74,38,79,79,38,12,1,-1,-1,-1
74,39,57,156,61,17,1,-1,-1,-1
74,40,91,73,35,9,1,-1,-1,-1
74,41,79,61,45,17,1,-1,-1,-1
74,43,13,79,23,15,1,-1,-1,-1
74,44,27,177,75,23,1,-1,-1,-1
74,45,40,165,74,21,1,-1,-1,-1
75,0,633,288,56,56,1,-1,-1,-1
75,1,581,177,30,29,1,-1,-1,-1
75,3,339,406,63,108,1,-1,-1,-1
75,4,543,123,23,19,1,-1,-1,-1
75,5,569,113,20,19,1,-1,-1,-1
75,6,489,82,18,15,1,-1,-1,-1
75,7,530,102,19,15,1,-1,-1,-1
75,8,551,96,19,15,1,-1,-1,-1
75,9,568,90,19,13,1,-1,-1,-1
75,10,642,109,26,17,1,-1,-1,-1
75,11,535,84,19,13,1,-1,-1,-1
75,12,526,75,14,13,1,-1,-1,-1
75,13,540,69,16,11,1,-1,-1,-1
75,14,510,81,15,17,1,-1,-1,-1
75,15,481,69,14,13,1,-1,-1,-1
75,16,512,61,10,11,1,-1,-1,-1
75,17,496,59,18,19,1,-1,-1,-1
75,18,522,52,18,17,1,-1,-1,-1
75,19,937,162,53,25,1,-1,-1,-1
75,20,864,169,44,21,1,-1,-1,-1
75,21,839,158,49,23,1,-1,-1,-1
75,22,817,150,40,19,1,-1,-1,-1
75,23,798,144,37,17,1,-1,-1,-1
75,24,782,125,44,15,1,-1,-1,-1
75,25,761,109,57,28,1,-1,-1,-1
75,27,996,152,27,19,1,-1,-1,-1
75,28,818,112,37,19,1,-1,-1,-1
75,35,0,121,48,15,1,-1,-1,-1
75,36,13,106,47,15,1,-1,-1,-1
75,37,43,96,44,13,1,-1,-1,-1
75,38,79,81,36,9,1,-1,-1,-1
75,39,57,156,61,17,1,-1,-1,-1
75,40,91,73,35,9,1,-1,-1,-1
75,41,80,61,44,17,1,-1,-1,-1
75,43,14,79,23,16,1,-1,-1,-1
75,44,28,177,74,21,1,-1,-1,-1
75,45,39,165,74,21,1,-1,-1,-1
76,0,633,288,54,56,1,-1,-1,-1
76,1,581,175,31,30,1,-1,-1,-1
76,3,335,417,65,116,1,-1,-1,-1
76,4,543,123,23,19,1,-1,-1,-1
76,5,569,111,20,19,1,-1,-1,-1
76,6,491,82,18,15,1,-1,-1,-1
76,7,531,102,19,15,1,-1,-1,-1
76,8,551,96,19,15,1,-1,-1,-1
76,9,568,90,19,13,1,-1,-1,-1
76,10,642,109,26,17,1,-1,-1,-1
76,11,535,84,19,13,1,-1,-1,-1
76,12,527,75,14,13,1,-1,-1,-1
76,13,539,69,16,11,1,-1,-1,-1
76,14,510,79,15,17,1,-1,-1,-1
76,15,483,69,14,13,1,-1,-1,-1
76,16,512,61,10,11,1,-1,-1,-1
76,17,497,59,18,19,1,-1,-1,-1
76,18,523,51,19,19,1,-1,-1,-1
76,19,940,163,53,25,1,-1,-1,-1
76,20,867,169,44,21,1,-1,-1,-1
76,21,841,158,48,24,1,-1,-1,-1
76,22,817,150,40,20,1,-1,-1,-1
76,23,799,144,39,17,1,-1,-1,-1
76,24,783,127,44,15,1,-1,-1,-1
76,25,761,109,57,28,1,-1,-1,-1
76,27,997,154,26,19,1,-1,-1,-1
76,28,820,113,36,19,1,-1,-1,-1
76,35,0,121,48,15,1,-1,-1,-1
76,36,13,108,47,15,1,-1,-1,-1
76,37,43,96,44,13,1,-1,-1,-1
76,38,80,81,36,9,1,-1,-1,-1
76,39,57,156,63,19,1,-1,-1,-1
76,40,91,75,35,9,1,-1,-1,-1
76,41,80,61,44,17,1,-1,-1,-1
76,43,14,79,23,15,1,-1,-1,-1
76,44,28,177,73,21,1,-1,-1,-1
76,45,37,165,78,21,1,-1,-1,-1
77,0,634,287,56,56,1,-1,-1,-1
77,1,581,176,30,28,1,-1,-1,-1
77,3,327,434,69,105,1,-1,-1,-1
77,4,544,122,23,19,1,-1,-1,-1
77,5,570,113,20,19,1,-1,-1,-1
77,6,492,82,18,15,1,-1,-1,-1
77,7,532,102,19,15,1,-1,-1,-1
77,8,552,96,19,15,1,-1,-1,-1
77,9,569,91,19,13,1,-1,-1,-1
77,10,644,109,26,18,1,-1,-1,-1
77,11,535,86,19,13,1,-1,-1,-1
77,12,528,75,14,13,1,-1,-1,-1
77,13,542,70,16,12,1,-1,-1,-1
77,14,512,79,15,17,1,-1,-1,-1
77,15,482,69,14,13,1,-1,-1,-1
77,16,512,61,10,11,1,-1,-1,-1
77,17,496,59,17,21,1,-1,-1,-1
77,18,524,51,18,19,1,-1,-1,-1
77,19,943,163,53,25,1,-1,-1,-1
77,20,867,171,44,21,1,-1,-1,-1
77,21,842,158,48,22,1,-1,-1,-1
77,22,820,152,41,19,1,-1,-1,-1
77,23,800,144,42,17,1,-1,-1,-1
77,24,783,126,45,18,1,-1,-1,-1
77,25,761,109,58,28,1,-1,-1,-1
77,27,1000,154,23,19,1,-1,-1,-1
77,28,821,113,36,19,1,-1,-1,-1
77,35,0,123,48,15,1,-1,-1,-1
77,36,13,108,49,17,1,-1,-1,-1
77,37,43,96,44,13,1,-1,-1,-1
77,38,80,79,38,11,1,-1,-1,-1
77,39,55,156,66,20,1,-1,-1,-1
77,40,92,73,35,9,1,-1,-1,-1
77,41,80,61,47,17,1,-1,-1,-1
77,43,16,80,18,17,1,-1,-1,-1
77,44,27,177,74,21,1,-1,-1,-1
77,45,37,165,78,21,1,-1,-1,-1
78,0,634,287,53,52,1,-1,-1,-1
78,1,581,175,28,27,1,-1,-1,-1
78,3,325,447,72,92,1,-1,-1,-1
78,4,545,123,23,19,1,-1,-1,-1
78,5,572,112,20,19,1,-1,-1,-1
78,6,492,82,18,15,1,-1,-1,-1
78,7,531,102,19,15,1,-1,-1,-1
78,8,552,97,19,15,1,-1,-1,-1
78,9,569,91,17,13,1,-1,-1,-1
78,10,645,109,24,17,1,-1,-1,-1
78,11,535,84,19,13,1,-1,-1,-1
78,12,527,75,14,13,1,-1,-1,-1
78,13,542,69,15,11,1,-1,-1,-1
78,14,512,79,14,17,1,-1,-1,-1
78,15,481,69,14,13,1,-1,-1,-1
78,16,513,61,10,11,1,-1,-1,-1
78,17,496,59,16,21,1,-1,-1,-1
78,18,523,50,18,19,1,-1,-1,-1
78,19,945,163,53,25,1,-1,-1,-1
78,20,869,171,44,21,1,-1,-1,-1
78,21,843,160,50,23,1,-1,-1,-1
78,22,822,152,40,21,1,-1,-1,-1
78,23,800,144,39,17,1,-1,-1,-1
78,24,783,125,44,17,1,-1,-1,-1
78,25,762,109,57,28,1,-1,-1,-1
78,28,822,113,36,19,1,-1,-1,-1
78,35,0,123,48,15,1,-1,-1,-1
78,36,13,108,49,17,1,-1,-1,-1
78,37,43,96,44,13,1,-1,-1,-1
78,38,79,79,37,11,1,-1,-1,-1
78,39,54,156,66,19,1,-1,-1,-1
78,40,91,73,36,11,1,-1,-1,-1
78,41,79,61,47,17,1,-1,-1,-1
78,43,15,79,21,17,1,-1,-1,-1
78,44,27,177,74,21,1,-1,-1,-1
78,45,35,163,80,21,1,-1,-1,-1
78,56,431,53,14,16,1,-1,-1,-1
79,0,633,283,57,57,1,-1,-1,-1
79,1,582,175,27,25,1,-1,-1,-1
79,3,317,464,75,75,1,-1,-1,-1
79,4,545,123,23,19,1,-1,-1,-1
79,5,572,111,19,19,1,-1,-1,-1
79,6,492,82,18,15,1,-1,-1,-1
79,7,531,102,19,15,1,-1,-1,-1
79,8,552,97,19,15,1,-1,-1,-1
79,9,569,90,19,14,1,-1,-1,-1
79,10,646,109,26,17,1,-1,-1,-1
79,11,536,86,19,13,1,-1,-1,-1
79,12,527,75,14,13,1,-1,-1,-1
79,13,542,69,15,11,1,-1,-1,-1
79,14,512,79,14,17,1,-1,-1,-1
79,15,483,69,14,13,1,-1,-1,-1
79,16,512,61,10,11,1,-1,-1,-1
79,17,496,59,16,21,1,-1,-1,-1
79,18,523,50,18,19,1,-1,-1,-1
79,19,945,163,54,27,1,-1,-1,-1
79,20,869,171,47,23,1,-1,-1,-1
79,21,843,160,50,22,1,-1,-1,-1
79,22,821,152,40,19,1,-1,-1,-1
79,23,801,143,42,18,1,-1,-1,-1
79,24,783,127,44,17,1,-1,-1,-1
79,25,762,109,58,27,1,-1,-1,-1
79,28,823,113,36,19,1,-1,-1,-1
79,35,0,123,47,15,1,-1,-1,-1
79,36,11,108,49,17,1,-1,-1,-1
79,37,43,96,44,13,1,-1,-1,-1
79,38,78,79,39,11,1,-1,-1,-1
79,39,53,156,66,19,1,-1,-1,-1
79,40,91,73,36,11,1,-1,-1,-1
79,41,79,61,47,17,1,-1,-1,-1
79,43,14,79,22,17,1,-1,-1,-1
79,44,26,179,74,21,1,-1,-1,-1
79,45,33,167,78,21,1,-1,-1,-1
79,56,431,52,14,15,1,-1,-1,-1
80,0,633,283,57,57,1,-1,-1,-1
80,1,582,175,27,25,1,-1,-1,-1
80,3,322,479,64,60,1,-1,-1,-1
80,4,545,123,23,19,1,-1,-1,-1
80,5,573,111,19,19,1,-1,-1,-1
80,6,492,82,18,15,1,-1,-1,-1
80,7,531,102,19,15,1,-1,-1,-1
80,8,552,96,19,15,1,-1,-1,-1
80,9,569,90,19,13,1,-1,-1,-1
80,10,646,109,26,17,1,-1,-1,-1
80,11,535,84,19,13,1,-1,-1,-1
80,12,528,75,14,13,1,-1,-1,-1
80,13,542,69,15,11,1,-1,-1,-1
80,14,512,77,14,17,1,-1,-1,-1
80,15,483,69,14,13,1,-1,-1,-1
80,16,512,61,10,11,1,-1,-1,-1
80,17,496,59,16,21,1,-1,-1,-1
80,18,523,50,18,19,1,-1,-1,-1
80,19,946,163,55,28,1,-1,-1,-1
80,20,872,171,44,21,1,-1,-1,-1
80,21,845,160,49,23,1,-1,-1,-1
80,22,822,152,40,19,1,-1,-1,-1
80,23,801,144,41,17,1,-1,-1,-1
80,24,783,127,45,17,1,-1,-1,-1
80,25,764,109,57,28,1,-1,-1,-1
80,28,824,113,38,19,1,-1,-1,-1
80,35,0,123,47,15,1,-1,-1,-1
80,36,11,108,49,17,1,-1,-1,-1
80,37,41,96,44,13,1,-1,-1,-1
80,38,79,79,37,11,1,-1,-1,-1
80,39,53,156,66,19,1,-1,-1,-1
80,40,91,73,37,12,1,-1,-1,-1
80,41,78,61,47,17,1,-1,-1,-1
80,43,14,80,19,17,1,-1,-1,-1
80,44,25,181,74,21,1,-1,-1,-1
80,45,33,167,78,21,1,-1,-1,-1
80,56,431,54,14,15,1,-1,-1,-1
81,0,632,283,56,55,1,-1,-1,-1
81,1,579,175,28,27,1,-1,-1,-1
81,3,317,501,63,38,1,-1,-1,-1
81,4,545,123,23,19,1,-1,-1,-1
81,5,573,111,19,19,1,-1,-1,-1
81,6,492,82,18,15,1,-1,-1,-1
81,7,531,102,19,15,1,-1,-1,-1
81,8,551,94,19,15,1,-1,-1,-1
81,9,566,90,20,15,1,-1,-1,-1
81,10,646,109,26,17,1,-1,-1,-1
81,11,536,85,18,14,1,-1,-1,-1
81,12,529,74,14,13,1,-1,-1,-1
81,13,542,69,15,11,1,-1,-1,-1
81,14,512,79,14,17,1,-1,-1,-1
81,15,483,69,14,13,1,-1,-1,-1
81,16,512,61,10,11,1,-1,-1,-1
81,17,496,57,16,21,1,-1,-1,-1
81,18,523,50,18,19,1,-1,-1,-1
81,19,948,163,54,27,1,-1,-1,-1
81,20,870,172,46,21,1,-1,-1,-1
81,21,845,160,49,23,1,-1,-1,-1
81,22,822,152,42,20,1,-1,-1,-1
81,23,803,144,39,19,1,-1,-1,-1
81,24,786,127,47,17,1,-1,-1,-1
81,25,765,109,57,28,1,-1,-1,-1
81,28,826,115,36,18,1,-1,-1,-1
81,35,0,123,45,15,1,-1,-1,-1
81,36,10,108,49,17,1,-1,-1,-1
81,37,40,96,44,13,1,-1,-1,-1
81,38,78,79,39,11,1,-1,-1,-1
81,39,52,158,66,19,1,-1,-1,-1
81,40,90,73,37,12,1,-1,-1,-1
81,41,78,61,47,17,1,-1,-1,-1
81,43,13,79,19,17,1,-1,-1,-1
81,44,23,179,76,25,1,-1,-1,-1
81,45,35,169,75,21,1,-1,-1,-1
81,56,431,55,14,15,1,-1,-1,-1
82,0,633,283,53,54,1,-1,-1,-1
82,1,579,173,30,28,1,-1,-1,-1
82,4,544,123,23,19,1,-1,-1,-1
82,5,572,111,19,19,1,-1,-1,-1
82,6,492,81,18,15,1,-1,-1,-1
82,7,531,100,19,15,1,-1,-1,-1
82,8,551,96,19,15,1,-1,-1,-1
82,9,568,88,19,13,1,-1,-1,-1
82,10,646,109,26,17,1,-1,-1,-1
82,11,535,84,18,13,1,-1,-1,-1
82,12,526,75,14,13,1,-1,-1,-1
82,13,540,69,15,11,1,-1,-1,-1
82,14,510,77,14,17,1,-1,-1,-1
82,15,483,69,14,13,1,-1,-1,-1
82,16,512,61,10,11,1,-1,-1,-1
82,17,495,57,16,21,1,-1,-1,-1
82,18,523,50,18,19,1,-1,-1,-1
82,19,949,163,54,27,1,-1,-1,-1
82,20,871,171,46,22,1,-1,-1,-1
82,21,846,160,49,23,1,-1,-1,-1
82,22,824,152,40,21,1,-1,-1,-1
82,23,804,146,39,17,1,-1,-1,-1
82,24,786,127,47,17,1,-1,-1,-1
82,25,764,109,59,29,1,-1,-1,-1
82,28,826,115,38,19,1,-1,-1,-1
82,35,0,123,44,15,1,-1,-1,-1
82,36,9,108,49,17,1,-1,-1,-1
82,37,40,96,44,13,1,-1,-1,-1
82,38,75,79,40,11,1,-1,-1,-1
82,39,52,158,65,19,1,-1,-1,-1
82,40,90,73,36,12,1,-1,-1,-1
82,41,78,61,47,17,1,-1,-1,-1
82,43,11,79,19,17,1,-1,-1,-1
82,44,22,179,75,25,1,-1,-1,-1
82,45,31,167,75,21,1,-1,-1,-1
82,56,431,55,14,15,1,-1,-1,-1
83,0,630,281,56,55,1,-1,-1,-1
83,1,579,173,30,28,1,-1,-1,-1
83,4,544,123,23,19,1,-1,-1,-1
83,5,572,111,19,19,1,-1,-1,-1
83,6,492,82,18,15,1,-1,-1,-1
83,7,531,102,19,15,1,-1,-1,-1
83,8,551,94,19,15,1,-1,-1,-1
83,9,566,88,19,13,1,-1,-1,-1
83,10,646,109,26,17,1,-1,-1,-1
83,11,536,84,18,13,1,-1,-1,-1
83,12,526,73,14,13,1,-1,-1,-1
83,13,540,69,15,11,1,-1,-1,-1
83,14,510,77,14,17,1,-1,-1,-1
83,15,483,69,14,13,1,-1,-1,-1
83,16,510,61,10,11,1,-1,-1,-1
83,17,495,57,16,21,1,-1,-1,-1
83,18,523,50,18,19,1,-1,-1,-1
83,19,949,163,56,27,1,-1,-1,-1
83,20,872,173,46,22,1,-1,-1,-1
83,21,846,160,51,23,1,-1,-1,-1
83,22,824,152,41,20,1,-1,-1,-1
83,23,804,146,38,18,1,-1,-1,-1
83,24,786,127,49,17,1,-1,-1,-1
83,25,765,109,58,28,1,-1,-1,-1
83,28,828,115,37,17,1,-1,-1,-1
83,35,0,122,43,15,1,-1,-1,-1
83,36,9,108,49,17,1,-1,-1,-1
83,37,39,96,44,13,1,-1,-1,-1
83,38,78,79,39,11,1,-1,-1,-1
83,39,49,158,66,19,1,-1,-1,-1
83,40,90,73,36,11,1,-1,-1,-1
83,41,78,61,45,17,1,-1,-1,-1
83,43,10,81,19,17,1,-1,-1,-1
83,44,22,179,74,25,1,-1,-1,-1
83,45,31,167,75,21,1,-1,-1,-1
83,56,432,55,14,15,1,-1,-1,-1
84,0,632,281,53,54,1,-1,-1,-1
84,1,578,173,31,28,1,-1,-1,-1
84,4,544,123,23,19,1,-1,-1,-1
84,5,572,111,19,19,1,-1,-1,-1
84,6,492,81,18,15,1,-1,-1,-1
84,7,531,100,19,15,1,-1,-1,-1
84,8,550,96,19,15,1,-1,-1,-1
84,9,568,88,19,13,1,-1,-1,-1
84,10,646,111,26,17,1,-1,-1,-1
84,11,535,86,18,13,1,-1,-1,-1
84,12,526,73,14,13,1,-1,-1,-1
84,13,542,69,15,11,1,-1,-1,-1
84,14,510,77,14,17,1,-1,-1,-1
84,15,481,69,14,13,1,-1,-1,-1
84,16,510,61,10,11,1,-1,-1,-1
84,17,495,57,16,21,1,-1,-1,-1
84,18,523,50,18,19,1,-1,-1,-1
84,19,949,165,57,28,1,-1,-1,-1
84,20,872,173,48,22,1,-1,-1,-1
84,21,848,162,49,22,1,-1,-1,-1
84,22,825,154,41,19,1,-1,-1,-1
84,23,804,146,39,17,1,-1,-1,-1
84,24,787,129,47,17,1,-1,-1,-1
84,25,766,109,57,28,1,-1,-1,-1
84,28,829,115,36,16,1,-1,-1,-1
84,35,0,121,41,15,1,-1,-1,-1
84,36,7,109,49,17,1,-1,-1,-1
84,37,39,96,44,13,1,-1,-1,-1
84,38,78,79,37,11,1,-1,-1,-1
84,39,49,158,66,19,1,-1,-1,-1
84,40,90,73,36,11,1,-1,-1,-1
84,41,75,59,48,17,1,-1,-1,-1
84,43,10,81,19,17,1,-1,-1,-1
84,44,19,181,75,25,1,-1,-1,-1
84,45,31,167,74,21,1,-1,-1,-1
84,56,432,55,14,15,1,-1,-1,-1
85,0,629,277,57,57,1,-1,-1,-1
85,1,578,171,30,28,1,-1,-1,-1
85,4,546,122,23,19,1,-1,-1,-1
85,5,572,111,19,19,1,-1,-1,-1
85,6,492,82,18,15,1,-1,-1,-1
85,7,531,102,19,15,1,-1,-1,-1
85,8,549,94,19,15,1,-1,-1,-1
85,9,566,88,19,13,1,-1,-1,-1
85,10,646,111,26,17,1,-1,-1,-1
85,11,535,86,18,13,1,-1,-1,-1
85,12,526,75,14,13,1,-1,-1,-1
85,13,542,69,15,11,1,-1,-1,-1
85,14,510,77,14,17,1,-1,-1,-1
85,15,482,69,14,13,1,-1,-1,-1
85,16,509,61,10,11,1,-1,-1,-1
85,17,495,57,16,21,1,-1,-1,-1
85,18,522,50,18,19,1,-1,-1,-1
85,19,949,165,58,28,1,-1,-1,-1
85,20,873,175,47,22,1,-1,-1,-1
85,21,851,162,48,21,1,-1,-1,-1
85,22,826,154,40,19,1,-1,-1,-1
85,23,805,146,39,17,1,-1,-1,-1
85,24,787,129,47,17,1,-1,-1,-1
85,25,764,109,58,29,1,-1,-1,-1
85,28,829,115,37,17,1,-1,-1,-1
85,35,0,123,40,15,1,-1,-1,-1
85,36,7,109,49,17,1,-1,-1,-1
85,37,37,96,44,13,1,-1,-1,-1
85,38,77,79,37,11,1,-1,-1,-1
85,39,47,158,66,19,1,-1,-1,-1
85,40,88,73,36,11,1,-1,-1,-1
85,41,77,61,47,17,1,-1,-1,-1
85,43,9,82,19,17,1,-1,-1,-1
85,44,19,181,75,25,1,-1,-1,-1
85,45,27,169,75,21,1,-1,-1,-1
85,56,432,55,14,15,1,-1,-1,-1
86,0,630,279,53,54,1,-1,-1,-1
86,1,578,171,30,28,1,-1,-1,-1
86,4,545,121,23,19,1,-1,-1,-1
86,5,572,111,19,19,1,-1,-1,-1
86,6,491,81,18,15,1,-1,-1,-1
86,7,530,102,19,15,1,-1,-1,-1
86,8,549,94,19,15,1,-1,-1,-1
86,9,565,88,19,13,1,-1,-1,-1
86,10,646,111,24,17,1,-1,-1,-1
86,11,535,86,18,13,1,-1,-1,-1
86,12,526,73,14,13,1,-1,-1,-1
86,13,540,69,16,11,1,-1,-1,-1
86,14,509,77,14,17,1,-1,-1,-1
86,15,481,69,14,13,1,-1,-1,-1
86,16,509,61,10,11,1,-1,-1,-1
86,17,493,57,16,21,1,-1,-1,-1
86,18,522,50,18,19,1,-1,-1,-1
86,19,949,165,60,28,1,-1,-1,-1
86,20,874,175,49,22,1,-1,-1,-1
86,21,849,161,52,23,1,-1,-1,-1
86,22,827,154,41,20,1,-1,-1,-1
86,23,807,145,41,20,1,-1,-1,-1
86,24,787,129,45,17,1,-1,-1,-1
86,25,765,111,56,29,1,-1,-1,-1
86,28,829,115,37,18,1,-1,-1,-1
86,35,0,123,40,15,1,-1,-1,-1
86,36,5,109,49,17,1,-1,-1,-1
86,37,36,96,44,13,1,-1,-1,-1
86,38,75,79,37,11,1,-1,-1,-1
86,39,45,160,66,19,1,-1,-1,-1
86,40,87,73,36,11,1,-1,-1,-1
86,41,74,61,47,17,1,-1,-1,-1
86,43,7,81,19,17,1,-1,-1,-1
86,44,16,181,75,25,1,-1,-1,-1
86,45,27,169,74,21,1,-1,-1,-1
86,56,432,55,14,15,1,-1,-1,-1
87,0,629,277,56,55,1,-1,-1,-1
87,1,578,171,31,28,1,-1,-1,-1
87,4,545,121,23,19,1,-1,-1,-1
87,5,572,111,19,19,1,-1,-1,-1
87,6,491,81,18,15,1,-1,-1,-1
87,7,530,102,19,15,1,-1,-1,-1
87,8,549,94,19,15,1,-1,-1,-1
87,9,565,88,19,13,1,-1,-1,-1
87,10,647,111,26,17,1,-1,-1,-1
87,11,535,84,18,13,1,-1,-1,-1
87,12,526,73,14,13,1,-1,-1,-1
87,13,539,69,15,11,1,-1,-1,-1
87,14,509,77,15,17,1,-1,-1,-1
87,15,481,67,14,13,1,-1,-1,-1
87,16,509,61,10,11,1,-1,-1,-1
87,17,493,57,16,21,1,-1,-1,-1
87,18,522,48,18,19,1,-1,-1,-1
87,19,952,165,60,29,1,-1,-1,-1
87,20,875,175,46,21,1,-1,-1,-1
87,21,850,162,52,22,1,-1,-1,-1
87,22,828,156,40,19,1,-1,-1,-1
87,23,807,148,39,17,1,-1,-1,-1
87,24,787,129,47,19,1,-1,-1,-1
87,25,764,111,62,28,1,-1,-1,-1
87,28,829,115,35,19,1,-1,-1,-1
87,35,0,123,39,15,1,-1,-1,-1
87,36,5,109,49,17,1,-1,-1,-1
87,37,34,96,45,14,1,-1,-1,-1
87,38,74,79,37,11,1,-1,-1,-1
87,39,44,160,66,19,1,-1,-1,-1
87,40,87,73,36,11,1,-1,-1,-1
87,41,74,61,47,17,1,-1,-1,-1
87,43,6,82,19,17,1,-1,-1,-1
87,44,16,183,74,25,1,-1,-1,-1
87,45,27,169,76,22,1,-1,-1,-1
87,56,432,55,14,15,1,-1,-1,-1
88,0,626,275,57,57,1,-1,-1,-1
88,1,576,169,30,28,1,-1,-1,-1
88,4,544,121,23,19,1,-1,-1,-1
88,5,570,111,19,19,1,-1,-1,-1
88,6,491,82,18,15,1,-1,-1,-1
88,7,530,102,20,16,1,-1,-1,-1
88,8,548,94,19,15,1,-1,-1,-1
88,9,565,88,19,13,1,-1,-1,-1
88,10,647,111,26,17,1,-1,-1,-1
88,11,534,84,18,13,1,-1,-1,-1
88,12,526,73,14,13,1,-1,-1,-1
88,13,540,69,15,11,1,-1,-1,-1
88,14,509,77,14,17,1,-1,-1,-1
88,15,481,69,14,13,1,-1,-1,-1
88,16,509,59,11,11,1,-1,-1,-1
88,17,493,57,16,21,1,-1,-1,-1
88,18,522,50,18,19,1,-1,-1,-1
88,19,950,165,64,30,1,-1,-1,-1
88,20,875,175,48,21,1,-1,-1,-1
88,21,851,162,53,24,1,-1,-1,-1
88,22,828,156,40,20,1,-1,-1,-1
88,23,807,146,39,18,1,-1,-1,-1
88,24,788,129,47,17,1,-1,-1,-1
88,25,764,111,61,28,1,-1,-1,-1
88,28,830,115,38,19,1,-1,-1,-1
88,35,0,123,37,15,1,-1,-1,-1
88,36,3,109,49,17,1,-1,-1,-1
88,37,32,98,46,14,1,-1,-1,-1
88,38,74,81,37,11,1,-1,-1,-1
88,39,44,160,66,19,1,-1,-1,-1
88,40,87,73,36,11,1,-1,-1,-1
88,41,74,61,47,17,1,-1,-1,-1
88,43,5,82,19,17,1,-1,-1,-1
88,44,13,183,75,25,1,-1,-1,-1
88,45,27,171,73,21,1,-1,-1,-1
88,56,432,57,14,15,1,-1,-1,-1
89,0,629,277,53,54,1,-1,-1,-1
89,1,577,169,30,28,1,-1,-1,-1
89,4,544,121,23,19,1,-1,-1,-1
89,5,570,111,19,19,1,-1,-1,-1
89,6,491,81,18,15,1,-1,-1,-1
89,7,530,102,19,15,1,-1,-1,-1
89,8,549,94,19,15,1,-1,-1,-1
89,9,565,88,19,13,1,-1,-1,-1
89,10,647,111,26,17,1,-1,-1,-1
89,11,534,84,18,13,1,-1,-1,-1
89,12,526,73,14,13,1,-1,-1,-1
89,13,540,69,15,11,1,-1,-1,-1
89,14,509,77,14,17,1,-1,-1,-1
89,15,481,69,14,13,1,-1,-1,-1
89,16,509,59,12,11,1,-1,-1,-1
89,17,493,57,16,21,1,-1,-1,-1
89,18,522,50,18,19,1,-1,-1,-1
89,19,953,165,65,30,1,-1,-1,-1
89,20,878,175,46,23,1,-1,-1,-1
89,21,851,163,50,23,1,-1,-1,-1
89,22,829,156,40,19,1,-1,-1,-1
89,23,808,148,39,17,1,-1,-1,-1
89,24,791,129,44,17,1,-1,-1,-1
89,25,765,111,60,27,1,-1,-1,-1
89,28,830,116,38,18,1,-1,-1,-1
89,35,0,123,37,15,1,-1,-1,-1
89,36,3,109,49,17,1,-1,-1,-1
89,37,32,97,45,14,1,-1,-1,-1
89,38,74,79,37,11,1,-1,-1,-1
89,39,43,160,66,19,1,-1,-1,-1
89,40,87,73,36,11,1,-1,-1,-1
89,41,74,61,47,17,1,-1,-1,-1
89,43,5,82,20,17,1,-1,-1,-1
89,44,13,183,75,25,1,-1,-1,-1
89,45,27,171,73,21,1,-1,-1,-1
89,56,432,57,14,15,1,-1,-1,-1
90,0,626,275,56,55,1,-1,-1,-1
90,1,576,169,30,28,1,-1,-1,-1
90,4,544,121,23,19,1,-1,-1,-1
90,5,569,111,19,19,1,-1,-1,-1
90,6,491,81,18,15,1,-1,-1,-1
90,7,530,102,19,15,1,-1,-1,-1
90,8,548,94,19,15,1,-1,-1,-1
90,9,565,88,19,13,1,-1,-1,-1
90,10,647,111,26,17,1,-1,-1,-1
90,11,534,84,18,13,1,-1,-1,-1
90,12,526,73,14,13,1,-1,-1,-1
90,13,539,69,15,11,1,-1,-1,-1
90,14,509,77,14,17,1,-1,-1,-1
90,15,480,67,14,13,1,-1,-1,-1
90,16,509,58,11,12,1,-1,-1,-1
90,17,492,57,16,21,1,-1,-1,-1
90,18,521,48,18,19,1,-1,-1,-1
90,19,953,165,66,32,1,-1,-1,-1
90,20,876,175,49,25,1,-1,-1,-1
90,21,851,163,49,23,1,-1,-1,-1
90,22,829,156,40,19,1,-1,-1,-1
90,23,808,148,37,17,1,-1,-1,-1
90,24,790,129,47,17,1,-1,-1,-1
90,25,765,113,61,27,1,-1,-1,-1
90,28,829,117,37,17,1,-1,-1,-1
90,35,0,123,35,15,1,-1,-1,-1
90,36,1,109,49,17,1,-1,-1,-1
90,37,30,96,47,15,1,-1,-1,-1
90,38,73,79,37,11,1,-1,-1,-1
90,39,41,160,66,19,1,-1,-1,-1
90,40,86,73,36,11,1,-1,-1,-1
90,41,73,61,47,17,1,-1,-1,-1
90,43,3,83,22,17,1,-1,-1,-1
90,44,11,183,75,25,1,-1,-1,-1
90,45,23,171,73,21,1,-1,-1,-1
90,56,432,57,14,15,1,-1,-1,-1
91,0,628,275,53,52,1,-1,-1,-1
91,1,576,169,31,28,1,-1,-1,-1
91,4,544,123,23,19,1,-1,-1,-1
91,5,569,111,19,19,1,-1,-1,-1
91,6,491,81,18,15,1,-1,-1,-1
91,7,530,102,19,15,1,-1,-1,-1
91,8,548,95,19,15,1,-1,-1,-1
91,9,565,88,19,13,1,-1,-1,-1
91,10,647,111,26,17,1,-1,-1,-1
91,11,534,84,18,13,1,-1,-1,-1
91,12,525,73,14,13,1,-1,-1,-1
91,13,539,67,15,11,1,-1,-1,-1
91,14,509,77,14,17,1,-1,-1,-1
91,15,480,67,14,13,1,-1,-1,-1
91,16,509,59,11,11,1,-1,-1,-1
91,17,492,57,16,21,1,-1,-1,-1
91,18,521,48,18,19,1,-1,-1,-1
91,19,954,167,61,30,1,-1,-1,-1
91,20,877,175,49,25,1,-1,-1,-1
91,21,851,163,49,23,1,-1,-1,-1
91,22,830,156,40,19,1,-1,-1,-1
91,23,809,148,39,17,1,-1,-1,-1
91,24,791,131,47,17,1,-1,-1,-1
91,25,765,113,61,28,1,-1,-1,-1
91,28,830,117,37,17,1,-1,-1,-1
91,35,0,125,35,15,1,-1,-1,-1
91,36,1,109,49,17,1,-1,-1,-1
91,37,28,96,47,15,1,-1,-1,-1
91,38,73,79,37,11,1,-1,-1,-1
91,39,40,162,66,19,1,-1,-1,-1
91,40,84,73,36,11,1,-1,-1,-1
91,41,73,61,47,17,1,-1,-1,-1
91,43,2,82,22,17,1,-1,-1,-1
91,44,10,183,75,25,1,-1,-1,-1
91,45,24,173,71,21,1,-1,-1,-1
91,56,432,59,14,15,1,-1,-1,-1
92,0,625,271,56,55,1,-1,-1,-1
92,1,574,167,30,28,1,-1,-1,-1
92,4,544,121,23,19,1,-1,-1,-1
92,5,569,111,19,19,1,-1,-1,-1
92,6,491,82,18,15,1,-1,-1,-1
92,7,530,102,19,15,1,-1,-1,-1
92,8,548,95,19,15,1,-1,-1,-1
92,9,565,88,19,13,1,-1,-1,-1
92,10,647,111,26,17,1,-1,-1,-1
92,11,532,84,18,13,1,-1,-1,-1
92,12,525,73,14,13,1,-1,-1,-1
92,13,539,69,15,11,1,-1,-1,-1
92,14,509,77,14,17,1,-1,-1,-1
92,15,480,67,14,13,1,-1,-1,-1
92,16,508,58,11,12,1,-1,-1,-1
92,17,492,57,16,21,1,-1,-1,-1
92,18,521,48,18,19,1,-1,-1,-1
92,19,958,167,60,28,1,-1,-1,-1
92,20,876,175,53,25,1,-1,-1,-1
92,21,854,165,48,21,1,-1,-1,-1
92,22,832,156,40,19,1,-1,-1,-1
92,23,809,148,39,17,1,-1,-1,-1
92,24,791,131,47,17,1,-1,-1,-1
92,25,765,113,61,28,1,-1,-1,-1
92,28,832,119,37,17,1,-1,-1,-1
92,35,0,125,33,15,1,-1,-1,-1
92,36,0,109,49,17,1,-1,-1,-1
92,37,27,96,47,15,1,-1,-1,-1
92,38,71,81,37,11,1,-1,-1,-1
92,39,39,162,66,19,1,-1,-1,-1
92,40,84,75,36,11,1,-1,-1,-1
92,41,70,61,45,17,1,-1,-1,-1
92,43,1,84,22,17,1,-1,-1,-1
92,44,9,185,75,25,1,-1,-1,-1
92,45,22,171,73,21,1,-1,-1,-1
92,56,431,59,14,15,1,-1,-1,-1
93,0,625,271,54,55,1,-1,-1,-1
93,1,574,167,30,28,1,-1,-1,-1
93,4,544,121,23,19,1,-1,-1,-1
93,5,569,111,19,19,1,-1,-1,-1
93,6,491,81,18,15,1,-1,-1,-1
93,7,530,102,19,15,1,-1,-1,-1
93,8,548,95,19,15,1,-1,-1,-1
93,9,564,86,19,13,1,-1,-1,-1
93,10,647,113,26,17,1,-1,-1,-1
93,11,532,84,18,13,1,-1,-1,-1
93,12,525,73,14,13,1,-1,-1,-1
93,13,539,69,15,11,1,-1,-1,-1
93,14,508,75,14,17,1,-1,-1,-1
93,15,480,67,14,13,1,-1,-1,-1
93,16,508,59,11,12,1,-1,-1,-1
93,17,492,57,16,21,1,-1,-1,-1
93,18,521,50,18,19,1,-1,-1,-1
93,19,960,169,60,28,1,-1,-1,-1
93,20,878,175,50,24,1,-1,-1,-1
93,21,855,165,49,23,1,-1,-1,-1
93,22,831,156,41,20,1,-1,-1,-1
93,23,809,148,42,19,1,-1,-1,-1
93,24,791,131,48,17,1,-1,-1,-1
93,25,766,113,61,27,1,-1,-1,-1
93,28,832,119,37,17,1,-1,-1,-1
93,35,0,125,32,15,1,-1,-1,-1
93,36,0,111,49,17,1,-1,-1,-1
93,37,27,96,47,15,1,-1,-1,-1
93,38,71,81,37,11,1,-1,-1,-1
93,39,37,162,66,19,1,-1,-1,-1
93,40,83,75,36,11,1,-1,-1,-1
93,41,70,61,47,17,1,-1,-1,-1
93,43,0,84,22,17,1,-1,-1,-1
93,44,6,185,78,25,1,-1,-1,-1
93,45,20,173,73,21,1,-1,-1,-1
93,56,432,59,13,15,1,-1,-1,-1
94,0,625,271,53,54,1,-1,-1,-1
94,1,573,167,30,28,1,-1,-1,-1
94,4,544,123,23,19,1,-1,-1,-1
94,5,569,111,19,19,1,-1,-1,-1
94,6,491,81,18,15,1,-1,-1,-1
94,7,528,100,19,15,1,-1,-1,-1
94,8,546,94,20,16,1,-1,-1,-1
94,9,564,88,19,13,1,-1,-1,-1
94,10,649,113,24,17,1,-1,-1,-1
94,11,532,84,18,13,1,-1,-1,-1
94,12,523,71,14,13,1,-1,-1,-1
94,13,539,69,15,11,1,-1,-1,-1
94,14,508,77,14,17,1,-1,-1,-1
94,15,480,67,14,13,1,-1,-1,-1
94,16,508,59,11,12,1,-1,-1,-1
94,17,492,57,16,21,1,-1,-1,-1
94,18,521,48,18,19,1,-1,-1,-1
94,19,961,169,61,30,1,-1,-1,-1
94,20,880,177,49,25,1,-1,-1,-1
94,21,855,165,50,23,1,-1,-1,-1
94,22,832,156,40,19,1,-1,-1,-1
94,23,811,150,39,17,1,-1,-1,-1
94,24,791,131,48,17,1,-1,-1,-1
94,25,768,113,60,27,1,-1,-1,-1
94,28,833,119,37,17,1,-1,-1,-1
94,35,0,125,31,15,1,-1,-1,-1
94,36,0,109,47,17,1,-1,-1,-1
94,37,26,96,47,15,1,-1,-1,-1
94,38,70,81,37,11,1,-1,-1,-1
94,39,35,165,66,19,1,-1,-1,-1
94,40,83,75,36,11,1,-1,-1,-1
94,41,70,61,51,19,1,-1,-1,-1
94,43,0,84,20,17,1,-1,-1,-1
94,44,5,185,75,25,1,-1,-1,-1
94,45,19,173,71,21,1,-1,-1,-1
94,56,432,59,13,16,1,-1,-1,-1
95,0,625,271,53,54,1,-1,-1,-1
95,1,574,167,28,27,1,-1,-1,-1
95,4,543,121,23,19,1,-1,-1,-1
95,5,569,111,19,19,1,-1,-1,-1
95,6,489,81,18,15,1,-1,-1,-1
95,7,528,102,19,15,1,-1,-1,-1
95,8,545,94,19,15,1,-1,-1,-1
95,9,564,88,19,13,1,-1,-1,-1
95,10,649,113,26,17,1,-1,-1,-1
95,11,531,82,18,13,1,-1,-1,-1
95,12,523,73,14,13,1,-1,-1,-1
95,13,538,69,15,11,1,-1,-1,-1
95,14,509,77,14,17,1,-1,-1,-1
95,15,480,67,14,13,1,-1,-1,-1
95,16,508,58,11,12,1,-1,-1,-1
95,17,492,57,16,21,1,-1,-1,-1
95,18,519,48,18,19,1,-1,-1,-1
95,19,961,169,61,30,1,-1,-1,-1
95,20,882,177,48,23,1,-1,-1,-1
95,21,855,165,49,23,1,-1,-1,-1
95,22,832,158,40,19,1,-1,-1,-1
95,23,811,150,39,17,1,-1,-1,-1
95,24,791,131,47,17,1,-1,-1,-1
95,25,768,113,61,28,1,-1,-1,-1
95,28,834,119,37,17,1,-1,-1,-1
95,35,0,125,30,15,1,-1,-1,-1
95,36,0,111,46,17,1,-1,-1,-1
95,37,26,96,47,15,1,-1,-1,-1
95,38,69,81,37,11,1,-1,-1,-1
95,39,35,163,66,19,1,-1,-1,-1
95,40,83,75,36,11,1,-1,-1,-1
95,41,70,61,52,19,1,-1,-1,-1
95,43,0,84,19,17,1,-1,-1,-1
95,44,2,185,80,27,1,-1,-1,-1
95,45,18,173,73,21,1,-1,-1,-1
95,56,432,60,13,15,1,-1,-1,-1
96,0,622,271,54,55,1,-1,-1,-1
96,1,573,167,28,27,1,-1,-1,-1
96,4,543,123,23,19,1,-1,-1,-1
96,5,569,111,19,19,1,-1,-1,-1
96,6,489,81,16,17,1,-1,-1,-1
96,7,527,102,19,15,1,-1,-1,-1
96,8,545,94,19,15,1,-1,-1,-1
96,9,562,88,19,13,1,-1,-1,-1
96,10,647,113,28,19,1,-1,-1,-1
96,11,531,84,18,13,1,-1,-1,-1
96,12,523,72,15,13,1,-1,-1,-1
96,13,538,69,15,11,1,-1,-1,-1
96,14,508,77,15,17,1,-1,-1,-1
96,15,480,67,14,14,1,-1,-1,-1
96,16,506,58,11,11,1,-1,-1,-1
96,17,491,57,16,21,1,-1,-1,-1
96,18,519,48,18,19,1,-1,-1,-1
96,19,962,169,60,28,1,-1,-1,-1
96,20,882,177,49,23,1,-1,-1,-1
96,21,855,165,49,23,1,-1,-1,-1
96,22,833,158,40,19,1,-1,-1,-1
96,23,812,150,39,17,1,-1,-1,-1
96,24,792,131,48,17,1,-1,-1,-1
96,25,768,113,62,28,1,-1,-1,-1
96,28,834,119,37,17,1,-1,-1,-1
96,35,0,125,30,15,1,-1,-1,-1
96,36,0,111,47,17,1,-1,-1,-1
96,37,24,96,47,15,1,-1,-1,-1
96,38,69,81,40,12,1,-1,-1,-1
96,39,30,163,68,21,1,-1,-1,-1
96,40,80,73,36,11,1,-1,-1,-1
96,41,70,63,49,18,1,-1,-1,-1
96,43,0,84,18,17,1,-1,-1,-1
96,44,0,187,78,25,1,-1,-1,-1
96,45,15,173,73,21,1,-1,-1,-1
96,56,432,59,13,16,1,-1,-1,-1
97,0,623,271,50,52,1,-1,-1,-1
97,1,573,167,27,27,1,-1,-1,-1
97,4,543,121,23,19,1,-1,-1,-1
97,5,567,110,21,20,1,-1,-1,-1
97,6,488,79,15,17,1,-1,-1,-1
97,7,527,102,19,15,1,-1,-1,-1
97,8,545,94,19,15,1,-1,-1,-1
97,9,563,86,19,13,1,-1,-1,-1
97,10,646,113,27,19,1,-1,-1,-1
97,11,531,84,18,13,1,-1,-1,-1
97,12,522,71,14,13,1,-1,-1,-1
97,13,538,68,14,11,1,-1,-1,-1
97,14,508,77,14,17,1,-1,-1,-1
97,15,480,67,14,13,1,-1,-1,-1
97,16,507,58,11,11,1,-1,-1,-1
97,17,491,57,17,20,1,-1,-1,-1
97,18,518,48,18,19,1,-1,-1,-1
97,19,960,169,63,29,1,-1,-1,-1
97,20,884,179,47,23,1,-1,-1,-1
97,21,856,167,49,23,1,-1,-1,-1
97,22,833,158,40,19,1,-1,-1,-1
97,23,812,150,39,17,1,-1,-1,-1
97,24,794,131,48,17,1,-1,-1,-1
97,25,768,113,62,28,1,-1,-1,-1
97,28,834,119,39,18,1,-1,-1,-1
97,35,0,125,28,15,1,-1,-1,-1
97,36,0,111,45,17,1,-1,-1,-1
97,37,23,98,47,15,1,-1,-1,-1
97,38,69,81,40,11,1,-1,-1,-1
97,39,28,163,67,21,1,-1,-1,-1
97,40,80,75,36,11,1,-1,-1,-1
97,41,70,63,49,17,1,-1,-1,-1
97,43,0,86,16,17,1,-1,-1,-1
97,44,0,187,78,25,1,-1,-1,-1
97,45,15,175,74,21,1,-1,-1,-1
97,56,431,61,13,16,1,-1,-1,-1
98,0,624,271,49,50,1,-1,-1,-1
98,1,573,165,27,27,1,-1,-1,-1
98,4,543,123,23,19,1,-1,-1,-1
98,5,566,109,20,19,1,-1,-1,-1
98,6,489,79,15,17,1,-1,-1,-1
98,7,527,102,19,15,1,-1,-1,-1
98,8,545,94,19,15,1,-1,-1,-1
98,9,563,88,19,13,1,-1,-1,-1
98,10,647,113,28,19,1,-1,-1,-1
98,11,531,84,18,13,1,-1,-1,-1
98,12,522,71,14,13,1,-1,-1,-1
98,13,538,68,14,11,1,-1,-1,-1
98,14,508,77,14,17,1,-1,-1,-1
98,15,479,67,14,13,1,-1,-1,-1
98,16,508,58,10,11,1,-1,-1,-1
98,17,492,57,15,21,1,-1,-1,-1
98,18,519,48,18,19,1,-1,-1,-1
98,19,963,169,60,32,1,-1,-1,-1
98,20,883,179,50,22,1,-1,-1,-1
98,21,858,166,52,24,1,-1,-1,-1
98,22,834,158,40,19,1,-1,-1,-1
98,23,813,150,39,17,1,-1,-1,-1
98,24,794,133,48,17,1,-1,-1,-1
98,25,767,111,64,30,1,-1,-1,-1
98,28,836,118,36,17,1,-1,-1,-1
98,35,0,125,28,16,1,-1,-1,-1
98,36,0,111,47,17,1,-1,-1,-1
98,37,23,98,47,15,1,-1,-1,-1
98,38,69,81,40,11,1,-1,-1,-1
98,39,27,163,67,21,1,-1,-1,-1
98,40,80,75,36,11,1,-1,-1,-1
98,41,69,63,49,17,1,-1,-1,-1
98,43,0,86,15,17,1,-1,-1,-1
98,44,0,187,77,25,1,-1,-1,-1
98,45,14,175,73,21,1,-1,-1,-1
98,56,431,60,15,18,1,-1,-1,-1
99,0,621,270,53,54,1,-1,-1,-1
99,1,573,165,27,27,1,-1,-1,-1
99,4,543,123,23,19,1,-1,-1,-1
99,5,566,109,20,19,1,-1,-1,-1
99,6,489,79,15,17,1,-1,-1,-1
99,7,527,102,19,15,1,-1,-1,-1
99,8,544,94,19,15,1,-1,-1,-1
99,9,562,88,19,13,1,-1,-1,-1
99,10,649,113,27,19,1,-1,-1,-1
99,11,531,84,18,13,1,-1,-1,-1
99,12,522,71,14,13,1,-1,-1,-1
99,13,538,68,14,11,1,-1,-1,-1
99,14,508,77,14,17,1,-1,-1,-1
99,15,480,67,14,13,1,-1,-1,-1
99,17,491,57,18,21,1,-1,-1,-1
99,18,519,48,18,19,1,-1,-1,-1
99,19,962,170,61,29,1,-1,-1,-1
99,20,884,181,50,23,1,-1,-1,-1
99,21,859,167,52,26,1,-1,-1,-1
99,22,835,158,40,21,1,-1,-1,-1
99,23,815,151,39,17,1,-1,-1,-1
99,24,795,133,48,17,1,-1,-1,-1
99,25,769,113,63,30,1,-1,-1,-1
99,28,835,118,39,20,1,-1,-1,-1
99,35,0,125,26,15,1,-1,-1,-1
99,36,0,111,44,17,1,-1,-1,-1
99,37,23,98,47,15,1,-1,-1,-1
99,38,69,82,40,11,1,-1,-1,-1
99,39,27,163,67,21,1,-1,-1,-1
99,40,80,75,36,11,1,-1,-1,-1
99,41,70,63,49,17,1,-1,-1,-1
99,43,0,86,14,17,1,-1,-1,-1
99,44,0,187,73,25,1,-1,-1,-1
99,45,13,175,73,21,1,-1,-1,-1
99,56,431,59,14,17,1,-1,-1,-1
99,58,803,486,90,53,1,-1,-1,-1
100,0,620,268,53,55,1,-1,-1,-1
100,1,573,165,27,27,1,-1,-1,-1
100,4,545,123,23,19,1,-1,-1,-1
100,5,568,109,20,19,1,-1,-1,-1
100,6,489,79,15,17,1,-1,-1,-1
100,7,527,102,19,15,1,-1,-1,-1
100,8,545,94,19,15,1,-1,-1,-1
100,9,562,88,19,13,1,-1,-1,-1
100,10,649,113,27,19,1,-1,-1,-1
100,11,531,83,18,14,1,-1,-1,-1
100,12,522,71,14,13,1,-1,-1,-1
100,13,538,68,14,11,1,-1,-1,-1
100,14,508,77,14,17,1,-1,-1,-1
100,15,480,67,14,13,1,-1,-1,-1
100,17,492,56,15,21,1,-1,-1,-1
100,18,519,48,18,19,1,-1,-1,-1
100,19,964,171,59,30,1,-1,-1,-1
100,20,889,181,48,23,1,-1,-1,-1
100,21,860,167,49,23,1,-1,-1,-1
100,22,837,160,40,19,1,-1,-1,-1
100,23,815,150,39,17,1,-1,-1,-1
100,24,795,133,48,17,1,-1,-1,-1
100,25,772,112,68,32,1,-1,-1,-1
100,28,837,118,38,20,1,-1,-1,-1
100,35,0,125,26,15,1,-1,-1,-1
100,36,0,111,44,17,1,-1,-1,-1
100,37,23,98,47,15,1,-1,-1,-1
100,38,69,82,40,11,1,-1,-1,-1
100,39,27,163,67,21,1,-1,-1,-1
100,40,80,75,36,11,1,-1,-1,-1
100,41,69,63,49,17,1,-1,-1,-1
100,43,0,86,14,17,1,-1,-1,-1
100,44,1,189,73,25,1,-1,-1,-1
100,45,13,175,73,21,1,-1,-1,-1
100,56,432,61,14,17,1,-1,-1,-1
100,58,798,476,92,62,1,-1,-1,-1
101,0,620,266,53,55,1,-1,-1,-1
101,1,573,165,28,28,1,-1,-1,-1
101,4,544,123,23,19,1,-1,-1,-1
101,5,568,109,20,19,1,-1,-1,-1
101,6,489,79,15,17,1,-1,-1,-1
101,7,527,102,19,15,1,-1,-1,-1
101,8,545,92,19,15,1,-1,-1,-1
101,9,562,86,19,13,1,-1,-1,-1
101,10,650,113,27,19,1,-1,-1,-1
101,11,531,82,18,13,1,-1,-1,-1
101,12,522,71,14,13,1,-1,-1,-1
101,13,538,67,14,11,1,-1,-1,-1
101,14,508,75,14,17,1,-1,-1,-1
101,15,480,67,14,13,1,-1,-1,-1
101,17,492,56,15,21,1,-1,-1,-1
101,18,519,46,18,19,1,-1,-1,-1
101,19,967,172,56,28,1,-1,-1,-1
101,20,887,181,51,24,1,-1,-1,-1
101,21,863,167,51,24,1,-1,-1,-1
101,22,838,160,40,22,1,-1,-1,-1
101,23,815,150,43,19,1,-1,-1,-1
101,24,796,133,49,17,1,-1,-1,-1
101,25,772,114,63,30,1,-1,-1,-1
101,28,838,118,37,20,1,-1,-1,-1
101,35,0,125,26,15,1,-1,-1,-1
101,36,0,111,45,17,1,-1,-1,-1
101,37,23,98,47,15,1,-1,-1,-1
101,38,69,82,40,11,1,-1,-1,-1
101,39,27,163,67,21,1,-1,-1,-1
101,40,80,75,37,12,1,-1,-1,-1
101,41,70,63,49,17,1,-1,-1,-1
101,43,0,86,14,17,1,-1,-1,-1
101,44,1,190,71,25,1,-1,-1,-1
101,45,13,175,73,21,1,-1,-1,-1
101,56,432,61,14,17,1,-1,-1,-1
101,58,795,470,94,69,1,-1,-1,-1
102,0,621,268,50,52,1,-1,-1,-1
102,1,573,163,27,27,1,-1,-1,-1
102,4,545,121,23,19,1,-1,-1,-1
102,5,569,109,20,19,1,-1,-1,-1
102,6,491,79,15,17,1,-1,-1,-1
102,7,528,102,19,15,1,-1,-1,-1
102,8,545,92,19,15,1,-1,-1,-1
102,9,564,86,19,13,1,-1,-1,-1
102,10,650,113,27,19,1,-1,-1,-1
102,11,531,84,18,13,1,-1,-1,-1
102,12,523,71,14,13,1,-1,-1,-1
102,13,539,69,14,11,1,-1,-1,-1
102,14,508,75,14,17,1,-1,-1,-1
102,15,481,67,14,13,1,-1,-1,-1
102,17,493,55,15,21,1,-1,-1,-1
102,18,521,46,18,19,1,-1,-1,-1
102,19,969,173,54,28,1,-1,-1,-1
102,20,890,181,50,23,1,-1,-1,-1
102,21,864,169,49,23,1,-1,-1,-1
102,22,839,160,40,22,1,-1,-1,-1
102,23,818,152,39,18,1,-1,-1,-1
102,24,799,133,48,17,1,-1,-1,-1
102,25,773,113,64,31,1,-1,-1,-1
102,28,839,117,36,19,1,-1,-1,-1
102,35,0,125,27,15,1,-1,-1,-1
102,36,0,111,44,17,1,-1,-1,-1
102,37,23,98,47,15,1,-1,-1,-1
102,38,69,82,40,11,1,-1,-1,-1
102,39,27,165,67,21,1,-1,-1,-1
102,40,79,75,36,11,1,-1,-1,-1
102,41,70,63,49,17,1,-1,-1,-1
102,43,0,86,14,17,1,-1,-1,-1
102,44,0,190,73,25,1,-1,-1,-1
102,45,11,177,73,21,1,-1,-1,-1
102,56,433,61,14,17,1,-1,-1,-1
102,58,791,460,98,78,1,-1,-1,-1
103,0,623,268,50,52,1,-1,-1,-1
103,1,573,163,27,27,1,-1,-1,-1
103,4,546,123,23,19,1,-1,-1,-1
103,5,569,109,20,19,1,-1,-1,-1
103,6,492,79,15,17,1,-1,-1,-1
103,7,530,100,19,15,1,-1,-1,-1
103,8,547,92,19,15,1,-1,-1,-1
103,9,564,86,19,13,1,-1,-1,-1
103,10,651,115,27,19,1,-1,-1,-1
103,11,532,82,18,13,1,-1,-1,-1
103,12,523,71,14,13,1,-1,-1,-1
103,13,541,67,14,11,1,-1,-1,-1
103,14,509,75,14,17,1,-1,-1,-1
103,15,483,67,14,13,1,-1,-1,-1
103,17,493,55,15,21,1,-1,-1,-1
103,18,522,46,18,19,1,-1,-1,-1
103,19,970,173,53,28,1,-1,-1,-1
103,20,891,181,52,24,1,-1,-1,-1
103,21,865,169,50,24,1,-1,-1,-1
103,22,842,160,41,21,1,-1,-1,-1
103,23,820,152,42,17,1,-1,-1,-1
103,24,800,133,48,17,1,-1,-1,-1
103,25,775,115,61,27,1,-1,-1,-1
103,28,841,119,36,19,1,-1,-1,-1
103,35,1,125,27,15,1,-1,-1,-1
103,36,0,111,45,17,1,-1,-1,-1
103,37,23,98,47,15,1,-1,-1,-1
103,38,70,82,40,11,1,-1,-1,-1
103,39,27,165,67,21,1,-1,-1,-1
103,40,82,75,36,11,1,-1,-1,-1
103,41,70,63,49,17,1,-1,-1,-1
103,43,0,88,14,17,1,-1,-1,-1
103,44,0,190,73,25,1,-1,-1,-1
103,45,13,177,73,21,1,-1,-1,-1
103,56,433,61,14,17,1,-1,-1,-1
103,58,788,453,98,85,1,-1,-1,-1
104,0,623,266,50,52,1,-1,-1,-1
104,1,573,163,27,27,1,-1,-1,-1
104,4,546,122,25,20,1,-1,-1,-1
104,5,569,109,20,19,1,-1,-1,-1
104,6,492,79,15,17,1,-1,-1,-1
104,7,531,100,19,15,1,-1,-1,-1
104,8,548,92,19,15,1,-1,-1,-1
104,9,565,86,19,13,1,-1,-1,-1
104,10,654,115,27,19,1,-1,-1,-1
104,11,534,82,18,13,1,-1,-1,-1
104,12,525,71,14,13,1,-1,-1,-1
104,13,540,67,14,11,1,-1,-1,-1
104,14,509,75,14,17,1,-1,-1,-1
104,15,484,67,14,13,1,-1,-1,-1
104,17,494,55,15,21,1,-1,-1,-1
104,18,522,46,18,19,1,-1,-1,-1
104,19,974,171,49,31,1,-1,-1,-1
104,20,894,183,51,23,1,-1,-1,-1
104,21,868,169,51,26,1,-1,-1,-1
104,22,843,162,40,23,1,-1,-1,-1
104,23,823,152,39,19,1,-1,-1,-1
104,24,803,133,48,17,1,-1,-1,-1
104,25,779,112,61,33,1,-1,-1,-1
104,28,842,119,39,21,1,-1,-1,-1
104,35,2,125,27,15,1,-1,-1,-1
104,36,0,111,47,17,1,-1,-1,-1
104,37,24,98,47,15,1,-1,-1,-1
104,38,71,81,40,11,1,-1,-1,-1
104,39,27,165,67,21,1,-1,-1,-1
104,40,82,75,36,11,1,-1,-1,-1
104,41,71,63,49,17,1,-1,-1,-1
104,43,0,88,14,17,1,-1,-1,-1
104,44,1,190,71,25,1,-1,-1,-1
104,45,11,177,73,21,1,-1,-1,-1
104,56,434,63,14,17,1,-1,-1,-1
104,58,786,445,103,93,1,-1,-1,-1
105,0,623,266,53,54,1,-1,-1,-1
105,1,574,163,27,27,1,-1,-1,-1
105,4,547,121,24,19,1,-1,-1,-1
105,5,572,109,20,19,1,-1,-1,-1
105,6,492,79,15,17,1,-1,-1,-1
105,7,532,100,19,15,1,-1,-1,-1
105,8,548,92,19,15,1,-1,-1,-1
105,9,565,86,19,13,1,-1,-1,-1
105,10,655,115,27,19,1,-1,-1,-1
105,11,535,82,18,13,1,-1,-1,-1
105,12,526,71,14,13,1,-1,-1,-1
105,13,542,67,14,11,1,-1,-1,-1
105,14,510,75,14,17,1,-1,-1,-1
105,15,484,67,14,13,1,-1,-1,-1
105,17,495,55,15,21,1,-1,-1,-1
105,18,522,46,18,19,1,-1,-1,-1
105,19,976,171,47,30,1,-1,-1,-1
105,20,897,183,50,23,1,-1,-1,-1
105,21,871,171,49,25,1,-1,-1,-1
105,22,846,162,40,19,1,-1,-1,-1
105,23,824,154,39,17,1,-1,-1,-1
105,24,804,135,48,17,1,-1,-1,-1
105,25,779,116,63,29,1,-1,-1,-1
105,28,845,121,37,19,1,-1,-1,-1
105,35,2,127,27,15,1,-1,-1,-1
105,36,0,111,47,17,1,-1,-1,-1
105,37,26,96,47,15,1,-1,-1,-1
105,38,73,82,40,11,1,-1,-1,-1
105,39,27,165,67,21,1,-1,-1,-1
105,40,83,75,36,11,1,-1,-1,-1
105,41,73,63,49,17,1,-1,-1,-1
105,43,0,88,18,17,1,-1,-1,-1
105,44,1,190,71,25,1,-1,-1,-1
105,45,13,177,73,21,1,-1,-1,-1
105,56,438,64,14,17,1,-1,-1,-1
105,57,394,61,14,14,1,-1,-1,-1
105,58,783,439,103,100,1,-1,-1,-1
106,0,625,266,49,50,1,-1,-1,-1
106,1,576,163,27,27,1,-1,-1,-1
106,4,548,123,24,19,1,-1,-1,-1
106,5,572,109,20,19,1,-1,-1,-1
106,6,495,79,15,17,1,-1,-1,-1
106,7,532,102,19,15,1,-1,-1,-1
106,8,548,92,19,15,1,-1,-1,-1
106,9,566,86,19,13,1,-1,-1,-1
106,10,656,115,27,19,1,-1,-1,-1
106,11,535,82,18,13,1,-1,-1,-1
106,12,526,71,14,13,1,-1,-1,-1
106,13,542,67,14,11,1,-1,-1,-1
106,14,512,75,14,17,1,-1,-1,-1
106,15,484,67,14,13,1,-1,-1,-1
106,17,496,55,15,21,1,-1,-1,-1
106,18,525,46,18,19,1,-1,-1,-1
106,19,979,173,44,30,1,-1,-1,-1
106,20,899,183,50,23,1,-1,-1,-1
106,21,872,171,49,25,1,-1,-1,-1
106,22,848,163,40,19,1,-1,-1,-1
106,23,825,151,44,22,1,-1,-1,-1
106,24,807,136,48,17,1,-1,-1,-1
106,25,781,116,62,29,1,-1,-1,-1
106,28,847,121,36,19,1,-1,-1,-1
106,35,0,125,30,15,1,-1,-1,-1
106,36,2,111,47,17,1,-1,-1,-1
106,37,27,98,47,15,1,-1,-1,-1
106,38,74,82,40,11,1,-1,-1,-1
106,39,27,165,67,21,1,-1,-1,-1
106,40,84,75,36,11,1,-1,-1,-1
106,41,74,63,49,17,1,-1,-1,-1
106,43,0,88,20,17,1,-1,-1,-1
106,44,2,190,70,23,1,-1,-1,-1
106,45,14,177,73,21,1,-1,-1,-1
106,56,437,63,14,17,1,-1,-1,-1
106,57,394,61,14,13,1,-1,-1,-1
106,58,782,433,103,106,1,-1,-1,-1
107,0,625,264,52,52,1,-1,-1,-1
107,1,577,162,27,27,1,-1,-1,-1
107,4,549,123,24,19,1,-1,-1,-1
107,5,573,109,20,19,1,-1,-1,-1
107,6,496,79,15,17,1,-1,-1,-1
107,7,534,100,19,15,1,-1,-1,-1
107,8,551,92,19,15,1,-1,-1,-1
107,9,568,86,19,13,1,-1,-1,-1
107,10,659,115,27,19,1,-1,-1,-1
107,11,536,82,18,13,1,-1,-1,-1
107,12,527,69,14,13,1,-1,-1,-1
107,13,543,67,16,11,1,-1,-1,-1
107,14,514,75,14,17,1,-1,-1,-1
107,15,487,67,14,13,1,-1,-1,-1
107,17,497,55,15,21,1,-1,-1,-1
107,18,526,46,18,19,1,-1,-1,-1
107,19,983,173,40,30,1,-1,-1,-1
107,20,902,185,53,23,1,-1,-1,-1
107,21,876,171,49,25,1,-1,-1,-1
107,22,851,163,40,19,1,-1,-1,-1
107,23,828,150,44,21,1,-1,-1,-1
107,24,808,136,48,17,1,-1,-1,-1
107,25,784,117,61,27,1,-1,-1,-1
107,28,848,120,41,21,1,-1,-1,-1
107,35,0,125,31,15,1,-1,-1,-1
107,36,0,111,49,18,1,-1,-1,-1
107,37,28,98,47,15,1,-1,-1,-1
107,38,74,82,40,11,1,-1,-1,-1
107,39,28,165,67,21,1,-1,-1,-1
107,40,86,75,36,11,1,-1,-1,-1
107,41,75,63,49,17,1,-1,-1,-1
107,43,0,88,19,17,1,-1,-1,-1
107,44,0,192,76,23,1,-1,-1,-1
107,45,14,177,77,22,1,-1,-1,-1
107,56,440,65,14,17,1,-1,-1,-1
107,57,397,61,14,13,1,-1,-1,-1
107,58,779,426,99,113,1,-1,-1,-1
108,0,625,264,50,52,1,-1,-1,-1
108,1,578,162,27,27,1,-1,-1,-1
108,4,551,123,24,19,1,-1,-1,-1
108,5,574,109,20,19,1,-1,-1,-1
108,6,497,79,15,17,1,-1,-1,-1
108,7,535,100,19,15,1,-1,-1,-1
108,8,552,92,19,15,1,-1,-1,-1
108,9,569,86,19,13,1,-1,-1,-1
108,10,659,115,27,19,1,-1,-1,-1
108,11,538,82,18,13,1,-1,-1,-1
108,12,530,69,14,13,1,-1,-1,-1
108,13,545,67,14,11,1,-1,-1,-1
108,14,514,75,14,17,1,-1,-1,-1
108,15,488,67,14,13,1,-1,-1,-1
108,17,498,55,15,21,1,-1,-1,-1
108,18,527,46,18,19,1,-1,-1,-1
108,19,987,175,36,30,1,-1,-1,-1
108,20,905,185,53,23,1,-1,-1,-1
108,21,879,173,54,24,1,-1,-1,-1
108,22,855,163,40,19,1,-1,-1,-1
108,23,830,152,44,21,1,-1,-1,-1
108,24,811,136,49,17,1,-1,-1,-1
108,25,787,117,61,28,1,-1,-1,-1
108,28,852,120,40,21,1,-1,-1,-1
108,35,0,125,33,15,1,-1,-1,-1
108,36,0,111,51,18,1,-1,-1,-1
108,37,30,98,47,15,1,-1,-1,-1
108,38,77,82,40,11,1,-1,-1,-1
108,39,30,165,67,21,1,-1,-1,-1
108,40,87,75,36,11,1,-1,-1,-1
108,41,78,63,49,17,1,-1,-1,-1
108,43,0,88,21,17,1,-1,-1,-1
108,44,5,190,70,23,1,-1,-1,-1
108,45,14,177,77,21,1,-1,-1,-1
108,46,19,61,35,22,1,-1,-1,-1
108,47,127,55,30,23,1,-1,-1,-1
108,56,441,65,14,17,1,-1,-1,-1
108,57,398,61,14,13,1,-1,-1,-1
108,58,778,426,98,107,1,-1,-1,-1
109,0,625,264,52,52,1,-1,-1,-1
109,1,579,162,27,25,1,-1,-1,-1
109,4,552,123,24,19,1,-1,-1,-1
109,5,577,109,20,19,1,-1,-1,-1
109,6,498,79,15,17,1,-1,-1,-1
109,7,536,100,19,15,1,-1,-1,-1
109,8,552,92,19,15,1,-1,-1,-1
109,9,570,86,19,13,1,-1,-1,-1
109,10,662,117,27,19,1,-1,-1,-1
109,11,539,82,18,13,1,-1,-1,-1
109,12,530,69,14,13,1,-1,-1,-1
109,13,547,66,14,11,1,-1,-1,-1
109,14,515,75,14,17,1,-1,-1,-1
109,15,489,67,14,13,1,-1,-1,-1
109,17,500,55,15,21,1,-1,-1,-1
109,18,528,46,18,19,1,-1,-1,-1
109,19,990,175,33,30,1,-1,-1,-1
109,20,907,187,53,23,1,-1,-1,-1
109,21,881,173,53,23,1,-1,-1,-1
109,22,856,165,40,19,1,-1,-1,-1
109,23,834,152,44,21,1,-1,-1,-1
109,24,813,136,50,17,1,-1,-1,-1
109,25,788,117,66,28,1,-1,-1,-1
109,28,855,121,39,20,1,-1,-1,-1
109,35,0,125,34,15,1,-1,-1,-1
109,36,0,111,52,17,1,-1,-1,-1
109,37,31,98,47,15,1,-1,-1,-1
109,38,78,82,40,11,1,-1,-1,-1
109,39,31,165,67,21,1,-1,-1,-1
109,40,88,75,36,11,1,-1,-1,-1
109,41,79,63,49,17,1,-1,-1,-1
109,43,0,88,22,16,1,-1,-1,-1
109,44,2,190,77,27,1,-1,-1,-1
109,45,15,177,77,21,1,-1,-1,-1
109,46,20,61,35,21,1,-1,-1,-1
109,47,129,55,30,23,1,-1,-1,-1
109,56,442,65,14,17,1,-1,-1,-1
109,57,399,61,14,13,1,-1,-1,-1
109,58,777,420,96,104,1,-1,-1,-1
110,0,628,264,49,50,1,-1,-1,-1
110,1,579,160,27,25,1,-1,-1,-1
110,4,553,123,24,19,1,-1,-1,-1
110,5,578,109,20,19,1,-1,-1,-1
110,6,501,79,15,17,1,-1,-1,-1
110,7,538,100,19,15,1,-1,-1,-1
110,8,553,92,19,15,1,-1,-1,-1
110,9,572,86,19,13,1,-1,-1,-1
110,10,663,117,27,19,1,-1,-1,-1
110,11,540,82,18,13,1,-1,-1,-1
110,12,532,69,14,13,1,-1,-1,-1
110,13,548,66,14,12,1,-1,-1,-1
110,14,518,75,14,17,1,-1,-1,-1
110,15,491,67,14,13,1,-1,-1,-1
110,17,503,55,15,21,1,-1,-1,-1
110,18,530,46,18,19,1,-1,-1,-1
110,19,996,177,27,30,1,-1,-1,-1
110,20,912,189,50,23,1,-1,-1,-1
110,21,885,175,53,23,1,-1,-1,-1
110,22,859,165,40,19,1,-1,-1,-1
110,23,835,154,44,21,1,-1,-1,-1
110,24,816,136,50,17,1,-1,-1,-1
110,25,791,117,66,28,1,-1,-1,-1
110,28,859,123,40,19,1,-1,-1,-1
110,35,0,125,36,15,1,-1,-1,-1
110,36,1,111,52,18,1,-1,-1,-1
110,37,32,98,47,15,1,-1,-1,-1
110,38,80,82,40,11,1,-1,-1,-1
110,39,31,165,67,21,1,-1,-1,-1
110,40,91,75,36,11,1,-1,-1,-1
110,41,83,63,47,17,1,-1,-1,-1
110,43,1,88,22,15,1,-1,-1,-1
110,44,0,190,82,28,1,-1,-1,-1
110,45,16,177,74,21,1,-1,-1,-1
110,46,23,61,35,21,1,-1,-1,-1
110,47,130,55,30,23,1,-1,-1,-1
110,56,445,65,14,17,1,-1,-1,-1
110,57,402,63,14,13,1,-1,-1,-1
110,58,774,414,96,104,1,-1,-1,-1
111,0,633,264,45,46,1,-1,-1,-1
111,1,582,160,27,27,1,-1,-1,-1
111,4,556,123,24,19,1,-1,-1,-1
111,5,578,109,20,19,1,-1,-1,-1
111,6,502,79,15,17,1,-1,-1,-1
111,7,539,100,19,15,1,-1,-1,-1
111,8,556,92,19,15,1,-1,-1,-1
111,9,573,86,19,13,1,-1,-1,-1
111,10,666,117,27,19,1,-1,-1,-1
111,11,542,82,18,13,1,-1,-1,-1
111,12,534,69,14,13,1,-1,-1,-1
111,13,548,65,15,11,1,-1,-1,-1
111,14,518,75,14,17,1,-1,-1,-1
111,15,492,67,14,13,1,-1,-1,-1
111,17,504,55,15,21,1,-1,-1,-1
111,18,531,46,18,19,1,-1,-1,-1
111,19,1000,179,23,28,1,-1,-1,-1
111,20,916,190,50,23,1,-1,-1,-1
111,21,889,175,53,23,1,-1,-1,-1
111,22,863,167,40,19,1,-1,-1,-1
111,23,838,154,44,21,1,-1,-1,-1
111,24,818,137,50,18,1,-1,-1,-1
111,25,792,117,66,30,1,-1,-1,-1
111,28,862,123,39,21,1,-1,-1,-1
111,35,0,125,38,15,1,-1,-1,-1
111,36,4,111,53,19,1,-1,-1,-1
111,37,35,98,47,15,1,-1,-1,-1
111,38,82,82,40,11,1,-1,-1,-1
111,39,32,165,69,21,1,-1,-1,-1
111,40,92,75,36,11,1,-1,-1,-1
111,41,83,61,45,17,1,-1,-1,-1
111,43,0,88,25,18,1,-1,-1,-1
111,44,2,190,80,28,1,-1,-1,-1
111,45,18,177,77,21,1,-1,-1,-1
111,46,24,61,35,21,1,-1,-1,-1
111,47,133,55,30,23,1,-1,-1,-1
111,48,3,66,21,17,1,-1,-1,-1
111,56,445,65,14,17,1,-1,-1,-1
111,57,403,63,14,13,1,-1,-1,-1
111,58,774,408,94,102,1,-1,-1,-1
112,0,632,262,48,48,1,-1,-1,-1
112,1,583,160,27,27,1,-1,-1,-1
112,4,557,123,24,19,1,-1,-1,-1
112,5,582,109,20,19,1,-1,-1,-1
112,6,504,79,15,17,1,-1,-1,-1
112,7,542,100,19,15,1,-1,-1,-1
112,8,557,92,19,15,1,-1,-1,-1
112,9,576,86,19,13,1,-1,-1,-1
112,10,668,119,27,19,1,-1,-1,-1
112,11,543,82,18,13,1,-1,-1,-1
112,12,536,70,14,13,1,-1,-1,-1
112,13,551,65,16,13,1,-1,-1,-1
112,14,522,75,14,17,1,-1,-1,-1
112,15,495,67,14,13,1,-1,-1,-1
112,17,505,55,15,21,1,-1,-1,-1
112,18,534,46,18,19,1,-1,-1,-1
112,19,1000,179,23,28,1,-1,-1,-1
112,20,919,192,52,23,1,-1,-1,-1
112,21,893,177,53,23,1,-1,-1,-1
112,22,865,167,45,21,1,-1,-1,-1
112,23,842,156,45,21,1,-1,-1,-1
112,24,822,138,51,17,1,-1,-1,-1
112,25,796,119,66,28,1,-1,-1,-1
112,28,865,123,41,18,1,-1,-1,-1
112,29,826,147,41,21,1,-1,-1,-1
112,35,1,125,40,15,1,-1,-1,-1
112,36,4,111,55,20,1,-1,-1,-1
112,37,36,98,47,15,1,-1,-1,-1
112,38,84,82,40,11,1,-1,-1,-1
112,39,36,165,67,21,1,-1,-1,-1
112,40,96,75,36,11,1,-1,-1,-1
112,41,87,63,44,15,1,-1,-1,-1
112,43,1,88,27,19,1,-1,-1,-1
112,44,3,190,80,28,1,-1,-1,-1
112,45,20,177,77,21,1,-1,-1,-1
112,46,28,61,33,21,1,-1,-1,-1
112,47,134,55,30,23,1,-1,-1,-1
112,48,6,65,20,17,1,-1,-1,-1
112,56,449,67,14,17,1,-1,-1,-1
112,57,406,63,14,13,1,-1,-1,-1
112,58,773,403,91,100,1,-1,-1,-1
113,0,632,262,49,50,1,-1,-1,-1
113,1,585,160,27,27,1,-1,-1,-1
113,4,559,123,24,19,1,-1,-1,-1
113,5,582,109,20,19,1,-1,-1,-1
113,6,505,79,15,17,1,-1,-1,-1
113,7,543,100,19,15,1,-1,-1,-1
113,8,560,92,19,15,1,-1,-1,-1
113,9,578,86,19,13,1,-1,-1,-1
113,10,671,119,27,19,1,-1,-1,-1
113,11,547,82,18,13,1,-1,-1,-1
113,12,538,70,14,13,1,-1,-1,-1
113,13,554,66,14,11,1,-1,-1,-1
113,14,522,73,14,17,1,-1,-1,-1
113,15,497,67,14,13,1,-1,-1,-1
113,17,508,55,15,21,1,-1,-1,-1
113,18,536,46,18,19,1,-1,-1,-1
113,20,923,192,54,25,1,-1,-1,-1
113,21,897,177,53,23,1,-1,-1,-1
113,22,868,167,44,21,1,-1,-1,-1
113,23,846,156,44,21,1,-1,-1,-1
113,24,825,138,50,17,1,-1,-1,-1
113,25,799,119,66,30,1,-1,-1,-1
113,28,868,123,41,20,1,-1,-1,-1
113,29,829,148,40,21,1,-1,-1,-1
113,35,0,125,43,15,1,-1,-1,-1
113,36,10,112,49,17,1,-1,-1,-1
113,37,40,98,47,15,1,-1,-1,-1
113,38,87,82,40,11,1,-1,-1,-1
113,39,37,165,67,21,1,-1,-1,-1
113,40,97,75,36,11,1,-1,-1,-1
113,41,91,63,44,15,1,-1,-1,-1
113,43,3,88,26,19,1,-1,-1,-1
113,44,3,190,82,28,1,-1,-1,-1
113,45,23,177,77,21,1,-1,-1,-1
113,46,31,61,35,21,1,-1,-1,-1
113,47,138,55,28,23,1,-1,-1,-1
113,48,9,65,20,17,1,-1,-1,-1
113,56,450,67,14,17,1,-1,-1,-1
113,57,408,63,14,13,1,-1,-1,-1
113,58,771,397,91,98,1,-1,-1,-1
114,0,633,262,49,50,1,-1,-1,-1
114,1,586,160,27,27,1,-1,-1,-1
114,4,561,123,24,19,1,-1,-1,-1
114,5,585,109,20,19,1,-1,-1,-1
114,6,508,79,15,17,1,-1,-1,-1
114,7,545,100,19,15,1,-1,-1,-1
114,8,563,92,19,15,1,-1,-1,-1
114,9,579,86,19,13,1,-1,-1,-1
114,10,673,119,27,19,1,-1,-1,-1
114,11,548,82,18,13,1,-1,-1,-1
114,12,540,70,14,13,1,-1,-1,-1
114,13,556,66,14,11,1,-1,-1,-1
114,14,526,75,14,17,1,-1,-1,-1
114,15,500,67,14,13,1,-1,-1,-1
114,17,509,54,15,21,1,-1,-1,-1
114,18,539,46,18,19,1,-1,-1,-1
114,20,927,194,54,25,1,-1,-1,-1
114,21,901,179,53,23,1,-1,-1,-1
114,22,872,169,44,21,1,-1,-1,-1
114,23,848,156,44,21,1,-1,-1,-1
114,24,828,140,50,17,1,-1,-1,-1
114,25,803,119,66,30,1,-1,-1,-1
114,28,873,124,40,19,1,-1,-1,-1
114,29,834,148,37,19,1,-1,-1,-1
114,35,0,125,45,15,1,-1,-1,-1
114,36,14,111,50,18,1,-1,-1,-1
114,37,41,98,47,15,1,-1,-1,-1
114,38,90,82,40,11,1,-1,-1,-1
114,39,40,165,67,21,1,-1,-1,-1
114,40,101,75,36,11,1,-1,-1,-1
114,41,94,63,44,15,1,-1,-1,-1
114,43,3,88,28,18,1,-1,-1,-1
114,44,6,190,82,28,1,-1,-1,-1
114,45,23,177,77,21,1,-1,-1,-1
114,46,33,61,35,21,1,-1,-1,-1
114,47,141,55,28,23,1,-1,-1,-1
114,48,11,65,20,17,1,-1,-1,-1
114,56,453,67,14,17,1,-1,-1,-1
114,57,411,65,14,13,1,-1,-1,-1
114,58,770,393,91,98,1,-1,-1,-1
115,0,637,260,52,51,1,-1,-1,-1
115,1,587,158,30,29,1,-1,-1,-1
115,4,564,123,24,19,1,-1,-1,-1
115,5,588,110,20,19,1,-1,-1,-1
115,6,509,79,15,17,1,-1,-1,-1
115,7,548,100,19,15,1,-1,-1,-1
115,8,565,92,19,15,1,-1,-1,-1
115,9,581,86,19,13,1,-1,-1,-1
115,10,676,119,28,19,1,-1,-1,-1
115,11,549,81,18,13,1,-1,-1,-1
115,12,542,70,14,13,1,-1,-1,-1
115,13,558,66,15,11,1,-1,-1,-1
115,14,526,73,14,17,1,-1,-1,-1
115,15,501,67,14,13,1,-1,-1,-1
115,17,512,55,15,21,1,-1,-1,-1
115,18,543,47,15,17,1,-1,-1,-1
115,20,932,194,52,23,1,-1,-1,-1
115,21,903,179,53,23,1,-1,-1,-1
115,22,876,169,44,21,1,-1,-1,-1
115,23,852,158,44,21,1,-1,-1,-1
115,24,830,140,50,17,1,-1,-1,-1
115,25,807,119,66,30,1,-1,-1,-1
115,28,876,125,40,19,1,-1,-1,-1
115,29,834,150,40,21,1,-1,-1,-1
115,35,0,125,47,15,1,-1,-1,-1
115,36,14,111,52,19,1,-1,-1,-1
115,37,44,96,47,15,1,-1,-1,-1
115,38,90,81,40,11,1,-1,-1,-1
115,39,40,165,67,21,1,-1,-1,-1
115,40,103,75,36,11,1,-1,-1,-1
115,41,93,62,51,19,1,-1,-1,-1
115,43,5,88,30,18,1,-1,-1,-1
115,44,7,190,82,28,1,-1,-1,-1
115,45,26,177,77,21,1,-1,-1,-1
115,46,36,61,35,21,1,-1,-1,-1
115,47,142,54,30,23,1,-1,-1,-1
115,48,14,65,20,17,1,-1,-1,-1
115,56,455,69,14,17,1,-1,-1,-1
115,57,412,65,14,13,1,-1,-1,-1
115,58,769,387,91,98,1,-1,-1,-1
116,0,638,262,49,48,1,-1,-1,-1
116,1,590,159,28,25,1,-1,-1,-1
116,4,565,123,24,19,1,-1,-1,-1
116,5,589,110,20,19,1,-1,-1,-1
116,6,512,79,14,17,1,-1,-1,-1
116,7,548,100,19,15,1,-1,-1,-1
116,8,565,92,20,15,1,-1,-1,-1
116,9,582,86,19,13,1,-1,-1,-1
116,10,677,119,28,19,1,-1,-1,-1
116,11,552,81,18,13,1,-1,-1,-1
116,12,543,69,14,13,1,-1,-1,-1
116,13,559,65,15,12,1,-1,-1,-1
116,14,527,73,14,17,1,-1,-1,-1
116,15,502,67,14,13,1,-1,-1,-1
116,17,514,55,14,21,1,-1,-1,-1
116,18,544,46,14,17,1,-1,-1,-1
116,20,936,196,50,23,1,-1,-1,-1
116,21,906,181,53,23,1,-1,-1,-1
116,22,879,171,44,21,1,-1,-1,-1
116,23,855,158,44,21,1,-1,-1,-1
116,24,834,140,50,17,1,-1,-1,-1
116,25,809,121,65,28,1,-1,-1,-1
116,28,880,125,40,19,1,-1,-1,-1
116,29,838,150,40,21,1,-1,-1,-1
116,35,0,125,49,15,1,-1,-1,-1
116,36,15,111,52,19,1,-1,-1,-1
116,37,47,98,47,15,1,-1,-1,-1
116,38,91,81,40,11,1,-1,-1,-1
116,39,40,165,66,21,1,-1,-1,-1
116,40,105,75,36,11,1,-1,-1,-1
116,41,95,61,50,19,1,-1,-1,-1
116,43,9,89,26,17,1,-1,-1,-1
116,44,10,190,82,28,1,-1,-1,-1
116,45,27,177,77,21,1,-1,-1,-1
116,46,39,61,35,21,1,-1,-1,-1
116,47,144,55,30,23,1,-1,-1,-1
116,48,16,65,20,17,1,-1,-1,-1
116,56,458,69,14,17,1,-1,-1,-1
116,57,415,65,14,13,1,-1,-1,-1
116,58,768,381,91,98,1,-1,-1,-1
117,0,642,262,47,46,1,-1,-1,-1
117,1,591,159,29,27,1,-1,-1,-1
117,4,565,123,24,19,1,-1,-1,-1
117,5,591,110,19,19,1,-1,-1,-1
117,6,514,80,14,17,1,-1,-1,-1
117,7,551,100,19,15,1,-1,-1,-1
117,8,566,92,19,15,1,-1,-1,-1
117,9,584,86,19,13,1,-1,-1,-1
117,10,680,121,27,19,1,-1,-1,-1
117,11,553,81,18,13,1,-1,-1,-1
117,12,545,69,14,13,1,-1,-1,-1
117,13,560,65,14,11,1,-1,-1,-1
117,14,531,74,14,17,1,-1,-1,-1
117,15,504,67,14,13,1,-1,-1,-1
117,17,514,55,14,21,1,-1,-1,-1
117,18,547,46,14,17,1,-1,-1,-1
117,20,939,198,50,23,1,-1,-1,-1
117,21,908,181,60,26,1,-1,-1,-1
117,22,881,171,44,24,1,-1,-1,-1
117,23,859,160,44,21,1,-1,-1,-1
117,24,837,140,50,17,1,-1,-1,-1
117,25,812,121,66,28,1,-1,-1,-1
117,28,884,125,40,19,1,-1,-1,-1
117,29,842,150,40,21,1,-1,-1,-1
117,35,0,125,50,15,1,-1,-1,-1
117,36,18,111,52,19,1,-1,-1,-1
117,37,48,96,47,15,1,-1,-1,-1
117,38,94,81,40,11,1,-1,-1,-1
117,39,43,165,66,21,1,-1,-1,-1
117,40,107,75,36,11,1,-1,-1,-1
117,41,97,61,50,19,1,-1,-1,-1
117,43,9,88,29,19,1,-1,-1,-1
117,44,11,192,80,28,1,-1,-1,-1
117,45,27,177,77,21,1,-1,-1,-1
117,46,40,61,35,21,1,-1,-1,-1
117,47,147,55,28,23,1,-1,-1,-1
117,48,19,65,20,17,1,-1,-1,-1
117,56,460,69,14,17,1,-1,-1,-1
117,57,416,67,14,13,1,-1,-1,-1
117,58,768,376,88,96,1,-1,-1,-1
118,0,641,260,52,50,1,-1,-1,-1
118,1,593,158,28,27,1,-1,-1,-1
118,4,568,123,24,19,1,-1,-1,-1
118,5,591,109,19,19,1,-1,-1,-1
118,6,514,78,16,18,1,-1,-1,-1
118,7,552,100,19,15,1,-1,-1,-1
118,8,568,92,20,15,1,-1,-1,-1
118,9,585,86,19,13,1,-1,-1,-1
118,10,683,119,27,19,1,-1,-1,-1
118,11,555,81,18,13,1,-1,-1,-1
118,12,547,69,14,13,1,-1,-1,-1
118,13,562,66,14,11,1,-1,-1,-1
118,14,532,74,14,17,1,-1,-1,-1
118,15,505,67,14,13,1,-1,-1,-1
118,17,517,55,14,21,1,-1,-1,-1
118,18,548,46,14,17,1,-1,-1,-1
118,20,944,198,50,23,1,-1,-1,-1
118,21,910,182,61,28,1,-1,-1,-1
118,22,885,171,44,23,1,-1,-1,-1
118,23,860,160,44,21,1,-1,-1,-1
118,24,839,142,50,17,1,-1,-1,-1
118,25,815,123,62,28,1,-1,-1,-1
118,28,885,127,41,21,1,-1,-1,-1
118,29,843,152,41,21,1,-1,-1,-1
118,35,2,125,49,15,1,-1,-1,-1
118,36,19,111,52,19,1,-1,-1,-1
118,37,49,98,47,15,1,-1,-1,-1
118,38,96,81,40,11,1,-1,-1,-1
118,39,43,165,66,21,1,-1,-1,-1
118,40,108,75,36,11,1,-1,-1,-1
118,41,97,61,50,19,1,-1,-1,-1
118,43,10,88,29,19,1,-1,-1,-1
118,44,11,190,80,28,1,-1,-1,-1
118,45,30,177,77,21,1,-1,-1,-1
118,46,43,61,33,21,1,-1,-1,-1
118,47,147,55,30,23,1,-1,-1,-1
118,48,20,65,20,17,1,-1,-1,-1
118,56,462,70,14,17,1,-1,-1,-1
118,57,417,67,14,13,1,-1,-1,-1
118,58,768,374,81,90,1,-1,-1,-1
119,0,640,259,49,49,1,-1,-1,-1
119,1,593,158,28,27,1,-1,-1,-1
119,4,569,123,24,19,1,-1,-1,-1
119,5,592,109,19,19,1,-1,-1,-1
119,6,514,77,15,17,1,-1,-1,-1
119,7,553,100,19,15,1,-1,-1,-1
119,8,569,92,19,15,1,-1,-1,-1
119,9,586,86,19,13,1,-1,-1,-1
119,10,684,121,27,19,1,-1,-1,-1
119,11,556,81,18,13,1,-1,-1,-1
119,12,548,69,14,13,1,-1,-1,-1
119,13,563,66,14,11,1,-1,-1,-1
119,14,533,74,14,17,1,-1,-1,-1
119,15,506,67,14,13,1,-1,-1,-1
119,17,518,55,14,21,1,-1,-1,-1
119,18,548,46,14,17,1,-1,-1,-1
119,20,945,198,52,23,1,-1,-1,-1
119,21,914,183,55,26,1,-1,-1,-1
119,22,886,173,45,23,1,-1,-1,-1
119,23,864,162,44,21,1,-1,-1,-1
119,24,842,142,52,17,1,-1,-1,-1
119,25,814,123,65,31,1,-1,-1,-1
119,28,886,127,42,21,1,-1,-1,-1
119,29,846,152,40,21,1,-1,-1,-1
119,35,0,125,52,16,1,-1,-1,-1
119,36,22,111,52,19,1,-1,-1,-1
119,37,52,96,47,15,1,-1,-1,-1
119,38,97,81,40,11,1,-1,-1,-1
119,39,44,165,66,21,1,-1,-1,-1
119,40,111,75,36,11,1,-1,-1,-1
119,41,100,63,50,19,1,-1,-1,-1
119,43,10,90,29,18,1,-1,-1,-1
119,44,11,192,80,28,1,-1,-1,-1
119,45,30,179,77,21,1,-1,-1,-1
119,46,44,61,35,21,1,-1,-1,-1
119,47,148,55,30,23,1,-1,-1,-1
119,48,23,65,20,17,1,-1,-1,-1
119,56,463,69,14,17,1,-1,-1,-1
119,57,420,67,14,13,1,-1,-1,-1
119,58,765,370,78,88,1,-1,-1,-1
120,0,641,260,48,49,1,-1,-1,-1
120,1,594,159,27,25,1,-1,-1,-1
120,4,569,123,24,19,1,-1,-1,-1
120,5,594,109,19,19,1,-1,-1,-1
120,6,515,77,15,17,1,-1,-1,-1
120,7,555,100,19,15,1,-1,-1,-1
120,8,569,92,19,15,1,-1,-1,-1
120,9,587,86,19,13,1,-1,-1,-1
120,10,685,121,27,19,1,-1,-1,-1
120,11,556,81,18,13,1,-1,-1,-1
120,12,548,69,14,13,1,-1,-1,-1
120,13,562,65,14,11,1,-1,-1,-1
120,14,534,73,14,17,1,-1,-1,-1
120,15,509,67,14,13,1,-1,-1,-1
120,17,518,54,14,21,1,-1,-1,-1
120,18,551,46,14,17,1,-1,-1,-1
120,20,948,200,53,23,1,-1,-1,-1
120,21,915,182,61,28,1,-1,-1,-1
120,22,889,175,45,24,1,-1,-1,-1
120,23,867,163,44,21,1,-1,-1,-1
120,24,843,142,50,17,1,-1,-1,-1
120,25,817,123,65,32,1,-1,-1,-1
120,28,889,127,41,21,1,-1,-1,-1
120,29,848,152,40,21,1,-1,-1,-1
120,35,0,125,54,15,1,-1,-1,-1
120,36,23,111,53,19,1,-1,-1,-1
120,37,53,98,47,15,1,-1,-1,-1
120,38,97,81,40,11,1,-1,-1,-1
120,39,44,165,66,21,1,-1,-1,-1
120,40,111,75,36,11,1,-1,-1,-1
120,41,101,61,50,19,1,-1,-1,-1
120,43,10,90,28,17,1,-1,-1,-1
120,44,11,192,79,28,1,-1,-1,-1
120,45,31,179,77,21,1,-1,-1,-1
120,46,45,61,35,21,1,-1,-1,-1
120,47,151,54,30,23,1,-1,-1,-1
120,48,24,65,20,17,1,-1,-1,-1
120,56,466,71,14,17,1,-1,-1,-1
120,57,420,67,14,13,1,-1,-1,-1
120,58,765,366,75,84,1,-1,-1,-1
121,0,641,256,52,52,1,-1,-1,-1
121,1,596,159,28,26,1,-1,-1,-1
121,4,570,123,24,19,1,-1,-1,-1
121,5,595,109,19,19,1,-1,-1,-1
121,6,518,77,15,17,1,-1,-1,-1
121,7,556,100,19,15,1,-1,-1,-1
121,8,572,92,19,15,1,-1,-1,-1
121,9,587,86,19,13,1,-1,-1,-1
121,10,688,121,27,19,1,-1,-1,-1
121,11,557,81,18,13,1,-1,-1,-1
121,12,549,69,14,13,1,-1,-1,-1
121,13,561,67,14,11,1,-1,-1,-1
121,14,535,74,14,17,1,-1,-1,-1
121,15,510,67,14,13,1,-1,-1,-1
121,17,519,55,16,21,1,-1,-1,-1
121,18,552,46,14,17,1,-1,-1,-1
121,20,948,202,57,25,1,-1,-1,-1
121,21,918,185,59,26,1,-1,-1,-1
121,22,893,175,44,24,1,-1,-1,-1
121,23,868,163,44,21,1,-1,-1,-1
121,24,846,144,50,17,1,-1,-1,-1
121,25,818,123,65,32,1,-1,-1,-1
121,28,892,127,41,21,1,-1,-1,-1
121,29,851,154,40,21,1,-1,-1,-1
121,35,0,125,55,15,1,-1,-1,-1
121,36,23,111,52,19,1,-1,-1,-1
121,37,53,96,47,15,1,-1,-1,-1
121,38,100,81,40,11,1,-1,-1,-1
121,39,44,165,67,21,1,-1,-1,-1
121,41,103,61,50,19,1,-1,-1,-1
121,43,10,90,28,17,1,-1,-1,-1
121,44,11,192,79,28,1,-1,-1,-1
121,45,31,179,77,21,1,-1,-1,-1
121,46,48,59,35,21,1,-1,-1,-1
121,47,152,55,30,23,1,-1,-1,-1
121,48,26,65,20,17,1,-1,-1,-1
121,56,466,71,14,17,1,-1,-1,-1
121,57,421,67,14,13,1,-1,-1,-1
121,58,764,360,75,84,1,-1,-1,-1
122,0,642,254,50,50,1,-1,-1,-1
122,1,596,158,28,26,1,-1,-1,-1
122,4,573,123,24,19,1,-1,-1,-1
122,5,596,109,19,19,1,-1,-1,-1
122,6,519,77,15,17,1,-1,-1,-1
122,7,556,100,19,15,1,-1,-1,-1
122,8,572,92,19,15,1,-1,-1,-1
122,9,590,86,19,13,1,-1,-1,-1
122,10,689,121,27,19,1,-1,-1,-1
122,11,559,81,18,13,1,-1,-1,-1
122,12,551,69,14,13,1,-1,-1,-1
122,13,565,65,15,11,1,-1,-1,-1
122,14,536,73,14,17,1,-1,-1,-1
122,15,510,67,14,13,1,-1,-1,-1
122,17,521,54,14,21,1,-1,-1,-1
122,18,553,46,14,17,1,-1,-1,-1
122,20,950,202,56,26,1,-1,-1,-1
122,21,923,187,53,23,1,-1,-1,-1
122,22,893,175,52,23,1,-1,-1,-1
122,23,871,163,44,21,1,-1,-1,-1
122,24,846,144,56,19,1,-1,-1,-1
122,25,819,123,67,32,1,-1,-1,-1
122,28,894,129,40,21,1,-1,-1,-1
122,29,852,154,41,21,1,-1,-1,-1
122,35,1,125,55,16,1,-1,-1,-1
122,36,23,111,52,19,1,-1,-1,-1
122,37,54,98,47,15,1,-1,-1,-1
122,38,100,81,40,11,1,-1,-1,-1
122,39,45,165,66,21,1,-1,-1,-1
122,41,104,61,50,19,1,-1,-1,-1
122,43,13,90,28,17,1,-1,-1,-1
122,44,13,194,79,28,1,-1,-1,-1
122,45,31,179,77,21,1,-1,-1,-1
122,46,48,59,35,21,1,-1,-1,-1
122,47,154,55,30,23,1,-1,-1,-1
122,48,27,65,20,17,1,-1,-1,-1
122,56,467,71,14,17,1,-1,-1,-1
122,57,424,69,14,13,1,-1,-1,-1
122,58,762,356,74,82,1,-1,-1,-1
123,0,643,257,48,48,1,-1,-1,-1
123,1,597,158,28,27,1,-1,-1,-1
123,4,573,123,24,19,1,-1,-1,-1
123,5,598,110,19,19,1,-1,-1,-1
123,6,519,79,15,17,1,-1,-1,-1
123,7,556,100,19,15,1,-1,-1,-1
123,8,573,90,19,15,1,-1,-1,-1
123,9,590,84,19,13,1,-1,-1,-1
123,10,690,123,27,19,1,-1,-1,-1
123,11,560,81,18,13,1,-1,-1,-1
123,12,552,69,14,13,1,-1,-1,-1
123,13,566,65,16,12,1,-1,-1,-1
123,14,538,73,14,17,1,-1,-1,-1
123,15,512,67,14,13,1,-1,-1,-1
123,17,522,55,14,21,1,-1,-1,-1
123,18,553,46,14,17,1,-1,-1,-1
123,20,953,202,56,27,1,-1,-1,-1
123,21,923,184,60,29,1,-1,-1,-1
123,22,897,176,47,23,1,-1,-1,-1
123,23,872,165,44,21,1,-1,-1,-1
123,24,847,144,57,19,1,-1,-1,-1
123,25,822,125,65,31,1,-1,-1,-1
123,28,894,129,41,21,1,-1,-1,-1
123,29,855,154,41,21,1,-1,-1,-1
123,35,0,125,55,15,1,-1,-1,-1
123,36,24,111,52,19,1,-1,-1,-1
123,37,54,98,47,15,1,-1,-1,-1
123,38,101,81,40,11,1,-1,-1,-1
123,39,47,167,66,21,1,-1,-1,-1
123,41,104,61,50,19,1,-1,-1,-1
123,43,11,90,28,17,1,-1,-1,-1
123,44,14,194,78,27,1,-1,-1,-1
123,45,31,179,77,21,1,-1,-1,-1
123,46,49,59,35,21,1,-1,-1,-1
123,47,155,55,30,23,1,-1,-1,-1
123,48,27,65,20,17,1,-1,-1,-1
123,56,468,73,14,17,1,-1,-1,-1
123,57,425,69,14,13,1,-1,-1,-1
123,58,762,354,74,77,1,-1,-1,-1
124,0,643,259,50,48,1,-1,-1,-1
124,1,597,158,28,26,1,-1,-1,-1
124,4,573,123,25,19,1,-1,-1,-1
124,5,598,110,19,19,1,-1,-1,-1
124,6,521,79,15,17,1,-1,-1,-1
124,7,557,100,19,15,1,-1,-1,-1
124,8,573,92,19,15,1,-1,-1,-1
124,9,590,86,19,13,1,-1,-1,-1
124,10,692,123,27,19,1,-1,-1,-1
124,11,560,79,18,13,1,-1,-1,-1
124,12,552,69,14,13,1,-1,-1,-1
124,13,567,66,14,11,1,-1,-1,-1
124,14,537,73,14,17,1,-1,-1,-1
124,15,512,67,14,13,1,-1,-1,-1
124,17,522,55,14,21,1,-1,-1,-1
124,18,553,46,14,17,1,-1,-1,-1
124,20,957,204,52,25,1,-1,-1,-1
124,21,924,187,61,27,1,-1,-1,-1
124,22,898,177,44,21,1,-1,-1,-1
124,23,873,165,44,21,1,-1,-1,-1
124,24,848,144,57,19,1,-1,-1,-1
124,25,825,125,64,31,1,-1,-1,-1
124,28,897,129,41,21,1,-1,-1,-1
124,29,855,156,41,21,1,-1,-1,-1
124,35,6,127,51,16,1,-1,-1,-1
124,36,24,111,52,19,1,-1,-1,-1
124,37,56,98,47,15,1,-1,-1,-1
124,38,101,81,40,11,1,-1,-1,-1
124,39,45,167,66,21,1,-1,-1,-1
124,41,105,61,50,19,1,-1,-1,-1
124,43,13,92,27,17,1,-1,-1,-1
124,44,13,193,79,28,1,-1,-1,-1
124,45,31,181,77,21,1,-1,-1,-1
124,46,49,59,35,21,1,-1,-1,-1
124,47,155,55,30,23,1,-1,-1,-1
124,48,27,65,20,17,1,-1,-1,-1
124,56,468,73,15,18,1,-1,-1,-1
124,57,425,69,15,15,1,-1,-1,-1
124,58,761,349,71,79,1,-1,-1,-1
125,0,645,257,48,49,1,-1,-1,-1
125,1,596,158,29,26,1,-1,-1,-1
125,4,574,123,23,19,1,-1,-1,-1
125,5,598,110,21,21,1,-1,-1,-1
125,6,521,79,15,17,1,-1,-1,-1
125,7,559,100,19,15,1,-1,-1,-1
125,8,573,92,19,15,1,-1,-1,-1
125,9,590,86,19,13,1,-1,-1,-1
125,10,692,123,27,19,1,-1,-1,-1
125,11,561,81,18,13,1,-1,-1,-1
125,12,552,69,14,13,1,-1,-1,-1
125,13,567,66,14,11,1,-1,-1,-1
125,14,538,73,14,17,1,-1,-1,-1
125,15,513,67,14,13,1,-1,-1,-1
125,17,522,55,14,21,1,-1,-1,-1
125,18,556,46,14,17,1,-1,-1,-1
125,20,961,204,52,25,1,-1,-1,-1
125,21,926,187,61,27,1,-1,-1,-1
125,22,899,177,46,23,1,-1,-1,-1
125,23,875,165,44,24,1,-1,-1,-1
125,24,851,144,57,19,1,-1,-1,-1
125,25,823,125,68,31,1,-1,-1,-1
125,28,898,131,41,21,1,-1,-1,-1
125,29,858,156,41,21,1,-1,-1,-1
125,35,0,125,55,19,1,-1,-1,-1
125,36,24,111,52,19,1,-1,-1,-1
125,37,56,98,47,15,1,-1,-1,-1
125,38,101,81,40,11,1,-1,-1,-1
125,39,45,167,66,21,1,-1,-1,-1
125,41,105,63,50,19,1,-1,-1,-1
125,43,10,92,28,17,1,-1,-1,-1
125,44,11,194,79,28,1,-1,-1,-1
125,45,31,181,77,21,1,-1,-1,-1
125,46,50,61,33,21,1,-1,-1,-1
125,47,155,55,30,23,1,-1,-1,-1
125,48,28,65,20,17,1,-1,-1,-1
125,56,470,73,15,19,1,-1,-1,-1
125,57,424,69,14,15,1,-1,-1,-1
125,58,757,343,70,77,1,-1,-1,-1
126,0,642,255,48,48,1,-1,-1,-1
126,1,595,154,30,28,1,-1,-1,-1
126,4,574,123,23,19,1,-1,-1,-1
126,5,598,110,19,19,1,-1,-1,-1
126,6,521,79,15,17,1,-1,-1,-1
126,7,560,100,19,15,1,-1,-1,-1
126,8,573,92,19,15,1,-1,-1,-1
126,9,590,84,19,13,1,-1,-1,-1
126,10,693,123,27,19,1,-1,-1,-1
126,11,561,79,18,13,1,-1,-1,-1
126,12,552,69,14,13,1,-1,-1,-1
126,13,568,66,14,11,1,-1,-1,-1
126,14,538,73,14,17,1,-1,-1,-1
126,15,514,67,14,13,1,-1,-1,-1
126,17,522,54,14,21,1,-1,-1,-1
126,18,555,46,14,17,1,-1,-1,-1
126,20,960,206,54,25,1,-1,-1,-1
126,21,927,189,61,27,1,-1,-1,-1
126,22,899,179,49,23,1,-1,-1,-1
126,23,876,165,44,23,1,-1,-1,-1
126,24,851,146,57,19,1,-1,-1,-1
126,25,821,125,71,32,1,-1,-1,-1
126,28,899,131,43,21,1,-1,-1,-1
126,29,859,156,41,21,1,-1,-1,-1
126,35,0,125,54,19,1,-1,-1,-1
126,36,24,111,53,19,1,-1,-1,-1
126,37,56,98,47,15,1,-1,-1,-1
126,38,103,81,40,11,1,-1,-1,-1
126,39,47,167,66,21,1,-1,-1,-1
126,41,105,63,50,19,1,-1,-1,-1
126,43,9,94,28,17,1,-1,-1,-1
126,44,12,194,81,28,1,-1,-1,-1
126,45,31,181,78,23,1,-1,-1,-1
126,46,50,61,33,21,1,-1,-1,-1
126,47,155,55,30,23,1,-1,-1,-1
126,48,28,65,20,17,1,-1,-1,-1
126,56,470,75,16,18,1,-1,-1,-1
126,57,425,69,14,15,1,-1,-1,-1
126,58,757,343,71,74,1,-1,-1,-1
127,0,643,255,51,49,1,-1,-1,-1
127,1,596,156,30,28,1,-1,-1,-1
127,4,574,123,23,19,1,-1,-1,-1
127,5,599,111,19,19,1,-1,-1,-1
127,6,521,79,15,17,1,-1,-1,-1
127,7,560,100,19,15,1,-1,-1,-1
127,8,573,90,19,15,1,-1,-1,-1
127,9,590,86,19,13,1,-1,-1,-1
127,10,693,123,27,19,1,-1,-1,-1
127,11,561,81,18,13,1,-1,-1,-1
127,12,552,69,14,13,1,-1,-1,-1
127,13,568,65,14,11,1,-1,-1,-1
127,14,537,73,14,17,1,-1,-1,-1
127,15,514,65,14,13,1,-1,-1,-1
127,17,522,54,14,21,1,-1,-1,-1
127,18,556,46,14,17,1,-1,-1,-1
127,20,959,206,58,25,1,-1,-1,-1
127,21,928,190,61,27,1,-1,-1,-1
127,22,901,179,47,24,1,-1,-1,-1
127,23,877,167,44,23,1,-1,-1,-1
127,24,852,146,57,19,1,-1,-1,-1
127,25,824,125,70,32,1,-1,-1,-1
127,28,902,131,43,21,1,-1,-1,-1
127,29,860,158,40,21,1,-1,-1,-1
127,35,0,125,53,19,1,-1,-1,-1
127,36,23,113,52,19,1,-1,-1,-1
127,37,56,99,47,15,1,-1,-1,-1
127,38,103,82,40,11,1,-1,-1,-1
127,39,44,169,66,21,1,-1,-1,-1
127,41,104,63,50,19,1,-1,-1,-1
127,43,9,94,30,17,1,-1,-1,-1
127,44,10,196,79,28,1,-1,-1,-1
127,45,31,181,78,23,1,-1,-1,-1
127,46,50,61,33,21,1,-1,-1,-1
127,47,155,55,30,23,1,-1,-1,-1
127,48,28,65,20,17,1,-1,-1,-1
127,56,471,75,15,19,1,-1,-1,-1
127,57,425,71,14,15,1,-1,-1,-1
127,58,754,335,71,73,1,-1,-1,-1
128,0,644,252,49,48,1,-1,-1,-1
128,1,596,154,30,28,1,-1,-1,-1
128,4,576,123,23,19,1,-1,-1,-1
128,5,599,109,20,20,1,-1,-1,-1
128,6,521,79,15,17,1,-1,-1,-1
128,7,561,100,19,15,1,-1,-1,-1
128,8,574,92,19,15,1,-1,-1,-1
128,9,591,84,19,13,1,-1,-1,-1
128,10,694,125,27,19,1,-1,-1,-1
128,11,561,79,18,13,1,-1,-1,-1
128,12,552,69,14,13,1,-1,-1,-1
128,13,568,66,14,11,1,-1,-1,-1
128,14,539,71,14,17,1,-1,-1,-1
128,15,514,67,14,13,1,-1,-1,-1
128,17,523,55,14,21,1,-1,-1,-1
128,18,556,46,14,17,1,-1,-1,-1
128,20,962,206,57,25,1,-1,-1,-1
128,21,929,190,61,28,1,-1,-1,-1
128,22,903,179,48,24,1,-1,-1,-1
128,23,880,167,44,23,1,-1,-1,-1
128,24,855,146,57,19,1,-1,-1,-1
128,25,824,125,74,34,1,-1,-1,-1
128,28,902,131,43,21,1,-1,-1,-1
128,29,860,158,41,21,1,-1,-1,-1
128,35,0,125,54,19,1,-1,-1,-1
128,36,23,113,52,19,1,-1,-1,-1
128,37,54,98,47,15,1,-1,-1,-1
128,38,103,82,40,11,1,-1,-1,-1
128,39,44,169,66,21,1,-1,-1,-1
128,41,105,63,50,19,1,-1,-1,-1
128,43,7,94,28,17,1,-1,-1,-1
128,44,10,196,79,28,1,-1,-1,-1
128,45,30,181,78,23,1,-1,-1,-1
128,46,49,61,32,21,1,-1,-1,-1
128,47,155,55,30,23,1,-1,-1,-1
128,48,28,65,20,17,1,-1,-1,-1
128,56,471,76,16,19,1,-1,-1,-1
128,57,427,71,15,15,1,-1,-1,-1
128,58,755,335,68,69,1,-1,-1,-1
129,0,643,253,50,48,1,-1,-1,-1
129,1,598,156,27,27,1,-1,-1,-1
129,4,576,123,23,19,1,-1,-1,-1
129,5,599,111,19,19,1,-1,-1,-1
129,6,522,79,15,17,1,-1,-1,-1
129,7,561,100,19,15,1,-1,-1,-1
129,8,573,92,19,15,1,-1,-1,-1
129,9,590,86,19,13,1,-1,-1,-1
129,10,696,125,27,19,1,-1,-1,-1
129,11,561,81,18,13,1,-1,-1,-1
129,12,552,69,14,13,1,-1,-1,-1
129,13,568,66,15,12,1,-1,-1,-1
129,14,539,72,14,17,1,-1,-1,-1
129,15,514,67,14,13,1,-1,-1,-1
129,17,523,54,14,21,1,-1,-1,-1
129,18,556,46,14,17,1,-1,-1,-1
129,20,964,208,58,26,1,-1,-1,-1
129,21,932,192,62,28,1,-1,-1,-1
129,22,905,181,47,24,1,-1,-1,-1
129,23,881,169,44,23,1,-1,-1,-1
129,24,855,146,57,19,1,-1,-1,-1
129,25,828,127,67,30,1,-1,-1,-1
129,28,905,133,41,21,1,-1,-1,-1
129,29,862,158,41,21,1,-1,-1,-1
129,35,0,127,53,19,1,-1,-1,-1
129,36,24,113,52,19,1,-1,-1,-1
129,37,53,98,47,15,1,-1,-1,-1
129,38,103,82,40,11,1,-1,-1,-1
129,39,44,169,66,21,1,-1,-1,-1
129,41,105,63,50,19,1,-1,-1,-1
129,43,6,94,28,17,1,-1,-1,-1
129,44,9,198,82,28,1,-1,-1,-1
129,45,31,183,75,23,1,-1,-1,-1
129,46,50,61,32,21,1,-1,-1,-1
129,47,155,55,30,23,1,-1,-1,-1
129,48,28,65,20,17,1,-1,-1,-1
129,56,473,77,14,17,1,-1,-1,-1
129,57,427,71,15,16,1,-1,-1,-1
129,58,752,327,69,70,1,-1,-1,-1
130,0,644,253,48,48,1,-1,-1,-1
130,1,598,156,27,27,1,-1,-1,-1
130,4,576,123,23,19,1,-1,-1,-1
130,5,600,109,19,19,1,-1,-1,-1
130,6,522,79,15,17,1,-1,-1,-1
130,7,561,100,19,15,1,-1,-1,-1
130,8,574,90,19,15,1,-1,-1,-1
130,9,591,84,19,13,1,-1,-1,-1
130,10,697,125,27,19,1,-1,-1,-1
130,11,561,79,18,13,1,-1,-1,-1
130,12,553,69,14,13,1,-1,-1,-1
130,13,569,66,14,11,1,-1,-1,-1
130,14,539,71,14,17,1,-1,-1,-1
130,15,514,65,14,13,1,-1,-1,-1
130,17,523,54,14,21,1,-1,-1,-1
130,18,556,46,14,17,1,-1,-1,-1
130,20,965,208,57,25,1,-1,-1,-1
130,21,932,192,65,28,1,-1,-1,-1
130,22,906,181,49,23,1,-1,-1,-1
130,23,881,169,44,23,1,-1,-1,-1
130,24,855,146,58,19,1,-1,-1,-1
130,25,829,127,73,30,1,-1,-1,-1
130,28,906,133,41,21,1,-1,-1,-1
130,29,863,158,41,21,1,-1,-1,-1
130,35,0,127,52,19,1,-1,-1,-1
130,36,23,111,53,19,1,-1,-1,-1
130,37,53,98,47,15,1,-1,-1,-1
130,38,103,82,40,11,1,-1,-1,-1
130,39,44,169,66,21,1,-1,-1,-1
130,41,107,63,50,19,1,-1,-1,-1
130,43,6,96,30,17,1,-1,-1,-1
130,44,9,198,79,28,1,-1,-1,-1
130,45,30,183,78,23,1,-1,-1,-1
130,46,50,61,32,21,1,-1,-1,-1
130,47,155,55,30,23,1,-1,-1,-1
130,48,30,66,20,17,1,-1,-1,-1
130,56,472,77,16,18,1,-1,-1,-1
130,57,427,73,16,14,1,-1,-1,-1
130,58,750,326,68,67,1,-1,-1,-1
131,0,642,253,48,47,1,-1,-1,-1
131,1,598,154,27,27,1,-1,-1,-1
131,4,576,123,23,19,1,-1,-1,-1
131,5,600,111,19,19,1,-1,-1,-1
131,6,522,79,15,17,1,-1,-1,-1
131,7,561,100,19,15,1,-1,-1,-1
131,8,574,92,19,15,1,-1,-1,-1
131,9,591,84,19,13,1,-1,-1,-1
131,10,697,125,27,19,1,-1,-1,-1
131,11,561,79,18,13,1,-1,-1,-1
131,12,553,69,14,13,1,-1,-1,-1
131,13,570,66,14,11,1,-1,-1,-1
131,14,539,73,14,17,1,-1,-1,-1
131,15,514,67,14,13,1,-1,-1,-1
131,17,523,54,14,21,1,-1,-1,-1
131,18,557,46,14,17,1,-1,-1,-1
131,20,967,208,56,27,1,-1,-1,-1
131,21,935,192,61,28,1,-1,-1,-1
131,22,909,181,53,24,1,-1,-1,-1
131,23,882,169,49,23,1,-1,-1,-1
131,24,859,148,57,19,1,-1,-1,-1
131,25,829,127,72,31,1,-1,-1,-1
131,28,907,133,40,21,1,-1,-1,-1
131,29,864,160,41,21,1,-1,-1,-1
131,35,0,127,52,19,1,-1,-1,-1
131,36,23,113,53,19,1,-1,-1,-1
131,37,53,98,47,15,1,-1,-1,-1
131,38,103,82,40,11,1,-1,-1,-1
131,39,44,169,66,21,1,-1,-1,-1
131,41,105,63,50,19,1,-1,-1,-1
131,43,5,94,28,17,1,-1,-1,-1
131,44,7,200,78,27,1,-1,-1,-1
131,45,28,183,78,23,1,-1,-1,-1
131,46,50,61,32,21,1,-1,-1,-1
131,47,156,55,28,23,1,-1,-1,-1
131,48,30,65,19,17,1,-1,-1,-1
131,56,472,77,16,20,1,-1,-1,-1
131,57,428,73,15,13,1,-1,-1,-1
131,58,749,324,66,65,1,-1,-1,-1
132,0,641,252,49,46,1,-1,-1,-1
132,1,596,154,30,28,1,-1,-1,-1
132,4,576,123,23,19,1,-1,-1,-1
132,5,600,109,21,21,1,-1,-1,-1
132,6,522,79,15,17,1,-1,-1,-1
132,7,561,100,19,15,1,-1,-1,-1
132,8,574,90,19,16,1,-1,-1,-1
132,9,591,84,19,13,1,-1,-1,-1
132,10,697,127,27,19,1,-1,-1,-1
132,11,561,79,18,13,1,-1,-1,-1
132,12,553,69,14,13,1,-1,-1,-1
132,13,569,65,14,11,1,-1,-1,-1
132,14,539,72,14,17,1,-1,-1,-1
132,15,514,67,14,13,1,-1,-1,-1
132,17,523,54,14,21,1,-1,-1,-1
132,18,556,46,14,17,1,-1,-1,-1
132,20,971,210,52,25,1,-1,-1,-1
132,21,936,194,61,28,1,-1,-1,-1
132,22,910,182,53,23,1,-1,-1,-1
132,23,884,169,50,23,1,-1,-1,-1
132,24,859,148,57,19,1,-1,-1,-1
132,25,833,129,70,31,1,-1,-1,-1
132,28,907,135,41,21,1,-1,-1,-1
132,29,864,160,40,21,1,-1,-1,-1
132,35,0,127,52,19,1,-1,-1,-1
132,36,22,114,50,16,1,-1,-1,-1
132,37,53,98,47,15,1,-1,-1,-1
132,38,103,82,40,11,1,-1,-1,-1
132,39,43,171,66,21,1,-1,-1,-1
132,41,105,63,50,19,1,-1,-1,-1
132,43,3,96,28,17,1,-1,-1,-1
132,44,6,200,79,28,1,-1,-1,-1
132,45,28,185,75,23,1,-1,-1,-1
132,46,52,61,32,21,1,-1,-1,-1
132,47,155,55,30,23,1,-1,-1,-1
132,48,30,65,19,17,1,-1,-1,-1
132,56,471,77,15,19,1,-1,-1,-1
132,57,428,75,15,13,1,-1,-1,-1
132,58,748,320,66,65,1,-1,-1,-1
133,0,643,252,47,47,1,-1,-1,-1
133,1,597,156,27,24,1,-1,-1,-1
133,4,576,123,23,19,1,-1,-1,-1
133,5,599,109,21,20,1,-1,-1,-1
133,6,522,79,15,17,1,-1,-1,-1
133,7,561,100,19,15,1,-1,-1,-1
133,8,573,90,19,15,1,-1,-1,-1
133,9,591,84,19,13,1,-1,-1,-1
133,10,698,128,28,17,1,-1,-1,-1
133,11,561,79,18,13,1,-1,-1,-1
133,12,554,69,14,13,1,-1,-1,-1
133,13,569,65,14,11,1,-1,-1,-1
133,14,539,72,14,17,1,-1,-1,-1
133,15,514,67,14,13,1,-1,-1,-1
133,17,525,52,14,21,1,-1,-1,-1
133,18,559,45,14,17,1,-1,-1,-1
133,20,971,212,52,28,1,-1,-1,-1
133,21,937,194,62,28,1,-1,-1,-1
133,22,911,183,53,23,1,-1,-1,-1
133,23,885,171,51,23,1,-1,-1,-1
133,24,860,148,57,19,1,-1,-1,-1
133,25,833,129,74,31,1,-1,-1,-1
133,28,910,135,41,21,1,-1,-1,-1
133,29,865,160,40,21,1,-1,-1,-1
133,35,0,127,52,19,1,-1,-1,-1
133,36,22,113,49,15,1,-1,-1,-1
133,37,52,98,48,15,1,-1,-1,-1
133,38,103,83,40,11,1,-1,-1,-1
133,39,40,171,66,21,1,-1,-1,-1
133,41,105,63,50,19,1,-1,-1,-1
133,43,3,96,28,17,1,-1,-1,-1
133,44,5,200,79,28,1,-1,-1,-1
133,45,28,185,74,21,1,-1,-1,-1
133,46,49,61,32,21,1,-1,-1,-1
133,47,155,55,30,23,1,-1,-1,-1
133,48,30,65,19,17,1,-1,-1,-1
133,56,472,79,15,19,1,-1,-1,-1
133,57,428,75,15,13,1,-1,-1,-1
133,58,745,316,66,65,1,-1,-1,-1
134,0,642,252,47,46,1,-1,-1,-1
134,1,597,156,29,26,1,-1,-1,-1
134,4,577,124,23,19,1,-1,-1,-1
134,5,600,110,21,19,1,-1,-1,-1
134,6,523,79,15,17,1,-1,-1,-1
134,7,561,100,19,15,1,-1,-1,-1
134,8,573,90,20,16,1,-1,-1,-1
134,9,591,84,19,13,1,-1,-1,-1
134,10,698,131,29,15,1,-1,-1,-1
134,11,562,80,18,13,1,-1,-1,-1
134,12,554,69,14,13,1,-1,-1,-1
134,13,569,65,14,11,1,-1,-1,-1
134,14,540,72,14,17,1,-1,-1,-1
134,15,514,67,14,14,1,-1,-1,-1
134,17,525,52,14,21,1,-1,-1,-1
134,18,559,45,15,19,1,-1,-1,-1
134,20,972,212,51,27,1,-1,-1,-1
134,21,939,194,61,28,1,-1,-1,-1
134,22,912,183,53,23,1,-1,-1,-1
134,23,888,170,51,25,1,-1,-1,-1
134,24,862,150,57,19,1,-1,-1,-1
134,25,833,128,73,35,1,-1,-1,-1
134,28,910,135,41,21,1,-1,-1,-1
134,29,867,162,40,21,1,-1,-1,-1
134,35,0,127,52,19,1,-1,-1,-1
134,36,22,113,49,15,1,-1,-1,-1
134,37,52,98,47,15,1,-1,-1,-1
134,38,103,82,40,11,1,-1,-1,-1
134,39,40,174,66,21,1,-1,-1,-1
134,41,105,63,50,19,1,-1,-1,-1
134,43,2,96,28,17,1,-1,-1,-1
134,44,3,200,79,28,1,-1,-1,-1
134,45,26,185,78,23,1,-1,-1,-1
134,46,49,61,33,21,1,-1,-1,-1
134,47,155,55,30,23,1,-1,-1,-1
134,48,30,67,19,17,1,-1,-1,-1
134,56,474,79,15,19,1,-1,-1,-1
134,57,428,75,15,13,1,-1,-1,-1
134,58,744,312,65,63,1,-1,-1,-1
135,0,642,251,49,48,1,-1,-1,-1
135,1,596,156,28,25,1,-1,-1,-1
135,4,576,123,23,19,1,-1,-1,-1
135,5,600,110,20,19,1,-1,-1,-1
135,6,522,79,15,17,1,-1,-1,-1
135,7,561,100,19,15,1,-1,-1,-1
135,8,576,91,19,15,1,-1,-1,-1
135,9,591,86,19,13,1,-1,-1,-1
135,10,697,131,31,14,1,-1,-1,-1
135,11,561,79,18,13,1,-1,-1,-1
135,12,553,69,14,13,1,-1,-1,-1
135,13,569,65,14,11,1,-1,-1,-1
135,14,539,71,14,17,1,-1,-1,-1
135,15,514,67,14,13,1,-1,-1,-1
135,17,525,52,14,21,1,-1,-1,-1
135,18,559,44,14,19,1,-1,-1,-1
135,20,973,214,50,26,1,-1,-1,-1
135,21,941,196,61,28,1,-1,-1,-1
135,22,915,185,53,23,1,-1,-1,-1
135,23,889,171,50,25,1,-1,-1,-1
135,24,863,150,57,19,1,-1,-1,-1
135,25,834,127,73,34,1,-1,-1,-1
135,28,912,136,41,21,1,-1,-1,-1
135,29,868,162,40,21,1,-1,-1,-1
135,35,0,129,49,19,1,-1,-1,-1
135,36,22,115,49,15,1,-1,-1,-1
135,37,52,100,47,15,1,-1,-1,-1
135,38,103,82,40,11,1,-1,-1,-1
135,39,40,175,66,21,1,-1,-1,-1
135,41,104,63,49,19,1,-1,-1,-1
135,43,1,98,28,17,1,-1,-1,-1
135,44,3,202,78,27,1,-1,-1,-1
135,45,26,185,78,23,1,-1,-1,-1
135,46,49,61,33,21,1,-1,-1,-1
135,47,155,55,30,23,1,-1,-1,-1
135,48,30,67,19,17,1,-1,-1,-1
135,56,474,81,15,19,1,-1,-1,-1
135,57,428,77,15,13,1,-1,-1,-1
135,58,745,310,61,59,1,-1,-1,-1
136,0,643,251,47,45,1,-1,-1,-1
136,1,596,156,28,25,1,-1,-1,-1
136,4,576,124,23,19,1,-1,-1,-1
136,5,599,109,21,19,1,-1,-1,-1
136,6,522,77,15,17,1,-1,-1,-1
136,7,561,100,19,15,1,-1,-1,-1
136,8,575,90,21,16,1,-1,-1,-1
136,9,593,84,19,13,1,-1,-1,-1
136,10,700,131,31,15,1,-1,-1,-1
136,11,562,79,18,13,1,-1,-1,-1
136,12,553,69,14,13,1,-1,-1,-1
136,13,569,65,14,11,1,-1,-1,-1
136,14,539,71,14,17,1,-1,-1,-1
136,15,514,67,14,13,1,-1,-1,-1
136,17,526,52,14,21,1,-1,-1,-1
136,18,561,46,14,19,1,-1,-1,-1
136,20,974,214,49,25,1,-1,-1,-1
136,21,943,196,62,28,1,-1,-1,-1
136,22,915,185,53,23,1,-1,-1,-1
136,23,890,171,50,25,1,-1,-1,-1
136,24,864,150,57,19,1,-1,-1,-1
136,25,834,129,73,34,1,-1,-1,-1
136,28,914,136,40,21,1,-1,-1,-1
136,29,869,163,40,21,1,-1,-1,-1
136,35,0,129,50,19,1,-1,-1,-1
136,36,22,115,49,15,1,-1,-1,-1
136,37,52,100,47,15,1,-1,-1,-1
136,38,103,82,40,11,1,-1,-1,-1
136,39,40,175,66,21,1,-1,-1,-1
136,41,104,63,49,19,1,-1,-1,-1
136,43,0,98,27,17,1,-1,-1,-1
136,44,2,202,82,28,1,-1,-1,-1
136,45,26,187,78,23,1,-1,-1,-1
136,46,49,61,33,21,1,-1,-1,-1
136,47,155,55,30,23,1,-1,-1,-1
136,48,30,67,19,17,1,-1,-1,-1
136,56,475,82,15,19,1,-1,-1,-1
136,57,428,77,15,13,1,-1,-1,-1
136,58,741,306,61,59,1,-1,-1,-1
137,0,643,249,48,46,1,-1,-1,-1
137,1,596,156,28,25,1,-1,-1,-1
137,4,577,123,23,19,1,-1,-1,-1
137,5,599,109,19,19,1,-1,-1,-1
137,6,524,79,15,17,1,-1,-1,-1
137,7,561,100,19,15,1,-1,-1,-1
137,8,574,90,20,15,1,-1,-1,-1
137,9,592,84,19,13,1,-1,-1,-1
137,10,700,132,30,14,1,-1,-1,-1
137,11,562,79,18,13,1,-1,-1,-1
137,12,553,69,14,13,1,-1,-1,-1
137,13,569,65,14,11,1,-1,-1,-1
137,14,540,71,14,17,1,-1,-1,-1
137,15,515,67,14,13,1,-1,-1,-1
137,17,526,52,14,21,1,-1,-1,-1
137,18,560,44,14,19,1,-1,-1,-1
137,20,976,214,47,25,1,-1,-1,-1
137,21,945,198,61,27,1,-1,-1,-1
137,22,918,185,53,23,1,-1,-1,-1
137,23,892,171,52,25,1,-1,-1,-1
137,24,865,150,57,19,1,-1,-1,-1
137,25,835,129,73,34,1,-1,-1,-1
137,28,915,136,41,21,1,-1,-1,-1
137,29,871,163,40,21,1,-1,-1,-1
137,35,0,129,49,19,1,-1,-1,-1
137,36,20,115,49,15,1,-1,-1,-1
137,37,52,100,47,15,1,-1,-1,-1
137,38,103,82,40,11,1,-1,-1,-1
137,39,39,175,66,21,1,-1,-1,-1
137,41,104,63,49,19,1,-1,-1,-1
137,43,0,98,27,17,1,-1,-1,-1
137,44,4,203,79,26,1,-1,-1,-1
137,45,23,187,78,23,1,-1,-1,-1
137,46,49,61,33,21,1,-1,-1,-1
137,47,155,55,30,23,1,-1,-1,-1
137,48,30,67,19,17,1,-1,-1,-1
137,56,475,82,15,19,1,-1,-1,-1
137,57,428,77,15,13,1,-1,-1,-1
137,58,741,304,60,59,1,-1,-1,-1
137,59,449,64,12,13,1,-1,-1,-1
138,0,643,250,45,44,1,-1,-1,-1
138,1,598,156,28,25,1,-1,-1,-1
138,4,577,121,23,19,1,-1,-1,-1
138,5,599,109,19,19,1,-1,-1,-1
138,6,525,79,14,17,1,-1,-1,-1
138,7,561,100,19,15,1,-1,-1,-1
138,8,574,90,20,15,1,-1,-1,-1
138,9,592,84,19,13,1,-1,-1,-1
138,10,700,133,30,14,1,-1,-1,-1
138,11,561,79,18,13,1,-1,-1,-1
138,12,553,69,14,13,1,-1,-1,-1
138,13,569,65,14,11,1,-1,-1,-1
138,14,540,71,14,17,1,-1,-1,-1
138,15,515,67,14,13,1,-1,-1,-1
138,17,526,52,14,21,1,-1,-1,-1
138,18,560,44,14,19,1,-1,-1,-1
138,20,976,214,47,26,1,-1,-1,-1
138,21,945,198,61,28,1,-1,-1,-1
138,22,918,187,53,23,1,-1,-1,-1
138,23,891,172,55,25,1,-1,-1,-1
138,24,865,152,57,19,1,-1,-1,-1
138,25,837,129,73,34,1,-1,-1,-1
138,28,914,136,44,20,1,-1,-1,-1
138,29,872,163,40,21,1,-1,-1,-1
138,35,0,129,48,19,1,-1,-1,-1
138,36,19,115,49,15,1,-1,-1,-1
138,37,52,102,47,15,1,-1,-1,-1
138,38,103,82,40,11,1,-1,-1,-1
138,39,37,175,66,21,1,-1,-1,-1
138,41,104,63,49,19,1,-1,-1,-1
138,43,0,100,26,17,1,-1,-1,-1
138,44,2,203,82,30,1,-1,-1,-1
138,45,22,187,78,23,1,-1,-1,-1
138,46,49,61,33,21,1,-1,-1,-1
138,47,155,57,30,23,1,-1,-1,-1
138,48,30,67,19,17,1,-1,-1,-1
138,56,475,82,15,19,1,-1,-1,-1
138,57,429,79,15,13,1,-1,-1,-1
138,58,737,298,61,61,1,-1,-1,-1
138,59,449,65,11,13,1,-1,-1,-1
139,0,643,250,45,44,1,-1,-1,-1
139,1,595,154,28,25,1,-1,-1,-1
139,4,577,121,23,19,1,-1,-1,-1
139,5,599,109,19,19,1,-1,-1,-1
139,6,522,78,18,17,1,-1,-1,-1
139,7,561,100,19,15,1,-1,-1,-1
139,8,574,90,20,15,1,-1,-1,-1
139,9,592,84,19,13,1,-1,-1,-1
139,10,701,131,29,16,1,-1,-1,-1
139,11,561,79,18,13,1,-1,-1,-1
139,12,555,69,14,13,1,-1,-1,-1
139,13,569,65,14,11,1,-1,-1,-1
139,14,539,71,14,17,1,-1,-1,-1
139,15,515,67,14,13,1,-1,-1,-1
139,17,525,52,14,21,1,-1,-1,-1
139,18,561,44,14,19,1,-1,-1,-1
139,20,982,216,41,28,1,-1,-1,-1
139,21,946,198,61,28,1,-1,-1,-1
139,22,919,187,53,23,1,-1,-1,-1
139,23,891,173,58,25,1,-1,-1,-1
139,24,868,152,57,19,1,-1,-1,-1
139,25,838,129,73,34,1,-1,-1,-1
139,28,915,136,44,19,1,-1,-1,-1
139,29,872,163,40,21,1,-1,-1,-1
139,35,0,129,48,19,1,-1,-1,-1
139,36,19,115,49,15,1,-1,-1,-1
139,37,53,102,47,15,1,-1,-1,-1
139,38,103,82,40,11,1,-1,-1,-1
139,39,37,177,66,21,1,-1,-1,-1
139,41,104,63,49,19,1,-1,-1,-1
139,43,0,100,24,17,1,-1,-1,-1
139,44,1,204,82,30,1,-1,-1,-1
139,45,22,187,78,23,1,-1,-1,-1
139,46,48,63,33,21,1,-1,-1,-1
139,47,155,57,28,23,1,-1,-1,-1
139,48,28,67,19,17,1,-1,-1,-1
139,56,475,84,15,19,1,-1,-1,-1
139,57,429,79,15,13,1,-1,-1,-1
139,58,737,297,60,58,1,-1,-1,-1
139,59,450,65,11,13,1,-1,-1,-1
140,0,643,250,44,42,1,-1,-1,-1
140,1,596,154,28,25,1,-1,-1,-1
140,4,577,121,23,19,1,-1,-1,-1
140,5,600,109,19,19,1,-1,-1,-1
140,6,522,77,18,17,1,-1,-1,-1
140,7,561,100,19,15,1,-1,-1,-1
140,8,573,88,23,17,1,-1,-1,-1
140,9,592,84,19,13,1,-1,-1,-1
140,10,701,132,31,16,1,-1,-1,-1
140,11,561,79,18,13,1,-1,-1,-1
140,12,555,67,14,13,1,-1,-1,-1
140,13,569,65,14,11,1,-1,-1,-1
140,14,539,71,14,17,1,-1,-1,-1
140,15,515,67,14,13,1,-1,-1,-1
140,17,526,52,14,21,1,-1,-1,-1
140,18,561,44,14,19,1,-1,-1,-1
140,20,980,217,43,27,1,-1,-1,-1
140,21,949,200,61,27,1,-1,-1,-1
140,22,922,187,53,23,1,-1,-1,-1
140,23,892,174,54,25,1,-1,-1,-1
140,24,868,152,57,19,1,-1,-1,-1
140,25,838,131,73,34,1,-1,-1,-1
140,28,915,138,44,19,1,-1,-1,-1
140,29,873,165,40,21,1,-1,-1,-1
140,35,0,131,48,19,1,-1,-1,-1
140,36,19,115,49,15,1,-1,-1,-1
140,37,52,103,47,15,1,-1,-1,-1
140,38,103,84,40,11,1,-1,-1,-1
140,39,36,177,66,21,1,-1,-1,-1
140,41,104,63,49,19,1,-1,-1,-1
140,43,0,100,23,17,1,-1,-1,-1
140,44,0,204,82,30,1,-1,-1,-1
140,45,20,189,78,23,1,-1,-1,-1
140,46,49,63,32,21,1,-1,-1,-1
140,47,155,57,30,23,1,-1,-1,-1
140,48,28,67,19,17,1,-1,-1,-1
140,56,475,84,15,19,1,-1,-1,-1
140,57,429,79,15,13,1,-1,-1,-1
140,58,736,296,57,55,1,-1,-1,-1
140,59,449,65,11,13,1,-1,-1,-1
141,0,645,248,44,42,1,-1,-1,-1
141,1,596,154,28,25,1,-1,-1,-1
141,4,576,121,23,19,1,-1,-1,-1
141,5,600,109,19,19,1,-1,-1,-1
141,6,522,77,18,17,1,-1,-1,-1
141,7,561,100,19,15,1,-1,-1,-1
141,8,573,90,23,17,1,-1,-1,-1
141,9,592,84,19,13,1,-1,-1,-1
141,10,702,133,29,14,1,-1,-1,-1
141,11,561,79,18,13,1,-1,-1,-1
141,12,555,69,14,13,1,-1,-1,-1
141,13,569,63,14,11,1,-1,-1,-1
141,14,539,71,14,17,1,-1,-1,-1
141,15,515,67,14,13,1,-1,-1,-1
141,17,526,52,14,21,1,-1,-1,-1
141,18,561,44,14,19,1,-1,-1,-1
141,20,984,217,39,27,1,-1,-1,-1
141,21,950,200,67,27,1,-1,-1,-1
141,22,923,189,53,23,1,-1,-1,-1
141,23,893,175,54,25,1,-1,-1,-1
141,24,868,152,57,19,1,-1,-1,-1
141,25,839,131,73,34,1,-1,-1,-1
141,28,918,138,44,19,1,-1,-1,-1
141,29,875,165,40,21,1,-1,-1,-1
141,35,0,131,45,19,1,-1,-1,-1
141,36,18,117,49,15,1,-1,-1,-1
141,37,52,103,47,15,1,-1,-1,-1
141,38,101,82,40,11,1,-1,-1,-1
141,39,35,177,66,21,1,-1,-1,-1
141,41,104,65,49,19,1,-1,-1,-1
141,43,0,102,23,17,1,-1,-1,-1
141,44,0,206,80,30,1,-1,-1,-1
141,45,19,189,79,23,1,-1,-1,-1
141,46,49,63,32,21,1,-1,-1,-1
141,47,155,57,30,23,1,-1,-1,-1
141,48,27,67,19,17,1,-1,-1,-1
141,56,475,86,15,19,1,-1,-1,-1
141,57,428,79,15,13,1,-1,-1,-1
141,58,732,287,65,63,1,-1,-1,-1
141,59,450,65,11,13,1,-1,-1,-1
141,60,431,59,13,16,1,-1,-1,-1
142,0,643,248,44,42,1,-1,-1,-1
142,1,596,154,28,25,1,-1,-1,-1
142,4,577,123,23,19,1,-1,-1,-1
142,5,600,109,19,19,1,-1,-1,-1
142,6,522,77,18,17,1,-1,-1,-1
142,7,561,100,19,15,1,-1,-1,-1
142,8,573,90,23,17,1,-1,-1,-1
142,9,591,84,19,13,1,-1,-1,-1
142,10,702,132,31,17,1,-1,-1,-1
142,11,561,79,18,13,1,-1,-1,-1
142,12,555,69,14,13,1,-1,-1,-1
142,13,569,65,14,11,1,-1,-1,-1
142,14,539,71,14,17,1,-1,-1,-1
142,15,515,67,14,13,1,-1,-1,-1
142,17,526,50,14,21,1,-1,-1,-1
142,18,561,44,14,19,1,-1,-1,-1
142,20,982,217,41,29,1,-1,-1,-1
142,21,952,201,65,29,1,-1,-1,-1
142,22,923,189,53,23,1,-1,-1,-1
142,23,893,175,56,26,1,-1,-1,-1
142,24,872,152,57,19,1,-1,-1,-1
142,25,841,131,73,34,1,-1,-1,-1
142,28,919,138,44,19,1,-1,-1,-1
142,29,876,165,40,21,1,-1,-1,-1
142,35,0,131,45,19,1,-1,-1,-1
142,36,18,117,49,15,1,-1,-1,-1
142,37,52,102,47,15,1,-1,-1,-1
142,38,100,84,40,11,1,-1,-1,-1
142,39,33,179,66,21,1,-1,-1,-1
142,41,104,63,49,19,1,-1,-1,-1
142,43,0,102,20,17,1,-1,-1,-1
142,44,0,206,80,30,1,-1,-1,-1
142,45,19,190,78,23,1,-1,-1,-1
142,46,49,63,33,21,1,-1,-1,-1
142,47,154,57,30,23,1,-1,-1,-1
142,48,27,67,19,17,1,-1,-1,-1
142,56,475,86,15,19,1,-1,-1,-1
142,57,429,81,15,13,1,-1,-1,-1
142,58,733,289,59,55,1,-1,-1,-1
142,59,450,65,11,13,1,-1,-1,-1
142,60,431,60,13,15,1,-1,-1,-1
143,0,643,248,44,42,1,-1,-1,-1
143,1,596,154,28,25,1,-1,-1,-1
143,4,576,123,23,19,1,-1,-1,-1
143,5,599,109,19,19,1,-1,-1,-1
143,6,522,77,18,17,1,-1,-1,-1
143,7,561,100,19,15,1,-1,-1,-1
143,8,573,88,23,17,1,-1,-1,-1
143,9,592,82,19,13,1,-1,-1,-1
143,10,702,134,31,15,1,-1,-1,-1
143,11,561,79,18,13,1,-1,-1,-1
143,12,555,67,14,13,1,-1,-1,-1
143,13,570,65,14,11,1,-1,-1,-1
143,14,539,71,14,17,1,-1,-1,-1
143,15,515,67,14,13,1,-1,-1,-1
143,17,525,50,14,21,1,-1,-1,-1
143,18,561,44,14,19,1,-1,-1,-1
143,20,983,217,40,28,1,-1,-1,-1
143,21,952,201,66,29,1,-1,-1,-1
143,22,924,190,53,23,1,-1,-1,-1
143,23,896,175,53,26,1,-1,-1,-1
143,24,871,154,57,19,1,-1,-1,-1
143,25,842,133,70,34,1,-1,-1,-1
143,28,920,138,43,19,1,-1,-1,-1
143,29,876,165,40,21,1,-1,-1,-1
143,35,3,131,44,19,1,-1,-1,-1
143,36,16,117,49,15,1,-1,-1,-1
143,37,51,103,47,15,1,-1,-1,-1
143,38,100,84,40,11,1,-1,-1,-1
143,39,32,179,66,21,1,-1,-1,-1
143,41,104,65,49,19,1,-1,-1,-1
143,43,0,102,19,17,1,-1,-1,-1
143,44,0,206,79,30,1,-1,-1,-1
143,45,18,190,78,23,1,-1,-1,-1
143,46,49,63,32,21,1,-1,-1,-1
143,47,154,57,30,23,1,-1,-1,-1
143,48,27,67,19,17,1,-1,-1,-1
143,56,476,87,15,19,1,-1,-1,-1
143,57,429,82,15,13,1,-1,-1,-1
143,58,730,287,60,57,1,-1,-1,-1
143,59,450,67,11,13,1,-1,-1,-1
143,60,431,61,13,15,1,-1,-1,-1
144,0,642,246,48,46,1,-1,-1,-1
144,1,595,154,28,25,1,-1,-1,-1
144,4,576,123,23,19,1,-1,-1,-1
144,5,599,109,19,19,1,-1,-1,-1
144,6,522,77,18,17,1,-1,-1,-1
144,7,561,100,19,15,1,-1,-1,-1
144,8,573,88,23,17,1,-1,-1,-1
144,9,591,84,19,13,1,-1,-1,-1
144,10,703,134,32,16,1,-1,-1,-1
144,11,561,77,18,13,1,-1,-1,-1
144,12,555,67,14,13,1,-1,-1,-1
144,13,569,65,14,11,1,-1,-1,-1
144,14,539,71,14,17,1,-1,-1,-1
144,15,515,67,14,13,1,-1,-1,-1
144,17,526,52,14,21,1,-1,-1,-1
144,18,561,44,14,19,1,-1,-1,-1
144,20,984,217,39,28,1,-1,-1,-1
144,21,953,202,62,28,1,-1,-1,-1
144,22,926,190,53,23,1,-1,-1,-1
144,23,896,177,54,25,1,-1,-1,-1
144,24,872,154,57,19,1,-1,-1,-1
144,25,843,133,69,32,1,-1,-1,-1
144,28,920,140,43,19,1,-1,-1,-1
144,29,879,167,40,21,1,-1,-1,-1
144,35,0,131,46,19,1,-1,-1,-1
144,36,15,117,49,15,1,-1,-1,-1
144,37,49,103,47,15,1,-1,-1,-1
144,38,100,84,40,11,1,-1,-1,-1
144,39,31,179,66,21,1,-1,-1,-1
144,41,103,65,49,19,1,-1,-1,-1
144,43,0,102,18,17,1,-1,-1,-1
144,44,0,208,78,30,1,-1,-1,-1
144,45,14,195,78,23,1,-1,-1,-1
144,46,47,63,33,21,1,-1,-1,-1
144,47,153,58,25,21,1,-1,-1,-1
144,48,27,67,19,17,1,-1,-1,-1
144,56,475,88,15,19,1,-1,-1,-1
144,57,428,82,15,13,1,-1,-1,-1
144,58,729,283,58,53,1,-1,-1,-1
144,59,450,67,11,13,1,-1,-1,-1
144,60,432,61,13,15,1,-1,-1,-1
145,0,641,244,49,48,1,-1,-1,-1
145,1,595,154,30,27,1,-1,-1,-1
145,4,576,123,23,19,1,-1,-1,-1
145,5,599,109,19,19,1,-1,-1,-1
145,6,522,77,18,17,1,-1,-1,-1
145,7,561,98,19,16,1,-1,-1,-1
145,8,573,88,23,17,1,-1,-1,-1
145,9,591,84,19,13,1,-1,-1,-1
145,10,703,135,32,14,1,-1,-1,-1
145,11,561,79,18,13,1,-1,-1,-1
145,12,555,69,14,13,1,-1,-1,-1
145,13,569,65,14,11,1,-1,-1,-1
145,14,539,71,14,17,1,-1,-1,-1
145,15,515,67,14,13,1,-1,-1,-1
145,17,525,52,14,21,1,-1,-1,-1
145,18,562,44,14,19,1,-1,-1,-1
145,20,984,219,39,28,1,-1,-1,-1
145,21,956,202,61,27,1,-1,-1,-1
145,22,927,190,53,23,1,-1,-1,-1
145,23,896,177,55,27,1,-1,-1,-1
145,24,872,154,57,19,1,-1,-1,-1
145,25,842,133,73,34,1,-1,-1,-1
145,28,923,140,44,19,1,-1,-1,-1
145,29,879,167,40,21,1,-1,-1,-1
145,35,0,131,44,19,1,-1,-1,-1
145,36,14,117,50,15,1,-1,-1,-1
145,37,50,104,45,15,1,-1,-1,-1
145,38,99,84,40,11,1,-1,-1,-1
145,39,31,181,66,21,1,-1,-1,-1
145,41,103,65,49,19,1,-1,-1,-1
145,43,0,104,15,17,1,-1,-1,-1
145,44,0,208,77,30,1,-1,-1,-1
145,45,15,192,78,23,1,-1,-1,-1
145,46,47,63,32,21,1,-1,-1,-1
145,47,152,57,24,21,1,-1,-1,-1
145,48,27,67,19,17,1,-1,-1,-1
145,56,476,89,15,19,1,-1,-1,-1
145,57,428,84,15,13,1,-1,-1,-1
145,58,728,279,56,53,1,-1,-1,-1
145,59,450,67,11,13,1,-1,-1,-1
145,60,431,61,13,15,1,-1,-1,-1
146,0,641,246,46,43,1,-1,-1,-1
146,1,595,154,30,27,1,-1,-1,-1
146,4,576,123,23,18,1,-1,-1,-1
146,5,599,109,19,19,1,-1,-1,-1
146,6,522,77,18,17,1,-1,-1,-1
146,7,561,98,19,15,1,-1,-1,-1
146,8,573,88,23,17,1,-1,-1,-1
146,9,591,82,19,13,1,-1,-1,-1
146,10,705,134,30,17,1,-1,-1,-1
146,11,561,77,18,13,1,-1,-1,-1
146,12,553,67,14,13,1,-1,-1,-1
146,13,569,65,14,11,1,-1,-1,-1
146,14,539,69,14,17,1,-1,-1,-1
146,15,515,67,14,13,1,-1,-1,-1
146,17,526,53,14,18,1,-1,-1,-1
146,18,562,44,14,19,1,-1,-1,-1
146,20,987,221,36,28,1,-1,-1,-1
146,21,957,204,61,27,1,-1,-1,-1
146,22,925,192,55,25,1,-1,-1,-1
146,23,899,178,52,25,1,-1,-1,-1
146,24,873,156,57,19,1,-1,-1,-1
146,25,845,133,71,34,1,-1,-1,-1
146,28,923,142,43,19,1,-1,-1,-1
146,29,879,167,41,21,1,-1,-1,-1
146,35,0,131,44,19,1,-1,-1,-1
146,36,14,117,49,15,1,-1,-1,-1
146,37,51,104,47,15,1,-1,-1,-1
146,38,100,84,40,11,1,-1,-1,-1
146,39,28,181,66,21,1,-1,-1,-1
146,41,103,65,49,19,1,-1,-1,-1
146,43,0,104,14,17,1,-1,-1,-1
146,44,0,210,73,28,1,-1,-1,-1
146,45,14,192,78,23,1,-1,-1,-1
146,46,45,63,36,24,1,-1,-1,-1
146,47,152,57,26,21,1,-1,-1,-1
146,48,26,69,19,17,1,-1,-1,-1
146,56,477,89,15,19,1,-1,-1,-1
146,57,428,84,15,13,1,-1,-1,-1
146,58,724,271,61,61,1,-1,-1,-1
146,59,450,67,11,13,1,-1,-1,-1
146,60,432,61,13,15,1,-1,-1,-1
147,0,640,244,49,46,1,-1,-1,-1
147,1,595,154,28,25,1,-1,-1,-1
147,4,577,123,22,18,1,-1,-1,-1
147,5,599,109,19,19,1,-1,-1,-1
147,6,522,79,18,17,1,-1,-1,-1
147,7,561,98,19,15,1,-1,-1,-1
147,8,573,88,20,15,1,-1,-1,-1
147,9,592,84,19,13,1,-1,-1,-1
147,10,705,134,32,17,1,-1,-1,-1
147,11,561,77,18,13,1,-1,-1,-1
147,12,553,67,14,13,1,-1,-1,-1
147,13,569,63,14,11,1,-1,-1,-1
147,14,539,69,14,17,1,-1,-1,-1
147,15,514,67,14,13,1,-1,-1,-1
147,17,525,54,15,18,1,-1,-1,-1
147,18,561,44,14,19,1,-1,-1,-1
147,20,988,219,35,30,1,-1,-1,-1
147,21,958,204,61,27,1,-1,-1,-1
147,22,927,192,56,25,1,-1,-1,-1
147,23,901,179,50,25,1,-1,-1,-1
147,24,876,156,57,19,1,-1,-1,-1
147,25,845,133,73,34,1,-1,-1,-1
147,28,923,142,43,19,1,-1,-1,-1
147,29,881,169,40,21,1,-1,-1,-1
147,35,0,133,43,19,1,-1,-1,-1
147,36,14,119,49,15,1,-1,-1,-1
147,37,47,102,46,16,1,-1,-1,-1
147,38,99,84,40,11,1,-1,-1,-1
147,39,28,181,66,21,1,-1,-1,-1
147,41,101,65,49,19,1,-1,-1,-1
147,44,0,210,74,30,1,-1,-1,-1
147,45,14,192,75,23,1,-1,-1,-1
147,46,44,63,36,23,1,-1,-1,-1
147,47,152,59,26,21,1,-1,-1,-1
147,48,26,69,19,17,1,-1,-1,-1
147,56,477,91,15,19,1,-1,-1,-1
147,57,428,84,15,13,1,-1,-1,-1
147,58,725,274,55,52,1,-1,-1,-1
147,59,450,67,11,13,1,-1,-1,-1
147,60,431,61,13,15,1,-1,-1,-1
148,0,640,244,47,45,1,-1,-1,-1
148,1,595,152,28,25,1,-1,-1,-1
148,4,574,123,24,19,1,-1,-1,-1
148,5,599,108,19,19,1,-1,-1,-1
148,6,522,77,18,17,1,-1,-1,-1
148,7,561,98,19,15,1,-1,-1,-1
148,8,573,88,20,15,1,-1,-1,-1
148,9,591,82,19,13,1,-1,-1,-1
148,10,706,136,32,15,1,-1,-1,-1
148,11,560,77,18,13,1,-1,-1,-1
148,12,552,67,14,13,1,-1,-1,-1
148,13,569,63,14,11,1,-1,-1,-1
148,14,539,69,14,17,1,-1,-1,-1
148,15,514,67,14,13,1,-1,-1,-1
148,17,525,52,15,19,1,-1,-1,-1
148,18,563,46,14,19,1,-1,-1,-1
148,20,992,223,31,28,1,-1,-1,-1
148,21,959,204,61,30,1,-1,-1,-1
148,22,928,194,55,25,1,-1,-1,-1
148,23,905,179,52,25,1,-1,-1,-1
148,24,876,156,57,19,1,-1,-1,-1
148,25,846,135,73,34,1,-1,-1,-1
148,28,924,140,44,19,1,-1,-1,-1
148,29,881,169,40,21,1,-1,-1,-1
148,35,0,133,43,19,1,-1,-1,-1
148,36,11,119,49,15,1,-1,-1,-1
148,37,45,102,45,15,1,-1,-1,-1
148,38,99,84,40,11,1,-1,-1,-1
148,39,27,181,66,21,1,-1,-1,-1
148,41,101,65,49,19,1,-1,-1,-1
148,44,0,210,73,30,1,-1,-1,-1
148,45,13,194,78,23,1,-1,-1,-1
148,46,44,63,36,23,1,-1,-1,-1
148,47,152,59,24,21,1,-1,-1,-1
148,48,24,69,19,17,1,-1,-1,-1
148,56,477,91,15,19,1,-1,-1,-1
148,57,428,86,15,13,1,-1,-1,-1
148,58,724,273,54,51,1,-1,-1,-1
148,59,450,69,11,13,1,-1,-1,-1
148,60,432,63,13,15,1,-1,-1,-1
149,0,640,244,46,44,1,-1,-1,-1
149,1,595,154,27,25,1,-1,-1,-1
149,4,574,121,24,19,1,-1,-1,-1
149,5,599,109,19,19,1,-1,-1,-1
149,6,522,77,18,17,1,-1,-1,-1
149,7,560,98,19,15,1,-1,-1,-1
149,8,573,88,20,15,1,-1,-1,-1
149,9,591,82,19,13,1,-1,-1,-1
149,10,706,137,33,14,1,-1,-1,-1
149,11,560,77,18,13,1,-1,-1,-1
149,12,552,67,14,13,1,-1,-1,-1
149,13,569,63,14,11,1,-1,-1,-1
149,14,539,69,14,17,1,-1,-1,-1
149,15,514,67,14,13,1,-1,-1,-1
149,17,526,53,14,19,1,-1,-1,-1
149,18,564,46,14,19,1,-1,-1,-1
149,20,992,223,31,27,1,-1,-1,-1
149,21,961,206,61,29,1,-1,-1,-1
149,22,930,194,56,25,1,-1,-1,-1
149,23,903,179,53,25,1,-1,-1,-1
149,24,876,156,57,19,1,-1,-1,-1
149,25,846,135,73,34,1,-1,-1,-1
149,28,927,142,44,19,1,-1,-1,-1
149,29,882,169,40,21,1,-1,-1,-1
149,35,0,133,40,19,1,-1,-1,-1
149,36,11,119,49,15,1,-1,-1,-1
149,37,45,102,49,17,1,-1,-1,-1
149,38,99,84,40,11,1,-1,-1,-1
149,39,27,183,66,21,1,-1,-1,-1
149,41,101,65,49,19,1,-1,-1,-1
149,44,0,212,69,30,1,-1,-1,-1
149,45,10,194,79,23,1,-1,-1,-1
149,46,44,63,35,23,1,-1,-1,-1
149,47,151,57,24,21,1,-1,-1,-1
149,48,23,69,19,17,1,-1,-1,-1
149,56,475,92,18,22,1,-1,-1,-1
149,57,428,84,17,16,1,-1,-1,-1
149,58,723,270,54,51,1,-1,-1,-1
149,59,450,69,11,13,1,-1,-1,-1
149,60,431,63,13,15,1,-1,-1,-1
150,0,640,243,48,46,1,-1,-1,-1
150,1,595,154,28,25,1,-1,-1,-1
150,4,574,121,23,19,1,-1,-1,-1
150,5,599,109,19,19,1,-1,-1,-1
150,6,522,77,18,17,1,-1,-1,-1
150,7,561,98,19,15,1,-1,-1,-1
150,8,573,90,20,15,1,-1,-1,-1
150,9,590,84,19,13,1,-1,-1,-1
150,10,706,137,31,16,1,-1,-1,-1
150,11,559,77,18,13,1,-1,-1,-1
150,12,552,67,14,13,1,-1,-1,-1
150,13,569,63,14,11,1,-1,-1,-1
150,14,539,69,14,17,1,-1,-1,-1
150,15,514,67,14,13,1,-1,-1,-1
150,17,526,50,14,21,1,-1,-1,-1
150,18,565,46,14,19,1,-1,-1,-1
150,20,996,225,27,25,1,-1,-1,-1
150,21,962,208,61,29,1,-1,-1,-1
150,22,931,196,55,24,1,-1,-1,-1
150,23,904,181,53,26,1,-1,-1,-1
150,24,877,158,57,19,1,-1,-1,-1
150,25,847,136,73,34,1,-1,-1,-1
150,28,927,144,43,19,1,-1,-1,-1
150,29,882,171,42,21,1,-1,-1,-1
150,35,0,133,39,19,1,-1,-1,-1
150,36,10,121,52,17,1,-1,-1,-1
150,37,45,104,47,16,1,-1,-1,-1
150,38,97,86,40,11,1,-1,-1,-1
150,39,26,183,66,21,1,-1,-1,-1
150,41,100,65,49,19,1,-1,-1,-1
150,44,0,212,67,30,1,-1,-1,-1
150,45,10,194,78,23,1,-1,-1,-1
150,46,43,63,36,23,1,-1,-1,-1
150,47,151,59,24,21,1,-1,-1,-1
150,48,23,69,19,17,1,-1,-1,-1
150,56,475,92,18,21,1,-1,-1,-1
150,57,428,84,16,15,1,-1,-1,-1
150,58,720,269,56,50,1,-1,-1,-1
150,59,450,69,11,13,1,-1,-1,-1
150,60,432,63,13,15,1,-1,-1,-1
151,0,640,243,45,44,1,-1,-1,-1
151,1,595,154,28,25,1,-1,-1,-1
151,4,574,123,23,19,1,-1,-1,-1
151,5,599,109,19,19,1,-1,-1,-1
151,6,522,77,18,17,1,-1,-1,-1
151,7,560,98,19,15,1,-1,-1,-1
151,8,573,90,20,15,1,-1,-1,-1
151,9,590,82,19,13,1,-1,-1,-1
151,10,706,138,32,15,1,-1,-1,-1
151,11,559,77,18,13,1,-1,-1,-1
151,12,552,67,14,13,1,-1,-1,-1
151,13,568,65,14,11,1,-1,-1,-1
151,14,539,69,14,17,1,-1,-1,-1
151,15,515,69,14,13,1,-1,-1,-1
151,17,526,50,14,21,1,-1,-1,-1
151,18,565,46,14,19,1,-1,-1,-1
151,20,996,227,27,27,1,-1,-1,-1
151,21,963,208,59,27,1,-1,-1,-1
151,22,932,196,54,23,1,-1,-1,-1
151,23,905,181,53,25,1,-1,-1,-1
151,24,877,158,57,19,1,-1,-1,-1
151,25,848,136,73,34,1,-1,-1,-1
151,28,928,144,44,19,1,-1,-1,-1
151,29,882,171,41,21,1,-1,-1,-1
151,35,0,135,39,19,1,-1,-1,-1
151,36,10,121,50,16,1,-1,-1,-1
151,37,44,104,49,17,1,-1,-1,-1
151,38,96,84,40,11,1,-1,-1,-1
151,39,23,185,66,21,1,-1,-1,-1
151,41,100,67,49,19,1,-1,-1,-1
151,44,0,212,67,30,1,-1,-1,-1
151,45,9,196,78,23,1,-1,-1,-1
151,46,43,63,36,23,1,-1,-1,-1
151,47,151,59,24,21,1,-1,-1,-1
151,48,22,69,19,17,1,-1,-1,-1
151,56,475,94,18,21,1,-1,-1,-1
151,57,428,86,16,15,1,-1,-1,-1
151,58,718,266,56,50,1,-1,-1,-1
151,59,450,71,11,13,1,-1,-1,-1
151,60,432,65,13,15,1,-1,-1,-1
152,0,640,243,45,44,1,-1,-1,-1
152,1,595,154,28,25,1,-1,-1,-1
152,4,574,123,23,19,1,-1,-1,-1
152,5,599,109,19,19,1,-1,-1,-1
152,6,522,77,18,17,1,-1,-1,-1
152,7,561,98,19,15,1,-1,-1,-1
152,8,573,90,20,15,1,-1,-1,-1
152,9,590,82,19,13,1,-1,-1,-1
152,10,707,138,30,16,1,-1,-1,-1
152,11,559,77,18,13,1,-1,-1,-1
152,12,552,67,14,13,1,-1,-1,-1
152,13,568,65,14,11,1,-1,-1,-1
152,14,539,69,14,17,1,-1,-1,-1
152,15,515,67,14,13,1,-1,-1,-1
152,17,526,52,14,21,1,-1,-1,-1
152,18,565,46,14,19,1,-1,-1,-1
152,20,996,225,27,27,1,-1,-1,-1
152,21,965,210,58,27,1,-1,-1,-1
152,22,932,198,54,23,1,-1,-1,-1
152,23,904,183,55,25,1,-1,-1,-1
152,24,879,158,57,19,1,-1,-1,-1
152,25,850,136,73,34,1,-1,-1,-1
152,28,928,144,44,19,1,-1,-1,-1
152,29,884,171,41,21,1,-1,-1,-1
152,35,0,135,40,19,1,-1,-1,-1
152,36,9,121,49,15,1,-1,-1,-1
152,37,44,104,49,17,1,-1,-1,-1
152,38,96,86,40,11,1,-1,-1,-1
152,39,22,185,66,21,1,-1,-1,-1
152,41,102,67,49,19,1,-1,-1,-1
152,44,0,214,64,28,1,-1,-1,-1
152,45,7,196,78,23,1,-1,-1,-1
152,46,43,63,36,23,1,-1,-1,-1
152,47,151,59,24,21,1,-1,-1,-1
152,48,20,69,19,17,1,-1,-1,-1
152,56,475,96,18,21,1,-1,-1,-1
152,57,428,86,16,15,1,-1,-1,-1
152,58,718,264,56,50,1,-1,-1,-1
152,59,450,71,11,13,1,-1,-1,-1
152,60,431,65,13,15,1,-1,-1,-1
153,0,638,241,49,46,1,-1,-1,-1
153,1,596,152,27,25,1,-1,-1,-1
153,4,574,121,23,19,1,-1,-1,-1
153,5,599,108,19,19,1,-1,-1,-1
153,6,522,77,18,17,1,-1,-1,-1
153,7,560,98,19,15,1,-1,-1,-1
153,8,573,88,20,15,1,-1,-1,-1
153,9,590,82,19,13,1,-1,-1,-1
153,10,707,139,30,15,1,-1,-1,-1
153,11,559,77,18,13,1,-1,-1,-1
153,12,553,68,14,13,1,-1,-1,-1
153,13,569,65,14,11,1,-1,-1,-1
153,14,538,70,15,16,1,-1,-1,-1
153,15,514,68,15,14,1,-1,-1,-1
153,17,524,51,15,20,1,-1,-1,-1
153,18,565,46,14,19,1,-1,-1,-1
153,21,964,210,59,26,1,-1,-1,-1
153,22,935,198,54,23,1,-1,-1,-1
153,23,906,182,59,25,1,-1,-1,-1
153,24,880,160,59,19,1,-1,-1,-1
153,25,850,136,76,36,1,-1,-1,-1
153,28,932,144,44,19,1,-1,-1,-1
153,29,885,173,41,21,1,-1,-1,-1
153,35,0,135,37,19,1,-1,-1,-1
153,36,9,121,49,15,1,-1,-1,-1
153,37,44,104,51,18,1,-1,-1,-1
153,38,96,86,40,11,1,-1,-1,-1
153,39,22,185,71,22,1,-1,-1,-1
153,41,100,67,49,19,1,-1,-1,-1
153,44,0,216,65,30,1,-1,-1,-1
153,45,6,196,78,23,1,-1,-1,-1
153,46,43,63,36,23,1,-1,-1,-1
153,47,151,59,24,21,1,-1,-1,-1
153,48,20,69,19,17,1,-1,-1,-1
153,56,476,96,18,21,1,-1,-1,-1
153,57,428,86,16,15,1,-1,-1,-1
153,58,715,260,58,52,1,-1,-1,-1
153,59,450,71,11,13,1,-1,-1,-1
153,60,432,65,13,15,1,-1,-1,-1
153,61,470,62,14,13,1,-1,-1,-1
153,63,466,54,14,10,1,-1,-1,-1
153,99,489,54,17,10,1,-1,-1,-1
153,100,507,53,13,16,1,-1,-1,-1
154,0,638,239,48,46,1,-1,-1,-1
154,1,595,152,27,25,1,-1,-1,-1
154,4,574,123,23,19,1,-1,-1,-1
154,5,599,109,19,19,1,-1,-1,-1
154,6,522,77,18,17,1,-1,-1,-1
154,7,560,98,19,15,1,-1,-1,-1
154,8,572,88,22,17,1,-1,-1,-1
154,9,590,82,19,13,1,-1,-1,-1
154,10,706,138,31,15,1,-1,-1,-1
154,11,559,77,18,13,1,-1,-1,-1
154,12,552,67,14,13,1,-1,-1,-1
154,13,569,65,14,11,1,-1,-1,-1
154,14,538,69,14,15,1,-1,-1,-1
154,15,514,67,14,13,1,-1,-1,-1
154,17,523,50,14,19,1,-1,-1,-1
154,18,565,46,14,19,1,-1,-1,-1
154,21,970,212,53,25,1,-1,-1,-1
154,22,936,198,54,23,1,-1,-1,-1
154,23,906,183,58,25,1,-1,-1,-1
154,24,881,160,60,21,1,-1,-1,-1
154,25,851,136,73,34,1,-1,-1,-1
154,28,932,144,44,19,1,-1,-1,-1
154,29,885,173,43,21,1,-1,-1,-1
154,35,0,136,36,19,1,-1,-1,-1
154,36,10,123,45,15,1,-1,-1,-1
154,37,44,104,50,18,1,-1,-1,-1
154,38,96,86,40,11,1,-1,-1,-1
154,39,20,185,70,21,1,-1,-1,-1
154,41,100,67,49,19,1,-1,-1,-1
154,44,0,216,62,30,1,-1,-1,-1
154,45,6,198,78,23,1,-1,-1,-1
154,46,43,63,36,23,1,-1,-1,-1
154,47,151,59,26,21,1,-1,-1,-1
154,48,20,69,19,17,1,-1,-1,-1
154,56,476,98,18,21,1,-1,-1,-1
154,57,428,88,16,15,1,-1,-1,-1
154,58,716,261,52,45,1,-1,-1,-1
154,59,450,71,11,13,1,-1,-1,-1
154,60,432,65,13,15,1,-1,-1,-1
154,61,471,63,14,13,1,-1,-1,-1
154,63,467,54,14,9,1,-1,-1,-1
154,99,488,54,16,9,1,-1,-1,-1
154,100,506,52,13,15,1,-1,-1,-1
155,0,637,239,49,48,1,-1,-1,-1
155,1,595,152,27,25,1,-1,-1,-1
155,4,574,121,23,19,1,-1,-1,-1
155,5,599,109,19,19,1,-1,-1,-1
155,6,522,77,18,17,1,-1,-1,-1
155,7,560,98,19,15,1,-1,-1,-1
155,8,573,89,19,16,1,-1,-1,-1
155,9,591,83,19,13,1,-1,-1,-1
155,10,707,140,30,15,1,-1,-1,-1
155,11,559,77,18,13,1,-1,-1,-1
155,12,553,67,14,13,1,-1,-1,-1
155,13,569,65,14,11,1,-1,-1,-1
155,14,538,71,14,15,1,-1,-1,-1
155,15,514,67,14,13,1,-1,-1,-1
155,17,523,52,14,19,1,-1,-1,-1
155,18,565,46,14,19,1,-1,-1,-1
155,21,970,212,53,25,1,-1,-1,-1
155,22,936,200,54,23,1,-1,-1,-1
155,23,907,183,58,25,1,-1,-1,-1
155,24,881,160,60,19,1,-1,-1,-1
155,25,851,136,74,34,1,-1,-1,-1
155,28,932,146,44,19,1,-1,-1,-1
155,29,888,173,41,21,1,-1,-1,-1
155,35,0,136,36,19,1,-1,-1,-1
155,36,4,122,55,17,1,-1,-1,-1
155,37,43,104,49,17,1,-1,-1,-1
155,38,95,86,40,11,1,-1,-1,-1
155,39,18,187,70,21,1,-1,-1,-1
155,41,100,67,49,19,1,-1,-1,-1
155,44,0,217,63,27,1,-1,-1,-1
155,45,3,198,78,23,1,-1,-1,-1
155,46,41,63,36,23,1,-1,-1,-1
155,47,151,59,24,21,1,-1,-1,-1
155,48,20,69,19,17,1,-1,-1,-1
155,56,476,98,18,21,1,-1,-1,-1
155,57,428,88,16,17,1,-1,-1,-1
155,58,714,256,50,46,1,-1,-1,-1
155,59,450,73,11,13,1,-1,-1,-1
155,60,432,65,13,15,1,-1,-1,-1
155,61,471,63,14,13,1,-1,-1,-1
155,63,467,55,14,9,1,-1,-1,-1
155,99,488,54,16,9,1,-1,-1,-1
155,100,506,52,13,15,1,-1,-1,-1
156,0,637,239,49,46,1,-1,-1,-1
156,1,595,150,26,26,1,-1,-1,-1
156,4,574,121,23,19,1,-1,-1,-1
156,5,599,109,19,19,1,-1,-1,-1
156,6,522,77,18,17,1,-1,-1,-1
156,7,560,98,19,15,1,-1,-1,-1
156,8,573,88,19,15,1,-1,-1,-1
156,9,590,82,19,13,1,-1,-1,-1
156,10,709,140,31,15,1,-1,-1,-1
156,11,559,77,18,13,1,-1,-1,-1
156,12,552,67,14,13,1,-1,-1,-1
156,13,568,65,14,11,1,-1,-1,-1
156,14,538,69,14,15,1,-1,-1,-1
156,15,514,67,14,13,1,-1,-1,-1
156,17,523,52,14,19,1,-1,-1,-1
156,18,565,46,14,19,1,-1,-1,-1
156,21,973,212,50,25,1,-1,-1,-1
156,22,937,200,54,23,1,-1,-1,-1
156,23,909,183,58,25,1,-1,-1,-1
156,24,882,160,60,20,1,-1,-1,-1
156,25,850,136,78,36,1,-1,-1,-1
156,28,935,148,44,19,1,-1,-1,-1
156,29,889,175,41,21,1,-1,-1,-1
156,35,0,136,35,19,1,-1,-1,-1
156,36,6,123,49,15,1,-1,-1,-1
156,37,43,104,49,17,1,-1,-1,-1
156,38,95,86,40,11,1,-1,-1,-1
156,39,18,187,70,21,1,-1,-1,-1
156,41,99,67,49,19,1,-1,-1,-1
156,44,0,217,60,27,1,-1,-1,-1
156,45,2,198,78,23,1,-1,-1,-1
156,46,41,63,36,23,1,-1,-1,-1
156,47,148,59,24,21,1,-1,-1,-1
156,48,19,69,19,17,1,-1,-1,-1
156,56,476,100,18,21,1,-1,-1,-1
156,57,429,89,16,17,1,-1,-1,-1
156,58,713,255,51,46,1,-1,-1,-1
156,59,449,72,14,15,1,-1,-1,-1
156,60,432,67,13,15,1,-1,-1,-1
156,61,471,64,13,13,1,-1,-1,-1
156,63,467,55,14,9,1,-1,-1,-1
156,99,488,54,16,9,1,-1,-1,-1
156,100,506,54,13,15,1,-1,-1,-1
157,0,636,237,49,46,1,-1,-1,-1
157,1,595,152,27,25,1,-1,-1,-1
157,4,574,121,23,19,1,-1,-1,-1
157,5,598,109,19,19,1,-1,-1,-1
157,6,522,77,18,17,1,-1,-1,-1
157,7,560,98,19,15,1,-1,-1,-1
157,8,573,88,19,15,1,-1,-1,-1
157,9,590,82,19,13,1,-1,-1,-1
157,10,709,140,30,15,1,-1,-1,-1
157,11,559,77,17,13,1,-1,-1,-1
157,12,552,67,14,13,1,-1,-1,-1
157,13,568,65,14,11,1,-1,-1,-1
157,14,538,69,14,15,1,-1,-1,-1
157,15,514,67,14,13,1,-1,-1,-1
157,17,523,50,14,19,1,-1,-1,-1
157,18,568,46,14,19,1,-1,-1,-1
157,21,974,216,49,25,1,-1,-1,-1
157,22,940,202,54,23,1,-1,-1,-1
157,23,911,185,56,23,1,-1,-1,-1
157,24,884,162,59,19,1,-1,-1,-1
157,25,852,136,80,38,1,-1,-1,-1
157,28,937,145,41,22,1,-1,-1,-1
157,29,889,175,41,21,1,-1,-1,-1
157,35,0,136,35,19,1,-1,-1,-1
157,36,6,123,50,15,1,-1,-1,-1
157,37,41,104,49,17,1,-1,-1,-1
157,38,95,88,40,11,1,-1,-1,-1
157,39,18,187,70,21,1,-1,-1,-1
157,41,97,67,49,19,1,-1,-1,-1
157,44,0,219,59,25,1,-1,-1,-1
157,45,2,200,78,23,1,-1,-1,-1
157,46,41,65,36,23,1,-1,-1,-1
157,47,147,59,24,21,1,-1,-1,-1
157,48,19,71,19,17,1,-1,-1,-1
157,56,476,100,18,21,1,-1,-1,-1
157,57,428,90,17,17,1,-1,-1,-1
157,58,712,253,52,45,1,-1,-1,-1
157,59,449,71,14,15,1,-1,-1,-1
157,60,433,67,13,15,1,-1,-1,-1
157,61,471,65,13,13,1,-1,-1,-1
157,63,469,56,13,9,1,-1,-1,-1
157,99,488,54,16,9,1,-1,-1,-1
157,100,506,54,13,15,1,-1,-1,-1
158,0,637,239,49,46,1,-1,-1,-1
158,1,595,150,27,25,1,-1,-1,-1
158,4,573,121,24,18,1,-1,-1,-1
158,5,599,109,19,19,1,-1,-1,-1
158,6,522,81,17,14,1,-1,-1,-1
158,7,560,98,19,15,1,-1,-1,-1
158,8,573,88,19,15,1,-1,-1,-1
158,9,590,82,19,13,1,-1,-1,-1
158,10,710,142,30,15,1,-1,-1,-1
158,11,559,77,16,13,1,-1,-1,-1
158,12,552,67,14,13,1,-1,-1,-1
158,13,568,65,14,11,1,-1,-1,-1
158,14,536,69,14,15,1,-1,-1,-1
158,15,514,67,14,13,1,-1,-1,-1
158,17,524,51,14,19,1,-1,-1,-1
158,18,566,46,14,19,1,-1,-1,-1
158,21,974,214,49,25,1,-1,-1,-1
158,22,941,202,54,23,1,-1,-1,-1
158,23,911,185,58,25,1,-1,-1,-1
158,24,885,162,58,20,1,-1,-1,-1
158,25,855,138,78,36,1,-1,-1,-1
158,28,939,146,40,21,1,-1,-1,-1
158,29,889,175,41,21,1,-1,-1,-1
158,35,0,138,35,19,1,-1,-1,-1
158,36,6,123,49,15,1,-1,-1,-1
158,37,41,104,49,17,1,-1,-1,-1
158,38,95,86,40,11,1,-1,-1,-1
158,39,15,187,70,21,1,-1,-1,-1
158,41,97,67,49,19,1,-1,-1,-1
158,44,0,219,57,27,1,-1,-1,-1
158,45,1,200,78,23,1,-1,-1,-1
158,46,40,65,36,23,1,-1,-1,-1
158,47,148,59,24,21,1,-1,-1,-1
158,48,19,69,19,17,1,-1,-1,-1
158,56,478,102,18,21,1,-1,-1,-1
158,57,428,90,16,17,1,-1,-1,-1
158,58,710,251,50,44,1,-1,-1,-1
158,59,450,73,14,15,1,-1,-1,-1
158,60,432,67,13,15,1,-1,-1,-1
158,61,471,65,13,13,1,-1,-1,-1
158,63,467,57,14,9,1,-1,-1,-1
158,99,489,55,16,9,1,-1,-1,-1
158,100,506,54,13,15,1,-1,-1,-1
159,0,636,237,50,48,1,-1,-1,-1
159,1,595,150,27,25,1,-1,-1,-1
159,4,574,121,23,19,1,-1,-1,-1
159,5,598,109,19,19,1,-1,-1,-1
159,6,522,81,16,13,1,-1,-1,-1
159,7,560,98,19,15,1,-1,-1,-1
159,8,573,88,19,15,1,-1,-1,-1
159,9,590,82,19,13,1,-1,-1,-1
159,10,710,141,30,15,1,-1,-1,-1
159,11,559,77,16,13,1,-1,-1,-1
159,12,552,67,14,13,1,-1,-1,-1
159,13,568,65,14,11,1,-1,-1,-1
159,14,538,69,14,15,1,-1,-1,-1
159,15,514,67,14,13,1,-1,-1,-1
159,17,523,52,14,19,1,-1,-1,-1
159,18,569,46,14,19,1,-1,-1,-1
159,21,976,216,47,25,1,-1,-1,-1
159,22,943,202,54,23,1,-1,-1,-1
159,23,912,185,58,25,1,-1,-1,-1
159,24,885,163,59,19,1,-1,-1,-1
159,25,856,140,77,36,1,-1,-1,-1
159,28,940,146,40,21,1,-1,-1,-1
159,29,891,176,50,21,1,-1,-1,-1
159,36,5,125,49,15,1,-1,-1,-1
159,37,41,104,49,17,1,-1,-1,-1
159,38,94,86,40,11,1,-1,-1,-1
159,39,14,187,71,21,1,-1,-1,-1
159,41,97,67,49,19,1,-1,-1,-1
159,44,0,221,57,28,1,-1,-1,-1
159,45,0,200,74,28,1,-1,-1,-1
159,46,40,65,35,23,1,-1,-1,-1
159,47,148,59,24,21,1,-1,-1,-1
159,48,19,71,19,17,1,-1,-1,-1
159,56,478,102,18,21,1,-1,-1,-1
159,57,428,92,16,17,1,-1,-1,-1
159,58,709,249,49,43,1,-1,-1,-1
159,59,450,73,14,15,1,-1,-1,-1
159,60,432,67,13,15,1,-1,-1,-1
159,61,471,65,13,13,1,-1,-1,-1
159,63,468,56,14,9,1,-1,-1,-1
159,99,489,55,16,9,1,-1,-1,-1
159,100,506,54,13,15,1,-1,-1,-1
160,0,636,237,49,46,1,-1,-1,-1
160,1,595,150,27,25,1,-1,-1,-1
160,4,573,121,23,19,1,-1,-1,-1
160,5,599,109,19,19,1,-1,-1,-1
160,6,522,81,16,13,1,-1,-1,-1
160,7,560,98,19,15,1,-1,-1,-1
160,8,573,90,19,15,1,-1,-1,-1
160,9,590,82,19,13,1,-1,-1,-1
160,10,710,142,30,15,1,-1,-1,-1
160,11,557,77,16,13,1,-1,-1,-1
160,12,552,67,14,13,1,-1,-1,-1
160,13,568,63,14,11,1,-1,-1,-1
160,14,538,69,14,15,1,-1,-1,-1
160,15,514,67,14,13,1,-1,-1,-1
160,17,525,52,14,19,1,-1,-1,-1
160,18,569,46,14,19,1,-1,-1,-1
160,21,975,216,48,30,1,-1,-1,-1
160,22,944,204,54,25,1,-1,-1,-1
160,23,914,187,63,26,1,-1,-1,-1
160,24,888,163,60,19,1,-1,-1,-1
160,25,858,140,78,34,1,-1,-1,-1
160,28,940,148,40,21,1,-1,-1,-1
160,29,892,175,49,21,1,-1,-1,-1
160,36,3,125,49,15,1,-1,-1,-1
160,37,40,106,49,17,1,-1,-1,-1
160,38,92,86,40,11,1,-1,-1,-1
160,39,13,189,70,21,1,-1,-1,-1
160,41,100,70,49,19,1,-1,-1,-1
160,44,0,221,53,25,1,-1,-1,-1
160,45,0,206,74,23,1,-1,-1,-1
160,46,40,65,36,23,1,-1,-1,-1
160,47,148,59,24,21,1,-1,-1,-1
160,48,18,71,19,17,1,-1,-1,-1
160,56,479,104,18,21,1,-1,-1,-1
160,57,428,92,16,17,1,-1,-1,-1
160,58,707,246,49,42,1,-1,-1,-1
160,59,449,73,14,15,1,-1,-1,-1
160,60,431,68,14,19,1,-1,-1,-1
160,61,471,65,13,13,1,-1,-1,-1
160,63,469,58,14,9,1,-1,-1,-1
160,99,488,55,16,9,1,-1,-1,-1
160,100,506,54,13,15,1,-1,-1,-1
161,0,639,239,45,43,1,-1,-1,-1
161,1,595,150,27,25,1,-1,-1,-1
161,4,573,121,23,19,1,-1,-1,-1
161,5,598,108,19,19,1,-1,-1,-1
161,6,522,81,16,13,1,-1,-1,-1
161,7,560,97,19,15,1,-1,-1,-1
161,8,572,88,19,15,1,-1,-1,-1
161,9,590,82,19,13,1,-1,-1,-1
161,10,711,142,31,15,1,-1,-1,-1
161,11,559,75,16,13,1,-1,-1,-1
161,12,552,67,14,13,1,-1,-1,-1
161,13,568,63,14,11,1,-1,-1,-1
161,14,536,69,14,15,1,-1,-1,-1
161,15,514,67,14,13,1,-1,-1,-1
161,17,523,52,14,19,1,-1,-1,-1
161,18,568,46,14,19,1,-1,-1,-1
161,21,978,215,45,32,1,-1,-1,-1
161,22,945,204,54,23,1,-1,-1,-1
161,23,915,187,58,26,1,-1,-1,-1
161,24,888,163,61,19,1,-1,-1,-1
161,25,859,140,76,34,1,-1,-1,-1
161,28,941,148,40,21,1,-1,-1,-1
161,29,893,177,52,21,1,-1,-1,-1
161,36,1,125,53,17,1,-1,-1,-1
161,37,40,106,49,17,1,-1,-1,-1
161,38,92,86,40,11,1,-1,-1,-1
161,39,11,190,70,21,1,-1,-1,-1
161,41,96,67,51,19,1,-1,-1,-1
161,44,0,221,54,28,1,-1,-1,-1
161,45,0,202,74,26,1,-1,-1,-1
161,46,40,65,36,23,1,-1,-1,-1
161,47,147,59,24,21,1,-1,-1,-1
161,48,16,71,19,17,1,-1,-1,-1
161,56,477,102,19,24,1,-1,-1,-1
161,57,427,92,16,17,1,-1,-1,-1
161,58,705,244,49,44,1,-1,-1,-1
161,59,450,73,14,15,1,-1,-1,-1
161,60,431,67,14,19,1,-1,-1,-1
161,61,472,65,13,13,1,-1,-1,-1
161,63,470,57,14,9,1,-1,-1,-1
161,99,489,55,16,9,1,-1,-1,-1
161,100,506,54,13,15,1,-1,-1,-1
162,0,639,238,42,42,1,-1,-1,-1
162,1,595,150,27,25,1,-1,-1,-1
162,4,574,121,23,19,1,-1,-1,-1
162,5,598,109,19,19,1,-1,-1,-1
162,6,522,81,16,13,1,-1,-1,-1
162,7,559,97,19,15,1,-1,-1,-1
162,8,573,88,19,15,1,-1,-1,-1
162,9,590,82,19,13,1,-1,-1,-1
162,10,711,142,30,15,1,-1,-1,-1
162,11,557,77,16,13,1,-1,-1,-1
162,12,552,67,14,13,1,-1,-1,-1
162,13,568,63,14,11,1,-1,-1,-1
162,14,536,69,14,15,1,-1,-1,-1
162,15,514,69,14,13,1,-1,-1,-1
162,17,523,53,17,18,1,-1,-1,-1
162,18,567,46,17,17,1,-1,-1,-1
162,21,978,217,45,29,1,-1,-1,-1
162,22,946,206,54,23,1,-1,-1,-1
162,23,916,187,58,27,1,-1,-1,-1
162,24,889,163,60,20,1,-1,-1,-1
162,25,860,142,76,32,1,-1,-1,-1
162,28,943,148,40,21,1,-1,-1,-1
162,29,894,177,50,21,1,-1,-1,-1
162,36,0,125,53,17,1,-1,-1,-1
162,37,40,106,49,17,1,-1,-1,-1
162,38,92,88,40,11,1,-1,-1,-1
162,39,10,190,70,21,1,-1,-1,-1
162,41,96,69,52,21,1,-1,-1,-1
162,44,0,223,52,28,1,-1,-1,-1
162,45,0,204,73,27,1,-1,-1,-1
162,46,40,65,36,23,1,-1,-1,-1
162,47,148,61,24,21,1,-1,-1,-1
162,48,18,71,23,19,1,-1,-1,-1
162,56,476,102,19,23,1,-1,-1,-1
162,57,428,94,16,17,1,-1,-1,-1
162,58,704,242,48,43,1,-1,-1,-1
162,59,450,75,14,15,1,-1,-1,-1
162,60,432,67,14,19,1,-1,-1,-1
162,61,472,67,14,14,1,-1,-1,-1
162,63,470,59,14,9,1,-1,-1,-1
162,99,488,55,16,9,1,-1,-1,-1
162,100,506,52,13,15,1,-1,-1,-1
163,0,638,239,46,42,1,-1,-1,-1
163,1,595,150,27,25,1,-1,-1,-1
163,4,574,121,23,19,1,-1,-1,-1
163,5,598,108,19,19,1,-1,-1,-1
163,6,522,81,16,13,1,-1,-1,-1
163,7,560,98,19,15,1,-1,-1,-1
163,8,573,88,19,15,1,-1,-1,-1
163,9,590,82,19,13,1,-1,-1,-1
163,10,713,144,30,15,1,-1,-1,-1
163,11,557,77,16,13,1,-1,-1,-1
163,12,552,67,14,13,1,-1,-1,-1
163,13,568,63,14,11,1,-1,-1,-1
163,14,536,69,14,15,1,-1,-1,-1
163,15,514,69,14,13,1,-1,-1,-1
163,17,524,52,14,19,1,-1,-1,-1
163,18,566,46,16,17,1,-1,-1,-1
163,21,979,217,44,28,1,-1,-1,-1
163,22,949,206,54,23,1,-1,-1,-1
163,23,919,189,57,28,1,-1,-1,-1
163,24,889,165,62,22,1,-1,-1,-1
163,25,858,141,79,36,1,-1,-1,-1
163,28,944,150,40,21,1,-1,-1,-1
163,29,896,177,50,21,1,-1,-1,-1
163,36,0,125,53,17,1,-1,-1,-1
163,37,39,106,49,17,1,-1,-1,-1
163,38,91,88,40,11,1,-1,-1,-1
163,39,10,192,70,21,1,-1,-1,-1
163,41,96,69,52,20,1,-1,-1,-1
163,44,0,223,48,25,1,-1,-1,-1
163,45,0,204,70,27,1,-1,-1,-1
163,46,40,65,35,23,1,-1,-1,-1
163,47,147,61,24,21,1,-1,-1,-1
163,48,15,71,22,18,1,-1,-1,-1
163,56,476,104,19,23,1,-1,-1,-1
163,57,428,94,16,17,1,-1,-1,-1
163,58,704,241,47,42,1,-1,-1,-1
163,59,450,75,14,15,1,-1,-1,-1
163,60,432,67,14,19,1,-1,-1,-1
163,61,471,67,14,13,1,-1,-1,-1
163,63,471,58,14,9,1,-1,-1,-1
163,99,489,55,16,9,1,-1,-1,-1
163,100,506,52,13,15,1,-1,-1,-1
164,0,637,237,46,42,1,-1,-1,-1
164,1,595,150,27,25,1,-1,-1,-1
164,4,574,120,23,19,1,-1,-1,-1
164,5,598,108,19,19,1,-1,-1,-1
164,6,522,81,16,13,1,-1,-1,-1
164,7,560,99,19,15,1,-1,-1,-1
164,8,570,88,19,15,1,-1,-1,-1
164,9,590,82,19,13,1,-1,-1,-1
164,10,714,144,30,15,1,-1,-1,-1
164,11,557,77,16,13,1,-1,-1,-1
164,12,552,67,14,13,1,-1,-1,-1
164,13,568,63,14,11,1,-1,-1,-1
164,14,536,69,14,15,1,-1,-1,-1
164,15,514,69,14,13,1,-1,-1,-1
164,17,524,51,14,19,1,-1,-1,-1
164,18,569,46,16,17,1,-1,-1,-1
164,21,979,217,44,30,1,-1,-1,-1
164,22,949,208,54,23,1,-1,-1,-1
164,23,919,190,58,27,1,-1,-1,-1
164,24,889,165,61,21,1,-1,-1,-1
164,25,859,140,78,36,1,-1,-1,-1
164,28,946,150,40,21,1,-1,-1,-1
164,29,897,179,49,21,1,-1,-1,-1
164,36,0,125,54,17,1,-1,-1,-1
164,37,37,106,49,17,1,-1,-1,-1
164,38,91,88,40,11,1,-1,-1,-1
164,39,7,192,71,21,1,-1,-1,-1
164,41,96,69,53,20,1,-1,-1,-1
164,44,0,225,48,27,1,-1,-1,-1
164,45,0,204,69,25,1,-1,-1,-1
164,46,36,65,36,23,1,-1,-1,-1
164,48,15,71,23,19,1,-1,-1,-1
164,56,478,104,19,23,1,-1,-1,-1
164,57,427,96,16,17,1,-1,-1,-1
164,58,702,239,48,42,1,-1,-1,-1
164,59,450,75,14,15,1,-1,-1,-1
164,60,432,69,14,19,1,-1,-1,-1
164,61,472,67,14,13,1,-1,-1,-1
164,63,471,59,14,9,1,-1,-1,-1
164,99,488,55,16,9,1,-1,-1,-1
164,100,506,52,13,15,1,-1,-1,-1
165,0,637,237,43,41,1,-1,-1,-1
165,1,595,150,27,25,1,-1,-1,-1
165,4,574,121,23,19,1,-1,-1,-1
165,5,598,108,19,19,1,-1,-1,-1
165,6,522,81,16,13,1,-1,-1,-1
165,7,560,98,19,15,1,-1,-1,-1
165,8,573,88,19,15,1,-1,-1,-1
165,9,590,82,19,13,1,-1,-1,-1
165,10,714,146,30,15,1,-1,-1,-1
165,11,557,75,16,13,1,-1,-1,-1
165,12,552,67,14,13,1,-1,-1,-1
165,13,566,63,14,11,1,-1,-1,-1
165,14,536,69,14,15,1,-1,-1,-1
165,15,514,69,14,13,1,-1,-1,-1
165,17,524,50,14,19,1,-1,-1,-1
165,18,569,46,16,17,1,-1,-1,-1
165,21,982,219,41,32,1,-1,-1,-1
165,22,952,208,54,23,1,-1,-1,-1
165,23,920,190,58,26,1,-1,-1,-1
165,24,892,167,61,21,1,-1,-1,-1
165,25,859,142,78,36,1,-1,-1,-1
165,28,946,150,41,21,1,-1,-1,-1
165,29,898,179,49,21,1,-1,-1,-1
165,36,0,125,54,17,1,-1,-1,-1
165,37,37,108,49,17,1,-1,-1,-1
165,38,90,90,40,11,1,-1,-1,-1
165,39,6,192,70,21,1,-1,-1,-1
165,41,95,69,54,20,1,-1,-1,-1
165,44,0,225,45,27,1,-1,-1,-1
165,45,0,204,67,27,1,-1,-1,-1
165,46,37,65,36,23,1,-1,-1,-1
165,48,15,71,21,18,1,-1,-1,-1
165,56,478,106,19,23,1,-1,-1,-1
165,57,427,96,16,17,1,-1,-1,-1
165,58,701,237,49,44,1,-1,-1,-1
165,59,450,75,14,15,1,-1,-1,-1
165,60,432,69,14,19,1,-1,-1,-1
165,61,472,67,14,13,1,-1,-1,-1
165,63,471,59,14,9,1,-1,-1,-1
165,99,489,55,16,9,1,-1,-1,-1
165,100,506,52,13,15,1,-1,-1,-1
166,0,636,236,45,42,1,-1,-1,-1
166,1,595,150,27,25,1,-1,-1,-1
166,4,573,121,23,19,1,-1,-1,-1
166,5,598,108,19,19,1,-1,-1,-1
166,6,522,82,16,13,1,-1,-1,-1
166,7,560,98,19,15,1,-1,-1,-1
166,8,572,88,19,15,1,-1,-1,-1
166,9,590,82,19,13,1,-1,-1,-1
166,10,714,144,28,15,1,-1,-1,-1
166,11,559,75,16,13,1,-1,-1,-1
166,12,552,67,14,13,1,-1,-1,-1
166,13,566,63,14,11,1,-1,-1,-1
166,14,536,69,14,15,1,-1,-1,-1
166,15,514,67,14,13,1,-1,-1,-1
166,17,524,50,14,19,1,-1,-1,-1
166,18,569,46,16,17,1,-1,-1,-1
166,21,984,221,39,30,1,-1,-1,-1
166,22,953,210,54,23,1,-1,-1,-1
166,23,922,190,60,29,1,-1,-1,-1
166,24,893,167,61,21,1,-1,-1,-1
166,25,860,142,78,36,1,-1,-1,-1
166,28,949,152,40,21,1,-1,-1,-1
166,29,898,179,49,21,1,-1,-1,-1
166,36,0,125,52,17,1,-1,-1,-1
166,37,36,108,49,17,1,-1,-1,-1
166,38,91,88,40,11,1,-1,-1,-1
166,39,6,192,70,21,1,-1,-1,-1
166,41,95,69,53,19,1,-1,-1,-1
166,44,0,225,44,25,1,-1,-1,-1
166,45,0,204,67,27,1,-1,-1,-1
166,46,36,65,36,23,1,-1,-1,-1
166,48,15,71,19,17,1,-1,-1,-1
166,56,479,109,19,23,1,-1,-1,-1
166,57,427,96,16,17,1,-1,-1,-1
166,58,701,235,46,38,1,-1,-1,-1
166,59,450,77,14,15,1,-1,-1,-1
166,60,432,71,14,19,1,-1,-1,-1
166,61,472,69,14,13,1,-1,-1,-1
166,63,471,59,14,9,1,-1,-1,-1
166,99,489,55,16,9,1,-1,-1,-1
166,100,505,52,13,15,1,-1,-1,-1
167,0,634,235,45,42,1,-1,-1,-1
167,1,594,150,27,25,1,-1,-1,-1
167,4,572,119,23,19,1,-1,-1,-1
167,5,596,108,19,19,1,-1,-1,-1
167,6,522,82,16,13,1,-1,-1,-1
167,7,560,98,19,15,1,-1,-1,-1
167,8,570,88,19,15,1,-1,-1,-1
167,9,589,82,19,13,1,-1,-1,-1
167,10,715,144,28,15,1,-1,-1,-1
167,11,557,77,16,13,1,-1,-1,-1
167,12,552,67,14,13,1,-1,-1,-1
167,13,568,64,14,11,1,-1,-1,-1
167,14,536,67,14,15,1,-1,-1,-1
167,15,514,69,14,13,1,-1,-1,-1
167,17,523,50,16,20,1,-1,-1,-1
167,18,569,46,16,17,1,-1,-1,-1
167,21,984,221,39,32,1,-1,-1,-1
167,22,954,210,54,23,1,-1,-1,-1
167,23,923,192,59,28,1,-1,-1,-1
167,24,893,167,61,21,1,-1,-1,-1
167,25,862,142,78,36,1,-1,-1,-1
167,28,949,152,41,21,1,-1,-1,-1
167,29,901,181,49,21,1,-1,-1,-1
167,36,0,125,50,17,1,-1,-1,-1
167,37,36,108,49,17,1,-1,-1,-1
167,38,91,88,40,11,1,-1,-1,-1
167,39,3,194,71,21,1,-1,-1,-1
167,41,95,69,52,20,1,-1,-1,-1
167,44,0,227,49,28,1,-1,-1,-1
167,45,0,206,66,27,1,-1,-1,-1
167,46,36,63,37,23,1,-1,-1,-1
167,48,15,72,21,18,1,-1,-1,-1
167,56,479,110,19,23,1,-1,-1,-1
167,57,427,98,16,17,1,-1,-1,-1
167,58,699,233,45,38,1,-1,-1,-1
167,59,450,77,14,15,1,-1,-1,-1
167,60,432,71,14,19,1,-1,-1,-1
167,61,474,69,14,13,1,-1,-1,-1
167,63,472,61,14,9,1,-1,-1,-1
167,99,490,56,16,9,1,-1,-1,-1
167,100,506,52,13,15,1,-1,-1,-1
168,0,636,235,44,42,1,-1,-1,-1
168,1,595,148,27,25,1,-1,-1,-1
168,4,573,120,23,19,1,-1,-1,-1
168,5,598,108,19,19,1,-1,-1,-1
168,6,522,82,16,13,1,-1,-1,-1
168,7,560,98,19,15,1,-1,-1,-1
168,8,570,86,19,15,1,-1,-1,-1
168,9,590,82,19,13,1,-1,-1,-1
168,10,715,146,30,15,1,-1,-1,-1
168,11,556,75,16,13,1,-1,-1,-1
168,12,552,67,14,13,1,-1,-1,-1
168,13,568,63,14,11,1,-1,-1,-1
168,14,535,67,14,15,1,-1,-1,-1
168,15,514,69,14,13,1,-1,-1,-1
168,17,522,50,15,19,1,-1,-1,-1
168,18,570,46,16,17,1,-1,-1,-1
168,21,986,221,37,32,1,-1,-1,-1
168,22,957,210,54,23,1,-1,-1,-1
168,23,924,192,59,28,1,-1,-1,-1
168,24,896,167,61,21,1,-1,-1,-1
168,25,863,142,78,36,1,-1,-1,-1
168,28,949,151,40,21,1,-1,-1,-1
168,29,902,181,49,21,1,-1,-1,-1
168,36,0,125,49,17,1,-1,-1,-1
168,37,36,108,49,17,1,-1,-1,-1
168,38,90,88,40,11,1,-1,-1,-1
168,39,3,194,70,21,1,-1,-1,-1
168,41,95,69,50,19,1,-1,-1,-1
168,44,0,227,46,26,1,-1,-1,-1
168,45,0,206,64,27,1,-1,-1,-1
168,46,36,65,36,23,1,-1,-1,-1
168,48,14,71,21,18,1,-1,-1,-1
168,56,479,111,19,23,1,-1,-1,-1
168,57,427,98,16,17,1,-1,-1,-1
168,58,697,231,44,38,1,-1,-1,-1
168,59,450,77,14,15,1,-1,-1,-1
168,60,432,71,14,19,1,-1,-1,-1
168,61,474,71,14,13,1,-1,-1,-1
168,63,472,61,14,9,1,-1,-1,-1
168,99,489,55,17,10,1,-1,-1,-1
168,100,506,52,13,15,1,-1,-1,-1
169,0,634,235,44,42,1,-1,-1,-1
169,1,594,148,27,25,1,-1,-1,-1
169,4,572,119,24,19,1,-1,-1,-1
169,5,596,108,19,19,1,-1,-1,-1
169,6,522,82,16,13,1,-1,-1,-1
169,7,559,98,19,15,1,-1,-1,-1
169,8,570,88,19,15,1,-1,-1,-1
169,9,589,81,19,13,1,-1,-1,-1
169,10,717,146,30,15,1,-1,-1,-1
169,11,556,75,16,13,1,-1,-1,-1
169,12,552,67,14,13,1,-1,-1,-1
169,13,568,63,14,11,1,-1,-1,-1
169,14,536,67,14,15,1,-1,-1,-1
169,15,514,69,14,13,1,-1,-1,-1
169,17,525,50,15,19,1,-1,-1,-1
169,18,570,46,16,17,1,-1,-1,-1
169,21,988,221,35,32,1,-1,-1,-1
169,22,957,209,61,26,1,-1,-1,-1
169,23,925,196,60,25,1,-1,-1,-1
169,24,896,169,61,21,1,-1,-1,-1
169,25,864,144,78,36,1,-1,-1,-1
169,28,950,150,43,24,1,-1,-1,-1
169,29,903,181,49,21,1,-1,-1,-1
169,36,0,125,48,17,1,-1,-1,-1
169,37,33,108,49,17,1,-1,-1,-1
169,38,88,88,40,11,1,-1,-1,-1
169,39,1,194,71,21,1,-1,-1,-1
169,41,95,69,49,19,1,-1,-1,-1
169,44,0,229,47,26,1,-1,-1,-1
169,45,0,208,61,25,1,-1,-1,-1
169,46,35,63,37,23,1,-1,-1,-1
169,48,14,71,20,17,1,-1,-1,-1
169,56,480,111,19,23,1,-1,-1,-1
169,57,425,97,20,20,1,-1,-1,-1
169,58,697,229,45,38,1,-1,-1,-1
169,59,450,79,14,15,1,-1,-1,-1
169,60,432,73,14,19,1,-1,-1,-1
169,61,475,71,14,13,1,-1,-1,-1
169,62,451,70,13,12,1,-1,-1,-1
169,63,472,61,14,9,1,-1,-1,-1
169,99,489,55,17,10,1,-1,-1,-1
169,100,507,52,13,15,1,-1,-1,-1
170,0,634,235,44,42,1,-1,-1,-1
170,1,594,148,27,25,1,-1,-1,-1
170,4,572,119,23,19,1,-1,-1,-1
170,5,598,106,19,19,1,-1,-1,-1
170,6,522,82,16,13,1,-1,-1,-1
170,7,560,98,19,15,1,-1,-1,-1
170,8,570,88,19,15,1,-1,-1,-1
170,9,590,82,19,13,1,-1,-1,-1
170,10,717,148,30,15,1,-1,-1,-1
170,11,557,75,16,13,1,-1,-1,-1
170,12,552,65,14,13,1,-1,-1,-1
170,13,568,63,14,11,1,-1,-1,-1
170,14,536,67,14,15,1,-1,-1,-1
170,15,514,69,14,13,1,-1,-1,-1
170,17,523,50,15,19,1,-1,-1,-1
170,18,572,46,15,15,1,-1,-1,-1
170,21,991,223,32,32,1,-1,-1,-1
170,22,958,210,61,25,1,-1,-1,-1
170,23,927,194,59,26,1,-1,-1,-1
170,24,898,169,61,21,1,-1,-1,-1
170,25,865,144,78,36,1,-1,-1,-1
170,28,952,151,43,23,1,-1,-1,-1
170,29,905,183,50,21,1,-1,-1,-1
170,36,0,125,48,17,1,-1,-1,-1
170,37,33,108,49,17,1,-1,-1,-1
170,38,88,89,40,11,1,-1,-1,-1
170,39,1,195,64,24,1,-1,-1,-1
170,41,95,69,49,19,1,-1,-1,-1
170,45,0,208,58,25,1,-1,-1,-1
170,46,35,65,39,25,1,-1,-1,-1
170,48,13,71,20,17,1,-1,-1,-1
170,49,105,82,36,13,1,-1,-1,-1
170,56,480,112,19,23,1,-1,-1,-1
170,57,424,98,19,19,1,-1,-1,-1
170,58,697,227,44,36,1,-1,-1,-1
170,59,450,79,14,15,1,-1,-1,-1
170,60,432,74,14,19,1,-1,-1,-1
170,61,475,71,14,13,1,-1,-1,-1
170,62,450,71,13,11,1,-1,-1,-1
170,63,473,61,14,9,1,-1,-1,-1
170,99,490,56,18,9,1,-1,-1,-1
170,100,507,52,13,15,1,-1,-1,-1
171,0,634,233,44,42,1,-1,-1,-1
171,1,595,148,27,25,1,-1,-1,-1
171,4,572,119,23,19,1,-1,-1,-1
171,5,596,106,20,20,1,-1,-1,-1
171,6,522,82,16,13,1,-1,-1,-1
171,7,560,98,19,15,1,-1,-1,-1
171,8,572,88,19,15,1,-1,-1,-1
171,9,589,81,19,13,1,-1,-1,-1
171,10,718,148,28,13,1,-1,-1,-1
171,11,556,75,16,13,1,-1,-1,-1
171,12,552,67,14,13,1,-1,-1,-1
171,13,568,63,14,11,1,-1,-1,-1
171,14,536,67,14,15,1,-1,-1,-1
171,15,514,69,14,13,1,-1,-1,-1
171,17,523,50,15,19,1,-1,-1,-1
171,18,572,44,20,19,1,-1,-1,-1
171,21,992,223,31,32,1,-1,-1,-1
171,22,960,210,61,25,1,-1,-1,-1
171,23,929,195,58,25,1,-1,-1,-1
171,24,899,169,62,21,1,-1,-1,-1
171,25,868,143,79,36,1,-1,-1,-1
171,28,954,151,43,23,1,-1,-1,-1
171,29,906,183,49,23,1,-1,-1,-1
171,36,0,126,48,17,1,-1,-1,-1
171,37,33,108,49,17,1,-1,-1,-1
171,38,88,88,39,12,1,-1,-1,-1
171,39,0,196,70,21,1,-1,-1,-1
171,41,94,69,49,19,1,-1,-1,-1
171,45,0,210,58,25,1,-1,-1,-1
171,46,36,65,37,23,1,-1,-1,-1
171,48,13,71,20,17,1,-1,-1,-1
171,49,104,82,36,13,1,-1,-1,-1
171,56,480,113,19,23,1,-1,-1,-1
171,57,425,100,19,19,1,-1,-1,-1
171,58,693,225,44,38,1,-1,-1,-1
171,59,450,79,14,15,1,-1,-1,-1
171,60,432,74,14,19,1,-1,-1,-1
171,61,475,73,14,13,1,-1,-1,-1
171,62,450,71,13,11,1,-1,-1,-1
171,63,474,63,14,9,1,-1,-1,-1
171,99,489,55,16,10,1,-1,-1,-1
171,100,507,52,13,15,1,-1,-1,-1
172,0,634,233,44,42,1,-1,-1,-1
172,1,594,150,27,25,1,-1,-1,-1
172,4,572,119,23,19,1,-1,-1,-1
172,5,596,106,20,20,1,-1,-1,-1
172,6,522,82,16,13,1,-1,-1,-1
172,7,559,98,19,15,1,-1,-1,-1
172,8,570,86,19,15,1,-1,-1,-1
172,9,590,81,19,13,1,-1,-1,-1
172,10,717,148,33,13,1,-1,-1,-1
172,11,556,75,16,13,1,-1,-1,-1
172,12,552,67,14,13,1,-1,-1,-1
172,13,569,63,14,11,1,-1,-1,-1
172,14,535,67,14,15,1,-1,-1,-1
172,15,516,69,14,13,1,-1,-1,-1
172,17,523,50,15,19,1,-1,-1,-1
172,18,572,44,19,19,1,-1,-1,-1
172,21,993,225,30,32,1,-1,-1,-1
172,22,962,210,61,25,1,-1,-1,-1
172,23,931,196,59,26,1,-1,-1,-1
172,24,899,169,61,21,1,-1,-1,-1
172,25,869,145,78,34,1,-1,-1,-1
172,28,955,153,43,23,1,-1,-1,-1
172,29,907,183,50,24,1,-1,-1,-1
172,36,0,126,48,17,1,-1,-1,-1
172,37,32,109,49,17,1,-1,-1,-1
172,38,88,90,39,12,1,-1,-1,-1
172,39,0,196,69,21,1,-1,-1,-1
172,41,94,69,49,19,1,-1,-1,-1
172,45,0,210,57,27,1,-1,-1,-1
172,46,36,65,36,23,1,-1,-1,-1
172,48,13,71,20,17,1,-1,-1,-1
172,49,104,82,36,13,1,-1,-1,-1
172,50,101,127,55,19,1,-1,-1,-1
172,56,480,113,19,23,1,-1,-1,-1
172,57,424,100,19,19,1,-1,-1,-1
172,58,693,223,44,38,1,-1,-1,-1
172,59,450,81,14,15,1,-1,-1,-1
172,60,431,73,17,22,1,-1,-1,-1
172,61,475,73,14,13,1,-1,-1,-1
172,62,451,71,13,11,1,-1,-1,-1
172,63,475,63,14,9,1,-1,-1,-1
172,99,490,56,16,11,1,-1,-1,-1
172,100,508,52,13,15,1,-1,-1,-1
173,0,633,233,45,42,1,-1,-1,-1
173,1,594,150,27,25,1,-1,-1,-1
173,4,572,117,23,19,1,-1,-1,-1
173,5,595,106,19,19,1,-1,-1,-1
173,6,522,81,16,13,1,-1,-1,-1
173,7,560,96,19,15,1,-1,-1,-1
173,8,570,86,19,15,1,-1,-1,-1
173,9,589,81,19,13,1,-1,-1,-1
173,10,717,148,32,13,1,-1,-1,-1
173,11,556,75,16,13,1,-1,-1,-1
173,12,552,67,14,13,1,-1,-1,-1
173,13,569,63,14,11,1,-1,-1,-1
173,14,535,67,14,15,1,-1,-1,-1
173,15,515,69,14,13,1,-1,-1,-1
173,17,522,50,15,19,1,-1,-1,-1
173,18,573,44,19,19,1,-1,-1,-1
173,21,996,225,27,32,1,-1,-1,-1
173,22,963,212,60,25,1,-1,-1,-1
173,23,932,196,58,25,1,-1,-1,-1
173,24,901,171,61,21,1,-1,-1,-1
173,25,868,144,82,36,1,-1,-1,-1
173,28,960,154,40,21,1,-1,-1,-1
173,29,909,185,50,21,1,-1,-1,-1
173,36,0,125,47,17,1,-1,-1,-1
173,37,31,109,49,17,1,-1,-1,-1
173,38,87,90,39,11,1,-1,-1,-1
173,41,94,69,49,19,1,-1,-1,-1
173,45,0,210,56,27,1,-1,-1,-1
173,46,33,65,36,23,1,-1,-1,-1
173,48,13,73,20,17,1,-1,-1,-1
173,49,104,82,36,13,1,-1,-1,-1
173,50,100,127,54,19,1,-1,-1,-1
173,56,479,115,21,26,1,-1,-1,-1
173,57,424,100,19,19,1,-1,-1,-1
173,58,692,221,45,38,1,-1,-1,-1
173,59,451,79,14,15,1,-1,-1,-1
173,60,431,75,16,21,1,-1,-1,-1
173,61,475,73,15,14,1,-1,-1,-1
173,62,451,73,13,11,1,-1,-1,-1
173,63,475,63,14,9,1,-1,-1,-1
173,99,489,55,15,11,1,-1,-1,-1
173,100,508,52,13,15,1,-1,-1,-1
174,0,633,231,48,44,1,-1,-1,-1
174,1,594,150,27,25,1,-1,-1,-1
174,4,573,117,23,19,1,-1,-1,-1
174,5,596,106,19,19,1,-1,-1,-1
174,6,522,82,15,13,1,-1,-1,-1
174,7,559,96,19,15,1,-1,-1,-1
174,8,570,86,19,15,1,-1,-1,-1
174,9,589,82,17,12,1,-1,-1,-1
174,10,718,148,32,13,1,-1,-1,-1
174,11,557,75,16,13,1,-1,-1,-1
174,12,552,67,14,13,1,-1,-1,-1
174,13,569,63,14,11,1,-1,-1,-1
174,14,535,65,14,15,1,-1,-1,-1
174,15,517,69,14,13,1,-1,-1,-1
174,17,522,50,15,19,1,-1,-1,-1
174,18,573,44,19,19,1,-1,-1,-1
174,21,997,225,26,32,1,-1,-1,-1
174,22,965,212,58,25,1,-1,-1,-1
174,23,933,198,58,25,1,-1,-1,-1
174,24,902,171,61,21,1,-1,-1,-1
174,25,870,148,81,33,1,-1,-1,-1
174,28,961,156,40,21,1,-1,-1,-1
174,29,909,185,51,22,1,-1,-1,-1
174,36,0,125,45,17,1,-1,-1,-1
174,37,31,109,49,17,1,-1,-1,-1
174,38,87,90,39,11,1,-1,-1,-1
174,41,92,69,49,19,1,-1,-1,-1
174,45,0,212,54,25,1,-1,-1,-1
174,46,33,65,36,23,1,-1,-1,-1
174,48,10,71,23,19,1,-1,-1,-1
174,49,104,82,36,13,1,-1,-1,-1
174,50,97,127,57,19,1,-1,-1,-1
174,56,481,117,19,23,1,-1,-1,-1
174,57,424,102,19,19,1,-1,-1,-1
174,58,689,219,47,40,1,-1,-1,-1
174,59,450,81,14,15,1,-1,-1,-1
174,60,431,75,16,21,1,-1,-1,-1
174,61,475,73,14,13,1,-1,-1,-1
174,62,451,73,13,11,1,-1,-1,-1
174,63,475,63,14,9,1,-1,-1,-1
174,99,489,55,15,11,1,-1,-1,-1
174,100,508,52,13,15,1,-1,-1,-1
175,0,633,231,47,44,1,-1,-1,-1
175,1,594,150,26,25,1,-1,-1,-1
175,4,572,119,23,19,1,-1,-1,-1
175,5,596,106,19,19,1,-1,-1,-1
175,6,522,82,16,13,1,-1,-1,-1
175,7,559,98,19,15,1,-1,-1,-1
175,8,569,86,19,15,1,-1,-1,-1
175,9,589,82,16,11,1,-1,-1,-1
175,10,718,148,32,13,1,-1,-1,-1
175,11,556,75,16,13,1,-1,-1,-1
175,12,552,65,14,13,1,-1,-1,-1
175,13,569,63,14,11,1,-1,-1,-1
175,14,535,66,14,15,1,-1,-1,-1
175,15,515,69,14,13,1,-1,-1,-1
175,17,522,50,15,19,1,-1,-1,-1
175,18,574,44,19,19,1,-1,-1,-1
175,22,966,214,57,27,1,-1,-1,-1
175,23,935,198,58,25,1,-1,-1,-1
175,24,902,171,61,21,1,-1,-1,-1
175,25,872,147,80,36,1,-1,-1,-1
175,28,958,153,44,24,1,-1,-1,-1
175,29,910,185,49,23,1,-1,-1,-1
175,36,0,125,45,17,1,-1,-1,-1
175,37,30,109,49,17,1,-1,-1,-1
175,38,86,90,39,11,1,-1,-1,-1
175,41,92,71,49,19,1,-1,-1,-1
175,45,0,212,53,27,1,-1,-1,-1
175,46,32,65,36,23,1,-1,-1,-1
175,48,10,73,21,17,1,-1,-1,-1
175,49,104,82,36,13,1,-1,-1,-1
175,50,97,127,56,19,1,-1,-1,-1
175,56,479,117,21,26,1,-1,-1,-1
175,57,424,105,19,19,1,-1,-1,-1
175,58,688,217,49,42,1,-1,-1,-1
175,59,452,81,14,16,1,-1,-1,-1
175,60,431,75,15,20,1,-1,-1,-1
175,61,475,75,14,13,1,-1,-1,-1
175,62,452,73,13,11,1,-1,-1,-1
175,63,476,65,14,9,1,-1,-1,-1
175,99,489,55,15,11,1,-1,-1,-1
175,100,508,52,13,15,1,-1,-1,-1
176,0,633,231,45,42,1,-1,-1,-1
176,1,592,148,27,25,1,-1,-1,-1
176,4,572,117,23,19,1,-1,-1,-1
176,5,595,106,19,19,1,-1,-1,-1
176,6,522,82,15,13,1,-1,-1,-1
176,7,557,96,19,15,1,-1,-1,-1
176,8,569,86,19,15,1,-1,-1,-1
176,9,589,82,16,11,1,-1,-1,-1
176,10,718,150,31,13,1,-1,-1,-1
176,11,556,75,16,13,1,-1,-1,-1
176,12,552,65,14,13,1,-1,-1,-1
176,13,569,63,14,11,1,-1,-1,-1
176,14,535,67,14,16,1,-1,-1,-1
176,15,515,69,14,13,1,-1,-1,-1
176,17,522,50,15,19,1,-1,-1,-1
176,18,574,44,19,19,1,-1,-1,-1
176,22,967,214,56,25,1,-1,-1,-1
176,23,936,198,58,25,1,-1,-1,-1
176,24,905,173,61,21,1,-1,-1,-1
176,25,873,148,79,34,1,-1,-1,-1
176,28,960,154,44,23,1,-1,-1,-1
176,29,912,185,62,23,1,-1,-1,-1
176,36,0,125,41,15,1,-1,-1,-1
176,37,28,109,49,17,1,-1,-1,-1
176,38,84,90,39,11,1,-1,-1,-1
176,41,91,69,49,19,1,-1,-1,-1
176,45,0,214,50,27,1,-1,-1,-1
176,46,33,65,35,23,1,-1,-1,-1
176,48,10,73,24,17,1,-1,-1,-1
176,49,103,82,36,13,1,-1,-1,-1
176,50,96,127,54,19,1,-1,-1,-1
176,56,479,119,22,27,1,-1,-1,-1
176,57,424,105,19,19,1,-1,-1,-1
176,58,685,214,49,40,1,-1,-1,-1
176,59,451,82,14,15,1,-1,-1,-1
176,60,431,75,16,21,1,-1,-1,-1
176,61,476,75,14,13,1,-1,-1,-1
176,62,451,73,13,11,1,-1,-1,-1
176,63,476,65,14,9,1,-1,-1,-1
176,99,491,55,15,11,1,-1,-1,-1
176,100,508,52,13,15,1,-1,-1,-1
177,0,633,231,44,42,1,-1,-1,-1
177,1,592,148,27,25,1,-1,-1,-1
177,4,572,117,23,19,1,-1,-1,-1
177,5,595,106,19,19,1,-1,-1,-1
177,6,522,81,16,13,1,-1,-1,-1
177,7,559,96,19,15,1,-1,-1,-1
177,8,569,86,19,15,1,-1,-1,-1
177,9,587,82,16,11,1,-1,-1,-1
177,10,719,150,32,13,1,-1,-1,-1
177,11,556,75,15,13,1,-1,-1,-1
177,12,552,65,14,13,1,-1,-1,-1
177,13,568,63,14,11,1,-1,-1,-1
177,14,535,67,14,15,1,-1,-1,-1
177,15,515,69,14,13,1,-1,-1,-1
177,17,522,50,15,19,1,-1,-1,-1
177,18,576,44,19,19,1,-1,-1,-1
177,22,970,216,53,25,1,-1,-1,-1
177,23,937,200,57,25,1,-1,-1,-1
177,24,906,173,61,21,1,-1,-1,-1
177,25,876,148,78,34,1,-1,-1,-1
177,28,961,154,42,23,1,-1,-1,-1
177,29,913,187,62,23,1,-1,-1,-1
177,36,0,127,44,17,1,-1,-1,-1
177,37,27,109,49,17,1,-1,-1,-1
177,38,84,90,39,11,1,-1,-1,-1
177,41,91,69,49,19,1,-1,-1,-1
177,45,0,214,48,27,1,-1,-1,-1
177,46,32,65,36,23,1,-1,-1,-1
177,48,9,73,23,18,1,-1,-1,-1
177,49,101,82,36,13,1,-1,-1,-1
177,50,96,129,56,19,1,-1,-1,-1
177,56,479,121,22,25,1,-1,-1,-1
177,57,424,106,19,19,1,-1,-1,-1
177,58,685,214,44,38,1,-1,-1,-1
177,59,453,82,14,15,1,-1,-1,-1
177,60,431,77,16,22,1,-1,-1,-1
177,61,475,75,14,13,1,-1,-1,-1
177,62,451,73,13,11,1,-1,-1,-1
177,63,478,65,14,9,1,-1,-1,-1
177,99,491,55,15,11,1,-1,-1,-1
177,100,506,50,13,15,1,-1,-1,-1
178,0,633,229,44,42,1,-1,-1,-1
178,1,592,148,27,25,1,-1,-1,-1
178,4,570,117,23,19,1,-1,-1,-1
178,5,595,104,19,19,1,-1,-1,-1
178,6,522,81,15,13,1,-1,-1,-1
178,7,559,96,19,15,1,-1,-1,-1
178,8,569,84,19,15,1,-1,-1,-1
178,9,587,82,16,11,1,-1,-1,-1
178,10,719,150,32,13,1,-1,-1,-1
178,11,556,75,15,13,1,-1,-1,-1
178,12,552,65,14,13,1,-1,-1,-1
178,13,568,63,14,11,1,-1,-1,-1
178,14,535,67,14,15,1,-1,-1,-1
178,15,515,69,14,13,1,-1,-1,-1
178,17,522,50,15,19,1,-1,-1,-1
178,18,577,44,19,19,1,-1,-1,-1
178,22,970,217,53,25,1,-1,-1,-1
178,23,940,200,58,25,1,-1,-1,-1
178,24,907,173,62,21,1,-1,-1,-1
178,25,877,150,80,32,1,-1,-1,-1
178,28,962,156,43,22,1,-1,-1,-1
178,29,913,187,63,26,1,-1,-1,-1
178,36,0,127,43,17,1,-1,-1,-1
178,37,27,109,49,17,1,-1,-1,-1
178,38,84,90,39,11,1,-1,-1,-1
178,41,91,71,49,19,1,-1,-1,-1
178,45,0,214,46,27,1,-1,-1,-1
178,46,32,65,36,23,1,-1,-1,-1
178,48,9,73,24,18,1,-1,-1,-1
178,49,101,82,36,13,1,-1,-1,-1
178,50,95,129,54,19,1,-1,-1,-1
178,56,479,121,22,27,1,-1,-1,-1
178,57,424,106,19,19,1,-1,-1,-1
178,58,684,210,45,38,1,-1,-1,-1
178,59,451,84,14,15,1,-1,-1,-1
178,60,431,77,15,23,1,-1,-1,-1
178,61,475,77,14,13,1,-1,-1,-1
178,62,451,75,13,11,1,-1,-1,-1
178,63,478,65,14,9,1,-1,-1,-1
178,99,491,55,15,11,1,-1,-1,-1
178,100,508,52,13,15,1,-1,-1,-1
179,0,633,229,44,42,1,-1,-1,-1
179,1,592,148,27,25,1,-1,-1,-1
179,4,570,117,23,19,1,-1,-1,-1
179,5,595,104,19,19,1,-1,-1,-1
179,6,522,81,15,13,1,-1,-1,-1
179,7,557,96,19,15,1,-1,-1,-1
179,8,568,84,19,15,1,-1,-1,-1
179,9,587,82,16,11,1,-1,-1,-1
179,10,722,152,31,13,1,-1,-1,-1
179,11,556,73,15,13,1,-1,-1,-1
179,12,552,65,14,13,1,-1,-1,-1
179,13,569,63,14,11,1,-1,-1,-1
179,14,535,67,14,15,1,-1,-1,-1
179,15,515,69,14,13,1,-1,-1,-1
179,17,522,50,15,19,1,-1,-1,-1
179,18,577,44,19,19,1,-1,-1,-1
179,22,973,217,50,27,1,-1,-1,-1
179,23,941,202,62,27,1,-1,-1,-1
179,24,909,173,61,21,1,-1,-1,-1
179,25,874,149,84,36,1,-1,-1,-1
179,28,965,156,42,22,1,-1,-1,-1
179,29,914,187,64,27,1,-1,-1,-1
179,36,0,127,40,17,1,-1,-1,-1
179,37,26,111,49,17,1,-1,-1,-1
179,38,83,90,39,11,1,-1,-1,-1
179,41,91,71,49,19,1,-1,-1,-1
179,45,0,216,45,27,1,-1,-1,-1
179,46,31,65,36,23,1,-1,-1,-1
179,48,7,71,23,19,1,-1,-1,-1
179,49,100,82,36,13,1,-1,-1,-1
179,50,94,129,57,19,1,-1,-1,-1
179,56,480,123,22,27,1,-1,-1,-1
179,57,424,106,19,21,1,-1,-1,-1
179,58,684,210,44,36,1,-1,-1,-1
179,59,453,84,14,15,1,-1,-1,-1
179,60,429,79,18,21,1,-1,-1,-1
179,61,475,77,14,13,1,-1,-1,-1
179,62,451,75,13,11,1,-1,-1,-1
179,63,478,67,14,9,1,-1,-1,-1
179,99,492,57,15,11,1,-1,-1,-1
179,100,507,52,13,15,1,-1,-1,-1
180,0,633,229,44,42,1,-1,-1,-1
180,1,592,148,27,25,1,-1,-1,-1
180,4,570,117,23,19,1,-1,-1,-1
180,5,595,104,19,19,1,-1,-1,-1
180,6,522,81,15,13,1,-1,-1,-1
180,7,557,96,19,15,1,-1,-1,-1
180,8,569,84,19,15,1,-1,-1,-1
180,9,587,82,16,11,1,-1,-1,-1
180,10,723,152,32,13,1,-1,-1,-1
180,11,556,75,15,13,1,-1,-1,-1
180,12,552,67,14,13,1,-1,-1,-1
180,13,569,63,14,11,1,-1,-1,-1
180,14,535,67,14,15,1,-1,-1,-1
180,15,515,69,14,13,1,-1,-1,-1
180,17,522,50,15,19,1,-1,-1,-1
180,18,578,44,19,19,1,-1,-1,-1
180,22,974,219,49,25,1,-1,-1,-1
180,23,941,202,64,25,1,-1,-1,-1
180,24,911,175,61,21,1,-1,-1,-1
180,25,876,148,86,39,1,-1,-1,-1
180,28,964,155,44,23,1,-1,-1,-1
180,29,916,189,62,25,1,-1,-1,-1
180,36,0,127,39,17,1,-1,-1,-1
180,37,26,111,49,17,1,-1,-1,-1
180,38,83,90,39,11,1,-1,-1,-1
180,41,90,71,49,19,1,-1,-1,-1
180,45,0,217,43,27,1,-1,-1,-1
180,46,31,67,36,23,1,-1,-1,-1
180,48,7,73,24,19,1,-1,-1,-1
180,49,100,84,36,13,1,-1,-1,-1
180,50,94,129,56,19,1,-1,-1,-1
180,56,480,125,22,27,1,-1,-1,-1
180,57,424,108,19,22,1,-1,-1,-1
180,58,681,208,44,36,1,-1,-1,-1
180,59,451,84,14,15,1,-1,-1,-1
180,60,428,79,18,21,1,-1,-1,-1
180,61,476,77,15,15,1,-1,-1,-1
180,62,451,75,13,11,1,-1,-1,-1
180,63,478,64,15,14,1,-1,-1,-1
180,99,492,57,15,11,1,-1,-1,-1
180,100,507,52,13,15,1,-1,-1,-1
181,0,632,227,45,42,1,-1,-1,-1
181,1,591,148,28,27,1,-1,-1,-1
181,4,570,117,23,19,1,-1,-1,-1
181,5,595,104,19,19,1,-1,-1,-1
181,6,522,81,15,13,1,-1,-1,-1
181,7,557,96,19,15,1,-1,-1,-1
181,8,569,84,19,15,1,-1,-1,-1
181,9,587,81,16,11,1,-1,-1,-1
181,10,722,152,32,13,1,-1,-1,-1
181,11,556,73,15,13,1,-1,-1,-1
181,12,552,65,14,13,1,-1,-1,-1
181,13,569,63,14,11,1,-1,-1,-1
181,14,535,67,14,15,1,-1,-1,-1
181,15,515,69,14,13,1,-1,-1,-1
181,17,522,48,17,21,1,-1,-1,-1
181,18,578,44,19,19,1,-1,-1,-1
181,22,974,219,49,28,1,-1,-1,-1
181,23,943,204,66,25,1,-1,-1,-1
181,24,910,175,61,21,1,-1,-1,-1
181,25,875,148,86,38,1,-1,-1,-1
181,28,966,157,44,23,1,-1,-1,-1
181,29,919,190,61,25,1,-1,-1,-1
181,36,0,127,37,17,1,-1,-1,-1
181,37,23,111,49,17,1,-1,-1,-1
181,38,83,92,39,11,1,-1,-1,-1
181,41,88,71,49,19,1,-1,-1,-1
181,45,0,217,40,28,1,-1,-1,-1
181,46,30,67,36,23,1,-1,-1,-1
181,48,6,73,22,18,1,-1,-1,-1
181,49,100,84,36,13,1,-1,-1,-1
181,50,90,129,60,21,1,-1,-1,-1
181,56,480,125,22,27,1,-1,-1,-1
181,57,424,109,19,21,1,-1,-1,-1
181,58,681,208,43,36,1,-1,-1,-1
181,59,451,86,14,15,1,-1,-1,-1
181,60,429,79,18,21,1,-1,-1,-1
181,61,476,77,15,15,1,-1,-1,-1
181,62,451,77,13,11,1,-1,-1,-1
181,63,478,65,14,13,1,-1,-1,-1
181,99,491,57,15,11,1,-1,-1,-1
181,100,508,50,13,15,1,-1,-1,-1
182,0,633,229,44,42,1,-1,-1,-1
182,1,591,146,28,27,1,-1,-1,-1
182,4,570,117,23,19,1,-1,-1,-1
182,5,595,104,19,19,1,-1,-1,-1
182,6,522,81,15,13,1,-1,-1,-1
182,7,557,96,19,15,1,-1,-1,-1
182,8,568,84,19,15,1,-1,-1,-1
182,9,587,81,16,11,1,-1,-1,-1
182,10,723,152,32,13,1,-1,-1,-1
182,11,556,73,15,13,1,-1,-1,-1
182,12,551,65,14,13,1,-1,-1,-1
182,13,569,63,14,11,1,-1,-1,-1
182,14,535,67,14,15,1,-1,-1,-1
182,15,515,69,14,13,1,-1,-1,-1
182,17,522,48,16,21,1,-1,-1,-1
182,18,578,44,19,19,1,-1,-1,-1
182,22,976,221,47,28,1,-1,-1,-1
182,23,945,204,67,25,1,-1,-1,-1
182,24,910,175,65,24,1,-1,-1,-1
182,25,880,152,82,34,1,-1,-1,-1
182,28,969,157,43,22,1,-1,-1,-1
182,29,918,190,62,25,1,-1,-1,-1
182,36,0,129,39,17,1,-1,-1,-1
182,37,23,111,49,17,1,-1,-1,-1
182,38,82,92,37,11,1,-1,-1,-1
182,41,88,71,49,19,1,-1,-1,-1
182,45,0,219,39,27,1,-1,-1,-1
182,46,30,65,36,23,1,-1,-1,-1
182,48,6,73,22,18,1,-1,-1,-1
182,49,99,84,36,13,1,-1,-1,-1
182,50,87,129,61,21,1,-1,-1,-1
182,56,480,127,22,27,1,-1,-1,-1
182,57,421,111,19,21,1,-1,-1,-1
182,58,680,204,43,36,1,-1,-1,-1
182,59,451,86,14,15,1,-1,-1,-1
182,60,428,81,18,21,1,-1,-1,-1
182,61,476,78,14,15,1,-1,-1,-1
182,62,451,77,13,11,1,-1,-1,-1
182,63,479,65,14,13,1,-1,-1,-1
182,99,491,57,15,11,1,-1,-1,-1
182,100,506,50,13,15,1,-1,-1,-1
183,0,632,227,44,42,1,-1,-1,-1
183,1,591,148,27,25,1,-1,-1,-1
183,4,570,117,23,19,1,-1,-1,-1
183,5,595,104,19,19,1,-1,-1,-1
183,6,522,82,15,13,1,-1,-1,-1
183,7,557,96,19,15,1,-1,-1,-1
183,8,568,84,19,15,1,-1,-1,-1
183,9,586,82,16,11,1,-1,-1,-1
183,10,723,154,32,13,1,-1,-1,-1
183,11,556,73,15,13,1,-1,-1,-1
183,12,551,65,14,13,1,-1,-1,-1
183,13,569,63,14,11,1,-1,-1,-1
183,14,535,67,14,15,1,-1,-1,-1
183,15,515,69,14,13,1,-1,-1,-1
183,17,522,48,16,21,1,-1,-1,-1
183,18,579,42,19,19,1,-1,-1,-1
183,22,978,221,45,28,1,-1,-1,-1
183,23,945,204,66,25,1,-1,-1,-1
183,24,911,175,64,23,1,-1,-1,-1
183,25,880,152,83,36,1,-1,-1,-1
183,28,968,159,44,22,1,-1,-1,-1
183,29,918,190,66,27,1,-1,-1,-1
183,36,0,129,36,17,1,-1,-1,-1
183,37,23,111,49,17,1,-1,-1,-1
183,38,80,92,39,11,1,-1,-1,-1
183,41,87,71,49,19,1,-1,-1,-1
183,46,30,67,36,23,1,-1,-1,-1
183,48,5,73,23,18,1,-1,-1,-1
183,49,97,84,36,13,1,-1,-1,-1
183,50,88,131,61,21,1,-1,-1,-1
183,56,480,129,22,27,1,-1,-1,-1
183,57,423,111,19,21,1,-1,-1,-1
183,58,679,202,41,36,1,-1,-1,-1
183,59,451,86,14,15,1,-1,-1,-1
183,60,428,82,18,21,1,-1,-1,-1
183,61,477,78,14,15,1,-1,-1,-1
183,62,453,77,13,11,1,-1,-1,-1
183,63,479,65,14,13,1,-1,-1,-1
183,66,449,63,13,12,1,-1,-1,-1
183,67,453,55,15,12,1,-1,-1,-1
183,99,489,57,15,11,1,-1,-1,-1
183,100,505,50,13,15,1,-1,-1,-1
184,0,632,227,44,42,1,-1,-1,-1
184,1,591,148,27,25,1,-1,-1,-1
184,4,569,117,23,19,1,-1,-1,-1
184,5,595,106,19,19,1,-1,-1,-1
184,6,522,81,15,13,1,-1,-1,-1
184,7,556,96,19,15,1,-1,-1,-1
184,8,568,84,19,15,1,-1,-1,-1
184,9,586,82,16,11,1,-1,-1,-1
184,11,556,75,15,13,1,-1,-1,-1
184,12,551,65,14,13,1,-1,-1,-1
184,13,569,63,14,11,1,-1,-1,-1
184,14,535,65,14,15,1,-1,-1,-1
184,15,517,69,14,13,1,-1,-1,-1
184,17,521,48,16,21,1,-1,-1,-1
184,18,579,44,19,19,1,-1,-1,-1
184,22,980,219,43,30,1,-1,-1,-1
184,23,946,204,64,26,1,-1,-1,-1
184,24,912,177,61,23,1,-1,-1,-1
184,25,879,151,84,37,1,-1,-1,-1
184,28,966,157,49,26,1,-1,-1,-1
184,29,922,192,62,25,1,-1,-1,-1
184,36,0,129,35,17,1,-1,-1,-1
184,37,20,111,49,17,1,-1,-1,-1
184,38,80,92,39,11,1,-1,-1,-1
184,41,87,71,49,19,1,-1,-1,-1
184,46,28,67,36,23,1,-1,-1,-1
184,48,5,73,23,18,1,-1,-1,-1
184,49,97,84,36,13,1,-1,-1,-1
184,50,90,131,57,19,1,-1,-1,-1
184,56,480,129,22,27,1,-1,-1,-1
184,57,423,113,19,21,1,-1,-1,-1
184,58,679,202,40,34,1,-1,-1,-1
184,59,451,86,14,15,1,-1,-1,-1
184,60,428,82,18,21,1,-1,-1,-1
184,61,477,79,14,15,1,-1,-1,-1
184,62,451,79,13,11,1,-1,-1,-1
184,63,480,67,14,13,1,-1,-1,-1
184,66,449,63,13,11,1,-1,-1,-1
184,67,454,55,14,11,1,-1,-1,-1
184,99,491,57,15,11,1,-1,-1,-1
184,100,506,50,13,15,1,-1,-1,-1
185,0,632,228,44,39,1,-1,-1,-1
185,1,591,148,27,25,1,-1,-1,-1
185,4,569,117,23,19,1,-1,-1,-1
185,5,595,104,19,19,1,-1,-1,-1
185,6,522,81,15,13,1,-1,-1,-1
185,7,556,96,19,15,1,-1,-1,-1
185,8,568,84,19,15,1,-1,-1,-1
185,9,586,82,16,11,1,-1,-1,-1
185,11,555,73,15,13,1,-1,-1,-1
185,12,551,65,14,13,1,-1,-1,-1
185,13,569,63,14,11,1,-1,-1,-1
185,14,534,65,14,15,1,-1,-1,-1
185,15,517,69,14,13,1,-1,-1,-1
185,17,521,48,16,21,1,-1,-1,-1
185,18,581,44,19,19,1,-1,-1,-1
185,22,982,223,41,28,1,-1,-1,-1
185,23,949,206,60,27,1,-1,-1,-1
185,24,912,177,65,23,1,-1,-1,-1
185,25,878,151,85,36,1,-1,-1,-1
185,28,965,158,50,24,1,-1,-1,-1
185,29,922,192,64,27,1,-1,-1,-1
185,36,0,129,35,15,1,-1,-1,-1
185,37,20,113,49,17,1,-1,-1,-1
185,38,79,92,39,11,1,-1,-1,-1
185,41,87,71,49,19,1,-1,-1,-1
185,46,27,67,36,23,1,-1,-1,-1
185,48,3,73,23,17,1,-1,-1,-1
185,49,96,84,36,13,1,-1,-1,-1
185,50,87,133,56,19,1,-1,-1,-1
185,56,480,131,22,28,1,-1,-1,-1
185,57,421,115,19,21,1,-1,-1,-1
185,58,676,202,40,34,1,-1,-1,-1
185,59,451,88,14,15,1,-1,-1,-1
185,60,428,84,18,21,1,-1,-1,-1
185,61,477,80,14,15,1,-1,-1,-1
185,62,451,79,13,11,1,-1,-1,-1
185,63,480,67,14,13,1,-1,-1,-1
185,66,449,63,13,11,1,-1,-1,-1
185,67,454,55,14,11,1,-1,-1,-1
185,99,491,57,15,11,1,-1,-1,-1
185,100,506,50,13,15,1,-1,-1,-1
186,0,632,227,43,38,1,-1,-1,-1
186,1,590,146,27,25,1,-1,-1,-1
186,4,569,117,23,19,1,-1,-1,-1
186,5,594,104,19,19,1,-1,-1,-1
186,6,522,81,15,13,1,-1,-1,-1
186,7,556,94,19,15,1,-1,-1,-1
186,8,566,84,19,15,1,-1,-1,-1
186,9,586,82,16,11,1,-1,-1,-1
186,11,553,73,15,13,1,-1,-1,-1
186,12,549,65,14,13,1,-1,-1,-1
186,13,569,63,14,11,1,-1,-1,-1
186,14,534,65,14,15,1,-1,-1,-1
186,15,515,69,14,13,1,-1,-1,-1
186,17,521,46,16,21,1,-1,-1,-1
186,18,581,44,19,19,1,-1,-1,-1
186,22,984,223,39,29,1,-1,-1,-1
186,23,949,208,61,27,1,-1,-1,-1
186,24,915,177,64,23,1,-1,-1,-1
186,25,880,153,86,37,1,-1,-1,-1
186,28,965,159,51,24,1,-1,-1,-1
186,29,923,194,62,25,1,-1,-1,-1
186,36,0,131,33,15,1,-1,-1,-1
186,37,19,113,49,17,1,-1,-1,-1
186,38,78,92,39,11,1,-1,-1,-1
186,41,87,71,49,19,1,-1,-1,-1
186,46,27,67,35,23,1,-1,-1,-1
186,48,5,73,23,17,1,-1,-1,-1
186,49,96,84,36,13,1,-1,-1,-1
186,50,87,131,56,19,1,-1,-1,-1
186,56,480,133,22,28,1,-1,-1,-1
186,57,420,115,19,22,1,-1,-1,-1
186,58,676,201,40,32,1,-1,-1,-1
186,59,451,88,14,15,1,-1,-1,-1
186,60,428,84,18,21,1,-1,-1,-1
186,61,478,81,14,15,1,-1,-1,-1
186,62,451,79,13,11,1,-1,-1,-1
186,63,480,67,14,13,1,-1,-1,-1
186,66,449,65,13,11,1,-1,-1,-1
186,67,454,57,14,11,1,-1,-1,-1
186,99,492,57,15,11,1,-1,-1,-1
186,100,505,50,14,16,1,-1,-1,-1
187,0,633,229,40,36,1,-1,-1,-1
187,1,590,146,27,25,1,-1,-1,-1
187,4,569,115,23,19,1,-1,-1,-1
187,5,594,104,19,19,1,-1,-1,-1
187,6,521,81,15,13,1,-1,-1,-1
187,7,556,96,19,15,1,-1,-1,-1
187,8,565,84,19,15,1,-1,-1,-1
187,9,586,82,16,11,1,-1,-1,-1
187,11,553,73,15,13,1,-1,-1,-1
187,12,549,65,14,13,1,-1,-1,-1
187,13,569,63,14,11,1,-1,-1,-1
187,14,534,67,14,15,1,-1,-1,-1
187,15,515,69,14,13,1,-1,-1,-1
187,17,521,48,16,21,1,-1,-1,-1
187,18,582,44,19,19,1,-1,-1,-1
187,22,985,225,38,27,1,-1,-1,-1
187,23,948,205,68,30,1,-1,-1,-1
187,24,915,179,61,23,1,-1,-1,-1
187,25,883,152,84,38,1,-1,-1,-1
187,28,969,158,48,23,1,-1,-1,-1
187,29,923,194,62,25,1,-1,-1,-1
187,36,0,131,33,17,1,-1,-1,-1
187,37,19,113,49,17,1,-1,-1,-1
187,38,78,92,39,11,1,-1,-1,-1
187,41,83,71,52,20,1,-1,-1,-1
187,46,27,67,36,23,1,-1,-1,-1
187,48,2,73,23,17,1,-1,-1,-1
187,49,96,84,36,13,1,-1,-1,-1
187,50,87,133,54,19,1,-1,-1,-1
187,56,480,136,22,27,1,-1,-1,-1
187,57,421,116,19,21,1,-1,-1,-1
187,58,673,198,40,32,1,-1,-1,-1
187,59,451,88,14,15,1,-1,-1,-1
187,60,427,86,18,21,1,-1,-1,-1
187,61,475,81,14,15,1,-1,-1,-1
187,62,450,79,13,11,1,-1,-1,-1
187,63,480,69,14,13,1,-1,-1,-1
187,66,449,65,13,11,1,-1,-1,-1
187,67,454,57,14,11,1,-1,-1,-1
187,99,492,57,14,11,1,-1,-1,-1
187,100,505,50,14,15,1,-1,-1,-1
188,0,630,227,44,38,1,-1,-1,-1
188,1,590,146,27,25,1,-1,-1,-1
188,4,569,117,23,19,1,-1,-1,-1
188,5,594,104,19,19,1,-1,-1,-1
188,6,522,81,15,13,1,-1,-1,-1
188,7,556,96,19,15,1,-1,-1,-1
188,8,568,84,19,15,1,-1,-1,-1
188,9,586,82,16,11,1,-1,-1,-1
188,11,553,73,15,13,1,-1,-1,-1
188,12,549,65,14,13,1,-1,-1,-1
188,13,569,63,14,11,1,-1,-1,-1
188,14,534,67,14,15,1,-1,-1,-1
188,15,515,69,14,13,1,-1,-1,-1
188,17,521,48,16,21,1,-1,-1,-1
188,18,582,44,19,19,1,-1,-1,-1
188,22,987,225,36,28,1,-1,-1,-1
188,23,953,210,63,27,1,-1,-1,-1
188,24,918,179,60,21,1,-1,-1,-1
188,25,883,153,85,38,1,-1,-1,-1
188,28,970,160,49,24,1,-1,-1,-1
188,29,924,194,64,27,1,-1,-1,-1
188,36,0,131,31,17,1,-1,-1,-1
188,37,19,113,49,17,1,-1,-1,-1
188,38,78,94,39,11,1,-1,-1,-1
188,41,83,71,52,19,1,-1,-1,-1
188,46,26,67,36,23,1,-1,-1,-1
188,48,2,73,23,17,1,-1,-1,-1
188,49,96,86,36,13,1,-1,-1,-1
188,50,87,133,54,19,1,-1,-1,-1
188,56,479,136,22,28,1,-1,-1,-1
188,57,422,117,19,21,1,-1,-1,-1
188,58,673,198,40,32,1,-1,-1,-1
188,59,451,90,14,15,1,-1,-1,-1
188,60,427,86,18,21,1,-1,-1,-1
188,61,477,83,14,15,1,-1,-1,-1
188,62,451,79,14,13,1,-1,-1,-1
188,63,480,69,14,13,1,-1,-1,-1
188,64,428,73,15,14,1,-1,-1,-1
188,66,449,65,13,11,1,-1,-1,-1
188,67,454,57,14,11,1,-1,-1,-1
188,99,492,57,14,11,1,-1,-1,-1
188,100,505,50,14,15,1,-1,-1,-1
189,0,630,227,44,38,1,-1,-1,-1
189,1,590,148,27,25,1,-1,-1,-1
189,4,569,117,23,19,1,-1,-1,-1
189,5,593,105,21,19,1,-1,-1,-1
189,6,522,81,15,13,1,-1,-1,-1
189,7,556,94,19,15,1,-1,-1,-1
189,8,565,84,19,15,1,-1,-1,-1
189,9,586,82,16,11,1,-1,-1,-1
189,11,553,73,15,13,1,-1,-1,-1
189,12,549,65,14,13,1,-1,-1,-1
189,13,569,63,14,11,1,-1,-1,-1
189,14,532,67,14,15,1,-1,-1,-1
189,15,515,69,14,13,1,-1,-1,-1
189,17,519,46,16,21,1,-1,-1,-1
189,18,584,44,19,19,1,-1,-1,-1
189,23,953,210,67,29,1,-1,-1,-1
189,24,919,181,60,21,1,-1,-1,-1
189,25,884,155,86,36,1,-1,-1,-1
189,28,971,160,49,24,1,-1,-1,-1
189,29,927,196,68,25,1,-1,-1,-1
189,36,0,131,31,20,1,-1,-1,-1
189,37,18,113,49,17,1,-1,-1,-1
189,38,77,94,39,11,1,-1,-1,-1
189,41,83,71,52,19,1,-1,-1,-1
189,46,26,67,36,23,1,-1,-1,-1
189,48,2,75,23,17,1,-1,-1,-1
189,49,95,86,36,13,1,-1,-1,-1
189,50,84,133,54,19,1,-1,-1,-1
189,56,480,138,22,28,1,-1,-1,-1
189,57,420,119,19,21,1,-1,-1,-1
189,58,672,196,40,32,1,-1,-1,-1
189,59,451,90,14,15,1,-1,-1,-1
189,60,427,86,18,21,1,-1,-1,-1
189,61,477,83,14,15,1,-1,-1,-1
189,62,450,79,14,13,1,-1,-1,-1
189,63,480,71,14,13,1,-1,-1,-1
189,64,428,73,14,13,1,-1,-1,-1
189,66,450,67,13,11,1,-1,-1,-1
189,67,455,59,14,11,1,-1,-1,-1
189,99,491,57,14,11,1,-1,-1,-1
189,100,505,50,14,15,1,-1,-1,-1
190,0,630,227,43,38,1,-1,-1,-1
190,1,592,146,25,24,1,-1,-1,-1
190,4,569,117,23,19,1,-1,-1,-1
190,5,592,104,20,19,1,-1,-1,-1
190,6,522,82,15,13,1,-1,-1,-1
190,7,556,96,19,15,1,-1,-1,-1
190,8,565,84,19,15,1,-1,-1,-1
190,9,585,82,16,11,1,-1,-1,-1
190,11,553,73,15,13,1,-1,-1,-1
190,12,549,65,14,13,1,-1,-1,-1
190,13,569,63,14,11,1,-1,-1,-1
190,14,532,67,14,15,1,-1,-1,-1
190,15,515,69,14,13,1,-1,-1,-1
190,17,519,48,16,21,1,-1,-1,-1
190,23,956,210,65,26,1,-1,-1,-1
190,24,918,181,68,23,1,-1,-1,-1
190,25,886,156,85,38,1,-1,-1,-1
190,28,973,162,46,23,1,-1,-1,-1
190,29,926,196,69,26,1,-1,-1,-1
190,36,0,131,30,19,1,-1,-1,-1
190,37,16,113,49,17,1,-1,-1,-1
190,38,75,94,39,11,1,-1,-1,-1
190,41,83,73,50,19,1,-1,-1,-1
190,46,24,67,36,23,1,-1,-1,-1
190,48,2,75,23,17,1,-1,-1,-1
190,49,94,86,36,13,1,-1,-1,-1
190,50,84,133,57,19,1,-1,-1,-1
190,56,480,140,22,28,1,-1,-1,-1
190,57,419,121,19,21,1,-1,-1,-1
190,58,671,194,40,32,1,-1,-1,-1
190,59,451,90,14,15,1,-1,-1,-1
190,60,427,88,18,21,1,-1,-1,-1
190,61,477,84,14,15,1,-1,-1,-1
190,62,451,79,14,13,1,-1,-1,-1
190,63,481,71,14,13,1,-1,-1,-1
190,64,428,75,14,13,1,-1,-1,-1
190,66,449,67,13,11,1,-1,-1,-1
190,67,455,59,14,11,1,-1,-1,-1
190,99,492,57,14,11,1,-1,-1,-1
190,100,504,50,14,15,1,-1,-1,-1
191,0,633,227,40,36,1,-1,-1,-1
191,1,590,145,26,24,1,-1,-1,-1
191,4,568,117,23,19,1,-1,-1,-1
191,5,591,104,20,19,1,-1,-1,-1
191,6,522,81,15,13,1,-1,-1,-1
191,7,555,94,19,15,1,-1,-1,-1
191,8,567,85,17,14,1,-1,-1,-1
191,9,586,82,16,11,1,-1,-1,-1
191,11,553,73,15,13,1,-1,-1,-1
191,12,548,65,14,13,1,-1,-1,-1
191,13,569,62,14,11,1,-1,-1,-1
191,14,532,67,14,14,1,-1,-1,-1
191,15,515,69,15,14,1,-1,-1,-1
191,17,519,46,16,21,1,-1,-1,-1
191,23,956,213,66,27,1,-1,-1,-1
191,24,922,181,65,23,1,-1,-1,-1
191,25,886,156,86,37,1,-1,-1,-1
191,28,974,163,46,23,1,-1,-1,-1
191,29,927,198,66,27,1,-1,-1,-1
191,36,0,131,28,19,1,-1,-1,-1
191,37,15,115,49,17,1,-1,-1,-1
191,38,75,94,41,12,1,-1,-1,-1
191,41,79,71,52,19,1,-1,-1,-1
191,46,23,67,36,23,1,-1,-1,-1
191,48,0,75,23,17,1,-1,-1,-1
191,49,94,86,36,13,1,-1,-1,-1
191,50,83,135,57,19,1,-1,-1,-1
191,56,479,142,22,27,1,-1,-1,-1
191,57,420,121,19,21,1,-1,-1,-1
191,58,671,194,40,32,1,-1,-1,-1
191,59,453,92,14,15,1,-1,-1,-1
191,60,427,88,18,21,1,-1,-1,-1
191,61,477,86,14,15,1,-1,-1,-1
191,62,450,81,14,13,1,-1,-1,-1
191,63,481,71,14,13,1,-1,-1,-1
191,64,428,75,14,13,1,-1,-1,-1
191,65,718,482,86,57,1,-1,-1,-1
191,66,449,67,13,11,1,-1,-1,-1
191,67,455,59,14,11,1,-1,-1,-1
191,99,492,57,14,11,1,-1,-1,-1
191,100,504,50,14,15,1,-1,-1,-1
192,0,630,225,43,38,1,-1,-1,-1
192,1,590,144,24,23,1,-1,-1,-1
192,4,568,115,23,19,1,-1,-1,-1
192,5,591,104,20,19,1,-1,-1,-1
192,6,522,81,15,13,1,-1,-1,-1
192,7,555,94,19,15,1,-1,-1,-1
192,8,565,84,19,15,1,-1,-1,-1
192,9,585,82,16,11,1,-1,-1,-1
192,11,553,73,15,13,1,-1,-1,-1
192,12,548,65,14,13,1,-1,-1,-1
192,13,569,61,14,11,1,-1,-1,-1
192,14,531,67,14,13,1,-1,-1,-1
192,15,514,69,14,13,1,-1,-1,-1
192,17,519,46,16,21,1,-1,-1,-1
192,23,957,214,66,27,1,-1,-1,-1
192,24,921,182,65,23,1,-1,-1,-1
192,25,885,156,89,37,1,-1,-1,-1
192,28,975,163,48,24,1,-1,-1,-1
192,29,932,198,66,25,1,-1,-1,-1
192,36,0,133,28,19,1,-1,-1,-1
192,37,14,115,51,17,1,-1,-1,-1
192,38,74,94,40,11,1,-1,-1,-1
192,41,80,71,52,19,1,-1,-1,-1
192,46,23,69,36,23,1,-1,-1,-1
192,48,0,75,23,17,1,-1,-1,-1
192,49,94,86,36,13,1,-1,-1,-1
192,50,82,135,57,19,1,-1,-1,-1
192,56,480,144,22,28,1,-1,-1,-1
192,57,418,120,21,24,1,-1,-1,-1
192,58,667,190,40,32,1,-1,-1,-1
192,59,451,92,14,15,1,-1,-1,-1
192,60,425,90,18,21,1,-1,-1,-1
192,61,477,85,14,15,1,-1,-1,-1
192,62,450,82,14,13,1,-1,-1,-1
192,63,483,71,14,13,1,-1,-1,-1
192,64,427,75,14,13,1,-1,-1,-1
192,65,717,476,85,61,1,-1,-1,-1
192,66,449,67,13,11,1,-1,-1,-1
192,67,457,59,14,11,1,-1,-1,-1
192,99,492,57,14,11,1,-1,-1,-1
192,100,504,50,14,15,1,-1,-1,-1
193,0,629,225,44,38,1,-1,-1,-1
193,1,590,144,26,23,1,-1,-1,-1
193,4,568,117,23,19,1,-1,-1,-1
193,5,591,104,20,19,1,-1,-1,-1
193,6,522,82,15,13,1,-1,-1,-1
193,7,555,94,19,15,1,-1,-1,-1
193,8,566,83,17,15,1,-1,-1,-1
193,9,585,80,17,13,1,-1,-1,-1
193,11,552,73,15,13,1,-1,-1,-1
193,12,548,65,14,13,1,-1,-1,-1
193,13,569,61,14,11,1,-1,-1,-1
193,14,532,67,14,13,1,-1,-1,-1
193,15,514,69,14,13,1,-1,-1,-1
193,17,519,48,16,21,1,-1,-1,-1
193,23,958,214,65,25,1,-1,-1,-1
193,24,922,183,65,23,1,-1,-1,-1
193,25,887,157,90,38,1,-1,-1,-1
193,28,975,165,48,23,1,-1,-1,-1
193,29,932,198,68,25,1,-1,-1,-1
193,36,0,133,27,19,1,-1,-1,-1
193,37,14,115,50,17,1,-1,-1,-1
193,38,73,94,40,11,1,-1,-1,-1
193,41,79,73,52,19,1,-1,-1,-1
193,46,23,67,35,23,1,-1,-1,-1
193,48,0,75,20,17,1,-1,-1,-1
193,49,91,86,36,13,1,-1,-1,-1
193,50,82,136,56,19,1,-1,-1,-1
193,56,480,146,22,28,1,-1,-1,-1
193,57,416,121,20,23,1,-1,-1,-1
193,58,667,190,40,32,1,-1,-1,-1
193,59,451,92,14,15,1,-1,-1,-1
193,60,425,90,18,21,1,-1,-1,-1
193,61,478,86,14,15,1,-1,-1,-1
193,62,451,82,14,13,1,-1,-1,-1
193,63,483,73,14,13,1,-1,-1,-1
193,64,428,77,14,13,1,-1,-1,-1
193,65,715,473,91,65,1,-1,-1,-1
193,66,449,69,13,11,1,-1,-1,-1
193,67,457,59,14,11,1,-1,-1,-1
193,99,492,57,14,11,1,-1,-1,-1
193,100,504,50,14,15,1,-1,-1,-1
194,0,629,225,43,38,1,-1,-1,-1
194,1,590,145,24,23,1,-1,-1,-1
194,4,568,117,23,19,1,-1,-1,-1
194,5,591,104,20,19,1,-1,-1,-1
194,6,522,82,15,13,1,-1,-1,-1
194,7,553,94,19,15,1,-1,-1,-1
194,8,565,82,16,15,1,-1,-1,-1
194,9,585,79,16,13,1,-1,-1,-1
194,11,552,73,15,13,1,-1,-1,-1
194,12,548,65,14,13,1,-1,-1,-1
194,13,569,61,14,11,1,-1,-1,-1
194,14,531,67,14,13,1,-1,-1,-1
194,15,514,69,14,13,1,-1,-1,-1
194,17,519,46,16,21,1,-1,-1,-1
194,23,960,216,64,25,1,-1,-1,-1
194,24,923,183,65,23,1,-1,-1,-1
194,25,889,156,85,38,1,-1,-1,-1
194,28,974,165,49,25,1,-1,-1,-1
194,29,935,200,61,25,1,-1,-1,-1
194,36,0,133,26,19,1,-1,-1,-1
194,37,14,115,50,17,1,-1,-1,-1
194,38,73,94,40,11,1,-1,-1,-1
194,41,78,73,52,19,1,-1,-1,-1
194,46,20,69,36,23,1,-1,-1,-1
194,48,0,75,20,17,1,-1,-1,-1
194,49,91,86,36,13,1,-1,-1,-1
194,50,79,136,56,19,1,-1,-1,-1
194,56,477,145,24,32,1,-1,-1,-1
194,57,417,123,20,23,1,-1,-1,-1
194,58,666,190,40,32,1,-1,-1,-1
194,59,450,93,15,17,1,-1,-1,-1
194,60,426,91,18,22,1,-1,-1,-1
194,61,476,86,16,16,1,-1,-1,-1
194,62,450,82,14,13,1,-1,-1,-1
194,63,483,73,14,13,1,-1,-1,-1
194,64,427,77,14,13,1,-1,-1,-1
194,65,713,466,91,73,1,-1,-1,-1
194,66,449,69,13,11,1,-1,-1,-1
194,67,457,59,14,11,1,-1,-1,-1
194,99,491,59,14,11,1,-1,-1,-1
194,100,504,50,14,15,1,-1,-1,-1
195,0,629,227,43,38,1,-1,-1,-1
195,1,589,144,26,23,1,-1,-1,-1
195,4,568,115,23,19,1,-1,-1,-1
195,5,590,104,20,19,1,-1,-1,-1
195,6,521,82,18,13,1,-1,-1,-1
195,7,553,94,19,15,1,-1,-1,-1
195,8,565,82,16,15,1,-1,-1,-1
195,9,583,79,16,13,1,-1,-1,-1
195,11,553,74,15,13,1,-1,-1,-1
195,12,548,65,14,13,1,-1,-1,-1
195,13,569,62,13,11,1,-1,-1,-1
195,14,531,67,14,13,1,-1,-1,-1
195,15,514,69,14,13,1,-1,-1,-1
195,17,520,48,16,20,1,-1,-1,-1
195,23,962,217,61,25,1,-1,-1,-1
195,24,923,185,65,23,1,-1,-1,-1
195,25,887,157,89,38,1,-1,-1,-1
195,28,977,164,46,24,1,-1,-1,-1
195,29,935,200,64,27,1,-1,-1,-1
195,36,0,133,24,19,1,-1,-1,-1
195,37,13,115,50,17,1,-1,-1,-1
195,38,73,94,40,11,1,-1,-1,-1
195,41,78,73,52,19,1,-1,-1,-1
195,46,22,69,35,23,1,-1,-1,-1
195,48,0,75,20,17,1,-1,-1,-1
195,49,91,86,36,13,1,-1,-1,-1
195,50,78,136,57,19,1,-1,-1,-1
195,56,476,146,23,30,1,-1,-1,-1
195,57,415,125,20,23,1,-1,-1,-1
195,58,663,187,40,32,1,-1,-1,-1
195,59,450,94,14,17,1,-1,-1,-1
195,60,425,92,18,21,1,-1,-1,-1
195,61,476,88,17,16,1,-1,-1,-1
195,62,450,84,14,13,1,-1,-1,-1
195,63,484,73,14,13,1,-1,-1,-1
195,64,427,79,14,13,1,-1,-1,-1
195,65,710,460,89,78,1,-1,-1,-1
195,66,450,69,13,11,1,-1,-1,-1
195,67,458,61,14,11,1,-1,-1,-1
195,99,492,57,14,11,1,-1,-1,-1
195,100,504,50,14,15,1,-1,-1,-1
196,0,629,225,44,38,1,-1,-1,-1
196,1,589,144,26,23,1,-1,-1,-1
196,4,566,115,23,19,1,-1,-1,-1
196,5,590,104,20,19,1,-1,-1,-1
196,6,521,82,15,13,1,-1,-1,-1
196,7,553,94,19,15,1,-1,-1,-1
196,8,565,82,16,15,1,-1,-1,-1
196,9,585,79,16,13,1,-1,-1,-1
196,11,552,73,14,13,1,-1,-1,-1
196,12,548,63,14,13,1,-1,-1,-1
196,13,569,61,13,11,1,-1,-1,-1
196,14,531,67,14,13,1,-1,-1,-1
196,15,514,69,14,13,1,-1,-1,-1
196,17,519,48,15,19,1,-1,-1,-1
196,23,962,217,61,25,1,-1,-1,-1
196,24,924,185,65,23,1,-1,-1,-1
196,25,891,160,87,37,1,-1,-1,-1
196,28,976,165,47,25,1,-1,-1,-1
196,29,935,202,66,27,1,-1,-1,-1
196,36,0,135,24,19,1,-1,-1,-1
196,37,11,115,52,17,1,-1,-1,-1
196,38,70,94,40,11,1,-1,-1,-1
196,41,78,73,52,19,1,-1,-1,-1
196,46,22,69,36,23,1,-1,-1,-1
196,48,0,75,20,17,1,-1,-1,-1
196,49,91,88,36,13,1,-1,-1,-1
196,50,78,136,57,19,1,-1,-1,-1
196,56,478,150,23,32,1,-1,-1,-1
196,57,415,125,22,23,1,-1,-1,-1
196,58,663,187,40,32,1,-1,-1,-1
196,59,451,95,14,17,1,-1,-1,-1
196,60,425,92,18,21,1,-1,-1,-1
196,61,478,88,16,17,1,-1,-1,-1
196,62,450,84,14,13,1,-1,-1,-1
196,63,484,75,14,13,1,-1,-1,-1
196,64,427,79,14,13,1,-1,-1,-1
196,65,710,457,93,81,1,-1,-1,-1
196,66,449,69,13,11,1,-1,-1,-1
196,67,458,61,14,11,1,-1,-1,-1
196,99,491,57,14,11,1,-1,-1,-1
196,100,504,50,14,15,1,-1,-1,-1
197,0,628,223,44,38,1,-1,-1,-1
197,1,589,144,26,23,1,-1,-1,-1
197,4,565,115,23,19,1,-1,-1,-1
197,5,590,104,20,19,1,-1,-1,-1
197,6,521,82,17,15,1,-1,-1,-1
197,7,553,94,19,15,1,-1,-1,-1
197,8,565,82,16,15,1,-1,-1,-1
197,9,583,79,16,13,1,-1,-1,-1
197,11,552,73,16,13,1,-1,-1,-1
197,12,548,65,14,13,1,-1,-1,-1
197,13,569,61,13,11,1,-1,-1,-1
197,14,531,67,14,13,1,-1,-1,-1
197,15,514,69,14,13,1,-1,-1,-1
197,17,521,48,15,19,1,-1,-1,-1
197,23,963,217,60,25,1,-1,-1,-1
197,24,926,185,65,23,1,-1,-1,-1
197,25,892,160,87,36,1,-1,-1,-1
197,28,978,165,45,25,1,-1,-1,-1
197,29,935,202,70,28,1,-1,-1,-1
197,36,0,135,22,19,1,-1,-1,-1
197,37,9,117,52,17,1,-1,-1,-1
197,38,70,96,40,11,1,-1,-1,-1
197,41,78,73,52,19,1,-1,-1,-1
197,46,20,69,36,23,1,-1,-1,-1
197,48,0,75,19,17,1,-1,-1,-1
197,49,91,88,36,13,1,-1,-1,-1
197,50,77,136,57,19,1,-1,-1,-1
197,56,476,150,23,32,1,-1,-1,-1
197,57,415,126,24,26,1,-1,-1,-1
197,58,660,185,40,32,1,-1,-1,-1
197,59,450,96,16,18,1,-1,-1,-1
197,60,424,94,18,21,1,-1,-1,-1
197,61,476,88,17,19,1,-1,-1,-1
197,62,450,84,14,13,1,-1,-1,-1
197,63,484,75,14,13,1,-1,-1,-1
197,64,427,79,14,13,1,-1,-1,-1
197,65,710,455,93,84,1,-1,-1,-1
197,66,450,69,13,11,1,-1,-1,-1
197,67,458,61,14,11,1,-1,-1,-1
197,99,492,59,14,11,1,-1,-1,-1
197,100,504,50,14,15,1,-1,-1,-1
198,0,629,225,43,38,1,-1,-1,-1
198,1,587,144,26,23,1,-1,-1,-1
198,4,566,115,23,19,1,-1,-1,-1
198,5,590,104,20,19,1,-1,-1,-1
198,6,520,80,18,16,1,-1,-1,-1
198,7,553,94,19,15,1,-1,-1,-1
198,8,565,82,16,15,1,-1,-1,-1
198,9,583,79,16,13,1,-1,-1,-1
198,11,552,73,15,13,1,-1,-1,-1
198,12,547,65,14,13,1,-1,-1,-1
198,13,569,61,13,11,1,-1,-1,-1
198,14,531,67,14,13,1,-1,-1,-1
198,15,514,69,14,13,1,-1,-1,-1
198,17,519,48,15,19,1,-1,-1,-1
198,23,966,219,57,25,1,-1,-1,-1
198,24,927,187,64,23,1,-1,-1,-1
198,25,893,160,87,36,1,-1,-1,-1
198,28,980,165,43,25,1,-1,-1,-1
198,29,932,200,75,30,1,-1,-1,-1
198,36,0,136,22,19,1,-1,-1,-1
198,37,7,117,50,17,1,-1,-1,-1
198,38,70,96,40,11,1,-1,-1,-1
198,41,77,73,52,19,1,-1,-1,-1
198,46,20,69,35,23,1,-1,-1,-1
198,48,0,77,19,17,1,-1,-1,-1
198,49,90,88,36,13,1,-1,-1,-1
198,50,77,138,57,19,1,-1,-1,-1
198,56,476,154,24,32,1,-1,-1,-1
198,57,415,127,23,25,1,-1,-1,-1
198,58,662,185,39,30,1,-1,-1,-1
198,59,450,96,15,17,1,-1,-1,-1
198,60,425,93,19,24,1,-1,-1,-1
198,61,475,88,16,19,1,-1,-1,-1
198,62,450,86,14,13,1,-1,-1,-1
198,63,484,75,16,15,1,-1,-1,-1
198,64,425,79,14,13,1,-1,-1,-1
198,65,705,448,97,91,1,-1,-1,-1
198,66,450,70,13,11,1,-1,-1,-1
198,67,458,63,14,11,1,-1,-1,-1
198,99,492,59,14,11,1,-1,-1,-1
198,100,502,50,14,15,1,-1,-1,-1
199,0,628,225,43,38,1,-1,-1,-1
199,1,589,144,26,23,1,-1,-1,-1
199,4,565,115,23,19,1,-1,-1,-1
199,5,590,104,20,19,1,-1,-1,-1
199,6,519,79,18,15,1,-1,-1,-1
199,7,552,94,19,15,1,-1,-1,-1
199,8,564,82,16,15,1,-1,-1,-1
199,9,582,79,16,13,1,-1,-1,-1
199,11,553,73,15,13,1,-1,-1,-1
199,12,545,63,14,13,1,-1,-1,-1
199,13,569,61,13,11,1,-1,-1,-1
199,14,531,65,14,13,1,-1,-1,-1
199,15,514,69,14,13,1,-1,-1,-1
199,17,518,48,15,19,1,-1,-1,-1
199,23,969,221,54,25,1,-1,-1,-1
199,24,928,187,61,23,1,-1,-1,-1
199,25,893,162,87,36,1,-1,-1,-1
199,28,982,167,41,25,1,-1,-1,-1
199,29,935,202,78,32,1,-1,-1,-1
199,36,0,136,20,19,1,-1,-1,-1
199,37,6,117,50,17,1,-1,-1,-1
199,38,69,96,40,11,1,-1,-1,-1
199,41,75,73,52,19,1,-1,-1,-1
199,46,19,69,36,23,1,-1,-1,-1
199,48,0,75,19,17,1,-1,-1,-1
199,49,88,88,36,13,1,-1,-1,-1
199,50,74,138,57,19,1,-1,-1,-1
199,56,475,154,26,34,1,-1,-1,-1
199,57,415,129,23,25,1,-1,-1,-1
199,58,659,183,37,29,1,-1,-1,-1
199,59,450,98,15,17,1,-1,-1,-1
199,60,424,94,19,23,1,-1,-1,-1
199,61,477,90,16,19,1,-1,-1,-1
199,62,450,86,14,13,1,-1,-1,-1
199,63,483,77,18,15,1,-1,-1,-1
199,64,425,81,14,13,1,-1,-1,-1
199,65,707,445,95,93,1,-1,-1,-1
199,66,449,69,15,14,1,-1,-1,-1
199,67,458,63,14,11,1,-1,-1,-1
199,99,492,59,14,11,1,-1,-1,-1
199,100,502,50,14,15,1,-1,-1,-1
200,0,626,225,45,40,1,-1,-1,-1
200,1,587,144,27,23,1,-1,-1,-1
200,4,565,115,23,19,1,-1,-1,-1
200,5,590,104,20,19,1,-1,-1,-1
200,6,521,79,18,15,1,-1,-1,-1
200,7,552,94,19,15,1,-1,-1,-1
200,8,564,82,16,15,1,-1,-1,-1
200,9,583,79,16,13,1,-1,-1,-1
200,11,552,73,15,13,1,-1,-1,-1
200,12,545,65,14,13,1,-1,-1,-1
200,13,569,61,13,11,1,-1,-1,-1
200,14,531,65,14,13,1,-1,-1,-1
200,15,514,69,14,13,1,-1,-1,-1
200,17,519,48,15,19,1,-1,-1,-1
200,23,970,221,53,25,1,-1,-1,-1
200,24,928,189,64,23,1,-1,-1,-1
200,25,894,163,87,36,1,-1,-1,-1
200,28,983,167,40,23,1,-1,-1,-1
200,29,939,204,70,28,1,-1,-1,-1
200,36,0,136,19,19,1,-1,-1,-1
200,37,6,117,50,17,1,-1,-1,-1
200,38,69,96,40,11,1,-1,-1,-1
200,41,75,73,52,19,1,-1,-1,-1
200,46,19,69,36,23,1,-1,-1,-1
200,48,0,77,18,17,1,-1,-1,-1
200,49,88,88,36,13,1,-1,-1,-1
200,50,74,138,57,19,1,-1,-1,-1
200,56,476,158,23,32,1,-1,-1,-1
200,57,415,131,23,25,1,-1,-1,-1
200,58,658,181,40,32,1,-1,-1,-1
200,59,450,98,15,17,1,-1,-1,-1
200,60,424,96,19,23,1,-1,-1,-1
200,61,477,91,16,19,1,-1,-1,-1
200,62,450,86,14,13,1,-1,-1,-1
200,63,483,77,18,15,1,-1,-1,-1
200,64,427,82,14,13,1,-1,-1,-1
200,65,704,439,92,98,1,-1,-1,-1
200,66,448,69,14,13,1,-1,-1,-1
200,67,459,63,14,11,1,-1,-1,-1
200,99,491,60,16,10,1,-1,-1,-1
200,100,502,50,14,16,1,-1,-1,-1
201,0,626,225,44,38,1,-1,-1,-1
201,1,587,144,26,23,1,-1,-1,-1
201,4,565,115,23,19,1,-1,-1,-1
201,5,590,102,20,19,1,-1,-1,-1
201,6,521,79,18,15,1,-1,-1,-1
201,7,552,94,19,15,1,-1,-1,-1
201,8,564,82,16,15,1,-1,-1,-1
201,9,582,79,16,13,1,-1,-1,-1
201,11,552,73,15,13,1,-1,-1,-1
201,12,545,63,14,13,1,-1,-1,-1
201,13,569,61,13,11,1,-1,-1,-1
201,14,531,67,14,13,1,-1,-1,-1
201,15,514,69,14,13,1,-1,-1,-1
201,17,518,48,15,19,1,-1,-1,-1
201,23,971,221,52,25,1,-1,-1,-1
201,24,930,188,67,27,1,-1,-1,-1
201,25,896,163,87,36,1,-1,-1,-1
201,28,984,168,39,24,1,-1,-1,-1
201,29,941,206,69,27,1,-1,-1,-1
201,36,0,136,18,19,1,-1,-1,-1
201,37,6,117,50,17,1,-1,-1,-1
201,38,67,96,40,11,1,-1,-1,-1
201,41,74,75,52,19,1,-1,-1,-1
201,46,18,69,36,23,1,-1,-1,-1
201,48,0,77,16,17,1,-1,-1,-1
201,49,88,88,36,13,1,-1,-1,-1
201,50,74,138,57,19,1,-1,-1,-1
201,56,477,160,23,32,1,-1,-1,-1
201,57,414,131,23,25,1,-1,-1,-1
201,58,658,179,40,32,1,-1,-1,-1
201,59,450,100,15,17,1,-1,-1,-1
201,60,424,96,19,23,1,-1,-1,-1
201,61,478,93,16,19,1,-1,-1,-1
201,62,450,88,14,13,1,-1,-1,-1
201,63,484,77,18,15,1,-1,-1,-1
201,64,425,82,14,13,1,-1,-1,-1
201,65,702,435,89,104,1,-1,-1,-1
201,66,449,69,14,13,1,-1,-1,-1
201,67,459,63,14,11,1,-1,-1,-1
201,99,491,59,15,9,1,-1,-1,-1
201,100,501,50,13,15,1,-1,-1,-1
202,0,626,223,44,38,1,-1,-1,-1
202,1,587,142,26,23,1,-1,-1,-1
202,4,565,115,23,19,1,-1,-1,-1
202,5,589,104,20,19,1,-1,-1,-1
202,6,521,79,18,15,1,-1,-1,-1
202,7,552,95,19,15,1,-1,-1,-1
202,8,562,82,16,15,1,-1,-1,-1
202,9,582,79,16,13,1,-1,-1,-1
202,11,552,73,15,13,1,-1,-1,-1
202,12,545,65,14,13,1,-1,-1,-1
202,13,569,61,13,11,1,-1,-1,-1
202,14,530,67,14,13,1,-1,-1,-1
202,15,514,71,14,13,1,-1,-1,-1
202,17,518,48,15,19,1,-1,-1,-1
202,23,970,223,53,25,1,-1,-1,-1
202,24,931,189,66,27,1,-1,-1,-1
202,25,897,163,87,36,1,-1,-1,-1
202,28,985,169,38,24,1,-1,-1,-1
202,29,940,206,70,28,1,-1,-1,-1
202,36,0,136,18,19,1,-1,-1,-1
202,37,6,117,50,17,1,-1,-1,-1
202,38,67,98,40,11,1,-1,-1,-1
202,41,74,75,53,19,1,-1,-1,-1
202,46,18,69,36,23,1,-1,-1,-1
202,48,0,77,16,17,1,-1,-1,-1
202,49,87,88,36,13,1,-1,-1,-1
202,50,73,140,57,19,1,-1,-1,-1
202,56,475,160,27,34,1,-1,-1,-1
202,57,414,133,23,25,1,-1,-1,-1
202,58,655,179,36,29,1,-1,-1,-1
202,59,450,100,15,17,1,-1,-1,-1
202,60,424,96,19,23,1,-1,-1,-1
202,61,477,94,16,19,1,-1,-1,-1
202,62,450,88,14,13,1,-1,-1,-1
202,63,484,79,18,15,1,-1,-1,-1
202,64,424,82,14,13,1,-1,-1,-1
202,65,703,434,95,105,1,-1,-1,-1
202,66,449,69,14,13,1,-1,-1,-1
202,67,461,65,14,11,1,-1,-1,-1
202,99,492,59,15,9,1,-1,-1,-1
202,100,502,52,14,15,1,-1,-1,-1
203,0,626,223,43,38,1,-1,-1,-1
203,1,587,144,26,23,1,-1,-1,-1
203,4,565,115,23,19,1,-1,-1,-1
203,5,589,104,20,19,1,-1,-1,-1
203,6,521,79,18,15,1,-1,-1,-1
203,7,552,94,19,15,1,-1,-1,-1
203,8,564,81,16,15,1,-1,-1,-1
203,9,582,79,16,13,1,-1,-1,-1
203,11,552,71,15,13,1,-1,-1,-1
203,12,545,63,14,13,1,-1,-1,-1
203,13,569,61,13,11,1,-1,-1,-1
203,14,530,67,14,13,1,-1,-1,-1
203,15,514,71,14,13,1,-1,-1,-1
203,17,518,48,15,19,1,-1,-1,-1
203,23,974,223,49,25,1,-1,-1,-1
203,24,932,189,66,27,1,-1,-1,-1
203,25,901,165,85,34,1,-1,-1,-1
203,28,987,173,36,21,1,-1,-1,-1
203,29,943,208,70,28,1,-1,-1,-1
203,36,0,136,16,19,1,-1,-1,-1
203,37,4,119,52,17,1,-1,-1,-1
203,38,66,98,40,11,1,-1,-1,-1
203,41,74,75,52,19,1,-1,-1,-1
203,46,14,72,37,23,1,-1,-1,-1
203,48,0,77,15,17,1,-1,-1,-1
203,49,87,90,36,13,1,-1,-1,-1
203,50,71,140,57,19,1,-1,-1,-1
203,56,476,163,26,36,1,-1,-1,-1
203,57,411,135,23,25,1,-1,-1,-1
203,58,654,177,39,30,1,-1,-1,-1
203,59,450,102,15,17,1,-1,-1,-1
203,60,424,98,19,23,1,-1,-1,-1
203,61,477,94,16,19,1,-1,-1,-1
203,62,450,88,14,13,1,-1,-1,-1
203,63,484,79,18,15,1,-1,-1,-1
203,64,425,84,14,13,1,-1,-1,-1
203,65,700,424,91,108,1,-1,-1,-1
203,66,449,71,14,13,1,-1,-1,-1
203,67,460,64,16,13,1,-1,-1,-1
203,99,492,59,15,9,1,-1,-1,-1
203,100,502,50,14,15,1,-1,-1,-1
204,0,626,223,43,38,1,-1,-1,-1
204,1,586,142,26,23,1,-1,-1,-1
204,4,564,115,23,19,1,-1,-1,-1
204,5,589,104,20,19,1,-1,-1,-1
204,6,521,81,18,15,1,-1,-1,-1
204,7,552,94,19,15,1,-1,-1,-1
204,8,562,82,16,15,1,-1,-1,-1
204,9,582,79,16,13,1,-1,-1,-1
204,11,552,73,15,13,1,-1,-1,-1
204,12,544,63,14,13,1,-1,-1,-1
204,13,569,61,13,11,1,-1,-1,-1
204,14,530,67,14,13,1,-1,-1,-1
204,15,514,71,14,13,1,-1,-1,-1
204,17,518,48,15,19,1,-1,-1,-1
204,23,974,225,49,27,1,-1,-1,-1
204,24,935,190,64,25,1,-1,-1,-1
204,25,902,167,85,34,1,-1,-1,-1
204,28,987,171,36,23,1,-1,-1,-1
204,29,945,208,70,28,1,-1,-1,-1
204,36,0,136,15,19,1,-1,-1,-1
204,37,1,120,50,17,1,-1,-1,-1
204,38,66,98,40,11,1,-1,-1,-1
204,41,71,75,52,19,1,-1,-1,-1
204,46,14,71,36,23,1,-1,-1,-1
204,49,86,90,36,13,1,-1,-1,-1
204,50,70,140,57,19,1,-1,-1,-1
204,56,476,167,23,30,1,-1,-1,-1
204,57,411,136,23,25,1,-1,-1,-1
204,58,655,179,36,28,1,-1,-1,-1
204,59,450,102,15,17,1,-1,-1,-1
204,60,424,98,19,23,1,-1,-1,-1
204,61,477,94,16,19,1,-1,-1,-1
204,62,450,90,14,13,1,-1,-1,-1
204,63,484,81,18,15,1,-1,-1,-1
204,64,424,84,14,13,1,-1,-1,-1
204,65,699,422,86,106,1,-1,-1,-1
204,66,450,71,14,13,1,-1,-1,-1
204,67,460,64,16,13,1,-1,-1,-1
204,99,492,61,14,9,1,-1,-1,-1
204,100,501,50,14,15,1,-1,-1,-1
205,0,625,223,41,36,1,-1,-1,-1
205,1,586,142,26,23,1,-1,-1,-1
205,4,565,115,23,19,1,-1,-1,-1
205,5,589,104,20,19,1,-1,-1,-1
205,6,521,81,18,15,1,-1,-1,-1
205,7,551,94,19,15,1,-1,-1,-1
205,8,562,82,16,15,1,-1,-1,-1
205,9,582,79,16,13,1,-1,-1,-1
205,11,552,71,15,13,1,-1,-1,-1
205,12,544,63,14,13,1,-1,-1,-1
205,13,569,61,13,11,1,-1,-1,-1
205,14,530,67,14,13,1,-1,-1,-1
205,15,515,70,14,13,1,-1,-1,-1
205,17,518,48,15,19,1,-1,-1,-1
205,23,975,225,48,28,1,-1,-1,-1
205,24,936,190,62,25,1,-1,-1,-1
205,25,903,167,84,34,1,-1,-1,-1
205,28,988,173,35,23,1,-1,-1,-1
205,29,949,210,66,27,1,-1,-1,-1
205,36,0,138,15,19,1,-1,-1,-1
205,37,1,119,52,17,1,-1,-1,-1
205,38,66,98,40,11,1,-1,-1,-1
205,41,73,75,52,19,1,-1,-1,-1
205,46,13,73,36,23,1,-1,-1,-1
205,49,86,88,36,13,1,-1,-1,-1
205,50,70,140,57,19,1,-1,-1,-1
205,56,475,165,27,36,1,-1,-1,-1
205,57,411,138,23,27,1,-1,-1,-1
205,58,654,178,34,26,1,-1,-1,-1
205,59,450,102,15,17,1,-1,-1,-1
205,60,423,100,19,23,1,-1,-1,-1
205,61,477,96,16,19,1,-1,-1,-1
205,62,450,90,14,13,1,-1,-1,-1
205,63,485,82,18,15,1,-1,-1,-1
205,64,425,84,14,13,1,-1,-1,-1
205,65,700,416,85,107,1,-1,-1,-1
205,66,449,73,14,13,1,-1,-1,-1
205,67,461,65,15,13,1,-1,-1,-1
205,99,492,61,15,9,1,-1,-1,-1
205,100,501,52,14,15,1,-1,-1,-1
206,0,625,223,43,38,1,-1,-1,-1
206,1,586,142,26,23,1,-1,-1,-1
206,4,564,115,23,19,1,-1,-1,-1
206,5,587,102,20,19,1,-1,-1,-1
206,6,519,81,18,15,1,-1,-1,-1
206,7,552,94,19,15,1,-1,-1,-1
206,8,562,82,16,15,1,-1,-1,-1
206,9,582,79,16,13,1,-1,-1,-1
206,11,552,73,15,13,1,-1,-1,-1
206,12,543,63,14,13,1,-1,-1,-1
206,13,570,61,13,11,1,-1,-1,-1
206,14,530,67,14,13,1,-1,-1,-1
206,15,514,69,14,13,1,-1,-1,-1
206,17,518,48,15,19,1,-1,-1,-1
206,23,978,227,45,25,1,-1,-1,-1
206,24,937,192,67,25,1,-1,-1,-1
206,25,900,167,89,36,1,-1,-1,-1
206,28,991,173,32,23,1,-1,-1,-1
206,29,945,210,70,28,1,-1,-1,-1
206,36,0,138,15,19,1,-1,-1,-1
206,37,0,120,50,17,1,-1,-1,-1
206,38,65,98,40,11,1,-1,-1,-1
206,41,71,75,56,22,1,-1,-1,-1
206,46,10,73,36,23,1,-1,-1,-1
206,49,84,90,36,13,1,-1,-1,-1
206,50,70,140,57,19,1,-1,-1,-1
206,56,475,167,27,36,1,-1,-1,-1
206,57,411,140,23,25,1,-1,-1,-1
206,58,650,175,36,28,1,-1,-1,-1
206,59,450,104,15,17,1,-1,-1,-1
206,60,423,102,19,23,1,-1,-1,-1
206,61,478,96,16,19,1,-1,-1,-1
206,62,450,90,14,13,1,-1,-1,-1
206,63,487,82,18,15,1,-1,-1,-1
206,64,424,86,16,15,1,-1,-1,-1
206,65,698,417,83,97,1,-1,-1,-1
206,66,449,73,14,13,1,-1,-1,-1
206,67,462,67,15,13,1,-1,-1,-1
206,68,426,60,14,14,1,-1,-1,-1
206,99,492,61,15,9,1,-1,-1,-1
206,100,501,50,14,15,1,-1,-1,-1
207,0,625,223,44,40,1,-1,-1,-1
207,1,586,142,26,23,1,-1,-1,-1
207,4,564,113,23,19,1,-1,-1,-1
207,5,587,104,20,19,1,-1,-1,-1
207,6,519,81,18,15,1,-1,-1,-1
207,7,551,94,19,15,1,-1,-1,-1
207,8,564,82,16,15,1,-1,-1,-1
207,9,582,79,16,13,1,-1,-1,-1
207,11,552,71,15,13,1,-1,-1,-1
207,12,544,63,14,13,1,-1,-1,-1
207,13,569,61,13,11,1,-1,-1,-1
207,14,531,67,14,13,1,-1,-1,-1
207,15,515,69,14,13,1,-1,-1,-1
207,17,518,48,15,19,1,-1,-1,-1
207,23,979,227,44,25,1,-1,-1,-1
207,24,937,194,68,25,1,-1,-1,-1
207,25,900,167,90,37,1,-1,-1,-1
207,29,949,210,70,28,1,-1,-1,-1
207,36,0,138,15,19,1,-1,-1,-1
207,37,0,121,52,17,1,-1,-1,-1
207,38,64,98,40,11,1,-1,-1,-1
207,41,70,75,56,21,1,-1,-1,-1
207,46,10,73,36,23,1,-1,-1,-1
207,49,83,90,36,13,1,-1,-1,-1
207,50,67,142,57,19,1,-1,-1,-1
207,56,475,169,27,36,1,-1,-1,-1
207,57,411,142,23,25,1,-1,-1,-1
207,58,651,177,35,27,1,-1,-1,-1
207,59,450,104,15,17,1,-1,-1,-1
207,60,421,102,19,23,1,-1,-1,-1
207,61,478,97,16,19,1,-1,-1,-1
207,62,450,91,14,13,1,-1,-1,-1
207,63,487,84,18,15,1,-1,-1,-1
207,64,424,86,17,17,1,-1,-1,-1
207,65,697,412,83,96,1,-1,-1,-1
207,66,449,73,14,13,1,-1,-1,-1
207,67,462,66,17,14,1,-1,-1,-1
207,68,425,61,14,13,1,-1,-1,-1
207,99,491,61,15,9,1,-1,-1,-1
207,100,501,50,14,15,1,-1,-1,-1
208,0,625,223,44,38,1,-1,-1,-1
208,1,586,142,26,23,1,-1,-1,-1
208,4,564,113,22,17,1,-1,-1,-1
208,5,587,102,20,19,1,-1,-1,-1
208,6,519,82,18,15,1,-1,-1,-1
208,7,551,94,19,15,1,-1,-1,-1
208,8,563,81,16,15,1,-1,-1,-1
208,9,582,79,16,13,1,-1,-1,-1
208,11,552,71,15,13,1,-1,-1,-1
208,12,543,63,14,13,1,-1,-1,-1
208,13,570,61,13,11,1,-1,-1,-1
208,14,530,67,14,13,1,-1,-1,-1
208,15,515,69,14,13,1,-1,-1,-1
208,17,518,46,15,19,1,-1,-1,-1
208,23,978,229,45,27,1,-1,-1,-1
208,24,938,194,69,29,1,-1,-1,-1
208,25,901,164,92,41,1,-1,-1,-1
208,29,949,210,74,30,1,-1,-1,-1
208,36,0,138,15,19,1,-1,-1,-1
208,37,0,122,50,17,1,-1,-1,-1
208,38,64,98,40,11,1,-1,-1,-1
208,41,70,75,56,21,1,-1,-1,-1
208,46,10,73,36,23,1,-1,-1,-1
208,49,81,90,38,13,1,-1,-1,-1
208,50,67,142,57,19,1,-1,-1,-1
208,56,474,171,30,41,1,-1,-1,-1
208,57,410,142,23,27,1,-1,-1,-1
208,58,650,175,35,27,1,-1,-1,-1
208,59,450,104,15,17,1,-1,-1,-1
208,60,421,104,19,23,1,-1,-1,-1
208,61,478,98,16,19,1,-1,-1,-1
208,62,450,92,14,13,1,-1,-1,-1
208,63,487,84,18,15,1,-1,-1,-1
208,64,424,86,16,17,1,-1,-1,-1
208,65,694,408,84,98,1,-1,-1,-1
208,66,449,73,14,13,1,-1,-1,-1
208,67,462,67,16,14,1,-1,-1,-1
208,68,427,61,14,13,1,-1,-1,-1
208,99,491,61,15,9,1,-1,-1,-1
208,100,501,50,14,15,1,-1,-1,-1
209,0,625,223,44,38,1,-1,-1,-1
209,1,586,142,26,23,1,-1,-1,-1
209,4,564,113,22,17,1,-1,-1,-1
209,5,586,102,19,19,1,-1,-1,-1
209,6,519,82,18,15,1,-1,-1,-1
209,7,551,94,19,15,1,-1,-1,-1
209,8,562,82,16,15,1,-1,-1,-1
209,9,582,79,16,13,1,-1,-1,-1
209,11,551,73,15,13,1,-1,-1,-1
209,12,543,63,14,13,1,-1,-1,-1
209,13,571,61,13,10,1,-1,-1,-1
209,14,530,65,14,13,1,-1,-1,-1
209,15,515,69,14,13,1,-1,-1,-1
209,17,517,47,15,19,1,-1,-1,-1
209,23,980,229,43,29,1,-1,-1,-1
209,24,940,194,67,28,1,-1,-1,-1
209,25,899,163,96,42,1,-1,-1,-1
209,29,948,212,75,32,1,-1,-1,-1
209,37,0,121,51,17,1,-1,-1,-1
209,38,62,98,40,11,1,-1,-1,-1
209,41,70,77,54,21,1,-1,-1,-1
209,46,10,73,36,23,1,-1,-1,-1
209,49,79,90,37,13,1,-1,-1,-1
209,50,67,142,56,19,1,-1,-1,-1
209,56,474,173,27,36,1,-1,-1,-1
209,57,410,144,23,27,1,-1,-1,-1
209,58,650,173,33,25,1,-1,-1,-1
209,59,450,106,15,17,1,-1,-1,-1
209,60,421,104,19,23,1,-1,-1,-1
209,61,478,99,16,19,1,-1,-1,-1
209,62,450,92,14,13,1,-1,-1,-1
209,63,488,84,18,15,1,-1,-1,-1
209,64,424,88,16,17,1,-1,-1,-1
209,65,694,404,78,95,1,-1,-1,-1
209,66,449,75,14,13,1,-1,-1,-1
209,67,462,67,16,13,1,-1,-1,-1
209,68,427,63,14,13,1,-1,-1,-1
209,99,491,61,18,11,1,-1,-1,-1
209,100,501,50,14,15,1,-1,-1,-1
210,0,626,221,41,40,1,-1,-1,-1
210,1,586,142,26,23,1,-1,-1,-1
210,4,564,113,23,19,1,-1,-1,-1
210,5,587,102,19,19,1,-1,-1,-1
210,6,519,82,18,15,1,-1,-1,-1
210,7,551,94,19,15,1,-1,-1,-1
210,8,561,82,19,15,1,-1,-1,-1
210,9,581,79,16,13,1,-1,-1,-1
210,11,551,71,15,13,1,-1,-1,-1
210,12,543,63,14,13,1,-1,-1,-1
210,13,570,61,13,9,1,-1,-1,-1
210,14,528,67,14,13,1,-1,-1,-1
210,15,515,69,14,13,1,-1,-1,-1
210,17,517,46,14,19,1,-1,-1,-1
210,23,982,231,41,28,1,-1,-1,-1
210,24,940,196,66,28,1,-1,-1,-1
210,25,903,165,94,42,1,-1,-1,-1
210,29,949,212,74,32,1,-1,-1,-1
210,37,0,122,50,17,1,-1,-1,-1
210,38,61,98,42,12,1,-1,-1,-1
210,41,69,77,56,21,1,-1,-1,-1
210,46,10,73,36,23,1,-1,-1,-1
210,49,79,90,39,13,1,-1,-1,-1
210,50,67,144,57,19,1,-1,-1,-1
210,56,475,176,28,40,1,-1,-1,-1
210,57,408,146,23,25,1,-1,-1,-1
210,58,649,173,33,25,1,-1,-1,-1
210,59,450,106,15,17,1,-1,-1,-1
210,60,421,106,19,23,1,-1,-1,-1
210,61,478,100,18,20,1,-1,-1,-1
210,62,450,92,14,13,1,-1,-1,-1
210,63,488,86,18,15,1,-1,-1,-1
210,64,423,88,16,17,1,-1,-1,-1
210,65,694,400,79,96,1,-1,-1,-1
210,66,450,75,14,13,1,-1,-1,-1
210,67,463,67,17,14,1,-1,-1,-1
210,68,427,63,14,13,1,-1,-1,-1
210,99,492,61,16,10,1,-1,-1,-1
210,100,501,50,14,15,1,-1,-1,-1
211,0,623,221,47,40,1,-1,-1,-1
211,1,586,142,26,23,1,-1,-1,-1
211,4,562,113,23,19,1,-1,-1,-1
211,5,586,100,19,19,1,-1,-1,-1
211,6,519,82,18,15,1,-1,-1,-1
211,7,549,94,19,15,1,-1,-1,-1
211,8,561,82,19,15,1,-1,-1,-1
211,9,582,77,16,13,1,-1,-1,-1
211,11,551,71,15,13,1,-1,-1,-1
211,12,543,63,14,13,1,-1,-1,-1
211,13,573,62,13,9,1,-1,-1,-1
211,14,528,65,14,13,1,-1,-1,-1
211,15,514,69,14,13,1,-1,-1,-1
211,17,517,46,14,19,1,-1,-1,-1
211,23,983,231,39,27,1,-1,-1,-1
211,24,943,196,65,27,1,-1,-1,-1
211,25,902,163,97,44,1,-1,-1,-1
211,29,953,214,70,30,1,-1,-1,-1
211,37,0,121,49,17,1,-1,-1,-1
211,38,61,98,43,14,1,-1,-1,-1
211,41,69,77,56,21,1,-1,-1,-1
211,46,7,73,36,23,1,-1,-1,-1
211,49,79,90,37,13,1,-1,-1,-1
211,50,66,144,57,19,1,-1,-1,-1
211,56,475,177,27,38,1,-1,-1,-1
211,57,408,148,23,25,1,-1,-1,-1
211,58,646,171,32,25,1,-1,-1,-1
211,59,450,108,15,17,1,-1,-1,-1
211,60,420,106,19,23,1,-1,-1,-1
211,61,476,102,16,19,1,-1,-1,-1
211,62,450,94,14,13,1,-1,-1,-1
211,63,488,86,18,15,1,-1,-1,-1
211,64,423,88,16,17,1,-1,-1,-1
211,65,693,395,83,96,1,-1,-1,-1
211,66,449,75,14,13,1,-1,-1,-1
211,67,463,68,15,14,1,-1,-1,-1
211,68,427,63,14,13,1,-1,-1,-1
211,99,491,61,17,10,1,-1,-1,-1
211,100,501,50,14,15,1,-1,-1,-1
212,0,623,219,47,40,1,-1,-1,-1
212,1,586,142,26,23,1,-1,-1,-1
212,4,562,113,22,17,1,-1,-1,-1
212,5,586,100,19,19,1,-1,-1,-1
212,6,519,82,18,15,1,-1,-1,-1
212,7,549,94,19,15,1,-1,-1,-1
212,8,561,82,19,15,1,-1,-1,-1
212,9,581,78,18,13,1,-1,-1,-1
212,11,551,71,15,13,1,-1,-1,-1
212,12,543,61,14,13,1,-1,-1,-1
212,13,572,61,14,11,1,-1,-1,-1
212,14,528,65,14,13,1,-1,-1,-1
212,15,514,69,14,13,1,-1,-1,-1
212,17,517,47,14,19,1,-1,-1,-1
212,23,987,235,36,25,1,-1,-1,-1
212,24,943,196,67,28,1,-1,-1,-1
212,25,905,165,94,42,1,-1,-1,-1
212,29,953,214,70,30,1,-1,-1,-1
212,37,0,121,48,17,1,-1,-1,-1
212,38,61,100,41,11,1,-1,-1,-1
212,41,67,77,56,21,1,-1,-1,-1
212,46,9,73,36,23,1,-1,-1,-1
212,49,79,90,37,13,1,-1,-1,-1
212,50,65,144,57,19,1,-1,-1,-1
212,56,475,179,27,38,1,-1,-1,-1
212,57,407,148,23,25,1,-1,-1,-1
212,58,646,169,33,25,1,-1,-1,-1
212,59,450,109,15,17,1,-1,-1,-1
212,60,420,108,19,23,1,-1,-1,-1
212,61,478,102,16,19,1,-1,-1,-1
212,62,450,94,14,13,1,-1,-1,-1
212,63,489,88,18,15,1,-1,-1,-1
212,64,424,90,16,17,1,-1,-1,-1
212,65,692,391,80,94,1,-1,-1,-1
212,66,449,77,14,13,1,-1,-1,-1
212,67,464,68,16,14,1,-1,-1,-1
212,68,427,63,14,13,1,-1,-1,-1
212,99,490,60,17,11,1,-1,-1,-1
212,100,501,50,14,15,1,-1,-1,-1
213,0,623,219,45,40,1,-1,-1,-1
213,1,586,140,26,23,1,-1,-1,-1
213,4,561,111,23,19,1,-1,-1,-1
213,5,586,100,19,19,1,-1,-1,-1
213,6,519,82,18,15,1,-1,-1,-1
213,7,549,92,19,15,1,-1,-1,-1
213,8,560,81,19,15,1,-1,-1,-1
213,9,581,77,18,13,1,-1,-1,-1
213,11,551,71,15,13,1,-1,-1,-1
213,12,542,61,14,13,1,-1,-1,-1
213,13,572,60,14,11,1,-1,-1,-1
213,14,527,65,14,13,1,-1,-1,-1
213,15,514,71,14,13,1,-1,-1,-1
213,17,517,46,14,19,1,-1,-1,-1
213,23,987,233,36,28,1,-1,-1,-1
213,24,944,196,67,28,1,-1,-1,-1
213,25,906,165,91,40,1,-1,-1,-1
213,29,954,214,69,30,1,-1,-1,-1
213,37,0,121,48,17,1,-1,-1,-1
213,38,58,98,44,14,1,-1,-1,-1
213,41,66,77,56,21,1,-1,-1,-1
213,46,6,73,37,23,1,-1,-1,-1
213,49,78,90,37,13,1,-1,-1,-1
213,50,62,144,57,19,1,-1,-1,-1
213,56,474,181,27,40,1,-1,-1,-1
213,57,407,148,23,25,1,-1,-1,-1
213,58,646,169,35,27,1,-1,-1,-1
213,59,450,109,15,17,1,-1,-1,-1
213,60,420,109,19,23,1,-1,-1,-1
213,61,476,104,16,19,1,-1,-1,-1
213,62,450,94,14,13,1,-1,-1,-1
213,63,489,88,18,15,1,-1,-1,-1
213,64,421,90,16,17,1,-1,-1,-1
213,65,690,387,78,90,1,-1,-1,-1
213,66,449,77,14,13,1,-1,-1,-1
213,67,463,68,17,15,1,-1,-1,-1
213,68,427,65,14,13,1,-1,-1,-1
213,99,491,61,17,10,1,-1,-1,-1
213,100,501,50,14,15,1,-1,-1,-1
214,0,623,219,44,40,1,-1,-1,-1
214,1,586,140,26,23,1,-1,-1,-1
214,4,561,111,23,19,1,-1,-1,-1
214,5,586,100,19,19,1,-1,-1,-1
214,6,519,82,18,15,1,-1,-1,-1
214,7,548,92,19,15,1,-1,-1,-1
214,8,560,81,19,15,1,-1,-1,-1
214,9,582,77,18,13,1,-1,-1,-1
214,11,551,71,15,13,1,-1,-1,-1
214,12,543,61,14,13,1,-1,-1,-1
214,13,572,59,14,11,1,-1,-1,-1
214,14,527,65,14,13,1,-1,-1,-1
214,15,514,71,14,13,1,-1,-1,-1
214,17,517,46,14,19,1,-1,-1,-1
214,23,987,235,36,28,1,-1,-1,-1
214,24,945,198,67,28,1,-1,-1,-1
214,25,907,167,94,42,1,-1,-1,-1
214,29,957,216,66,30,1,-1,-1,-1
214,37,0,121,46,17,1,-1,-1,-1
214,38,57,98,43,14,1,-1,-1,-1
214,41,66,77,56,21,1,-1,-1,-1
214,46,6,73,36,23,1,-1,-1,-1
214,49,78,90,37,13,1,-1,-1,-1
214,50,62,144,57,19,1,-1,-1,-1
214,56,472,183,30,42,1,-1,-1,-1
214,57,406,150,23,25,1,-1,-1,-1
214,58,643,167,33,25,1,-1,-1,-1
214,59,450,111,15,17,1,-1,-1,-1
214,60,420,109,19,23,1,-1,-1,-1
214,61,478,104,16,19,1,-1,-1,-1
214,62,449,96,16,15,1,-1,-1,-1
214,63,489,88,18,15,1,-1,-1,-1
214,64,423,90,16,17,1,-1,-1,-1
214,65,690,383,77,90,1,-1,-1,-1
214,66,449,77,14,13,1,-1,-1,-1
214,67,462,69,16,15,1,-1,-1,-1
214,68,427,65,14,13,1,-1,-1,-1
214,99,492,61,16,11,1,-1,-1,-1
214,100,501,50,14,15,1,-1,-1,-1
215,0,621,219,47,40,1,-1,-1,-1
215,1,585,140,26,23,1,-1,-1,-1
215,4,562,111,22,17,1,-1,-1,-1
215,5,586,100,19,19,1,-1,-1,-1
215,6,519,82,18,15,1,-1,-1,-1
215,7,548,92,19,15,1,-1,-1,-1
215,8,560,81,19,15,1,-1,-1,-1
215,9,581,77,18,13,1,-1,-1,-1
215,11,549,71,15,13,1,-1,-1,-1
215,12,542,61,14,13,1,-1,-1,-1
215,13,573,59,14,11,1,-1,-1,-1
215,14,527,65,14,13,1,-1,-1,-1
215,15,514,69,14,13,1,-1,-1,-1
215,17,515,48,16,17,1,-1,-1,-1
215,23,990,235,33,28,1,-1,-1,-1
215,24,946,198,67,28,1,-1,-1,-1
215,25,907,167,94,42,1,-1,-1,-1
215,29,957,216,66,30,1,-1,-1,-1
215,37,0,121,46,17,1,-1,-1,-1
215,38,57,98,43,14,1,-1,-1,-1
215,41,66,77,56,21,1,-1,-1,-1
215,46,6,73,36,23,1,-1,-1,-1
215,49,77,90,37,13,1,-1,-1,-1
215,50,61,144,57,19,1,-1,-1,-1
215,56,472,187,30,42,1,-1,-1,-1
215,57,404,149,25,29,1,-1,-1,-1
215,58,643,167,33,25,1,-1,-1,-1
215,59,449,111,15,17,1,-1,-1,-1
215,60,420,109,20,26,1,-1,-1,-1
215,61,478,104,16,19,1,-1,-1,-1
215,62,449,96,15,15,1,-1,-1,-1
215,63,489,90,18,15,1,-1,-1,-1
215,64,421,92,16,17,1,-1,-1,-1
215,65,689,381,74,86,1,-1,-1,-1
215,66,449,77,14,13,1,-1,-1,-1
215,67,464,69,16,15,1,-1,-1,-1
215,68,427,65,14,13,1,-1,-1,-1
215,99,492,61,15,11,1,-1,-1,-1
215,100,501,48,14,15,1,-1,-1,-1
216,0,623,219,44,38,1,-1,-1,-1
216,1,585,140,26,23,1,-1,-1,-1
216,4,561,111,23,19,1,-1,-1,-1
216,5,586,100,19,19,1,-1,-1,-1
216,6,519,82,18,15,1,-1,-1,-1
216,7,548,92,19,15,1,-1,-1,-1
216,8,559,81,19,15,1,-1,-1,-1
216,9,581,77,18,13,1,-1,-1,-1
216,11,550,72,15,13,1,-1,-1,-1
216,12,542,61,14,13,1,-1,-1,-1
216,13,573,59,14,11,1,-1,-1,-1
216,14,527,65,14,13,1,-1,-1,-1
216,15,514,69,14,13,1,-1,-1,-1
216,17,514,46,14,19,1,-1,-1,-1
216,23,992,235,31,28,1,-1,-1,-1
216,24,946,198,69,28,1,-1,-1,-1
216,25,910,167,90,40,1,-1,-1,-1
216,29,959,217,64,27,1,-1,-1,-1
216,37,0,121,44,17,1,-1,-1,-1
216,38,57,98,43,11,1,-1,-1,-1
216,41,65,77,56,21,1,-1,-1,-1
216,46,5,73,36,23,1,-1,-1,-1
216,49,75,90,37,13,1,-1,-1,-1
216,50,60,146,57,19,1,-1,-1,-1
216,56,471,187,31,44,1,-1,-1,-1
216,57,403,151,27,30,1,-1,-1,-1
216,58,641,165,35,27,1,-1,-1,-1
216,59,449,110,18,22,1,-1,-1,-1
216,60,418,109,21,27,1,-1,-1,-1
216,61,477,105,19,22,1,-1,-1,-1
216,62,450,96,15,15,1,-1,-1,-1
216,63,491,90,19,17,1,-1,-1,-1
216,64,421,92,16,17,1,-1,-1,-1
216,65,689,376,74,86,1,-1,-1,-1
216,66,449,79,14,13,1,-1,-1,-1
216,67,465,70,16,17,1,-1,-1,-1
216,68,427,65,14,13,1,-1,-1,-1
216,99,492,61,15,11,1,-1,-1,-1
216,100,501,50,14,15,1,-1,-1,-1
217,0,621,219,44,40,1,-1,-1,-1
217,1,585,140,26,23,1,-1,-1,-1
217,4,561,111,23,19,1,-1,-1,-1
217,5,585,100,19,19,1,-1,-1,-1
217,6,519,82,18,15,1,-1,-1,-1
217,7,548,92,19,15,1,-1,-1,-1
217,8,559,79,19,15,1,-1,-1,-1
217,9,579,77,18,13,1,-1,-1,-1
217,11,549,71,14,13,1,-1,-1,-1
217,12,540,61,14,13,1,-1,-1,-1
217,13,573,59,14,11,1,-1,-1,-1
217,14,527,65,14,13,1,-1,-1,-1
217,15,514,69,14,13,1,-1,-1,-1
217,17,517,46,14,19,1,-1,-1,-1
217,23,992,237,31,28,1,-1,-1,-1
217,24,949,200,70,30,1,-1,-1,-1
217,25,911,167,90,40,1,-1,-1,-1
217,29,961,217,62,25,1,-1,-1,-1
217,37,0,123,42,17,1,-1,-1,-1
217,38,54,98,41,11,1,-1,-1,-1
217,41,65,77,56,21,1,-1,-1,-1
217,46,5,73,36,23,1,-1,-1,-1
217,49,75,92,36,13,1,-1,-1,-1
217,50,60,146,57,19,1,-1,-1,-1
217,56,472,192,31,44,1,-1,-1,-1
217,57,402,152,27,30,1,-1,-1,-1
217,58,642,163,33,25,1,-1,-1,-1
217,59,449,111,18,21,1,-1,-1,-1
217,60,418,111,21,28,1,-1,-1,-1
217,61,476,106,19,21,1,-1,-1,-1
217,62,450,98,15,15,1,-1,-1,-1
217,63,492,89,19,17,1,-1,-1,-1
217,64,420,94,16,17,1,-1,-1,-1
217,65,687,370,77,90,1,-1,-1,-1
217,66,449,79,14,13,1,-1,-1,-1
217,67,464,71,15,17,1,-1,-1,-1
217,68,427,67,14,13,1,-1,-1,-1
217,99,492,61,15,11,1,-1,-1,-1
217,100,501,50,14,15,1,-1,-1,-1
218,0,621,219,44,40,1,-1,-1,-1
218,1,585,140,26,23,1,-1,-1,-1
218,4,561,111,23,19,1,-1,-1,-1
218,5,585,100,19,19,1,-1,-1,-1
218,6,520,82,18,15,1,-1,-1,-1
218,7,548,92,19,15,1,-1,-1,-1
218,8,559,79,19,15,1,-1,-1,-1
218,9,579,77,18,13,1,-1,-1,-1
218,11,548,71,14,13,1,-1,-1,-1
218,12,542,61,14,13,1,-1,-1,-1
218,13,573,59,14,11,1,-1,-1,-1
218,14,526,65,14,13,1,-1,-1,-1
218,15,514,69,14,13,1,-1,-1,-1
218,17,516,46,14,19,1,-1,-1,-1
218,23,992,237,31,28,1,-1,-1,-1
218,24,950,200,70,30,1,-1,-1,-1
218,25,914,169,90,40,1,-1,-1,-1
218,29,962,219,61,25,1,-1,-1,-1
218,37,0,123,43,17,1,-1,-1,-1
218,38,54,98,41,11,1,-1,-1,-1
218,41,64,77,56,21,1,-1,-1,-1
218,46,3,73,36,23,1,-1,-1,-1
218,49,74,92,37,13,1,-1,-1,-1
218,50,57,146,57,19,1,-1,-1,-1
218,56,470,194,33,46,1,-1,-1,-1
218,57,402,154,27,30,1,-1,-1,-1
218,58,641,163,33,25,1,-1,-1,-1
218,59,450,113,18,21,1,-1,-1,-1
218,60,417,111,20,28,1,-1,-1,-1
218,61,477,107,19,19,1,-1,-1,-1
218,62,449,98,15,15,1,-1,-1,-1
218,63,493,91,19,18,1,-1,-1,-1
218,64,421,94,16,17,1,-1,-1,-1
218,65,688,370,71,84,1,-1,-1,-1
218,66,448,78,16,16,1,-1,-1,-1
218,67,464,71,15,17,1,-1,-1,-1
218,68,427,67,14,13,1,-1,-1,-1
218,99,492,61,15,11,1,-1,-1,-1
218,100,501,50,14,15,1,-1,-1,-1
219,0,621,217,45,40,1,-1,-1,-1
219,1,583,138,26,23,1,-1,-1,-1
219,4,561,109,23,19,1,-1,-1,-1
219,5,585,100,19,19,1,-1,-1,-1
219,6,519,82,18,15,1,-1,-1,-1
219,7,548,92,19,15,1,-1,-1,-1
219,8,559,79,19,15,1,-1,-1,-1
219,9,579,77,18,13,1,-1,-1,-1
219,11,548,71,14,13,1,-1,-1,-1
219,12,542,63,15,12,1,-1,-1,-1
219,13,573,59,14,11,1,-1,-1,-1
219,14,527,64,14,13,1,-1,-1,-1
219,15,514,71,15,14,1,-1,-1,-1
219,17,516,46,14,19,1,-1,-1,-1
219,24,953,202,67,28,1,-1,-1,-1
219,25,914,169,90,40,1,-1,-1,-1
219,29,962,219,61,28,1,-1,-1,-1
219,37,0,123,40,17,1,-1,-1,-1
219,38,54,100,41,11,1,-1,-1,-1
219,41,62,77,56,21,1,-1,-1,-1
219,46,2,73,36,23,1,-1,-1,-1
219,49,74,92,37,13,1,-1,-1,-1
219,50,57,146,56,19,1,-1,-1,-1
219,56,470,198,32,46,1,-1,-1,-1
219,57,400,156,27,30,1,-1,-1,-1
219,58,640,162,33,25,1,-1,-1,-1
219,59,450,113,18,21,1,-1,-1,-1
219,60,416,113,20,28,1,-1,-1,-1
219,61,476,109,19,21,1,-1,-1,-1
219,62,449,100,15,15,1,-1,-1,-1
219,63,492,92,19,17,1,-1,-1,-1
219,64,420,96,16,17,1,-1,-1,-1
219,65,688,366,69,81,1,-1,-1,-1
219,66,448,79,15,15,1,-1,-1,-1
219,67,466,71,15,17,1,-1,-1,-1
219,68,425,67,14,13,1,-1,-1,-1
219,99,492,61,15,11,1,-1,-1,-1
219,100,500,48,14,15,1,-1,-1,-1
220,0,620,217,44,38,1,-1,-1,-1
220,1,582,138,26,23,1,-1,-1,-1
220,4,561,109,23,19,1,-1,-1,-1
220,5,583,100,19,19,1,-1,-1,-1
220,6,519,82,18,15,1,-1,-1,-1
220,7,548,92,19,15,1,-1,-1,-1
220,8,557,79,19,15,1,-1,-1,-1
220,9,579,77,18,13,1,-1,-1,-1
220,11,548,71,14,13,1,-1,-1,-1
220,12,542,63,14,11,1,-1,-1,-1
220,13,573,59,14,11,1,-1,-1,-1
220,14,526,63,14,13,1,-1,-1,-1
220,15,514,71,14,13,1,-1,-1,-1
220,17,515,45,17,21,1,-1,-1,-1
220,24,954,202,66,28,1,-1,-1,-1
220,25,917,173,90,40,1,-1,-1,-1
220,29,965,221,58,28,1,-1,-1,-1
220,37,0,123,39,17,1,-1,-1,-1
220,38,53,100,41,11,1,-1,-1,-1
220,41,62,77,56,21,1,-1,-1,-1
220,46,2,73,36,23,1,-1,-1,-1
220,49,73,92,37,13,1,-1,-1,-1
220,50,56,146,56,19,1,-1,-1,-1
220,51,5,117,44,16,1,-1,-1,-1
220,52,19,113,45,16,1,-1,-1,-1
220,53,75,138,45,17,1,-1,-1,-1
220,54,91,128,48,19,1,-1,-1,-1
220,56,468,202,31,44,1,-1,-1,-1
220,57,400,158,27,30,1,-1,-1,-1
220,58,639,161,31,23,1,-1,-1,-1
220,59,449,115,18,21,1,-1,-1,-1
220,60,416,115,20,28,1,-1,-1,-1
220,61,476,109,19,21,1,-1,-1,-1
220,62,448,100,15,15,1,-1,-1,-1
220,63,493,92,19,17,1,-1,-1,-1
220,64,420,96,16,17,1,-1,-1,-1
220,65,687,362,67,79,1,-1,-1,-1
220,66,449,79,15,15,1,-1,-1,-1
220,67,467,71,15,17,1,-1,-1,-1
220,68,425,67,14,13,1,-1,-1,-1
220,69,470,55,13,13,1,-1,-1,-1
220,99,492,61,15,11,1,-1,-1,-1
220,100,500,50,14,15,1,-1,-1,-1
221,0,620,217,44,38,1,-1,-1,-1
221,1,582,138,26,23,1,-1,-1,-1
221,4,560,109,23,19,1,-1,-1,-1
221,5,582,98,19,19,1,-1,-1,-1
221,6,519,82,18,15,1,-1,-1,-1
221,7,548,91,19,15,1,-1,-1,-1
221,8,556,79,19,15,1,-1,-1,-1
221,9,578,77,18,13,1,-1,-1,-1
221,11,548,71,14,13,1,-1,-1,-1
221,12,540,63,14,11,1,-1,-1,-1
221,13,573,59,14,11,1,-1,-1,-1
221,14,526,63,14,13,1,-1,-1,-1
221,15,514,71,14,13,1,-1,-1,-1
221,17,514,44,16,21,1,-1,-1,-1
221,24,956,202,67,28,1,-1,-1,-1
221,25,919,175,87,38,1,-1,-1,-1
221,29,966,221,57,27,1,-1,-1,-1
221,37,0,123,39,17,1,-1,-1,-1
221,38,53,100,41,11,1,-1,-1,-1
221,41,62,77,54,21,1,-1,-1,-1
221,46,1,73,41,24,1,-1,-1,-1
221,49,71,92,37,13,1,-1,-1,-1
221,50,54,146,57,19,1,-1,-1,-1
221,51,3,117,44,15,1,-1,-1,-1
221,52,18,113,44,15,1,-1,-1,-1
221,53,74,138,44,17,1,-1,-1,-1
221,54,90,127,48,19,1,-1,-1,-1
221,56,469,202,31,48,1,-1,-1,-1
221,57,398,160,27,30,1,-1,-1,-1
221,58,639,160,30,25,1,-1,-1,-1
221,59,449,115,18,21,1,-1,-1,-1
221,60,416,115,20,28,1,-1,-1,-1
221,61,476,111,19,21,1,-1,-1,-1
221,62,448,100,15,15,1,-1,-1,-1
221,63,493,94,19,17,1,-1,-1,-1
221,64,420,98,16,17,1,-1,-1,-1
221,65,685,356,67,79,1,-1,-1,-1
221,66,449,81,15,15,1,-1,-1,-1
221,67,467,73,15,17,1,-1,-1,-1
221,68,425,67,14,13,1,-1,-1,-1
221,69,470,55,13,13,1,-1,-1,-1
221,99,492,61,15,11,1,-1,-1,-1
221,100,501,50,14,15,1,-1,-1,-1
222,0,620,217,44,38,1,-1,-1,-1
222,1,582,138,26,23,1,-1,-1,-1
222,4,560,109,23,19,1,-1,-1,-1
222,5,582,98,19,19,1,-1,-1,-1
222,6,519,82,18,15,1,-1,-1,-1
222,7,548,90,19,15,1,-1,-1,-1
222,8,557,79,19,15,1,-1,-1,-1
222,9,578,75,18,13,1,-1,-1,-1
222,11,548,71,14,13,1,-1,-1,-1
222,12,540,63,14,11,1,-1,-1,-1
222,13,574,59,14,11,1,-1,-1,-1
222,14,526,63,14,13,1,-1,-1,-1
222,15,514,71,14,13,1,-1,-1,-1
222,17,514,44,16,21,1,-1,-1,-1
222,24,957,204,65,27,1,-1,-1,-1
222,25,919,171,90,40,1,-1,-1,-1
222,29,967,221,56,27,1,-1,-1,-1
222,37,0,123,37,17,1,-1,-1,-1
222,38,52,100,41,11,1,-1,-1,-1
222,41,61,77,54,21,1,-1,-1,-1
222,46,1,75,36,23,1,-1,-1,-1
222,49,70,92,37,13,1,-1,-1,-1
222,50,53,148,57,19,1,-1,-1,-1
222,51,2,117,44,15,1,-1,-1,-1
222,52,16,113,44,15,1,-1,-1,-1
222,53,71,138,44,17,1,-1,-1,-1
222,54,90,129,48,19,1,-1,-1,-1
222,56,469,203,31,53,1,-1,-1,-1
222,57,398,160,27,30,1,-1,-1,-1
222,58,636,158,32,24,1,-1,-1,-1
222,59,449,115,18,21,1,-1,-1,-1
222,60,415,117,20,28,1,-1,-1,-1
222,61,476,111,19,21,1,-1,-1,-1
222,62,448,102,15,15,1,-1,-1,-1
222,63,495,94,19,17,1,-1,-1,-1
222,64,420,98,16,17,1,-1,-1,-1
222,65,685,352,67,79,1,-1,-1,-1
222,66,449,81,15,15,1,-1,-1,-1
222,67,466,73,15,17,1,-1,-1,-1
222,68,425,69,14,13,1,-1,-1,-1
222,69,470,55,13,13,1,-1,-1,-1
222,99,492,61,15,11,1,-1,-1,-1
222,100,500,48,14,15,1,-1,-1,-1
223,0,621,217,40,36,1,-1,-1,-1
223,1,582,138,26,23,1,-1,-1,-1
223,4,560,109,23,19,1,-1,-1,-1
223,5,582,98,19,19,1,-1,-1,-1
223,6,519,82,18,15,1,-1,-1,-1
223,7,548,90,19,15,1,-1,-1,-1
223,8,557,79,19,15,1,-1,-1,-1
223,9,578,77,18,13,1,-1,-1,-1
223,11,548,71,14,13,1,-1,-1,-1
223,12,540,63,14,11,1,-1,-1,-1
223,13,575,60,14,11,1,-1,-1,-1
223,14,526,63,14,13,1,-1,-1,-1
223,15,514,71,14,13,1,-1,-1,-1
223,17,514,44,16,21,1,-1,-1,-1
223,24,960,206,64,27,1,-1,-1,-1
223,25,918,171,94,40,1,-1,-1,-1
223,29,970,223,53,25,1,-1,-1,-1
223,37,0,123,36,17,1,-1,-1,-1
223,38,52,100,41,11,1,-1,-1,-1
223,41,60,77,56,21,1,-1,-1,-1
223,46,1,75,36,23,1,-1,-1,-1
223,49,70,92,37,13,1,-1,-1,-1
223,50,53,148,59,22,1,-1,-1,-1
223,51,2,117,44,15,1,-1,-1,-1
223,52,15,113,44,15,1,-1,-1,-1
223,53,71,138,44,17,1,-1,-1,-1
223,54,88,129,48,19,1,-1,-1,-1
223,56,468,206,31,52,1,-1,-1,-1
223,57,398,162,27,30,1,-1,-1,-1
223,58,636,157,31,25,1,-1,-1,-1
223,59,449,117,18,21,1,-1,-1,-1
223,60,415,119,20,28,1,-1,-1,-1
223,61,476,113,19,21,1,-1,-1,-1
223,62,448,102,15,15,1,-1,-1,-1
223,63,495,96,19,17,1,-1,-1,-1
223,64,420,98,16,17,1,-1,-1,-1
223,65,684,349,67,79,1,-1,-1,-1
223,66,448,82,15,15,1,-1,-1,-1
223,67,467,73,15,17,1,-1,-1,-1
223,68,425,69,14,13,1,-1,-1,-1
223,69,471,55,13,13,1,-1,-1,-1
223,99,492,61,15,11,1,-1,-1,-1
223,100,500,50,14,15,1,-1,-1,-1
224,0,620,217,39,34,1,-1,-1,-1
224,1,582,138,26,23,1,-1,-1,-1
224,4,559,109,23,19,1,-1,-1,-1
224,5,582,98,19,19,1,-1,-1,-1
224,6,518,82,18,15,1,-1,-1,-1
224,7,547,90,19,15,1,-1,-1,-1
224,8,556,79,19,15,1,-1,-1,-1
224,9,578,75,18,13,1,-1,-1,-1
224,11,548,71,14,13,1,-1,-1,-1
224,12,539,63,14,11,1,-1,-1,-1
224,13,576,60,14,11,1,-1,-1,-1
224,14,526,63,14,13,1,-1,-1,-1
224,15,513,71,14,13,1,-1,-1,-1
224,17,514,44,16,21,1,-1,-1,-1
224,24,961,206,62,27,1,-1,-1,-1
224,25,918,171,96,42,1,-1,-1,-1
224,29,970,223,53,27,1,-1,-1,-1
224,37,0,125,35,17,1,-1,-1,-1
224,38,50,100,41,11,1,-1,-1,-1
224,41,60,77,56,21,1,-1,-1,-1
224,46,1,75,36,23,1,-1,-1,-1
224,49,70,92,37,13,1,-1,-1,-1
224,50,52,148,57,19,1,-1,-1,-1
224,51,2,119,44,15,1,-1,-1,-1
224,52,15,113,44,15,1,-1,-1,-1
224,53,70,140,44,17,1,-1,-1,-1
224,54,88,129,47,19,1,-1,-1,-1
224,56,468,210,30,52,1,-1,-1,-1
224,57,397,163,27,30,1,-1,-1,-1
224,58,635,157,31,23,1,-1,-1,-1
224,59,448,119,18,21,1,-1,-1,-1
224,60,415,119,20,28,1,-1,-1,-1
224,61,478,114,21,21,1,-1,-1,-1
224,62,448,102,15,15,1,-1,-1,-1
224,63,495,98,19,17,1,-1,-1,-1
224,64,419,100,16,17,1,-1,-1,-1
224,65,684,347,67,79,1,-1,-1,-1
224,66,448,82,15,15,1,-1,-1,-1
224,67,467,75,15,17,1,-1,-1,-1
224,68,425,69,14,13,1,-1,-1,-1
224,69,471,55,13,13,1,-1,-1,-1
224,99,492,61,15,11,1,-1,-1,-1
224,100,501,50,14,15,1,-1,-1,-1
225,0,623,219,37,34,1,-1,-1,-1
225,1,582,138,26,23,1,-1,-1,-1
225,4,559,109,23,19,1,-1,-1,-1
225,5,584,100,18,17,1,-1,-1,-1
225,6,518,82,18,15,1,-1,-1,-1
225,7,547,90,19,15,1,-1,-1,-1
225,8,556,79,19,15,1,-1,-1,-1
225,9,578,75,18,13,1,-1,-1,-1
225,11,548,71,14,13,1,-1,-1,-1
225,12,540,63,14,11,1,-1,-1,-1
225,13,576,60,14,11,1,-1,-1,-1
225,14,526,63,14,13,1,-1,-1,-1
225,15,514,71,14,13,1,-1,-1,-1
225,17,514,44,16,21,1,-1,-1,-1
225,24,961,206,62,27,1,-1,-1,-1
225,25,919,173,96,42,1,-1,-1,-1
225,29,973,223,50,25,1,-1,-1,-1
225,37,0,123,35,17,1,-1,-1,-1
225,38,49,100,41,11,1,-1,-1,-1
225,41,58,79,56,21,1,-1,-1,-1
225,46,0,75,37,24,1,-1,-1,-1
225,49,70,92,37,13,1,-1,-1,-1
225,50,50,148,57,19,1,-1,-1,-1
225,51,0,119,44,15,1,-1,-1,-1
225,52,14,113,44,15,1,-1,-1,-1
225,53,70,140,44,17,1,-1,-1,-1
225,54,87,129,48,19,1,-1,-1,-1
225,56,467,214,31,52,1,-1,-1,-1
225,57,397,165,27,30,1,-1,-1,-1
225,58,633,156,31,23,1,-1,-1,-1
225,59,448,119,18,21,1,-1,-1,-1
225,60,415,121,20,28,1,-1,-1,-1
225,61,478,115,20,21,1,-1,-1,-1
225,62,448,104,15,15,1,-1,-1,-1
225,63,496,98,19,17,1,-1,-1,-1
225,64,417,100,16,17,1,-1,-1,-1
225,65,685,344,62,78,1,-1,-1,-1
225,66,448,82,15,15,1,-1,-1,-1
225,67,467,75,15,17,1,-1,-1,-1
225,68,425,71,14,13,1,-1,-1,-1
225,69,471,57,13,13,1,-1,-1,-1
225,99,492,61,15,11,1,-1,-1,-1
225,100,500,48,14,15,1,-1,-1,-1
226,0,623,219,37,34,1,-1,-1,-1
226,1,582,136,26,23,1,-1,-1,-1
226,4,559,109,21,18,1,-1,-1,-1
226,5,584,100,18,17,1,-1,-1,-1
226,6,518,82,18,15,1,-1,-1,-1
226,7,547,90,19,15,1,-1,-1,-1
226,8,556,79,19,15,1,-1,-1,-1
226,9,578,75,18,13,1,-1,-1,-1
226,11,548,69,14,13,1,-1,-1,-1
226,12,539,63,14,11,1,-1,-1,-1
226,13,577,59,14,11,1,-1,-1,-1
226,14,525,63,14,14,1,-1,-1,-1
226,15,514,71,14,13,1,-1,-1,-1
226,17,514,44,16,21,1,-1,-1,-1
226,24,962,206,61,27,1,-1,-1,-1
226,25,919,173,97,44,1,-1,-1,-1
226,29,974,225,49,25,1,-1,-1,-1
226,37,0,125,32,17,1,-1,-1,-1
226,38,49,100,41,11,1,-1,-1,-1
226,41,57,79,56,21,1,-1,-1,-1
226,46,0,75,35,23,1,-1,-1,-1
226,49,69,94,37,13,1,-1,-1,-1
226,50,49,148,57,19,1,-1,-1,-1
226,51,0,119,44,15,1,-1,-1,-1
226,52,14,115,44,15,1,-1,-1,-1
226,53,69,140,44,17,1,-1,-1,-1
226,54,86,129,48,19,1,-1,-1,-1
226,56,467,217,31,52,1,-1,-1,-1
226,57,395,167,27,30,1,-1,-1,-1
226,58,633,154,31,23,1,-1,-1,-1
226,59,448,119,18,21,1,-1,-1,-1
226,60,414,121,20,28,1,-1,-1,-1
226,61,478,115,20,21,1,-1,-1,-1
226,62,448,104,15,15,1,-1,-1,-1
226,63,497,100,19,17,1,-1,-1,-1
226,64,416,101,19,19,1,-1,-1,-1
226,65,684,339,61,77,1,-1,-1,-1
226,66,448,82,15,15,1,-1,-1,-1
226,67,467,75,15,17,1,-1,-1,-1
226,68,425,71,14,13,1,-1,-1,-1
226,69,471,55,13,13,1,-1,-1,-1
226,99,492,61,15,11,1,-1,-1,-1
226,100,500,48,14,15,1,-1,-1,-1
227,0,621,217,40,36,1,-1,-1,-1
227,1,581,136,26,23,1,-1,-1,-1
227,4,559,109,20,17,1,-1,-1,-1
227,5,583,99,18,17,1,-1,-1,-1
227,6,518,82,18,15,1,-1,-1,-1
227,7,547,90,19,15,1,-1,-1,-1
227,8,556,77,19,15,1,-1,-1,-1
227,9,578,75,18,13,1,-1,-1,-1
227,11,547,71,14,13,1,-1,-1,-1
227,12,539,61,14,11,1,-1,-1,-1
227,13,577,60,14,11,1,-1,-1,-1
227,14,525,63,14,13,1,-1,-1,-1
227,15,513,71,14,13,1,-1,-1,-1
227,17,513,44,16,21,1,-1,-1,-1
227,24,965,207,58,27,1,-1,-1,-1
227,25,921,176,99,41,1,-1,-1,-1
227,29,975,225,48,25,1,-1,-1,-1
227,37,0,125,32,17,1,-1,-1,-1
227,38,48,102,41,11,1,-1,-1,-1
227,41,57,79,56,21,1,-1,-1,-1
227,46,0,75,36,23,1,-1,-1,-1
227,49,67,92,40,14,1,-1,-1,-1
227,50,48,150,57,19,1,-1,-1,-1
227,51,0,119,41,15,1,-1,-1,-1
227,52,11,115,44,15,1,-1,-1,-1
227,53,66,140,44,17,1,-1,-1,-1
227,54,84,129,48,19,1,-1,-1,-1
227,56,466,219,33,57,1,-1,-1,-1
227,57,394,169,27,30,1,-1,-1,-1
227,58,632,154,31,23,1,-1,-1,-1
227,59,448,121,18,21,1,-1,-1,-1
227,60,414,121,22,30,1,-1,-1,-1
227,61,478,117,20,21,1,-1,-1,-1
227,62,448,104,15,15,1,-1,-1,-1
227,63,497,100,19,17,1,-1,-1,-1
227,64,415,102,19,19,1,-1,-1,-1
227,65,684,337,61,75,1,-1,-1,-1
227,66,448,84,15,15,1,-1,-1,-1
227,67,467,77,15,17,1,-1,-1,-1
227,68,425,71,14,13,1,-1,-1,-1
227,69,471,57,13,13,1,-1,-1,-1
227,99,492,61,15,11,1,-1,-1,-1
227,100,500,50,14,15,1,-1,-1,-1
228,0,621,217,39,34,1,-1,-1,-1
228,1,581,136,26,23,1,-1,-1,-1
228,4,559,109,19,17,1,-1,-1,-1
228,5,583,99,17,17,1,-1,-1,-1
228,6,518,82,18,15,1,-1,-1,-1
228,7,545,90,19,15,1,-1,-1,-1
228,8,556,77,19,15,1,-1,-1,-1
228,9,578,75,18,13,1,-1,-1,-1
228,11,547,69,14,13,1,-1,-1,-1
228,12,539,63,14,11,1,-1,-1,-1
228,13,578,59,14,11,1,-1,-1,-1
228,14,525,61,14,13,1,-1,-1,-1
228,15,513,71,14,13,1,-1,-1,-1
228,17,513,44,16,21,1,-1,-1,-1
228,24,966,208,57,27,1,-1,-1,-1
228,25,922,177,99,40,1,-1,-1,-1
228,29,976,227,47,27,1,-1,-1,-1
228,37,0,125,32,17,1,-1,-1,-1
228,38,48,100,41,11,1,-1,-1,-1
228,41,56,79,56,21,1,-1,-1,-1
228,46,0,75,33,23,1,-1,-1,-1
228,49,66,92,40,13,1,-1,-1,-1
228,50,47,150,57,19,1,-1,-1,-1
228,51,0,119,41,15,1,-1,-1,-1
228,52,11,115,44,15,1,-1,-1,-1
228,53,67,142,44,17,1,-1,-1,-1
228,54,84,131,48,19,1,-1,-1,-1
228,56,466,223,33,56,1,-1,-1,-1
228,57,394,171,27,30,1,-1,-1,-1
228,58,632,154,29,21,1,-1,-1,-1
228,59,448,123,18,21,1,-1,-1,-1
228,60,412,122,23,30,1,-1,-1,-1
228,61,478,119,20,21,1,-1,-1,-1
228,62,448,106,15,15,1,-1,-1,-1
228,63,497,102,19,17,1,-1,-1,-1
228,64,415,102,19,19,1,-1,-1,-1
228,65,683,331,62,79,1,-1,-1,-1
228,66,446,84,15,15,1,-1,-1,-1
228,67,467,77,15,17,1,-1,-1,-1
228,68,425,73,14,13,1,-1,-1,-1
228,69,471,57,13,13,1,-1,-1,-1
228,99,490,62,18,12,1,-1,-1,-1
228,100,499,51,14,15,1,-1,-1,-1
229,0,620,216,42,37,1,-1,-1,-1
229,1,581,136,24,22,1,-1,-1,-1
229,4,559,109,19,17,1,-1,-1,-1
229,5,582,99,17,17,1,-1,-1,-1
229,6,518,82,18,15,1,-1,-1,-1
229,7,545,90,19,15,1,-1,-1,-1
229,8,556,78,18,15,1,-1,-1,-1
229,9,577,75,18,13,1,-1,-1,-1
229,11,547,69,14,13,1,-1,-1,-1
229,12,539,63,14,11,1,-1,-1,-1
229,13,578,59,14,11,1,-1,-1,-1
229,14,525,63,14,13,1,-1,-1,-1
229,15,513,71,14,13,1,-1,-1,-1
229,17,513,44,16,21,1,-1,-1,-1
229,24,966,208,57,28,1,-1,-1,-1
229,25,924,177,92,38,1,-1,-1,-1
229,29,979,227,44,25,1,-1,-1,-1
229,37,0,127,29,17,1,-1,-1,-1
229,38,47,102,44,14,1,-1,-1,-1
229,41,56,79,56,21,1,-1,-1,-1
229,46,0,75,35,23,1,-1,-1,-1
229,49,66,94,39,13,1,-1,-1,-1
229,50,44,152,63,20,1,-1,-1,-1
229,51,0,119,41,15,1,-1,-1,-1
229,52,10,115,44,15,1,-1,-1,-1
229,53,66,142,44,17,1,-1,-1,-1
229,54,83,131,48,19,1,-1,-1,-1
229,56,466,227,32,55,1,-1,-1,-1
229,57,393,169,29,34,1,-1,-1,-1
229,58,631,154,29,21,1,-1,-1,-1
229,59,448,123,18,21,1,-1,-1,-1
229,60,411,125,20,28,1,-1,-1,-1
229,61,479,119,20,21,1,-1,-1,-1
229,62,448,106,15,15,1,-1,-1,-1
229,63,497,104,19,17,1,-1,-1,-1
229,64,415,104,19,19,1,-1,-1,-1
229,65,681,333,59,70,1,-1,-1,-1
229,66,446,86,15,15,1,-1,-1,-1
229,67,467,77,15,17,1,-1,-1,-1
229,68,424,73,14,13,1,-1,-1,-1
229,69,471,57,13,13,1,-1,-1,-1
229,99,489,61,18,11,1,-1,-1,-1
229,100,498,50,14,15,1,-1,-1,-1
230,0,619,214,40,36,1,-1,-1,-1
230,1,581,136,23,21,1,-1,-1,-1
230,4,557,108,20,17,1,-1,-1,-1
230,5,582,98,17,17,1,-1,-1,-1
230,6,518,82,18,15,1,-1,-1,-1
230,7,545,88,19,15,1,-1,-1,-1
230,8,556,77,18,15,1,-1,-1,-1
230,9,577,75,18,13,1,-1,-1,-1
230,11,547,69,14,13,1,-1,-1,-1
230,12,539,61,14,11,1,-1,-1,-1
230,13,578,59,14,11,1,-1,-1,-1
230,14,523,63,14,13,1,-1,-1,-1
230,15,513,71,14,13,1,-1,-1,-1
230,17,512,44,16,21,1,-1,-1,-1
230,24,967,208,56,30,1,-1,-1,-1
230,25,927,179,92,38,1,-1,-1,-1
230,29,980,229,43,27,1,-1,-1,-1
230,37,0,127,30,17,1,-1,-1,-1
230,38,45,102,44,13,1,-1,-1,-1
230,41,54,79,56,21,1,-1,-1,-1
230,46,0,75,33,23,1,-1,-1,-1
230,49,65,92,40,13,1,-1,-1,-1
230,50,43,152,62,19,1,-1,-1,-1
230,51,0,119,41,15,1,-1,-1,-1
230,52,10,115,44,15,1,-1,-1,-1
230,53,65,142,44,17,1,-1,-1,-1
230,54,82,131,48,19,1,-1,-1,-1
230,56,464,229,36,61,1,-1,-1,-1
230,57,391,171,30,33,1,-1,-1,-1
230,58,630,152,29,21,1,-1,-1,-1
230,59,448,125,18,21,1,-1,-1,-1
230,60,412,125,21,30,1,-1,-1,-1
230,61,478,121,20,21,1,-1,-1,-1
230,62,446,108,15,15,1,-1,-1,-1
230,63,497,104,19,17,1,-1,-1,-1
230,64,414,104,19,19,1,-1,-1,-1
230,65,683,327,60,75,1,-1,-1,-1
230,66,448,86,15,15,1,-1,-1,-1
230,67,467,79,15,17,1,-1,-1,-1
230,68,424,73,14,13,1,-1,-1,-1
230,69,471,57,13,13,1,-1,-1,-1
230,99,491,63,18,11,1,-1,-1,-1
230,100,500,50,14,15,1,-1,-1,-1
231,0,617,214,40,36,1,-1,-1,-1
231,1,581,136,23,21,1,-1,-1,-1
231,4,556,108,20,17,1,-1,-1,-1
231,5,582,99,17,17,1,-1,-1,-1
231,6,518,82,18,15,1,-1,-1,-1
231,7,545,88,19,15,1,-1,-1,-1
231,8,556,77,18,15,1,-1,-1,-1
231,9,576,76,18,13,1,-1,-1,-1
231,11,547,69,14,13,1,-1,-1,-1
231,12,539,61,14,11,1,-1,-1,-1
231,13,579,59,14,11,1,-1,-1,-1
231,14,523,61,14,13,1,-1,-1,-1
231,15,513,71,14,13,1,-1,-1,-1
231,17,513,44,16,21,1,-1,-1,-1
231,24,970,208,53,28,1,-1,-1,-1
231,25,927,179,92,38,1,-1,-1,-1
231,29,981,229,42,26,1,-1,-1,-1
231,38,45,102,44,13,1,-1,-1,-1
231,41,53,81,56,21,1,-1,-1,-1
231,46,0,75,32,23,1,-1,-1,-1
231,49,65,94,40,13,1,-1,-1,-1
231,50,41,152,62,19,1,-1,-1,-1
231,51,0,119,39,15,1,-1,-1,-1
231,52,7,115,45,15,1,-1,-1,-1
231,53,62,142,44,17,1,-1,-1,-1
231,54,80,131,48,19,1,-1,-1,-1
231,56,462,231,37,65,1,-1,-1,-1
231,57,391,174,28,33,1,-1,-1,-1
231,58,629,151,29,22,1,-1,-1,-1
231,59,446,125,18,21,1,-1,-1,-1
231,60,410,126,23,32,1,-1,-1,-1
231,61,478,123,20,21,1,-1,-1,-1
231,62,446,109,15,15,1,-1,-1,-1
231,63,498,105,20,20,1,-1,-1,-1
231,64,415,106,19,19,1,-1,-1,-1
231,65,680,322,61,75,1,-1,-1,-1
231,66,448,86,15,15,1,-1,-1,-1
231,67,468,79,15,17,1,-1,-1,-1
231,68,424,75,14,13,1,-1,-1,-1
231,69,471,57,13,13,1,-1,-1,-1
231,99,491,63,18,11,1,-1,-1,-1
231,100,500,50,14,15,1,-1,-1,-1
232,0,619,214,40,36,1,-1,-1,-1
232,1,579,136,23,21,1,-1,-1,-1
232,4,557,108,20,17,1,-1,-1,-1
232,5,582,98,17,18,1,-1,-1,-1
232,6,518,82,18,15,1,-1,-1,-1
232,7,544,88,19,15,1,-1,-1,-1
232,8,556,77,18,15,1,-1,-1,-1
232,9,576,75,18,13,1,-1,-1,-1
232,11,547,69,14,13,1,-1,-1,-1
232,12,539,61,14,11,1,-1,-1,-1
232,13,579,59,14,11,1,-1,-1,-1
232,14,522,63,14,13,1,-1,-1,-1
232,15,513,71,14,13,1,-1,-1,-1
232,17,512,44,16,21,1,-1,-1,-1
232,24,971,210,52,28,1,-1,-1,-1
232,25,927,177,96,40,1,-1,-1,-1
232,29,982,231,41,27,1,-1,-1,-1
232,38,44,102,44,13,1,-1,-1,-1
232,41,53,79,56,21,1,-1,-1,-1
232,46,0,75,32,23,1,-1,-1,-1
232,49,64,94,40,13,1,-1,-1,-1
232,50,41,152,62,19,1,-1,-1,-1
232,51,0,121,37,15,1,-1,-1,-1
232,52,6,117,44,15,1,-1,-1,-1
232,53,62,142,45,17,1,-1,-1,-1
232,54,80,131,48,19,1,-1,-1,-1
232,56,462,237,39,65,1,-1,-1,-1
232,57,390,175,30,34,1,-1,-1,-1
232,58,628,151,30,21,1,-1,-1,-1
232,59,446,127,18,21,1,-1,-1,-1
232,60,410,126,24,34,1,-1,-1,-1
232,61,478,123,20,21,1,-1,-1,-1
232,62,446,109,15,15,1,-1,-1,-1
232,63,497,106,19,19,1,-1,-1,-1
232,64,412,108,19,19,1,-1,-1,-1
232,65,684,324,56,71,1,-1,-1,-1
232,66,446,88,15,15,1,-1,-1,-1
232,67,468,81,15,17,1,-1,-1,-1
232,68,424,75,14,13,1,-1,-1,-1
232,69,471,59,13,13,1,-1,-1,-1
232,99,489,63,18,11,1,-1,-1,-1
232,100,498,50,14,15,1,-1,-1,-1
233,0,619,214,37,34,1,-1,-1,-1
233,1,579,136,23,21,1,-1,-1,-1
233,4,556,108,20,17,1,-1,-1,-1
233,5,582,99,16,16,1,-1,-1,-1
233,6,518,82,18,15,1,-1,-1,-1
233,7,544,88,19,15,1,-1,-1,-1
233,8,556,77,18,15,1,-1,-1,-1
233,9,577,75,18,13,1,-1,-1,-1
233,11,547,69,14,13,1,-1,-1,-1
233,12,538,61,14,11,1,-1,-1,-1
233,13,579,59,14,11,1,-1,-1,-1
233,14,522,61,14,13,1,-1,-1,-1
233,15,513,71,14,13,1,-1,-1,-1
233,17,510,44,16,21,1,-1,-1,-1
233,24,974,212,49,27,1,-1,-1,-1
233,25,927,181,96,40,1,-1,-1,-1
233,29,984,230,39,27,1,-1,-1,-1
233,38,44,102,44,13,1,-1,-1,-1
233,41,52,81,57,21,1,-1,-1,-1
233,46,0,75,32,23,1,-1,-1,-1
233,49,61,94,40,13,1,-1,-1,-1
233,50,39,154,64,19,1,-1,-1,-1
233,51,0,121,37,15,1,-1,-1,-1
233,52,6,117,44,15,1,-1,-1,-1
233,53,61,142,44,17,1,-1,-1,-1
233,54,79,131,48,19,1,-1,-1,-1
233,56,462,241,37,62,1,-1,-1,-1
233,57,389,177,30,34,1,-1,-1,-1
233,58,627,150,29,21,1,-1,-1,-1
233,59,446,128,18,22,1,-1,-1,-1
233,60,410,127,23,34,1,-1,-1,-1
233,61,478,125,20,21,1,-1,-1,-1
233,62,445,109,19,18,1,-1,-1,-1
233,63,498,108,19,19,1,-1,-1,-1
233,64,412,109,19,19,1,-1,-1,-1
233,65,681,320,53,67,1,-1,-1,-1
233,66,446,88,15,15,1,-1,-1,-1
233,67,468,82,15,17,1,-1,-1,-1
233,68,424,75,14,13,1,-1,-1,-1
233,69,471,59,13,13,1,-1,-1,-1
233,99,491,63,18,11,1,-1,-1,-1
233,100,498,50,14,15,1,-1,-1,-1
234,0,619,214,37,34,1,-1,-1,-1
234,1,579,136,23,21,1,-1,-1,-1
234,4,556,106,20,17,1,-1,-1,-1
234,5,581,99,19,16,1,-1,-1,-1
234,6,518,82,18,15,1,-1,-1,-1
234,7,544,88,19,15,1,-1,-1,-1
234,8,555,77,18,15,1,-1,-1,-1
234,9,576,75,18,13,1,-1,-1,-1
234,11,545,69,14,13,1,-1,-1,-1
234,12,538,61,14,11,1,-1,-1,-1
234,13,580,60,15,10,1,-1,-1,-1
234,14,522,61,14,13,1,-1,-1,-1
234,15,513,71,14,13,1,-1,-1,-1
234,17,512,44,16,21,1,-1,-1,-1
234,24,974,212,49,27,1,-1,-1,-1
234,25,928,181,95,42,1,-1,-1,-1
234,29,986,232,37,28,1,-1,-1,-1
234,38,43,102,44,13,1,-1,-1,-1
234,41,52,81,56,21,1,-1,-1,-1
234,46,0,77,31,23,1,-1,-1,-1
234,49,61,94,40,13,1,-1,-1,-1
234,50,36,156,64,19,1,-1,-1,-1
234,51,0,121,35,15,1,-1,-1,-1
234,52,6,117,44,15,1,-1,-1,-1
234,53,61,144,44,17,1,-1,-1,-1
234,54,78,133,48,19,1,-1,-1,-1
234,56,462,242,39,65,1,-1,-1,-1
234,57,389,179,30,34,1,-1,-1,-1
234,58,627,149,30,21,1,-1,-1,-1
234,59,446,128,19,23,1,-1,-1,-1
234,60,410,129,23,32,1,-1,-1,-1
234,61,478,125,21,24,1,-1,-1,-1
234,62,445,109,19,17,1,-1,-1,-1
234,63,498,109,19,19,1,-1,-1,-1
234,64,412,109,20,21,1,-1,-1,-1
234,65,681,316,53,67,1,-1,-1,-1
234,66,448,88,15,15,1,-1,-1,-1
234,67,468,82,15,17,1,-1,-1,-1
234,68,424,75,14,13,1,-1,-1,-1
234,69,471,59,13,13,1,-1,-1,-1
234,99,491,63,18,11,1,-1,-1,-1
234,100,497,50,14,15,1,-1,-1,-1
235,0,619,214,41,36,1,-1,-1,-1
235,1,578,135,23,21,1,-1,-1,-1
235,4,556,108,20,17,1,-1,-1,-1
235,5,580,98,18,17,1,-1,-1,-1
235,6,518,82,18,15,1,-1,-1,-1
235,7,543,88,19,15,1,-1,-1,-1
235,8,555,77,18,15,1,-1,-1,-1
235,9,576,75,18,13,1,-1,-1,-1
235,11,545,69,14,13,1,-1,-1,-1
235,12,538,61,14,11,1,-1,-1,-1
235,13,582,58,14,11,1,-1,-1,-1
235,14,522,61,14,13,1,-1,-1,-1
235,15,514,71,14,13,1,-1,-1,-1
235,17,512,44,15,21,1,-1,-1,-1
235,24,975,214,48,27,1,-1,-1,-1
235,25,929,181,94,42,1,-1,-1,-1
235,29,985,233,38,28,1,-1,-1,-1
235,38,43,104,43,13,1,-1,-1,-1
235,41,52,81,56,21,1,-1,-1,-1
235,46,0,75,30,23,1,-1,-1,-1
235,49,61,94,40,13,1,-1,-1,-1
235,50,36,156,64,19,1,-1,-1,-1
235,51,0,121,33,15,1,-1,-1,-1
235,52,5,117,44,15,1,-1,-1,-1
235,53,60,144,44,17,1,-1,-1,-1
235,54,78,133,48,19,1,-1,-1,-1
235,56,461,250,39,63,1,-1,-1,-1
235,57,387,181,31,34,1,-1,-1,-1
235,58,625,148,30,19,1,-1,-1,-1
235,59,445,128,21,25,1,-1,-1,-1
235,60,410,129,23,32,1,-1,-1,-1
235,61,478,125,20,23,1,-1,-1,-1
235,62,445,111,19,17,1,-1,-1,-1
235,63,500,111,19,19,1,-1,-1,-1
235,64,411,109,19,21,1,-1,-1,-1
235,65,683,314,52,65,1,-1,-1,-1
235,66,446,90,15,15,1,-1,-1,-1
235,67,468,82,18,18,1,-1,-1,-1
235,68,424,77,15,15,1,-1,-1,-1
235,69,472,59,13,13,1,-1,-1,-1
235,99,491,63,18,11,1,-1,-1,-1
235,100,497,50,14,15,1,-1,-1,-1
236,0,619,214,40,35,1,-1,-1,-1
236,1,578,135,23,21,1,-1,-1,-1
236,4,556,108,20,17,1,-1,-1,-1
236,5,580,97,19,19,1,-1,-1,-1
236,6,518,82,18,15,1,-1,-1,-1
236,7,544,88,19,15,1,-1,-1,-1
236,8,553,77,18,15,1,-1,-1,-1
236,9,576,75,18,13,1,-1,-1,-1
236,11,544,67,14,13,1,-1,-1,-1
236,12,536,61,14,11,1,-1,-1,-1
236,13,583,59,14,11,1,-1,-1,-1
236,14,522,62,14,13,1,-1,-1,-1
236,15,514,71,14,13,1,-1,-1,-1
236,17,512,44,15,21,1,-1,-1,-1
236,24,975,214,48,28,1,-1,-1,-1
236,25,932,181,91,42,1,-1,-1,-1
236,38,44,104,41,13,1,-1,-1,-1
236,41,50,81,56,21,1,-1,-1,-1
236,46,0,77,32,23,1,-1,-1,-1
236,49,61,94,40,13,1,-1,-1,-1
236,50,36,156,64,19,1,-1,-1,-1
236,51,0,121,33,15,1,-1,-1,-1
236,52,3,117,44,15,1,-1,-1,-1
236,53,58,146,45,17,1,-1,-1,-1
236,54,75,133,48,19,1,-1,-1,-1
236,56,459,249,41,71,1,-1,-1,-1
236,57,386,183,30,34,1,-1,-1,-1
236,58,624,148,30,21,1,-1,-1,-1
236,59,445,130,20,25,1,-1,-1,-1
236,60,408,129,23,34,1,-1,-1,-1
236,61,478,127,20,23,1,-1,-1,-1
236,62,444,113,19,17,1,-1,-1,-1
236,63,500,113,19,19,1,-1,-1,-1
236,64,411,111,19,21,1,-1,-1,-1
236,65,683,314,49,61,1,-1,-1,-1
236,66,446,89,16,17,1,-1,-1,-1
236,67,467,82,18,17,1,-1,-1,-1
236,68,424,77,14,15,1,-1,-1,-1
236,69,472,59,13,13,1,-1,-1,-1
236,99,491,63,18,11,1,-1,-1,-1
236,100,497,50,14,15,1,-1,-1,-1
237,0,617,214,36,32,1,-1,-1,-1
237,1,578,133,23,21,1,-1,-1,-1
237,4,556,106,20,17,1,-1,-1,-1
237,5,579,97,19,19,1,-1,-1,-1
237,6,518,82,18,15,1,-1,-1,-1
237,7,543,88,19,15,1,-1,-1,-1
237,8,553,77,18,15,1,-1,-1,-1
237,9,574,75,18,13,1,-1,-1,-1
237,11,545,69,14,13,1,-1,-1,-1
237,12,536,61,14,11,1,-1,-1,-1
237,13,582,60,15,10,1,-1,-1,-1
237,14,521,62,14,13,1,-1,-1,-1
237,15,514,71,14,13,1,-1,-1,-1
237,17,512,42,15,21,1,-1,-1,-1
237,24,979,214,44,28,1,-1,-1,-1
237,25,932,183,91,42,1,-1,-1,-1
237,38,41,104,44,13,1,-1,-1,-1
237,41,49,82,56,21,1,-1,-1,-1
237,46,0,77,31,23,1,-1,-1,-1
237,49,60,94,40,13,1,-1,-1,-1
237,50,36,156,62,19,1,-1,-1,-1
237,51,0,123,32,15,1,-1,-1,-1
237,52,2,119,44,15,1,-1,-1,-1
237,53,57,144,44,17,1,-1,-1,-1
237,54,75,133,48,19,1,-1,-1,-1
237,56,459,260,40,69,1,-1,-1,-1
237,57,386,185,31,34,1,-1,-1,-1
237,58,623,147,29,20,1,-1,-1,-1
237,59,445,131,19,25,1,-1,-1,-1
237,60,407,133,23,34,1,-1,-1,-1
237,61,478,129,20,23,1,-1,-1,-1
237,62,444,113,19,17,1,-1,-1,-1
237,63,501,115,19,19,1,-1,-1,-1
237,64,411,113,19,21,1,-1,-1,-1
237,65,680,310,49,63,1,-1,-1,-1
237,66,446,91,15,15,1,-1,-1,-1
237,67,467,84,18,17,1,-1,-1,-1
237,68,424,77,14,15,1,-1,-1,-1
237,69,472,61,13,13,1,-1,-1,-1
237,99,491,63,18,11,1,-1,-1,-1
237,100,497,52,14,15,1,-1,-1,-1
238,0,617,212,37,34,1,-1,-1,-1
238,1,578,133,23,21,1,-1,-1,-1
238,4,555,106,20,17,1,-1,-1,-1
238,5,579,97,19,19,1,-1,-1,-1
238,6,518,82,18,15,1,-1,-1,-1
238,7,543,88,19,15,1,-1,-1,-1
238,8,553,75,18,15,1,-1,-1,-1
238,9,574,75,18,13,1,-1,-1,-1
238,11,544,67,14,13,1,-1,-1,-1
238,12,536,61,14,11,1,-1,-1,-1
238,13,582,60,15,11,1,-1,-1,-1
238,14,521,61,14,13,1,-1,-1,-1
238,15,513,71,14,13,1,-1,-1,-1
238,17,512,44,15,21,1,-1,-1,-1
238,24,979,216,44,27,1,-1,-1,-1
238,25,933,183,90,42,1,-1,-1,-1
238,38,40,104,44,13,1,-1,-1,-1
238,41,49,82,56,21,1,-1,-1,-1
238,46,0,77,29,23,1,-1,-1,-1
238,49,58,94,40,13,1,-1,-1,-1
238,50,36,156,62,19,1,-1,-1,-1
238,51,0,123,31,15,1,-1,-1,-1
238,52,2,119,44,15,1,-1,-1,-1
238,53,57,146,44,17,1,-1,-1,-1
238,54,74,133,48,19,1,-1,-1,-1
238,56,457,258,40,70,1,-1,-1,-1
238,57,385,187,30,34,1,-1,-1,-1
238,58,623,146,29,21,1,-1,-1,-1
238,59,444,133,19,25,1,-1,-1,-1
238,60,407,133,23,34,1,-1,-1,-1
238,61,478,131,20,23,1,-1,-1,-1
238,62,445,115,19,17,1,-1,-1,-1
238,63,501,115,19,19,1,-1,-1,-1
238,64,411,113,19,21,1,-1,-1,-1
238,65,679,304,53,67,1,-1,-1,-1
238,66,447,93,14,15,1,-1,-1,-1
238,67,467,84,18,17,1,-1,-1,-1
238,68,423,79,14,15,1,-1,-1,-1
238,69,472,61,13,13,1,-1,-1,-1
238,99,489,63,18,11,1,-1,-1,-1
238,100,498,50,14,15,1,-1,-1,-1
239,0,615,210,40,36,1,-1,-1,-1
239,1,578,133,23,21,1,-1,-1,-1
239,4,555,106,20,17,1,-1,-1,-1
239,5,579,97,19,19,1,-1,-1,-1
239,6,518,82,18,15,1,-1,-1,-1
239,7,543,88,19,15,1,-1,-1,-1
239,8,553,77,18,15,1,-1,-1,-1
239,9,574,75,18,13,1,-1,-1,-1
239,11,544,67,14,13,1,-1,-1,-1
239,12,536,61,14,11,1,-1,-1,-1
239,13,582,60,18,11,1,-1,-1,-1
239,14,521,62,14,13,1,-1,-1,-1
239,15,512,72,14,13,1,-1,-1,-1
239,17,512,44,15,21,1,-1,-1,-1
239,24,980,217,43,27,1,-1,-1,-1
239,25,935,185,88,42,1,-1,-1,-1
239,38,40,104,44,13,1,-1,-1,-1
239,41,48,82,56,21,1,-1,-1,-1
239,46,0,77,27,23,1,-1,-1,-1
239,49,58,94,40,13,1,-1,-1,-1
239,50,32,156,64,19,1,-1,-1,-1
239,51,0,123,31,15,1,-1,-1,-1
239,52,1,119,44,15,1,-1,-1,-1
239,53,54,146,47,17,1,-1,-1,-1
239,54,72,134,49,19,1,-1,-1,-1
239,56,457,268,43,73,1,-1,-1,-1
239,57,384,190,30,34,1,-1,-1,-1
239,58,622,145,28,20,1,-1,-1,-1
239,59,445,133,19,25,1,-1,-1,-1
239,60,407,136,23,34,1,-1,-1,-1
239,61,476,131,20,23,1,-1,-1,-1
239,62,444,115,19,17,1,-1,-1,-1
239,63,501,117,19,19,1,-1,-1,-1
239,64,411,115,19,21,1,-1,-1,-1
239,65,680,304,49,63,1,-1,-1,-1
239,66,446,92,14,15,1,-1,-1,-1
239,67,468,86,18,17,1,-1,-1,-1
239,68,424,79,15,17,1,-1,-1,-1
239,69,472,61,13,13,1,-1,-1,-1
239,99,489,63,18,11,1,-1,-1,-1
239,100,498,50,14,15,1,-1,-1,-1
240,0,616,210,40,36,1,-1,-1,-1
240,1,578,133,23,21,1,-1,-1,-1
240,4,555,106,20,17,1,-1,-1,-1
240,5,580,98,18,17,1,-1,-1,-1
240,6,518,83,18,15,1,-1,-1,-1
240,7,544,88,19,15,1,-1,-1,-1
240,8,555,77,18,15,1,-1,-1,-1
240,9,573,75,18,13,1,-1,-1,-1
240,11,544,67,14,13,1,-1,-1,-1
240,12,536,59,14,11,1,-1,-1,-1
240,13,582,59,17,11,1,-1,-1,-1
240,14,521,62,14,13,1,-1,-1,-1
240,15,512,73,14,13,1,-1,-1,-1
240,17,510,44,15,21,1,-1,-1,-1
240,24,980,217,43,28,1,-1,-1,-1
240,25,936,185,87,42,1,-1,-1,-1
240,38,39,104,44,13,1,-1,-1,-1
240,41,48,82,56,21,1,-1,-1,-1
240,46,0,77,29,23,1,-1,-1,-1
240,49,57,96,40,13,1,-1,-1,-1
240,50,32,158,62,19,1,-1,-1,-1
240,51,0,123,30,15,1,-1,-1,-1
240,52,0,119,44,15,1,-1,-1,-1
240,53,53,146,47,17,1,-1,-1,-1
240,54,70,133,49,19,1,-1,-1,-1
240,56,456,267,44,74,1,-1,-1,-1
240,57,382,192,30,34,1,-1,-1,-1
240,58,621,144,29,21,1,-1,-1,-1
240,59,445,135,19,25,1,-1,-1,-1
240,60,407,136,23,34,1,-1,-1,-1
240,61,476,133,20,23,1,-1,-1,-1
240,62,444,115,19,17,1,-1,-1,-1
240,63,502,119,19,19,1,-1,-1,-1
240,64,410,117,19,21,1,-1,-1,-1
240,65,679,300,50,63,1,-1,-1,-1
240,66,446,93,14,15,1,-1,-1,-1
240,67,468,86,18,17,1,-1,-1,-1
240,68,424,79,14,17,1,-1,-1,-1
240,69,474,61,13,13,1,-1,-1,-1
240,99,489,63,18,11,1,-1,-1,-1
240,100,498,50,14,15,1,-1,-1,-1
241,0,616,210,40,36,1,-1,-1,-1
241,1,578,133,23,21,1,-1,-1,-1
241,4,555,106,20,17,1,-1,-1,-1
241,5,578,97,19,19,1,-1,-1,-1
241,6,518,82,18,15,1,-1,-1,-1
241,7,543,88,19,15,1,-1,-1,-1
241,8,553,77,18,15,1,-1,-1,-1
241,9,573,75,18,13,1,-1,-1,-1
241,11,544,67,14,13,1,-1,-1,-1
241,12,535,59,14,11,1,-1,-1,-1
241,13,585,58,16,12,1,-1,-1,-1
241,14,520,61,14,13,1,-1,-1,-1
241,15,512,72,14,13,1,-1,-1,-1
241,17,510,42,15,21,1,-1,-1,-1
241,24,983,217,40,28,1,-1,-1,-1
241,25,937,185,86,40,1,-1,-1,-1
241,38,37,104,44,13,1,-1,-1,-1
241,41,47,82,56,21,1,-1,-1,-1
241,46,0,77,28,23,1,-1,-1,-1
241,49,57,96,40,13,1,-1,-1,-1
241,50,31,158,62,19,1,-1,-1,-1
241,51,0,123,28,15,1,-1,-1,-1
241,52,0,119,44,15,1,-1,-1,-1
241,53,52,146,47,17,1,-1,-1,-1
241,54,70,135,49,19,1,-1,-1,-1
241,56,453,269,45,78,1,-1,-1,-1
241,57,382,194,28,32,1,-1,-1,-1
241,58,622,143,28,21,1,-1,-1,-1
241,59,445,136,19,25,1,-1,-1,-1
241,60,407,138,23,34,1,-1,-1,-1
241,61,476,136,20,23,1,-1,-1,-1
241,62,444,117,19,17,1,-1,-1,-1
241,63,504,121,19,19,1,-1,-1,-1
241,64,408,117,19,21,1,-1,-1,-1
241,65,679,301,50,60,1,-1,-1,-1
241,66,446,93,17,18,1,-1,-1,-1
241,67,468,86,18,17,1,-1,-1,-1
241,68,424,81,14,17,1,-1,-1,-1
241,69,474,61,13,13,1,-1,-1,-1
241,99,491,63,18,11,1,-1,-1,-1
241,100,498,52,14,15,1,-1,-1,-1
242,0,616,208,39,36,1,-1,-1,-1
242,1,577,133,23,21,1,-1,-1,-1
242,4,553,106,20,17,1,-1,-1,-1
242,5,579,97,17,17,1,-1,-1,-1
242,6,518,82,18,15,1,-1,-1,-1
242,7,543,88,19,15,1,-1,-1,-1
242,8,552,75,18,15,1,-1,-1,-1
242,9,573,75,18,13,1,-1,-1,-1
242,11,544,67,14,13,1,-1,-1,-1
242,12,535,59,14,11,1,-1,-1,-1
242,13,585,57,15,11,1,-1,-1,-1
242,14,519,59,14,13,1,-1,-1,-1
242,15,511,73,15,12,1,-1,-1,-1
242,17,510,44,15,21,1,-1,-1,-1
242,24,984,217,39,28,1,-1,-1,-1
242,25,940,185,83,42,1,-1,-1,-1
242,38,37,104,44,13,1,-1,-1,-1
242,41,45,82,56,21,1,-1,-1,-1
242,49,57,96,40,13,1,-1,-1,-1
242,50,31,158,61,19,1,-1,-1,-1
242,51,0,125,28,15,1,-1,-1,-1
242,52,0,119,41,15,1,-1,-1,-1
242,53,50,146,47,17,1,-1,-1,-1
242,54,70,135,49,19,1,-1,-1,-1
242,56,452,278,44,77,1,-1,-1,-1
242,57,379,193,33,38,1,-1,-1,-1
242,58,620,142,28,22,1,-1,-1,-1
242,59,442,138,19,25,1,-1,-1,-1
242,60,404,139,26,36,1,-1,-1,-1
242,61,479,135,20,26,1,-1,-1,-1
242,62,444,119,19,17,1,-1,-1,-1
242,63,504,123,19,19,1,-1,-1,-1
242,64,407,119,19,21,1,-1,-1,-1
242,65,677,299,51,57,1,-1,-1,-1
242,66,445,94,16,17,1,-1,-1,-1
242,67,468,88,18,17,1,-1,-1,-1
242,68,424,81,14,17,1,-1,-1,-1
242,69,474,61,13,13,1,-1,-1,-1
242,99,489,63,18,11,1,-1,-1,-1
242,100,498,50,14,15,1,-1,-1,-1
243,0,616,208,37,34,1,-1,-1,-1
243,1,577,131,23,21,1,-1,-1,-1
243,4,553,104,20,17,1,-1,-1,-1
243,5,578,96,16,17,1,-1,-1,-1
243,6,518,82,18,15,1,-1,-1,-1
243,7,543,86,19,15,1,-1,-1,-1
243,8,552,75,18,15,1,-1,-1,-1
243,9,573,73,18,13,1,-1,-1,-1
243,11,544,67,14,13,1,-1,-1,-1
243,12,535,59,14,11,1,-1,-1,-1
243,13,586,57,15,11,1,-1,-1,-1
243,14,519,61,14,13,1,-1,-1,-1
243,15,511,73,16,13,1,-1,-1,-1
243,17,510,42,15,21,1,-1,-1,-1
243,24,987,219,36,28,1,-1,-1,-1
243,25,940,187,83,42,1,-1,-1,-1
243,38,36,104,44,13,1,-1,-1,-1
243,41,44,82,56,21,1,-1,-1,-1
243,49,56,96,40,13,1,-1,-1,-1
243,50,30,158,62,19,1,-1,-1,-1
243,51,0,123,28,15,1,-1,-1,-1
243,52,0,119,41,15,1,-1,-1,-1
243,53,49,148,47,17,1,-1,-1,-1
243,54,69,136,49,19,1,-1,-1,-1
243,56,451,281,43,75,1,-1,-1,-1
243,57,378,194,32,38,1,-1,-1,-1
243,58,620,141,27,21,1,-1,-1,-1
243,59,444,140,19,25,1,-1,-1,-1
243,60,404,140,23,34,1,-1,-1,-1
243,61,476,138,20,23,1,-1,-1,-1
243,62,442,119,19,17,1,-1,-1,-1
243,63,502,125,19,19,1,-1,-1,-1
243,64,407,119,19,21,1,-1,-1,-1
243,65,677,296,51,58,1,-1,-1,-1
243,66,445,96,16,17,1,-1,-1,-1
243,67,470,90,18,17,1,-1,-1,-1
243,68,423,82,14,17,1,-1,-1,-1
243,69,474,63,13,13,1,-1,-1,-1
243,99,490,64,18,11,1,-1,-1,-1
243,100,497,50,14,15,1,-1,-1,-1
244,0,616,208,37,34,1,-1,-1,-1
244,1,577,131,23,21,1,-1,-1,-1
244,4,553,104,20,17,1,-1,-1,-1
244,5,578,96,16,17,1,-1,-1,-1
244,6,518,82,18,15,1,-1,-1,-1
244,7,543,86,19,15,1,-1,-1,-1
244,8,552,75,18,15,1,-1,-1,-1
244,9,573,75,18,13,1,-1,-1,-1
244,11,544,68,15,13,1,-1,-1,-1
244,12,535,59,14,11,1,-1,-1,-1
244,13,586,57,15,11,1,-1,-1,-1
244,14,520,62,14,13,1,-1,-1,-1
244,15,511,73,17,13,1,-1,-1,-1
244,17,509,42,15,21,1,-1,-1,-1
244,24,988,221,35,28,1,-1,-1,-1
244,25,940,187,83,42,1,-1,-1,-1
244,38,36,106,44,13,1,-1,-1,-1
244,41,45,82,56,21,1,-1,-1,-1
244,49,56,96,40,13,1,-1,-1,-1
244,50,27,158,62,19,1,-1,-1,-1
244,51,0,125,27,15,1,-1,-1,-1
244,52,0,121,41,15,1,-1,-1,-1
244,53,49,148,47,17,1,-1,-1,-1
244,54,67,136,49,19,1,-1,-1,-1
244,56,449,287,46,83,1,-1,-1,-1
244,57,377,196,33,38,1,-1,-1,-1
244,58,619,140,27,21,1,-1,-1,-1
244,59,442,139,21,28,1,-1,-1,-1
244,60,403,141,26,37,1,-1,-1,-1
244,61,478,140,20,23,1,-1,-1,-1
244,62,444,119,19,17,1,-1,-1,-1
244,63,504,123,19,23,1,-1,-1,-1
244,64,407,121,19,21,1,-1,-1,-1
244,65,679,294,48,57,1,-1,-1,-1
244,66,445,96,16,17,1,-1,-1,-1
244,67,470,90,18,17,1,-1,-1,-1
244,68,424,82,14,17,1,-1,-1,-1
244,69,474,63,13,13,1,-1,-1,-1
244,99,490,64,18,11,1,-1,-1,-1
244,100,498,50,14,15,1,-1,-1,-1
245,0,615,206,39,36,1,-1,-1,-1
245,1,577,131,23,21,1,-1,-1,-1
245,4,554,105,20,17,1,-1,-1,-1
245,5,578,96,16,17,1,-1,-1,-1
245,6,518,82,18,15,1,-1,-1,-1
245,7,542,86,19,15,1,-1,-1,-1
245,8,552,75,18,15,1,-1,-1,-1
245,9,573,73,18,13,1,-1,-1,-1
245,11,544,67,14,13,1,-1,-1,-1
245,12,535,62,14,11,1,-1,-1,-1
245,13,587,57,15,11,1,-1,-1,-1
245,14,519,61,14,13,1,-1,-1,-1
245,15,510,73,16,13,1,-1,-1,-1
245,17,510,42,15,21,1,-1,-1,-1
245,24,987,221,36,28,1,-1,-1,-1
245,25,941,187,82,42,1,-1,-1,-1
245,38,35,106,44,13,1,-1,-1,-1
245,41,41,82,57,21,1,-1,-1,-1
245,49,53,96,40,13,1,-1,-1,-1
245,50,27,158,62,19,1,-1,-1,-1
245,51,0,125,26,15,1,-1,-1,-1
245,52,0,119,40,15,1,-1,-1,-1
245,53,48,148,47,17,1,-1,-1,-1
245,54,66,136,49,19,1,-1,-1,-1
245,56,446,291,47,84,1,-1,-1,-1
245,57,377,200,31,36,1,-1,-1,-1
245,58,619,140,26,21,1,-1,-1,-1
245,59,444,139,20,28,1,-1,-1,-1
245,60,403,142,24,36,1,-1,-1,-1
245,61,478,142,20,23,1,-1,-1,-1
245,62,442,121,19,20,1,-1,-1,-1
245,63,503,124,22,24,1,-1,-1,-1
245,64,407,123,19,21,1,-1,-1,-1
245,65,676,289,49,57,1,-1,-1,-1
245,66,445,96,16,17,1,-1,-1,-1
245,67,470,90,18,17,1,-1,-1,-1
245,68,423,84,14,17,1,-1,-1,-1
245,69,475,63,13,13,1,-1,-1,-1
245,99,490,65,18,11,1,-1,-1,-1
245,100,497,50,14,15,1,-1,-1,-1
246,0,613,206,40,36,1,-1,-1,-1
246,1,577,131,23,21,1,-1,-1,-1
246,4,553,104,19,17,1,-1,-1,-1
246,5,578,96,16,17,1,-1,-1,-1
246,6,518,82,18,15,1,-1,-1,-1
246,7,543,86,19,15,1,-1,-1,-1
246,8,552,75,18,15,1,-1,-1,-1
246,9,573,73,18,13,1,-1,-1,-1
246,11,543,67,14,13,1,-1,-1,-1
246,12,535,62,14,11,1,-1,-1,-1
246,13,589,59,15,11,1,-1,-1,-1
246,14,520,62,14,13,1,-1,-1,-1
246,15,511,73,16,13,1,-1,-1,-1
246,17,509,42,15,21,1,-1,-1,-1
246,24,990,219,33,30,1,-1,-1,-1
246,25,944,189,79,42,1,-1,-1,-1
246,38,30,106,44,13,1,-1,-1,-1
246,41,43,82,56,21,1,-1,-1,-1
246,49,53,96,41,15,1,-1,-1,-1
246,50,27,158,62,19,1,-1,-1,-1
246,51,0,125,24,15,1,-1,-1,-1
246,52,0,121,37,15,1,-1,-1,-1
246,53,45,148,47,17,1,-1,-1,-1
246,54,66,136,49,19,1,-1,-1,-1
246,56,446,298,48,86,1,-1,-1,-1
246,57,376,200,33,38,1,-1,-1,-1
246,58,616,138,27,21,1,-1,-1,-1
246,59,443,142,20,28,1,-1,-1,-1
246,60,402,144,26,36,1,-1,-1,-1
246,61,478,144,20,23,1,-1,-1,-1
246,62,442,121,20,20,1,-1,-1,-1
246,63,502,125,22,23,1,-1,-1,-1
246,64,406,123,19,21,1,-1,-1,-1
246,65,679,289,47,55,1,-1,-1,-1
246,66,445,96,16,17,1,-1,-1,-1
246,67,470,92,18,17,1,-1,-1,-1
246,68,423,85,14,17,1,-1,-1,-1
246,69,475,63,13,13,1,-1,-1,-1
246,99,490,64,18,11,1,-1,-1,-1
246,100,497,50,14,15,1,-1,-1,-1
247,0,613,206,39,36,1,-1,-1,-1
247,1,576,131,23,21,1,-1,-1,-1
247,4,553,104,19,17,1,-1,-1,-1
247,5,577,96,16,17,1,-1,-1,-1
247,6,518,82,18,15,1,-1,-1,-1
247,7,542,86,19,15,1,-1,-1,-1
247,8,552,75,18,15,1,-1,-1,-1
247,9,573,73,18,13,1,-1,-1,-1
247,11,543,67,14,13,1,-1,-1,-1
247,12,535,59,13,13,1,-1,-1,-1
247,13,589,59,15,11,1,-1,-1,-1
247,14,518,61,14,13,1,-1,-1,-1
247,15,510,72,16,14,1,-1,-1,-1
247,17,509,42,15,21,1,-1,-1,-1
247,25,944,189,79,42,1,-1,-1,-1
247,38,29,106,44,13,1,-1,-1,-1
247,41,40,82,56,21,1,-1,-1,-1
247,49,49,96,41,15,1,-1,-1,-1
247,50,24,160,62,19,1,-1,-1,-1
247,51,0,125,23,15,1,-1,-1,-1
247,52,0,121,37,15,1,-1,-1,-1
247,53,44,148,47,17,1,-1,-1,-1
247,54,66,136,48,19,1,-1,-1,-1
247,56,444,306,48,86,1,-1,-1,-1
247,57,373,202,33,38,1,-1,-1,-1
247,58,616,138,27,21,1,-1,-1,-1
247,59,443,142,20,28,1,-1,-1,-1
247,60,400,144,26,36,1,-1,-1,-1
247,61,476,144,20,23,1,-1,-1,-1
247,62,441,123,20,19,1,-1,-1,-1
247,63,504,127,22,23,1,-1,-1,-1
247,64,404,125,22,22,1,-1,-1,-1
247,65,679,285,48,57,1,-1,-1,-1
247,66,445,98,16,17,1,-1,-1,-1
247,67,470,94,18,17,1,-1,-1,-1
247,68,423,84,14,17,1,-1,-1,-1
247,69,475,63,13,13,1,-1,-1,-1
247,99,488,63,18,11,1,-1,-1,-1
247,100,497,50,14,15,1,-1,-1,-1
248,0,615,206,36,34,1,-1,-1,-1
248,1,574,130,23,21,1,-1,-1,-1
248,4,553,104,19,17,1,-1,-1,-1
248,5,577,96,16,17,1,-1,-1,-1
248,6,517,83,18,15,1,-1,-1,-1
248,7,540,86,19,15,1,-1,-1,-1
248,8,552,75,16,14,1,-1,-1,-1
248,9,572,73,18,13,1,-1,-1,-1
248,11,543,67,14,13,1,-1,-1,-1
248,12,535,60,13,13,1,-1,-1,-1
248,13,589,59,15,11,1,-1,-1,-1
248,14,518,61,14,13,1,-1,-1,-1
248,15,509,71,15,13,1,-1,-1,-1
248,17,509,42,15,21,1,-1,-1,-1
248,25,945,190,78,42,1,-1,-1,-1
248,38,29,106,47,13,1,-1,-1,-1
248,41,38,82,56,21,1,-1,-1,-1
248,49,50,94,43,15,1,-1,-1,-1
248,50,23,160,62,19,1,-1,-1,-1
248,51,0,125,22,15,1,-1,-1,-1
248,52,0,121,37,15,1,-1,-1,-1
248,53,44,148,47,17,1,-1,-1,-1
248,54,64,136,49,19,1,-1,-1,-1
248,56,441,310,52,92,1,-1,-1,-1
248,57,373,206,32,38,1,-1,-1,-1
248,58,615,136,27,21,1,-1,-1,-1
248,59,442,144,20,28,1,-1,-1,-1
248,60,399,146,26,36,1,-1,-1,-1
248,61,475,146,24,29,1,-1,-1,-1
248,62,442,123,19,19,1,-1,-1,-1
248,63,505,129,22,23,1,-1,-1,-1
248,64,405,124,21,24,1,-1,-1,-1
248,65,679,283,44,54,1,-1,-1,-1
248,66,444,98,16,17,1,-1,-1,-1
248,67,470,93,18,19,1,-1,-1,-1
248,68,421,86,14,17,1,-1,-1,-1
248,69,475,65,13,13,1,-1,-1,-1
248,70,454,60,14,14,1,-1,-1,-1
248,99,488,63,18,11,1,-1,-1,-1
248,100,497,50,14,15,1,-1,-1,-1
249,0,612,204,37,34,1,-1,-1,-1
249,1,573,129,23,21,1,-1,-1,-1
249,4,552,104,19,17,1,-1,-1,-1
249,5,577,94,16,17,1,-1,-1,-1
249,6,518,82,18,15,1,-1,-1,-1
249,7,540,86,19,15,1,-1,-1,-1
249,8,552,75,15,13,1,-1,-1,-1
249,9,573,73,18,13,1,-1,-1,-1
249,11,543,67,14,13,1,-1,-1,-1
249,12,535,60,13,13,1,-1,-1,-1
249,13,590,59,15,11,1,-1,-1,-1
249,14,518,61,14,13,1,-1,-1,-1
249,15,510,73,15,13,1,-1,-1,-1
249,25,945,190,78,42,1,-1,-1,-1
249,38,27,106,45,13,1,-1,-1,-1
249,41,38,82,56,21,1,-1,-1,-1
249,49,49,96,44,15,1,-1,-1,-1
249,50,22,160,61,19,1,-1,-1,-1
249,51,0,125,20,15,1,-1,-1,-1
249,52,0,121,36,15,1,-1,-1,-1
249,53,43,150,47,17,1,-1,-1,-1
249,54,64,136,49,19,1,-1,-1,-1
249,56,441,316,53,94,1,-1,-1,-1
249,57,372,208,32,38,1,-1,-1,-1
249,58,615,136,27,21,1,-1,-1,-1
249,59,440,146,20,28,1,-1,-1,-1
249,60,398,148,26,36,1,-1,-1,-1
249,61,475,148,23,28,1,-1,-1,-1
249,62,441,125,20,21,1,-1,-1,-1
249,63,504,131,22,23,1,-1,-1,-1
249,64,403,125,22,25,1,-1,-1,-1
249,65,677,281,44,52,1,-1,-1,-1
249,66,444,100,16,17,1,-1,-1,-1
249,67,470,94,19,19,1,-1,-1,-1
249,68,421,86,14,17,1,-1,-1,-1
249,69,475,65,14,13,1,-1,-1,-1
249,70,454,59,14,13,1,-1,-1,-1
249,99,488,63,18,11,1,-1,-1,-1
249,100,497,50,14,15,1,-1,-1,-1
250,0,612,204,39,36,1,-1,-1,-1
250,1,573,129,23,21,1,-1,-1,-1
250,4,552,102,19,17,1,-1,-1,-1
250,5,577,95,16,17,1,-1,-1,-1
250,6,517,82,18,15,1,-1,-1,-1
250,7,540,84,19,15,1,-1,-1,-1
250,8,552,75,15,13,1,-1,-1,-1
250,9,573,73,15,12,1,-1,-1,-1
250,11,543,65,14,13,1,-1,-1,-1
250,12,534,61,14,11,1,-1,-1,-1
250,13,590,57,15,11,1,-1,-1,-1
250,14,518,59,14,13,1,-1,-1,-1
250,15,509,73,15,13,1,-1,-1,-1
250,25,946,190,77,42,1,-1,-1,-1
250,38,27,106,47,13,1,-1,-1,-1
250,41,44,82,56,21,1,-1,-1,-1
250,49,47,96,44,17,1,-1,-1,-1
250,50,19,160,61,19,1,-1,-1,-1
250,52,0,121,33,15,1,-1,-1,-1
250,53,41,150,47,17,1,-1,-1,-1
250,54,61,138,49,19,1,-1,-1,-1
250,56,438,322,53,96,1,-1,-1,-1
250,57,369,210,32,38,1,-1,-1,-1
250,58,612,135,27,21,1,-1,-1,-1
250,59,440,148,20,28,1,-1,-1,-1
250,60,397,150,27,38,1,-1,-1,-1
250,61,475,150,23,28,1,-1,-1,-1
250,62,441,125,20,21,1,-1,-1,-1
250,63,505,133,23,25,1,-1,-1,-1
250,64,403,127,22,25,1,-1,-1,-1
250,65,677,277,44,52,1,-1,-1,-1
250,66,444,100,16,17,1,-1,-1,-1
250,67,470,94,19,21,1,-1,-1,-1
250,68,420,88,16,18,1,-1,-1,-1
250,69,475,65,14,13,1,-1,-1,-1
250,70,454,61,14,13,1,-1,-1,-1
250,99,488,63,18,11,1,-1,-1,-1
250,100,497,50,14,15,1,-1,-1,-1
251,0,612,202,37,34,1,-1,-1,-1
251,1,573,129,23,21,1,-1,-1,-1
251,4,552,102,19,17,1,-1,-1,-1
251,5,576,94,16,17,1,-1,-1,-1
251,6,518,82,18,15,1,-1,-1,-1
251,7,540,86,19,15,1,-1,-1,-1
251,8,551,75,15,13,1,-1,-1,-1
251,9,573,73,14,11,1,-1,-1,-1
251,11,542,65,14,13,1,-1,-1,-1
251,12,533,60,13,13,1,-1,-1,-1
251,13,591,57,15,11,1,-1,-1,-1
251,14,518,61,14,13,1,-1,-1,-1
251,15,509,71,15,13,1,-1,-1,-1
251,25,949,192,74,42,1,-1,-1,-1
251,38,26,106,47,13,1,-1,-1,-1
251,41,35,83,57,21,1,-1,-1,-1
251,49,47,96,44,15,1,-1,-1,-1
251,50,19,160,61,19,1,-1,-1,-1
251,52,0,123,33,15,1,-1,-1,-1
251,53,40,150,47,17,1,-1,-1,-1
251,54,61,138,49,19,1,-1,-1,-1
251,56,436,325,56,100,1,-1,-1,-1
251,57,369,210,32,38,1,-1,-1,-1
251,58,612,135,27,21,1,-1,-1,-1
251,59,438,148,20,28,1,-1,-1,-1
251,60,396,150,28,39,1,-1,-1,-1
251,61,475,150,23,28,1,-1,-1,-1
251,62,442,126,19,21,1,-1,-1,-1
251,63,505,136,23,25,1,-1,-1,-1
251,64,403,127,22,25,1,-1,-1,-1
251,65,676,275,44,52,1,-1,-1,-1
251,66,444,100,16,17,1,-1,-1,-1
251,67,470,94,19,21,1,-1,-1,-1
251,68,421,88,14,17,1,-1,-1,-1
251,69,475,65,14,13,1,-1,-1,-1
251,70,454,61,14,13,1,-1,-1,-1
251,99,488,63,18,11,1,-1,-1,-1
251,100,497,50,14,15,1,-1,-1,-1
252,0,612,204,36,34,1,-1,-1,-1
252,1,573,129,23,21,1,-1,-1,-1
252,4,552,102,19,17,1,-1,-1,-1
252,5,576,94,16,17,1,-1,-1,-1
252,6,517,82,18,15,1,-1,-1,-1
252,7,539,84,19,15,1,-1,-1,-1
252,8,551,73,15,13,1,-1,-1,-1
252,9,573,73,14,11,1,-1,-1,-1
252,11,542,67,14,13,1,-1,-1,-1
252,12,532,60,14,11,1,-1,-1,-1
252,13,591,57,15,11,1,-1,-1,-1
252,14,517,59,14,13,1,-1,-1,-1
252,15,509,71,15,13,1,-1,-1,-1
252,25,949,192,74,42,1,-1,-1,-1
252,38,26,106,47,13,1,-1,-1,-1
252,41,35,83,56,21,1,-1,-1,-1
252,49,44,96,47,17,1,-1,-1,-1
252,50,19,160,61,19,1,-1,-1,-1
252,52,0,123,33,15,1,-1,-1,-1
252,53,40,150,47,17,1,-1,-1,-1
252,54,58,138,49,19,1,-1,-1,-1
252,56,434,331,56,103,1,-1,-1,-1
252,57,368,214,32,38,1,-1,-1,-1
252,58,611,133,27,21,1,-1,-1,-1
252,59,438,150,20,28,1,-1,-1,-1
252,60,395,153,28,39,1,-1,-1,-1
252,61,474,154,23,28,1,-1,-1,-1
252,62,441,126,20,23,1,-1,-1,-1
252,63,506,138,22,23,1,-1,-1,-1
252,64,400,129,22,25,1,-1,-1,-1
252,65,676,273,43,52,1,-1,-1,-1
252,66,444,102,16,17,1,-1,-1,-1
252,67,470,96,19,21,1,-1,-1,-1
252,68,422,89,14,17,1,-1,-1,-1
252,69,475,65,14,13,1,-1,-1,-1
252,70,454,61,14,13,1,-1,-1,-1
252,99,488,61,18,11,1,-1,-1,-1
252,100,497,50,14,15,1,-1,-1,-1
253,0,611,202,36,34,1,-1,-1,-1
253,1,572,129,23,21,1,-1,-1,-1
253,4,552,102,19,17,1,-1,-1,-1
253,5,576,94,16,17,1,-1,-1,-1
253,6,517,82,18,15,1,-1,-1,-1
253,7,539,84,19,15,1,-1,-1,-1
253,8,551,73,15,13,1,-1,-1,-1
253,9,573,73,14,11,1,-1,-1,-1
253,11,542,65,14,13,1,-1,-1,-1
253,12,533,60,13,13,1,-1,-1,-1
253,13,592,57,15,11,1,-1,-1,-1
253,14,517,59,14,13,1,-1,-1,-1
253,15,509,71,15,13,1,-1,-1,-1
253,25,949,192,74,44,1,-1,-1,-1
253,38,24,106,47,13,1,-1,-1,-1
253,41,37,83,57,21,1,-1,-1,-1
253,49,44,94,47,17,1,-1,-1,-1
253,50,19,162,61,19,1,-1,-1,-1
253,52,0,121,32,15,1,-1,-1,-1
253,53,39,150,47,17,1,-1,-1,-1
253,54,58,138,49,19,1,-1,-1,-1
253,56,433,337,56,102,1,-1,-1,-1
253,57,365,216,33,40,1,-1,-1,-1
253,58,611,133,27,21,1,-1,-1,-1
253,59,438,152,20,28,1,-1,-1,-1
253,60,395,154,28,39,1,-1,-1,-1
253,61,474,154,23,28,1,-1,-1,-1
253,62,441,127,19,23,1,-1,-1,-1
253,63,506,140,22,23,1,-1,-1,-1
253,64,400,131,22,25,1,-1,-1,-1
253,65,676,270,43,52,1,-1,-1,-1
253,66,442,102,16,17,1,-1,-1,-1
253,67,470,96,19,21,1,-1,-1,-1
253,68,420,90,14,17,1,-1,-1,-1
253,69,476,67,14,13,1,-1,-1,-1
253,70,454,61,14,13,1,-1,-1,-1
253,99,488,63,18,11,1,-1,-1,-1
253,100,497,48,14,15,1,-1,-1,-1
254,0,611,200,37,34,1,-1,-1,-1
254,1,572,127,23,21,1,-1,-1,-1
254,4,551,102,19,17,1,-1,-1,-1
254,5,574,94,16,17,1,-1,-1,-1
254,6,517,82,18,15,1,-1,-1,-1
254,7,539,84,19,15,1,-1,-1,-1
254,8,551,73,15,13,1,-1,-1,-1
254,9,572,73,14,11,1,-1,-1,-1
254,11,542,65,14,13,1,-1,-1,-1
254,12,533,60,13,13,1,-1,-1,-1
254,13,592,57,15,11,1,-1,-1,-1
254,14,517,59,14,13,1,-1,-1,-1
254,15,509,71,15,13,1,-1,-1,-1
254,25,950,192,73,44,1,-1,-1,-1
254,38,23,108,47,13,1,-1,-1,-1
254,41,36,85,57,21,1,-1,-1,-1
254,49,44,96,47,17,1,-1,-1,-1
254,50,16,162,61,19,1,-1,-1,-1
254,52,0,123,31,15,1,-1,-1,-1
254,53,37,152,47,17,1,-1,-1,-1
254,54,57,138,49,19,1,-1,-1,-1
254,56,428,345,58,109,1,-1,-1,-1
254,57,365,217,33,38,1,-1,-1,-1
254,58,609,131,27,21,1,-1,-1,-1
254,59,437,152,22,28,1,-1,-1,-1
254,60,393,154,28,40,1,-1,-1,-1
254,61,474,156,23,28,1,-1,-1,-1
254,62,441,127,19,23,1,-1,-1,-1
254,63,506,142,22,23,1,-1,-1,-1
254,64,399,131,22,25,1,-1,-1,-1
254,65,676,266,43,52,1,-1,-1,-1
254,66,442,102,16,17,1,-1,-1,-1
254,67,470,98,19,21,1,-1,-1,-1
254,68,420,90,14,17,1,-1,-1,-1
254,69,475,67,14,13,1,-1,-1,-1
254,70,454,61,14,13,1,-1,-1,-1
254,99,488,63,18,11,1,-1,-1,-1
254,100,497,50,14,15,1,-1,-1,-1
255,0,611,200,36,34,1,-1,-1,-1
255,1,572,127,23,21,1,-1,-1,-1
255,4,551,102,19,17,1,-1,-1,-1
255,5,573,94,16,17,1,-1,-1,-1
255,6,516,84,18,15,1,-1,-1,-1
255,7,539,84,19,15,1,-1,-1,-1
255,8,549,73,15,13,1,-1,-1,-1
255,9,572,73,14,11,1,-1,-1,-1
255,11,542,65,14,13,1,-1,-1,-1
255,12,532,59,13,13,1,-1,-1,-1
255,13,594,57,15,11,1,-1,-1,-1
255,14,515,59,14,13,1,-1,-1,-1
255,15,509,71,15,13,1,-1,-1,-1
255,25,952,192,71,44,1,-1,-1,-1
255,38,23,106,48,13,1,-1,-1,-1
255,41,35,83,56,21,1,-1,-1,-1
255,49,41,94,47,17,1,-1,-1,-1
255,50,14,162,62,19,1,-1,-1,-1
255,52,0,123,30,15,1,-1,-1,-1
255,53,36,150,47,17,1,-1,-1,-1
255,54,56,138,49,19,1,-1,-1,-1
255,56,425,351,61,113,1,-1,-1,-1
255,57,364,219,33,38,1,-1,-1,-1
255,58,608,131,27,21,1,-1,-1,-1
255,59,437,154,20,28,1,-1,-1,-1
255,60,393,156,28,40,1,-1,-1,-1
255,61,472,158,23,28,1,-1,-1,-1
255,62,440,129,19,23,1,-1,-1,-1
255,63,506,144,22,23,1,-1,-1,-1
255,64,399,133,22,25,1,-1,-1,-1
255,65,673,264,43,49,1,-1,-1,-1
255,66,442,104,16,17,1,-1,-1,-1
255,67,470,98,19,21,1,-1,-1,-1
255,68,420,92,14,17,1,-1,-1,-1
255,69,475,67,14,13,1,-1,-1,-1
255,70,454,61,14,13,1,-1,-1,-1
255,99,488,63,18,11,1,-1,-1,-1
255,100,496,50,14,15,1,-1,-1,-1
256,0,608,198,37,34,1,-1,-1,-1
256,1,570,127,23,21,1,-1,-1,-1
256,4,549,100,19,17,1,-1,-1,-1
256,5,573,94,16,17,1,-1,-1,-1
256,6,515,84,18,15,1,-1,-1,-1
256,7,539,84,19,15,1,-1,-1,-1
256,8,549,73,15,13,1,-1,-1,-1
256,9,572,73,14,11,1,-1,-1,-1
256,11,542,65,14,13,1,-1,-1,-1
256,12,532,59,13,13,1,-1,-1,-1
256,14,517,59,14,13,1,-1,-1,-1
256,15,509,73,15,13,1,-1,-1,-1
256,25,954,194,69,40,1,-1,-1,-1
256,38,23,106,47,13,1,-1,-1,-1
256,41,37,84,52,21,1,-1,-1,-1
256,49,40,96,47,17,1,-1,-1,-1
256,50,13,162,62,19,1,-1,-1,-1
256,52,0,123,28,15,1,-1,-1,-1
256,53,35,152,47,17,1,-1,-1,-1
256,54,54,138,49,19,1,-1,-1,-1
256,56,423,366,59,115,1,-1,-1,-1
256,57,361,219,37,43,1,-1,-1,-1
256,58,608,129,27,21,1,-1,-1,-1
256,59,437,156,20,28,1,-1,-1,-1
256,60,390,158,28,40,1,-1,-1,-1
256,61,472,160,23,28,1,-1,-1,-1
256,62,440,129,19,23,1,-1,-1,-1
256,63,508,146,22,23,1,-1,-1,-1
256,64,398,133,22,25,1,-1,-1,-1
256,65,673,262,44,49,1,-1,-1,-1
256,66,441,104,16,17,1,-1,-1,-1
256,67,470,100,19,21,1,-1,-1,-1
256,68,420,92,14,17,1,-1,-1,-1
256,69,475,67,14,13,1,-1,-1,-1
256,70,454,61,14,13,1,-1,-1,-1
256,99,488,64,19,11,1,-1,-1,-1
257,0,608,198,39,36,1,-1,-1,-1
257,1,569,125,23,21,1,-1,-1,-1
257,4,549,100,19,17,1,-1,-1,-1
257,5,573,94,16,17,1,-1,-1,-1
257,6,517,84,18,15,1,-1,-1,-1
257,7,539,84,19,15,1,-1,-1,-1
257,8,549,73,15,13,1,-1,-1,-1
257,9,572,71,14,11,1,-1,-1,-1
257,11,542,65,14,13,1,-1,-1,-1
257,12,532,58,13,13,1,-1,-1,-1
257,14,515,59,14,13,1,-1,-1,-1
257,15,509,73,15,13,1,-1,-1,-1
257,25,956,194,67,42,1,-1,-1,-1
257,38,20,106,47,13,1,-1,-1,-1
257,41,37,83,49,21,1,-1,-1,-1
257,49,40,96,47,17,1,-1,-1,-1
257,50,10,163,61,19,1,-1,-1,-1
257,52,0,123,27,15,1,-1,-1,-1
257,53,33,152,47,17,1,-1,-1,-1
257,54,54,138,49,19,1,-1,-1,-1
257,56,415,369,69,125,1,-1,-1,-1
257,57,360,223,36,40,1,-1,-1,-1
257,58,608,129,27,21,1,-1,-1,-1
257,59,436,158,20,28,1,-1,-1,-1
257,60,390,158,28,40,1,-1,-1,-1
257,61,472,163,23,28,1,-1,-1,-1
257,62,438,131,19,23,1,-1,-1,-1
257,63,508,147,22,26,1,-1,-1,-1
257,64,398,136,22,25,1,-1,-1,-1
257,65,673,262,41,48,1,-1,-1,-1
257,66,441,106,16,17,1,-1,-1,-1
257,67,470,100,19,21,1,-1,-1,-1
257,68,419,94,16,17,1,-1,-1,-1
257,69,475,67,14,13,1,-1,-1,-1
257,70,454,63,14,13,1,-1,-1,-1
257,99,488,63,19,11,1,-1,-1,-1
258,0,608,198,36,34,1,-1,-1,-1
258,1,569,125,23,21,1,-1,-1,-1
258,4,549,100,19,17,1,-1,-1,-1
258,5,573,94,16,17,1,-1,-1,-1
258,6,515,84,18,15,1,-1,-1,-1
258,7,539,85,17,12,1,-1,-1,-1
258,8,549,73,15,13,1,-1,-1,-1
258,9,570,71,14,11,1,-1,-1,-1
258,11,540,65,14,13,1,-1,-1,-1
258,12,531,58,13,13,1,-1,-1,-1
258,14,515,59,14,13,1,-1,-1,-1
258,15,509,73,15,13,1,-1,-1,-1
258,25,956,194,67,44,1,-1,-1,-1
258,38,20,108,47,13,1,-1,-1,-1
258,41,37,83,52,22,1,-1,-1,-1
258,49,39,96,48,17,1,-1,-1,-1
258,50,10,163,61,19,1,-1,-1,-1
258,52,0,123,27,15,1,-1,-1,-1
258,53,31,152,47,17,1,-1,-1,-1
258,54,53,140,49,19,1,-1,-1,-1
258,56,412,378,74,132,1,-1,-1,-1
258,57,357,222,40,46,1,-1,-1,-1
258,58,606,129,27,21,1,-1,-1,-1
258,59,436,156,24,31,1,-1,-1,-1
258,60,388,161,31,41,1,-1,-1,-1
258,61,472,162,24,33,1,-1,-1,-1
258,62,438,131,19,23,1,-1,-1,-1
258,63,507,148,23,28,1,-1,-1,-1
258,64,395,136,22,25,1,-1,-1,-1
258,65,671,260,44,46,1,-1,-1,-1
258,66,441,106,16,17,1,-1,-1,-1
258,67,468,100,20,23,1,-1,-1,-1
258,68,418,93,16,19,1,-1,-1,-1
258,69,475,67,14,13,1,-1,-1,-1
258,70,454,63,14,13,1,-1,-1,-1
258,99,488,63,19,11,1,-1,-1,-1
259,0,607,196,37,34,1,-1,-1,-1
259,1,569,125,23,21,1,-1,-1,-1
259,4,548,100,19,17,1,-1,-1,-1
259,5,573,92,16,17,1,-1,-1,-1
259,6,515,84,18,15,1,-1,-1,-1
259,7,538,84,19,15,1,-1,-1,-1
259,8,548,73,15,13,1,-1,-1,-1
259,9,572,71,14,11,1,-1,-1,-1
259,11,540,65,14,13,1,-1,-1,-1
259,12,531,58,13,13,1,-1,-1,-1
259,14,515,59,14,13,1,-1,-1,-1
259,15,508,73,15,13,1,-1,-1,-1
259,25,957,196,66,42,1,-1,-1,-1
259,38,19,108,47,13,1,-1,-1,-1
259,41,30,82,59,23,1,-1,-1,-1
259,49,40,96,47,17,1,-1,-1,-1
259,50,10,163,61,19,1,-1,-1,-1
259,53,28,152,47,17,1,-1,-1,-1
259,54,52,140,49,19,1,-1,-1,-1
259,56,410,386,72,132,1,-1,-1,-1
259,57,355,224,41,46,1,-1,-1,-1
259,58,606,127,27,21,1,-1,-1,-1
259,59,435,158,24,31,1,-1,-1,-1
259,60,390,163,28,40,1,-1,-1,-1
259,61,471,165,25,31,1,-1,-1,-1
259,62,438,133,19,23,1,-1,-1,-1
259,63,508,154,23,25,1,-1,-1,-1
259,64,395,138,22,25,1,-1,-1,-1
259,65,671,255,43,46,1,-1,-1,-1
259,66,441,106,17,19,1,-1,-1,-1
259,67,468,100,22,23,1,-1,-1,-1
259,68,417,94,15,19,1,-1,-1,-1
259,69,475,69,14,13,1,-1,-1,-1
259,70,454,63,14,13,1,-1,-1,-1
259,99,487,64,19,11,1,-1,-1,-1
260,0,606,196,38,34,1,-1,-1,-1
260,1,570,126,23,21,1,-1,-1,-1
260,4,548,100,19,17,1,-1,-1,-1
260,5,573,92,16,17,1,-1,-1,-1
260,6,515,84,18,15,1,-1,-1,-1
260,7,538,84,19,15,1,-1,-1,-1
260,8,548,73,16,15,1,-1,-1,-1
260,9,570,71,14,11,1,-1,-1,-1
260,11,539,65,14,13,1,-1,-1,-1
260,12,531,58,13,13,1,-1,-1,-1
260,14,514,59,14,13,1,-1,-1,-1
260,15,509,73,15,13,1,-1,-1,-1
260,25,957,196,66,44,1,-1,-1,-1
260,38,19,108,47,13,1,-1,-1,-1
260,41,30,82,58,23,1,-1,-1,-1
260,49,37,96,47,17,1,-1,-1,-1
260,50,9,163,61,19,1,-1,-1,-1
260,53,27,152,47,17,1,-1,-1,-1
260,54,52,140,48,19,1,-1,-1,-1
260,56,407,396,74,139,1,-1,-1,-1
260,57,356,229,36,42,1,-1,-1,-1
260,58,604,127,27,21,1,-1,-1,-1
260,59,434,160,23,30,1,-1,-1,-1
260,60,386,165,32,41,1,-1,-1,-1
260,61,471,166,26,34,1,-1,-1,-1
260,62,438,135,19,23,1,-1,-1,-1
260,63,508,154,25,30,1,-1,-1,-1
260,64,394,140,22,25,1,-1,-1,-1
260,65,670,253,43,47,1,-1,-1,-1
260,66,441,106,19,20,1,-1,-1,-1
260,67,470,104,20,23,1,-1,-1,-1
260,68,417,94,15,19,1,-1,-1,-1
260,69,476,69,14,13,1,-1,-1,-1
260,70,454,65,13,13,1,-1,-1,-1
260,99,488,66,19,11,1,-1,-1,-1
261,0,607,196,37,35,1,-1,-1,-1
261,1,569,125,23,21,1,-1,-1,-1
261,4,548,100,19,17,1,-1,-1,-1
261,5,572,92,18,17,1,-1,-1,-1
261,6,515,84,18,15,1,-1,-1,-1
261,7,536,84,19,15,1,-1,-1,-1
261,8,548,71,16,15,1,-1,-1,-1
261,9,571,72,14,11,1,-1,-1,-1
261,11,539,65,14,13,1,-1,-1,-1
261,12,531,59,13,11,1,-1,-1,-1
261,14,515,60,14,13,1,-1,-1,-1
261,15,509,71,15,15,1,-1,-1,-1
261,25,961,198,62,40,1,-1,-1,-1
261,38,18,108,47,13,1,-1,-1,-1
261,41,28,82,57,23,1,-1,-1,-1
261,49,37,96,45,17,1,-1,-1,-1
261,50,7,165,61,19,1,-1,-1,-1
261,53,27,152,52,17,1,-1,-1,-1
261,54,49,140,49,19,1,-1,-1,-1
261,56,406,407,73,132,1,-1,-1,-1
261,57,355,231,36,42,1,-1,-1,-1
261,58,604,127,26,21,1,-1,-1,-1
261,59,434,160,23,30,1,-1,-1,-1
261,60,387,167,31,42,1,-1,-1,-1
261,61,471,168,26,34,1,-1,-1,-1
261,62,438,136,19,23,1,-1,-1,-1
261,63,508,155,25,32,1,-1,-1,-1
261,64,394,142,22,25,1,-1,-1,-1
261,65,671,251,41,44,1,-1,-1,-1
261,66,441,106,19,19,1,-1,-1,-1
261,67,470,104,20,23,1,-1,-1,-1
261,68,416,96,15,19,1,-1,-1,-1
261,69,478,69,14,13,1,-1,-1,-1
261,70,454,63,14,13,1,-1,-1,-1
261,99,487,65,19,11,1,-1,-1,-1
262,0,607,194,36,34,1,-1,-1,-1
262,1,569,125,23,21,1,-1,-1,-1
262,4,548,100,19,17,1,-1,-1,-1
262,5,572,92,18,17,1,-1,-1,-1
262,6,515,84,18,15,1,-1,-1,-1
262,7,536,82,19,15,1,-1,-1,-1
262,8,548,73,15,13,1,-1,-1,-1
262,9,570,71,14,11,1,-1,-1,-1
262,11,539,63,14,13,1,-1,-1,-1
262,12,531,59,13,11,1,-1,-1,-1
262,14,514,59,14,13,1,-1,-1,-1
262,15,509,71,14,15,1,-1,-1,-1
262,25,962,198,61,42,1,-1,-1,-1
262,38,18,109,47,13,1,-1,-1,-1
262,41,28,82,57,23,1,-1,-1,-1
262,49,36,98,45,17,1,-1,-1,-1
262,50,6,165,64,20,1,-1,-1,-1
262,53,27,152,52,20,1,-1,-1,-1
262,54,49,140,49,19,1,-1,-1,-1
262,56,403,417,72,122,1,-1,-1,-1
262,57,352,229,39,48,1,-1,-1,-1
262,58,603,127,26,21,1,-1,-1,-1
262,59,433,163,23,30,1,-1,-1,-1
262,60,386,169,28,40,1,-1,-1,-1
262,61,470,169,26,35,1,-1,-1,-1
262,62,438,138,19,23,1,-1,-1,-1
262,63,508,158,26,32,1,-1,-1,-1
262,64,394,142,22,25,1,-1,-1,-1
262,65,670,249,43,46,1,-1,-1,-1
262,66,441,108,19,19,1,-1,-1,-1
262,67,468,106,20,23,1,-1,-1,-1
262,68,416,96,15,19,1,-1,-1,-1
262,69,478,69,14,13,1,-1,-1,-1
262,70,454,65,14,13,1,-1,-1,-1
262,99,487,66,19,11,1,-1,-1,-1
263,0,606,194,36,34,1,-1,-1,-1
263,1,569,125,23,21,1,-1,-1,-1
263,4,548,98,19,17,1,-1,-1,-1
263,5,572,92,18,17,1,-1,-1,-1
263,6,514,84,18,15,1,-1,-1,-1
263,7,536,82,19,15,1,-1,-1,-1
263,8,548,73,15,13,1,-1,-1,-1
263,9,573,72,14,11,1,-1,-1,-1
263,11,539,65,14,13,1,-1,-1,-1
263,12,531,59,13,11,1,-1,-1,-1
263,14,515,59,14,13,1,-1,-1,-1
263,15,509,71,14,15,1,-1,-1,-1
263,25,962,198,61,44,1,-1,-1,-1
263,38,16,109,47,13,1,-1,-1,-1
263,41,27,82,58,23,1,-1,-1,-1
263,49,36,96,47,17,1,-1,-1,-1
263,50,6,165,61,19,1,-1,-1,-1
263,53,26,154,53,19,1,-1,-1,-1
263,54,48,142,49,19,1,-1,-1,-1
263,56,394,426,78,113,1,-1,-1,-1
263,57,352,237,37,44,1,-1,-1,-1
263,58,602,127,26,21,1,-1,-1,-1
263,59,433,165,23,30,1,-1,-1,-1
263,60,384,169,32,43,1,-1,-1,-1
263,61,471,174,25,33,1,-1,-1,-1
263,62,438,138,19,23,1,-1,-1,-1
263,63,509,160,24,32,1,-1,-1,-1
263,64,393,144,22,25,1,-1,-1,-1
263,65,670,248,41,43,1,-1,-1,-1
263,66,440,109,19,19,1,-1,-1,-1
263,67,470,106,20,23,1,-1,-1,-1
263,68,416,98,15,19,1,-1,-1,-1
263,69,478,71,14,13,1,-1,-1,-1
263,70,454,65,14,13,1,-1,-1,-1
263,99,487,65,19,11,1,-1,-1,-1
264,0,604,194,36,34,1,-1,-1,-1
264,1,568,125,23,21,1,-1,-1,-1
264,4,547,98,19,17,1,-1,-1,-1
264,5,572,92,18,17,1,-1,-1,-1
264,6,515,84,18,15,1,-1,-1,-1
264,7,536,82,19,15,1,-1,-1,-1
264,8,548,73,15,13,1,-1,-1,-1
264,9,571,71,14,11,1,-1,-1,-1
264,11,539,63,14,13,1,-1,-1,-1
264,12,530,57,13,11,1,-1,-1,-1
264,14,515,59,14,13,1,-1,-1,-1
264,15,509,71,14,15,1,-1,-1,-1
264,25,962,200,61,42,1,-1,-1,-1
264,38,15,109,47,13,1,-1,-1,-1
264,41,26,84,58,23,1,-1,-1,-1
264,49,36,96,47,17,1,-1,-1,-1
264,50,5,165,61,19,1,-1,-1,-1
264,53,23,154,53,17,1,-1,-1,-1
264,54,48,142,49,19,1,-1,-1,-1
264,56,390,437,78,102,1,-1,-1,-1
264,57,349,237,40,47,1,-1,-1,-1
264,58,602,125,26,21,1,-1,-1,-1
264,59,433,165,23,30,1,-1,-1,-1
264,60,382,171,32,42,1,-1,-1,-1
264,61,469,176,27,34,1,-1,-1,-1
264,62,437,140,19,23,1,-1,-1,-1
264,63,509,163,26,32,1,-1,-1,-1
264,64,391,144,22,25,1,-1,-1,-1
264,65,668,246,40,42,1,-1,-1,-1
264,66,440,111,19,19,1,-1,-1,-1
264,67,470,109,20,23,1,-1,-1,-1
264,68,415,100,15,19,1,-1,-1,-1
264,69,478,69,14,13,1,-1,-1,-1
264,70,454,65,14,13,1,-1,-1,-1
264,99,488,66,19,11,1,-1,-1,-1
265,0,604,194,36,34,1,-1,-1,-1
265,1,568,123,23,21,1,-1,-1,-1
265,4,547,98,19,17,1,-1,-1,-1
265,5,572,90,18,17,1,-1,-1,-1
265,6,515,84,18,15,1,-1,-1,-1
265,7,535,82,19,15,1,-1,-1,-1
265,8,548,71,15,13,1,-1,-1,-1
265,9,572,71,14,11,1,-1,-1,-1
265,11,539,65,14,13,1,-1,-1,-1
265,12,528,57,13,11,1,-1,-1,-1
265,14,514,59,14,13,1,-1,-1,-1
265,15,509,71,14,15,1,-1,-1,-1
265,25,963,200,60,43,1,-1,-1,-1
265,38,14,109,47,13,1,-1,-1,-1
265,41,26,82,58,23,1,-1,-1,-1
265,49,35,100,44,13,1,-1,-1,-1
265,50,3,165,61,19,1,-1,-1,-1
265,53,23,154,54,17,1,-1,-1,-1
265,54,45,142,49,19,1,-1,-1,-1
265,56,387,449,80,90,1,-1,-1,-1
265,57,346,240,41,47,1,-1,-1,-1
265,58,602,125,26,21,1,-1,-1,-1
265,59,433,167,23,30,1,-1,-1,-1
265,60,381,172,32,43,1,-1,-1,-1
265,61,468,177,27,35,1,-1,-1,-1
265,62,437,140,19,23,1,-1,-1,-1
265,63,509,167,26,32,1,-1,-1,-1
265,64,391,146,22,25,1,-1,-1,-1
265,65,668,243,40,42,1,-1,-1,-1
265,66,440,111,19,19,1,-1,-1,-1
265,67,468,109,20,23,1,-1,-1,-1
265,68,415,100,15,19,1,-1,-1,-1
265,69,478,71,14,13,1,-1,-1,-1
265,70,454,65,14,13,1,-1,-1,-1
265,99,488,65,19,11,1,-1,-1,-1
266,0,606,192,36,34,1,-1,-1,-1
266,1,566,123,23,21,1,-1,-1,-1
266,4,545,96,19,17,1,-1,-1,-1
266,5,570,90,18,17,1,-1,-1,-1
266,6,515,84,18,15,1,-1,-1,-1
266,7,536,82,19,15,1,-1,-1,-1
266,8,548,71,15,13,1,-1,-1,-1
266,9,572,69,14,11,1,-1,-1,-1
266,11,539,63,14,13,1,-1,-1,-1
266,12,530,59,13,11,1,-1,-1,-1
266,14,514,59,14,13,1,-1,-1,-1
266,15,509,71,14,15,1,-1,-1,-1
266,25,967,200,56,38,1,-1,-1,-1
266,38,14,109,47,13,1,-1,-1,-1
266,41,26,84,58,23,1,-1,-1,-1
266,49,35,100,44,13,1,-1,-1,-1
266,50,1,167,64,21,1,-1,-1,-1
266,53,22,154,54,17,1,-1,-1,-1
266,54,45,142,49,19,1,-1,-1,-1
266,55,54,135,57,17,1,-1,-1,-1
266,56,381,464,83,75,1,-1,-1,-1
266,57,345,242,43,47,1,-1,-1,-1
266,58,599,125,26,21,1,-1,-1,-1
266,59,432,169,23,30,1,-1,-1,-1
266,60,381,173,31,42,1,-1,-1,-1
266,61,469,181,27,34,1,-1,-1,-1
266,62,437,142,23,24,1,-1,-1,-1
266,63,509,169,24,32,1,-1,-1,-1
266,64,390,147,25,27,1,-1,-1,-1
266,65,667,241,40,42,1,-1,-1,-1
266,66,438,111,19,19,1,-1,-1,-1
266,67,468,111,20,23,1,-1,-1,-1
266,68,415,102,15,19,1,-1,-1,-1
266,69,479,71,14,13,1,-1,-1,-1
266,70,454,65,14,13,1,-1,-1,-1
266,99,488,66,19,11,1,-1,-1,-1
267,0,603,192,36,34,1,-1,-1,-1
267,1,567,124,23,21,1,-1,-1,-1
267,4,545,96,19,17,1,-1,-1,-1
267,5,570,90,18,17,1,-1,-1,-1
267,6,515,84,18,15,1,-1,-1,-1
267,7,535,82,19,15,1,-1,-1,-1
267,8,547,71,15,13,1,-1,-1,-1
267,9,572,71,14,11,1,-1,-1,-1
267,11,538,63,14,13,1,-1,-1,-1
267,12,528,57,13,11,1,-1,-1,-1
267,14,514,59,14,13,1,-1,-1,-1
267,15,508,71,14,15,1,-1,-1,-1
267,25,967,200,56,40,1,-1,-1,-1
267,38,14,109,47,13,1,-1,-1,-1
267,41,23,84,58,23,1,-1,-1,-1
267,49,35,100,44,13,1,-1,-1,-1
267,50,2,167,64,21,1,-1,-1,-1
267,53,22,154,52,19,1,-1,-1,-1
267,54,43,142,49,19,1,-1,-1,-1
267,55,53,135,57,17,1,-1,-1,-1
267,56,387,474,78,65,1,-1,-1,-1
267,57,342,242,43,53,1,-1,-1,-1
267,58,601,124,24,20,1,-1,-1,-1
267,59,432,171,23,30,1,-1,-1,-1
267,60,378,175,34,44,1,-1,-1,-1
267,61,466,182,30,37,1,-1,-1,-1
267,62,436,142,22,26,1,-1,-1,-1
267,63,509,173,26,33,1,-1,-1,-1
267,64,389,149,26,26,1,-1,-1,-1
267,65,668,239,40,42,1,-1,-1,-1
267,66,440,113,19,19,1,-1,-1,-1
267,67,470,113,20,23,1,-1,-1,-1
267,68,415,102,15,19,1,-1,-1,-1
267,69,479,71,14,13,1,-1,-1,-1
267,70,454,67,14,13,1,-1,-1,-1
267,99,487,66,19,11,1,-1,-1,-1
268,0,604,192,35,32,1,-1,-1,-1
268,1,566,123,23,21,1,-1,-1,-1
268,4,545,96,19,17,1,-1,-1,-1
268,5,570,90,18,17,1,-1,-1,-1
268,6,515,84,18,15,1,-1,-1,-1
268,7,535,82,19,15,1,-1,-1,-1
268,8,547,71,14,13,1,-1,-1,-1
268,9,573,71,14,11,1,-1,-1,-1
268,11,538,63,14,13,1,-1,-1,-1
268,12,528,57,13,11,1,-1,-1,-1
268,14,514,59,14,13,1,-1,-1,-1
268,15,508,71,14,15,1,-1,-1,-1
268,25,967,202,56,42,1,-1,-1,-1
268,38,13,109,47,13,1,-1,-1,-1
268,41,23,84,57,23,1,-1,-1,-1
268,49,33,100,44,13,1,-1,-1,-1
268,50,1,167,64,21,1,-1,-1,-1
268,53,20,154,52,19,1,-1,-1,-1
268,54,43,142,49,19,1,-1,-1,-1
268,55,53,136,57,17,1,-1,-1,-1
268,56,387,486,72,53,1,-1,-1,-1
268,57,339,244,43,52,1,-1,-1,-1
268,58,599,123,24,19,1,-1,-1,-1
268,59,432,173,23,30,1,-1,-1,-1
268,60,377,175,34,44,1,-1,-1,-1
268,61,466,185,30,36,1,-1,-1,-1
268,62,436,144,22,26,1,-1,-1,-1
268,63,510,174,26,37,1,-1,-1,-1
268,64,387,148,27,30,1,-1,-1,-1
268,65,668,237,37,40,1,-1,-1,-1
268,66,438,113,19,19,1,-1,-1,-1
268,67,469,113,20,23,1,-1,-1,-1
268,68,415,104,15,19,1,-1,-1,-1
268,69,479,73,14,13,1,-1,-1,-1
268,70,454,67,14,13,1,-1,-1,-1
268,99,488,67,19,11,1,-1,-1,-1
269,0,603,192,33,32,1,-1,-1,-1
269,1,565,123,23,21,1,-1,-1,-1
269,4,544,96,19,17,1,-1,-1,-1
269,5,569,90,18,17,1,-1,-1,-1
269,6,514,84,18,15,1,-1,-1,-1
269,7,535,82,19,15,1,-1,-1,-1
269,8,545,71,14,13,1,-1,-1,-1
269,9,572,70,14,13,1,-1,-1,-1
269,11,536,63,14,13,1,-1,-1,-1
269,12,528,57,13,11,1,-1,-1,-1
269,14,514,59,14,13,1,-1,-1,-1
269,15,508,71,14,15,1,-1,-1,-1
269,25,970,202,53,40,1,-1,-1,-1
269,38,11,109,47,13,1,-1,-1,-1
269,41,23,84,58,23,1,-1,-1,-1
269,49,31,100,44,13,1,-1,-1,-1
269,50,1,167,64,21,1,-1,-1,-1
269,53,20,154,52,19,1,-1,-1,-1
269,54,43,144,49,19,1,-1,-1,-1
269,55,50,136,57,17,1,-1,-1,-1
269,57,339,250,45,49,1,-1,-1,-1
269,58,600,124,24,18,1,-1,-1,-1
269,59,429,175,26,35,1,-1,-1,-1
269,60,377,179,35,44,1,-1,-1,-1
269,61,464,187,30,36,1,-1,-1,-1
269,62,434,146,22,25,1,-1,-1,-1
269,63,509,178,26,35,1,-1,-1,-1
269,64,386,148,27,30,1,-1,-1,-1
269,65,668,237,36,38,1,-1,-1,-1
269,66,437,115,19,19,1,-1,-1,-1
269,67,468,115,21,24,1,-1,-1,-1
269,68,414,104,15,19,1,-1,-1,-1
269,69,479,73,14,13,1,-1,-1,-1
269,70,454,67,14,13,1,-1,-1,-1
269,99,487,66,19,11,1,-1,-1,-1
270,0,603,192,33,32,1,-1,-1,-1
270,1,565,123,23,21,1,-1,-1,-1
270,4,544,96,19,17,1,-1,-1,-1
270,5,569,90,18,17,1,-1,-1,-1
270,6,514,84,18,15,1,-1,-1,-1
270,7,535,82,19,15,1,-1,-1,-1
270,8,545,71,14,13,1,-1,-1,-1
270,9,572,69,14,13,1,-1,-1,-1
270,11,536,63,14,13,1,-1,-1,-1
270,12,528,57,13,11,1,-1,-1,-1
270,14,514,59,14,13,1,-1,-1,-1
270,15,508,71,14,15,1,-1,-1,-1
270,25,970,202,53,42,1,-1,-1,-1
270,38,10,109,47,13,1,-1,-1,-1
270,41,20,84,57,23,1,-1,-1,-1
270,49,31,100,44,13,1,-1,-1,-1
270,50,0,167,64,21,1,-1,-1,-1
270,53,19,154,52,19,1,-1,-1,-1
270,54,40,144,49,19,1,-1,-1,-1
270,55,49,136,57,17,1,-1,-1,-1
270,57,336,250,44,54,1,-1,-1,-1
270,58,599,123,23,17,1,-1,-1,-1
270,59,429,177,23,30,1,-1,-1,-1
270,60,377,179,35,44,1,-1,-1,-1
270,61,464,190,30,36,1,-1,-1,-1
270,62,434,148,22,25,1,-1,-1,-1
270,63,509,180,29,37,1,-1,-1,-1
270,64,385,150,27,30,1,-1,-1,-1
270,65,667,233,37,40,1,-1,-1,-1
270,66,437,115,19,19,1,-1,-1,-1
270,67,467,117,20,23,1,-1,-1,-1
270,68,414,106,17,21,1,-1,-1,-1
270,69,479,73,14,13,1,-1,-1,-1
270,70,454,69,14,13,1,-1,-1,-1
270,99,487,66,19,11,1,-1,-1,-1
271,0,603,190,33,32,1,-1,-1,-1
271,1,565,123,23,21,1,-1,-1,-1
271,4,543,96,19,17,1,-1,-1,-1
271,5,569,90,18,17,1,-1,-1,-1
271,6,515,86,18,15,1,-1,-1,-1
271,7,535,82,19,15,1,-1,-1,-1
271,8,545,71,14,13,1,-1,-1,-1
271,9,573,69,14,13,1,-1,-1,-1
271,11,536,63,14,13,1,-1,-1,-1
271,12,527,57,13,11,1,-1,-1,-1
271,14,514,59,14,13,1,-1,-1,-1
271,15,508,71,14,15,1,-1,-1,-1
271,25,971,204,52,40,1,-1,-1,-1
271,38,10,109,47,13,1,-1,-1,-1
271,41,23,84,56,21,1,-1,-1,-1
271,49,30,102,44,13,1,-1,-1,-1
271,50,0,167,61,21,1,-1,-1,-1
271,53,18,156,52,19,1,-1,-1,-1
271,54,40,144,49,19,1,-1,-1,-1
271,55,48,136,57,17,1,-1,-1,-1
271,57,335,254,44,54,1,-1,-1,-1
271,58,599,123,23,17,1,-1,-1,-1
271,59,429,179,23,30,1,-1,-1,-1
271,60,374,183,35,46,1,-1,-1,-1
271,61,463,192,31,38,1,-1,-1,-1
271,62,434,148,23,28,1,-1,-1,-1
271,63,509,184,28,36,1,-1,-1,-1
271,64,386,152,27,30,1,-1,-1,-1
271,65,667,231,37,40,1,-1,-1,-1
271,66,438,117,19,19,1,-1,-1,-1
271,67,467,119,20,23,1,-1,-1,-1
271,68,412,108,17,20,1,-1,-1,-1
271,69,479,75,14,13,1,-1,-1,-1
271,70,454,69,14,13,1,-1,-1,-1
271,99,487,65,19,11,1,-1,-1,-1
272,0,600,190,33,32,1,-1,-1,-1
272,1,565,121,23,21,1,-1,-1,-1
272,4,543,96,19,17,1,-1,-1,-1
272,5,569,90,18,17,1,-1,-1,-1
272,6,514,84,18,15,1,-1,-1,-1
272,7,534,82,19,15,1,-1,-1,-1
272,8,545,71,14,13,1,-1,-1,-1
272,9,572,69,14,13,1,-1,-1,-1
272,11,536,63,14,13,1,-1,-1,-1
272,12,526,57,13,11,1,-1,-1,-1
272,14,513,59,14,13,1,-1,-1,-1
272,15,508,71,14,15,1,-1,-1,-1
272,25,974,206,49,40,1,-1,-1,-1
272,38,10,109,47,13,1,-1,-1,-1
272,41,22,84,57,23,1,-1,-1,-1
272,49,30,100,44,13,1,-1,-1,-1
272,50,0,169,61,21,1,-1,-1,-1
272,53,14,156,53,19,1,-1,-1,-1
272,54,37,144,49,19,1,-1,-1,-1
272,55,48,136,57,17,1,-1,-1,-1
272,57,333,254,45,55,1,-1,-1,-1
272,58,598,123,23,17,1,-1,-1,-1
272,59,428,181,23,30,1,-1,-1,-1
272,60,373,183,36,46,1,-1,-1,-1
272,61,462,196,31,38,1,-1,-1,-1
272,62,433,148,23,28,1,-1,-1,-1
272,63,509,187,28,37,1,-1,-1,-1
272,64,384,154,27,30,1,-1,-1,-1
272,65,666,229,37,40,1,-1,-1,-1
272,66,437,119,19,19,1,-1,-1,-1
272,67,468,120,20,23,1,-1,-1,-1
272,68,411,108,18,21,1,-1,-1,-1
272,69,479,73,14,13,1,-1,-1,-1
272,70,454,69,14,13,1,-1,-1,-1
272,99,487,65,19,11,1,-1,-1,-1
273,0,600,190,31,30,1,-1,-1,-1
273,1,565,121,23,21,1,-1,-1,-1
273,4,543,94,19,17,1,-1,-1,-1
273,5,568,90,18,17,1,-1,-1,-1
273,6,514,84,18,15,1,-1,-1,-1
273,7,534,81,19,15,1,-1,-1,-1
273,8,544,71,14,13,1,-1,-1,-1
273,9,572,69,14,13,1,-1,-1,-1
273,11,536,63,14,13,1,-1,-1,-1
273,12,527,57,13,11,1,-1,-1,-1
273,14,513,59,14,13,1,-1,-1,-1
273,15,506,71,14,15,1,-1,-1,-1
273,25,974,206,49,38,1,-1,-1,-1
273,38,7,111,47,13,1,-1,-1,-1
273,41,19,84,58,23,1,-1,-1,-1
273,49,30,102,44,13,1,-1,-1,-1
273,50,0,169,60,21,1,-1,-1,-1
273,53,15,156,52,19,1,-1,-1,-1
273,54,37,144,49,19,1,-1,-1,-1
273,55,48,138,56,17,1,-1,-1,-1
273,57,330,256,47,59,1,-1,-1,-1
273,58,596,121,23,17,1,-1,-1,-1
273,59,427,183,25,32,1,-1,-1,-1
273,60,372,187,36,46,1,-1,-1,-1
273,61,462,198,30,36,1,-1,-1,-1
273,62,433,150,23,28,1,-1,-1,-1
273,63,509,190,29,39,1,-1,-1,-1
273,64,384,156,27,30,1,-1,-1,-1
273,65,667,229,36,38,1,-1,-1,-1
273,66,437,119,19,19,1,-1,-1,-1
273,67,467,121,20,23,1,-1,-1,-1
273,68,411,109,18,20,1,-1,-1,-1
273,69,478,75,15,13,1,-1,-1,-1
273,70,456,70,14,13,1,-1,-1,-1
273,99,487,65,19,11,1,-1,-1,-1
274,0,600,189,31,30,1,-1,-1,-1
274,1,564,121,23,21,1,-1,-1,-1
274,4,543,96,19,17,1,-1,-1,-1
274,5,568,90,18,17,1,-1,-1,-1
274,6,514,84,18,15,1,-1,-1,-1
274,7,535,81,15,12,1,-1,-1,-1
274,8,544,71,14,13,1,-1,-1,-1
274,9,572,69,14,13,1,-1,-1,-1
274,11,535,63,14,13,1,-1,-1,-1
274,12,526,57,13,11,1,-1,-1,-1
274,14,513,59,14,13,1,-1,-1,-1
274,15,506,71,14,15,1,-1,-1,-1
274,25,975,206,48,40,1,-1,-1,-1
274,38,7,111,47,13,1,-1,-1,-1
274,41,19,84,58,23,1,-1,-1,-1
274,49,27,102,44,13,1,-1,-1,-1
274,50,0,169,57,21,1,-1,-1,-1
274,53,13,156,52,19,1,-1,-1,-1
274,54,36,146,49,19,1,-1,-1,-1
274,55,44,138,57,17,1,-1,-1,-1
274,57,330,260,47,57,1,-1,-1,-1
274,58,596,121,23,17,1,-1,-1,-1
274,59,428,185,23,30,1,-1,-1,-1
274,60,370,187,36,48,1,-1,-1,-1
274,61,461,202,31,38,1,-1,-1,-1
274,62,433,152,23,28,1,-1,-1,-1
274,63,509,195,29,38,1,-1,-1,-1
274,64,381,158,27,30,1,-1,-1,-1
274,65,664,225,36,38,1,-1,-1,-1
274,66,437,119,19,19,1,-1,-1,-1
274,67,467,123,20,23,1,-1,-1,-1
274,68,410,111,20,21,1,-1,-1,-1
274,69,479,75,14,13,1,-1,-1,-1
274,70,454,71,14,13,1,-1,-1,-1
274,99,485,65,19,11,1,-1,-1,-1
275,0,600,187,31,30,1,-1,-1,-1
275,1,562,121,23,21,1,-1,-1,-1
275,4,543,94,19,17,1,-1,-1,-1
275,5,566,90,18,17,1,-1,-1,-1
275,6,514,84,18,15,1,-1,-1,-1
275,7,534,81,16,13,1,-1,-1,-1
275,8,544,71,14,13,1,-1,-1,-1
275,9,572,69,14,13,1,-1,-1,-1
275,11,535,63,14,13,1,-1,-1,-1
275,12,526,57,13,11,1,-1,-1,-1
275,14,512,59,14,13,1,-1,-1,-1
275,15,506,74,15,13,1,-1,-1,-1
275,25,975,208,48,40,1,-1,-1,-1
275,38,6,111,47,13,1,-1,-1,-1
275,41,19,84,58,23,1,-1,-1,-1
275,49,27,102,44,13,1,-1,-1,-1
275,50,0,169,57,21,1,-1,-1,-1
275,53,11,158,53,19,1,-1,-1,-1
275,54,33,146,49,19,1,-1,-1,-1
275,55,44,138,57,17,1,-1,-1,-1
275,57,327,263,49,55,1,-1,-1,-1
275,58,596,121,23,17,1,-1,-1,-1
275,59,427,187,23,30,1,-1,-1,-1
275,60,369,190,36,46,1,-1,-1,-1
275,61,460,203,32,43,1,-1,-1,-1
275,62,432,154,23,28,1,-1,-1,-1
275,63,508,198,30,43,1,-1,-1,-1
275,64,381,159,27,30,1,-1,-1,-1
275,65,664,223,37,40,1,-1,-1,-1
275,66,436,121,19,19,1,-1,-1,-1
275,67,467,125,20,23,1,-1,-1,-1
275,68,409,112,19,22,1,-1,-1,-1
275,69,479,77,14,13,1,-1,-1,-1
275,70,454,71,14,13,1,-1,-1,-1
275,99,485,67,19,11,1,-1,-1,-1
276,0,599,187,32,30,1,-1,-1,-1
276,1,562,121,23,21,1,-1,-1,-1
276,4,543,94,19,17,1,-1,-1,-1
276,5,566,88,18,17,1,-1,-1,-1
276,6,514,84,18,15,1,-1,-1,-1
276,7,534,81,16,13,1,-1,-1,-1
276,8,544,71,14,13,1,-1,-1,-1
276,9,572,69,14,13,1,-1,-1,-1
276,11,535,61,14,13,1,-1,-1,-1
276,12,526,57,13,11,1,-1,-1,-1
276,14,512,59,14,13,1,-1,-1,-1
276,15,505,73,14,13,1,-1,-1,-1
276,25,978,208,45,40,1,-1,-1,-1
276,38,6,111,47,13,1,-1,-1,-1
276,41,18,86,57,23,1,-1,-1,-1
276,49,26,102,44,13,1,-1,-1,-1
276,50,0,169,56,21,1,-1,-1,-1
276,53,11,158,52,19,1,-1,-1,-1
276,54,33,146,49,19,1,-1,-1,-1
276,55,44,138,57,17,1,-1,-1,-1
276,57,326,268,44,54,1,-1,-1,-1
276,58,595,121,23,17,1,-1,-1,-1
276,59,425,187,26,34,1,-1,-1,-1
276,60,369,192,36,46,1,-1,-1,-1
276,61,459,206,31,42,1,-1,-1,-1
276,62,432,156,23,28,1,-1,-1,-1
276,63,508,202,28,42,1,-1,-1,-1
276,64,381,161,26,28,1,-1,-1,-1
276,65,663,221,39,40,1,-1,-1,-1
276,66,436,121,19,19,1,-1,-1,-1
276,67,468,125,22,26,1,-1,-1,-1
276,68,408,113,19,21,1,-1,-1,-1
276,69,480,77,14,13,1,-1,-1,-1
276,70,454,71,14,13,1,-1,-1,-1
276,99,487,67,19,11,1,-1,-1,-1
277,0,599,187,32,30,1,-1,-1,-1
277,1,562,119,23,21,1,-1,-1,-1
277,4,542,94,19,17,1,-1,-1,-1
277,5,566,90,18,17,1,-1,-1,-1
277,6,514,84,18,15,1,-1,-1,-1
277,7,532,81,17,13,1,-1,-1,-1
277,8,543,69,14,13,1,-1,-1,-1
277,9,572,69,14,13,1,-1,-1,-1
277,11,535,63,14,13,1,-1,-1,-1
277,12,525,57,13,11,1,-1,-1,-1
277,14,513,59,14,13,1,-1,-1,-1
277,15,505,73,14,13,1,-1,-1,-1
277,25,978,208,45,47,1,-1,-1,-1
277,38,5,111,47,13,1,-1,-1,-1
277,41,16,86,57,23,1,-1,-1,-1
277,49,24,102,44,13,1,-1,-1,-1
277,50,0,171,54,21,1,-1,-1,-1
277,53,10,158,53,19,1,-1,-1,-1
277,54,32,146,49,19,1,-1,-1,-1
277,55,43,138,57,17,1,-1,-1,-1
277,57,323,270,49,54,1,-1,-1,-1
277,58,595,121,23,17,1,-1,-1,-1
277,59,425,190,27,34,1,-1,-1,-1
277,60,368,192,36,48,1,-1,-1,-1
277,61,459,210,31,42,1,-1,-1,-1
277,62,431,156,23,28,1,-1,-1,-1
277,63,509,206,30,42,1,-1,-1,-1
277,64,380,162,27,30,1,-1,-1,-1
277,65,663,219,39,40,1,-1,-1,-1
277,66,434,123,19,19,1,-1,-1,-1
277,67,468,127,22,26,1,-1,-1,-1
277,68,407,115,19,21,1,-1,-1,-1
277,69,479,77,14,13,1,-1,-1,-1
277,70,456,72,14,13,1,-1,-1,-1
277,72,411,65,14,13,1,-1,-1,-1
277,73,431,65,14,13,1,-1,-1,-1
277,74,468,62,14,14,1,-1,-1,-1
277,99,486,66,19,11,1,-1,-1,-1
278,0,598,185,33,32,1,-1,-1,-1
278,1,562,119,23,21,1,-1,-1,-1
278,4,542,94,19,17,1,-1,-1,-1
278,5,565,88,18,17,1,-1,-1,-1
278,6,514,84,18,15,1,-1,-1,-1
278,7,533,80,16,13,1,-1,-1,-1
278,8,543,69,14,13,1,-1,-1,-1
278,9,572,69,14,13,1,-1,-1,-1
278,11,535,63,14,13,1,-1,-1,-1
278,12,525,57,13,11,1,-1,-1,-1
278,14,512,59,14,13,1,-1,-1,-1
278,15,505,73,14,13,1,-1,-1,-1
278,25,979,208,44,47,1,-1,-1,-1
278,38,2,111,47,13,1,-1,-1,-1
278,41,14,84,63,25,1,-1,-1,-1
278,49,23,102,44,13,1,-1,-1,-1
278,50,0,171,53,21,1,-1,-1,-1
278,53,9,158,53,19,1,-1,-1,-1
278,54,31,146,49,19,1,-1,-1,-1
278,55,40,138,57,17,1,-1,-1,-1
278,57,320,270,51,59,1,-1,-1,-1
278,58,594,119,23,17,1,-1,-1,-1
278,59,422,190,29,39,1,-1,-1,-1
278,60,364,196,37,48,1,-1,-1,-1
278,61,458,212,31,42,1,-1,-1,-1
278,62,431,158,23,28,1,-1,-1,-1
278,63,509,210,30,42,1,-1,-1,-1
278,64,378,162,27,30,1,-1,-1,-1
278,65,660,218,40,39,1,-1,-1,-1
278,66,436,125,19,19,1,-1,-1,-1
278,67,467,129,23,27,1,-1,-1,-1
278,68,407,115,19,21,1,-1,-1,-1
278,69,479,77,14,13,1,-1,-1,-1
278,70,455,73,14,13,1,-1,-1,-1
278,72,411,65,14,13,1,-1,-1,-1
278,73,431,65,14,13,1,-1,-1,-1
278,74,467,61,14,13,1,-1,-1,-1
278,99,486,67,19,11,1,-1,-1,-1
279,0,596,183,33,32,1,-1,-1,-1
279,1,561,119,23,21,1,-1,-1,-1
279,4,542,94,19,17,1,-1,-1,-1
279,5,566,90,18,17,1,-1,-1,-1
279,6,514,84,18,15,1,-1,-1,-1
279,7,532,79,15,13,1,-1,-1,-1
279,8,542,69,14,13,1,-1,-1,-1
279,9,573,69,14,13,1,-1,-1,-1
279,11,535,61,14,13,1,-1,-1,-1
279,12,525,55,13,11,1,-1,-1,-1
279,14,512,59,14,13,1,-1,-1,-1
279,15,505,73,14,13,1,-1,-1,-1
279,25,980,208,43,44,1,-1,-1,-1
279,38,2,111,47,13,1,-1,-1,-1
279,41,14,84,62,25,1,-1,-1,-1
279,49,23,102,44,13,1,-1,-1,-1
279,50,0,171,52,21,1,-1,-1,-1
279,53,7,160,52,19,1,-1,-1,-1
279,54,30,146,49,19,1,-1,-1,-1
279,55,40,140,57,17,1,-1,-1,-1
279,57,319,273,52,61,1,-1,-1,-1
279,58,592,119,23,17,1,-1,-1,-1
279,59,421,192,28,38,1,-1,-1,-1
279,60,364,196,39,50,1,-1,-1,-1
279,61,457,214,33,46,1,-1,-1,-1
279,62,431,160,23,28,1,-1,-1,-1
279,63,509,214,30,42,1,-1,-1,-1
279,64,378,165,27,30,1,-1,-1,-1
279,65,661,217,38,39,1,-1,-1,-1
279,66,434,124,21,23,1,-1,-1,-1
279,67,466,129,24,28,1,-1,-1,-1
279,68,407,117,19,21,1,-1,-1,-1
279,69,478,77,16,15,1,-1,-1,-1
279,70,457,73,14,13,1,-1,-1,-1
279,72,411,65,14,13,1,-1,-1,-1
279,73,431,65,14,13,1,-1,-1,-1
279,74,467,63,14,13,1,-1,-1,-1
279,99,487,67,19,11,1,-1,-1,-1
280,0,596,183,33,32,1,-1,-1,-1
280,1,561,119,23,21,1,-1,-1,-1
280,4,540,94,19,17,1,-1,-1,-1
280,5,565,88,18,17,1,-1,-1,-1
280,6,514,84,18,15,1,-1,-1,-1
280,7,532,79,15,13,1,-1,-1,-1
280,8,543,69,14,13,1,-1,-1,-1
280,9,573,69,14,13,1,-1,-1,-1
280,11,535,61,14,13,1,-1,-1,-1
280,12,523,55,13,11,1,-1,-1,-1
280,14,512,59,14,13,1,-1,-1,-1
280,15,505,73,14,13,1,-1,-1,-1
280,25,980,210,43,46,1,-1,-1,-1
280,38,2,111,47,13,1,-1,-1,-1
280,41,14,84,62,25,1,-1,-1,-1
280,49,22,102,44,13,1,-1,-1,-1
280,50,0,171,50,21,1,-1,-1,-1
280,53,6,158,53,19,1,-1,-1,-1
280,54,28,146,49,19,1,-1,-1,-1
280,55,39,140,57,17,1,-1,-1,-1
280,57,317,275,52,61,1,-1,-1,-1
280,58,592,119,23,17,1,-1,-1,-1
280,59,420,194,28,38,1,-1,-1,-1
280,60,363,198,39,50,1,-1,-1,-1
280,61,454,217,35,46,1,-1,-1,-1
280,62,428,163,23,28,1,-1,-1,-1
280,63,509,221,30,42,1,-1,-1,-1
280,64,377,165,27,30,1,-1,-1,-1
280,65,659,214,37,38,1,-1,-1,-1
280,66,433,125,20,23,1,-1,-1,-1
280,67,466,131,23,28,1,-1,-1,-1
280,68,406,119,19,21,1,-1,-1,-1
280,69,478,77,15,15,1,-1,-1,-1
280,70,455,73,14,13,1,-1,-1,-1
280,72,411,65,14,13,1,-1,-1,-1
280,73,431,65,14,13,1,-1,-1,-1
280,74,467,63,14,13,1,-1,-1,-1
280,99,485,67,19,11,1,-1,-1,-1
281,0,595,181,32,32,1,-1,-1,-1
281,1,561,119,23,21,1,-1,-1,-1
281,4,539,92,19,17,1,-1,-1,-1
281,5,565,88,18,17,1,-1,-1,-1
281,6,514,84,18,15,1,-1,-1,-1
281,7,532,79,15,13,1,-1,-1,-1
281,8,540,69,16,13,1,-1,-1,-1
281,9,572,67,14,13,1,-1,-1,-1
281,11,534,61,14,13,1,-1,-1,-1
281,12,523,55,13,11,1,-1,-1,-1
281,14,512,59,14,13,1,-1,-1,-1
281,15,505,75,14,13,1,-1,-1,-1
281,25,981,210,42,45,1,-1,-1,-1
281,38,1,111,47,13,1,-1,-1,-1
281,41,10,84,62,25,1,-1,-1,-1
281,49,22,102,44,13,1,-1,-1,-1
281,50,0,171,49,21,1,-1,-1,-1
281,53,5,160,52,19,1,-1,-1,-1
281,54,27,146,49,19,1,-1,-1,-1
281,55,37,140,57,17,1,-1,-1,-1
281,57,314,279,52,61,1,-1,-1,-1
281,58,591,117,23,17,1,-1,-1,-1
281,59,420,196,28,38,1,-1,-1,-1
281,60,361,200,39,50,1,-1,-1,-1
281,61,454,221,35,46,1,-1,-1,-1
281,62,428,163,26,28,1,-1,-1,-1
281,63,507,222,33,48,1,-1,-1,-1
281,64,377,165,27,30,1,-1,-1,-1
281,65,659,212,40,40,1,-1,-1,-1
281,66,433,125,20,23,1,-1,-1,-1
281,67,466,133,23,28,1,-1,-1,-1
281,68,406,119,19,21,1,-1,-1,-1
281,69,478,77,15,15,1,-1,-1,-1
281,70,456,74,14,13,1,-1,-1,-1
281,72,411,67,14,13,1,-1,-1,-1
281,73,431,65,14,13,1,-1,-1,-1
281,74,468,63,14,13,1,-1,-1,-1
281,99,485,67,19,11,1,-1,-1,-1
282,0,595,181,32,32,1,-1,-1,-1
282,1,561,117,23,21,1,-1,-1,-1
282,4,540,92,19,17,1,-1,-1,-1
282,5,565,86,18,17,1,-1,-1,-1
282,6,514,84,18,15,1,-1,-1,-1
282,7,532,79,15,13,1,-1,-1,-1
282,8,539,69,15,13,1,-1,-1,-1
282,9,573,67,14,13,1,-1,-1,-1
282,11,532,61,14,13,1,-1,-1,-1
282,12,522,55,13,11,1,-1,-1,-1
282,14,512,59,14,13,1,-1,-1,-1
282,15,505,73,14,13,1,-1,-1,-1
282,25,984,212,39,45,1,-1,-1,-1
282,38,1,111,47,13,1,-1,-1,-1
282,41,10,84,62,25,1,-1,-1,-1
282,49,20,102,44,13,1,-1,-1,-1
282,50,0,171,48,21,1,-1,-1,-1
282,53,3,160,52,19,1,-1,-1,-1
282,54,27,146,49,19,1,-1,-1,-1
282,55,37,140,57,17,1,-1,-1,-1
282,57,313,281,53,61,1,-1,-1,-1
282,58,591,117,23,17,1,-1,-1,-1
282,59,420,198,28,38,1,-1,-1,-1
282,60,360,202,39,50,1,-1,-1,-1
282,61,454,225,35,46,1,-1,-1,-1
282,62,428,165,27,27,1,-1,-1,-1
282,63,508,229,33,47,1,-1,-1,-1
282,64,375,170,27,30,1,-1,-1,-1
282,65,659,210,37,38,1,-1,-1,-1
282,66,433,127,20,23,1,-1,-1,-1
282,67,466,135,23,28,1,-1,-1,-1
282,68,404,119,21,23,1,-1,-1,-1
282,69,478,77,15,15,1,-1,-1,-1
282,70,455,74,14,13,1,-1,-1,-1
282,72,411,67,14,13,1,-1,-1,-1
282,73,431,67,14,13,1,-1,-1,-1
282,74,468,63,14,13,1,-1,-1,-1
282,99,485,67,19,11,1,-1,-1,-1
283,0,594,179,32,32,1,-1,-1,-1
283,1,560,117,23,21,1,-1,-1,-1
283,4,541,94,19,17,1,-1,-1,-1
283,5,565,88,18,17,1,-1,-1,-1
283,6,514,84,18,15,1,-1,-1,-1
283,7,531,79,15,13,1,-1,-1,-1
283,8,539,69,16,13,1,-1,-1,-1
283,9,573,68,14,12,1,-1,-1,-1
283,11,532,61,14,13,1,-1,-1,-1
283,12,522,55,13,11,1,-1,-1,-1
283,14,510,59,14,13,1,-1,-1,-1
283,15,505,73,14,13,1,-1,-1,-1
283,25,985,212,38,45,1,-1,-1,-1
283,38,0,113,45,13,1,-1,-1,-1
283,41,9,84,62,25,1,-1,-1,-1
283,49,20,102,44,13,1,-1,-1,-1
283,50,0,173,47,21,1,-1,-1,-1
283,53,2,160,52,19,1,-1,-1,-1
283,54,26,148,49,19,1,-1,-1,-1
283,55,36,140,57,17,1,-1,-1,-1
283,57,310,283,53,61,1,-1,-1,-1
283,58,590,117,23,17,1,-1,-1,-1
283,59,419,200,28,38,1,-1,-1,-1
283,60,357,202,39,55,1,-1,-1,-1
283,61,452,229,37,48,1,-1,-1,-1
283,62,428,167,24,29,1,-1,-1,-1
283,63,506,232,37,53,1,-1,-1,-1
283,64,374,170,29,32,1,-1,-1,-1
283,65,659,210,36,36,1,-1,-1,-1
283,66,433,127,20,23,1,-1,-1,-1
283,67,466,136,23,28,1,-1,-1,-1
283,68,403,120,21,23,1,-1,-1,-1
283,69,478,79,15,15,1,-1,-1,-1
283,70,456,75,14,13,1,-1,-1,-1
283,72,411,67,14,13,1,-1,-1,-1
283,73,431,67,14,13,1,-1,-1,-1
283,74,468,65,14,13,1,-1,-1,-1
283,99,484,67,19,11,1,-1,-1,-1
284,0,595,179,31,30,1,-1,-1,-1
284,1,560,117,23,21,1,-1,-1,-1
284,4,540,94,19,17,1,-1,-1,-1
284,5,564,86,18,17,1,-1,-1,-1
284,6,514,84,18,15,1,-1,-1,-1
284,7,531,77,15,13,1,-1,-1,-1
284,8,539,67,15,13,1,-1,-1,-1
284,9,573,67,14,11,1,-1,-1,-1
284,11,532,61,14,13,1,-1,-1,-1
284,12,522,55,13,11,1,-1,-1,-1
284,14,509,57,14,13,1,-1,-1,-1
284,15,504,73,14,13,1,-1,-1,-1
284,25,987,212,36,45,1,-1,-1,-1
284,38,0,111,45,13,1,-1,-1,-1
284,41,9,84,62,25,1,-1,-1,-1
284,49,18,102,44,13,1,-1,-1,-1
284,50,0,173,45,21,1,-1,-1,-1
284,53,1,160,53,19,1,-1,-1,-1
284,54,23,148,49,19,1,-1,-1,-1
284,55,35,140,57,17,1,-1,-1,-1
284,57,309,287,53,63,1,-1,-1,-1
284,58,590,115,23,17,1,-1,-1,-1
284,59,416,202,28,38,1,-1,-1,-1
284,60,356,203,39,54,1,-1,-1,-1
284,61,451,232,35,50,1,-1,-1,-1
284,62,428,169,23,28,1,-1,-1,-1
284,63,505,238,35,53,1,-1,-1,-1
284,64,373,173,30,32,1,-1,-1,-1
284,65,658,206,37,38,1,-1,-1,-1
284,66,431,129,20,23,1,-1,-1,-1
284,67,464,138,23,28,1,-1,-1,-1
284,68,403,122,20,23,1,-1,-1,-1
284,69,479,79,15,15,1,-1,-1,-1
284,70,455,75,14,13,1,-1,-1,-1
284,72,411,67,14,13,1,-1,-1,-1
284,73,431,67,14,13,1,-1,-1,-1
284,74,468,65,14,13,1,-1,-1,-1
284,99,486,68,19,11,1,-1,-1,-1
285,0,595,179,31,30,1,-1,-1,-1
285,1,561,117,21,20,1,-1,-1,-1
285,4,539,92,19,17,1,-1,-1,-1
285,5,562,86,18,17,1,-1,-1,-1
285,6,513,84,18,15,1,-1,-1,-1
285,7,531,77,15,13,1,-1,-1,-1
285,8,539,69,15,13,1,-1,-1,-1
285,9,573,69,14,11,1,-1,-1,-1
285,11,532,61,14,13,1,-1,-1,-1
285,12,522,55,13,11,1,-1,-1,-1
285,14,509,59,14,13,1,-1,-1,-1
285,15,505,73,14,13,1,-1,-1,-1
285,38,0,111,44,13,1,-1,-1,-1
285,41,7,84,62,25,1,-1,-1,-1
285,49,16,102,45,16,1,-1,-1,-1
285,50,0,173,44,21,1,-1,-1,-1
285,53,1,160,52,19,1,-1,-1,-1
285,54,23,148,49,19,1,-1,-1,-1
285,55,33,140,61,19,1,-1,-1,-1
285,57,305,289,54,65,1,-1,-1,-1
285,58,590,115,23,17,1,-1,-1,-1
285,59,416,206,28,38,1,-1,-1,-1
285,60,354,207,41,55,1,-1,-1,-1
285,61,450,234,39,54,1,-1,-1,-1
285,62,425,168,26,32,1,-1,-1,-1
285,63,505,241,38,56,1,-1,-1,-1
285,64,370,171,32,36,1,-1,-1,-1
285,65,656,206,36,38,1,-1,-1,-1
285,66,431,131,20,23,1,-1,-1,-1
285,67,464,140,23,28,1,-1,-1,-1
285,68,402,122,22,25,1,-1,-1,-1
285,69,479,79,15,15,1,-1,-1,-1
285,70,456,76,14,13,1,-1,-1,-1
285,72,411,67,14,13,1,-1,-1,-1
285,73,431,67,14,13,1,-1,-1,-1
285,74,468,65,14,13,1,-1,-1,-1
285,99,485,67,19,11,1,-1,-1,-1
286,0,591,179,32,32,1,-1,-1,-1
286,1,559,117,23,21,1,-1,-1,-1
286,4,539,92,19,17,1,-1,-1,-1
286,5,562,86,18,17,1,-1,-1,-1
286,6,512,84,18,15,1,-1,-1,-1
286,7,531,79,15,13,1,-1,-1,-1
286,8,539,67,15,13,1,-1,-1,-1
286,9,573,67,14,11,1,-1,-1,-1
286,11,531,61,14,13,1,-1,-1,-1
286,12,522,55,13,11,1,-1,-1,-1
286,14,509,57,14,13,1,-1,-1,-1
286,15,504,73,14,13,1,-1,-1,-1
286,38,0,113,44,14,1,-1,-1,-1
286,41,7,84,61,25,1,-1,-1,-1
286,49,14,102,44,15,1,-1,-1,-1
286,50,0,175,44,21,1,-1,-1,-1
286,53,1,162,50,19,1,-1,-1,-1
286,54,22,148,49,19,1,-1,-1,-1
286,55,31,140,61,19,1,-1,-1,-1
286,57,304,293,54,65,1,-1,-1,-1
286,58,587,114,23,17,1,-1,-1,-1
286,59,415,208,29,40,1,-1,-1,-1
286,60,350,205,45,60,1,-1,-1,-1
286,61,449,237,39,54,1,-1,-1,-1
286,62,425,169,26,31,1,-1,-1,-1
286,63,504,246,40,57,1,-1,-1,-1
286,64,369,171,31,36,1,-1,-1,-1
286,65,656,204,37,38,1,-1,-1,-1
286,66,432,131,20,23,1,-1,-1,-1
286,67,464,142,24,30,1,-1,-1,-1
286,68,400,123,22,25,1,-1,-1,-1
286,69,479,79,15,15,1,-1,-1,-1
286,70,454,75,16,15,1,-1,-1,-1
286,72,411,69,14,13,1,-1,-1,-1
286,73,431,67,14,13,1,-1,-1,-1
286,74,468,65,14,13,1,-1,-1,-1
286,99,485,67,19,11,1,-1,-1,-1
287,0,591,177,31,30,1,-1,-1,-1
287,1,559,117,23,21,1,-1,-1,-1
287,4,539,92,19,17,1,-1,-1,-1
287,5,562,86,18,17,1,-1,-1,-1
287,6,512,84,18,15,1,-1,-1,-1
287,7,531,77,15,13,1,-1,-1,-1
287,8,539,67,15,13,1,-1,-1,-1
287,9,573,67,14,11,1,-1,-1,-1
287,10,775,189,32,37,1,-1,-1,-1
287,11,531,61,14,13,1,-1,-1,-1
287,12,521,55,13,11,1,-1,-1,-1
287,14,509,57,14,13,1,-1,-1,-1
287,15,504,73,14,13,1,-1,-1,-1
287,38,0,113,43,13,1,-1,-1,-1
287,41,6,84,62,25,1,-1,-1,-1
287,49,14,102,44,15,1,-1,-1,-1
287,50,0,175,43,21,1,-1,-1,-1
287,53,0,162,49,19,1,-1,-1,-1
287,54,20,148,49,19,1,-1,-1,-1
287,55,31,140,61,19,1,-1,-1,-1
287,57,300,295,57,67,1,-1,-1,-1
287,58,589,114,22,17,1,-1,-1,-1
287,59,415,210,30,40,1,-1,-1,-1
287,60,348,206,44,59,1,-1,-1,-1
287,61,448,241,40,57,1,-1,-1,-1
287,62,425,170,27,32,1,-1,-1,-1
287,63,505,254,40,59,1,-1,-1,-1
287,64,369,173,31,36,1,-1,-1,-1
287,65,655,200,36,38,1,-1,-1,-1
287,66,429,133,20,23,1,-1,-1,-1
287,67,463,144,26,30,1,-1,-1,-1
287,68,400,125,22,25,1,-1,-1,-1
287,69,479,81,15,15,1,-1,-1,-1
287,70,455,76,15,15,1,-1,-1,-1
287,72,411,69,14,13,1,-1,-1,-1
287,73,431,67,14,13,1,-1,-1,-1
287,74,468,65,14,13,1,-1,-1,-1
287,99,484,67,19,11,1,-1,-1,-1
288,0,592,177,31,30,1,-1,-1,-1
288,1,559,117,23,21,1,-1,-1,-1
288,4,539,92,19,17,1,-1,-1,-1
288,5,562,86,18,17,1,-1,-1,-1
288,6,512,84,18,15,1,-1,-1,-1
288,7,530,77,15,13,1,-1,-1,-1
288,8,539,67,15,13,1,-1,-1,-1
288,9,573,67,14,11,1,-1,-1,-1
288,10,775,189,31,36,1,-1,-1,-1
288,11,531,61,14,13,1,-1,-1,-1
288,12,521,55,13,11,1,-1,-1,-1
288,14,509,57,14,13,1,-1,-1,-1
288,15,504,73,14,13,1,-1,-1,-1
288,38,0,113,43,13,1,-1,-1,-1
288,41,6,84,62,25,1,-1,-1,-1
288,49,14,102,44,15,1,-1,-1,-1
288,50,0,175,41,21,1,-1,-1,-1
288,53,0,162,48,19,1,-1,-1,-1
288,54,19,148,49,19,1,-1,-1,-1
288,55,30,140,61,19,1,-1,-1,-1
288,57,297,297,58,69,1,-1,-1,-1
288,58,588,114,22,17,1,-1,-1,-1
288,59,414,212,30,40,1,-1,-1,-1
288,60,347,208,45,61,1,-1,-1,-1
288,61,445,246,44,61,1,-1,-1,-1
288,62,424,173,27,30,1,-1,-1,-1
288,63,505,260,40,57,1,-1,-1,-1
288,64,368,175,31,36,1,-1,-1,-1
288,65,656,202,36,36,1,-1,-1,-1
288,66,429,133,20,23,1,-1,-1,-1
288,67,463,146,26,30,1,-1,-1,-1
288,68,400,125,22,25,1,-1,-1,-1
288,69,480,82,15,15,1,-1,-1,-1
288,70,454,76,15,15,1,-1,-1,-1
288,72,411,69,14,13,1,-1,-1,-1
288,73,432,69,14,13,1,-1,-1,-1
288,74,468,65,14,13,1,-1,-1,-1
288,99,485,67,19,11,1,-1,-1,-1
289,0,590,175,31,30,1,-1,-1,-1
289,1,557,115,23,21,1,-1,-1,-1
289,4,539,92,19,17,1,-1,-1,-1
289,5,562,84,18,17,1,-1,-1,-1
289,6,512,84,18,15,1,-1,-1,-1
289,7,530,77,15,13,1,-1,-1,-1
289,8,538,67,15,13,1,-1,-1,-1
289,9,573,67,14,11,1,-1,-1,-1
289,10,777,191,33,35,1,-1,-1,-1
289,11,531,59,14,13,1,-1,-1,-1
289,12,521,55,13,11,1,-1,-1,-1
289,14,509,57,14,13,1,-1,-1,-1
289,15,504,73,15,14,1,-1,-1,-1
289,38,0,113,41,13,1,-1,-1,-1
289,41,5,86,61,25,1,-1,-1,-1
289,49,13,102,44,15,1,-1,-1,-1
289,50,0,175,40,21,1,-1,-1,-1
289,53,0,162,47,19,1,-1,-1,-1
289,54,19,148,49,19,1,-1,-1,-1
289,55,30,140,61,19,1,-1,-1,-1
289,57,296,300,58,69,1,-1,-1,-1
289,58,588,114,20,15,1,-1,-1,-1
289,59,412,214,30,40,1,-1,-1,-1
289,60,346,212,44,59,1,-1,-1,-1
289,61,444,250,44,61,1,-1,-1,-1
289,62,424,175,27,31,1,-1,-1,-1
289,63,504,268,40,59,1,-1,-1,-1
289,64,367,177,32,36,1,-1,-1,-1
289,65,654,198,36,38,1,-1,-1,-1
289,66,429,135,20,23,1,-1,-1,-1
289,67,464,148,26,30,1,-1,-1,-1
289,68,399,127,22,25,1,-1,-1,-1
289,69,480,82,15,15,1,-1,-1,-1
289,70,455,77,15,15,1,-1,-1,-1
289,71,715,497,70,42,1,-1,-1,-1
289,72,410,69,14,13,1,-1,-1,-1
289,73,432,69,14,13,1,-1,-1,-1
289,74,470,65,14,13,1,-1,-1,-1
289,99,484,67,19,11,1,-1,-1,-1
290,0,590,173,32,32,1,-1,-1,-1
290,1,557,115,23,21,1,-1,-1,-1
290,4,538,90,19,17,1,-1,-1,-1
290,5,561,84,18,17,1,-1,-1,-1
290,6,512,84,18,15,1,-1,-1,-1
290,7,530,77,15,13,1,-1,-1,-1
290,8,538,67,15,13,1,-1,-1,-1
290,9,574,67,14,11,1,-1,-1,-1
290,10,777,190,31,36,1,-1,-1,-1
290,11,530,61,14,13,1,-1,-1,-1
290,14,509,59,14,13,1,-1,-1,-1
290,15,504,73,14,13,1,-1,-1,-1
290,38,0,113,41,13,1,-1,-1,-1
290,41,3,84,61,25,1,-1,-1,-1
290,49,11,102,44,15,1,-1,-1,-1
290,50,0,175,39,21,1,-1,-1,-1
290,53,0,163,47,19,1,-1,-1,-1
290,54,18,148,49,19,1,-1,-1,-1
290,55,27,140,61,19,1,-1,-1,-1
290,57,295,304,58,69,1,-1,-1,-1
290,58,587,113,20,15,1,-1,-1,-1
290,59,411,217,30,40,1,-1,-1,-1
290,60,344,214,44,59,1,-1,-1,-1
290,61,442,254,41,60,1,-1,-1,-1
290,62,422,174,28,35,1,-1,-1,-1
290,63,502,275,41,61,1,-1,-1,-1
290,64,365,179,32,36,1,-1,-1,-1
290,65,654,198,36,38,1,-1,-1,-1
290,66,429,136,20,23,1,-1,-1,-1
290,67,463,150,26,30,1,-1,-1,-1
290,68,398,129,22,25,1,-1,-1,-1
290,69,480,82,15,15,1,-1,-1,-1
290,70,454,77,15,15,1,-1,-1,-1
290,71,711,492,76,47,1,-1,-1,-1
290,72,410,69,14,13,1,-1,-1,-1
290,73,431,69,14,13,1,-1,-1,-1
290,74,470,67,14,13,1,-1,-1,-1
290,99,485,67,19,11,1,-1,-1,-1
291,0,589,173,32,32,1,-1,-1,-1
291,1,556,115,23,21,1,-1,-1,-1
291,4,539,90,20,17,1,-1,-1,-1
291,5,561,84,18,17,1,-1,-1,-1
291,6,512,84,18,15,1,-1,-1,-1
291,7,528,77,15,13,1,-1,-1,-1
291,8,538,67,15,13,1,-1,-1,-1
291,9,574,65,14,11,1,-1,-1,-1
291,10,778,192,30,34,1,-1,-1,-1
291,11,530,59,14,13,1,-1,-1,-1
291,14,509,58,14,13,1,-1,-1,-1
291,15,504,73,14,13,1,-1,-1,-1
291,38,0,113,40,13,1,-1,-1,-1
291,41,3,86,61,25,1,-1,-1,-1
291,49,10,102,44,15,1,-1,-1,-1
291,50,0,175,38,21,1,-1,-1,-1
291,53,0,163,45,19,1,-1,-1,-1
291,54,16,148,49,19,1,-1,-1,-1
291,55,27,140,61,19,1,-1,-1,-1
291,57,292,306,60,69,1,-1,-1,-1
291,58,587,113,20,14,1,-1,-1,-1
291,59,411,219,30,40,1,-1,-1,-1
291,60,343,214,45,61,1,-1,-1,-1
291,61,441,259,43,61,1,-1,-1,-1
291,62,420,175,28,36,1,-1,-1,-1
291,63,502,277,41,70,1,-1,-1,-1
291,64,364,179,33,38,1,-1,-1,-1
291,65,654,196,36,36,1,-1,-1,-1
291,66,429,137,20,23,1,-1,-1,-1
291,67,463,152,26,30,1,-1,-1,-1
291,68,398,129,22,25,1,-1,-1,-1
291,69,480,82,15,15,1,-1,-1,-1
291,70,454,77,15,15,1,-1,-1,-1
291,71,710,482,79,56,1,-1,-1,-1
291,72,410,69,14,13,1,-1,-1,-1
291,73,431,69,14,13,1,-1,-1,-1
291,74,470,67,14,13,1,-1,-1,-1
291,99,484,67,19,11,1,-1,-1,-1
292,0,589,173,31,30,1,-1,-1,-1
292,1,556,115,23,21,1,-1,-1,-1
292,4,539,90,19,17,1,-1,-1,-1
292,5,561,84,18,17,1,-1,-1,-1
292,6,512,84,18,15,1,-1,-1,-1
292,7,530,75,15,13,1,-1,-1,-1
292,8,538,65,15,13,1,-1,-1,-1
292,9,574,65,14,11,1,-1,-1,-1
292,10,778,193,32,34,1,-1,-1,-1
292,11,530,59,14,13,1,-1,-1,-1
292,14,509,58,14,13,1,-1,-1,-1
292,15,504,73,14,13,1,-1,-1,-1
292,38,0,113,39,13,1,-1,-1,-1
292,41,2,84,61,25,1,-1,-1,-1
292,49,10,102,44,15,1,-1,-1,-1
292,50,0,177,36,21,1,-1,-1,-1
292,53,0,163,44,19,1,-1,-1,-1
292,54,15,148,49,19,1,-1,-1,-1
292,55,26,140,61,19,1,-1,-1,-1
292,57,287,308,61,71,1,-1,-1,-1
292,58,586,112,20,15,1,-1,-1,-1
292,59,409,221,34,43,1,-1,-1,-1
292,60,339,219,45,61,1,-1,-1,-1
292,61,438,262,48,65,1,-1,-1,-1
292,62,421,177,27,34,1,-1,-1,-1
292,63,501,286,42,73,1,-1,-1,-1
292,64,364,181,32,36,1,-1,-1,-1
292,65,654,194,35,36,1,-1,-1,-1
292,66,428,138,20,23,1,-1,-1,-1
292,67,462,154,26,30,1,-1,-1,-1
292,68,398,131,22,25,1,-1,-1,-1
292,69,480,82,15,15,1,-1,-1,-1
292,70,454,77,15,15,1,-1,-1,-1
292,71,706,474,79,64,1,-1,-1,-1
292,72,411,71,14,13,1,-1,-1,-1
292,73,431,69,14,13,1,-1,-1,-1
292,74,470,67,14,13,1,-1,-1,-1
292,99,484,67,19,11,1,-1,-1,-1
293,0,587,171,32,32,1,-1,-1,-1
293,1,556,113,23,21,1,-1,-1,-1
293,4,539,90,19,17,1,-1,-1,-1
293,5,561,84,18,17,1,-1,-1,-1
293,6,512,84,18,15,1,-1,-1,-1
293,7,528,75,15,13,1,-1,-1,-1
293,8,535,67,15,13,1,-1,-1,-1
293,9,574,65,14,11,1,-1,-1,-1
293,10,778,190,31,36,1,-1,-1,-1
293,11,531,59,14,13,1,-1,-1,-1
293,14,509,58,14,13,1,-1,-1,-1
293,15,502,73,14,13,1,-1,-1,-1
293,38,0,113,37,13,1,-1,-1,-1
293,41,2,84,62,25,1,-1,-1,-1
293,49,9,102,44,15,1,-1,-1,-1
293,50,0,177,36,21,1,-1,-1,-1
293,53,0,163,43,19,1,-1,-1,-1
293,54,14,150,49,19,1,-1,-1,-1
293,55,24,140,61,19,1,-1,-1,-1
293,57,286,312,61,71,1,-1,-1,-1
293,58,585,111,21,16,1,-1,-1,-1
293,59,408,223,32,45,1,-1,-1,-1
293,60,339,219,47,61,1,-1,-1,-1
293,61,437,266,48,67,1,-1,-1,-1
293,62,420,179,27,34,1,-1,-1,-1
293,63,501,292,43,78,1,-1,-1,-1
293,64,361,183,33,38,1,-1,-1,-1
293,65,651,192,33,34,1,-1,-1,-1
293,66,428,140,20,23,1,-1,-1,-1
293,67,462,156,27,32,1,-1,-1,-1
293,68,395,133,22,25,1,-1,-1,-1
293,69,480,84,15,15,1,-1,-1,-1
293,70,455,77,15,15,1,-1,-1,-1
293,71,706,468,81,71,1,-1,-1,-1
293,72,411,71,14,13,1,-1,-1,-1
293,73,431,69,14,13,1,-1,-1,-1
293,74,470,67,14,13,1,-1,-1,-1
293,99,484,67,19,11,1,-1,-1,-1
294,0,587,169,31,30,1,-1,-1,-1
294,1,556,113,23,21,1,-1,-1,-1
294,4,538,90,19,17,1,-1,-1,-1
294,5,560,82,18,17,1,-1,-1,-1
294,6,512,84,18,15,1,-1,-1,-1
294,7,527,75,15,13,1,-1,-1,-1
294,8,535,65,15,13,1,-1,-1,-1
294,9,576,65,14,11,1,-1,-1,-1
294,10,781,192,31,36,1,-1,-1,-1
294,11,530,59,14,13,1,-1,-1,-1
294,14,509,57,14,13,1,-1,-1,-1
294,15,502,73,14,13,1,-1,-1,-1
294,38,0,113,37,13,1,-1,-1,-1
294,41,1,84,62,25,1,-1,-1,-1
294,49,6,102,45,15,1,-1,-1,-1
294,50,0,177,35,21,1,-1,-1,-1
294,53,0,163,41,19,1,-1,-1,-1
294,54,13,150,49,19,1,-1,-1,-1
294,55,23,142,61,19,1,-1,-1,-1
294,57,283,314,62,73,1,-1,-1,-1
294,58,585,110,21,16,1,-1,-1,-1
294,59,407,224,34,46,1,-1,-1,-1
294,60,338,219,49,65,1,-1,-1,-1
294,61,437,273,47,65,1,-1,-1,-1
294,62,421,181,27,34,1,-1,-1,-1
294,63,498,303,45,78,1,-1,-1,-1
294,64,360,183,33,38,1,-1,-1,-1
294,65,650,192,37,32,1,-1,-1,-1
294,66,428,140,22,24,1,-1,-1,-1
294,67,462,156,26,33,1,-1,-1,-1
294,68,395,133,22,25,1,-1,-1,-1
294,69,480,84,15,15,1,-1,-1,-1
294,70,455,79,15,15,1,-1,-1,-1
294,71,702,460,83,78,1,-1,-1,-1
294,72,411,71,14,13,1,-1,-1,-1
294,73,431,69,14,13,1,-1,-1,-1
294,74,471,67,14,13,1,-1,-1,-1
294,99,484,67,19,11,1,-1,-1,-1
295,0,587,169,31,30,1,-1,-1,-1
295,1,556,113,23,21,1,-1,-1,-1
295,4,538,90,19,17,1,-1,-1,-1
295,5,560,84,18,17,1,-1,-1,-1
295,6,512,84,18,15,1,-1,-1,-1
295,7,527,75,15,13,1,-1,-1,-1
295,8,536,66,15,13,1,-1,-1,-1
295,9,576,65,14,11,1,-1,-1,-1
295,10,782,194,30,34,1,-1,-1,-1
295,11,530,59,14,13,1,-1,-1,-1
295,14,508,58,14,13,1,-1,-1,-1
295,15,502,73,14,13,1,-1,-1,-1
295,38,0,113,37,13,1,-1,-1,-1
295,41,0,84,62,25,1,-1,-1,-1
295,49,6,102,44,15,1,-1,-1,-1
295,50,0,177,33,21,1,-1,-1,-1
295,53,0,163,40,19,1,-1,-1,-1
295,54,13,150,49,19,1,-1,-1,-1
295,55,23,142,61,19,1,-1,-1,-1
295,57,282,318,61,73,1,-1,-1,-1
295,58,584,110,20,15,1,-1,-1,-1
295,59,406,231,28,38,1,-1,-1,-1
295,60,334,221,52,69,1,-1,-1,-1
295,61,434,279,48,67,1,-1,-1,-1
295,62,419,183,27,34,1,-1,-1,-1
295,63,497,308,47,84,1,-1,-1,-1
295,64,360,187,32,36,1,-1,-1,-1
295,65,650,189,32,34,1,-1,-1,-1
295,66,427,140,22,25,1,-1,-1,-1
295,67,462,160,27,32,1,-1,-1,-1
295,68,394,135,22,25,1,-1,-1,-1
295,69,480,84,15,15,1,-1,-1,-1
295,70,455,79,15,15,1,-1,-1,-1
295,71,700,453,85,86,1,-1,-1,-1
295,72,411,71,14,13,1,-1,-1,-1
295,73,431,71,14,13,1,-1,-1,-1
295,74,470,67,14,13,1,-1,-1,-1
295,99,484,69,19,11,1,-1,-1,-1
296,0,588,169,32,31,1,-1,-1,-1
296,1,556,113,23,21,1,-1,-1,-1
296,4,536,90,19,17,1,-1,-1,-1
296,5,560,82,18,17,1,-1,-1,-1
296,6,512,84,18,15,1,-1,-1,-1
296,7,527,75,15,13,1,-1,-1,-1
296,8,535,65,14,13,1,-1,-1,-1
296,9,576,65,14,11,1,-1,-1,-1
296,10,781,195,35,33,1,-1,-1,-1
296,11,530,59,14,13,1,-1,-1,-1
296,14,508,55,14,13,1,-1,-1,-1
296,15,502,73,14,13,1,-1,-1,-1
296,38,0,113,37,13,1,-1,-1,-1
296,41,0,84,61,25,1,-1,-1,-1
296,49,6,102,44,15,1,-1,-1,-1
296,50,0,177,33,21,1,-1,-1,-1
296,53,0,163,40,19,1,-1,-1,-1
296,54,9,151,53,25,1,-1,-1,-1
296,55,20,142,61,19,1,-1,-1,-1
296,57,278,320,65,75,1,-1,-1,-1
296,58,583,109,21,15,1,-1,-1,-1
296,59,404,231,37,47,1,-1,-1,-1
296,60,333,223,52,69,1,-1,-1,-1
296,61,431,283,49,69,1,-1,-1,-1
296,62,420,185,27,34,1,-1,-1,-1
296,63,497,319,47,85,1,-1,-1,-1
296,64,359,187,33,38,1,-1,-1,-1
296,65,650,187,32,34,1,-1,-1,-1
296,66,427,142,23,24,1,-1,-1,-1
296,67,462,159,28,36,1,-1,-1,-1
296,68,394,136,22,25,1,-1,-1,-1
296,69,480,86,15,15,1,-1,-1,-1
296,70,455,79,15,15,1,-1,-1,-1
296,71,697,445,84,92,1,-1,-1,-1
296,72,411,71,14,13,1,-1,-1,-1
296,73,431,71,14,13,1,-1,-1,-1
296,74,470,69,14,13,1,-1,-1,-1
296,99,484,67,19,11,1,-1,-1,-1
297,0,586,167,32,32,1,-1,-1,-1
297,1,556,111,23,21,1,-1,-1,-1
297,4,538,90,19,17,1,-1,-1,-1
297,5,560,82,18,17,1,-1,-1,-1
297,6,512,84,18,15,1,-1,-1,-1
297,7,527,75,15,13,1,-1,-1,-1
297,8,536,67,14,13,1,-1,-1,-1
297,9,576,66,14,11,1,-1,-1,-1
297,10,782,197,35,32,1,-1,-1,-1
297,11,530,58,14,13,1,-1,-1,-1
297,14,509,57,14,13,1,-1,-1,-1
297,15,504,73,14,13,1,-1,-1,-1
297,38,0,113,36,13,1,-1,-1,-1
297,41,0,84,61,25,1,-1,-1,-1
297,49,6,104,44,15,1,-1,-1,-1
297,53,0,163,39,19,1,-1,-1,-1
297,54,7,150,53,25,1,-1,-1,-1
297,55,20,142,61,19,1,-1,-1,-1
297,57,275,324,65,75,1,-1,-1,-1
297,58,584,109,20,15,1,-1,-1,-1
297,59,402,233,40,52,1,-1,-1,-1
297,60,330,227,53,69,1,-1,-1,-1
297,61,431,287,47,72,1,-1,-1,-1
297,62,417,187,30,34,1,-1,-1,-1
297,63,497,326,47,93,1,-1,-1,-1
297,64,356,190,35,38,1,-1,-1,-1
297,65,649,185,32,34,1,-1,-1,-1
297,66,427,143,22,25,1,-1,-1,-1
297,67,462,165,28,34,1,-1,-1,-1
297,68,394,138,22,25,1,-1,-1,-1
297,69,480,86,15,15,1,-1,-1,-1
297,70,455,79,15,15,1,-1,-1,-1
297,71,696,442,86,97,1,-1,-1,-1
297,72,411,73,14,13,1,-1,-1,-1
297,73,432,71,14,13,1,-1,-1,-1
297,74,471,69,14,13,1,-1,-1,-1
297,99,484,67,19,11,1,-1,-1,-1
298,0,587,168,31,30,1,-1,-1,-1
298,1,555,111,23,21,1,-1,-1,-1
298,4,536,88,19,17,1,-1,-1,-1
298,5,560,82,18,17,1,-1,-1,-1
298,6,512,84,18,15,1,-1,-1,-1
298,7,526,75,14,13,1,-1,-1,-1
298,8,536,66,14,13,1,-1,-1,-1
298,9,576,65,14,11,1,-1,-1,-1
298,10,782,196,34,33,1,-1,-1,-1
298,11,530,58,14,13,1,-1,-1,-1
298,14,509,57,14,13,1,-1,-1,-1
298,15,502,73,14,13,1,-1,-1,-1
298,38,0,113,34,13,1,-1,-1,-1
298,49,3,104,44,15,1,-1,-1,-1
298,53,0,163,37,19,1,-1,-1,-1
298,54,7,152,53,25,1,-1,-1,-1
298,55,19,142,61,19,1,-1,-1,-1
298,57,272,323,68,82,1,-1,-1,-1
298,58,583,109,20,15,1,-1,-1,-1
298,59,400,235,40,52,1,-1,-1,-1
298,60,330,229,52,69,1,-1,-1,-1
298,61,429,293,48,72,1,-1,-1,-1
298,62,417,187,28,36,1,-1,-1,-1
298,63,495,339,50,94,1,-1,-1,-1
298,64,357,190,35,38,1,-1,-1,-1
298,65,647,186,35,30,1,-1,-1,-1
298,66,426,142,23,28,1,-1,-1,-1
298,67,461,165,29,37,1,-1,-1,-1
298,68,393,138,22,27,1,-1,-1,-1
298,69,480,86,17,17,1,-1,-1,-1
298,70,455,81,15,15,1,-1,-1,-1
298,71,693,436,83,101,1,-1,-1,-1
298,72,411,74,14,13,1,-1,-1,-1
298,73,432,71,14,13,1,-1,-1,-1
298,74,471,71,14,13,1,-1,-1,-1
298,99,484,67,19,11,1,-1,-1,-1
299,0,586,167,32,28,1,-1,-1,-1
299,1,555,111,23,21,1,-1,-1,-1
299,4,536,88,19,17,1,-1,-1,-1
299,5,560,84,18,17,1,-1,-1,-1
299,6,512,84,18,15,1,-1,-1,-1
299,7,526,75,14,13,1,-1,-1,-1
299,8,536,66,14,13,1,-1,-1,-1
299,9,578,65,14,11,1,-1,-1,-1
299,10,782,196,36,33,1,-1,-1,-1
299,11,529,58,14,13,1,-1,-1,-1
299,14,509,57,14,13,1,-1,-1,-1
299,15,502,73,14,13,1,-1,-1,-1
299,38,0,115,33,13,1,-1,-1,-1
299,49,5,104,44,15,1,-1,-1,-1
299,53,0,165,37,19,1,-1,-1,-1
299,54,6,152,53,25,1,-1,-1,-1
299,55,19,142,61,19,1,-1,-1,-1
299,57,270,327,66,79,1,-1,-1,-1
299,58,582,108,21,15,1,-1,-1,-1
299,59,400,239,40,52,1,-1,-1,-1
299,60,327,231,52,69,1,-1,-1,-1
299,61,428,299,48,74,1,-1,-1,-1
299,62,416,190,28,36,1,-1,-1,-1
299,63,493,348,50,101,1,-1,-1,-1
299,64,356,194,35,38,1,-1,-1,-1
299,65,646,183,36,30,1,-1,-1,-1
299,66,425,142,23,28,1,-1,-1,-1
299,67,462,168,28,36,1,-1,-1,-1
299,68,393,140,22,25,1,-1,-1,-1
299,69,480,86,15,15,1,-1,-1,-1
299,70,455,81,15,15,1,-1,-1,-1
299,71,690,430,84,106,1,-1,-1,-1
299,72,411,74,14,13,1,-1,-1,-1
299,73,432,71,14,13,1,-1,-1,-1
299,74,471,71,14,13,1,-1,-1,-1
299,99,484,67,19,11,1,-1,-1,-1
300,0,586,165,31,28,1,-1,-1,-1
300,1,555,111,23,21,1,-1,-1,-1
300,4,536,88,19,17,1,-1,-1,-1
300,5,560,84,18,17,1,-1,-1,-1
300,6,512,84,18,15,1,-1,-1,-1
300,7,526,73,14,13,1,-1,-1,-1
300,8,536,65,14,13,1,-1,-1,-1
300,9,578,65,14,11,1,-1,-1,-1
300,10,783,197,34,33,1,-1,-1,-1
300,11,528,57,14,13,1,-1,-1,-1
300,14,509,57,14,13,1,-1,-1,-1
300,15,502,73,14,13,1,-1,-1,-1
300,38,0,115,33,13,1,-1,-1,-1
300,49,3,104,44,15,1,-1,-1,-1
300,53,0,165,35,19,1,-1,-1,-1
300,54,6,152,53,25,1,-1,-1,-1
300,55,19,142,61,19,1,-1,-1,-1
300,57,267,331,67,82,1,-1,-1,-1
300,58,581,107,21,15,1,-1,-1,-1
300,59,399,241,40,52,1,-1,-1,-1
300,60,326,231,53,71,1,-1,-1,-1
300,61,423,302,52,82,1,-1,-1,-1
300,62,416,192,27,34,1,-1,-1,-1
300,63,492,358,52,106,1,-1,-1,-1
300,64,355,194,35,38,1,-1,-1,-1
300,65,646,183,36,30,1,-1,-1,-1
300,66,425,144,23,28,1,-1,-1,-1
300,67,461,169,28,36,1,-1,-1,-1
300,68,393,142,22,25,1,-1,-1,-1
300,69,480,86,16,17,1,-1,-1,-1
300,70,457,81,15,15,1,-1,-1,-1
300,71,688,426,84,102,1,-1,-1,-1
300,72,412,75,14,13,1,-1,-1,-1
300,73,432,71,14,13,1,-1,-1,-1
300,74,471,71,14,13,1,-1,-1,-1
300,99,485,68,19,11,1,-1,-1,-1
301,0,586,165,31,28,1,-1,-1,-1
301,1,555,109,23,21,1,-1,-1,-1
301,4,536,88,19,17,1,-1,-1,-1
301,5,560,82,18,17,1,-1,-1,-1
301,6,513,84,18,15,1,-1,-1,-1
301,7,526,73,14,13,1,-1,-1,-1
301,8,536,66,14,11,1,-1,-1,-1
301,9,578,65,16,11,1,-1,-1,-1
301,10,783,195,36,35,1,-1,-1,-1
301,11,529,58,14,13,1,-1,-1,-1
301,14,509,56,14,14,1,-1,-1,-1
301,15,502,73,14,13,1,-1,-1,-1
301,38,0,115,32,13,1,-1,-1,-1
301,49,2,104,44,15,1,-1,-1,-1
301,53,0,165,35,19,1,-1,-1,-1
301,54,3,152,53,25,1,-1,-1,-1
301,55,18,142,61,19,1,-1,-1,-1
301,57,262,333,70,84,1,-1,-1,-1
301,58,581,107,21,15,1,-1,-1,-1
301,59,398,246,40,52,1,-1,-1,-1
301,60,326,235,53,69,1,-1,-1,-1
301,61,421,312,51,79,1,-1,-1,-1
301,62,415,194,27,34,1,-1,-1,-1
301,63,488,399,45,67,1,-1,-1,-1
301,64,353,196,35,40,1,-1,-1,-1
301,65,645,181,35,30,1,-1,-1,-1
301,66,424,144,23,28,1,-1,-1,-1
301,67,462,173,28,36,1,-1,-1,-1
301,68,391,142,22,25,1,-1,-1,-1
301,69,480,86,16,17,1,-1,-1,-1
301,70,455,82,15,15,1,-1,-1,-1
301,71,684,412,84,102,1,-1,-1,-1
301,72,412,75,14,13,1,-1,-1,-1
301,73,432,73,14,13,1,-1,-1,-1
301,74,471,71,14,13,1,-1,-1,-1
301,76,449,60,15,16,1,-1,-1,-1
301,99,485,68,19,11,1,-1,-1,-1
302,0,585,165,31,28,1,-1,-1,-1
302,1,555,108,21,20,1,-1,-1,-1
302,4,535,88,19,17,1,-1,-1,-1
302,5,560,82,18,17,1,-1,-1,-1
302,6,513,84,18,15,1,-1,-1,-1
302,7,526,73,14,13,1,-1,-1,-1
302,8,536,65,14,13,1,-1,-1,-1
302,9,578,65,15,11,1,-1,-1,-1
302,10,786,196,34,34,1,-1,-1,-1
302,11,528,57,14,13,1,-1,-1,-1
302,14,509,55,14,13,1,-1,-1,-1
302,15,502,73,14,13,1,-1,-1,-1
302,38,0,115,31,13,1,-1,-1,-1
302,49,2,104,44,15,1,-1,-1,-1
302,53,0,165,33,19,1,-1,-1,-1
302,54,2,152,56,27,1,-1,-1,-1
302,55,16,142,61,19,1,-1,-1,-1
302,57,262,337,70,84,1,-1,-1,-1
302,58,581,106,20,15,1,-1,-1,-1
302,59,395,248,41,55,1,-1,-1,-1
302,60,322,239,53,69,1,-1,-1,-1
302,61,418,317,53,84,1,-1,-1,-1
302,62,415,196,30,38,1,-1,-1,-1
302,63,483,383,63,119,1,-1,-1,-1
302,64,352,196,36,40,1,-1,-1,-1
302,65,642,179,36,30,1,-1,-1,-1
302,66,424,146,23,28,1,-1,-1,-1
302,67,462,176,28,36,1,-1,-1,-1
302,68,390,144,23,28,1,-1,-1,-1
302,69,480,88,16,17,1,-1,-1,-1
302,70,455,82,15,15,1,-1,-1,-1
302,71,686,414,79,96,1,-1,-1,-1
302,72,411,75,16,15,1,-1,-1,-1
302,73,432,73,14,13,1,-1,-1,-1
302,74,471,71,14,13,1,-1,-1,-1
302,76,449,59,14,15,1,-1,-1,-1
302,99,484,68,19,11,1,-1,-1,-1
303,0,583,163,31,28,1,-1,-1,-1
303,1,555,109,21,19,1,-1,-1,-1
303,4,535,88,19,17,1,-1,-1,-1
303,5,560,82,18,17,1,-1,-1,-1
303,6,513,84,18,15,1,-1,-1,-1
303,7,526,73,14,13,1,-1,-1,-1
303,8,535,65,14,13,1,-1,-1,-1
303,9,578,65,17,11,1,-1,-1,-1
303,10,786,196,37,35,1,-1,-1,-1
303,11,528,57,14,13,1,-1,-1,-1
303,14,509,57,14,13,1,-1,-1,-1
303,15,501,73,17,15,1,-1,-1,-1
303,38,0,115,30,13,1,-1,-1,-1
303,49,2,102,44,15,1,-1,-1,-1
303,53,0,165,32,19,1,-1,-1,-1
303,54,1,152,54,25,1,-1,-1,-1
303,55,14,142,61,19,1,-1,-1,-1
303,57,258,341,71,86,1,-1,-1,-1
303,58,582,106,19,15,1,-1,-1,-1
303,59,395,252,40,52,1,-1,-1,-1
303,60,321,239,53,71,1,-1,-1,-1
303,61,415,325,56,86,1,-1,-1,-1
303,62,414,198,28,36,1,-1,-1,-1
303,63,481,397,66,128,1,-1,-1,-1
303,64,351,200,36,40,1,-1,-1,-1
303,65,642,179,36,30,1,-1,-1,-1
303,66,424,148,23,28,1,-1,-1,-1
303,67,462,179,30,38,1,-1,-1,-1
303,68,390,146,22,25,1,-1,-1,-1
303,69,482,89,16,17,1,-1,-1,-1
303,70,455,82,15,15,1,-1,-1,-1
303,71,684,410,75,96,1,-1,-1,-1
303,72,411,75,15,15,1,-1,-1,-1
303,73,432,73,14,13,1,-1,-1,-1
303,74,471,73,14,13,1,-1,-1,-1
303,76,449,61,14,15,1,-1,-1,-1
303,99,484,68,19,11,1,-1,-1,-1
304,0,585,163,31,27,1,-1,-1,-1
304,1,553,108,23,21,1,-1,-1,-1
304,4,535,87,17,16,1,-1,-1,-1
304,5,559,82,18,17,1,-1,-1,-1
304,6,513,84,18,15,1,-1,-1,-1
304,7,525,73,14,13,1,-1,-1,-1
304,8,535,65,14,13,1,-1,-1,-1
304,9,580,65,15,11,1,-1,-1,-1
304,10,787,197,36,34,1,-1,-1,-1
304,11,527,57,14,13,1,-1,-1,-1
304,14,509,57,14,13,1,-1,-1,-1
304,15,501,73,16,15,1,-1,-1,-1
304,38,0,115,30,13,1,-1,-1,-1
304,49,0,102,44,15,1,-1,-1,-1
304,53,0,165,31,19,1,-1,-1,-1
304,54,0,150,54,27,1,-1,-1,-1
304,55,14,142,61,19,1,-1,-1,-1
304,57,253,343,74,90,1,-1,-1,-1
304,58,581,105,20,15,1,-1,-1,-1
304,59,394,256,40,52,1,-1,-1,-1
304,60,317,246,57,69,1,-1,-1,-1
304,61,413,330,56,92,1,-1,-1,-1
304,62,413,199,31,39,1,-1,-1,-1
304,63,480,410,64,128,1,-1,-1,-1
304,64,347,200,38,43,1,-1,-1,-1
304,65,641,177,35,30,1,-1,-1,-1
304,66,424,148,25,29,1,-1,-1,-1
304,67,459,181,31,38,1,-1,-1,-1
304,68,387,146,27,30,1,-1,-1,-1
304,69,483,90,16,17,1,-1,-1,-1
304,70,457,84,15,15,1,-1,-1,-1
304,71,681,403,74,96,1,-1,-1,-1
304,72,411,75,15,14,1,-1,-1,-1
304,73,432,73,14,13,1,-1,-1,-1
304,74,471,73,14,13,1,-1,-1,-1
304,76,449,61,14,15,1,-1,-1,-1
304,99,484,68,19,11,1,-1,-1,-1
305,0,582,163,32,28,1,-1,-1,-1
305,1,554,107,20,19,1,-1,-1,-1
305,4,536,86,16,15,1,-1,-1,-1
305,5,559,82,18,17,1,-1,-1,-1
305,6,513,84,18,15,1,-1,-1,-1
305,7,525,73,14,13,1,-1,-1,-1
305,8,534,63,14,13,1,-1,-1,-1
305,9,581,63,15,12,1,-1,-1,-1
305,10,787,198,39,34,1,-1,-1,-1
305,11,527,57,14,13,1,-1,-1,-1
305,14,509,55,14,13,1,-1,-1,-1
305,15,501,73,16,15,1,-1,-1,-1
305,38,0,115,29,13,1,-1,-1,-1
305,53,0,165,30,19,1,-1,-1,-1
305,54,0,154,53,25,1,-1,-1,-1
305,55,13,142,61,19,1,-1,-1,-1
305,57,252,349,74,90,1,-1,-1,-1
305,58,579,105,21,15,1,-1,-1,-1
305,59,390,258,41,54,1,-1,-1,-1
305,60,317,247,57,73,1,-1,-1,-1
305,61,411,337,56,92,1,-1,-1,-1
305,62,412,202,31,36,1,-1,-1,-1
305,63,478,428,65,111,1,-1,-1,-1
305,64,346,202,37,42,1,-1,-1,-1
305,65,641,175,35,30,1,-1,-1,-1
305,66,423,151,23,28,1,-1,-1,-1
305,67,458,185,31,38,1,-1,-1,-1
305,68,386,148,26,28,1,-1,-1,-1
305,69,483,91,16,17,1,-1,-1,-1
305,70,455,84,16,17,1,-1,-1,-1
305,71,680,397,74,96,1,-1,-1,-1
305,72,411,75,15,14,1,-1,-1,-1
305,73,432,73,14,13,1,-1,-1,-1
305,74,471,73,14,13,1,-1,-1,-1
305,76,449,61,14,15,1,-1,-1,-1
305,99,484,68,19,11,1,-1,-1,-1
306,0,582,162,31,28,1,-1,-1,-1
306,1,553,106,19,19,1,-1,-1,-1
306,4,536,87,16,15,1,-1,-1,-1
306,5,557,82,18,17,1,-1,-1,-1
306,6,512,84,18,15,1,-1,-1,-1
306,7,525,73,14,13,1,-1,-1,-1
306,8,532,63,14,13,1,-1,-1,-1
306,9,579,65,17,11,1,-1,-1,-1
306,10,786,197,39,37,1,-1,-1,-1
306,11,528,56,14,13,1,-1,-1,-1
306,14,508,55,14,13,1,-1,-1,-1
306,15,501,73,16,15,1,-1,-1,-1
306,54,0,154,51,25,1,-1,-1,-1
306,55,13,142,60,19,1,-1,-1,-1
306,57,248,352,77,92,1,-1,-1,-1
306,58,580,105,20,15,1,-1,-1,-1
306,59,390,262,41,55,1,-1,-1,-1
306,60,314,250,57,73,1,-1,-1,-1
306,61,410,347,56,92,1,-1,-1,-1
306,62,411,202,33,40,1,-1,-1,-1
306,63,475,447,66,92,1,-1,-1,-1
306,64,344,204,37,42,1,-1,-1,-1
306,65,638,173,35,30,1,-1,-1,-1
306,66,423,152,25,28,1,-1,-1,-1
306,67,459,184,34,44,1,-1,-1,-1
306,68,386,150,26,28,1,-1,-1,-1
306,69,480,90,16,17,1,-1,-1,-1
306,70,454,84,15,17,1,-1,-1,-1
306,71,677,391,74,94,1,-1,-1,-1
306,72,411,77,16,15,1,-1,-1,-1
306,73,431,73,15,15,1,-1,-1,-1
306,74,471,73,16,15,1,-1,-1,-1
306,76,449,61,14,15,1,-1,-1,-1
306,99,484,68,19,11,1,-1,-1,-1
307,0,582,158,32,28,1,-1,-1,-1
307,1,553,106,19,19,1,-1,-1,-1
307,4,535,87,16,15,1,-1,-1,-1
307,5,557,81,18,17,1,-1,-1,-1
307,6,512,82,18,15,1,-1,-1,-1
307,7,523,71,14,13,1,-1,-1,-1
307,8,532,63,14,13,1,-1,-1,-1
307,9,581,63,17,11,1,-1,-1,-1
307,10,787,198,37,36,1,-1,-1,-1
307,11,528,56,14,13,1,-1,-1,-1
307,14,508,55,14,13,1,-1,-1,-1
307,15,500,73,16,15,1,-1,-1,-1
307,54,0,154,50,25,1,-1,-1,-1
307,55,10,142,61,19,1,-1,-1,-1
307,57,244,356,78,94,1,-1,-1,-1
307,58,579,104,21,16,1,-1,-1,-1
307,59,389,266,41,55,1,-1,-1,-1
307,60,316,250,53,73,1,-1,-1,-1
307,61,406,353,59,98,1,-1,-1,-1
307,62,411,206,31,38,1,-1,-1,-1
307,63,474,464,67,75,1,-1,-1,-1
307,64,343,204,37,42,1,-1,-1,-1
307,65,638,173,35,30,1,-1,-1,-1
307,66,421,154,23,28,1,-1,-1,-1
307,67,459,188,34,43,1,-1,-1,-1
307,68,384,152,27,30,1,-1,-1,-1
307,69,480,90,16,17,1,-1,-1,-1
307,70,454,84,15,17,1,-1,-1,-1
307,71,676,387,74,92,1,-1,-1,-1
307,72,411,77,15,15,1,-1,-1,-1
307,73,431,73,14,15,1,-1,-1,-1
307,74,471,73,15,15,1,-1,-1,-1
307,76,449,61,14,15,1,-1,-1,-1
307,99,484,68,19,11,1,-1,-1,-1
308,0,582,160,31,28,1,-1,-1,-1
308,1,553,106,19,19,1,-1,-1,-1
308,4,535,87,16,15,1,-1,-1,-1
308,5,556,81,18,17,1,-1,-1,-1
308,6,512,84,18,15,1,-1,-1,-1
308,7,523,73,14,13,1,-1,-1,-1
308,8,534,64,14,13,1,-1,-1,-1
308,9,582,63,17,11,1,-1,-1,-1
308,10,787,198,39,36,1,-1,-1,-1
308,11,528,55,14,13,1,-1,-1,-1
308,14,508,55,14,13,1,-1,-1,-1
308,15,501,73,16,15,1,-1,-1,-1
308,54,0,154,49,25,1,-1,-1,-1
308,55,10,142,60,19,1,-1,-1,-1
308,57,241,360,78,94,1,-1,-1,-1
308,58,578,104,20,15,1,-1,-1,-1
308,59,389,267,40,56,1,-1,-1,-1
308,60,310,254,59,72,1,-1,-1,-1
308,61,402,363,61,100,1,-1,-1,-1
308,62,408,207,35,41,1,-1,-1,-1
308,63,472,480,68,59,1,-1,-1,-1
308,64,342,208,37,42,1,-1,-1,-1
308,65,637,171,35,30,1,-1,-1,-1
308,66,421,156,23,28,1,-1,-1,-1
308,67,458,194,31,38,1,-1,-1,-1
308,68,384,152,27,30,1,-1,-1,-1
308,69,480,92,16,17,1,-1,-1,-1
308,70,454,86,15,17,1,-1,-1,-1
308,71,673,383,69,88,1,-1,-1,-1
308,72,411,77,15,15,1,-1,-1,-1
308,73,431,73,14,15,1,-1,-1,-1
308,74,471,73,15,15,1,-1,-1,-1
308,76,450,63,14,15,1,-1,-1,-1
308,99,483,68,19,12,1,-1,-1,-1
309,0,582,160,31,27,1,-1,-1,-1
309,1,553,104,19,19,1,-1,-1,-1
309,4,534,86,16,15,1,-1,-1,-1
309,5,556,81,18,17,1,-1,-1,-1
309,6,512,84,18,15,1,-1,-1,-1
309,7,523,71,14,13,1,-1,-1,-1
309,8,534,63,14,13,1,-1,-1,-1
309,9,582,63,17,11,1,-1,-1,-1
309,10,787,198,40,38,1,-1,-1,-1
309,11,527,55,14,13,1,-1,-1,-1
309,14,508,55,14,13,1,-1,-1,-1
309,15,500,73,16,15,1,-1,-1,-1
309,54,0,154,48,25,1,-1,-1,-1
309,55,7,142,61,19,1,-1,-1,-1
309,57,236,364,79,96,1,-1,-1,-1
309,58,577,102,20,15,1,-1,-1,-1
309,59,386,271,42,57,1,-1,-1,-1
309,60,309,258,57,73,1,-1,-1,-1
309,61,395,372,65,108,1,-1,-1,-1
309,62,407,208,34,43,1,-1,-1,-1
309,64,342,210,37,42,1,-1,-1,-1
309,65,636,171,33,28,1,-1,-1,-1
309,66,420,156,26,29,1,-1,-1,-1
309,67,457,196,35,44,1,-1,-1,-1
309,68,382,154,26,28,1,-1,-1,-1
309,69,480,92,16,17,1,-1,-1,-1
309,70,454,86,15,17,1,-1,-1,-1
309,71,672,376,69,88,1,-1,-1,-1
309,72,411,79,15,15,1,-1,-1,-1
309,73,431,75,14,15,1,-1,-1,-1
309,74,471,73,15,15,1,-1,-1,-1
309,76,449,63,14,15,1,-1,-1,-1
309,99,484,68,19,11,1,-1,-1,-1
310,0,579,160,31,28,1,-1,-1,-1
310,1,552,104,19,19,1,-1,-1,-1
310,4,534,86,16,15,1,-1,-1,-1
310,5,556,81,18,17,1,-1,-1,-1
310,6,512,84,18,15,1,-1,-1,-1
310,7,523,71,14,13,1,-1,-1,-1
310,8,534,63,14,13,1,-1,-1,-1
310,9,581,63,18,11,1,-1,-1,-1
310,10,787,198,40,38,1,-1,-1,-1
310,11,528,56,14,13,1,-1,-1,-1
310,14,508,55,14,13,1,-1,-1,-1
310,15,500,73,16,15,1,-1,-1,-1
310,54,0,154,48,25,1,-1,-1,-1
310,55,9,144,60,19,1,-1,-1,-1
310,57,233,368,79,96,1,-1,-1,-1
310,58,578,102,20,15,1,-1,-1,-1
310,59,385,274,42,59,1,-1,-1,-1
310,60,305,260,57,73,1,-1,-1,-1
310,61,392,380,67,111,1,-1,-1,-1
310,62,407,210,32,42,1,-1,-1,-1
310,64,340,210,39,44,1,-1,-1,-1
310,65,636,169,35,30,1,-1,-1,-1
310,66,420,158,26,29,1,-1,-1,-1
310,67,459,201,32,45,1,-1,-1,-1
310,68,381,156,27,30,1,-1,-1,-1
310,69,480,92,16,17,1,-1,-1,-1
310,70,454,86,15,17,1,-1,-1,-1
310,71,671,372,67,86,1,-1,-1,-1
310,72,411,79,15,15,1,-1,-1,-1
310,73,431,75,14,15,1,-1,-1,-1
310,74,472,75,15,15,1,-1,-1,-1
310,76,449,63,14,15,1,-1,-1,-1
310,99,484,68,19,11,1,-1,-1,-1
311,0,579,158,32,28,1,-1,-1,-1
311,1,552,104,19,19,1,-1,-1,-1
311,4,534,86,16,15,1,-1,-1,-1
311,5,556,79,18,17,1,-1,-1,-1
311,6,512,82,18,15,1,-1,-1,-1
311,7,524,73,14,13,1,-1,-1,-1
311,8,534,63,14,13,1,-1,-1,-1
311,9,583,64,17,10,1,-1,-1,-1
311,10,790,200,37,36,1,-1,-1,-1
311,11,528,55,14,13,1,-1,-1,-1
311,14,508,55,14,13,1,-1,-1,-1
311,15,500,73,16,15,1,-1,-1,-1
311,54,0,154,46,25,1,-1,-1,-1
311,55,6,142,61,19,1,-1,-1,-1
311,57,229,374,80,98,1,-1,-1,-1
311,58,578,102,20,15,1,-1,-1,-1
311,59,382,283,43,55,1,-1,-1,-1
311,60,305,264,57,73,1,-1,-1,-1
311,61,390,403,58,98,1,-1,-1,-1
311,62,406,210,33,42,1,-1,-1,-1
311,64,339,212,41,45,1,-1,-1,-1
311,65,633,167,33,28,1,-1,-1,-1
311,66,419,159,28,31,1,-1,-1,-1
311,67,457,208,30,38,1,-1,-1,-1
311,68,381,158,26,28,1,-1,-1,-1
311,69,480,94,16,17,1,-1,-1,-1
311,70,455,88,15,17,1,-1,-1,-1
311,71,670,366,67,86,1,-1,-1,-1
311,72,411,79,15,15,1,-1,-1,-1
311,73,431,75,14,15,1,-1,-1,-1
311,74,472,75,15,15,1,-1,-1,-1
311,76,450,63,14,15,1,-1,-1,-1
311,99,483,68,20,12,1,-1,-1,-1
312,0,578,156,31,28,1,-1,-1,-1
312,1,552,104,19,19,1,-1,-1,-1
312,4,531,86,16,15,1,-1,-1,-1
312,5,556,79,18,17,1,-1,-1,-1
312,6,512,84,18,15,1,-1,-1,-1
312,7,523,73,14,13,1,-1,-1,-1
312,8,532,63,14,13,1,-1,-1,-1
312,9,582,63,16,9,1,-1,-1,-1
312,10,788,200,39,36,1,-1,-1,-1
312,11,528,56,14,13,1,-1,-1,-1
312,14,508,55,14,13,1,-1,-1,-1
312,15,500,73,16,15,1,-1,-1,-1
312,54,0,154,45,25,1,-1,-1,-1
312,55,6,144,61,19,1,-1,-1,-1
312,57,225,378,83,100,1,-1,-1,-1
312,58,576,102,20,15,1,-1,-1,-1
312,59,381,284,43,59,1,-1,-1,-1
312,60,301,264,61,77,1,-1,-1,-1
312,61,384,401,69,122,1,-1,-1,-1
312,62,406,214,33,42,1,-1,-1,-1
312,64,338,214,41,45,1,-1,-1,-1
312,65,633,167,33,28,1,-1,-1,-1
312,66,419,160,27,30,1,-1,-1,-1
312,67,455,207,35,46,1,-1,-1,-1
312,68,381,160,26,28,1,-1,-1,-1
312,69,480,94,16,17,1,-1,-1,-1
312,70,455,88,15,17,1,-1,-1,-1
312,71,667,362,67,86,1,-1,-1,-1
312,72,410,80,16,17,1,-1,-1,-1
312,73,431,76,15,14,1,-1,-1,-1
312,74,471,75,16,16,1,-1,-1,-1
312,76,450,65,14,15,1,-1,-1,-1
312,99,483,68,19,11,1,-1,-1,-1
313,0,578,156,31,28,1,-1,-1,-1
313,1,551,104,19,19,1,-1,-1,-1
313,4,533,86,16,15,1,-1,-1,-1
313,5,556,79,18,17,1,-1,-1,-1
313,6,512,84,18,15,1,-1,-1,-1
313,7,523,73,14,13,1,-1,-1,-1
313,8,532,63,14,13,1,-1,-1,-1
313,9,583,63,16,9,1,-1,-1,-1
313,10,790,200,39,36,1,-1,-1,-1
313,11,526,55,14,13,1,-1,-1,-1
313,14,506,55,14,13,1,-1,-1,-1
313,15,500,73,16,15,1,-1,-1,-1
313,54,0,154,44,25,1,-1,-1,-1
313,55,3,144,61,19,1,-1,-1,-1
313,57,227,387,77,92,1,-1,-1,-1
313,58,576,102,20,15,1,-1,-1,-1
313,59,377,287,46,61,1,-1,-1,-1
313,60,300,268,60,76,1,-1,-1,-1
313,61,378,410,75,127,1,-1,-1,-1
313,62,404,217,33,42,1,-1,-1,-1
313,64,334,219,37,42,1,-1,-1,-1
313,65,633,165,33,28,1,-1,-1,-1
313,66,420,162,27,30,1,-1,-1,-1
313,67,454,211,36,50,1,-1,-1,-1
313,68,380,160,27,30,1,-1,-1,-1
313,69,480,96,16,17,1,-1,-1,-1
313,70,455,88,15,17,1,-1,-1,-1
313,71,666,358,65,84,1,-1,-1,-1
313,72,410,81,16,17,1,-1,-1,-1
313,73,431,75,14,13,1,-1,-1,-1
313,74,471,75,15,15,1,-1,-1,-1
313,76,449,65,14,15,1,-1,-1,-1
313,99,483,68,19,11,1,-1,-1,-1
314,0,578,156,31,28,1,-1,-1,-1
314,1,551,104,19,19,1,-1,-1,-1
314,4,531,84,16,15,1,-1,-1,-1
314,5,556,79,18,17,1,-1,-1,-1
314,6,512,84,18,15,1,-1,-1,-1
314,7,523,71,14,13,1,-1,-1,-1
314,8,532,63,14,13,1,-1,-1,-1
314,9,585,63,18,10,1,-1,-1,-1
314,10,790,200,40,38,1,-1,-1,-1
314,11,526,55,14,13,1,-1,-1,-1
314,14,505,55,14,13,1,-1,-1,-1
314,15,500,73,16,15,1,-1,-1,-1
314,54,0,154,44,25,1,-1,-1,-1
314,55,3,144,61,19,1,-1,-1,-1
314,57,219,383,86,108,1,-1,-1,-1
314,58,574,102,20,15,1,-1,-1,-1
314,59,377,290,45,66,1,-1,-1,-1
314,60,296,267,61,83,1,-1,-1,-1
314,61,376,420,76,119,1,-1,-1,-1
314,62,403,221,35,44,1,-1,-1,-1
314,64,334,218,41,45,1,-1,-1,-1
314,65,632,165,32,28,1,-1,-1,-1
314,66,417,163,27,30,1,-1,-1,-1
314,67,454,214,35,50,1,-1,-1,-1
314,68,377,163,27,30,1,-1,-1,-1
314,69,483,97,16,17,1,-1,-1,-1
314,70,455,90,15,17,1,-1,-1,-1
314,71,664,354,64,82,1,-1,-1,-1
314,72,410,81,16,17,1,-1,-1,-1
314,73,431,77,14,13,1,-1,-1,-1
314,74,471,75,15,15,1,-1,-1,-1
314,76,450,65,14,15,1,-1,-1,-1
314,99,482,67,20,13,1,-1,-1,-1
315,0,578,154,31,28,1,-1,-1,-1
315,1,551,102,19,19,1,-1,-1,-1
315,4,531,84,16,15,1,-1,-1,-1
315,5,556,79,18,17,1,-1,-1,-1
315,6,513,84,18,15,1,-1,-1,-1
315,7,523,73,14,13,1,-1,-1,-1
315,8,532,63,14,13,1,-1,-1,-1
315,9,585,62,19,12,1,-1,-1,-1
315,10,791,202,39,36,1,-1,-1,-1
315,11,527,55,14,13,1,-1,-1,-1
315,14,505,55,14,13,1,-1,-1,-1
315,15,498,73,16,15,1,-1,-1,-1
315,54,0,156,42,25,1,-1,-1,-1
315,55,3,144,60,19,1,-1,-1,-1
315,57,216,388,85,108,1,-1,-1,-1
315,58,576,102,20,15,1,-1,-1,-1
315,59,376,297,46,63,1,-1,-1,-1
315,60,296,273,63,79,1,-1,-1,-1
315,61,370,435,77,104,1,-1,-1,-1
315,62,402,221,35,44,1,-1,-1,-1
315,64,333,223,37,42,1,-1,-1,-1
315,65,629,163,33,28,1,-1,-1,-1
315,66,417,165,27,30,1,-1,-1,-1
315,67,455,218,36,51,1,-1,-1,-1
315,68,377,163,27,30,1,-1,-1,-1
315,69,480,98,16,17,1,-1,-1,-1
315,70,455,90,15,17,1,-1,-1,-1
315,71,663,352,61,79,1,-1,-1,-1
315,72,410,82,16,17,1,-1,-1,-1
315,73,431,77,14,13,1,-1,-1,-1
315,74,471,77,15,15,1,-1,-1,-1
315,76,450,65,14,15,1,-1,-1,-1
315,99,481,67,19,13,1,-1,-1,-1
316,0,577,154,32,28,1,-1,-1,-1
316,1,551,102,19,19,1,-1,-1,-1
316,4,531,84,16,15,1,-1,-1,-1
316,5,555,79,18,17,1,-1,-1,-1
316,6,513,84,18,15,1,-1,-1,-1
316,7,522,71,14,13,1,-1,-1,-1
316,8,531,61,14,13,1,-1,-1,-1
316,9,586,61,19,11,1,-1,-1,-1
316,10,791,202,39,36,1,-1,-1,-1
316,11,526,55,14,13,1,-1,-1,-1
316,14,505,55,14,13,1,-1,-1,-1
316,15,498,73,16,15,1,-1,-1,-1
316,55,2,144,58,17,1,-1,-1,-1
316,57,208,393,94,110,1,-1,-1,-1
316,58,573,100,20,15,1,-1,-1,-1
316,59,370,299,52,72,1,-1,-1,-1
316,60,292,276,64,82,1,-1,-1,-1
316,61,370,447,76,92,1,-1,-1,-1
316,62,399,225,36,46,1,-1,-1,-1
316,64,331,221,42,49,1,-1,-1,-1
316,65,629,162,33,28,1,-1,-1,-1
316,66,416,167,27,30,1,-1,-1,-1
316,67,454,223,36,52,1,-1,-1,-1
316,68,377,165,27,30,1,-1,-1,-1
316,69,482,100,16,17,1,-1,-1,-1
316,70,455,92,15,17,1,-1,-1,-1
316,71,662,345,62,79,1,-1,-1,-1
316,72,410,82,16,17,1,-1,-1,-1
316,73,431,79,14,13,1,-1,-1,-1
316,74,471,77,15,15,1,-1,-1,-1
316,76,450,65,14,15,1,-1,-1,-1
316,99,483,67,19,13,1,-1,-1,-1
317,0,574,152,33,30,1,-1,-1,-1
317,1,549,102,19,19,1,-1,-1,-1
317,4,531,84,16,15,1,-1,-1,-1
317,5,555,79,18,17,1,-1,-1,-1
317,6,512,84,18,15,1,-1,-1,-1
317,7,522,71,14,13,1,-1,-1,-1
317,8,531,61,14,13,1,-1,-1,-1
317,9,586,61,19,11,1,-1,-1,-1
317,10,792,204,36,36,1,-1,-1,-1
317,11,526,55,14,13,1,-1,-1,-1
317,14,505,55,14,13,1,-1,-1,-1
317,15,499,72,18,16,1,-1,-1,-1
317,55,2,146,57,17,1,-1,-1,-1
317,57,204,396,95,116,1,-1,-1,-1
317,58,574,100,20,15,1,-1,-1,-1
317,59,368,302,53,73,1,-1,-1,-1
317,60,289,280,65,81,1,-1,-1,-1
317,61,364,458,80,81,1,-1,-1,-1
317,62,400,227,35,46,1,-1,-1,-1
317,64,330,222,42,48,1,-1,-1,-1
317,65,626,160,34,28,1,-1,-1,-1
317,66,416,169,27,30,1,-1,-1,-1
317,67,452,226,40,57,1,-1,-1,-1
317,68,374,167,27,30,1,-1,-1,-1
317,69,482,100,19,19,1,-1,-1,-1
317,70,455,92,15,17,1,-1,-1,-1
317,71,660,341,61,79,1,-1,-1,-1
317,72,408,84,16,17,1,-1,-1,-1
317,73,431,79,14,13,1,-1,-1,-1
317,74,472,79,15,15,1,-1,-1,-1
317,76,450,67,14,15,1,-1,-1,-1
317,99,481,67,19,13,1,-1,-1,-1
318,0,576,153,30,29,1,-1,-1,-1
318,1,549,102,19,19,1,-1,-1,-1
318,4,531,84,16,15,1,-1,-1,-1
318,5,555,80,16,15,1,-1,-1,-1
318,6,512,84,18,15,1,-1,-1,-1
318,7,522,71,14,13,1,-1,-1,-1
318,8,531,61,14,13,1,-1,-1,-1
318,9,586,61,19,11,1,-1,-1,-1
318,10,792,204,37,36,1,-1,-1,-1
318,11,526,55,14,13,1,-1,-1,-1
318,14,504,55,14,13,1,-1,-1,-1
318,15,498,71,18,15,1,-1,-1,-1
318,55,2,146,58,17,1,-1,-1,-1
318,57,201,401,95,115,1,-1,-1,-1
318,58,573,100,20,15,1,-1,-1,-1
318,59,365,308,53,75,1,-1,-1,-1
318,60,287,281,68,84,1,-1,-1,-1
318,61,367,472,74,67,1,-1,-1,-1
318,62,398,231,35,44,1,-1,-1,-1
318,64,327,226,44,46,1,-1,-1,-1
318,65,625,160,33,28,1,-1,-1,-1
318,66,415,170,28,32,1,-1,-1,-1
318,67,450,231,40,57,1,-1,-1,-1
318,68,374,169,28,32,1,-1,-1,-1
318,69,481,100,19,19,1,-1,-1,-1
318,70,454,92,15,17,1,-1,-1,-1
318,71,659,337,61,79,1,-1,-1,-1
318,72,410,82,16,17,1,-1,-1,-1
318,73,431,79,14,13,1,-1,-1,-1
318,74,472,79,15,15,1,-1,-1,-1
318,76,450,67,14,15,1,-1,-1,-1
318,99,480,67,19,13,1,-1,-1,-1
319,0,574,152,31,30,1,-1,-1,-1
319,1,549,102,19,19,1,-1,-1,-1
319,4,531,84,16,15,1,-1,-1,-1
319,5,555,79,15,15,1,-1,-1,-1
319,6,512,84,18,15,1,-1,-1,-1
319,7,522,71,14,13,1,-1,-1,-1
319,8,531,61,14,13,1,-1,-1,-1
319,9,587,61,19,11,1,-1,-1,-1
319,10,792,204,39,36,1,-1,-1,-1
319,11,526,54,14,13,1,-1,-1,-1
319,14,504,55,14,13,1,-1,-1,-1
319,15,500,71,18,15,1,-1,-1,-1
319,55,1,146,60,19,1,-1,-1,-1
319,57,198,410,95,112,1,-1,-1,-1
319,58,573,100,20,15,1,-1,-1,-1
319,59,364,314,53,73,1,-1,-1,-1
319,60,280,286,71,88,1,-1,-1,-1
319,61,367,489,72,50,1,-1,-1,-1
319,62,397,233,37,46,1,-1,-1,-1
319,64,326,227,45,47,1,-1,-1,-1
319,65,625,158,32,27,1,-1,-1,-1
319,66,415,173,28,32,1,-1,-1,-1
319,67,450,237,40,57,1,-1,-1,-1
319,68,373,171,28,32,1,-1,-1,-1
319,69,481,102,19,19,1,-1,-1,-1
319,70,454,94,15,17,1,-1,-1,-1
319,71,658,333,60,77,1,-1,-1,-1
319,72,410,84,16,17,1,-1,-1,-1
319,73,431,79,14,13,1,-1,-1,-1
319,74,472,79,15,15,1,-1,-1,-1
319,76,450,67,14,15,1,-1,-1,-1
319,99,481,67,19,13,1,-1,-1,-1
320,0,576,152,29,28,1,-1,-1,-1
320,1,548,102,19,19,1,-1,-1,-1
320,4,531,84,16,15,1,-1,-1,-1
320,5,555,79,15,15,1,-1,-1,-1
320,6,512,84,18,15,1,-1,-1,-1
320,7,521,71,14,13,1,-1,-1,-1
320,8,530,61,14,13,1,-1,-1,-1
320,9,589,61,19,11,1,-1,-1,-1
320,10,792,204,39,36,1,-1,-1,-1
320,11,526,54,14,13,1,-1,-1,-1
320,14,504,55,14,13,1,-1,-1,-1
320,15,500,71,18,15,1,-1,-1,-1
320,55,0,146,57,17,1,-1,-1,-1
320,57,194,414,95,115,1,-1,-1,-1
320,58,573,100,20,15,1,-1,-1,-1
320,59,363,322,52,71,1,-1,-1,-1
320,60,279,289,69,90,1,-1,-1,-1
320,62,395,237,37,46,1,-1,-1,-1
320,64,325,231,44,50,1,-1,-1,-1
320,65,623,156,33,28,1,-1,-1,-1
320,66,414,173,29,34,1,-1,-1,-1
320,67,449,241,44,63,1,-1,-1,-1
320,68,372,173,28,32,1,-1,-1,-1
320,69,481,102,19,19,1,-1,-1,-1
320,70,454,94,15,17,1,-1,-1,-1
320,71,656,331,57,73,1,-1,-1,-1
320,72,408,86,16,17,1,-1,-1,-1
320,73,431,81,14,13,1,-1,-1,-1
320,74,473,81,15,15,1,-1,-1,-1
320,76,450,67,14,15,1,-1,-1,-1
320,99,481,67,19,13,1,-1,-1,-1
321,0,574,152,30,28,1,-1,-1,-1
321,1,548,100,19,19,1,-1,-1,-1
321,4,530,84,16,15,1,-1,-1,-1
321,5,555,79,15,15,1,-1,-1,-1
321,6,510,84,18,15,1,-1,-1,-1
321,7,521,71,14,13,1,-1,-1,-1
321,8,530,61,14,13,1,-1,-1,-1
321,9,589,61,19,11,1,-1,-1,-1
321,10,794,206,45,37,1,-1,-1,-1
321,11,525,54,14,13,1,-1,-1,-1
321,14,504,55,14,13,1,-1,-1,-1
321,15,498,71,18,15,1,-1,-1,-1
321,55,0,146,58,19,1,-1,-1,-1
321,57,189,418,97,120,1,-1,-1,-1
321,58,573,98,20,15,1,-1,-1,-1
321,59,359,325,54,75,1,-1,-1,-1
321,60,275,295,70,90,1,-1,-1,-1
321,62,394,239,40,50,1,-1,-1,-1
321,64,322,231,46,50,1,-1,-1,-1
321,65,623,156,33,28,1,-1,-1,-1
321,66,413,175,28,32,1,-1,-1,-1
321,67,448,246,44,63,1,-1,-1,-1
321,68,372,173,28,33,1,-1,-1,-1
321,69,483,104,19,19,1,-1,-1,-1
321,70,454,94,15,17,1,-1,-1,-1
321,71,658,329,57,69,1,-1,-1,-1
321,72,408,86,16,17,1,-1,-1,-1
321,73,431,81,15,15,1,-1,-1,-1
321,74,471,81,15,15,1,-1,-1,-1
321,76,450,67,14,15,1,-1,-1,-1
321,99,481,67,19,13,1,-1,-1,-1
322,0,576,152,27,27,1,-1,-1,-1
322,1,548,100,19,19,1,-1,-1,-1
322,4,530,84,16,15,1,-1,-1,-1
322,5,553,79,15,15,1,-1,-1,-1
322,6,512,84,18,15,1,-1,-1,-1
322,7,521,71,14,13,1,-1,-1,-1
322,8,528,62,15,13,1,-1,-1,-1
322,9,589,63,19,11,1,-1,-1,-1
322,10,795,206,44,39,1,-1,-1,-1
322,11,525,54,14,13,1,-1,-1,-1
322,14,504,54,14,13,1,-1,-1,-1
322,15,497,73,18,15,1,-1,-1,-1
322,55,0,146,57,19,1,-1,-1,-1
322,57,185,422,99,117,1,-1,-1,-1
322,58,572,98,20,15,1,-1,-1,-1
322,59,357,333,53,76,1,-1,-1,-1
322,60,275,296,71,93,1,-1,-1,-1
322,62,393,243,39,48,1,-1,-1,-1
322,64,322,233,47,50,1,-1,-1,-1
322,65,621,156,32,27,1,-1,-1,-1
322,66,411,179,30,32,1,-1,-1,-1
322,67,446,250,44,67,1,-1,-1,-1
322,68,370,175,30,33,1,-1,-1,-1
322,69,481,104,19,19,1,-1,-1,-1
322,70,455,95,16,18,1,-1,-1,-1
322,71,654,323,60,72,1,-1,-1,-1
322,72,408,86,16,17,1,-1,-1,-1
322,73,431,81,14,13,1,-1,-1,-1
322,74,473,81,17,18,1,-1,-1,-1
322,75,816,496,95,43,1,-1,-1,-1
322,76,450,69,14,15,1,-1,-1,-1
322,99,481,67,19,13,1,-1,-1,-1
323,0,576,152,27,25,1,-1,-1,-1
323,1,548,100,19,19,1,-1,-1,-1
323,4,531,83,16,15,1,-1,-1,-1
323,5,552,79,15,15,1,-1,-1,-1
323,6,512,84,18,15,1,-1,-1,-1
323,7,521,71,14,13,1,-1,-1,-1
323,8,527,61,14,13,1,-1,-1,-1
323,9,590,61,19,11,1,-1,-1,-1
323,10,795,206,45,39,1,-1,-1,-1
323,11,525,54,14,13,1,-1,-1,-1
323,14,504,55,14,13,1,-1,-1,-1
323,15,497,73,18,15,1,-1,-1,-1
323,55,0,146,56,19,1,-1,-1,-1
323,57,181,426,100,113,1,-1,-1,-1
323,58,572,98,20,15,1,-1,-1,-1
323,59,355,338,54,75,1,-1,-1,-1
323,60,268,298,76,94,1,-1,-1,-1
323,62,390,244,40,52,1,-1,-1,-1
323,64,318,237,48,54,1,-1,-1,-1
323,65,620,154,35,28,1,-1,-1,-1
323,66,412,179,28,32,1,-1,-1,-1
323,67,446,261,44,63,1,-1,-1,-1
323,68,369,175,31,37,1,-1,-1,-1
323,69,481,106,19,19,1,-1,-1,-1
323,70,454,96,15,17,1,-1,-1,-1
323,71,651,316,61,75,1,-1,-1,-1
323,72,408,86,16,17,1,-1,-1,-1
323,73,431,81,14,13,1,-1,-1,-1
323,74,472,82,18,18,1,-1,-1,-1
323,75,812,489,96,50,1,-1,-1,-1
323,76,450,69,14,15,1,-1,-1,-1
323,99,481,67,19,13,1,-1,-1,-1
324,0,573,150,28,28,1,-1,-1,-1
324,1,548,101,18,17,1,-1,-1,-1
324,4,531,82,15,15,1,-1,-1,-1
324,5,552,79,15,15,1,-1,-1,-1
324,6,512,84,18,15,1,-1,-1,-1
324,7,521,71,14,13,1,-1,-1,-1
324,8,528,61,14,13,1,-1,-1,-1
324,9,590,61,19,11,1,-1,-1,-1
324,10,795,207,46,37,1,-1,-1,-1
324,14,504,55,14,13,1,-1,-1,-1
324,15,498,73,18,15,1,-1,-1,-1
324,57,173,434,104,105,1,-1,-1,-1
324,58,570,98,20,15,1,-1,-1,-1
324,59,352,345,56,77,1,-1,-1,-1
324,60,266,301,78,98,1,-1,-1,-1
324,62,390,246,40,52,1,-1,-1,-1
324,64,316,239,49,55,1,-1,-1,-1
324,65,617,152,35,28,1,-1,-1,-1
324,66,412,181,28,32,1,-1,-1,-1
324,67,445,266,44,63,1,-1,-1,-1
324,68,369,177,31,36,1,-1,-1,-1
324,69,483,106,19,19,1,-1,-1,-1
324,70,454,96,19,19,1,-1,-1,-1
324,71,650,316,60,71,1,-1,-1,-1
324,72,408,88,16,17,1,-1,-1,-1
324,73,431,82,16,15,1,-1,-1,-1
324,74,472,82,17,18,1,-1,-1,-1
324,75,808,480,100,58,1,-1,-1,-1
324,76,450,69,14,15,1,-1,-1,-1
324,99,481,67,19,13,1,-1,-1,-1
325,0,573,148,30,28,1,-1,-1,-1
325,1,548,100,18,17,1,-1,-1,-1
325,4,531,82,15,15,1,-1,-1,-1
325,5,552,77,15,15,1,-1,-1,-1
325,6,512,84,18,15,1,-1,-1,-1
325,7,518,70,16,13,1,-1,-1,-1
325,8,526,61,14,13,1,-1,-1,-1
325,9,591,61,19,11,1,-1,-1,-1
325,10,795,209,45,37,1,-1,-1,-1
325,14,502,55,14,13,1,-1,-1,-1
325,15,497,73,18,15,1,-1,-1,-1
325,57,171,439,104,100,1,-1,-1,-1
325,58,573,99,18,14,1,-1,-1,-1
325,59,350,349,56,77,1,-1,-1,-1
325,60,261,302,83,104,1,-1,-1,-1
325,62,387,252,40,52,1,-1,-1,-1
325,64,314,243,48,54,1,-1,-1,-1
325,65,619,152,33,28,1,-1,-1,-1
325,66,411,182,29,34,1,-1,-1,-1
325,67,444,269,44,68,1,-1,-1,-1
325,68,367,177,32,38,1,-1,-1,-1
325,69,483,108,19,19,1,-1,-1,-1
325,70,454,96,19,19,1,-1,-1,-1
325,71,653,314,53,65,1,-1,-1,-1
325,72,407,88,16,17,1,-1,-1,-1
325,73,431,82,16,14,1,-1,-1,-1
325,74,472,82,15,15,1,-1,-1,-1
325,75,803,472,102,66,1,-1,-1,-1
325,76,450,69,14,15,1,-1,-1,-1
325,99,480,67,19,13,1,-1,-1,-1
326,0,572,148,30,28,1,-1,-1,-1
326,1,548,100,18,17,1,-1,-1,-1
326,4,530,82,15,15,1,-1,-1,-1
326,5,552,79,15,15,1,-1,-1,-1
326,6,510,85,18,15,1,-1,-1,-1
326,7,518,69,15,13,1,-1,-1,-1
326,8,526,61,14,13,1,-1,-1,-1
326,9,592,61,19,11,1,-1,-1,-1
326,10,795,210,44,36,1,-1,-1,-1
326,14,501,54,14,13,1,-1,-1,-1
326,15,497,73,18,15,1,-1,-1,-1
326,57,173,445,101,94,1,-1,-1,-1
326,58,571,99,19,14,1,-1,-1,-1
326,59,345,354,59,84,1,-1,-1,-1
326,60,258,304,83,106,1,-1,-1,-1
326,62,386,254,43,55,1,-1,-1,-1
326,64,313,244,49,55,1,-1,-1,-1
326,65,617,152,32,27,1,-1,-1,-1
326,66,410,185,29,34,1,-1,-1,-1
326,67,441,277,48,67,1,-1,-1,-1
326,68,364,179,32,38,1,-1,-1,-1
326,69,481,109,19,19,1,-1,-1,-1
326,70,454,98,19,19,1,-1,-1,-1
326,71,650,308,57,67,1,-1,-1,-1
326,72,407,90,16,17,1,-1,-1,-1
326,73,431,84,14,13,1,-1,-1,-1
326,74,472,84,15,15,1,-1,-1,-1
326,75,802,467,101,72,1,-1,-1,-1
326,76,450,71,14,15,1,-1,-1,-1
326,99,480,67,19,13,1,-1,-1,-1
327,0,572,148,30,28,1,-1,-1,-1
327,1,547,100,18,17,1,-1,-1,-1
327,4,530,82,15,15,1,-1,-1,-1
327,5,552,77,15,15,1,-1,-1,-1
327,6,510,84,18,15,1,-1,-1,-1
327,7,518,69,15,13,1,-1,-1,-1
327,8,527,61,14,13,1,-1,-1,-1
327,9,594,61,19,11,1,-1,-1,-1
327,10,796,210,44,36,1,-1,-1,-1
327,14,503,55,14,13,1,-1,-1,-1
327,15,498,73,18,15,1,-1,-1,-1
327,57,171,451,95,88,1,-1,-1,-1
327,58,570,98,19,13,1,-1,-1,-1
327,59,341,360,60,85,1,-1,-1,-1
327,60,258,312,80,102,1,-1,-1,-1
327,62,385,256,43,55,1,-1,-1,-1
327,64,312,248,49,55,1,-1,-1,-1
327,65,616,150,35,28,1,-1,-1,-1
327,66,410,186,29,34,1,-1,-1,-1
327,67,440,285,49,71,1,-1,-1,-1
327,68,365,181,31,38,1,-1,-1,-1
327,69,483,109,19,19,1,-1,-1,-1
327,70,454,98,19,19,1,-1,-1,-1
327,71,647,304,57,69,1,-1,-1,-1
327,72,407,90,16,17,1,-1,-1,-1
327,73,431,84,14,13,1,-1,-1,-1
327,74,474,84,15,15,1,-1,-1,-1
327,75,799,460,99,77,1,-1,-1,-1
327,76,450,71,14,15,1,-1,-1,-1
327,99,481,69,19,13,1,-1,-1,-1
328,0,572,146,30,28,1,-1,-1,-1
328,1,547,100,18,17,1,-1,-1,-1
328,4,528,82,15,15,1,-1,-1,-1
328,5,552,77,15,15,1,-1,-1,-1
328,6,510,84,18,15,1,-1,-1,-1
328,7,518,69,15,13,1,-1,-1,-1
328,8,526,61,14,13,1,-1,-1,-1
328,9,594,61,19,11,1,-1,-1,-1
328,10,796,210,44,36,1,-1,-1,-1
328,14,501,55,14,13,1,-1,-1,-1
328,15,497,73,18,15,1,-1,-1,-1
328,57,166,460,98,79,1,-1,-1,-1
328,58,569,98,19,13,1,-1,-1,-1
328,59,339,366,60,86,1,-1,-1,-1
328,60,254,320,79,100,1,-1,-1,-1
328,62,382,259,47,62,1,-1,-1,-1
328,64,312,250,48,54,1,-1,-1,-1
328,65,615,148,33,28,1,-1,-1,-1
328,66,410,188,28,33,1,-1,-1,-1
328,67,440,290,46,75,1,-1,-1,-1
328,68,364,183,31,36,1,-1,-1,-1
328,69,483,111,19,19,1,-1,-1,-1
328,70,454,98,19,19,1,-1,-1,-1
328,71,647,302,54,67,1,-1,-1,-1
328,72,408,92,16,17,1,-1,-1,-1
328,73,432,84,16,15,1,-1,-1,-1
328,74,474,84,16,16,1,-1,-1,-1
328,75,793,453,107,85,1,-1,-1,-1
328,76,450,71,14,15,1,-1,-1,-1
328,99,480,68,19,13,1,-1,-1,-1
329,0,569,146,31,30,1,-1,-1,-1
329,1,547,100,18,17,1,-1,-1,-1
329,4,530,82,15,15,1,-1,-1,-1
329,5,552,77,15,15,1,-1,-1,-1
329,6,510,84,18,15,1,-1,-1,-1
329,7,518,69,15,13,1,-1,-1,-1
329,8,526,61,14,13,1,-1,-1,-1
329,10,796,212,44,36,1,-1,-1,-1
329,14,503,55,14,13,1,-1,-1,-1
329,15,497,73,18,15,1,-1,-1,-1
329,57,163,463,98,76,1,-1,-1,-1
329,58,569,98,19,13,1,-1,-1,-1
329,59,332,373,68,93,1,-1,-1,-1
329,60,252,320,83,106,1,-1,-1,-1
329,62,381,262,47,61,1,-1,-1,-1
329,64,309,254,48,54,1,-1,-1,-1
329,65,615,148,33,28,1,-1,-1,-1
329,66,410,192,28,32,1,-1,-1,-1
329,67,436,297,49,77,1,-1,-1,-1
329,68,364,187,31,36,1,-1,-1,-1
329,69,484,111,19,19,1,-1,-1,-1
329,70,454,100,19,19,1,-1,-1,-1
329,71,645,298,57,67,1,-1,-1,-1
329,72,407,92,16,17,1,-1,-1,-1
329,73,431,84,16,15,1,-1,-1,-1
329,74,474,84,17,17,1,-1,-1,-1
329,75,790,448,108,90,1,-1,-1,-1
329,76,450,71,14,15,1,-1,-1,-1
329,99,482,68,19,13,1,-1,-1,-1
330,0,570,147,29,25,1,-1,-1,-1
330,1,547,98,18,17,1,-1,-1,-1
330,4,530,82,15,15,1,-1,-1,-1
330,5,552,77,15,15,1,-1,-1,-1
330,6,510,85,18,15,1,-1,-1,-1
330,7,517,69,15,13,1,-1,-1,-1
330,8,526,61,14,13,1,-1,-1,-1
330,10,798,212,44,36,1,-1,-1,-1
330,15,497,73,18,15,1,-1,-1,-1
330,57,165,471,92,68,1,-1,-1,-1
330,58,569,98,19,13,1,-1,-1,-1
330,59,331,380,65,95,1,-1,-1,-1
330,60,248,324,82,103,1,-1,-1,-1
330,62,380,266,47,61,1,-1,-1,-1
330,64,309,252,47,57,1,-1,-1,-1
330,65,615,149,30,23,1,-1,-1,-1
330,66,406,192,32,39,1,-1,-1,-1
330,67,434,306,52,83,1,-1,-1,-1
330,68,363,187,32,36,1,-1,-1,-1
330,69,483,111,19,21,1,-1,-1,-1
330,70,454,100,19,19,1,-1,-1,-1
330,71,643,295,54,67,1,-1,-1,-1
330,72,407,92,16,17,1,-1,-1,-1
330,73,431,86,16,14,1,-1,-1,-1
330,74,475,87,15,15,1,-1,-1,-1
330,75,788,443,104,94,1,-1,-1,-1
330,76,451,71,15,18,1,-1,-1,-1
330,99,481,69,19,13,1,-1,-1,-1
331,0,570,144,29,27,1,-1,-1,-1
331,1,547,100,18,17,1,-1,-1,-1
331,4,528,81,15,15,1,-1,-1,-1
331,5,551,77,15,15,1,-1,-1,-1
331,6,509,84,17,17,1,-1,-1,-1
331,7,517,69,15,13,1,-1,-1,-1
331,8,525,59,14,13,1,-1,-1,-1
331,10,799,212,44,36,1,-1,-1,-1
331,15,497,73,18,15,1,-1,-1,-1
331,57,165,476,88,63,1,-1,-1,-1
331,58,569,98,19,13,1,-1,-1,-1
331,59,327,387,67,98,1,-1,-1,-1
331,60,245,329,84,104,1,-1,-1,-1
331,62,377,271,48,63,1,-1,-1,-1
331,64,305,255,51,57,1,-1,-1,-1
331,65,613,146,33,28,1,-1,-1,-1
331,66,406,194,31,38,1,-1,-1,-1
331,67,431,315,54,82,1,-1,-1,-1
331,68,363,190,30,36,1,-1,-1,-1
331,69,484,115,19,19,1,-1,-1,-1
331,70,454,102,19,19,1,-1,-1,-1
331,71,646,293,50,61,1,-1,-1,-1
331,72,408,93,18,18,1,-1,-1,-1
331,73,430,86,17,16,1,-1,-1,-1
331,74,474,86,18,19,1,-1,-1,-1
331,75,786,436,105,102,1,-1,-1,-1
331,76,451,71,14,17,1,-1,-1,-1
331,99,480,68,19,13,1,-1,-1,-1
332,0,570,144,28,26,1,-1,-1,-1
332,1,545,98,18,17,1,-1,-1,-1
332,4,528,81,15,15,1,-1,-1,-1
332,5,549,77,15,15,1,-1,-1,-1
332,6,509,84,16,17,1,-1,-1,-1
332,7,517,69,15,13,1,-1,-1,-1
332,8,525,61,14,13,1,-1,-1,-1
332,10,799,212,44,36,1,-1,-1,-1
332,15,497,73,18,15,1,-1,-1,-1
332,57,159,484,91,55,1,-1,-1,-1
332,58,569,98,19,13,1,-1,-1,-1
332,59,323,394,69,103,1,-1,-1,-1
332,60,244,333,81,104,1,-1,-1,-1
332,62,376,275,48,63,1,-1,-1,-1
332,64,302,257,52,57,1,-1,-1,-1
332,65,612,147,31,25,1,-1,-1,-1
332,66,404,196,32,40,1,-1,-1,-1
332,67,428,323,58,87,1,-1,-1,-1
332,68,360,192,34,37,1,-1,-1,-1
332,69,483,115,19,19,1,-1,-1,-1
332,70,454,102,19,19,1,-1,-1,-1
332,71,642,287,53,63,1,-1,-1,-1
332,72,407,94,18,17,1,-1,-1,-1
332,73,429,86,16,15,1,-1,-1,-1
332,74,474,86,18,19,1,-1,-1,-1
332,75,780,430,104,109,1,-1,-1,-1
332,76,451,72,14,17,1,-1,-1,-1
332,99,480,69,19,13,1,-1,-1,-1
333,0,569,144,30,28,1,-1,-1,-1
333,1,544,98,18,17,1,-1,-1,-1
333,4,528,81,15,15,1,-1,-1,-1
333,5,549,75,15,15,1,-1,-1,-1
333,6,509,84,16,17,1,-1,-1,-1
333,7,515,69,15,13,1,-1,-1,-1
333,8,525,59,14,13,1,-1,-1,-1
333,10,799,214,44,36,1,-1,-1,-1
333,15,497,73,18,15,1,-1,-1,-1
333,57,168,493,78,46,1,-1,-1,-1
333,58,569,98,19,13,1,-1,-1,-1
333,59,326,414,60,82,1,-1,-1,-1
333,60,240,339,80,102,1,-1,-1,-1
333,62,373,279,48,63,1,-1,-1,-1
333,64,299,262,53,61,1,-1,-1,-1
333,65,611,144,33,28,1,-1,-1,-1
333,66,403,196,33,40,1,-1,-1,-1
333,67,427,329,57,94,1,-1,-1,-1
333,68,360,194,30,36,1,-1,-1,-1
333,69,484,115,19,19,1,-1,-1,-1
333,70,454,104,19,19,1,-1,-1,-1
333,71,640,283,53,65,1,-1,-1,-1
333,72,408,96,18,17,1,-1,-1,-1
333,73,431,87,16,15,1,-1,-1,-1
333,74,474,86,18,19,1,-1,-1,-1
333,75,776,422,104,107,1,-1,-1,-1
333,76,451,72,14,17,1,-1,-1,-1
333,99,479,67,19,13,1,-1,-1,-1
334,0,569,144,30,28,1,-1,-1,-1
334,1,544,98,18,17,1,-1,-1,-1
334,4,528,80,16,15,1,-1,-1,-1
334,5,549,77,15,15,1,-1,-1,-1
334,6,509,84,16,17,1,-1,-1,-1
334,7,517,69,15,13,1,-1,-1,-1
334,8,523,59,14,13,1,-1,-1,-1
334,10,800,214,44,36,1,-1,-1,-1
334,15,497,73,18,15,1,-1,-1,-1
334,57,160,499,80,40,1,-1,-1,-1
334,58,568,96,19,13,1,-1,-1,-1
334,59,314,409,73,108,1,-1,-1,-1
334,60,234,340,86,108,1,-1,-1,-1
334,62,370,281,52,67,1,-1,-1,-1
334,64,301,261,53,59,1,-1,-1,-1
334,65,609,144,33,28,1,-1,-1,-1
334,66,403,198,35,42,1,-1,-1,-1
334,67,423,340,61,96,1,-1,-1,-1
334,68,359,196,32,36,1,-1,-1,-1
334,69,484,117,19,19,1,-1,-1,-1
334,70,454,104,19,19,1,-1,-1,-1
334,71,638,281,53,65,1,-1,-1,-1
334,72,407,96,18,17,1,-1,-1,-1
334,73,429,88,16,15,1,-1,-1,-1
334,74,475,88,18,19,1,-1,-1,-1
334,75,775,419,98,106,1,-1,-1,-1
334,76,451,72,14,17,1,-1,-1,-1
334,99,480,69,19,13,1,-1,-1,-1
335,0,570,143,26,24,1,-1,-1,-1
335,1,544,96,18,17,1,-1,-1,-1
335,4,528,80,16,15,1,-1,-1,-1
335,5,549,75,15,15,1,-1,-1,-1
335,6,509,84,16,17,1,-1,-1,-1
335,7,515,67,15,13,1,-1,-1,-1
335,8,523,59,14,13,1,-1,-1,-1
335,10,800,214,44,36,1,-1,-1,-1
335,15,497,73,18,15,1,-1,-1,-1
335,58,568,96,19,13,1,-1,-1,-1
335,59,310,417,76,111,1,-1,-1,-1
335,60,229,345,87,114,1,-1,-1,-1
335,62,369,285,52,67,1,-1,-1,-1
335,64,298,265,53,59,1,-1,-1,-1
335,65,610,145,31,25,1,-1,-1,-1
335,66,402,200,35,42,1,-1,-1,-1
335,67,421,348,60,105,1,-1,-1,-1
335,68,359,196,34,37,1,-1,-1,-1
335,69,484,119,21,20,1,-1,-1,-1
335,70,453,106,19,19,1,-1,-1,-1
335,71,637,279,53,65,1,-1,-1,-1
335,72,407,96,18,17,1,-1,-1,-1
335,73,429,88,16,15,1,-1,-1,-1
335,74,475,88,18,19,1,-1,-1,-1
335,75,771,412,96,104,1,-1,-1,-1
335,76,450,73,14,17,1,-1,-1,-1
335,99,479,67,19,13,1,-1,-1,-1
336,0,567,143,27,21,1,-1,-1,-1
336,1,544,96,18,17,1,-1,-1,-1
336,4,528,80,15,14,1,-1,-1,-1
336,5,548,75,15,15,1,-1,-1,-1
336,6,509,84,16,17,1,-1,-1,-1
336,7,517,69,14,11,1,-1,-1,-1
336,8,524,60,14,11,1,-1,-1,-1
336,10,801,214,44,36,1,-1,-1,-1
336,15,497,73,18,15,1,-1,-1,-1
336,58,566,96,19,13,1,-1,-1,-1
336,59,307,426,74,112,1,-1,-1,-1
336,60,228,349,90,115,1,-1,-1,-1
336,62,368,289,53,69,1,-1,-1,-1
336,64,295,268,56,63,1,-1,-1,-1
336,65,609,143,31,25,1,-1,-1,-1
336,66,402,202,36,44,1,-1,-1,-1
336,67,415,358,66,111,1,-1,-1,-1
336,68,356,199,34,38,1,-1,-1,-1
336,69,484,118,22,22,1,-1,-1,-1
336,70,454,106,19,19,1,-1,-1,-1
336,71,636,273,57,67,1,-1,-1,-1
336,72,407,98,18,17,1,-1,-1,-1
336,73,429,88,16,15,1,-1,-1,-1
336,74,475,90,18,19,1,-1,-1,-1
336,75,769,408,94,102,1,-1,-1,-1
336,76,451,73,14,17,1,-1,-1,-1
336,99,479,67,19,13,1,-1,-1,-1
337,0,568,142,28,26,1,-1,-1,-1
337,1,543,96,18,17,1,-1,-1,-1
337,4,528,80,16,15,1,-1,-1,-1
337,5,548,75,15,16,1,-1,-1,-1
337,6,509,84,16,17,1,-1,-1,-1
337,7,516,68,15,13,1,-1,-1,-1
337,8,523,59,14,11,1,-1,-1,-1
337,10,801,214,45,38,1,-1,-1,-1
337,15,497,73,18,15,1,-1,-1,-1
337,58,566,96,19,13,1,-1,-1,-1
337,59,300,437,75,102,1,-1,-1,-1
337,60,224,351,91,120,1,-1,-1,-1
337,62,364,293,56,73,1,-1,-1,-1
337,64,293,270,54,61,1,-1,-1,-1
337,65,608,142,31,25,1,-1,-1,-1
337,66,400,204,36,44,1,-1,-1,-1
337,67,412,370,66,111,1,-1,-1,-1
337,68,355,200,34,38,1,-1,-1,-1
337,69,484,119,22,21,1,-1,-1,-1
337,70,454,108,19,19,1,-1,-1,-1
337,71,635,272,52,64,1,-1,-1,-1
337,72,407,98,18,17,1,-1,-1,-1
337,73,431,90,16,15,1,-1,-1,-1
337,74,476,91,18,19,1,-1,-1,-1
337,75,766,401,91,98,1,-1,-1,-1
337,76,452,74,14,17,1,-1,-1,-1
337,99,480,69,19,13,1,-1,-1,-1
338,0,568,142,27,25,1,-1,-1,-1
338,1,543,96,18,17,1,-1,-1,-1
338,4,527,81,15,14,1,-1,-1,-1
338,5,548,75,14,15,1,-1,-1,-1
338,6,509,84,16,17,1,-1,-1,-1
338,7,517,68,15,13,1,-1,-1,-1
338,8,523,59,14,11,1,-1,-1,-1
338,10,803,216,44,36,1,-1,-1,-1
338,15,497,73,18,15,1,-1,-1,-1
338,58,566,94,19,13,1,-1,-1,-1
338,59,300,445,75,94,1,-1,-1,-1
338,60,218,356,96,123,1,-1,-1,-1
338,62,363,298,54,73,1,-1,-1,-1
338,64,292,270,53,65,1,-1,-1,-1
338,65,607,140,31,25,1,-1,-1,-1
338,66,399,206,36,44,1,-1,-1,-1
338,67,407,382,73,118,1,-1,-1,-1
338,68,355,201,35,38,1,-1,-1,-1
338,69,484,121,22,21,1,-1,-1,-1
338,70,453,109,19,19,1,-1,-1,-1
338,71,633,273,53,59,1,-1,-1,-1
338,72,407,98,18,17,1,-1,-1,-1
338,73,429,90,16,15,1,-1,-1,-1
338,74,475,90,18,19,1,-1,-1,-1
338,75,762,397,91,98,1,-1,-1,-1
338,76,452,75,14,17,1,-1,-1,-1
338,99,480,69,19,13,1,-1,-1,-1
339,0,568,142,27,25,1,-1,-1,-1
339,1,543,96,18,17,1,-1,-1,-1
339,4,527,79,16,15,1,-1,-1,-1
339,5,547,75,14,15,1,-1,-1,-1
339,6,509,84,16,17,1,-1,-1,-1
339,7,514,67,15,13,1,-1,-1,-1
339,8,523,59,14,11,1,-1,-1,-1
339,10,804,217,44,36,1,-1,-1,-1
339,15,497,73,18,15,1,-1,-1,-1
339,58,565,94,19,13,1,-1,-1,-1
339,59,296,452,76,87,1,-1,-1,-1
339,60,218,361,92,119,1,-1,-1,-1
339,62,363,301,53,69,1,-1,-1,-1
339,64,291,274,55,63,1,-1,-1,-1
339,65,607,140,31,25,1,-1,-1,-1
339,66,399,210,35,42,1,-1,-1,-1
339,67,404,399,69,115,1,-1,-1,-1
339,68,352,203,34,41,1,-1,-1,-1
339,69,484,123,22,21,1,-1,-1,-1
339,70,453,109,19,19,1,-1,-1,-1
339,71,634,271,49,56,1,-1,-1,-1
339,72,407,100,18,17,1,-1,-1,-1
339,73,429,90,16,15,1,-1,-1,-1
339,74,475,92,18,19,1,-1,-1,-1
339,75,761,391,87,94,1,-1,-1,-1
339,76,452,75,14,17,1,-1,-1,-1
339,99,480,69,19,13,1,-1,-1,-1
340,0,568,140,27,25,1,-1,-1,-1
340,1,543,96,18,17,1,-1,-1,-1
340,4,527,79,15,14,1,-1,-1,-1
340,5,548,75,14,15,1,-1,-1,-1
340,6,509,84,16,17,1,-1,-1,-1
340,7,515,67,14,13,1,-1,-1,-1
340,8,522,59,14,11,1,-1,-1,-1
340,10,804,217,44,36,1,-1,-1,-1
340,15,497,73,18,15,1,-1,-1,-1
340,58,565,94,19,13,1,-1,-1,-1
340,59,295,461,73,78,1,-1,-1,-1
340,60,211,364,99,126,1,-1,-1,-1
340,62,360,307,53,69,1,-1,-1,-1
340,64,288,277,55,63,1,-1,-1,-1
340,65,604,138,31,25,1,-1,-1,-1
340,66,398,210,36,44,1,-1,-1,-1
340,67,400,406,72,130,1,-1,-1,-1
340,68,352,206,34,38,1,-1,-1,-1
340,69,485,123,22,21,1,-1,-1,-1
340,70,454,111,19,19,1,-1,-1,-1
340,71,630,262,53,63,1,-1,-1,-1
340,72,407,102,18,17,1,-1,-1,-1
340,73,431,90,16,15,1,-1,-1,-1
340,74,475,92,18,19,1,-1,-1,-1
340,75,757,385,84,92,1,-1,-1,-1
340,76,452,75,14,17,1,-1,-1,-1
340,99,479,69,19,13,1,-1,-1,-1
341,0,566,138,28,27,1,-1,-1,-1
341,1,543,96,18,17,1,-1,-1,-1
341,4,526,79,16,14,1,-1,-1,-1
341,5,547,75,14,15,1,-1,-1,-1
341,6,509,84,16,17,1,-1,-1,-1
341,7,515,67,14,13,1,-1,-1,-1
341,8,522,59,14,11,1,-1,-1,-1
341,10,804,217,44,36,1,-1,-1,-1
341,15,497,73,18,15,1,-1,-1,-1
341,58,565,94,19,13,1,-1,-1,-1
341,59,291,472,75,67,1,-1,-1,-1
341,60,208,369,98,127,1,-1,-1,-1
341,62,357,309,54,75,1,-1,-1,-1
341,64,286,279,56,65,1,-1,-1,-1
341,65,606,140,28,23,1,-1,-1,-1
341,66,398,214,36,44,1,-1,-1,-1
341,67,394,420,76,119,1,-1,-1,-1
341,68,350,207,36,41,1,-1,-1,-1
341,69,485,125,22,21,1,-1,-1,-1
341,70,453,111,19,19,1,-1,-1,-1
341,71,629,263,52,59,1,-1,-1,-1
341,72,406,102,18,17,1,-1,-1,-1
341,73,429,92,16,15,1,-1,-1,-1
341,74,475,92,18,19,1,-1,-1,-1
341,75,754,379,83,90,1,-1,-1,-1
341,76,452,76,14,17,1,-1,-1,-1
341,99,480,69,19,13,1,-1,-1,-1
342,0,565,140,27,25,1,-1,-1,-1
342,1,543,94,18,17,1,-1,-1,-1
342,4,526,79,17,14,1,-1,-1,-1
342,5,545,75,14,15,1,-1,-1,-1
342,6,509,84,16,17,1,-1,-1,-1
342,7,515,67,14,13,1,-1,-1,-1
342,8,522,59,14,11,1,-1,-1,-1
342,10,804,217,44,36,1,-1,-1,-1
342,15,497,73,18,15,1,-1,-1,-1
342,58,565,94,19,13,1,-1,-1,-1
342,59,284,482,81,57,1,-1,-1,-1
342,60,201,375,106,130,1,-1,-1,-1
342,62,355,314,57,76,1,-1,-1,-1
342,64,281,279,61,73,1,-1,-1,-1
342,65,604,138,28,23,1,-1,-1,-1
342,66,397,217,36,44,1,-1,-1,-1
342,67,390,434,80,105,1,-1,-1,-1
342,68,351,207,35,42,1,-1,-1,-1
342,69,485,127,22,21,1,-1,-1,-1
342,70,453,111,19,19,1,-1,-1,-1
342,71,628,258,52,59,1,-1,-1,-1
342,72,406,104,18,17,1,-1,-1,-1
342,73,431,92,16,15,1,-1,-1,-1
342,74,476,94,18,19,1,-1,-1,-1
342,75,753,376,79,86,1,-1,-1,-1
342,76,451,77,18,19,1,-1,-1,-1
342,99,480,69,19,13,1,-1,-1,-1
343,0,565,140,27,25,1,-1,-1,-1
343,1,543,95,18,17,1,-1,-1,-1
343,4,526,79,16,13,1,-1,-1,-1
343,5,547,75,14,15,1,-1,-1,-1
343,6,508,84,16,17,1,-1,-1,-1
343,7,514,67,14,13,1,-1,-1,-1
343,8,522,59,14,11,1,-1,-1,-1
343,10,805,217,44,36,1,-1,-1,-1
343,15,497,73,18,15,1,-1,-1,-1
343,58,565,94,19,13,1,-1,-1,-1
343,60,192,376,110,137,1,-1,-1,-1
343,62,352,318,56,79,1,-1,-1,-1
343,64,280,281,60,71,1,-1,-1,-1
343,65,603,138,30,25,1,-1,-1,-1
343,66,397,219,36,44,1,-1,-1,-1
343,67,383,449,84,90,1,-1,-1,-1
343,68,350,208,36,44,1,-1,-1,-1
343,69,485,128,22,21,1,-1,-1,-1
343,70,453,113,20,20,1,-1,-1,-1
343,71,626,256,50,57,1,-1,-1,-1
343,72,404,104,18,17,1,-1,-1,-1
343,73,429,92,16,15,1,-1,-1,-1
343,74,476,94,18,19,1,-1,-1,-1
343,75,748,370,79,86,1,-1,-1,-1
343,76,451,75,18,19,1,-1,-1,-1
343,99,480,69,19,13,1,-1,-1,-1
344,0,566,138,27,25,1,-1,-1,-1
344,1,543,94,18,17,1,-1,-1,-1
344,4,526,79,16,13,1,-1,-1,-1
344,5,545,73,14,15,1,-1,-1,-1
344,6,509,84,16,17,1,-1,-1,-1
344,7,514,66,14,13,1,-1,-1,-1
344,8,522,57,14,11,1,-1,-1,-1
344,10,807,219,50,37,1,-1,-1,-1
344,15,497,73,18,15,1,-1,-1,-1
344,58,565,94,19,13,1,-1,-1,-1
344,60,186,381,109,136,1,-1,-1,-1
344,62,351,323,59,81,1,-1,-1,-1
344,64,278,286,62,68,1,-1,-1,-1
344,65,603,136,30,25,1,-1,-1,-1
344,66,394,221,36,46,1,-1,-1,-1
344,67,388,468,77,71,1,-1,-1,-1
344,68,348,210,36,44,1,-1,-1,-1
344,69,485,129,22,21,1,-1,-1,-1
344,70,453,113,19,19,1,-1,-1,-1
344,71,626,254,49,57,1,-1,-1,-1
344,72,404,106,18,17,1,-1,-1,-1
344,73,431,92,16,15,1,-1,-1,-1
344,74,476,96,18,19,1,-1,-1,-1
344,75,747,366,75,82,1,-1,-1,-1
344,76,451,77,18,19,1,-1,-1,-1
344,99,480,69,19,13,1,-1,-1,-1
345,0,565,138,27,25,1,-1,-1,-1
345,1,543,94,18,17,1,-1,-1,-1
345,4,525,77,16,13,1,-1,-1,-1
345,5,545,73,14,15,1,-1,-1,-1
345,6,509,84,17,17,1,-1,-1,-1
345,7,513,66,14,13,1,-1,-1,-1
345,8,522,57,14,11,1,-1,-1,-1
345,10,808,219,49,36,1,-1,-1,-1
345,15,497,74,18,15,1,-1,-1,-1
345,58,565,92,17,15,1,-1,-1,-1
345,60,184,391,108,133,1,-1,-1,-1
345,62,346,333,60,79,1,-1,-1,-1
345,64,275,289,58,69,1,-1,-1,-1
345,65,600,135,31,25,1,-1,-1,-1
345,66,394,225,36,44,1,-1,-1,-1
345,67,382,488,78,51,1,-1,-1,-1
345,68,347,212,36,44,1,-1,-1,-1
345,69,485,129,22,21,1,-1,-1,-1
345,70,454,115,19,19,1,-1,-1,-1
345,71,625,250,52,59,1,-1,-1,-1
345,72,404,106,18,17,1,-1,-1,-1
345,73,431,94,16,15,1,-1,-1,-1
345,74,476,96,18,19,1,-1,-1,-1
345,75,744,360,74,79,1,-1,-1,-1
345,76,451,77,18,19,1,-1,-1,-1
345,99,480,69,19,13,1,-1,-1,-1
346,0,565,138,27,25,1,-1,-1,-1
346,1,543,94,18,17,1,-1,-1,-1
346,4,525,77,16,13,1,-1,-1,-1
346,5,544,73,14,15,1,-1,-1,-1
346,6,509,84,16,17,1,-1,-1,-1
346,7,514,66,14,13,1,-1,-1,-1
346,8,522,57,14,11,1,-1,-1,-1
346,10,808,219,49,36,1,-1,-1,-1
346,15,497,73,18,15,1,-1,-1,-1
346,58,565,92,16,15,1,-1,-1,-1
346,60,177,393,113,142,1,-1,-1,-1
346,62,343,334,61,83,1,-1,-1,-1
346,64,274,293,60,70,1,-1,-1,-1
346,65,600,133,31,25,1,-1,-1,-1
346,66,394,223,36,47,1,-1,-1,-1
346,68,347,214,36,44,1,-1,-1,-1
346,69,485,131,22,21,1,-1,-1,-1
346,70,454,117,19,19,1,-1,-1,-1
346,71,624,251,45,52,1,-1,-1,-1
346,72,403,106,18,17,1,-1,-1,-1
346,73,429,94,16,15,1,-1,-1,-1
346,74,476,96,18,19,1,-1,-1,-1
346,75,740,354,77,84,1,-1,-1,-1
346,76,453,77,18,19,1,-1,-1,-1
346,99,479,69,19,13,1,-1,-1,-1
347,0,565,136,26,23,1,-1,-1,-1
347,1,542,94,18,17,1,-1,-1,-1
347,4,525,77,16,13,1,-1,-1,-1
347,5,544,73,14,15,1,-1,-1,-1
347,6,509,84,16,17,1,-1,-1,-1
347,7,513,66,14,13,1,-1,-1,-1
347,8,522,57,14,11,1,-1,-1,-1
347,10,808,219,49,36,1,-1,-1,-1
347,15,497,73,18,15,1,-1,-1,-1
347,58,564,90,16,15,1,-1,-1,-1
347,60,171,397,118,142,1,-1,-1,-1
347,62,342,339,61,85,1,-1,-1,-1
347,64,271,295,62,71,1,-1,-1,-1
347,65,600,133,30,25,1,-1,-1,-1
347,66,393,227,38,48,1,-1,-1,-1
347,68,345,214,36,45,1,-1,-1,-1
347,69,485,133,22,21,1,-1,-1,-1
347,70,454,117,19,19,1,-1,-1,-1
347,71,625,249,45,52,1,-1,-1,-1
347,72,403,109,18,17,1,-1,-1,-1
347,73,431,96,16,15,1,-1,-1,-1
347,74,478,98,18,19,1,-1,-1,-1
347,75,740,351,74,79,1,-1,-1,-1
347,76,454,79,18,19,1,-1,-1,-1
347,99,480,69,19,13,1,-1,-1,-1
348,0,564,135,27,25,1,-1,-1,-1
348,1,543,92,18,17,1,-1,-1,-1
348,4,525,77,16,13,1,-1,-1,-1
348,5,544,73,14,15,1,-1,-1,-1
348,6,509,84,16,17,1,-1,-1,-1
348,7,513,65,14,13,1,-1,-1,-1
348,8,521,57,14,11,1,-1,-1,-1
348,10,809,221,49,36,1,-1,-1,-1
348,15,497,73,18,15,1,-1,-1,-1
348,58,564,90,16,15,1,-1,-1,-1
348,60,167,403,118,136,1,-1,-1,-1
348,62,339,345,61,84,1,-1,-1,-1
348,64,268,297,63,73,1,-1,-1,-1
348,65,599,131,31,25,1,-1,-1,-1
348,66,391,230,40,48,1,-1,-1,-1
348,68,343,217,36,44,1,-1,-1,-1
348,69,487,133,22,21,1,-1,-1,-1
348,70,453,119,19,19,1,-1,-1,-1
348,71,623,246,45,51,1,-1,-1,-1
348,72,403,109,18,17,1,-1,-1,-1
348,73,431,96,16,15,1,-1,-1,-1
348,74,478,98,18,19,1,-1,-1,-1
348,75,736,345,73,79,1,-1,-1,-1
348,76,454,79,18,19,1,-1,-1,-1
348,99,479,69,19,13,1,-1,-1,-1
349,0,564,135,27,25,1,-1,-1,-1
349,1,542,92,18,17,1,-1,-1,-1
349,4,523,77,16,13,1,-1,-1,-1
349,5,545,73,14,15,1,-1,-1,-1
349,6,509,84,16,17,1,-1,-1,-1
349,7,513,66,14,13,1,-1,-1,-1
349,8,519,57,14,11,1,-1,-1,-1
349,10,811,221,49,36,1,-1,-1,-1
349,15,497,73,18,15,1,-1,-1,-1
349,58,562,90,16,15,1,-1,-1,-1
349,60,158,406,125,133,1,-1,-1,-1
349,62,338,347,61,89,1,-1,-1,-1
349,64,266,302,62,72,1,-1,-1,-1
349,65,598,131,31,25,1,-1,-1,-1
349,66,391,231,36,49,1,-1,-1,-1
349,68,343,219,36,44,1,-1,-1,-1
349,69,487,136,22,21,1,-1,-1,-1
349,70,453,119,19,19,1,-1,-1,-1
349,71,623,244,44,51,1,-1,-1,-1
349,72,403,111,18,17,1,-1,-1,-1
349,73,429,96,16,15,1,-1,-1,-1
349,74,478,100,18,19,1,-1,-1,-1
349,75,736,341,70,75,1,-1,-1,-1
349,76,453,79,18,19,1,-1,-1,-1
349,99,479,69,19,13,1,-1,-1,-1
350,0,564,135,27,25,1,-1,-1,-1
350,1,542,92,18,17,1,-1,-1,-1
350,4,523,77,16,13,1,-1,-1,-1
350,5,545,73,14,15,1,-1,-1,-1
350,6,509,84,16,17,1,-1,-1,-1
350,7,513,65,14,13,1,-1,-1,-1
350,8,519,57,14,11,1,-1,-1,-1
350,10,812,221,49,36,1,-1,-1,-1
350,15,497,73,18,15,1,-1,-1,-1
350,58,562,90,16,15,1,-1,-1,-1
350,60,155,416,124,123,1,-1,-1,-1
350,62,333,355,63,88,1,-1,-1,-1
350,64,263,304,65,75,1,-1,-1,-1
350,65,596,129,31,25,1,-1,-1,-1
350,66,391,236,36,48,1,-1,-1,-1
350,68,343,221,36,44,1,-1,-1,-1
350,69,485,136,22,21,1,-1,-1,-1
350,70,452,118,20,22,1,-1,-1,-1
350,71,622,241,44,51,1,-1,-1,-1
350,72,401,109,21,22,1,-1,-1,-1
350,73,431,96,17,18,1,-1,-1,-1
350,74,477,99,22,24,1,-1,-1,-1
350,75,732,339,66,73,1,-1,-1,-1
350,76,454,79,18,19,1,-1,-1,-1
350,99,480,69,19,13,1,-1,-1,-1
351,0,562,133,26,25,1,-1,-1,-1
351,1,542,92,18,17,1,-1,-1,-1
351,4,523,77,16,13,1,-1,-1,-1
351,5,544,73,15,14,1,-1,-1,-1
351,6,509,84,16,17,1,-1,-1,-1
351,7,514,65,14,13,1,-1,-1,-1
351,10,811,221,49,36,1,-1,-1,-1
351,15,497,75,18,15,1,-1,-1,-1
351,58,564,90,16,15,1,-1,-1,-1
351,60,156,422,120,117,1,-1,-1,-1
351,62,329,362,66,92,1,-1,-1,-1
351,64,260,308,66,74,1,-1,-1,-1
351,65,595,129,31,25,1,-1,-1,-1
351,66,388,237,40,52,1,-1,-1,-1
351,68,338,224,40,46,1,-1,-1,-1
351,69,486,138,22,25,1,-1,-1,-1
351,70,453,121,19,19,1,-1,-1,-1
351,71,622,239,43,51,1,-1,-1,-1
351,72,399,111,20,21,1,-1,-1,-1
351,73,431,96,16,17,1,-1,-1,-1
351,74,476,100,22,23,1,-1,-1,-1
351,75,728,333,73,72,1,-1,-1,-1
351,76,454,81,18,19,1,-1,-1,-1
351,99,479,69,19,13,1,-1,-1,-1
352,0,561,133,27,25,1,-1,-1,-1
352,1,540,92,18,17,1,-1,-1,-1
352,4,523,77,16,13,1,-1,-1,-1
352,5,543,73,14,13,1,-1,-1,-1
352,6,508,84,16,17,1,-1,-1,-1
352,7,513,65,14,13,1,-1,-1,-1
352,10,812,221,49,36,1,-1,-1,-1
352,15,497,73,18,15,1,-1,-1,-1
352,58,562,88,16,15,1,-1,-1,-1
352,60,146,428,125,111,1,-1,-1,-1
352,62,324,366,69,99,1,-1,-1,-1
352,64,257,309,67,78,1,-1,-1,-1
352,65,599,130,27,22,1,-1,-1,-1
352,66,389,239,39,51,1,-1,-1,-1
352,68,337,225,38,47,1,-1,-1,-1
352,69,485,139,24,25,1,-1,-1,-1
352,70,452,120,21,23,1,-1,-1,-1
352,71,619,235,44,52,1,-1,-1,-1
352,72,399,113,20,21,1,-1,-1,-1
352,73,432,98,16,17,1,-1,-1,-1
352,74,478,100,22,23,1,-1,-1,-1
352,75,727,329,73,74,1,-1,-1,-1
352,76,454,81,18,19,1,-1,-1,-1
352,99,479,69,19,13,1,-1,-1,-1
353,0,562,133,27,25,1,-1,-1,-1
353,1,539,92,18,17,1,-1,-1,-1
353,4,522,77,16,13,1,-1,-1,-1
353,5,543,73,14,13,1,-1,-1,-1
353,6,509,84,16,17,1,-1,-1,-1
353,7,513,65,14,13,1,-1,-1,-1
353,10,812,223,49,36,1,-1,-1,-1
353,15,497,73,18,15,1,-1,-1,-1
353,58,561,88,16,15,1,-1,-1,-1
353,60,151,434,118,105,1,-1,-1,-1
353,62,322,372,68,98,1,-1,-1,-1
353,64,256,314,66,76,1,-1,-1,-1
353,65,595,127,31,25,1,-1,-1,-1
353,66,387,241,39,54,1,-1,-1,-1
353,68,335,226,40,48,1,-1,-1,-1
353,69,487,142,22,21,1,-1,-1,-1
353,70,453,123,19,19,1,-1,-1,-1
353,71,620,235,41,48,1,-1,-1,-1
353,72,399,113,20,21,1,-1,-1,-1
353,73,431,98,16,17,1,-1,-1,-1
353,74,479,102,22,23,1,-1,-1,-1
353,75,724,324,71,74,1,-1,-1,-1
353,76,454,82,18,19,1,-1,-1,-1
353,99,479,69,19,13,1,-1,-1,-1
354,0,562,133,26,23,1,-1,-1,-1
354,1,539,90,18,17,1,-1,-1,-1
354,4,522,77,16,13,1,-1,-1,-1
354,5,543,73,14,13,1,-1,-1,-1
354,6,509,84,16,17,1,-1,-1,-1
354,7,513,65,14,13,1,-1,-1,-1
354,10,813,223,49,36,1,-1,-1,-1
354,15,497,73,18,15,1,-1,-1,-1
354,58,561,88,16,15,1,-1,-1,-1
354,60,149,439,116,100,1,-1,-1,-1
354,62,320,380,71,101,1,-1,-1,-1
354,64,253,316,69,80,1,-1,-1,-1
354,65,597,129,26,20,1,-1,-1,-1
354,66,385,244,41,53,1,-1,-1,-1
354,68,335,229,39,46,1,-1,-1,-1
354,69,486,142,23,24,1,-1,-1,-1
354,70,453,125,19,19,1,-1,-1,-1
354,71,618,233,41,48,1,-1,-1,-1
354,72,399,113,20,21,1,-1,-1,-1
354,73,431,98,16,17,1,-1,-1,-1
354,74,478,102,22,23,1,-1,-1,-1
354,75,718,316,74,79,1,-1,-1,-1
354,76,454,82,18,19,1,-1,-1,-1
354,99,479,69,19,13,1,-1,-1,-1
355,0,562,132,25,23,1,-1,-1,-1
355,1,539,90,18,17,1,-1,-1,-1
355,4,522,75,16,13,1,-1,-1,-1
355,5,543,73,14,13,1,-1,-1,-1
355,6,509,84,16,17,1,-1,-1,-1
355,7,512,65,14,13,1,-1,-1,-1
355,10,813,223,49,36,1,-1,-1,-1
355,15,497,75,18,15,1,-1,-1,-1
355,58,561,88,16,15,1,-1,-1,-1
355,60,127,448,135,91,1,-1,-1,-1
355,62,316,386,71,102,1,-1,-1,-1
355,64,250,318,69,83,1,-1,-1,-1
355,65,596,128,25,21,1,-1,-1,-1
355,66,383,248,41,53,1,-1,-1,-1
355,68,333,230,42,50,1,-1,-1,-1
355,69,485,142,26,28,1,-1,-1,-1
355,70,453,123,20,24,1,-1,-1,-1
355,71,617,230,41,47,1,-1,-1,-1
355,72,398,115,20,21,1,-1,-1,-1
355,73,430,98,16,17,1,-1,-1,-1
355,74,478,102,22,23,1,-1,-1,-1
355,75,720,319,68,65,1,-1,-1,-1
355,76,454,82,18,19,1,-1,-1,-1
355,99,479,69,19,13,1,-1,-1,-1
356,0,561,132,25,22,1,-1,-1,-1
356,1,539,90,18,17,1,-1,-1,-1
356,4,523,76,16,13,1,-1,-1,-1
356,5,542,71,14,13,1,-1,-1,-1
356,6,509,84,16,17,1,-1,-1,-1
356,7,512,65,14,13,1,-1,-1,-1
356,10,813,223,49,36,1,-1,-1,-1
356,15,497,73,18,15,1,-1,-1,-1
356,58,561,88,16,15,1,-1,-1,-1
356,60,126,453,130,86,1,-1,-1,-1
356,62,309,394,75,105,1,-1,-1,-1
356,64,247,324,70,80,1,-1,-1,-1
356,65,595,127,24,21,1,-1,-1,-1
356,66,384,249,40,53,1,-1,-1,-1
356,68,333,235,39,46,1,-1,-1,-1
356,69,484,144,26,28,1,-1,-1,-1
356,70,453,125,19,23,1,-1,-1,-1
356,71,616,228,41,48,1,-1,-1,-1
356,72,398,117,20,21,1,-1,-1,-1
356,73,429,100,16,17,1,-1,-1,-1
356,74,480,104,22,23,1,-1,-1,-1
356,75,718,314,67,65,1,-1,-1,-1
356,76,454,82,18,19,1,-1,-1,-1
356,99,479,70,20,13,1,-1,-1,-1
357,0,560,131,26,21,1,-1,-1,-1
357,1,539,90,18,17,1,-1,-1,-1
357,4,522,75,15,13,1,-1,-1,-1
357,5,542,71,14,13,1,-1,-1,-1
357,6,508,84,16,17,1,-1,-1,-1
357,7,512,63,14,13,1,-1,-1,-1
357,10,815,223,49,36,1,-1,-1,-1
357,15,497,75,18,15,1,-1,-1,-1
357,58,561,88,16,15,1,-1,-1,-1
357,60,142,459,113,80,1,-1,-1,-1
357,62,305,399,79,115,1,-1,-1,-1
357,64,245,324,70,83,1,-1,-1,-1
357,65,595,127,24,21,1,-1,-1,-1
357,66,381,252,39,52,1,-1,-1,-1
357,68,334,237,39,46,1,-1,-1,-1
357,69,485,146,26,28,1,-1,-1,-1
357,70,453,129,19,19,1,-1,-1,-1
357,71,615,226,42,46,1,-1,-1,-1
357,72,398,117,20,21,1,-1,-1,-1
357,73,431,100,16,17,1,-1,-1,-1
357,74,480,106,22,23,1,-1,-1,-1
357,75,716,310,66,65,1,-1,-1,-1
357,76,454,84,18,19,1,-1,-1,-1
357,99,479,69,19,13,1,-1,-1,-1
358,0,560,131,24,21,1,-1,-1,-1
358,1,539,90,18,17,1,-1,-1,-1
358,4,522,75,15,13,1,-1,-1,-1
358,5,542,71,14,13,1,-1,-1,-1
358,6,509,84,16,17,1,-1,-1,-1
358,7,512,63,14,13,1,-1,-1,-1
358,10,816,225,49,36,1,-1,-1,-1
358,15,497,73,18,15,1,-1,-1,-1
358,58,560,86,16,15,1,-1,-1,-1
358,60,130,460,124,79,1,-1,-1,-1
358,62,300,407,80,113,1,-1,-1,-1
358,64,241,329,74,83,1,-1,-1,-1
358,65,594,125,24,21,1,-1,-1,-1
358,66,379,255,44,58,1,-1,-1,-1
358,68,329,236,43,50,1,-1,-1,-1
358,69,485,148,26,28,1,-1,-1,-1
358,70,453,129,19,19,1,-1,-1,-1
358,71,614,225,41,43,1,-1,-1,-1
358,72,397,119,20,21,1,-1,-1,-1
358,73,431,100,16,17,1,-1,-1,-1
358,74,480,106,22,23,1,-1,-1,-1
358,75,714,302,67,71,1,-1,-1,-1
358,76,454,84,18,19,1,-1,-1,-1
358,99,479,69,19,13,1,-1,-1,-1
359,0,560,131,24,21,1,-1,-1,-1
359,1,539,90,18,17,1,-1,-1,-1
359,4,522,75,15,13,1,-1,-1,-1
359,5,542,71,14,13,1,-1,-1,-1
359,6,508,86,19,16,1,-1,-1,-1
359,7,512,63,14,13,1,-1,-1,-1
359,10,817,225,49,36,1,-1,-1,-1
359,15,498,75,16,16,1,-1,-1,-1
359,58,561,86,16,15,1,-1,-1,-1
359,60,137,471,107,68,1,-1,-1,-1
359,62,296,413,81,121,1,-1,-1,-1
359,64,238,333,74,83,1,-1,-1,-1
359,65,592,125,24,21,1,-1,-1,-1
359,66,380,260,39,52,1,-1,-1,-1
359,68,328,237,42,52,1,-1,-1,-1
359,69,485,150,26,28,1,-1,-1,-1
359,70,451,127,21,24,1,-1,-1,-1
359,71,613,223,41,46,1,-1,-1,-1
359,72,397,119,20,21,1,-1,-1,-1
359,73,432,101,16,17,1,-1,-1,-1
359,74,480,108,22,23,1,-1,-1,-1
359,75,711,301,63,62,1,-1,-1,-1
359,76,453,84,18,20,1,-1,-1,-1
359,99,479,69,19,13,1,-1,-1,-1
360,0,559,129,24,21,1,-1,-1,-1
360,1,538,88,18,17,1,-1,-1,-1
360,4,522,75,15,13,1,-1,-1,-1
360,5,540,71,14,13,1,-1,-1,-1
360,6,508,86,19,15,1,-1,-1,-1
360,7,510,63,14,13,1,-1,-1,-1
360,10,816,225,53,38,1,-1,-1,-1
360,15,497,75,15,15,1,-1,-1,-1
360,58,560,86,16,15,1,-1,-1,-1
360,60,117,460,125,79,1,-1,-1,-1
360,62,289,420,85,119,1,-1,-1,-1
360,64,235,335,76,85,1,-1,-1,-1
360,65,591,123,24,21,1,-1,-1,-1
360,66,377,261,44,60,1,-1,-1,-1
360,68,327,240,43,52,1,-1,-1,-1
360,69,485,152,26,28,1,-1,-1,-1
360,70,450,128,24,24,1,-1,-1,-1
360,71,611,221,41,45,1,-1,-1,-1
360,72,395,121,20,21,1,-1,-1,-1
360,73,431,101,16,17,1,-1,-1,-1
360,74,480,108,22,23,1,-1,-1,-1
360,75,708,298,64,62,1,-1,-1,-1
360,76,455,86,18,19,1,-1,-1,-1
360,77,889,489,94,50,1,-1,-1,-1
360,99,479,69,19,13,1,-1,-1,-1
361,0,557,129,24,21,1,-1,-1,-1
361,1,538,88,18,17,1,-1,-1,-1
361,4,522,75,15,13,1,-1,-1,-1
361,5,540,71,14,13,1,-1,-1,-1
361,6,508,86,19,15,1,-1,-1,-1
361,7,509,63,14,13,1,-1,-1,-1
361,10,815,225,50,38,1,-1,-1,-1
361,15,497,75,15,15,1,-1,-1,-1
361,58,559,86,16,15,1,-1,-1,-1
361,62,285,428,85,111,1,-1,-1,-1
361,64,230,335,81,95,1,-1,-1,-1
361,65,591,123,24,21,1,-1,-1,-1
361,66,376,263,44,62,1,-1,-1,-1
361,68,324,239,47,58,1,-1,-1,-1
361,69,485,153,27,28,1,-1,-1,-1
361,70,451,130,20,23,1,-1,-1,-1
361,71,609,219,40,44,1,-1,-1,-1
361,72,394,123,20,21,1,-1,-1,-1
361,73,432,102,16,17,1,-1,-1,-1
361,74,480,109,22,23,1,-1,-1,-1
361,75,707,296,61,59,1,-1,-1,-1
361,76,454,86,19,21,1,-1,-1,-1
361,77,884,482,102,55,1,-1,-1,-1
361,99,479,69,19,13,1,-1,-1,-1
362,0,557,129,24,21,1,-1,-1,-1
362,1,538,88,18,17,1,-1,-1,-1
362,4,522,73,15,13,1,-1,-1,-1
362,5,540,69,14,13,1,-1,-1,-1
362,6,508,86,19,15,1,-1,-1,-1
362,7,509,63,14,13,1,-1,-1,-1
362,10,816,225,53,40,1,-1,-1,-1
362,15,497,75,15,15,1,-1,-1,-1
362,58,560,86,16,15,1,-1,-1,-1
362,62,284,438,84,101,1,-1,-1,-1
362,64,228,337,83,96,1,-1,-1,-1
362,65,590,123,24,21,1,-1,-1,-1
362,66,374,266,46,63,1,-1,-1,-1
362,68,322,241,47,57,1,-1,-1,-1
362,69,487,156,26,28,1,-1,-1,-1
362,70,449,131,24,27,1,-1,-1,-1
362,71,608,216,40,44,1,-1,-1,-1
362,72,395,123,20,21,1,-1,-1,-1
362,73,432,103,16,17,1,-1,-1,-1
362,74,480,111,22,23,1,-1,-1,-1
362,75,705,292,60,59,1,-1,-1,-1
362,76,454,86,19,21,1,-1,-1,-1
362,77,880,474,103,64,1,-1,-1,-1
362,99,480,69,19,13,1,-1,-1,-1
363,0,557,129,24,21,1,-1,-1,-1
363,1,538,88,18,17,1,-1,-1,-1
363,4,522,73,15,13,1,-1,-1,-1
363,5,539,69,14,13,1,-1,-1,-1
363,6,508,86,19,15,1,-1,-1,-1
363,7,509,63,14,13,1,-1,-1,-1
363,10,816,225,50,42,1,-1,-1,-1
363,15,497,75,15,15,1,-1,-1,-1
363,58,559,86,16,15,1,-1,-1,-1
363,62,278,448,87,91,1,-1,-1,-1
363,64,228,347,75,90,1,-1,-1,-1
363,65,590,121,24,21,1,-1,-1,-1
363,66,371,270,47,64,1,-1,-1,-1
363,68,321,244,48,59,1,-1,-1,-1
363,69,487,158,26,28,1,-1,-1,-1
363,70,449,133,23,27,1,-1,-1,-1
363,71,608,216,40,44,1,-1,-1,-1
363,72,394,124,22,22,1,-1,-1,-1
363,73,431,102,19,21,1,-1,-1,-1
363,74,480,111,22,23,1,-1,-1,-1
363,75,703,290,58,55,1,-1,-1,-1
363,76,454,86,19,21,1,-1,-1,-1
363,77,872,463,111,76,1,-1,-1,-1
363,99,480,69,19,13,1,-1,-1,-1
364,0,557,127,24,21,1,-1,-1,-1
364,1,538,86,18,17,1,-1,-1,-1
364,4,521,73,15,13,1,-1,-1,-1
364,5,539,69,14,13,1,-1,-1,-1
364,6,506,86,19,17,1,-1,-1,-1
364,7,509,63,14,13,1,-1,-1,-1
364,10,815,223,53,44,1,-1,-1,-1
364,15,497,75,15,15,1,-1,-1,-1
364,58,559,86,16,15,1,-1,-1,-1
364,62,274,458,88,81,1,-1,-1,-1
364,64,224,347,78,91,1,-1,-1,-1
364,65,590,121,24,21,1,-1,-1,-1
364,66,370,272,48,67,1,-1,-1,-1
364,68,321,246,48,59,1,-1,-1,-1
364,69,487,160,27,28,1,-1,-1,-1
364,70,449,133,23,28,1,-1,-1,-1
364,71,606,212,41,46,1,-1,-1,-1
364,72,394,127,20,21,1,-1,-1,-1
364,73,429,104,16,17,1,-1,-1,-1
364,74,480,113,22,23,1,-1,-1,-1
364,75,700,286,61,57,1,-1,-1,-1
364,76,454,88,19,21,1,-1,-1,-1
364,77,868,452,112,87,1,-1,-1,-1
364,99,479,71,19,13,1,-1,-1,-1
365,0,556,127,24,21,1,-1,-1,-1
365,1,536,86,18,17,1,-1,-1,-1
365,4,521,73,15,13,1,-1,-1,-1
365,5,539,69,14,13,1,-1,-1,-1
365,6,508,88,19,15,1,-1,-1,-1
365,7,509,63,14,13,1,-1,-1,-1
365,10,817,225,53,44,1,-1,-1,-1
365,15,498,75,15,15,1,-1,-1,-1
365,58,560,85,15,15,1,-1,-1,-1
365,62,271,464,84,75,1,-1,-1,-1
365,64,221,350,78,95,1,-1,-1,-1
365,65,589,121,24,21,1,-1,-1,-1
365,66,368,276,49,67,1,-1,-1,-1
365,68,318,250,45,57,1,-1,-1,-1
365,69,487,163,27,28,1,-1,-1,-1
365,70,449,135,24,28,1,-1,-1,-1
365,71,606,212,40,44,1,-1,-1,-1
365,72,394,127,20,21,1,-1,-1,-1
365,73,429,106,16,17,1,-1,-1,-1
365,74,480,115,22,23,1,-1,-1,-1
365,75,697,281,61,57,1,-1,-1,-1
365,76,454,88,19,21,1,-1,-1,-1
365,77,861,442,113,97,1,-1,-1,-1
365,99,479,69,19,13,1,-1,-1,-1
366,0,556,127,24,21,1,-1,-1,-1
366,1,536,86,18,17,1,-1,-1,-1
366,4,521,73,15,13,1,-1,-1,-1
366,5,540,70,14,13,1,-1,-1,-1
366,6,509,88,19,15,1,-1,-1,-1
366,7,509,62,14,13,1,-1,-1,-1
366,10,818,227,50,42,1,-1,-1,-1
366,15,498,77,15,15,1,-1,-1,-1
366,58,559,84,15,15,1,-1,-1,-1
366,62,271,477,82,62,1,-1,-1,-1
366,64,217,358,81,93,1,-1,-1,-1
366,65,586,119,24,21,1,-1,-1,-1
366,66,367,283,50,63,1,-1,-1,-1
366,68,317,252,44,55,1,-1,-1,-1
366,69,487,165,26,28,1,-1,-1,-1
366,70,448,136,24,28,1,-1,-1,-1
366,71,603,208,40,44,1,-1,-1,-1
366,72,393,129,20,21,1,-1,-1,-1
366,73,429,106,16,17,1,-1,-1,-1
366,74,481,115,22,23,1,-1,-1,-1
366,75,693,275,65,59,1,-1,-1,-1
366,76,454,88,19,21,1,-1,-1,-1
366,77,858,435,117,101,1,-1,-1,-1
366,99,479,71,19,13,1,-1,-1,-1
367,0,556,125,24,21,1,-1,-1,-1
367,1,535,86,18,17,1,-1,-1,-1
367,4,519,73,15,13,1,-1,-1,-1
367,5,540,70,14,13,1,-1,-1,-1
367,6,508,88,19,15,1,-1,-1,-1
367,7,508,63,14,13,1,-1,-1,-1
367,10,817,225,53,44,1,-1,-1,-1
367,15,498,75,15,15,1,-1,-1,-1
367,58,557,84,15,15,1,-1,-1,-1
367,62,266,487,82,52,1,-1,-1,-1
367,64,213,361,83,95,1,-1,-1,-1
367,65,587,119,24,21,1,-1,-1,-1
367,66,363,282,52,70,1,-1,-1,-1
367,68,317,256,44,55,1,-1,-1,-1
367,69,487,165,26,31,1,-1,-1,-1
367,70,449,136,24,28,1,-1,-1,-1
367,71,603,206,40,44,1,-1,-1,-1
367,72,392,128,22,25,1,-1,-1,-1
367,73,429,106,18,19,1,-1,-1,-1
367,74,481,115,22,23,1,-1,-1,-1
367,75,693,273,61,57,1,-1,-1,-1
367,76,454,90,19,21,1,-1,-1,-1
367,77,854,429,116,109,1,-1,-1,-1
367,99,479,71,19,13,1,-1,-1,-1
368,0,556,125,24,21,1,-1,-1,-1
368,1,535,86,18,17,1,-1,-1,-1
368,4,519,73,15,13,1,-1,-1,-1
368,5,539,69,16,14,1,-1,-1,-1
368,6,508,88,19,15,1,-1,-1,-1
368,7,508,61,14,13,1,-1,-1,-1
368,10,820,227,50,40,1,-1,-1,-1
368,15,498,75,15,15,1,-1,-1,-1
368,58,557,84,15,15,1,-1,-1,-1
368,62,262,499,82,40,1,-1,-1,-1
368,64,210,360,84,99,1,-1,-1,-1
368,65,586,117,24,21,1,-1,-1,-1
368,66,361,287,54,72,1,-1,-1,-1
368,68,314,258,48,55,1,-1,-1,-1
368,69,487,169,27,28,1,-1,-1,-1
368,70,448,138,23,28,1,-1,-1,-1
368,71,602,204,40,44,1,-1,-1,-1
368,72,391,131,20,21,1,-1,-1,-1
368,73,431,108,16,17,1,-1,-1,-1
368,74,481,117,22,23,1,-1,-1,-1
368,75,692,273,57,52,1,-1,-1,-1
368,76,454,90,19,21,1,-1,-1,-1
368,77,847,421,108,109,1,-1,-1,-1
368,99,479,71,19,13,1,-1,-1,-1
369,0,555,125,26,21,1,-1,-1,-1
369,1,535,86,18,17,1,-1,-1,-1
369,4,519,73,15,13,1,-1,-1,-1
369,5,539,69,15,13,1,-1,-1,-1
369,6,508,88,19,15,1,-1,-1,-1
369,7,508,61,14,13,1,-1,-1,-1
369,10,820,227,52,44,1,-1,-1,-1
369,15,498,75,15,15,1,-1,-1,-1
369,58,557,84,15,15,1,-1,-1,-1
369,62,258,507,82,32,1,-1,-1,-1
369,64,205,366,87,102,1,-1,-1,-1
369,65,586,117,24,21,1,-1,-1,-1
369,66,359,291,53,71,1,-1,-1,-1
369,68,312,260,49,58,1,-1,-1,-1
369,69,487,171,27,28,1,-1,-1,-1
369,70,448,140,23,28,1,-1,-1,-1
369,71,600,202,40,44,1,-1,-1,-1
369,72,390,130,23,26,1,-1,-1,-1
369,73,429,106,19,20,1,-1,-1,-1
369,74,481,118,22,27,1,-1,-1,-1
369,75,689,268,57,54,1,-1,-1,-1
369,76,454,92,19,21,1,-1,-1,-1
369,77,842,412,105,106,1,-1,-1,-1
369,99,479,71,19,13,1,-1,-1,-1
370,0,555,125,26,21,1,-1,-1,-1
370,1,535,86,18,17,1,-1,-1,-1
370,4,519,71,17,14,1,-1,-1,-1
370,5,539,69,15,13,1,-1,-1,-1
370,6,508,88,19,15,1,-1,-1,-1
370,7,506,61,14,13,1,-1,-1,-1
370,10,820,229,52,44,1,-1,-1,-1
370,15,498,75,15,15,1,-1,-1,-1
370,58,557,84,15,15,1,-1,-1,-1
370,64,203,371,85,100,1,-1,-1,-1
370,65,585,117,24,21,1,-1,-1,-1
370,66,356,295,54,73,1,-1,-1,-1
370,68,312,264,44,55,1,-1,-1,-1
370,69,486,171,28,32,1,-1,-1,-1
370,70,449,142,23,27,1,-1,-1,-1
370,71,599,200,40,44,1,-1,-1,-1
370,72,390,131,23,25,1,-1,-1,-1
370,73,430,107,18,20,1,-1,-1,-1
370,74,480,119,22,27,1,-1,-1,-1
370,75,689,268,53,50,1,-1,-1,-1
370,76,454,92,19,21,1,-1,-1,-1
370,77,838,405,101,102,1,-1,-1,-1
370,78,428,93,19,18,1,-1,-1,-1
370,99,479,71,19,13,1,-1,-1,-1
371,0,553,123,24,21,1,-1,-1,-1
371,1,535,84,18,17,1,-1,-1,-1
371,4,518,71,16,13,1,-1,-1,-1
371,5,538,69,15,13,1,-1,-1,-1
371,6,508,88,19,15,1,-1,-1,-1
371,7,506,61,14,13,1,-1,-1,-1
371,10,821,229,50,42,1,-1,-1,-1
371,15,498,77,15,15,1,-1,-1,-1
371,58,557,84,15,15,1,-1,-1,-1
371,64,197,373,93,106,1,-1,-1,-1
371,65,585,115,24,21,1,-1,-1,-1
371,66,356,300,53,71,1,-1,-1,-1
371,68,309,264,49,58,1,-1,-1,-1
371,69,487,175,27,30,1,-1,-1,-1
371,70,448,142,23,27,1,-1,-1,-1
371,71,599,198,40,44,1,-1,-1,-1
371,72,387,133,23,25,1,-1,-1,-1
371,73,429,109,15,17,1,-1,-1,-1
371,74,480,121,22,27,1,-1,-1,-1
371,75,685,264,53,50,1,-1,-1,-1
371,76,454,92,19,21,1,-1,-1,-1
371,77,834,397,100,100,1,-1,-1,-1
371,78,428,94,19,17,1,-1,-1,-1
371,99,479,71,19,13,1,-1,-1,-1
372,0,553,123,24,21,1,-1,-1,-1
372,1,535,84,18,17,1,-1,-1,-1
372,4,518,71,16,13,1,-1,-1,-1
372,5,538,69,15,13,1,-1,-1,-1
372,6,508,87,19,15,1,-1,-1,-1
372,7,505,61,14,13,1,-1,-1,-1
372,10,820,229,53,44,1,-1,-1,-1
372,15,497,77,15,15,1,-1,-1,-1
372,58,556,82,15,15,1,-1,-1,-1
372,64,194,378,91,107,1,-1,-1,-1
372,65,583,115,24,21,1,-1,-1,-1
372,66,352,303,58,76,1,-1,-1,-1
372,68,308,263,49,61,1,-1,-1,-1
372,69,485,175,27,33,1,-1,-1,-1
372,70,446,146,23,28,1,-1,-1,-1
372,71,598,196,39,42,1,-1,-1,-1
372,72,387,135,23,25,1,-1,-1,-1
372,73,430,109,18,20,1,-1,-1,-1
372,74,481,121,22,28,1,-1,-1,-1
372,75,684,260,56,52,1,-1,-1,-1
372,76,454,94,19,21,1,-1,-1,-1
372,77,829,389,97,98,1,-1,-1,-1
372,78,427,94,19,17,1,-1,-1,-1
372,99,479,71,19,13,1,-1,-1,-1
373,0,553,123,24,21,1,-1,-1,-1
373,1,535,84,18,17,1,-1,-1,-1
373,4,518,71,16,13,1,-1,-1,-1
373,5,538,69,15,13,1,-1,-1,-1
373,6,508,87,18,17,1,-1,-1,-1
373,7,505,61,14,13,1,-1,-1,-1
373,10,821,229,53,44,1,-1,-1,-1
373,15,497,77,15,15,1,-1,-1,-1
373,58,556,82,15,15,1,-1,-1,-1
373,64,192,383,91,106,1,-1,-1,-1
373,65,582,115,24,21,1,-1,-1,-1
373,66,351,307,57,78,1,-1,-1,-1
373,68,306,268,48,60,1,-1,-1,-1
373,69,485,181,27,30,1,-1,-1,-1
373,70,446,146,23,27,1,-1,-1,-1
373,71,598,196,36,40,1,-1,-1,-1
373,72,386,136,24,25,1,-1,-1,-1
373,73,429,111,18,17,1,-1,-1,-1
373,74,481,123,22,28,1,-1,-1,-1
373,75,682,257,54,50,1,-1,-1,-1
373,76,454,94,19,21,1,-1,-1,-1
373,77,825,383,94,94,1,-1,-1,-1
373,78,428,96,19,17,1,-1,-1,-1
373,81,431,65,16,16,1,-1,-1,-1
373,82,410,68,15,16,1,-1,-1,-1
373,83,453,65,15,15,1,-1,-1,-1
373,99,478,71,19,13,1,-1,-1,-1
374,0,553,122,24,22,1,-1,-1,-1
374,1,535,84,18,17,1,-1,-1,-1
374,4,518,69,16,13,1,-1,-1,-1
374,5,538,69,15,13,1,-1,-1,-1
374,6,508,86,18,17,1,-1,-1,-1
374,7,505,61,14,13,1,-1,-1,-1
374,10,821,231,52,44,1,-1,-1,-1
374,15,497,76,17,16,1,-1,-1,-1
374,58,556,82,15,15,1,-1,-1,-1
374,64,186,386,92,110,1,-1,-1,-1
374,65,582,113,24,21,1,-1,-1,-1
374,66,348,314,57,75,1,-1,-1,-1
374,68,304,272,50,60,1,-1,-1,-1
374,69,484,178,33,38,1,-1,-1,-1
374,70,446,150,23,27,1,-1,-1,-1
374,71,596,194,39,42,1,-1,-1,-1
374,72,386,138,23,25,1,-1,-1,-1
374,73,428,113,15,17,1,-1,-1,-1
374,74,481,125,22,27,1,-1,-1,-1
374,75,680,254,53,50,1,-1,-1,-1
374,76,455,96,19,21,1,-1,-1,-1
374,77,821,376,90,90,1,-1,-1,-1
374,78,427,96,19,17,1,-1,-1,-1
374,81,431,65,15,15,1,-1,-1,-1
374,82,410,67,14,15,1,-1,-1,-1
374,83,453,65,14,15,1,-1,-1,-1
374,99,479,71,19,13,1,-1,-1,-1
375,0,552,121,24,21,1,-1,-1,-1
375,1,534,84,18,17,1,-1,-1,-1
375,4,517,69,16,13,1,-1,-1,-1
375,5,536,67,15,13,1,-1,-1,-1
375,6,509,86,18,17,1,-1,-1,-1
375,7,505,61,14,13,1,-1,-1,-1
375,10,822,231,50,42,1,-1,-1,-1
375,15,497,75,16,15,1,-1,-1,-1
375,58,555,82,15,15,1,-1,-1,-1
375,64,183,394,94,109,1,-1,-1,-1
375,65,582,113,23,19,1,-1,-1,-1
375,66,343,316,61,81,1,-1,-1,-1
375,68,302,273,52,62,1,-1,-1,-1
375,69,484,181,32,38,1,-1,-1,-1
375,70,445,148,24,28,1,-1,-1,-1
375,71,595,190,39,42,1,-1,-1,-1
375,72,386,138,23,25,1,-1,-1,-1
375,73,428,113,15,17,1,-1,-1,-1
375,74,481,125,22,27,1,-1,-1,-1
375,75,676,250,54,50,1,-1,-1,-1
375,76,454,96,19,21,1,-1,-1,-1
375,77,815,368,91,92,1,-1,-1,-1
375,78,427,96,19,17,1,-1,-1,-1
375,81,431,65,15,15,1,-1,-1,-1
375,82,410,69,14,15,1,-1,-1,-1
375,83,454,65,14,15,1,-1,-1,-1
375,99,478,71,19,13,1,-1,-1,-1
376,0,551,119,23,21,1,-1,-1,-1
376,1,534,84,18,17,1,-1,-1,-1
376,4,517,69,16,13,1,-1,-1,-1
376,5,536,67,15,13,1,-1,-1,-1
376,6,509,86,18,17,1,-1,-1,-1
376,7,505,61,14,13,1,-1,-1,-1
376,10,822,231,50,42,1,-1,-1,-1
376,15,497,75,16,15,1,-1,-1,-1
376,58,555,82,15,15,1,-1,-1,-1
376,64,179,394,94,114,1,-1,-1,-1
376,65,582,111,23,21,1,-1,-1,-1
376,66,343,322,57,77,1,-1,-1,-1
376,68,298,273,55,66,1,-1,-1,-1
376,69,484,183,31,36,1,-1,-1,-1
376,70,446,152,23,28,1,-1,-1,-1
376,71,594,190,40,44,1,-1,-1,-1
376,72,384,140,26,27,1,-1,-1,-1
376,73,430,113,16,18,1,-1,-1,-1
376,74,483,127,22,27,1,-1,-1,-1
376,75,676,248,52,48,1,-1,-1,-1
376,76,455,96,19,21,1,-1,-1,-1
376,77,812,362,90,92,1,-1,-1,-1
376,78,427,96,19,17,1,-1,-1,-1
376,81,431,65,15,15,1,-1,-1,-1
376,82,410,69,14,15,1,-1,-1,-1
376,83,454,65,14,15,1,-1,-1,-1
376,99,479,71,19,13,1,-1,-1,-1
377,0,552,119,23,21,1,-1,-1,-1
377,1,534,84,18,17,1,-1,-1,-1
377,4,517,69,16,13,1,-1,-1,-1
377,5,535,67,15,13,1,-1,-1,-1
377,6,509,86,18,17,1,-1,-1,-1
377,7,507,61,14,13,1,-1,-1,-1
377,10,822,231,53,44,1,-1,-1,-1
377,15,497,75,16,15,1,-1,-1,-1
377,58,555,82,15,15,1,-1,-1,-1
377,64,174,401,99,112,1,-1,-1,-1
377,65,582,111,23,21,1,-1,-1,-1
377,66,339,323,64,84,1,-1,-1,-1
377,68,296,274,55,67,1,-1,-1,-1
377,69,484,187,31,36,1,-1,-1,-1
377,70,445,154,23,28,1,-1,-1,-1
377,71,595,189,35,39,1,-1,-1,-1
377,72,384,141,25,26,1,-1,-1,-1
377,73,428,115,15,17,1,-1,-1,-1
377,74,484,129,22,27,1,-1,-1,-1
377,75,673,244,54,50,1,-1,-1,-1
377,76,454,98,19,21,1,-1,-1,-1
377,77,808,356,86,87,1,-1,-1,-1
377,78,427,98,19,17,1,-1,-1,-1
377,81,432,67,15,15,1,-1,-1,-1
377,82,410,69,14,15,1,-1,-1,-1
377,83,454,67,14,15,1,-1,-1,-1
377,99,478,71,19,13,1,-1,-1,-1
378,0,552,119,23,21,1,-1,-1,-1
378,1,532,82,18,17,1,-1,-1,-1
378,4,517,69,16,13,1,-1,-1,-1
378,5,535,67,15,13,1,-1,-1,-1
378,6,509,86,18,17,1,-1,-1,-1
378,7,506,61,14,13,1,-1,-1,-1
378,10,822,231,52,42,1,-1,-1,-1
378,15,496,75,16,15,1,-1,-1,-1
378,58,556,82,15,15,1,-1,-1,-1
378,64,170,405,98,113,1,-1,-1,-1
378,65,581,111,23,21,1,-1,-1,-1
378,66,335,329,64,87,1,-1,-1,-1
378,68,295,279,54,63,1,-1,-1,-1
378,69,484,189,32,38,1,-1,-1,-1
378,70,446,155,23,28,1,-1,-1,-1
378,71,591,187,39,42,1,-1,-1,-1
378,72,382,142,26,29,1,-1,-1,-1
378,73,427,113,21,22,1,-1,-1,-1
378,74,483,129,22,27,1,-1,-1,-1
378,75,672,243,50,46,1,-1,-1,-1
378,76,455,98,19,21,1,-1,-1,-1
378,77,803,351,86,84,1,-1,-1,-1
378,78,425,98,19,17,1,-1,-1,-1
378,81,432,67,15,15,1,-1,-1,-1
378,82,410,69,14,15,1,-1,-1,-1
378,83,454,67,14,15,1,-1,-1,-1
378,99,479,71,19,13,1,-1,-1,-1
379,0,551,117,23,21,1,-1,-1,-1
379,1,532,82,18,17,1,-1,-1,-1
379,4,515,69,16,13,1,-1,-1,-1
379,5,535,67,15,13,1,-1,-1,-1
379,6,508,86,18,17,1,-1,-1,-1
379,7,506,61,14,13,1,-1,-1,-1
379,10,824,233,50,42,1,-1,-1,-1
379,15,497,77,16,15,1,-1,-1,-1
379,58,556,82,14,15,1,-1,-1,-1
379,64,165,409,103,119,1,-1,-1,-1
379,65,578,109,23,21,1,-1,-1,-1
379,66,334,333,63,87,1,-1,-1,-1
379,68,293,280,54,67,1,-1,-1,-1
379,69,484,192,32,38,1,-1,-1,-1
379,70,445,154,28,30,1,-1,-1,-1
379,71,592,185,36,39,1,-1,-1,-1
379,72,381,144,26,28,1,-1,-1,-1
379,73,427,113,20,21,1,-1,-1,-1
379,74,483,131,22,27,1,-1,-1,-1
379,75,671,239,50,46,1,-1,-1,-1
379,76,455,100,19,21,1,-1,-1,-1
379,77,799,346,82,82,1,-1,-1,-1
379,78,427,100,19,17,1,-1,-1,-1
379,81,433,67,15,15,1,-1,-1,-1
379,82,410,71,14,15,1,-1,-1,-1
379,83,454,67,14,15,1,-1,-1,-1
379,99,479,71,19,13,1,-1,-1,-1
380,0,549,119,23,21,1,-1,-1,-1
380,1,531,82,18,17,1,-1,-1,-1
380,4,515,69,16,13,1,-1,-1,-1
380,5,535,67,15,13,1,-1,-1,-1
380,6,508,86,18,17,1,-1,-1,-1
380,7,505,59,14,13,1,-1,-1,-1
380,10,822,231,53,44,1,-1,-1,-1
380,15,497,77,16,15,1,-1,-1,-1
380,58,555,81,14,15,1,-1,-1,-1
380,64,159,417,105,117,1,-1,-1,-1
380,65,578,109,23,21,1,-1,-1,-1
380,66,330,339,65,91,1,-1,-1,-1
380,68,288,283,59,72,1,-1,-1,-1
380,69,484,196,33,40,1,-1,-1,-1
380,70,445,155,27,31,1,-1,-1,-1
380,71,592,183,34,38,1,-1,-1,-1
380,72,381,144,26,28,1,-1,-1,-1
380,73,427,115,20,21,1,-1,-1,-1
380,74,484,133,22,27,1,-1,-1,-1
380,75,668,237,50,46,1,-1,-1,-1
380,76,455,98,22,25,1,-1,-1,-1
380,77,794,341,83,77,1,-1,-1,-1
380,78,425,100,19,17,1,-1,-1,-1
380,79,458,86,16,15,1,-1,-1,-1
380,81,432,67,15,15,1,-1,-1,-1
380,82,410,71,14,15,1,-1,-1,-1
380,83,454,67,14,15,1,-1,-1,-1
380,99,480,71,19,13,1,-1,-1,-1
381,0,549,117,23,21,1,-1,-1,-1
381,1,531,82,18,17,1,-1,-1,-1
381,4,514,69,16,13,1,-1,-1,-1
381,5,535,67,15,13,1,-1,-1,-1
381,6,508,86,18,17,1,-1,-1,-1
381,7,505,59,14,13,1,-1,-1,-1
381,10,821,231,56,46,1,-1,-1,-1
381,15,496,77,16,15,1,-1,-1,-1
381,58,555,81,14,15,1,-1,-1,-1
381,64,152,424,107,115,1,-1,-1,-1
381,65,578,108,23,21,1,-1,-1,-1
381,66,326,344,70,91,1,-1,-1,-1
381,68,287,285,57,71,1,-1,-1,-1
381,69,484,196,35,40,1,-1,-1,-1
381,70,444,155,28,35,1,-1,-1,-1
381,71,590,183,35,38,1,-1,-1,-1
381,72,380,146,27,30,1,-1,-1,-1
381,73,427,115,20,21,1,-1,-1,-1
381,74,484,135,22,27,1,-1,-1,-1
381,75,667,235,47,44,1,-1,-1,-1
381,76,454,98,22,25,1,-1,-1,-1
381,77,788,336,84,77,1,-1,-1,-1
381,78,425,100,19,17,1,-1,-1,-1
381,79,458,86,15,15,1,-1,-1,-1
381,81,432,67,15,15,1,-1,-1,-1
381,82,410,71,14,15,1,-1,-1,-1
381,83,454,69,14,15,1,-1,-1,-1
381,99,478,71,19,13,1,-1,-1,-1
382,0,549,117,23,21,1,-1,-1,-1
382,1,531,82,18,17,1,-1,-1,-1
382,4,515,69,16,13,1,-1,-1,-1
382,5,534,67,15,13,1,-1,-1,-1
382,6,508,86,18,17,1,-1,-1,-1
382,7,505,59,14,13,1,-1,-1,-1
382,10,824,233,54,46,1,-1,-1,-1
382,15,496,77,16,15,1,-1,-1,-1
382,58,555,81,14,15,1,-1,-1,-1
382,64,151,424,108,115,1,-1,-1,-1
382,65,577,108,23,21,1,-1,-1,-1
382,66,323,346,72,99,1,-1,-1,-1
382,68,283,289,58,71,1,-1,-1,-1
382,69,484,202,35,40,1,-1,-1,-1
382,70,444,156,27,34,1,-1,-1,-1
382,71,590,181,35,38,1,-1,-1,-1
382,72,378,148,26,28,1,-1,-1,-1
382,73,425,117,20,21,1,-1,-1,-1
382,74,484,136,22,27,1,-1,-1,-1
382,75,667,235,45,42,1,-1,-1,-1
382,76,454,100,22,25,1,-1,-1,-1
382,77,786,327,80,77,1,-1,-1,-1
382,78,425,102,19,17,1,-1,-1,-1
382,79,458,86,15,15,1,-1,-1,-1
382,81,432,69,15,15,1,-1,-1,-1
382,82,410,71,14,15,1,-1,-1,-1
382,83,454,69,14,15,1,-1,-1,-1
382,99,478,71,19,13,1,-1,-1,-1
383,0,548,117,23,21,1,-1,-1,-1
383,1,531,81,18,17,1,-1,-1,-1
383,4,514,69,16,13,1,-1,-1,-1
383,5,534,67,14,13,1,-1,-1,-1
383,6,508,86,18,17,1,-1,-1,-1
383,7,505,59,14,13,1,-1,-1,-1
383,10,824,231,54,44,1,-1,-1,-1
383,15,496,77,16,15,1,-1,-1,-1
383,58,553,81,14,15,1,-1,-1,-1
383,64,143,429,112,110,1,-1,-1,-1
383,65,577,108,23,21,1,-1,-1,-1
383,66,318,354,73,100,1,-1,-1,-1
383,68,282,291,60,73,1,-1,-1,-1
383,69,484,204,36,40,1,-1,-1,-1
383,70,444,158,27,34,1,-1,-1,-1
383,71,589,179,36,38,1,-1,-1,-1
383,72,377,150,26,28,1,-1,-1,-1
383,73,425,117,20,21,1,-1,-1,-1
383,74,482,134,27,31,1,-1,-1,-1
383,75,663,229,49,44,1,-1,-1,-1
383,76,454,100,22,25,1,-1,-1,-1
383,77,781,320,79,77,1,-1,-1,-1
383,78,425,102,19,17,1,-1,-1,-1
383,79,458,88,15,15,1,-1,-1,-1
383,81,432,69,15,15,1,-1,-1,-1
383,82,410,71,14,15,1,-1,-1,-1
383,83,454,69,14,15,1,-1,-1,-1
383,99,478,71,19,13,1,-1,-1,-1
384,0,548,117,23,21,1,-1,-1,-1
384,1,531,82,18,17,1,-1,-1,-1
384,4,514,69,16,13,1,-1,-1,-1
384,5,532,67,14,13,1,-1,-1,-1
384,6,508,86,18,17,1,-1,-1,-1
384,7,505,59,14,13,1,-1,-1,-1
384,10,822,231,58,48,1,-1,-1,-1
384,15,496,77,16,15,1,-1,-1,-1
384,58,553,79,14,15,1,-1,-1,-1
384,64,138,436,113,103,1,-1,-1,-1
384,65,576,106,23,21,1,-1,-1,-1
384,66,317,362,70,96,1,-1,-1,-1
384,68,283,293,60,73,1,-1,-1,-1
384,69,484,206,36,40,1,-1,-1,-1
384,70,442,160,27,34,1,-1,-1,-1
384,71,587,179,36,38,1,-1,-1,-1
384,72,377,152,26,28,1,-1,-1,-1
384,73,424,117,20,21,1,-1,-1,-1
384,74,481,136,27,30,1,-1,-1,-1
384,75,663,227,45,42,1,-1,-1,-1
384,76,454,102,22,25,1,-1,-1,-1
384,77,778,314,78,75,1,-1,-1,-1
384,78,425,102,19,17,1,-1,-1,-1
384,79,458,88,15,15,1,-1,-1,-1
384,81,433,69,15,15,1,-1,-1,-1
384,82,410,73,14,15,1,-1,-1,-1
384,83,454,69,14,15,1,-1,-1,-1
384,99,479,72,19,13,1,-1,-1,-1
385,0,548,115,23,21,1,-1,-1,-1
385,1,530,81,18,17,1,-1,-1,-1
385,4,514,69,15,13,1,-1,-1,-1
385,5,532,65,14,13,1,-1,-1,-1
385,6,508,86,18,17,1,-1,-1,-1
385,7,505,59,14,13,1,-1,-1,-1
385,10,825,233,54,46,1,-1,-1,-1
385,15,497,77,16,15,1,-1,-1,-1
385,58,552,79,14,15,1,-1,-1,-1
385,64,138,441,113,98,1,-1,-1,-1
385,65,574,106,23,21,1,-1,-1,-1
385,66,312,364,77,102,1,-1,-1,-1
385,68,279,297,62,73,1,-1,-1,-1
385,69,483,210,36,42,1,-1,-1,-1
385,70,442,162,28,36,1,-1,-1,-1
385,71,586,175,36,38,1,-1,-1,-1
385,72,376,152,26,28,1,-1,-1,-1
385,73,425,119,20,21,1,-1,-1,-1
385,74,481,136,27,30,1,-1,-1,-1
385,75,663,227,44,40,1,-1,-1,-1
385,76,454,102,22,25,1,-1,-1,-1
385,77,774,310,74,71,1,-1,-1,-1
385,78,424,102,19,17,1,-1,-1,-1
385,79,458,90,15,15,1,-1,-1,-1
385,80,699,480,95,59,1,-1,-1,-1
385,81,433,69,15,15,1,-1,-1,-1
385,82,410,73,14,15,1,-1,-1,-1
385,83,454,69,14,15,1,-1,-1,-1
385,99,479,71,19,13,1,-1,-1,-1
386,0,548,115,23,21,1,-1,-1,-1
386,1,528,79,18,17,1,-1,-1,-1
386,4,514,69,15,13,1,-1,-1,-1
386,5,531,65,14,13,1,-1,-1,-1
386,6,508,86,18,17,1,-1,-1,-1
386,7,504,59,14,13,1,-1,-1,-1
386,10,825,235,53,44,1,-1,-1,-1
386,15,496,77,16,15,1,-1,-1,-1
386,58,552,79,14,15,1,-1,-1,-1
386,64,130,451,113,88,1,-1,-1,-1
386,65,574,106,23,21,1,-1,-1,-1
386,66,309,378,69,94,1,-1,-1,-1
386,68,276,298,61,76,1,-1,-1,-1
386,69,483,214,36,42,1,-1,-1,-1
386,70,442,165,27,34,1,-1,-1,-1
386,71,585,173,36,38,1,-1,-1,-1
386,72,374,154,27,30,1,-1,-1,-1
386,73,424,121,20,21,1,-1,-1,-1
386,74,483,138,27,30,1,-1,-1,-1
386,75,659,223,45,42,1,-1,-1,-1
386,76,454,104,22,25,1,-1,-1,-1
386,77,770,306,74,71,1,-1,-1,-1
386,78,424,102,19,17,1,-1,-1,-1
386,79,458,90,15,15,1,-1,-1,-1
386,80,697,473,96,66,1,-1,-1,-1
386,81,433,69,15,15,1,-1,-1,-1
386,82,408,73,14,15,1,-1,-1,-1
386,83,454,71,14,15,1,-1,-1,-1
386,99,479,71,19,13,1,-1,-1,-1
387,0,549,116,23,21,1,-1,-1,-1
387,1,530,81,18,17,1,-1,-1,-1
387,4,514,69,15,13,1,-1,-1,-1
387,5,531,65,14,13,1,-1,-1,-1
387,6,508,86,18,17,1,-1,-1,-1
387,7,504,59,14,13,1,-1,-1,-1
387,10,825,235,53,44,1,-1,-1,-1
387,15,496,77,16,15,1,-1,-1,-1
387,58,552,79,14,15,1,-1,-1,-1
387,64,131,449,107,90,1,-1,-1,-1
387,65,574,104,23,21,1,-1,-1,-1
387,66,305,377,77,110,1,-1,-1,-1
387,68,272,303,63,74,1,-1,-1,-1
387,69,483,217,36,42,1,-1,-1,-1
387,70,442,165,27,34,1,-1,-1,-1
387,71,585,173,35,38,1,-1,-1,-1
387,72,373,156,29,30,1,-1,-1,-1
387,73,424,121,20,21,1,-1,-1,-1
387,74,483,140,27,30,1,-1,-1,-1
387,75,658,222,45,40,1,-1,-1,-1
387,76,454,104,22,25,1,-1,-1,-1
387,77,768,300,70,67,1,-1,-1,-1
387,78,424,104,19,17,1,-1,-1,-1
387,79,458,90,15,15,1,-1,-1,-1
387,80,691,460,100,79,1,-1,-1,-1
387,81,433,71,15,15,1,-1,-1,-1
387,82,410,73,14,15,1,-1,-1,-1
387,83,455,71,14,15,1,-1,-1,-1
387,99,479,73,19,13,1,-1,-1,-1
388,0,547,115,23,21,1,-1,-1,-1
388,1,528,79,18,17,1,-1,-1,-1
388,4,514,67,15,13,1,-1,-1,-1
388,5,531,65,14,13,1,-1,-1,-1
388,6,508,86,18,17,1,-1,-1,-1
388,7,502,59,14,13,1,-1,-1,-1
388,10,826,235,53,44,1,-1,-1,-1
388,15,496,76,16,15,1,-1,-1,-1
388,58,552,79,14,15,1,-1,-1,-1
388,64,129,456,108,83,1,-1,-1,-1
388,65,575,104,23,21,1,-1,-1,-1
388,66,300,381,80,114,1,-1,-1,-1
388,68,269,306,64,77,1,-1,-1,-1
388,69,482,215,36,54,1,-1,-1,-1
388,70,441,169,27,34,1,-1,-1,-1
388,71,585,173,33,36,1,-1,-1,-1
388,72,373,158,27,30,1,-1,-1,-1
388,73,424,121,20,21,1,-1,-1,-1
388,74,484,142,26,30,1,-1,-1,-1
388,75,659,221,41,36,1,-1,-1,-1
388,76,455,104,22,25,1,-1,-1,-1
388,77,764,297,67,65,1,-1,-1,-1
388,78,424,104,19,17,1,-1,-1,-1
388,79,458,92,15,15,1,-1,-1,-1
388,80,691,461,102,78,1,-1,-1,-1
388,81,433,71,15,15,1,-1,-1,-1
388,82,408,75,14,15,1,-1,-1,-1
388,83,454,71,14,15,1,-1,-1,-1
388,99,479,71,19,13,1,-1,-1,-1
389,0,548,114,23,21,1,-1,-1,-1
389,1,527,79,18,17,1,-1,-1,-1
389,4,513,67,15,13,1,-1,-1,-1
389,5,531,65,14,13,1,-1,-1,-1
389,6,508,86,18,17,1,-1,-1,-1
389,7,504,59,14,13,1,-1,-1,-1
389,10,825,235,53,44,1,-1,-1,-1
389,15,496,75,15,15,1,-1,-1,-1
389,58,552,79,14,15,1,-1,-1,-1
389,64,132,461,102,78,1,-1,-1,-1
389,65,573,104,23,21,1,-1,-1,-1
389,66,296,390,82,111,1,-1,-1,-1
389,68,266,308,64,77,1,-1,-1,-1
389,69,481,219,36,54,1,-1,-1,-1
389,70,441,169,27,34,1,-1,-1,-1
389,71,582,169,36,38,1,-1,-1,-1
389,72,372,158,27,30,1,-1,-1,-1
389,73,423,123,20,21,1,-1,-1,-1
389,74,484,144,27,30,1,-1,-1,-1
389,75,655,219,41,36,1,-1,-1,-1
389,76,455,106,22,25,1,-1,-1,-1
389,77,760,291,67,65,1,-1,-1,-1
389,78,424,104,19,17,1,-1,-1,-1
389,79,458,92,15,15,1,-1,-1,-1
389,80,691,447,94,92,1,-1,-1,-1
389,81,433,71,15,15,1,-1,-1,-1
389,82,408,75,14,15,1,-1,-1,-1
389,83,455,71,14,15,1,-1,-1,-1
389,99,478,71,19,13,1,-1,-1,-1
390,0,548,113,23,21,1,-1,-1,-1
390,1,527,79,18,17,1,-1,-1,-1
390,4,513,67,15,13,1,-1,-1,-1
390,5,531,65,14,13,1,-1,-1,-1
390,6,508,86,18,17,1,-1,-1,-1
390,7,502,59,14,13,1,-1,-1,-1
390,10,825,235,57,48,1,-1,-1,-1
390,15,496,75,15,15,1,-1,-1,-1
390,58,552,77,14,15,1,-1,-1,-1
390,64,130,468,98,71,1,-1,-1,-1
390,65,573,102,23,21,1,-1,-1,-1
390,66,289,397,86,119,1,-1,-1,-1
390,68,265,312,65,79,1,-1,-1,-1
390,69,481,223,36,55,1,-1,-1,-1
390,70,441,173,27,34,1,-1,-1,-1
390,71,582,169,35,36,1,-1,-1,-1
390,72,370,160,27,30,1,-1,-1,-1
390,73,424,123,20,21,1,-1,-1,-1
390,74,484,146,27,32,1,-1,-1,-1
390,75,653,214,44,40,1,-1,-1,-1
390,76,455,108,22,25,1,-1,-1,-1
390,77,754,290,70,62,1,-1,-1,-1
390,78,423,106,19,17,1,-1,-1,-1
390,79,458,92,15,15,1,-1,-1,-1
390,80,683,437,100,100,1,-1,-1,-1
390,81,433,71,15,15,1,-1,-1,-1
390,82,408,75,14,15,1,-1,-1,-1
390,83,455,73,14,15,1,-1,-1,-1
390,99,478,71,19,13,1,-1,-1,-1
391,0,547,113,23,21,1,-1,-1,-1
391,1,527,79,18,17,1,-1,-1,-1
391,4,512,67,15,13,1,-1,-1,-1
391,5,531,65,14,13,1,-1,-1,-1
391,6,509,86,18,17,1,-1,-1,-1
391,7,501,57,14,13,1,-1,-1,-1
391,10,827,236,55,43,1,-1,-1,-1
391,15,496,75,15,15,1,-1,-1,-1
391,58,551,77,14,15,1,-1,-1,-1
391,64,125,476,104,63,1,-1,-1,-1
391,65,573,102,23,21,1,-1,-1,-1
391,66,287,405,88,124,1,-1,-1,-1
391,68,262,316,65,79,1,-1,-1,-1
391,69,480,225,39,57,1,-1,-1,-1
391,70,441,173,28,36,1,-1,-1,-1
391,71,581,168,34,35,1,-1,-1,-1
391,72,369,163,27,30,1,-1,-1,-1
391,73,423,125,20,21,1,-1,-1,-1
391,74,484,148,27,30,1,-1,-1,-1
391,75,651,212,44,40,1,-1,-1,-1
391,76,455,108,22,25,1,-1,-1,-1
391,77,753,285,69,62,1,-1,-1,-1
391,78,424,106,19,17,1,-1,-1,-1
391,79,458,92,15,15,1,-1,-1,-1
391,80,684,432,97,106,1,-1,-1,-1
391,81,433,73,15,15,1,-1,-1,-1
391,82,408,75,14,15,1,-1,-1,-1
391,83,455,73,14,15,1,-1,-1,-1
391,99,478,71,19,13,1,-1,-1,-1
392,0,547,113,23,21,1,-1,-1,-1
392,1,527,79,18,17,1,-1,-1,-1
392,4,512,67,15,13,1,-1,-1,-1
392,5,530,65,14,13,1,-1,-1,-1
392,6,508,86,18,17,1,-1,-1,-1
392,10,826,235,54,42,1,-1,-1,-1
392,15,496,75,15,15,1,-1,-1,-1
392,58,551,77,14,15,1,-1,-1,-1
392,64,124,486,99,53,1,-1,-1,-1
392,65,572,100,23,21,1,-1,-1,-1
392,66,282,411,88,126,1,-1,-1,-1
392,68,259,317,69,82,1,-1,-1,-1
392,69,480,229,40,59,1,-1,-1,-1
392,70,438,175,28,36,1,-1,-1,-1
392,71,579,165,36,38,1,-1,-1,-1
392,72,368,163,30,33,1,-1,-1,-1
392,73,423,125,22,24,1,-1,-1,-1
392,74,484,150,27,30,1,-1,-1,-1
392,75,649,210,45,40,1,-1,-1,-1
392,76,455,109,22,25,1,-1,-1,-1
392,77,748,275,67,65,1,-1,-1,-1
392,78,423,108,19,17,1,-1,-1,-1
392,79,458,94,15,15,1,-1,-1,-1
392,80,682,421,102,118,1,-1,-1,-1
392,81,433,73,15,15,1,-1,-1,-1
392,82,408,77,14,15,1,-1,-1,-1
392,83,455,73,14,15,1,-1,-1,-1
392,99,478,71,19,13,1,-1,-1,-1
393,0,547,111,22,19,1,-1,-1,-1
393,1,526,79,18,17,1,-1,-1,-1
393,4,510,67,15,13,1,-1,-1,-1
393,5,530,65,14,13,1,-1,-1,-1
393,6,508,86,18,17,1,-1,-1,-1
393,10,828,237,54,42,1,-1,-1,-1
393,15,495,77,15,15,1,-1,-1,-1
393,58,551,77,14,15,1,-1,-1,-1
393,64,118,492,100,47,1,-1,-1,-1
393,65,572,102,23,21,1,-1,-1,-1
393,66,276,420,93,119,1,-1,-1,-1
393,68,258,321,72,82,1,-1,-1,-1
393,69,480,233,40,59,1,-1,-1,-1
393,70,438,177,30,36,1,-1,-1,-1
393,71,581,165,31,36,1,-1,-1,-1
393,72,365,165,30,32,1,-1,-1,-1
393,73,423,125,22,23,1,-1,-1,-1
393,74,484,150,27,30,1,-1,-1,-1
393,75,650,211,40,34,1,-1,-1,-1
393,76,455,109,22,25,1,-1,-1,-1
393,77,748,279,63,55,1,-1,-1,-1
393,78,423,108,19,17,1,-1,-1,-1
393,79,458,94,15,15,1,-1,-1,-1
393,80,677,415,104,124,1,-1,-1,-1
393,81,433,73,15,15,1,-1,-1,-1
393,82,408,77,14,15,1,-1,-1,-1
393,83,455,75,14,15,1,-1,-1,-1
393,99,478,71,19,13,1,-1,-1,-1
394,0,545,111,23,21,1,-1,-1,-1
394,1,526,77,18,17,1,-1,-1,-1
394,4,510,67,15,13,1,-1,-1,-1
394,5,528,65,14,13,1,-1,-1,-1
394,6,508,86,18,17,1,-1,-1,-1
394,10,828,237,54,42,1,-1,-1,-1
394,15,496,75,15,15,1,-1,-1,-1
394,58,551,75,14,15,1,-1,-1,-1
394,65,570,100,23,21,1,-1,-1,-1
394,66,272,427,93,112,1,-1,-1,-1
394,68,256,320,73,89,1,-1,-1,-1
394,69,480,237,40,61,1,-1,-1,-1
394,70,438,181,30,36,1,-1,-1,-1
394,71,579,163,31,36,1,-1,-1,-1
394,72,364,167,30,32,1,-1,-1,-1
394,73,423,127,22,23,1,-1,-1,-1
394,74,484,152,27,32,1,-1,-1,-1
394,75,650,210,39,32,1,-1,-1,-1
394,76,455,109,21,28,1,-1,-1,-1
394,77,744,273,62,55,1,-1,-1,-1
394,78,423,109,19,17,1,-1,-1,-1
394,79,457,94,16,18,1,-1,-1,-1
394,80,673,409,103,128,1,-1,-1,-1
394,81,433,75,15,15,1,-1,-1,-1
394,82,408,77,14,15,1,-1,-1,-1
394,83,455,75,14,15,1,-1,-1,-1
394,99,478,73,19,13,1,-1,-1,-1
395,0,545,111,23,21,1,-1,-1,-1
395,1,527,80,16,15,1,-1,-1,-1
395,4,510,67,15,13,1,-1,-1,-1
395,5,528,63,14,13,1,-1,-1,-1
395,6,508,86,18,17,1,-1,-1,-1
395,10,829,237,54,42,1,-1,-1,-1
395,15,496,77,15,15,1,-1,-1,-1
395,58,549,75,14,15,1,-1,-1,-1
395,65,570,100,23,21,1,-1,-1,-1
395,66,269,437,93,102,1,-1,-1,-1
395,68,253,324,73,88,1,-1,-1,-1
395,69,480,241,40,61,1,-1,-1,-1
395,70,437,181,33,42,1,-1,-1,-1
395,71,579,163,31,36,1,-1,-1,-1
395,72,364,167,31,34,1,-1,-1,-1
395,73,423,129,22,23,1,-1,-1,-1
395,74,484,154,27,32,1,-1,-1,-1
395,75,650,208,36,30,1,-1,-1,-1
395,76,454,109,20,28,1,-1,-1,-1
395,77,740,270,62,55,1,-1,-1,-1
395,78,421,109,19,17,1,-1,-1,-1
395,79,457,94,15,17,1,-1,-1,-1
395,80,670,401,103,136,1,-1,-1,-1
395,81,433,75,15,15,1,-1,-1,-1
395,82,407,79,14,15,1,-1,-1,-1
395,83,457,75,14,15,1,-1,-1,-1
395,99,479,71,19,13,1,-1,-1,-1
396,0,544,111,23,21,1,-1,-1,-1
396,1,526,79,15,15,1,-1,-1,-1
396,4,509,65,15,13,1,-1,-1,-1
396,5,528,62,14,14,1,-1,-1,-1
396,6,508,86,18,17,1,-1,-1,-1
396,10,829,237,54,42,1,-1,-1,-1
396,15,495,78,15,15,1,-1,-1,-1
396,58,549,75,14,15,1,-1,-1,-1
396,65,569,100,23,21,1,-1,-1,-1
396,66,266,446,90,93,1,-1,-1,-1
396,68,250,327,73,88,1,-1,-1,-1
396,69,480,244,43,65,1,-1,-1,-1
396,70,436,183,32,42,1,-1,-1,-1
396,71,579,163,30,34,1,-1,-1,-1
396,72,363,171,30,32,1,-1,-1,-1
396,73,421,129,22,23,1,-1,-1,-1
396,74,484,158,27,32,1,-1,-1,-1
396,75,647,206,33,28,1,-1,-1,-1
396,76,454,111,20,28,1,-1,-1,-1
396,77,739,268,60,50,1,-1,-1,-1
396,78,421,111,19,17,1,-1,-1,-1
396,79,457,96,15,17,1,-1,-1,-1
396,80,671,394,96,136,1,-1,-1,-1
396,81,433,75,15,15,1,-1,-1,-1
396,82,407,79,14,15,1,-1,-1,-1
396,83,455,75,14,15,1,-1,-1,-1
396,99,478,73,19,13,1,-1,-1,-1
397,0,544,109,23,21,1,-1,-1,-1
397,1,526,79,15,15,1,-1,-1,-1
397,4,510,66,15,13,1,-1,-1,-1
397,5,527,61,14,13,1,-1,-1,-1
397,6,508,86,18,17,1,-1,-1,-1
397,10,830,237,53,42,1,-1,-1,-1
397,15,496,78,15,15,1,-1,-1,-1
397,58,548,75,14,15,1,-1,-1,-1
397,65,569,98,23,21,1,-1,-1,-1
397,66,265,455,87,84,1,-1,-1,-1
397,68,248,331,74,90,1,-1,-1,-1
397,69,480,250,43,65,1,-1,-1,-1
397,70,436,187,32,42,1,-1,-1,-1
397,71,578,162,31,36,1,-1,-1,-1
397,72,361,171,30,32,1,-1,-1,-1
397,73,421,129,22,23,1,-1,-1,-1
397,74,482,157,32,37,1,-1,-1,-1
397,75,646,204,36,30,1,-1,-1,-1
397,76,454,113,20,28,1,-1,-1,-1
397,77,735,263,58,51,1,-1,-1,-1
397,78,420,111,21,18,1,-1,-1,-1
397,79,457,96,15,17,1,-1,-1,-1
397,80,667,385,97,138,1,-1,-1,-1
397,81,432,75,15,15,1,-1,-1,-1
397,82,407,79,14,15,1,-1,-1,-1
397,83,455,77,14,15,1,-1,-1,-1
397,99,476,73,19,13,1,-1,-1,-1
398,0,544,109,23,21,1,-1,-1,-1
398,1,526,79,15,15,1,-1,-1,-1
398,4,509,65,15,13,1,-1,-1,-1
398,5,527,61,14,13,1,-1,-1,-1
398,6,508,86,18,17,1,-1,-1,-1
398,10,830,239,54,42,1,-1,-1,-1
398,15,495,78,18,15,1,-1,-1,-1
398,58,548,75,14,15,1,-1,-1,-1
398,65,568,98,23,21,1,-1,-1,-1
398,66,267,463,83,76,1,-1,-1,-1
398,68,245,333,75,92,1,-1,-1,-1
398,69,479,254,44,67,1,-1,-1,-1
398,70,436,189,31,40,1,-1,-1,-1
398,71,577,158,31,36,1,-1,-1,-1
398,72,359,173,31,34,1,-1,-1,-1
398,73,421,131,22,23,1,-1,-1,-1
398,74,480,158,33,38,1,-1,-1,-1
398,75,645,204,36,30,1,-1,-1,-1
398,76,454,113,20,28,1,-1,-1,-1
398,77,732,259,60,51,1,-1,-1,-1
398,78,421,110,20,22,1,-1,-1,-1
398,79,457,98,15,17,1,-1,-1,-1
398,80,667,381,91,131,1,-1,-1,-1
398,81,432,75,16,18,1,-1,-1,-1
398,82,406,77,17,18,1,-1,-1,-1
398,83,455,77,18,17,1,-1,-1,-1
398,99,476,73,20,13,1,-1,-1,-1
399,0,544,109,23,21,1,-1,-1,-1
399,1,525,79,15,15,1,-1,-1,-1
399,4,511,66,14,13,1,-1,-1,-1
399,5,527,61,14,13,1,-1,-1,-1
399,6,508,86,18,17,1,-1,-1,-1
399,10,830,239,54,42,1,-1,-1,-1
399,15,496,78,15,15,1,-1,-1,-1
399,58,548,75,14,15,1,-1,-1,-1
399,65,568,98,23,21,1,-1,-1,-1
399,66,257,476,90,63,1,-1,-1,-1
399,68,244,339,73,88,1,-1,-1,-1
399,69,479,260,43,64,1,-1,-1,-1
399,70,436,190,32,42,1,-1,-1,-1
399,71,576,158,31,36,1,-1,-1,-1
399,72,360,177,31,34,1,-1,-1,-1
399,73,421,133,22,23,1,-1,-1,-1
399,74,483,160,33,38,1,-1,-1,-1
399,75,642,200,36,30,1,-1,-1,-1
399,76,454,113,20,28,1,-1,-1,-1
399,77,729,256,59,50,1,-1,-1,-1
399,78,420,111,19,21,1,-1,-1,-1
399,79,457,98,15,17,1,-1,-1,-1
399,80,666,374,92,126,1,-1,-1,-1
399,81,432,75,15,17,1,-1,-1,-1
399,82,406,77,16,17,1,-1,-1,-1
399,83,454,77,18,17,1,-1,-1,-1
399,99,475,73,19,13,1,-1,-1,-1
400,0,543,109,23,21,1,-1,-1,-1
400,1,525,77,15,15,1,-1,-1,-1
400,4,509,65,14,13,1,-1,-1,-1
400,5,526,61,14,13,1,-1,-1,-1
400,6,508,88,18,17,1,-1,-1,-1
400,10,833,239,53,40,1,-1,-1,-1
400,15,495,78,18,15,1,-1,-1,-1
400,58,548,73,14,15,1,-1,-1,-1
400,65,568,98,23,21,1,-1,-1,-1
400,66,270,478,71,61,1,-1,-1,-1
400,68,241,347,71,86,1,-1,-1,-1
400,69,480,266,44,67,1,-1,-1,-1
400,70,437,194,31,40,1,-1,-1,-1
400,71,576,156,30,34,1,-1,-1,-1
400,72,357,176,32,36,1,-1,-1,-1
400,73,420,133,22,23,1,-1,-1,-1
400,74,483,163,32,38,1,-1,-1,-1
400,75,642,198,33,28,1,-1,-1,-1
400,76,454,115,20,28,1,-1,-1,-1
400,77,725,252,59,48,1,-1,-1,-1
400,78,421,113,19,21,1,-1,-1,-1
400,79,457,98,15,17,1,-1,-1,-1
400,80,663,366,91,131,1,-1,-1,-1
400,81,432,75,15,17,1,-1,-1,-1
400,82,406,77,16,17,1,-1,-1,-1
400,83,454,77,18,17,1,-1,-1,-1
400,99,476,73,19,13,1,-1,-1,-1
401,0,543,108,23,21,1,-1,-1,-1
401,1,525,77,15,15,1,-1,-1,-1
401,4,508,65,16,12,1,-1,-1,-1
401,5,526,61,14,13,1,-1,-1,-1
401,6,506,87,18,18,1,-1,-1,-1
401,10,833,241,52,40,1,-1,-1,-1
401,15,495,77,18,15,1,-1,-1,-1
401,58,548,73,14,15,1,-1,-1,-1
401,65,565,96,23,21,1,-1,-1,-1
401,66,261,494,77,45,1,-1,-1,-1
401,68,239,347,73,88,1,-1,-1,-1
401,69,480,273,44,65,1,-1,-1,-1
401,70,437,196,29,40,1,-1,-1,-1
401,71,574,156,31,36,1,-1,-1,-1
401,72,357,179,31,34,1,-1,-1,-1
401,73,420,135,22,23,1,-1,-1,-1
401,74,483,165,32,38,1,-1,-1,-1
401,75,640,196,35,30,1,-1,-1,-1
401,76,454,117,20,28,1,-1,-1,-1
401,77,724,248,55,47,1,-1,-1,-1
401,78,420,113,19,21,1,-1,-1,-1
401,79,457,98,15,17,1,-1,-1,-1
401,80,661,364,87,115,1,-1,-1,-1
401,81,432,77,15,17,1,-1,-1,-1
401,82,404,79,16,17,1,-1,-1,-1
401,83,455,79,18,17,1,-1,-1,-1
401,99,476,73,19,13,1,-1,-1,-1
402,0,542,109,22,20,1,-1,-1,-1
402,1,523,77,15,15,1,-1,-1,-1
402,4,508,65,14,13,1,-1,-1,-1
402,5,526,61,14,13,1,-1,-1,-1
402,6,505,86,18,17,1,-1,-1,-1
402,10,833,241,54,42,1,-1,-1,-1
402,15,496,77,18,15,1,-1,-1,-1
402,58,548,73,14,15,1,-1,-1,-1
402,65,565,98,23,18,1,-1,-1,-1
402,66,264,507,70,32,1,-1,-1,-1
402,68,236,350,75,92,1,-1,-1,-1
402,69,476,275,46,68,1,-1,-1,-1
402,70,434,198,34,44,1,-1,-1,-1
402,71,573,152,31,36,1,-1,-1,-1
402,72,356,183,31,34,1,-1,-1,-1
402,73,420,136,22,23,1,-1,-1,-1
402,74,484,169,33,38,1,-1,-1,-1
402,75,637,194,36,30,1,-1,-1,-1
402,76,454,117,20,28,1,-1,-1,-1
402,77,722,246,55,46,1,-1,-1,-1
402,78,420,113,19,21,1,-1,-1,-1
402,79,457,100,15,17,1,-1,-1,-1
402,80,659,356,88,116,1,-1,-1,-1
402,81,432,77,15,17,1,-1,-1,-1
402,82,404,79,16,17,1,-1,-1,-1
402,83,457,79,18,17,1,-1,-1,-1
402,99,475,73,19,13,1,-1,-1,-1
403,0,543,107,23,21,1,-1,-1,-1
403,1,523,77,15,15,1,-1,-1,-1
403,4,508,65,14,13,1,-1,-1,-1
403,5,525,61,14,13,1,-1,-1,-1
403,6,506,86,18,17,1,-1,-1,-1
403,10,832,239,57,44,1,-1,-1,-1
403,15,496,79,18,15,1,-1,-1,-1
403,58,548,73,14,15,1,-1,-1,-1
403,65,565,98,23,17,1,-1,-1,-1
403,68,232,356,77,95,1,-1,-1,-1
403,69,476,283,43,63,1,-1,-1,-1
403,70,433,200,32,42,1,-1,-1,-1
403,71,573,152,31,36,1,-1,-1,-1
403,72,356,183,30,32,1,-1,-1,-1
403,73,420,136,22,23,1,-1,-1,-1
403,74,481,167,36,42,1,-1,-1,-1
403,75,636,190,37,32,1,-1,-1,-1
403,76,454,119,20,28,1,-1,-1,-1
403,77,719,243,53,44,1,-1,-1,-1
403,78,420,113,19,21,1,-1,-1,-1
403,79,457,100,15,17,1,-1,-1,-1
403,80,658,353,85,111,1,-1,-1,-1
403,81,432,77,15,17,1,-1,-1,-1
403,82,404,79,16,17,1,-1,-1,-1
403,83,457,79,18,17,1,-1,-1,-1
403,99,475,73,19,13,1,-1,-1,-1
404,0,543,106,23,21,1,-1,-1,-1
404,1,523,77,15,15,1,-1,-1,-1
404,4,508,65,15,12,1,-1,-1,-1
404,5,525,61,14,13,1,-1,-1,-1
404,6,506,86,18,17,1,-1,-1,-1
404,10,833,239,57,46,1,-1,-1,-1
404,15,495,77,18,15,1,-1,-1,-1
404,58,547,73,14,15,1,-1,-1,-1
404,65,564,96,23,17,1,-1,-1,-1
404,68,229,364,71,86,1,-1,-1,-1
404,69,475,289,45,67,1,-1,-1,-1
404,70,433,204,33,44,1,-1,-1,-1
404,71,573,150,31,36,1,-1,-1,-1
404,72,352,187,31,34,1,-1,-1,-1
404,73,420,138,22,23,1,-1,-1,-1
404,74,483,171,36,42,1,-1,-1,-1
404,75,634,189,40,34,1,-1,-1,-1
404,76,454,119,20,28,1,-1,-1,-1
404,77,716,240,54,44,1,-1,-1,-1
404,78,420,115,19,21,1,-1,-1,-1
404,79,457,102,15,17,1,-1,-1,-1
404,80,655,343,84,121,1,-1,-1,-1
404,81,432,77,15,17,1,-1,-1,-1
404,82,404,79,16,17,1,-1,-1,-1
404,83,455,81,18,17,1,-1,-1,-1
404,99,475,73,19,13,1,-1,-1,-1
405,0,543,106,23,21,1,-1,-1,-1
405,1,523,77,15,15,1,-1,-1,-1
405,4,506,65,16,11,1,-1,-1,-1
405,5,525,61,14,13,1,-1,-1,-1
405,6,505,86,18,17,1,-1,-1,-1
405,10,836,241,54,44,1,-1,-1,-1
405,15,495,77,18,15,1,-1,-1,-1
405,58,547,73,14,15,1,-1,-1,-1
405,65,562,96,23,17,1,-1,-1,-1
405,68,225,361,81,103,1,-1,-1,-1
405,69,475,290,45,74,1,-1,-1,-1
405,70,433,206,32,42,1,-1,-1,-1
405,71,572,150,31,36,1,-1,-1,-1
405,72,352,185,34,37,1,-1,-1,-1
405,73,419,138,22,23,1,-1,-1,-1
405,74,484,175,35,40,1,-1,-1,-1
405,75,633,187,40,34,1,-1,-1,-1
405,76,454,121,20,28,1,-1,-1,-1
405,77,710,231,56,48,1,-1,-1,-1
405,78,420,115,19,21,1,-1,-1,-1
405,79,458,104,15,17,1,-1,-1,-1
405,80,655,342,82,106,1,-1,-1,-1
405,81,433,79,15,17,1,-1,-1,-1
405,82,403,81,16,17,1,-1,-1,-1
405,83,455,81,18,17,1,-1,-1,-1
405,99,475,73,19,13,1,-1,-1,-1
406,0,542,104,23,21,1,-1,-1,-1
406,1,523,77,15,15,1,-1,-1,-1
406,4,506,64,15,11,1,-1,-1,-1
406,5,525,61,14,13,1,-1,-1,-1
406,6,505,86,18,17,1,-1,-1,-1
406,10,837,241,53,44,1,-1,-1,-1
406,15,496,77,18,15,1,-1,-1,-1
406,58,545,72,14,14,1,-1,-1,-1
406,65,562,96,23,17,1,-1,-1,-1
406,68,223,365,83,100,1,-1,-1,-1
406,69,476,296,46,77,1,-1,-1,-1
406,70,433,210,35,46,1,-1,-1,-1
406,71,570,150,31,36,1,-1,-1,-1
406,72,349,187,36,37,1,-1,-1,-1
406,73,415,138,25,28,1,-1,-1,-1
406,74,483,177,36,42,1,-1,-1,-1
406,75,633,185,41,34,1,-1,-1,-1
406,76,454,123,20,28,1,-1,-1,-1
406,77,712,234,51,41,1,-1,-1,-1
406,78,419,117,19,21,1,-1,-1,-1
406,79,458,104,16,18,1,-1,-1,-1
406,80,654,337,80,105,1,-1,-1,-1
406,81,433,79,15,17,1,-1,-1,-1
406,82,404,82,16,17,1,-1,-1,-1
406,83,455,82,18,17,1,-1,-1,-1
406,99,476,72,19,13,1,-1,-1,-1
407,0,542,104,23,21,1,-1,-1,-1
407,1,522,75,15,15,1,-1,-1,-1
407,4,506,65,15,11,1,-1,-1,-1
407,5,525,61,14,13,1,-1,-1,-1
407,6,505,86,18,17,1,-1,-1,-1
407,10,838,241,53,44,1,-1,-1,-1
407,15,496,79,18,15,1,-1,-1,-1
407,58,544,71,14,13,1,-1,-1,-1
407,65,562,96,23,17,1,-1,-1,-1
407,68,218,376,78,96,1,-1,-1,-1
407,69,474,305,49,77,1,-1,-1,-1
407,70,432,212,36,46,1,-1,-1,-1
407,71,572,150,27,29,1,-1,-1,-1
407,72,348,189,36,36,1,-1,-1,-1
407,73,415,140,24,28,1,-1,-1,-1
407,74,484,181,35,40,1,-1,-1,-1
407,75,630,183,36,30,1,-1,-1,-1
407,76,454,123,23,30,1,-1,-1,-1
407,77,709,231,49,40,1,-1,-1,-1
407,78,419,117,19,21,1,-1,-1,-1
407,79,457,104,18,19,1,-1,-1,-1
407,80,650,327,82,115,1,-1,-1,-1
407,81,432,79,15,17,1,-1,-1,-1
407,82,403,82,16,17,1,-1,-1,-1
407,83,455,82,18,17,1,-1,-1,-1
407,99,475,73,19,13,1,-1,-1,-1
408,0,540,104,23,21,1,-1,-1,-1
408,1,522,75,15,15,1,-1,-1,-1
408,4,506,63,14,13,1,-1,-1,-1
408,5,523,59,14,13,1,-1,-1,-1
408,6,506,88,18,17,1,-1,-1,-1
408,10,838,241,54,44,1,-1,-1,-1
408,15,495,77,18,15,1,-1,-1,-1
408,58,544,71,14,13,1,-1,-1,-1
408,65,561,96,23,17,1,-1,-1,-1
408,68,214,374,87,107,1,-1,-1,-1
408,69,474,312,48,79,1,-1,-1,-1
408,70,432,216,36,48,1,-1,-1,-1
408,71,572,148,27,28,1,-1,-1,-1
408,72,347,190,36,36,1,-1,-1,-1
408,73,414,140,26,28,1,-1,-1,-1
408,74,485,183,35,40,1,-1,-1,-1
408,75,629,181,36,30,1,-1,-1,-1
408,76,454,125,24,31,1,-1,-1,-1
408,77,705,227,50,40,1,-1,-1,-1
408,78,420,119,19,21,1,-1,-1,-1
408,79,457,103,19,21,1,-1,-1,-1
408,80,651,327,76,102,1,-1,-1,-1
408,81,432,79,15,17,1,-1,-1,-1
408,82,403,82,16,17,1,-1,-1,-1
408,83,455,82,18,17,1,-1,-1,-1
408,99,475,73,19,13,1,-1,-1,-1
409,0,542,104,23,21,1,-1,-1,-1
409,1,522,75,15,15,1,-1,-1,-1
409,4,506,63,14,13,1,-1,-1,-1
409,5,523,59,14,13,1,-1,-1,-1
409,6,505,88,18,17,1,-1,-1,-1
409,10,839,244,54,44,1,-1,-1,-1
409,15,495,79,18,15,1,-1,-1,-1
409,58,544,71,14,13,1,-1,-1,-1
409,65,561,96,23,17,1,-1,-1,-1
409,68,210,379,87,106,1,-1,-1,-1
409,69,474,316,49,83,1,-1,-1,-1
409,70,429,219,37,48,1,-1,-1,-1
409,71,570,146,27,28,1,-1,-1,-1
409,72,347,194,35,36,1,-1,-1,-1
409,73,414,142,24,28,1,-1,-1,-1
409,74,484,185,34,45,1,-1,-1,-1
409,75,628,181,36,30,1,-1,-1,-1
409,76,454,127,23,30,1,-1,-1,-1
409,77,704,223,53,42,1,-1,-1,-1
409,78,420,119,19,21,1,-1,-1,-1
409,79,457,104,19,21,1,-1,-1,-1
409,80,649,322,75,102,1,-1,-1,-1
409,81,432,81,15,17,1,-1,-1,-1
409,82,403,84,16,17,1,-1,-1,-1
409,83,457,84,18,17,1,-1,-1,-1
409,84,402,62,15,15,1,-1,-1,-1
409,85,426,67,13,13,1,-1,-1,-1
409,86,438,60,14,14,1,-1,-1,-1
409,99,475,73,19,13,1,-1,-1,-1
410,0,539,104,23,21,1,-1,-1,-1
410,1,522,75,14,15,1,-1,-1,-1
410,4,506,63,14,13,1,-1,-1,-1
410,5,523,61,14,13,1,-1,-1,-1
410,6,505,88,18,17,1,-1,-1,-1
410,10,841,244,53,44,1,-1,-1,-1
410,15,495,79,18,15,1,-1,-1,-1
410,58,544,71,14,13,1,-1,-1,-1
410,65,561,94,23,17,1,-1,-1,-1
410,68,207,383,88,109,1,-1,-1,-1
410,69,474,325,49,83,1,-1,-1,-1
410,70,431,223,36,48,1,-1,-1,-1
410,71,569,146,27,28,1,-1,-1,-1
410,72,346,196,36,36,1,-1,-1,-1
410,73,414,142,26,28,1,-1,-1,-1
410,74,488,190,32,42,1,-1,-1,-1
410,75,628,179,35,28,1,-1,-1,-1
410,76,454,127,23,30,1,-1,-1,-1
410,77,701,219,50,40,1,-1,-1,-1
410,78,419,121,19,21,1,-1,-1,-1
410,79,457,104,19,21,1,-1,-1,-1
410,80,647,318,74,100,1,-1,-1,-1
410,81,432,82,15,17,1,-1,-1,-1
410,82,403,84,16,17,1,-1,-1,-1
410,83,457,84,18,17,1,-1,-1,-1
410,84,402,61,14,15,1,-1,-1,-1
410,85,425,67,13,13,1,-1,-1,-1
410,86,437,59,14,13,1,-1,-1,-1
410,99,475,73,19,13,1,-1,-1,-1
411,0,540,104,23,21,1,-1,-1,-1
411,1,521,75,14,15,1,-1,-1,-1
411,4,506,63,14,13,1,-1,-1,-1
411,5,522,61,14,13,1,-1,-1,-1
411,6,505,88,18,17,1,-1,-1,-1
411,10,842,244,53,44,1,-1,-1,-1
411,15,496,79,18,15,1,-1,-1,-1
411,58,544,71,14,13,1,-1,-1,-1
411,65,561,94,23,17,1,-1,-1,-1
411,68,205,389,87,111,1,-1,-1,-1
411,69,475,333,49,88,1,-1,-1,-1
411,70,428,225,37,50,1,-1,-1,-1
411,71,570,147,27,28,1,-1,-1,-1
411,72,343,200,35,36,1,-1,-1,-1
411,73,414,144,24,28,1,-1,-1,-1
411,74,487,190,33,45,1,-1,-1,-1
411,75,625,177,35,28,1,-1,-1,-1
411,76,454,129,23,30,1,-1,-1,-1
411,77,701,219,50,40,1,-1,-1,-1
411,78,417,121,19,21,1,-1,-1,-1
411,79,457,106,19,21,1,-1,-1,-1
411,80,647,314,71,96,1,-1,-1,-1
411,81,432,82,15,17,1,-1,-1,-1
411,82,403,84,16,17,1,-1,-1,-1
411,83,458,84,18,17,1,-1,-1,-1
411,84,402,63,14,15,1,-1,-1,-1
411,85,425,67,13,13,1,-1,-1,-1
411,86,437,61,14,13,1,-1,-1,-1
411,99,475,73,19,13,1,-1,-1,-1
412,0,539,104,23,21,1,-1,-1,-1
412,1,522,73,14,15,1,-1,-1,-1
412,4,506,61,14,13,1,-1,-1,-1
412,5,522,61,14,13,1,-1,-1,-1
412,6,505,88,18,17,1,-1,-1,-1
412,10,842,246,53,44,1,-1,-1,-1
412,15,496,79,18,15,1,-1,-1,-1
412,58,543,71,15,12,1,-1,-1,-1
412,65,560,94,23,19,1,-1,-1,-1
412,68,201,395,88,109,1,-1,-1,-1
412,69,474,340,49,91,1,-1,-1,-1
412,70,428,229,40,52,1,-1,-1,-1
412,71,569,144,27,28,1,-1,-1,-1
412,72,343,202,35,36,1,-1,-1,-1
412,73,412,146,24,28,1,-1,-1,-1
412,74,488,192,32,44,1,-1,-1,-1
412,75,625,175,36,30,1,-1,-1,-1
412,76,454,131,23,30,1,-1,-1,-1
412,77,697,216,49,40,1,-1,-1,-1
412,78,417,121,21,24,1,-1,-1,-1
412,79,457,106,19,21,1,-1,-1,-1
412,80,643,308,74,100,1,-1,-1,-1
412,81,430,82,18,20,1,-1,-1,-1
412,82,403,86,18,20,1,-1,-1,-1
412,83,457,85,18,17,1,-1,-1,-1
412,84,402,63,14,15,1,-1,-1,-1
412,85,427,67,13,13,1,-1,-1,-1
412,86,438,61,14,13,1,-1,-1,-1
412,99,475,73,21,13,1,-1,-1,-1
413,0,540,102,23,21,1,-1,-1,-1
413,1,521,73,14,15,1,-1,-1,-1
413,4,505,63,14,12,1,-1,-1,-1
413,5,522,59,14,13,1,-1,-1,-1
413,6,505,88,18,17,1,-1,-1,-1
413,10,843,246,53,44,1,-1,-1,-1
413,15,495,79,18,15,1,-1,-1,-1
413,58,543,71,14,12,1,-1,-1,-1
413,65,560,94,23,17,1,-1,-1,-1
413,68,197,401,88,109,1,-1,-1,-1
413,69,475,350,52,93,1,-1,-1,-1
413,70,427,231,40,52,1,-1,-1,-1
413,71,568,144,27,28,1,-1,-1,-1
413,72,340,204,36,36,1,-1,-1,-1
413,73,412,146,24,28,1,-1,-1,-1
413,74,488,196,31,44,1,-1,-1,-1
413,75,623,173,36,30,1,-1,-1,-1
413,76,454,131,23,30,1,-1,-1,-1
413,77,693,210,52,42,1,-1,-1,-1
413,78,416,121,20,23,1,-1,-1,-1
413,79,457,106,19,21,1,-1,-1,-1
413,80,642,302,74,100,1,-1,-1,-1
413,81,429,82,18,19,1,-1,-1,-1
413,82,403,86,18,19,1,-1,-1,-1
413,83,457,86,18,17,1,-1,-1,-1
413,84,402,63,14,15,1,-1,-1,-1
413,85,427,69,13,13,1,-1,-1,-1
413,86,438,61,14,13,1,-1,-1,-1
413,99,475,73,20,13,1,-1,-1,-1
414,0,539,102,23,21,1,-1,-1,-1
414,1,521,73,14,15,1,-1,-1,-1
414,4,505,61,14,13,1,-1,-1,-1
414,5,522,61,14,13,1,-1,-1,-1
414,6,505,88,18,17,1,-1,-1,-1
414,10,845,246,53,44,1,-1,-1,-1
414,15,495,79,18,15,1,-1,-1,-1
414,58,543,69,14,13,1,-1,-1,-1
414,65,560,94,23,17,1,-1,-1,-1
414,68,189,401,96,117,1,-1,-1,-1
414,69,473,356,56,103,1,-1,-1,-1
414,70,427,235,40,54,1,-1,-1,-1
414,71,568,142,27,28,1,-1,-1,-1
414,72,338,204,39,40,1,-1,-1,-1
414,73,412,148,24,28,1,-1,-1,-1
414,74,488,200,33,46,1,-1,-1,-1
414,75,623,173,35,28,1,-1,-1,-1
414,76,454,133,23,30,1,-1,-1,-1
414,77,693,208,52,42,1,-1,-1,-1
414,78,416,123,20,23,1,-1,-1,-1
414,79,458,109,19,21,1,-1,-1,-1
414,80,640,298,75,102,1,-1,-1,-1
414,81,429,84,18,19,1,-1,-1,-1
414,82,403,88,18,19,1,-1,-1,-1
414,83,458,86,18,17,1,-1,-1,-1
414,84,403,63,14,15,1,-1,-1,-1
414,85,427,69,13,13,1,-1,-1,-1
414,86,440,62,14,13,1,-1,-1,-1
414,99,475,73,20,13,1,-1,-1,-1
415,0,539,102,23,21,1,-1,-1,-1
415,1,521,73,14,15,1,-1,-1,-1
415,4,505,61,14,13,1,-1,-1,-1
415,5,522,59,14,13,1,-1,-1,-1
415,6,506,89,18,17,1,-1,-1,-1
415,10,846,248,53,44,1,-1,-1,-1
415,15,495,79,18,15,1,-1,-1,-1
415,58,543,69,14,13,1,-1,-1,-1
415,65,560,92,21,17,1,-1,-1,-1
415,68,188,408,97,119,1,-1,-1,-1
415,69,472,368,56,102,1,-1,-1,-1
415,70,425,239,41,55,1,-1,-1,-1
415,71,568,142,27,28,1,-1,-1,-1
415,72,336,206,40,40,1,-1,-1,-1
415,73,412,150,24,28,1,-1,-1,-1
415,74,488,202,34,47,1,-1,-1,-1
415,75,623,171,35,28,1,-1,-1,-1
415,76,454,135,23,30,1,-1,-1,-1
415,77,690,206,49,40,1,-1,-1,-1
415,78,415,123,20,23,1,-1,-1,-1
415,79,458,109,19,21,1,-1,-1,-1
415,80,641,297,70,94,1,-1,-1,-1
415,81,431,84,18,19,1,-1,-1,-1
415,82,403,88,18,19,1,-1,-1,-1
415,83,458,86,18,17,1,-1,-1,-1
415,84,402,63,14,15,1,-1,-1,-1
415,85,427,69,13,13,1,-1,-1,-1
415,86,441,63,14,13,1,-1,-1,-1
415,99,475,73,20,13,1,-1,-1,-1
416,0,539,102,23,21,1,-1,-1,-1
416,1,519,73,14,15,1,-1,-1,-1
416,4,505,61,14,13,1,-1,-1,-1
416,5,522,59,14,13,1,-1,-1,-1
416,6,505,88,18,17,1,-1,-1,-1
416,10,846,248,53,44,1,-1,-1,-1
416,15,496,79,18,15,1,-1,-1,-1
416,58,543,69,14,13,1,-1,-1,-1
416,65,560,92,21,17,1,-1,-1,-1
416,68,182,412,100,124,1,-1,-1,-1
416,69,471,376,58,109,1,-1,-1,-1
416,70,424,240,42,57,1,-1,-1,-1
416,71,566,140,27,28,1,-1,-1,-1
416,72,333,209,42,41,1,-1,-1,-1
416,73,411,150,24,28,1,-1,-1,-1
416,74,488,206,34,48,1,-1,-1,-1
416,75,619,167,36,30,1,-1,-1,-1
416,76,454,136,23,30,1,-1,-1,-1
416,77,687,202,49,40,1,-1,-1,-1
416,78,415,125,20,23,1,-1,-1,-1
416,79,458,111,19,21,1,-1,-1,-1
416,80,640,293,69,92,1,-1,-1,-1
416,81,431,84,18,19,1,-1,-1,-1
416,82,403,90,18,19,1,-1,-1,-1
416,83,458,88,18,17,1,-1,-1,-1
416,84,403,65,14,15,1,-1,-1,-1
416,85,428,70,13,13,1,-1,-1,-1
416,86,441,63,14,13,1,-1,-1,-1
416,99,475,73,20,13,1,-1,-1,-1
417,0,539,102,23,21,1,-1,-1,-1
417,1,519,73,14,15,1,-1,-1,-1
417,4,505,61,14,13,1,-1,-1,-1
417,5,521,59,14,13,1,-1,-1,-1
417,6,505,88,18,17,1,-1,-1,-1
417,10,846,248,56,46,1,-1,-1,-1
417,15,496,79,18,15,1,-1,-1,-1
417,58,543,69,14,13,1,-1,-1,-1
417,65,560,90,20,17,1,-1,-1,-1
417,68,180,420,97,119,1,-1,-1,-1
417,69,471,389,61,111,1,-1,-1,-1
417,70,424,244,41,57,1,-1,-1,-1
417,71,566,140,27,28,1,-1,-1,-1
417,72,334,214,36,38,1,-1,-1,-1
417,73,411,152,24,28,1,-1,-1,-1
417,74,490,210,32,48,1,-1,-1,-1
417,75,619,167,36,30,1,-1,-1,-1
417,76,454,138,24,32,1,-1,-1,-1
417,77,684,200,50,40,1,-1,-1,-1
417,78,416,125,20,23,1,-1,-1,-1
417,79,458,111,19,21,1,-1,-1,-1
417,80,637,287,69,92,1,-1,-1,-1
417,81,431,84,18,19,1,-1,-1,-1
417,82,403,90,18,19,1,-1,-1,-1
417,83,458,88,18,17,1,-1,-1,-1
417,84,402,65,14,15,1,-1,-1,-1
417,85,428,71,13,13,1,-1,-1,-1
417,86,440,63,14,13,1,-1,-1,-1
417,99,475,73,20,13,1,-1,-1,-1
418,0,540,103,19,18,1,-1,-1,-1
418,1,519,73,14,15,1,-1,-1,-1
418,4,504,62,15,11,1,-1,-1,-1
418,5,521,59,14,13,1,-1,-1,-1
418,6,505,88,18,17,1,-1,-1,-1
418,10,848,250,53,44,1,-1,-1,-1
418,15,496,79,18,15,1,-1,-1,-1
418,58,543,69,14,13,1,-1,-1,-1
418,65,559,92,20,17,1,-1,-1,-1
418,68,176,424,102,115,1,-1,-1,-1
418,69,471,399,61,116,1,-1,-1,-1
418,70,423,248,43,57,1,-1,-1,-1
418,71,565,138,27,28,1,-1,-1,-1
418,72,331,213,40,44,1,-1,-1,-1
418,73,411,154,24,28,1,-1,-1,-1
418,74,488,214,35,50,1,-1,-1,-1
418,75,619,165,36,30,1,-1,-1,-1
418,76,454,140,23,32,1,-1,-1,-1
418,77,684,200,49,40,1,-1,-1,-1
418,78,417,128,20,23,1,-1,-1,-1
418,79,458,113,19,21,1,-1,-1,-1
418,80,637,283,66,90,1,-1,-1,-1
418,81,431,86,18,19,1,-1,-1,-1
418,82,403,90,18,19,1,-1,-1,-1
418,83,458,88,18,17,1,-1,-1,-1
418,84,402,65,14,15,1,-1,-1,-1
418,85,427,71,13,13,1,-1,-1,-1
418,86,440,63,14,13,1,-1,-1,-1
418,99,475,73,20,13,1,-1,-1,-1
419,0,539,102,19,17,1,-1,-1,-1
419,1,519,73,14,15,1,-1,-1,-1
419,4,504,61,14,11,1,-1,-1,-1
419,5,521,59,14,13,1,-1,-1,-1
419,6,505,88,18,17,1,-1,-1,-1
419,10,851,250,54,44,1,-1,-1,-1
419,15,496,79,18,15,1,-1,-1,-1
419,58,543,67,14,13,1,-1,-1,-1
419,65,559,90,20,17,1,-1,-1,-1
419,68,175,426,102,113,1,-1,-1,-1
419,69,470,409,64,124,1,-1,-1,-1
419,70,424,252,40,55,1,-1,-1,-1
419,71,565,138,27,28,1,-1,-1,-1
419,72,328,217,44,44,1,-1,-1,-1
419,73,411,156,24,28,1,-1,-1,-1
419,74,489,214,36,53,1,-1,-1,-1
419,75,619,165,33,28,1,-1,-1,-1
419,76,454,142,23,32,1,-1,-1,-1
419,77,681,196,48,38,1,-1,-1,-1
419,78,417,129,20,23,1,-1,-1,-1
419,79,458,113,19,21,1,-1,-1,-1
419,80,635,284,67,83,1,-1,-1,-1
419,81,431,86,18,19,1,-1,-1,-1
419,82,403,90,18,19,1,-1,-1,-1
419,83,458,90,18,17,1,-1,-1,-1
419,84,403,65,14,15,1,-1,-1,-1
419,85,429,71,13,13,1,-1,-1,-1
419,86,441,63,14,13,1,-1,-1,-1
419,99,475,73,20,13,1,-1,-1,-1
420,0,539,102,19,17,1,-1,-1,-1
420,1,519,71,14,15,1,-1,-1,-1
420,4,504,61,14,11,1,-1,-1,-1
420,5,521,59,14,13,1,-1,-1,-1
420,6,506,90,18,17,1,-1,-1,-1
420,10,851,250,53,44,1,-1,-1,-1
420,15,495,79,18,15,1,-1,-1,-1
420,58,542,70,15,12,1,-1,-1,-1
420,65,557,90,20,17,1,-1,-1,-1
420,68,172,432,103,107,1,-1,-1,-1
420,69,467,428,67,111,1,-1,-1,-1
420,70,421,258,41,57,1,-1,-1,-1
420,71,564,138,27,28,1,-1,-1,-1
420,72,327,219,42,46,1,-1,-1,-1
420,73,411,154,24,30,1,-1,-1,-1
420,74,491,218,33,55,1,-1,-1,-1
420,75,616,163,35,28,1,-1,-1,-1
420,76,454,142,23,32,1,-1,-1,-1
420,77,682,197,41,32,1,-1,-1,-1
420,78,416,130,20,23,1,-1,-1,-1
420,79,458,115,19,21,1,-1,-1,-1
420,80,633,277,65,86,1,-1,-1,-1
420,81,429,88,18,19,1,-1,-1,-1
420,82,403,92,18,19,1,-1,-1,-1
420,83,458,90,18,17,1,-1,-1,-1
420,84,402,65,14,15,1,-1,-1,-1
420,85,428,72,13,13,1,-1,-1,-1
420,86,441,63,14,13,1,-1,-1,-1
420,99,475,73,20,13,1,-1,-1,-1
421,0,539,102,19,17,1,-1,-1,-1
421,1,518,71,14,15,1,-1,-1,-1
421,4,502,61,14,11,1,-1,-1,-1
421,5,521,59,14,13,1,-1,-1,-1
421,6,506,90,18,17,1,-1,-1,-1
421,10,852,252,53,44,1,-1,-1,-1
421,15,496,79,18,15,1,-1,-1,-1
421,58,542,69,14,11,1,-1,-1,-1
421,65,559,90,20,17,1,-1,-1,-1
421,68,167,440,102,99,1,-1,-1,-1
421,69,467,435,66,104,1,-1,-1,-1
421,70,421,264,41,57,1,-1,-1,-1
421,71,567,138,27,28,1,-1,-1,-1
421,72,326,219,43,46,1,-1,-1,-1
421,73,411,156,23,30,1,-1,-1,-1
421,74,490,222,38,58,1,-1,-1,-1
421,75,616,163,33,28,1,-1,-1,-1
421,76,454,143,24,33,1,-1,-1,-1
421,77,680,194,43,32,1,-1,-1,-1
421,78,417,132,20,23,1,-1,-1,-1
421,79,458,115,19,21,1,-1,-1,-1
421,80,633,273,66,90,1,-1,-1,-1
421,81,431,88,18,19,1,-1,-1,-1
421,82,402,92,18,19,1,-1,-1,-1
421,83,458,92,18,17,1,-1,-1,-1
421,84,402,67,14,15,1,-1,-1,-1
421,85,428,73,13,13,1,-1,-1,-1
421,86,441,65,14,13,1,-1,-1,-1
421,99,475,73,20,13,1,-1,-1,-1
422,0,539,102,19,17,1,-1,-1,-1
422,1,518,71,14,15,1,-1,-1,-1
422,4,502,61,14,11,1,-1,-1,-1
422,5,519,57,14,13,1,-1,-1,-1
422,6,505,90,18,17,1,-1,-1,-1
422,10,854,252,53,44,1,-1,-1,-1
422,15,496,79,18,15,1,-1,-1,-1
422,58,540,69,14,11,1,-1,-1,-1
422,65,556,90,20,17,1,-1,-1,-1
422,68,163,443,107,96,1,-1,-1,-1
422,69,467,446,67,93,1,-1,-1,-1
422,70,420,268,41,57,1,-1,-1,-1
422,71,566,138,27,28,1,-1,-1,-1
422,72,326,225,41,46,1,-1,-1,-1
422,73,411,158,23,30,1,-1,-1,-1
422,74,491,227,37,57,1,-1,-1,-1
422,75,615,162,32,28,1,-1,-1,-1
422,76,452,145,27,36,1,-1,-1,-1
422,77,677,192,42,33,1,-1,-1,-1
422,78,416,133,20,23,1,-1,-1,-1
422,79,456,117,23,24,1,-1,-1,-1
422,80,633,273,61,84,1,-1,-1,-1
422,81,431,88,18,19,1,-1,-1,-1
422,82,403,93,18,19,1,-1,-1,-1
422,83,459,92,18,17,1,-1,-1,-1
422,84,403,67,14,15,1,-1,-1,-1
422,85,428,73,14,13,1,-1,-1,-1
422,86,441,65,14,13,1,-1,-1,-1
422,99,475,73,20,13,1,-1,-1,-1
423,0,539,102,19,17,1,-1,-1,-1
423,1,519,72,16,15,1,-1,-1,-1
423,4,502,61,14,11,1,-1,-1,-1
423,5,519,59,14,13,1,-1,-1,-1
423,6,506,90,18,17,1,-1,-1,-1
423,10,855,254,53,44,1,-1,-1,-1
423,15,496,79,18,15,1,-1,-1,-1
423,58,542,69,14,11,1,-1,-1,-1
423,65,557,88,20,17,1,-1,-1,-1
423,68,159,449,107,90,1,-1,-1,-1
423,69,467,464,71,75,1,-1,-1,-1
423,70,419,275,43,57,1,-1,-1,-1
423,71,565,138,27,28,1,-1,-1,-1
423,72,322,229,41,46,1,-1,-1,-1
423,73,408,160,23,30,1,-1,-1,-1
423,74,491,231,39,59,1,-1,-1,-1
423,75,616,162,31,25,1,-1,-1,-1
423,76,451,146,27,36,1,-1,-1,-1
423,77,676,192,41,32,1,-1,-1,-1
423,78,416,133,20,23,1,-1,-1,-1
423,79,455,117,23,23,1,-1,-1,-1
423,80,632,268,61,84,1,-1,-1,-1
423,81,431,90,18,19,1,-1,-1,-1
423,82,402,94,18,19,1,-1,-1,-1
423,83,459,92,18,17,1,-1,-1,-1
423,84,402,67,14,15,1,-1,-1,-1
423,85,428,73,14,14,1,-1,-1,-1
423,86,441,65,14,13,1,-1,-1,-1
423,99,475,73,20,13,1,-1,-1,-1
424,0,539,102,19,17,1,-1,-1,-1
424,1,518,71,15,15,1,-1,-1,-1
424,4,501,61,14,11,1,-1,-1,-1
424,5,519,59,14,13,1,-1,-1,-1
424,6,506,90,18,17,1,-1,-1,-1
424,10,856,254,53,44,1,-1,-1,-1
424,15,496,79,18,15,1,-1,-1,-1
424,58,540,69,14,11,1,-1,-1,-1
424,65,556,88,20,17,1,-1,-1,-1
424,68,165,457,98,82,1,-1,-1,-1
424,69,470,476,67,63,1,-1,-1,-1
424,70,416,277,44,61,1,-1,-1,-1
424,71,565,136,27,28,1,-1,-1,-1
424,72,321,231,41,46,1,-1,-1,-1
424,73,408,160,24,30,1,-1,-1,-1
424,74,492,235,37,57,1,-1,-1,-1
424,75,612,160,32,28,1,-1,-1,-1
424,76,451,148,27,36,1,-1,-1,-1
424,77,675,190,40,31,1,-1,-1,-1
424,78,415,134,20,23,1,-1,-1,-1
424,79,455,119,23,23,1,-1,-1,-1
424,80,630,266,61,84,1,-1,-1,-1
424,81,431,90,18,19,1,-1,-1,-1
424,82,403,95,18,19,1,-1,-1,-1
424,83,459,94,18,17,1,-1,-1,-1
424,84,402,69,14,15,1,-1,-1,-1
424,85,428,73,14,14,1,-1,-1,-1
424,86,441,67,14,13,1,-1,-1,-1
424,99,475,73,20,13,1,-1,-1,-1
425,0,539,100,19,17,1,-1,-1,-1
425,1,519,71,15,15,1,-1,-1,-1
425,4,502,61,14,11,1,-1,-1,-1
425,5,518,59,14,13,1,-1,-1,-1
425,6,508,90,18,17,1,-1,-1,-1
425,10,856,254,53,44,1,-1,-1,-1
425,15,496,79,18,15,1,-1,-1,-1
425,58,540,69,14,11,1,-1,-1,-1
425,65,556,88,20,17,1,-1,-1,-1
425,68,165,462,94,77,1,-1,-1,-1
425,69,467,493,70,46,1,-1,-1,-1
425,70,416,283,45,63,1,-1,-1,-1
425,71,565,136,27,28,1,-1,-1,-1
425,72,317,235,41,46,1,-1,-1,-1
425,73,408,163,24,30,1,-1,-1,-1
425,74,492,243,37,57,1,-1,-1,-1
425,75,613,158,31,25,1,-1,-1,-1
425,76,451,150,27,36,1,-1,-1,-1
425,77,673,187,41,31,1,-1,-1,-1
425,78,415,136,20,23,1,-1,-1,-1
425,79,455,121,23,23,1,-1,-1,-1
425,80,629,264,60,82,1,-1,-1,-1
425,81,431,90,18,19,1,-1,-1,-1
425,82,402,96,18,19,1,-1,-1,-1
425,83,461,94,18,17,1,-1,-1,-1
425,84,402,69,14,15,1,-1,-1,-1
425,85,428,73,14,14,1,-1,-1,-1
425,86,441,67,14,13,1,-1,-1,-1
425,99,475,73,20,13,1,-1,-1,-1
426,0,538,100,19,17,1,-1,-1,-1
426,1,518,71,15,15,1,-1,-1,-1
426,4,501,61,14,11,1,-1,-1,-1
426,5,518,59,14,13,1,-1,-1,-1
426,6,506,90,18,17,1,-1,-1,-1
426,10,856,254,54,44,1,-1,-1,-1
426,15,497,81,18,15,1,-1,-1,-1
426,58,540,69,14,11,1,-1,-1,-1
426,65,556,88,20,17,1,-1,-1,-1
426,68,159,472,96,67,1,-1,-1,-1
426,70,415,287,45,63,1,-1,-1,-1
426,71,565,133,27,28,1,-1,-1,-1
426,72,316,237,44,50,1,-1,-1,-1
426,73,408,163,24,30,1,-1,-1,-1
426,74,492,248,37,57,1,-1,-1,-1
426,75,612,158,30,25,1,-1,-1,-1
426,76,451,151,27,38,1,-1,-1,-1
426,77,673,185,37,30,1,-1,-1,-1
426,78,413,134,25,28,1,-1,-1,-1
426,79,455,123,23,23,1,-1,-1,-1
426,80,629,262,57,79,1,-1,-1,-1
426,81,431,90,20,23,1,-1,-1,-1
426,82,401,95,21,22,1,-1,-1,-1
426,83,459,94,20,20,1,-1,-1,-1
426,84,403,69,14,15,1,-1,-1,-1
426,85,428,75,14,14,1,-1,-1,-1
426,86,442,67,14,13,1,-1,-1,-1
426,99,476,74,20,13,1,-1,-1,-1
427,0,538,100,19,17,1,-1,-1,-1
427,1,518,71,15,15,1,-1,-1,-1
427,4,502,61,14,11,1,-1,-1,-1
427,5,518,57,14,13,1,-1,-1,-1
427,6,506,90,18,17,1,-1,-1,-1
427,10,858,256,56,46,1,-1,-1,-1
427,15,497,81,18,15,1,-1,-1,-1
427,58,539,67,14,11,1,-1,-1,-1
427,65,556,88,20,17,1,-1,-1,-1
427,68,161,478,90,61,1,-1,-1,-1
427,70,416,287,47,73,1,-1,-1,-1
427,71,565,133,27,28,1,-1,-1,-1
427,72,313,239,46,50,1,-1,-1,-1
427,73,408,165,23,30,1,-1,-1,-1
427,74,493,248,36,63,1,-1,-1,-1
427,75,611,156,31,27,1,-1,-1,-1
427,76,452,153,27,39,1,-1,-1,-1
427,77,670,183,40,30,1,-1,-1,-1
427,78,412,135,24,28,1,-1,-1,-1
427,79,455,123,23,23,1,-1,-1,-1
427,80,628,258,57,79,1,-1,-1,-1
427,81,431,90,19,23,1,-1,-1,-1
427,82,400,96,20,21,1,-1,-1,-1
427,83,458,94,19,19,1,-1,-1,-1
427,84,402,69,14,15,1,-1,-1,-1
427,85,428,75,13,13,1,-1,-1,-1
427,86,442,69,14,13,1,-1,-1,-1
427,99,475,73,19,13,1,-1,-1,-1
428,0,538,100,19,17,1,-1,-1,-1
428,1,518,71,15,15,1,-1,-1,-1
428,4,501,60,14,11,1,-1,-1,-1
428,5,518,59,14,13,1,-1,-1,-1
428,6,506,90,18,17,1,-1,-1,-1
428,10,860,256,56,46,1,-1,-1,-1
428,15,495,81,19,15,1,-1,-1,-1
428,58,539,69,14,11,1,-1,-1,-1
428,65,556,88,20,17,1,-1,-1,-1
428,68,157,483,94,56,1,-1,-1,-1
428,70,414,291,47,77,1,-1,-1,-1
428,71,564,133,24,26,1,-1,-1,-1
428,72,310,241,48,55,1,-1,-1,-1
428,73,407,167,23,30,1,-1,-1,-1
428,74,491,252,41,68,1,-1,-1,-1
428,75,611,156,31,25,1,-1,-1,-1
428,76,450,156,27,36,1,-1,-1,-1
428,77,668,181,40,29,1,-1,-1,-1
428,78,412,136,26,28,1,-1,-1,-1
428,79,455,125,23,23,1,-1,-1,-1
428,80,628,256,56,77,1,-1,-1,-1
428,81,431,92,19,23,1,-1,-1,-1
428,82,400,98,20,21,1,-1,-1,-1
428,83,459,96,19,19,1,-1,-1,-1
428,84,403,69,14,15,1,-1,-1,-1
428,85,428,75,13,13,1,-1,-1,-1
428,86,442,68,14,13,1,-1,-1,-1
428,87,397,58,12,13,1,-1,-1,-1
428,88,420,61,15,14,1,-1,-1,-1
428,99,475,73,19,13,1,-1,-1,-1
428,101,469,54,24,14,1,-1,-1,-1
428,102,454,53,17,11,1,-1,-1,-1
429,0,538,98,19,17,1,-1,-1,-1
429,1,518,69,15,15,1,-1,-1,-1
429,4,501,61,14,11,1,-1,-1,-1
429,5,518,57,14,13,1,-1,-1,-1
429,6,507,91,19,18,1,-1,-1,-1
429,10,862,258,54,44,1,-1,-1,-1
429,15,495,81,19,15,1,-1,-1,-1
429,58,539,67,14,11,1,-1,-1,-1
429,65,555,86,20,17,1,-1,-1,-1
429,68,137,487,113,52,1,-1,-1,-1
429,70,411,295,52,86,1,-1,-1,-1
429,71,564,131,27,28,1,-1,-1,-1
429,72,310,248,44,50,1,-1,-1,-1
429,73,407,169,23,30,1,-1,-1,-1
429,74,489,257,45,74,1,-1,-1,-1
429,75,609,154,31,27,1,-1,-1,-1
429,76,450,160,28,38,1,-1,-1,-1
429,77,666,179,37,30,1,-1,-1,-1
429,78,412,138,24,28,1,-1,-1,-1
429,79,455,127,23,23,1,-1,-1,-1
429,80,625,252,56,77,1,-1,-1,-1
429,81,432,92,19,23,1,-1,-1,-1
429,82,400,98,20,21,1,-1,-1,-1
429,83,459,96,19,19,1,-1,-1,-1
429,84,402,71,14,15,1,-1,-1,-1
429,85,429,75,13,13,1,-1,-1,-1
429,86,442,69,14,13,1,-1,-1,-1
429,87,397,57,11,13,1,-1,-1,-1
429,88,420,61,14,13,1,-1,-1,-1
429,99,475,73,19,13,1,-1,-1,-1
429,101,468,54,23,13,1,-1,-1,-1
429,102,454,52,16,11,1,-1,-1,-1
430,0,536,98,19,17,1,-1,-1,-1
430,1,518,69,15,15,1,-1,-1,-1
430,4,501,59,14,11,1,-1,-1,-1
430,5,518,57,14,13,1,-1,-1,-1
430,6,506,90,19,17,1,-1,-1,-1
430,10,863,258,54,44,1,-1,-1,-1
430,15,495,81,19,15,1,-1,-1,-1
430,58,539,67,14,11,1,-1,-1,-1
430,65,555,86,20,17,1,-1,-1,-1
430,70,412,302,49,81,1,-1,-1,-1
430,71,562,131,27,28,1,-1,-1,-1
430,72,306,250,48,52,1,-1,-1,-1
430,73,407,171,23,30,1,-1,-1,-1
430,74,488,262,47,77,1,-1,-1,-1
430,75,608,152,32,28,1,-1,-1,-1
430,76,450,160,30,40,1,-1,-1,-1
430,77,665,175,39,30,1,-1,-1,-1
430,78,411,140,24,28,1,-1,-1,-1
430,79,455,127,23,23,1,-1,-1,-1
430,80,624,251,56,72,1,-1,-1,-1
430,81,432,94,19,23,1,-1,-1,-1
430,82,400,98,20,21,1,-1,-1,-1
430,83,459,98,19,19,1,-1,-1,-1
430,84,402,71,14,15,1,-1,-1,-1
430,85,428,77,13,13,1,-1,-1,-1
430,86,442,69,14,13,1,-1,-1,-1
430,87,398,59,11,13,1,-1,-1,-1
430,88,420,61,14,13,1,-1,-1,-1
430,99,475,75,19,13,1,-1,-1,-1
430,101,470,54,23,13,1,-1,-1,-1
430,102,454,52,16,11,1,-1,-1,-1
431,0,536,98,19,17,1,-1,-1,-1
431,1,518,69,15,15,1,-1,-1,-1
431,4,500,59,14,11,1,-1,-1,-1
431,5,518,57,14,13,1,-1,-1,-1
431,6,506,90,19,17,1,-1,-1,-1
431,10,864,260,53,44,1,-1,-1,-1
431,15,495,82,19,15,1,-1,-1,-1
431,58,539,67,14,11,1,-1,-1,-1
431,65,555,86,19,17,1,-1,-1,-1
431,70,408,310,52,86,1,-1,-1,-1
431,71,562,129,27,28,1,-1,-1,-1
431,72,303,254,50,55,1,-1,-1,-1
431,73,406,173,24,30,1,-1,-1,-1
431,74,488,268,44,73,1,-1,-1,-1
431,75,608,152,31,25,1,-1,-1,-1
431,76,450,163,30,40,1,-1,-1,-1
431,77,662,175,40,30,1,-1,-1,-1
431,78,411,142,24,28,1,-1,-1,-1
431,79,455,129,23,23,1,-1,-1,-1
431,80,622,249,54,68,1,-1,-1,-1
431,81,432,94,19,23,1,-1,-1,-1
431,82,400,98,20,21,1,-1,-1,-1
431,83,459,98,19,19,1,-1,-1,-1
431,84,403,71,14,15,1,-1,-1,-1
431,85,429,77,14,14,1,-1,-1,-1
431,86,442,69,14,13,1,-1,-1,-1
431,87,397,59,11,13,1,-1,-1,-1
431,88,420,61,14,13,1,-1,-1,-1
431,99,476,73,19,13,1,-1,-1,-1
431,101,470,54,23,13,1,-1,-1,-1
431,102,454,52,16,11,1,-1,-1,-1
432,0,538,98,19,17,1,-1,-1,-1
432,1,518,69,15,15,1,-1,-1,-1
432,4,501,61,14,11,1,-1,-1,-1
432,5,517,57,14,13,1,-1,-1,-1
432,6,506,92,19,17,1,-1,-1,-1
432,10,864,260,54,44,1,-1,-1,-1
432,15,495,81,19,15,1,-1,-1,-1
432,58,539,67,14,11,1,-1,-1,-1
432,65,555,84,19,17,1,-1,-1,-1
432,70,410,315,50,86,1,-1,-1,-1
432,71,561,129,23,26,1,-1,-1,-1
432,72,303,256,50,55,1,-1,-1,-1
432,73,406,173,24,32,1,-1,-1,-1
432,74,488,273,49,82,1,-1,-1,-1
432,75,608,149,31,27,1,-1,-1,-1
432,76,450,165,31,40,1,-1,-1,-1
432,77,663,172,37,30,1,-1,-1,-1
432,78,411,142,24,28,1,-1,-1,-1
432,79,457,131,23,23,1,-1,-1,-1
432,80,623,244,53,75,1,-1,-1,-1
432,81,432,94,19,23,1,-1,-1,-1
432,82,399,100,20,21,1,-1,-1,-1
432,83,459,98,19,19,1,-1,-1,-1
432,84,400,73,14,15,1,-1,-1,-1
432,85,429,77,14,14,1,-1,-1,-1
432,86,442,69,14,13,1,-1,-1,-1
432,87,397,59,11,13,1,-1,-1,-1
432,88,420,63,14,13,1,-1,-1,-1
432,99,476,75,19,13,1,-1,-1,-1
432,101,468,55,23,13,1,-1,-1,-1
432,102,454,54,16,11,1,-1,-1,-1
433,0,538,98,19,17,1,-1,-1,-1
433,1,517,69,15,15,1,-1,-1,-1
433,4,501,61,14,11,1,-1,-1,-1
433,5,517,57,14,13,1,-1,-1,-1
433,6,508,92,19,17,1,-1,-1,-1
433,10,864,260,57,48,1,-1,-1,-1
433,15,495,82,19,15,1,-1,-1,-1
433,58,539,67,14,11,1,-1,-1,-1
433,65,555,84,19,17,1,-1,-1,-1
433,70,407,325,49,82,1,-1,-1,-1
433,71,560,129,27,28,1,-1,-1,-1
433,72,300,262,49,54,1,-1,-1,-1
433,73,404,175,26,32,1,-1,-1,-1
433,74,489,281,51,78,1,-1,-1,-1
433,75,604,148,32,28,1,-1,-1,-1
433,76,449,167,30,40,1,-1,-1,-1
433,77,659,171,39,30,1,-1,-1,-1
433,78,411,144,24,28,1,-1,-1,-1
433,79,455,133,23,23,1,-1,-1,-1
433,80,621,241,53,75,1,-1,-1,-1
433,81,431,96,19,23,1,-1,-1,-1
433,82,399,102,20,21,1,-1,-1,-1
433,83,461,100,19,19,1,-1,-1,-1
433,84,402,73,14,15,1,-1,-1,-1
433,85,430,78,14,14,1,-1,-1,-1
433,86,444,71,14,13,1,-1,-1,-1
433,87,398,59,11,13,1,-1,-1,-1
433,88,420,63,14,13,1,-1,-1,-1
433,99,476,75,19,13,1,-1,-1,-1
433,101,468,55,23,13,1,-1,-1,-1
433,102,454,54,16,11,1,-1,-1,-1
434,0,538,96,19,17,1,-1,-1,-1
434,1,517,69,15,15,1,-1,-1,-1
434,4,501,61,14,11,1,-1,-1,-1
434,5,517,57,14,13,1,-1,-1,-1
434,6,506,92,19,17,1,-1,-1,-1
434,10,864,260,57,48,1,-1,-1,-1
434,15,496,82,19,15,1,-1,-1,-1
434,58,539,67,14,11,1,-1,-1,-1
434,65,553,84,19,17,1,-1,-1,-1
434,70,404,330,55,90,1,-1,-1,-1
434,71,561,129,23,26,1,-1,-1,-1
434,72,294,258,58,66,1,-1,-1,-1
434,73,403,175,29,38,1,-1,-1,-1
434,74,488,287,50,82,1,-1,-1,-1
434,75,607,149,29,24,1,-1,-1,-1
434,76,450,167,30,44,1,-1,-1,-1
434,77,659,171,36,28,1,-1,-1,-1
434,78,411,146,24,28,1,-1,-1,-1
434,79,455,133,23,23,1,-1,-1,-1
434,80,620,237,53,75,1,-1,-1,-1
434,81,431,96,19,23,1,-1,-1,-1
434,82,399,102,20,21,1,-1,-1,-1
434,83,462,102,19,19,1,-1,-1,-1
434,84,402,73,14,15,1,-1,-1,-1
434,85,429,79,14,14,1,-1,-1,-1
434,86,445,71,14,13,1,-1,-1,-1
434,87,397,59,13,13,1,-1,-1,-1
434,88,420,63,14,13,1,-1,-1,-1
434,99,475,75,19,13,1,-1,-1,-1
434,101,470,55,23,13,1,-1,-1,-1
434,102,454,52,16,11,1,-1,-1,-1
435,0,536,96,19,17,1,-1,-1,-1
435,1,517,69,15,15,1,-1,-1,-1
435,4,501,61,14,11,1,-1,-1,-1
435,5,517,57,14,13,1,-1,-1,-1
435,6,508,92,19,17,1,-1,-1,-1
435,10,865,262,57,48,1,-1,-1,-1
435,15,496,82,19,15,1,-1,-1,-1
435,58,539,67,14,11,1,-1,-1,-1
435,65,552,84,19,17,1,-1,-1,-1
435,70,403,335,59,92,1,-1,-1,-1
435,71,561,127,23,27,1,-1,-1,-1
435,72,291,262,58,67,1,-1,-1,-1
435,73,403,175,30,38,1,-1,-1,-1
435,74,488,295,52,84,1,-1,-1,-1
435,75,606,148,29,22,1,-1,-1,-1
435,76,449,173,31,40,1,-1,-1,-1
435,77,656,169,36,28,1,-1,-1,-1
435,78,410,146,24,28,1,-1,-1,-1
435,79,458,136,23,23,1,-1,-1,-1
435,80,620,237,52,73,1,-1,-1,-1
435,81,431,98,19,23,1,-1,-1,-1
435,82,398,104,20,21,1,-1,-1,-1
435,83,462,102,19,19,1,-1,-1,-1
435,84,402,75,14,15,1,-1,-1,-1
435,85,429,79,16,15,1,-1,-1,-1
435,86,445,71,15,15,1,-1,-1,-1
435,87,398,61,11,13,1,-1,-1,-1
435,88,421,65,14,13,1,-1,-1,-1
435,99,476,75,19,13,1,-1,-1,-1
435,101,470,55,23,13,1,-1,-1,-1
435,102,454,54,16,11,1,-1,-1,-1
436,0,538,98,19,17,1,-1,-1,-1
436,1,516,70,15,13,1,-1,-1,-1
436,4,501,61,14,11,1,-1,-1,-1
436,5,515,57,14,13,1,-1,-1,-1
436,6,508,92,19,17,1,-1,-1,-1
436,10,867,262,57,48,1,-1,-1,-1
436,15,495,82,19,15,1,-1,-1,-1
436,58,539,65,14,11,1,-1,-1,-1
436,65,552,86,19,14,1,-1,-1,-1
436,70,400,345,59,98,1,-1,-1,-1
436,71,561,125,23,27,1,-1,-1,-1
436,72,289,266,57,65,1,-1,-1,-1
436,73,402,177,30,38,1,-1,-1,-1
436,74,487,302,53,86,1,-1,-1,-1
436,75,604,146,28,21,1,-1,-1,-1
436,76,449,171,31,46,1,-1,-1,-1
436,77,655,167,36,28,1,-1,-1,-1
436,78,410,148,26,28,1,-1,-1,-1
436,79,458,136,23,26,1,-1,-1,-1
436,80,620,235,50,71,1,-1,-1,-1
436,81,432,98,19,23,1,-1,-1,-1
436,82,399,106,20,21,1,-1,-1,-1
436,83,462,104,19,19,1,-1,-1,-1
436,84,402,75,14,15,1,-1,-1,-1
436,85,431,82,14,14,1,-1,-1,-1
436,86,445,71,14,13,1,-1,-1,-1
436,87,398,61,11,13,1,-1,-1,-1
436,88,420,65,14,13,1,-1,-1,-1
436,99,476,75,19,13,1,-1,-1,-1
436,101,470,55,23,13,1,-1,-1,-1
436,102,454,54,16,11,1,-1,-1,-1
437,0,536,96,19,17,1,-1,-1,-1
437,1,515,69,15,15,1,-1,-1,-1
437,4,500,59,14,11,1,-1,-1,-1
437,5,515,57,14,13,1,-1,-1,-1
437,6,506,92,19,17,1,-1,-1,-1
437,10,868,264,57,48,1,-1,-1,-1
437,15,496,82,19,15,1,-1,-1,-1
437,58,538,67,14,11,1,-1,-1,-1
437,65,554,86,18,15,1,-1,-1,-1
437,70,395,347,65,107,1,-1,-1,-1
437,71,560,125,23,27,1,-1,-1,-1
437,72,283,268,64,73,1,-1,-1,-1
437,73,400,179,30,38,1,-1,-1,-1
437,74,488,314,52,84,1,-1,-1,-1
437,75,604,146,28,21,1,-1,-1,-1
437,76,446,171,33,50,1,-1,-1,-1
437,77,654,165,36,28,1,-1,-1,-1
437,78,410,148,26,28,1,-1,-1,-1
437,79,458,138,23,25,1,-1,-1,-1
437,80,617,231,49,71,1,-1,-1,-1
437,81,431,100,19,23,1,-1,-1,-1
437,82,398,106,20,21,1,-1,-1,-1
437,83,462,104,19,19,1,-1,-1,-1
437,84,402,75,14,15,1,-1,-1,-1
437,85,429,81,15,15,1,-1,-1,-1
437,86,445,73,14,13,1,-1,-1,-1
437,87,398,61,11,13,1,-1,-1,-1
437,88,420,65,14,13,1,-1,-1,-1
437,99,476,75,19,13,1,-1,-1,-1
437,101,470,55,23,13,1,-1,-1,-1
437,102,454,54,16,11,1,-1,-1,-1
438,0,535,96,19,17,1,-1,-1,-1
438,1,515,69,14,15,1,-1,-1,-1
438,4,500,61,14,11,1,-1,-1,-1
438,5,514,57,14,13,1,-1,-1,-1
438,6,508,92,19,17,1,-1,-1,-1
438,10,868,264,57,48,1,-1,-1,-1
438,15,496,82,19,15,1,-1,-1,-1
438,58,538,65,14,11,1,-1,-1,-1
438,65,553,86,18,15,1,-1,-1,-1
438,70,397,356,61,100,1,-1,-1,-1
438,71,560,125,23,27,1,-1,-1,-1
438,72,282,271,66,75,1,-1,-1,-1
438,73,399,181,30,38,1,-1,-1,-1
438,74,488,322,50,82,1,-1,-1,-1
438,75,603,144,27,21,1,-1,-1,-1
438,76,448,175,32,48,1,-1,-1,-1
438,77,653,163,35,27,1,-1,-1,-1
438,78,408,152,24,28,1,-1,-1,-1
438,79,458,140,23,25,1,-1,-1,-1
438,80,617,229,49,71,1,-1,-1,-1
438,81,432,100,19,23,1,-1,-1,-1
438,82,398,108,20,21,1,-1,-1,-1
438,83,461,106,19,19,1,-1,-1,-1
438,84,401,75,17,17,1,-1,-1,-1
438,85,429,81,16,16,1,-1,-1,-1
438,86,444,71,17,18,1,-1,-1,-1
438,87,398,61,11,13,1,-1,-1,-1
438,88,420,65,14,13,1,-1,-1,-1
438,99,476,75,19,13,1,-1,-1,-1
438,101,470,55,23,13,1,-1,-1,-1
438,102,454,55,16,11,1,-1,-1,-1
439,0,536,96,19,17,1,-1,-1,-1
439,1,515,69,14,15,1,-1,-1,-1
439,4,498,59,14,11,1,-1,-1,-1
439,5,514,57,14,13,1,-1,-1,-1
439,6,508,92,19,17,1,-1,-1,-1
439,10,869,264,58,50,1,-1,-1,-1
439,15,496,82,19,15,1,-1,-1,-1
439,58,538,65,14,11,1,-1,-1,-1
439,65,552,85,20,14,1,-1,-1,-1
439,70,390,368,65,106,1,-1,-1,-1
439,71,559,123,23,27,1,-1,-1,-1
439,72,281,279,59,66,1,-1,-1,-1
439,73,399,183,30,38,1,-1,-1,-1
439,74,489,321,49,93,1,-1,-1,-1
439,75,603,144,28,21,1,-1,-1,-1
439,76,448,179,32,48,1,-1,-1,-1
439,77,653,163,35,27,1,-1,-1,-1
439,78,410,152,24,28,1,-1,-1,-1
439,79,458,142,23,25,1,-1,-1,-1
439,80,616,227,49,71,1,-1,-1,-1
439,81,432,100,19,23,1,-1,-1,-1
439,82,398,109,20,21,1,-1,-1,-1
439,83,462,106,19,19,1,-1,-1,-1
439,84,400,75,16,17,1,-1,-1,-1
439,85,428,82,15,15,1,-1,-1,-1
439,86,444,71,16,17,1,-1,-1,-1
439,87,398,63,11,13,1,-1,-1,-1
439,88,421,65,14,13,1,-1,-1,-1
439,99,478,75,19,13,1,-1,-1,-1
439,101,470,55,23,13,1,-1,-1,-1
439,102,454,54,16,11,1,-1,-1,-1
440,0,535,94,19,17,1,-1,-1,-1
440,1,515,68,14,15,1,-1,-1,-1
440,4,498,59,14,11,1,-1,-1,-1
440,5,514,57,14,13,1,-1,-1,-1
440,6,508,92,19,17,1,-1,-1,-1
440,10,872,266,57,48,1,-1,-1,-1
440,15,496,82,19,15,1,-1,-1,-1
440,58,538,65,14,11,1,-1,-1,-1
440,65,552,85,19,14,1,-1,-1,-1
440,70,387,374,67,111,1,-1,-1,-1
440,71,559,123,23,27,1,-1,-1,-1
440,72,279,285,60,69,1,-1,-1,-1
440,73,398,188,30,37,1,-1,-1,-1
440,74,489,331,51,97,1,-1,-1,-1
440,75,602,144,28,21,1,-1,-1,-1
440,76,446,181,33,50,1,-1,-1,-1
440,77,650,162,36,28,1,-1,-1,-1
440,78,407,153,29,31,1,-1,-1,-1
440,79,458,144,23,25,1,-1,-1,-1
440,80,616,227,48,67,1,-1,-1,-1
440,81,431,99,20,24,1,-1,-1,-1
440,82,398,108,22,24,1,-1,-1,-1
440,83,463,108,21,21,1,-1,-1,-1
440,84,400,75,16,17,1,-1,-1,-1
440,85,429,82,15,15,1,-1,-1,-1
440,86,445,73,16,17,1,-1,-1,-1
440,87,398,63,11,13,1,-1,-1,-1
440,88,421,67,14,13,1,-1,-1,-1
440,99,478,75,19,13,1,-1,-1,-1
440,101,470,55,23,13,1,-1,-1,-1
440,102,454,54,16,11,1,-1,-1,-1
441,0,535,94,19,17,1,-1,-1,-1
441,1,515,68,14,15,1,-1,-1,-1
441,4,498,59,14,11,1,-1,-1,-1
441,5,514,57,14,13,1,-1,-1,-1
441,6,508,92,19,17,1,-1,-1,-1
441,10,872,266,57,48,1,-1,-1,-1
441,15,496,82,19,15,1,-1,-1,-1
441,58,538,65,14,11,1,-1,-1,-1
441,65,552,85,19,14,1,-1,-1,-1
441,70,385,385,67,117,1,-1,-1,-1
441,71,559,121,23,27,1,-1,-1,-1
441,72,278,291,57,65,1,-1,-1,-1
441,73,399,189,30,38,1,-1,-1,-1
441,74,490,338,55,105,1,-1,-1,-1
441,75,600,142,28,21,1,-1,-1,-1
441,76,448,185,31,46,1,-1,-1,-1
441,77,649,160,36,28,1,-1,-1,-1
441,78,407,152,31,32,1,-1,-1,-1
441,79,458,144,23,27,1,-1,-1,-1
441,80,615,223,48,67,1,-1,-1,-1
441,81,431,98,19,23,1,-1,-1,-1
441,82,398,109,22,23,1,-1,-1,-1
441,83,464,109,20,21,1,-1,-1,-1
441,84,400,77,16,17,1,-1,-1,-1
441,85,429,84,15,15,1,-1,-1,-1
441,86,445,73,16,17,1,-1,-1,-1
441,87,398,63,11,13,1,-1,-1,-1
441,88,421,67,14,13,1,-1,-1,-1
441,99,476,75,19,13,1,-1,-1,-1
441,101,468,55,23,13,1,-1,-1,-1
441,102,454,54,16,11,1,-1,-1,-1
442,0,535,94,19,17,1,-1,-1,-1
442,1,515,68,14,15,1,-1,-1,-1
442,4,498,59,14,11,1,-1,-1,-1
442,5,514,55,14,13,1,-1,-1,-1
442,6,508,92,19,17,1,-1,-1,-1
442,10,873,268,57,48,1,-1,-1,-1
442,15,496,82,19,15,1,-1,-1,-1
442,58,536,65,14,11,1,-1,-1,-1
442,65,551,84,20,14,1,-1,-1,-1
442,70,385,394,69,123,1,-1,-1,-1
442,71,557,121,23,27,1,-1,-1,-1
442,72,275,293,59,69,1,-1,-1,-1
442,73,397,192,30,38,1,-1,-1,-1
442,74,491,350,55,102,1,-1,-1,-1
442,75,599,140,27,21,1,-1,-1,-1
442,76,446,189,32,48,1,-1,-1,-1
442,77,646,158,36,28,1,-1,-1,-1
442,78,404,154,32,34,1,-1,-1,-1
442,79,457,146,23,25,1,-1,-1,-1
442,80,612,221,49,69,1,-1,-1,-1
442,81,432,100,19,23,1,-1,-1,-1
442,82,398,111,22,23,1,-1,-1,-1
442,83,463,109,20,21,1,-1,-1,-1
442,84,400,77,16,17,1,-1,-1,-1
442,85,429,84,15,15,1,-1,-1,-1
442,86,445,73,16,17,1,-1,-1,-1
442,87,398,63,11,13,1,-1,-1,-1
442,88,421,67,14,13,1,-1,-1,-1
442,99,476,75,19,13,1,-1,-1,-1
442,101,468,55,23,13,1,-1,-1,-1
442,102,454,55,16,11,1,-1,-1,-1
443,0,535,94,19,17,1,-1,-1,-1
443,1,513,69,14,15,1,-1,-1,-1
443,4,498,59,14,11,1,-1,-1,-1
443,5,513,55,14,13,1,-1,-1,-1
443,6,508,94,19,17,1,-1,-1,-1
443,10,875,270,57,48,1,-1,-1,-1
443,15,496,82,19,15,1,-1,-1,-1
443,58,535,65,14,11,1,-1,-1,-1
443,65,551,84,19,14,1,-1,-1,-1
443,70,379,406,75,128,1,-1,-1,-1
443,71,557,121,23,27,1,-1,-1,-1
443,72,267,298,66,73,1,-1,-1,-1
443,73,397,192,31,40,1,-1,-1,-1
443,74,487,355,60,115,1,-1,-1,-1
443,75,599,140,28,21,1,-1,-1,-1
443,76,445,190,36,52,1,-1,-1,-1
443,77,646,156,36,28,1,-1,-1,-1
443,78,406,158,31,32,1,-1,-1,-1
443,79,458,148,23,25,1,-1,-1,-1
443,80,612,219,48,67,1,-1,-1,-1
443,81,431,100,19,23,1,-1,-1,-1
443,82,398,111,22,23,1,-1,-1,-1
443,83,464,110,20,21,1,-1,-1,-1
443,84,400,77,16,17,1,-1,-1,-1
443,85,429,84,15,15,1,-1,-1,-1
443,86,445,75,16,17,1,-1,-1,-1
443,87,398,63,11,13,1,-1,-1,-1
443,88,421,69,14,13,1,-1,-1,-1
443,99,476,75,19,13,1,-1,-1,-1
443,101,471,57,23,13,1,-1,-1,-1
443,102,455,55,16,11,1,-1,-1,-1
444,0,535,94,19,17,1,-1,-1,-1
444,1,514,68,14,15,1,-1,-1,-1
444,4,498,59,14,11,1,-1,-1,-1
444,5,513,55,14,13,1,-1,-1,-1
444,6,508,94,19,17,1,-1,-1,-1
444,10,876,270,58,50,1,-1,-1,-1
444,15,496,84,19,15,1,-1,-1,-1
444,58,536,63,14,11,1,-1,-1,-1
444,65,551,83,19,16,1,-1,-1,-1
444,70,376,411,76,123,1,-1,-1,-1
444,71,557,121,23,27,1,-1,-1,-1
444,72,263,299,70,79,1,-1,-1,-1
444,73,395,194,30,38,1,-1,-1,-1
444,74,487,366,60,115,1,-1,-1,-1
444,75,599,138,27,21,1,-1,-1,-1
444,76,445,192,36,52,1,-1,-1,-1
444,77,642,154,36,28,1,-1,-1,-1
444,78,406,158,31,32,1,-1,-1,-1
444,79,458,150,23,25,1,-1,-1,-1
444,80,612,217,47,67,1,-1,-1,-1
444,81,431,102,19,23,1,-1,-1,-1
444,82,398,111,22,23,1,-1,-1,-1
444,83,464,113,19,19,1,-1,-1,-1
444,84,400,79,16,17,1,-1,-1,-1
444,85,429,86,15,15,1,-1,-1,-1
444,86,445,75,16,17,1,-1,-1,-1
444,87,397,65,11,13,1,-1,-1,-1
444,88,421,69,14,13,1,-1,-1,-1
444,99,476,77,19,13,1,-1,-1,-1
444,101,471,55,23,13,1,-1,-1,-1
444,102,454,55,16,11,1,-1,-1,-1
445,0,535,94,19,17,1,-1,-1,-1
445,1,514,68,14,15,1,-1,-1,-1
445,4,497,59,14,11,1,-1,-1,-1
445,5,513,55,14,13,1,-1,-1,-1
445,6,509,94,19,17,1,-1,-1,-1
445,10,876,271,58,50,1,-1,-1,-1
445,15,496,82,19,15,1,-1,-1,-1
445,58,535,65,14,11,1,-1,-1,-1
445,65,551,83,18,15,1,-1,-1,-1
445,70,373,422,81,117,1,-1,-1,-1
445,71,556,121,23,27,1,-1,-1,-1
445,72,263,305,65,76,1,-1,-1,-1
445,73,395,198,28,38,1,-1,-1,-1
445,74,485,378,64,121,1,-1,-1,-1
445,75,598,138,28,21,1,-1,-1,-1
445,76,445,196,36,54,1,-1,-1,-1
445,77,642,152,36,28,1,-1,-1,-1
445,78,404,160,31,34,1,-1,-1,-1
445,79,457,152,23,25,1,-1,-1,-1
445,80,611,216,47,67,1,-1,-1,-1
445,81,432,104,20,25,1,-1,-1,-1
445,82,398,113,22,23,1,-1,-1,-1
445,83,465,113,20,21,1,-1,-1,-1
445,84,399,79,16,17,1,-1,-1,-1
445,85,429,86,15,15,1,-1,-1,-1
445,86,445,75,16,17,1,-1,-1,-1
445,87,398,65,11,13,1,-1,-1,-1
445,88,421,69,14,13,1,-1,-1,-1
445,99,478,77,19,13,1,-1,-1,-1
445,101,471,55,23,13,1,-1,-1,-1
445,102,454,55,16,11,1,-1,-1,-1
446,0,535,94,17,14,1,-1,-1,-1
446,1,513,67,14,15,1,-1,-1,-1
446,4,497,59,14,11,1,-1,-1,-1
446,5,513,55,14,13,1,-1,-1,-1
446,6,508,94,19,17,1,-1,-1,-1
446,10,877,271,57,48,1,-1,-1,-1
446,15,496,84,19,15,1,-1,-1,-1
446,58,535,63,14,11,1,-1,-1,-1
446,65,550,83,19,16,1,-1,-1,-1
446,70,370,432,81,107,1,-1,-1,-1
446,71,556,119,23,27,1,-1,-1,-1
446,72,259,312,66,77,1,-1,-1,-1
446,73,394,202,28,38,1,-1,-1,-1
446,74,484,387,65,123,1,-1,-1,-1
446,75,596,138,28,21,1,-1,-1,-1
446,76,445,198,36,55,1,-1,-1,-1
446,77,642,152,36,28,1,-1,-1,-1
446,78,403,160,32,34,1,-1,-1,-1
446,79,458,154,23,25,1,-1,-1,-1
446,80,607,215,52,63,1,-1,-1,-1
446,81,432,104,19,23,1,-1,-1,-1
446,82,397,113,22,23,1,-1,-1,-1
446,83,464,115,21,22,1,-1,-1,-1
446,84,400,79,16,17,1,-1,-1,-1
446,85,429,88,15,15,1,-1,-1,-1
446,86,445,75,16,17,1,-1,-1,-1
446,87,398,65,11,13,1,-1,-1,-1
446,88,421,69,14,13,1,-1,-1,-1
446,99,478,77,19,13,1,-1,-1,-1
446,101,471,57,23,13,1,-1,-1,-1
446,102,454,55,16,11,1,-1,-1,-1
447,0,535,92,19,17,1,-1,-1,-1
447,1,512,67,14,15,1,-1,-1,-1
447,4,497,59,14,11,1,-1,-1,-1
447,5,512,55,14,13,1,-1,-1,-1
447,6,508,94,19,17,1,-1,-1,-1
447,10,879,271,60,50,1,-1,-1,-1
447,15,496,84,19,15,1,-1,-1,-1
447,58,535,63,14,11,1,-1,-1,-1
447,65,550,84,18,15,1,-1,-1,-1
447,70,377,443,73,95,1,-1,-1,-1
447,71,556,119,23,27,1,-1,-1,-1
447,72,253,313,71,80,1,-1,-1,-1
447,73,394,204,32,39,1,-1,-1,-1
447,74,484,403,67,129,1,-1,-1,-1
447,75,595,136,28,21,1,-1,-1,-1
447,76,444,202,36,55,1,-1,-1,-1
447,77,641,152,35,27,1,-1,-1,-1
447,78,403,162,32,34,1,-1,-1,-1
447,79,457,156,23,25,1,-1,-1,-1
447,80,604,212,53,65,1,-1,-1,-1
447,81,432,106,19,23,1,-1,-1,-1
447,82,397,115,22,23,1,-1,-1,-1
447,83,463,115,20,21,1,-1,-1,-1
447,84,400,81,17,17,1,-1,-1,-1
447,85,430,86,16,17,1,-1,-1,-1
447,86,446,77,18,18,1,-1,-1,-1
447,87,398,65,11,13,1,-1,-1,-1
447,88,423,71,14,13,1,-1,-1,-1
447,99,476,77,19,13,1,-1,-1,-1
447,101,471,57,23,13,1,-1,-1,-1
447,102,454,55,16,11,1,-1,-1,-1
448,0,534,90,19,17,1,-1,-1,-1
448,1,512,67,14,15,1,-1,-1,-1
448,4,497,59,14,11,1,-1,-1,-1
448,5,512,55,14,13,1,-1,-1,-1
448,6,508,94,19,17,1,-1,-1,-1
448,10,876,270,65,54,1,-1,-1,-1
448,15,496,84,19,15,1,-1,-1,-1
448,58,535,63,14,11,1,-1,-1,-1
448,65,549,83,18,15,1,-1,-1,-1
448,70,364,459,85,80,1,-1,-1,-1
448,71,556,119,23,27,1,-1,-1,-1
448,72,248,320,76,84,1,-1,-1,-1
448,73,391,205,36,43,1,-1,-1,-1
448,74,481,414,71,125,1,-1,-1,-1
448,75,595,135,28,21,1,-1,-1,-1
448,76,442,204,37,55,1,-1,-1,-1
448,77,639,151,33,25,1,-1,-1,-1
448,78,403,165,31,34,1,-1,-1,-1
448,79,457,158,23,27,1,-1,-1,-1
448,80,604,210,52,63,1,-1,-1,-1
448,81,431,106,19,23,1,-1,-1,-1
448,82,397,117,22,23,1,-1,-1,-1
448,83,463,117,20,21,1,-1,-1,-1
448,84,399,82,16,17,1,-1,-1,-1
448,85,429,86,15,17,1,-1,-1,-1
448,86,445,77,18,17,1,-1,-1,-1
448,87,398,65,11,13,1,-1,-1,-1
448,88,421,71,14,13,1,-1,-1,-1
448,99,476,77,19,13,1,-1,-1,-1
448,101,470,57,23,13,1,-1,-1,-1
448,102,454,55,16,11,1,-1,-1,-1
449,0,534,90,19,17,1,-1,-1,-1
449,1,510,67,14,15,1,-1,-1,-1
449,4,496,59,14,11,1,-1,-1,-1
449,5,512,55,14,13,1,-1,-1,-1
449,6,508,94,19,17,1,-1,-1,-1
449,10,881,271,61,52,1,-1,-1,-1
449,15,496,84,19,15,1,-1,-1,-1
449,58,535,63,14,11,1,-1,-1,-1
449,65,549,82,18,15,1,-1,-1,-1
449,70,367,474,73,65,1,-1,-1,-1
449,71,555,119,22,24,1,-1,-1,-1
449,72,244,327,75,84,1,-1,-1,-1
449,73,390,206,36,42,1,-1,-1,-1
449,74,481,430,71,109,1,-1,-1,-1
449,75,595,135,27,21,1,-1,-1,-1
449,76,442,208,40,59,1,-1,-1,-1
449,77,637,148,33,25,1,-1,-1,-1
449,78,403,165,32,34,1,-1,-1,-1
449,79,456,161,24,28,1,-1,-1,-1
449,80,603,208,52,63,1,-1,-1,-1
449,81,431,109,19,23,1,-1,-1,-1
449,82,395,117,22,23,1,-1,-1,-1
449,83,463,118,21,23,1,-1,-1,-1
449,84,399,82,16,17,1,-1,-1,-1
449,85,429,88,15,17,1,-1,-1,-1
449,86,445,79,18,17,1,-1,-1,-1
449,87,398,67,11,13,1,-1,-1,-1
449,88,423,71,14,13,1,-1,-1,-1
449,99,476,77,19,13,1,-1,-1,-1
449,101,468,57,23,13,1,-1,-1,-1
449,102,454,55,16,11,1,-1,-1,-1
450,0,534,90,19,17,1,-1,-1,-1
450,1,510,65,14,15,1,-1,-1,-1
450,4,496,59,14,11,1,-1,-1,-1
450,5,510,55,14,13,1,-1,-1,-1
450,6,508,94,19,17,1,-1,-1,-1
450,10,882,273,60,50,1,-1,-1,-1
450,15,496,84,19,15,1,-1,-1,-1
450,58,535,63,14,11,1,-1,-1,-1
450,65,549,82,17,15,1,-1,-1,-1
450,70,365,480,71,59,1,-1,-1,-1
450,71,555,119,22,23,1,-1,-1,-1
450,72,241,333,75,84,1,-1,-1,-1
450,73,389,210,36,44,1,-1,-1,-1
450,74,480,443,71,96,1,-1,-1,-1
450,75,594,133,27,21,1,-1,-1,-1
450,76,442,209,38,63,1,-1,-1,-1
450,77,637,148,33,25,1,-1,-1,-1
450,78,402,167,32,34,1,-1,-1,-1
450,79,455,160,28,34,1,-1,-1,-1
450,80,603,206,53,63,1,-1,-1,-1
450,81,431,109,19,23,1,-1,-1,-1
450,82,395,119,22,23,1,-1,-1,-1
450,83,463,119,20,21,1,-1,-1,-1
450,84,398,82,16,17,1,-1,-1,-1
450,85,429,88,15,17,1,-1,-1,-1
450,86,446,79,18,17,1,-1,-1,-1
450,87,398,67,11,13,1,-1,-1,-1
450,88,421,71,14,13,1,-1,-1,-1
450,99,476,77,19,13,1,-1,-1,-1
450,101,468,57,23,13,1,-1,-1,-1
450,102,454,55,16,11,1,-1,-1,-1
451,0,532,90,19,17,1,-1,-1,-1
451,1,510,65,14,15,1,-1,-1,-1
451,4,496,59,14,11,1,-1,-1,-1
451,5,509,55,14,13,1,-1,-1,-1
451,6,508,94,19,17,1,-1,-1,-1
451,10,882,273,61,52,1,-1,-1,-1
451,15,495,84,19,15,1,-1,-1,-1
451,58,534,63,14,11,1,-1,-1,-1
451,65,547,82,19,14,1,-1,-1,-1
451,70,367,501,72,38,1,-1,-1,-1
451,71,555,119,22,23,1,-1,-1,-1
451,72,236,337,78,86,1,-1,-1,-1
451,73,389,210,36,44,1,-1,-1,-1
451,74,480,459,71,81,1,-1,-1,-1
451,75,594,133,27,21,1,-1,-1,-1
451,76,441,212,37,63,1,-1,-1,-1
451,77,634,146,33,25,1,-1,-1,-1
451,78,402,169,31,34,1,-1,-1,-1
451,79,454,163,27,34,1,-1,-1,-1
451,80,602,204,52,63,1,-1,-1,-1
451,81,431,109,19,23,1,-1,-1,-1
451,82,395,119,22,23,1,-1,-1,-1
451,83,465,120,20,21,1,-1,-1,-1
451,84,398,84,16,17,1,-1,-1,-1
451,85,431,88,15,17,1,-1,-1,-1
451,86,446,79,18,17,1,-1,-1,-1
451,87,398,67,11,13,1,-1,-1,-1
451,88,423,73,14,13,1,-1,-1,-1
451,99,476,77,19,13,1,-1,-1,-1
451,101,470,57,23,13,1,-1,-1,-1
451,102,454,55,16,11,1,-1,-1,-1
452,0,534,90,19,17,1,-1,-1,-1
452,1,510,65,14,15,1,-1,-1,-1
452,4,496,59,14,11,1,-1,-1,-1
452,5,509,55,14,13,1,-1,-1,-1
452,6,509,94,19,17,1,-1,-1,-1
452,10,885,275,61,50,1,-1,-1,-1
452,15,496,84,19,15,1,-1,-1,-1
452,58,532,61,14,11,1,-1,-1,-1
452,65,548,81,16,14,1,-1,-1,-1
452,71,555,117,22,23,1,-1,-1,-1
452,72,233,339,78,90,1,-1,-1,-1
452,73,387,214,36,44,1,-1,-1,-1
452,74,481,472,69,67,1,-1,-1,-1
452,75,591,131,27,21,1,-1,-1,-1
452,76,441,217,37,63,1,-1,-1,-1
452,77,633,146,32,25,1,-1,-1,-1
452,78,399,171,32,34,1,-1,-1,-1
452,79,454,165,28,34,1,-1,-1,-1
452,80,600,202,53,63,1,-1,-1,-1
452,81,430,112,19,23,1,-1,-1,-1
452,82,395,121,22,23,1,-1,-1,-1
452,83,466,120,20,24,1,-1,-1,-1
452,84,398,84,16,17,1,-1,-1,-1
452,85,431,90,15,17,1,-1,-1,-1
452,86,446,81,18,17,1,-1,-1,-1
452,87,397,67,11,13,1,-1,-1,-1
452,88,423,73,14,13,1,-1,-1,-1
452,99,478,77,19,13,1,-1,-1,-1
452,101,468,57,23,13,1,-1,-1,-1
452,102,454,55,16,11,1,-1,-1,-1
453,0,533,92,17,15,1,-1,-1,-1
453,1,509,65,14,15,1,-1,-1,-1
453,4,496,57,14,11,1,-1,-1,-1
453,5,510,55,14,13,1,-1,-1,-1
453,6,508,94,19,17,1,-1,-1,-1
453,10,885,277,61,50,1,-1,-1,-1
453,15,496,84,19,15,1,-1,-1,-1
453,58,532,63,14,11,1,-1,-1,-1
453,65,547,81,19,15,1,-1,-1,-1
453,71,553,117,22,23,1,-1,-1,-1
453,72,229,346,78,91,1,-1,-1,-1
453,73,386,217,39,46,1,-1,-1,-1
453,74,481,486,71,53,1,-1,-1,-1
453,75,591,131,27,21,1,-1,-1,-1
453,76,440,219,40,67,1,-1,-1,-1
453,77,632,144,33,25,1,-1,-1,-1
453,78,400,173,31,34,1,-1,-1,-1
453,79,454,169,27,34,1,-1,-1,-1
453,80,599,200,52,63,1,-1,-1,-1
453,81,431,111,20,26,1,-1,-1,-1
453,82,394,121,22,23,1,-1,-1,-1
453,83,464,121,21,23,1,-1,-1,-1
453,84,398,84,16,17,1,-1,-1,-1
453,85,431,90,15,17,1,-1,-1,-1
453,86,446,81,18,17,1,-1,-1,-1
453,87,397,69,11,13,1,-1,-1,-1
453,88,423,73,14,13,1,-1,-1,-1
453,99,476,77,19,13,1,-1,-1,-1
453,101,470,57,23,13,1,-1,-1,-1
453,102,454,55,16,11,1,-1,-1,-1
454,0,533,93,16,15,1,-1,-1,-1
454,1,509,65,14,15,1,-1,-1,-1
454,4,495,59,14,11,1,-1,-1,-1
454,5,509,55,14,13,1,-1,-1,-1
454,6,508,96,19,17,1,-1,-1,-1
454,10,888,277,58,48,1,-1,-1,-1
454,15,496,84,19,15,1,-1,-1,-1
454,58,532,63,14,11,1,-1,-1,-1
454,65,547,81,18,15,1,-1,-1,-1
454,71,552,117,22,23,1,-1,-1,-1
454,72,224,348,79,96,1,-1,-1,-1
454,73,385,219,40,46,1,-1,-1,-1
454,75,590,129,27,21,1,-1,-1,-1
454,76,441,225,37,63,1,-1,-1,-1
454,77,630,144,32,25,1,-1,-1,-1
454,78,399,173,33,35,1,-1,-1,-1
454,79,454,169,27,34,1,-1,-1,-1
454,80,598,198,53,63,1,-1,-1,-1
454,81,429,112,21,26,1,-1,-1,-1
454,82,393,122,22,26,1,-1,-1,-1
454,83,464,122,23,24,1,-1,-1,-1
454,84,398,86,16,17,1,-1,-1,-1
454,85,431,90,15,17,1,-1,-1,-1
454,86,448,82,18,17,1,-1,-1,-1
454,87,397,69,11,13,1,-1,-1,-1
454,88,421,73,14,13,1,-1,-1,-1
454,99,476,77,19,13,1,-1,-1,-1
454,101,471,57,23,13,1,-1,-1,-1
454,102,454,55,16,11,1,-1,-1,-1
455,0,532,92,16,15,1,-1,-1,-1
455,1,509,65,14,15,1,-1,-1,-1
455,4,495,57,14,11,1,-1,-1,-1
455,5,509,55,14,13,1,-1,-1,-1
455,6,508,96,19,17,1,-1,-1,-1
455,10,889,279,60,50,1,-1,-1,-1
455,15,496,84,19,15,1,-1,-1,-1
455,58,532,61,14,11,1,-1,-1,-1
455,65,547,81,18,15,1,-1,-1,-1
455,71,552,115,22,23,1,-1,-1,-1
455,72,218,356,83,100,1,-1,-1,-1
455,73,384,223,39,46,1,-1,-1,-1
455,75,590,129,27,21,1,-1,-1,-1
455,76,440,231,39,66,1,-1,-1,-1
455,77,629,142,33,25,1,-1,-1,-1
455,78,399,175,31,34,1,-1,-1,-1
455,79,454,173,28,34,1,-1,-1,-1
455,80,600,201,45,55,1,-1,-1,-1
455,81,428,113,20,25,1,-1,-1,-1
455,82,393,123,22,25,1,-1,-1,-1
455,83,463,123,23,23,1,-1,-1,-1
455,84,398,88,16,17,1,-1,-1,-1
455,85,431,92,15,17,1,-1,-1,-1
455,86,448,82,18,17,1,-1,-1,-1
455,87,397,69,11,13,1,-1,-1,-1
455,88,423,75,14,13,1,-1,-1,-1
455,99,476,79,21,13,1,-1,-1,-1
455,101,470,57,23,13,1,-1,-1,-1
455,102,454,55,16,11,1,-1,-1,-1
456,0,533,91,16,15,1,-1,-1,-1
456,1,509,65,14,15,1,-1,-1,-1
456,4,495,57,14,11,1,-1,-1,-1
456,5,508,55,14,13,1,-1,-1,-1
456,6,508,96,19,17,1,-1,-1,-1
456,10,889,279,61,50,1,-1,-1,-1
456,15,496,86,19,15,1,-1,-1,-1
456,58,531,61,14,11,1,-1,-1,-1
456,65,545,80,18,16,1,-1,-1,-1
456,71,552,115,22,23,1,-1,-1,-1
456,72,214,362,86,101,1,-1,-1,-1
456,73,382,225,40,46,1,-1,-1,-1
456,75,589,127,27,21,1,-1,-1,-1
456,76,437,233,40,67,1,-1,-1,-1
456,77,628,140,33,25,1,-1,-1,-1
456,78,398,175,32,34,1,-1,-1,-1
456,79,454,175,28,34,1,-1,-1,-1
456,80,599,198,45,56,1,-1,-1,-1
456,81,428,115,20,27,1,-1,-1,-1
456,82,394,125,22,25,1,-1,-1,-1
456,83,463,125,23,23,1,-1,-1,-1
456,84,398,86,16,17,1,-1,-1,-1
456,85,431,92,15,17,1,-1,-1,-1
456,86,448,82,18,17,1,-1,-1,-1
456,87,395,69,11,13,1,-1,-1,-1
456,88,423,75,14,13,1,-1,-1,-1
456,99,475,79,20,13,1,-1,-1,-1
456,101,471,57,23,13,1,-1,-1,-1
456,102,454,55,16,11,1,-1,-1,-1
457,0,532,91,16,15,1,-1,-1,-1
457,1,509,65,14,15,1,-1,-1,-1
457,4,493,57,14,11,1,-1,-1,-1
457,5,508,55,14,13,1,-1,-1,-1
457,6,509,96,19,17,1,-1,-1,-1
457,10,889,281,61,50,1,-1,-1,-1
457,15,497,85,19,15,1,-1,-1,-1
457,58,531,61,14,11,1,-1,-1,-1
457,65,544,79,19,17,1,-1,-1,-1
457,71,552,115,22,23,1,-1,-1,-1
457,72,206,367,90,107,1,-1,-1,-1
457,73,382,227,37,46,1,-1,-1,-1
457,75,589,127,27,21,1,-1,-1,-1
457,76,437,237,41,69,1,-1,-1,-1
457,77,626,140,33,25,1,-1,-1,-1
457,78,398,179,33,36,1,-1,-1,-1
457,79,454,179,27,34,1,-1,-1,-1
457,80,599,201,45,48,1,-1,-1,-1
457,81,429,116,20,27,1,-1,-1,-1
457,82,393,126,22,25,1,-1,-1,-1
457,83,463,127,23,23,1,-1,-1,-1
457,84,398,88,16,17,1,-1,-1,-1
457,85,431,92,15,17,1,-1,-1,-1
457,86,448,84,18,17,1,-1,-1,-1
457,87,394,68,16,16,1,-1,-1,-1
457,88,423,75,17,16,1,-1,-1,-1
457,99,475,79,20,13,1,-1,-1,-1
457,101,470,57,23,13,1,-1,-1,-1
457,102,454,56,16,11,1,-1,-1,-1
458,0,532,90,16,15,1,-1,-1,-1
458,1,509,65,14,15,1,-1,-1,-1
458,4,493,57,14,11,1,-1,-1,-1
458,5,508,54,14,13,1,-1,-1,-1
458,6,508,96,19,17,1,-1,-1,-1
458,10,890,281,61,52,1,-1,-1,-1
458,15,497,84,19,15,1,-1,-1,-1
458,58,531,61,14,11,1,-1,-1,-1
458,65,545,79,19,17,1,-1,-1,-1
458,71,552,113,22,23,1,-1,-1,-1
458,72,203,373,88,107,1,-1,-1,-1
458,73,381,231,40,46,1,-1,-1,-1
458,75,589,127,27,21,1,-1,-1,-1
458,76,437,243,41,69,1,-1,-1,-1
458,77,625,138,33,25,1,-1,-1,-1
458,78,398,179,32,34,1,-1,-1,-1
458,79,454,181,27,34,1,-1,-1,-1
458,80,598,198,44,48,1,-1,-1,-1
458,81,429,117,20,25,1,-1,-1,-1
458,82,393,127,22,25,1,-1,-1,-1
458,83,464,129,23,23,1,-1,-1,-1
458,84,398,88,16,17,1,-1,-1,-1
458,85,431,94,15,17,1,-1,-1,-1
458,86,449,84,18,17,1,-1,-1,-1
458,87,394,67,15,15,1,-1,-1,-1
458,88,423,75,16,15,1,-1,-1,-1
458,99,475,79,20,13,1,-1,-1,-1
458,101,470,57,23,14,1,-1,-1,-1
458,102,454,55,15,11,1,-1,-1,-1
459,0,531,90,16,15,1,-1,-1,-1
459,1,509,65,14,15,1,-1,-1,-1
459,4,493,57,14,11,1,-1,-1,-1
459,5,508,55,14,13,1,-1,-1,-1
459,6,508,96,19,17,1,-1,-1,-1
459,10,893,281,61,52,1,-1,-1,-1
459,15,497,84,19,15,1,-1,-1,-1
459,58,531,61,14,11,1,-1,-1,-1
459,65,544,79,19,17,1,-1,-1,-1
459,71,552,113,22,23,1,-1,-1,-1
459,72,201,382,88,107,1,-1,-1,-1
459,73,380,235,40,46,1,-1,-1,-1
459,75,586,125,27,21,1,-1,-1,-1
459,76,436,248,44,71,1,-1,-1,-1
459,77,625,138,33,25,1,-1,-1,-1
459,78,397,181,35,36,1,-1,-1,-1
459,79,454,185,27,34,1,-1,-1,-1
459,80,596,196,47,50,1,-1,-1,-1
459,81,429,118,20,25,1,-1,-1,-1
459,82,392,129,22,25,1,-1,-1,-1
459,83,464,129,23,23,1,-1,-1,-1
459,84,398,90,16,17,1,-1,-1,-1
459,85,431,96,15,17,1,-1,-1,-1
459,86,449,84,18,17,1,-1,-1,-1
459,87,394,69,15,15,1,-1,-1,-1
459,88,423,77,16,15,1,-1,-1,-1
459,99,475,79,20,13,1,-1,-1,-1
459,101,470,57,23,14,1,-1,-1,-1
459,102,455,56,15,11,1,-1,-1,-1
460,0,530,90,18,15,1,-1,-1,-1
460,1,508,65,14,15,1,-1,-1,-1
460,4,492,57,14,11,1,-1,-1,-1
460,5,508,54,14,13,1,-1,-1,-1
460,6,508,96,19,17,1,-1,-1,-1
460,10,893,281,65,54,1,-1,-1,-1
460,15,497,86,19,15,1,-1,-1,-1
460,58,530,61,14,11,1,-1,-1,-1
460,65,543,77,19,17,1,-1,-1,-1
460,71,552,113,22,23,1,-1,-1,-1
460,72,195,388,92,110,1,-1,-1,-1
460,73,377,237,40,48,1,-1,-1,-1
460,75,586,125,27,21,1,-1,-1,-1
460,76,433,250,47,77,1,-1,-1,-1
460,77,624,136,32,25,1,-1,-1,-1
460,78,394,185,33,36,1,-1,-1,-1
460,79,454,187,27,34,1,-1,-1,-1
460,80,595,196,48,50,1,-1,-1,-1
460,81,429,121,20,25,1,-1,-1,-1
460,82,390,129,22,27,1,-1,-1,-1
460,83,464,131,23,23,1,-1,-1,-1
460,84,397,90,16,17,1,-1,-1,-1
460,85,431,96,15,17,1,-1,-1,-1
460,86,449,86,18,17,1,-1,-1,-1
460,87,394,69,15,15,1,-1,-1,-1
460,88,423,77,16,15,1,-1,-1,-1
460,99,475,79,20,13,1,-1,-1,-1
460,101,468,57,23,13,1,-1,-1,-1
460,102,455,56,15,11,1,-1,-1,-1
461,0,530,90,19,16,1,-1,-1,-1
461,1,508,63,14,15,1,-1,-1,-1
461,4,492,57,14,11,1,-1,-1,-1
461,5,506,54,14,13,1,-1,-1,-1
461,6,508,96,19,17,1,-1,-1,-1
461,10,896,283,61,55,1,-1,-1,-1
461,15,497,86,19,15,1,-1,-1,-1
461,58,530,59,14,11,1,-1,-1,-1
461,65,543,77,19,17,1,-1,-1,-1
461,71,551,113,22,23,1,-1,-1,-1
461,72,186,396,97,112,1,-1,-1,-1
461,73,377,239,40,48,1,-1,-1,-1
461,75,586,123,27,21,1,-1,-1,-1
461,76,433,256,45,77,1,-1,-1,-1
461,77,623,135,33,25,1,-1,-1,-1
461,78,395,187,32,34,1,-1,-1,-1
461,79,453,190,28,34,1,-1,-1,-1
461,80,595,196,45,48,1,-1,-1,-1
461,81,427,121,24,28,1,-1,-1,-1
461,82,391,131,22,27,1,-1,-1,-1
461,83,464,131,23,23,1,-1,-1,-1
461,84,396,90,20,21,1,-1,-1,-1
461,85,429,96,18,20,1,-1,-1,-1
461,86,448,86,20,20,1,-1,-1,-1
461,87,394,71,15,15,1,-1,-1,-1
461,88,423,77,16,15,1,-1,-1,-1
461,99,475,79,20,13,1,-1,-1,-1
461,101,471,57,22,14,1,-1,-1,-1
461,102,454,56,15,11,1,-1,-1,-1
462,0,530,90,19,15,1,-1,-1,-1
462,1,506,65,14,15,1,-1,-1,-1
462,5,506,54,14,13,1,-1,-1,-1
462,6,508,96,19,17,1,-1,-1,-1
462,10,897,283,61,55,1,-1,-1,-1
462,15,497,84,19,15,1,-1,-1,-1
462,58,530,61,14,11,1,-1,-1,-1
462,65,543,77,19,17,1,-1,-1,-1
462,71,549,113,22,23,1,-1,-1,-1
462,72,179,399,102,127,1,-1,-1,-1
462,73,374,240,41,54,1,-1,-1,-1
462,75,585,123,27,21,1,-1,-1,-1
462,76,433,262,44,75,1,-1,-1,-1
462,77,623,133,28,24,1,-1,-1,-1
462,78,395,189,31,34,1,-1,-1,-1
462,79,453,189,28,37,1,-1,-1,-1
462,80,595,192,44,48,1,-1,-1,-1
462,81,427,121,24,29,1,-1,-1,-1
462,82,391,132,23,27,1,-1,-1,-1
462,83,464,133,23,23,1,-1,-1,-1
462,84,395,90,19,21,1,-1,-1,-1
462,85,428,96,18,19,1,-1,-1,-1
462,86,448,86,19,19,1,-1,-1,-1
462,87,394,71,15,15,1,-1,-1,-1
462,88,423,77,16,15,1,-1,-1,-1
462,99,475,79,20,13,1,-1,-1,-1
462,101,470,58,23,13,1,-1,-1,-1
462,102,454,56,15,11,1,-1,-1,-1
463,0,528,90,19,15,1,-1,-1,-1
463,1,506,63,14,15,1,-1,-1,-1
463,5,506,54,14,13,1,-1,-1,-1
463,6,508,96,19,17,1,-1,-1,-1
463,10,898,285,61,55,1,-1,-1,-1
463,15,497,86,19,15,1,-1,-1,-1
463,58,528,61,14,11,1,-1,-1,-1
463,65,543,77,19,17,1,-1,-1,-1
463,71,549,112,22,23,1,-1,-1,-1
463,72,173,408,101,127,1,-1,-1,-1
463,73,373,241,43,55,1,-1,-1,-1
463,75,585,123,27,21,1,-1,-1,-1
463,76,431,268,48,79,1,-1,-1,-1
463,77,621,131,27,23,1,-1,-1,-1
463,78,394,190,32,34,1,-1,-1,-1
463,79,453,192,28,38,1,-1,-1,-1
463,80,594,190,44,48,1,-1,-1,-1
463,81,427,123,20,25,1,-1,-1,-1
463,82,390,132,24,27,1,-1,-1,-1
463,83,464,136,23,23,1,-1,-1,-1
463,84,395,92,19,21,1,-1,-1,-1
463,85,428,98,18,19,1,-1,-1,-1
463,86,448,88,19,19,1,-1,-1,-1
463,87,394,71,15,15,1,-1,-1,-1
463,88,423,79,16,15,1,-1,-1,-1
463,99,475,79,20,13,1,-1,-1,-1
463,101,471,57,23,13,1,-1,-1,-1
463,102,455,57,15,11,1,-1,-1,-1
464,0,528,88,19,15,1,-1,-1,-1
464,1,506,63,14,15,1,-1,-1,-1
464,5,505,54,14,13,1,-1,-1,-1
464,6,508,96,19,17,1,-1,-1,-1
464,10,899,285,61,55,1,-1,-1,-1
464,15,497,86,19,15,1,-1,-1,-1
464,58,527,61,14,11,1,-1,-1,-1
464,65,542,77,19,17,1,-1,-1,-1
464,71,548,111,22,23,1,-1,-1,-1
464,72,167,412,108,127,1,-1,-1,-1
464,73,372,246,41,55,1,-1,-1,-1
464,75,585,121,27,21,1,-1,-1,-1
464,76,430,270,51,85,1,-1,-1,-1
464,77,621,131,27,23,1,-1,-1,-1
464,78,394,192,33,36,1,-1,-1,-1
464,79,450,194,31,43,1,-1,-1,-1
464,80,592,190,45,48,1,-1,-1,-1
464,81,428,125,20,25,1,-1,-1,-1
464,82,390,133,25,27,1,-1,-1,-1
464,83,464,136,23,23,1,-1,-1,-1
464,84,395,92,19,21,1,-1,-1,-1
464,85,428,100,18,19,1,-1,-1,-1
464,86,449,88,19,19,1,-1,-1,-1
464,87,393,71,15,15,1,-1,-1,-1
464,88,423,79,16,15,1,-1,-1,-1
464,99,475,79,20,13,1,-1,-1,-1
464,101,470,57,23,13,1,-1,-1,-1
464,102,454,57,15,11,1,-1,-1,-1
465,0,530,88,19,15,1,-1,-1,-1
465,1,507,64,14,12,1,-1,-1,-1
465,5,505,54,14,13,1,-1,-1,-1
465,6,508,98,19,17,1,-1,-1,-1
465,10,901,287,61,55,1,-1,-1,-1
465,15,497,86,19,15,1,-1,-1,-1
465,58,527,59,14,11,1,-1,-1,-1
465,65,542,77,19,17,1,-1,-1,-1
465,71,548,111,22,23,1,-1,-1,-1
465,72,163,422,108,117,1,-1,-1,-1
465,73,370,250,43,55,1,-1,-1,-1
465,75,582,121,27,21,1,-1,-1,-1
465,76,429,275,50,84,1,-1,-1,-1
465,77,620,131,27,23,1,-1,-1,-1
465,78,393,196,33,36,1,-1,-1,-1
465,79,450,196,31,42,1,-1,-1,-1
465,80,591,187,45,48,1,-1,-1,-1
465,81,425,125,24,27,1,-1,-1,-1
465,82,389,136,22,25,1,-1,-1,-1
465,83,464,136,23,25,1,-1,-1,-1
465,84,394,94,19,21,1,-1,-1,-1
465,85,428,100,18,19,1,-1,-1,-1
465,86,449,88,19,19,1,-1,-1,-1
465,87,394,73,15,15,1,-1,-1,-1
465,88,423,81,16,15,1,-1,-1,-1
465,99,476,81,20,13,1,-1,-1,-1
465,101,471,57,24,15,1,-1,-1,-1
465,102,455,57,15,11,1,-1,-1,-1
466,0,527,88,19,15,1,-1,-1,-1
466,1,507,64,15,12,1,-1,-1,-1
466,5,506,53,14,13,1,-1,-1,-1
466,6,508,96,19,17,1,-1,-1,-1
466,10,902,287,61,55,1,-1,-1,-1
466,15,497,86,19,15,1,-1,-1,-1
466,58,527,61,11,9,1,-1,-1,-1
466,65,542,77,19,17,1,-1,-1,-1
466,71,548,111,22,23,1,-1,-1,-1
466,72,155,430,109,109,1,-1,-1,-1
466,73,369,254,40,54,1,-1,-1,-1
466,75,582,119,27,21,1,-1,-1,-1
466,76,428,283,52,86,1,-1,-1,-1
466,77,619,129,27,23,1,-1,-1,-1
466,78,391,196,35,36,1,-1,-1,-1
466,79,450,200,31,42,1,-1,-1,-1
466,80,591,187,44,48,1,-1,-1,-1
466,81,427,127,22,28,1,-1,-1,-1
466,82,389,138,22,25,1,-1,-1,-1
466,83,464,138,24,25,1,-1,-1,-1
466,84,395,94,19,21,1,-1,-1,-1
466,85,428,100,18,19,1,-1,-1,-1
466,86,449,90,19,19,1,-1,-1,-1
466,87,394,73,15,15,1,-1,-1,-1
466,88,424,82,16,15,1,-1,-1,-1
466,99,475,81,20,13,1,-1,-1,-1
466,101,470,57,24,14,1,-1,-1,-1
466,102,454,57,15,11,1,-1,-1,-1
467,0,528,88,19,15,1,-1,-1,-1
467,1,506,63,14,11,1,-1,-1,-1
467,5,506,53,14,13,1,-1,-1,-1
467,6,508,98,19,17,1,-1,-1,-1
467,10,903,289,61,55,1,-1,-1,-1
467,15,497,86,19,15,1,-1,-1,-1
467,58,527,59,14,11,1,-1,-1,-1
467,65,540,77,19,17,1,-1,-1,-1
467,71,548,111,22,23,1,-1,-1,-1
467,72,151,439,109,100,1,-1,-1,-1
467,73,369,256,43,55,1,-1,-1,-1
467,75,582,121,27,21,1,-1,-1,-1
467,76,425,289,54,92,1,-1,-1,-1
467,77,619,129,27,23,1,-1,-1,-1
467,78,391,198,35,36,1,-1,-1,-1
467,79,449,204,31,44,1,-1,-1,-1
467,80,590,185,44,48,1,-1,-1,-1
467,81,427,129,22,27,1,-1,-1,-1
467,82,389,138,22,25,1,-1,-1,-1
467,83,464,140,24,25,1,-1,-1,-1
467,84,395,96,19,21,1,-1,-1,-1
467,85,428,102,18,19,1,-1,-1,-1
467,86,449,90,19,19,1,-1,-1,-1
467,87,394,73,15,15,1,-1,-1,-1
467,88,423,82,16,15,1,-1,-1,-1
467,99,475,81,20,13,1,-1,-1,-1
467,101,470,57,24,14,1,-1,-1,-1
467,102,454,57,15,11,1,-1,-1,-1
468,0,527,88,19,15,1,-1,-1,-1
468,1,505,65,14,11,1,-1,-1,-1
468,6,508,98,19,17,1,-1,-1,-1
468,10,906,289,61,55,1,-1,-1,-1
468,15,497,86,19,15,1,-1,-1,-1
468,58,526,59,14,11,1,-1,-1,-1
468,65,540,75,19,17,1,-1,-1,-1
468,71,547,109,22,23,1,-1,-1,-1
468,72,151,446,105,93,1,-1,-1,-1
468,73,364,260,44,57,1,-1,-1,-1
468,75,581,119,27,21,1,-1,-1,-1
468,76,424,294,54,96,1,-1,-1,-1
468,77,617,127,27,23,1,-1,-1,-1
468,78,390,197,38,46,1,-1,-1,-1
468,79,449,208,31,42,1,-1,-1,-1
468,80,590,183,45,48,1,-1,-1,-1
468,81,425,128,25,31,1,-1,-1,-1
468,82,389,139,24,28,1,-1,-1,-1
468,83,466,141,26,28,1,-1,-1,-1
468,84,394,96,19,21,1,-1,-1,-1
468,85,430,103,18,19,1,-1,-1,-1
468,86,450,92,19,19,1,-1,-1,-1
468,87,393,73,15,15,1,-1,-1,-1
468,88,423,82,16,15,1,-1,-1,-1
468,99,475,81,20,13,1,-1,-1,-1
468,101,470,57,25,15,1,-1,-1,-1
468,102,454,57,15,11,1,-1,-1,-1
469,0,527,88,19,15,1,-1,-1,-1
469,1,505,63,14,11,1,-1,-1,-1
469,6,508,98,19,17,1,-1,-1,-1
469,10,906,289,62,57,1,-1,-1,-1
469,15,497,86,19,15,1,-1,-1,-1
469,58,526,59,14,11,1,-1,-1,-1
469,65,539,75,19,17,1,-1,-1,-1
469,71,547,109,22,23,1,-1,-1,-1
469,72,155,452,100,85,1,-1,-1,-1
469,73,365,264,43,55,1,-1,-1,-1
469,75,582,119,26,21,1,-1,-1,-1
469,76,424,301,54,96,1,-1,-1,-1
469,77,616,127,27,23,1,-1,-1,-1
469,78,390,200,37,46,1,-1,-1,-1
469,79,449,212,30,42,1,-1,-1,-1
469,80,587,181,47,50,1,-1,-1,-1
469,81,424,129,24,30,1,-1,-1,-1
469,82,389,140,23,28,1,-1,-1,-1
469,83,466,142,27,28,1,-1,-1,-1
469,84,394,96,19,21,1,-1,-1,-1
469,85,429,104,18,19,1,-1,-1,-1
469,86,450,92,19,19,1,-1,-1,-1
469,87,393,75,15,15,1,-1,-1,-1
469,88,423,82,16,15,1,-1,-1,-1
469,99,475,81,20,13,1,-1,-1,-1
469,101,468,57,25,15,1,-1,-1,-1
469,102,455,57,15,11,1,-1,-1,-1
470,0,527,88,19,15,1,-1,-1,-1
470,1,506,64,14,11,1,-1,-1,-1
470,6,509,98,19,17,1,-1,-1,-1
470,10,910,293,61,55,1,-1,-1,-1
470,15,497,86,19,15,1,-1,-1,-1
470,58,526,59,14,11,1,-1,-1,-1
470,65,539,75,19,17,1,-1,-1,-1
470,71,547,108,22,23,1,-1,-1,-1
470,72,144,459,107,78,1,-1,-1,-1
470,73,364,268,43,55,1,-1,-1,-1
470,75,579,117,26,21,1,-1,-1,-1
470,76,423,307,56,100,1,-1,-1,-1
470,77,616,127,27,23,1,-1,-1,-1
470,78,389,204,37,46,1,-1,-1,-1
470,79,451,216,31,42,1,-1,-1,-1
470,80,586,181,48,50,1,-1,-1,-1
470,81,424,131,24,30,1,-1,-1,-1
470,82,389,142,23,28,1,-1,-1,-1
470,83,467,144,26,28,1,-1,-1,-1
470,84,394,98,19,21,1,-1,-1,-1
470,85,429,106,18,19,1,-1,-1,-1
470,86,450,94,19,19,1,-1,-1,-1
470,87,393,75,15,15,1,-1,-1,-1
470,88,423,84,16,15,1,-1,-1,-1
470,99,475,81,20,13,1,-1,-1,-1
470,101,471,59,23,13,1,-1,-1,-1
470,102,454,58,15,11,1,-1,-1,-1
471,0,526,88,19,15,1,-1,-1,-1
471,1,505,63,14,11,1,-1,-1,-1
471,6,508,98,19,17,1,-1,-1,-1
471,10,910,293,61,55,1,-1,-1,-1
471,15,497,88,19,15,1,-1,-1,-1
471,58,526,59,14,11,1,-1,-1,-1
471,65,539,75,19,17,1,-1,-1,-1
471,71,547,109,22,23,1,-1,-1,-1
471,72,149,469,97,70,1,-1,-1,-1
471,73,364,273,43,55,1,-1,-1,-1
471,75,579,117,27,21,1,-1,-1,-1
471,76,421,312,58,105,1,-1,-1,-1
471,77,613,125,27,23,1,-1,-1,-1
471,78,389,204,37,46,1,-1,-1,-1
471,79,446,219,36,46,1,-1,-1,-1
471,80,586,179,43,45,1,-1,-1,-1
471,81,424,133,24,30,1,-1,-1,-1
471,82,387,144,23,28,1,-1,-1,-1
471,83,467,146,27,28,1,-1,-1,-1
471,84,394,100,19,21,1,-1,-1,-1
471,85,429,106,18,19,1,-1,-1,-1
471,86,450,94,19,19,1,-1,-1,-1
471,87,393,75,15,15,1,-1,-1,-1
471,88,423,84,16,15,1,-1,-1,-1
471,99,475,82,20,13,1,-1,-1,-1
471,101,470,59,23,13,1,-1,-1,-1
471,102,455,58,15,11,1,-1,-1,-1
472,0,526,86,19,17,1,-1,-1,-1
472,1,505,63,14,11,1,-1,-1,-1
472,6,508,98,19,17,1,-1,-1,-1
472,10,910,293,65,57,1,-1,-1,-1
472,15,497,86,19,15,1,-1,-1,-1
472,58,525,59,14,11,1,-1,-1,-1
472,65,539,76,18,15,1,-1,-1,-1
472,71,547,108,22,23,1,-1,-1,-1
472,72,148,480,96,59,1,-1,-1,-1
472,73,363,277,41,55,1,-1,-1,-1
472,75,579,117,27,21,1,-1,-1,-1
472,76,419,325,62,106,1,-1,-1,-1
472,77,613,123,27,23,1,-1,-1,-1
472,78,389,208,36,44,1,-1,-1,-1
472,79,446,223,31,44,1,-1,-1,-1
472,80,585,177,44,46,1,-1,-1,-1
472,81,424,133,24,30,1,-1,-1,-1
472,82,387,144,23,28,1,-1,-1,-1
472,83,467,148,26,28,1,-1,-1,-1
472,84,394,100,19,21,1,-1,-1,-1
472,85,429,106,18,19,1,-1,-1,-1
472,86,450,94,19,19,1,-1,-1,-1
472,87,391,77,15,15,1,-1,-1,-1
472,88,423,86,16,15,1,-1,-1,-1
472,99,475,82,20,13,1,-1,-1,-1
472,101,471,59,23,13,1,-1,-1,-1
472,102,454,58,15,11,1,-1,-1,-1
473,0,526,88,19,15,1,-1,-1,-1
473,1,505,63,14,11,1,-1,-1,-1
473,6,508,98,19,17,1,-1,-1,-1
473,10,911,295,62,57,1,-1,-1,-1
473,15,497,88,19,15,1,-1,-1,-1
473,58,525,59,14,11,1,-1,-1,-1
473,65,539,75,18,15,1,-1,-1,-1
473,71,545,108,22,23,1,-1,-1,-1
473,72,145,488,89,51,1,-1,-1,-1
473,73,359,278,47,60,1,-1,-1,-1
473,75,578,115,27,21,1,-1,-1,-1
473,76,415,333,66,109,1,-1,-1,-1
473,77,612,123,27,23,1,-1,-1,-1
473,78,387,210,36,44,1,-1,-1,-1
473,79,446,225,33,47,1,-1,-1,-1
473,80,585,177,44,46,1,-1,-1,-1
473,81,424,135,24,30,1,-1,-1,-1
473,82,387,146,23,28,1,-1,-1,-1
473,83,467,150,26,28,1,-1,-1,-1
473,84,393,100,19,21,1,-1,-1,-1
473,85,428,109,18,19,1,-1,-1,-1
473,86,450,96,19,19,1,-1,-1,-1
473,87,393,77,15,15,1,-1,-1,-1
473,88,423,86,16,15,1,-1,-1,-1
473,99,475,82,20,13,1,-1,-1,-1
473,101,472,60,23,13,1,-1,-1,-1
473,102,455,59,15,11,1,-1,-1,-1
474,0,527,85,19,15,1,-1,-1,-1
474,1,504,63,14,11,1,-1,-1,-1
474,6,509,98,19,17,1,-1,-1,-1
474,10,915,297,61,55,1,-1,-1,-1
474,15,497,88,19,15,1,-1,-1,-1
474,58,523,59,14,11,1,-1,-1,-1
474,65,539,75,18,15,1,-1,-1,-1
474,71,544,106,22,23,1,-1,-1,-1
474,72,151,495,79,44,1,-1,-1,-1
474,73,357,280,47,63,1,-1,-1,-1
474,75,578,115,27,21,1,-1,-1,-1
474,76,415,338,66,116,1,-1,-1,-1
474,77,612,123,27,23,1,-1,-1,-1
474,78,386,214,36,44,1,-1,-1,-1
474,79,446,231,31,42,1,-1,-1,-1
474,80,583,175,44,46,1,-1,-1,-1
474,81,424,136,24,30,1,-1,-1,-1
474,82,386,148,23,28,1,-1,-1,-1
474,83,467,152,26,28,1,-1,-1,-1
474,84,393,102,19,21,1,-1,-1,-1
474,85,428,109,18,19,1,-1,-1,-1
474,86,451,96,19,19,1,-1,-1,-1
474,87,393,77,15,15,1,-1,-1,-1
474,88,423,86,16,15,1,-1,-1,-1
474,89,414,66,15,14,1,-1,-1,-1
474,90,436,63,15,14,1,-1,-1,-1
474,99,475,82,20,13,1,-1,-1,-1
474,101,471,59,24,15,1,-1,-1,-1
474,102,454,58,15,11,1,-1,-1,-1
475,0,526,85,19,15,1,-1,-1,-1
475,1,504,63,14,11,1,-1,-1,-1
475,6,508,100,19,17,1,-1,-1,-1
475,10,916,296,60,58,1,-1,-1,-1
475,15,497,88,19,15,1,-1,-1,-1
475,58,523,59,14,11,1,-1,-1,-1
475,65,539,75,18,15,1,-1,-1,-1
475,71,544,106,22,23,1,-1,-1,-1
475,73,356,285,46,62,1,-1,-1,-1
475,75,577,115,27,21,1,-1,-1,-1
475,76,415,345,62,119,1,-1,-1,-1
475,77,609,121,27,23,1,-1,-1,-1
475,78,386,217,36,44,1,-1,-1,-1
475,79,445,232,35,51,1,-1,-1,-1
475,80,583,175,44,46,1,-1,-1,-1
475,81,424,138,24,30,1,-1,-1,-1
475,82,386,148,23,28,1,-1,-1,-1
475,83,467,154,26,28,1,-1,-1,-1
475,84,392,102,23,24,1,-1,-1,-1
475,85,427,108,23,22,1,-1,-1,-1
475,86,450,94,22,23,1,-1,-1,-1
475,87,393,77,15,15,1,-1,-1,-1
475,88,424,86,16,15,1,-1,-1,-1
475,89,414,65,14,13,1,-1,-1,-1
475,90,436,63,14,13,1,-1,-1,-1
475,99,475,82,20,13,1,-1,-1,-1
475,101,470,59,25,14,1,-1,-1,-1
475,102,454,58,15,11,1,-1,-1,-1
476,0,526,84,19,15,1,-1,-1,-1
476,1,502,63,14,11,1,-1,-1,-1
476,6,509,98,19,17,1,-1,-1,-1
476,10,918,297,60,57,1,-1,-1,-1
476,15,497,88,19,15,1,-1,-1,-1
476,58,523,57,14,11,1,-1,-1,-1
476,65,538,75,18,15,1,-1,-1,-1
476,71,544,106,22,23,1,-1,-1,-1
476,73,350,288,52,69,1,-1,-1,-1
476,75,578,115,26,21,1,-1,-1,-1
476,76,411,356,65,123,1,-1,-1,-1
476,77,610,124,26,20,1,-1,-1,-1
476,78,385,217,39,46,1,-1,-1,-1
476,79,445,237,36,51,1,-1,-1,-1
476,80,582,173,44,46,1,-1,-1,-1
476,81,424,140,24,30,1,-1,-1,-1
476,82,386,150,23,28,1,-1,-1,-1
476,83,468,156,26,28,1,-1,-1,-1
476,84,390,102,23,23,1,-1,-1,-1
476,85,427,109,23,21,1,-1,-1,-1
476,86,450,94,22,23,1,-1,-1,-1
476,87,391,79,15,15,1,-1,-1,-1
476,88,423,88,16,15,1,-1,-1,-1
476,89,414,67,14,13,1,-1,-1,-1
476,90,437,63,14,13,1,-1,-1,-1
476,99,475,82,20,13,1,-1,-1,-1
476,101,471,59,23,13,1,-1,-1,-1
476,102,454,58,15,11,1,-1,-1,-1
477,0,526,84,19,15,1,-1,-1,-1
477,1,504,63,14,11,1,-1,-1,-1
477,6,509,100,19,17,1,-1,-1,-1
477,10,920,298,58,57,1,-1,-1,-1
477,15,497,88,19,15,1,-1,-1,-1
477,58,522,57,14,11,1,-1,-1,-1
477,65,536,73,18,15,1,-1,-1,-1
477,71,544,106,22,23,1,-1,-1,-1
477,73,348,293,52,69,1,-1,-1,-1
477,75,579,115,23,18,1,-1,-1,-1
477,76,408,364,69,130,1,-1,-1,-1
477,77,609,123,26,19,1,-1,-1,-1
477,78,385,221,39,46,1,-1,-1,-1
477,79,445,244,37,51,1,-1,-1,-1
477,80,581,169,47,48,1,-1,-1,-1
477,81,423,140,26,32,1,-1,-1,-1
477,82,386,152,23,28,1,-1,-1,-1
477,83,467,158,26,28,1,-1,-1,-1
477,84,391,104,23,23,1,-1,-1,-1
477,85,427,111,23,21,1,-1,-1,-1
477,86,451,97,22,23,1,-1,-1,-1
477,87,391,79,15,15,1,-1,-1,-1
477,88,423,88,16,15,1,-1,-1,-1
477,89,415,67,14,13,1,-1,-1,-1
477,90,437,63,14,13,1,-1,-1,-1
477,99,475,82,20,13,1,-1,-1,-1
477,101,471,59,23,13,1,-1,-1,-1
477,102,455,58,15,11,1,-1,-1,-1
478,0,525,84,19,15,1,-1,-1,-1
478,1,502,61,14,11,1,-1,-1,-1
478,6,509,100,19,17,1,-1,-1,-1
478,10,920,300,61,59,1,-1,-1,-1
478,15,497,88,19,15,1,-1,-1,-1
478,58,522,57,14,11,1,-1,-1,-1
478,65,536,75,18,15,1,-1,-1,-1
478,71,543,106,22,23,1,-1,-1,-1
478,73,347,297,53,69,1,-1,-1,-1
478,75,578,115,23,17,1,-1,-1,-1
478,76,405,376,74,140,1,-1,-1,-1
478,77,609,123,26,19,1,-1,-1,-1
478,78,384,223,39,46,1,-1,-1,-1
478,79,442,245,40,60,1,-1,-1,-1
478,80,579,169,47,48,1,-1,-1,-1
478,81,423,142,24,30,1,-1,-1,-1
478,82,385,154,23,28,1,-1,-1,-1
478,83,467,160,26,28,1,-1,-1,-1
478,84,390,104,23,23,1,-1,-1,-1
478,85,427,111,23,21,1,-1,-1,-1
478,86,450,96,22,23,1,-1,-1,-1
478,87,391,79,19,18,1,-1,-1,-1
478,88,422,87,19,20,1,-1,-1,-1
478,89,415,69,14,13,1,-1,-1,-1
478,90,437,65,14,13,1,-1,-1,-1
478,99,475,82,20,13,1,-1,-1,-1
478,101,471,59,23,13,1,-1,-1,-1
478,102,455,59,15,11,1,-1,-1,-1
479,0,525,84,19,15,1,-1,-1,-1
479,1,501,61,14,11,1,-1,-1,-1
479,6,509,100,19,17,1,-1,-1,-1
479,10,923,300,61,59,1,-1,-1,-1
479,15,497,88,19,15,1,-1,-1,-1
479,58,522,57,14,11,1,-1,-1,-1
479,65,535,73,18,15,1,-1,-1,-1
479,71,543,104,22,23,1,-1,-1,-1
479,73,347,302,52,69,1,-1,-1,-1
479,75,578,115,23,17,1,-1,-1,-1
479,76,403,387,74,142,1,-1,-1,-1
479,77,608,121,26,19,1,-1,-1,-1
479,78,384,227,37,46,1,-1,-1,-1
479,79,441,250,39,59,1,-1,-1,-1
479,80,579,167,45,48,1,-1,-1,-1
479,81,424,144,24,30,1,-1,-1,-1
479,82,385,154,23,28,1,-1,-1,-1
479,83,468,162,27,28,1,-1,-1,-1
479,84,390,108,23,23,1,-1,-1,-1
479,85,427,111,23,21,1,-1,-1,-1
479,86,451,98,22,23,1,-1,-1,-1
479,87,390,79,19,17,1,-1,-1,-1
479,88,421,88,19,19,1,-1,-1,-1
479,89,414,69,14,13,1,-1,-1,-1
479,90,437,65,14,13,1,-1,-1,-1
479,99,475,82,20,13,1,-1,-1,-1
479,101,471,59,24,14,1,-1,-1,-1
479,102,455,59,15,11,1,-1,-1,-1
480,0,525,84,19,15,1,-1,-1,-1
480,1,501,61,14,11,1,-1,-1,-1
480,6,509,100,19,17,1,-1,-1,-1
480,10,924,302,60,57,1,-1,-1,-1
480,15,497,88,19,15,1,-1,-1,-1
480,58,521,57,14,11,1,-1,-1,-1
480,65,535,73,18,15,1,-1,-1,-1
480,71,543,104,22,23,1,-1,-1,-1
480,73,343,306,53,71,1,-1,-1,-1
480,75,577,113,23,17,1,-1,-1,-1
480,76,399,399,79,140,1,-1,-1,-1
480,77,608,121,26,19,1,-1,-1,-1
480,78,382,231,39,46,1,-1,-1,-1
480,79,441,256,39,59,1,-1,-1,-1
480,80,579,167,44,46,1,-1,-1,-1
480,81,423,146,24,30,1,-1,-1,-1
480,82,384,156,23,28,1,-1,-1,-1
480,83,470,165,26,28,1,-1,-1,-1
480,84,390,108,23,23,1,-1,-1,-1
480,85,427,113,23,21,1,-1,-1,-1
480,86,450,98,22,23,1,-1,-1,-1
480,87,390,81,19,17,1,-1,-1,-1
480,88,421,88,19,19,1,-1,-1,-1
480,89,415,69,14,13,1,-1,-1,-1
480,90,437,65,14,13,1,-1,-1,-1
480,99,475,82,20,13,1,-1,-1,-1
480,101,471,59,23,14,1,-1,-1,-1
480,102,454,59,15,11,1,-1,-1,-1
481,0,525,82,19,15,1,-1,-1,-1
481,1,501,61,14,11,1,-1,-1,-1
481,6,509,100,19,17,1,-1,-1,-1
481,10,928,304,58,57,1,-1,-1,-1
481,15,497,88,19,15,1,-1,-1,-1
481,58,521,57,14,11,1,-1,-1,-1
481,65,535,73,18,15,1,-1,-1,-1
481,71,543,104,22,23,1,-1,-1,-1
481,73,340,310,56,75,1,-1,-1,-1
481,75,578,113,23,17,1,-1,-1,-1
481,76,398,406,76,133,1,-1,-1,-1
481,77,607,121,26,19,1,-1,-1,-1
481,78,381,233,39,46,1,-1,-1,-1
481,79,441,262,39,59,1,-1,-1,-1
481,80,579,167,44,46,1,-1,-1,-1
481,81,424,148,26,32,1,-1,-1,-1
481,82,384,158,23,28,1,-1,-1,-1
481,83,470,167,27,28,1,-1,-1,-1
481,84,390,109,23,23,1,-1,-1,-1
481,85,428,115,23,21,1,-1,-1,-1
481,86,453,98,22,23,1,-1,-1,-1
481,87,390,82,19,17,1,-1,-1,-1
481,88,421,90,19,19,1,-1,-1,-1
481,89,415,69,14,13,1,-1,-1,-1
481,90,437,65,14,13,1,-1,-1,-1
481,99,476,82,20,13,1,-1,-1,-1
481,101,471,59,24,16,1,-1,-1,-1
481,102,454,59,15,11,1,-1,-1,-1
482,0,525,82,19,15,1,-1,-1,-1
482,1,501,61,14,11,1,-1,-1,-1
482,6,509,100,19,17,1,-1,-1,-1
482,10,927,304,61,59,1,-1,-1,-1
482,15,497,90,19,15,1,-1,-1,-1
482,58,521,57,14,11,1,-1,-1,-1
482,65,535,73,18,15,1,-1,-1,-1
482,71,543,104,22,23,1,-1,-1,-1
482,73,339,316,56,75,1,-1,-1,-1
482,75,577,113,23,17,1,-1,-1,-1
482,76,394,419,85,120,1,-1,-1,-1
482,77,606,119,26,19,1,-1,-1,-1
482,78,379,232,42,54,1,-1,-1,-1
482,79,441,267,42,60,1,-1,-1,-1
482,80,578,163,45,48,1,-1,-1,-1
482,81,423,146,30,38,1,-1,-1,-1
482,82,382,158,28,32,1,-1,-1,-1
482,83,468,166,31,33,1,-1,-1,-1
482,84,390,109,23,23,1,-1,-1,-1
482,85,428,117,23,21,1,-1,-1,-1
482,86,452,102,22,23,1,-1,-1,-1
482,87,390,82,19,17,1,-1,-1,-1
482,88,421,90,19,19,1,-1,-1,-1
482,89,415,69,14,13,1,-1,-1,-1
482,90,437,67,14,13,1,-1,-1,-1
482,99,475,82,20,13,1,-1,-1,-1
482,101,471,59,24,15,1,-1,-1,-1
482,102,455,59,15,11,1,-1,-1,-1
483,0,525,82,19,15,1,-1,-1,-1
483,1,501,61,14,11,1,-1,-1,-1
483,6,509,100,19,17,1,-1,-1,-1
483,10,931,304,61,59,1,-1,-1,-1
483,15,497,88,19,15,1,-1,-1,-1
483,58,519,57,14,11,1,-1,-1,-1
483,65,535,73,18,15,1,-1,-1,-1
483,71,543,104,22,23,1,-1,-1,-1
483,73,338,322,56,75,1,-1,-1,-1
483,75,577,113,23,17,1,-1,-1,-1
483,76,390,437,91,102,1,-1,-1,-1
483,77,606,119,26,19,1,-1,-1,-1
483,78,378,235,41,54,1,-1,-1,-1
483,79,439,270,45,67,1,-1,-1,-1
483,80,578,163,44,46,1,-1,-1,-1
483,81,423,148,30,38,1,-1,-1,-1
483,82,381,158,27,32,1,-1,-1,-1
483,83,467,167,31,32,1,-1,-1,-1
483,84,390,111,23,23,1,-1,-1,-1
483,85,428,117,23,21,1,-1,-1,-1
483,86,454,100,22,23,1,-1,-1,-1
483,87,390,82,18,17,1,-1,-1,-1
483,88,421,92,19,19,1,-1,-1,-1
483,89,415,71,14,13,1,-1,-1,-1
483,90,438,67,14,13,1,-1,-1,-1
483,99,475,82,20,13,1,-1,-1,-1
483,101,471,59,25,15,1,-1,-1,-1
483,102,454,59,15,11,1,-1,-1,-1
484,0,523,82,19,15,1,-1,-1,-1
484,1,501,61,14,11,1,-1,-1,-1
484,6,509,100,19,17,1,-1,-1,-1
484,10,931,304,64,61,1,-1,-1,-1
484,15,497,88,19,15,1,-1,-1,-1
484,58,519,57,14,11,1,-1,-1,-1
484,65,535,73,18,15,1,-1,-1,-1
484,71,542,102,22,23,1,-1,-1,-1
484,73,336,327,54,73,1,-1,-1,-1
484,75,577,111,23,17,1,-1,-1,-1
484,76,397,444,75,95,1,-1,-1,-1
484,77,606,119,26,19,1,-1,-1,-1
484,78,377,237,44,55,1,-1,-1,-1
484,79,437,277,44,67,1,-1,-1,-1
484,80,578,163,43,44,1,-1,-1,-1
484,81,423,150,30,38,1,-1,-1,-1
484,82,381,160,27,32,1,-1,-1,-1
484,83,467,171,31,32,1,-1,-1,-1
484,84,390,113,23,23,1,-1,-1,-1
484,85,427,117,23,21,1,-1,-1,-1
484,86,454,102,22,23,1,-1,-1,-1
484,87,390,84,19,17,1,-1,-1,-1
484,88,423,92,19,19,1,-1,-1,-1
484,89,415,71,14,13,1,-1,-1,-1
484,90,438,67,14,13,1,-1,-1,-1
484,99,477,81,21,14,1,-1,-1,-1
484,101,474,61,23,13,1,-1,-1,-1
484,102,455,60,15,11,1,-1,-1,-1
485,0,523,82,19,15,1,-1,-1,-1
485,1,501,61,14,11,1,-1,-1,-1
485,6,509,102,19,17,1,-1,-1,-1
485,10,933,308,61,59,1,-1,-1,-1
485,15,497,90,19,15,1,-1,-1,-1
485,58,519,55,14,11,1,-1,-1,-1
485,65,535,71,18,15,1,-1,-1,-1
485,71,542,102,22,23,1,-1,-1,-1
485,73,336,330,57,76,1,-1,-1,-1
485,75,576,111,23,17,1,-1,-1,-1
485,76,390,462,82,77,1,-1,-1,-1
485,77,604,119,26,19,1,-1,-1,-1
485,78,377,241,43,55,1,-1,-1,-1
485,79,437,281,47,69,1,-1,-1,-1
485,80,580,163,36,42,1,-1,-1,-1
485,81,423,152,30,38,1,-1,-1,-1
485,82,381,163,27,32,1,-1,-1,-1
485,83,468,173,31,32,1,-1,-1,-1
485,84,389,115,23,23,1,-1,-1,-1
485,85,428,119,23,21,1,-1,-1,-1
485,86,454,104,22,23,1,-1,-1,-1
485,87,390,84,19,17,1,-1,-1,-1
485,88,421,92,19,19,1,-1,-1,-1
485,89,415,73,14,13,1,-1,-1,-1
485,90,438,67,14,13,1,-1,-1,-1
485,99,477,83,20,13,1,-1,-1,-1
485,101,471,59,26,15,1,-1,-1,-1
485,102,456,59,15,11,1,-1,-1,-1
486,0,523,82,19,15,1,-1,-1,-1
486,1,500,61,14,11,1,-1,-1,-1
486,6,509,100,19,18,1,-1,-1,-1
486,10,935,308,64,61,1,-1,-1,-1
486,15,497,89,19,16,1,-1,-1,-1
486,58,519,55,14,11,1,-1,-1,-1
486,65,534,71,18,15,1,-1,-1,-1
486,71,542,102,22,23,1,-1,-1,-1
486,73,333,337,57,77,1,-1,-1,-1
486,75,574,111,23,17,1,-1,-1,-1
486,76,394,479,78,60,1,-1,-1,-1
486,77,603,117,26,19,1,-1,-1,-1
486,78,374,243,44,57,1,-1,-1,-1
486,79,436,291,44,67,1,-1,-1,-1
486,80,579,162,36,42,1,-1,-1,-1
486,81,424,152,28,36,1,-1,-1,-1
486,82,381,163,27,30,1,-1,-1,-1
486,83,468,175,31,34,1,-1,-1,-1
486,84,389,115,23,23,1,-1,-1,-1
486,85,428,119,23,21,1,-1,-1,-1
486,86,454,104,22,23,1,-1,-1,-1
486,87,390,84,19,17,1,-1,-1,-1
486,88,421,94,19,19,1,-1,-1,-1
486,89,416,73,14,13,1,-1,-1,-1
486,90,438,69,14,13,1,-1,-1,-1
486,99,477,83,20,13,1,-1,-1,-1
486,101,472,61,24,14,1,-1,-1,-1
486,102,455,59,17,12,1,-1,-1,-1
487,0,523,81,19,15,1,-1,-1,-1
487,1,500,61,14,11,1,-1,-1,-1
487,6,509,100,20,20,1,-1,-1,-1
487,10,936,308,61,59,1,-1,-1,-1
487,15,497,88,20,17,1,-1,-1,-1
487,58,518,55,14,11,1,-1,-1,-1
487,65,534,71,18,15,1,-1,-1,-1
487,71,542,102,22,23,1,-1,-1,-1
487,73,331,338,57,81,1,-1,-1,-1
487,75,574,109,23,17,1,-1,-1,-1
487,76,402,495,65,44,1,-1,-1,-1
487,77,603,115,26,19,1,-1,-1,-1
487,78,373,246,44,57,1,-1,-1,-1
487,79,434,298,44,67,1,-1,-1,-1
487,80,579,160,36,42,1,-1,-1,-1
487,81,424,154,28,36,1,-1,-1,-1
487,82,381,167,27,32,1,-1,-1,-1
487,83,468,175,32,34,1,-1,-1,-1
487,84,387,115,23,23,1,-1,-1,-1
487,85,428,121,23,21,1,-1,-1,-1
487,86,454,104,22,23,1,-1,-1,-1
487,87,390,86,19,17,1,-1,-1,-1
487,88,421,94,19,19,1,-1,-1,-1
487,89,415,73,14,13,1,-1,-1,-1
487,90,440,69,14,13,1,-1,-1,-1
487,99,477,83,20,13,1,-1,-1,-1
487,101,471,61,23,13,1,-1,-1,-1
487,102,454,59,16,11,1,-1,-1,-1
488,0,522,81,19,15,1,-1,-1,-1
488,1,500,61,14,11,1,-1,-1,-1
488,6,509,100,19,19,1,-1,-1,-1
488,10,940,312,61,59,1,-1,-1,-1
488,15,497,90,19,15,1,-1,-1,-1
488,58,518,55,14,11,1,-1,-1,-1
488,65,534,71,18,15,1,-1,-1,-1
488,71,542,100,22,23,1,-1,-1,-1
488,73,327,345,60,81,1,-1,-1,-1
488,75,576,109,23,17,1,-1,-1,-1
488,77,602,115,26,19,1,-1,-1,-1
488,78,374,252,43,55,1,-1,-1,-1
488,79,433,306,45,67,1,-1,-1,-1
488,80,578,160,36,42,1,-1,-1,-1
488,81,424,156,31,38,1,-1,-1,-1
488,82,380,167,27,32,1,-1,-1,-1
488,83,468,181,32,34,1,-1,-1,-1
488,84,387,117,23,23,1,-1,-1,-1
488,85,428,123,23,21,1,-1,-1,-1
488,86,454,106,22,23,1,-1,-1,-1
488,87,390,86,19,17,1,-1,-1,-1
488,88,421,94,19,19,1,-1,-1,-1
488,89,415,73,14,13,1,-1,-1,-1
488,90,440,69,14,13,1,-1,-1,-1
488,99,476,82,20,13,1,-1,-1,-1
488,101,472,61,23,13,1,-1,-1,-1
488,102,454,59,16,11,1,-1,-1,-1
489,0,524,82,19,15,1,-1,-1,-1
489,1,500,59,14,11,1,-1,-1,-1
489,6,509,100,19,19,1,-1,-1,-1
489,10,938,309,65,65,1,-1,-1,-1
489,15,497,90,19,15,1,-1,-1,-1
489,58,518,55,14,11,1,-1,-1,-1
489,65,534,71,18,15,1,-1,-1,-1
489,71,540,100,22,23,1,-1,-1,-1
489,73,326,352,62,84,1,-1,-1,-1
489,75,573,109,23,17,1,-1,-1,-1
489,77,602,115,26,19,1,-1,-1,-1
489,78,372,251,46,58,1,-1,-1,-1
489,79,433,308,49,77,1,-1,-1,-1
489,80,578,158,36,42,1,-1,-1,-1
489,81,423,158,31,40,1,-1,-1,-1
489,82,380,169,27,32,1,-1,-1,-1
489,83,470,181,33,36,1,-1,-1,-1
489,84,387,116,23,25,1,-1,-1,-1
489,85,429,122,23,24,1,-1,-1,-1
489,86,454,107,23,26,1,-1,-1,-1
489,87,390,86,19,17,1,-1,-1,-1
489,88,421,96,19,19,1,-1,-1,-1
489,89,415,73,14,13,1,-1,-1,-1
489,90,440,71,14,13,1,-1,-1,-1
489,99,476,82,20,13,1,-1,-1,-1
489,101,471,61,23,13,1,-1,-1,-1
489,102,454,59,15,11,1,-1,-1,-1
490,0,523,82,19,15,1,-1,-1,-1
490,1,498,59,14,11,1,-1,-1,-1
490,6,509,100,19,19,1,-1,-1,-1
490,10,939,310,65,65,1,-1,-1,-1
490,15,497,90,19,15,1,-1,-1,-1
490,58,518,55,14,11,1,-1,-1,-1
490,65,534,69,18,15,1,-1,-1,-1
490,71,540,100,22,23,1,-1,-1,-1
490,73,316,355,72,96,1,-1,-1,-1
490,75,576,110,20,16,1,-1,-1,-1
490,77,603,114,23,18,1,-1,-1,-1
490,78,372,255,44,57,1,-1,-1,-1
490,79,432,314,49,83,1,-1,-1,-1
490,80,578,158,36,42,1,-1,-1,-1
490,81,421,158,31,40,1,-1,-1,-1
490,82,378,171,27,32,1,-1,-1,-1
490,83,470,185,33,36,1,-1,-1,-1
490,84,386,117,23,25,1,-1,-1,-1
490,85,428,123,23,23,1,-1,-1,-1
490,86,454,108,23,27,1,-1,-1,-1
490,87,390,88,19,17,1,-1,-1,-1
490,88,421,96,19,19,1,-1,-1,-1
490,89,416,75,14,13,1,-1,-1,-1
490,90,441,71,14,13,1,-1,-1,-1
490,99,478,82,20,13,1,-1,-1,-1
490,101,472,61,23,13,1,-1,-1,-1
490,102,454,59,16,11,1,-1,-1,-1
491,0,523,81,19,15,1,-1,-1,-1
491,1,498,59,14,11,1,-1,-1,-1
491,6,510,100,19,19,1,-1,-1,-1
491,10,940,310,66,65,1,-1,-1,-1
491,15,497,89,20,17,1,-1,-1,-1
491,58,517,55,14,11,1,-1,-1,-1
491,65,532,69,18,15,1,-1,-1,-1
491,71,542,100,17,21,1,-1,-1,-1
491,73,314,362,70,94,1,-1,-1,-1
491,75,575,109,21,17,1,-1,-1,-1
491,77,603,113,23,17,1,-1,-1,-1
491,78,370,259,44,57,1,-1,-1,-1
491,79,430,320,53,90,1,-1,-1,-1
491,80,578,158,35,40,1,-1,-1,-1
491,81,421,160,33,42,1,-1,-1,-1
491,82,377,173,27,32,1,-1,-1,-1
491,83,470,187,33,36,1,-1,-1,-1
491,84,386,117,23,25,1,-1,-1,-1
491,85,428,123,23,23,1,-1,-1,-1
491,86,454,109,23,27,1,-1,-1,-1
491,87,390,88,19,17,1,-1,-1,-1
491,88,421,98,19,19,1,-1,-1,-1
491,89,415,75,14,13,1,-1,-1,-1
491,90,441,71,14,13,1,-1,-1,-1
491,99,476,82,20,13,1,-1,-1,-1
491,101,472,61,23,13,1,-1,-1,-1
491,102,454,59,16,11,1,-1,-1,-1
492,0,523,81,19,15,1,-1,-1,-1
492,1,498,59,14,11,1,-1,-1,-1
492,6,510,100,19,19,1,-1,-1,-1
492,10,941,310,66,65,1,-1,-1,-1
492,15,497,89,20,17,1,-1,-1,-1
492,58,517,55,14,11,1,-1,-1,-1
492,65,532,69,18,15,1,-1,-1,-1
492,71,542,100,16,21,1,-1,-1,-1
492,73,313,370,71,96,1,-1,-1,-1
492,75,574,109,20,17,1,-1,-1,-1
492,77,602,113,23,17,1,-1,-1,-1
492,78,369,262,45,59,1,-1,-1,-1
492,79,428,329,53,92,1,-1,-1,-1
492,80,576,156,35,40,1,-1,-1,-1
492,81,421,163,33,44,1,-1,-1,-1
492,82,377,173,27,32,1,-1,-1,-1
492,83,470,190,33,36,1,-1,-1,-1
492,84,386,119,23,25,1,-1,-1,-1
492,85,428,125,23,23,1,-1,-1,-1
492,86,454,111,23,25,1,-1,-1,-1
492,87,389,87,20,20,1,-1,-1,-1
492,88,421,98,20,22,1,-1,-1,-1
492,89,416,77,14,13,1,-1,-1,-1
492,90,441,71,14,13,1,-1,-1,-1
492,99,476,82,22,15,1,-1,-1,-1
492,101,474,61,23,13,1,-1,-1,-1
492,102,454,59,18,11,1,-1,-1,-1
493,0,522,81,19,15,1,-1,-1,-1
493,1,498,60,14,11,1,-1,-1,-1
493,6,510,100,19,19,1,-1,-1,-1
493,10,944,312,66,65,1,-1,-1,-1
493,15,497,90,19,15,1,-1,-1,-1
493,65,531,70,18,13,1,-1,-1,-1
493,71,542,98,16,21,1,-1,-1,-1
493,73,306,376,74,93,1,-1,-1,-1
493,75,574,108,20,17,1,-1,-1,-1
493,77,602,113,23,17,1,-1,-1,-1
493,78,369,266,45,59,1,-1,-1,-1
493,79,428,339,53,92,1,-1,-1,-1
493,80,576,154,36,42,1,-1,-1,-1
493,81,421,163,33,44,1,-1,-1,-1
493,82,377,175,27,32,1,-1,-1,-1
493,83,471,192,33,36,1,-1,-1,-1
493,84,386,121,23,25,1,-1,-1,-1
493,85,428,127,23,23,1,-1,-1,-1
493,86,455,111,23,25,1,-1,-1,-1
493,87,389,88,19,19,1,-1,-1,-1
493,88,420,98,19,21,1,-1,-1,-1
493,89,415,77,14,13,1,-1,-1,-1
493,90,441,73,14,13,1,-1,-1,-1
493,99,476,82,20,13,1,-1,-1,-1
493,101,474,61,23,13,1,-1,-1,-1
493,102,455,61,16,11,1,-1,-1,-1
494,0,522,79,19,15,1,-1,-1,-1
494,1,497,59,14,11,1,-1,-1,-1
494,6,510,100,19,19,1,-1,-1,-1
494,10,945,314,65,65,1,-1,-1,-1
494,15,497,90,19,15,1,-1,-1,-1
494,65,532,69,18,15,1,-1,-1,-1
494,71,540,98,16,21,1,-1,-1,-1
494,73,305,383,76,97,1,-1,-1,-1
494,75,573,106,20,17,1,-1,-1,-1
494,77,602,111,23,17,1,-1,-1,-1
494,78,367,269,46,61,1,-1,-1,-1
494,79,429,348,53,90,1,-1,-1,-1
494,80,577,154,33,40,1,-1,-1,-1
494,81,421,165,33,44,1,-1,-1,-1
494,82,377,177,27,30,1,-1,-1,-1
494,83,471,196,33,36,1,-1,-1,-1
494,84,386,121,23,25,1,-1,-1,-1
494,85,428,129,23,23,1,-1,-1,-1
494,86,455,113,23,25,1,-1,-1,-1
494,87,389,88,19,19,1,-1,-1,-1
494,88,420,100,19,21,1,-1,-1,-1
494,89,417,77,14,13,1,-1,-1,-1
494,90,441,73,14,13,1,-1,-1,-1
494,99,478,82,20,13,1,-1,-1,-1
494,101,474,63,23,13,1,-1,-1,-1
494,102,455,61,16,11,1,-1,-1,-1
495,0,522,79,19,15,1,-1,-1,-1
495,1,497,59,14,11,1,-1,-1,-1
495,6,510,100,19,19,1,-1,-1,-1
495,10,949,314,66,65,1,-1,-1,-1
495,15,497,90,19,15,1,-1,-1,-1
495,65,531,69,18,15,1,-1,-1,-1
495,71,540,98,16,21,1,-1,-1,-1
495,73,304,391,74,100,1,-1,-1,-1
495,75,573,108,20,17,1,-1,-1,-1
495,77,600,111,23,17,1,-1,-1,-1
495,78,365,270,47,65,1,-1,-1,-1
495,79,424,354,55,98,1,-1,-1,-1
495,80,574,152,36,42,1,-1,-1,-1
495,81,421,167,32,42,1,-1,-1,-1
495,82,377,179,27,30,1,-1,-1,-1
495,83,471,195,33,40,1,-1,-1,-1
495,84,385,123,23,25,1,-1,-1,-1
495,85,428,129,23,23,1,-1,-1,-1
495,86,457,115,23,25,1,-1,-1,-1
495,87,389,88,19,19,1,-1,-1,-1
495,88,421,100,19,21,1,-1,-1,-1
495,89,416,77,14,13,1,-1,-1,-1
495,90,443,72,14,13,1,-1,-1,-1
495,99,478,83,20,13,1,-1,-1,-1
495,101,474,63,23,13,1,-1,-1,-1
495,102,455,59,16,11,1,-1,-1,-1
496,0,523,79,19,15,1,-1,-1,-1
496,6,510,102,19,19,1,-1,-1,-1
496,10,950,316,66,65,1,-1,-1,-1
496,15,498,90,19,15,1,-1,-1,-1
496,65,531,67,18,15,1,-1,-1,-1
496,71,540,98,16,21,1,-1,-1,-1
496,73,300,395,76,105,1,-1,-1,-1
496,75,573,106,20,17,1,-1,-1,-1
496,77,600,111,23,17,1,-1,-1,-1
496,78,363,272,50,69,1,-1,-1,-1
496,79,424,361,56,101,1,-1,-1,-1
496,80,574,152,35,40,1,-1,-1,-1
496,81,421,167,31,45,1,-1,-1,-1
496,82,373,176,32,40,1,-1,-1,-1
496,83,471,197,35,46,1,-1,-1,-1
496,84,385,125,23,25,1,-1,-1,-1
496,85,428,131,23,23,1,-1,-1,-1
496,86,457,115,23,25,1,-1,-1,-1
496,87,389,90,19,19,1,-1,-1,-1
496,88,420,102,19,21,1,-1,-1,-1
496,89,417,79,14,13,1,-1,-1,-1
496,90,443,74,14,13,1,-1,-1,-1
496,99,478,82,22,15,1,-1,-1,-1
496,101,475,63,23,13,1,-1,-1,-1
496,102,457,59,16,11,1,-1,-1,-1
497,0,522,79,19,15,1,-1,-1,-1
497,6,510,102,19,19,1,-1,-1,-1
497,10,953,318,64,63,1,-1,-1,-1
497,15,497,90,19,15,1,-1,-1,-1
497,65,532,69,18,15,1,-1,-1,-1
497,71,540,96,16,21,1,-1,-1,-1
497,73,299,401,75,107,1,-1,-1,-1
497,75,573,106,20,17,1,-1,-1,-1
497,77,600,109,23,17,1,-1,-1,-1
497,78,361,275,49,69,1,-1,-1,-1
497,79,419,375,62,102,1,-1,-1,-1
497,80,573,148,35,40,1,-1,-1,-1
497,81,420,169,31,44,1,-1,-1,-1
497,82,373,177,31,38,1,-1,-1,-1
497,83,471,200,35,46,1,-1,-1,-1
497,84,385,125,23,25,1,-1,-1,-1
497,85,428,131,23,23,1,-1,-1,-1
497,86,458,117,23,25,1,-1,-1,-1
497,87,389,90,19,19,1,-1,-1,-1
497,88,420,104,19,21,1,-1,-1,-1
497,89,416,79,14,13,1,-1,-1,-1
497,90,444,73,14,13,1,-1,-1,-1
497,99,478,83,23,16,1,-1,-1,-1
497,101,475,61,25,14,1,-1,-1,-1
497,102,455,61,16,11,1,-1,-1,-1
498,0,522,79,19,15,1,-1,-1,-1
498,6,510,102,19,19,1,-1,-1,-1
498,10,954,320,65,65,1,-1,-1,-1
498,15,498,90,19,15,1,-1,-1,-1
498,65,531,67,18,15,1,-1,-1,-1
498,71,540,96,16,21,1,-1,-1,-1
498,73,296,412,78,108,1,-1,-1,-1
498,75,573,106,20,17,1,-1,-1,-1
498,77,599,109,23,17,1,-1,-1,-1
498,78,360,279,49,69,1,-1,-1,-1
498,79,419,386,58,108,1,-1,-1,-1
498,80,573,150,35,40,1,-1,-1,-1
498,81,420,171,31,44,1,-1,-1,-1
498,82,373,181,31,40,1,-1,-1,-1
498,83,471,204,36,46,1,-1,-1,-1
498,84,384,127,23,25,1,-1,-1,-1
498,85,428,133,23,23,1,-1,-1,-1
498,86,458,117,23,25,1,-1,-1,-1
498,87,389,92,19,19,1,-1,-1,-1
498,88,420,104,19,21,1,-1,-1,-1
498,89,416,79,14,13,1,-1,-1,-1
498,90,443,73,16,14,1,-1,-1,-1
498,99,478,82,23,15,1,-1,-1,-1
498,101,475,61,23,13,1,-1,-1,-1
498,102,457,61,18,11,1,-1,-1,-1
499,0,522,79,19,15,1,-1,-1,-1
499,6,510,102,19,19,1,-1,-1,-1
499,10,957,320,66,65,1,-1,-1,-1
499,15,498,92,19,15,1,-1,-1,-1
499,65,531,67,18,15,1,-1,-1,-1
499,71,539,96,16,21,1,-1,-1,-1
499,73,291,418,79,114,1,-1,-1,-1
499,75,573,106,20,17,1,-1,-1,-1
499,77,599,109,23,17,1,-1,-1,-1
499,78,360,283,49,69,1,-1,-1,-1
499,79,417,394,62,114,1,-1,-1,-1
499,80,573,148,35,40,1,-1,-1,-1
499,81,420,173,31,44,1,-1,-1,-1
499,82,373,181,31,40,1,-1,-1,-1
499,83,471,206,35,46,1,-1,-1,-1
499,84,384,129,23,25,1,-1,-1,-1
499,85,428,136,23,23,1,-1,-1,-1
499,86,458,119,23,25,1,-1,-1,-1
499,87,389,92,19,19,1,-1,-1,-1
499,88,421,106,19,21,1,-1,-1,-1
499,89,417,79,14,13,1,-1,-1,-1
499,90,444,75,14,13,1,-1,-1,-1
499,99,478,84,23,15,1,-1,-1,-1
499,101,475,61,26,15,1,-1,-1,-1
499,102,457,61,18,12,1,-1,-1,-1
500,0,522,77,19,15,1,-1,-1,-1
500,6,510,102,19,19,1,-1,-1,-1
500,10,957,322,65,65,1,-1,-1,-1
500,15,497,92,19,15,1,-1,-1,-1
500,65,531,69,16,12,1,-1,-1,-1
500,71,539,96,16,21,1,-1,-1,-1
500,73,287,429,79,110,1,-1,-1,-1
500,75,573,104,20,17,1,-1,-1,-1
500,77,599,109,23,17,1,-1,-1,-1
500,78,359,289,49,69,1,-1,-1,-1
500,79,412,406,64,120,1,-1,-1,-1
500,80,572,146,36,40,1,-1,-1,-1
500,81,420,175,31,44,1,-1,-1,-1
500,82,372,183,31,40,1,-1,-1,-1
500,83,471,210,35,46,1,-1,-1,-1
500,84,384,130,23,25,1,-1,-1,-1
500,85,428,136,23,23,1,-1,-1,-1
500,86,458,119,23,25,1,-1,-1,-1
500,87,389,92,19,19,1,-1,-1,-1
500,88,420,106,19,21,1,-1,-1,-1
500,89,417,81,14,13,1,-1,-1,-1
500,90,442,75,14,13,1,-1,-1,-1
500,99,478,82,23,15,1,-1,-1,-1
500,101,475,61,26,15,1,-1,-1,-1
500,102,457,61,17,11,1,-1,-1,-1
501,0,522,77,19,15,1,-1,-1,-1
501,6,510,102,19,19,1,-1,-1,-1
501,10,960,322,64,67,1,-1,-1,-1
501,15,498,92,19,15,1,-1,-1,-1
501,65,531,69,15,11,1,-1,-1,-1
501,71,542,95,16,21,1,-1,-1,-1
501,73,277,438,84,101,1,-1,-1,-1
501,75,573,104,20,17,1,-1,-1,-1
501,77,599,108,23,17,1,-1,-1,-1
501,78,355,291,53,75,1,-1,-1,-1
501,79,410,420,67,119,1,-1,-1,-1
501,80,572,146,35,40,1,-1,-1,-1
501,81,420,177,31,44,1,-1,-1,-1
501,82,370,185,32,40,1,-1,-1,-1
501,83,471,214,35,46,1,-1,-1,-1
501,84,385,133,23,25,1,-1,-1,-1
501,85,428,138,23,23,1,-1,-1,-1
501,86,458,121,23,25,1,-1,-1,-1
501,87,389,94,19,19,1,-1,-1,-1
501,88,420,108,19,21,1,-1,-1,-1
501,89,417,81,14,13,1,-1,-1,-1
501,90,445,75,14,13,1,-1,-1,-1
501,99,478,82,23,15,1,-1,-1,-1
501,101,475,61,26,15,1,-1,-1,-1
501,102,457,61,16,11,1,-1,-1,-1
502,0,522,77,19,15,1,-1,-1,-1
502,6,510,102,19,19,1,-1,-1,-1
502,10,962,324,61,65,1,-1,-1,-1
502,15,498,92,19,15,1,-1,-1,-1
502,65,531,69,15,11,1,-1,-1,-1
502,71,539,94,16,21,1,-1,-1,-1
502,73,270,441,92,98,1,-1,-1,-1
502,75,573,104,20,17,1,-1,-1,-1
502,77,598,108,23,17,1,-1,-1,-1
502,78,352,293,56,77,1,-1,-1,-1
502,79,410,433,63,106,1,-1,-1,-1
502,80,570,146,35,40,1,-1,-1,-1
502,81,419,179,32,48,1,-1,-1,-1
502,82,369,187,32,40,1,-1,-1,-1
502,83,472,219,33,44,1,-1,-1,-1
502,84,383,134,23,25,1,-1,-1,-1
502,85,428,140,23,23,1,-1,-1,-1
502,86,458,123,23,25,1,-1,-1,-1
502,87,387,94,19,19,1,-1,-1,-1
502,88,421,108,19,21,1,-1,-1,-1
502,89,417,82,14,13,1,-1,-1,-1
502,90,444,77,14,13,1,-1,-1,-1
502,99,478,84,23,15,1,-1,-1,-1
502,101,476,63,23,13,1,-1,-1,-1
502,102,457,61,16,11,1,-1,-1,-1
503,0,522,78,17,13,1,-1,-1,-1
503,6,512,102,19,19,1,-1,-1,-1
503,10,965,325,58,63,1,-1,-1,-1
503,15,498,92,19,15,1,-1,-1,-1
503,65,530,69,15,11,1,-1,-1,-1
503,71,539,94,16,21,1,-1,-1,-1
503,73,273,457,82,82,1,-1,-1,-1
503,75,573,104,20,17,1,-1,-1,-1
503,77,598,106,23,17,1,-1,-1,-1
503,78,352,300,53,75,1,-1,-1,-1
503,79,407,442,63,97,1,-1,-1,-1
503,80,569,144,35,40,1,-1,-1,-1
503,81,419,181,31,44,1,-1,-1,-1
503,82,369,189,31,38,1,-1,-1,-1
503,83,471,221,35,46,1,-1,-1,-1
503,84,380,134,26,28,1,-1,-1,-1
503,85,427,139,26,30,1,-1,-1,-1
503,86,459,123,26,30,1,-1,-1,-1
503,87,387,96,19,19,1,-1,-1,-1
503,88,420,109,19,21,1,-1,-1,-1
503,89,417,81,17,15,1,-1,-1,-1
503,90,444,75,16,15,1,-1,-1,-1
503,99,478,84,23,15,1,-1,-1,-1
503,101,476,63,23,13,1,-1,-1,-1
503,102,457,59,16,11,1,-1,-1,-1
504,0,522,77,16,13,1,-1,-1,-1
504,6,512,102,19,19,1,-1,-1,-1
504,10,966,325,57,69,1,-1,-1,-1
504,15,498,92,19,15,1,-1,-1,-1
504,65,530,69,15,11,1,-1,-1,-1
504,71,540,94,16,21,1,-1,-1,-1
504,73,262,466,88,73,1,-1,-1,-1
504,75,572,104,20,17,1,-1,-1,-1
504,77,598,106,20,17,1,-1,-1,-1
504,78,350,304,56,77,1,-1,-1,-1
504,79,403,458,68,81,1,-1,-1,-1
504,80,569,144,36,40,1,-1,-1,-1
504,81,420,185,31,44,1,-1,-1,-1
504,82,369,192,31,40,1,-1,-1,-1
504,83,471,227,35,46,1,-1,-1,-1
504,84,380,136,24,27,1,-1,-1,-1
504,85,427,142,24,28,1,-1,-1,-1
504,86,458,123,26,30,1,-1,-1,-1
504,87,387,96,19,19,1,-1,-1,-1
504,88,421,109,19,21,1,-1,-1,-1
504,89,416,82,16,15,1,-1,-1,-1
504,90,444,75,15,15,1,-1,-1,-1
504,99,478,84,23,15,1,-1,-1,-1
504,101,476,63,23,13,1,-1,-1,-1
504,102,457,61,16,11,1,-1,-1,-1
505,0,521,77,16,13,1,-1,-1,-1
505,6,512,104,19,19,1,-1,-1,-1
505,10,966,325,57,65,1,-1,-1,-1
505,15,497,92,19,15,1,-1,-1,-1
505,65,530,69,15,11,1,-1,-1,-1
505,71,539,94,18,21,1,-1,-1,-1
505,73,265,474,81,65,1,-1,-1,-1
505,75,573,103,19,16,1,-1,-1,-1
505,77,596,104,19,17,1,-1,-1,-1
505,78,347,308,57,79,1,-1,-1,-1
505,79,402,478,66,61,1,-1,-1,-1
505,80,569,142,35,40,1,-1,-1,-1
505,81,417,185,31,46,1,-1,-1,-1
505,82,368,194,31,40,1,-1,-1,-1
505,83,472,231,33,44,1,-1,-1,-1
505,84,380,138,26,28,1,-1,-1,-1
505,85,427,144,24,28,1,-1,-1,-1
505,86,458,125,26,30,1,-1,-1,-1
505,87,386,98,19,19,1,-1,-1,-1
505,88,420,111,19,21,1,-1,-1,-1
505,89,416,82,16,15,1,-1,-1,-1
505,90,445,75,15,15,1,-1,-1,-1
505,99,478,84,23,15,1,-1,-1,-1
505,101,476,63,23,13,1,-1,-1,-1
505,102,458,61,16,11,1,-1,-1,-1
506,0,521,77,16,13,1,-1,-1,-1
506,6,510,104,19,19,1,-1,-1,-1
506,10,967,327,56,65,1,-1,-1,-1
506,15,498,92,19,15,1,-1,-1,-1
506,65,528,67,15,11,1,-1,-1,-1
506,71,538,94,18,21,1,-1,-1,-1
506,73,253,484,88,55,1,-1,-1,-1
506,75,573,102,19,15,1,-1,-1,-1
506,77,598,104,19,17,1,-1,-1,-1
506,78,347,314,57,79,1,-1,-1,-1
506,79,403,482,64,57,1,-1,-1,-1
506,80,566,138,39,44,1,-1,-1,-1
506,81,417,190,33,46,1,-1,-1,-1
506,82,367,194,31,40,1,-1,-1,-1
506,83,474,231,36,50,1,-1,-1,-1
506,84,377,138,26,28,1,-1,-1,-1
506,85,427,144,26,30,1,-1,-1,-1
506,86,459,127,27,30,1,-1,-1,-1
506,87,386,98,22,22,1,-1,-1,-1
506,88,420,111,21,24,1,-1,-1,-1
506,89,416,82,16,15,1,-1,-1,-1
506,90,445,77,15,15,1,-1,-1,-1
506,99,478,84,23,15,1,-1,-1,-1
506,101,476,63,23,13,1,-1,-1,-1
506,102,458,61,16,11,1,-1,-1,-1
507,0,521,77,16,13,1,-1,-1,-1
507,6,510,104,19,19,1,-1,-1,-1
507,10,970,329,53,67,1,-1,-1,-1
507,15,498,92,19,15,1,-1,-1,-1
507,65,527,67,15,11,1,-1,-1,-1
507,71,539,92,18,21,1,-1,-1,-1
507,73,270,496,73,43,1,-1,-1,-1
507,75,572,102,19,15,1,-1,-1,-1
507,77,596,104,19,17,1,-1,-1,-1
507,78,344,315,57,84,1,-1,-1,-1
507,80,565,138,39,44,1,-1,-1,-1
507,81,416,192,34,47,1,-1,-1,-1
507,82,364,198,34,39,1,-1,-1,-1
507,83,471,237,39,50,1,-1,-1,-1
507,84,377,140,26,28,1,-1,-1,-1
507,85,427,146,24,28,1,-1,-1,-1
507,86,461,129,26,30,1,-1,-1,-1
507,87,386,98,22,21,1,-1,-1,-1
507,88,420,111,20,23,1,-1,-1,-1
507,89,416,84,16,15,1,-1,-1,-1
507,90,445,77,15,15,1,-1,-1,-1
507,99,478,84,23,15,1,-1,-1,-1
507,101,476,63,23,13,1,-1,-1,-1
507,102,458,61,16,11,1,-1,-1,-1
508,0,521,75,16,13,1,-1,-1,-1
508,6,510,104,19,19,1,-1,-1,-1
508,10,972,331,51,67,1,-1,-1,-1
508,15,498,92,19,15,1,-1,-1,-1
508,65,527,67,15,11,1,-1,-1,-1
508,71,538,92,18,21,1,-1,-1,-1
508,75,572,102,19,15,1,-1,-1,-1
508,77,596,104,19,17,1,-1,-1,-1
508,78,343,323,56,81,1,-1,-1,-1
508,80,566,140,36,42,1,-1,-1,-1
508,81,416,194,34,47,1,-1,-1,-1
508,82,364,200,31,40,1,-1,-1,-1
508,83,471,241,39,52,1,-1,-1,-1
508,84,377,142,26,28,1,-1,-1,-1
508,85,425,148,26,30,1,-1,-1,-1
508,86,461,127,25,33,1,-1,-1,-1
508,87,386,100,22,21,1,-1,-1,-1
508,88,420,113,20,23,1,-1,-1,-1
508,89,416,84,16,15,1,-1,-1,-1
508,90,445,77,15,15,1,-1,-1,-1
508,99,478,84,22,15,1,-1,-1,-1
508,101,476,63,23,13,1,-1,-1,-1
508,102,457,61,16,11,1,-1,-1,-1
509,0,519,75,16,13,1,-1,-1,-1
509,6,510,104,19,19,1,-1,-1,-1
509,10,969,333,54,67,1,-1,-1,-1
509,15,497,92,19,15,1,-1,-1,-1
509,65,527,67,15,11,1,-1,-1,-1
509,71,538,92,18,21,1,-1,-1,-1
509,75,572,102,19,15,1,-1,-1,-1
509,77,596,104,19,17,1,-1,-1,-1
509,78,340,329,57,82,1,-1,-1,-1
509,80,565,138,36,40,1,-1,-1,-1
509,81,415,194,32,48,1,-1,-1,-1
509,82,364,204,31,40,1,-1,-1,-1
509,83,471,242,39,55,1,-1,-1,-1
509,84,376,144,26,28,1,-1,-1,-1
509,85,425,150,26,30,1,-1,-1,-1
509,86,461,128,25,33,1,-1,-1,-1
509,87,385,100,22,21,1,-1,-1,-1
509,88,420,113,20,23,1,-1,-1,-1
509,89,416,84,16,15,1,-1,-1,-1
509,90,445,77,15,15,1,-1,-1,-1
509,99,476,85,24,14,1,-1,-1,-1
509,101,476,63,23,13,1,-1,-1,-1
509,102,457,61,16,11,1,-1,-1,-1
510,0,518,77,16,13,1,-1,-1,-1
510,6,510,104,19,19,1,-1,-1,-1
510,10,975,335,48,67,1,-1,-1,-1
510,15,497,92,19,15,1,-1,-1,-1
510,65,526,67,15,11,1,-1,-1,-1
510,71,536,92,18,21,1,-1,-1,-1
510,75,570,102,19,15,1,-1,-1,-1
510,77,595,102,19,17,1,-1,-1,-1
510,78,337,328,62,94,1,-1,-1,-1
510,80,565,138,35,40,1,-1,-1,-1
510,81,413,197,37,54,1,-1,-1,-1
510,82,358,203,37,46,1,-1,-1,-1
510,83,469,244,44,60,1,-1,-1,-1
510,84,374,146,26,28,1,-1,-1,-1
510,85,424,152,26,30,1,-1,-1,-1
510,86,461,130,23,33,1,-1,-1,-1
510,87,385,102,22,21,1,-1,-1,-1
510,88,419,115,20,23,1,-1,-1,-1
510,89,416,85,19,19,1,-1,-1,-1
510,90,445,79,18,17,1,-1,-1,-1
510,91,395,67,14,17,1,-1,-1,-1
510,99,475,85,24,14,1,-1,-1,-1
510,101,475,63,26,13,1,-1,-1,-1
510,102,455,61,19,10,1,-1,-1,-1
511,0,518,75,16,13,1,-1,-1,-1
511,6,509,104,19,19,1,-1,-1,-1
511,10,974,335,49,72,1,-1,-1,-1
511,15,497,92,19,15,1,-1,-1,-1
511,65,526,67,15,11,1,-1,-1,-1
511,71,536,92,16,19,1,-1,-1,-1
511,75,570,102,19,15,1,-1,-1,-1
511,77,595,102,19,17,1,-1,-1,-1
511,78,335,333,61,94,1,-1,-1,-1
511,80,564,138,35,40,1,-1,-1,-1
511,81,411,200,36,52,1,-1,-1,-1
511,82,360,205,36,44,1,-1,-1,-1
511,83,468,248,44,61,1,-1,-1,-1
511,84,373,148,26,28,1,-1,-1,-1
511,85,424,154,26,30,1,-1,-1,-1
511,86,461,135,27,30,1,-1,-1,-1
511,87,384,102,22,21,1,-1,-1,-1
511,88,417,117,20,23,1,-1,-1,-1
511,89,416,86,19,19,1,-1,-1,-1
511,90,445,79,18,17,1,-1,-1,-1
511,91,394,67,14,17,1,-1,-1,-1
511,99,476,86,22,13,1,-1,-1,-1
511,101,475,63,26,13,1,-1,-1,-1
511,102,457,61,16,11,1,-1,-1,-1
512,0,518,75,16,13,1,-1,-1,-1
512,6,509,104,19,19,1,-1,-1,-1
512,10,974,335,49,74,1,-1,-1,-1
512,15,497,94,19,15,1,-1,-1,-1
512,65,526,67,15,11,1,-1,-1,-1
512,71,536,92,16,19,1,-1,-1,-1
512,75,569,102,19,15,1,-1,-1,-1
512,77,594,102,19,17,1,-1,-1,-1
512,78,334,343,60,90,1,-1,-1,-1
512,80,562,136,35,40,1,-1,-1,-1
512,81,411,204,36,54,1,-1,-1,-1
512,82,359,208,35,42,1,-1,-1,-1
512,83,467,252,45,61,1,-1,-1,-1
512,84,373,150,26,28,1,-1,-1,-1
512,85,424,156,26,30,1,-1,-1,-1
512,86,461,136,27,30,1,-1,-1,-1
512,87,382,104,22,21,1,-1,-1,-1
512,88,416,119,20,23,1,-1,-1,-1
512,89,415,86,19,19,1,-1,-1,-1
512,90,445,79,18,17,1,-1,-1,-1
512,91,395,67,14,17,1,-1,-1,-1
512,99,476,86,22,14,1,-1,-1,-1
512,101,475,63,23,13,1,-1,-1,-1
512,102,457,61,18,12,1,-1,-1,-1
513,0,518,75,16,13,1,-1,-1,-1
513,6,510,106,19,19,1,-1,-1,-1
513,10,979,337,44,67,1,-1,-1,-1
513,15,497,94,19,15,1,-1,-1,-1
513,65,525,67,15,11,1,-1,-1,-1
513,71,535,90,18,21,1,-1,-1,-1
513,75,569,102,19,15,1,-1,-1,-1
513,77,594,102,19,17,1,-1,-1,-1
513,78,330,352,61,92,1,-1,-1,-1
513,80,561,137,33,37,1,-1,-1,-1
513,81,411,206,36,54,1,-1,-1,-1
513,82,357,212,36,44,1,-1,-1,-1
513,83,467,260,45,61,1,-1,-1,-1
513,84,372,152,26,28,1,-1,-1,-1
513,85,424,158,26,30,1,-1,-1,-1
513,86,461,140,26,30,1,-1,-1,-1
513,87,382,104,22,21,1,-1,-1,-1
513,88,416,119,20,23,1,-1,-1,-1
513,89,415,86,19,19,1,-1,-1,-1
513,90,445,81,18,17,1,-1,-1,-1
513,91,394,69,14,17,1,-1,-1,-1
513,99,475,86,22,14,1,-1,-1,-1
513,101,475,63,23,13,1,-1,-1,-1
513,102,457,61,18,12,1,-1,-1,-1
514,0,518,75,16,13,1,-1,-1,-1
514,6,510,106,19,19,1,-1,-1,-1
514,10,982,339,41,67,1,-1,-1,-1
514,15,498,93,20,18,1,-1,-1,-1
514,65,523,67,15,11,1,-1,-1,-1
514,71,535,90,18,21,1,-1,-1,-1
514,75,569,102,19,15,1,-1,-1,-1
514,77,594,102,19,17,1,-1,-1,-1
514,78,329,358,61,92,1,-1,-1,-1
514,80,561,136,32,36,1,-1,-1,-1
514,81,408,208,40,57,1,-1,-1,-1
514,82,355,214,36,46,1,-1,-1,-1
514,83,467,264,48,65,1,-1,-1,-1
514,84,370,154,24,27,1,-1,-1,-1
514,85,424,160,26,30,1,-1,-1,-1
514,86,461,142,26,30,1,-1,-1,-1
514,87,382,106,22,21,1,-1,-1,-1
514,88,416,121,20,23,1,-1,-1,-1
514,89,416,88,19,19,1,-1,-1,-1
514,90,445,82,18,17,1,-1,-1,-1
514,91,394,69,14,17,1,-1,-1,-1
514,99,476,85,23,15,1,-1,-1,-1
514,101,476,63,23,13,1,-1,-1,-1
514,102,457,61,18,12,1,-1,-1,-1
515,0,517,75,16,13,1,-1,-1,-1
515,6,510,106,19,19,1,-1,-1,-1
515,10,983,341,40,67,1,-1,-1,-1
515,15,497,94,20,18,1,-1,-1,-1
515,65,522,67,14,11,1,-1,-1,-1
515,71,535,90,18,21,1,-1,-1,-1
515,75,569,102,19,15,1,-1,-1,-1
515,77,592,100,19,17,1,-1,-1,-1
515,78,323,360,66,102,1,-1,-1,-1
515,80,560,136,31,36,1,-1,-1,-1
515,81,408,210,40,59,1,-1,-1,-1
515,82,353,216,37,46,1,-1,-1,-1
515,83,467,270,48,65,1,-1,-1,-1
515,84,370,156,26,28,1,-1,-1,-1
515,85,423,162,26,30,1,-1,-1,-1
515,86,461,142,27,30,1,-1,-1,-1
515,87,382,106,22,21,1,-1,-1,-1
515,88,415,123,20,23,1,-1,-1,-1
515,89,415,88,19,19,1,-1,-1,-1
515,90,445,82,18,17,1,-1,-1,-1
515,91,394,69,14,17,1,-1,-1,-1
515,99,474,86,25,14,1,-1,-1,-1
515,101,475,63,27,15,1,-1,-1,-1
515,102,455,62,20,11,1,-1,-1,-1
516,0,517,75,16,13,1,-1,-1,-1
516,6,510,106,19,19,1,-1,-1,-1
516,10,984,343,39,67,1,-1,-1,-1
516,15,497,93,19,18,1,-1,-1,-1
516,65,522,67,14,11,1,-1,-1,-1
516,71,534,90,18,21,1,-1,-1,-1
516,75,569,100,19,15,1,-1,-1,-1
516,77,592,100,19,17,1,-1,-1,-1
516,78,321,366,70,106,1,-1,-1,-1
516,80,559,135,32,36,1,-1,-1,-1
516,81,408,214,40,59,1,-1,-1,-1
516,82,353,216,37,48,1,-1,-1,-1
516,83,467,275,50,69,1,-1,-1,-1
516,84,369,158,26,28,1,-1,-1,-1
516,85,423,163,26,30,1,-1,-1,-1
516,86,459,144,27,32,1,-1,-1,-1
516,87,381,108,22,21,1,-1,-1,-1
516,88,417,123,20,23,1,-1,-1,-1
516,89,415,90,19,19,1,-1,-1,-1
516,90,445,82,18,17,1,-1,-1,-1
516,91,394,71,14,17,1,-1,-1,-1
516,99,474,86,24,15,1,-1,-1,-1
516,101,475,63,27,15,1,-1,-1,-1
516,102,454,61,19,11,1,-1,-1,-1
517,0,517,75,16,13,1,-1,-1,-1
517,6,509,106,19,19,1,-1,-1,-1
517,10,986,345,37,67,1,-1,-1,-1
517,15,497,94,19,17,1,-1,-1,-1
517,65,522,65,14,11,1,-1,-1,-1
517,71,534,90,18,21,1,-1,-1,-1
517,75,569,100,19,15,1,-1,-1,-1
517,77,594,100,19,17,1,-1,-1,-1
517,78,317,370,73,109,1,-1,-1,-1
517,80,559,135,31,36,1,-1,-1,-1
517,81,408,217,40,57,1,-1,-1,-1
517,82,352,220,39,48,1,-1,-1,-1
517,83,467,281,50,69,1,-1,-1,-1
517,84,367,156,30,34,1,-1,-1,-1
517,85,421,160,27,35,1,-1,-1,-1
517,86,459,143,29,35,1,-1,-1,-1
517,87,381,109,22,21,1,-1,-1,-1
517,88,415,125,20,23,1,-1,-1,-1
517,89,415,90,19,19,1,-1,-1,-1
517,90,446,84,18,17,1,-1,-1,-1
517,91,394,71,14,17,1,-1,-1,-1
517,99,474,86,23,15,1,-1,-1,-1
517,101,475,64,27,15,1,-1,-1,-1
517,102,455,61,19,11,1,-1,-1,-1
518,0,517,75,15,13,1,-1,-1,-1
518,6,509,106,19,19,1,-1,-1,-1
518,10,987,345,36,67,1,-1,-1,-1
518,15,497,94,19,17,1,-1,-1,-1
518,65,521,65,14,11,1,-1,-1,-1
518,71,534,88,18,21,1,-1,-1,-1
518,75,569,100,19,15,1,-1,-1,-1
518,77,592,100,19,17,1,-1,-1,-1
518,78,314,378,73,109,1,-1,-1,-1
518,80,557,133,32,36,1,-1,-1,-1
518,81,408,223,37,55,1,-1,-1,-1
518,82,347,225,37,48,1,-1,-1,-1
518,83,467,287,52,69,1,-1,-1,-1
518,84,365,158,30,34,1,-1,-1,-1
518,85,420,162,27,34,1,-1,-1,-1
518,86,458,144,28,34,1,-1,-1,-1
518,87,381,111,22,21,1,-1,-1,-1
518,88,416,126,20,23,1,-1,-1,-1
518,89,415,92,19,19,1,-1,-1,-1
518,90,446,84,18,17,1,-1,-1,-1
518,91,394,71,14,17,1,-1,-1,-1
518,99,475,86,23,15,1,-1,-1,-1
518,101,475,63,27,15,1,-1,-1,-1
518,102,455,61,19,11,1,-1,-1,-1
519,0,517,73,15,13,1,-1,-1,-1
519,6,509,106,22,22,1,-1,-1,-1
519,10,990,347,33,67,1,-1,-1,-1
519,15,497,96,19,17,1,-1,-1,-1
519,65,521,65,14,11,1,-1,-1,-1
519,71,532,88,18,21,1,-1,-1,-1
519,75,569,100,19,15,1,-1,-1,-1
519,77,591,100,19,17,1,-1,-1,-1
519,78,313,387,73,109,1,-1,-1,-1
519,80,556,133,32,36,1,-1,-1,-1
519,81,408,225,39,57,1,-1,-1,-1
519,82,346,225,39,48,1,-1,-1,-1
519,83,467,293,52,69,1,-1,-1,-1
519,84,365,160,30,34,1,-1,-1,-1
519,85,420,165,27,34,1,-1,-1,-1
519,86,458,146,28,34,1,-1,-1,-1
519,87,381,113,22,21,1,-1,-1,-1
519,88,415,126,20,23,1,-1,-1,-1
519,89,415,92,19,19,1,-1,-1,-1
519,90,446,84,18,17,1,-1,-1,-1
519,91,394,71,14,17,1,-1,-1,-1
519,99,475,86,23,15,1,-1,-1,-1
519,101,474,63,27,15,1,-1,-1,-1
519,102,454,63,19,11,1,-1,-1,-1
520,0,517,75,15,13,1,-1,-1,-1
520,6,509,106,21,21,1,-1,-1,-1
520,10,991,349,32,67,1,-1,-1,-1
520,15,497,96,19,17,1,-1,-1,-1
520,65,519,65,14,11,1,-1,-1,-1
520,71,531,88,18,21,1,-1,-1,-1
520,75,569,100,19,15,1,-1,-1,-1
520,77,591,98,19,17,1,-1,-1,-1
520,78,309,393,75,115,1,-1,-1,-1
520,80,556,131,33,38,1,-1,-1,-1
520,81,407,229,39,57,1,-1,-1,-1
520,82,344,229,40,50,1,-1,-1,-1
520,83,467,302,52,69,1,-1,-1,-1
520,84,364,162,30,34,1,-1,-1,-1
520,85,420,165,27,34,1,-1,-1,-1
520,86,458,148,28,34,1,-1,-1,-1
520,87,381,112,22,25,1,-1,-1,-1
520,88,415,125,24,28,1,-1,-1,-1
520,89,415,94,19,19,1,-1,-1,-1
520,90,446,84,18,17,1,-1,-1,-1
520,91,394,73,14,17,1,-1,-1,-1
520,99,474,86,23,15,1,-1,-1,-1
520,101,476,63,26,15,1,-1,-1,-1
520,102,455,61,20,11,1,-1,-1,-1
521,0,517,73,15,13,1,-1,-1,-1
521,6,509,106,21,21,1,-1,-1,-1
521,10,992,351,31,67,1,-1,-1,-1
521,15,497,96,19,17,1,-1,-1,-1
521,65,519,65,14,11,1,-1,-1,-1
521,71,531,86,18,21,1,-1,-1,-1
521,75,568,100,19,15,1,-1,-1,-1
521,77,591,98,19,17,1,-1,-1,-1
521,78,305,401,77,117,1,-1,-1,-1
521,80,556,131,32,36,1,-1,-1,-1
521,81,407,233,40,57,1,-1,-1,-1
521,82,343,233,40,50,1,-1,-1,-1
521,83,468,304,52,77,1,-1,-1,-1
521,84,364,165,30,34,1,-1,-1,-1
521,85,420,167,26,34,1,-1,-1,-1
521,86,459,152,27,34,1,-1,-1,-1
521,87,381,113,22,25,1,-1,-1,-1
521,88,415,127,23,28,1,-1,-1,-1
521,89,415,94,19,19,1,-1,-1,-1
521,90,446,86,18,17,1,-1,-1,-1
521,91,394,73,14,17,1,-1,-1,-1
521,99,474,86,23,15,1,-1,-1,-1
521,101,475,63,27,16,1,-1,-1,-1
521,102,454,63,19,11,1,-1,-1,-1
522,0,515,73,15,13,1,-1,-1,-1
522,6,510,108,22,22,1,-1,-1,-1
522,10,993,354,30,67,1,-1,-1,-1
522,15,497,96,19,17,1,-1,-1,-1
522,65,518,65,14,11,1,-1,-1,-1
522,71,531,86,18,21,1,-1,-1,-1
522,75,568,100,19,15,1,-1,-1,-1
522,77,590,98,19,17,1,-1,-1,-1
522,78,304,412,75,115,1,-1,-1,-1
522,80,555,129,32,36,1,-1,-1,-1
522,81,408,234,41,63,1,-1,-1,-1
522,82,340,233,43,54,1,-1,-1,-1
522,83,471,309,46,81,1,-1,-1,-1
522,84,363,165,31,34,1,-1,-1,-1
522,85,420,171,27,34,1,-1,-1,-1
522,86,459,154,27,34,1,-1,-1,-1
522,87,381,113,22,25,1,-1,-1,-1
522,88,415,129,23,28,1,-1,-1,-1
522,89,415,94,19,19,1,-1,-1,-1
522,90,446,86,18,17,1,-1,-1,-1
522,91,394,73,14,17,1,-1,-1,-1
522,99,472,86,23,15,1,-1,-1,-1
522,101,475,64,28,15,1,-1,-1,-1
522,102,455,63,19,11,1,-1,-1,-1
523,0,514,73,15,13,1,-1,-1,-1
523,6,509,107,22,22,1,-1,-1,-1
523,10,995,354,28,69,1,-1,-1,-1
523,15,497,96,19,17,1,-1,-1,-1
523,65,518,65,14,11,1,-1,-1,-1
523,71,531,86,18,21,1,-1,-1,-1
523,75,568,100,19,15,1,-1,-1,-1
523,77,591,98,19,17,1,-1,-1,-1
523,78,299,410,78,128,1,-1,-1,-1
523,80,555,131,32,36,1,-1,-1,-1
523,81,404,239,43,61,1,-1,-1,-1
523,82,339,237,43,52,1,-1,-1,-1
523,83,470,315,49,84,1,-1,-1,-1
523,84,361,169,31,34,1,-1,-1,-1
523,85,417,173,27,34,1,-1,-1,-1
523,86,459,156,27,34,1,-1,-1,-1
523,87,380,115,22,25,1,-1,-1,-1
523,88,415,129,23,28,1,-1,-1,-1
523,89,415,96,19,19,1,-1,-1,-1
523,90,446,88,18,17,1,-1,-1,-1
523,91,394,75,14,17,1,-1,-1,-1
523,99,474,86,23,15,1,-1,-1,-1
523,101,475,64,28,16,1,-1,-1,-1
523,102,455,63,19,11,1,-1,-1,-1
524,0,514,73,15,13,1,-1,-1,-1
524,6,509,107,22,22,1,-1,-1,-1
524,15,497,96,19,17,1,-1,-1,-1
524,65,519,65,14,11,1,-1,-1,-1
524,71,532,88,18,21,1,-1,-1,-1
524,75,568,98,19,15,1,-1,-1,-1
524,77,592,98,19,17,1,-1,-1,-1
524,78,293,421,80,118,1,-1,-1,-1
524,80,553,129,32,36,1,-1,-1,-1
524,81,405,240,44,68,1,-1,-1,-1
524,82,339,236,45,55,1,-1,-1,-1
524,83,468,325,53,87,1,-1,-1,-1
524,84,360,171,31,34,1,-1,-1,-1
524,85,417,175,27,36,1,-1,-1,-1
524,86,459,158,28,34,1,-1,-1,-1
524,87,380,117,22,25,1,-1,-1,-1
524,88,415,129,23,28,1,-1,-1,-1
524,89,415,95,20,21,1,-1,-1,-1
524,90,446,88,19,19,1,-1,-1,-1
524,91,393,75,15,21,1,-1,-1,-1
524,99,474,86,23,15,1,-1,-1,-1
524,101,477,64,26,16,1,-1,-1,-1
524,102,457,63,19,12,1,-1,-1,-1
525,0,514,73,15,13,1,-1,-1,-1
525,6,509,109,22,21,1,-1,-1,-1
525,15,497,96,19,17,1,-1,-1,-1
525,65,518,65,14,11,1,-1,-1,-1
525,71,531,88,17,19,1,-1,-1,-1
525,75,568,100,18,13,1,-1,-1,-1
525,77,593,99,16,15,1,-1,-1,-1
525,78,292,432,77,107,1,-1,-1,-1
525,80,553,129,31,36,1,-1,-1,-1
525,81,404,244,44,67,1,-1,-1,-1
525,82,338,239,44,55,1,-1,-1,-1
525,83,467,335,53,86,1,-1,-1,-1
525,84,359,171,32,38,1,-1,-1,-1
525,85,417,177,27,34,1,-1,-1,-1
525,86,459,158,30,36,1,-1,-1,-1
525,87,380,117,22,25,1,-1,-1,-1
525,88,415,133,23,28,1,-1,-1,-1
525,89,415,96,19,21,1,-1,-1,-1
525,90,445,88,19,19,1,-1,-1,-1
525,91,393,75,14,21,1,-1,-1,-1
525,99,474,86,23,15,1,-1,-1,-1
525,101,476,65,27,16,1,-1,-1,-1
525,102,455,63,19,11,1,-1,-1,-1
526,0,515,73,15,13,1,-1,-1,-1
526,6,509,109,22,21,1,-1,-1,-1
526,15,497,96,19,17,1,-1,-1,-1
526,65,518,65,14,11,1,-1,-1,-1
526,71,532,88,17,18,1,-1,-1,-1
526,75,566,98,19,15,1,-1,-1,-1
526,77,594,97,17,17,1,-1,-1,-1
526,78,284,443,79,96,1,-1,-1,-1
526,80,553,129,30,33,1,-1,-1,-1
526,81,404,248,44,67,1,-1,-1,-1
526,82,335,243,44,55,1,-1,-1,-1
526,83,467,343,53,88,1,-1,-1,-1
526,84,359,175,32,38,1,-1,-1,-1
526,85,416,179,27,36,1,-1,-1,-1
526,86,459,162,30,36,1,-1,-1,-1
526,87,378,119,22,25,1,-1,-1,-1
526,88,414,135,23,28,1,-1,-1,-1
526,89,415,96,19,21,1,-1,-1,-1
526,90,446,88,19,19,1,-1,-1,-1
526,91,393,75,14,21,1,-1,-1,-1
526,99,474,88,23,15,1,-1,-1,-1
526,101,476,65,27,15,1,-1,-1,-1
526,102,457,64,19,11,1,-1,-1,-1
527,0,514,73,15,13,1,-1,-1,-1
527,6,509,109,21,21,1,-1,-1,-1
527,15,498,95,19,17,1,-1,-1,-1
527,65,517,65,14,11,1,-1,-1,-1
527,71,531,87,16,19,1,-1,-1,-1
527,75,568,98,19,15,1,-1,-1,-1
527,77,590,96,19,17,1,-1,-1,-1
527,78,280,445,84,94,1,-1,-1,-1
527,80,552,129,31,30,1,-1,-1,-1
527,81,404,254,44,67,1,-1,-1,-1
527,82,335,246,44,54,1,-1,-1,-1
527,83,468,348,53,93,1,-1,-1,-1
527,84,356,177,33,38,1,-1,-1,-1
527,85,416,183,27,34,1,-1,-1,-1
527,86,461,163,30,36,1,-1,-1,-1
527,87,377,121,22,25,1,-1,-1,-1
527,88,412,136,23,28,1,-1,-1,-1
527,89,415,98,19,21,1,-1,-1,-1
527,90,445,90,19,19,1,-1,-1,-1
527,91,393,77,14,21,1,-1,-1,-1
527,99,474,88,23,15,1,-1,-1,-1
527,101,476,65,27,15,1,-1,-1,-1
527,102,457,63,19,11,1,-1,-1,-1
528,0,514,73,15,13,1,-1,-1,-1
528,6,509,109,21,21,1,-1,-1,-1
528,15,497,96,21,17,1,-1,-1,-1
528,65,516,64,16,11,1,-1,-1,-1
528,71,531,87,15,18,1,-1,-1,-1
528,75,566,98,19,15,1,-1,-1,-1
528,77,591,96,19,17,1,-1,-1,-1
528,78,280,457,83,82,1,-1,-1,-1
528,80,552,127,31,33,1,-1,-1,-1
528,81,403,258,44,67,1,-1,-1,-1
528,82,334,250,44,55,1,-1,-1,-1
528,83,467,356,54,96,1,-1,-1,-1
528,84,355,177,35,40,1,-1,-1,-1
528,85,415,185,27,36,1,-1,-1,-1
528,86,459,165,31,38,1,-1,-1,-1
528,87,377,123,22,25,1,-1,-1,-1
528,88,412,138,23,28,1,-1,-1,-1
528,89,415,98,19,21,1,-1,-1,-1
528,90,446,90,19,19,1,-1,-1,-1
528,91,391,77,14,21,1,-1,-1,-1
528,99,474,88,23,15,1,-1,-1,-1
528,101,476,65,27,15,1,-1,-1,-1
528,102,455,63,19,11,1,-1,-1,-1
529,0,514,71,15,13,1,-1,-1,-1
529,6,510,110,21,20,1,-1,-1,-1
529,15,497,96,19,17,1,-1,-1,-1
529,65,515,63,15,11,1,-1,-1,-1
529,71,528,84,18,21,1,-1,-1,-1
529,75,566,98,19,15,1,-1,-1,-1
529,77,591,96,19,17,1,-1,-1,-1
529,78,279,467,84,71,1,-1,-1,-1
529,80,552,126,31,34,1,-1,-1,-1
529,81,405,260,43,72,1,-1,-1,-1
529,82,330,252,47,57,1,-1,-1,-1
529,83,467,365,55,100,1,-1,-1,-1
529,84,353,181,35,40,1,-1,-1,-1
529,85,415,187,27,34,1,-1,-1,-1
529,86,461,167,31,36,1,-1,-1,-1
529,87,377,125,22,25,1,-1,-1,-1
529,88,412,138,23,28,1,-1,-1,-1
529,89,415,100,19,21,1,-1,-1,-1
529,90,446,92,19,19,1,-1,-1,-1
529,91,393,77,14,21,1,-1,-1,-1
529,99,472,88,23,15,1,-1,-1,-1
529,101,476,65,27,15,1,-1,-1,-1
529,102,455,63,19,11,1,-1,-1,-1
530,0,514,73,15,13,1,-1,-1,-1
530,6,509,109,23,20,1,-1,-1,-1
530,15,496,96,21,19,1,-1,-1,-1
530,65,515,63,15,11,1,-1,-1,-1
530,71,528,84,18,21,1,-1,-1,-1
530,75,568,98,19,15,1,-1,-1,-1
530,77,590,96,19,17,1,-1,-1,-1
530,78,288,476,72,63,1,-1,-1,-1
530,80,551,127,31,29,1,-1,-1,-1
530,81,403,263,44,73,1,-1,-1,-1
530,82,330,258,44,55,1,-1,-1,-1
530,83,465,376,58,107,1,-1,-1,-1
530,84,352,185,35,40,1,-1,-1,-1
530,85,417,189,27,36,1,-1,-1,-1
530,86,461,171,30,36,1,-1,-1,-1
530,87,377,125,22,25,1,-1,-1,-1
530,88,411,140,23,28,1,-1,-1,-1
530,89,415,100,19,21,1,-1,-1,-1
530,90,446,92,19,19,1,-1,-1,-1
530,91,393,79,14,21,1,-1,-1,-1
530,99,472,88,23,15,1,-1,-1,-1
530,101,476,65,27,15,1,-1,-1,-1
530,102,455,63,19,11,1,-1,-1,-1
531,0,513,72,15,13,1,-1,-1,-1
531,6,509,109,22,21,1,-1,-1,-1
531,15,497,96,22,18,1,-1,-1,-1
531,65,514,63,15,11,1,-1,-1,-1
531,71,528,84,18,21,1,-1,-1,-1
531,75,566,98,19,15,1,-1,-1,-1
531,77,591,96,19,17,1,-1,-1,-1
531,78,280,484,83,55,1,-1,-1,-1
531,80,551,127,31,30,1,-1,-1,-1
531,81,402,267,47,78,1,-1,-1,-1
531,82,330,262,44,54,1,-1,-1,-1
531,83,464,385,61,114,1,-1,-1,-1
531,84,350,185,35,40,1,-1,-1,-1
531,85,417,191,29,39,1,-1,-1,-1
531,86,462,167,30,45,1,-1,-1,-1
531,87,376,127,22,25,1,-1,-1,-1
531,88,411,142,23,28,1,-1,-1,-1
531,89,415,102,19,21,1,-1,-1,-1
531,90,446,92,19,19,1,-1,-1,-1
531,91,391,79,14,21,1,-1,-1,-1
531,99,472,88,23,15,1,-1,-1,-1
531,101,478,67,26,15,1,-1,-1,-1
531,102,455,64,22,12,1,-1,-1,-1
532,0,513,71,14,13,1,-1,-1,-1
532,6,510,109,21,21,1,-1,-1,-1
532,15,497,98,19,17,1,-1,-1,-1
532,65,514,63,15,11,1,-1,-1,-1
532,71,529,86,16,18,1,-1,-1,-1
532,75,565,98,19,15,1,-1,-1,-1
532,77,594,97,17,15,1,-1,-1,-1
532,78,287,493,71,46,1,-1,-1,-1
532,80,549,127,33,32,1,-1,-1,-1
532,81,398,273,49,77,1,-1,-1,-1
532,82,326,264,45,55,1,-1,-1,-1
532,83,466,397,63,112,1,-1,-1,-1
532,84,350,187,33,38,1,-1,-1,-1
532,85,415,194,28,38,1,-1,-1,-1
532,86,462,169,30,44,1,-1,-1,-1
532,87,376,129,22,25,1,-1,-1,-1
532,88,411,142,23,28,1,-1,-1,-1
532,89,415,102,19,21,1,-1,-1,-1
532,90,448,94,19,19,1,-1,-1,-1
532,91,393,79,14,21,1,-1,-1,-1
532,99,472,88,23,15,1,-1,-1,-1
532,101,479,65,27,15,1,-1,-1,-1
532,102,457,63,19,11,1,-1,-1,-1
533,0,513,72,14,13,1,-1,-1,-1
533,6,510,111,22,21,1,-1,-1,-1
533,15,497,98,19,17,1,-1,-1,-1
533,65,514,63,15,11,1,-1,-1,-1
533,71,529,85,16,19,1,-1,-1,-1
533,75,566,100,19,15,1,-1,-1,-1
533,77,594,96,16,15,1,-1,-1,-1
533,80,550,124,29,32,1,-1,-1,-1
533,81,398,276,47,76,1,-1,-1,-1
533,82,323,268,47,57,1,-1,-1,-1
533,83,463,404,60,121,1,-1,-1,-1
533,84,350,192,33,38,1,-1,-1,-1
533,85,415,196,28,38,1,-1,-1,-1
533,86,462,171,30,44,1,-1,-1,-1
533,87,374,131,22,25,1,-1,-1,-1
533,88,411,144,23,28,1,-1,-1,-1
533,89,415,104,19,21,1,-1,-1,-1
533,90,446,94,19,19,1,-1,-1,-1
533,91,391,81,14,21,1,-1,-1,-1
533,99,472,88,23,15,1,-1,-1,-1
533,101,476,65,27,15,1,-1,-1,-1
533,102,456,65,19,11,1,-1,-1,-1
534,0,512,71,14,13,1,-1,-1,-1
534,6,510,111,22,21,1,-1,-1,-1
534,15,497,98,19,17,1,-1,-1,-1
534,65,513,63,15,11,1,-1,-1,-1
534,71,530,84,15,19,1,-1,-1,-1
534,75,566,100,19,15,1,-1,-1,-1
534,77,594,96,16,15,1,-1,-1,-1
534,80,548,123,30,32,1,-1,-1,-1
534,81,398,281,46,78,1,-1,-1,-1
534,82,322,272,48,57,1,-1,-1,-1
534,83,463,416,62,122,1,-1,-1,-1
534,84,348,194,33,38,1,-1,-1,-1
534,85,415,198,28,38,1,-1,-1,-1
534,86,462,173,31,46,1,-1,-1,-1
534,87,373,130,23,26,1,-1,-1,-1
534,88,411,146,24,32,1,-1,-1,-1
534,89,415,104,19,21,1,-1,-1,-1
534,90,448,94,19,19,1,-1,-1,-1
534,91,393,82,14,21,1,-1,-1,-1
534,99,472,88,23,15,1,-1,-1,-1
534,101,478,67,27,15,1,-1,-1,-1
534,102,457,65,19,11,1,-1,-1,-1
534,103,444,58,13,15,1,-1,-1,-1
535,0,512,71,14,13,1,-1,-1,-1
535,6,511,112,21,20,1,-1,-1,-1
535,15,497,98,19,17,1,-1,-1,-1
535,65,513,63,15,11,1,-1,-1,-1
535,71,528,84,15,19,1,-1,-1,-1
535,75,566,100,19,15,1,-1,-1,-1
535,77,594,96,16,15,1,-1,-1,-1
535,80,550,123,28,32,1,-1,-1,-1
535,81,400,285,45,82,1,-1,-1,-1
535,82,322,275,48,60,1,-1,-1,-1
535,83,459,430,67,109,1,-1,-1,-1
535,84,347,198,33,38,1,-1,-1,-1
535,85,415,202,27,38,1,-1,-1,-1
535,86,462,177,31,46,1,-1,-1,-1
535,87,372,131,23,25,1,-1,-1,-1
535,88,410,148,23,32,1,-1,-1,-1
535,89,415,106,19,21,1,-1,-1,-1
535,90,448,96,19,19,1,-1,-1,-1
535,91,391,82,14,21,1,-1,-1,-1
535,99,472,88,23,15,1,-1,-1,-1
535,101,478,67,27,15,1,-1,-1,-1
535,102,455,63,22,13,1,-1,-1,-1
535,103,444,57,13,15,1,-1,-1,-1
536,0,510,71,14,13,1,-1,-1,-1
536,6,511,112,19,19,1,-1,-1,-1
536,15,497,98,19,17,1,-1,-1,-1
536,65,513,61,15,11,1,-1,-1,-1
536,71,528,84,15,19,1,-1,-1,-1
536,75,566,99,19,15,1,-1,-1,-1
536,77,594,96,16,15,1,-1,-1,-1
536,80,548,123,28,32,1,-1,-1,-1
536,81,398,288,45,84,1,-1,-1,-1
536,82,318,277,50,63,1,-1,-1,-1
536,83,461,443,65,96,1,-1,-1,-1
536,84,346,201,34,36,1,-1,-1,-1
536,85,414,204,31,39,1,-1,-1,-1
536,86,463,181,30,44,1,-1,-1,-1
536,87,373,133,23,25,1,-1,-1,-1
536,88,409,151,24,28,1,-1,-1,-1
536,89,414,106,19,21,1,-1,-1,-1
536,90,448,96,19,19,1,-1,-1,-1
536,91,391,82,14,21,1,-1,-1,-1
536,99,471,88,23,15,1,-1,-1,-1
536,101,478,67,27,15,1,-1,-1,-1
536,102,457,65,21,12,1,-1,-1,-1
536,103,444,57,13,15,1,-1,-1,-1
537,0,512,71,14,13,1,-1,-1,-1
537,6,509,111,22,22,1,-1,-1,-1
537,15,497,98,19,17,1,-1,-1,-1
537,65,513,63,15,11,1,-1,-1,-1
537,71,528,84,15,19,1,-1,-1,-1
537,75,565,100,19,15,1,-1,-1,-1
537,77,594,96,16,15,1,-1,-1,-1
537,80,548,121,30,32,1,-1,-1,-1
537,81,396,293,49,86,1,-1,-1,-1
537,82,314,280,54,64,1,-1,-1,-1
537,83,456,453,71,86,1,-1,-1,-1
537,84,343,204,33,38,1,-1,-1,-1
537,85,412,206,32,38,1,-1,-1,-1
537,86,462,181,31,46,1,-1,-1,-1
537,87,370,135,23,25,1,-1,-1,-1
537,88,410,150,23,32,1,-1,-1,-1
537,89,412,108,19,21,1,-1,-1,-1
537,90,448,98,19,19,1,-1,-1,-1
537,91,391,84,14,21,1,-1,-1,-1
537,99,471,88,23,15,1,-1,-1,-1
537,101,478,67,27,15,1,-1,-1,-1
537,102,457,65,21,12,1,-1,-1,-1
537,103,444,59,13,15,1,-1,-1,-1
538,0,510,69,14,13,1,-1,-1,-1
538,6,509,111,21,22,1,-1,-1,-1
538,15,497,98,19,17,1,-1,-1,-1
538,65,512,61,15,11,1,-1,-1,-1
538,71,527,82,15,19,1,-1,-1,-1
538,75,565,98,19,15,1,-1,-1,-1
538,77,595,94,16,15,1,-1,-1,-1
538,80,548,121,28,32,1,-1,-1,-1
538,81,393,299,50,89,1,-1,-1,-1
538,82,312,284,52,68,1,-1,-1,-1
538,83,459,472,61,67,1,-1,-1,-1
538,84,342,205,36,38,1,-1,-1,-1
538,85,411,208,32,40,1,-1,-1,-1
538,86,463,185,31,46,1,-1,-1,-1
538,87,370,136,23,25,1,-1,-1,-1
538,88,408,154,24,31,1,-1,-1,-1
538,89,412,108,23,24,1,-1,-1,-1
538,90,447,96,22,22,1,-1,-1,-1
538,91,391,83,18,22,1,-1,-1,-1
538,99,471,88,25,16,1,-1,-1,-1
538,101,479,67,26,15,1,-1,-1,-1
538,102,457,65,22,13,1,-1,-1,-1
538,103,444,57,13,15,1,-1,-1,-1
539,0,510,71,14,13,1,-1,-1,-1
539,6,509,111,21,21,1,-1,-1,-1
539,15,497,98,19,17,1,-1,-1,-1
539,65,510,61,15,11,1,-1,-1,-1
539,71,527,82,15,19,1,-1,-1,-1
539,75,565,96,19,15,1,-1,-1,-1
539,77,595,94,16,15,1,-1,-1,-1
539,80,547,121,28,32,1,-1,-1,-1
539,81,393,304,49,88,1,-1,-1,-1
539,82,309,287,52,67,1,-1,-1,-1
539,83,458,487,61,52,1,-1,-1,-1
539,84,340,208,33,38,1,-1,-1,-1
539,85,411,212,33,40,1,-1,-1,-1
539,86,463,187,31,48,1,-1,-1,-1
539,87,369,138,23,25,1,-1,-1,-1
539,88,408,154,23,32,1,-1,-1,-1
539,89,411,109,23,23,1,-1,-1,-1
539,90,446,96,22,21,1,-1,-1,-1
539,91,390,84,18,21,1,-1,-1,-1
539,99,471,88,26,16,1,-1,-1,-1
539,101,478,65,27,15,1,-1,-1,-1
539,102,457,65,21,11,1,-1,-1,-1
539,103,445,57,13,15,1,-1,-1,-1
540,0,509,69,14,13,1,-1,-1,-1
540,6,510,111,20,21,1,-1,-1,-1
540,15,497,98,19,17,1,-1,-1,-1
540,65,510,61,15,11,1,-1,-1,-1
540,71,527,82,15,19,1,-1,-1,-1
540,75,565,96,19,15,1,-1,-1,-1
540,77,594,94,16,15,1,-1,-1,-1
540,80,545,119,30,32,1,-1,-1,-1
540,81,394,310,47,89,1,-1,-1,-1
540,82,306,293,55,69,1,-1,-1,-1
540,83,459,501,60,37,1,-1,-1,-1
540,84,337,208,38,42,1,-1,-1,-1
540,85,410,213,33,42,1,-1,-1,-1
540,86,463,190,31,46,1,-1,-1,-1
540,87,369,138,23,25,1,-1,-1,-1
540,88,407,156,23,32,1,-1,-1,-1
540,89,411,111,23,23,1,-1,-1,-1
540,90,448,98,22,21,1,-1,-1,-1
540,91,391,84,18,21,1,-1,-1,-1
540,99,471,88,26,16,1,-1,-1,-1
540,101,479,67,27,15,1,-1,-1,-1
540,102,457,65,21,13,1,-1,-1,-1
540,103,444,59,13,15,1,-1,-1,-1
541,0,509,69,14,13,1,-1,-1,-1
541,6,509,111,22,22,1,-1,-1,-1
541,15,497,98,19,17,1,-1,-1,-1
541,65,511,62,15,11,1,-1,-1,-1
541,71,526,82,15,19,1,-1,-1,-1
541,75,565,96,19,15,1,-1,-1,-1
541,77,595,94,16,15,1,-1,-1,-1
541,80,547,119,28,30,1,-1,-1,-1
541,81,392,316,50,92,1,-1,-1,-1
541,82,305,297,53,71,1,-1,-1,-1
541,84,337,211,36,42,1,-1,-1,-1
541,85,410,217,33,40,1,-1,-1,-1
541,86,464,192,31,46,1,-1,-1,-1
541,87,369,140,23,25,1,-1,-1,-1
541,88,407,158,23,32,1,-1,-1,-1
541,89,411,111,23,23,1,-1,-1,-1
541,90,448,98,22,21,1,-1,-1,-1
541,91,391,86,18,21,1,-1,-1,-1
541,99,471,90,27,16,1,-1,-1,-1
541,101,480,67,26,15,1,-1,-1,-1
541,102,458,65,21,12,1,-1,-1,-1
541,103,444,59,13,15,1,-1,-1,-1
542,0,509,69,14,13,1,-1,-1,-1
542,6,509,111,22,22,1,-1,-1,-1
542,15,497,98,19,17,1,-1,-1,-1
542,65,509,61,15,11,1,-1,-1,-1
542,71,526,82,15,19,1,-1,-1,-1
542,75,565,96,19,15,1,-1,-1,-1
542,77,595,94,16,15,1,-1,-1,-1
542,80,545,119,27,30,1,-1,-1,-1
542,81,386,320,53,96,1,-1,-1,-1
542,82,300,300,57,75,1,-1,-1,-1
542,84,335,219,31,36,1,-1,-1,-1
542,85,407,221,28,38,1,-1,-1,-1
542,86,463,196,31,46,1,-1,-1,-1
542,87,368,142,23,25,1,-1,-1,-1
542,88,407,160,23,32,1,-1,-1,-1
542,89,412,111,23,23,1,-1,-1,-1
542,90,448,100,22,21,1,-1,-1,-1
542,91,390,86,18,21,1,-1,-1,-1
542,99,471,88,26,15,1,-1,-1,-1
542,101,478,67,27,15,1,-1,-1,-1
542,102,457,65,21,11,1,-1,-1,-1
542,103,444,59,13,15,1,-1,-1,-1
543,0,509,69,14,13,1,-1,-1,-1
543,6,509,111,21,22,1,-1,-1,-1
543,15,497,98,19,17,1,-1,-1,-1
543,65,508,61,14,11,1,-1,-1,-1
543,71,526,81,15,19,1,-1,-1,-1
543,75,564,96,19,15,1,-1,-1,-1
543,77,595,94,16,15,1,-1,-1,-1
543,80,543,117,28,32,1,-1,-1,-1
543,81,386,327,53,96,1,-1,-1,-1
543,82,299,304,57,75,1,-1,-1,-1
543,84,332,217,39,42,1,-1,-1,-1
543,85,408,221,33,44,1,-1,-1,-1
543,86,463,200,31,46,1,-1,-1,-1
543,87,367,144,23,25,1,-1,-1,-1
543,88,405,162,23,32,1,-1,-1,-1
543,89,411,113,23,23,1,-1,-1,-1
543,90,448,100,22,21,1,-1,-1,-1
543,91,390,86,18,21,1,-1,-1,-1
543,99,471,90,25,15,1,-1,-1,-1
543,101,479,67,27,15,1,-1,-1,-1
543,102,457,65,21,13,1,-1,-1,-1
543,103,444,59,13,15,1,-1,-1,-1
544,0,509,69,14,13,1,-1,-1,-1
544,6,509,111,22,22,1,-1,-1,-1
544,15,496,98,22,19,1,-1,-1,-1
544,65,508,59,14,11,1,-1,-1,-1
544,71,526,81,15,19,1,-1,-1,-1
544,75,564,96,19,15,1,-1,-1,-1
544,77,595,92,16,15,1,-1,-1,-1
544,80,543,117,28,32,1,-1,-1,-1
544,81,386,330,54,100,1,-1,-1,-1
544,82,296,308,60,77,1,-1,-1,-1
544,84,331,219,38,43,1,-1,-1,-1
544,85,407,223,33,43,1,-1,-1,-1
544,86,463,202,32,49,1,-1,-1,-1
544,87,365,146,23,25,1,-1,-1,-1
544,88,406,163,23,32,1,-1,-1,-1
544,89,411,115,23,23,1,-1,-1,-1
544,90,448,100,22,21,1,-1,-1,-1
544,91,390,88,18,21,1,-1,-1,-1
544,99,471,90,25,15,1,-1,-1,-1
544,101,479,67,28,15,1,-1,-1,-1
544,102,456,64,22,13,1,-1,-1,-1
544,103,445,59,13,15,1,-1,-1,-1
545,0,509,69,14,13,1,-1,-1,-1
545,6,508,112,23,22,1,-1,-1,-1
545,15,496,98,22,19,1,-1,-1,-1
545,65,506,59,14,11,1,-1,-1,-1
545,71,526,79,15,19,1,-1,-1,-1
545,75,564,96,19,15,1,-1,-1,-1
545,77,595,92,16,15,1,-1,-1,-1
545,80,543,117,28,32,1,-1,-1,-1
545,81,384,335,54,107,1,-1,-1,-1
545,82,291,312,61,79,1,-1,-1,-1
545,84,327,220,43,49,1,-1,-1,-1
545,85,405,224,37,52,1,-1,-1,-1
545,86,461,203,36,52,1,-1,-1,-1
545,87,364,146,25,27,1,-1,-1,-1
545,88,403,165,26,33,1,-1,-1,-1
545,89,411,115,23,23,1,-1,-1,-1
545,90,448,102,22,21,1,-1,-1,-1
545,91,390,88,18,21,1,-1,-1,-1
545,99,469,89,26,16,1,-1,-1,-1
545,101,479,67,27,15,1,-1,-1,-1
545,102,455,63,22,13,1,-1,-1,-1
545,103,444,59,13,15,1,-1,-1,-1
546,0,509,69,14,13,1,-1,-1,-1
546,6,508,111,23,21,1,-1,-1,-1
546,15,497,98,22,19,1,-1,-1,-1
546,65,506,59,14,11,1,-1,-1,-1
546,71,526,79,15,19,1,-1,-1,-1
546,75,564,96,19,15,1,-1,-1,-1
546,77,595,92,16,15,1,-1,-1,-1
546,80,543,117,27,30,1,-1,-1,-1
546,81,381,344,57,109,1,-1,-1,-1
546,82,290,317,60,77,1,-1,-1,-1
546,84,322,221,47,52,1,-1,-1,-1
546,85,403,227,36,52,1,-1,-1,-1
546,86,461,206,36,52,1,-1,-1,-1
546,87,364,150,23,25,1,-1,-1,-1
546,88,404,167,23,32,1,-1,-1,-1
546,89,410,117,23,23,1,-1,-1,-1
546,90,448,102,22,21,1,-1,-1,-1
546,91,390,88,18,21,1,-1,-1,-1
546,99,468,88,26,15,1,-1,-1,-1
546,101,480,67,27,15,1,-1,-1,-1
546,102,457,63,22,13,1,-1,-1,-1
546,103,445,59,13,15,1,-1,-1,-1
547,0,509,69,14,13,1,-1,-1,-1
547,6,508,111,23,21,1,-1,-1,-1
547,15,496,98,22,19,1,-1,-1,-1
547,65,507,59,14,11,1,-1,-1,-1
547,71,525,80,15,19,1,-1,-1,-1
547,75,564,98,19,15,1,-1,-1,-1
547,77,596,92,15,15,1,-1,-1,-1
547,80,542,115,28,32,1,-1,-1,-1
547,81,381,348,56,112,1,-1,-1,-1
547,82,286,325,60,77,1,-1,-1,-1
547,84,322,225,45,52,1,-1,-1,-1
547,85,403,231,36,52,1,-1,-1,-1
547,86,461,208,37,55,1,-1,-1,-1
547,87,363,150,26,27,1,-1,-1,-1
547,88,401,169,27,34,1,-1,-1,-1
547,89,410,117,23,23,1,-1,-1,-1
547,90,448,102,22,21,1,-1,-1,-1
547,91,390,90,18,21,1,-1,-1,-1
547,99,470,88,26,15,1,-1,-1,-1
547,101,479,67,27,15,1,-1,-1,-1
547,102,457,63,22,13,1,-1,-1,-1
547,103,444,59,13,15,1,-1,-1,-1
548,0,508,67,14,13,1,-1,-1,-1
548,6,508,111,23,21,1,-1,-1,-1
548,15,496,98,22,19,1,-1,-1,-1
548,65,506,59,14,11,1,-1,-1,-1
548,71,525,79,14,19,1,-1,-1,-1
548,75,564,98,19,15,1,-1,-1,-1
548,77,596,91,15,15,1,-1,-1,-1
548,80,542,113,27,32,1,-1,-1,-1
548,81,380,355,55,115,1,-1,-1,-1
548,82,282,329,61,81,1,-1,-1,-1
548,84,322,231,44,50,1,-1,-1,-1
548,85,402,233,37,52,1,-1,-1,-1
548,86,458,212,39,55,1,-1,-1,-1
548,87,359,150,28,32,1,-1,-1,-1
548,88,399,169,31,39,1,-1,-1,-1
548,89,411,119,23,23,1,-1,-1,-1
548,90,448,104,22,21,1,-1,-1,-1
548,91,390,90,18,21,1,-1,-1,-1
548,99,468,90,26,15,1,-1,-1,-1
548,101,479,67,27,15,1,-1,-1,-1
548,102,457,63,22,13,1,-1,-1,-1
548,103,445,59,13,15,1,-1,-1,-1
549,0,508,67,14,13,1,-1,-1,-1
549,6,508,113,23,21,1,-1,-1,-1
549,15,496,98,22,19,1,-1,-1,-1
549,65,506,59,14,11,1,-1,-1,-1
549,71,523,79,14,19,1,-1,-1,-1
549,75,564,98,19,15,1,-1,-1,-1
549,77,596,91,15,15,1,-1,-1,-1
549,80,542,113,27,32,1,-1,-1,-1
549,81,377,361,58,119,1,-1,-1,-1
549,82,276,333,66,86,1,-1,-1,-1
549,84,318,231,47,52,1,-1,-1,-1
549,85,400,237,37,52,1,-1,-1,-1
549,86,459,214,40,57,1,-1,-1,-1
549,87,357,152,27,32,1,-1,-1,-1
549,88,398,171,31,38,1,-1,-1,-1
549,89,408,119,23,23,1,-1,-1,-1
549,90,448,104,22,21,1,-1,-1,-1
549,91,390,90,18,21,1,-1,-1,-1
549,99,468,90,26,15,1,-1,-1,-1
549,101,479,67,27,15,1,-1,-1,-1
549,102,457,64,22,12,1,-1,-1,-1
549,103,444,60,13,15,1,-1,-1,-1
550,0,506,67,14,13,1,-1,-1,-1
550,6,508,113,23,21,1,-1,-1,-1
550,15,496,98,22,19,1,-1,-1,-1
550,65,505,59,14,11,1,-1,-1,-1
550,71,523,77,14,19,1,-1,-1,-1
550,75,564,96,19,15,1,-1,-1,-1
550,77,597,91,15,15,1,-1,-1,-1
550,80,540,113,27,32,1,-1,-1,-1
550,81,374,369,64,122,1,-1,-1,-1
550,82,274,336,66,86,1,-1,-1,-1
550,84,317,235,45,52,1,-1,-1,-1
550,85,399,241,36,52,1,-1,-1,-1
550,86,459,217,40,59,1,-1,-1,-1
550,87,356,154,27,32,1,-1,-1,-1
550,88,397,173,31,38,1,-1,-1,-1
550,89,408,121,23,23,1,-1,-1,-1
550,90,448,106,22,21,1,-1,-1,-1
550,91,390,92,18,21,1,-1,-1,-1
550,99,467,90,26,15,1,-1,-1,-1
550,101,479,67,27,15,1,-1,-1,-1
550,102,457,65,22,13,1,-1,-1,-1
550,103,444,59,13,15,1,-1,-1,-1
551,0,506,67,14,13,1,-1,-1,-1
551,6,508,113,23,21,1,-1,-1,-1
551,15,496,98,22,19,1,-1,-1,-1
551,65,505,58,14,11,1,-1,-1,-1
551,71,522,79,14,19,1,-1,-1,-1
551,75,562,96,19,15,1,-1,-1,-1
551,77,597,90,15,15,1,-1,-1,-1
551,80,539,113,28,32,1,-1,-1,-1
551,81,371,377,63,123,1,-1,-1,-1
551,82,270,342,69,86,1,-1,-1,-1
551,84,316,237,45,52,1,-1,-1,-1
551,85,398,246,36,52,1,-1,-1,-1
551,86,458,221,41,61,1,-1,-1,-1
551,87,356,156,27,30,1,-1,-1,-1
551,88,397,175,31,38,1,-1,-1,-1
551,89,410,123,23,23,1,-1,-1,-1
551,90,449,106,22,21,1,-1,-1,-1
551,91,389,92,18,21,1,-1,-1,-1
551,99,467,90,27,15,1,-1,-1,-1
551,101,480,67,27,15,1,-1,-1,-1
551,102,457,63,22,13,1,-1,-1,-1
551,103,445,59,13,15,1,-1,-1,-1
552,0,506,67,14,13,1,-1,-1,-1
552,6,508,113,23,21,1,-1,-1,-1
552,15,495,98,22,19,1,-1,-1,-1
552,65,505,57,14,11,1,-1,-1,-1
552,71,522,77,14,19,1,-1,-1,-1
552,75,562,96,19,15,1,-1,-1,-1
552,77,598,90,15,15,1,-1,-1,-1
552,80,539,111,27,32,1,-1,-1,-1
552,81,366,378,70,140,1,-1,-1,-1
552,82,267,342,72,97,1,-1,-1,-1
552,84,313,244,44,50,1,-1,-1,-1
552,85,398,248,37,54,1,-1,-1,-1
552,86,458,223,43,61,1,-1,-1,-1
552,87,356,159,27,30,1,-1,-1,-1
552,88,395,177,31,38,1,-1,-1,-1
552,89,408,122,25,26,1,-1,-1,-1
552,90,448,107,23,24,1,-1,-1,-1
552,91,388,93,18,24,1,-1,-1,-1
552,99,467,88,26,15,1,-1,-1,-1
552,101,480,68,27,15,1,-1,-1,-1
552,102,455,65,22,13,1,-1,-1,-1
552,103,444,59,13,15,1,-1,-1,-1
553,0,506,65,14,13,1,-1,-1,-1
553,6,506,113,23,21,1,-1,-1,-1
553,15,495,100,22,19,1,-1,-1,-1
553,65,504,59,14,11,1,-1,-1,-1
553,71,522,77,14,19,1,-1,-1,-1
553,75,562,96,19,15,1,-1,-1,-1
553,77,599,91,15,12,1,-1,-1,-1
553,80,539,113,27,30,1,-1,-1,-1
553,81,364,387,70,140,1,-1,-1,-1
553,82,262,345,74,100,1,-1,-1,-1
553,84,310,245,46,52,1,-1,-1,-1
553,85,398,251,37,54,1,-1,-1,-1
553,86,458,229,41,61,1,-1,-1,-1
553,87,355,160,27,30,1,-1,-1,-1
553,88,394,183,28,36,1,-1,-1,-1
553,89,407,123,24,25,1,-1,-1,-1
553,90,448,108,23,23,1,-1,-1,-1
553,91,387,94,16,23,1,-1,-1,-1
553,99,467,88,26,15,1,-1,-1,-1
553,101,479,68,27,15,1,-1,-1,-1
553,102,455,63,22,13,1,-1,-1,-1
553,103,443,59,14,15,1,-1,-1,-1
554,0,505,67,14,13,1,-1,-1,-1
554,6,506,113,23,21,1,-1,-1,-1
554,15,495,100,22,19,1,-1,-1,-1
554,65,503,58,15,10,1,-1,-1,-1
554,71,522,77,14,19,1,-1,-1,-1
554,75,562,96,19,15,1,-1,-1,-1
554,77,598,91,18,12,1,-1,-1,-1
554,80,539,111,27,30,1,-1,-1,-1
554,81,360,397,73,142,1,-1,-1,-1
554,82,258,355,75,99,1,-1,-1,-1
554,84,309,250,44,50,1,-1,-1,-1
554,85,395,254,40,55,1,-1,-1,-1
554,86,458,233,43,61,1,-1,-1,-1
554,87,352,163,27,32,1,-1,-1,-1
554,88,394,183,28,36,1,-1,-1,-1
554,89,406,125,24,25,1,-1,-1,-1
554,90,448,109,23,23,1,-1,-1,-1
554,91,387,94,18,23,1,-1,-1,-1
554,99,467,90,26,15,1,-1,-1,-1
554,101,479,68,27,15,1,-1,-1,-1
554,102,455,65,22,13,1,-1,-1,-1
554,103,442,59,14,15,1,-1,-1,-1
555,0,505,67,14,13,1,-1,-1,-1
555,6,506,113,23,21,1,-1,-1,-1
555,15,495,98,22,19,1,-1,-1,-1
555,65,501,57,14,9,1,-1,-1,-1
555,71,521,77,14,19,1,-1,-1,-1
555,75,562,96,19,15,1,-1,-1,-1
555,77,599,91,17,12,1,-1,-1,-1
555,80,538,111,27,32,1,-1,-1,-1
555,81,357,397,79,142,1,-1,-1,-1
555,82,253,358,78,104,1,-1,-1,-1
555,84,308,250,45,52,1,-1,-1,-1
555,85,394,259,41,54,1,-1,-1,-1
555,86,458,237,41,61,1,-1,-1,-1
555,87,355,164,27,30,1,-1,-1,-1
555,88,395,185,28,36,1,-1,-1,-1
555,89,407,127,24,25,1,-1,-1,-1
555,90,448,111,23,23,1,-1,-1,-1
555,91,387,96,18,23,1,-1,-1,-1
555,99,467,90,26,15,1,-1,-1,-1
555,101,479,68,27,15,1,-1,-1,-1
555,102,455,65,22,13,1,-1,-1,-1
555,103,444,59,14,15,1,-1,-1,-1
556,0,505,65,14,13,1,-1,-1,-1
556,6,506,113,23,21,1,-1,-1,-1
556,15,495,98,22,19,1,-1,-1,-1
556,65,501,57,14,9,1,-1,-1,-1
556,71,521,75,14,19,1,-1,-1,-1
556,75,561,96,19,15,1,-1,-1,-1
556,77,600,90,16,12,1,-1,-1,-1
556,80,538,111,27,30,1,-1,-1,-1
556,81,353,414,76,125,1,-1,-1,-1
556,82,249,371,75,101,1,-1,-1,-1
556,84,305,255,47,51,1,-1,-1,-1
556,85,393,261,42,56,1,-1,-1,-1
556,86,458,241,43,61,1,-1,-1,-1
556,87,354,165,27,30,1,-1,-1,-1
556,88,394,187,30,38,1,-1,-1,-1
556,89,407,127,24,25,1,-1,-1,-1
556,90,448,111,23,23,1,-1,-1,-1
556,91,387,96,18,23,1,-1,-1,-1
556,92,410,75,15,15,1,-1,-1,-1
556,99,466,90,26,15,1,-1,-1,-1
556,101,479,68,27,15,1,-1,-1,-1
556,102,457,65,22,13,1,-1,-1,-1
556,103,444,59,14,15,1,-1,-1,-1
557,0,505,65,14,13,1,-1,-1,-1
557,6,506,113,23,21,1,-1,-1,-1
557,15,495,100,22,19,1,-1,-1,-1
557,65,501,57,14,9,1,-1,-1,-1
557,71,521,75,14,19,1,-1,-1,-1
557,75,562,96,19,15,1,-1,-1,-1
557,77,599,90,18,13,1,-1,-1,-1
557,80,536,109,27,32,1,-1,-1,-1
557,81,351,414,87,125,1,-1,-1,-1
557,82,241,370,83,113,1,-1,-1,-1
557,84,301,258,47,52,1,-1,-1,-1
557,85,391,265,42,58,1,-1,-1,-1
557,86,458,244,41,61,1,-1,-1,-1
557,87,349,167,31,31,1,-1,-1,-1
557,88,390,190,31,38,1,-1,-1,-1
557,89,407,127,23,25,1,-1,-1,-1
557,90,448,111,23,23,1,-1,-1,-1
557,91,386,98,18,23,1,-1,-1,-1
557,92,410,75,14,15,1,-1,-1,-1
557,99,466,90,27,17,1,-1,-1,-1
557,101,480,67,27,15,1,-1,-1,-1
557,102,455,65,22,13,1,-1,-1,-1
557,103,444,59,14,15,1,-1,-1,-1
558,0,504,66,14,13,1,-1,-1,-1
558,6,506,113,23,21,1,-1,-1,-1
558,15,493,98,22,19,1,-1,-1,-1
558,65,501,57,14,9,1,-1,-1,-1
558,71,520,75,14,19,1,-1,-1,-1
558,75,561,96,19,15,1,-1,-1,-1
558,77,599,90,18,12,1,-1,-1,-1
558,80,536,109,27,30,1,-1,-1,-1
558,81,351,428,83,111,1,-1,-1,-1
558,82,236,378,83,113,1,-1,-1,-1
558,84,297,261,51,55,1,-1,-1,-1
558,85,390,269,43,59,1,-1,-1,-1
558,86,457,250,44,63,1,-1,-1,-1
558,87,348,169,28,32,1,-1,-1,-1
558,88,390,191,31,38,1,-1,-1,-1
558,89,407,131,23,25,1,-1,-1,-1
558,90,446,113,23,23,1,-1,-1,-1
558,91,386,98,18,23,1,-1,-1,-1
558,92,410,75,14,15,1,-1,-1,-1
558,99,464,88,26,15,1,-1,-1,-1
558,101,479,67,27,15,1,-1,-1,-1
558,102,455,65,22,13,1,-1,-1,-1
558,103,442,59,14,15,1,-1,-1,-1
559,0,504,65,14,13,1,-1,-1,-1
559,6,505,113,23,21,1,-1,-1,-1
559,15,492,100,22,19,1,-1,-1,-1
559,65,498,57,14,9,1,-1,-1,-1
559,71,519,75,14,19,1,-1,-1,-1
559,75,561,94,19,15,1,-1,-1,-1
559,77,599,88,18,12,1,-1,-1,-1
559,80,535,108,27,32,1,-1,-1,-1
559,81,347,443,79,96,1,-1,-1,-1
559,82,232,385,86,115,1,-1,-1,-1
559,84,293,261,53,62,1,-1,-1,-1
559,85,387,269,46,68,1,-1,-1,-1
559,86,455,246,46,74,1,-1,-1,-1
559,87,347,172,29,32,1,-1,-1,-1
559,88,390,194,31,38,1,-1,-1,-1
559,89,404,131,24,25,1,-1,-1,-1
559,90,448,113,23,23,1,-1,-1,-1
559,91,386,100,18,23,1,-1,-1,-1
559,92,410,77,14,15,1,-1,-1,-1
559,99,464,90,26,15,1,-1,-1,-1
559,101,480,67,27,15,1,-1,-1,-1
559,102,457,65,22,13,1,-1,-1,-1
559,103,442,59,14,15,1,-1,-1,-1
560,0,504,65,14,13,1,-1,-1,-1
560,6,506,113,23,21,1,-1,-1,-1
560,15,493,100,22,19,1,-1,-1,-1
560,65,500,57,14,9,1,-1,-1,-1
560,71,518,75,14,19,1,-1,-1,-1
560,75,561,96,19,15,1,-1,-1,-1
560,77,600,88,18,13,1,-1,-1,-1
560,80,536,109,24,28,1,-1,-1,-1
560,81,346,453,79,86,1,-1,-1,-1
560,82,228,393,86,115,1,-1,-1,-1
560,84,289,266,53,61,1,-1,-1,-1
560,85,386,273,45,67,1,-1,-1,-1
560,86,454,250,45,73,1,-1,-1,-1
560,87,346,172,31,33,1,-1,-1,-1
560,88,388,196,31,40,1,-1,-1,-1
560,89,403,133,24,27,1,-1,-1,-1
560,90,446,115,23,23,1,-1,-1,-1
560,91,386,100,18,23,1,-1,-1,-1
560,92,410,77,14,15,1,-1,-1,-1
560,99,464,90,26,15,1,-1,-1,-1
560,101,480,69,27,15,1,-1,-1,-1
560,102,455,65,22,13,1,-1,-1,-1
560,103,441,59,14,15,1,-1,-1,-1
561,0,504,63,14,13,1,-1,-1,-1
561,6,505,113,23,21,1,-1,-1,-1
561,15,492,98,22,19,1,-1,-1,-1
561,65,498,57,14,9,1,-1,-1,-1
561,71,518,76,14,17,1,-1,-1,-1
561,75,563,94,19,15,1,-1,-1,-1
561,77,600,89,19,11,1,-1,-1,-1
561,80,536,107,23,29,1,-1,-1,-1
561,81,346,459,79,81,1,-1,-1,-1
561,82,219,399,91,123,1,-1,-1,-1
561,84,286,268,54,65,1,-1,-1,-1
561,85,385,279,45,67,1,-1,-1,-1
561,86,454,256,45,73,1,-1,-1,-1
561,87,343,175,31,33,1,-1,-1,-1
561,88,386,197,33,40,1,-1,-1,-1
561,89,403,133,24,25,1,-1,-1,-1
561,90,446,115,23,23,1,-1,-1,-1
561,91,386,102,18,23,1,-1,-1,-1
561,92,411,79,14,15,1,-1,-1,-1
561,99,463,90,27,15,1,-1,-1,-1
561,101,480,67,27,15,1,-1,-1,-1
561,102,455,65,22,13,1,-1,-1,-1
561,103,442,59,14,15,1,-1,-1,-1
562,0,502,63,14,13,1,-1,-1,-1
562,6,505,113,23,21,1,-1,-1,-1
562,15,492,100,22,19,1,-1,-1,-1
562,65,497,55,14,9,1,-1,-1,-1
562,71,518,75,14,17,1,-1,-1,-1
562,75,562,94,19,15,1,-1,-1,-1
562,77,600,88,18,13,1,-1,-1,-1
562,80,535,106,23,28,1,-1,-1,-1
562,81,343,474,76,65,1,-1,-1,-1
562,82,212,407,94,121,1,-1,-1,-1
562,84,286,271,53,61,1,-1,-1,-1
562,85,382,281,48,71,1,-1,-1,-1
562,86,454,260,47,75,1,-1,-1,-1
562,87,341,176,34,37,1,-1,-1,-1
562,88,383,196,37,47,1,-1,-1,-1
562,89,403,135,24,25,1,-1,-1,-1
562,90,448,117,23,23,1,-1,-1,-1
562,91,386,102,18,23,1,-1,-1,-1
562,92,410,79,14,15,1,-1,-1,-1
562,99,463,90,26,15,1,-1,-1,-1
562,101,480,67,27,15,1,-1,-1,-1
562,102,455,65,22,13,1,-1,-1,-1
562,103,441,59,14,15,1,-1,-1,-1
563,0,501,63,14,13,1,-1,-1,-1
563,6,505,115,23,21,1,-1,-1,-1
563,15,492,100,22,19,1,-1,-1,-1
563,65,497,55,14,9,1,-1,-1,-1
563,71,517,75,14,17,1,-1,-1,-1
563,75,562,94,19,15,1,-1,-1,-1
563,77,600,86,18,13,1,-1,-1,-1
563,80,534,104,23,28,1,-1,-1,-1
563,81,349,482,69,57,1,-1,-1,-1
563,82,206,414,96,125,1,-1,-1,-1
563,84,283,279,52,61,1,-1,-1,-1
563,85,380,285,49,71,1,-1,-1,-1
563,86,454,264,47,75,1,-1,-1,-1
563,87,339,179,32,36,1,-1,-1,-1
563,88,381,198,36,46,1,-1,-1,-1
563,89,403,136,24,27,1,-1,-1,-1
563,90,446,119,23,23,1,-1,-1,-1
563,91,386,102,18,23,1,-1,-1,-1
563,92,411,79,14,15,1,-1,-1,-1
563,99,463,90,27,15,1,-1,-1,-1
563,101,479,67,27,15,1,-1,-1,-1
563,102,454,65,22,13,1,-1,-1,-1
563,103,442,60,14,15,1,-1,-1,-1
564,0,501,63,14,13,1,-1,-1,-1
564,6,505,113,23,21,1,-1,-1,-1
564,15,492,98,22,19,1,-1,-1,-1
564,65,497,55,14,9,1,-1,-1,-1
564,71,517,73,14,17,1,-1,-1,-1
564,75,561,92,19,15,1,-1,-1,-1
564,77,601,88,20,13,1,-1,-1,-1
564,80,534,104,23,28,1,-1,-1,-1
564,81,348,495,68,44,1,-1,-1,-1
564,82,202,422,96,117,1,-1,-1,-1
564,84,278,281,58,64,1,-1,-1,-1
564,85,380,293,45,67,1,-1,-1,-1
564,86,454,270,47,75,1,-1,-1,-1
564,87,339,179,35,38,1,-1,-1,-1
564,88,381,202,36,46,1,-1,-1,-1
564,89,403,138,24,27,1,-1,-1,-1
564,90,446,119,23,23,1,-1,-1,-1
564,91,385,104,18,23,1,-1,-1,-1
564,92,410,81,14,15,1,-1,-1,-1
564,99,462,88,27,15,1,-1,-1,-1
564,101,480,69,27,15,1,-1,-1,-1
564,102,455,65,22,13,1,-1,-1,-1
564,103,442,60,14,15,1,-1,-1,-1
565,0,501,63,14,13,1,-1,-1,-1
565,6,505,113,23,21,1,-1,-1,-1
565,15,492,100,22,19,1,-1,-1,-1
565,65,496,55,14,9,1,-1,-1,-1
565,71,517,75,14,17,1,-1,-1,-1
565,75,562,92,19,15,1,-1,-1,-1
565,77,602,88,19,13,1,-1,-1,-1
565,80,534,104,23,30,1,-1,-1,-1
565,82,195,432,99,107,1,-1,-1,-1
565,84,274,282,60,69,1,-1,-1,-1
565,85,376,295,50,75,1,-1,-1,-1
565,86,453,273,49,79,1,-1,-1,-1
565,87,335,183,35,38,1,-1,-1,-1
565,88,380,204,36,46,1,-1,-1,-1
565,89,402,140,24,25,1,-1,-1,-1
565,90,446,119,23,23,1,-1,-1,-1
565,91,385,104,18,23,1,-1,-1,-1
565,92,411,82,14,15,1,-1,-1,-1
565,99,462,90,26,15,1,-1,-1,-1
565,101,478,68,30,16,1,-1,-1,-1
565,102,455,65,22,13,1,-1,-1,-1
565,103,442,60,14,15,1,-1,-1,-1
566,0,501,63,14,13,1,-1,-1,-1
566,6,505,115,23,21,1,-1,-1,-1
566,15,492,100,22,19,1,-1,-1,-1
566,65,496,55,14,9,1,-1,-1,-1
566,71,515,73,14,17,1,-1,-1,-1
566,75,561,92,19,15,1,-1,-1,-1
566,77,602,87,21,14,1,-1,-1,-1
566,80,534,104,23,28,1,-1,-1,-1
566,82,193,439,97,100,1,-1,-1,-1
566,84,269,285,61,71,1,-1,-1,-1
566,85,374,300,49,73,1,-1,-1,-1
566,86,453,275,48,84,1,-1,-1,-1
566,87,335,185,33,36,1,-1,-1,-1
566,88,379,210,35,44,1,-1,-1,-1
566,89,402,138,26,30,1,-1,-1,-1
566,90,446,120,24,25,1,-1,-1,-1
566,91,382,103,19,30,1,-1,-1,-1
566,92,410,82,14,15,1,-1,-1,-1
566,99,462,90,27,15,1,-1,-1,-1
566,101,480,67,28,16,1,-1,-1,-1
566,102,455,65,22,13,1,-1,-1,-1
566,103,442,60,14,15,1,-1,-1,-1
567,0,501,63,14,13,1,-1,-1,-1
567,6,505,115,23,21,1,-1,-1,-1
567,15,492,98,22,19,1,-1,-1,-1
567,65,495,54,14,9,1,-1,-1,-1
567,71,515,73,14,17,1,-1,-1,-1
567,75,561,94,19,15,1,-1,-1,-1
567,77,602,86,20,13,1,-1,-1,-1
567,80,531,104,23,28,1,-1,-1,-1
567,82,188,447,96,92,1,-1,-1,-1
567,84,269,291,60,69,1,-1,-1,-1
567,85,372,304,53,77,1,-1,-1,-1
567,86,453,280,48,84,1,-1,-1,-1
567,87,334,189,32,36,1,-1,-1,-1
567,88,377,210,36,44,1,-1,-1,-1
567,89,402,140,24,28,1,-1,-1,-1
567,90,445,121,23,25,1,-1,-1,-1
567,91,381,102,19,30,1,-1,-1,-1
567,92,411,82,14,15,1,-1,-1,-1
567,99,461,90,26,15,1,-1,-1,-1
567,101,479,69,27,15,1,-1,-1,-1
567,102,455,65,24,14,1,-1,-1,-1
567,103,441,61,14,15,1,-1,-1,-1
568,0,500,63,14,13,1,-1,-1,-1
568,6,505,115,23,21,1,-1,-1,-1
568,15,492,100,22,19,1,-1,-1,-1
568,65,495,55,14,9,1,-1,-1,-1
568,71,514,73,14,17,1,-1,-1,-1
568,75,561,92,19,15,1,-1,-1,-1
568,77,602,86,20,13,1,-1,-1,-1
568,80,531,102,23,28,1,-1,-1,-1
568,82,187,451,96,88,1,-1,-1,-1
568,84,263,295,61,73,1,-1,-1,-1
568,85,370,312,50,75,1,-1,-1,-1
568,86,453,286,48,84,1,-1,-1,-1
568,87,333,190,32,36,1,-1,-1,-1
568,88,377,214,35,44,1,-1,-1,-1
568,89,403,142,24,28,1,-1,-1,-1
568,90,445,121,23,25,1,-1,-1,-1
568,91,381,104,19,30,1,-1,-1,-1
568,92,411,83,14,15,1,-1,-1,-1
568,99,461,90,27,15,1,-1,-1,-1
568,101,479,69,27,15,1,-1,-1,-1
568,102,455,66,23,13,1,-1,-1,-1
568,103,441,59,14,15,1,-1,-1,-1
569,0,500,61,14,13,1,-1,-1,-1
569,6,505,115,23,21,1,-1,-1,-1
569,15,491,100,22,19,1,-1,-1,-1
569,65,492,55,14,9,1,-1,-1,-1
569,71,514,73,14,17,1,-1,-1,-1
569,75,561,92,19,15,1,-1,-1,-1
569,77,603,86,22,15,1,-1,-1,-1
569,80,531,102,23,28,1,-1,-1,-1
569,82,182,462,96,77,1,-1,-1,-1
569,84,259,298,65,75,1,-1,-1,-1
569,85,367,318,53,77,1,-1,-1,-1
569,86,451,289,49,89,1,-1,-1,-1
569,87,331,192,32,36,1,-1,-1,-1
569,88,373,217,36,44,1,-1,-1,-1
569,89,402,144,24,28,1,-1,-1,-1
569,90,446,123,23,25,1,-1,-1,-1
569,91,380,106,19,30,1,-1,-1,-1
569,92,411,84,14,15,1,-1,-1,-1
569,99,461,90,26,15,1,-1,-1,-1
569,101,479,68,27,15,1,-1,-1,-1
569,102,454,67,24,11,1,-1,-1,-1
569,103,441,59,14,15,1,-1,-1,-1
570,0,500,61,14,13,1,-1,-1,-1
570,6,504,115,23,21,1,-1,-1,-1
570,15,491,100,22,19,1,-1,-1,-1
570,65,493,55,14,9,1,-1,-1,-1
570,71,513,71,14,17,1,-1,-1,-1
570,75,561,92,19,15,1,-1,-1,-1
570,77,603,84,23,15,1,-1,-1,-1
570,80,531,100,23,28,1,-1,-1,-1
570,82,179,473,92,66,1,-1,-1,-1
570,84,257,302,65,75,1,-1,-1,-1
570,85,365,324,53,77,1,-1,-1,-1
570,86,450,294,47,92,1,-1,-1,-1
570,87,330,195,34,35,1,-1,-1,-1
570,88,373,219,36,46,1,-1,-1,-1
570,89,400,144,24,28,1,-1,-1,-1
570,90,445,123,23,25,1,-1,-1,-1
570,91,378,108,19,30,1,-1,-1,-1
570,92,409,84,19,18,1,-1,-1,-1
570,99,461,90,26,15,1,-1,-1,-1
570,101,480,69,27,15,1,-1,-1,-1
570,102,454,66,24,13,1,-1,-1,-1
570,103,441,59,14,15,1,-1,-1,-1
571,0,500,61,14,13,1,-1,-1,-1
571,6,504,115,23,21,1,-1,-1,-1
571,15,491,100,22,19,1,-1,-1,-1
571,65,492,54,14,9,1,-1,-1,-1
571,71,513,71,14,17,1,-1,-1,-1
571,75,561,92,19,15,1,-1,-1,-1
571,77,603,86,20,13,1,-1,-1,-1
571,80,531,100,23,28,1,-1,-1,-1
571,82,175,480,92,59,1,-1,-1,-1
571,84,253,304,66,79,1,-1,-1,-1
571,85,363,327,54,81,1,-1,-1,-1
571,86,450,298,51,91,1,-1,-1,-1
571,87,329,196,34,38,1,-1,-1,-1
571,88,373,223,35,44,1,-1,-1,-1
571,89,400,146,24,28,1,-1,-1,-1
571,90,445,125,23,25,1,-1,-1,-1
571,91,378,109,19,30,1,-1,-1,-1
571,92,408,84,19,17,1,-1,-1,-1
571,99,459,88,26,15,1,-1,-1,-1
571,101,480,69,27,15,1,-1,-1,-1
571,102,456,66,22,13,1,-1,-1,-1
571,103,441,59,14,15,1,-1,-1,-1
572,0,498,61,14,13,1,-1,-1,-1
572,6,504,115,23,21,1,-1,-1,-1
572,15,489,98,22,19,1,-1,-1,-1
572,65,492,52,14,9,1,-1,-1,-1
572,71,512,71,14,17,1,-1,-1,-1
572,75,561,92,19,15,1,-1,-1,-1
572,77,604,84,20,13,1,-1,-1,-1
572,80,528,100,23,28,1,-1,-1,-1
572,82,171,493,87,46,1,-1,-1,-1
572,84,246,308,69,79,1,-1,-1,-1
572,85,361,335,53,79,1,-1,-1,-1
572,86,450,304,49,96,1,-1,-1,-1
572,87,326,200,31,34,1,-1,-1,-1
572,88,370,227,36,44,1,-1,-1,-1
572,89,398,148,26,30,1,-1,-1,-1
572,90,445,125,23,25,1,-1,-1,-1
572,91,378,109,19,30,1,-1,-1,-1
572,92,408,86,19,17,1,-1,-1,-1
572,99,458,88,26,15,1,-1,-1,-1
572,101,480,69,27,15,1,-1,-1,-1
572,102,455,66,22,13,1,-1,-1,-1
572,103,441,61,14,15,1,-1,-1,-1
573,0,498,61,14,13,1,-1,-1,-1
573,6,504,115,23,21,1,-1,-1,-1
573,15,488,97,23,21,1,-1,-1,-1
573,65,491,52,14,9,1,-1,-1,-1
573,71,510,71,14,17,1,-1,-1,-1
573,75,561,92,19,15,1,-1,-1,-1
573,77,604,84,20,13,1,-1,-1,-1
573,80,528,98,23,28,1,-1,-1,-1
573,82,180,502,76,37,1,-1,-1,-1
573,84,247,308,70,86,1,-1,-1,-1
573,85,355,331,63,97,1,-1,-1,-1
573,86,445,308,56,105,1,-1,-1,-1
573,87,323,199,36,40,1,-1,-1,-1
573,88,368,228,38,48,1,-1,-1,-1
573,89,398,150,24,28,1,-1,-1,-1
573,90,445,127,23,25,1,-1,-1,-1
573,91,377,111,19,30,1,-1,-1,-1
573,92,408,86,19,17,1,-1,-1,-1
573,99,455,90,30,15,1,-1,-1,-1
573,101,480,69,27,15,1,-1,-1,-1
573,102,454,67,23,11,1,-1,-1,-1
573,103,441,59,14,15,1,-1,-1,-1
574,0,497,61,14,13,1,-1,-1,-1
574,6,505,116,23,21,1,-1,-1,-1
574,15,488,96,23,21,1,-1,-1,-1
574,65,491,52,14,9,1,-1,-1,-1
574,71,509,71,14,17,1,-1,-1,-1
574,75,561,90,19,15,1,-1,-1,-1
574,77,606,85,20,13,1,-1,-1,-1
574,80,527,98,23,28,1,-1,-1,-1
574,84,244,312,70,86,1,-1,-1,-1
574,85,352,337,62,96,1,-1,-1,-1
574,86,445,314,56,104,1,-1,-1,-1
574,87,322,202,36,41,1,-1,-1,-1
574,88,367,230,40,51,1,-1,-1,-1
574,89,397,150,26,30,1,-1,-1,-1
574,90,445,127,23,25,1,-1,-1,-1
574,91,377,111,19,30,1,-1,-1,-1
574,92,408,88,19,17,1,-1,-1,-1
574,99,456,90,29,15,1,-1,-1,-1
574,101,478,69,28,14,1,-1,-1,-1
574,102,454,67,23,11,1,-1,-1,-1
574,103,440,59,14,15,1,-1,-1,-1
575,0,497,59,14,13,1,-1,-1,-1
575,6,505,115,23,21,1,-1,-1,-1
575,15,487,98,23,21,1,-1,-1,-1
575,65,489,52,14,9,1,-1,-1,-1
575,71,509,71,14,17,1,-1,-1,-1
575,75,561,90,19,15,1,-1,-1,-1
575,77,607,84,20,13,1,-1,-1,-1
575,80,527,99,23,27,1,-1,-1,-1
575,84,244,318,66,81,1,-1,-1,-1
575,85,350,343,66,100,1,-1,-1,-1
575,86,442,316,61,113,1,-1,-1,-1
575,87,320,205,36,40,1,-1,-1,-1
575,88,364,233,40,52,1,-1,-1,-1
575,89,397,152,27,30,1,-1,-1,-1
575,90,445,129,23,25,1,-1,-1,-1
575,91,377,111,19,30,1,-1,-1,-1
575,92,408,88,19,17,1,-1,-1,-1
575,99,455,90,28,15,1,-1,-1,-1
575,101,477,69,29,14,1,-1,-1,-1
575,102,454,67,23,11,1,-1,-1,-1
575,103,440,61,14,15,1,-1,-1,-1
576,0,497,61,14,13,1,-1,-1,-1
576,6,505,115,23,21,1,-1,-1,-1
576,15,487,96,23,21,1,-1,-1,-1
576,65,488,52,14,9,1,-1,-1,-1
576,71,509,70,14,17,1,-1,-1,-1
576,75,561,90,19,15,1,-1,-1,-1
576,77,607,84,20,13,1,-1,-1,-1
576,80,526,98,23,27,1,-1,-1,-1
576,84,241,325,65,79,1,-1,-1,-1
576,85,347,349,66,100,1,-1,-1,-1
576,86,441,325,61,113,1,-1,-1,-1
576,87,316,204,40,46,1,-1,-1,-1
576,88,363,233,44,59,1,-1,-1,-1
576,89,394,152,27,32,1,-1,-1,-1
576,90,444,131,23,25,1,-1,-1,-1
576,91,376,111,19,30,1,-1,-1,-1
576,92,408,90,19,17,1,-1,-1,-1
576,99,454,90,28,15,1,-1,-1,-1
576,101,477,69,29,15,1,-1,-1,-1
576,102,454,67,23,11,1,-1,-1,-1
576,103,441,59,14,15,1,-1,-1,-1
577,0,497,59,14,13,1,-1,-1,-1
577,6,505,115,23,21,1,-1,-1,-1
577,15,485,96,23,21,1,-1,-1,-1
577,65,488,52,14,9,1,-1,-1,-1
577,71,509,71,14,17,1,-1,-1,-1
577,75,561,90,19,15,1,-1,-1,-1
577,77,608,84,20,13,1,-1,-1,-1
577,80,526,98,23,27,1,-1,-1,-1
577,84,236,333,61,75,1,-1,-1,-1
577,85,344,364,61,94,1,-1,-1,-1
577,86,441,331,62,117,1,-1,-1,-1
577,87,313,206,40,46,1,-1,-1,-1
577,88,363,237,40,55,1,-1,-1,-1
577,89,394,154,28,34,1,-1,-1,-1
577,90,444,131,23,25,1,-1,-1,-1
577,91,376,113,19,30,1,-1,-1,-1
577,92,408,90,19,17,1,-1,-1,-1
577,99,454,90,28,15,1,-1,-1,-1
577,101,478,69,30,17,1,-1,-1,-1
577,102,454,67,23,11,1,-1,-1,-1
577,103,440,59,14,15,1,-1,-1,-1
578,0,497,59,14,13,1,-1,-1,-1
578,6,504,115,23,21,1,-1,-1,-1
578,15,485,96,23,21,1,-1,-1,-1
578,65,488,52,14,9,1,-1,-1,-1
578,71,508,70,14,16,1,-1,-1,-1
578,75,561,88,19,15,1,-1,-1,-1
578,77,609,84,20,13,1,-1,-1,-1
578,80,526,98,23,27,1,-1,-1,-1
578,84,232,335,65,79,1,-1,-1,-1
578,85,340,366,64,98,1,-1,-1,-1
578,86,440,339,62,117,1,-1,-1,-1
578,87,313,210,39,44,1,-1,-1,-1
578,88,360,239,44,59,1,-1,-1,-1
578,89,394,154,28,34,1,-1,-1,-1
578,90,444,133,23,25,1,-1,-1,-1
578,91,373,115,19,28,1,-1,-1,-1
578,92,408,92,19,17,1,-1,-1,-1
578,99,454,90,28,15,1,-1,-1,-1
578,101,476,69,30,17,1,-1,-1,-1
578,102,454,67,23,11,1,-1,-1,-1
578,103,438,61,14,15,1,-1,-1,-1
579,0,496,59,14,13,1,-1,-1,-1
579,6,504,115,23,21,1,-1,-1,-1
579,15,486,96,23,21,1,-1,-1,-1
579,65,488,52,14,9,1,-1,-1,-1
579,71,507,70,14,17,1,-1,-1,-1
579,75,562,90,19,15,1,-1,-1,-1
579,77,610,84,20,13,1,-1,-1,-1
579,80,523,96,23,27,1,-1,-1,-1
579,84,225,337,75,87,1,-1,-1,-1
579,85,339,371,67,105,1,-1,-1,-1
579,86,437,345,64,121,1,-1,-1,-1
579,87,313,214,36,42,1,-1,-1,-1
579,88,357,244,44,59,1,-1,-1,-1
579,89,391,156,30,34,1,-1,-1,-1
579,90,444,133,23,25,1,-1,-1,-1
579,91,373,115,19,30,1,-1,-1,-1
579,92,408,92,19,17,1,-1,-1,-1
579,99,454,90,27,15,1,-1,-1,-1
579,101,476,69,30,17,1,-1,-1,-1
579,102,454,67,23,11,1,-1,-1,-1
579,103,438,61,14,15,1,-1,-1,-1
580,0,495,59,14,13,1,-1,-1,-1
580,6,504,115,23,21,1,-1,-1,-1
580,15,485,96,23,21,1,-1,-1,-1
580,65,487,52,14,9,1,-1,-1,-1
580,71,505,70,15,16,1,-1,-1,-1
580,75,562,90,19,15,1,-1,-1,-1
580,77,611,83,21,14,1,-1,-1,-1
580,80,523,96,23,27,1,-1,-1,-1
580,84,221,341,75,90,1,-1,-1,-1
580,85,334,378,69,106,1,-1,-1,-1
580,86,438,352,61,127,1,-1,-1,-1
580,87,309,217,37,42,1,-1,-1,-1
580,88,356,248,43,57,1,-1,-1,-1
580,89,389,156,32,37,1,-1,-1,-1
580,90,442,131,27,31,1,-1,-1,-1
580,91,372,114,22,34,1,-1,-1,-1
580,92,408,92,19,17,1,-1,-1,-1
580,99,453,88,28,15,1,-1,-1,-1
580,101,476,69,30,17,1,-1,-1,-1
580,102,453,67,23,11,1,-1,-1,-1
580,103,438,59,14,15,1,-1,-1,-1
581,0,495,57,14,13,1,-1,-1,-1
581,6,504,115,23,21,1,-1,-1,-1
581,15,484,96,23,21,1,-1,-1,-1
581,65,485,50,14,9,1,-1,-1,-1
581,71,505,68,16,15,1,-1,-1,-1
581,75,563,91,19,15,1,-1,-1,-1
581,77,612,82,20,13,1,-1,-1,-1
581,80,523,96,23,27,1,-1,-1,-1
581,84,216,345,77,92,1,-1,-1,-1
581,85,333,382,70,116,1,-1,-1,-1
581,86,438,360,60,127,1,-1,-1,-1
581,87,308,219,41,44,1,-1,-1,-1
581,88,355,250,44,59,1,-1,-1,-1
581,89,391,158,28,35,1,-1,-1,-1
581,90,441,131,27,30,1,-1,-1,-1
581,91,372,113,22,32,1,-1,-1,-1
581,92,407,94,19,17,1,-1,-1,-1
581,99,453,90,28,15,1,-1,-1,-1
581,101,476,69,30,17,1,-1,-1,-1
581,102,453,67,23,11,1,-1,-1,-1
581,103,438,61,14,15,1,-1,-1,-1
582,0,493,59,14,13,1,-1,-1,-1
582,6,504,115,23,21,1,-1,-1,-1
582,15,484,96,23,21,1,-1,-1,-1
582,65,485,50,14,9,1,-1,-1,-1
582,71,506,67,15,15,1,-1,-1,-1
582,75,563,90,19,15,1,-1,-1,-1
582,77,612,84,20,13,1,-1,-1,-1
582,80,522,94,23,27,1,-1,-1,-1
582,84,211,350,79,91,1,-1,-1,-1
582,85,326,392,75,110,1,-1,-1,-1
582,86,435,365,63,134,1,-1,-1,-1
582,87,306,221,37,42,1,-1,-1,-1
582,88,352,256,44,59,1,-1,-1,-1
582,89,387,158,32,38,1,-1,-1,-1
582,90,441,133,27,30,1,-1,-1,-1
582,91,372,115,22,32,1,-1,-1,-1
582,92,408,94,19,17,1,-1,-1,-1
582,99,451,90,30,15,1,-1,-1,-1
582,101,475,67,31,17,1,-1,-1,-1
582,102,453,67,23,11,1,-1,-1,-1
582,103,438,61,14,15,1,-1,-1,-1
583,0,493,57,14,13,1,-1,-1,-1
583,6,502,115,23,21,1,-1,-1,-1
583,15,484,96,23,21,1,-1,-1,-1
583,65,486,51,14,9,1,-1,-1,-1
583,71,504,68,16,15,1,-1,-1,-1
583,75,563,88,19,15,1,-1,-1,-1
583,77,612,82,20,13,1,-1,-1,-1
583,80,522,94,23,27,1,-1,-1,-1
583,84,207,356,80,92,1,-1,-1,-1
583,85,326,399,72,120,1,-1,-1,-1
583,86,433,379,70,131,1,-1,-1,-1
583,87,304,225,41,42,1,-1,-1,-1
583,88,350,258,48,63,1,-1,-1,-1
583,89,385,160,35,40,1,-1,-1,-1
583,90,441,133,27,30,1,-1,-1,-1
583,91,369,117,22,34,1,-1,-1,-1
583,92,407,96,19,17,1,-1,-1,-1
583,99,451,88,28,15,1,-1,-1,-1
583,101,476,69,30,17,1,-1,-1,-1
583,102,453,67,23,11,1,-1,-1,-1
583,103,437,61,14,15,1,-1,-1,-1
584,0,493,57,14,13,1,-1,-1,-1
584,6,502,115,23,21,1,-1,-1,-1
584,15,484,96,23,21,1,-1,-1,-1
584,71,502,68,16,15,1,-1,-1,-1
584,75,564,89,19,15,1,-1,-1,-1
584,77,615,81,20,13,1,-1,-1,-1
584,80,522,92,23,27,1,-1,-1,-1
584,84,201,358,83,96,1,-1,-1,-1
584,85,320,405,75,125,1,-1,-1,-1
584,86,431,384,66,146,1,-1,-1,-1
584,87,300,227,42,44,1,-1,-1,-1
584,88,347,260,49,65,1,-1,-1,-1
584,89,386,162,33,39,1,-1,-1,-1
584,90,441,136,27,30,1,-1,-1,-1
584,91,369,117,22,32,1,-1,-1,-1
584,92,408,95,20,19,1,-1,-1,-1
584,99,450,88,30,15,1,-1,-1,-1
584,101,476,69,30,17,1,-1,-1,-1
584,102,453,67,23,11,1,-1,-1,-1
584,103,438,61,14,15,1,-1,-1,-1
585,0,492,57,14,13,1,-1,-1,-1
585,6,502,115,23,21,1,-1,-1,-1
585,15,484,96,23,21,1,-1,-1,-1
585,71,502,68,15,15,1,-1,-1,-1
585,75,563,89,19,15,1,-1,-1,-1
585,77,615,82,20,13,1,-1,-1,-1
585,80,522,92,23,27,1,-1,-1,-1
585,84,197,362,85,100,1,-1,-1,-1
585,85,313,414,80,125,1,-1,-1,-1
585,86,430,389,66,148,1,-1,-1,-1
585,87,297,228,44,48,1,-1,-1,-1
585,88,344,264,50,67,1,-1,-1,-1
585,89,385,165,35,40,1,-1,-1,-1
585,90,441,136,27,30,1,-1,-1,-1
585,91,369,119,22,32,1,-1,-1,-1
585,92,407,96,19,19,1,-1,-1,-1
585,99,450,88,28,15,1,-1,-1,-1
585,101,476,69,28,15,1,-1,-1,-1
585,102,453,67,23,11,1,-1,-1,-1
585,103,439,61,14,15,1,-1,-1,-1
586,0,492,57,14,13,1,-1,-1,-1
586,6,502,115,23,21,1,-1,-1,-1
586,15,483,96,23,21,1,-1,-1,-1
586,71,502,65,14,17,1,-1,-1,-1
586,75,563,89,20,12,1,-1,-1,-1
586,77,617,82,20,13,1,-1,-1,-1
586,80,519,92,23,27,1,-1,-1,-1
586,84,192,366,87,101,1,-1,-1,-1
586,85,312,421,80,118,1,-1,-1,-1
586,86,431,400,62,139,1,-1,-1,-1
586,87,296,229,43,50,1,-1,-1,-1
586,88,340,268,52,69,1,-1,-1,-1
586,89,384,165,33,38,1,-1,-1,-1
586,90,440,138,27,30,1,-1,-1,-1
586,91,369,121,20,30,1,-1,-1,-1
586,92,408,96,19,19,1,-1,-1,-1
586,99,450,88,28,15,1,-1,-1,-1
586,101,476,67,30,17,1,-1,-1,-1
586,102,453,67,23,11,1,-1,-1,-1
586,103,437,61,14,15,1,-1,-1,-1
587,0,491,58,14,11,1,-1,-1,-1
587,6,501,115,23,21,1,-1,-1,-1
587,15,483,96,23,21,1,-1,-1,-1
587,71,501,65,14,17,1,-1,-1,-1
587,75,563,89,20,13,1,-1,-1,-1
587,77,617,81,20,13,1,-1,-1,-1
587,80,521,90,23,27,1,-1,-1,-1
587,84,188,371,88,103,1,-1,-1,-1
587,85,308,431,81,108,1,-1,-1,-1
587,86,428,406,66,133,1,-1,-1,-1
587,87,293,234,43,48,1,-1,-1,-1
587,88,340,273,50,67,1,-1,-1,-1
587,89,383,165,36,42,1,-1,-1,-1
587,90,440,138,27,30,1,-1,-1,-1
587,91,367,121,22,32,1,-1,-1,-1
587,92,408,98,19,19,1,-1,-1,-1
587,99,450,88,28,15,1,-1,-1,-1
587,101,476,68,31,17,1,-1,-1,-1
587,102,454,67,23,11,1,-1,-1,-1
587,103,438,61,14,15,1,-1,-1,-1
588,0,489,57,14,11,1,-1,-1,-1
588,6,501,115,23,21,1,-1,-1,-1
588,15,483,96,23,21,1,-1,-1,-1
588,71,501,65,14,17,1,-1,-1,-1
588,75,562,90,22,11,1,-1,-1,-1
588,77,616,81,20,13,1,-1,-1,-1
588,80,519,90,23,27,1,-1,-1,-1
588,84,181,376,90,104,1,-1,-1,-1
588,85,305,441,78,98,1,-1,-1,-1
588,86,425,414,69,125,1,-1,-1,-1
588,87,292,235,44,49,1,-1,-1,-1
588,88,334,275,54,73,1,-1,-1,-1
588,89,382,169,36,42,1,-1,-1,-1
588,90,440,140,27,30,1,-1,-1,-1
588,91,367,121,22,34,1,-1,-1,-1
588,92,407,98,19,19,1,-1,-1,-1
588,99,450,88,28,15,1,-1,-1,-1
588,101,476,67,31,17,1,-1,-1,-1
588,102,453,65,23,11,1,-1,-1,-1
588,103,438,61,14,15,1,-1,-1,-1
589,0,491,57,14,11,1,-1,-1,-1
589,6,501,115,23,21,1,-1,-1,-1
589,15,483,96,23,21,1,-1,-1,-1
589,71,501,65,14,17,1,-1,-1,-1
589,75,563,89,22,13,1,-1,-1,-1
589,77,617,81,20,13,1,-1,-1,-1
589,80,519,91,22,26,1,-1,-1,-1
589,84,178,379,91,110,1,-1,-1,-1
589,85,300,455,78,84,1,-1,-1,-1
589,86,424,424,70,115,1,-1,-1,-1
589,87,288,238,44,50,1,-1,-1,-1
589,88,334,279,56,75,1,-1,-1,-1
589,89,382,171,35,40,1,-1,-1,-1
589,90,438,142,27,30,1,-1,-1,-1
589,91,366,123,22,32,1,-1,-1,-1
589,92,407,100,19,19,1,-1,-1,-1
589,99,449,88,28,15,1,-1,-1,-1
589,101,476,69,30,17,1,-1,-1,-1
589,102,453,67,23,11,1,-1,-1,-1
589,103,438,61,14,15,1,-1,-1,-1
590,0,489,57,14,11,1,-1,-1,-1
590,6,501,115,23,21,1,-1,-1,-1
590,15,481,94,23,21,1,-1,-1,-1
590,71,500,65,14,17,1,-1,-1,-1
590,75,562,88,22,13,1,-1,-1,-1
590,77,620,79,20,13,1,-1,-1,-1
590,80,518,90,22,25,1,-1,-1,-1
590,84,169,382,95,112,1,-1,-1,-1
590,85,296,455,85,84,1,-1,-1,-1
590,86,424,436,66,103,1,-1,-1,-1
590,87,283,238,51,56,1,-1,-1,-1
590,88,329,283,57,76,1,-1,-1,-1
590,89,381,172,35,40,1,-1,-1,-1
590,90,437,142,27,32,1,-1,-1,-1
590,91,366,125,22,32,1,-1,-1,-1
590,92,407,100,19,19,1,-1,-1,-1
590,99,448,88,28,15,1,-1,-1,-1
590,101,476,69,30,17,1,-1,-1,-1
590,102,453,67,23,11,1,-1,-1,-1
590,103,438,61,14,15,1,-1,-1,-1
591,0,489,57,14,11,1,-1,-1,-1
591,6,501,115,23,21,1,-1,-1,-1
591,15,481,96,23,21,1,-1,-1,-1
591,71,500,63,14,17,1,-1,-1,-1
591,75,562,88,22,13,1,-1,-1,-1
591,77,620,79,20,13,1,-1,-1,-1
591,80,518,90,22,25,1,-1,-1,-1
591,84,165,388,97,112,1,-1,-1,-1
591,85,300,465,79,74,1,-1,-1,-1
591,86,424,442,65,97,1,-1,-1,-1
591,87,280,241,50,55,1,-1,-1,-1
591,88,327,289,54,73,1,-1,-1,-1
591,89,377,175,35,40,1,-1,-1,-1
591,90,437,144,27,32,1,-1,-1,-1
591,91,365,127,22,32,1,-1,-1,-1
591,92,407,102,19,19,1,-1,-1,-1
591,99,448,88,28,15,1,-1,-1,-1
591,101,476,69,30,17,1,-1,-1,-1
591,102,451,67,23,11,1,-1,-1,-1
591,103,437,61,14,15,1,-1,-1,-1
592,0,488,55,14,11,1,-1,-1,-1
592,6,501,115,23,21,1,-1,-1,-1
592,15,480,94,23,21,1,-1,-1,-1
592,71,498,63,14,17,1,-1,-1,-1
592,75,564,88,22,13,1,-1,-1,-1
592,77,620,79,20,13,1,-1,-1,-1
592,80,517,90,22,25,1,-1,-1,-1
592,84,158,393,99,115,1,-1,-1,-1
592,85,291,478,80,61,1,-1,-1,-1
592,86,425,456,60,83,1,-1,-1,-1
592,87,275,243,54,61,1,-1,-1,-1
592,88,322,293,58,79,1,-1,-1,-1
592,89,377,177,35,40,1,-1,-1,-1
592,90,437,146,27,32,1,-1,-1,-1
592,91,363,127,22,32,1,-1,-1,-1
592,92,407,102,19,19,1,-1,-1,-1
592,99,448,88,30,15,1,-1,-1,-1
592,101,476,69,30,17,1,-1,-1,-1
592,102,453,67,23,11,1,-1,-1,-1
592,103,437,61,14,15,1,-1,-1,-1
593,0,488,55,14,11,1,-1,-1,-1
593,6,501,113,23,21,1,-1,-1,-1
593,15,480,94,23,21,1,-1,-1,-1
593,71,497,63,14,17,1,-1,-1,-1
593,75,565,88,22,13,1,-1,-1,-1
593,77,621,79,20,13,1,-1,-1,-1
593,80,517,90,22,25,1,-1,-1,-1
593,84,152,399,101,117,1,-1,-1,-1
593,85,283,482,83,57,1,-1,-1,-1
593,86,424,465,60,74,1,-1,-1,-1
593,87,275,246,53,57,1,-1,-1,-1
593,88,321,297,60,81,1,-1,-1,-1
593,89,374,177,35,40,1,-1,-1,-1
593,90,437,146,27,32,1,-1,-1,-1
593,91,361,127,22,32,1,-1,-1,-1
593,92,407,104,19,19,1,-1,-1,-1
593,99,445,88,30,15,1,-1,-1,-1
593,101,475,67,30,17,1,-1,-1,-1
593,102,453,65,23,11,1,-1,-1,-1
593,103,437,61,14,15,1,-1,-1,-1
594,0,488,55,14,11,1,-1,-1,-1
594,6,500,113,23,21,1,-1,-1,-1
594,15,480,94,23,21,1,-1,-1,-1
594,71,497,63,14,17,1,-1,-1,-1
594,75,565,88,22,13,1,-1,-1,-1
594,77,623,79,20,13,1,-1,-1,-1
594,80,517,88,22,25,1,-1,-1,-1
594,84,147,403,101,121,1,-1,-1,-1
594,85,292,498,76,41,1,-1,-1,-1
594,86,425,480,57,59,1,-1,-1,-1
594,87,271,248,57,63,1,-1,-1,-1
594,88,317,300,61,82,1,-1,-1,-1
594,89,376,177,37,43,1,-1,-1,-1
594,90,437,148,29,34,1,-1,-1,-1
594,91,361,127,25,37,1,-1,-1,-1
594,92,407,104,19,19,1,-1,-1,-1
594,99,445,88,28,15,1,-1,-1,-1
594,101,476,69,30,17,1,-1,-1,-1
594,102,453,67,23,11,1,-1,-1,-1
594,103,437,61,14,15,1,-1,-1,-1
595,0,488,55,14,11,1,-1,-1,-1
595,6,500,113,23,21,1,-1,-1,-1
595,15,480,94,23,21,1,-1,-1,-1
595,71,497,61,14,17,1,-1,-1,-1
595,75,565,86,22,13,1,-1,-1,-1
595,80,515,88,22,25,1,-1,-1,-1
595,84,140,408,104,126,1,-1,-1,-1
595,86,420,482,61,57,1,-1,-1,-1
595,87,271,254,53,57,1,-1,-1,-1
595,88,316,306,60,81,1,-1,-1,-1
595,89,374,179,36,42,1,-1,-1,-1
595,90,436,148,28,34,1,-1,-1,-1
595,91,360,127,24,36,1,-1,-1,-1
595,92,407,106,19,19,1,-1,-1,-1
595,99,446,88,28,15,1,-1,-1,-1
595,101,478,69,30,17,1,-1,-1,-1
595,102,453,67,23,11,1,-1,-1,-1
595,103,437,61,14,15,1,-1,-1,-1
596,0,487,55,14,11,1,-1,-1,-1
596,6,500,113,23,21,1,-1,-1,-1
596,15,480,94,23,21,1,-1,-1,-1
596,71,496,61,14,17,1,-1,-1,-1
596,75,565,88,22,13,1,-1,-1,-1
596,80,514,86,22,25,1,-1,-1,-1
596,84,135,414,106,120,1,-1,-1,-1
596,87,267,254,54,61,1,-1,-1,-1
596,88,310,312,62,84,1,-1,-1,-1
596,89,373,177,40,46,1,-1,-1,-1
596,90,436,152,28,34,1,-1,-1,-1
596,91,359,129,24,36,1,-1,-1,-1
596,92,406,106,19,19,1,-1,-1,-1
596,99,445,88,30,15,1,-1,-1,-1
596,101,476,69,30,17,1,-1,-1,-1
596,102,453,65,23,11,1,-1,-1,-1
596,103,437,61,14,15,1,-1,-1,-1
597,0,485,55,14,11,1,-1,-1,-1
597,6,500,113,23,21,1,-1,-1,-1
597,15,479,94,23,21,1,-1,-1,-1
597,71,495,61,14,17,1,-1,-1,-1
597,75,565,86,22,13,1,-1,-1,-1
597,80,514,86,22,25,1,-1,-1,-1
597,84,127,417,111,122,1,-1,-1,-1
597,87,265,258,56,61,1,-1,-1,-1
597,88,309,318,62,84,1,-1,-1,-1
597,89,373,181,37,44,1,-1,-1,-1
597,90,436,152,28,34,1,-1,-1,-1
597,91,359,129,26,38,1,-1,-1,-1
597,92,406,109,19,19,1,-1,-1,-1
597,99,445,88,30,15,1,-1,-1,-1
597,101,475,67,30,17,1,-1,-1,-1
597,102,453,67,23,11,1,-1,-1,-1
597,103,437,61,14,15,1,-1,-1,-1
598,0,485,55,14,11,1,-1,-1,-1
598,6,498,113,23,21,1,-1,-1,-1
598,15,479,94,23,21,1,-1,-1,-1
598,71,495,61,14,17,1,-1,-1,-1
598,75,565,86,22,13,1,-1,-1,-1
598,80,514,86,22,25,1,-1,-1,-1
598,84,122,422,112,117,1,-1,-1,-1
598,87,262,260,58,63,1,-1,-1,-1
598,88,304,320,67,90,1,-1,-1,-1
598,89,372,183,37,44,1,-1,-1,-1
598,90,433,154,28,34,1,-1,-1,-1
598,91,356,133,24,36,1,-1,-1,-1
598,92,404,108,22,23,1,-1,-1,-1
598,99,445,86,30,15,1,-1,-1,-1
598,101,475,67,30,17,1,-1,-1,-1
598,102,453,65,23,11,1,-1,-1,-1
598,103,437,61,14,15,1,-1,-1,-1
599,0,485,54,14,11,1,-1,-1,-1
599,6,498,113,23,21,1,-1,-1,-1
599,15,479,92,23,21,1,-1,-1,-1
599,71,493,61,14,17,1,-1,-1,-1
599,75,565,86,22,13,1,-1,-1,-1
599,80,514,86,22,25,1,-1,-1,-1
599,84,118,429,111,110,1,-1,-1,-1
599,87,261,262,58,63,1,-1,-1,-1
599,88,301,329,65,86,1,-1,-1,-1
599,89,369,187,37,44,1,-1,-1,-1
599,90,436,156,28,34,1,-1,-1,-1
599,91,356,131,26,38,1,-1,-1,-1
599,92,403,109,22,23,1,-1,-1,-1
599,99,444,88,31,14,1,-1,-1,-1
599,101,475,69,30,17,1,-1,-1,-1
599,102,453,65,23,11,1,-1,-1,-1
599,103,437,62,14,15,1,-1,-1,-1
600,0,484,54,14,11,1,-1,-1,-1
600,6,498,113,23,21,1,-1,-1,-1
600,15,478,94,25,20,1,-1,-1,-1
600,71,492,61,14,17,1,-1,-1,-1
600,75,565,86,22,13,1,-1,-1,-1
600,80,513,84,22,25,1,-1,-1,-1
600,84,116,434,110,105,1,-1,-1,-1
600,87,257,266,58,63,1,-1,-1,-1
600,88,300,329,61,90,1,-1,-1,-1
600,89,369,187,39,46,1,-1,-1,-1
600,90,433,158,27,32,1,-1,-1,-1
600,91,353,133,26,38,1,-1,-1,-1
600,92,403,111,22,23,1,-1,-1,-1
600,99,444,88,31,15,1,-1,-1,-1
600,101,476,67,28,15,1,-1,-1,-1
600,102,453,67,23,11,1,-1,-1,-1
600,103,436,61,14,15,1,-1,-1,-1
601,0,484,54,14,11,1,-1,-1,-1
601,6,497,113,23,21,1,-1,-1,-1
601,15,478,94,24,19,1,-1,-1,-1
601,71,492,59,14,17,1,-1,-1,-1
601,75,565,86,22,13,1,-1,-1,-1
601,80,513,84,22,25,1,-1,-1,-1
601,84,111,441,110,98,1,-1,-1,-1
601,87,258,268,57,67,1,-1,-1,-1
601,88,295,336,69,93,1,-1,-1,-1
601,89,367,190,40,46,1,-1,-1,-1
601,90,433,158,28,34,1,-1,-1,-1
601,91,353,135,24,38,1,-1,-1,-1
601,92,403,111,22,23,1,-1,-1,-1
601,99,442,88,31,15,1,-1,-1,-1
601,101,476,67,30,17,1,-1,-1,-1
601,102,453,67,23,11,1,-1,-1,-1
601,103,435,61,14,15,1,-1,-1,-1
602,0,484,52,14,11,1,-1,-1,-1
602,6,497,113,23,21,1,-1,-1,-1
602,15,476,94,24,19,1,-1,-1,-1
602,71,492,59,14,17,1,-1,-1,-1
602,75,565,86,22,13,1,-1,-1,-1
602,80,513,84,22,25,1,-1,-1,-1
602,84,104,447,113,92,1,-1,-1,-1
602,87,253,271,60,65,1,-1,-1,-1
602,88,291,344,67,94,1,-1,-1,-1
602,89,367,190,40,46,1,-1,-1,-1
602,90,433,160,28,34,1,-1,-1,-1
602,91,352,138,24,38,1,-1,-1,-1
602,92,403,113,22,23,1,-1,-1,-1
602,99,444,88,28,15,1,-1,-1,-1
602,101,477,68,30,17,1,-1,-1,-1
602,102,453,65,24,12,1,-1,-1,-1
602,103,437,61,14,15,1,-1,-1,-1
603,0,484,52,14,11,1,-1,-1,-1
603,6,497,111,23,22,1,-1,-1,-1
603,15,478,94,24,19,1,-1,-1,-1
603,71,490,59,13,15,1,-1,-1,-1
603,75,567,85,22,13,1,-1,-1,-1
603,80,514,86,20,23,1,-1,-1,-1
603,84,97,453,113,86,1,-1,-1,-1
603,87,250,275,61,67,1,-1,-1,-1
603,88,287,347,72,100,1,-1,-1,-1
603,89,364,196,39,46,1,-1,-1,-1
603,90,433,162,28,34,1,-1,-1,-1
603,91,352,138,24,38,1,-1,-1,-1
603,92,403,113,22,23,1,-1,-1,-1
603,99,442,86,30,15,1,-1,-1,-1
603,101,476,67,30,17,1,-1,-1,-1
603,102,453,65,23,11,1,-1,-1,-1
603,103,436,59,14,15,1,-1,-1,-1
604,0,484,52,14,11,1,-1,-1,-1
604,6,497,111,23,21,1,-1,-1,-1
604,15,476,94,24,19,1,-1,-1,-1
604,71,488,59,13,15,1,-1,-1,-1
604,75,566,84,23,13,1,-1,-1,-1
604,80,514,86,19,23,1,-1,-1,-1
604,84,99,457,113,79,1,-1,-1,-1
604,87,251,277,59,71,1,-1,-1,-1
604,88,284,354,70,100,1,-1,-1,-1
604,89,364,196,40,46,1,-1,-1,-1
604,90,432,163,28,34,1,-1,-1,-1
604,91,352,140,24,38,1,-1,-1,-1
604,92,402,115,22,23,1,-1,-1,-1
604,99,441,86,28,15,1,-1,-1,-1
604,101,477,66,30,17,1,-1,-1,-1
604,102,453,65,23,11,1,-1,-1,-1
604,103,436,61,14,15,1,-1,-1,-1
605,0,484,52,14,11,1,-1,-1,-1
605,6,497,111,23,21,1,-1,-1,-1
605,15,475,92,24,19,1,-1,-1,-1
605,71,488,57,13,15,1,-1,-1,-1
605,75,566,84,25,13,1,-1,-1,-1
605,80,514,84,19,23,1,-1,-1,-1
605,84,95,464,111,75,1,-1,-1,-1
605,87,249,279,58,71,1,-1,-1,-1
605,88,279,358,73,104,1,-1,-1,-1
605,89,364,196,40,46,1,-1,-1,-1
605,90,431,163,28,34,1,-1,-1,-1
605,91,351,140,24,38,1,-1,-1,-1
605,92,403,116,22,23,1,-1,-1,-1
605,99,440,86,32,16,1,-1,-1,-1
605,101,476,66,30,17,1,-1,-1,-1
605,102,454,65,22,11,1,-1,-1,-1
605,103,436,61,14,15,1,-1,-1,-1
606,0,484,52,14,11,1,-1,-1,-1
606,6,497,111,23,21,1,-1,-1,-1
606,15,476,92,24,19,1,-1,-1,-1
606,71,488,57,13,15,1,-1,-1,-1
606,75,568,84,25,14,1,-1,-1,-1
606,80,514,84,19,23,1,-1,-1,-1
606,84,94,470,111,69,1,-1,-1,-1
606,87,245,283,60,71,1,-1,-1,-1
606,88,276,365,76,108,1,-1,-1,-1
606,89,360,200,40,46,1,-1,-1,-1
606,90,431,163,30,34,1,-1,-1,-1
606,91,350,142,24,38,1,-1,-1,-1
606,92,402,117,22,23,1,-1,-1,-1
606,99,441,86,30,15,1,-1,-1,-1
606,101,477,67,30,17,1,-1,-1,-1
606,102,451,64,25,13,1,-1,-1,-1
606,103,434,61,14,15,1,-1,-1,-1
607,0,483,50,14,11,1,-1,-1,-1
607,6,496,111,23,21,1,-1,-1,-1
607,15,475,92,24,19,1,-1,-1,-1
607,71,487,57,13,15,1,-1,-1,-1
607,75,569,84,23,14,1,-1,-1,-1
607,80,514,84,19,23,1,-1,-1,-1
607,84,94,473,103,66,1,-1,-1,-1
607,87,244,287,61,73,1,-1,-1,-1
607,88,275,381,66,94,1,-1,-1,-1
607,89,360,200,43,48,1,-1,-1,-1
607,90,432,167,28,34,1,-1,-1,-1
607,91,347,144,24,36,1,-1,-1,-1
607,92,402,117,22,23,1,-1,-1,-1
607,99,439,85,33,16,1,-1,-1,-1
607,101,476,67,30,17,1,-1,-1,-1
607,102,450,63,24,13,1,-1,-1,-1
607,103,436,59,14,15,1,-1,-1,-1
608,6,497,109,23,21,1,-1,-1,-1
608,15,475,92,24,19,1,-1,-1,-1
608,71,487,57,13,15,1,-1,-1,-1
608,75,569,84,23,14,1,-1,-1,-1
608,80,513,82,19,23,1,-1,-1,-1
608,84,75,487,112,52,1,-1,-1,-1
608,87,241,289,60,71,1,-1,-1,-1
608,88,269,375,78,116,1,-1,-1,-1
608,89,358,205,43,48,1,-1,-1,-1
608,90,431,166,30,37,1,-1,-1,-1
608,91,348,145,27,41,1,-1,-1,-1
608,92,400,121,22,23,1,-1,-1,-1
608,99,438,84,32,15,1,-1,-1,-1
608,101,478,67,28,17,1,-1,-1,-1
608,102,450,63,24,13,1,-1,-1,-1
608,103,434,61,14,15,1,-1,-1,-1
609,6,496,109,23,21,1,-1,-1,-1
609,15,475,92,24,19,1,-1,-1,-1
609,75,569,82,23,14,1,-1,-1,-1
609,80,512,84,19,23,1,-1,-1,-1
609,84,89,483,101,56,1,-1,-1,-1
609,87,241,295,58,71,1,-1,-1,-1
609,88,263,381,80,121,1,-1,-1,-1
609,89,357,206,43,48,1,-1,-1,-1
609,90,429,167,28,36,1,-1,-1,-1
609,91,347,146,27,40,1,-1,-1,-1
609,92,400,121,22,23,1,-1,-1,-1
609,99,438,84,32,15,1,-1,-1,-1
609,101,476,65,28,17,1,-1,-1,-1
609,102,451,63,24,13,1,-1,-1,-1
609,103,434,59,14,15,1,-1,-1,-1
610,6,496,109,23,21,1,-1,-1,-1
610,15,475,92,24,19,1,-1,-1,-1
610,75,570,82,24,14,1,-1,-1,-1
610,80,512,82,19,23,1,-1,-1,-1
610,84,89,489,96,50,1,-1,-1,-1
610,87,238,296,58,71,1,-1,-1,-1
610,88,258,389,84,124,1,-1,-1,-1
610,89,356,209,43,48,1,-1,-1,-1
610,90,431,169,27,34,1,-1,-1,-1
610,91,347,148,27,40,1,-1,-1,-1
610,92,400,121,22,23,1,-1,-1,-1
610,99,437,84,33,15,1,-1,-1,-1
610,101,476,66,31,17,1,-1,-1,-1
610,102,451,65,24,13,1,-1,-1,-1
610,103,435,59,15,16,1,-1,-1,-1
611,6,496,109,23,21,1,-1,-1,-1
611,15,475,92,24,19,1,-1,-1,-1
611,75,571,83,22,13,1,-1,-1,-1
611,80,510,82,19,23,1,-1,-1,-1
611,84,86,500,92,39,1,-1,-1,-1
611,87,235,298,64,77,1,-1,-1,-1
611,88,258,396,81,119,1,-1,-1,-1
611,89,355,212,44,48,1,-1,-1,-1
611,90,429,171,28,36,1,-1,-1,-1
611,91,344,150,26,40,1,-1,-1,-1
611,92,399,125,22,23,1,-1,-1,-1
611,99,437,84,32,15,1,-1,-1,-1
611,101,477,66,30,16,1,-1,-1,-1
611,102,452,64,24,13,1,-1,-1,-1
611,103,437,61,14,15,1,-1,-1,-1
612,6,496,109,23,21,1,-1,-1,-1
612,15,475,92,24,19,1,-1,-1,-1
612,75,570,82,24,15,1,-1,-1,-1
612,80,510,82,19,23,1,-1,-1,-1
612,87,232,302,66,79,1,-1,-1,-1
612,88,248,404,88,127,1,-1,-1,-1
612,89,352,214,43,48,1,-1,-1,-1
612,90,429,173,27,34,1,-1,-1,-1
612,91,343,150,27,42,1,-1,-1,-1
612,92,399,123,24,28,1,-1,-1,-1
612,99,437,84,32,15,1,-1,-1,-1
612,101,476,65,30,15,1,-1,-1,-1
612,102,450,63,26,13,1,-1,-1,-1
612,103,437,61,14,15,1,-1,-1,-1
613,6,496,109,23,21,1,-1,-1,-1
613,15,474,92,24,19,1,-1,-1,-1
613,75,572,82,24,14,1,-1,-1,-1
613,80,510,82,19,23,1,-1,-1,-1
613,87,225,304,70,84,1,-1,-1,-1
613,88,245,409,89,128,1,-1,-1,-1
613,89,353,215,44,48,1,-1,-1,-1
613,90,429,175,27,34,1,-1,-1,-1
613,91,343,150,27,42,1,-1,-1,-1
613,92,398,123,23,28,1,-1,-1,-1
613,99,437,84,32,15,1,-1,-1,-1
613,101,476,67,31,15,1,-1,-1,-1
613,102,451,63,24,13,1,-1,-1,-1
613,103,437,61,14,15,1,-1,-1,-1
614,6,495,109,23,21,1,-1,-1,-1
614,15,474,92,26,19,1,-1,-1,-1
614,75,572,82,25,14,1,-1,-1,-1
614,80,510,82,19,23,1,-1,-1,-1
614,87,228,310,66,79,1,-1,-1,-1
614,88,240,418,93,121,1,-1,-1,-1
614,89,348,217,47,52,1,-1,-1,-1
614,90,428,177,27,34,1,-1,-1,-1
614,91,343,152,28,44,1,-1,-1,-1
614,92,398,125,23,28,1,-1,-1,-1
614,99,437,84,32,15,1,-1,-1,-1
614,101,476,65,31,17,1,-1,-1,-1
614,102,450,63,26,13,1,-1,-1,-1
614,103,437,61,14,15,1,-1,-1,-1
615,6,495,109,23,21,1,-1,-1,-1
615,15,474,92,24,19,1,-1,-1,-1
615,75,573,82,24,13,1,-1,-1,-1
615,80,510,79,19,23,1,-1,-1,-1
615,87,222,312,71,86,1,-1,-1,-1
615,88,235,425,94,114,1,-1,-1,-1
615,89,348,218,46,53,1,-1,-1,-1
615,90,428,179,27,34,1,-1,-1,-1
615,91,339,154,30,46,1,-1,-1,-1
615,92,399,127,23,27,1,-1,-1,-1
615,99,437,84,32,15,1,-1,-1,-1
615,101,478,65,31,15,1,-1,-1,-1
615,102,453,63,24,13,1,-1,-1,-1
615,103,437,61,14,15,1,-1,-1,-1
616,6,496,109,23,21,1,-1,-1,-1
616,15,474,92,24,19,1,-1,-1,-1
616,75,573,82,24,14,1,-1,-1,-1
616,80,509,79,19,23,1,-1,-1,-1
616,87,220,316,70,84,1,-1,-1,-1
616,88,230,438,95,101,1,-1,-1,-1
616,89,350,219,44,54,1,-1,-1,-1
616,90,428,181,28,36,1,-1,-1,-1
616,91,339,154,30,46,1,-1,-1,-1
616,92,399,129,23,28,1,-1,-1,-1
616,99,437,84,32,15,1,-1,-1,-1
616,101,476,65,30,15,1,-1,-1,-1
616,102,453,63,24,13,1,-1,-1,-1
616,103,437,61,14,15,1,-1,-1,-1
617,6,495,108,23,21,1,-1,-1,-1
617,15,472,92,24,19,1,-1,-1,-1
617,75,573,80,25,14,1,-1,-1,-1
617,80,508,78,19,23,1,-1,-1,-1
617,87,219,320,70,84,1,-1,-1,-1
617,88,225,447,98,92,1,-1,-1,-1
617,89,346,225,49,52,1,-1,-1,-1
617,90,428,183,28,36,1,-1,-1,-1
617,91,339,158,28,44,1,-1,-1,-1
617,92,399,129,23,28,1,-1,-1,-1
617,99,437,84,32,15,1,-1,-1,-1
617,101,478,65,31,15,1,-1,-1,-1
617,102,453,64,24,13,1,-1,-1,-1
617,103,437,61,14,15,1,-1,-1,-1
618,6,495,108,23,21,1,-1,-1,-1
618,15,474,90,24,19,1,-1,-1,-1
618,75,573,79,24,13,1,-1,-1,-1
618,80,508,77,19,23,1,-1,-1,-1
618,87,217,321,71,86,1,-1,-1,-1
618,88,227,450,89,89,1,-1,-1,-1
618,89,344,225,48,54,1,-1,-1,-1
618,90,427,185,27,34,1,-1,-1,-1
618,91,338,158,30,44,1,-1,-1,-1
618,92,398,132,23,28,1,-1,-1,-1
618,99,437,84,32,15,1,-1,-1,-1
618,101,478,65,30,15,1,-1,-1,-1
618,102,453,63,24,13,1,-1,-1,-1
618,103,437,61,14,15,1,-1,-1,-1
619,6,495,108,23,21,1,-1,-1,-1
619,15,472,90,24,19,1,-1,-1,-1
619,75,574,81,26,13,1,-1,-1,-1
619,80,508,77,19,23,1,-1,-1,-1
619,87,216,325,67,82,1,-1,-1,-1
619,88,224,457,88,82,1,-1,-1,-1
619,89,343,228,49,55,1,-1,-1,-1
619,90,426,183,32,39,1,-1,-1,-1
619,91,338,163,28,44,1,-1,-1,-1
619,92,398,133,23,28,1,-1,-1,-1
619,99,436,84,32,15,1,-1,-1,-1
619,101,478,67,28,15,1,-1,-1,-1
619,102,454,63,24,13,1,-1,-1,-1
619,103,437,61,14,15,1,-1,-1,-1
620,6,495,108,23,21,1,-1,-1,-1
620,15,472,90,24,19,1,-1,-1,-1
620,75,574,79,24,13,1,-1,-1,-1
620,80,508,77,19,23,1,-1,-1,-1
620,87,214,329,67,89,1,-1,-1,-1
620,88,221,470,86,69,1,-1,-1,-1
620,89,343,229,48,56,1,-1,-1,-1
620,90,425,189,28,36,1,-1,-1,-1
620,91,335,162,30,46,1,-1,-1,-1
620,92,397,135,23,28,1,-1,-1,-1
620,99,436,84,33,17,1,-1,-1,-1
620,101,478,65,28,15,1,-1,-1,-1
620,102,454,64,24,13,1,-1,-1,-1
620,103,437,61,14,15,1,-1,-1,-1
621,6,495,108,23,21,1,-1,-1,-1
621,15,472,90,24,19,1,-1,-1,-1
621,75,577,80,24,13,1,-1,-1,-1
621,80,508,76,19,23,1,-1,-1,-1
621,87,211,333,70,89,1,-1,-1,-1
621,88,222,481,87,58,1,-1,-1,-1
621,89,340,231,49,58,1,-1,-1,-1
621,90,425,187,33,40,1,-1,-1,-1
621,91,334,165,30,46,1,-1,-1,-1
621,92,397,135,23,28,1,-1,-1,-1
621,99,436,82,33,15,1,-1,-1,-1
621,101,479,65,30,15,1,-1,-1,-1
621,102,454,63,24,13,1,-1,-1,-1
621,103,437,61,14,15,1,-1,-1,-1
622,6,493,106,23,21,1,-1,-1,-1
622,15,472,90,24,19,1,-1,-1,-1
622,75,577,80,24,13,1,-1,-1,-1
622,80,506,75,19,23,1,-1,-1,-1
622,87,207,335,73,93,1,-1,-1,-1
622,89,339,233,50,63,1,-1,-1,-1
622,90,425,189,34,44,1,-1,-1,-1
622,91,334,165,31,46,1,-1,-1,-1
622,92,394,137,25,30,1,-1,-1,-1
622,99,436,82,32,15,1,-1,-1,-1
622,101,479,65,30,15,1,-1,-1,-1
622,102,455,63,24,13,1,-1,-1,-1
622,103,437,61,14,15,1,-1,-1,-1
623,6,495,106,23,21,1,-1,-1,-1
623,15,472,90,24,19,1,-1,-1,-1
623,75,577,79,26,14,1,-1,-1,-1
623,80,506,75,19,23,1,-1,-1,-1
623,87,205,343,74,88,1,-1,-1,-1
623,89,338,233,50,63,1,-1,-1,-1
623,90,424,190,35,44,1,-1,-1,-1
623,91,333,165,33,50,1,-1,-1,-1
623,92,394,136,27,32,1,-1,-1,-1
623,99,436,82,32,15,1,-1,-1,-1
623,101,479,65,30,15,1,-1,-1,-1
623,102,454,63,25,14,1,-1,-1,-1
623,103,438,61,14,15,1,-1,-1,-1
624,6,493,106,23,21,1,-1,-1,-1
624,15,472,90,24,19,1,-1,-1,-1
624,75,577,79,26,15,1,-1,-1,-1
624,80,506,75,19,23,1,-1,-1,-1
624,87,203,347,72,95,1,-1,-1,-1
624,89,335,237,52,65,1,-1,-1,-1
624,90,424,194,33,44,1,-1,-1,-1
624,91,331,169,31,46,1,-1,-1,-1
624,92,393,138,27,32,1,-1,-1,-1
624,99,434,82,32,15,1,-1,-1,-1
624,101,479,65,31,15,1,-1,-1,-1
624,102,454,63,24,13,1,-1,-1,-1
624,103,437,61,14,15,1,-1,-1,-1
625,6,493,106,23,21,1,-1,-1,-1
625,15,471,90,24,19,1,-1,-1,-1
625,75,578,79,27,14,1,-1,-1,-1
625,80,505,75,19,23,1,-1,-1,-1
625,87,198,348,76,94,1,-1,-1,-1
625,89,335,242,53,59,1,-1,-1,-1
625,90,424,194,35,46,1,-1,-1,-1
625,91,331,171,31,46,1,-1,-1,-1
625,92,393,140,27,32,1,-1,-1,-1
625,99,434,82,32,15,1,-1,-1,-1
625,101,479,65,30,15,1,-1,-1,-1
625,102,454,63,24,13,1,-1,-1,-1
625,103,437,61,14,15,1,-1,-1,-1
626,6,493,106,23,21,1,-1,-1,-1
626,15,471,90,24,19,1,-1,-1,-1
626,75,580,79,24,13,1,-1,-1,-1
626,80,505,73,19,23,1,-1,-1,-1
626,87,195,353,76,99,1,-1,-1,-1
626,89,331,241,53,67,1,-1,-1,-1
626,90,423,196,36,48,1,-1,-1,-1
626,91,329,171,33,50,1,-1,-1,-1
626,92,393,142,27,32,1,-1,-1,-1
626,99,434,82,32,15,1,-1,-1,-1
626,101,480,65,28,15,1,-1,-1,-1
626,102,454,63,24,13,1,-1,-1,-1
626,103,437,61,14,15,1,-1,-1,-1
627,6,495,106,23,21,1,-1,-1,-1
627,15,471,90,24,19,1,-1,-1,-1
627,75,581,79,23,13,1,-1,-1,-1
627,80,505,73,19,23,1,-1,-1,-1
627,87,192,355,78,105,1,-1,-1,-1
627,89,330,244,53,67,1,-1,-1,-1
627,90,421,200,36,48,1,-1,-1,-1
627,91,327,171,33,50,1,-1,-1,-1
627,92,391,142,27,32,1,-1,-1,-1
627,99,434,82,32,15,1,-1,-1,-1
627,101,480,65,30,15,1,-1,-1,-1
627,102,454,63,24,13,1,-1,-1,-1
627,103,437,61,14,15,1,-1,-1,-1
628,6,492,104,23,21,1,-1,-1,-1
628,15,471,90,24,19,1,-1,-1,-1
628,75,582,80,24,11,1,-1,-1,-1
628,80,505,73,19,23,1,-1,-1,-1
628,87,188,362,79,106,1,-1,-1,-1
628,89,331,248,50,63,1,-1,-1,-1
628,90,423,202,36,48,1,-1,-1,-1
628,91,326,175,33,50,1,-1,-1,-1
628,92,390,146,27,32,1,-1,-1,-1
628,99,433,82,32,15,1,-1,-1,-1
628,101,480,65,30,15,1,-1,-1,-1
628,102,454,63,26,13,1,-1,-1,-1
628,103,437,61,14,15,1,-1,-1,-1
629,6,492,104,23,21,1,-1,-1,-1
629,15,469,90,26,18,1,-1,-1,-1
629,75,582,79,25,11,1,-1,-1,-1
629,80,505,73,19,23,1,-1,-1,-1
629,87,186,367,79,106,1,-1,-1,-1
629,89,327,254,49,63,1,-1,-1,-1
629,90,421,204,37,48,1,-1,-1,-1
629,91,326,177,33,50,1,-1,-1,-1
629,92,390,146,27,32,1,-1,-1,-1
629,99,433,82,32,15,1,-1,-1,-1
629,101,480,65,30,15,1,-1,-1,-1
629,102,454,63,26,13,1,-1,-1,-1
629,103,438,61,14,15,1,-1,-1,-1
630,6,493,104,23,21,1,-1,-1,-1
630,15,468,90,26,17,1,-1,-1,-1
630,75,582,79,24,11,1,-1,-1,-1
630,80,505,73,19,23,1,-1,-1,-1
630,87,180,369,84,111,1,-1,-1,-1
630,89,327,254,55,67,1,-1,-1,-1
630,90,421,206,36,48,1,-1,-1,-1
630,91,325,179,33,50,1,-1,-1,-1
630,92,390,148,27,32,1,-1,-1,-1
630,99,433,82,32,15,1,-1,-1,-1
630,101,480,65,30,15,1,-1,-1,-1
630,102,453,63,26,15,1,-1,-1,-1
630,103,437,61,14,15,1,-1,-1,-1
631,6,492,104,23,21,1,-1,-1,-1
631,15,470,90,26,17,1,-1,-1,-1
631,75,583,80,24,10,1,-1,-1,-1
631,80,506,75,17,20,1,-1,-1,-1
631,87,178,374,83,112,1,-1,-1,-1
631,89,326,256,52,68,1,-1,-1,-1
631,90,420,208,36,48,1,-1,-1,-1
631,91,325,181,33,50,1,-1,-1,-1
631,92,390,150,27,32,1,-1,-1,-1
631,99,433,82,31,15,1,-1,-1,-1
631,101,480,65,30,15,1,-1,-1,-1
631,102,454,63,26,15,1,-1,-1,-1
631,103,437,61,14,15,1,-1,-1,-1
632,6,495,103,21,22,1,-1,-1,-1
632,15,468,90,26,17,1,-1,-1,-1
632,75,583,79,25,11,1,-1,-1,-1
632,80,505,75,16,19,1,-1,-1,-1
632,87,175,378,86,116,1,-1,-1,-1
632,89,325,258,53,69,1,-1,-1,-1
632,90,420,212,36,48,1,-1,-1,-1
632,91,322,183,33,50,1,-1,-1,-1
632,92,390,150,27,32,1,-1,-1,-1
632,99,433,82,31,15,1,-1,-1,-1
632,101,480,65,30,15,1,-1,-1,-1
632,102,454,63,27,15,1,-1,-1,-1
632,103,437,61,14,15,1,-1,-1,-1
633,6,495,102,20,21,1,-1,-1,-1
633,15,468,90,26,17,1,-1,-1,-1
633,75,585,79,25,10,1,-1,-1,-1
633,80,505,75,18,19,1,-1,-1,-1
633,87,172,383,86,115,1,-1,-1,-1
633,89,321,260,58,71,1,-1,-1,-1
633,90,419,214,37,50,1,-1,-1,-1
633,91,322,183,35,52,1,-1,-1,-1
633,92,389,152,27,32,1,-1,-1,-1
633,99,433,82,32,15,1,-1,-1,-1
633,101,480,65,30,15,1,-1,-1,-1
633,102,454,61,27,15,1,-1,-1,-1
633,103,437,61,14,15,1,-1,-1,-1
634,6,495,102,20,21,1,-1,-1,-1
634,15,468,88,26,17,1,-1,-1,-1
634,75,585,78,25,11,1,-1,-1,-1
634,80,505,75,16,19,1,-1,-1,-1
634,87,169,389,86,115,1,-1,-1,-1
634,89,322,262,56,71,1,-1,-1,-1
634,90,419,212,36,54,1,-1,-1,-1
634,91,320,185,36,54,1,-1,-1,-1
634,92,386,154,27,32,1,-1,-1,-1
634,99,432,81,33,15,1,-1,-1,-1
634,101,480,65,30,15,1,-1,-1,-1
634,102,454,61,27,15,1,-1,-1,-1
634,103,436,59,16,17,1,-1,-1,-1
635,6,495,102,20,21,1,-1,-1,-1
635,15,468,88,26,17,1,-1,-1,-1
635,75,586,78,25,11,1,-1,-1,-1
635,80,505,75,16,19,1,-1,-1,-1
635,87,165,397,86,115,1,-1,-1,-1
635,89,317,267,59,73,1,-1,-1,-1
635,90,419,217,35,51,1,-1,-1,-1
635,91,320,189,33,50,1,-1,-1,-1
635,92,389,156,27,32,1,-1,-1,-1
635,99,432,82,32,15,1,-1,-1,-1
635,101,480,65,30,15,1,-1,-1,-1
635,102,455,61,26,15,1,-1,-1,-1
635,103,436,59,15,17,1,-1,-1,-1
636,6,495,102,20,21,1,-1,-1,-1
636,15,468,88,26,17,1,-1,-1,-1
636,75,586,79,25,10,1,-1,-1,-1
636,80,505,73,16,19,1,-1,-1,-1
636,87,161,401,88,121,1,-1,-1,-1
636,89,316,268,59,77,1,-1,-1,-1
636,90,415,216,39,58,1,-1,-1,-1
636,91,316,188,37,56,1,-1,-1,-1
636,92,386,158,27,32,1,-1,-1,-1
636,99,432,82,32,15,1,-1,-1,-1
636,101,480,65,30,15,1,-1,-1,-1
636,102,457,61,24,13,1,-1,-1,-1
636,103,436,59,15,17,1,-1,-1,-1
637,6,495,102,20,21,1,-1,-1,-1
637,15,468,88,26,17,1,-1,-1,-1
637,75,586,78,27,12,1,-1,-1,-1
637,80,505,73,16,19,1,-1,-1,-1
637,87,155,406,92,125,1,-1,-1,-1
637,89,313,270,61,79,1,-1,-1,-1
637,90,414,219,39,57,1,-1,-1,-1
637,91,314,190,36,55,1,-1,-1,-1
637,92,381,160,34,38,1,-1,-1,-1
637,99,432,82,31,15,1,-1,-1,-1
637,101,480,65,30,15,1,-1,-1,-1
637,102,457,61,24,13,1,-1,-1,-1
637,103,436,59,15,17,1,-1,-1,-1
638,6,493,102,20,21,1,-1,-1,-1
638,15,468,88,26,17,1,-1,-1,-1
638,75,587,77,26,13,1,-1,-1,-1
638,80,505,73,16,19,1,-1,-1,-1
638,87,152,414,92,125,1,-1,-1,-1
638,89,310,273,63,81,1,-1,-1,-1
638,90,414,223,39,57,1,-1,-1,-1
638,91,314,196,33,52,1,-1,-1,-1
638,92,381,162,33,38,1,-1,-1,-1
638,99,432,82,31,15,1,-1,-1,-1
638,101,480,65,30,15,1,-1,-1,-1
638,102,455,61,24,13,1,-1,-1,-1
638,103,437,59,15,17,1,-1,-1,-1
639,6,495,102,20,21,1,-1,-1,-1
639,15,467,88,26,17,1,-1,-1,-1
639,75,587,77,29,13,1,-1,-1,-1
639,80,504,73,16,19,1,-1,-1,-1
639,87,148,416,98,123,1,-1,-1,-1
639,89,309,275,64,82,1,-1,-1,-1
639,90,412,223,39,57,1,-1,-1,-1
639,91,313,196,33,52,1,-1,-1,-1
639,92,380,163,33,38,1,-1,-1,-1
639,99,431,81,32,15,1,-1,-1,-1
639,101,481,63,30,15,1,-1,-1,-1
639,102,455,61,26,15,1,-1,-1,-1
639,103,437,59,15,17,1,-1,-1,-1
640,6,493,100,22,23,1,-1,-1,-1
640,15,467,88,26,17,1,-1,-1,-1
640,75,587,77,28,13,1,-1,-1,-1
640,80,504,71,19,21,1,-1,-1,-1
640,87,141,420,101,119,1,-1,-1,-1
640,89,306,277,64,82,1,-1,-1,-1
640,90,411,227,40,59,1,-1,-1,-1
640,91,310,198,36,55,1,-1,-1,-1
640,92,380,167,33,38,1,-1,-1,-1
640,99,431,82,32,15,1,-1,-1,-1
640,101,482,64,31,15,1,-1,-1,-1
640,102,457,63,26,15,1,-1,-1,-1
640,103,437,59,15,17,1,-1,-1,-1
641,6,495,100,20,21,1,-1,-1,-1
641,15,467,88,26,17,1,-1,-1,-1
641,75,587,75,28,13,1,-1,-1,-1
641,80,504,71,16,19,1,-1,-1,-1
641,87,138,429,98,110,1,-1,-1,-1
641,89,305,281,64,82,1,-1,-1,-1
641,90,411,231,40,59,1,-1,-1,-1
641,91,308,198,39,59,1,-1,-1,-1
641,92,380,169,33,38,1,-1,-1,-1
641,99,431,81,31,15,1,-1,-1,-1
641,101,481,63,31,15,1,-1,-1,-1
641,102,457,63,24,13,1,-1,-1,-1
641,103,437,59,15,17,1,-1,-1,-1
642,6,493,100,20,21,1,-1,-1,-1
642,15,467,88,27,17,1,-1,-1,-1
642,75,589,75,28,13,1,-1,-1,-1
642,80,504,71,16,19,1,-1,-1,-1
642,87,135,432,100,107,1,-1,-1,-1
642,89,303,285,64,82,1,-1,-1,-1
642,90,408,231,43,63,1,-1,-1,-1
642,91,305,202,39,59,1,-1,-1,-1
642,92,378,169,33,38,1,-1,-1,-1
642,99,431,81,31,15,1,-1,-1,-1
642,101,484,63,31,15,1,-1,-1,-1
642,102,458,61,24,13,1,-1,-1,-1
642,103,437,59,15,17,1,-1,-1,-1
643,6,495,100,20,21,1,-1,-1,-1
643,15,467,88,26,17,1,-1,-1,-1
643,75,590,75,28,13,1,-1,-1,-1
643,80,504,71,16,19,1,-1,-1,-1
643,87,136,442,97,96,1,-1,-1,-1
643,89,300,287,65,84,1,-1,-1,-1
643,90,407,233,44,67,1,-1,-1,-1
643,91,306,204,36,55,1,-1,-1,-1
643,92,377,173,33,38,1,-1,-1,-1
643,99,431,81,31,15,1,-1,-1,-1
643,101,483,65,31,15,1,-1,-1,-1
643,102,457,61,24,13,1,-1,-1,-1
643,103,437,59,15,17,1,-1,-1,-1
644,6,493,100,20,21,1,-1,-1,-1
644,15,467,85,26,20,1,-1,-1,-1
644,75,590,75,28,13,1,-1,-1,-1
644,80,504,71,16,19,1,-1,-1,-1
644,87,135,448,94,91,1,-1,-1,-1
644,89,300,291,64,82,1,-1,-1,-1
644,90,406,237,45,67,1,-1,-1,-1
644,91,305,206,37,57,1,-1,-1,-1
644,92,377,175,33,38,1,-1,-1,-1
644,99,431,81,31,15,1,-1,-1,-1
644,101,484,63,31,15,1,-1,-1,-1
644,102,458,61,24,13,1,-1,-1,-1
644,103,437,59,15,17,1,-1,-1,-1
645,6,493,100,20,21,1,-1,-1,-1
645,15,467,86,26,17,1,-1,-1,-1
645,75,591,75,28,13,1,-1,-1,-1
645,80,504,71,16,19,1,-1,-1,-1
645,87,127,454,100,85,1,-1,-1,-1
645,89,296,295,68,82,1,-1,-1,-1
645,90,407,241,43,63,1,-1,-1,-1
645,91,301,208,40,61,1,-1,-1,-1
645,92,374,177,33,38,1,-1,-1,-1
645,99,429,79,31,15,1,-1,-1,-1
645,101,481,63,30,15,1,-1,-1,-1
645,102,457,61,24,13,1,-1,-1,-1
645,103,437,59,15,17,1,-1,-1,-1
646,6,493,100,20,21,1,-1,-1,-1
646,15,467,85,26,17,1,-1,-1,-1
646,75,591,75,28,13,1,-1,-1,-1
646,80,504,71,15,19,1,-1,-1,-1
646,87,121,460,102,79,1,-1,-1,-1
646,89,296,296,68,86,1,-1,-1,-1
646,90,406,244,44,65,1,-1,-1,-1
646,91,299,210,40,61,1,-1,-1,-1
646,92,374,179,33,38,1,-1,-1,-1
646,99,429,79,31,15,1,-1,-1,-1
646,101,480,63,31,15,1,-1,-1,-1
646,102,458,61,24,13,1,-1,-1,-1
646,103,437,59,15,17,1,-1,-1,-1
647,6,493,98,20,21,1,-1,-1,-1
647,15,467,85,26,17,1,-1,-1,-1
647,75,592,75,28,13,1,-1,-1,-1
647,80,505,69,15,19,1,-1,-1,-1
647,87,117,466,101,73,1,-1,-1,-1
647,89,293,299,68,89,1,-1,-1,-1
647,90,403,248,44,67,1,-1,-1,-1
647,91,299,212,40,61,1,-1,-1,-1
647,92,373,181,33,38,1,-1,-1,-1
647,99,429,79,32,15,1,-1,-1,-1
647,101,483,63,30,15,1,-1,-1,-1
647,102,458,61,24,13,1,-1,-1,-1
647,103,437,59,15,17,1,-1,-1,-1
648,6,493,98,20,21,1,-1,-1,-1
648,15,467,85,26,17,1,-1,-1,-1
648,75,594,75,28,13,1,-1,-1,-1
648,80,504,69,15,19,1,-1,-1,-1
648,87,120,473,94,66,1,-1,-1,-1
648,89,293,306,61,79,1,-1,-1,-1
648,90,403,250,44,67,1,-1,-1,-1
648,91,296,216,41,63,1,-1,-1,-1
648,92,373,182,35,38,1,-1,-1,-1
648,99,429,79,32,15,1,-1,-1,-1
648,101,481,63,31,15,1,-1,-1,-1
648,102,458,61,24,13,1,-1,-1,-1
648,103,437,59,15,17,1,-1,-1,-1
649,6,493,98,20,21,1,-1,-1,-1
649,15,467,84,26,17,1,-1,-1,-1
649,75,595,75,28,13,1,-1,-1,-1
649,80,504,69,15,19,1,-1,-1,-1
649,87,121,483,90,56,1,-1,-1,-1
649,89,292,303,67,89,1,-1,-1,-1
649,90,403,254,44,67,1,-1,-1,-1
649,91,293,217,43,63,1,-1,-1,-1
649,92,373,185,32,36,1,-1,-1,-1
649,99,428,79,32,15,1,-1,-1,-1
649,101,484,63,31,15,1,-1,-1,-1
649,102,458,61,24,13,1,-1,-1,-1
649,103,437,59,15,17,1,-1,-1,-1
650,6,493,98,20,21,1,-1,-1,-1
650,15,467,84,26,17,1,-1,-1,-1
650,75,595,73,28,13,1,-1,-1,-1
650,80,504,69,15,19,1,-1,-1,-1
650,87,123,491,87,48,1,-1,-1,-1
650,89,286,304,75,102,1,-1,-1,-1
650,90,402,253,49,75,1,-1,-1,-1
650,91,292,216,45,67,1,-1,-1,-1
650,92,371,185,36,43,1,-1,-1,-1
650,99,428,79,32,15,1,-1,-1,-1
650,101,483,63,31,15,1,-1,-1,-1
650,102,458,61,24,13,1,-1,-1,-1
650,103,438,59,15,17,1,-1,-1,-1
651,6,493,98,20,21,1,-1,-1,-1
651,15,467,85,26,17,1,-1,-1,-1
651,75,596,73,28,13,1,-1,-1,-1
651,80,504,69,15,19,1,-1,-1,-1
651,89,284,310,71,96,1,-1,-1,-1
651,90,400,256,49,75,1,-1,-1,-1
651,91,289,219,44,67,1,-1,-1,-1
651,92,369,184,38,48,1,-1,-1,-1
651,99,428,79,32,15,1,-1,-1,-1
651,101,483,63,31,15,1,-1,-1,-1
651,102,459,59,24,13,1,-1,-1,-1
651,103,438,59,15,17,1,-1,-1,-1
652,6,493,98,20,21,1,-1,-1,-1
652,15,467,84,26,17,1,-1,-1,-1
652,75,596,73,28,13,1,-1,-1,-1
652,80,504,69,15,19,1,-1,-1,-1
652,89,282,314,73,95,1,-1,-1,-1
652,90,399,260,50,77,1,-1,-1,-1
652,91,287,223,44,65,1,-1,-1,-1
652,92,369,185,37,48,1,-1,-1,-1
652,99,428,79,31,15,1,-1,-1,-1
652,101,483,63,31,15,1,-1,-1,-1
652,102,461,60,24,13,1,-1,-1,-1
652,103,438,59,15,17,1,-1,-1,-1
653,6,493,96,20,21,1,-1,-1,-1
653,15,468,84,26,17,1,-1,-1,-1
653,75,599,73,28,13,1,-1,-1,-1
653,80,505,67,15,19,1,-1,-1,-1
653,89,280,318,74,96,1,-1,-1,-1
653,90,398,262,53,81,1,-1,-1,-1
653,91,287,223,44,65,1,-1,-1,-1
653,92,369,190,37,48,1,-1,-1,-1
653,99,428,79,31,15,1,-1,-1,-1
653,101,484,61,30,15,1,-1,-1,-1
653,102,461,59,23,13,1,-1,-1,-1
653,103,438,59,15,17,1,-1,-1,-1
654,6,495,96,20,21,1,-1,-1,-1
654,15,467,84,26,17,1,-1,-1,-1
654,75,599,73,27,13,1,-1,-1,-1
654,80,504,69,15,19,1,-1,-1,-1
654,89,278,319,76,100,1,-1,-1,-1
654,90,398,266,53,81,1,-1,-1,-1
654,91,283,227,45,67,1,-1,-1,-1
654,92,368,190,37,48,1,-1,-1,-1
654,99,428,79,31,15,1,-1,-1,-1
654,101,484,61,30,15,1,-1,-1,-1
654,102,462,59,23,13,1,-1,-1,-1
654,103,438,59,15,17,1,-1,-1,-1
655,6,493,96,20,21,1,-1,-1,-1
655,15,467,84,26,17,1,-1,-1,-1
655,75,602,73,27,13,1,-1,-1,-1
655,80,504,67,15,19,1,-1,-1,-1
655,89,275,322,76,102,1,-1,-1,-1
655,90,394,268,56,86,1,-1,-1,-1
655,91,283,231,44,67,1,-1,-1,-1
655,92,365,194,36,46,1,-1,-1,-1
655,99,428,79,32,15,1,-1,-1,-1
655,101,484,61,31,15,1,-1,-1,-1
655,102,461,59,23,13,1,-1,-1,-1
655,103,438,59,15,17,1,-1,-1,-1
656,6,493,96,20,21,1,-1,-1,-1
656,15,467,84,26,17,1,-1,-1,-1
656,75,602,71,27,13,1,-1,-1,-1
656,80,505,67,15,19,1,-1,-1,-1
656,89,271,327,79,101,1,-1,-1,-1
656,90,394,273,56,86,1,-1,-1,-1
656,91,278,233,45,67,1,-1,-1,-1
656,92,364,196,37,48,1,-1,-1,-1
656,99,428,77,31,15,1,-1,-1,-1
656,101,484,61,31,15,1,-1,-1,-1
656,102,462,59,23,13,1,-1,-1,-1
656,103,440,59,15,17,1,-1,-1,-1
657,6,495,96,20,21,1,-1,-1,-1
657,15,467,84,26,17,1,-1,-1,-1
657,75,603,71,27,13,1,-1,-1,-1
657,80,504,67,15,19,1,-1,-1,-1
657,89,269,330,80,107,1,-1,-1,-1
657,90,391,279,56,86,1,-1,-1,-1
657,91,275,235,49,73,1,-1,-1,-1
657,92,363,198,40,50,1,-1,-1,-1
657,99,428,77,31,15,1,-1,-1,-1
657,101,483,61,30,15,1,-1,-1,-1
657,102,462,59,23,13,1,-1,-1,-1
657,103,440,59,15,17,1,-1,-1,-1
658,6,493,96,20,21,1,-1,-1,-1
658,15,465,81,29,19,1,-1,-1,-1
658,75,603,71,27,13,1,-1,-1,-1
658,80,504,67,15,19,1,-1,-1,-1
658,89,266,333,81,109,1,-1,-1,-1
658,90,390,283,57,88,1,-1,-1,-1
658,91,271,239,54,72,1,-1,-1,-1
658,92,361,200,40,52,1,-1,-1,-1
658,99,427,77,31,15,1,-1,-1,-1
658,101,484,61,30,15,1,-1,-1,-1
658,102,462,59,23,13,1,-1,-1,-1
658,103,440,57,15,17,1,-1,-1,-1
659,6,493,94,20,21,1,-1,-1,-1
659,15,464,81,28,19,1,-1,-1,-1
659,75,604,71,27,13,1,-1,-1,-1
659,80,502,67,18,20,1,-1,-1,-1
659,89,265,334,82,114,1,-1,-1,-1
659,90,390,285,60,90,1,-1,-1,-1
659,91,270,241,53,75,1,-1,-1,-1
659,92,360,202,44,55,1,-1,-1,-1
659,99,425,77,32,15,1,-1,-1,-1
659,101,484,61,30,15,1,-1,-1,-1
659,102,462,59,23,13,1,-1,-1,-1
659,103,438,59,15,17,1,-1,-1,-1
660,6,493,94,20,21,1,-1,-1,-1
660,15,464,81,28,19,1,-1,-1,-1
660,75,604,71,27,13,1,-1,-1,-1
660,80,501,67,18,19,1,-1,-1,-1
660,89,259,337,87,117,1,-1,-1,-1
660,90,387,289,59,90,1,-1,-1,-1
660,91,266,242,57,76,1,-1,-1,-1
660,92,359,204,41,53,1,-1,-1,-1
660,93,891,488,106,51,1,-1,-1,-1
660,99,425,77,32,15,1,-1,-1,-1
660,101,484,61,31,15,1,-1,-1,-1
660,102,463,59,23,11,1,-1,-1,-1
660,103,438,59,15,17,1,-1,-1,-1
661,6,493,94,20,21,1,-1,-1,-1
661,15,464,81,27,19,1,-1,-1,-1
661,75,606,71,27,13,1,-1,-1,-1
661,80,501,67,18,19,1,-1,-1,-1
661,89,258,341,87,117,1,-1,-1,-1
661,90,385,293,62,89,1,-1,-1,-1
661,91,264,248,57,75,1,-1,-1,-1
661,92,359,206,44,55,1,-1,-1,-1
661,93,884,476,122,62,1,-1,-1,-1
661,99,425,77,32,15,1,-1,-1,-1
661,101,484,61,31,15,1,-1,-1,-1
661,102,463,57,23,13,1,-1,-1,-1
661,103,440,57,15,17,1,-1,-1,-1
662,6,492,92,19,21,1,-1,-1,-1
662,15,464,81,27,19,1,-1,-1,-1
662,75,607,71,27,13,1,-1,-1,-1
662,80,503,66,19,21,1,-1,-1,-1
662,89,254,345,88,118,1,-1,-1,-1
662,90,382,297,62,94,1,-1,-1,-1
662,91,260,251,58,75,1,-1,-1,-1
662,92,359,210,41,52,1,-1,-1,-1
662,93,878,471,122,67,1,-1,-1,-1
662,99,425,77,31,15,1,-1,-1,-1
662,101,485,61,31,15,1,-1,-1,-1
662,102,462,57,23,13,1,-1,-1,-1
662,103,440,59,15,17,1,-1,-1,-1
663,6,492,94,19,21,1,-1,-1,-1
663,15,464,79,28,19,1,-1,-1,-1
663,75,608,69,27,13,1,-1,-1,-1
663,80,502,67,18,19,1,-1,-1,-1
663,89,250,350,90,122,1,-1,-1,-1
663,90,381,302,64,91,1,-1,-1,-1
663,91,257,252,59,81,1,-1,-1,-1
663,92,355,214,43,54,1,-1,-1,-1
663,93,871,459,130,79,1,-1,-1,-1
663,99,425,77,31,15,1,-1,-1,-1
663,101,484,61,31,15,1,-1,-1,-1
663,102,463,59,23,13,1,-1,-1,-1
663,103,440,59,15,17,1,-1,-1,-1
664,6,493,92,19,21,1,-1,-1,-1
664,15,464,79,28,19,1,-1,-1,-1
664,75,608,71,27,13,1,-1,-1,-1
664,80,501,65,19,21,1,-1,-1,-1
664,89,248,351,91,125,1,-1,-1,-1
664,90,380,308,63,93,1,-1,-1,-1
664,91,253,258,61,77,1,-1,-1,-1
664,92,356,217,41,52,1,-1,-1,-1
664,93,867,447,135,91,1,-1,-1,-1
664,99,425,75,31,15,1,-1,-1,-1
664,101,484,61,31,15,1,-1,-1,-1
664,102,464,57,23,13,1,-1,-1,-1
664,103,440,59,14,17,1,-1,-1,-1
665,6,492,92,19,21,1,-1,-1,-1
665,15,463,79,28,19,1,-1,-1,-1
665,75,609,69,27,13,1,-1,-1,-1
665,80,501,65,18,19,1,-1,-1,-1
665,89,245,353,93,129,1,-1,-1,-1
665,90,377,312,64,94,1,-1,-1,-1
665,91,249,262,61,77,1,-1,-1,-1
665,92,352,217,44,56,1,-1,-1,-1
665,93,858,437,137,100,1,-1,-1,-1
665,99,423,76,35,15,1,-1,-1,-1
665,101,484,61,31,15,1,-1,-1,-1
665,102,464,57,23,13,1,-1,-1,-1
665,103,440,59,14,17,1,-1,-1,-1
666,6,492,92,19,21,1,-1,-1,-1
666,15,464,79,27,19,1,-1,-1,-1
666,75,609,69,27,13,1,-1,-1,-1
666,80,502,65,18,19,1,-1,-1,-1
666,89,241,360,93,125,1,-1,-1,-1
666,90,376,318,66,96,1,-1,-1,-1
666,91,246,263,62,79,1,-1,-1,-1
666,92,351,219,44,55,1,-1,-1,-1
666,93,852,429,133,109,1,-1,-1,-1
666,99,423,75,35,15,1,-1,-1,-1
666,101,484,61,31,15,1,-1,-1,-1
666,102,463,57,23,13,1,-1,-1,-1
666,103,440,59,14,17,1,-1,-1,-1
667,6,492,92,19,21,1,-1,-1,-1
667,15,463,79,28,19,1,-1,-1,-1
667,75,611,69,27,13,1,-1,-1,-1
667,80,502,65,18,19,1,-1,-1,-1
667,89,237,360,99,135,1,-1,-1,-1
667,90,373,322,67,100,1,-1,-1,-1
667,91,243,269,62,79,1,-1,-1,-1
667,92,350,223,44,55,1,-1,-1,-1
667,93,846,419,135,120,1,-1,-1,-1
667,99,423,75,35,15,1,-1,-1,-1
667,101,484,61,31,15,1,-1,-1,-1
667,102,464,57,23,13,1,-1,-1,-1
667,103,441,59,14,17,1,-1,-1,-1
668,6,492,90,19,21,1,-1,-1,-1
668,15,463,79,28,19,1,-1,-1,-1
668,75,611,69,27,13,1,-1,-1,-1
668,80,502,65,18,19,1,-1,-1,-1
668,89,231,370,100,138,1,-1,-1,-1
668,90,370,329,70,102,1,-1,-1,-1
668,91,239,271,62,79,1,-1,-1,-1
668,92,347,226,47,57,1,-1,-1,-1
668,93,844,407,125,119,1,-1,-1,-1
668,99,421,75,35,15,1,-1,-1,-1
668,101,484,61,31,15,1,-1,-1,-1
668,102,466,57,23,13,1,-1,-1,-1
668,103,440,59,14,17,1,-1,-1,-1
669,6,492,92,19,21,1,-1,-1,-1
669,15,463,79,28,19,1,-1,-1,-1
669,75,612,69,27,13,1,-1,-1,-1
669,80,501,65,18,19,1,-1,-1,-1
669,89,231,372,100,138,1,-1,-1,-1
669,90,369,335,70,104,1,-1,-1,-1
669,91,235,276,65,80,1,-1,-1,-1
669,92,347,227,47,59,1,-1,-1,-1
669,93,838,399,122,115,1,-1,-1,-1
669,99,421,75,35,15,1,-1,-1,-1
669,101,485,60,32,15,1,-1,-1,-1
669,102,464,57,23,13,1,-1,-1,-1
669,103,440,59,14,17,1,-1,-1,-1
670,6,492,90,19,21,1,-1,-1,-1
670,15,463,77,28,19,1,-1,-1,-1
670,80,501,65,19,21,1,-1,-1,-1
670,89,224,379,100,138,1,-1,-1,-1
670,90,369,338,67,111,1,-1,-1,-1
670,91,228,283,65,82,1,-1,-1,-1
670,92,344,231,47,59,1,-1,-1,-1
670,93,833,392,121,109,1,-1,-1,-1
670,94,373,62,14,15,1,-1,-1,-1
670,99,420,75,35,15,1,-1,-1,-1
670,101,483,59,35,17,1,-1,-1,-1
670,102,464,57,23,13,1,-1,-1,-1
670,103,441,59,14,17,1,-1,-1,-1
671,6,492,90,19,21,1,-1,-1,-1
671,15,463,77,28,19,1,-1,-1,-1
671,80,501,65,19,21,1,-1,-1,-1
671,89,223,381,101,140,1,-1,-1,-1
671,90,364,342,71,120,1,-1,-1,-1
671,91,227,283,67,86,1,-1,-1,-1
671,92,343,235,49,61,1,-1,-1,-1
671,93,827,384,117,106,1,-1,-1,-1
671,94,373,61,14,15,1,-1,-1,-1
671,99,421,75,35,15,1,-1,-1,-1
671,101,483,57,36,17,1,-1,-1,-1
671,102,466,57,23,13,1,-1,-1,-1
671,103,440,57,14,17,1,-1,-1,-1
672,6,492,90,19,21,1,-1,-1,-1
672,15,463,77,28,19,1,-1,-1,-1
672,80,501,65,18,19,1,-1,-1,-1
672,89,218,385,104,144,1,-1,-1,-1
672,90,363,349,71,118,1,-1,-1,-1
672,91,221,288,69,86,1,-1,-1,-1
672,92,340,237,49,63,1,-1,-1,-1
672,93,824,374,112,107,1,-1,-1,-1
672,94,373,63,14,15,1,-1,-1,-1
672,99,420,75,33,15,1,-1,-1,-1
672,101,483,57,36,17,1,-1,-1,-1
672,102,466,57,23,13,1,-1,-1,-1
672,103,441,59,14,17,1,-1,-1,-1
673,6,492,90,19,21,1,-1,-1,-1
673,15,462,77,28,19,1,-1,-1,-1
673,80,501,65,18,19,1,-1,-1,-1
673,89,210,388,109,151,1,-1,-1,-1
673,90,360,354,74,119,1,-1,-1,-1
673,91,217,290,72,89,1,-1,-1,-1
673,92,339,239,50,63,1,-1,-1,-1
673,93,817,369,112,99,1,-1,-1,-1
673,94,373,63,14,15,1,-1,-1,-1
673,99,420,73,35,15,1,-1,-1,-1
673,101,483,57,36,17,1,-1,-1,-1
673,102,466,57,23,13,1,-1,-1,-1
673,103,440,59,14,17,1,-1,-1,-1
674,6,492,88,19,21,1,-1,-1,-1
674,15,462,77,28,19,1,-1,-1,-1
674,80,501,65,18,19,1,-1,-1,-1
674,89,206,387,116,152,1,-1,-1,-1
674,90,357,360,74,126,1,-1,-1,-1
674,91,212,295,71,88,1,-1,-1,-1
674,92,336,243,52,65,1,-1,-1,-1
674,93,811,360,112,98,1,-1,-1,-1
674,94,373,63,14,15,1,-1,-1,-1
674,99,420,75,35,15,1,-1,-1,-1
674,101,483,57,36,17,1,-1,-1,-1
674,102,467,57,23,13,1,-1,-1,-1
674,103,441,59,14,17,1,-1,-1,-1
675,6,492,90,19,21,1,-1,-1,-1
675,15,463,77,28,19,1,-1,-1,-1
675,80,501,63,18,19,1,-1,-1,-1
675,89,198,397,116,142,1,-1,-1,-1
675,90,353,368,77,131,1,-1,-1,-1
675,91,207,297,75,93,1,-1,-1,-1
675,92,335,246,52,65,1,-1,-1,-1
675,93,807,352,109,96,1,-1,-1,-1
675,94,374,63,14,15,1,-1,-1,-1
675,99,420,73,35,15,1,-1,-1,-1
675,101,483,57,36,17,1,-1,-1,-1
675,102,467,55,23,13,1,-1,-1,-1
675,103,441,57,14,17,1,-1,-1,-1
676,6,492,88,19,21,1,-1,-1,-1
676,15,462,77,28,19,1,-1,-1,-1
676,80,501,63,18,19,1,-1,-1,-1
676,89,198,401,116,138,1,-1,-1,-1
676,90,350,374,81,132,1,-1,-1,-1
676,91,202,301,76,93,1,-1,-1,-1
676,92,333,250,53,67,1,-1,-1,-1
676,93,805,347,106,94,1,-1,-1,-1
676,94,373,65,14,15,1,-1,-1,-1
676,99,420,73,35,15,1,-1,-1,-1
676,101,481,57,36,17,1,-1,-1,-1
676,102,467,55,23,13,1,-1,-1,-1
676,103,441,59,14,17,1,-1,-1,-1
677,6,492,88,19,21,1,-1,-1,-1
677,15,462,77,28,19,1,-1,-1,-1
677,80,501,63,18,19,1,-1,-1,-1
677,89,189,408,117,131,1,-1,-1,-1
677,90,347,379,84,136,1,-1,-1,-1
677,91,195,306,81,98,1,-1,-1,-1
677,92,333,252,54,69,1,-1,-1,-1
677,93,801,342,100,86,1,-1,-1,-1
677,94,373,65,14,15,1,-1,-1,-1
677,99,417,73,35,15,1,-1,-1,-1
677,101,485,59,34,15,1,-1,-1,-1
677,102,467,55,23,13,1,-1,-1,-1
677,103,441,57,14,17,1,-1,-1,-1
678,6,492,88,19,21,1,-1,-1,-1
678,15,462,75,28,19,1,-1,-1,-1
678,80,501,63,18,19,1,-1,-1,-1
678,89,192,416,113,123,1,-1,-1,-1
678,90,342,385,87,146,1,-1,-1,-1
678,91,190,309,83,101,1,-1,-1,-1
678,92,331,254,54,69,1,-1,-1,-1
678,93,797,333,99,87,1,-1,-1,-1
678,94,373,65,14,15,1,-1,-1,-1
678,99,417,73,35,15,1,-1,-1,-1
678,101,486,59,34,16,1,-1,-1,-1
678,102,467,55,23,13,1,-1,-1,-1
678,103,441,57,14,17,1,-1,-1,-1
679,6,492,88,19,21,1,-1,-1,-1
679,15,462,75,28,19,1,-1,-1,-1
679,80,501,63,18,19,1,-1,-1,-1
679,89,181,418,122,121,1,-1,-1,-1
679,90,338,395,90,144,1,-1,-1,-1
679,91,183,315,86,103,1,-1,-1,-1
679,92,332,254,52,71,1,-1,-1,-1
679,93,794,326,97,85,1,-1,-1,-1
679,94,373,65,14,15,1,-1,-1,-1
679,99,419,73,35,15,1,-1,-1,-1
679,101,487,58,33,16,1,-1,-1,-1
679,102,467,57,23,13,1,-1,-1,-1
679,103,441,57,14,17,1,-1,-1,-1
680,6,492,86,19,21,1,-1,-1,-1
680,15,462,75,28,19,1,-1,-1,-1
680,80,501,63,18,19,1,-1,-1,-1
680,89,181,423,121,116,1,-1,-1,-1
680,90,334,399,87,140,1,-1,-1,-1
680,91,177,321,85,103,1,-1,-1,-1
680,92,330,256,53,71,1,-1,-1,-1
680,93,789,321,96,82,1,-1,-1,-1
680,94,373,65,14,15,1,-1,-1,-1
680,99,416,73,35,15,1,-1,-1,-1
680,101,485,59,34,15,1,-1,-1,-1
680,102,467,55,23,13,1,-1,-1,-1
680,103,441,57,14,17,1,-1,-1,-1
681,6,492,86,19,21,1,-1,-1,-1
681,15,462,75,28,19,1,-1,-1,-1
681,80,501,63,18,19,1,-1,-1,-1
681,89,184,428,115,111,1,-1,-1,-1
681,90,330,408,91,131,1,-1,-1,-1
681,91,171,324,89,109,1,-1,-1,-1
681,92,330,262,53,71,1,-1,-1,-1
681,93,785,313,93,82,1,-1,-1,-1
681,94,373,67,14,15,1,-1,-1,-1
681,99,417,73,33,15,1,-1,-1,-1
681,101,486,57,33,17,1,-1,-1,-1
681,102,467,55,23,13,1,-1,-1,-1
681,103,441,57,14,17,1,-1,-1,-1
682,6,492,86,19,21,1,-1,-1,-1
682,15,462,75,28,19,1,-1,-1,-1
682,80,501,63,18,19,1,-1,-1,-1
682,89,180,433,113,106,1,-1,-1,-1
682,90,329,420,87,119,1,-1,-1,-1
682,91,164,328,94,110,1,-1,-1,-1
682,92,329,266,52,71,1,-1,-1,-1
682,93,780,308,91,79,1,-1,-1,-1
682,94,373,67,14,15,1,-1,-1,-1
682,99,416,71,35,15,1,-1,-1,-1
682,101,488,57,33,15,1,-1,-1,-1
682,102,467,55,23,13,1,-1,-1,-1
682,103,441,57,14,17,1,-1,-1,-1
683,6,492,86,19,21,1,-1,-1,-1
683,15,462,75,28,19,1,-1,-1,-1
683,80,501,61,18,19,1,-1,-1,-1
683,89,175,437,118,102,1,-1,-1,-1
683,90,323,426,92,113,1,-1,-1,-1
683,91,157,334,95,114,1,-1,-1,-1
683,92,325,267,55,75,1,-1,-1,-1
683,93,777,303,89,79,1,-1,-1,-1
683,94,373,67,14,15,1,-1,-1,-1
683,99,416,73,35,15,1,-1,-1,-1
683,101,487,57,33,16,1,-1,-1,-1
683,102,467,55,23,13,1,-1,-1,-1
683,103,441,57,14,17,1,-1,-1,-1
684,6,492,84,19,21,1,-1,-1,-1
684,15,462,76,28,19,1,-1,-1,-1
684,80,501,61,18,19,1,-1,-1,-1
684,89,173,445,118,94,1,-1,-1,-1
684,90,323,435,91,104,1,-1,-1,-1
684,91,150,339,97,117,1,-1,-1,-1
684,92,326,270,55,76,1,-1,-1,-1
684,93,771,295,88,79,1,-1,-1,-1
684,94,373,67,16,17,1,-1,-1,-1
684,99,415,71,33,15,1,-1,-1,-1
684,101,486,57,35,16,1,-1,-1,-1
684,102,467,54,23,13,1,-1,-1,-1
684,103,441,57,14,17,1,-1,-1,-1
685,6,492,86,19,21,1,-1,-1,-1
685,15,462,75,28,19,1,-1,-1,-1
685,80,501,61,18,19,1,-1,-1,-1
685,89,165,447,119,92,1,-1,-1,-1
685,90,323,441,88,98,1,-1,-1,-1
685,91,143,347,96,117,1,-1,-1,-1
685,92,324,272,56,78,1,-1,-1,-1
685,93,768,291,87,77,1,-1,-1,-1
685,94,373,67,15,17,1,-1,-1,-1
685,99,415,71,35,15,1,-1,-1,-1
685,101,487,57,33,16,1,-1,-1,-1
685,102,467,54,23,13,1,-1,-1,-1
685,103,441,57,14,17,1,-1,-1,-1
686,6,492,84,19,21,1,-1,-1,-1
686,15,461,73,28,19,1,-1,-1,-1
686,80,501,61,18,19,1,-1,-1,-1
686,89,166,456,120,83,1,-1,-1,-1
686,90,320,450,92,89,1,-1,-1,-1
686,91,134,352,102,121,1,-1,-1,-1
686,92,323,275,55,79,1,-1,-1,-1
686,93,765,285,86,75,1,-1,-1,-1
686,94,373,67,15,17,1,-1,-1,-1
686,99,416,71,32,13,1,-1,-1,-1
686,101,487,57,33,15,1,-1,-1,-1
686,102,467,54,23,13,1,-1,-1,-1
686,103,441,57,14,17,1,-1,-1,-1
687,6,492,84,19,21,1,-1,-1,-1
687,15,461,73,28,19,1,-1,-1,-1
687,80,501,61,18,19,1,-1,-1,-1
687,89,168,458,110,81,1,-1,-1,-1
687,90,321,459,85,80,1,-1,-1,-1
687,91,126,357,106,125,1,-1,-1,-1
687,92,322,279,53,76,1,-1,-1,-1
687,93,761,281,82,73,1,-1,-1,-1
687,94,373,67,15,17,1,-1,-1,-1
687,99,415,71,33,15,1,-1,-1,-1
687,101,489,57,32,15,1,-1,-1,-1
687,102,468,54,23,13,1,-1,-1,-1
687,103,441,57,14,17,1,-1,-1,-1
688,6,492,84,19,21,1,-1,-1,-1
688,15,461,73,27,19,1,-1,-1,-1
688,80,501,61,18,19,1,-1,-1,-1
688,89,172,466,106,73,1,-1,-1,-1
688,90,325,470,79,69,1,-1,-1,-1
688,91,118,364,112,127,1,-1,-1,-1
688,92,319,282,58,77,1,-1,-1,-1
688,93,759,277,80,67,1,-1,-1,-1
688,94,373,69,15,17,1,-1,-1,-1
688,99,415,70,35,15,1,-1,-1,-1
688,101,488,57,31,15,1,-1,-1,-1
688,102,468,54,23,13,1,-1,-1,-1
688,103,441,57,14,17,1,-1,-1,-1
689,6,492,82,19,21,1,-1,-1,-1
689,15,461,71,27,19,1,-1,-1,-1
689,80,501,59,18,19,1,-1,-1,-1
689,89,172,471,100,68,1,-1,-1,-1
689,90,322,484,78,55,1,-1,-1,-1
689,91,111,369,114,131,1,-1,-1,-1
689,92,320,285,56,82,1,-1,-1,-1
689,93,757,271,77,67,1,-1,-1,-1
689,94,373,69,15,17,1,-1,-1,-1
689,99,414,71,35,15,1,-1,-1,-1
689,101,488,57,31,15,1,-1,-1,-1
689,102,470,52,23,13,1,-1,-1,-1
689,103,441,57,14,17,1,-1,-1,-1
690,6,492,82,19,21,1,-1,-1,-1
690,15,461,72,27,19,1,-1,-1,-1
690,80,501,59,18,19,1,-1,-1,-1
690,89,168,477,101,62,1,-1,-1,-1
690,91,104,374,114,135,1,-1,-1,-1
690,92,318,288,57,84,1,-1,-1,-1
690,93,753,264,77,69,1,-1,-1,-1
690,94,373,69,15,17,1,-1,-1,-1
690,99,412,69,36,15,1,-1,-1,-1
690,101,489,57,31,15,1,-1,-1,-1
690,102,470,54,23,13,1,-1,-1,-1
690,103,441,57,14,17,1,-1,-1,-1
691,6,492,82,19,21,1,-1,-1,-1
691,15,462,73,27,19,1,-1,-1,-1
691,80,501,59,18,19,1,-1,-1,-1
691,89,166,484,100,55,1,-1,-1,-1
691,91,94,381,119,139,1,-1,-1,-1
691,92,314,293,60,81,1,-1,-1,-1
691,93,748,260,77,69,1,-1,-1,-1
691,94,373,69,15,17,1,-1,-1,-1
691,99,412,69,36,15,1,-1,-1,-1
691,101,489,55,31,15,1,-1,-1,-1
691,102,470,54,23,13,1,-1,-1,-1
691,103,441,57,14,17,1,-1,-1,-1
692,6,492,81,19,21,1,-1,-1,-1
692,15,461,71,27,19,1,-1,-1,-1
692,80,501,59,18,19,1,-1,-1,-1
692,91,83,390,123,141,1,-1,-1,-1
692,92,313,294,59,90,1,-1,-1,-1
692,93,746,259,77,62,1,-1,-1,-1
692,94,373,69,15,17,1,-1,-1,-1
692,99,411,69,36,15,1,-1,-1,-1
692,101,489,55,32,15,1,-1,-1,-1
692,102,471,52,23,13,1,-1,-1,-1
692,103,439,55,18,17,1,-1,-1,-1
693,6,492,81,19,21,1,-1,-1,-1
693,15,461,71,27,19,1,-1,-1,-1
693,80,501,59,18,19,1,-1,-1,-1
693,91,74,392,128,147,1,-1,-1,-1
693,92,313,299,59,90,1,-1,-1,-1
693,93,741,254,77,61,1,-1,-1,-1
693,94,373,71,15,17,1,-1,-1,-1
693,99,411,69,35,15,1,-1,-1,-1
693,101,490,55,32,15,1,-1,-1,-1
693,102,471,52,23,13,1,-1,-1,-1
693,103,438,55,18,17,1,-1,-1,-1
694,6,492,81,19,21,1,-1,-1,-1
694,15,459,71,27,19,1,-1,-1,-1
694,80,501,59,18,19,1,-1,-1,-1
694,91,61,403,135,136,1,-1,-1,-1
694,92,312,302,58,90,1,-1,-1,-1
694,93,739,250,74,59,1,-1,-1,-1
694,94,373,71,15,17,1,-1,-1,-1
694,99,411,69,35,15,1,-1,-1,-1
694,101,490,55,35,15,1,-1,-1,-1
694,102,471,52,23,13,1,-1,-1,-1
694,103,440,55,18,17,1,-1,-1,-1
695,6,492,79,19,21,1,-1,-1,-1
695,15,459,69,27,19,1,-1,-1,-1
695,80,501,59,18,19,1,-1,-1,-1
695,91,53,408,138,131,1,-1,-1,-1
695,92,312,308,58,90,1,-1,-1,-1
695,93,736,246,73,57,1,-1,-1,-1
695,94,373,71,15,17,1,-1,-1,-1
695,99,411,69,35,15,1,-1,-1,-1
695,101,492,54,35,17,1,-1,-1,-1
695,102,471,52,23,13,1,-1,-1,-1
695,103,440,54,18,17,1,-1,-1,-1
696,6,491,79,19,21,1,-1,-1,-1
696,15,459,69,27,19,1,-1,-1,-1
696,80,501,59,18,19,1,-1,-1,-1
696,91,43,417,143,122,1,-1,-1,-1
696,92,308,308,62,100,1,-1,-1,-1
696,93,734,241,73,57,1,-1,-1,-1
696,94,373,71,15,17,1,-1,-1,-1
696,99,410,69,33,15,1,-1,-1,-1
696,101,492,53,32,15,1,-1,-1,-1
696,102,471,52,23,13,1,-1,-1,-1
696,103,440,55,18,17,1,-1,-1,-1
697,6,492,79,19,21,1,-1,-1,-1
697,15,459,69,27,19,1,-1,-1,-1
697,80,501,57,18,19,1,-1,-1,-1
697,91,33,423,144,116,1,-1,-1,-1
697,92,306,313,64,102,1,-1,-1,-1
697,93,730,237,73,57,1,-1,-1,-1
697,94,373,73,15,17,1,-1,-1,-1
697,99,410,67,35,15,1,-1,-1,-1
697,101,494,54,32,15,1,-1,-1,-1
697,102,472,52,23,13,1,-1,-1,-1
697,103,438,54,18,17,1,-1,-1,-1
698,6,492,79,19,21,1,-1,-1,-1
698,15,459,69,27,19,1,-1,-1,-1
698,80,501,57,18,19,1,-1,-1,-1
698,91,28,436,144,103,1,-1,-1,-1
698,92,305,320,62,96,1,-1,-1,-1
698,93,729,233,71,56,1,-1,-1,-1
698,94,373,72,19,20,1,-1,-1,-1
698,99,408,67,35,15,1,-1,-1,-1
698,101,495,54,32,15,1,-1,-1,-1
698,102,472,52,23,13,1,-1,-1,-1
698,103,440,54,18,17,1,-1,-1,-1
699,6,492,77,18,19,1,-1,-1,-1
699,15,459,69,27,19,1,-1,-1,-1
699,80,501,57,18,19,1,-1,-1,-1
699,91,16,443,150,96,1,-1,-1,-1
699,92,304,324,65,98,1,-1,-1,-1
699,93,726,229,68,55,1,-1,-1,-1
699,94,373,71,19,19,1,-1,-1,-1
699,99,407,67,36,15,1,-1,-1,-1
699,101,495,54,32,15,1,-1,-1,-1
699,102,474,52,23,13,1,-1,-1,-1
699,103,440,54,18,17,1,-1,-1,-1
700,6,491,77,19,21,1,-1,-1,-1
700,15,458,69,27,19,1,-1,-1,-1
700,80,501,57,18,19,1,-1,-1,-1
700,91,17,452,141,87,1,-1,-1,-1
700,92,303,329,65,98,1,-1,-1,-1
700,93,723,226,69,54,1,-1,-1,-1
700,94,373,73,19,19,1,-1,-1,-1
700,99,408,67,36,15,1,-1,-1,-1
700,101,496,53,33,15,1,-1,-1,-1
700,102,474,52,23,13,1,-1,-1,-1
700,103,440,54,18,17,1,-1,-1,-1
701,6,491,77,19,21,1,-1,-1,-1
701,15,458,67,27,19,1,-1,-1,-1
701,80,501,57,18,19,1,-1,-1,-1
701,91,12,462,137,77,1,-1,-1,-1
701,92,300,331,67,105,1,-1,-1,-1
701,93,721,223,66,51,1,-1,-1,-1
701,94,373,73,19,19,1,-1,-1,-1
701,99,407,67,35,15,1,-1,-1,-1
701,101,497,53,32,15,1,-1,-1,-1
701,102,475,52,23,13,1,-1,-1,-1
701,103,440,52,18,17,1,-1,-1,-1
702,6,491,75,19,21,1,-1,-1,-1
702,15,458,67,27,19,1,-1,-1,-1
702,80,501,57,18,19,1,-1,-1,-1
702,91,11,468,132,70,1,-1,-1,-1
702,92,299,333,66,114,1,-1,-1,-1
702,93,718,219,68,53,1,-1,-1,-1
702,94,373,73,19,19,1,-1,-1,-1
702,99,407,67,33,15,1,-1,-1,-1
702,101,498,53,31,15,1,-1,-1,-1
702,102,475,51,23,13,1,-1,-1,-1
702,103,440,54,18,17,1,-1,-1,-1
703,6,491,75,19,21,1,-1,-1,-1
703,15,458,67,27,19,1,-1,-1,-1
703,80,501,55,18,19,1,-1,-1,-1
703,91,9,482,122,57,1,-1,-1,-1
703,92,298,338,68,115,1,-1,-1,-1
703,93,716,216,65,51,1,-1,-1,-1
703,94,373,75,19,19,1,-1,-1,-1
703,99,406,65,35,15,1,-1,-1,-1
703,101,501,54,31,15,1,-1,-1,-1
703,102,474,52,26,13,1,-1,-1,-1
703,103,440,52,18,17,1,-1,-1,-1
704,6,492,75,19,21,1,-1,-1,-1
704,15,458,67,27,19,1,-1,-1,-1
704,80,501,55,18,19,1,-1,-1,-1
704,92,296,340,69,125,1,-1,-1,-1
704,93,714,214,64,49,1,-1,-1,-1
704,94,373,75,19,19,1,-1,-1,-1
704,99,406,65,35,15,1,-1,-1,-1
704,101,500,53,32,15,1,-1,-1,-1
704,102,475,50,26,13,1,-1,-1,-1
704,103,441,52,18,17,1,-1,-1,-1
705,6,492,75,19,21,1,-1,-1,-1
705,15,458,65,27,19,1,-1,-1,-1
705,80,501,55,18,19,1,-1,-1,-1
705,92,293,348,75,125,1,-1,-1,-1
705,93,712,210,62,47,1,-1,-1,-1
705,94,373,75,19,19,1,-1,-1,-1
705,99,404,65,35,15,1,-1,-1,-1
705,101,501,54,31,15,1,-1,-1,-1
705,102,475,50,27,13,1,-1,-1,-1
705,103,441,54,18,17,1,-1,-1,-1
706,6,492,75,19,21,1,-1,-1,-1
706,15,458,67,27,19,1,-1,-1,-1
706,80,501,55,18,19,1,-1,-1,-1
706,92,291,349,75,131,1,-1,-1,-1
706,93,709,206,60,47,1,-1,-1,-1
706,94,373,75,19,19,1,-1,-1,-1
706,99,404,65,35,15,1,-1,-1,-1
706,101,505,53,32,16,1,-1,-1,-1
706,102,475,49,27,13,1,-1,-1,-1
706,103,440,54,18,17,1,-1,-1,-1
707,6,491,73,19,21,1,-1,-1,-1
707,15,458,65,27,19,1,-1,-1,-1
707,80,501,55,18,19,1,-1,-1,-1
707,92,288,355,77,132,1,-1,-1,-1
707,93,706,202,60,46,1,-1,-1,-1
707,94,373,76,19,19,1,-1,-1,-1
707,99,403,65,35,15,1,-1,-1,-1
707,101,503,52,34,15,1,-1,-1,-1
707,102,477,50,26,13,1,-1,-1,-1
707,103,440,52,18,17,1,-1,-1,-1
708,6,492,73,19,21,1,-1,-1,-1
708,15,457,65,27,19,1,-1,-1,-1
708,80,501,55,18,19,1,-1,-1,-1
708,92,286,360,78,135,1,-1,-1,-1
708,93,702,198,60,46,1,-1,-1,-1
708,94,372,76,19,19,1,-1,-1,-1
708,99,403,65,35,15,1,-1,-1,-1
708,101,505,52,33,16,1,-1,-1,-1
708,102,476,50,27,13,1,-1,-1,-1
708,103,440,52,18,17,1,-1,-1,-1
709,6,491,73,19,21,1,-1,-1,-1
709,15,458,65,27,19,1,-1,-1,-1
709,80,501,55,18,19,1,-1,-1,-1
709,92,283,366,82,140,1,-1,-1,-1
709,93,701,194,60,46,1,-1,-1,-1
709,94,372,77,19,19,1,-1,-1,-1
709,99,403,63,35,15,1,-1,-1,-1
709,101,504,52,35,16,1,-1,-1,-1
709,102,476,50,27,13,1,-1,-1,-1
709,103,440,52,18,17,1,-1,-1,-1
710,6,491,73,19,21,1,-1,-1,-1
710,15,457,65,27,19,1,-1,-1,-1
710,80,501,54,18,19,1,-1,-1,-1
710,92,280,372,83,142,1,-1,-1,-1
710,93,700,192,57,44,1,-1,-1,-1
710,94,372,76,19,19,1,-1,-1,-1
710,99,400,63,35,15,1,-1,-1,-1
710,101,505,52,33,15,1,-1,-1,-1
710,102,476,49,27,13,1,-1,-1,-1
710,103,440,52,18,17,1,-1,-1,-1
711,6,492,71,19,21,1,-1,-1,-1
711,15,457,63,27,19,1,-1,-1,-1
711,80,501,54,18,19,1,-1,-1,-1
711,92,278,379,84,146,1,-1,-1,-1
711,93,697,189,57,44,1,-1,-1,-1
711,94,372,79,19,19,1,-1,-1,-1
711,99,400,63,35,15,1,-1,-1,-1
711,101,510,52,30,14,1,-1,-1,-1
711,102,476,48,27,13,1,-1,-1,-1
711,103,440,52,18,17,1,-1,-1,-1
712,6,491,71,19,21,1,-1,-1,-1
712,15,457,63,27,19,1,-1,-1,-1
712,80,501,52,18,19,1,-1,-1,-1
712,92,275,387,87,148,1,-1,-1,-1
712,93,696,187,54,42,1,-1,-1,-1
712,94,371,76,21,23,1,-1,-1,-1
712,99,399,63,35,15,1,-1,-1,-1
712,101,512,52,30,13,1,-1,-1,-1
712,102,475,48,27,13,1,-1,-1,-1
712,103,440,50,18,17,1,-1,-1,-1
713,6,492,71,19,21,1,-1,-1,-1
713,15,455,63,28,19,1,-1,-1,-1
713,80,501,54,18,19,1,-1,-1,-1
713,92,272,393,87,146,1,-1,-1,-1
713,93,693,183,53,42,1,-1,-1,-1
713,94,370,77,20,23,1,-1,-1,-1
713,99,399,61,35,15,1,-1,-1,-1
713,101,513,52,30,13,1,-1,-1,-1
713,102,476,48,27,13,1,-1,-1,-1
713,103,440,50,18,17,1,-1,-1,-1
714,6,489,69,19,21,1,-1,-1,-1
714,15,455,63,27,19,1,-1,-1,-1
714,80,501,52,18,19,1,-1,-1,-1
714,92,280,397,79,142,1,-1,-1,-1
714,93,690,181,53,42,1,-1,-1,-1
714,94,370,77,20,23,1,-1,-1,-1
714,99,398,63,35,15,1,-1,-1,-1
714,101,514,52,31,15,1,-1,-1,-1
714,102,478,48,27,13,1,-1,-1,-1
714,103,441,50,18,17,1,-1,-1,-1
715,6,492,69,19,21,1,-1,-1,-1
715,15,455,63,27,19,1,-1,-1,-1
715,80,501,52,18,19,1,-1,-1,-1
715,92,266,408,94,131,1,-1,-1,-1
715,93,688,177,53,42,1,-1,-1,-1
715,94,370,77,20,23,1,-1,-1,-1
715,99,398,61,35,15,1,-1,-1,-1
715,101,515,50,30,16,1,-1,-1,-1
715,102,479,48,26,13,1,-1,-1,-1
715,103,441,50,18,17,1,-1,-1,-1
716,6,491,69,19,21,1,-1,-1,-1
716,15,453,63,30,19,1,-1,-1,-1
716,80,501,52,18,19,1,-1,-1,-1
716,92,269,409,89,130,1,-1,-1,-1
716,93,687,175,53,42,1,-1,-1,-1
716,94,370,77,20,23,1,-1,-1,-1
716,99,397,61,35,15,1,-1,-1,-1
716,101,513,51,34,15,1,-1,-1,-1
716,102,479,46,27,13,1,-1,-1,-1
716,103,441,50,18,17,1,-1,-1,-1
717,6,491,67,19,21,1,-1,-1,-1
717,15,453,63,30,19,1,-1,-1,-1
717,80,501,50,18,19,1,-1,-1,-1
717,92,263,416,97,123,1,-1,-1,-1
717,93,684,171,53,42,1,-1,-1,-1
717,94,370,79,20,23,1,-1,-1,-1
717,99,395,61,35,15,1,-1,-1,-1
717,101,514,50,34,15,1,-1,-1,-1
717,102,479,46,27,13,1,-1,-1,-1
717,103,442,51,18,17,1,-1,-1,-1
718,6,491,67,19,21,1,-1,-1,-1
718,15,453,63,28,17,1,-1,-1,-1
718,80,501,50,18,19,1,-1,-1,-1
718,92,258,426,101,113,1,-1,-1,-1
718,93,681,169,52,40,1,-1,-1,-1
718,94,369,79,20,23,1,-1,-1,-1
718,99,395,61,35,15,1,-1,-1,-1
718,101,515,50,34,15,1,-1,-1,-1
718,102,479,46,27,13,1,-1,-1,-1
718,103,442,50,18,17,1,-1,-1,-1
719,6,490,68,19,21,1,-1,-1,-1
719,15,453,61,30,19,1,-1,-1,-1
719,80,501,50,18,19,1,-1,-1,-1
719,92,258,435,98,104,1,-1,-1,-1
719,93,680,167,52,40,1,-1,-1,-1
719,94,369,79,20,23,1,-1,-1,-1
719,99,395,59,35,15,1,-1,-1,-1
719,101,517,50,33,15,1,-1,-1,-1
719,102,480,46,27,13,1,-1,-1,-1
719,103,443,52,18,17,1,-1,-1,-1
720,6,489,67,19,21,1,-1,-1,-1
720,15,453,61,30,19,1,-1,-1,-1
720,80,501,50,18,19,1,-1,-1,-1
720,92,263,441,92,98,1,-1,-1,-1
720,93,679,166,50,39,1,-1,-1,-1
720,94,369,82,20,23,1,-1,-1,-1
720,99,394,61,35,15,1,-1,-1,-1
720,101,518,50,33,16,1,-1,-1,-1
720,102,480,46,27,13,1,-1,-1,-1
720,103,441,50,18,17,1,-1,-1,-1
721,6,491,67,19,21,1,-1,-1,-1
721,15,450,61,31,19,1,-1,-1,-1
721,80,501,50,18,19,1,-1,-1,-1
721,92,262,449,90,90,1,-1,-1,-1
721,93,677,165,50,36,1,-1,-1,-1
721,94,369,82,20,23,1,-1,-1,-1
721,99,393,61,35,15,1,-1,-1,-1
721,101,519,50,33,16,1,-1,-1,-1
721,102,481,46,27,13,1,-1,-1,-1
721,103,441,51,18,17,1,-1,-1,-1
722,6,489,67,19,21,1,-1,-1,-1
722,15,453,61,30,19,1,-1,-1,-1
722,80,501,48,18,19,1,-1,-1,-1
722,92,262,460,87,79,1,-1,-1,-1
722,93,676,160,50,36,1,-1,-1,-1
722,94,369,82,20,23,1,-1,-1,-1
722,99,393,59,35,15,1,-1,-1,-1
722,101,521,50,31,15,1,-1,-1,-1
722,102,483,46,27,13,1,-1,-1,-1
722,103,441,50,18,17,1,-1,-1,-1
723,6,489,65,19,21,1,-1,-1,-1
723,15,452,61,31,18,1,-1,-1,-1
723,80,501,48,18,19,1,-1,-1,-1
723,92,259,467,89,72,1,-1,-1,-1
723,93,673,160,50,37,1,-1,-1,-1
723,94,368,82,20,23,1,-1,-1,-1
723,99,390,59,36,16,1,-1,-1,-1
723,101,520,47,35,18,1,-1,-1,-1
723,102,483,46,27,13,1,-1,-1,-1
723,103,441,50,18,17,1,-1,-1,-1
724,6,488,65,19,21,1,-1,-1,-1
724,15,450,61,28,19,1,-1,-1,-1
724,80,501,48,18,19,1,-1,-1,-1
724,92,258,480,91,59,1,-1,-1,-1
724,93,672,158,48,35,1,-1,-1,-1
724,94,368,84,22,23,1,-1,-1,-1
724,99,389,59,36,15,1,-1,-1,-1
724,101,522,46,35,17,1,-1,-1,-1
724,102,484,46,26,13,1,-1,-1,-1
724,103,441,50,18,17,1,-1,-1,-1
725,6,489,65,19,21,1,-1,-1,-1
725,15,450,59,30,19,1,-1,-1,-1
725,80,501,48,18,19,1,-1,-1,-1
725,93,671,154,49,34,1,-1,-1,-1
725,94,369,84,22,23,1,-1,-1,-1
725,99,390,59,35,15,1,-1,-1,-1
725,101,522,46,36,17,1,-1,-1,-1
725,102,485,46,27,13,1,-1,-1,-1
725,103,441,50,18,17,1,-1,-1,-1
726,6,489,65,19,21,1,-1,-1,-1
726,15,450,59,30,19,1,-1,-1,-1
726,80,501,48,18,19,1,-1,-1,-1
726,93,667,152,49,36,1,-1,-1,-1
726,94,364,84,26,27,1,-1,-1,-1
726,99,389,59,33,15,1,-1,-1,-1
726,101,523,46,35,17,1,-1,-1,-1
726,102,484,44,27,13,1,-1,-1,-1
726,103,441,50,18,17,1,-1,-1,-1
727,6,489,63,19,21,1,-1,-1,-1
727,15,450,59,30,19,1,-1,-1,-1
727,80,501,48,18,19,1,-1,-1,-1
727,93,663,148,49,38,1,-1,-1,-1
727,94,364,84,26,27,1,-1,-1,-1
727,95,627,474,100,65,1,-1,-1,-1
727,99,389,57,33,15,1,-1,-1,-1
727,101,525,46,32,17,1,-1,-1,-1
727,102,485,44,27,13,1,-1,-1,-1
727,103,441,50,18,17,1,-1,-1,-1
728,6,489,65,19,21,1,-1,-1,-1
728,15,450,59,30,19,1,-1,-1,-1
728,80,501,48,18,19,1,-1,-1,-1
728,93,664,148,47,35,1,-1,-1,-1
728,94,364,84,26,27,1,-1,-1,-1
728,95,624,455,105,84,1,-1,-1,-1
728,99,387,57,35,15,1,-1,-1,-1
728,101,526,46,33,17,1,-1,-1,-1
728,102,487,44,27,13,1,-1,-1,-1
728,103,442,50,18,17,1,-1,-1,-1
729,6,488,63,19,21,1,-1,-1,-1
729,15,450,57,30,19,1,-1,-1,-1
729,80,501,48,18,19,1,-1,-1,-1
729,93,663,147,45,33,1,-1,-1,-1
729,94,363,86,27,28,1,-1,-1,-1
729,95,619,440,105,98,1,-1,-1,-1
729,99,386,57,33,15,1,-1,-1,-1
729,101,526,46,35,17,1,-1,-1,-1
729,102,488,44,27,13,1,-1,-1,-1
729,103,442,48,18,17,1,-1,-1,-1
730,6,488,63,19,21,1,-1,-1,-1
730,15,450,57,30,19,1,-1,-1,-1
730,80,501,48,18,19,1,-1,-1,-1
730,93,661,144,43,33,1,-1,-1,-1
730,94,361,86,26,27,1,-1,-1,-1
730,95,615,418,108,120,1,-1,-1,-1
730,99,385,57,36,15,1,-1,-1,-1
730,101,528,46,35,17,1,-1,-1,-1
730,102,488,44,27,13,1,-1,-1,-1
730,103,442,48,18,17,1,-1,-1,-1
731,6,488,61,19,21,1,-1,-1,-1
731,15,450,57,30,19,1,-1,-1,-1
731,80,501,46,18,19,1,-1,-1,-1
731,93,658,140,45,36,1,-1,-1,-1
731,94,361,88,26,27,1,-1,-1,-1
731,95,609,401,113,138,1,-1,-1,-1
731,99,382,55,36,15,1,-1,-1,-1
731,101,528,44,33,17,1,-1,-1,-1
731,102,491,44,27,13,1,-1,-1,-1
731,103,441,48,18,17,1,-1,-1,-1
732,6,488,61,19,21,1,-1,-1,-1
732,15,449,57,30,19,1,-1,-1,-1
732,80,501,46,18,19,1,-1,-1,-1
732,93,655,138,45,36,1,-1,-1,-1
732,94,360,88,27,28,1,-1,-1,-1
732,95,607,391,106,137,1,-1,-1,-1
732,99,381,55,36,15,1,-1,-1,-1
732,101,531,46,33,17,1,-1,-1,-1
732,102,493,45,27,13,1,-1,-1,-1
732,103,441,48,18,17,1,-1,-1,-1
733,6,488,61,19,21,1,-1,-1,-1
733,15,446,57,30,19,1,-1,-1,-1
733,80,500,46,18,19,1,-1,-1,-1
733,93,654,136,44,34,1,-1,-1,-1
733,94,360,90,27,28,1,-1,-1,-1
733,95,603,377,102,124,1,-1,-1,-1
733,99,381,55,36,15,1,-1,-1,-1
733,101,531,46,33,17,1,-1,-1,-1
733,102,493,44,27,13,1,-1,-1,-1
733,103,441,48,18,17,1,-1,-1,-1
734,6,488,61,19,21,1,-1,-1,-1
734,15,448,57,28,19,1,-1,-1,-1
734,80,500,46,18,19,1,-1,-1,-1
734,93,653,136,43,33,1,-1,-1,-1
734,94,359,90,26,27,1,-1,-1,-1
734,95,601,364,95,120,1,-1,-1,-1
734,99,378,55,36,15,1,-1,-1,-1
734,101,532,46,33,17,1,-1,-1,-1
734,102,493,44,30,13,1,-1,-1,-1
734,103,441,48,18,17,1,-1,-1,-1
735,6,488,59,19,21,1,-1,-1,-1
735,15,446,55,30,19,1,-1,-1,-1
735,80,500,46,18,19,1,-1,-1,-1
735,93,653,133,43,33,1,-1,-1,-1
735,94,357,90,27,28,1,-1,-1,-1
735,95,598,354,94,109,1,-1,-1,-1
735,99,378,55,36,15,1,-1,-1,-1
735,101,535,46,35,17,1,-1,-1,-1
735,102,493,46,29,13,1,-1,-1,-1
735,103,441,48,18,17,1,-1,-1,-1
736,6,488,59,19,21,1,-1,-1,-1
736,15,446,57,30,19,1,-1,-1,-1
736,80,500,46,18,19,1,-1,-1,-1
736,93,651,131,42,33,1,-1,-1,-1
736,94,356,92,27,28,1,-1,-1,-1
736,95,596,340,91,109,1,-1,-1,-1
736,99,377,55,36,15,1,-1,-1,-1
736,101,535,46,33,17,1,-1,-1,-1
736,102,496,44,29,14,1,-1,-1,-1
736,103,441,48,18,17,1,-1,-1,-1
737,6,487,59,19,21,1,-1,-1,-1
737,15,446,55,30,19,1,-1,-1,-1
737,80,500,44,18,19,1,-1,-1,-1
737,93,648,130,43,33,1,-1,-1,-1
737,94,356,94,26,27,1,-1,-1,-1
737,95,594,327,83,105,1,-1,-1,-1
737,99,377,55,36,15,1,-1,-1,-1
737,101,535,44,33,17,1,-1,-1,-1
737,102,498,44,27,13,1,-1,-1,-1
737,103,441,46,18,17,1,-1,-1,-1
738,6,487,57,19,21,1,-1,-1,-1
738,15,446,55,30,19,1,-1,-1,-1
738,80,500,44,18,19,1,-1,-1,-1
738,93,645,127,45,34,1,-1,-1,-1
738,94,356,94,27,28,1,-1,-1,-1
738,95,589,317,86,100,1,-1,-1,-1
738,99,377,55,33,15,1,-1,-1,-1
738,101,538,44,35,17,1,-1,-1,-1
738,102,497,42,30,14,1,-1,-1,-1
738,103,441,46,18,17,1,-1,-1,-1
739,6,487,57,19,21,1,-1,-1,-1
739,15,445,55,30,19,1,-1,-1,-1
739,80,500,44,18,19,1,-1,-1,-1
739,93,647,125,42,32,1,-1,-1,-1
739,94,355,96,27,28,1,-1,-1,-1
739,95,589,307,78,93,1,-1,-1,-1
739,99,376,55,35,15,1,-1,-1,-1
739,101,539,44,35,17,1,-1,-1,-1
739,102,500,44,28,13,1,-1,-1,-1
739,103,441,46,18,17,1,-1,-1,-1
740,6,487,57,19,21,1,-1,-1,-1
740,15,445,55,30,19,1,-1,-1,-1
740,80,500,44,18,19,1,-1,-1,-1
740,93,645,125,41,31,1,-1,-1,-1
740,94,354,95,27,29,1,-1,-1,-1
740,95,586,300,76,89,1,-1,-1,-1
740,99,374,55,35,15,1,-1,-1,-1
740,101,540,44,35,17,1,-1,-1,-1
740,102,500,44,27,13,1,-1,-1,-1
740,103,441,46,18,17,1,-1,-1,-1
741,6,485,57,19,21,1,-1,-1,-1
741,15,445,55,30,19,1,-1,-1,-1
741,80,498,44,18,19,1,-1,-1,-1
741,93,642,124,42,31,1,-1,-1,-1
741,94,352,96,27,28,1,-1,-1,-1
741,95,582,289,75,83,1,-1,-1,-1
741,99,372,54,36,15,1,-1,-1,-1
741,101,542,44,33,17,1,-1,-1,-1
741,102,501,42,28,13,1,-1,-1,-1
741,103,441,46,18,17,1,-1,-1,-1
742,6,485,55,19,21,1,-1,-1,-1
742,15,445,54,30,19,1,-1,-1,-1
742,80,498,44,18,19,1,-1,-1,-1
742,93,641,123,41,30,1,-1,-1,-1
742,94,352,96,27,28,1,-1,-1,-1
742,95,581,281,74,83,1,-1,-1,-1
742,99,370,54,36,15,1,-1,-1,-1
742,101,542,44,35,17,1,-1,-1,-1
742,102,500,42,30,13,1,-1,-1,-1
742,103,441,46,18,17,1,-1,-1,-1
743,6,485,55,19,21,1,-1,-1,-1
743,15,445,54,30,19,1,-1,-1,-1
743,80,498,43,18,19,1,-1,-1,-1
743,93,641,121,40,30,1,-1,-1,-1
743,94,352,98,27,28,1,-1,-1,-1
743,95,578,274,70,78,1,-1,-1,-1
743,96,739,468,145,71,1,-1,-1,-1
743,99,369,54,36,15,1,-1,-1,-1
743,101,543,44,35,17,1,-1,-1,-1
743,102,502,43,28,13,1,-1,-1,-1
743,103,441,46,18,17,1,-1,-1,-1
744,6,485,55,19,21,1,-1,-1,-1
744,15,444,54,30,19,1,-1,-1,-1
744,80,497,42,18,19,1,-1,-1,-1
744,93,637,117,40,30,1,-1,-1,-1
744,94,350,100,27,28,1,-1,-1,-1
744,95,575,265,71,77,1,-1,-1,-1
744,96,732,453,156,84,1,-1,-1,-1
744,99,368,52,36,15,1,-1,-1,-1
744,101,544,44,36,17,1,-1,-1,-1
744,102,502,42,28,13,1,-1,-1,-1
745,6,484,55,19,21,1,-1,-1,-1
745,15,443,53,30,19,1,-1,-1,-1
745,80,497,42,18,19,1,-1,-1,-1
745,93,637,117,40,30,1,-1,-1,-1
745,94,351,101,27,28,1,-1,-1,-1
745,95,574,258,66,72,1,-1,-1,-1
745,96,723,437,164,101,1,-1,-1,-1
745,99,368,52,36,15,1,-1,-1,-1
745,101,547,42,36,17,1,-1,-1,-1
745,102,503,42,28,13,1,-1,-1,-1
746,6,484,55,19,21,1,-1,-1,-1
746,15,442,52,30,19,1,-1,-1,-1
746,80,497,42,18,19,1,-1,-1,-1
746,93,634,115,40,28,1,-1,-1,-1
746,94,349,101,27,30,1,-1,-1,-1
746,95,571,252,65,69,1,-1,-1,-1
746,96,715,418,169,120,1,-1,-1,-1
746,99,365,52,36,15,1,-1,-1,-1
746,101,548,42,35,17,1,-1,-1,-1
746,102,505,43,28,13,1,-1,-1,-1
747,6,485,52,19,21,1,-1,-1,-1
747,15,442,52,30,19,1,-1,-1,-1
747,80,498,42,18,19,1,-1,-1,-1
747,93,633,113,41,30,1,-1,-1,-1
747,94,347,103,29,29,1,-1,-1,-1
747,95,571,246,62,67,1,-1,-1,-1
747,96,706,398,176,140,1,-1,-1,-1
747,99,364,52,36,15,1,-1,-1,-1
747,101,549,42,33,17,1,-1,-1,-1
747,102,506,42,27,13,1,-1,-1,-1
748,6,484,55,19,18,1,-1,-1,-1
748,15,441,52,30,19,1,-1,-1,-1
748,80,497,40,18,19,1,-1,-1,-1
748,93,633,113,41,30,1,-1,-1,-1
748,94,346,106,30,26,1,-1,-1,-1
748,95,568,237,62,67,1,-1,-1,-1
748,96,699,384,169,155,1,-1,-1,-1
748,99,364,52,36,15,1,-1,-1,-1
748,101,551,42,35,17,1,-1,-1,-1
748,102,509,42,27,13,1,-1,-1,-1
749,6,484,54,19,17,1,-1,-1,-1
749,15,441,52,30,19,1,-1,-1,-1
749,80,497,40,18,19,1,-1,-1,-1
749,93,632,113,39,28,1,-1,-1,-1
749,94,344,106,30,30,1,-1,-1,-1
749,95,567,231,60,63,1,-1,-1,-1
749,96,694,373,157,165,1,-1,-1,-1
749,99,361,52,36,15,1,-1,-1,-1
749,101,551,42,35,17,1,-1,-1,-1
749,102,510,42,27,13,1,-1,-1,-1
750,6,483,55,19,17,1,-1,-1,-1
750,15,441,52,30,19,1,-1,-1,-1
750,80,497,40,18,19,1,-1,-1,-1
750,93,629,109,40,30,1,-1,-1,-1
750,94,343,108,29,28,1,-1,-1,-1
750,95,565,225,57,61,1,-1,-1,-1
750,96,689,360,153,175,1,-1,-1,-1
750,99,361,52,36,15,1,-1,-1,-1
750,101,552,42,35,17,1,-1,-1,-1
750,102,510,42,30,14,1,-1,-1,-1
751,6,483,54,19,17,1,-1,-1,-1
751,15,441,50,30,19,1,-1,-1,-1
751,80,497,40,18,19,1,-1,-1,-1
751,93,628,109,40,30,1,-1,-1,-1
751,94,342,111,31,27,1,-1,-1,-1
751,95,564,219,57,61,1,-1,-1,-1
751,96,680,344,142,168,1,-1,-1,-1
751,99,360,52,36,15,1,-1,-1,-1
751,101,555,42,35,17,1,-1,-1,-1
751,102,512,42,30,14,1,-1,-1,-1
752,6,483,52,19,17,1,-1,-1,-1
752,15,439,54,32,16,1,-1,-1,-1
752,80,497,40,18,19,1,-1,-1,-1
752,93,628,109,37,26,1,-1,-1,-1
752,94,340,111,33,28,1,-1,-1,-1
752,95,561,217,59,57,1,-1,-1,-1
752,96,675,333,138,159,1,-1,-1,-1
752,99,359,52,36,15,1,-1,-1,-1
752,101,555,42,36,17,1,-1,-1,-1
752,102,513,42,30,14,1,-1,-1,-1
753,6,483,52,19,17,1,-1,-1,-1
753,15,437,53,33,17,1,-1,-1,-1
753,80,497,40,18,19,1,-1,-1,-1
753,93,629,106,34,28,1,-1,-1,-1
753,94,339,112,33,28,1,-1,-1,-1
753,95,560,210,56,55,1,-1,-1,-1
753,96,667,323,134,147,1,-1,-1,-1
753,99,357,52,36,15,1,-1,-1,-1
753,101,556,42,35,17,1,-1,-1,-1
753,102,514,42,29,14,1,-1,-1,-1
754,6,483,52,19,17,1,-1,-1,-1
754,15,436,52,34,16,1,-1,-1,-1
754,80,497,38,18,19,1,-1,-1,-1
754,93,626,106,37,28,1,-1,-1,-1
754,94,337,111,34,35,1,-1,-1,-1
754,95,559,207,52,52,1,-1,-1,-1
754,96,666,309,125,143,1,-1,-1,-1
754,99,356,52,36,15,1,-1,-1,-1
754,101,557,42,35,17,1,-1,-1,-1
754,102,514,40,29,15,1,-1,-1,-1
755,6,483,52,19,17,1,-1,-1,-1
755,15,438,50,32,20,1,-1,-1,-1
755,80,496,38,18,19,1,-1,-1,-1
755,93,625,102,36,30,1,-1,-1,-1
755,94,335,111,33,34,1,-1,-1,-1
755,95,557,202,53,52,1,-1,-1,-1
755,96,660,302,119,134,1,-1,-1,-1
755,99,356,50,36,15,1,-1,-1,-1
755,101,560,42,36,17,1,-1,-1,-1
755,102,516,42,30,13,1,-1,-1,-1
756,6,481,52,19,17,1,-1,-1,-1
756,15,436,50,32,20,1,-1,-1,-1
756,80,497,38,18,19,1,-1,-1,-1
756,93,624,100,36,30,1,-1,-1,-1
756,94,334,115,32,34,1,-1,-1,-1
756,95,555,196,50,51,1,-1,-1,-1
756,96,655,290,116,133,1,-1,-1,-1
756,99,353,52,36,15,1,-1,-1,-1
756,101,561,42,35,17,1,-1,-1,-1
756,102,517,42,30,13,1,-1,-1,-1
757,6,481,50,19,17,1,-1,-1,-1
757,15,436,52,32,18,1,-1,-1,-1
757,80,495,38,19,19,1,-1,-1,-1
757,93,623,100,36,30,1,-1,-1,-1
757,94,334,115,33,34,1,-1,-1,-1
757,95,553,193,50,49,1,-1,-1,-1
757,96,651,284,113,122,1,-1,-1,-1
757,99,352,50,36,15,1,-1,-1,-1
757,101,562,42,35,15,1,-1,-1,-1
757,102,518,42,30,13,1,-1,-1,-1
758,6,480,50,19,17,1,-1,-1,-1
758,15,435,51,33,19,1,-1,-1,-1
758,80,495,38,19,19,1,-1,-1,-1
758,93,623,100,35,28,1,-1,-1,-1
758,94,330,117,33,34,1,-1,-1,-1
758,95,552,189,49,46,1,-1,-1,-1
758,96,648,273,108,120,1,-1,-1,-1
758,99,352,50,36,15,1,-1,-1,-1
758,101,564,42,35,17,1,-1,-1,-1
758,102,518,42,31,13,1,-1,-1,-1
759,6,481,50,19,17,1,-1,-1,-1
759,15,434,48,32,19,1,-1,-1,-1
759,80,493,36,19,19,1,-1,-1,-1
759,93,622,98,32,27,1,-1,-1,-1
759,94,329,119,33,34,1,-1,-1,-1
759,95,551,186,47,45,1,-1,-1,-1
759,96,645,264,101,116,1,-1,-1,-1
759,99,351,50,36,15,1,-1,-1,-1
759,101,565,40,35,17,1,-1,-1,-1
759,102,519,42,30,13,1,-1,-1,-1
760,6,480,50,19,17,1,-1,-1,-1
760,15,432,50,34,19,1,-1,-1,-1
760,80,493,36,19,19,1,-1,-1,-1
760,93,620,98,32,27,1,-1,-1,-1
760,94,329,121,33,34,1,-1,-1,-1
760,95,550,182,44,42,1,-1,-1,-1
760,96,639,258,99,109,1,-1,-1,-1
760,99,347,50,36,15,1,-1,-1,-1
760,101,566,40,36,17,1,-1,-1,-1
760,102,521,42,30,13,1,-1,-1,-1
761,6,480,50,19,17,1,-1,-1,-1
761,15,432,48,34,19,1,-1,-1,-1
761,80,493,36,19,19,1,-1,-1,-1
761,93,620,98,31,27,1,-1,-1,-1
761,94,326,124,34,32,1,-1,-1,-1
761,95,548,178,45,43,1,-1,-1,-1
761,96,635,249,97,107,1,-1,-1,-1
761,99,347,50,36,15,1,-1,-1,-1
761,101,569,42,35,17,1,-1,-1,-1
761,102,522,40,30,13,1,-1,-1,-1
762,6,480,50,19,17,1,-1,-1,-1
762,15,431,48,34,19,1,-1,-1,-1
762,80,493,36,19,19,1,-1,-1,-1
762,93,617,96,31,27,1,-1,-1,-1
762,94,322,127,36,34,1,-1,-1,-1
762,95,546,174,44,40,1,-1,-1,-1
762,96,633,243,93,103,1,-1,-1,-1
762,99,344,50,36,15,1,-1,-1,-1
762,101,569,40,35,17,1,-1,-1,-1
762,102,523,42,28,13,1,-1,-1,-1
763,6,480,48,19,17,1,-1,-1,-1
763,15,431,48,32,18,1,-1,-1,-1
763,80,492,36,19,19,1,-1,-1,-1
763,93,617,96,31,25,1,-1,-1,-1
763,94,322,127,35,36,1,-1,-1,-1
763,95,545,169,44,41,1,-1,-1,-1
763,96,628,235,90,100,1,-1,-1,-1
763,99,343,50,36,15,1,-1,-1,-1
763,101,572,40,36,17,1,-1,-1,-1
763,102,525,40,30,13,1,-1,-1,-1
764,6,479,48,19,17,1,-1,-1,-1
764,15,431,48,31,19,1,-1,-1,-1
764,80,492,34,19,19,1,-1,-1,-1
764,93,615,92,31,27,1,-1,-1,-1
764,94,318,129,38,37,1,-1,-1,-1
764,95,543,165,44,40,1,-1,-1,-1
764,96,626,230,87,97,1,-1,-1,-1
764,99,343,50,36,15,1,-1,-1,-1
764,101,573,40,36,17,1,-1,-1,-1
764,102,526,40,30,13,1,-1,-1,-1
765,6,479,48,19,17,1,-1,-1,-1
765,15,430,48,33,19,1,-1,-1,-1
765,80,492,36,19,19,1,-1,-1,-1
765,93,615,92,32,27,1,-1,-1,-1
765,94,315,131,37,36,1,-1,-1,-1
765,95,542,163,43,40,1,-1,-1,-1
765,96,622,221,83,93,1,-1,-1,-1
765,99,340,50,36,15,1,-1,-1,-1
765,101,573,40,36,17,1,-1,-1,-1
765,102,526,40,30,13,1,-1,-1,-1
766,6,479,48,19,17,1,-1,-1,-1
766,15,428,48,34,19,1,-1,-1,-1
766,80,492,34,19,19,1,-1,-1,-1
766,93,612,90,33,28,1,-1,-1,-1
766,94,313,132,39,37,1,-1,-1,-1
766,95,542,158,41,38,1,-1,-1,-1
766,96,619,216,79,88,1,-1,-1,-1
766,99,339,50,36,15,1,-1,-1,-1
766,101,574,40,36,17,1,-1,-1,-1
766,102,526,40,31,13,1,-1,-1,-1
767,6,479,46,19,17,1,-1,-1,-1
767,15,428,46,33,19,1,-1,-1,-1
767,80,492,34,19,19,1,-1,-1,-1
767,93,611,90,32,28,1,-1,-1,-1
767,94,310,135,41,38,1,-1,-1,-1
767,95,539,154,44,40,1,-1,-1,-1
767,96,616,210,80,87,1,-1,-1,-1
767,99,336,50,36,15,1,-1,-1,-1
767,101,576,40,37,17,1,-1,-1,-1
767,102,528,40,30,13,1,-1,-1,-1
767,104,551,36,26,11,1,-1,-1,-1
768,6,478,46,19,17,1,-1,-1,-1
768,15,427,49,33,18,1,-1,-1,-1
768,80,492,34,19,19,1,-1,-1,-1
768,93,611,88,32,27,1,-1,-1,-1
768,94,305,135,45,42,1,-1,-1,-1
768,95,536,150,44,40,1,-1,-1,-1
768,96,612,204,77,86,1,-1,-1,-1
768,99,335,50,36,15,1,-1,-1,-1
768,101,578,40,39,17,1,-1,-1,-1
768,102,530,40,31,13,1,-1,-1,-1
768,104,549,36,24,11,1,-1,-1,-1
769,6,478,46,19,17,1,-1,-1,-1
769,15,426,46,33,19,1,-1,-1,-1
769,80,491,34,19,19,1,-1,-1,-1
769,93,608,88,34,26,1,-1,-1,-1
769,94,301,138,44,42,1,-1,-1,-1
769,95,538,150,41,37,1,-1,-1,-1
769,96,608,198,79,85,1,-1,-1,-1
769,97,963,444,60,95,1,-1,-1,-1
769,99,334,48,36,15,1,-1,-1,-1
769,101,579,38,37,17,1,-1,-1,-1
769,102,531,40,31,13,1,-1,-1,-1
769,104,549,37,26,11,1,-1,-1,-1
770,6,478,46,19,17,1,-1,-1,-1
770,15,426,48,34,19,1,-1,-1,-1
770,80,491,34,19,19,1,-1,-1,-1
770,93,607,86,33,25,1,-1,-1,-1
770,94,299,140,45,42,1,-1,-1,-1
770,95,535,142,44,40,1,-1,-1,-1
770,96,606,195,72,80,1,-1,-1,-1
770,97,956,437,67,99,1,-1,-1,-1
770,99,333,50,36,15,1,-1,-1,-1
770,101,582,40,36,17,1,-1,-1,-1
770,102,531,40,31,13,1,-1,-1,-1
770,104,547,34,27,13,1,-1,-1,-1
771,6,476,46,19,17,1,-1,-1,-1
771,15,424,47,36,19,1,-1,-1,-1
771,80,491,32,19,19,1,-1,-1,-1
771,93,607,86,33,25,1,-1,-1,-1
771,94,297,142,44,42,1,-1,-1,-1
771,95,535,145,40,34,1,-1,-1,-1
771,96,605,188,74,84,1,-1,-1,-1
771,97,943,424,79,111,1,-1,-1,-1
771,98,600,478,108,61,1,-1,-1,-1
771,99,331,48,36,15,1,-1,-1,-1
771,101,582,40,36,17,1,-1,-1,-1
771,102,532,40,31,13,1,-1,-1,-1
771,104,545,34,26,11,1,-1,-1,-1
772,6,476,46,19,17,1,-1,-1,-1
772,15,423,46,36,19,1,-1,-1,-1
772,80,491,34,19,19,1,-1,-1,-1
772,93,606,86,33,25,1,-1,-1,-1
772,94,292,144,48,44,1,-1,-1,-1
772,95,532,138,41,38,1,-1,-1,-1
772,96,599,183,73,79,1,-1,-1,-1
772,97,932,411,90,127,1,-1,-1,-1
772,98,595,458,109,81,1,-1,-1,-1
772,99,330,50,36,15,1,-1,-1,-1
772,101,585,40,36,17,1,-1,-1,-1
772,102,535,40,30,13,1,-1,-1,-1
772,104,543,34,26,11,1,-1,-1,-1
773,6,475,46,19,17,1,-1,-1,-1
773,15,423,46,36,19,1,-1,-1,-1
773,80,491,35,19,19,1,-1,-1,-1
773,93,604,84,33,25,1,-1,-1,-1
773,94,291,146,48,44,1,-1,-1,-1
773,95,533,138,38,34,1,-1,-1,-1
773,96,598,180,69,77,1,-1,-1,-1
773,97,925,401,98,134,1,-1,-1,-1
773,98,591,437,115,100,1,-1,-1,-1
773,99,327,48,36,15,1,-1,-1,-1
773,101,586,38,36,17,1,-1,-1,-1
773,102,535,40,30,13,1,-1,-1,-1
773,104,542,34,26,11,1,-1,-1,-1
774,6,476,44,19,17,1,-1,-1,-1
774,15,423,46,35,19,1,-1,-1,-1
774,80,490,33,19,19,1,-1,-1,-1
774,93,603,82,33,25,1,-1,-1,-1
774,94,287,150,48,44,1,-1,-1,-1
774,95,531,136,40,35,1,-1,-1,-1
774,96,596,175,68,76,1,-1,-1,-1
774,97,917,396,105,126,1,-1,-1,-1
774,98,590,419,113,119,1,-1,-1,-1
774,99,326,48,36,15,1,-1,-1,-1
774,101,587,40,36,17,1,-1,-1,-1
774,102,535,40,30,13,1,-1,-1,-1
774,104,542,34,26,11,1,-1,-1,-1
775,6,475,44,19,17,1,-1,-1,-1
775,15,421,44,36,19,1,-1,-1,-1
775,80,489,33,19,19,1,-1,-1,-1
775,93,603,82,33,25,1,-1,-1,-1
775,94,284,152,48,44,1,-1,-1,-1
775,95,530,135,37,31,1,-1,-1,-1
775,96,594,171,65,72,1,-1,-1,-1
775,97,906,378,116,130,1,-1,-1,-1
775,98,584,405,111,132,1,-1,-1,-1
775,99,326,48,36,15,1,-1,-1,-1
775,101,589,38,36,17,1,-1,-1,-1
775,102,538,40,30,13,1,-1,-1,-1
775,104,540,34,26,11,1,-1,-1,-1
776,6,475,44,19,17,1,-1,-1,-1
776,15,420,44,36,19,1,-1,-1,-1
776,80,489,32,19,19,1,-1,-1,-1
776,93,600,82,33,25,1,-1,-1,-1
776,94,280,154,49,44,1,-1,-1,-1
776,95,529,130,36,33,1,-1,-1,-1
776,96,593,167,63,72,1,-1,-1,-1
776,97,895,371,127,130,1,-1,-1,-1
776,98,581,389,108,147,1,-1,-1,-1
776,99,322,48,36,15,1,-1,-1,-1
776,101,590,38,36,17,1,-1,-1,-1
776,102,539,40,30,13,1,-1,-1,-1
776,104,539,32,26,11,1,-1,-1,-1
777,6,475,44,19,17,1,-1,-1,-1
777,15,419,44,36,19,1,-1,-1,-1
777,80,489,32,19,19,1,-1,-1,-1
777,93,600,82,33,25,1,-1,-1,-1
777,94,278,158,49,44,1,-1,-1,-1
777,95,528,129,36,30,1,-1,-1,-1
777,96,592,164,62,69,1,-1,-1,-1
777,97,893,363,129,123,1,-1,-1,-1
777,98,580,374,103,148,1,-1,-1,-1
777,99,321,48,36,15,1,-1,-1,-1
777,101,591,38,36,17,1,-1,-1,-1
777,102,539,38,30,13,1,-1,-1,-1
777,104,539,32,26,11,1,-1,-1,-1
778,6,475,44,19,17,1,-1,-1,-1
778,15,419,44,36,19,1,-1,-1,-1
778,80,489,32,19,19,1,-1,-1,-1
778,93,599,79,33,25,1,-1,-1,-1
778,94,274,160,52,45,1,-1,-1,-1
778,95,526,127,36,30,1,-1,-1,-1
778,96,589,160,61,67,1,-1,-1,-1
778,97,885,353,137,119,1,-1,-1,-1
778,98,578,358,99,142,1,-1,-1,-1
778,99,320,48,36,15,1,-1,-1,-1
778,101,592,38,35,17,1,-1,-1,-1
778,102,539,40,30,13,1,-1,-1,-1
778,104,536,32,26,11,1,-1,-1,-1
779,6,474,44,19,17,1,-1,-1,-1
779,15,419,46,36,19,1,-1,-1,-1
779,80,488,32,19,19,1,-1,-1,-1
779,93,600,80,31,24,1,-1,-1,-1
779,94,270,165,51,47,1,-1,-1,-1
779,95,527,125,32,28,1,-1,-1,-1
779,96,586,154,60,68,1,-1,-1,-1
779,97,877,341,143,116,1,-1,-1,-1
779,98,573,349,96,131,1,-1,-1,-1
779,99,318,48,36,15,1,-1,-1,-1
779,101,595,38,36,17,1,-1,-1,-1
779,102,542,38,30,13,1,-1,-1,-1
779,103,443,40,18,19,1,-1,-1,-1
779,104,535,32,26,11,1,-1,-1,-1
780,6,474,42,19,17,1,-1,-1,-1
780,15,416,44,36,19,1,-1,-1,-1
780,80,488,30,19,19,1,-1,-1,-1
780,93,598,77,33,25,1,-1,-1,-1
780,94,266,167,55,50,1,-1,-1,-1
780,95,526,123,32,28,1,-1,-1,-1
780,96,583,150,62,69,1,-1,-1,-1
780,97,871,334,143,113,1,-1,-1,-1
780,98,570,334,90,128,1,-1,-1,-1
780,99,317,48,36,15,1,-1,-1,-1
780,101,595,38,36,17,1,-1,-1,-1
780,102,543,40,30,13,1,-1,-1,-1
780,103,442,40,18,19,1,-1,-1,-1
780,104,535,32,26,11,1,-1,-1,-1
781,6,474,42,19,17,1,-1,-1,-1
781,15,415,44,36,19,1,-1,-1,-1
781,80,488,30,19,19,1,-1,-1,-1
781,93,598,77,33,25,1,-1,-1,-1
781,94,262,171,54,48,1,-1,-1,-1
781,95,523,119,35,28,1,-1,-1,-1
781,96,582,148,58,63,1,-1,-1,-1
781,97,864,329,139,105,1,-1,-1,-1
781,98,568,325,89,117,1,-1,-1,-1
781,99,314,48,36,15,1,-1,-1,-1
781,101,596,38,35,17,1,-1,-1,-1
781,102,543,38,30,13,1,-1,-1,-1
781,103,442,40,18,19,1,-1,-1,-1
781,104,534,32,26,11,1,-1,-1,-1
782,6,472,42,20,19,1,-1,-1,-1
782,15,415,44,36,19,1,-1,-1,-1
782,80,487,31,19,19,1,-1,-1,-1
782,93,595,77,33,25,1,-1,-1,-1
782,94,255,172,58,51,1,-1,-1,-1
782,95,523,119,35,28,1,-1,-1,-1
782,96,580,146,55,61,1,-1,-1,-1
782,97,858,316,134,106,1,-1,-1,-1
782,98,564,317,84,106,1,-1,-1,-1
782,99,313,48,36,15,1,-1,-1,-1
782,101,596,38,35,17,1,-1,-1,-1
782,102,544,38,30,13,1,-1,-1,-1
782,103,441,38,18,19,1,-1,-1,-1
782,104,531,32,24,11,1,-1,-1,-1
783,6,472,42,20,19,1,-1,-1,-1
783,15,414,44,36,19,1,-1,-1,-1
783,80,487,30,19,19,1,-1,-1,-1
783,93,596,77,30,23,1,-1,-1,-1
783,94,249,175,61,54,1,-1,-1,-1
783,95,521,115,36,30,1,-1,-1,-1
783,96,578,143,56,58,1,-1,-1,-1
783,97,852,311,130,102,1,-1,-1,-1
783,98,562,307,84,102,1,-1,-1,-1
783,99,310,48,36,15,1,-1,-1,-1
783,101,599,38,33,17,1,-1,-1,-1
783,102,545,38,30,13,1,-1,-1,-1
783,103,442,40,18,19,1,-1,-1,-1
783,104,531,32,24,11,1,-1,-1,-1
784,6,471,40,20,19,1,-1,-1,-1
784,15,414,44,35,19,1,-1,-1,-1
784,80,487,31,19,19,1,-1,-1,-1
784,93,595,75,30,23,1,-1,-1,-1
784,94,245,179,61,54,1,-1,-1,-1
784,95,521,113,36,30,1,-1,-1,-1
784,96,576,140,53,55,1,-1,-1,-1
784,97,845,304,126,100,1,-1,-1,-1
784,98,558,296,81,99,1,-1,-1,-1
784,99,308,48,37,15,1,-1,-1,-1
784,101,599,38,35,17,1,-1,-1,-1
784,102,547,38,30,13,1,-1,-1,-1
784,103,441,39,18,19,1,-1,-1,-1
784,104,530,30,26,11,1,-1,-1,-1
785,6,471,40,23,21,1,-1,-1,-1
785,15,411,44,36,19,1,-1,-1,-1
785,80,487,30,19,19,1,-1,-1,-1
785,93,595,75,30,23,1,-1,-1,-1
785,94,241,185,61,54,1,-1,-1,-1
785,95,519,111,36,30,1,-1,-1,-1
785,96,573,136,56,57,1,-1,-1,-1
785,97,842,299,123,96,1,-1,-1,-1
785,98,558,290,78,94,1,-1,-1,-1
785,99,305,48,36,15,1,-1,-1,-1
785,101,599,38,37,17,1,-1,-1,-1
785,102,548,38,30,13,1,-1,-1,-1
785,103,441,40,18,19,1,-1,-1,-1
785,104,530,32,24,11,1,-1,-1,-1
786,6,471,40,23,21,1,-1,-1,-1
786,15,411,44,36,19,1,-1,-1,-1
786,80,487,30,19,19,1,-1,-1,-1
786,93,594,75,30,23,1,-1,-1,-1
786,94,236,189,61,54,1,-1,-1,-1
786,95,519,109,35,28,1,-1,-1,-1
786,96,572,133,56,57,1,-1,-1,-1
786,97,835,291,117,92,1,-1,-1,-1
786,98,555,278,76,91,1,-1,-1,-1
786,99,306,48,36,15,1,-1,-1,-1
786,101,602,38,37,17,1,-1,-1,-1
786,102,548,38,30,13,1,-1,-1,-1
786,103,442,40,18,19,1,-1,-1,-1
786,104,527,30,24,11,1,-1,-1,-1
787,6,471,40,23,21,1,-1,-1,-1
787,15,410,44,36,19,1,-1,-1,-1
787,80,487,30,18,17,1,-1,-1,-1
787,93,592,75,30,23,1,-1,-1,-1
787,94,229,192,64,55,1,-1,-1,-1
787,95,518,109,33,28,1,-1,-1,-1
787,96,569,129,56,57,1,-1,-1,-1
787,97,829,285,117,92,1,-1,-1,-1
787,98,553,272,75,84,1,-1,-1,-1
787,99,301,48,36,15,1,-1,-1,-1
787,101,602,36,39,19,1,-1,-1,-1
787,102,551,38,30,13,1,-1,-1,-1
787,103,444,40,18,19,1,-1,-1,-1
787,104,526,30,26,11,1,-1,-1,-1
