1,101,0,893,271,161,1,-1,-1,-1
1,105,0,551,77,117,1,-1,-1,-1
2,101,2,894,273,161,1,-1,-1,-1
2,105,0,553,78,112,1,-1,-1,-1
3,101,1,900,268,161,1,-1,-1,-1
3,105,0,556,80,107,1,-1,-1,-1
4,101,0,907,263,161,1,-1,-1,-1
4,105,0,559,81,102,1,-1,-1,-1
5,101,0,904,266,161,1,-1,-1,-1
5,105,0,562,83,97,1,-1,-1,-1
6,101,0,901,270,161,1,-1,-1,-1
6,105,0,560,83,97,1,-1,-1,-1
7,101,6,894,309,161,1,-1,-1,-1
7,105,27,557,83,96,1,-1,-1,-1
8,101,157,854,289,160,1,-1,-1,-1
8,102,84,751,122,130,1,-1,-1,-1
8,105,174,539,83,96,1,-1,-1,-1
9,101,349,827,290,160,1,-1,-1,-1
9,102,298,721,121,129,1,-1,-1,-1
9,103,226,598,162,95,1,-1,-1,-1
9,104,202,550,156,75,1,-1,-1,-1
9,105,383,515,84,96,1,-1,-1,-1
9,106,178,504,154,76,1,-1,-1,-1
9,107,368,991,324,77,1,-1,-1,-1
9,108,107,478,67,74,1,-1,-1,-1
9,142,0,497,57,79,1,-1,-1,-1
9,143,218,410,99,43,1,-1,-1,-1
10,39,131,682,113,145,1,-1,-1,-1
10,101,528,814,290,149,1,-1,-1,-1
10,102,497,704,121,130,1,-1,-1,-1
10,103,431,576,162,96,1,-1,-1,-1
10,104,416,530,156,75,1,-1,-1,-1
10,105,574,510,86,96,1,-1,-1,-1
10,106,403,488,154,76,1,-1,-1,-1
10,107,553,986,329,77,1,-1,-1,-1
10,108,343,459,71,71,1,-1,-1,-1
10,142,215,475,71,79,1,-1,-1,-1
10,143,431,405,100,43,1,-1,-1,-1
10,144,224,398,81,77,1,-1,-1,-1
10,145,324,387,62,71,1,-1,-1,-1
10,147,248,316,54,64,1,-1,-1,-1
10,148,268,276,42,44,1,-1,-1,-1
10,149,265,236,57,41,1,-1,-1,-1
10,150,285,194,29,41,1,-1,-1,-1
10,151,284,165,35,30,1,-1,-1,-1
10,155,43,287,64,62,1,-1,-1,-1
10,159,87,190,41,47,1,-1,-1,-1
10,160,6,221,36,42,1,-1,-1,-1
11,24,48,338,64,42,1,-1,-1,-1
11,34,132,285,67,41,1,-1,-1,-1
11,37,12,405,92,77,1,-1,-1,-1
11,39,344,658,112,145,1,-1,-1,-1
11,100,65,487,102,83,1,-1,-1,-1
11,101,713,806,290,154,1,-1,-1,-1
11,102,681,695,121,130,1,-1,-1,-1
11,103,629,569,162,96,1,-1,-1,-1
11,104,618,521,156,75,1,-1,-1,-1
11,105,771,507,86,96,1,-1,-1,-1
11,106,608,479,154,76,1,-1,-1,-1
11,107,726,990,327,76,1,-1,-1,-1
11,108,553,457,70,72,1,-1,-1,-1
11,142,440,460,71,79,1,-1,-1,-1
11,143,638,402,99,41,1,-1,-1,-1
11,144,443,385,82,77,1,-1,-1,-1
11,145,540,368,63,71,1,-1,-1,-1
11,147,476,306,54,64,1,-1,-1,-1
11,148,493,271,42,46,1,-1,-1,-1
11,149,491,233,58,41,1,-1,-1,-1
11,150,521,194,29,41,1,-1,-1,-1
11,151,526,168,35,29,1,-1,-1,-1
11,155,291,275,64,60,1,-1,-1,-1
11,157,182,270,54,24,1,-1,-1,-1
11,158,210,251,43,30,1,-1,-1,-1
11,159,339,178,41,47,1,-1,-1,-1
11,160,266,213,36,42,1,-1,-1,-1
12,24,299,324,64,41,1,-1,-1,-1
12,34,374,273,66,41,1,-1,-1,-1
12,37,255,387,89,66,1,-1,-1,-1
12,39,557,635,112,144,1,-1,-1,-1
12,99,225,662,115,96,1,-1,-1,-1
12,100,312,464,101,70,1,-1,-1,-1
12,101,899,798,290,160,1,-1,-1,-1
12,102,866,686,121,131,1,-1,-1,-1
12,103,827,562,162,96,1,-1,-1,-1
12,104,820,513,156,75,1,-1,-1,-1
12,105,969,504,86,96,1,-1,-1,-1
12,106,813,470,154,76,1,-1,-1,-1
12,107,899,994,326,75,1,-1,-1,-1
12,108,763,455,69,74,1,-1,-1,-1
12,142,645,454,71,79,1,-1,-1,-1
12,143,838,398,101,41,1,-1,-1,-1
12,144,653,371,82,77,1,-1,-1,-1
12,145,747,364,63,71,1,-1,-1,-1
12,147,689,297,54,64,1,-1,-1,-1
12,148,711,265,41,47,1,-1,-1,-1
12,149,712,229,59,41,1,-1,-1,-1
12,150,736,192,29,41,1,-1,-1,-1
12,151,739,171,35,29,1,-1,-1,-1
12,153,247,350,55,49,1,-1,-1,-1
12,154,161,375,95,72,1,-1,-1,-1
12,155,519,268,64,60,1,-1,-1,-1
12,157,428,261,54,24,1,-1,-1,-1
12,158,447,241,41,30,1,-1,-1,-1
12,159,566,178,41,47,1,-1,-1,-1
12,160,502,212,36,42,1,-1,-1,-1
13,22,221,762,148,132,1,-1,-1,-1
13,24,519,317,64,41,1,-1,-1,-1
13,34,592,268,66,41,1,-1,-1,-1
13,37,478,381,77,65,1,-1,-1,-1
13,39,750,628,112,145,1,-1,-1,-1
13,99,430,644,116,95,1,-1,-1,-1
13,100,535,448,87,69,1,-1,-1,-1
13,101,1089,822,290,160,1,-1,-1,-1
13,102,1078,684,121,131,1,-1,-1,-1
13,103,1020,578,162,96,1,-1,-1,-1
13,104,1006,524,156,75,1,-1,-1,-1
13,105,1180,516,86,96,1,-1,-1,-1
13,106,998,477,154,76,1,-1,-1,-1
13,107,1098,1008,326,62,1,-1,-1,-1
13,108,957,460,69,74,1,-1,-1,-1
13,109,126,624,156,114,1,-1,-1,-1
13,142,839,451,71,79,1,-1,-1,-1
13,143,1045,406,101,41,1,-1,-1,-1
13,144,859,374,82,77,1,-1,-1,-1
13,145,954,370,63,71,1,-1,-1,-1
13,147,892,304,54,64,1,-1,-1,-1
13,148,913,272,41,47,1,-1,-1,-1
13,149,922,235,59,41,1,-1,-1,-1
13,150,940,195,29,41,1,-1,-1,-1
13,151,941,174,35,29,1,-1,-1,-1
13,152,0,443,98,93,1,-1,-1,-1
13,153,472,341,55,48,1,-1,-1,-1
13,154,379,368,95,72,1,-1,-1,-1
13,155,733,268,64,60,1,-1,-1,-1
13,157,642,262,54,24,1,-1,-1,-1
13,158,665,241,41,30,1,-1,-1,-1
13,159,777,184,40,41,1,-1,-1,-1
13,160,709,210,36,41,1,-1,-1,-1
14,22,428,733,148,132,1,-1,-1,-1
14,23,13,503,93,72,1,-1,-1,-1
14,24,731,320,64,41,1,-1,-1,-1
14,34,793,272,66,41,1,-1,-1,-1
14,37,679,383,77,65,1,-1,-1,-1
14,39,942,638,112,145,1,-1,-1,-1
14,42,271,382,115,35,1,-1,-1,-1
14,50,71,490,120,59,1,-1,-1,-1
14,99,636,626,116,95,1,-1,-1,-1
14,100,755,442,88,69,1,-1,-1,-1
14,101,1282,840,290,160,1,-1,-1,-1
14,102,1249,709,121,131,1,-1,-1,-1
14,103,1207,587,162,96,1,-1,-1,-1
14,104,1205,539,156,75,1,-1,-1,-1
14,105,1380,531,86,96,1,-1,-1,-1
14,106,1202,498,154,76,1,-1,-1,-1
14,108,1149,463,71,74,1,-1,-1,-1
14,109,342,612,155,113,1,-1,-1,-1
14,110,67,671,185,119,1,-1,-1,-1
14,142,1033,448,71,79,1,-1,-1,-1
14,143,1252,415,101,41,1,-1,-1,-1
14,144,1047,378,82,77,1,-1,-1,-1
14,145,1150,377,65,71,1,-1,-1,-1
14,147,1102,304,54,64,1,-1,-1,-1
14,148,1122,278,41,47,1,-1,-1,-1
14,149,1121,241,59,41,1,-1,-1,-1
14,150,1151,196,29,41,1,-1,-1,-1
14,151,1153,178,35,29,1,-1,-1,-1
14,152,228,435,109,67,1,-1,-1,-1
14,153,685,340,55,48,1,-1,-1,-1
14,154,590,364,95,72,1,-1,-1,-1
14,155,940,277,65,48,1,-1,-1,-1
14,156,337,416,103,40,1,-1,-1,-1
14,157,853,260,54,24,1,-1,-1,-1
14,158,872,245,41,30,1,-1,-1,-1
14,159,984,186,40,41,1,-1,-1,-1
14,160,918,211,36,41,1,-1,-1,-1
15,22,636,705,147,131,1,-1,-1,-1
15,23,259,477,93,72,1,-1,-1,-1
15,24,933,322,64,41,1,-1,-1,-1
15,34,999,279,65,41,1,-1,-1,-1
15,37,887,390,77,65,1,-1,-1,-1
15,39,1119,638,112,145,1,-1,-1,-1
15,40,21,873,272,186,1,-1,-1,-1
15,42,499,375,115,35,1,-1,-1,-1
15,47,378,688,188,156,1,-1,-1,-1
15,50,304,464,120,59,1,-1,-1,-1
15,99,842,608,116,95,1,-1,-1,-1
15,100,945,443,88,69,1,-1,-1,-1
15,101,1473,868,339,199,1,-1,-1,-1
15,102,1470,747,121,131,1,-1,-1,-1
15,103,1417,617,162,96,1,-1,-1,-1
15,104,1423,559,156,75,1,-1,-1,-1
15,105,1597,555,86,96,1,-1,-1,-1
15,106,1421,509,154,76,1,-1,-1,-1
15,108,1353,466,71,78,1,-1,-1,-1
15,109,559,600,154,113,1,-1,-1,-1
15,110,279,656,184,117,1,-1,-1,-1
15,111,254,911,245,158,1,-1,-1,-1
15,142,1240,466,71,79,1,-1,-1,-1
15,143,1464,427,101,41,1,-1,-1,-1
15,144,1258,388,83,77,1,-1,-1,-1
15,145,1364,387,65,71,1,-1,-1,-1
15,147,1305,314,53,64,1,-1,-1,-1
15,148,1336,284,41,47,1,-1,-1,-1
15,149,1341,246,59,41,1,-1,-1,-1
15,150,1364,212,29,41,1,-1,-1,-1
15,151,1367,188,35,29,1,-1,-1,-1
15,152,459,422,107,67,1,-1,-1,-1
15,153,890,333,54,48,1,-1,-1,-1
15,154,803,362,95,72,1,-1,-1,-1
15,155,1145,281,65,48,1,-1,-1,-1
15,156,547,401,103,40,1,-1,-1,-1
15,157,1051,266,54,24,1,-1,-1,-1
15,158,1080,248,41,30,1,-1,-1,-1
15,159,1195,194,40,41,1,-1,-1,-1
15,160,1129,218,36,41,1,-1,-1,-1
16,22,828,698,146,131,1,-1,-1,-1
16,23,475,463,93,72,1,-1,-1,-1
16,24,1137,330,64,41,1,-1,-1,-1
16,34,1209,286,65,41,1,-1,-1,-1
16,37,1077,395,77,65,1,-1,-1,-1
16,39,1335,663,112,145,1,-1,-1,-1
16,40,216,844,272,186,1,-1,-1,-1
16,42,701,367,115,35,1,-1,-1,-1
16,47,581,678,189,156,1,-1,-1,-1
16,50,520,462,103,59,1,-1,-1,-1
16,99,1033,615,116,95,1,-1,-1,-1
16,100,1158,439,88,71,1,-1,-1,-1
16,108,1576,498,72,75,1,-1,-1,-1
16,109,752,588,155,114,1,-1,-1,-1
16,110,479,649,186,117,1,-1,-1,-1
16,111,479,879,246,159,1,-1,-1,-1
16,142,1444,488,71,79,1,-1,-1,-1
16,144,1486,415,83,77,1,-1,-1,-1
16,145,1590,410,65,71,1,-1,-1,-1
16,147,1530,331,53,65,1,-1,-1,-1
16,148,1564,298,41,47,1,-1,-1,-1
16,149,1562,264,59,41,1,-1,-1,-1
16,150,1602,220,29,41,1,-1,-1,-1
16,151,1610,199,35,29,1,-1,-1,-1
16,152,660,417,107,67,1,-1,-1,-1
16,153,1090,343,54,48,1,-1,-1,-1
16,154,1006,371,95,60,1,-1,-1,-1
16,155,1375,289,65,48,1,-1,-1,-1
16,156,751,402,103,40,1,-1,-1,-1
16,157,1264,274,54,24,1,-1,-1,-1
16,158,1292,256,41,30,1,-1,-1,-1
16,159,1416,207,40,41,1,-1,-1,-1
16,160,1346,227,36,41,1,-1,-1,-1
17,22,1029,699,146,131,1,-1,-1,-1
17,23,675,458,93,72,1,-1,-1,-1
17,24,1346,342,64,41,1,-1,-1,-1
17,34,1427,299,65,41,1,-1,-1,-1
17,37,1267,407,77,65,1,-1,-1,-1
17,39,1529,712,112,145,1,-1,-1,-1
17,40,383,822,271,186,1,-1,-1,-1
17,42,901,371,115,35,1,-1,-1,-1
17,47,748,678,189,156,1,-1,-1,-1
17,50,719,447,120,59,1,-1,-1,-1
17,99,1225,623,116,95,1,-1,-1,-1
17,100,1369,450,88,71,1,-1,-1,-1
17,109,947,594,155,114,1,-1,-1,-1
17,110,673,645,186,116,1,-1,-1,-1
17,111,666,873,246,159,1,-1,-1,-1
17,152,860,417,107,67,1,-1,-1,-1
17,153,1294,355,54,48,1,-1,-1,-1
17,154,1206,376,95,60,1,-1,-1,-1
17,155,1611,300,65,47,1,-1,-1,-1
17,156,953,401,103,40,1,-1,-1,-1
17,157,1477,287,54,24,1,-1,-1,-1
17,158,1509,273,41,30,1,-1,-1,-1
17,160,1572,237,36,41,1,-1,-1,-1
18,22,1227,709,146,132,1,-1,-1,-1
18,23,880,450,95,71,1,-1,-1,-1
18,24,1569,361,64,41,1,-1,-1,-1
18,37,1487,428,77,65,1,-1,-1,-1
18,40,552,824,271,186,1,-1,-1,-1
18,42,1097,381,115,35,1,-1,-1,-1
18,47,941,683,189,156,1,-1,-1,-1
18,50,922,452,107,59,1,-1,-1,-1
18,99,1446,644,116,95,1,-1,-1,-1
18,100,1605,461,88,71,1,-1,-1,-1
18,109,1126,608,155,114,1,-1,-1,-1
18,110,822,648,186,116,1,-1,-1,-1
18,111,859,863,246,159,1,-1,-1,-1
18,152,1056,422,107,67,1,-1,-1,-1
18,153,1519,379,54,48,1,-1,-1,-1
18,154,1433,394,95,60,1,-1,-1,-1
18,156,1153,408,103,40,1,-1,-1,-1
19,22,1429,734,146,131,1,-1,-1,-1
19,23,1050,459,95,71,1,-1,-1,-1
19,40,732,829,271,186,1,-1,-1,-1
19,42,1310,390,114,35,1,-1,-1,-1
19,47,1107,695,189,156,1,-1,-1,-1
19,50,1120,460,107,59,1,-1,-1,-1
19,109,1313,637,155,115,1,-1,-1,-1
19,110,984,667,186,116,1,-1,-1,-1
19,111,1072,854,246,159,1,-1,-1,-1
19,152,1259,432,107,65,1,-1,-1,-1
19,156,1353,427,101,41,1,-1,-1,-1
20,23,1266,474,95,71,1,-1,-1,-1
20,40,909,840,271,186,1,-1,-1,-1
20,42,1548,416,114,35,1,-1,-1,-1
20,47,1287,725,189,156,1,-1,-1,-1
20,50,1334,476,107,59,1,-1,-1,-1
20,109,1537,674,155,115,1,-1,-1,-1
20,110,1159,691,186,116,1,-1,-1,-1
20,111,1300,876,246,161,1,-1,-1,-1
20,152,1483,455,107,65,1,-1,-1,-1
20,156,1587,451,101,41,1,-1,-1,-1
21,23,1494,500,95,71,1,-1,-1,-1
21,40,1074,840,271,186,1,-1,-1,-1
21,47,1520,769,190,156,1,-1,-1,-1
21,50,1558,508,107,59,1,-1,-1,-1
21,110,1314,727,211,115,1,-1,-1,-1
21,111,1487,903,246,161,1,-1,-1,-1
22,40,1228,877,270,186,1,-1,-1,-1
22,110,1523,769,211,115,1,-1,-1,-1
26,7,243,615,209,108,1,-1,-1,-1
26,8,22,611,200,94,1,-1,-1,-1
26,9,901,523,75,93,1,-1,-1,-1
26,10,909,458,77,81,1,-1,-1,-1
26,11,943,420,61,70,1,-1,-1,-1
26,12,956,389,55,50,1,-1,-1,-1
26,13,985,345,53,49,1,-1,-1,-1
26,15,1306,614,207,97,1,-1,-1,-1
26,16,1296,548,183,90,1,-1,-1,-1
26,54,543,556,161,94,1,-1,-1,-1
26,55,593,536,150,70,1,-1,-1,-1
26,56,582,499,171,60,1,-1,-1,-1
26,57,592,488,151,45,1,-1,-1,-1
26,58,629,466,153,60,1,-1,-1,-1
26,59,668,428,141,57,1,-1,-1,-1
26,60,744,423,118,46,1,-1,-1,-1
26,61,765,399,118,34,1,-1,-1,-1
26,63,817,333,99,30,1,-1,-1,-1
26,64,831,312,97,38,1,-1,-1,-1
26,76,1316,445,117,69,1,-1,-1,-1
26,77,1312,431,112,62,1,-1,-1,-1
26,78,1317,416,97,52,1,-1,-1,-1
26,112,832,1008,322,60,1,-1,-1,-1
26,113,259,791,272,137,1,-1,-1,-1
26,122,888,410,51,60,1,-1,-1,-1
26,124,1041,329,40,46,1,-1,-1,-1
26,125,1102,368,44,50,1,-1,-1,-1
27,7,243,615,209,108,1,-1,-1,-1
27,8,22,611,200,94,1,-1,-1,-1
27,9,900,523,75,93,1,-1,-1,-1
27,10,908,458,77,81,1,-1,-1,-1
27,11,943,420,61,70,1,-1,-1,-1
27,12,955,389,55,50,1,-1,-1,-1
27,13,984,345,53,50,1,-1,-1,-1
27,15,1305,615,207,97,1,-1,-1,-1
27,16,1295,548,183,90,1,-1,-1,-1
27,54,544,556,161,94,1,-1,-1,-1
27,55,592,536,150,70,1,-1,-1,-1
27,56,584,501,171,60,1,-1,-1,-1
27,57,597,488,134,46,1,-1,-1,-1
27,58,628,466,154,60,1,-1,-1,-1
27,59,669,428,141,57,1,-1,-1,-1
27,60,744,423,118,46,1,-1,-1,-1
27,61,766,399,118,34,1,-1,-1,-1
27,63,817,333,100,30,1,-1,-1,-1
27,64,831,312,97,38,1,-1,-1,-1
27,76,1316,445,117,69,1,-1,-1,-1
27,77,1312,431,112,62,1,-1,-1,-1
27,78,1317,416,97,52,1,-1,-1,-1
27,112,810,1008,322,60,1,-1,-1,-1
27,113,245,792,272,137,1,-1,-1,-1
27,122,886,412,52,61,1,-1,-1,-1
27,124,1041,323,40,47,1,-1,-1,-1
27,125,1102,368,44,50,1,-1,-1,-1
27,135,803,370,94,37,1,-1,-1,-1
28,7,244,616,208,107,1,-1,-1,-1
28,8,22,611,200,94,1,-1,-1,-1
28,9,899,523,76,93,1,-1,-1,-1
28,10,908,459,77,81,1,-1,-1,-1
28,11,944,421,61,69,1,-1,-1,-1
28,12,955,390,55,50,1,-1,-1,-1
28,13,983,346,53,50,1,-1,-1,-1
28,15,1304,616,207,97,1,-1,-1,-1
28,16,1295,549,183,90,1,-1,-1,-1
28,54,546,557,161,94,1,-1,-1,-1
28,55,591,537,150,70,1,-1,-1,-1
28,56,587,504,171,60,1,-1,-1,-1
28,57,603,489,117,46,1,-1,-1,-1
28,58,628,466,154,60,1,-1,-1,-1
28,59,670,428,141,57,1,-1,-1,-1
28,60,744,424,118,46,1,-1,-1,-1
28,61,768,399,118,34,1,-1,-1,-1
28,63,818,334,100,30,1,-1,-1,-1
28,64,832,313,97,38,1,-1,-1,-1
28,76,1316,445,117,69,1,-1,-1,-1
28,77,1312,431,112,62,1,-1,-1,-1
28,78,1317,416,97,52,1,-1,-1,-1
28,112,789,1008,322,60,1,-1,-1,-1
28,113,232,794,272,137,1,-1,-1,-1
28,122,884,415,53,61,1,-1,-1,-1
28,124,1044,329,41,47,1,-1,-1,-1
28,125,1102,368,44,50,1,-1,-1,-1
28,135,803,370,94,37,1,-1,-1,-1
29,7,245,616,208,108,1,-1,-1,-1
29,8,22,612,200,94,1,-1,-1,-1
29,9,899,523,75,93,1,-1,-1,-1
29,10,908,460,77,81,1,-1,-1,-1
29,11,945,422,61,68,1,-1,-1,-1
29,12,955,390,55,51,1,-1,-1,-1
29,13,982,347,53,50,1,-1,-1,-1
29,15,1303,617,207,97,1,-1,-1,-1
29,16,1294,549,183,90,1,-1,-1,-1
29,54,548,557,161,94,1,-1,-1,-1
29,55,590,538,150,70,1,-1,-1,-1
29,56,586,504,171,60,1,-1,-1,-1
29,57,603,489,117,46,1,-1,-1,-1
29,58,628,466,154,60,1,-1,-1,-1
29,59,672,428,141,57,1,-1,-1,-1
29,60,744,424,118,46,1,-1,-1,-1
29,61,770,400,118,34,1,-1,-1,-1
29,63,819,334,100,30,1,-1,-1,-1
29,64,833,313,97,38,1,-1,-1,-1
29,76,1317,445,117,69,1,-1,-1,-1
29,77,1312,431,112,62,1,-1,-1,-1
29,78,1317,416,97,52,1,-1,-1,-1
29,112,768,1008,322,60,1,-1,-1,-1
29,113,218,796,272,136,1,-1,-1,-1
29,122,883,418,53,62,1,-1,-1,-1
29,124,1042,318,41,46,1,-1,-1,-1
29,125,1102,368,44,50,1,-1,-1,-1
29,135,803,371,94,36,1,-1,-1,-1
30,7,246,617,207,107,1,-1,-1,-1
30,8,22,612,200,94,1,-1,-1,-1
30,9,898,523,76,93,1,-1,-1,-1
30,10,908,461,77,81,1,-1,-1,-1
30,11,945,423,61,68,1,-1,-1,-1
30,12,955,391,55,50,1,-1,-1,-1
30,13,982,348,52,50,1,-1,-1,-1
30,15,1303,618,207,97,1,-1,-1,-1
30,16,1294,550,183,90,1,-1,-1,-1
30,54,549,558,161,94,1,-1,-1,-1
30,55,590,538,150,71,1,-1,-1,-1
30,56,585,505,171,60,1,-1,-1,-1
30,57,603,489,118,46,1,-1,-1,-1
30,58,628,466,154,60,1,-1,-1,-1
30,59,673,429,141,57,1,-1,-1,-1
30,60,745,425,118,46,1,-1,-1,-1
30,61,772,400,118,34,1,-1,-1,-1
30,63,820,335,100,30,1,-1,-1,-1
30,64,834,314,96,38,1,-1,-1,-1
30,76,1317,445,117,70,1,-1,-1,-1
30,77,1312,431,112,62,1,-1,-1,-1
30,78,1317,416,97,52,1,-1,-1,-1
30,112,747,1008,322,60,1,-1,-1,-1
30,113,205,798,272,136,1,-1,-1,-1
30,122,881,421,54,62,1,-1,-1,-1
30,124,1045,321,41,46,1,-1,-1,-1
30,125,1102,368,44,50,1,-1,-1,-1
30,135,803,371,94,37,1,-1,-1,-1
31,7,247,617,206,108,1,-1,-1,-1
31,8,22,612,200,94,1,-1,-1,-1
31,9,898,523,75,93,1,-1,-1,-1
31,10,908,461,77,82,1,-1,-1,-1
31,11,946,423,61,68,1,-1,-1,-1
31,12,955,391,55,51,1,-1,-1,-1
31,13,981,348,52,51,1,-1,-1,-1
31,15,1302,619,207,97,1,-1,-1,-1
31,16,1293,551,183,90,1,-1,-1,-1
31,54,551,558,161,94,1,-1,-1,-1
31,55,589,539,150,71,1,-1,-1,-1
31,56,584,506,171,60,1,-1,-1,-1
31,57,604,490,118,46,1,-1,-1,-1
31,58,628,466,154,60,1,-1,-1,-1
31,59,674,429,141,57,1,-1,-1,-1
31,60,745,425,118,46,1,-1,-1,-1
31,61,774,401,118,34,1,-1,-1,-1
31,63,821,335,100,30,1,-1,-1,-1
31,64,835,315,96,37,1,-1,-1,-1
31,76,1317,446,117,69,1,-1,-1,-1
31,77,1312,431,112,62,1,-1,-1,-1
31,78,1317,416,97,52,1,-1,-1,-1
31,112,726,1008,322,61,1,-1,-1,-1
31,113,192,800,272,136,1,-1,-1,-1
31,122,880,423,54,64,1,-1,-1,-1
31,124,1040,322,41,48,1,-1,-1,-1
31,125,1102,368,44,50,1,-1,-1,-1
31,135,804,372,94,36,1,-1,-1,-1
32,7,248,618,206,107,1,-1,-1,-1
32,8,22,613,200,94,1,-1,-1,-1
32,9,897,523,76,93,1,-1,-1,-1
32,10,908,462,77,82,1,-1,-1,-1
32,11,947,424,61,67,1,-1,-1,-1
32,12,955,392,55,51,1,-1,-1,-1
32,13,980,349,53,51,1,-1,-1,-1
32,15,1301,620,207,97,1,-1,-1,-1
32,16,1293,551,183,90,1,-1,-1,-1
32,54,553,559,161,94,1,-1,-1,-1
32,55,588,540,150,71,1,-1,-1,-1
32,56,584,507,171,60,1,-1,-1,-1
32,57,604,490,119,46,1,-1,-1,-1
32,58,628,466,154,60,1,-1,-1,-1
32,59,676,429,141,57,1,-1,-1,-1
32,60,745,426,118,46,1,-1,-1,-1
32,61,776,401,118,34,1,-1,-1,-1
32,63,822,336,100,30,1,-1,-1,-1
32,64,835,315,97,38,1,-1,-1,-1
32,76,1318,446,117,69,1,-1,-1,-1
32,77,1312,431,112,63,1,-1,-1,-1
32,78,1317,416,97,52,1,-1,-1,-1
32,112,714,1004,322,61,1,-1,-1,-1
32,113,179,800,272,136,1,-1,-1,-1
32,122,878,426,55,64,1,-1,-1,-1
32,124,1039,320,41,47,1,-1,-1,-1
32,125,1102,369,45,49,1,-1,-1,-1
32,135,804,372,94,37,1,-1,-1,-1
33,7,248,619,206,107,1,-1,-1,-1
33,8,22,613,200,94,1,-1,-1,-1
33,9,896,523,77,93,1,-1,-1,-1
33,10,908,463,77,81,1,-1,-1,-1
33,11,947,425,61,66,1,-1,-1,-1
33,12,955,393,55,50,1,-1,-1,-1
33,13,979,350,53,51,1,-1,-1,-1
33,15,1301,621,207,97,1,-1,-1,-1
33,16,1292,552,183,90,1,-1,-1,-1
33,54,555,560,161,94,1,-1,-1,-1
33,55,587,541,150,71,1,-1,-1,-1
33,56,583,508,171,60,1,-1,-1,-1
33,57,604,491,120,46,1,-1,-1,-1
33,58,628,466,154,60,1,-1,-1,-1
33,59,677,430,141,56,1,-1,-1,-1
33,60,746,427,118,46,1,-1,-1,-1
33,61,778,402,118,34,1,-1,-1,-1
33,63,823,336,100,30,1,-1,-1,-1
33,64,836,316,97,38,1,-1,-1,-1
33,76,1318,446,117,69,1,-1,-1,-1
33,77,1312,432,112,62,1,-1,-1,-1
33,78,1317,416,97,52,1,-1,-1,-1
33,112,693,1004,322,61,1,-1,-1,-1
33,113,161,804,275,136,1,-1,-1,-1
33,122,877,429,56,65,1,-1,-1,-1
33,124,1040,321,41,46,1,-1,-1,-1
33,125,1102,369,45,49,1,-1,-1,-1
33,135,804,373,94,36,1,-1,-1,-1
34,7,249,619,205,107,1,-1,-1,-1
34,8,23,613,200,95,1,-1,-1,-1
34,9,896,523,76,93,1,-1,-1,-1
34,10,908,464,77,81,1,-1,-1,-1
34,11,948,426,61,66,1,-1,-1,-1
34,12,955,393,55,51,1,-1,-1,-1
34,13,979,351,52,51,1,-1,-1,-1
34,15,1300,622,207,97,1,-1,-1,-1
34,16,1292,552,183,90,1,-1,-1,-1
34,54,556,560,161,94,1,-1,-1,-1
34,55,587,541,150,72,1,-1,-1,-1
34,56,582,509,171,60,1,-1,-1,-1
34,57,605,491,120,46,1,-1,-1,-1
34,58,628,466,154,60,1,-1,-1,-1
34,59,678,430,142,57,1,-1,-1,-1
34,60,746,427,118,46,1,-1,-1,-1
34,61,780,402,118,34,1,-1,-1,-1
34,63,824,337,100,30,1,-1,-1,-1
34,64,837,317,96,37,1,-1,-1,-1
34,76,1318,446,117,70,1,-1,-1,-1
34,77,1312,432,112,62,1,-1,-1,-1
34,78,1317,416,97,52,1,-1,-1,-1
34,112,672,1004,322,61,1,-1,-1,-1
34,113,143,809,278,136,1,-1,-1,-1
34,115,1684,934,218,120,1,-1,-1,-1
34,122,875,432,57,65,1,-1,-1,-1
34,124,1038,317,41,47,1,-1,-1,-1
34,125,1102,369,45,49,1,-1,-1,-1
34,135,805,373,94,37,1,-1,-1,-1
35,7,250,620,205,107,1,-1,-1,-1
35,8,23,614,200,94,1,-1,-1,-1
35,9,895,523,77,93,1,-1,-1,-1
35,10,908,464,77,82,1,-1,-1,-1
35,11,949,426,61,66,1,-1,-1,-1
35,12,955,394,55,51,1,-1,-1,-1
35,13,978,351,52,52,1,-1,-1,-1
35,15,1299,623,207,97,1,-1,-1,-1
35,16,1291,553,183,90,1,-1,-1,-1
35,54,558,561,161,94,1,-1,-1,-1
35,55,586,542,150,72,1,-1,-1,-1
35,56,581,510,171,60,1,-1,-1,-1
35,57,605,491,121,47,1,-1,-1,-1
35,58,628,466,154,60,1,-1,-1,-1
35,59,680,430,141,57,1,-1,-1,-1
35,60,746,428,118,46,1,-1,-1,-1
35,61,781,402,119,34,1,-1,-1,-1
35,63,825,337,100,30,1,-1,-1,-1
35,64,838,317,96,38,1,-1,-1,-1
35,76,1319,447,117,69,1,-1,-1,-1
35,77,1312,432,112,62,1,-1,-1,-1
35,78,1317,416,97,52,1,-1,-1,-1
35,112,651,1004,322,61,1,-1,-1,-1
35,113,125,814,282,136,1,-1,-1,-1
35,115,1658,935,241,120,1,-1,-1,-1
35,122,874,434,57,67,1,-1,-1,-1
35,124,1037,315,41,46,1,-1,-1,-1
35,125,1102,369,45,49,1,-1,-1,-1
35,135,805,374,94,36,1,-1,-1,-1
36,7,251,620,204,107,1,-1,-1,-1
36,8,23,614,200,94,1,-1,-1,-1
36,9,895,523,76,93,1,-1,-1,-1
36,10,908,465,77,82,1,-1,-1,-1
36,11,949,427,61,65,1,-1,-1,-1
36,12,955,394,55,51,1,-1,-1,-1
36,13,977,352,52,52,1,-1,-1,-1
36,15,1299,625,207,97,1,-1,-1,-1
36,16,1291,554,183,90,1,-1,-1,-1
36,54,560,561,161,94,1,-1,-1,-1
36,55,585,543,150,72,1,-1,-1,-1
36,56,581,511,171,60,1,-1,-1,-1
36,57,605,492,121,46,1,-1,-1,-1
36,58,628,466,154,60,1,-1,-1,-1
36,59,681,430,141,57,1,-1,-1,-1
36,60,747,428,118,46,1,-1,-1,-1
36,61,783,403,119,34,1,-1,-1,-1
36,63,826,338,100,30,1,-1,-1,-1
36,64,839,318,96,37,1,-1,-1,-1
36,76,1319,447,117,69,1,-1,-1,-1
36,77,1312,432,112,62,1,-1,-1,-1
36,78,1317,416,97,52,1,-1,-1,-1
36,112,631,1005,322,61,1,-1,-1,-1
36,113,107,819,285,136,1,-1,-1,-1
36,115,1632,936,264,120,1,-1,-1,-1
36,122,872,437,58,67,1,-1,-1,-1
36,124,1036,316,41,48,1,-1,-1,-1
36,125,1102,369,45,49,1,-1,-1,-1
36,135,805,374,94,37,1,-1,-1,-1
37,7,252,621,203,107,1,-1,-1,-1
37,8,23,614,200,95,1,-1,-1,-1
37,9,894,523,77,93,1,-1,-1,-1
37,10,908,466,77,82,1,-1,-1,-1
37,11,950,428,61,64,1,-1,-1,-1
37,12,955,395,55,51,1,-1,-1,-1
37,13,976,353,52,52,1,-1,-1,-1
37,15,1305,625,207,96,1,-1,-1,-1
37,16,1298,555,184,90,1,-1,-1,-1
37,54,561,562,161,94,1,-1,-1,-1
37,55,585,544,150,72,1,-1,-1,-1
37,56,581,512,171,60,1,-1,-1,-1
37,57,606,492,121,47,1,-1,-1,-1
37,58,628,467,154,60,1,-1,-1,-1
37,59,682,431,142,56,1,-1,-1,-1
37,60,747,429,118,46,1,-1,-1,-1
37,61,785,403,119,34,1,-1,-1,-1
37,63,827,338,100,30,1,-1,-1,-1
37,64,840,319,96,37,1,-1,-1,-1
37,76,1319,447,117,69,1,-1,-1,-1
37,77,1313,432,112,63,1,-1,-1,-1
37,78,1317,416,97,52,1,-1,-1,-1
37,112,610,1005,322,61,1,-1,-1,-1
37,113,90,824,288,136,1,-1,-1,-1
37,115,1607,938,286,119,1,-1,-1,-1
37,122,871,440,58,67,1,-1,-1,-1
37,124,1035,315,40,46,1,-1,-1,-1
37,125,1103,370,45,49,1,-1,-1,-1
37,135,806,375,94,36,1,-1,-1,-1
38,7,253,622,203,106,1,-1,-1,-1
38,8,23,615,200,94,1,-1,-1,-1
38,9,894,523,77,94,1,-1,-1,-1
38,10,908,467,77,82,1,-1,-1,-1
38,11,951,429,61,64,1,-1,-1,-1
38,12,955,396,55,51,1,-1,-1,-1
38,13,976,354,52,52,1,-1,-1,-1
38,15,1311,626,207,95,1,-1,-1,-1
38,16,1306,556,184,90,1,-1,-1,-1
38,54,563,562,161,94,1,-1,-1,-1
38,55,587,544,150,72,1,-1,-1,-1
38,56,581,513,172,60,1,-1,-1,-1
38,57,606,493,122,46,1,-1,-1,-1
38,58,633,467,154,60,1,-1,-1,-1
38,59,684,431,141,57,1,-1,-1,-1
38,60,747,430,118,46,1,-1,-1,-1
38,61,787,404,119,34,1,-1,-1,-1
38,63,828,339,100,30,1,-1,-1,-1
38,64,840,319,96,38,1,-1,-1,-1
38,76,1320,447,117,70,1,-1,-1,-1
38,77,1313,432,112,63,1,-1,-1,-1
38,78,1317,416,97,52,1,-1,-1,-1
38,112,589,1005,322,61,1,-1,-1,-1
38,113,95,824,280,136,1,-1,-1,-1
38,115,1581,939,309,119,1,-1,-1,-1
38,122,869,443,59,68,1,-1,-1,-1
38,124,1038,315,41,46,1,-1,-1,-1
38,125,1105,371,45,49,1,-1,-1,-1
38,135,806,375,94,37,1,-1,-1,-1
39,7,253,622,203,106,1,-1,-1,-1
39,8,23,615,200,94,1,-1,-1,-1
39,9,913,524,77,94,1,-1,-1,-1
39,10,924,468,77,82,1,-1,-1,-1
39,11,968,429,60,64,1,-1,-1,-1
39,12,972,395,54,51,1,-1,-1,-1
39,13,989,354,53,52,1,-1,-1,-1
39,15,1317,627,207,94,1,-1,-1,-1
39,16,1314,557,184,90,1,-1,-1,-1
39,54,565,563,161,94,1,-1,-1,-1
39,55,589,544,150,72,1,-1,-1,-1
39,56,606,511,172,60,1,-1,-1,-1
39,57,606,493,123,47,1,-1,-1,-1
39,58,639,468,154,60,1,-1,-1,-1
39,59,685,431,141,57,1,-1,-1,-1
39,60,748,430,118,46,1,-1,-1,-1
39,61,789,404,119,34,1,-1,-1,-1
39,63,829,339,100,30,1,-1,-1,-1
39,64,841,320,96,37,1,-1,-1,-1
39,76,1320,448,117,69,1,-1,-1,-1
39,77,1313,433,112,62,1,-1,-1,-1
39,78,1317,416,97,52,1,-1,-1,-1
39,112,569,1006,322,61,1,-1,-1,-1
39,113,100,825,272,136,1,-1,-1,-1
39,115,1556,941,332,119,1,-1,-1,-1
39,122,868,446,60,68,1,-1,-1,-1
39,124,1058,308,40,46,1,-1,-1,-1
39,125,1107,372,45,49,1,-1,-1,-1
39,135,806,376,94,36,1,-1,-1,-1
40,7,254,623,202,106,1,-1,-1,-1
40,8,23,615,200,95,1,-1,-1,-1
40,9,913,525,77,94,1,-1,-1,-1
40,10,924,469,77,82,1,-1,-1,-1
40,11,966,430,60,63,1,-1,-1,-1
40,12,972,396,55,51,1,-1,-1,-1
40,13,990,356,52,51,1,-1,-1,-1
40,15,1323,628,207,93,1,-1,-1,-1
40,16,1322,559,185,90,1,-1,-1,-1
40,54,567,564,161,94,1,-1,-1,-1
40,55,591,544,150,72,1,-1,-1,-1
40,56,607,512,172,60,1,-1,-1,-1
40,57,607,493,123,47,1,-1,-1,-1
40,58,644,469,154,60,1,-1,-1,-1
40,59,686,432,142,56,1,-1,-1,-1
40,60,748,431,118,46,1,-1,-1,-1
40,61,791,405,119,34,1,-1,-1,-1
40,63,830,340,100,30,1,-1,-1,-1
40,64,842,320,96,38,1,-1,-1,-1
40,76,1320,448,117,69,1,-1,-1,-1
40,77,1313,433,112,62,1,-1,-1,-1
40,78,1317,416,97,52,1,-1,-1,-1
40,112,544,1009,322,60,1,-1,-1,-1
40,113,77,822,277,133,1,-1,-1,-1
40,115,1518,941,332,120,1,-1,-1,-1
40,122,866,448,61,70,1,-1,-1,-1
40,124,1058,313,41,47,1,-1,-1,-1
40,125,1109,373,45,49,1,-1,-1,-1
40,135,807,377,94,36,1,-1,-1,-1
41,7,255,623,202,106,1,-1,-1,-1
41,8,24,616,200,94,1,-1,-1,-1
41,9,914,526,76,94,1,-1,-1,-1
41,10,924,471,77,82,1,-1,-1,-1
41,11,965,431,60,62,1,-1,-1,-1
41,12,973,398,55,51,1,-1,-1,-1
41,13,991,358,52,51,1,-1,-1,-1
41,15,1322,628,207,93,1,-1,-1,-1
41,16,1321,558,185,90,1,-1,-1,-1
41,54,566,564,161,94,1,-1,-1,-1
41,55,593,544,151,72,1,-1,-1,-1
41,56,609,513,172,60,1,-1,-1,-1
41,57,607,494,124,47,1,-1,-1,-1
41,58,650,470,154,60,1,-1,-1,-1
41,59,688,432,141,56,1,-1,-1,-1
41,60,748,431,118,46,1,-1,-1,-1
41,61,793,405,119,34,1,-1,-1,-1
41,63,831,340,100,30,1,-1,-1,-1
41,64,843,321,95,37,1,-1,-1,-1
41,76,1321,448,117,69,1,-1,-1,-1
41,77,1313,433,112,62,1,-1,-1,-1
41,78,1317,416,97,52,1,-1,-1,-1
41,112,520,1012,322,59,1,-1,-1,-1
41,113,55,820,281,129,1,-1,-1,-1
41,115,1480,941,332,121,1,-1,-1,-1
41,122,865,451,61,70,1,-1,-1,-1
41,124,1057,313,41,47,1,-1,-1,-1
41,125,1112,374,45,50,1,-1,-1,-1
41,135,807,377,94,36,1,-1,-1,-1
42,7,256,624,201,106,1,-1,-1,-1
42,8,24,616,200,95,1,-1,-1,-1
42,9,914,527,77,94,1,-1,-1,-1
42,10,924,473,77,82,1,-1,-1,-1
42,11,963,432,60,62,1,-1,-1,-1
42,12,973,399,56,51,1,-1,-1,-1
42,13,992,360,52,50,1,-1,-1,-1
42,15,1322,629,207,93,1,-1,-1,-1
42,16,1320,558,185,90,1,-1,-1,-1
42,54,566,565,161,94,1,-1,-1,-1
42,55,595,544,151,72,1,-1,-1,-1
42,56,608,512,172,60,1,-1,-1,-1
42,57,607,494,125,47,1,-1,-1,-1
42,58,639,469,154,59,1,-1,-1,-1
42,59,689,432,142,57,1,-1,-1,-1
42,60,749,432,118,46,1,-1,-1,-1
42,61,795,406,119,34,1,-1,-1,-1
42,63,832,341,100,30,1,-1,-1,-1
42,64,844,322,95,37,1,-1,-1,-1
42,76,1321,448,117,70,1,-1,-1,-1
42,77,1313,433,112,63,1,-1,-1,-1
42,78,1317,416,97,52,1,-1,-1,-1
42,112,500,1012,322,59,1,-1,-1,-1
42,113,41,821,275,131,1,-1,-1,-1
42,115,1442,940,331,121,1,-1,-1,-1
42,122,863,454,62,71,1,-1,-1,-1
42,124,1058,308,40,46,1,-1,-1,-1
42,125,1111,374,45,50,1,-1,-1,-1
42,135,807,378,94,35,1,-1,-1,-1
43,7,257,624,200,106,1,-1,-1,-1
43,8,24,616,200,95,1,-1,-1,-1
43,9,915,528,76,94,1,-1,-1,-1
43,10,924,475,77,82,1,-1,-1,-1
43,11,962,433,60,61,1,-1,-1,-1
43,12,974,401,56,51,1,-1,-1,-1
43,13,993,362,52,50,1,-1,-1,-1
43,15,1321,630,207,93,1,-1,-1,-1
43,16,1319,558,185,90,1,-1,-1,-1
43,54,566,565,161,94,1,-1,-1,-1
43,55,597,544,151,72,1,-1,-1,-1
43,56,607,511,172,60,1,-1,-1,-1
43,57,608,495,125,47,1,-1,-1,-1
43,58,643,470,154,59,1,-1,-1,-1
43,59,690,432,142,57,1,-1,-1,-1
43,60,749,433,118,46,1,-1,-1,-1
43,61,792,407,119,34,1,-1,-1,-1
43,63,831,341,100,30,1,-1,-1,-1
43,64,844,322,96,38,1,-1,-1,-1
43,76,1322,449,117,69,1,-1,-1,-1
43,77,1313,433,112,63,1,-1,-1,-1
43,78,1317,416,97,52,1,-1,-1,-1
43,112,480,1012,322,59,1,-1,-1,-1
43,113,27,823,270,133,1,-1,-1,-1
43,115,1404,940,331,121,1,-1,-1,-1
43,122,862,457,62,71,1,-1,-1,-1
43,124,1058,308,40,46,1,-1,-1,-1
43,125,1110,374,45,50,1,-1,-1,-1
43,135,807,378,94,36,1,-1,-1,-1
44,7,258,625,200,106,1,-1,-1,-1
44,8,24,617,200,94,1,-1,-1,-1
44,9,916,530,76,94,1,-1,-1,-1
44,10,925,477,77,82,1,-1,-1,-1
44,11,961,435,60,60,1,-1,-1,-1
44,12,975,403,56,51,1,-1,-1,-1
44,13,994,364,52,50,1,-1,-1,-1
44,15,1321,630,207,94,1,-1,-1,-1
44,16,1319,558,185,90,1,-1,-1,-1
44,54,566,566,161,94,1,-1,-1,-1
44,55,599,544,151,72,1,-1,-1,-1
44,56,606,511,172,60,1,-1,-1,-1
44,57,608,496,125,47,1,-1,-1,-1
44,58,647,471,154,59,1,-1,-1,-1
44,59,692,433,141,56,1,-1,-1,-1
44,60,749,433,118,46,1,-1,-1,-1
44,61,790,408,119,34,1,-1,-1,-1
44,63,830,342,100,30,1,-1,-1,-1
44,64,845,323,96,37,1,-1,-1,-1
44,76,1322,449,117,69,1,-1,-1,-1
44,77,1313,433,112,63,1,-1,-1,-1
44,78,1317,416,97,52,1,-1,-1,-1
44,112,460,1012,322,59,1,-1,-1,-1
44,113,13,825,265,134,1,-1,-1,-1
44,115,1366,939,331,121,1,-1,-1,-1
44,122,860,459,63,73,1,-1,-1,-1
44,125,1110,374,45,50,1,-1,-1,-1
44,135,808,379,94,35,1,-1,-1,-1
45,7,258,626,200,105,1,-1,-1,-1
45,8,24,617,200,95,1,-1,-1,-1
45,9,915,530,76,94,1,-1,-1,-1
45,10,924,476,77,82,1,-1,-1,-1
45,11,960,435,60,60,1,-1,-1,-1
45,12,974,403,56,51,1,-1,-1,-1
45,13,993,364,52,50,1,-1,-1,-1
45,15,1320,631,207,93,1,-1,-1,-1
45,16,1318,558,185,90,1,-1,-1,-1
45,54,566,567,161,94,1,-1,-1,-1
45,55,602,545,151,71,1,-1,-1,-1
45,56,604,512,172,60,1,-1,-1,-1
45,57,608,497,126,47,1,-1,-1,-1
45,58,646,474,154,59,1,-1,-1,-1
45,59,693,433,142,56,1,-1,-1,-1
45,60,750,434,118,46,1,-1,-1,-1
45,61,788,409,119,34,1,-1,-1,-1
45,63,830,343,99,30,1,-1,-1,-1
45,64,846,324,95,37,1,-1,-1,-1
45,76,1322,449,117,69,1,-1,-1,-1
45,77,1313,433,112,63,1,-1,-1,-1
45,78,1317,416,97,52,1,-1,-1,-1
45,112,441,1012,322,59,1,-1,-1,-1
45,113,0,827,259,136,1,-1,-1,-1
45,115,1328,939,331,121,1,-1,-1,-1
45,122,859,462,64,73,1,-1,-1,-1
45,125,1109,374,45,50,1,-1,-1,-1
45,135,808,379,94,36,1,-1,-1,-1
46,7,259,626,199,106,1,-1,-1,-1
46,8,24,617,200,95,1,-1,-1,-1
46,9,915,530,76,94,1,-1,-1,-1
46,10,924,476,77,82,1,-1,-1,-1
46,11,959,435,60,60,1,-1,-1,-1
46,12,973,403,56,51,1,-1,-1,-1
46,13,992,364,52,50,1,-1,-1,-1
46,15,1320,632,207,93,1,-1,-1,-1
46,16,1317,558,185,90,1,-1,-1,-1
46,54,563,570,161,94,1,-1,-1,-1
46,55,601,548,151,70,1,-1,-1,-1
46,56,602,514,172,60,1,-1,-1,-1
46,57,608,498,127,47,1,-1,-1,-1
46,58,645,477,154,60,1,-1,-1,-1
46,59,694,433,142,57,1,-1,-1,-1
46,60,750,434,118,46,1,-1,-1,-1
46,61,786,410,118,34,1,-1,-1,-1
46,63,829,344,99,30,1,-1,-1,-1
46,64,847,324,95,37,1,-1,-1,-1
46,76,1323,449,117,70,1,-1,-1,-1
46,77,1313,434,112,62,1,-1,-1,-1
46,78,1317,416,97,52,1,-1,-1,-1
46,112,416,1012,322,59,1,-1,-1,-1
46,113,0,827,243,136,1,-1,-1,-1
46,115,1286,937,331,121,1,-1,-1,-1
46,122,857,465,65,74,1,-1,-1,-1
46,125,1109,375,45,50,1,-1,-1,-1
46,135,808,380,94,35,1,-1,-1,-1
47,7,260,627,199,105,1,-1,-1,-1
47,8,24,618,200,94,1,-1,-1,-1
47,9,914,530,76,94,1,-1,-1,-1
47,10,923,476,77,82,1,-1,-1,-1
47,11,959,435,60,60,1,-1,-1,-1
47,12,973,403,56,51,1,-1,-1,-1
47,13,991,364,52,50,1,-1,-1,-1
47,15,1319,632,207,94,1,-1,-1,-1
47,16,1317,558,185,90,1,-1,-1,-1
47,54,560,574,161,94,1,-1,-1,-1
47,55,600,551,151,70,1,-1,-1,-1
47,56,601,515,171,60,1,-1,-1,-1
47,57,608,499,128,47,1,-1,-1,-1
47,58,644,477,154,60,1,-1,-1,-1
47,59,696,434,141,56,1,-1,-1,-1
47,60,750,435,118,46,1,-1,-1,-1
47,61,784,411,118,34,1,-1,-1,-1
47,63,828,345,99,30,1,-1,-1,-1
47,64,848,325,95,37,1,-1,-1,-1
47,76,1323,449,117,70,1,-1,-1,-1
47,77,1314,434,112,63,1,-1,-1,-1
47,78,1317,416,97,52,1,-1,-1,-1
47,112,392,1012,322,59,1,-1,-1,-1
47,113,0,827,228,136,1,-1,-1,-1
47,115,1244,935,331,121,1,-1,-1,-1
47,122,856,468,65,74,1,-1,-1,-1
47,125,1108,375,45,50,1,-1,-1,-1
47,135,809,380,94,36,1,-1,-1,-1
48,7,261,627,198,106,1,-1,-1,-1
48,8,24,618,200,95,1,-1,-1,-1
48,9,914,530,76,94,1,-1,-1,-1
48,10,923,476,77,82,1,-1,-1,-1
48,11,958,435,60,60,1,-1,-1,-1
48,12,972,403,56,51,1,-1,-1,-1
48,13,991,364,52,50,1,-1,-1,-1
48,15,1319,633,207,94,1,-1,-1,-1
48,16,1316,558,185,90,1,-1,-1,-1
48,54,558,577,161,94,1,-1,-1,-1
48,55,600,554,151,70,1,-1,-1,-1
48,56,599,517,171,60,1,-1,-1,-1
48,57,609,500,128,47,1,-1,-1,-1
48,58,643,477,154,60,1,-1,-1,-1
48,59,697,434,142,56,1,-1,-1,-1
48,60,751,436,118,46,1,-1,-1,-1
48,61,782,413,118,34,1,-1,-1,-1
48,63,828,346,99,30,1,-1,-1,-1
48,64,849,326,95,37,1,-1,-1,-1
48,76,1323,450,117,69,1,-1,-1,-1
48,77,1314,434,112,63,1,-1,-1,-1
48,78,1317,416,97,52,1,-1,-1,-1
48,112,368,1012,322,59,1,-1,-1,-1
48,113,0,828,213,136,1,-1,-1,-1
48,115,1203,934,331,121,1,-1,-1,-1
48,122,854,471,66,74,1,-1,-1,-1
48,125,1108,375,45,50,1,-1,-1,-1
48,135,809,381,94,35,1,-1,-1,-1
49,7,262,628,197,105,1,-1,-1,-1
49,8,25,618,200,95,1,-1,-1,-1
49,9,913,530,76,94,1,-1,-1,-1
49,10,922,476,77,82,1,-1,-1,-1
49,11,958,435,60,60,1,-1,-1,-1
49,12,972,403,55,51,1,-1,-1,-1
49,13,990,365,52,50,1,-1,-1,-1
49,15,1319,634,207,94,1,-1,-1,-1
49,16,1315,558,185,90,1,-1,-1,-1
49,54,555,581,161,94,1,-1,-1,-1
49,55,599,557,151,70,1,-1,-1,-1
49,56,597,518,171,60,1,-1,-1,-1
49,57,609,501,129,47,1,-1,-1,-1
49,58,642,477,154,60,1,-1,-1,-1
49,59,698,434,142,56,1,-1,-1,-1
49,60,750,436,118,46,1,-1,-1,-1
49,61,789,411,118,34,1,-1,-1,-1
49,63,827,346,99,30,1,-1,-1,-1
49,64,848,326,95,37,1,-1,-1,-1
49,76,1324,450,117,69,1,-1,-1,-1
49,77,1314,434,112,63,1,-1,-1,-1
49,78,1317,416,97,52,1,-1,-1,-1
49,112,344,1012,322,59,1,-1,-1,-1
49,113,0,828,197,136,1,-1,-1,-1
49,115,1165,930,331,124,1,-1,-1,-1
49,122,853,473,66,76,1,-1,-1,-1
49,125,1107,375,45,50,1,-1,-1,-1
49,135,809,381,94,36,1,-1,-1,-1
50,7,263,629,197,105,1,-1,-1,-1
50,8,25,619,200,95,1,-1,-1,-1
50,9,913,530,76,94,1,-1,-1,-1
50,10,922,476,77,82,1,-1,-1,-1
50,11,957,435,60,60,1,-1,-1,-1
50,12,971,403,56,51,1,-1,-1,-1
50,13,989,365,52,50,1,-1,-1,-1
50,15,1318,633,207,94,1,-1,-1,-1
50,16,1315,558,185,90,1,-1,-1,-1
50,54,553,585,161,94,1,-1,-1,-1
50,55,599,560,151,70,1,-1,-1,-1
50,56,596,520,171,60,1,-1,-1,-1
50,57,609,502,130,47,1,-1,-1,-1
50,58,641,477,154,60,1,-1,-1,-1
50,59,700,435,142,56,1,-1,-1,-1
50,60,750,437,118,46,1,-1,-1,-1
50,61,787,411,118,34,1,-1,-1,-1
50,63,827,346,99,30,1,-1,-1,-1
50,64,848,326,95,37,1,-1,-1,-1
50,76,1324,450,117,70,1,-1,-1,-1
50,77,1314,434,112,63,1,-1,-1,-1
50,78,1317,416,97,52,1,-1,-1,-1
50,112,320,1012,322,59,1,-1,-1,-1
50,113,0,828,181,136,1,-1,-1,-1
50,115,1128,926,330,128,1,-1,-1,-1
50,122,851,476,67,76,1,-1,-1,-1
50,125,1107,376,45,50,1,-1,-1,-1
50,135,810,382,94,35,1,-1,-1,-1
51,7,262,629,197,105,1,-1,-1,-1
51,8,25,619,200,95,1,-1,-1,-1
51,9,913,530,76,94,1,-1,-1,-1
51,10,921,476,77,82,1,-1,-1,-1
51,11,957,435,60,60,1,-1,-1,-1
51,12,971,403,55,51,1,-1,-1,-1
51,13,989,365,52,50,1,-1,-1,-1
51,15,1317,633,207,94,1,-1,-1,-1
51,16,1314,558,185,90,1,-1,-1,-1
51,54,553,584,160,94,1,-1,-1,-1
51,55,598,559,151,70,1,-1,-1,-1
51,56,596,520,172,60,1,-1,-1,-1
51,57,609,503,131,47,1,-1,-1,-1
51,58,640,477,154,60,1,-1,-1,-1
51,59,697,436,142,56,1,-1,-1,-1
51,60,749,437,118,46,1,-1,-1,-1
51,61,786,411,118,34,1,-1,-1,-1
51,63,827,346,99,30,1,-1,-1,-1
51,64,847,326,95,37,1,-1,-1,-1
51,76,1324,450,117,70,1,-1,-1,-1
51,77,1314,434,112,63,1,-1,-1,-1
51,78,1317,416,97,52,1,-1,-1,-1
51,112,296,1012,322,59,1,-1,-1,-1
51,113,0,829,165,136,1,-1,-1,-1
51,115,1091,923,330,131,1,-1,-1,-1
51,122,850,479,68,77,1,-1,-1,-1
51,125,1106,376,45,50,1,-1,-1,-1
51,135,810,382,94,36,1,-1,-1,-1
52,7,261,629,198,105,1,-1,-1,-1
52,8,25,619,200,95,1,-1,-1,-1
52,9,912,530,76,94,1,-1,-1,-1
52,10,921,476,77,82,1,-1,-1,-1
52,11,956,435,60,60,1,-1,-1,-1
52,12,970,403,55,51,1,-1,-1,-1
52,13,988,365,52,50,1,-1,-1,-1
52,15,1316,633,207,94,1,-1,-1,-1
52,16,1313,558,185,90,1,-1,-1,-1
52,54,553,583,159,94,1,-1,-1,-1
52,55,597,559,151,70,1,-1,-1,-1
52,56,597,520,172,60,1,-1,-1,-1
52,57,610,505,131,47,1,-1,-1,-1
52,58,639,477,154,60,1,-1,-1,-1
52,59,694,437,142,56,1,-1,-1,-1
52,60,749,438,118,46,1,-1,-1,-1
52,61,785,411,118,34,1,-1,-1,-1
52,63,826,346,99,30,1,-1,-1,-1
52,64,847,327,95,36,1,-1,-1,-1
52,76,1325,451,117,69,1,-1,-1,-1
52,77,1314,435,112,63,1,-1,-1,-1
52,78,1318,416,96,52,1,-1,-1,-1
52,112,273,1011,322,59,1,-1,-1,-1
52,113,0,827,142,136,1,-1,-1,-1
52,115,1052,920,330,131,1,-1,-1,-1
52,122,848,482,69,77,1,-1,-1,-1
52,125,1106,376,45,50,1,-1,-1,-1
52,135,810,383,94,35,1,-1,-1,-1
53,7,260,629,198,106,1,-1,-1,-1
53,8,25,620,200,95,1,-1,-1,-1
53,9,912,530,76,94,1,-1,-1,-1
53,10,920,475,77,82,1,-1,-1,-1
53,11,956,436,60,60,1,-1,-1,-1
53,12,970,403,55,51,1,-1,-1,-1
53,13,987,365,52,50,1,-1,-1,-1
53,15,1316,632,207,94,1,-1,-1,-1
53,16,1313,558,185,90,1,-1,-1,-1
53,54,553,583,159,93,1,-1,-1,-1
53,55,597,559,151,70,1,-1,-1,-1
53,56,598,521,172,60,1,-1,-1,-1
53,57,610,505,128,47,1,-1,-1,-1
53,58,638,478,154,59,1,-1,-1,-1
53,59,691,438,142,56,1,-1,-1,-1
53,60,749,438,118,47,1,-1,-1,-1
53,61,783,411,118,34,1,-1,-1,-1
53,63,826,346,99,30,1,-1,-1,-1
53,64,846,327,95,36,1,-1,-1,-1
53,76,1325,451,117,69,1,-1,-1,-1
53,77,1314,435,112,63,1,-1,-1,-1
53,78,1318,416,96,52,1,-1,-1,-1
53,112,250,1011,322,59,1,-1,-1,-1
53,113,0,826,120,136,1,-1,-1,-1
53,115,1013,918,330,131,1,-1,-1,-1
53,122,847,484,69,79,1,-1,-1,-1
53,125,1105,376,45,50,1,-1,-1,-1
53,135,811,384,94,35,1,-1,-1,-1
54,7,259,629,199,106,1,-1,-1,-1
54,8,25,620,200,95,1,-1,-1,-1
54,9,911,530,76,94,1,-1,-1,-1
54,10,920,475,77,82,1,-1,-1,-1
54,11,955,436,60,60,1,-1,-1,-1
54,12,969,403,55,51,1,-1,-1,-1
54,13,986,366,52,50,1,-1,-1,-1
54,15,1315,632,207,94,1,-1,-1,-1
54,16,1312,558,185,90,1,-1,-1,-1
54,54,553,582,158,94,1,-1,-1,-1
54,55,596,559,151,70,1,-1,-1,-1
54,56,599,521,172,60,1,-1,-1,-1
54,57,610,505,125,47,1,-1,-1,-1
54,58,637,478,154,59,1,-1,-1,-1
54,59,688,439,143,56,1,-1,-1,-1
54,60,748,439,118,46,1,-1,-1,-1
54,61,782,412,118,34,1,-1,-1,-1
54,63,826,346,99,30,1,-1,-1,-1
54,64,846,327,95,36,1,-1,-1,-1
54,76,1325,451,117,70,1,-1,-1,-1
54,77,1314,435,112,63,1,-1,-1,-1
54,78,1318,416,96,52,1,-1,-1,-1
54,112,228,1010,322,59,1,-1,-1,-1
54,113,0,825,98,136,1,-1,-1,-1
54,115,974,916,330,131,1,-1,-1,-1
54,122,845,487,70,79,1,-1,-1,-1
54,125,1105,377,45,50,1,-1,-1,-1
54,135,810,383,94,35,1,-1,-1,-1
55,7,258,630,200,106,1,-1,-1,-1
55,8,25,620,200,95,1,-1,-1,-1
55,9,911,530,76,94,1,-1,-1,-1
55,10,919,475,77,82,1,-1,-1,-1
55,11,955,436,60,60,1,-1,-1,-1
55,12,969,403,54,51,1,-1,-1,-1
55,13,986,366,52,50,1,-1,-1,-1
55,15,1314,632,207,94,1,-1,-1,-1
55,16,1311,558,185,90,1,-1,-1,-1
55,54,553,582,157,93,1,-1,-1,-1
55,55,595,558,152,70,1,-1,-1,-1
55,56,600,521,172,60,1,-1,-1,-1
55,57,610,506,123,47,1,-1,-1,-1
55,58,636,478,154,59,1,-1,-1,-1
55,59,685,440,143,56,1,-1,-1,-1
55,60,748,439,118,47,1,-1,-1,-1
55,61,781,412,118,34,1,-1,-1,-1
55,63,825,346,99,30,1,-1,-1,-1
55,64,845,327,95,36,1,-1,-1,-1
55,76,1326,451,117,70,1,-1,-1,-1
55,77,1314,435,112,63,1,-1,-1,-1
55,78,1318,416,96,52,1,-1,-1,-1
55,112,205,1010,322,59,1,-1,-1,-1
55,113,0,824,76,136,1,-1,-1,-1
55,115,935,914,330,131,1,-1,-1,-1
55,122,844,490,70,80,1,-1,-1,-1
55,125,1104,377,45,50,1,-1,-1,-1
55,135,809,383,94,35,1,-1,-1,-1
56,7,257,630,200,106,1,-1,-1,-1
56,8,26,621,200,95,1,-1,-1,-1
56,9,911,530,76,94,1,-1,-1,-1
56,10,919,475,77,82,1,-1,-1,-1
56,11,954,436,60,60,1,-1,-1,-1
56,12,968,403,55,51,1,-1,-1,-1
56,13,985,366,52,50,1,-1,-1,-1
56,15,1314,631,207,95,1,-1,-1,-1
56,16,1311,558,185,90,1,-1,-1,-1
56,54,553,581,157,93,1,-1,-1,-1
56,55,595,558,151,70,1,-1,-1,-1
56,56,601,522,173,60,1,-1,-1,-1
56,57,610,506,120,47,1,-1,-1,-1
56,58,635,478,154,59,1,-1,-1,-1
56,59,682,441,143,56,1,-1,-1,-1
56,60,748,440,118,47,1,-1,-1,-1
56,61,779,412,118,34,1,-1,-1,-1
56,63,825,346,99,30,1,-1,-1,-1
56,64,845,328,95,36,1,-1,-1,-1
56,76,1326,452,117,69,1,-1,-1,-1
56,77,1314,435,112,63,1,-1,-1,-1
56,78,1318,416,96,52,1,-1,-1,-1
56,112,183,1010,322,59,1,-1,-1,-1
56,115,896,912,330,131,1,-1,-1,-1
56,122,842,493,71,80,1,-1,-1,-1
56,125,1104,377,45,50,1,-1,-1,-1
56,135,808,383,94,35,1,-1,-1,-1
57,7,256,630,201,107,1,-1,-1,-1
57,8,26,621,200,95,1,-1,-1,-1
57,9,910,530,76,94,1,-1,-1,-1
57,10,918,475,77,82,1,-1,-1,-1
57,11,954,436,60,60,1,-1,-1,-1
57,12,968,403,54,51,1,-1,-1,-1
57,13,984,366,52,50,1,-1,-1,-1
57,15,1313,631,207,94,1,-1,-1,-1
57,16,1310,558,185,90,1,-1,-1,-1
57,54,553,581,156,92,1,-1,-1,-1
57,55,594,558,151,70,1,-1,-1,-1
57,56,600,521,173,60,1,-1,-1,-1
57,57,610,507,118,47,1,-1,-1,-1
57,58,634,478,154,59,1,-1,-1,-1
57,59,680,443,143,55,1,-1,-1,-1
57,60,747,441,118,46,1,-1,-1,-1
57,61,778,412,118,34,1,-1,-1,-1
57,63,825,346,99,30,1,-1,-1,-1
57,64,845,328,95,36,1,-1,-1,-1
57,76,1326,452,117,69,1,-1,-1,-1
57,77,1315,435,112,64,1,-1,-1,-1
57,78,1318,416,96,52,1,-1,-1,-1
57,112,155,1011,322,59,1,-1,-1,-1
57,115,869,910,319,131,1,-1,-1,-1
57,122,841,496,72,81,1,-1,-1,-1
57,125,1103,377,45,50,1,-1,-1,-1
57,135,808,383,94,35,1,-1,-1,-1
58,7,255,630,201,107,1,-1,-1,-1
58,8,26,621,200,96,1,-1,-1,-1
58,9,910,531,76,94,1,-1,-1,-1
58,10,918,475,77,82,1,-1,-1,-1
58,11,953,436,60,60,1,-1,-1,-1
58,12,967,404,54,51,1,-1,-1,-1
58,13,984,367,52,50,1,-1,-1,-1
58,15,1312,631,207,94,1,-1,-1,-1
58,16,1309,558,185,90,1,-1,-1,-1
58,54,553,580,155,93,1,-1,-1,-1
58,55,593,558,152,70,1,-1,-1,-1
58,56,599,521,173,60,1,-1,-1,-1
58,57,610,507,115,47,1,-1,-1,-1
58,58,633,478,154,59,1,-1,-1,-1
58,59,679,443,143,55,1,-1,-1,-1
58,60,747,441,118,47,1,-1,-1,-1
58,61,777,412,118,34,1,-1,-1,-1
58,63,824,346,99,30,1,-1,-1,-1
58,64,844,328,95,36,1,-1,-1,-1
58,76,1327,452,117,70,1,-1,-1,-1
58,77,1315,436,112,63,1,-1,-1,-1
58,78,1318,416,96,52,1,-1,-1,-1
58,112,127,1012,322,59,1,-1,-1,-1
58,115,842,909,309,130,1,-1,-1,-1
58,122,838,498,72,81,1,-1,-1,-1
58,125,1103,378,45,50,1,-1,-1,-1
58,135,807,383,94,35,1,-1,-1,-1
59,7,254,631,202,106,1,-1,-1,-1
59,8,26,622,200,95,1,-1,-1,-1
59,9,909,531,76,94,1,-1,-1,-1
59,10,918,475,77,82,1,-1,-1,-1
59,11,952,436,61,60,1,-1,-1,-1
59,12,966,404,55,51,1,-1,-1,-1
59,13,983,367,52,50,1,-1,-1,-1
59,15,1311,630,208,95,1,-1,-1,-1
59,16,1309,558,185,90,1,-1,-1,-1
59,54,553,580,155,92,1,-1,-1,-1
59,55,593,557,151,70,1,-1,-1,-1
59,56,598,520,173,60,1,-1,-1,-1
59,57,611,508,112,47,1,-1,-1,-1
59,58,632,479,154,59,1,-1,-1,-1
59,59,678,443,143,55,1,-1,-1,-1
59,60,746,442,118,46,1,-1,-1,-1
59,61,775,413,118,34,1,-1,-1,-1
59,63,824,346,99,30,1,-1,-1,-1
59,64,844,328,95,36,1,-1,-1,-1
59,76,1327,452,117,70,1,-1,-1,-1
59,77,1315,436,112,63,1,-1,-1,-1
59,78,1318,416,96,52,1,-1,-1,-1
59,112,102,1008,326,62,1,-1,-1,-1
59,115,807,907,309,130,1,-1,-1,-1
59,122,836,501,72,81,1,-1,-1,-1
59,125,1102,378,45,50,1,-1,-1,-1
59,135,806,383,94,35,1,-1,-1,-1
60,7,253,631,203,107,1,-1,-1,-1
60,8,26,622,200,95,1,-1,-1,-1
60,9,909,531,76,94,1,-1,-1,-1
60,10,917,475,77,82,1,-1,-1,-1
60,11,952,436,60,60,1,-1,-1,-1
60,12,966,404,54,51,1,-1,-1,-1
60,13,982,367,52,50,1,-1,-1,-1
60,15,1311,630,207,94,1,-1,-1,-1
60,16,1308,558,185,90,1,-1,-1,-1
60,54,553,579,154,92,1,-1,-1,-1
60,55,592,557,152,70,1,-1,-1,-1
60,56,597,520,173,60,1,-1,-1,-1
60,57,610,507,111,47,1,-1,-1,-1
60,58,631,479,155,59,1,-1,-1,-1
60,59,677,443,143,55,1,-1,-1,-1
60,60,746,442,118,47,1,-1,-1,-1
60,61,774,413,118,34,1,-1,-1,-1
60,63,824,347,99,30,1,-1,-1,-1
60,64,843,329,95,35,1,-1,-1,-1
60,76,1328,453,117,69,1,-1,-1,-1
60,77,1315,436,112,63,1,-1,-1,-1
60,78,1318,416,96,52,1,-1,-1,-1
60,112,77,1004,330,65,1,-1,-1,-1
60,115,772,906,309,130,1,-1,-1,-1
60,122,834,504,71,81,1,-1,-1,-1
60,125,1102,378,45,50,1,-1,-1,-1
60,135,806,383,94,35,1,-1,-1,-1
61,7,252,631,203,107,1,-1,-1,-1
61,8,26,622,200,96,1,-1,-1,-1
61,9,908,531,76,94,1,-1,-1,-1
61,10,917,474,77,82,1,-1,-1,-1
61,11,951,437,61,60,1,-1,-1,-1
61,12,965,404,54,51,1,-1,-1,-1
61,13,981,367,52,50,1,-1,-1,-1
61,15,1310,630,207,94,1,-1,-1,-1
61,16,1307,558,185,90,1,-1,-1,-1
61,54,553,579,154,91,1,-1,-1,-1
61,55,591,557,152,70,1,-1,-1,-1
61,56,596,519,173,61,1,-1,-1,-1
61,57,609,506,111,47,1,-1,-1,-1
61,58,631,479,155,59,1,-1,-1,-1
61,59,676,443,143,55,1,-1,-1,-1
61,60,746,443,118,47,1,-1,-1,-1
61,61,773,413,118,34,1,-1,-1,-1
61,63,823,347,99,30,1,-1,-1,-1
61,64,843,329,95,35,1,-1,-1,-1
61,76,1328,453,117,69,1,-1,-1,-1
61,77,1315,436,112,63,1,-1,-1,-1
61,78,1318,416,96,52,1,-1,-1,-1
61,112,53,1000,333,68,1,-1,-1,-1
61,115,737,904,309,130,1,-1,-1,-1
61,122,831,507,72,81,1,-1,-1,-1
61,125,1101,378,45,50,1,-1,-1,-1
61,135,805,383,94,35,1,-1,-1,-1
62,7,251,631,204,108,1,-1,-1,-1
62,8,26,623,200,95,1,-1,-1,-1
62,9,908,531,76,94,1,-1,-1,-1
62,10,916,474,77,82,1,-1,-1,-1
62,11,951,437,60,60,1,-1,-1,-1
62,12,965,404,54,51,1,-1,-1,-1
62,13,981,367,52,50,1,-1,-1,-1
62,15,1309,629,208,95,1,-1,-1,-1
62,16,1307,558,185,90,1,-1,-1,-1
62,54,553,578,153,92,1,-1,-1,-1
62,55,591,557,151,70,1,-1,-1,-1
62,56,595,519,173,60,1,-1,-1,-1
62,57,608,506,110,47,1,-1,-1,-1
62,58,631,479,155,59,1,-1,-1,-1
62,59,676,444,142,55,1,-1,-1,-1
62,60,745,443,118,47,1,-1,-1,-1
62,61,771,413,118,34,1,-1,-1,-1
62,63,823,347,99,30,1,-1,-1,-1
62,64,842,329,95,35,1,-1,-1,-1
62,76,1328,453,117,70,1,-1,-1,-1
62,77,1315,436,112,64,1,-1,-1,-1
62,78,1318,416,96,52,1,-1,-1,-1
62,112,28,996,337,71,1,-1,-1,-1
62,115,702,903,309,130,1,-1,-1,-1
62,122,829,509,72,82,1,-1,-1,-1
62,125,1101,379,45,50,1,-1,-1,-1
62,135,804,383,94,35,1,-1,-1,-1
63,4,818,1006,296,60,1,-1,-1,-1
63,7,250,632,205,107,1,-1,-1,-1
63,8,26,623,200,95,1,-1,-1,-1
63,9,908,531,76,94,1,-1,-1,-1
63,10,916,474,77,82,1,-1,-1,-1
63,11,950,437,61,60,1,-1,-1,-1
63,12,964,404,54,51,1,-1,-1,-1
63,13,980,368,52,50,1,-1,-1,-1
63,15,1309,629,207,95,1,-1,-1,-1
63,16,1306,558,185,90,1,-1,-1,-1
63,54,553,578,152,91,1,-1,-1,-1
63,55,590,556,152,70,1,-1,-1,-1
63,56,594,518,173,61,1,-1,-1,-1
63,57,607,505,110,47,1,-1,-1,-1
63,58,631,479,155,59,1,-1,-1,-1
63,59,676,444,142,54,1,-1,-1,-1
63,60,745,444,118,47,1,-1,-1,-1
63,61,770,413,118,34,1,-1,-1,-1
63,63,823,347,99,30,1,-1,-1,-1
63,64,842,329,95,35,1,-1,-1,-1
63,76,1329,453,117,70,1,-1,-1,-1
63,77,1315,436,112,64,1,-1,-1,-1
63,78,1318,416,96,52,1,-1,-1,-1
63,112,4,993,341,74,1,-1,-1,-1
63,115,667,902,309,130,1,-1,-1,-1
63,122,827,512,71,82,1,-1,-1,-1
63,125,1100,379,45,50,1,-1,-1,-1
63,135,803,383,94,35,1,-1,-1,-1
64,4,795,1006,297,60,1,-1,-1,-1
64,7,249,632,205,108,1,-1,-1,-1
64,8,27,623,200,96,1,-1,-1,-1
64,9,907,531,76,94,1,-1,-1,-1
64,10,915,474,77,82,1,-1,-1,-1
64,11,950,437,60,60,1,-1,-1,-1
64,12,964,404,53,51,1,-1,-1,-1
64,13,979,368,52,50,1,-1,-1,-1
64,15,1308,629,207,94,1,-1,-1,-1
64,16,1305,558,185,90,1,-1,-1,-1
64,54,553,577,152,91,1,-1,-1,-1
64,55,589,556,152,70,1,-1,-1,-1
64,56,593,518,173,61,1,-1,-1,-1
64,57,606,505,109,47,1,-1,-1,-1
64,58,631,479,155,59,1,-1,-1,-1
64,59,676,444,142,54,1,-1,-1,-1
64,60,745,445,118,47,1,-1,-1,-1
64,61,769,414,118,34,1,-1,-1,-1
64,63,822,347,99,30,1,-1,-1,-1
64,64,842,330,95,35,1,-1,-1,-1
64,76,1329,453,117,70,1,-1,-1,-1
64,77,1315,436,112,64,1,-1,-1,-1
64,78,1318,416,96,52,1,-1,-1,-1
64,112,3,994,321,73,1,-1,-1,-1
64,115,634,899,309,130,1,-1,-1,-1
64,122,824,515,72,82,1,-1,-1,-1
64,125,1100,379,45,50,1,-1,-1,-1
64,135,803,383,94,35,1,-1,-1,-1
65,4,773,1007,297,60,1,-1,-1,-1
65,7,248,632,206,108,1,-1,-1,-1
65,8,27,624,200,95,1,-1,-1,-1
65,9,907,531,76,94,1,-1,-1,-1
65,10,915,474,77,82,1,-1,-1,-1
65,11,949,437,61,60,1,-1,-1,-1
65,12,963,404,54,51,1,-1,-1,-1
65,13,979,368,52,50,1,-1,-1,-1
65,15,1307,628,208,95,1,-1,-1,-1
65,16,1305,558,185,90,1,-1,-1,-1
65,54,553,577,151,90,1,-1,-1,-1
65,55,589,556,152,70,1,-1,-1,-1
65,56,592,518,173,61,1,-1,-1,-1
65,57,605,504,109,47,1,-1,-1,-1
65,58,631,479,155,59,1,-1,-1,-1
65,59,676,444,142,54,1,-1,-1,-1
65,60,744,444,118,47,1,-1,-1,-1
65,61,769,413,118,34,1,-1,-1,-1
65,63,822,347,99,30,1,-1,-1,-1
65,64,841,330,95,35,1,-1,-1,-1
65,76,1329,454,117,69,1,-1,-1,-1
65,77,1315,437,112,63,1,-1,-1,-1
65,78,1318,416,96,52,1,-1,-1,-1
65,112,2,995,302,73,1,-1,-1,-1
65,115,602,897,309,130,1,-1,-1,-1
65,122,822,518,71,82,1,-1,-1,-1
65,125,1099,379,45,50,1,-1,-1,-1
65,135,802,383,94,35,1,-1,-1,-1
66,4,751,1007,297,61,1,-1,-1,-1
66,7,247,632,206,108,1,-1,-1,-1
66,8,27,624,200,96,1,-1,-1,-1
66,9,906,531,76,94,1,-1,-1,-1
66,10,914,474,77,82,1,-1,-1,-1
66,11,949,437,60,60,1,-1,-1,-1
66,12,963,404,53,51,1,-1,-1,-1
66,13,978,368,52,50,1,-1,-1,-1
66,15,1306,628,208,95,1,-1,-1,-1
66,16,1304,558,185,90,1,-1,-1,-1
66,54,553,576,150,91,1,-1,-1,-1
66,55,588,556,152,70,1,-1,-1,-1
66,56,591,518,173,61,1,-1,-1,-1
66,57,604,504,108,47,1,-1,-1,-1
66,58,631,480,155,59,1,-1,-1,-1
66,59,677,444,142,54,1,-1,-1,-1
66,60,744,444,118,47,1,-1,-1,-1
66,61,769,413,118,34,1,-1,-1,-1
66,63,822,347,99,30,1,-1,-1,-1
66,64,840,330,95,35,1,-1,-1,-1
66,76,1330,454,117,70,1,-1,-1,-1
66,77,1315,437,112,63,1,-1,-1,-1
66,78,1318,416,96,52,1,-1,-1,-1
66,112,1,996,283,73,1,-1,-1,-1
66,115,569,894,309,130,1,-1,-1,-1
66,122,820,520,71,83,1,-1,-1,-1
66,125,1099,380,45,50,1,-1,-1,-1
66,135,801,383,94,35,1,-1,-1,-1
67,4,729,1008,297,61,1,-1,-1,-1
67,7,246,633,207,108,1,-1,-1,-1
67,8,27,624,200,96,1,-1,-1,-1
67,9,906,531,76,94,1,-1,-1,-1
67,10,914,474,77,82,1,-1,-1,-1
67,11,948,437,61,60,1,-1,-1,-1
67,12,962,404,53,51,1,-1,-1,-1
67,13,977,369,52,50,1,-1,-1,-1
67,15,1306,628,207,94,1,-1,-1,-1
67,16,1303,558,185,90,1,-1,-1,-1
67,54,553,576,150,90,1,-1,-1,-1
67,55,587,555,152,70,1,-1,-1,-1
67,56,590,518,173,61,1,-1,-1,-1
67,57,603,503,108,47,1,-1,-1,-1
67,58,627,480,155,59,1,-1,-1,-1
67,59,677,444,142,54,1,-1,-1,-1
67,60,743,444,118,47,1,-1,-1,-1
67,61,769,413,118,34,1,-1,-1,-1
67,63,821,347,99,30,1,-1,-1,-1
67,64,840,330,95,35,1,-1,-1,-1
67,76,1330,454,117,70,1,-1,-1,-1
67,77,1316,437,112,64,1,-1,-1,-1
67,78,1318,416,96,52,1,-1,-1,-1
67,112,0,998,264,72,1,-1,-1,-1
67,115,537,892,309,130,1,-1,-1,-1
67,122,817,523,72,83,1,-1,-1,-1
67,125,1098,380,45,50,1,-1,-1,-1
67,135,801,383,94,35,1,-1,-1,-1
68,4,708,1008,297,61,1,-1,-1,-1
68,7,245,633,208,108,1,-1,-1,-1
68,8,27,625,200,95,1,-1,-1,-1
68,9,906,531,76,94,1,-1,-1,-1
68,10,913,474,77,82,1,-1,-1,-1
68,11,948,437,60,60,1,-1,-1,-1
68,12,962,404,53,51,1,-1,-1,-1
68,13,977,369,52,50,1,-1,-1,-1
68,15,1305,627,208,95,1,-1,-1,-1
68,16,1303,558,185,90,1,-1,-1,-1
68,54,553,575,149,90,1,-1,-1,-1
68,55,587,555,152,70,1,-1,-1,-1
68,56,589,518,173,61,1,-1,-1,-1
68,57,603,503,107,47,1,-1,-1,-1
68,58,624,480,155,59,1,-1,-1,-1
68,59,677,444,142,54,1,-1,-1,-1
68,60,743,444,118,47,1,-1,-1,-1
68,61,769,413,118,34,1,-1,-1,-1
68,63,821,347,99,30,1,-1,-1,-1
68,64,839,330,95,35,1,-1,-1,-1
68,76,1330,454,117,70,1,-1,-1,-1
68,77,1316,437,112,64,1,-1,-1,-1
68,78,1318,416,96,52,1,-1,-1,-1
68,112,0,997,245,72,1,-1,-1,-1
68,115,503,892,309,130,1,-1,-1,-1
68,122,815,526,71,83,1,-1,-1,-1
68,125,1098,380,45,50,1,-1,-1,-1
68,135,801,383,94,35,1,-1,-1,-1
69,4,687,1008,297,61,1,-1,-1,-1
69,7,244,633,208,109,1,-1,-1,-1
69,8,27,625,200,96,1,-1,-1,-1
69,9,905,531,76,94,1,-1,-1,-1
69,10,913,473,77,82,1,-1,-1,-1
69,11,947,438,61,60,1,-1,-1,-1
69,12,961,404,53,51,1,-1,-1,-1
69,13,976,369,52,50,1,-1,-1,-1
69,15,1304,627,208,95,1,-1,-1,-1
69,16,1302,558,185,90,1,-1,-1,-1
69,54,554,575,148,90,1,-1,-1,-1
69,55,586,555,152,70,1,-1,-1,-1
69,56,589,518,173,61,1,-1,-1,-1
69,57,600,502,110,47,1,-1,-1,-1
69,58,620,480,155,59,1,-1,-1,-1
69,59,678,445,142,53,1,-1,-1,-1
69,60,742,444,118,47,1,-1,-1,-1
69,61,769,413,118,34,1,-1,-1,-1
69,63,821,347,99,30,1,-1,-1,-1
69,64,839,330,95,35,1,-1,-1,-1
69,76,1331,455,117,69,1,-1,-1,-1
69,77,1316,437,112,64,1,-1,-1,-1
69,78,1318,416,96,52,1,-1,-1,-1
69,112,0,996,227,72,1,-1,-1,-1
69,115,469,893,309,130,1,-1,-1,-1
69,122,813,529,71,83,1,-1,-1,-1
69,125,1097,380,45,50,1,-1,-1,-1
69,135,801,383,94,35,1,-1,-1,-1
70,4,666,1008,297,61,1,-1,-1,-1
70,7,243,633,209,109,1,-1,-1,-1
70,8,27,625,200,96,1,-1,-1,-1
70,9,905,531,76,94,1,-1,-1,-1
70,10,912,473,77,82,1,-1,-1,-1
70,11,947,438,60,60,1,-1,-1,-1
70,12,961,404,52,51,1,-1,-1,-1
70,13,975,369,52,50,1,-1,-1,-1
70,15,1304,627,207,95,1,-1,-1,-1
70,16,1301,558,185,90,1,-1,-1,-1
70,54,551,577,146,92,1,-1,-1,-1
70,55,586,555,152,70,1,-1,-1,-1
70,56,588,521,174,62,1,-1,-1,-1
70,57,597,501,113,47,1,-1,-1,-1
70,58,617,481,155,59,1,-1,-1,-1
70,59,669,442,142,59,1,-1,-1,-1
70,60,742,443,118,47,1,-1,-1,-1
70,61,769,413,118,34,1,-1,-1,-1
70,63,820,347,99,30,1,-1,-1,-1
70,64,838,330,95,35,1,-1,-1,-1
70,76,1331,455,117,70,1,-1,-1,-1
70,77,1316,437,112,64,1,-1,-1,-1
70,78,1318,416,96,52,1,-1,-1,-1
70,112,0,995,208,72,1,-1,-1,-1
70,115,435,893,309,130,1,-1,-1,-1
70,122,811,532,71,83,1,-1,-1,-1
70,125,1097,381,45,50,1,-1,-1,-1
70,135,801,383,94,35,1,-1,-1,-1
71,4,646,1008,297,61,1,-1,-1,-1
71,7,242,634,210,109,1,-1,-1,-1
71,8,28,626,200,96,1,-1,-1,-1
71,9,904,531,76,94,1,-1,-1,-1
71,10,912,473,77,82,1,-1,-1,-1
71,11,946,438,61,60,1,-1,-1,-1
71,12,960,404,53,51,1,-1,-1,-1
71,13,974,369,52,50,1,-1,-1,-1
71,15,1303,626,208,95,1,-1,-1,-1
71,16,1301,558,185,90,1,-1,-1,-1
71,54,552,575,146,92,1,-1,-1,-1
71,55,586,554,152,70,1,-1,-1,-1
71,56,585,521,173,61,1,-1,-1,-1
71,57,594,500,116,47,1,-1,-1,-1
71,58,620,480,155,59,1,-1,-1,-1
71,59,668,442,142,58,1,-1,-1,-1
71,60,741,443,118,47,1,-1,-1,-1
71,61,769,413,118,34,1,-1,-1,-1
71,63,820,347,99,30,1,-1,-1,-1
71,64,837,330,95,35,1,-1,-1,-1
71,76,1331,455,117,70,1,-1,-1,-1
71,77,1316,438,112,63,1,-1,-1,-1
71,78,1318,416,96,52,1,-1,-1,-1
71,112,0,995,190,71,1,-1,-1,-1
71,115,401,894,310,130,1,-1,-1,-1
71,122,809,535,73,84,1,-1,-1,-1
71,125,1096,381,45,50,1,-1,-1,-1
71,135,801,383,94,35,1,-1,-1,-1
72,4,620,1008,296,61,1,-1,-1,-1
72,7,243,633,209,109,1,-1,-1,-1
72,8,29,626,199,96,1,-1,-1,-1
72,9,904,532,76,94,1,-1,-1,-1
72,10,912,473,77,82,1,-1,-1,-1
72,11,945,438,61,60,1,-1,-1,-1
72,12,959,405,53,51,1,-1,-1,-1
72,13,974,370,52,50,1,-1,-1,-1
72,15,1302,626,208,95,1,-1,-1,-1
72,16,1300,558,185,90,1,-1,-1,-1
72,54,553,574,147,91,1,-1,-1,-1
72,55,586,553,152,70,1,-1,-1,-1
72,56,582,521,173,60,1,-1,-1,-1
72,57,591,500,120,47,1,-1,-1,-1
72,58,623,479,155,59,1,-1,-1,-1
72,59,667,442,142,58,1,-1,-1,-1
72,60,741,443,118,47,1,-1,-1,-1
72,61,769,413,118,34,1,-1,-1,-1
72,63,820,348,99,30,1,-1,-1,-1
72,64,837,330,95,35,1,-1,-1,-1
72,76,1332,455,117,70,1,-1,-1,-1
72,77,1316,438,112,64,1,-1,-1,-1
72,78,1318,416,96,52,1,-1,-1,-1
72,112,0,993,176,71,1,-1,-1,-1
72,115,366,892,310,130,1,-1,-1,-1
72,122,808,538,75,85,1,-1,-1,-1
72,125,1096,381,45,50,1,-1,-1,-1
72,135,801,383,94,35,1,-1,-1,-1
73,4,594,1009,296,60,1,-1,-1,-1
73,7,244,633,208,109,1,-1,-1,-1
73,8,30,626,198,96,1,-1,-1,-1
73,9,903,532,76,94,1,-1,-1,-1
73,10,911,473,77,82,1,-1,-1,-1
73,11,945,438,61,60,1,-1,-1,-1
73,12,959,405,52,51,1,-1,-1,-1
73,13,973,370,52,50,1,-1,-1,-1
73,15,1301,626,208,95,1,-1,-1,-1
73,16,1299,558,185,90,1,-1,-1,-1
73,54,555,573,147,91,1,-1,-1,-1
73,55,586,552,152,70,1,-1,-1,-1
73,56,580,520,173,60,1,-1,-1,-1
73,57,594,500,118,47,1,-1,-1,-1
73,58,626,479,156,59,1,-1,-1,-1
73,59,666,443,143,57,1,-1,-1,-1
73,60,740,443,118,47,1,-1,-1,-1
73,61,769,413,118,34,1,-1,-1,-1
73,63,819,348,99,30,1,-1,-1,-1
73,64,836,330,95,35,1,-1,-1,-1
73,76,1332,456,117,69,1,-1,-1,-1
73,77,1316,438,112,64,1,-1,-1,-1
73,78,1318,416,96,52,1,-1,-1,-1
73,112,0,992,162,71,1,-1,-1,-1
73,115,331,890,310,130,1,-1,-1,-1
73,122,807,541,77,87,1,-1,-1,-1
73,125,1095,381,45,50,1,-1,-1,-1
73,135,801,383,94,35,1,-1,-1,-1
74,4,568,1010,296,60,1,-1,-1,-1
74,7,246,633,206,109,1,-1,-1,-1
74,8,32,626,197,96,1,-1,-1,-1
74,9,903,532,76,94,1,-1,-1,-1
74,10,911,473,77,82,1,-1,-1,-1
74,11,944,438,61,60,1,-1,-1,-1
74,12,958,405,53,51,1,-1,-1,-1
74,13,972,370,52,50,1,-1,-1,-1
74,15,1301,625,208,95,1,-1,-1,-1
74,16,1299,558,185,90,1,-1,-1,-1
74,54,553,572,147,91,1,-1,-1,-1
74,55,586,551,152,70,1,-1,-1,-1
74,56,579,519,173,60,1,-1,-1,-1
74,57,597,501,116,46,1,-1,-1,-1
74,58,624,478,156,59,1,-1,-1,-1
74,59,664,443,143,57,1,-1,-1,-1
74,60,740,443,118,47,1,-1,-1,-1
74,61,769,413,118,34,1,-1,-1,-1
74,63,819,348,99,30,1,-1,-1,-1
74,64,836,330,95,35,1,-1,-1,-1
74,76,1332,456,117,70,1,-1,-1,-1
74,77,1316,438,112,64,1,-1,-1,-1
74,78,1318,416,96,52,1,-1,-1,-1
74,115,296,888,310,130,1,-1,-1,-1
74,122,805,545,79,87,1,-1,-1,-1
74,125,1095,382,45,50,1,-1,-1,-1
74,135,801,383,94,35,1,-1,-1,-1
75,4,547,1006,296,63,1,-1,-1,-1
75,7,247,633,206,109,1,-1,-1,-1
75,8,33,626,196,96,1,-1,-1,-1
75,9,903,532,76,94,1,-1,-1,-1
75,10,910,473,77,82,1,-1,-1,-1
75,11,944,438,61,60,1,-1,-1,-1
75,12,958,405,52,51,1,-1,-1,-1
75,13,972,370,52,50,1,-1,-1,-1
75,15,1300,625,208,95,1,-1,-1,-1
75,16,1298,558,185,90,1,-1,-1,-1
75,54,551,571,148,91,1,-1,-1,-1
75,55,586,550,152,70,1,-1,-1,-1
75,56,578,519,173,60,1,-1,-1,-1
75,57,601,502,114,46,1,-1,-1,-1
75,58,623,478,156,59,1,-1,-1,-1
75,59,663,443,143,57,1,-1,-1,-1
75,60,739,442,118,47,1,-1,-1,-1
75,61,769,413,118,34,1,-1,-1,-1
75,63,819,348,99,30,1,-1,-1,-1
75,64,835,330,95,35,1,-1,-1,-1
75,76,1333,456,117,70,1,-1,-1,-1
75,77,1316,438,112,64,1,-1,-1,-1
75,78,1318,416,96,52,1,-1,-1,-1
75,115,264,887,310,130,1,-1,-1,-1
75,122,804,548,81,89,1,-1,-1,-1
75,125,1095,382,45,50,1,-1,-1,-1
75,135,801,383,94,35,1,-1,-1,-1
76,4,527,1002,296,66,1,-1,-1,-1
76,7,248,633,205,109,1,-1,-1,-1
76,8,35,626,195,96,1,-1,-1,-1
76,9,902,532,76,94,1,-1,-1,-1
76,10,910,473,77,82,1,-1,-1,-1
76,11,943,438,61,60,1,-1,-1,-1
76,12,957,405,52,51,1,-1,-1,-1
76,13,971,371,52,50,1,-1,-1,-1
76,15,1299,625,208,95,1,-1,-1,-1
76,16,1297,558,185,90,1,-1,-1,-1
76,54,550,570,148,92,1,-1,-1,-1
76,55,586,549,153,71,1,-1,-1,-1
76,56,577,519,174,60,1,-1,-1,-1
76,57,599,501,114,46,1,-1,-1,-1
76,58,622,478,156,59,1,-1,-1,-1
76,59,662,443,143,57,1,-1,-1,-1
76,60,739,442,118,47,1,-1,-1,-1
76,61,769,413,118,34,1,-1,-1,-1
76,63,818,348,99,30,1,-1,-1,-1
76,64,834,330,95,35,1,-1,-1,-1
76,76,1333,456,117,70,1,-1,-1,-1
76,77,1316,438,112,64,1,-1,-1,-1
76,78,1318,416,96,52,1,-1,-1,-1
76,115,233,886,310,130,1,-1,-1,-1
76,122,803,551,83,90,1,-1,-1,-1
76,125,1096,382,45,50,1,-1,-1,-1
76,135,801,383,94,35,1,-1,-1,-1
77,4,507,998,295,69,1,-1,-1,-1
77,7,250,633,203,109,1,-1,-1,-1
77,8,36,627,194,95,1,-1,-1,-1
77,9,902,532,76,94,1,-1,-1,-1
77,10,909,472,77,82,1,-1,-1,-1
77,11,943,439,61,60,1,-1,-1,-1
77,12,957,405,52,51,1,-1,-1,-1
77,13,970,371,52,50,1,-1,-1,-1
77,15,1299,625,208,95,1,-1,-1,-1
77,16,1297,558,185,90,1,-1,-1,-1
77,54,548,570,149,91,1,-1,-1,-1
77,55,586,548,153,71,1,-1,-1,-1
77,56,577,518,173,61,1,-1,-1,-1
77,57,597,500,114,47,1,-1,-1,-1
77,58,621,478,156,59,1,-1,-1,-1
77,59,661,443,143,57,1,-1,-1,-1
77,60,738,442,118,47,1,-1,-1,-1
77,61,769,413,118,34,1,-1,-1,-1
77,63,818,348,99,30,1,-1,-1,-1
77,64,834,330,95,35,1,-1,-1,-1
77,76,1334,457,117,70,1,-1,-1,-1
77,77,1317,439,112,64,1,-1,-1,-1
77,78,1319,417,95,52,1,-1,-1,-1
77,115,202,885,310,130,1,-1,-1,-1
77,122,802,555,85,91,1,-1,-1,-1
77,125,1096,382,45,50,1,-1,-1,-1
77,135,801,383,94,35,1,-1,-1,-1
78,4,487,995,295,71,1,-1,-1,-1
78,7,251,633,203,109,1,-1,-1,-1
78,8,38,627,193,96,1,-1,-1,-1
78,9,901,532,76,94,1,-1,-1,-1
78,10,909,472,77,82,1,-1,-1,-1
78,11,942,439,61,60,1,-1,-1,-1
78,12,956,405,52,51,1,-1,-1,-1
78,13,969,371,52,50,1,-1,-1,-1
78,15,1299,625,208,95,1,-1,-1,-1
78,16,1297,558,185,90,1,-1,-1,-1
78,54,546,569,150,91,1,-1,-1,-1
78,55,586,547,153,71,1,-1,-1,-1
78,56,576,518,174,61,1,-1,-1,-1
78,57,596,500,114,47,1,-1,-1,-1
78,58,620,478,155,59,1,-1,-1,-1
78,59,660,443,142,57,1,-1,-1,-1
78,60,738,442,118,47,1,-1,-1,-1
78,61,769,413,118,34,1,-1,-1,-1
78,63,818,348,99,30,1,-1,-1,-1
78,64,833,330,95,35,1,-1,-1,-1
78,76,1331,456,117,70,1,-1,-1,-1
78,77,1316,439,112,64,1,-1,-1,-1
78,78,1318,417,95,52,1,-1,-1,-1
78,115,171,884,310,130,1,-1,-1,-1
78,116,1158,1020,276,45,1,-1,-1,-1
78,122,801,558,86,92,1,-1,-1,-1
78,125,1097,382,45,50,1,-1,-1,-1
78,135,801,383,94,35,1,-1,-1,-1
79,4,466,994,295,71,1,-1,-1,-1
79,7,252,632,202,110,1,-1,-1,-1
79,8,39,627,192,96,1,-1,-1,-1
79,9,901,532,76,94,1,-1,-1,-1
79,10,908,472,77,82,1,-1,-1,-1
79,11,942,439,61,60,1,-1,-1,-1
79,12,956,405,51,51,1,-1,-1,-1
79,13,969,371,52,50,1,-1,-1,-1
79,15,1299,625,208,95,1,-1,-1,-1
79,16,1298,558,185,90,1,-1,-1,-1
79,54,545,568,150,92,1,-1,-1,-1
79,55,586,546,153,71,1,-1,-1,-1
79,56,575,518,174,61,1,-1,-1,-1
79,57,593,500,117,47,1,-1,-1,-1
79,58,619,478,155,59,1,-1,-1,-1
79,59,659,443,142,57,1,-1,-1,-1
79,60,737,442,118,47,1,-1,-1,-1
79,61,769,413,118,34,1,-1,-1,-1
79,63,817,348,99,30,1,-1,-1,-1
79,64,833,330,95,35,1,-1,-1,-1
79,76,1328,455,118,70,1,-1,-1,-1
79,77,1315,439,113,64,1,-1,-1,-1
79,78,1318,417,95,52,1,-1,-1,-1
79,115,142,881,306,130,1,-1,-1,-1
79,116,1136,1020,276,45,1,-1,-1,-1
79,122,800,561,87,93,1,-1,-1,-1
79,125,1098,382,45,50,1,-1,-1,-1
79,135,801,384,95,35,1,-1,-1,-1
80,4,446,994,295,71,1,-1,-1,-1
80,7,254,632,200,110,1,-1,-1,-1
80,8,40,627,191,96,1,-1,-1,-1
80,9,901,532,76,94,1,-1,-1,-1
80,10,908,472,77,82,1,-1,-1,-1
80,11,941,439,61,60,1,-1,-1,-1
80,12,955,405,52,51,1,-1,-1,-1
80,13,968,371,52,50,1,-1,-1,-1
80,15,1299,626,208,95,1,-1,-1,-1
80,16,1299,558,185,90,1,-1,-1,-1
80,54,543,567,151,92,1,-1,-1,-1
80,55,586,545,153,71,1,-1,-1,-1
80,56,575,518,174,61,1,-1,-1,-1
80,57,591,501,119,46,1,-1,-1,-1
80,58,618,478,155,59,1,-1,-1,-1
80,59,658,443,142,57,1,-1,-1,-1
80,60,737,441,118,47,1,-1,-1,-1
80,61,769,413,118,34,1,-1,-1,-1
80,63,817,348,99,30,1,-1,-1,-1
80,64,832,330,95,35,1,-1,-1,-1
80,76,1326,454,118,70,1,-1,-1,-1
80,77,1315,439,112,64,1,-1,-1,-1
80,78,1317,417,96,52,1,-1,-1,-1
80,115,114,879,301,130,1,-1,-1,-1
80,116,1115,1021,276,45,1,-1,-1,-1
80,122,800,565,87,93,1,-1,-1,-1
80,125,1098,382,45,50,1,-1,-1,-1
80,135,801,384,95,35,1,-1,-1,-1
81,4,425,994,296,71,1,-1,-1,-1
81,7,255,632,199,110,1,-1,-1,-1
81,8,42,627,190,96,1,-1,-1,-1
81,9,900,532,76,94,1,-1,-1,-1
81,10,907,472,77,82,1,-1,-1,-1
81,11,941,439,61,60,1,-1,-1,-1
81,12,955,405,51,51,1,-1,-1,-1
81,13,967,372,52,50,1,-1,-1,-1
81,15,1300,626,207,95,1,-1,-1,-1
81,16,1299,558,185,90,1,-1,-1,-1
81,54,542,567,151,92,1,-1,-1,-1
81,55,586,544,154,72,1,-1,-1,-1
81,56,577,521,174,65,1,-1,-1,-1
81,57,591,500,124,46,1,-1,-1,-1
81,58,617,478,155,59,1,-1,-1,-1
81,59,657,444,142,56,1,-1,-1,-1
81,60,736,441,118,47,1,-1,-1,-1
81,61,769,413,118,34,1,-1,-1,-1
81,63,817,348,99,30,1,-1,-1,-1
81,64,831,330,95,35,1,-1,-1,-1
81,76,1323,453,118,71,1,-1,-1,-1
81,77,1314,439,113,64,1,-1,-1,-1
81,78,1317,418,95,52,1,-1,-1,-1
81,115,85,877,298,130,1,-1,-1,-1
81,116,1093,1022,277,45,1,-1,-1,-1
81,122,799,568,88,94,1,-1,-1,-1
81,125,1099,382,45,50,1,-1,-1,-1
81,135,801,384,95,35,1,-1,-1,-1
82,4,405,993,295,71,1,-1,-1,-1
82,7,256,632,199,109,1,-1,-1,-1
82,8,43,628,189,95,1,-1,-1,-1
82,9,900,532,76,94,1,-1,-1,-1
82,10,907,472,77,82,1,-1,-1,-1
82,11,940,439,61,60,1,-1,-1,-1
82,12,954,405,51,51,1,-1,-1,-1
82,13,967,372,52,50,1,-1,-1,-1
82,15,1300,627,207,95,1,-1,-1,-1
82,16,1300,558,185,90,1,-1,-1,-1
82,54,541,566,151,93,1,-1,-1,-1
82,55,587,544,153,72,1,-1,-1,-1
82,56,578,516,173,64,1,-1,-1,-1
82,57,592,499,123,47,1,-1,-1,-1
82,58,623,482,155,59,1,-1,-1,-1
82,59,657,444,142,56,1,-1,-1,-1
82,60,736,441,118,47,1,-1,-1,-1
82,61,769,413,118,34,1,-1,-1,-1
82,63,816,348,99,30,1,-1,-1,-1
82,64,831,330,95,35,1,-1,-1,-1
82,76,1321,452,118,71,1,-1,-1,-1
82,77,1314,439,112,64,1,-1,-1,-1
82,78,1316,418,96,52,1,-1,-1,-1
82,115,57,874,293,130,1,-1,-1,-1
82,116,1072,1023,276,45,1,-1,-1,-1
82,122,799,571,88,95,1,-1,-1,-1
82,125,1099,382,45,50,1,-1,-1,-1
82,135,801,384,95,35,1,-1,-1,-1
83,4,384,993,296,71,1,-1,-1,-1
83,7,258,632,197,109,1,-1,-1,-1
83,8,45,628,188,95,1,-1,-1,-1
83,9,899,532,76,94,1,-1,-1,-1
83,10,906,472,77,82,1,-1,-1,-1
83,11,940,439,61,60,1,-1,-1,-1
83,12,954,405,51,51,1,-1,-1,-1
83,13,966,372,52,50,1,-1,-1,-1
83,15,1300,627,207,95,1,-1,-1,-1
83,16,1301,558,185,90,1,-1,-1,-1
83,54,540,566,152,93,1,-1,-1,-1
83,55,588,545,153,72,1,-1,-1,-1
83,56,578,516,173,63,1,-1,-1,-1
83,57,594,499,122,47,1,-1,-1,-1
83,58,623,481,155,59,1,-1,-1,-1
83,59,657,444,142,56,1,-1,-1,-1
83,60,735,441,118,47,1,-1,-1,-1
83,61,769,413,118,34,1,-1,-1,-1
83,63,816,348,99,30,1,-1,-1,-1
83,64,830,330,95,35,1,-1,-1,-1
83,76,1318,451,119,71,1,-1,-1,-1
83,77,1313,439,113,64,1,-1,-1,-1
83,78,1316,418,96,52,1,-1,-1,-1
83,115,28,872,289,130,1,-1,-1,-1
83,116,1050,1024,277,45,1,-1,-1,-1
83,122,798,575,89,95,1,-1,-1,-1
83,125,1100,383,45,50,1,-1,-1,-1
83,135,801,384,95,35,1,-1,-1,-1
84,4,364,993,296,71,1,-1,-1,-1
84,7,259,632,196,109,1,-1,-1,-1
84,8,46,628,187,95,1,-1,-1,-1
84,9,899,532,76,94,1,-1,-1,-1
84,10,906,472,77,82,1,-1,-1,-1
84,11,939,439,61,60,1,-1,-1,-1
84,12,953,405,51,51,1,-1,-1,-1
84,13,965,372,52,50,1,-1,-1,-1
84,15,1301,628,207,95,1,-1,-1,-1
84,16,1302,559,185,90,1,-1,-1,-1
84,54,540,566,151,93,1,-1,-1,-1
84,55,589,545,153,72,1,-1,-1,-1
84,56,579,516,173,63,1,-1,-1,-1
84,57,595,499,122,47,1,-1,-1,-1
84,58,624,481,155,59,1,-1,-1,-1
84,59,657,445,143,56,1,-1,-1,-1
84,60,735,441,118,47,1,-1,-1,-1
84,61,769,413,118,34,1,-1,-1,-1
84,63,816,349,99,30,1,-1,-1,-1
84,64,830,330,95,35,1,-1,-1,-1
84,76,1316,450,119,72,1,-1,-1,-1
84,77,1313,440,113,64,1,-1,-1,-1
84,78,1316,419,96,52,1,-1,-1,-1
84,115,0,870,285,130,1,-1,-1,-1
84,116,1029,1025,277,45,1,-1,-1,-1
84,122,797,578,91,96,1,-1,-1,-1
84,125,1101,383,45,50,1,-1,-1,-1
84,135,801,384,95,35,1,-1,-1,-1
85,4,343,991,296,73,1,-1,-1,-1
85,7,260,632,196,109,1,-1,-1,-1
85,8,48,628,186,96,1,-1,-1,-1
85,9,899,533,76,94,1,-1,-1,-1
85,10,906,472,77,82,1,-1,-1,-1
85,11,939,440,61,60,1,-1,-1,-1
85,12,953,406,51,51,1,-1,-1,-1
85,13,965,373,52,50,1,-1,-1,-1
85,15,1300,628,207,95,1,-1,-1,-1
85,16,1297,560,185,90,1,-1,-1,-1
85,54,539,566,152,93,1,-1,-1,-1
85,55,590,546,153,72,1,-1,-1,-1
85,56,579,516,173,63,1,-1,-1,-1
85,57,597,499,121,47,1,-1,-1,-1
85,58,625,481,155,59,1,-1,-1,-1
85,59,657,445,143,56,1,-1,-1,-1
85,60,731,441,118,47,1,-1,-1,-1
85,61,768,412,118,35,1,-1,-1,-1
85,63,814,348,100,30,1,-1,-1,-1
85,64,830,329,95,35,1,-1,-1,-1
85,76,1315,453,119,71,1,-1,-1,-1
85,77,1311,441,113,64,1,-1,-1,-1
85,78,1312,420,96,52,1,-1,-1,-1
85,115,0,866,258,130,1,-1,-1,-1
85,116,1008,1021,279,48,1,-1,-1,-1
85,122,797,581,91,97,1,-1,-1,-1
85,125,1101,383,45,50,1,-1,-1,-1
85,135,801,384,95,35,1,-1,-1,-1
86,4,322,989,296,76,1,-1,-1,-1
86,7,262,631,194,110,1,-1,-1,-1
86,8,49,628,185,96,1,-1,-1,-1
86,9,897,532,76,94,1,-1,-1,-1
86,10,904,471,77,82,1,-1,-1,-1
86,11,938,439,61,60,1,-1,-1,-1
86,12,951,406,50,51,1,-1,-1,-1
86,13,964,371,52,49,1,-1,-1,-1
86,15,1299,628,207,95,1,-1,-1,-1
86,16,1293,561,185,90,1,-1,-1,-1
86,54,538,566,152,93,1,-1,-1,-1
86,55,591,547,153,71,1,-1,-1,-1
86,56,580,517,173,62,1,-1,-1,-1
86,57,598,499,121,47,1,-1,-1,-1
86,58,625,481,155,59,1,-1,-1,-1
86,59,658,445,142,57,1,-1,-1,-1
86,60,728,441,118,47,1,-1,-1,-1
86,61,768,412,118,36,1,-1,-1,-1
86,63,813,348,100,30,1,-1,-1,-1
86,64,830,328,95,35,1,-1,-1,-1
86,76,1314,456,119,71,1,-1,-1,-1
86,77,1310,442,113,64,1,-1,-1,-1
86,78,1309,421,96,52,1,-1,-1,-1
86,115,0,862,232,131,1,-1,-1,-1
86,116,987,1017,281,52,1,-1,-1,-1
86,122,796,585,92,97,1,-1,-1,-1
86,125,1102,383,45,50,1,-1,-1,-1
86,135,801,384,95,35,1,-1,-1,-1
87,4,301,987,296,79,1,-1,-1,-1
87,7,263,631,193,110,1,-1,-1,-1
87,8,50,629,184,95,1,-1,-1,-1
87,9,895,531,76,95,1,-1,-1,-1
87,10,902,470,77,83,1,-1,-1,-1
87,11,937,438,61,60,1,-1,-1,-1
87,12,949,406,50,52,1,-1,-1,-1
87,13,964,369,52,49,1,-1,-1,-1
87,15,1298,629,207,95,1,-1,-1,-1
87,16,1289,563,185,89,1,-1,-1,-1
87,54,538,566,152,93,1,-1,-1,-1
87,55,592,547,152,72,1,-1,-1,-1
87,56,581,517,172,62,1,-1,-1,-1
87,57,600,499,120,47,1,-1,-1,-1
87,58,626,481,155,59,1,-1,-1,-1
87,59,658,446,143,56,1,-1,-1,-1
87,60,725,441,118,48,1,-1,-1,-1
87,61,766,412,118,37,1,-1,-1,-1
87,63,812,348,100,30,1,-1,-1,-1
87,64,830,327,95,35,1,-1,-1,-1
87,76,1313,459,119,71,1,-1,-1,-1
87,77,1309,443,113,64,1,-1,-1,-1
87,78,1306,422,96,52,1,-1,-1,-1
87,115,0,859,206,130,1,-1,-1,-1
87,116,966,1014,284,54,1,-1,-1,-1
87,122,796,588,92,99,1,-1,-1,-1
87,125,1102,383,45,50,1,-1,-1,-1
87,135,801,384,95,35,1,-1,-1,-1
88,4,280,985,296,82,1,-1,-1,-1
88,7,264,631,192,110,1,-1,-1,-1
88,8,52,629,183,95,1,-1,-1,-1
88,9,893,530,76,95,1,-1,-1,-1
88,10,900,469,77,83,1,-1,-1,-1
88,11,936,437,61,60,1,-1,-1,-1
88,12,947,406,50,53,1,-1,-1,-1
88,13,964,367,52,49,1,-1,-1,-1
88,15,1300,629,207,95,1,-1,-1,-1
88,16,1291,563,185,89,1,-1,-1,-1
88,54,537,566,152,93,1,-1,-1,-1
88,55,593,548,152,71,1,-1,-1,-1
88,56,581,517,173,62,1,-1,-1,-1
88,57,601,499,120,47,1,-1,-1,-1
88,58,627,481,155,59,1,-1,-1,-1
88,59,658,446,143,57,1,-1,-1,-1
88,60,730,441,118,48,1,-1,-1,-1
88,61,764,412,118,38,1,-1,-1,-1
88,63,811,348,100,29,1,-1,-1,-1
88,64,830,326,95,35,1,-1,-1,-1
88,76,1316,459,118,71,1,-1,-1,-1
88,77,1312,443,113,64,1,-1,-1,-1
88,78,1310,422,96,52,1,-1,-1,-1
88,115,0,855,180,131,1,-1,-1,-1
88,116,945,1010,286,58,1,-1,-1,-1
88,122,795,592,93,99,1,-1,-1,-1
88,125,1103,383,45,50,1,-1,-1,-1
88,135,801,384,95,35,1,-1,-1,-1
89,4,259,983,296,84,1,-1,-1,-1
89,7,266,631,191,110,1,-1,-1,-1
89,8,53,629,182,95,1,-1,-1,-1
89,9,891,530,76,95,1,-1,-1,-1
89,10,899,469,77,83,1,-1,-1,-1
89,11,935,437,61,60,1,-1,-1,-1
89,12,946,406,49,54,1,-1,-1,-1
89,13,964,366,52,48,1,-1,-1,-1
89,15,1303,630,207,95,1,-1,-1,-1
89,16,1294,563,185,89,1,-1,-1,-1
89,54,536,566,153,93,1,-1,-1,-1
89,55,594,549,152,71,1,-1,-1,-1
89,56,582,517,172,62,1,-1,-1,-1
89,57,603,499,119,47,1,-1,-1,-1
89,58,627,481,155,59,1,-1,-1,-1
89,59,658,446,143,57,1,-1,-1,-1
89,60,735,441,119,48,1,-1,-1,-1
89,61,762,412,118,39,1,-1,-1,-1
89,63,810,348,100,29,1,-1,-1,-1
89,64,830,325,95,35,1,-1,-1,-1
89,76,1319,459,118,71,1,-1,-1,-1
89,77,1315,444,113,64,1,-1,-1,-1
89,78,1314,422,96,53,1,-1,-1,-1
89,115,0,851,154,131,1,-1,-1,-1
89,116,924,1006,288,62,1,-1,-1,-1
89,122,795,595,93,100,1,-1,-1,-1
89,125,1104,383,45,50,1,-1,-1,-1
89,135,801,384,95,35,1,-1,-1,-1
90,4,238,981,296,87,1,-1,-1,-1
90,7,267,631,190,110,1,-1,-1,-1
90,8,55,629,181,95,1,-1,-1,-1
90,9,897,530,76,95,1,-1,-1,-1
90,10,906,469,77,83,1,-1,-1,-1
90,11,940,436,61,60,1,-1,-1,-1
90,12,952,405,49,53,1,-1,-1,-1
90,13,969,366,51,48,1,-1,-1,-1
90,15,1306,631,207,95,1,-1,-1,-1
90,16,1297,563,185,89,1,-1,-1,-1
90,54,536,566,153,94,1,-1,-1,-1
90,55,595,549,152,71,1,-1,-1,-1
90,56,583,518,172,61,1,-1,-1,-1
90,57,605,499,117,47,1,-1,-1,-1
90,58,628,481,155,59,1,-1,-1,-1
90,59,659,447,143,57,1,-1,-1,-1
90,60,741,441,118,48,1,-1,-1,-1
90,61,761,409,119,40,1,-1,-1,-1
90,63,809,348,101,29,1,-1,-1,-1
90,64,830,324,96,36,1,-1,-1,-1
90,76,1322,459,118,71,1,-1,-1,-1
90,77,1319,445,112,64,1,-1,-1,-1
90,78,1319,423,96,52,1,-1,-1,-1
90,115,0,848,128,131,1,-1,-1,-1
90,116,903,1003,291,64,1,-1,-1,-1
90,122,794,598,95,101,1,-1,-1,-1
90,125,1104,383,45,50,1,-1,-1,-1
90,135,801,384,95,35,1,-1,-1,-1
91,4,217,979,296,90,1,-1,-1,-1
91,7,268,631,189,110,1,-1,-1,-1
91,8,56,629,180,95,1,-1,-1,-1
91,9,904,531,76,95,1,-1,-1,-1
91,10,913,470,77,83,1,-1,-1,-1
91,11,946,436,61,60,1,-1,-1,-1
91,12,958,404,49,52,1,-1,-1,-1
91,13,975,366,50,48,1,-1,-1,-1
91,15,1308,631,207,96,1,-1,-1,-1
91,16,1300,563,185,89,1,-1,-1,-1
91,54,546,565,154,93,1,-1,-1,-1
91,55,596,550,152,71,1,-1,-1,-1
91,56,582,526,172,61,1,-1,-1,-1
91,57,606,499,117,47,1,-1,-1,-1
91,58,629,481,155,59,1,-1,-1,-1
91,59,663,447,143,57,1,-1,-1,-1
91,60,746,441,119,48,1,-1,-1,-1
91,61,769,409,119,41,1,-1,-1,-1
91,63,812,350,100,29,1,-1,-1,-1
91,64,835,323,96,36,1,-1,-1,-1
91,76,1325,459,118,71,1,-1,-1,-1
91,77,1322,445,112,64,1,-1,-1,-1
91,78,1323,423,96,53,1,-1,-1,-1
91,115,0,844,102,131,1,-1,-1,-1
91,116,882,999,293,68,1,-1,-1,-1
91,122,793,602,96,101,1,-1,-1,-1
91,125,1105,384,45,50,1,-1,-1,-1
91,135,802,385,95,35,1,-1,-1,-1
92,4,197,978,296,92,1,-1,-1,-1
92,7,270,631,188,110,1,-1,-1,-1
92,8,58,630,179,95,1,-1,-1,-1
92,9,910,532,76,95,1,-1,-1,-1
92,10,920,471,77,82,1,-1,-1,-1
92,11,952,435,61,60,1,-1,-1,-1
92,12,964,403,49,51,1,-1,-1,-1
92,13,980,366,50,48,1,-1,-1,-1
92,15,1311,632,207,96,1,-1,-1,-1
92,16,1303,563,185,89,1,-1,-1,-1
92,54,557,564,154,93,1,-1,-1,-1
92,55,597,551,152,71,1,-1,-1,-1
92,56,582,534,172,61,1,-1,-1,-1
92,57,608,499,116,47,1,-1,-1,-1
92,58,630,481,155,59,1,-1,-1,-1
92,59,668,448,142,56,1,-1,-1,-1
92,60,751,441,119,48,1,-1,-1,-1
92,61,786,403,118,42,1,-1,-1,-1
92,63,821,348,100,29,1,-1,-1,-1
92,64,841,322,96,36,1,-1,-1,-1
92,76,1328,459,118,71,1,-1,-1,-1
92,77,1325,446,112,64,1,-1,-1,-1
92,78,1327,423,96,53,1,-1,-1,-1
92,116,862,996,295,71,1,-1,-1,-1
92,122,793,605,96,102,1,-1,-1,-1
92,125,1105,384,45,50,1,-1,-1,-1
92,135,803,384,95,35,1,-1,-1,-1
93,4,176,976,295,92,1,-1,-1,-1
93,7,268,630,190,110,1,-1,-1,-1
93,8,60,629,181,95,1,-1,-1,-1
93,9,917,533,76,95,1,-1,-1,-1
93,10,927,472,77,82,1,-1,-1,-1
93,11,958,435,61,60,1,-1,-1,-1
93,12,971,402,49,51,1,-1,-1,-1
93,13,986,366,49,48,1,-1,-1,-1
93,15,1314,633,207,96,1,-1,-1,-1
93,16,1306,564,185,89,1,-1,-1,-1
93,54,558,564,155,93,1,-1,-1,-1
93,55,604,547,154,71,1,-1,-1,-1
93,56,602,511,173,62,1,-1,-1,-1
93,57,609,499,116,47,1,-1,-1,-1
93,58,641,474,155,60,1,-1,-1,-1
93,59,677,449,143,55,1,-1,-1,-1
93,60,757,442,119,48,1,-1,-1,-1
93,61,783,407,118,44,1,-1,-1,-1
93,63,829,344,101,30,1,-1,-1,-1
93,64,847,322,96,36,1,-1,-1,-1
93,76,1331,460,118,71,1,-1,-1,-1
93,77,1329,447,112,64,1,-1,-1,-1
93,78,1332,424,96,53,1,-1,-1,-1
93,116,839,998,295,71,1,-1,-1,-1
93,122,792,608,97,103,1,-1,-1,-1
93,125,1106,384,45,50,1,-1,-1,-1
93,135,804,384,95,35,1,-1,-1,-1
94,4,155,974,295,92,1,-1,-1,-1
94,7,266,629,193,111,1,-1,-1,-1
94,8,62,628,183,95,1,-1,-1,-1
94,9,911,533,76,94,1,-1,-1,-1
94,10,923,472,77,82,1,-1,-1,-1
94,11,959,434,61,60,1,-1,-1,-1
94,12,968,402,48,51,1,-1,-1,-1
94,13,986,370,48,48,1,-1,-1,-1
94,15,1312,632,207,96,1,-1,-1,-1
94,16,1307,564,185,89,1,-1,-1,-1
94,54,560,565,155,93,1,-1,-1,-1
94,55,607,542,154,71,1,-1,-1,-1
94,56,599,516,172,61,1,-1,-1,-1
94,57,611,499,115,47,1,-1,-1,-1
94,58,640,475,155,61,1,-1,-1,-1
94,59,684,441,143,54,1,-1,-1,-1
94,60,756,441,119,48,1,-1,-1,-1
94,61,782,407,118,43,1,-1,-1,-1
94,63,835,352,99,30,1,-1,-1,-1
94,64,849,326,96,36,1,-1,-1,-1
94,76,1328,458,118,71,1,-1,-1,-1
94,77,1328,447,112,64,1,-1,-1,-1
94,78,1336,425,96,52,1,-1,-1,-1
94,116,816,1001,296,70,1,-1,-1,-1
94,122,792,612,97,103,1,-1,-1,-1
94,125,1107,384,45,50,1,-1,-1,-1
94,135,805,384,95,35,1,-1,-1,-1
95,4,141,969,298,96,1,-1,-1,-1
95,7,265,629,195,111,1,-1,-1,-1
95,8,64,627,186,95,1,-1,-1,-1
95,9,905,533,77,94,1,-1,-1,-1
95,10,920,473,77,82,1,-1,-1,-1
95,11,961,434,60,59,1,-1,-1,-1
95,12,965,402,48,51,1,-1,-1,-1
95,13,987,374,47,49,1,-1,-1,-1
95,15,1310,631,208,97,1,-1,-1,-1
95,16,1308,564,185,89,1,-1,-1,-1
95,54,559,565,155,93,1,-1,-1,-1
95,55,607,542,152,69,1,-1,-1,-1
95,56,596,515,172,61,1,-1,-1,-1
95,57,612,499,115,47,1,-1,-1,-1
95,58,640,477,155,61,1,-1,-1,-1
95,59,682,441,143,54,1,-1,-1,-1
95,60,756,441,119,48,1,-1,-1,-1
95,61,782,407,118,43,1,-1,-1,-1
95,63,834,350,99,30,1,-1,-1,-1
95,64,851,320,95,35,1,-1,-1,-1
95,76,1326,457,118,71,1,-1,-1,-1
95,77,1327,448,113,64,1,-1,-1,-1
95,78,1340,426,96,52,1,-1,-1,-1
95,116,801,1001,296,70,1,-1,-1,-1
95,122,791,615,98,104,1,-1,-1,-1
95,125,1107,384,45,50,1,-1,-1,-1
95,135,806,384,95,35,1,-1,-1,-1
96,4,128,965,301,100,1,-1,-1,-1
96,7,268,628,198,111,1,-1,-1,-1
96,8,66,626,188,95,1,-1,-1,-1
96,9,907,532,77,94,1,-1,-1,-1
96,10,920,472,77,83,1,-1,-1,-1
96,11,960,435,60,60,1,-1,-1,-1
96,12,967,401,48,51,1,-1,-1,-1
96,13,986,373,47,49,1,-1,-1,-1
96,15,1308,630,208,97,1,-1,-1,-1
96,16,1309,564,185,89,1,-1,-1,-1
96,54,558,565,156,93,1,-1,-1,-1
96,55,607,542,151,68,1,-1,-1,-1
96,56,594,515,172,60,1,-1,-1,-1
96,57,614,499,114,47,1,-1,-1,-1
96,58,640,479,155,61,1,-1,-1,-1
96,59,681,441,142,55,1,-1,-1,-1
96,60,755,441,119,47,1,-1,-1,-1
96,61,782,407,118,42,1,-1,-1,-1
96,63,832,349,99,30,1,-1,-1,-1
96,64,851,323,95,35,1,-1,-1,-1
96,76,1329,456,118,71,1,-1,-1,-1
96,77,1327,449,113,64,1,-1,-1,-1
96,78,1337,426,96,52,1,-1,-1,-1
96,116,786,1001,296,70,1,-1,-1,-1
96,122,791,619,99,105,1,-1,-1,-1
96,125,1108,384,45,50,1,-1,-1,-1
96,135,807,384,95,35,1,-1,-1,-1
97,4,114,961,305,103,1,-1,-1,-1
97,7,272,627,200,111,1,-1,-1,-1
97,8,68,625,190,95,1,-1,-1,-1
97,9,909,532,77,94,1,-1,-1,-1
97,10,921,472,77,83,1,-1,-1,-1
97,11,959,437,61,60,1,-1,-1,-1
97,12,969,401,48,51,1,-1,-1,-1
97,13,985,373,47,48,1,-1,-1,-1
97,15,1306,629,209,98,1,-1,-1,-1
97,16,1310,564,185,89,1,-1,-1,-1
97,54,558,565,156,93,1,-1,-1,-1
97,55,607,542,149,66,1,-1,-1,-1
97,56,592,515,172,60,1,-1,-1,-1
97,57,616,499,113,47,1,-1,-1,-1
97,58,638,479,155,60,1,-1,-1,-1
97,59,678,442,142,55,1,-1,-1,-1
97,60,755,441,119,47,1,-1,-1,-1
97,61,782,407,118,42,1,-1,-1,-1
97,63,830,349,99,29,1,-1,-1,-1
97,64,851,326,95,35,1,-1,-1,-1
97,76,1332,455,118,71,1,-1,-1,-1
97,77,1327,450,113,64,1,-1,-1,-1
97,78,1334,426,96,52,1,-1,-1,-1
97,116,772,1001,296,70,1,-1,-1,-1
97,122,788,624,103,106,1,-1,-1,-1
97,125,1108,384,45,50,1,-1,-1,-1
97,135,808,384,95,35,1,-1,-1,-1
98,4,101,957,308,107,1,-1,-1,-1
98,7,275,626,203,111,1,-1,-1,-1
98,8,70,624,193,95,1,-1,-1,-1
98,9,911,531,77,94,1,-1,-1,-1
98,10,921,472,78,83,1,-1,-1,-1
98,11,958,439,61,60,1,-1,-1,-1
98,12,971,400,48,51,1,-1,-1,-1
98,13,984,372,47,48,1,-1,-1,-1
98,15,1305,629,209,98,1,-1,-1,-1
98,16,1312,565,185,89,1,-1,-1,-1
98,54,568,564,156,94,1,-1,-1,-1
98,55,607,543,148,64,1,-1,-1,-1
98,56,594,514,172,60,1,-1,-1,-1
98,57,616,500,113,47,1,-1,-1,-1
98,58,637,480,155,59,1,-1,-1,-1
98,59,675,444,142,55,1,-1,-1,-1
98,60,757,439,118,48,1,-1,-1,-1
98,61,782,404,118,41,1,-1,-1,-1
98,63,829,349,99,29,1,-1,-1,-1
98,64,851,330,95,35,1,-1,-1,-1
98,76,1335,455,118,71,1,-1,-1,-1
98,77,1328,451,113,65,1,-1,-1,-1
98,78,1331,426,96,52,1,-1,-1,-1
98,116,757,1001,296,70,1,-1,-1,-1
98,122,785,629,107,108,1,-1,-1,-1
98,125,1109,384,45,50,1,-1,-1,-1
98,135,810,384,95,35,1,-1,-1,-1
99,4,87,953,312,110,1,-1,-1,-1
99,7,279,625,205,111,1,-1,-1,-1
99,8,72,623,195,95,1,-1,-1,-1
99,9,913,531,78,94,1,-1,-1,-1
99,10,922,472,78,84,1,-1,-1,-1
99,11,958,441,61,60,1,-1,-1,-1
99,12,973,400,48,51,1,-1,-1,-1
99,13,984,372,47,48,1,-1,-1,-1
99,15,1322,631,208,97,1,-1,-1,-1
99,16,1324,565,185,89,1,-1,-1,-1
99,54,578,564,156,94,1,-1,-1,-1
99,55,619,542,149,67,1,-1,-1,-1
99,56,596,516,173,60,1,-1,-1,-1
99,57,617,502,113,46,1,-1,-1,-1
99,58,617,507,155,59,1,-1,-1,-1
99,59,681,441,143,54,1,-1,-1,-1
99,60,759,438,118,48,1,-1,-1,-1
99,61,782,409,119,41,1,-1,-1,-1
99,63,833,349,99,30,1,-1,-1,-1
99,64,852,326,96,35,1,-1,-1,-1
99,76,1348,455,117,71,1,-1,-1,-1
99,77,1341,451,113,65,1,-1,-1,-1
99,78,1344,427,96,52,1,-1,-1,-1
99,116,742,1001,296,70,1,-1,-1,-1
99,122,782,634,111,110,1,-1,-1,-1
99,125,1110,385,45,50,1,-1,-1,-1
99,135,826,384,95,35,1,-1,-1,-1
100,4,74,949,315,114,1,-1,-1,-1
100,7,283,624,208,111,1,-1,-1,-1
100,8,75,622,197,96,1,-1,-1,-1
100,9,939,533,77,94,1,-1,-1,-1
100,10,948,474,78,83,1,-1,-1,-1
100,11,984,441,61,60,1,-1,-1,-1
100,12,997,403,49,51,1,-1,-1,-1
100,13,1013,373,46,49,1,-1,-1,-1
100,15,1339,633,208,97,1,-1,-1,-1
100,16,1337,565,185,90,1,-1,-1,-1
100,54,589,564,156,95,1,-1,-1,-1
100,55,632,542,149,69,1,-1,-1,-1
100,56,625,516,173,60,1,-1,-1,-1
100,57,644,501,113,46,1,-1,-1,-1
100,58,675,474,148,60,1,-1,-1,-1
100,59,712,443,143,55,1,-1,-1,-1
100,60,783,438,119,48,1,-1,-1,-1
100,61,811,406,118,41,1,-1,-1,-1
100,63,861,349,99,30,1,-1,-1,-1
100,64,881,324,95,35,1,-1,-1,-1
100,76,1361,456,117,71,1,-1,-1,-1
100,77,1355,452,113,64,1,-1,-1,-1
100,78,1357,428,96,52,1,-1,-1,-1
100,116,728,1001,296,70,1,-1,-1,-1
100,122,792,637,115,111,1,-1,-1,-1
100,125,1138,385,46,51,1,-1,-1,-1
100,135,843,385,95,35,1,-1,-1,-1
101,4,61,946,315,114,1,-1,-1,-1
101,7,316,626,210,111,1,-1,-1,-1
101,8,103,622,200,96,1,-1,-1,-1
101,9,965,535,76,94,1,-1,-1,-1
101,10,974,476,78,83,1,-1,-1,-1
101,11,1010,441,61,61,1,-1,-1,-1
101,12,1021,407,50,51,1,-1,-1,-1
101,13,1043,374,45,50,1,-1,-1,-1
101,15,1356,635,208,97,1,-1,-1,-1
101,16,1349,566,185,90,1,-1,-1,-1
101,54,624,565,157,94,1,-1,-1,-1
101,55,630,562,150,71,1,-1,-1,-1
101,56,654,516,173,61,1,-1,-1,-1
101,57,672,501,112,45,1,-1,-1,-1
101,58,706,476,143,58,1,-1,-1,-1
101,59,737,444,143,55,1,-1,-1,-1
101,60,808,439,120,48,1,-1,-1,-1
101,61,841,404,119,42,1,-1,-1,-1
101,63,881,352,100,31,1,-1,-1,-1
101,64,908,329,95,36,1,-1,-1,-1
101,76,1374,457,117,70,1,-1,-1,-1
101,77,1369,452,112,64,1,-1,-1,-1
101,78,1370,429,97,52,1,-1,-1,-1
101,116,714,999,296,70,1,-1,-1,-1
101,122,802,640,119,112,1,-1,-1,-1
101,125,1167,385,46,52,1,-1,-1,-1
101,135,859,386,95,35,1,-1,-1,-1
102,4,48,944,315,114,1,-1,-1,-1
102,7,317,625,208,110,1,-1,-1,-1
102,8,104,621,199,94,1,-1,-1,-1
102,9,970,533,76,96,1,-1,-1,-1
102,10,984,475,76,83,1,-1,-1,-1
102,11,1017,439,59,62,1,-1,-1,-1
102,12,1031,403,49,51,1,-1,-1,-1
102,13,1049,374,45,48,1,-1,-1,-1
102,15,1373,637,208,97,1,-1,-1,-1
102,16,1362,566,185,91,1,-1,-1,-1
102,54,623,564,158,94,1,-1,-1,-1
102,55,646,549,150,71,1,-1,-1,-1
102,56,654,515,173,61,1,-1,-1,-1
102,57,672,500,112,45,1,-1,-1,-1
102,58,705,476,144,58,1,-1,-1,-1
102,59,739,438,143,58,1,-1,-1,-1
102,60,820,438,119,48,1,-1,-1,-1
102,61,842,404,118,42,1,-1,-1,-1
102,63,897,349,102,31,1,-1,-1,-1
102,64,919,336,95,35,1,-1,-1,-1
102,76,1387,458,117,70,1,-1,-1,-1
102,77,1383,453,112,63,1,-1,-1,-1
102,78,1383,430,97,52,1,-1,-1,-1
102,116,700,998,296,70,1,-1,-1,-1
102,122,813,643,123,114,1,-1,-1,-1
102,125,1183,385,45,53,1,-1,-1,-1
102,135,876,387,95,35,1,-1,-1,-1
103,4,34,942,315,114,1,-1,-1,-1
103,7,319,624,205,109,1,-1,-1,-1
103,8,106,620,197,93,1,-1,-1,-1
103,9,970,532,76,96,1,-1,-1,-1
103,10,985,473,74,83,1,-1,-1,-1
103,11,1016,438,59,62,1,-1,-1,-1
103,12,1030,402,49,51,1,-1,-1,-1
103,13,1048,372,45,49,1,-1,-1,-1
103,15,1391,639,207,97,1,-1,-1,-1
103,16,1375,567,185,91,1,-1,-1,-1
103,54,623,564,158,94,1,-1,-1,-1
103,55,663,537,150,71,1,-1,-1,-1
103,56,655,515,172,61,1,-1,-1,-1
103,57,672,499,112,45,1,-1,-1,-1
103,58,704,477,145,58,1,-1,-1,-1
103,59,738,438,143,58,1,-1,-1,-1
103,60,819,438,119,47,1,-1,-1,-1
103,61,843,405,118,41,1,-1,-1,-1
103,63,895,349,102,31,1,-1,-1,-1
103,64,919,332,95,35,1,-1,-1,-1
103,76,1400,459,117,70,1,-1,-1,-1
103,77,1397,454,112,62,1,-1,-1,-1
103,78,1397,432,97,52,1,-1,-1,-1
103,116,686,996,296,70,1,-1,-1,-1
103,122,807,646,127,116,1,-1,-1,-1
103,125,1178,383,46,53,1,-1,-1,-1
103,135,878,386,95,35,1,-1,-1,-1
104,4,21,941,315,114,1,-1,-1,-1
104,7,321,623,202,109,1,-1,-1,-1
104,8,108,620,195,91,1,-1,-1,-1
104,9,971,531,76,96,1,-1,-1,-1
104,10,986,471,73,83,1,-1,-1,-1
104,11,1015,437,60,62,1,-1,-1,-1
104,12,1030,401,48,52,1,-1,-1,-1
104,13,1047,371,45,49,1,-1,-1,-1
104,15,1390,638,207,97,1,-1,-1,-1
104,16,1374,566,185,91,1,-1,-1,-1
104,54,623,564,158,94,1,-1,-1,-1
104,55,663,537,150,71,1,-1,-1,-1
104,56,655,515,173,61,1,-1,-1,-1
104,57,673,498,111,46,1,-1,-1,-1
104,58,703,477,146,58,1,-1,-1,-1
104,59,737,438,143,58,1,-1,-1,-1
104,60,819,438,119,47,1,-1,-1,-1
104,61,844,406,118,41,1,-1,-1,-1
104,63,893,350,102,31,1,-1,-1,-1
104,64,920,328,95,35,1,-1,-1,-1
104,76,1400,458,117,70,1,-1,-1,-1
104,77,1397,453,112,62,1,-1,-1,-1
104,78,1397,431,97,52,1,-1,-1,-1
104,116,672,995,296,70,1,-1,-1,-1
104,122,801,650,131,118,1,-1,-1,-1
104,125,1178,383,45,53,1,-1,-1,-1
104,135,880,386,95,35,1,-1,-1,-1
105,4,8,940,315,114,1,-1,-1,-1
105,7,322,623,200,107,1,-1,-1,-1
105,8,110,619,193,90,1,-1,-1,-1
105,9,971,530,76,96,1,-1,-1,-1
105,10,988,470,71,83,1,-1,-1,-1
105,11,1015,436,60,62,1,-1,-1,-1
105,12,1029,401,49,51,1,-1,-1,-1
105,13,1046,369,45,50,1,-1,-1,-1
105,15,1390,638,207,97,1,-1,-1,-1
105,16,1374,566,185,91,1,-1,-1,-1
105,54,623,564,158,94,1,-1,-1,-1
105,55,663,538,151,70,1,-1,-1,-1
105,56,656,515,172,60,1,-1,-1,-1
105,57,673,497,111,46,1,-1,-1,-1
105,58,702,478,148,58,1,-1,-1,-1
105,59,737,439,143,57,1,-1,-1,-1
105,60,819,438,119,47,1,-1,-1,-1
105,61,843,406,118,41,1,-1,-1,-1
105,63,891,351,102,30,1,-1,-1,-1
105,64,916,330,95,35,1,-1,-1,-1
105,76,1400,458,117,70,1,-1,-1,-1
105,77,1397,452,112,62,1,-1,-1,-1
105,78,1397,431,97,52,1,-1,-1,-1
105,116,658,994,296,70,1,-1,-1,-1
105,117,1547,941,330,123,1,-1,-1,-1
105,122,795,654,135,119,1,-1,-1,-1
105,125,1178,383,45,53,1,-1,-1,-1
105,135,883,386,95,35,1,-1,-1,-1
106,4,6,934,302,121,1,-1,-1,-1
106,7,324,622,198,107,1,-1,-1,-1
106,8,112,619,192,88,1,-1,-1,-1
106,9,972,529,76,96,1,-1,-1,-1
106,10,989,468,70,83,1,-1,-1,-1
106,11,1014,435,61,62,1,-1,-1,-1
106,12,1029,400,48,52,1,-1,-1,-1
106,13,1045,368,45,50,1,-1,-1,-1
106,15,1390,637,207,97,1,-1,-1,-1
106,16,1374,565,185,91,1,-1,-1,-1
106,54,623,563,158,95,1,-1,-1,-1
106,55,664,538,150,71,1,-1,-1,-1
106,56,657,514,172,61,1,-1,-1,-1
106,57,674,497,110,45,1,-1,-1,-1
106,58,701,478,149,59,1,-1,-1,-1
106,59,736,439,143,57,1,-1,-1,-1
106,60,819,438,119,47,1,-1,-1,-1
106,61,843,406,118,41,1,-1,-1,-1
106,63,890,352,101,30,1,-1,-1,-1
106,64,913,332,95,35,1,-1,-1,-1
106,76,1400,457,117,70,1,-1,-1,-1
106,77,1397,451,112,62,1,-1,-1,-1
106,78,1398,431,97,52,1,-1,-1,-1
106,116,637,987,296,76,1,-1,-1,-1
106,117,1520,939,330,124,1,-1,-1,-1
106,122,789,657,139,122,1,-1,-1,-1
106,125,1178,383,45,53,1,-1,-1,-1
106,135,879,385,95,35,1,-1,-1,-1
107,4,4,929,290,127,1,-1,-1,-1
107,7,326,621,195,106,1,-1,-1,-1
107,8,113,618,191,86,1,-1,-1,-1
107,9,973,529,76,95,1,-1,-1,-1
107,10,991,467,68,83,1,-1,-1,-1
107,11,1014,435,61,61,1,-1,-1,-1
107,12,1029,400,48,52,1,-1,-1,-1
107,13,1045,367,45,51,1,-1,-1,-1
107,15,1390,637,207,97,1,-1,-1,-1
107,16,1374,565,185,91,1,-1,-1,-1
107,54,623,563,158,95,1,-1,-1,-1
107,55,664,539,151,70,1,-1,-1,-1
107,56,657,514,172,61,1,-1,-1,-1
107,57,674,496,110,46,1,-1,-1,-1
107,58,700,479,150,58,1,-1,-1,-1
107,59,736,439,142,57,1,-1,-1,-1
107,60,818,438,119,47,1,-1,-1,-1
107,61,842,406,118,41,1,-1,-1,-1
107,63,890,351,101,30,1,-1,-1,-1
107,64,913,331,95,35,1,-1,-1,-1
107,76,1400,457,117,70,1,-1,-1,-1
107,77,1397,450,112,62,1,-1,-1,-1
107,78,1398,431,97,52,1,-1,-1,-1
107,116,616,980,296,83,1,-1,-1,-1
107,117,1493,938,330,125,1,-1,-1,-1
107,122,784,661,143,123,1,-1,-1,-1
107,125,1178,383,45,53,1,-1,-1,-1
107,135,875,385,95,35,1,-1,-1,-1
108,4,2,924,277,133,1,-1,-1,-1
108,7,327,621,193,104,1,-1,-1,-1
108,8,115,617,189,85,1,-1,-1,-1
108,9,972,528,76,95,1,-1,-1,-1
108,10,990,466,68,83,1,-1,-1,-1
108,11,1013,435,61,61,1,-1,-1,-1
108,12,1029,400,48,52,1,-1,-1,-1
108,13,1045,367,45,51,1,-1,-1,-1
108,15,1390,637,207,96,1,-1,-1,-1
108,16,1374,565,185,90,1,-1,-1,-1
108,54,622,563,160,94,1,-1,-1,-1
108,55,665,539,150,71,1,-1,-1,-1
108,56,658,514,172,60,1,-1,-1,-1
108,57,675,495,109,46,1,-1,-1,-1
108,58,699,479,152,59,1,-1,-1,-1
108,59,735,440,143,56,1,-1,-1,-1
108,60,818,438,119,47,1,-1,-1,-1
108,61,842,406,118,41,1,-1,-1,-1
108,63,890,351,101,30,1,-1,-1,-1
108,64,913,330,95,35,1,-1,-1,-1
108,76,1401,456,117,71,1,-1,-1,-1
108,77,1397,449,112,62,1,-1,-1,-1
108,78,1399,431,97,52,1,-1,-1,-1
108,116,595,973,296,89,1,-1,-1,-1
108,117,1466,937,330,125,1,-1,-1,-1
108,122,778,665,147,125,1,-1,-1,-1
108,125,1178,382,45,53,1,-1,-1,-1
108,135,875,384,95,35,1,-1,-1,-1
109,4,0,919,265,139,1,-1,-1,-1
109,7,329,620,190,104,1,-1,-1,-1
109,8,117,617,187,83,1,-1,-1,-1
109,9,972,528,76,95,1,-1,-1,-1
109,10,989,466,69,83,1,-1,-1,-1
109,11,1013,435,61,61,1,-1,-1,-1
109,12,1029,401,48,52,1,-1,-1,-1
109,13,1046,367,45,51,1,-1,-1,-1
109,15,1390,636,207,97,1,-1,-1,-1
109,16,1373,564,185,91,1,-1,-1,-1
109,54,622,563,160,94,1,-1,-1,-1
109,55,665,540,151,70,1,-1,-1,-1
109,56,658,514,172,60,1,-1,-1,-1
109,57,675,494,109,46,1,-1,-1,-1
109,58,698,480,153,58,1,-1,-1,-1
109,59,735,440,142,56,1,-1,-1,-1
109,60,818,438,119,47,1,-1,-1,-1
109,61,842,405,118,41,1,-1,-1,-1
109,63,890,351,101,30,1,-1,-1,-1
109,64,913,330,95,35,1,-1,-1,-1
109,76,1401,456,117,70,1,-1,-1,-1
109,77,1397,448,112,62,1,-1,-1,-1
109,78,1399,431,97,52,1,-1,-1,-1
109,116,575,967,295,95,1,-1,-1,-1
109,117,1440,936,330,126,1,-1,-1,-1
109,122,772,668,151,127,1,-1,-1,-1
109,125,1178,381,45,53,1,-1,-1,-1
109,135,875,384,95,35,1,-1,-1,-1
110,4,0,917,247,139,1,-1,-1,-1
110,7,331,619,187,103,1,-1,-1,-1
110,8,119,616,185,82,1,-1,-1,-1
110,9,972,528,76,95,1,-1,-1,-1
110,10,989,466,69,83,1,-1,-1,-1
110,11,1013,435,61,61,1,-1,-1,-1
110,12,1029,402,48,52,1,-1,-1,-1
110,13,1046,367,45,51,1,-1,-1,-1
110,15,1390,636,207,96,1,-1,-1,-1
110,16,1373,564,185,90,1,-1,-1,-1
110,54,622,562,160,95,1,-1,-1,-1
110,55,666,540,150,71,1,-1,-1,-1
110,56,659,513,172,61,1,-1,-1,-1
110,57,676,494,108,46,1,-1,-1,-1
110,58,697,480,154,59,1,-1,-1,-1
110,59,734,440,142,56,1,-1,-1,-1
110,60,818,438,119,47,1,-1,-1,-1
110,61,842,404,118,41,1,-1,-1,-1
110,63,890,350,101,30,1,-1,-1,-1
110,64,913,329,95,35,1,-1,-1,-1
110,76,1401,455,117,71,1,-1,-1,-1
110,77,1397,447,112,62,1,-1,-1,-1
110,78,1399,431,97,52,1,-1,-1,-1
110,116,554,969,295,95,1,-1,-1,-1
110,117,1408,935,330,126,1,-1,-1,-1
110,122,766,672,155,129,1,-1,-1,-1
110,125,1178,381,45,53,1,-1,-1,-1
110,135,875,384,95,35,1,-1,-1,-1
111,4,0,916,230,139,1,-1,-1,-1
111,7,333,619,185,102,1,-1,-1,-1
111,8,121,616,184,80,1,-1,-1,-1
111,9,972,527,76,95,1,-1,-1,-1
111,10,988,466,70,83,1,-1,-1,-1
111,11,1013,436,61,61,1,-1,-1,-1
111,12,1029,402,48,52,1,-1,-1,-1
111,13,1047,367,45,51,1,-1,-1,-1
111,15,1390,636,207,96,1,-1,-1,-1
111,16,1373,564,185,90,1,-1,-1,-1
111,54,622,562,160,95,1,-1,-1,-1
111,55,666,541,151,70,1,-1,-1,-1
111,56,660,513,171,60,1,-1,-1,-1
111,57,677,494,108,45,1,-1,-1,-1
111,58,697,481,155,59,1,-1,-1,-1
111,59,734,441,142,56,1,-1,-1,-1
111,60,817,438,119,47,1,-1,-1,-1
111,61,842,405,118,41,1,-1,-1,-1
111,63,890,350,101,30,1,-1,-1,-1
111,64,913,329,95,35,1,-1,-1,-1
111,76,1401,455,117,70,1,-1,-1,-1
111,77,1397,446,112,62,1,-1,-1,-1
111,78,1400,431,97,52,1,-1,-1,-1
111,116,533,972,295,94,1,-1,-1,-1
111,117,1376,935,330,126,1,-1,-1,-1
111,122,761,676,159,131,1,-1,-1,-1
111,125,1179,380,45,53,1,-1,-1,-1
111,135,875,384,95,35,1,-1,-1,-1
112,4,0,914,212,139,1,-1,-1,-1
112,7,333,619,185,101,1,-1,-1,-1
112,8,121,615,183,81,1,-1,-1,-1
112,9,972,527,76,95,1,-1,-1,-1
112,10,988,466,70,83,1,-1,-1,-1
112,11,1013,436,61,61,1,-1,-1,-1
112,12,1030,403,48,52,1,-1,-1,-1
112,13,1047,367,45,51,1,-1,-1,-1
112,15,1389,635,207,96,1,-1,-1,-1
112,16,1373,563,185,90,1,-1,-1,-1
112,54,622,562,160,95,1,-1,-1,-1
112,55,667,541,150,71,1,-1,-1,-1
112,56,660,513,172,60,1,-1,-1,-1
112,57,678,494,108,45,1,-1,-1,-1
112,58,698,478,155,60,1,-1,-1,-1
112,59,736,441,142,56,1,-1,-1,-1
112,60,817,438,119,47,1,-1,-1,-1
112,61,842,407,118,41,1,-1,-1,-1
112,63,890,350,101,30,1,-1,-1,-1
112,64,913,328,95,35,1,-1,-1,-1
112,76,1402,454,117,71,1,-1,-1,-1
112,77,1397,446,113,61,1,-1,-1,-1
112,78,1400,431,97,52,1,-1,-1,-1
112,116,512,974,295,94,1,-1,-1,-1
112,117,1344,934,330,126,1,-1,-1,-1
112,122,754,679,161,131,1,-1,-1,-1
112,125,1179,380,45,52,1,-1,-1,-1
112,135,876,384,95,35,1,-1,-1,-1
113,4,0,913,195,139,1,-1,-1,-1
113,7,333,620,186,99,1,-1,-1,-1
113,8,121,615,183,82,1,-1,-1,-1
113,9,972,527,76,95,1,-1,-1,-1
113,10,987,466,71,83,1,-1,-1,-1
113,11,1013,436,61,61,1,-1,-1,-1
113,12,1030,404,48,52,1,-1,-1,-1
113,13,1048,367,45,51,1,-1,-1,-1
113,15,1389,635,207,96,1,-1,-1,-1
113,16,1373,563,185,90,1,-1,-1,-1
113,54,622,562,160,95,1,-1,-1,-1
113,55,667,542,151,70,1,-1,-1,-1
113,56,661,513,171,60,1,-1,-1,-1
113,57,679,494,108,44,1,-1,-1,-1
113,58,699,476,155,60,1,-1,-1,-1
113,59,738,441,142,56,1,-1,-1,-1
113,60,817,438,119,47,1,-1,-1,-1
113,61,843,407,118,41,1,-1,-1,-1
113,63,890,349,101,30,1,-1,-1,-1
113,64,913,328,95,35,1,-1,-1,-1
113,76,1402,454,117,71,1,-1,-1,-1
113,77,1397,445,113,61,1,-1,-1,-1
113,78,1401,431,97,52,1,-1,-1,-1
113,116,492,977,295,94,1,-1,-1,-1
113,117,1312,934,330,126,1,-1,-1,-1
113,122,748,682,163,132,1,-1,-1,-1
113,125,1179,379,45,53,1,-1,-1,-1
113,135,876,384,95,35,1,-1,-1,-1
114,4,0,912,182,139,1,-1,-1,-1
114,7,333,621,186,98,1,-1,-1,-1
114,8,121,615,183,82,1,-1,-1,-1
114,9,971,526,76,95,1,-1,-1,-1
114,10,987,466,70,83,1,-1,-1,-1
114,11,1012,437,61,61,1,-1,-1,-1
114,12,1030,404,48,52,1,-1,-1,-1
114,13,1048,368,45,51,1,-1,-1,-1
114,15,1389,635,207,95,1,-1,-1,-1
114,16,1373,563,185,89,1,-1,-1,-1
114,54,622,562,161,95,1,-1,-1,-1
114,55,668,543,151,70,1,-1,-1,-1
114,56,662,513,171,60,1,-1,-1,-1
114,57,680,495,108,43,1,-1,-1,-1
114,58,700,474,156,60,1,-1,-1,-1
114,59,741,441,142,56,1,-1,-1,-1
114,60,817,438,119,47,1,-1,-1,-1
114,61,845,407,118,41,1,-1,-1,-1
114,63,891,349,101,30,1,-1,-1,-1
114,64,913,327,95,35,1,-1,-1,-1
114,76,1402,453,117,71,1,-1,-1,-1
114,77,1397,444,113,61,1,-1,-1,-1
114,78,1401,431,97,52,1,-1,-1,-1
114,116,471,971,295,99,1,-1,-1,-1
114,117,1285,934,330,126,1,-1,-1,-1
114,122,741,685,165,133,1,-1,-1,-1
114,125,1180,379,45,52,1,-1,-1,-1
114,135,876,384,95,35,1,-1,-1,-1
115,4,0,911,169,139,1,-1,-1,-1
115,7,333,622,187,96,1,-1,-1,-1
115,8,121,615,183,83,1,-1,-1,-1
115,9,971,526,76,95,1,-1,-1,-1
115,10,986,466,71,83,1,-1,-1,-1
115,11,1012,437,61,61,1,-1,-1,-1
115,12,1030,405,48,52,1,-1,-1,-1
115,13,1049,368,45,51,1,-1,-1,-1
115,15,1389,634,207,96,1,-1,-1,-1
115,16,1372,562,185,90,1,-1,-1,-1
115,54,622,561,161,95,1,-1,-1,-1
115,55,668,541,151,70,1,-1,-1,-1
115,56,662,512,171,60,1,-1,-1,-1
115,57,679,494,109,43,1,-1,-1,-1
115,58,699,474,156,61,1,-1,-1,-1
115,59,739,441,142,56,1,-1,-1,-1
115,60,816,438,119,47,1,-1,-1,-1
115,61,847,408,118,41,1,-1,-1,-1
115,63,892,350,101,30,1,-1,-1,-1
115,64,913,327,95,35,1,-1,-1,-1
115,76,1402,453,117,71,1,-1,-1,-1
115,77,1397,443,113,61,1,-1,-1,-1
115,78,1401,431,97,52,1,-1,-1,-1
115,116,450,965,295,104,1,-1,-1,-1
115,117,1258,934,330,126,1,-1,-1,-1
115,122,735,689,167,133,1,-1,-1,-1
115,125,1180,378,45,53,1,-1,-1,-1
115,135,876,383,95,35,1,-1,-1,-1
116,4,0,910,156,139,1,-1,-1,-1
116,7,333,623,188,94,1,-1,-1,-1
116,8,121,615,183,84,1,-1,-1,-1
116,9,971,526,76,95,1,-1,-1,-1
116,10,986,466,71,83,1,-1,-1,-1
116,11,1012,437,61,61,1,-1,-1,-1
116,12,1031,406,48,52,1,-1,-1,-1
116,13,1049,368,45,51,1,-1,-1,-1
116,15,1389,634,207,95,1,-1,-1,-1
116,16,1372,562,185,89,1,-1,-1,-1
116,54,622,561,161,95,1,-1,-1,-1
116,55,668,539,151,70,1,-1,-1,-1
116,56,663,512,171,60,1,-1,-1,-1
116,57,678,494,111,43,1,-1,-1,-1
116,58,699,475,155,61,1,-1,-1,-1
116,59,738,442,142,56,1,-1,-1,-1
116,60,816,438,119,47,1,-1,-1,-1
116,61,849,409,119,41,1,-1,-1,-1
116,63,892,350,101,29,1,-1,-1,-1
116,64,913,326,95,35,1,-1,-1,-1
116,76,1403,453,117,71,1,-1,-1,-1
116,77,1397,442,113,61,1,-1,-1,-1
116,78,1402,431,97,52,1,-1,-1,-1
116,116,429,959,295,110,1,-1,-1,-1
116,117,1231,934,330,126,1,-1,-1,-1
116,122,728,692,169,133,1,-1,-1,-1
116,125,1180,378,45,52,1,-1,-1,-1
116,135,876,383,95,35,1,-1,-1,-1
117,4,0,909,144,140,1,-1,-1,-1
117,7,333,623,188,94,1,-1,-1,-1
117,8,121,615,182,84,1,-1,-1,-1
117,9,971,525,76,95,1,-1,-1,-1
117,10,985,466,72,83,1,-1,-1,-1
117,11,1012,438,61,61,1,-1,-1,-1
117,12,1031,406,48,52,1,-1,-1,-1
117,13,1050,368,45,51,1,-1,-1,-1
117,15,1389,634,207,95,1,-1,-1,-1
117,16,1372,562,185,89,1,-1,-1,-1
117,54,623,561,161,95,1,-1,-1,-1
117,55,669,538,151,70,1,-1,-1,-1
117,56,663,511,172,61,1,-1,-1,-1
117,57,678,493,112,44,1,-1,-1,-1
117,58,698,476,156,61,1,-1,-1,-1
117,59,736,443,143,56,1,-1,-1,-1
117,60,816,438,119,47,1,-1,-1,-1
117,61,846,408,119,41,1,-1,-1,-1
117,63,893,350,101,29,1,-1,-1,-1
117,64,913,326,95,35,1,-1,-1,-1
117,76,1402,454,117,71,1,-1,-1,-1
117,77,1397,441,113,61,1,-1,-1,-1
117,78,1402,431,97,52,1,-1,-1,-1
117,116,409,954,294,114,1,-1,-1,-1
117,117,1204,934,330,126,1,-1,-1,-1
117,122,722,695,171,134,1,-1,-1,-1
117,125,1181,377,45,52,1,-1,-1,-1
117,135,877,383,95,35,1,-1,-1,-1
118,4,0,908,131,140,1,-1,-1,-1
118,7,333,624,189,92,1,-1,-1,-1
118,8,121,615,182,85,1,-1,-1,-1
118,9,971,525,76,95,1,-1,-1,-1
118,10,985,466,72,83,1,-1,-1,-1
118,11,1012,438,61,61,1,-1,-1,-1
118,12,1031,407,48,52,1,-1,-1,-1
118,13,1050,368,45,51,1,-1,-1,-1
118,15,1389,633,207,95,1,-1,-1,-1
118,16,1372,561,185,89,1,-1,-1,-1
118,54,623,561,161,95,1,-1,-1,-1
118,55,669,536,151,70,1,-1,-1,-1
118,56,664,511,172,61,1,-1,-1,-1
118,57,677,493,114,44,1,-1,-1,-1
118,58,698,477,155,61,1,-1,-1,-1
118,59,735,444,143,56,1,-1,-1,-1
118,60,816,438,119,47,1,-1,-1,-1
118,61,843,407,119,41,1,-1,-1,-1
118,63,893,350,101,29,1,-1,-1,-1
118,64,913,325,95,35,1,-1,-1,-1
118,76,1401,456,117,70,1,-1,-1,-1
118,77,1397,440,113,61,1,-1,-1,-1
118,78,1403,431,97,52,1,-1,-1,-1
118,116,388,948,294,120,1,-1,-1,-1
118,117,1177,934,330,126,1,-1,-1,-1
118,122,715,698,174,135,1,-1,-1,-1
118,125,1181,377,45,52,1,-1,-1,-1
118,135,877,383,95,35,1,-1,-1,-1
119,4,0,907,118,140,1,-1,-1,-1
119,7,333,625,190,90,1,-1,-1,-1
119,8,121,615,182,86,1,-1,-1,-1
119,9,971,525,76,95,1,-1,-1,-1
119,10,984,466,73,83,1,-1,-1,-1
119,11,1012,438,61,61,1,-1,-1,-1
119,12,1031,408,48,52,1,-1,-1,-1
119,13,1051,368,45,51,1,-1,-1,-1
119,15,1389,633,207,95,1,-1,-1,-1
119,16,1372,561,185,89,1,-1,-1,-1
119,54,624,561,161,95,1,-1,-1,-1
119,55,670,535,151,70,1,-1,-1,-1
119,56,665,511,172,61,1,-1,-1,-1
119,57,676,492,115,44,1,-1,-1,-1
119,58,697,478,155,61,1,-1,-1,-1
119,59,734,445,142,56,1,-1,-1,-1
119,60,815,438,119,47,1,-1,-1,-1
119,61,845,406,119,41,1,-1,-1,-1
119,63,893,350,101,29,1,-1,-1,-1
119,64,913,325,95,35,1,-1,-1,-1
119,76,1400,457,117,70,1,-1,-1,-1
119,77,1397,439,113,61,1,-1,-1,-1
119,78,1403,431,97,52,1,-1,-1,-1
119,116,367,942,294,125,1,-1,-1,-1
119,117,1150,934,330,126,1,-1,-1,-1
119,122,709,702,175,135,1,-1,-1,-1
119,125,1181,376,45,52,1,-1,-1,-1
119,135,877,383,95,35,1,-1,-1,-1
120,4,0,906,106,141,1,-1,-1,-1
120,7,333,626,190,89,1,-1,-1,-1
120,8,121,615,182,86,1,-1,-1,-1
120,9,971,525,76,95,1,-1,-1,-1
120,10,984,466,73,83,1,-1,-1,-1
120,11,1012,439,61,61,1,-1,-1,-1
120,12,1032,409,48,52,1,-1,-1,-1
120,13,1052,369,45,51,1,-1,-1,-1
120,15,1389,633,207,95,1,-1,-1,-1
120,16,1372,561,185,89,1,-1,-1,-1
120,54,625,560,161,95,1,-1,-1,-1
120,55,668,535,151,70,1,-1,-1,-1
120,56,665,510,173,62,1,-1,-1,-1
120,57,676,492,116,44,1,-1,-1,-1
120,58,697,479,155,61,1,-1,-1,-1
120,59,732,446,143,56,1,-1,-1,-1
120,60,815,438,119,47,1,-1,-1,-1
120,61,847,410,119,41,1,-1,-1,-1
120,63,894,351,101,29,1,-1,-1,-1
120,64,913,324,95,35,1,-1,-1,-1
120,76,1399,459,117,70,1,-1,-1,-1
120,77,1398,439,113,60,1,-1,-1,-1
120,78,1404,431,97,52,1,-1,-1,-1
120,116,347,937,294,130,1,-1,-1,-1
120,117,1123,935,330,126,1,-1,-1,-1
120,122,702,705,178,135,1,-1,-1,-1
120,125,1182,376,45,52,1,-1,-1,-1
120,135,877,383,95,35,1,-1,-1,-1
121,4,0,904,91,141,1,-1,-1,-1
121,7,333,627,191,87,1,-1,-1,-1
121,8,121,615,182,87,1,-1,-1,-1
121,9,971,524,76,94,1,-1,-1,-1
121,10,986,463,72,83,1,-1,-1,-1
121,11,1016,441,62,61,1,-1,-1,-1
121,12,1032,402,48,52,1,-1,-1,-1
121,13,1052,370,45,52,1,-1,-1,-1
121,15,1390,631,207,95,1,-1,-1,-1
121,16,1373,561,186,90,1,-1,-1,-1
121,54,626,560,161,95,1,-1,-1,-1
121,55,666,535,151,70,1,-1,-1,-1
121,56,666,510,173,62,1,-1,-1,-1
121,57,675,491,118,45,1,-1,-1,-1
121,58,696,480,155,61,1,-1,-1,-1
121,59,731,447,143,56,1,-1,-1,-1
121,60,815,438,119,47,1,-1,-1,-1
121,61,855,406,119,41,1,-1,-1,-1
121,63,894,349,101,29,1,-1,-1,-1
121,64,913,324,95,35,1,-1,-1,-1
121,76,1401,454,117,70,1,-1,-1,-1
121,77,1395,439,113,60,1,-1,-1,-1
121,78,1404,427,97,52,1,-1,-1,-1
121,116,325,936,294,130,1,-1,-1,-1
121,117,1094,930,330,126,1,-1,-1,-1
121,122,696,708,179,136,1,-1,-1,-1
121,125,1179,379,45,52,1,-1,-1,-1
121,135,878,383,95,35,1,-1,-1,-1
122,4,0,902,76,141,1,-1,-1,-1
122,7,334,628,191,86,1,-1,-1,-1
122,8,121,615,182,88,1,-1,-1,-1
122,9,970,528,76,94,1,-1,-1,-1
122,10,986,469,71,82,1,-1,-1,-1
122,11,1017,433,59,59,1,-1,-1,-1
122,12,1031,395,48,53,1,-1,-1,-1
122,13,1052,372,47,52,1,-1,-1,-1
122,15,1391,630,207,95,1,-1,-1,-1
122,16,1375,562,186,90,1,-1,-1,-1
122,54,627,560,161,95,1,-1,-1,-1
122,55,665,535,150,71,1,-1,-1,-1
122,56,667,510,173,62,1,-1,-1,-1
122,57,675,491,119,45,1,-1,-1,-1
122,58,696,481,155,61,1,-1,-1,-1
122,59,730,448,143,56,1,-1,-1,-1
122,60,815,438,119,47,1,-1,-1,-1
122,61,847,407,119,41,1,-1,-1,-1
122,63,895,348,101,29,1,-1,-1,-1
122,64,913,323,95,35,1,-1,-1,-1
122,76,1404,450,117,70,1,-1,-1,-1
122,77,1392,439,114,61,1,-1,-1,-1
122,78,1405,423,96,53,1,-1,-1,-1
122,116,303,935,294,130,1,-1,-1,-1
122,117,1065,926,330,126,1,-1,-1,-1
122,122,689,711,182,137,1,-1,-1,-1
122,125,1174,381,45,53,1,-1,-1,-1
122,135,874,384,95,35,1,-1,-1,-1
123,7,333,606,191,88,1,-1,-1,-1
123,8,121,596,183,89,1,-1,-1,-1
123,9,970,524,76,94,1,-1,-1,-1
123,10,986,459,71,82,1,-1,-1,-1
123,11,1018,435,59,60,1,-1,-1,-1
123,12,1033,394,48,53,1,-1,-1,-1
123,13,1052,364,47,53,1,-1,-1,-1
123,15,1391,608,207,96,1,-1,-1,-1
123,16,1372,540,186,90,1,-1,-1,-1
123,54,628,544,161,95,1,-1,-1,-1
123,55,666,515,150,71,1,-1,-1,-1
123,56,661,509,172,61,1,-1,-1,-1
123,57,669,495,127,47,1,-1,-1,-1
123,58,700,462,155,61,1,-1,-1,-1
123,59,741,439,143,56,1,-1,-1,-1
123,60,815,438,119,47,1,-1,-1,-1
123,61,849,404,118,41,1,-1,-1,-1
123,63,894,350,101,30,1,-1,-1,-1
123,64,913,323,95,35,1,-1,-1,-1
123,76,1402,430,117,70,1,-1,-1,-1
123,77,1394,415,113,61,1,-1,-1,-1
123,78,1406,401,96,53,1,-1,-1,-1
123,116,281,935,294,130,1,-1,-1,-1
123,117,1037,922,330,126,1,-1,-1,-1
123,122,683,715,184,137,1,-1,-1,-1
123,125,1177,377,47,53,1,-1,-1,-1
123,135,874,362,95,35,1,-1,-1,-1
124,7,332,584,191,91,1,-1,-1,-1
124,8,121,577,185,90,1,-1,-1,-1
124,9,969,496,76,94,1,-1,-1,-1
124,10,986,434,75,82,1,-1,-1,-1
124,11,1015,401,62,62,1,-1,-1,-1
124,12,1029,367,50,53,1,-1,-1,-1
124,13,1054,339,45,52,1,-1,-1,-1
124,15,1391,587,208,96,1,-1,-1,-1
124,16,1370,519,186,90,1,-1,-1,-1
124,54,630,528,161,95,1,-1,-1,-1
124,55,667,496,150,71,1,-1,-1,-1
124,56,658,481,172,61,1,-1,-1,-1
124,57,673,461,117,47,1,-1,-1,-1
124,58,704,443,155,61,1,-1,-1,-1
124,59,741,407,143,57,1,-1,-1,-1
124,60,818,410,119,47,1,-1,-1,-1
124,61,844,377,118,41,1,-1,-1,-1
124,63,896,316,101,30,1,-1,-1,-1
124,64,915,293,95,35,1,-1,-1,-1
124,76,1400,410,117,70,1,-1,-1,-1
124,77,1396,392,113,61,1,-1,-1,-1
124,78,1408,380,96,53,1,-1,-1,-1
124,116,265,905,294,131,1,-1,-1,-1
124,117,1015,890,315,125,1,-1,-1,-1
124,122,674,690,189,137,1,-1,-1,-1
124,125,1177,348,45,52,1,-1,-1,-1
124,135,875,340,95,35,1,-1,-1,-1
125,7,331,562,191,93,1,-1,-1,-1
125,8,121,558,186,91,1,-1,-1,-1
125,9,969,472,76,94,1,-1,-1,-1
125,10,984,413,76,82,1,-1,-1,-1
125,11,1016,378,62,61,1,-1,-1,-1
125,12,1029,342,50,52,1,-1,-1,-1
125,13,1054,312,45,52,1,-1,-1,-1
125,15,1391,566,208,96,1,-1,-1,-1
125,16,1368,498,185,89,1,-1,-1,-1
125,54,624,503,161,95,1,-1,-1,-1
125,55,664,466,150,71,1,-1,-1,-1
125,56,654,443,172,61,1,-1,-1,-1
125,57,678,428,107,46,1,-1,-1,-1
125,58,701,409,155,60,1,-1,-1,-1
125,59,741,375,143,58,1,-1,-1,-1
125,60,820,374,119,47,1,-1,-1,-1
125,61,846,343,118,41,1,-1,-1,-1
125,63,896,285,101,30,1,-1,-1,-1
125,64,918,263,95,35,1,-1,-1,-1
125,76,1398,390,117,70,1,-1,-1,-1
125,77,1398,369,113,60,1,-1,-1,-1
125,78,1409,359,97,52,1,-1,-1,-1
125,116,249,876,295,131,1,-1,-1,-1
125,117,993,858,300,125,1,-1,-1,-1
125,122,666,666,193,137,1,-1,-1,-1
125,125,1176,320,45,50,1,-1,-1,-1
125,135,875,318,95,35,1,-1,-1,-1
126,7,330,541,191,95,1,-1,-1,-1
126,8,121,540,188,91,1,-1,-1,-1
126,9,969,449,76,94,1,-1,-1,-1
126,10,983,392,76,82,1,-1,-1,-1
126,11,1018,355,61,61,1,-1,-1,-1
126,12,1029,318,50,51,1,-1,-1,-1
126,13,1054,286,45,51,1,-1,-1,-1
126,15,1392,545,208,97,1,-1,-1,-1
126,16,1366,477,185,89,1,-1,-1,-1
126,54,618,478,161,95,1,-1,-1,-1
126,55,662,451,152,72,1,-1,-1,-1
126,56,649,423,173,60,1,-1,-1,-1
126,57,677,415,114,47,1,-1,-1,-1
126,58,697,392,155,62,1,-1,-1,-1
126,59,739,358,144,59,1,-1,-1,-1
126,60,817,355,119,47,1,-1,-1,-1
126,61,846,322,118,41,1,-1,-1,-1
126,63,886,269,102,31,1,-1,-1,-1
126,64,914,244,96,36,1,-1,-1,-1
126,76,1397,371,117,70,1,-1,-1,-1
126,77,1401,346,112,60,1,-1,-1,-1
126,78,1411,338,97,52,1,-1,-1,-1
126,116,228,856,296,137,1,-1,-1,-1
126,117,959,842,301,128,1,-1,-1,-1
126,122,658,642,197,137,1,-1,-1,-1
126,125,1179,297,46,49,1,-1,-1,-1
126,135,876,296,95,35,1,-1,-1,-1
127,7,366,538,192,97,1,-1,-1,-1
127,8,160,534,189,91,1,-1,-1,-1
127,9,985,446,76,95,1,-1,-1,-1
127,10,996,391,76,82,1,-1,-1,-1
127,11,1032,353,60,62,1,-1,-1,-1
127,12,1048,315,53,51,1,-1,-1,-1
127,13,1072,285,46,53,1,-1,-1,-1
127,15,1430,554,208,97,1,-1,-1,-1
127,16,1409,484,185,89,1,-1,-1,-1
127,54,657,477,161,96,1,-1,-1,-1
127,55,701,453,151,71,1,-1,-1,-1
127,56,677,434,173,61,1,-1,-1,-1
127,57,709,413,112,47,1,-1,-1,-1
127,58,734,391,156,63,1,-1,-1,-1
127,59,760,358,144,60,1,-1,-1,-1
127,60,837,355,119,47,1,-1,-1,-1
127,61,877,323,118,41,1,-1,-1,-1
127,63,909,264,101,33,1,-1,-1,-1
127,64,930,243,96,36,1,-1,-1,-1
127,76,1436,377,117,70,1,-1,-1,-1
127,77,1442,353,112,60,1,-1,-1,-1
127,78,1449,345,97,52,1,-1,-1,-1
127,116,247,846,296,141,1,-1,-1,-1
127,117,982,843,301,131,1,-1,-1,-1
127,122,685,643,199,137,1,-1,-1,-1
127,125,1200,298,45,49,1,-1,-1,-1
127,135,912,298,95,35,1,-1,-1,-1
128,4,1,778,90,140,1,-1,-1,-1
128,7,402,535,193,99,1,-1,-1,-1
128,8,199,528,190,91,1,-1,-1,-1
128,9,1030,449,76,95,1,-1,-1,-1
128,10,1043,389,76,82,1,-1,-1,-1
128,11,1078,357,60,62,1,-1,-1,-1
128,12,1092,320,55,49,1,-1,-1,-1
128,13,1117,288,45,52,1,-1,-1,-1
128,15,1468,564,208,96,1,-1,-1,-1
128,16,1453,491,185,90,1,-1,-1,-1
128,54,696,477,161,96,1,-1,-1,-1
128,55,740,455,151,71,1,-1,-1,-1
128,56,735,433,173,62,1,-1,-1,-1
128,57,741,412,111,46,1,-1,-1,-1
128,58,772,390,156,64,1,-1,-1,-1
128,59,811,358,143,60,1,-1,-1,-1
128,60,880,360,119,47,1,-1,-1,-1
128,61,909,325,118,41,1,-1,-1,-1
128,63,959,263,101,35,1,-1,-1,-1
128,64,967,236,96,36,1,-1,-1,-1
128,76,1475,383,117,70,1,-1,-1,-1
128,77,1483,360,112,60,1,-1,-1,-1
128,78,1487,353,97,52,1,-1,-1,-1
128,116,267,837,295,145,1,-1,-1,-1
128,117,1006,844,300,134,1,-1,-1,-1
128,122,713,644,201,137,1,-1,-1,-1
128,125,1246,303,45,49,1,-1,-1,-1
128,135,948,300,95,35,1,-1,-1,-1
129,4,0,770,92,140,1,-1,-1,-1
129,7,439,533,193,101,1,-1,-1,-1
129,8,238,522,191,92,1,-1,-1,-1
129,9,1076,453,76,95,1,-1,-1,-1
129,10,1090,388,76,82,1,-1,-1,-1
129,11,1125,361,60,62,1,-1,-1,-1
129,12,1136,325,58,48,1,-1,-1,-1
129,13,1162,291,45,51,1,-1,-1,-1
129,15,1506,574,208,96,1,-1,-1,-1
129,16,1497,499,185,90,1,-1,-1,-1
129,54,735,477,161,96,1,-1,-1,-1
129,55,780,457,150,71,1,-1,-1,-1
129,56,767,431,174,65,1,-1,-1,-1
129,57,781,415,118,47,1,-1,-1,-1
129,58,814,395,155,62,1,-1,-1,-1
129,59,845,358,143,59,1,-1,-1,-1
129,60,921,358,119,47,1,-1,-1,-1
129,61,949,327,118,41,1,-1,-1,-1
129,63,1005,266,101,35,1,-1,-1,-1
129,64,1027,243,95,35,1,-1,-1,-1
129,76,1515,390,117,70,1,-1,-1,-1
129,77,1524,367,112,61,1,-1,-1,-1
129,78,1526,361,97,52,1,-1,-1,-1
129,116,274,835,295,138,1,-1,-1,-1
129,117,994,846,300,130,1,-1,-1,-1
129,122,742,645,206,137,1,-1,-1,-1
129,125,1293,309,45,49,1,-1,-1,-1
129,135,985,302,95,35,1,-1,-1,-1
130,4,0,762,93,140,1,-1,-1,-1
130,7,452,530,193,102,1,-1,-1,-1
130,8,255,517,187,92,1,-1,-1,-1
130,9,1075,447,76,95,1,-1,-1,-1
130,10,1092,394,76,82,1,-1,-1,-1
130,11,1131,359,61,61,1,-1,-1,-1
130,12,1139,323,61,50,1,-1,-1,-1
130,13,1155,291,46,52,1,-1,-1,-1
130,15,1504,572,208,96,1,-1,-1,-1
130,16,1496,501,185,90,1,-1,-1,-1
130,54,728,477,161,95,1,-1,-1,-1
130,55,775,455,150,72,1,-1,-1,-1
130,56,762,428,173,65,1,-1,-1,-1
130,57,780,412,124,47,1,-1,-1,-1
130,58,812,392,156,62,1,-1,-1,-1
130,59,843,357,143,59,1,-1,-1,-1
130,60,934,358,119,47,1,-1,-1,-1
130,61,949,326,118,41,1,-1,-1,-1
130,63,1004,264,101,35,1,-1,-1,-1
130,64,1024,245,95,35,1,-1,-1,-1
130,76,1517,391,118,70,1,-1,-1,-1
130,77,1526,371,112,62,1,-1,-1,-1
130,78,1527,361,96,52,1,-1,-1,-1
130,116,281,833,295,131,1,-1,-1,-1
130,117,983,849,300,125,1,-1,-1,-1
130,122,739,646,208,137,1,-1,-1,-1
130,125,1292,306,46,49,1,-1,-1,-1
130,135,987,303,95,35,1,-1,-1,-1
131,4,0,754,94,140,1,-1,-1,-1
131,7,465,527,193,104,1,-1,-1,-1
131,8,272,512,183,93,1,-1,-1,-1
131,9,1071,449,77,95,1,-1,-1,-1
131,10,1089,393,76,82,1,-1,-1,-1
131,11,1129,361,60,61,1,-1,-1,-1
131,12,1138,322,60,50,1,-1,-1,-1
131,13,1158,290,46,52,1,-1,-1,-1
131,15,1502,570,208,96,1,-1,-1,-1
131,16,1495,503,185,90,1,-1,-1,-1
131,54,721,477,161,95,1,-1,-1,-1
131,55,770,454,150,72,1,-1,-1,-1
131,56,760,425,173,64,1,-1,-1,-1
131,57,780,410,130,47,1,-1,-1,-1
131,58,810,390,157,62,1,-1,-1,-1
131,59,842,357,143,58,1,-1,-1,-1
131,60,948,358,119,47,1,-1,-1,-1
131,61,950,326,118,41,1,-1,-1,-1
131,63,1004,262,101,35,1,-1,-1,-1
131,64,1021,247,95,35,1,-1,-1,-1
131,76,1519,392,119,70,1,-1,-1,-1
131,77,1529,375,112,63,1,-1,-1,-1
131,78,1528,362,95,51,1,-1,-1,-1
131,116,244,830,295,131,1,-1,-1,-1
131,117,948,849,300,125,1,-1,-1,-1
131,122,736,647,211,137,1,-1,-1,-1
131,125,1292,304,46,49,1,-1,-1,-1
131,135,987,301,95,35,1,-1,-1,-1
132,4,0,746,95,140,1,-1,-1,-1
132,7,478,524,194,105,1,-1,-1,-1
132,8,289,507,179,94,1,-1,-1,-1
132,9,1068,451,78,95,1,-1,-1,-1
132,10,1087,392,76,82,1,-1,-1,-1
132,11,1127,364,60,61,1,-1,-1,-1
132,12,1137,322,59,49,1,-1,-1,-1
132,13,1161,289,46,53,1,-1,-1,-1
132,15,1501,569,208,96,1,-1,-1,-1
132,16,1494,505,185,90,1,-1,-1,-1
132,54,735,476,161,95,1,-1,-1,-1
132,55,766,453,149,72,1,-1,-1,-1
132,56,759,427,173,65,1,-1,-1,-1
132,57,771,412,135,47,1,-1,-1,-1
132,58,822,391,156,61,1,-1,-1,-1
132,59,844,357,143,58,1,-1,-1,-1
132,60,962,358,119,47,1,-1,-1,-1
132,61,951,326,118,41,1,-1,-1,-1
132,63,1000,266,101,35,1,-1,-1,-1
132,64,1019,249,95,35,1,-1,-1,-1
132,76,1522,394,119,70,1,-1,-1,-1
132,77,1532,380,112,64,1,-1,-1,-1
132,78,1529,363,95,51,1,-1,-1,-1
132,116,240,825,295,131,1,-1,-1,-1
132,117,936,847,300,125,1,-1,-1,-1
132,122,733,648,214,137,1,-1,-1,-1
132,125,1292,302,46,49,1,-1,-1,-1
132,135,988,299,95,35,1,-1,-1,-1
133,4,0,739,96,139,1,-1,-1,-1
133,7,491,521,194,107,1,-1,-1,-1
133,8,306,502,175,94,1,-1,-1,-1
133,9,1097,451,79,95,1,-1,-1,-1
133,10,1117,392,76,83,1,-1,-1,-1
133,11,1151,367,60,62,1,-1,-1,-1
133,12,1164,322,58,49,1,-1,-1,-1
133,13,1182,290,48,53,1,-1,-1,-1
133,15,1551,580,208,96,1,-1,-1,-1
133,16,1541,510,185,90,1,-1,-1,-1
133,54,749,476,161,95,1,-1,-1,-1
133,55,800,452,149,72,1,-1,-1,-1
133,56,801,425,173,63,1,-1,-1,-1
133,57,811,412,122,47,1,-1,-1,-1
133,58,834,392,156,61,1,-1,-1,-1
133,59,883,359,143,58,1,-1,-1,-1
133,60,975,358,119,47,1,-1,-1,-1
133,61,980,324,118,41,1,-1,-1,-1
133,63,1039,266,101,35,1,-1,-1,-1
133,64,1053,244,95,35,1,-1,-1,-1
133,76,1560,395,118,70,1,-1,-1,-1
133,77,1570,378,112,63,1,-1,-1,-1
133,78,1567,364,96,51,1,-1,-1,-1
133,116,236,820,295,131,1,-1,-1,-1
133,117,924,845,300,125,1,-1,-1,-1
133,122,730,649,217,137,1,-1,-1,-1
133,125,1318,301,46,48,1,-1,-1,-1
133,135,1014,300,95,35,1,-1,-1,-1
134,4,0,723,124,139,1,-1,-1,-1
134,6,33,596,236,125,1,-1,-1,-1
134,7,504,518,194,108,1,-1,-1,-1
134,8,323,497,171,95,1,-1,-1,-1
134,9,1147,449,81,95,1,-1,-1,-1
134,10,1163,393,76,82,1,-1,-1,-1
134,11,1202,371,59,61,1,-1,-1,-1
134,12,1210,322,54,49,1,-1,-1,-1
134,13,1237,290,45,52,1,-1,-1,-1
134,15,1602,591,208,96,1,-1,-1,-1
134,16,1588,515,185,90,1,-1,-1,-1
134,54,804,474,161,95,1,-1,-1,-1
134,55,843,447,149,71,1,-1,-1,-1
134,56,843,424,173,61,1,-1,-1,-1
134,57,851,413,109,46,1,-1,-1,-1
134,58,885,391,155,55,1,-1,-1,-1
134,59,922,361,143,59,1,-1,-1,-1
134,60,989,358,119,47,1,-1,-1,-1
134,61,1023,328,118,41,1,-1,-1,-1
134,63,1078,267,101,35,1,-1,-1,-1
134,64,1103,248,96,36,1,-1,-1,-1
134,76,1599,396,117,70,1,-1,-1,-1
134,77,1608,376,112,62,1,-1,-1,-1
134,78,1606,365,97,52,1,-1,-1,-1
134,116,233,815,295,131,1,-1,-1,-1
134,117,913,843,300,125,1,-1,-1,-1
134,122,727,650,219,137,1,-1,-1,-1
134,125,1366,305,46,49,1,-1,-1,-1
134,135,1041,302,95,35,1,-1,-1,-1
135,4,0,722,113,139,1,-1,-1,-1
135,6,71,609,197,103,1,-1,-1,-1
135,7,517,515,195,110,1,-1,-1,-1
135,8,341,493,167,95,1,-1,-1,-1
135,9,1148,450,82,95,1,-1,-1,-1
135,10,1164,394,76,82,1,-1,-1,-1
135,11,1206,368,59,61,1,-1,-1,-1
135,12,1228,327,54,49,1,-1,-1,-1
135,13,1244,289,45,53,1,-1,-1,-1
135,15,1599,591,213,96,1,-1,-1,-1
135,16,1586,515,185,90,1,-1,-1,-1
135,54,811,476,161,95,1,-1,-1,-1
135,55,839,455,149,72,1,-1,-1,-1
135,56,851,429,173,60,1,-1,-1,-1
135,57,869,415,151,46,1,-1,-1,-1
135,58,892,392,156,61,1,-1,-1,-1
135,59,936,360,143,56,1,-1,-1,-1
135,60,1003,359,119,47,1,-1,-1,-1
135,61,1025,327,118,41,1,-1,-1,-1
135,63,1084,267,101,35,1,-1,-1,-1
135,64,1104,246,95,35,1,-1,-1,-1
135,76,1603,396,117,70,1,-1,-1,-1
135,77,1609,378,112,62,1,-1,-1,-1
135,78,1607,366,97,52,1,-1,-1,-1
135,116,229,810,295,131,1,-1,-1,-1
135,117,901,841,300,126,1,-1,-1,-1
135,122,724,651,222,137,1,-1,-1,-1
135,125,1381,306,46,50,1,-1,-1,-1
135,135,1068,304,95,35,1,-1,-1,-1
136,4,0,721,102,139,1,-1,-1,-1
136,6,68,606,200,104,1,-1,-1,-1
136,7,517,514,194,109,1,-1,-1,-1
136,8,340,491,167,95,1,-1,-1,-1
136,9,1149,451,84,96,1,-1,-1,-1
136,10,1166,396,76,82,1,-1,-1,-1
136,11,1210,365,60,61,1,-1,-1,-1
136,12,1228,327,52,49,1,-1,-1,-1
136,13,1247,292,45,52,1,-1,-1,-1
136,15,1597,592,217,96,1,-1,-1,-1
136,16,1584,516,185,90,1,-1,-1,-1
136,54,811,475,161,95,1,-1,-1,-1
136,55,840,455,149,72,1,-1,-1,-1
136,56,850,429,172,60,1,-1,-1,-1
136,57,858,411,123,45,1,-1,-1,-1
136,58,891,391,156,61,1,-1,-1,-1
136,59,935,359,143,56,1,-1,-1,-1
136,60,1002,358,119,47,1,-1,-1,-1
136,61,1027,326,118,41,1,-1,-1,-1
136,63,1083,266,101,35,1,-1,-1,-1
136,64,1114,243,95,35,1,-1,-1,-1
136,76,1607,397,117,70,1,-1,-1,-1
136,77,1611,380,112,62,1,-1,-1,-1
136,78,1609,368,97,52,1,-1,-1,-1
136,116,226,805,295,131,1,-1,-1,-1
136,117,890,839,300,126,1,-1,-1,-1
136,122,721,652,225,137,1,-1,-1,-1
136,125,1380,306,46,50,1,-1,-1,-1
136,135,1067,303,95,35,1,-1,-1,-1
137,4,0,720,91,139,1,-1,-1,-1
137,6,66,604,202,105,1,-1,-1,-1
137,7,517,513,194,108,1,-1,-1,-1
137,8,339,490,168,95,1,-1,-1,-1
137,9,1151,453,85,96,1,-1,-1,-1
137,10,1168,398,76,82,1,-1,-1,-1
137,11,1214,362,61,61,1,-1,-1,-1
137,12,1228,327,51,50,1,-1,-1,-1
137,13,1250,295,45,51,1,-1,-1,-1
137,15,1595,593,221,95,1,-1,-1,-1
137,16,1582,516,185,91,1,-1,-1,-1
137,54,811,474,161,95,1,-1,-1,-1
137,55,841,456,150,71,1,-1,-1,-1
137,56,849,429,172,61,1,-1,-1,-1
137,57,857,413,130,45,1,-1,-1,-1
137,58,890,391,156,61,1,-1,-1,-1
137,59,935,359,142,56,1,-1,-1,-1
137,60,1002,357,119,47,1,-1,-1,-1
137,61,1030,325,118,41,1,-1,-1,-1
137,63,1083,266,101,35,1,-1,-1,-1
137,64,1112,242,95,35,1,-1,-1,-1
137,76,1612,398,117,70,1,-1,-1,-1
137,77,1613,383,112,62,1,-1,-1,-1
137,78,1610,369,97,52,1,-1,-1,-1
137,116,222,800,295,131,1,-1,-1,-1
137,117,878,837,300,126,1,-1,-1,-1
137,122,718,653,228,137,1,-1,-1,-1
137,125,1379,306,46,50,1,-1,-1,-1
137,135,1066,302,95,35,1,-1,-1,-1
138,6,64,601,204,107,1,-1,-1,-1
138,7,517,512,194,107,1,-1,-1,-1
138,8,338,489,168,95,1,-1,-1,-1
138,9,1151,451,84,96,1,-1,-1,-1
138,10,1168,396,76,82,1,-1,-1,-1
138,11,1213,361,61,61,1,-1,-1,-1
138,12,1227,326,51,50,1,-1,-1,-1
138,13,1249,294,46,51,1,-1,-1,-1
138,15,1593,594,226,95,1,-1,-1,-1
138,16,1581,517,185,91,1,-1,-1,-1
138,54,811,473,161,95,1,-1,-1,-1
138,55,843,456,150,71,1,-1,-1,-1
138,56,848,430,172,60,1,-1,-1,-1
138,57,856,416,137,45,1,-1,-1,-1
138,58,890,391,156,61,1,-1,-1,-1
138,59,934,358,143,56,1,-1,-1,-1
138,60,1001,357,119,47,1,-1,-1,-1
138,61,1030,324,118,41,1,-1,-1,-1
138,63,1083,266,101,35,1,-1,-1,-1
138,64,1111,241,95,35,1,-1,-1,-1
138,76,1616,399,117,70,1,-1,-1,-1
138,77,1615,385,112,62,1,-1,-1,-1
138,78,1612,371,97,52,1,-1,-1,-1
138,116,219,796,295,131,1,-1,-1,-1
138,117,867,836,300,126,1,-1,-1,-1
138,122,715,654,230,137,1,-1,-1,-1
138,125,1378,306,46,50,1,-1,-1,-1
138,135,1066,301,95,35,1,-1,-1,-1
139,6,62,599,206,107,1,-1,-1,-1
139,7,517,512,194,105,1,-1,-1,-1
139,8,337,487,169,95,1,-1,-1,-1
139,9,1151,450,84,96,1,-1,-1,-1
139,10,1168,395,76,82,1,-1,-1,-1
139,11,1212,361,61,61,1,-1,-1,-1
139,12,1226,326,52,50,1,-1,-1,-1
139,13,1249,293,46,51,1,-1,-1,-1
139,15,1596,590,207,96,1,-1,-1,-1
139,16,1592,518,185,91,1,-1,-1,-1
139,54,811,472,161,95,1,-1,-1,-1
139,55,844,457,151,70,1,-1,-1,-1
139,56,847,430,172,61,1,-1,-1,-1
139,57,855,418,144,46,1,-1,-1,-1
139,58,889,391,156,61,1,-1,-1,-1
139,59,934,358,142,56,1,-1,-1,-1
139,60,1001,356,119,47,1,-1,-1,-1
139,61,1031,323,118,41,1,-1,-1,-1
139,63,1083,264,101,35,1,-1,-1,-1
139,64,1109,241,95,35,1,-1,-1,-1
139,76,1621,400,117,70,1,-1,-1,-1
139,77,1617,388,112,62,1,-1,-1,-1
139,78,1614,373,97,52,1,-1,-1,-1
139,116,202,791,295,131,1,-1,-1,-1
139,117,845,834,300,125,1,-1,-1,-1
139,122,712,655,233,137,1,-1,-1,-1
139,125,1377,307,46,50,1,-1,-1,-1
139,135,1065,300,95,35,1,-1,-1,-1
140,6,60,596,208,109,1,-1,-1,-1
140,7,517,511,194,104,1,-1,-1,-1
140,8,337,486,169,95,1,-1,-1,-1
140,9,1151,449,84,96,1,-1,-1,-1
140,10,1168,393,77,83,1,-1,-1,-1
140,11,1211,361,61,61,1,-1,-1,-1
140,12,1226,325,52,50,1,-1,-1,-1
140,13,1249,292,46,51,1,-1,-1,-1
140,15,1595,586,208,97,1,-1,-1,-1
140,16,1584,514,194,90,1,-1,-1,-1
140,54,811,472,161,95,1,-1,-1,-1
140,55,846,458,151,70,1,-1,-1,-1
140,56,847,431,171,61,1,-1,-1,-1
140,57,854,421,151,46,1,-1,-1,-1
140,58,889,391,156,61,1,-1,-1,-1
140,59,934,358,142,56,1,-1,-1,-1
140,60,1001,355,119,47,1,-1,-1,-1
140,61,1032,323,118,41,1,-1,-1,-1
140,63,1083,263,101,35,1,-1,-1,-1
140,64,1108,240,95,35,1,-1,-1,-1
140,76,1613,400,117,70,1,-1,-1,-1
140,77,1616,386,112,62,1,-1,-1,-1
140,78,1614,372,96,52,1,-1,-1,-1
140,116,185,787,295,131,1,-1,-1,-1
140,117,824,832,300,125,1,-1,-1,-1
140,122,709,656,236,137,1,-1,-1,-1
140,125,1376,307,46,50,1,-1,-1,-1
140,135,1065,299,95,35,1,-1,-1,-1
141,6,58,594,210,110,1,-1,-1,-1
141,7,517,510,194,103,1,-1,-1,-1
141,8,336,485,169,95,1,-1,-1,-1
141,9,1151,448,84,96,1,-1,-1,-1
141,10,1169,392,76,82,1,-1,-1,-1
141,11,1210,361,61,61,1,-1,-1,-1
141,12,1225,325,52,50,1,-1,-1,-1
141,13,1249,291,46,52,1,-1,-1,-1
141,15,1594,583,209,97,1,-1,-1,-1
141,16,1577,511,202,89,1,-1,-1,-1
141,54,810,471,161,95,1,-1,-1,-1
141,55,845,456,151,70,1,-1,-1,-1
141,56,846,428,171,61,1,-1,-1,-1
141,57,860,412,132,46,1,-1,-1,-1
141,58,889,389,155,60,1,-1,-1,-1
141,59,935,359,142,55,1,-1,-1,-1
141,60,1000,355,119,47,1,-1,-1,-1
141,61,1033,322,118,41,1,-1,-1,-1
141,63,1083,262,101,35,1,-1,-1,-1
141,64,1107,240,95,35,1,-1,-1,-1
141,76,1605,400,117,70,1,-1,-1,-1
141,77,1616,385,112,61,1,-1,-1,-1
141,78,1614,371,96,52,1,-1,-1,-1
141,116,168,783,295,131,1,-1,-1,-1
141,117,803,830,300,125,1,-1,-1,-1
141,122,707,657,238,137,1,-1,-1,-1
141,125,1375,307,46,50,1,-1,-1,-1
141,135,1064,298,95,35,1,-1,-1,-1
142,6,56,591,212,112,1,-1,-1,-1
142,7,517,509,194,102,1,-1,-1,-1
142,8,335,484,170,95,1,-1,-1,-1
142,9,1151,447,84,96,1,-1,-1,-1
142,10,1169,391,77,82,1,-1,-1,-1
142,11,1209,361,61,61,1,-1,-1,-1
142,12,1225,324,52,50,1,-1,-1,-1
142,13,1249,290,46,52,1,-1,-1,-1
142,15,1593,580,210,97,1,-1,-1,-1
142,16,1577,507,201,89,1,-1,-1,-1
142,54,810,470,161,95,1,-1,-1,-1
142,55,845,455,151,70,1,-1,-1,-1
142,56,845,425,171,61,1,-1,-1,-1
142,57,867,404,112,46,1,-1,-1,-1
142,58,889,388,155,58,1,-1,-1,-1
142,59,934,358,142,55,1,-1,-1,-1
142,60,1000,354,119,47,1,-1,-1,-1
142,61,1034,322,118,41,1,-1,-1,-1
142,63,1083,261,101,35,1,-1,-1,-1
142,64,1106,238,95,36,1,-1,-1,-1
142,76,1606,399,117,70,1,-1,-1,-1
142,77,1615,383,113,62,1,-1,-1,-1
142,78,1614,370,96,52,1,-1,-1,-1
142,116,152,779,295,131,1,-1,-1,-1
142,117,779,833,300,126,1,-1,-1,-1
142,122,694,660,241,136,1,-1,-1,-1
142,125,1374,308,46,50,1,-1,-1,-1
142,135,1063,297,95,35,1,-1,-1,-1
143,6,54,589,214,112,1,-1,-1,-1
143,7,517,509,194,100,1,-1,-1,-1
143,8,334,482,171,95,1,-1,-1,-1
143,9,1151,445,84,96,1,-1,-1,-1
143,10,1169,389,77,83,1,-1,-1,-1
143,11,1209,360,60,61,1,-1,-1,-1
143,12,1224,324,53,50,1,-1,-1,-1
143,13,1248,289,47,52,1,-1,-1,-1
143,15,1592,577,211,97,1,-1,-1,-1
143,16,1577,504,201,89,1,-1,-1,-1
143,54,810,469,161,95,1,-1,-1,-1
143,55,845,453,151,71,1,-1,-1,-1
143,56,844,423,172,61,1,-1,-1,-1
143,57,866,402,111,46,1,-1,-1,-1
143,58,889,387,155,57,1,-1,-1,-1
143,59,933,357,142,56,1,-1,-1,-1
143,60,1000,354,119,47,1,-1,-1,-1
143,61,1035,321,118,41,1,-1,-1,-1
143,63,1084,260,101,35,1,-1,-1,-1
143,64,1106,237,95,36,1,-1,-1,-1
143,76,1608,399,117,70,1,-1,-1,-1
143,77,1615,382,112,61,1,-1,-1,-1
143,78,1614,369,96,52,1,-1,-1,-1
143,116,136,775,295,131,1,-1,-1,-1
143,117,755,829,300,126,1,-1,-1,-1
143,122,682,663,243,136,1,-1,-1,-1
143,125,1374,307,46,50,1,-1,-1,-1
143,135,1063,296,95,35,1,-1,-1,-1
144,6,52,586,216,114,1,-1,-1,-1
144,7,517,508,194,99,1,-1,-1,-1
144,8,334,481,170,95,1,-1,-1,-1
144,9,1151,444,84,96,1,-1,-1,-1
144,10,1169,388,78,83,1,-1,-1,-1
144,11,1208,360,60,61,1,-1,-1,-1
144,12,1224,323,53,50,1,-1,-1,-1
144,13,1248,288,47,52,1,-1,-1,-1
144,15,1592,574,211,98,1,-1,-1,-1
144,16,1578,501,200,89,1,-1,-1,-1
144,54,810,468,161,95,1,-1,-1,-1
144,55,845,452,151,71,1,-1,-1,-1
144,56,843,420,172,61,1,-1,-1,-1
144,57,866,400,109,46,1,-1,-1,-1
144,58,889,386,155,55,1,-1,-1,-1
144,59,932,357,142,55,1,-1,-1,-1
144,60,1000,351,119,47,1,-1,-1,-1
144,61,1036,321,118,41,1,-1,-1,-1
144,63,1082,259,101,35,1,-1,-1,-1
144,64,1106,236,95,36,1,-1,-1,-1
144,76,1609,398,117,70,1,-1,-1,-1
144,77,1615,380,112,62,1,-1,-1,-1
144,78,1614,369,96,52,1,-1,-1,-1
144,116,120,772,295,131,1,-1,-1,-1
144,117,732,826,300,126,1,-1,-1,-1
144,122,670,666,246,136,1,-1,-1,-1
144,125,1374,306,46,50,1,-1,-1,-1
144,135,1062,295,95,35,1,-1,-1,-1
145,6,49,584,219,115,1,-1,-1,-1
145,7,517,507,194,98,1,-1,-1,-1
145,8,333,480,171,95,1,-1,-1,-1
145,9,1151,443,84,96,1,-1,-1,-1
145,10,1170,387,77,82,1,-1,-1,-1
145,11,1207,360,60,61,1,-1,-1,-1
145,12,1223,323,53,50,1,-1,-1,-1
145,13,1248,287,47,53,1,-1,-1,-1
145,15,1591,571,212,98,1,-1,-1,-1
145,16,1578,498,200,89,1,-1,-1,-1
145,54,810,467,161,95,1,-1,-1,-1
145,55,843,452,151,71,1,-1,-1,-1
145,56,843,417,172,62,1,-1,-1,-1
145,57,866,398,108,46,1,-1,-1,-1
145,58,890,385,154,54,1,-1,-1,-1
145,59,931,356,142,56,1,-1,-1,-1
145,60,1000,349,119,47,1,-1,-1,-1
145,61,1035,318,118,41,1,-1,-1,-1
145,63,1081,259,101,35,1,-1,-1,-1
145,64,1105,235,95,36,1,-1,-1,-1
145,76,1611,398,117,70,1,-1,-1,-1
145,77,1614,379,113,61,1,-1,-1,-1
145,78,1614,368,96,52,1,-1,-1,-1
145,116,104,768,295,131,1,-1,-1,-1
145,117,709,823,300,126,1,-1,-1,-1
145,122,657,662,247,136,1,-1,-1,-1
145,125,1374,306,46,49,1,-1,-1,-1
145,135,1062,294,95,35,1,-1,-1,-1
146,6,47,581,221,116,1,-1,-1,-1
146,7,517,507,194,97,1,-1,-1,-1
146,8,332,479,172,95,1,-1,-1,-1
146,9,1151,442,84,96,1,-1,-1,-1
146,10,1170,385,78,83,1,-1,-1,-1
146,11,1206,360,60,61,1,-1,-1,-1
146,12,1223,322,53,50,1,-1,-1,-1
146,13,1248,286,47,53,1,-1,-1,-1
146,15,1590,568,214,98,1,-1,-1,-1
146,16,1578,495,200,89,1,-1,-1,-1
146,54,808,465,162,95,1,-1,-1,-1
146,55,841,453,151,71,1,-1,-1,-1
146,56,842,415,172,61,1,-1,-1,-1
146,57,865,396,107,46,1,-1,-1,-1
146,58,885,386,155,56,1,-1,-1,-1
146,59,930,355,142,56,1,-1,-1,-1
146,60,1000,346,119,47,1,-1,-1,-1
146,61,1034,315,118,41,1,-1,-1,-1
146,63,1080,258,101,35,1,-1,-1,-1
146,64,1105,234,95,36,1,-1,-1,-1
146,76,1612,398,117,70,1,-1,-1,-1
146,77,1614,377,112,61,1,-1,-1,-1
146,78,1614,367,96,52,1,-1,-1,-1
146,116,88,765,295,131,1,-1,-1,-1
146,117,686,820,300,126,1,-1,-1,-1
146,122,645,659,248,136,1,-1,-1,-1
146,125,1374,305,46,49,1,-1,-1,-1
146,135,1061,293,95,35,1,-1,-1,-1
147,6,45,579,223,117,1,-1,-1,-1
147,7,517,506,194,96,1,-1,-1,-1
147,8,331,477,172,95,1,-1,-1,-1
147,9,1151,441,84,96,1,-1,-1,-1
147,10,1170,384,78,83,1,-1,-1,-1
147,11,1205,360,60,61,1,-1,-1,-1
147,12,1222,322,54,50,1,-1,-1,-1
147,13,1248,285,47,53,1,-1,-1,-1
147,15,1589,564,215,99,1,-1,-1,-1
147,16,1579,492,199,89,1,-1,-1,-1
147,54,807,463,162,96,1,-1,-1,-1
147,55,839,454,151,71,1,-1,-1,-1
147,56,841,412,173,62,1,-1,-1,-1
147,57,865,395,106,46,1,-1,-1,-1
147,58,881,387,155,58,1,-1,-1,-1
147,59,929,355,142,56,1,-1,-1,-1
147,60,1000,344,119,47,1,-1,-1,-1
147,61,1033,312,118,41,1,-1,-1,-1
147,63,1079,258,101,35,1,-1,-1,-1
147,64,1105,233,95,36,1,-1,-1,-1
147,76,1614,397,117,70,1,-1,-1,-1
147,77,1613,376,113,61,1,-1,-1,-1
147,78,1614,366,96,52,1,-1,-1,-1
147,116,72,761,295,131,1,-1,-1,-1
147,117,663,817,300,126,1,-1,-1,-1
147,122,633,656,248,136,1,-1,-1,-1
147,125,1374,304,46,49,1,-1,-1,-1
147,135,1061,293,95,35,1,-1,-1,-1
148,6,43,576,225,119,1,-1,-1,-1
148,7,517,505,194,95,1,-1,-1,-1
148,8,330,476,173,95,1,-1,-1,-1
148,9,1151,440,84,96,1,-1,-1,-1
148,10,1171,383,78,83,1,-1,-1,-1
148,11,1205,360,60,61,1,-1,-1,-1
148,12,1222,322,54,50,1,-1,-1,-1
148,13,1248,284,48,54,1,-1,-1,-1
148,15,1588,561,216,99,1,-1,-1,-1
148,16,1579,489,199,89,1,-1,-1,-1
148,54,806,461,162,96,1,-1,-1,-1
148,55,837,455,151,71,1,-1,-1,-1
148,56,840,409,173,62,1,-1,-1,-1
148,57,865,393,104,46,1,-1,-1,-1
148,58,876,388,156,60,1,-1,-1,-1
148,59,928,354,142,56,1,-1,-1,-1
148,60,1000,341,119,47,1,-1,-1,-1
148,61,1032,309,118,41,1,-1,-1,-1
148,63,1078,258,101,35,1,-1,-1,-1
148,64,1105,228,95,36,1,-1,-1,-1
148,76,1615,397,117,70,1,-1,-1,-1
148,77,1613,374,113,61,1,-1,-1,-1
148,78,1614,365,96,52,1,-1,-1,-1
148,116,56,758,295,131,1,-1,-1,-1
148,117,640,814,300,126,1,-1,-1,-1
148,122,621,652,249,136,1,-1,-1,-1
148,125,1375,304,46,49,1,-1,-1,-1
148,135,1061,289,95,35,1,-1,-1,-1
149,6,41,574,227,120,1,-1,-1,-1
149,7,517,504,194,94,1,-1,-1,-1
149,8,330,475,172,95,1,-1,-1,-1
149,9,1151,444,85,95,1,-1,-1,-1
149,10,1173,387,77,82,1,-1,-1,-1
149,11,1204,360,59,60,1,-1,-1,-1
149,12,1217,322,53,49,1,-1,-1,-1
149,13,1241,293,46,53,1,-1,-1,-1
149,15,1588,558,216,100,1,-1,-1,-1
149,16,1579,486,199,89,1,-1,-1,-1
149,54,805,460,162,96,1,-1,-1,-1
149,55,836,456,151,71,1,-1,-1,-1
149,56,840,407,173,62,1,-1,-1,-1
149,57,864,391,104,46,1,-1,-1,-1
149,58,872,389,157,62,1,-1,-1,-1
149,59,927,354,142,56,1,-1,-1,-1
149,60,1000,339,119,47,1,-1,-1,-1
149,61,1031,306,118,41,1,-1,-1,-1
149,63,1078,261,101,35,1,-1,-1,-1
149,64,1105,224,96,36,1,-1,-1,-1
149,76,1617,397,117,70,1,-1,-1,-1
149,77,1613,373,113,61,1,-1,-1,-1
149,78,1614,365,96,52,1,-1,-1,-1
149,116,40,754,295,131,1,-1,-1,-1
149,117,617,811,300,126,1,-1,-1,-1
149,122,609,649,249,136,1,-1,-1,-1
149,125,1375,300,46,49,1,-1,-1,-1
149,135,1062,285,95,35,1,-1,-1,-1
150,6,39,571,229,121,1,-1,-1,-1
150,7,517,504,194,92,1,-1,-1,-1
150,8,329,473,173,95,1,-1,-1,-1
150,9,1150,440,85,95,1,-1,-1,-1
150,10,1171,381,77,83,1,-1,-1,-1
150,11,1204,355,59,61,1,-1,-1,-1
150,12,1217,317,53,49,1,-1,-1,-1
150,13,1241,286,46,53,1,-1,-1,-1
150,15,1587,555,217,100,1,-1,-1,-1
150,16,1580,483,198,89,1,-1,-1,-1
150,54,804,456,162,96,1,-1,-1,-1
150,55,839,443,150,71,1,-1,-1,-1
150,56,837,405,173,63,1,-1,-1,-1
150,57,864,389,102,46,1,-1,-1,-1
150,58,877,381,156,61,1,-1,-1,-1
150,59,926,347,142,55,1,-1,-1,-1
150,60,1000,336,119,47,1,-1,-1,-1
150,61,1030,303,118,41,1,-1,-1,-1
150,63,1078,253,101,35,1,-1,-1,-1
150,64,1106,220,95,36,1,-1,-1,-1
150,76,1615,389,117,70,1,-1,-1,-1
150,77,1611,365,113,61,1,-1,-1,-1
150,78,1614,356,96,52,1,-1,-1,-1
150,116,25,751,295,131,1,-1,-1,-1
150,117,594,808,300,126,1,-1,-1,-1
150,118,16,898,346,171,1,-1,-1,-1
150,122,597,646,250,136,1,-1,-1,-1
150,125,1375,297,46,48,1,-1,-1,-1
150,135,1062,281,95,35,1,-1,-1,-1
151,6,37,569,231,122,1,-1,-1,-1
151,7,517,503,194,91,1,-1,-1,-1
151,8,328,472,174,95,1,-1,-1,-1
151,9,1150,436,84,96,1,-1,-1,-1
151,10,1170,376,77,83,1,-1,-1,-1
151,11,1204,351,60,61,1,-1,-1,-1
151,12,1218,312,52,50,1,-1,-1,-1
151,13,1241,279,46,53,1,-1,-1,-1
151,15,1586,552,218,100,1,-1,-1,-1
151,16,1580,480,198,89,1,-1,-1,-1
151,54,803,453,162,95,1,-1,-1,-1
151,55,842,431,150,71,1,-1,-1,-1
151,56,835,404,173,63,1,-1,-1,-1
151,57,864,388,101,46,1,-1,-1,-1
151,58,883,373,155,60,1,-1,-1,-1
151,59,925,340,142,55,1,-1,-1,-1
151,60,1000,334,119,47,1,-1,-1,-1
151,61,1029,300,118,41,1,-1,-1,-1
151,63,1078,246,101,34,1,-1,-1,-1
151,64,1106,216,96,36,1,-1,-1,-1
151,76,1613,381,117,70,1,-1,-1,-1
151,77,1610,358,113,61,1,-1,-1,-1
151,78,1614,348,96,52,1,-1,-1,-1
151,116,16,740,284,131,1,-1,-1,-1
151,117,573,797,300,126,1,-1,-1,-1
151,118,32,893,346,171,1,-1,-1,-1
151,122,585,643,251,136,1,-1,-1,-1
151,125,1375,293,46,49,1,-1,-1,-1
151,135,1063,277,95,35,1,-1,-1,-1
152,6,35,566,233,124,1,-1,-1,-1
152,7,517,502,194,90,1,-1,-1,-1
152,8,327,471,174,95,1,-1,-1,-1
152,9,1149,433,84,95,1,-1,-1,-1
152,10,1169,371,77,83,1,-1,-1,-1
152,11,1205,347,60,61,1,-1,-1,-1
152,12,1218,307,52,50,1,-1,-1,-1
152,13,1242,273,45,53,1,-1,-1,-1
152,15,1585,549,219,100,1,-1,-1,-1
152,16,1580,477,198,89,1,-1,-1,-1
152,54,802,449,162,95,1,-1,-1,-1
152,55,845,419,150,71,1,-1,-1,-1
152,56,833,403,173,64,1,-1,-1,-1
152,57,863,385,104,44,1,-1,-1,-1
152,58,878,362,156,60,1,-1,-1,-1
152,59,924,333,142,55,1,-1,-1,-1
152,60,1001,332,119,47,1,-1,-1,-1
152,61,1028,297,118,41,1,-1,-1,-1
152,63,1078,238,101,34,1,-1,-1,-1
152,64,1106,212,96,36,1,-1,-1,-1
152,76,1611,373,117,70,1,-1,-1,-1
152,77,1609,350,113,61,1,-1,-1,-1
152,78,1614,340,96,52,1,-1,-1,-1
152,116,8,730,272,131,1,-1,-1,-1
152,117,552,787,300,126,1,-1,-1,-1
152,118,49,888,346,171,1,-1,-1,-1
152,122,572,639,252,136,1,-1,-1,-1
152,125,1375,290,46,48,1,-1,-1,-1
152,135,1063,273,95,35,1,-1,-1,-1
153,6,33,564,236,125,1,-1,-1,-1
153,7,517,501,194,89,1,-1,-1,-1
153,8,327,470,174,95,1,-1,-1,-1
153,9,1149,429,83,96,1,-1,-1,-1
153,10,1168,366,77,83,1,-1,-1,-1
153,11,1205,343,60,61,1,-1,-1,-1
153,12,1219,302,51,51,1,-1,-1,-1
153,13,1242,266,45,53,1,-1,-1,-1
153,15,1585,546,220,101,1,-1,-1,-1
153,16,1581,474,197,89,1,-1,-1,-1
153,54,802,446,161,95,1,-1,-1,-1
153,55,839,428,150,72,1,-1,-1,-1
153,56,830,402,173,64,1,-1,-1,-1
153,57,863,383,106,42,1,-1,-1,-1
153,58,879,359,156,60,1,-1,-1,-1
153,59,923,327,142,54,1,-1,-1,-1
153,60,1001,331,119,47,1,-1,-1,-1
153,61,1027,294,118,42,1,-1,-1,-1
153,63,1078,231,101,34,1,-1,-1,-1
153,64,1107,208,96,36,1,-1,-1,-1
153,76,1609,365,117,71,1,-1,-1,-1
153,77,1608,343,113,61,1,-1,-1,-1
153,78,1615,332,96,52,1,-1,-1,-1
153,116,0,720,261,131,1,-1,-1,-1
153,117,531,777,300,126,1,-1,-1,-1
153,118,66,884,346,171,1,-1,-1,-1
153,122,560,636,253,136,1,-1,-1,-1
153,125,1375,286,46,49,1,-1,-1,-1
153,135,1064,269,95,35,1,-1,-1,-1
154,6,32,564,236,125,1,-1,-1,-1
154,7,517,501,194,87,1,-1,-1,-1
154,8,326,468,175,95,1,-1,-1,-1
154,9,1149,426,83,96,1,-1,-1,-1
154,10,1167,361,77,83,1,-1,-1,-1
154,11,1205,339,61,61,1,-1,-1,-1
154,12,1219,297,51,51,1,-1,-1,-1
154,13,1243,260,45,53,1,-1,-1,-1
154,15,1583,548,223,102,1,-1,-1,-1
154,16,1580,476,197,89,1,-1,-1,-1
154,54,800,447,161,95,1,-1,-1,-1
154,55,837,425,151,71,1,-1,-1,-1
154,56,828,401,173,64,1,-1,-1,-1
154,57,863,381,109,40,1,-1,-1,-1
154,58,877,359,156,60,1,-1,-1,-1
154,59,922,327,142,54,1,-1,-1,-1
154,60,1001,330,119,47,1,-1,-1,-1
154,61,1027,292,118,42,1,-1,-1,-1
154,63,1078,232,101,34,1,-1,-1,-1
154,64,1104,209,96,35,1,-1,-1,-1
154,76,1608,365,119,70,1,-1,-1,-1
154,77,1608,346,113,61,1,-1,-1,-1
154,78,1613,332,96,52,1,-1,-1,-1
154,116,0,719,244,131,1,-1,-1,-1
154,117,507,773,300,126,1,-1,-1,-1
154,118,78,886,346,171,1,-1,-1,-1
154,122,548,633,253,136,1,-1,-1,-1
154,125,1375,283,46,48,1,-1,-1,-1
154,135,1064,268,94,37,1,-1,-1,-1
155,6,31,564,236,126,1,-1,-1,-1
155,7,517,500,194,86,1,-1,-1,-1
155,8,325,467,175,95,1,-1,-1,-1
155,9,1146,426,83,91,1,-1,-1,-1
155,10,1166,364,76,81,1,-1,-1,-1
155,11,1206,335,61,61,1,-1,-1,-1
155,12,1220,292,51,52,1,-1,-1,-1
155,13,1243,259,45,53,1,-1,-1,-1
155,15,1582,551,226,103,1,-1,-1,-1
155,16,1580,478,196,89,1,-1,-1,-1
155,54,798,448,161,95,1,-1,-1,-1
155,55,836,422,151,71,1,-1,-1,-1
155,56,826,400,173,65,1,-1,-1,-1
155,57,863,381,108,41,1,-1,-1,-1
155,58,877,357,156,61,1,-1,-1,-1
155,59,921,327,142,55,1,-1,-1,-1
155,60,1001,330,119,47,1,-1,-1,-1
155,61,1028,291,118,42,1,-1,-1,-1
155,63,1079,233,100,34,1,-1,-1,-1
155,64,1102,210,96,35,1,-1,-1,-1
155,76,1607,365,121,70,1,-1,-1,-1
155,77,1608,349,113,61,1,-1,-1,-1
155,78,1612,333,96,52,1,-1,-1,-1
155,116,0,718,228,131,1,-1,-1,-1
155,117,483,770,300,126,1,-1,-1,-1
155,118,90,888,346,171,1,-1,-1,-1
155,122,536,629,254,136,1,-1,-1,-1
155,125,1375,279,46,49,1,-1,-1,-1
155,135,1064,268,94,38,1,-1,-1,-1
156,6,30,564,236,126,1,-1,-1,-1
156,7,517,499,194,85,1,-1,-1,-1
156,8,324,466,176,95,1,-1,-1,-1
156,9,1144,426,83,87,1,-1,-1,-1
156,10,1165,365,76,81,1,-1,-1,-1
156,11,1202,342,61,61,1,-1,-1,-1
156,12,1219,300,51,52,1,-1,-1,-1
156,13,1241,265,45,53,1,-1,-1,-1
156,15,1580,554,230,104,1,-1,-1,-1
156,16,1579,480,196,89,1,-1,-1,-1
156,54,796,449,161,95,1,-1,-1,-1
156,55,839,422,152,71,1,-1,-1,-1
156,56,830,394,173,65,1,-1,-1,-1
156,57,863,381,107,43,1,-1,-1,-1
156,58,877,355,156,63,1,-1,-1,-1
156,59,920,327,142,56,1,-1,-1,-1
156,60,999,330,119,47,1,-1,-1,-1
156,61,1029,291,118,42,1,-1,-1,-1
156,63,1080,235,100,34,1,-1,-1,-1
156,64,1100,211,95,35,1,-1,-1,-1
156,76,1606,365,123,70,1,-1,-1,-1
156,77,1608,352,113,61,1,-1,-1,-1
156,78,1611,333,96,52,1,-1,-1,-1
156,116,0,717,211,131,1,-1,-1,-1
156,117,459,767,300,126,1,-1,-1,-1
156,118,102,890,346,171,1,-1,-1,-1
156,122,524,626,254,136,1,-1,-1,-1
156,125,1375,276,46,48,1,-1,-1,-1
156,135,1064,267,94,40,1,-1,-1,-1
157,6,30,565,236,126,1,-1,-1,-1
157,7,517,499,194,84,1,-1,-1,-1
157,8,324,465,176,95,1,-1,-1,-1
157,9,1145,426,85,96,1,-1,-1,-1
157,10,1164,358,76,81,1,-1,-1,-1
157,11,1201,342,61,61,1,-1,-1,-1
157,12,1219,300,51,52,1,-1,-1,-1
157,13,1243,261,45,52,1,-1,-1,-1
157,15,1579,557,233,105,1,-1,-1,-1
157,16,1579,482,196,89,1,-1,-1,-1
157,54,795,450,161,95,1,-1,-1,-1
157,55,843,422,152,72,1,-1,-1,-1
157,56,835,389,173,65,1,-1,-1,-1
157,57,863,381,106,45,1,-1,-1,-1
157,58,877,354,157,64,1,-1,-1,-1
157,59,920,328,142,56,1,-1,-1,-1
157,60,997,331,119,47,1,-1,-1,-1
157,61,1031,292,118,42,1,-1,-1,-1
157,63,1079,229,101,34,1,-1,-1,-1
157,64,1098,212,95,35,1,-1,-1,-1
157,76,1606,366,125,69,1,-1,-1,-1
157,77,1608,356,113,61,1,-1,-1,-1
157,78,1610,334,96,52,1,-1,-1,-1
157,116,0,717,195,131,1,-1,-1,-1
157,117,436,764,300,126,1,-1,-1,-1
157,118,115,892,346,171,1,-1,-1,-1
157,122,512,623,255,136,1,-1,-1,-1
157,125,1375,273,46,48,1,-1,-1,-1
157,135,1064,267,94,41,1,-1,-1,-1
158,6,33,547,236,126,1,-1,-1,-1
158,7,517,487,194,86,1,-1,-1,-1
158,8,324,454,177,95,1,-1,-1,-1
158,9,1145,399,85,96,1,-1,-1,-1
158,10,1168,340,76,81,1,-1,-1,-1
158,11,1207,310,61,61,1,-1,-1,-1
158,12,1223,273,51,50,1,-1,-1,-1
158,13,1245,241,45,51,1,-1,-1,-1
158,15,1582,524,221,106,1,-1,-1,-1
158,16,1583,459,196,90,1,-1,-1,-1
158,54,808,420,161,96,1,-1,-1,-1
158,55,843,396,151,71,1,-1,-1,-1
158,56,839,369,172,64,1,-1,-1,-1
158,57,854,357,112,46,1,-1,-1,-1
158,58,878,331,157,64,1,-1,-1,-1
158,59,922,304,143,55,1,-1,-1,-1
158,60,1005,308,119,47,1,-1,-1,-1
158,61,1030,272,118,42,1,-1,-1,-1
158,63,1080,207,101,34,1,-1,-1,-1
158,64,1104,191,95,35,1,-1,-1,-1
158,76,1606,342,125,70,1,-1,-1,-1
158,77,1608,329,113,61,1,-1,-1,-1
158,78,1611,310,96,52,1,-1,-1,-1
158,116,0,695,178,131,1,-1,-1,-1
158,117,413,745,300,126,1,-1,-1,-1
158,118,125,876,346,176,1,-1,-1,-1
158,122,500,620,256,136,1,-1,-1,-1
158,125,1375,253,46,48,1,-1,-1,-1
158,135,1061,246,94,41,1,-1,-1,-1
159,6,36,530,236,126,1,-1,-1,-1
159,7,517,475,194,89,1,-1,-1,-1
159,8,325,444,177,95,1,-1,-1,-1
159,9,1150,381,85,96,1,-1,-1,-1
159,10,1168,315,76,82,1,-1,-1,-1
159,11,1206,287,61,60,1,-1,-1,-1
159,12,1223,252,51,52,1,-1,-1,-1
159,13,1245,218,46,52,1,-1,-1,-1
159,15,1585,492,210,107,1,-1,-1,-1
159,16,1588,436,195,91,1,-1,-1,-1
159,54,805,397,161,96,1,-1,-1,-1
159,55,840,375,151,71,1,-1,-1,-1
159,56,836,344,172,64,1,-1,-1,-1
159,57,846,334,118,46,1,-1,-1,-1
159,58,879,308,157,64,1,-1,-1,-1
159,59,925,281,143,54,1,-1,-1,-1
159,60,1004,281,119,47,1,-1,-1,-1
159,61,1034,242,118,42,1,-1,-1,-1
159,63,1082,185,100,34,1,-1,-1,-1
159,64,1103,162,95,35,1,-1,-1,-1
159,76,1607,319,124,70,1,-1,-1,-1
159,77,1608,302,113,61,1,-1,-1,-1
159,78,1612,286,96,52,1,-1,-1,-1
159,116,0,673,161,131,1,-1,-1,-1
159,117,390,727,300,126,1,-1,-1,-1
159,118,136,860,346,181,1,-1,-1,-1
159,122,489,612,256,136,1,-1,-1,-1
159,125,1376,233,46,48,1,-1,-1,-1
159,135,1059,219,94,41,1,-1,-1,-1
160,6,39,513,236,126,1,-1,-1,-1
160,7,517,464,194,90,1,-1,-1,-1
160,8,326,434,177,95,1,-1,-1,-1
160,9,1148,343,83,96,1,-1,-1,-1
160,10,1168,291,76,82,1,-1,-1,-1
160,11,1205,264,61,59,1,-1,-1,-1
160,12,1221,220,51,52,1,-1,-1,-1
160,13,1246,187,46,53,1,-1,-1,-1
160,15,1584,485,210,107,1,-1,-1,-1
160,16,1585,426,196,91,1,-1,-1,-1
160,54,802,375,161,96,1,-1,-1,-1
160,55,837,352,151,71,1,-1,-1,-1
160,56,838,323,173,64,1,-1,-1,-1
160,57,845,311,124,46,1,-1,-1,-1
160,58,880,285,157,64,1,-1,-1,-1
160,59,929,253,142,54,1,-1,-1,-1
160,60,1004,255,119,47,1,-1,-1,-1
160,61,1032,219,118,42,1,-1,-1,-1
160,63,1080,155,101,34,1,-1,-1,-1
160,64,1111,136,95,35,1,-1,-1,-1
160,76,1608,296,124,70,1,-1,-1,-1
160,77,1609,276,112,61,1,-1,-1,-1
160,78,1613,263,96,52,1,-1,-1,-1
160,116,0,651,144,131,1,-1,-1,-1
160,117,367,708,300,126,1,-1,-1,-1
160,118,147,844,346,186,1,-1,-1,-1
160,122,479,605,256,136,1,-1,-1,-1
160,125,1375,217,46,48,1,-1,-1,-1
160,135,1058,193,94,41,1,-1,-1,-1
161,6,43,496,236,126,1,-1,-1,-1
161,7,517,452,194,93,1,-1,-1,-1
161,8,327,424,178,95,1,-1,-1,-1
161,9,1148,348,84,96,1,-1,-1,-1
161,10,1167,289,76,81,1,-1,-1,-1
161,11,1204,264,61,59,1,-1,-1,-1
161,12,1220,218,51,52,1,-1,-1,-1
161,13,1247,182,46,51,1,-1,-1,-1
161,15,1583,478,211,108,1,-1,-1,-1
161,16,1583,416,197,91,1,-1,-1,-1
161,54,799,369,161,96,1,-1,-1,-1
161,55,837,346,151,71,1,-1,-1,-1
161,56,837,319,173,64,1,-1,-1,-1
161,57,845,303,124,46,1,-1,-1,-1
161,58,879,280,157,64,1,-1,-1,-1
161,59,925,246,142,55,1,-1,-1,-1
161,60,1001,250,119,47,1,-1,-1,-1
161,61,1031,210,118,42,1,-1,-1,-1
161,63,1080,150,101,34,1,-1,-1,-1
161,64,1109,132,95,35,1,-1,-1,-1
161,76,1608,287,125,70,1,-1,-1,-1
161,77,1609,267,112,61,1,-1,-1,-1
161,78,1613,254,96,52,1,-1,-1,-1
161,117,345,690,300,126,1,-1,-1,-1
161,118,158,829,346,191,1,-1,-1,-1
161,119,929,931,300,135,1,-1,-1,-1
161,122,468,598,256,136,1,-1,-1,-1
161,125,1374,201,46,49,1,-1,-1,-1
161,135,1059,189,94,41,1,-1,-1,-1
162,6,42,487,236,126,1,-1,-1,-1
162,7,517,440,194,95,1,-1,-1,-1
162,8,328,413,178,95,1,-1,-1,-1
162,9,1147,342,84,96,1,-1,-1,-1
162,10,1166,283,76,81,1,-1,-1,-1
162,11,1205,254,61,60,1,-1,-1,-1
162,12,1221,211,51,51,1,-1,-1,-1
162,13,1246,179,46,51,1,-1,-1,-1
162,15,1583,471,211,108,1,-1,-1,-1
162,16,1581,406,198,91,1,-1,-1,-1
162,54,796,363,161,97,1,-1,-1,-1
162,55,837,341,151,71,1,-1,-1,-1
162,56,836,315,173,64,1,-1,-1,-1
162,57,845,296,124,46,1,-1,-1,-1
162,58,878,276,157,63,1,-1,-1,-1
162,59,922,240,142,55,1,-1,-1,-1
162,60,999,245,119,47,1,-1,-1,-1
162,61,1030,202,118,42,1,-1,-1,-1
162,63,1081,146,101,34,1,-1,-1,-1
162,64,1108,128,95,35,1,-1,-1,-1
162,76,1608,278,126,70,1,-1,-1,-1
162,77,1610,259,112,61,1,-1,-1,-1
162,78,1614,245,96,52,1,-1,-1,-1
162,117,324,676,300,126,1,-1,-1,-1
162,118,169,819,346,191,1,-1,-1,-1
162,119,933,921,301,144,1,-1,-1,-1
162,122,458,591,256,136,1,-1,-1,-1
162,125,1375,195,46,49,1,-1,-1,-1
162,135,1060,185,94,41,1,-1,-1,-1
163,6,42,479,236,126,1,-1,-1,-1
163,7,517,429,194,97,1,-1,-1,-1
163,8,329,403,178,95,1,-1,-1,-1
163,9,1147,337,84,96,1,-1,-1,-1
163,10,1166,277,76,81,1,-1,-1,-1
163,11,1206,245,61,60,1,-1,-1,-1
163,12,1222,204,51,51,1,-1,-1,-1
163,13,1246,176,46,51,1,-1,-1,-1
163,15,1582,465,212,108,1,-1,-1,-1
163,16,1579,396,198,91,1,-1,-1,-1
163,54,794,358,161,97,1,-1,-1,-1
163,55,838,335,151,71,1,-1,-1,-1
163,56,836,312,173,63,1,-1,-1,-1
163,57,845,289,124,46,1,-1,-1,-1
163,58,877,272,157,63,1,-1,-1,-1
163,59,918,233,142,56,1,-1,-1,-1
163,60,997,240,119,47,1,-1,-1,-1
163,61,1029,194,118,42,1,-1,-1,-1
163,63,1082,141,101,34,1,-1,-1,-1
163,64,1106,124,95,35,1,-1,-1,-1
163,76,1609,269,126,70,1,-1,-1,-1
163,77,1610,250,112,61,1,-1,-1,-1
163,78,1615,237,96,52,1,-1,-1,-1
163,117,304,662,300,126,1,-1,-1,-1
163,118,180,809,346,191,1,-1,-1,-1
163,119,938,911,301,153,1,-1,-1,-1
163,122,447,584,256,136,1,-1,-1,-1
163,125,1376,189,46,50,1,-1,-1,-1
163,135,1061,182,94,41,1,-1,-1,-1
164,6,42,471,236,126,1,-1,-1,-1
164,7,517,417,194,99,1,-1,-1,-1
164,8,329,393,179,95,1,-1,-1,-1
164,9,1146,331,85,96,1,-1,-1,-1
164,10,1166,271,76,81,1,-1,-1,-1
164,11,1207,236,61,60,1,-1,-1,-1
164,12,1223,197,51,50,1,-1,-1,-1
164,13,1246,166,46,51,1,-1,-1,-1
164,15,1581,458,212,108,1,-1,-1,-1
164,16,1577,386,199,91,1,-1,-1,-1
164,54,791,352,161,98,1,-1,-1,-1
164,55,838,330,151,71,1,-1,-1,-1
164,56,835,308,173,63,1,-1,-1,-1
164,57,845,282,124,46,1,-1,-1,-1
164,58,876,268,157,62,1,-1,-1,-1
164,59,915,227,142,56,1,-1,-1,-1
164,60,995,236,119,47,1,-1,-1,-1
164,61,1028,186,118,42,1,-1,-1,-1
164,63,1083,137,101,34,1,-1,-1,-1
164,64,1105,121,95,35,1,-1,-1,-1
164,76,1609,261,127,69,1,-1,-1,-1
164,77,1611,242,112,61,1,-1,-1,-1
164,78,1616,228,96,52,1,-1,-1,-1
164,117,284,648,300,126,1,-1,-1,-1
164,118,191,800,346,191,1,-1,-1,-1
164,119,943,901,301,162,1,-1,-1,-1
164,122,437,577,256,136,1,-1,-1,-1
164,125,1377,184,46,50,1,-1,-1,-1
164,135,1060,168,95,41,1,-1,-1,-1
165,6,42,463,236,126,1,-1,-1,-1
165,7,517,405,194,102,1,-1,-1,-1
165,8,330,383,180,95,1,-1,-1,-1
165,9,1146,326,85,96,1,-1,-1,-1
165,10,1166,265,76,81,1,-1,-1,-1
165,11,1208,227,61,61,1,-1,-1,-1
165,12,1224,190,51,50,1,-1,-1,-1
165,13,1247,157,45,51,1,-1,-1,-1
165,15,1581,451,212,109,1,-1,-1,-1
165,16,1575,376,200,91,1,-1,-1,-1
165,54,789,347,161,98,1,-1,-1,-1
165,55,839,325,151,71,1,-1,-1,-1
165,56,835,305,173,62,1,-1,-1,-1
165,57,845,275,124,46,1,-1,-1,-1
165,58,876,264,157,62,1,-1,-1,-1
165,59,912,221,142,56,1,-1,-1,-1
165,60,996,221,119,47,1,-1,-1,-1
165,61,1027,178,118,42,1,-1,-1,-1
165,63,1081,124,101,34,1,-1,-1,-1
165,64,1108,106,96,36,1,-1,-1,-1
165,76,1609,252,128,69,1,-1,-1,-1
165,77,1612,234,112,60,1,-1,-1,-1
165,78,1617,219,96,52,1,-1,-1,-1
165,117,264,634,300,126,1,-1,-1,-1
165,118,202,790,346,191,1,-1,-1,-1
165,119,948,891,301,171,1,-1,-1,-1
165,122,427,570,256,136,1,-1,-1,-1
165,125,1376,168,46,50,1,-1,-1,-1
165,135,1060,154,95,41,1,-1,-1,-1
166,6,42,455,236,126,1,-1,-1,-1
166,7,517,394,194,103,1,-1,-1,-1
166,8,331,372,180,95,1,-1,-1,-1
166,9,1147,308,85,96,1,-1,-1,-1
166,10,1166,246,76,81,1,-1,-1,-1
166,11,1206,215,61,63,1,-1,-1,-1
166,12,1222,174,52,51,1,-1,-1,-1
166,13,1246,137,45,52,1,-1,-1,-1
166,15,1580,444,213,110,1,-1,-1,-1
166,16,1573,366,200,91,1,-1,-1,-1
166,54,802,328,157,95,1,-1,-1,-1
166,55,837,312,151,71,1,-1,-1,-1
166,56,837,272,173,64,1,-1,-1,-1
166,57,847,256,115,46,1,-1,-1,-1
166,58,874,239,157,61,1,-1,-1,-1
166,59,930,202,142,59,1,-1,-1,-1
166,60,998,207,118,47,1,-1,-1,-1
166,61,1026,170,118,42,1,-1,-1,-1
166,63,1079,112,101,34,1,-1,-1,-1
166,64,1112,92,96,36,1,-1,-1,-1
166,76,1610,243,128,69,1,-1,-1,-1
166,77,1612,225,112,61,1,-1,-1,-1
166,78,1618,211,96,52,1,-1,-1,-1
166,117,244,620,300,126,1,-1,-1,-1
166,118,213,781,346,191,1,-1,-1,-1
166,119,953,881,301,181,1,-1,-1,-1
166,122,416,562,256,136,1,-1,-1,-1
166,125,1375,152,46,50,1,-1,-1,-1
166,135,1060,140,95,41,1,-1,-1,-1
167,6,41,453,236,126,1,-1,-1,-1
167,7,517,382,194,106,1,-1,-1,-1
167,8,332,362,180,95,1,-1,-1,-1
167,9,1149,291,85,96,1,-1,-1,-1
167,10,1166,227,76,81,1,-1,-1,-1
167,11,1205,204,60,64,1,-1,-1,-1
167,12,1221,158,52,52,1,-1,-1,-1
167,13,1245,117,46,53,1,-1,-1,-1
167,15,1579,438,214,109,1,-1,-1,-1
167,16,1571,356,201,91,1,-1,-1,-1
167,54,802,321,153,92,1,-1,-1,-1
167,55,836,300,150,71,1,-1,-1,-1
167,56,836,263,173,64,1,-1,-1,-1
167,57,849,238,107,45,1,-1,-1,-1
167,58,876,223,156,61,1,-1,-1,-1
167,59,923,187,142,59,1,-1,-1,-1
167,60,1000,194,118,47,1,-1,-1,-1
167,61,1029,163,118,42,1,-1,-1,-1
167,63,1081,93,101,34,1,-1,-1,-1
167,64,1119,69,95,35,1,-1,-1,-1
167,76,1610,234,129,69,1,-1,-1,-1
167,77,1613,217,112,60,1,-1,-1,-1
167,78,1619,202,96,52,1,-1,-1,-1
167,117,226,615,295,126,1,-1,-1,-1
167,118,219,781,346,191,1,-1,-1,-1
167,119,959,881,301,181,1,-1,-1,-1
167,122,406,555,256,136,1,-1,-1,-1
167,125,1375,137,46,49,1,-1,-1,-1
167,135,1060,127,95,41,1,-1,-1,-1
168,6,40,451,236,126,1,-1,-1,-1
168,7,517,370,194,108,1,-1,-1,-1
168,8,333,352,180,95,1,-1,-1,-1
168,9,1152,291,84,96,1,-1,-1,-1
168,10,1164,230,76,81,1,-1,-1,-1
168,11,1205,209,60,65,1,-1,-1,-1
168,12,1228,153,53,52,1,-1,-1,-1
168,13,1247,128,46,51,1,-1,-1,-1
168,15,1579,431,213,110,1,-1,-1,-1
168,16,1569,347,202,91,1,-1,-1,-1
168,54,802,315,149,89,1,-1,-1,-1
168,55,835,288,150,71,1,-1,-1,-1
168,56,836,255,173,64,1,-1,-1,-1
168,57,848,237,109,45,1,-1,-1,-1
168,58,876,223,156,61,1,-1,-1,-1
168,59,925,190,143,60,1,-1,-1,-1
168,60,1000,191,118,47,1,-1,-1,-1
168,61,1032,157,118,42,1,-1,-1,-1
168,63,1079,92,101,34,1,-1,-1,-1
168,64,1118,68,95,35,1,-1,-1,-1
168,76,1611,226,130,69,1,-1,-1,-1
168,77,1614,209,112,60,1,-1,-1,-1
168,78,1620,194,96,52,1,-1,-1,-1
168,117,209,611,290,126,1,-1,-1,-1
168,118,225,781,346,191,1,-1,-1,-1
168,119,965,881,301,181,1,-1,-1,-1
168,122,395,548,256,136,1,-1,-1,-1
168,125,1374,137,46,48,1,-1,-1,-1
168,135,1059,127,95,41,1,-1,-1,-1
169,6,40,449,236,126,1,-1,-1,-1
169,7,518,359,194,110,1,-1,-1,-1
169,8,334,342,181,95,1,-1,-1,-1
169,9,1151,289,84,96,1,-1,-1,-1
169,10,1164,229,76,81,1,-1,-1,-1
169,11,1205,205,60,65,1,-1,-1,-1
169,12,1227,153,53,51,1,-1,-1,-1
169,13,1247,126,46,51,1,-1,-1,-1
169,15,1578,424,214,110,1,-1,-1,-1
169,16,1570,345,202,91,1,-1,-1,-1
169,54,799,313,151,90,1,-1,-1,-1
169,55,834,287,150,71,1,-1,-1,-1
169,56,836,255,172,63,1,-1,-1,-1
169,57,847,237,111,45,1,-1,-1,-1
169,58,876,223,156,61,1,-1,-1,-1
169,59,924,189,143,60,1,-1,-1,-1
169,60,1000,189,118,47,1,-1,-1,-1
169,61,1031,156,118,42,1,-1,-1,-1
169,63,1077,92,101,34,1,-1,-1,-1
169,64,1118,68,95,35,1,-1,-1,-1
169,76,1614,225,125,70,1,-1,-1,-1
169,77,1614,211,112,61,1,-1,-1,-1
169,78,1621,196,96,51,1,-1,-1,-1
169,117,191,607,286,126,1,-1,-1,-1
169,118,232,781,346,191,1,-1,-1,-1
169,119,971,881,301,181,1,-1,-1,-1
169,122,385,541,256,136,1,-1,-1,-1
169,125,1373,137,47,48,1,-1,-1,-1
169,135,1058,127,95,41,1,-1,-1,-1
170,6,39,447,236,126,1,-1,-1,-1
170,7,518,359,192,108,1,-1,-1,-1
170,8,332,342,181,93,1,-1,-1,-1
170,9,1150,288,84,96,1,-1,-1,-1
170,10,1165,228,76,81,1,-1,-1,-1
170,11,1206,201,60,66,1,-1,-1,-1
170,12,1227,153,52,51,1,-1,-1,-1
170,13,1247,124,46,51,1,-1,-1,-1
170,15,1577,417,215,111,1,-1,-1,-1
170,16,1572,343,202,91,1,-1,-1,-1
170,54,797,312,152,91,1,-1,-1,-1
170,55,834,287,150,71,1,-1,-1,-1
170,56,836,255,172,63,1,-1,-1,-1
170,57,846,236,114,46,1,-1,-1,-1
170,58,877,223,156,61,1,-1,-1,-1
170,59,924,189,142,59,1,-1,-1,-1
170,60,1001,188,118,48,1,-1,-1,-1
170,61,1031,155,118,42,1,-1,-1,-1
170,63,1076,92,101,34,1,-1,-1,-1
170,64,1117,68,95,35,1,-1,-1,-1
170,76,1617,225,121,70,1,-1,-1,-1
170,77,1615,214,112,61,1,-1,-1,-1
170,78,1622,198,96,51,1,-1,-1,-1
170,117,174,603,281,126,1,-1,-1,-1
170,118,238,781,346,191,1,-1,-1,-1
170,119,977,881,301,181,1,-1,-1,-1
170,122,374,534,256,136,1,-1,-1,-1
170,125,1373,137,47,48,1,-1,-1,-1
170,135,1057,127,95,41,1,-1,-1,-1
171,6,38,445,236,126,1,-1,-1,-1
171,7,518,359,191,107,1,-1,-1,-1
171,8,331,342,181,92,1,-1,-1,-1
171,9,1149,287,85,96,1,-1,-1,-1
171,10,1166,227,76,81,1,-1,-1,-1
171,11,1206,197,61,67,1,-1,-1,-1
171,12,1227,153,52,51,1,-1,-1,-1
171,13,1247,122,46,51,1,-1,-1,-1
171,15,1577,411,215,111,1,-1,-1,-1
171,16,1574,341,202,91,1,-1,-1,-1
171,54,795,311,153,92,1,-1,-1,-1
171,55,834,287,150,71,1,-1,-1,-1
171,56,836,255,172,63,1,-1,-1,-1
171,57,845,236,116,46,1,-1,-1,-1
171,58,877,223,156,61,1,-1,-1,-1
171,59,923,188,143,59,1,-1,-1,-1
171,60,1003,188,118,48,1,-1,-1,-1
171,61,1030,155,119,42,1,-1,-1,-1
171,63,1076,91,101,34,1,-1,-1,-1
171,64,1117,67,95,36,1,-1,-1,-1
171,76,1620,225,117,70,1,-1,-1,-1
171,77,1616,217,112,62,1,-1,-1,-1
171,78,1623,200,96,51,1,-1,-1,-1
171,117,156,599,277,126,1,-1,-1,-1
171,118,245,781,346,191,1,-1,-1,-1
171,119,983,881,301,181,1,-1,-1,-1
171,122,364,527,256,136,1,-1,-1,-1
171,125,1373,137,47,48,1,-1,-1,-1
171,135,1056,127,95,41,1,-1,-1,-1
172,6,38,443,236,126,1,-1,-1,-1
172,7,518,359,190,106,1,-1,-1,-1
172,8,330,342,180,90,1,-1,-1,-1
172,9,1148,286,85,96,1,-1,-1,-1
172,10,1166,226,76,81,1,-1,-1,-1
172,11,1207,193,60,67,1,-1,-1,-1
172,12,1226,153,52,50,1,-1,-1,-1
172,13,1247,120,46,51,1,-1,-1,-1
172,15,1577,410,216,111,1,-1,-1,-1
172,16,1574,340,201,91,1,-1,-1,-1
172,54,793,310,155,93,1,-1,-1,-1
172,55,834,287,150,71,1,-1,-1,-1
172,56,836,256,172,62,1,-1,-1,-1
172,57,845,236,118,46,1,-1,-1,-1
172,58,878,224,156,61,1,-1,-1,-1
172,59,923,188,142,58,1,-1,-1,-1
172,60,1005,188,118,48,1,-1,-1,-1
172,61,1030,154,118,42,1,-1,-1,-1
172,63,1076,91,101,34,1,-1,-1,-1
172,64,1116,67,95,36,1,-1,-1,-1
172,76,1619,225,117,70,1,-1,-1,-1
172,77,1616,216,112,62,1,-1,-1,-1
172,78,1622,199,96,51,1,-1,-1,-1
172,117,139,595,272,126,1,-1,-1,-1
172,118,251,781,346,191,1,-1,-1,-1
172,119,989,881,301,181,1,-1,-1,-1
172,122,354,520,256,136,1,-1,-1,-1
172,125,1374,137,47,48,1,-1,-1,-1
172,135,1056,127,95,41,1,-1,-1,-1
173,6,37,441,236,126,1,-1,-1,-1
173,7,519,359,188,105,1,-1,-1,-1
173,8,329,343,180,88,1,-1,-1,-1
173,9,1147,285,85,96,1,-1,-1,-1
173,10,1167,225,76,81,1,-1,-1,-1
173,11,1207,189,61,68,1,-1,-1,-1
173,12,1226,153,51,50,1,-1,-1,-1
173,13,1247,118,46,51,1,-1,-1,-1
173,15,1577,410,218,111,1,-1,-1,-1
173,16,1574,340,201,91,1,-1,-1,-1
173,54,790,309,157,93,1,-1,-1,-1
173,55,833,286,151,71,1,-1,-1,-1
173,56,836,256,171,62,1,-1,-1,-1
173,57,843,237,126,46,1,-1,-1,-1
173,58,878,224,156,61,1,-1,-1,-1
173,59,922,188,142,57,1,-1,-1,-1
173,60,1002,189,118,47,1,-1,-1,-1
173,61,1029,154,119,42,1,-1,-1,-1
173,63,1076,90,101,34,1,-1,-1,-1
173,64,1116,67,95,36,1,-1,-1,-1
173,76,1619,225,117,70,1,-1,-1,-1
173,77,1616,216,112,62,1,-1,-1,-1
173,78,1622,199,96,51,1,-1,-1,-1
173,117,122,591,267,126,1,-1,-1,-1
173,118,258,782,346,191,1,-1,-1,-1
173,119,995,881,301,181,1,-1,-1,-1
173,122,342,520,255,134,1,-1,-1,-1
173,125,1375,137,46,48,1,-1,-1,-1
173,135,1056,127,95,41,1,-1,-1,-1
174,6,36,439,236,126,1,-1,-1,-1
174,7,519,359,187,104,1,-1,-1,-1
174,8,327,343,181,86,1,-1,-1,-1
174,9,1147,284,85,96,1,-1,-1,-1
174,10,1168,225,76,81,1,-1,-1,-1
174,11,1208,185,61,69,1,-1,-1,-1
174,12,1226,153,51,50,1,-1,-1,-1
174,13,1248,117,45,51,1,-1,-1,-1
174,15,1577,409,220,112,1,-1,-1,-1
174,16,1574,340,201,91,1,-1,-1,-1
174,54,788,308,158,94,1,-1,-1,-1
174,55,833,286,151,71,1,-1,-1,-1
174,56,836,256,171,62,1,-1,-1,-1
174,57,841,238,134,47,1,-1,-1,-1
174,58,879,224,156,61,1,-1,-1,-1
174,59,922,187,142,57,1,-1,-1,-1
174,60,1002,188,118,47,1,-1,-1,-1
174,61,1029,153,119,42,1,-1,-1,-1
174,63,1076,90,101,34,1,-1,-1,-1
174,64,1113,66,95,36,1,-1,-1,-1
174,76,1618,226,117,70,1,-1,-1,-1
174,77,1616,216,112,61,1,-1,-1,-1
174,78,1622,198,96,51,1,-1,-1,-1
174,117,104,587,262,126,1,-1,-1,-1
174,118,264,782,346,191,1,-1,-1,-1
174,119,1001,881,301,181,1,-1,-1,-1
174,122,330,521,255,131,1,-1,-1,-1
174,125,1375,137,47,48,1,-1,-1,-1
174,135,1056,127,95,41,1,-1,-1,-1
175,6,36,437,236,126,1,-1,-1,-1
175,7,519,359,186,103,1,-1,-1,-1
175,8,326,343,180,85,1,-1,-1,-1
175,9,1146,284,85,97,1,-1,-1,-1
175,10,1167,225,76,81,1,-1,-1,-1
175,11,1207,185,61,69,1,-1,-1,-1
175,12,1225,152,51,50,1,-1,-1,-1
175,13,1247,117,45,51,1,-1,-1,-1
175,15,1577,409,222,111,1,-1,-1,-1
175,16,1574,340,201,91,1,-1,-1,-1
175,54,786,307,159,95,1,-1,-1,-1
175,55,833,286,151,71,1,-1,-1,-1
175,56,836,256,171,62,1,-1,-1,-1
175,57,839,240,143,47,1,-1,-1,-1
175,58,879,224,156,61,1,-1,-1,-1
175,59,921,187,142,56,1,-1,-1,-1
175,60,1002,188,119,47,1,-1,-1,-1
175,61,1028,153,119,42,1,-1,-1,-1
175,63,1076,89,101,34,1,-1,-1,-1
175,64,1110,65,95,36,1,-1,-1,-1
175,76,1618,226,117,70,1,-1,-1,-1
175,77,1616,215,112,62,1,-1,-1,-1
175,78,1621,198,96,51,1,-1,-1,-1
175,117,87,583,257,126,1,-1,-1,-1
175,118,270,782,346,191,1,-1,-1,-1
175,119,1007,881,301,181,1,-1,-1,-1
175,122,318,521,255,129,1,-1,-1,-1
175,125,1376,137,46,49,1,-1,-1,-1
175,135,1056,127,95,41,1,-1,-1,-1
176,6,35,435,236,126,1,-1,-1,-1
176,7,520,360,184,100,1,-1,-1,-1
176,8,325,344,180,82,1,-1,-1,-1
176,9,1146,285,85,97,1,-1,-1,-1
176,10,1166,225,76,81,1,-1,-1,-1
176,11,1206,186,61,69,1,-1,-1,-1
176,12,1225,152,50,50,1,-1,-1,-1
176,13,1246,117,46,52,1,-1,-1,-1
176,15,1577,409,224,111,1,-1,-1,-1
176,16,1575,340,200,91,1,-1,-1,-1
176,54,784,306,161,96,1,-1,-1,-1
176,55,833,286,151,71,1,-1,-1,-1
176,56,836,257,171,61,1,-1,-1,-1
176,57,843,239,119,46,1,-1,-1,-1
176,58,880,225,156,61,1,-1,-1,-1
176,59,921,187,142,56,1,-1,-1,-1
176,60,1003,187,118,47,1,-1,-1,-1
176,61,1028,152,119,42,1,-1,-1,-1
176,63,1076,89,101,34,1,-1,-1,-1
176,64,1107,64,95,36,1,-1,-1,-1
176,76,1617,227,117,70,1,-1,-1,-1
176,77,1616,215,112,62,1,-1,-1,-1
176,78,1621,198,96,51,1,-1,-1,-1
176,117,69,579,253,126,1,-1,-1,-1
176,118,277,782,346,191,1,-1,-1,-1
176,119,1013,881,301,181,1,-1,-1,-1
176,122,306,522,255,126,1,-1,-1,-1
176,125,1377,137,46,49,1,-1,-1,-1
176,135,1056,127,95,41,1,-1,-1,-1
177,6,34,433,236,126,1,-1,-1,-1
177,7,520,360,183,99,1,-1,-1,-1
177,8,324,344,179,81,1,-1,-1,-1
177,9,1146,286,85,97,1,-1,-1,-1
177,10,1165,225,76,81,1,-1,-1,-1
177,11,1205,186,61,70,1,-1,-1,-1
177,12,1224,151,51,50,1,-1,-1,-1
177,13,1245,117,47,53,1,-1,-1,-1
177,15,1577,408,225,112,1,-1,-1,-1
177,16,1575,339,199,91,1,-1,-1,-1
177,54,800,311,157,94,1,-1,-1,-1
177,55,832,286,151,71,1,-1,-1,-1
177,56,836,256,171,61,1,-1,-1,-1
177,57,843,238,116,46,1,-1,-1,-1
177,58,879,224,156,61,1,-1,-1,-1
177,59,921,186,142,56,1,-1,-1,-1
177,60,1003,187,119,47,1,-1,-1,-1
177,61,1028,152,119,42,1,-1,-1,-1
177,63,1076,88,101,34,1,-1,-1,-1
177,64,1105,64,95,35,1,-1,-1,-1
177,76,1617,227,117,70,1,-1,-1,-1
177,77,1616,215,112,61,1,-1,-1,-1
177,78,1621,197,96,51,1,-1,-1,-1
177,117,52,575,248,126,1,-1,-1,-1
177,118,283,782,346,191,1,-1,-1,-1
177,119,1019,881,301,181,1,-1,-1,-1
177,122,294,523,255,123,1,-1,-1,-1
177,125,1377,137,46,49,1,-1,-1,-1
177,135,1056,127,95,41,1,-1,-1,-1
178,6,34,431,236,126,1,-1,-1,-1
178,7,520,360,182,98,1,-1,-1,-1
178,8,322,344,180,79,1,-1,-1,-1
178,9,1146,287,85,97,1,-1,-1,-1
178,10,1164,226,76,80,1,-1,-1,-1
178,11,1205,187,61,70,1,-1,-1,-1
178,12,1224,151,50,50,1,-1,-1,-1
178,13,1243,121,46,53,1,-1,-1,-1
178,15,1577,408,227,111,1,-1,-1,-1
178,16,1575,339,199,91,1,-1,-1,-1
178,54,801,310,152,93,1,-1,-1,-1
178,55,832,287,151,71,1,-1,-1,-1
178,56,837,255,170,61,1,-1,-1,-1
178,57,844,237,112,46,1,-1,-1,-1
178,58,878,223,156,62,1,-1,-1,-1
178,59,922,185,142,56,1,-1,-1,-1
178,60,1004,187,119,47,1,-1,-1,-1
178,61,1028,152,119,41,1,-1,-1,-1
178,63,1076,88,101,34,1,-1,-1,-1
178,64,1108,64,95,35,1,-1,-1,-1
178,76,1616,227,117,70,1,-1,-1,-1
178,77,1616,214,112,62,1,-1,-1,-1
178,78,1620,197,96,51,1,-1,-1,-1
178,117,34,571,244,126,1,-1,-1,-1
178,118,290,782,346,191,1,-1,-1,-1
178,119,1025,881,301,181,1,-1,-1,-1
178,122,282,523,255,121,1,-1,-1,-1
178,125,1378,137,46,49,1,-1,-1,-1
178,135,1056,128,95,41,1,-1,-1,-1
179,6,33,429,236,126,1,-1,-1,-1
179,7,521,360,180,97,1,-1,-1,-1
179,8,321,345,180,77,1,-1,-1,-1
179,9,1145,287,85,98,1,-1,-1,-1
179,10,1163,226,76,80,1,-1,-1,-1
179,11,1204,187,61,70,1,-1,-1,-1
179,12,1223,151,50,50,1,-1,-1,-1
179,13,1242,115,46,53,1,-1,-1,-1
179,15,1577,407,229,112,1,-1,-1,-1
179,16,1575,339,199,91,1,-1,-1,-1
179,54,803,309,147,92,1,-1,-1,-1
179,55,832,288,151,71,1,-1,-1,-1
179,56,838,254,169,61,1,-1,-1,-1
179,57,845,237,108,46,1,-1,-1,-1
179,58,877,222,156,63,1,-1,-1,-1
179,59,922,185,143,55,1,-1,-1,-1
179,60,1005,187,119,47,1,-1,-1,-1
179,61,1028,152,119,41,1,-1,-1,-1
179,63,1076,87,101,34,1,-1,-1,-1
179,64,1111,65,95,35,1,-1,-1,-1
179,76,1616,228,117,70,1,-1,-1,-1
179,77,1616,214,112,61,1,-1,-1,-1
179,78,1620,196,96,51,1,-1,-1,-1
179,117,17,567,239,126,1,-1,-1,-1
179,118,296,782,346,191,1,-1,-1,-1
179,119,1031,881,301,181,1,-1,-1,-1
179,122,270,524,255,118,1,-1,-1,-1
179,125,1379,137,46,50,1,-1,-1,-1
179,135,1060,128,95,41,1,-1,-1,-1
180,6,33,427,236,126,1,-1,-1,-1
180,7,521,360,179,96,1,-1,-1,-1
180,8,320,345,179,75,1,-1,-1,-1
180,9,1145,288,85,98,1,-1,-1,-1
180,10,1162,226,76,80,1,-1,-1,-1
180,11,1203,188,61,70,1,-1,-1,-1
180,12,1223,150,50,50,1,-1,-1,-1
180,13,1241,109,46,53,1,-1,-1,-1
180,15,1577,407,231,112,1,-1,-1,-1
180,16,1575,339,199,91,1,-1,-1,-1
180,54,804,308,143,91,1,-1,-1,-1
180,55,831,288,151,72,1,-1,-1,-1
180,56,839,254,168,61,1,-1,-1,-1
180,57,848,239,110,46,1,-1,-1,-1
180,58,876,221,156,64,1,-1,-1,-1
180,59,923,184,142,55,1,-1,-1,-1
180,60,1006,187,119,47,1,-1,-1,-1
180,61,1028,152,119,41,1,-1,-1,-1
180,63,1076,87,101,34,1,-1,-1,-1
180,64,1115,66,95,35,1,-1,-1,-1
180,76,1615,228,117,70,1,-1,-1,-1
180,77,1616,214,112,61,1,-1,-1,-1
180,78,1620,196,96,51,1,-1,-1,-1
180,117,0,563,234,126,1,-1,-1,-1
180,118,303,783,346,191,1,-1,-1,-1
180,119,1038,881,301,181,1,-1,-1,-1
180,122,258,524,255,116,1,-1,-1,-1
180,125,1378,130,46,51,1,-1,-1,-1
180,135,1064,128,95,41,1,-1,-1,-1
181,6,36,425,228,126,1,-1,-1,-1
181,7,521,360,178,95,1,-1,-1,-1
181,8,319,345,179,74,1,-1,-1,-1
181,9,1145,289,85,98,1,-1,-1,-1
181,10,1161,226,76,80,1,-1,-1,-1
181,11,1202,188,61,71,1,-1,-1,-1
181,12,1222,150,50,50,1,-1,-1,-1
181,13,1246,117,46,53,1,-1,-1,-1
181,15,1577,407,233,112,1,-1,-1,-1
181,16,1576,339,198,91,1,-1,-1,-1
181,54,806,307,138,90,1,-1,-1,-1
181,55,831,289,151,72,1,-1,-1,-1
181,56,838,258,168,61,1,-1,-1,-1
181,57,851,241,112,47,1,-1,-1,-1
181,58,875,220,156,65,1,-1,-1,-1
181,59,923,183,143,55,1,-1,-1,-1
181,60,1008,187,119,47,1,-1,-1,-1
181,61,1028,152,119,41,1,-1,-1,-1
181,63,1076,86,101,34,1,-1,-1,-1
181,64,1116,66,95,35,1,-1,-1,-1
181,76,1615,229,117,70,1,-1,-1,-1
181,77,1617,214,112,61,1,-1,-1,-1
181,78,1620,196,96,51,1,-1,-1,-1
181,117,0,563,213,125,1,-1,-1,-1
181,118,297,783,347,191,1,-1,-1,-1
181,119,1044,885,302,178,1,-1,-1,-1
181,122,246,525,255,113,1,-1,-1,-1
181,125,1377,129,47,51,1,-1,-1,-1
181,135,1069,128,95,41,1,-1,-1,-1
182,6,39,424,221,125,1,-1,-1,-1
182,7,522,361,176,93,1,-1,-1,-1
182,8,318,346,179,72,1,-1,-1,-1
182,9,1145,290,85,98,1,-1,-1,-1
182,10,1160,227,76,80,1,-1,-1,-1
182,11,1202,189,61,71,1,-1,-1,-1
182,12,1222,150,50,50,1,-1,-1,-1
182,13,1241,110,47,52,1,-1,-1,-1
182,15,1589,412,229,112,1,-1,-1,-1
182,16,1588,343,197,91,1,-1,-1,-1
182,54,808,307,133,89,1,-1,-1,-1
182,55,831,290,151,72,1,-1,-1,-1
182,56,837,262,169,62,1,-1,-1,-1
182,57,845,238,113,46,1,-1,-1,-1
182,58,874,220,157,65,1,-1,-1,-1
182,59,924,183,143,55,1,-1,-1,-1
182,60,1009,187,119,47,1,-1,-1,-1
182,61,1029,152,119,41,1,-1,-1,-1
182,63,1077,86,100,34,1,-1,-1,-1
182,64,1117,66,95,35,1,-1,-1,-1
182,76,1629,231,115,71,1,-1,-1,-1
182,77,1628,214,112,62,1,-1,-1,-1
182,78,1628,195,98,50,1,-1,-1,-1
182,117,0,563,193,125,1,-1,-1,-1
182,118,292,783,347,191,1,-1,-1,-1
182,119,1051,889,302,176,1,-1,-1,-1
182,122,235,526,254,110,1,-1,-1,-1
182,125,1377,129,48,51,1,-1,-1,-1
182,135,1073,128,95,41,1,-1,-1,-1
183,6,95,420,225,125,1,-1,-1,-1
183,7,570,359,177,94,1,-1,-1,-1
183,8,365,343,179,74,1,-1,-1,-1
183,9,1169,286,85,98,1,-1,-1,-1
183,10,1186,226,77,82,1,-1,-1,-1
183,11,1216,184,61,71,1,-1,-1,-1
183,12,1240,154,52,52,1,-1,-1,-1
183,13,1265,113,46,52,1,-1,-1,-1
183,15,1601,418,226,112,1,-1,-1,-1
183,16,1600,348,197,91,1,-1,-1,-1
183,54,828,313,144,89,1,-1,-1,-1
183,55,860,288,150,71,1,-1,-1,-1
183,56,858,254,161,59,1,-1,-1,-1
183,57,873,238,107,46,1,-1,-1,-1
183,58,898,215,157,65,1,-1,-1,-1
183,59,973,182,143,55,1,-1,-1,-1
183,60,1011,188,119,47,1,-1,-1,-1
183,61,1052,154,119,41,1,-1,-1,-1
183,63,1093,88,100,35,1,-1,-1,-1
183,64,1118,66,96,35,1,-1,-1,-1
183,76,1643,234,114,71,1,-1,-1,-1
183,77,1640,214,112,64,1,-1,-1,-1
183,78,1636,195,101,49,1,-1,-1,-1
183,117,17,544,214,126,1,-1,-1,-1
183,118,354,776,347,191,1,-1,-1,-1
183,119,1112,895,302,173,1,-1,-1,-1
183,122,254,511,256,136,1,-1,-1,-1
183,125,1396,130,47,52,1,-1,-1,-1
183,135,1078,128,95,41,1,-1,-1,-1
184,6,151,416,230,125,1,-1,-1,-1
184,7,618,357,179,95,1,-1,-1,-1
184,8,413,341,179,76,1,-1,-1,-1
184,9,1242,289,85,95,1,-1,-1,-1
184,10,1261,230,78,83,1,-1,-1,-1
184,11,1303,190,60,72,1,-1,-1,-1
184,12,1319,160,52,54,1,-1,-1,-1
184,13,1341,123,46,52,1,-1,-1,-1
184,15,1718,436,185,111,1,-1,-1,-1
184,16,1706,358,197,91,1,-1,-1,-1
184,54,895,307,143,90,1,-1,-1,-1
184,55,887,329,152,71,1,-1,-1,-1
184,56,931,257,170,62,1,-1,-1,-1
184,57,942,241,114,47,1,-1,-1,-1
184,58,974,219,158,60,1,-1,-1,-1
184,59,1022,182,143,55,1,-1,-1,-1
184,60,1096,193,119,47,1,-1,-1,-1
184,61,1124,160,119,41,1,-1,-1,-1
184,63,1176,93,100,34,1,-1,-1,-1
184,64,1203,70,95,35,1,-1,-1,-1
184,76,1733,244,116,70,1,-1,-1,-1
184,77,1737,224,112,62,1,-1,-1,-1
184,78,1730,206,96,51,1,-1,-1,-1
184,117,34,525,236,127,1,-1,-1,-1
184,118,417,770,346,191,1,-1,-1,-1
184,119,1174,902,302,169,1,-1,-1,-1
184,122,308,511,254,107,1,-1,-1,-1
184,125,1476,140,47,53,1,-1,-1,-1
184,135,1157,130,95,41,1,-1,-1,-1
185,6,160,415,233,125,1,-1,-1,-1
185,7,630,355,180,96,1,-1,-1,-1
185,8,426,338,179,78,1,-1,-1,-1
185,9,1270,293,85,96,1,-1,-1,-1
185,10,1294,229,76,81,1,-1,-1,-1
185,11,1339,196,61,71,1,-1,-1,-1
185,12,1355,158,51,50,1,-1,-1,-1
185,13,1385,128,45,51,1,-1,-1,-1
185,15,1720,426,184,111,1,-1,-1,-1
185,16,1712,359,188,91,1,-1,-1,-1
185,54,934,310,144,90,1,-1,-1,-1
185,55,962,286,154,71,1,-1,-1,-1
185,56,955,261,169,59,1,-1,-1,-1
185,57,972,238,118,47,1,-1,-1,-1
185,58,997,222,156,60,1,-1,-1,-1
185,59,1054,187,142,54,1,-1,-1,-1
185,60,1132,193,119,47,1,-1,-1,-1
185,61,1158,162,119,41,1,-1,-1,-1
185,63,1220,96,100,34,1,-1,-1,-1
185,64,1256,70,78,34,1,-1,-1,-1
185,76,1779,246,116,71,1,-1,-1,-1
185,77,1780,229,112,62,1,-1,-1,-1
185,78,1782,211,96,51,1,-1,-1,-1
185,117,28,521,236,127,1,-1,-1,-1
185,118,431,769,346,191,1,-1,-1,-1
185,119,1191,906,302,165,1,-1,-1,-1
185,122,309,506,253,109,1,-1,-1,-1
185,125,1516,141,47,54,1,-1,-1,-1
185,135,1193,132,95,41,1,-1,-1,-1
186,6,169,414,236,126,1,-1,-1,-1
186,7,642,353,182,98,1,-1,-1,-1
186,8,439,335,180,80,1,-1,-1,-1
186,9,1272,293,85,96,1,-1,-1,-1
186,10,1297,227,76,81,1,-1,-1,-1
186,11,1340,195,61,71,1,-1,-1,-1
186,12,1356,157,51,50,1,-1,-1,-1
186,13,1385,127,46,51,1,-1,-1,-1
186,15,1724,429,179,111,1,-1,-1,-1
186,16,1718,361,179,91,1,-1,-1,-1
186,54,926,308,146,90,1,-1,-1,-1
186,55,972,284,154,71,1,-1,-1,-1
186,56,958,261,167,59,1,-1,-1,-1
186,57,973,239,115,44,1,-1,-1,-1
186,58,1000,221,156,60,1,-1,-1,-1
186,59,1054,186,142,54,1,-1,-1,-1
186,60,1141,193,119,47,1,-1,-1,-1
186,61,1159,160,119,41,1,-1,-1,-1
186,63,1217,96,100,34,1,-1,-1,-1
186,64,1254,70,82,34,1,-1,-1,-1
186,76,1774,247,119,70,1,-1,-1,-1
186,77,1782,226,107,61,1,-1,-1,-1
186,78,1783,207,93,51,1,-1,-1,-1
186,117,23,518,235,126,1,-1,-1,-1
186,118,445,768,346,191,1,-1,-1,-1
186,119,1209,911,301,160,1,-1,-1,-1
186,122,310,502,252,111,1,-1,-1,-1
186,125,1516,141,47,53,1,-1,-1,-1
186,135,1193,132,95,41,1,-1,-1,-1
187,6,188,409,233,126,1,-1,-1,-1
187,7,655,351,183,99,1,-1,-1,-1
187,8,453,332,179,82,1,-1,-1,-1
187,9,1274,294,86,96,1,-1,-1,-1
187,10,1300,226,77,81,1,-1,-1,-1
187,11,1342,195,61,71,1,-1,-1,-1
187,12,1358,157,51,49,1,-1,-1,-1
187,13,1385,126,47,51,1,-1,-1,-1
187,15,1729,432,173,111,1,-1,-1,-1
187,16,1724,363,170,90,1,-1,-1,-1
187,54,919,307,147,90,1,-1,-1,-1
187,55,983,283,154,71,1,-1,-1,-1
187,56,962,261,164,59,1,-1,-1,-1
187,57,975,240,112,41,1,-1,-1,-1
187,58,1003,221,156,60,1,-1,-1,-1
187,59,1054,186,142,54,1,-1,-1,-1
187,60,1151,194,119,47,1,-1,-1,-1
187,61,1161,159,119,41,1,-1,-1,-1
187,63,1215,97,100,34,1,-1,-1,-1
187,64,1253,70,86,34,1,-1,-1,-1
187,76,1769,248,123,70,1,-1,-1,-1
187,77,1785,224,101,60,1,-1,-1,-1
187,78,1784,204,90,51,1,-1,-1,-1
187,117,24,510,235,126,1,-1,-1,-1
187,118,468,767,346,191,1,-1,-1,-1
187,119,1235,914,301,156,1,-1,-1,-1
187,122,311,498,251,113,1,-1,-1,-1
187,125,1517,141,47,53,1,-1,-1,-1
187,135,1194,132,95,41,1,-1,-1,-1
188,6,207,404,231,126,1,-1,-1,-1
188,7,667,349,185,101,1,-1,-1,-1
188,8,466,329,180,84,1,-1,-1,-1
188,9,1276,294,86,97,1,-1,-1,-1
188,10,1303,224,77,82,1,-1,-1,-1
188,11,1343,195,61,71,1,-1,-1,-1
188,12,1359,157,51,48,1,-1,-1,-1
188,13,1385,125,48,51,1,-1,-1,-1
188,15,1734,436,168,111,1,-1,-1,-1
188,16,1730,365,162,90,1,-1,-1,-1
188,54,923,307,148,90,1,-1,-1,-1
188,55,994,282,154,71,1,-1,-1,-1
188,56,965,261,162,59,1,-1,-1,-1
188,57,972,240,118,43,1,-1,-1,-1
188,58,1006,220,156,60,1,-1,-1,-1
188,59,1051,187,142,54,1,-1,-1,-1
188,60,1160,195,119,47,1,-1,-1,-1
188,61,1163,157,119,41,1,-1,-1,-1
188,63,1213,98,100,34,1,-1,-1,-1
188,64,1251,70,91,34,1,-1,-1,-1
188,76,1765,249,126,70,1,-1,-1,-1
188,77,1788,222,95,59,1,-1,-1,-1
188,78,1785,201,87,51,1,-1,-1,-1
188,117,26,502,235,126,1,-1,-1,-1
188,118,492,767,346,191,1,-1,-1,-1
188,119,1262,918,301,152,1,-1,-1,-1
188,120,4,375,199,105,1,-1,-1,-1
188,122,312,494,250,115,1,-1,-1,-1
188,125,1519,142,47,53,1,-1,-1,-1
188,135,1194,132,95,41,1,-1,-1,-1
189,6,226,399,228,126,1,-1,-1,-1
189,7,680,347,186,103,1,-1,-1,-1
189,8,480,326,180,86,1,-1,-1,-1
189,9,1279,295,86,97,1,-1,-1,-1
189,10,1307,223,77,82,1,-1,-1,-1
189,11,1345,195,61,71,1,-1,-1,-1
189,12,1361,157,51,48,1,-1,-1,-1
189,13,1386,125,48,51,1,-1,-1,-1
189,15,1720,439,181,113,1,-1,-1,-1
189,16,1733,360,167,89,1,-1,-1,-1
189,54,928,308,149,89,1,-1,-1,-1
189,55,1005,281,154,71,1,-1,-1,-1
189,56,969,261,159,59,1,-1,-1,-1
189,57,1001,241,110,41,1,-1,-1,-1
189,58,1010,220,155,60,1,-1,-1,-1
189,59,1058,188,142,53,1,-1,-1,-1
189,60,1170,196,119,47,1,-1,-1,-1
189,61,1165,156,119,41,1,-1,-1,-1
189,63,1211,99,100,34,1,-1,-1,-1
189,64,1250,70,95,35,1,-1,-1,-1
189,76,1767,249,135,70,1,-1,-1,-1
189,77,1791,227,101,59,1,-1,-1,-1
189,78,1785,203,101,48,1,-1,-1,-1
189,117,28,494,235,126,1,-1,-1,-1
189,118,515,767,346,191,1,-1,-1,-1
189,119,1289,922,301,148,1,-1,-1,-1
189,120,23,373,199,105,1,-1,-1,-1
189,122,313,490,249,116,1,-1,-1,-1
189,125,1522,143,47,53,1,-1,-1,-1
189,135,1195,132,95,41,1,-1,-1,-1
190,6,245,394,226,126,1,-1,-1,-1
190,7,692,345,188,104,1,-1,-1,-1
190,8,493,323,180,88,1,-1,-1,-1
190,9,1317,297,86,96,1,-1,-1,-1
190,10,1343,228,77,81,1,-1,-1,-1
190,11,1385,200,61,71,1,-1,-1,-1
190,12,1403,162,51,48,1,-1,-1,-1
190,13,1427,130,48,51,1,-1,-1,-1
190,15,1769,443,133,112,1,-1,-1,-1
190,16,1779,371,122,90,1,-1,-1,-1
190,54,968,309,149,89,1,-1,-1,-1
190,55,1016,280,154,71,1,-1,-1,-1
190,56,1021,260,162,60,1,-1,-1,-1
190,57,1030,243,103,39,1,-1,-1,-1
190,58,1055,226,155,60,1,-1,-1,-1
190,59,1100,191,142,54,1,-1,-1,-1
190,60,1180,197,119,47,1,-1,-1,-1
190,61,1206,161,119,41,1,-1,-1,-1
190,63,1265,96,100,34,1,-1,-1,-1
190,64,1286,71,95,36,1,-1,-1,-1
190,76,1823,261,79,71,1,-1,-1,-1
190,77,1835,239,67,60,1,-1,-1,-1
190,78,1832,217,70,48,1,-1,-1,-1
190,117,29,486,235,126,1,-1,-1,-1
190,118,539,766,346,191,1,-1,-1,-1
190,119,1316,925,301,144,1,-1,-1,-1
190,120,42,372,200,105,1,-1,-1,-1
190,122,314,486,248,118,1,-1,-1,-1
190,125,1566,147,47,53,1,-1,-1,-1
190,135,1238,135,95,41,1,-1,-1,-1
191,6,264,389,223,126,1,-1,-1,-1
191,7,704,343,190,106,1,-1,-1,-1
191,8,506,320,181,90,1,-1,-1,-1
191,9,1356,299,85,96,1,-1,-1,-1
191,10,1380,233,77,81,1,-1,-1,-1
191,11,1425,206,61,71,1,-1,-1,-1
191,12,1445,167,51,49,1,-1,-1,-1
191,13,1469,135,48,51,1,-1,-1,-1
191,15,1818,447,85,111,1,-1,-1,-1
191,16,1826,382,77,91,1,-1,-1,-1
191,54,1006,311,149,90,1,-1,-1,-1
191,55,1047,286,154,71,1,-1,-1,-1
191,56,1052,262,166,60,1,-1,-1,-1
191,57,1051,248,119,42,1,-1,-1,-1
191,58,1091,224,156,61,1,-1,-1,-1
191,59,1129,192,142,55,1,-1,-1,-1
191,60,1219,196,119,47,1,-1,-1,-1
191,61,1249,164,119,41,1,-1,-1,-1
191,63,1300,98,101,34,1,-1,-1,-1
191,64,1322,73,95,36,1,-1,-1,-1
191,76,1862,265,41,71,1,-1,-1,-1
191,117,31,478,235,126,1,-1,-1,-1
191,118,562,766,346,191,1,-1,-1,-1
191,119,1343,929,301,140,1,-1,-1,-1
191,120,61,371,200,105,1,-1,-1,-1
191,122,315,482,247,120,1,-1,-1,-1
191,125,1611,152,47,53,1,-1,-1,-1
191,135,1281,139,95,41,1,-1,-1,-1
192,6,284,385,220,126,1,-1,-1,-1
192,7,717,341,191,107,1,-1,-1,-1
192,8,520,317,180,92,1,-1,-1,-1
192,9,1367,298,85,96,1,-1,-1,-1
192,10,1395,234,76,81,1,-1,-1,-1
192,11,1442,204,59,71,1,-1,-1,-1
192,12,1464,167,51,49,1,-1,-1,-1
192,13,1482,133,47,51,1,-1,-1,-1
192,15,1821,447,82,111,1,-1,-1,-1
192,16,1829,381,74,91,1,-1,-1,-1
192,54,1010,309,150,91,1,-1,-1,-1
192,55,1053,286,153,72,1,-1,-1,-1
192,56,1054,262,169,60,1,-1,-1,-1
192,57,1060,242,119,46,1,-1,-1,-1
192,58,1104,224,155,61,1,-1,-1,-1
192,59,1142,190,142,55,1,-1,-1,-1
192,60,1220,196,119,47,1,-1,-1,-1
192,61,1262,164,119,41,1,-1,-1,-1
192,63,1319,100,101,34,1,-1,-1,-1
192,64,1326,74,95,35,1,-1,-1,-1
192,76,1863,265,40,71,1,-1,-1,-1
192,117,33,470,235,126,1,-1,-1,-1
192,118,586,766,346,191,1,-1,-1,-1
192,119,1370,933,301,136,1,-1,-1,-1
192,120,80,369,201,106,1,-1,-1,-1
192,121,1,309,101,101,1,-1,-1,-1
192,122,316,478,246,122,1,-1,-1,-1
192,125,1626,152,47,54,1,-1,-1,-1
192,135,1286,137,95,41,1,-1,-1,-1
193,6,284,385,220,123,1,-1,-1,-1
193,7,729,339,193,109,1,-1,-1,-1
193,8,533,314,181,94,1,-1,-1,-1
193,9,1369,298,85,96,1,-1,-1,-1
193,10,1396,236,76,81,1,-1,-1,-1
193,11,1443,203,60,71,1,-1,-1,-1
193,12,1456,167,51,51,1,-1,-1,-1
193,13,1481,132,48,52,1,-1,-1,-1
193,15,1825,447,78,111,1,-1,-1,-1
193,16,1833,380,70,91,1,-1,-1,-1
193,54,1009,308,151,92,1,-1,-1,-1
193,55,1060,287,151,72,1,-1,-1,-1
193,56,1049,261,174,60,1,-1,-1,-1
193,57,1064,243,112,39,1,-1,-1,-1
193,58,1098,228,156,63,1,-1,-1,-1
193,59,1143,189,142,55,1,-1,-1,-1
193,60,1222,197,119,47,1,-1,-1,-1
193,61,1261,163,119,41,1,-1,-1,-1
193,63,1317,99,101,34,1,-1,-1,-1
193,64,1330,75,95,35,1,-1,-1,-1
193,76,1865,265,38,71,1,-1,-1,-1
193,117,26,464,223,126,1,-1,-1,-1
193,118,591,770,346,191,1,-1,-1,-1
193,119,1387,939,301,130,1,-1,-1,-1
193,120,99,368,201,106,1,-1,-1,-1
193,121,1,309,101,101,1,-1,-1,-1
193,122,317,474,245,124,1,-1,-1,-1
193,125,1632,158,47,53,1,-1,-1,-1
193,135,1292,136,95,41,1,-1,-1,-1
194,6,284,386,220,120,1,-1,-1,-1
194,7,742,338,194,110,1,-1,-1,-1
194,8,547,312,181,95,1,-1,-1,-1
194,9,1372,298,85,96,1,-1,-1,-1
194,10,1397,238,76,81,1,-1,-1,-1
194,11,1444,202,61,71,1,-1,-1,-1
194,12,1464,166,51,51,1,-1,-1,-1
194,13,1484,133,45,51,1,-1,-1,-1
194,15,1829,447,74,111,1,-1,-1,-1
194,16,1836,379,67,91,1,-1,-1,-1
194,54,1008,308,153,92,1,-1,-1,-1
194,55,1060,287,151,72,1,-1,-1,-1
194,56,1050,261,173,60,1,-1,-1,-1
194,57,1064,242,112,40,1,-1,-1,-1
194,58,1099,227,156,63,1,-1,-1,-1
194,59,1144,189,142,56,1,-1,-1,-1
194,60,1224,197,119,47,1,-1,-1,-1
194,61,1260,163,119,41,1,-1,-1,-1
194,63,1315,98,101,34,1,-1,-1,-1
194,64,1334,76,95,35,1,-1,-1,-1
194,76,1867,265,36,71,1,-1,-1,-1
194,117,19,458,212,126,1,-1,-1,-1
194,118,597,774,346,191,1,-1,-1,-1
194,119,1404,946,301,123,1,-1,-1,-1
194,120,119,367,201,106,1,-1,-1,-1
194,121,1,309,101,101,1,-1,-1,-1
194,122,303,469,244,127,1,-1,-1,-1
194,125,1631,156,47,53,1,-1,-1,-1
194,135,1292,135,95,41,1,-1,-1,-1
195,6,284,387,220,116,1,-1,-1,-1
195,7,741,338,194,109,1,-1,-1,-1
195,8,547,311,181,95,1,-1,-1,-1
195,9,1373,298,85,96,1,-1,-1,-1
195,10,1397,238,76,81,1,-1,-1,-1
195,11,1445,202,61,71,1,-1,-1,-1
195,12,1464,166,51,51,1,-1,-1,-1
195,13,1485,133,45,51,1,-1,-1,-1
195,54,1008,307,153,93,1,-1,-1,-1
195,55,1060,287,151,72,1,-1,-1,-1
195,56,1051,262,173,60,1,-1,-1,-1
195,57,1064,242,112,40,1,-1,-1,-1
195,58,1101,226,156,63,1,-1,-1,-1
195,59,1146,190,142,56,1,-1,-1,-1
195,60,1226,198,119,47,1,-1,-1,-1
195,61,1259,162,119,41,1,-1,-1,-1
195,63,1313,97,101,34,1,-1,-1,-1
195,64,1338,77,95,35,1,-1,-1,-1
195,117,13,452,199,126,1,-1,-1,-1
195,118,603,778,346,191,1,-1,-1,-1
195,119,1421,953,301,117,1,-1,-1,-1
195,120,119,366,201,106,1,-1,-1,-1
195,121,1,309,101,101,1,-1,-1,-1
195,122,290,465,243,129,1,-1,-1,-1
195,125,1630,155,47,52,1,-1,-1,-1
195,135,1293,135,95,41,1,-1,-1,-1
196,6,284,388,220,113,1,-1,-1,-1
196,7,741,338,194,109,1,-1,-1,-1
196,8,547,311,181,95,1,-1,-1,-1
196,9,1374,298,85,96,1,-1,-1,-1
196,10,1398,238,76,81,1,-1,-1,-1
196,11,1446,202,62,71,1,-1,-1,-1
196,12,1465,166,51,51,1,-1,-1,-1
196,13,1486,133,46,51,1,-1,-1,-1
196,54,1007,307,155,93,1,-1,-1,-1
196,55,1060,288,151,71,1,-1,-1,-1
196,56,1052,262,172,60,1,-1,-1,-1
196,57,1064,241,112,41,1,-1,-1,-1
196,58,1102,225,156,63,1,-1,-1,-1
196,59,1148,191,142,56,1,-1,-1,-1
196,60,1226,197,119,47,1,-1,-1,-1
196,61,1258,162,119,41,1,-1,-1,-1
196,63,1311,96,101,34,1,-1,-1,-1
196,64,1342,78,95,35,1,-1,-1,-1
196,117,6,446,188,126,1,-1,-1,-1
196,118,609,782,346,191,1,-1,-1,-1
196,119,1438,960,301,110,1,-1,-1,-1
196,120,119,365,201,106,1,-1,-1,-1
196,121,1,309,101,101,1,-1,-1,-1
196,122,277,461,242,131,1,-1,-1,-1
196,125,1630,153,46,52,1,-1,-1,-1
196,135,1293,134,95,42,1,-1,-1,-1
197,6,284,389,220,110,1,-1,-1,-1
197,7,741,338,194,109,1,-1,-1,-1
197,8,547,311,181,95,1,-1,-1,-1
197,9,1376,298,85,96,1,-1,-1,-1
197,10,1398,239,76,81,1,-1,-1,-1
197,11,1448,202,61,71,1,-1,-1,-1
197,12,1466,166,51,51,1,-1,-1,-1
197,13,1488,133,45,52,1,-1,-1,-1
197,54,1006,306,157,94,1,-1,-1,-1
197,55,1061,288,151,72,1,-1,-1,-1
197,56,1053,263,172,60,1,-1,-1,-1
197,57,1064,241,113,41,1,-1,-1,-1
197,58,1104,225,156,62,1,-1,-1,-1
197,59,1150,192,142,56,1,-1,-1,-1
197,60,1226,196,119,47,1,-1,-1,-1
197,61,1257,162,119,41,1,-1,-1,-1
197,63,1312,97,101,34,1,-1,-1,-1
197,64,1342,78,95,35,1,-1,-1,-1
197,117,0,440,176,126,1,-1,-1,-1
197,118,615,786,346,191,1,-1,-1,-1
197,119,1456,967,301,104,1,-1,-1,-1
197,120,119,364,201,106,1,-1,-1,-1
197,121,1,309,101,101,1,-1,-1,-1
197,122,264,457,241,133,1,-1,-1,-1
197,125,1629,152,46,51,1,-1,-1,-1
197,135,1294,134,95,41,1,-1,-1,-1
198,6,284,389,220,110,1,-1,-1,-1
198,7,741,338,194,108,1,-1,-1,-1
198,8,547,310,181,95,1,-1,-1,-1
198,9,1377,298,85,96,1,-1,-1,-1
198,10,1399,239,76,81,1,-1,-1,-1
198,11,1449,203,62,71,1,-1,-1,-1
198,12,1467,166,51,51,1,-1,-1,-1
198,13,1489,134,46,51,1,-1,-1,-1
198,54,1006,306,157,94,1,-1,-1,-1
198,55,1061,288,151,72,1,-1,-1,-1
198,56,1054,263,172,61,1,-1,-1,-1
198,57,1064,239,116,41,1,-1,-1,-1
198,58,1106,224,156,62,1,-1,-1,-1
198,59,1151,193,142,56,1,-1,-1,-1
198,60,1226,195,119,47,1,-1,-1,-1
198,61,1257,163,119,41,1,-1,-1,-1
198,63,1313,98,101,34,1,-1,-1,-1
198,64,1343,78,95,35,1,-1,-1,-1
198,117,0,432,154,126,1,-1,-1,-1
198,118,631,789,346,191,1,-1,-1,-1
198,119,1479,976,301,95,1,-1,-1,-1
198,120,119,363,201,106,1,-1,-1,-1
198,121,1,309,101,101,1,-1,-1,-1
198,122,251,453,240,135,1,-1,-1,-1
198,125,1629,151,46,51,1,-1,-1,-1
198,135,1295,134,95,41,1,-1,-1,-1
199,6,285,389,220,110,1,-1,-1,-1
199,7,741,338,194,108,1,-1,-1,-1
199,8,547,310,181,95,1,-1,-1,-1
199,9,1379,298,85,96,1,-1,-1,-1
199,10,1399,240,76,81,1,-1,-1,-1
199,11,1451,203,61,71,1,-1,-1,-1
199,12,1468,166,51,51,1,-1,-1,-1
199,13,1491,134,45,52,1,-1,-1,-1
199,54,1005,305,159,95,1,-1,-1,-1
199,55,1061,289,151,71,1,-1,-1,-1
199,56,1055,264,171,60,1,-1,-1,-1
199,57,1065,237,118,41,1,-1,-1,-1
199,58,1107,223,156,62,1,-1,-1,-1
199,59,1153,194,142,56,1,-1,-1,-1
199,60,1226,195,119,47,1,-1,-1,-1
199,61,1257,164,119,41,1,-1,-1,-1
199,63,1315,99,101,34,1,-1,-1,-1
199,64,1344,78,95,35,1,-1,-1,-1
199,117,0,424,132,126,1,-1,-1,-1
199,118,647,792,346,191,1,-1,-1,-1
199,119,1503,986,301,85,1,-1,-1,-1
199,120,119,362,201,106,1,-1,-1,-1
199,121,1,309,101,101,1,-1,-1,-1
199,122,239,450,238,134,1,-1,-1,-1
199,125,1629,150,46,51,1,-1,-1,-1
199,135,1295,133,95,42,1,-1,-1,-1
200,6,285,389,220,110,1,-1,-1,-1
200,7,741,338,194,108,1,-1,-1,-1
200,8,547,310,181,95,1,-1,-1,-1
200,9,1380,298,85,96,1,-1,-1,-1
200,10,1400,240,76,81,1,-1,-1,-1
200,11,1452,203,62,71,1,-1,-1,-1
200,12,1469,166,51,51,1,-1,-1,-1
200,13,1492,134,46,52,1,-1,-1,-1
200,54,1005,305,160,95,1,-1,-1,-1
200,55,1061,289,151,71,1,-1,-1,-1
200,56,1056,264,171,61,1,-1,-1,-1
200,57,1071,236,118,44,1,-1,-1,-1
200,58,1109,222,156,62,1,-1,-1,-1
200,59,1155,195,142,56,1,-1,-1,-1
200,60,1229,197,119,47,1,-1,-1,-1
200,61,1262,164,119,41,1,-1,-1,-1
200,63,1319,100,101,35,1,-1,-1,-1
200,64,1351,78,95,35,1,-1,-1,-1
200,117,0,417,110,126,1,-1,-1,-1
200,118,663,795,346,191,1,-1,-1,-1
200,119,1526,996,301,75,1,-1,-1,-1
200,120,119,362,201,106,1,-1,-1,-1
200,121,1,309,101,101,1,-1,-1,-1
200,122,227,447,236,133,1,-1,-1,-1
200,125,1629,150,46,51,1,-1,-1,-1
200,135,1296,133,95,41,1,-1,-1,-1
201,6,286,389,220,110,1,-1,-1,-1
201,7,741,338,194,107,1,-1,-1,-1
201,8,547,310,181,95,1,-1,-1,-1
201,9,1382,298,85,96,1,-1,-1,-1
201,10,1401,241,76,81,1,-1,-1,-1
201,11,1454,204,62,71,1,-1,-1,-1
201,12,1470,166,51,51,1,-1,-1,-1
201,13,1494,135,46,52,1,-1,-1,-1
201,54,1017,313,161,96,1,-1,-1,-1
201,55,1062,290,151,71,1,-1,-1,-1
201,56,1057,265,171,61,1,-1,-1,-1
201,57,1077,236,118,46,1,-1,-1,-1
201,58,1111,222,156,61,1,-1,-1,-1
201,59,1157,196,142,56,1,-1,-1,-1
201,60,1232,199,119,47,1,-1,-1,-1
201,61,1267,164,119,41,1,-1,-1,-1
201,63,1323,102,101,35,1,-1,-1,-1
201,64,1358,78,95,35,1,-1,-1,-1
201,117,0,416,110,126,1,-1,-1,-1
201,118,680,799,346,191,1,-1,-1,-1
201,120,119,361,201,106,1,-1,-1,-1
201,121,1,309,101,101,1,-1,-1,-1
201,122,216,445,234,132,1,-1,-1,-1
201,125,1629,150,46,51,1,-1,-1,-1
201,135,1296,132,95,42,1,-1,-1,-1
202,6,286,389,219,110,1,-1,-1,-1
202,7,741,338,193,107,1,-1,-1,-1
202,8,547,309,181,95,1,-1,-1,-1
202,9,1381,297,85,96,1,-1,-1,-1
202,10,1400,240,76,81,1,-1,-1,-1
202,11,1453,203,62,71,1,-1,-1,-1
202,12,1469,165,51,51,1,-1,-1,-1
202,13,1493,135,46,51,1,-1,-1,-1
202,54,1017,312,161,96,1,-1,-1,-1
202,55,1061,290,151,71,1,-1,-1,-1
202,56,1056,264,172,61,1,-1,-1,-1
202,57,1076,242,119,41,1,-1,-1,-1
202,58,1111,228,157,61,1,-1,-1,-1
202,59,1156,195,142,56,1,-1,-1,-1
202,60,1236,201,119,47,1,-1,-1,-1
202,61,1272,165,119,41,1,-1,-1,-1
202,63,1324,99,101,35,1,-1,-1,-1
202,64,1357,77,95,35,1,-1,-1,-1
202,117,0,415,96,126,1,-1,-1,-1
202,118,694,796,346,201,1,-1,-1,-1
202,120,119,360,201,106,1,-1,-1,-1
202,121,1,309,101,101,1,-1,-1,-1
202,122,204,442,232,131,1,-1,-1,-1
202,125,1629,150,46,51,1,-1,-1,-1
202,135,1297,132,95,42,1,-1,-1,-1
203,6,286,389,219,110,1,-1,-1,-1
203,7,741,338,193,107,1,-1,-1,-1
203,8,547,309,181,95,1,-1,-1,-1
203,9,1381,297,85,96,1,-1,-1,-1
203,10,1400,240,76,81,1,-1,-1,-1
203,11,1453,203,62,71,1,-1,-1,-1
203,12,1469,165,51,51,1,-1,-1,-1
203,13,1493,135,46,51,1,-1,-1,-1
203,54,1017,312,161,96,1,-1,-1,-1
203,55,1061,290,151,71,1,-1,-1,-1
203,56,1056,264,172,61,1,-1,-1,-1
203,57,1075,241,118,41,1,-1,-1,-1
203,58,1111,227,156,61,1,-1,-1,-1
203,59,1156,195,142,56,1,-1,-1,-1
203,60,1234,199,119,47,1,-1,-1,-1
203,61,1270,164,119,41,1,-1,-1,-1
203,63,1325,97,101,34,1,-1,-1,-1
203,64,1357,77,95,35,1,-1,-1,-1
203,117,0,414,82,126,1,-1,-1,-1
203,118,708,794,346,210,1,-1,-1,-1
203,120,119,359,201,106,1,-1,-1,-1
203,121,1,309,101,101,1,-1,-1,-1
203,122,193,440,229,129,1,-1,-1,-1
203,125,1629,150,46,51,1,-1,-1,-1
203,135,1298,132,95,41,1,-1,-1,-1
204,6,286,389,219,110,1,-1,-1,-1
204,7,741,338,193,106,1,-1,-1,-1
204,8,547,309,181,95,1,-1,-1,-1
204,9,1380,297,85,96,1,-1,-1,-1
204,10,1400,240,76,81,1,-1,-1,-1
204,11,1453,203,61,71,1,-1,-1,-1
204,12,1468,165,51,51,1,-1,-1,-1
204,13,1493,135,46,51,1,-1,-1,-1
204,54,1017,312,161,96,1,-1,-1,-1
204,55,1060,290,151,71,1,-1,-1,-1
204,56,1056,264,172,61,1,-1,-1,-1
204,57,1074,241,118,41,1,-1,-1,-1
204,58,1111,227,156,61,1,-1,-1,-1
204,59,1155,194,142,56,1,-1,-1,-1
204,60,1232,198,119,47,1,-1,-1,-1
204,61,1269,163,119,41,1,-1,-1,-1
204,63,1325,97,101,34,1,-1,-1,-1
204,64,1357,77,95,35,1,-1,-1,-1
204,117,0,413,68,126,1,-1,-1,-1
204,118,723,792,346,220,1,-1,-1,-1
204,120,119,358,201,106,1,-1,-1,-1
204,121,1,309,101,101,1,-1,-1,-1
204,122,181,437,228,129,1,-1,-1,-1
204,125,1629,150,46,51,1,-1,-1,-1
204,135,1298,131,95,42,1,-1,-1,-1
205,6,286,389,219,110,1,-1,-1,-1
205,7,741,338,193,106,1,-1,-1,-1
205,8,547,309,181,95,1,-1,-1,-1
205,9,1380,297,85,96,1,-1,-1,-1
205,10,1400,240,76,81,1,-1,-1,-1
205,11,1452,203,62,71,1,-1,-1,-1
205,12,1468,165,51,51,1,-1,-1,-1
205,13,1493,135,46,51,1,-1,-1,-1
205,54,1017,312,161,96,1,-1,-1,-1
205,55,1060,291,151,71,1,-1,-1,-1
205,56,1056,263,172,61,1,-1,-1,-1
205,57,1073,241,118,41,1,-1,-1,-1
205,58,1111,227,156,61,1,-1,-1,-1
205,59,1155,194,142,56,1,-1,-1,-1
205,60,1232,198,119,47,1,-1,-1,-1
205,61,1268,163,119,41,1,-1,-1,-1
205,63,1325,97,101,35,1,-1,-1,-1
205,64,1356,76,95,35,1,-1,-1,-1
205,118,742,797,346,220,1,-1,-1,-1
205,120,119,358,201,106,1,-1,-1,-1
205,121,1,309,101,101,1,-1,-1,-1
205,122,170,435,225,127,1,-1,-1,-1
205,125,1629,150,46,51,1,-1,-1,-1
205,135,1299,131,95,42,1,-1,-1,-1
206,6,286,389,219,110,1,-1,-1,-1
206,7,741,338,193,106,1,-1,-1,-1
206,8,547,308,181,95,1,-1,-1,-1
206,9,1380,297,85,96,1,-1,-1,-1
206,10,1399,240,76,81,1,-1,-1,-1
206,11,1452,203,62,71,1,-1,-1,-1
206,12,1468,165,51,51,1,-1,-1,-1
206,13,1493,135,46,51,1,-1,-1,-1
206,54,1017,312,161,96,1,-1,-1,-1
206,55,1059,291,151,71,1,-1,-1,-1
206,56,1056,263,172,61,1,-1,-1,-1
206,57,1073,241,117,41,1,-1,-1,-1
206,58,1111,226,156,61,1,-1,-1,-1
206,59,1154,193,142,56,1,-1,-1,-1
206,60,1232,198,119,47,1,-1,-1,-1
206,61,1268,162,119,41,1,-1,-1,-1
206,63,1325,97,101,35,1,-1,-1,-1
206,64,1356,76,95,35,1,-1,-1,-1
206,118,761,802,346,220,1,-1,-1,-1
206,120,119,357,201,106,1,-1,-1,-1
206,121,1,309,101,101,1,-1,-1,-1
206,122,158,432,223,126,1,-1,-1,-1
206,125,1629,149,46,52,1,-1,-1,-1
206,135,1299,130,95,42,1,-1,-1,-1
207,6,287,389,218,110,1,-1,-1,-1
207,7,741,338,193,105,1,-1,-1,-1
207,8,547,308,181,95,1,-1,-1,-1
207,9,1379,297,85,96,1,-1,-1,-1
207,10,1399,240,76,81,1,-1,-1,-1
207,11,1452,203,61,71,1,-1,-1,-1
207,12,1467,165,51,51,1,-1,-1,-1
207,13,1493,135,46,51,1,-1,-1,-1
207,54,1018,312,161,96,1,-1,-1,-1
207,55,1059,291,151,71,1,-1,-1,-1
207,56,1056,263,172,61,1,-1,-1,-1
207,57,1072,241,117,41,1,-1,-1,-1
207,58,1111,226,156,61,1,-1,-1,-1
207,59,1154,193,142,56,1,-1,-1,-1
207,60,1232,198,119,47,1,-1,-1,-1
207,61,1268,161,119,41,1,-1,-1,-1
207,63,1325,98,101,35,1,-1,-1,-1
207,64,1356,76,95,35,1,-1,-1,-1
207,118,781,807,346,220,1,-1,-1,-1
207,120,119,356,201,106,1,-1,-1,-1
207,121,1,309,101,101,1,-1,-1,-1
207,122,147,430,221,125,1,-1,-1,-1
207,125,1629,149,46,52,1,-1,-1,-1
207,135,1300,130,95,42,1,-1,-1,-1
208,6,287,390,218,110,1,-1,-1,-1
208,7,741,338,193,105,1,-1,-1,-1
208,8,547,308,181,95,1,-1,-1,-1
208,9,1379,297,85,96,1,-1,-1,-1
208,10,1399,240,76,81,1,-1,-1,-1
208,11,1451,203,62,71,1,-1,-1,-1
208,12,1467,165,51,51,1,-1,-1,-1
208,13,1493,135,46,51,1,-1,-1,-1
208,54,1018,311,161,97,1,-1,-1,-1
208,55,1058,291,152,71,1,-1,-1,-1
208,56,1056,262,172,61,1,-1,-1,-1
208,57,1071,240,117,41,1,-1,-1,-1
208,58,1111,226,156,61,1,-1,-1,-1
208,59,1153,192,143,56,1,-1,-1,-1
208,60,1231,197,119,47,1,-1,-1,-1
208,61,1268,160,119,41,1,-1,-1,-1
208,63,1324,97,101,35,1,-1,-1,-1
208,64,1355,75,95,35,1,-1,-1,-1
208,118,800,813,346,220,1,-1,-1,-1
208,120,119,355,201,106,1,-1,-1,-1
208,121,1,308,101,101,1,-1,-1,-1
208,122,135,427,219,124,1,-1,-1,-1
208,125,1629,149,46,52,1,-1,-1,-1
208,135,1301,130,95,42,1,-1,-1,-1
209,6,287,390,218,110,1,-1,-1,-1
209,7,741,338,193,105,1,-1,-1,-1
209,8,547,307,181,95,1,-1,-1,-1
209,9,1379,297,85,96,1,-1,-1,-1
209,10,1399,239,76,81,1,-1,-1,-1
209,11,1451,202,62,71,1,-1,-1,-1
209,12,1466,165,51,51,1,-1,-1,-1
209,13,1493,135,46,51,1,-1,-1,-1
209,54,1018,311,161,97,1,-1,-1,-1
209,55,1058,292,151,71,1,-1,-1,-1
209,56,1056,262,172,61,1,-1,-1,-1
209,57,1071,240,116,41,1,-1,-1,-1
209,58,1111,225,156,62,1,-1,-1,-1
209,59,1153,192,142,56,1,-1,-1,-1
209,60,1230,197,119,47,1,-1,-1,-1
209,61,1268,160,119,41,1,-1,-1,-1
209,63,1323,96,101,35,1,-1,-1,-1
209,64,1355,75,95,35,1,-1,-1,-1
209,118,820,818,346,220,1,-1,-1,-1
209,120,119,354,201,106,1,-1,-1,-1
209,121,1,308,101,101,1,-1,-1,-1
209,122,124,425,217,123,1,-1,-1,-1
209,125,1629,149,46,52,1,-1,-1,-1
209,135,1300,130,95,41,1,-1,-1,-1
210,6,287,390,218,110,1,-1,-1,-1
210,7,740,338,193,104,1,-1,-1,-1
210,8,547,307,181,95,1,-1,-1,-1
210,9,1378,296,85,96,1,-1,-1,-1
210,10,1399,239,76,81,1,-1,-1,-1
210,11,1451,202,61,71,1,-1,-1,-1
210,12,1466,165,51,51,1,-1,-1,-1
210,13,1493,135,45,51,1,-1,-1,-1
210,54,1018,311,161,96,1,-1,-1,-1
210,55,1057,292,152,71,1,-1,-1,-1
210,56,1056,262,172,61,1,-1,-1,-1
210,57,1070,240,116,41,1,-1,-1,-1
210,58,1111,225,156,61,1,-1,-1,-1
210,59,1152,191,143,56,1,-1,-1,-1
210,60,1229,197,119,47,1,-1,-1,-1
210,61,1268,160,119,41,1,-1,-1,-1
210,63,1322,95,101,35,1,-1,-1,-1
210,64,1355,75,95,35,1,-1,-1,-1
210,118,839,823,346,220,1,-1,-1,-1
210,120,119,354,201,106,1,-1,-1,-1
210,121,1,308,101,101,1,-1,-1,-1
210,122,111,422,215,122,1,-1,-1,-1
210,125,1629,149,46,52,1,-1,-1,-1
210,135,1300,130,95,41,1,-1,-1,-1
211,6,287,390,217,110,1,-1,-1,-1
211,7,740,338,193,104,1,-1,-1,-1
211,8,548,307,181,95,1,-1,-1,-1
211,9,1378,296,85,96,1,-1,-1,-1
211,10,1398,239,76,81,1,-1,-1,-1
211,11,1450,202,62,71,1,-1,-1,-1
211,12,1466,164,51,51,1,-1,-1,-1
211,13,1493,135,45,51,1,-1,-1,-1
211,54,1018,311,161,96,1,-1,-1,-1
211,55,1057,292,151,71,1,-1,-1,-1
211,56,1056,262,172,61,1,-1,-1,-1
211,57,1069,240,116,41,1,-1,-1,-1
211,58,1111,225,156,61,1,-1,-1,-1
211,59,1152,191,142,56,1,-1,-1,-1
211,60,1228,196,119,47,1,-1,-1,-1
211,61,1268,161,119,41,1,-1,-1,-1
211,63,1321,95,101,34,1,-1,-1,-1
211,64,1355,75,95,35,1,-1,-1,-1
211,118,859,828,346,220,1,-1,-1,-1
211,120,119,353,201,106,1,-1,-1,-1
211,121,1,307,101,101,1,-1,-1,-1
211,122,98,420,213,120,1,-1,-1,-1
211,125,1629,149,46,51,1,-1,-1,-1
211,135,1299,130,95,41,1,-1,-1,-1
212,6,288,390,216,110,1,-1,-1,-1
212,7,740,338,193,104,1,-1,-1,-1
212,8,548,307,181,95,1,-1,-1,-1
212,9,1378,296,85,96,1,-1,-1,-1
212,10,1398,239,76,81,1,-1,-1,-1
212,11,1450,202,62,71,1,-1,-1,-1
212,12,1465,164,51,51,1,-1,-1,-1
212,13,1493,135,45,51,1,-1,-1,-1
212,54,1018,311,161,96,1,-1,-1,-1
212,55,1056,292,152,71,1,-1,-1,-1
212,56,1056,261,172,61,1,-1,-1,-1
212,57,1069,240,115,41,1,-1,-1,-1
212,58,1111,224,156,62,1,-1,-1,-1
212,59,1151,190,143,56,1,-1,-1,-1
212,60,1227,196,119,47,1,-1,-1,-1
212,61,1267,161,119,41,1,-1,-1,-1
212,63,1321,95,101,34,1,-1,-1,-1
212,64,1354,74,95,35,1,-1,-1,-1
212,118,878,834,346,220,1,-1,-1,-1
212,120,119,352,201,106,1,-1,-1,-1
212,121,1,307,101,101,1,-1,-1,-1
212,122,86,418,211,119,1,-1,-1,-1
212,125,1629,149,46,51,1,-1,-1,-1
212,135,1299,130,95,41,1,-1,-1,-1
213,6,288,390,216,110,1,-1,-1,-1
213,7,740,338,193,103,1,-1,-1,-1
213,8,548,306,181,95,1,-1,-1,-1
213,9,1377,296,85,96,1,-1,-1,-1
213,10,1398,239,76,81,1,-1,-1,-1
213,11,1450,202,61,71,1,-1,-1,-1
213,12,1465,164,51,51,1,-1,-1,-1
213,13,1493,135,45,51,1,-1,-1,-1
213,54,1019,311,161,96,1,-1,-1,-1
213,55,1056,293,152,71,1,-1,-1,-1
213,56,1056,261,172,61,1,-1,-1,-1
213,57,1071,239,113,40,1,-1,-1,-1
213,58,1111,224,156,62,1,-1,-1,-1
213,59,1151,190,143,56,1,-1,-1,-1
213,60,1227,196,119,47,1,-1,-1,-1
213,61,1266,161,119,41,1,-1,-1,-1
213,63,1321,95,101,34,1,-1,-1,-1
213,64,1354,74,95,35,1,-1,-1,-1
213,118,898,839,346,220,1,-1,-1,-1
213,120,119,351,201,106,1,-1,-1,-1
213,121,1,307,101,101,1,-1,-1,-1
213,122,78,415,206,119,1,-1,-1,-1
213,125,1629,149,46,51,1,-1,-1,-1
213,135,1299,130,95,41,1,-1,-1,-1
214,6,288,390,216,110,1,-1,-1,-1
214,7,740,338,193,103,1,-1,-1,-1
214,8,548,306,181,95,1,-1,-1,-1
214,9,1377,296,85,96,1,-1,-1,-1
214,10,1398,239,76,81,1,-1,-1,-1
214,11,1449,202,62,71,1,-1,-1,-1
214,12,1464,164,51,51,1,-1,-1,-1
214,13,1492,135,46,51,1,-1,-1,-1
214,54,1019,310,161,97,1,-1,-1,-1
214,55,1056,293,151,71,1,-1,-1,-1
214,56,1056,261,172,61,1,-1,-1,-1
214,57,1074,239,111,39,1,-1,-1,-1
214,58,1111,224,155,61,1,-1,-1,-1
214,59,1151,190,142,56,1,-1,-1,-1
214,60,1226,195,119,47,1,-1,-1,-1
214,61,1265,162,119,41,1,-1,-1,-1
214,63,1321,95,101,34,1,-1,-1,-1
214,64,1354,74,95,35,1,-1,-1,-1
214,118,917,844,346,220,1,-1,-1,-1
214,120,119,350,201,106,1,-1,-1,-1
214,121,2,307,101,101,1,-1,-1,-1
214,122,70,413,201,119,1,-1,-1,-1
214,125,1629,148,46,52,1,-1,-1,-1
214,135,1298,130,95,41,1,-1,-1,-1
215,6,288,391,216,110,1,-1,-1,-1
215,7,740,338,193,103,1,-1,-1,-1
215,8,548,306,181,95,1,-1,-1,-1
215,9,1377,296,85,96,1,-1,-1,-1
215,10,1398,239,76,81,1,-1,-1,-1
215,11,1449,202,62,71,1,-1,-1,-1
215,12,1464,164,51,51,1,-1,-1,-1
215,13,1492,135,46,51,1,-1,-1,-1
215,54,1019,310,161,97,1,-1,-1,-1
215,55,1055,293,152,71,1,-1,-1,-1
215,56,1056,260,172,61,1,-1,-1,-1
215,57,1077,239,108,37,1,-1,-1,-1
215,58,1111,224,155,61,1,-1,-1,-1
215,59,1150,189,143,56,1,-1,-1,-1
215,60,1226,195,119,47,1,-1,-1,-1
215,61,1265,161,119,41,1,-1,-1,-1
215,63,1321,95,101,34,1,-1,-1,-1
215,64,1353,73,95,35,1,-1,-1,-1
215,118,937,850,346,220,1,-1,-1,-1
215,120,120,350,201,106,1,-1,-1,-1
215,121,2,306,101,101,1,-1,-1,-1
215,122,62,410,196,120,1,-1,-1,-1
215,125,1629,148,46,52,1,-1,-1,-1
215,135,1298,130,95,41,1,-1,-1,-1
216,6,288,391,216,110,1,-1,-1,-1
216,7,740,338,193,102,1,-1,-1,-1
216,8,548,306,181,95,1,-1,-1,-1
216,9,1376,296,85,96,1,-1,-1,-1
216,10,1397,238,76,81,1,-1,-1,-1
216,11,1449,201,61,71,1,-1,-1,-1
216,12,1464,164,51,51,1,-1,-1,-1
216,13,1492,135,46,51,1,-1,-1,-1
216,54,1019,310,161,97,1,-1,-1,-1
216,55,1055,293,151,71,1,-1,-1,-1
216,56,1056,260,172,61,1,-1,-1,-1
216,57,1080,239,106,36,1,-1,-1,-1
216,58,1111,223,155,62,1,-1,-1,-1
216,59,1150,189,142,56,1,-1,-1,-1
216,60,1226,195,119,47,1,-1,-1,-1
216,61,1265,160,119,41,1,-1,-1,-1
216,63,1321,96,101,34,1,-1,-1,-1
216,64,1353,73,95,35,1,-1,-1,-1
216,118,960,856,357,214,1,-1,-1,-1
216,120,120,349,201,106,1,-1,-1,-1
216,121,2,306,101,101,1,-1,-1,-1
216,122,54,408,191,119,1,-1,-1,-1
216,125,1629,148,46,52,1,-1,-1,-1
216,135,1297,130,95,41,1,-1,-1,-1
217,6,289,391,215,110,1,-1,-1,-1
217,7,740,338,192,102,1,-1,-1,-1
217,8,548,305,181,95,1,-1,-1,-1
217,9,1376,296,85,96,1,-1,-1,-1
217,10,1397,238,76,81,1,-1,-1,-1
217,11,1448,201,62,71,1,-1,-1,-1
217,12,1463,164,51,51,1,-1,-1,-1
217,13,1492,135,46,51,1,-1,-1,-1
217,54,1019,310,161,97,1,-1,-1,-1
217,55,1054,294,152,71,1,-1,-1,-1
217,56,1056,260,172,61,1,-1,-1,-1
217,57,1078,238,106,38,1,-1,-1,-1
217,58,1111,223,155,62,1,-1,-1,-1
217,59,1149,188,143,56,1,-1,-1,-1
217,60,1226,194,119,47,1,-1,-1,-1
217,61,1265,159,119,41,1,-1,-1,-1
217,63,1321,95,101,34,1,-1,-1,-1
217,64,1353,73,95,35,1,-1,-1,-1
217,118,983,862,368,208,1,-1,-1,-1
217,120,120,349,201,106,1,-1,-1,-1
217,121,2,306,101,101,1,-1,-1,-1
217,122,46,405,186,120,1,-1,-1,-1
217,125,1629,148,46,52,1,-1,-1,-1
217,135,1297,130,95,41,1,-1,-1,-1
218,6,289,391,215,110,1,-1,-1,-1
218,7,740,338,192,102,1,-1,-1,-1
218,8,548,305,181,95,1,-1,-1,-1
218,9,1376,295,85,96,1,-1,-1,-1
218,10,1397,238,76,81,1,-1,-1,-1
218,11,1448,201,62,71,1,-1,-1,-1
218,12,1463,164,51,51,1,-1,-1,-1
218,13,1492,135,45,51,1,-1,-1,-1
218,54,1019,310,161,96,1,-1,-1,-1
218,55,1054,294,151,71,1,-1,-1,-1
218,56,1056,260,172,61,1,-1,-1,-1
218,57,1077,238,106,39,1,-1,-1,-1
218,58,1111,223,155,61,1,-1,-1,-1
218,59,1149,188,142,56,1,-1,-1,-1
218,60,1226,194,118,47,1,-1,-1,-1
218,61,1265,158,119,41,1,-1,-1,-1
218,63,1321,95,101,34,1,-1,-1,-1
218,64,1353,73,95,35,1,-1,-1,-1
218,118,1006,868,379,202,1,-1,-1,-1
218,120,121,349,201,106,1,-1,-1,-1
218,121,2,305,101,102,1,-1,-1,-1
218,122,39,403,180,120,1,-1,-1,-1
218,125,1629,148,46,52,1,-1,-1,-1
218,135,1297,130,95,41,1,-1,-1,-1
219,6,289,391,215,110,1,-1,-1,-1
219,7,740,338,192,101,1,-1,-1,-1
219,8,548,305,181,95,1,-1,-1,-1
219,9,1375,295,85,96,1,-1,-1,-1
219,10,1397,238,76,81,1,-1,-1,-1
219,11,1448,201,61,71,1,-1,-1,-1
219,12,1463,164,51,51,1,-1,-1,-1
219,13,1492,135,45,51,1,-1,-1,-1
219,54,1020,310,161,96,1,-1,-1,-1
219,55,1053,294,152,71,1,-1,-1,-1
219,56,1056,259,172,61,1,-1,-1,-1
219,57,1075,238,106,40,1,-1,-1,-1
219,58,1111,222,155,62,1,-1,-1,-1
219,59,1148,187,143,56,1,-1,-1,-1
219,60,1226,194,118,47,1,-1,-1,-1
219,61,1266,158,119,41,1,-1,-1,-1
219,63,1321,95,101,34,1,-1,-1,-1
219,64,1352,72,95,35,1,-1,-1,-1
219,118,1029,874,390,196,1,-1,-1,-1
219,120,121,348,201,106,1,-1,-1,-1
219,121,2,305,101,101,1,-1,-1,-1
219,122,31,400,175,121,1,-1,-1,-1
219,125,1629,148,46,52,1,-1,-1,-1
219,135,1296,130,95,41,1,-1,-1,-1
220,6,289,391,214,110,1,-1,-1,-1
220,7,740,338,192,101,1,-1,-1,-1
220,8,548,304,181,95,1,-1,-1,-1
220,9,1375,295,85,96,1,-1,-1,-1
220,10,1397,238,76,81,1,-1,-1,-1
220,11,1447,201,62,71,1,-1,-1,-1
220,12,1462,164,51,51,1,-1,-1,-1
220,13,1492,135,45,51,1,-1,-1,-1
220,54,1020,309,161,97,1,-1,-1,-1
220,55,1053,294,152,71,1,-1,-1,-1
220,56,1056,259,172,61,1,-1,-1,-1
220,57,1074,238,106,41,1,-1,-1,-1
220,58,1111,222,155,62,1,-1,-1,-1
220,59,1148,187,143,56,1,-1,-1,-1
220,60,1226,193,118,47,1,-1,-1,-1
220,61,1265,157,119,41,1,-1,-1,-1
220,63,1321,94,101,35,1,-1,-1,-1
220,64,1352,72,95,35,1,-1,-1,-1
220,118,1052,881,401,190,1,-1,-1,-1
220,120,121,348,201,106,1,-1,-1,-1
220,121,3,305,101,101,1,-1,-1,-1
220,122,23,398,170,120,1,-1,-1,-1
220,125,1629,148,46,52,1,-1,-1,-1
220,135,1296,130,95,41,1,-1,-1,-1
221,6,289,392,214,110,1,-1,-1,-1
221,7,740,338,192,101,1,-1,-1,-1
221,8,548,304,181,95,1,-1,-1,-1
221,9,1374,295,85,96,1,-1,-1,-1
221,10,1396,238,76,81,1,-1,-1,-1
221,11,1447,201,61,71,1,-1,-1,-1
221,12,1462,163,51,51,1,-1,-1,-1
221,13,1492,135,45,51,1,-1,-1,-1
221,54,1020,309,161,97,1,-1,-1,-1
221,55,1052,295,152,71,1,-1,-1,-1
221,56,1056,259,172,61,1,-1,-1,-1
221,57,1074,236,106,43,1,-1,-1,-1
221,58,1111,222,155,62,1,-1,-1,-1
221,59,1147,186,143,56,1,-1,-1,-1
221,60,1226,193,118,47,1,-1,-1,-1
221,61,1265,157,119,41,1,-1,-1,-1
221,63,1321,94,101,35,1,-1,-1,-1
221,64,1352,72,94,35,1,-1,-1,-1
221,118,1083,889,389,181,1,-1,-1,-1
221,120,122,348,201,106,1,-1,-1,-1
221,121,3,305,101,101,1,-1,-1,-1
221,122,15,395,165,121,1,-1,-1,-1
221,125,1629,147,46,53,1,-1,-1,-1
221,135,1295,130,95,41,1,-1,-1,-1
222,6,290,392,213,110,1,-1,-1,-1
222,7,740,338,192,100,1,-1,-1,-1
222,8,548,304,181,95,1,-1,-1,-1
222,9,1374,295,85,96,1,-1,-1,-1
222,10,1396,238,76,81,1,-1,-1,-1
222,11,1447,201,61,71,1,-1,-1,-1
222,12,1461,163,51,51,1,-1,-1,-1
222,13,1492,135,45,51,1,-1,-1,-1
222,54,1020,309,161,97,1,-1,-1,-1
222,55,1052,295,152,71,1,-1,-1,-1
222,56,1056,258,172,61,1,-1,-1,-1
222,57,1074,235,106,44,1,-1,-1,-1
222,58,1111,221,155,62,1,-1,-1,-1
222,59,1147,186,143,56,1,-1,-1,-1
222,60,1226,193,118,47,1,-1,-1,-1
222,61,1264,157,119,41,1,-1,-1,-1
222,63,1322,94,101,35,1,-1,-1,-1
222,64,1352,72,94,35,1,-1,-1,-1
222,118,1114,897,378,173,1,-1,-1,-1
222,120,122,347,201,106,1,-1,-1,-1
222,121,3,304,101,102,1,-1,-1,-1
222,122,7,393,160,121,1,-1,-1,-1
222,125,1629,147,46,53,1,-1,-1,-1
222,135,1295,130,95,41,1,-1,-1,-1
223,6,290,392,213,110,1,-1,-1,-1
223,7,740,338,192,100,1,-1,-1,-1
223,8,548,304,181,95,1,-1,-1,-1
223,9,1374,295,85,96,1,-1,-1,-1
223,10,1396,237,76,81,1,-1,-1,-1
223,11,1446,200,62,71,1,-1,-1,-1
223,12,1461,163,51,51,1,-1,-1,-1
223,13,1492,135,45,51,1,-1,-1,-1
223,54,1020,309,161,97,1,-1,-1,-1
223,55,1051,295,152,71,1,-1,-1,-1
223,56,1056,258,172,61,1,-1,-1,-1
223,57,1075,234,106,45,1,-1,-1,-1
223,58,1111,221,155,62,1,-1,-1,-1
223,59,1146,185,143,56,1,-1,-1,-1
223,60,1227,193,118,47,1,-1,-1,-1
223,61,1264,157,119,41,1,-1,-1,-1
223,63,1321,94,101,35,1,-1,-1,-1
223,64,1352,72,93,35,1,-1,-1,-1
223,118,1146,905,366,164,1,-1,-1,-1
223,120,122,347,201,106,1,-1,-1,-1
223,121,3,304,101,101,1,-1,-1,-1
223,122,0,391,154,121,1,-1,-1,-1
223,125,1629,147,46,53,1,-1,-1,-1
223,135,1295,130,95,41,1,-1,-1,-1
224,6,290,392,213,110,1,-1,-1,-1
224,7,740,339,192,99,1,-1,-1,-1
224,8,548,303,181,95,1,-1,-1,-1
224,9,1373,295,85,96,1,-1,-1,-1
224,10,1396,237,76,81,1,-1,-1,-1
224,11,1446,200,61,71,1,-1,-1,-1
224,12,1461,163,51,51,1,-1,-1,-1
224,13,1492,135,45,51,1,-1,-1,-1
224,54,1020,309,161,97,1,-1,-1,-1
224,55,1051,295,152,71,1,-1,-1,-1
224,56,1056,258,172,61,1,-1,-1,-1
224,57,1075,235,106,41,1,-1,-1,-1
224,58,1111,221,155,62,1,-1,-1,-1
224,59,1146,185,143,56,1,-1,-1,-1
224,60,1228,193,118,47,1,-1,-1,-1
224,61,1263,157,119,41,1,-1,-1,-1
224,63,1321,94,101,35,1,-1,-1,-1
224,64,1352,72,93,35,1,-1,-1,-1
224,118,1177,914,355,155,1,-1,-1,-1
224,120,123,347,201,106,1,-1,-1,-1
224,121,3,304,101,101,1,-1,-1,-1
224,122,0,389,145,118,1,-1,-1,-1
224,125,1629,147,46,52,1,-1,-1,-1
224,135,1294,130,95,41,1,-1,-1,-1
225,6,290,392,213,110,1,-1,-1,-1
225,7,740,338,192,99,1,-1,-1,-1
225,8,548,303,181,95,1,-1,-1,-1
225,9,1373,295,85,96,1,-1,-1,-1
225,10,1395,237,76,81,1,-1,-1,-1
225,11,1446,200,61,71,1,-1,-1,-1
225,12,1460,163,51,51,1,-1,-1,-1
225,13,1492,135,45,51,1,-1,-1,-1
225,54,1021,309,161,97,1,-1,-1,-1
225,55,1051,296,152,71,1,-1,-1,-1
225,56,1056,258,172,61,1,-1,-1,-1
225,57,1075,237,107,37,1,-1,-1,-1
225,58,1111,221,155,62,1,-1,-1,-1
225,59,1146,185,143,56,1,-1,-1,-1
225,60,1229,193,118,47,1,-1,-1,-1
225,61,1263,157,119,41,1,-1,-1,-1
225,63,1320,94,101,35,1,-1,-1,-1
225,64,1352,72,92,35,1,-1,-1,-1
225,118,1208,922,343,147,1,-1,-1,-1
225,120,123,346,201,106,1,-1,-1,-1
225,121,3,304,101,101,1,-1,-1,-1
225,122,0,388,136,114,1,-1,-1,-1
225,125,1629,147,46,52,1,-1,-1,-1
225,135,1294,130,95,41,1,-1,-1,-1
226,5,1552,710,342,193,1,-1,-1,-1
226,6,290,392,213,110,1,-1,-1,-1
226,7,740,337,192,100,1,-1,-1,-1
226,8,548,303,181,95,1,-1,-1,-1
226,9,1373,294,85,96,1,-1,-1,-1
226,10,1395,237,76,81,1,-1,-1,-1
226,11,1445,200,62,71,1,-1,-1,-1
226,12,1460,163,51,51,1,-1,-1,-1
226,13,1491,134,45,51,1,-1,-1,-1
226,54,1020,308,161,97,1,-1,-1,-1
226,55,1050,295,152,71,1,-1,-1,-1
226,56,1055,257,172,61,1,-1,-1,-1
226,57,1074,236,107,37,1,-1,-1,-1
226,58,1110,221,155,62,1,-1,-1,-1
226,59,1145,184,143,56,1,-1,-1,-1
226,60,1230,194,118,47,1,-1,-1,-1
226,61,1263,157,119,41,1,-1,-1,-1
226,63,1320,94,101,35,1,-1,-1,-1
226,64,1352,72,92,35,1,-1,-1,-1
226,118,1240,930,331,138,1,-1,-1,-1
226,120,123,346,201,106,1,-1,-1,-1
226,121,3,303,101,102,1,-1,-1,-1
226,122,0,387,127,110,1,-1,-1,-1
226,125,1629,147,46,52,1,-1,-1,-1
226,135,1293,130,95,41,1,-1,-1,-1
227,5,1558,712,340,194,1,-1,-1,-1
227,6,291,392,212,110,1,-1,-1,-1
227,7,740,337,192,99,1,-1,-1,-1
227,8,548,303,181,95,1,-1,-1,-1
227,9,1372,294,85,96,1,-1,-1,-1
227,10,1395,237,76,81,1,-1,-1,-1
227,11,1445,200,61,71,1,-1,-1,-1
227,12,1459,163,51,51,1,-1,-1,-1
227,13,1491,134,45,51,1,-1,-1,-1
227,54,1019,308,161,97,1,-1,-1,-1
227,55,1050,294,152,71,1,-1,-1,-1
227,56,1054,257,172,61,1,-1,-1,-1
227,57,1073,236,107,37,1,-1,-1,-1
227,58,1110,221,155,62,1,-1,-1,-1
227,59,1144,184,143,56,1,-1,-1,-1
227,60,1231,194,118,47,1,-1,-1,-1
227,61,1262,157,119,41,1,-1,-1,-1
227,63,1320,94,101,35,1,-1,-1,-1
227,64,1352,72,91,35,1,-1,-1,-1
227,118,1271,938,320,130,1,-1,-1,-1
227,120,124,346,201,106,1,-1,-1,-1
227,121,4,303,101,101,1,-1,-1,-1
227,122,0,386,119,106,1,-1,-1,-1
227,125,1629,147,46,52,1,-1,-1,-1
227,135,1293,130,95,41,1,-1,-1,-1
228,5,1564,715,338,194,1,-1,-1,-1
228,6,291,393,212,110,1,-1,-1,-1
228,7,740,336,192,100,1,-1,-1,-1
228,8,549,302,181,95,1,-1,-1,-1
228,9,1372,294,85,96,1,-1,-1,-1
228,10,1395,237,76,81,1,-1,-1,-1
228,11,1445,200,61,71,1,-1,-1,-1
228,12,1459,163,51,51,1,-1,-1,-1
228,13,1490,134,45,51,1,-1,-1,-1
228,54,1018,308,161,97,1,-1,-1,-1
228,55,1050,294,152,71,1,-1,-1,-1
228,56,1054,257,172,61,1,-1,-1,-1
228,57,1072,236,107,36,1,-1,-1,-1
228,58,1109,221,155,62,1,-1,-1,-1
228,59,1144,184,143,56,1,-1,-1,-1
228,60,1232,194,118,47,1,-1,-1,-1
228,61,1262,157,119,41,1,-1,-1,-1
228,63,1319,94,101,35,1,-1,-1,-1
228,64,1352,72,91,35,1,-1,-1,-1
228,120,124,345,201,106,1,-1,-1,-1
228,121,4,303,101,101,1,-1,-1,-1
228,122,0,384,101,101,1,-1,-1,-1
228,125,1629,147,46,52,1,-1,-1,-1
228,135,1293,130,95,41,1,-1,-1,-1
229,5,1560,713,339,194,1,-1,-1,-1
229,6,291,393,211,110,1,-1,-1,-1
229,7,740,336,192,100,1,-1,-1,-1
229,8,549,302,181,95,1,-1,-1,-1
229,9,1372,294,85,96,1,-1,-1,-1
229,10,1395,237,76,81,1,-1,-1,-1
229,11,1444,200,62,71,1,-1,-1,-1
229,12,1459,163,51,51,1,-1,-1,-1
229,13,1490,134,45,51,1,-1,-1,-1
229,54,1017,307,161,97,1,-1,-1,-1
229,55,1049,293,152,71,1,-1,-1,-1
229,56,1053,256,172,61,1,-1,-1,-1
229,57,1071,236,107,36,1,-1,-1,-1
229,58,1109,221,155,62,1,-1,-1,-1
229,59,1143,184,143,56,1,-1,-1,-1
229,60,1233,194,118,47,1,-1,-1,-1
229,61,1262,157,119,41,1,-1,-1,-1
229,63,1319,95,101,34,1,-1,-1,-1
229,64,1352,72,90,35,1,-1,-1,-1
229,120,124,345,201,106,1,-1,-1,-1
229,121,4,302,101,102,1,-1,-1,-1
229,122,0,382,84,96,1,-1,-1,-1
229,125,1629,146,46,53,1,-1,-1,-1
229,135,1292,130,95,41,1,-1,-1,-1
230,5,1556,711,340,194,1,-1,-1,-1
230,6,291,393,211,110,1,-1,-1,-1
230,7,740,335,192,100,1,-1,-1,-1
230,8,549,302,181,95,1,-1,-1,-1
230,9,1371,294,85,96,1,-1,-1,-1
230,10,1394,236,76,81,1,-1,-1,-1
230,11,1444,199,61,71,1,-1,-1,-1
230,12,1458,162,51,51,1,-1,-1,-1
230,13,1489,134,45,51,1,-1,-1,-1
230,54,1017,307,161,97,1,-1,-1,-1
230,55,1049,292,152,71,1,-1,-1,-1
230,56,1053,256,172,61,1,-1,-1,-1
230,57,1071,236,106,36,1,-1,-1,-1
230,58,1109,221,155,62,1,-1,-1,-1
230,59,1143,184,143,56,1,-1,-1,-1
230,60,1234,195,119,47,1,-1,-1,-1
230,61,1262,157,119,41,1,-1,-1,-1
230,63,1319,95,101,34,1,-1,-1,-1
230,64,1352,72,90,35,1,-1,-1,-1
230,120,125,345,201,106,1,-1,-1,-1
230,121,4,302,101,101,1,-1,-1,-1
230,122,0,380,67,91,1,-1,-1,-1
230,125,1629,146,46,53,1,-1,-1,-1
230,135,1292,130,95,41,1,-1,-1,-1
231,5,1552,710,342,193,1,-1,-1,-1
231,6,291,393,211,110,1,-1,-1,-1
231,7,740,335,192,100,1,-1,-1,-1
231,8,549,301,181,95,1,-1,-1,-1
231,9,1371,294,85,96,1,-1,-1,-1
231,10,1394,236,76,81,1,-1,-1,-1
231,11,1444,199,61,71,1,-1,-1,-1
231,12,1458,162,51,51,1,-1,-1,-1
231,13,1489,134,45,51,1,-1,-1,-1
231,54,1016,307,161,97,1,-1,-1,-1
231,55,1049,292,152,71,1,-1,-1,-1
231,56,1052,256,172,61,1,-1,-1,-1
231,57,1071,236,105,36,1,-1,-1,-1
231,58,1108,221,155,62,1,-1,-1,-1
231,59,1142,184,143,56,1,-1,-1,-1
231,60,1233,194,119,47,1,-1,-1,-1
231,61,1262,157,119,41,1,-1,-1,-1
231,63,1318,95,101,34,1,-1,-1,-1
231,64,1352,72,89,35,1,-1,-1,-1
231,120,125,344,201,106,1,-1,-1,-1
231,121,4,302,101,101,1,-1,-1,-1
231,125,1629,146,46,53,1,-1,-1,-1
231,135,1291,130,95,41,1,-1,-1,-1
232,5,1526,703,338,191,1,-1,-1,-1
232,6,292,393,210,110,1,-1,-1,-1
232,7,740,334,192,101,1,-1,-1,-1
232,8,549,301,181,95,1,-1,-1,-1
232,9,1371,294,85,96,1,-1,-1,-1
232,10,1394,236,76,81,1,-1,-1,-1
232,11,1443,199,62,71,1,-1,-1,-1
232,12,1458,162,51,51,1,-1,-1,-1
232,13,1488,133,45,51,1,-1,-1,-1
232,54,1015,306,161,98,1,-1,-1,-1
232,55,1048,291,152,71,1,-1,-1,-1
232,56,1052,256,172,61,1,-1,-1,-1
232,57,1071,237,105,35,1,-1,-1,-1
232,58,1108,221,155,62,1,-1,-1,-1
232,59,1142,184,142,56,1,-1,-1,-1
232,60,1232,193,119,47,1,-1,-1,-1
232,61,1261,157,119,41,1,-1,-1,-1
232,63,1318,95,101,34,1,-1,-1,-1
232,64,1352,72,89,35,1,-1,-1,-1
232,120,125,344,201,106,1,-1,-1,-1
232,121,4,302,101,101,1,-1,-1,-1
232,125,1629,146,46,53,1,-1,-1,-1
232,135,1291,130,95,41,1,-1,-1,-1
233,5,1500,697,335,188,1,-1,-1,-1
233,6,292,393,210,110,1,-1,-1,-1
233,7,740,334,192,100,1,-1,-1,-1
233,8,549,301,181,95,1,-1,-1,-1
233,9,1370,294,85,96,1,-1,-1,-1
233,10,1394,236,76,81,1,-1,-1,-1
233,11,1443,199,61,71,1,-1,-1,-1
233,12,1457,162,51,51,1,-1,-1,-1
233,13,1488,133,45,51,1,-1,-1,-1
233,54,1014,306,161,97,1,-1,-1,-1
233,55,1048,291,152,71,1,-1,-1,-1
233,56,1051,255,172,61,1,-1,-1,-1
233,57,1071,237,105,35,1,-1,-1,-1
233,58,1108,221,155,62,1,-1,-1,-1
233,59,1141,184,143,56,1,-1,-1,-1
233,60,1231,193,119,47,1,-1,-1,-1
233,61,1261,157,119,41,1,-1,-1,-1
233,63,1318,95,101,34,1,-1,-1,-1
233,64,1352,72,88,35,1,-1,-1,-1
233,120,126,344,201,106,1,-1,-1,-1
233,121,5,301,101,102,1,-1,-1,-1
233,125,1629,146,46,53,1,-1,-1,-1
233,135,1291,130,95,41,1,-1,-1,-1
234,5,1475,690,330,186,1,-1,-1,-1
234,6,292,394,210,110,1,-1,-1,-1
234,7,740,333,192,101,1,-1,-1,-1
234,8,549,301,181,95,1,-1,-1,-1
234,9,1370,293,85,96,1,-1,-1,-1
234,10,1394,236,76,81,1,-1,-1,-1
234,11,1443,199,61,71,1,-1,-1,-1
234,12,1457,162,51,51,1,-1,-1,-1
234,13,1487,133,45,51,1,-1,-1,-1
234,54,1014,306,161,97,1,-1,-1,-1
234,55,1048,290,152,71,1,-1,-1,-1
234,56,1051,255,172,61,1,-1,-1,-1
234,57,1071,238,104,34,1,-1,-1,-1
234,58,1107,221,155,62,1,-1,-1,-1
234,59,1141,184,142,56,1,-1,-1,-1
234,60,1230,192,119,47,1,-1,-1,-1
234,61,1261,157,119,41,1,-1,-1,-1
234,63,1317,95,101,34,1,-1,-1,-1
234,64,1352,72,88,35,1,-1,-1,-1
234,120,126,343,201,106,1,-1,-1,-1
234,121,5,301,101,101,1,-1,-1,-1
234,125,1629,146,46,53,1,-1,-1,-1
234,135,1290,130,95,41,1,-1,-1,-1
235,5,1449,684,327,183,1,-1,-1,-1
235,6,292,394,210,110,1,-1,-1,-1
235,7,740,333,192,101,1,-1,-1,-1
235,8,549,300,181,95,1,-1,-1,-1
235,9,1370,293,85,96,1,-1,-1,-1
235,10,1393,236,76,81,1,-1,-1,-1
235,11,1442,199,62,71,1,-1,-1,-1
235,12,1456,162,51,51,1,-1,-1,-1
235,13,1487,133,45,51,1,-1,-1,-1
235,54,1013,305,161,98,1,-1,-1,-1
235,55,1047,289,152,71,1,-1,-1,-1
235,56,1050,255,172,61,1,-1,-1,-1
235,57,1072,238,103,34,1,-1,-1,-1
235,58,1107,221,155,62,1,-1,-1,-1
235,59,1140,184,143,56,1,-1,-1,-1
235,60,1229,192,119,47,1,-1,-1,-1
235,61,1260,157,119,41,1,-1,-1,-1
235,63,1317,95,101,34,1,-1,-1,-1
235,64,1352,72,87,35,1,-1,-1,-1
235,120,126,343,201,106,1,-1,-1,-1
235,121,5,301,101,101,1,-1,-1,-1
235,125,1629,146,46,53,1,-1,-1,-1
235,135,1290,130,95,41,1,-1,-1,-1
236,5,1423,678,324,180,1,-1,-1,-1
236,6,292,394,210,110,1,-1,-1,-1
236,7,740,332,192,101,1,-1,-1,-1
236,8,549,300,181,95,1,-1,-1,-1
236,9,1369,293,85,96,1,-1,-1,-1
236,10,1393,236,76,81,1,-1,-1,-1
236,11,1442,199,61,71,1,-1,-1,-1
236,12,1456,162,51,51,1,-1,-1,-1
236,13,1487,133,45,51,1,-1,-1,-1
236,54,1012,305,161,98,1,-1,-1,-1
236,55,1047,289,152,71,1,-1,-1,-1
236,56,1050,255,172,61,1,-1,-1,-1
236,57,1072,239,103,33,1,-1,-1,-1
236,58,1107,221,155,62,1,-1,-1,-1
236,59,1140,184,142,56,1,-1,-1,-1
236,60,1228,191,119,47,1,-1,-1,-1
236,61,1260,157,119,41,1,-1,-1,-1
236,63,1317,96,101,34,1,-1,-1,-1
236,64,1352,72,87,35,1,-1,-1,-1
236,120,127,343,201,106,1,-1,-1,-1
236,121,5,300,101,102,1,-1,-1,-1
236,125,1629,146,46,53,1,-1,-1,-1
236,135,1290,130,95,41,1,-1,-1,-1
237,5,1398,671,319,179,1,-1,-1,-1
237,6,293,394,209,110,1,-1,-1,-1
237,7,740,331,192,102,1,-1,-1,-1
237,8,549,300,181,95,1,-1,-1,-1
237,9,1369,293,85,96,1,-1,-1,-1
237,10,1393,235,76,81,1,-1,-1,-1
237,11,1442,198,61,71,1,-1,-1,-1
237,12,1456,162,51,51,1,-1,-1,-1
237,13,1486,133,45,51,1,-1,-1,-1
237,54,1011,305,161,97,1,-1,-1,-1
237,55,1047,288,152,71,1,-1,-1,-1
237,56,1049,254,172,61,1,-1,-1,-1
237,57,1072,239,102,33,1,-1,-1,-1
237,58,1106,221,155,62,1,-1,-1,-1
237,59,1139,184,142,55,1,-1,-1,-1
237,60,1228,191,119,47,1,-1,-1,-1
237,61,1260,158,119,41,1,-1,-1,-1
237,63,1316,95,101,34,1,-1,-1,-1
237,64,1352,72,86,35,1,-1,-1,-1
237,120,127,342,201,106,1,-1,-1,-1
237,121,5,300,101,102,1,-1,-1,-1
237,125,1628,145,46,53,1,-1,-1,-1
237,135,1289,130,95,41,1,-1,-1,-1
238,5,1372,665,316,176,1,-1,-1,-1
238,6,293,394,208,110,1,-1,-1,-1
238,7,740,331,192,102,1,-1,-1,-1
238,8,549,300,181,95,1,-1,-1,-1
238,9,1369,293,85,96,1,-1,-1,-1
238,10,1393,235,76,81,1,-1,-1,-1
238,11,1441,198,62,71,1,-1,-1,-1
238,12,1455,162,51,51,1,-1,-1,-1
238,13,1486,133,45,51,1,-1,-1,-1
238,54,1010,304,161,98,1,-1,-1,-1
238,55,1047,288,151,71,1,-1,-1,-1
238,56,1048,254,172,61,1,-1,-1,-1
238,57,1072,240,102,32,1,-1,-1,-1
238,58,1106,221,155,62,1,-1,-1,-1
238,59,1138,184,143,55,1,-1,-1,-1
238,60,1227,191,119,47,1,-1,-1,-1
238,61,1260,158,119,41,1,-1,-1,-1
238,63,1315,95,101,34,1,-1,-1,-1
238,64,1352,72,86,34,1,-1,-1,-1
238,120,127,342,201,106,1,-1,-1,-1
238,121,5,300,101,101,1,-1,-1,-1
238,125,1627,145,46,53,1,-1,-1,-1
238,135,1289,130,95,41,1,-1,-1,-1
239,5,1347,659,312,173,1,-1,-1,-1
239,6,293,394,208,110,1,-1,-1,-1
239,7,740,330,192,102,1,-1,-1,-1
239,8,549,299,181,95,1,-1,-1,-1
239,9,1368,293,85,96,1,-1,-1,-1
239,10,1393,235,76,81,1,-1,-1,-1
239,11,1441,198,61,71,1,-1,-1,-1
239,12,1455,162,51,51,1,-1,-1,-1
239,13,1485,132,45,51,1,-1,-1,-1
239,14,1525,81,47,21,1,-1,-1,-1
239,54,1010,304,161,98,1,-1,-1,-1
239,55,1046,287,152,71,1,-1,-1,-1
239,56,1048,254,172,61,1,-1,-1,-1
239,57,1073,241,101,31,1,-1,-1,-1
239,58,1105,221,155,62,1,-1,-1,-1
239,59,1138,184,142,55,1,-1,-1,-1
239,60,1226,191,119,47,1,-1,-1,-1
239,61,1260,158,119,41,1,-1,-1,-1
239,63,1315,95,101,34,1,-1,-1,-1
239,64,1352,72,85,34,1,-1,-1,-1
239,120,128,342,201,106,1,-1,-1,-1
239,121,5,300,101,101,1,-1,-1,-1
239,125,1626,145,46,53,1,-1,-1,-1
239,135,1288,130,95,41,1,-1,-1,-1
240,5,1321,652,308,171,1,-1,-1,-1
240,6,293,394,208,110,1,-1,-1,-1
240,7,740,330,192,102,1,-1,-1,-1
240,8,549,299,181,95,1,-1,-1,-1
240,9,1368,293,85,96,1,-1,-1,-1
240,10,1392,235,76,81,1,-1,-1,-1
240,11,1441,198,61,71,1,-1,-1,-1
240,12,1454,161,51,51,1,-1,-1,-1
240,13,1485,132,45,51,1,-1,-1,-1
240,14,1524,80,47,22,1,-1,-1,-1
240,54,1009,304,161,97,1,-1,-1,-1
240,55,1046,286,152,71,1,-1,-1,-1
240,56,1047,253,172,61,1,-1,-1,-1
240,57,1072,240,102,31,1,-1,-1,-1
240,58,1105,221,155,62,1,-1,-1,-1
240,59,1137,184,143,55,1,-1,-1,-1
240,60,1226,191,119,47,1,-1,-1,-1
240,61,1260,158,119,41,1,-1,-1,-1
240,63,1314,94,101,35,1,-1,-1,-1
240,64,1352,72,85,34,1,-1,-1,-1
240,120,128,341,201,106,1,-1,-1,-1
240,121,6,299,101,102,1,-1,-1,-1
240,125,1625,145,46,53,1,-1,-1,-1
240,135,1288,130,95,41,1,-1,-1,-1
241,5,1295,646,305,168,1,-1,-1,-1
241,6,293,395,208,110,1,-1,-1,-1
241,7,740,329,192,103,1,-1,-1,-1
241,8,549,299,181,95,1,-1,-1,-1
241,9,1367,293,85,96,1,-1,-1,-1
241,10,1392,235,76,81,1,-1,-1,-1
241,11,1440,198,61,71,1,-1,-1,-1
241,12,1454,161,51,51,1,-1,-1,-1
241,13,1484,132,45,51,1,-1,-1,-1
241,14,1523,79,47,24,1,-1,-1,-1
241,54,1008,303,161,98,1,-1,-1,-1
241,55,1046,286,151,71,1,-1,-1,-1
241,56,1047,253,172,61,1,-1,-1,-1
241,57,1071,239,103,32,1,-1,-1,-1
241,58,1105,221,155,62,1,-1,-1,-1
241,59,1137,184,142,55,1,-1,-1,-1
241,60,1225,191,119,47,1,-1,-1,-1
241,61,1260,158,119,41,1,-1,-1,-1
241,63,1314,94,101,35,1,-1,-1,-1
241,64,1352,72,84,34,1,-1,-1,-1
241,120,128,341,201,106,1,-1,-1,-1
241,121,6,299,101,102,1,-1,-1,-1
241,125,1624,145,46,53,1,-1,-1,-1
241,135,1288,130,95,41,1,-1,-1,-1
242,5,1270,639,300,167,1,-1,-1,-1
242,6,294,395,207,110,1,-1,-1,-1
242,7,740,329,192,102,1,-1,-1,-1
242,8,549,299,181,95,1,-1,-1,-1
242,9,1367,292,85,96,1,-1,-1,-1
242,10,1392,235,76,81,1,-1,-1,-1
242,11,1440,198,61,71,1,-1,-1,-1
242,12,1454,161,51,51,1,-1,-1,-1
242,13,1484,132,45,51,1,-1,-1,-1
242,14,1522,78,47,25,1,-1,-1,-1
242,54,1007,303,161,98,1,-1,-1,-1
242,55,1045,285,152,71,1,-1,-1,-1
242,56,1046,253,172,61,1,-1,-1,-1
242,57,1070,238,104,33,1,-1,-1,-1
242,58,1104,221,155,62,1,-1,-1,-1
242,59,1136,184,142,55,1,-1,-1,-1
242,60,1224,191,119,47,1,-1,-1,-1
242,61,1260,158,119,41,1,-1,-1,-1
242,63,1313,94,101,34,1,-1,-1,-1
242,64,1352,72,84,34,1,-1,-1,-1
242,120,129,341,201,106,1,-1,-1,-1
242,121,6,299,101,101,1,-1,-1,-1
242,125,1623,145,46,53,1,-1,-1,-1
242,135,1287,130,95,41,1,-1,-1,-1
243,5,1244,633,297,164,1,-1,-1,-1
243,6,294,395,207,110,1,-1,-1,-1
243,7,740,328,193,103,1,-1,-1,-1
243,8,549,298,181,95,1,-1,-1,-1
243,9,1367,292,85,96,1,-1,-1,-1
243,10,1392,235,76,81,1,-1,-1,-1
243,11,1440,198,61,71,1,-1,-1,-1
243,12,1453,161,51,51,1,-1,-1,-1
243,13,1483,132,45,51,1,-1,-1,-1
243,14,1521,77,47,27,1,-1,-1,-1
243,54,1007,303,161,98,1,-1,-1,-1
243,55,1045,285,152,71,1,-1,-1,-1
243,56,1046,253,172,61,1,-1,-1,-1
243,57,1069,237,105,34,1,-1,-1,-1
243,58,1104,221,155,62,1,-1,-1,-1
243,59,1136,184,142,55,1,-1,-1,-1
243,60,1224,191,119,47,1,-1,-1,-1
243,61,1261,158,119,41,1,-1,-1,-1
243,63,1313,94,101,34,1,-1,-1,-1
243,64,1352,72,83,34,1,-1,-1,-1
243,120,129,340,201,106,1,-1,-1,-1
243,121,6,299,101,101,1,-1,-1,-1
243,125,1622,145,46,53,1,-1,-1,-1
243,135,1287,130,95,41,1,-1,-1,-1
244,5,1218,627,294,161,1,-1,-1,-1
244,6,294,395,207,110,1,-1,-1,-1
244,7,740,328,193,103,1,-1,-1,-1
244,8,549,298,181,95,1,-1,-1,-1
244,9,1366,292,85,96,1,-1,-1,-1
244,10,1391,234,76,81,1,-1,-1,-1
244,11,1439,197,61,71,1,-1,-1,-1
244,12,1453,161,51,51,1,-1,-1,-1
244,13,1483,132,45,51,1,-1,-1,-1
244,14,1520,76,48,28,1,-1,-1,-1
244,54,1006,302,161,98,1,-1,-1,-1
244,55,1045,284,151,71,1,-1,-1,-1
244,56,1045,252,172,61,1,-1,-1,-1
244,57,1069,236,105,35,1,-1,-1,-1
244,58,1104,221,155,62,1,-1,-1,-1
244,59,1135,184,142,55,1,-1,-1,-1
244,60,1223,191,119,47,1,-1,-1,-1
244,61,1260,158,119,41,1,-1,-1,-1
244,63,1312,93,101,35,1,-1,-1,-1
244,64,1352,72,83,34,1,-1,-1,-1
244,120,129,340,201,106,1,-1,-1,-1
244,121,6,298,101,102,1,-1,-1,-1
244,125,1621,145,46,53,1,-1,-1,-1
244,135,1286,130,95,41,1,-1,-1,-1
245,5,1193,620,289,159,1,-1,-1,-1
245,6,294,395,207,110,1,-1,-1,-1
245,7,740,327,193,103,1,-1,-1,-1
245,8,550,298,181,95,1,-1,-1,-1
245,9,1366,292,85,96,1,-1,-1,-1
245,10,1391,234,76,81,1,-1,-1,-1
245,11,1439,197,61,71,1,-1,-1,-1
245,12,1453,161,51,51,1,-1,-1,-1
245,13,1483,132,45,51,1,-1,-1,-1
245,14,1519,75,48,30,1,-1,-1,-1
245,54,1005,302,161,98,1,-1,-1,-1
245,55,1044,283,152,71,1,-1,-1,-1
245,56,1045,252,172,61,1,-1,-1,-1
245,57,1066,237,121,39,1,-1,-1,-1
245,58,1103,221,155,62,1,-1,-1,-1
245,59,1135,184,142,55,1,-1,-1,-1
245,60,1222,191,119,47,1,-1,-1,-1
245,61,1260,158,118,41,1,-1,-1,-1
245,63,1312,93,101,35,1,-1,-1,-1
245,64,1352,72,82,34,1,-1,-1,-1
245,120,130,340,201,106,1,-1,-1,-1
245,121,6,298,101,102,1,-1,-1,-1
245,125,1620,145,46,53,1,-1,-1,-1
245,135,1286,130,95,41,1,-1,-1,-1
246,5,1167,614,286,156,1,-1,-1,-1
246,6,294,395,207,110,1,-1,-1,-1
246,7,740,327,193,103,1,-1,-1,-1
246,8,550,297,181,95,1,-1,-1,-1
246,9,1366,292,85,96,1,-1,-1,-1
246,10,1391,234,76,81,1,-1,-1,-1
246,11,1439,197,61,71,1,-1,-1,-1
246,12,1452,161,51,51,1,-1,-1,-1
246,13,1482,131,45,52,1,-1,-1,-1
246,14,1518,75,48,31,1,-1,-1,-1
246,54,1004,302,161,98,1,-1,-1,-1
246,55,1044,283,152,71,1,-1,-1,-1
246,56,1044,252,172,61,1,-1,-1,-1
246,57,1064,239,136,43,1,-1,-1,-1
246,58,1103,221,155,62,1,-1,-1,-1
246,59,1134,184,142,55,1,-1,-1,-1
246,60,1222,192,119,47,1,-1,-1,-1
246,61,1259,158,118,41,1,-1,-1,-1
246,63,1311,93,101,35,1,-1,-1,-1
246,64,1352,72,82,34,1,-1,-1,-1
246,120,130,339,201,106,1,-1,-1,-1
246,121,7,298,101,101,1,-1,-1,-1
246,125,1620,145,46,52,1,-1,-1,-1
246,135,1286,130,95,41,1,-1,-1,-1
247,5,1142,608,282,154,1,-1,-1,-1
247,6,295,396,206,110,1,-1,-1,-1
247,7,740,326,193,104,1,-1,-1,-1
247,8,550,297,181,95,1,-1,-1,-1
247,9,1365,292,85,96,1,-1,-1,-1
247,10,1391,234,76,81,1,-1,-1,-1
247,11,1438,197,61,71,1,-1,-1,-1
247,12,1452,161,51,51,1,-1,-1,-1
247,13,1481,131,45,52,1,-1,-1,-1
247,14,1517,74,48,32,1,-1,-1,-1
247,54,1004,302,161,98,1,-1,-1,-1
247,55,1044,282,151,71,1,-1,-1,-1
247,56,1044,252,172,61,1,-1,-1,-1
247,57,1062,241,151,47,1,-1,-1,-1
247,58,1103,222,155,62,1,-1,-1,-1
247,59,1134,184,142,55,1,-1,-1,-1
247,60,1221,192,119,47,1,-1,-1,-1
247,61,1259,158,118,42,1,-1,-1,-1
247,63,1311,93,101,35,1,-1,-1,-1
247,64,1352,72,81,34,1,-1,-1,-1
247,120,130,339,201,106,1,-1,-1,-1
247,121,7,297,101,102,1,-1,-1,-1
247,125,1619,145,46,52,1,-1,-1,-1
247,135,1285,130,95,41,1,-1,-1,-1
248,5,1123,601,279,152,1,-1,-1,-1
248,6,295,395,206,110,1,-1,-1,-1
248,7,740,325,193,104,1,-1,-1,-1
248,8,550,297,181,95,1,-1,-1,-1
248,9,1365,292,85,96,1,-1,-1,-1
248,10,1391,234,76,81,1,-1,-1,-1
248,11,1438,197,61,71,1,-1,-1,-1
248,12,1451,161,51,51,1,-1,-1,-1
248,13,1480,131,45,52,1,-1,-1,-1
248,14,1516,73,48,34,1,-1,-1,-1
248,54,1003,300,161,98,1,-1,-1,-1
248,55,1044,282,151,71,1,-1,-1,-1
248,56,1044,252,172,61,1,-1,-1,-1
248,57,1069,236,106,40,1,-1,-1,-1
248,58,1100,221,156,61,1,-1,-1,-1
248,59,1133,184,142,55,1,-1,-1,-1
248,60,1221,192,119,47,1,-1,-1,-1
248,61,1258,157,118,42,1,-1,-1,-1
248,63,1311,93,101,35,1,-1,-1,-1
248,64,1352,72,81,34,1,-1,-1,-1
248,120,131,339,201,106,1,-1,-1,-1
248,121,7,297,101,102,1,-1,-1,-1
248,125,1618,145,46,52,1,-1,-1,-1
248,135,1285,130,95,41,1,-1,-1,-1
249,5,1104,594,277,151,1,-1,-1,-1
249,6,296,394,206,110,1,-1,-1,-1
249,7,740,325,193,104,1,-1,-1,-1
249,8,550,297,181,95,1,-1,-1,-1
249,9,1365,292,85,96,1,-1,-1,-1
249,10,1390,234,76,81,1,-1,-1,-1
249,11,1438,197,61,71,1,-1,-1,-1
249,12,1451,160,51,51,1,-1,-1,-1
249,13,1479,131,45,52,1,-1,-1,-1
249,14,1515,72,49,35,1,-1,-1,-1
249,54,1003,299,161,98,1,-1,-1,-1
249,55,1043,281,152,71,1,-1,-1,-1
249,56,1045,252,172,61,1,-1,-1,-1
249,57,1069,235,105,41,1,-1,-1,-1
249,58,1098,220,156,61,1,-1,-1,-1
249,59,1133,184,142,55,1,-1,-1,-1
249,60,1220,193,119,47,1,-1,-1,-1
249,61,1257,156,118,42,1,-1,-1,-1
249,63,1311,93,101,35,1,-1,-1,-1
249,64,1352,72,80,34,1,-1,-1,-1
249,120,131,338,201,106,1,-1,-1,-1
249,121,7,297,101,102,1,-1,-1,-1
249,125,1617,145,46,52,1,-1,-1,-1
249,135,1284,130,95,41,1,-1,-1,-1
250,5,1085,587,275,150,1,-1,-1,-1
250,6,297,393,205,110,1,-1,-1,-1
250,7,740,324,193,105,1,-1,-1,-1
250,8,550,296,181,95,1,-1,-1,-1
250,9,1364,291,85,96,1,-1,-1,-1
250,10,1390,234,76,81,1,-1,-1,-1
250,11,1437,197,61,71,1,-1,-1,-1
250,12,1451,160,51,51,1,-1,-1,-1
250,13,1478,131,46,52,1,-1,-1,-1
250,14,1514,71,49,37,1,-1,-1,-1
250,54,1003,298,161,98,1,-1,-1,-1
250,55,1043,280,151,71,1,-1,-1,-1
250,56,1046,252,172,61,1,-1,-1,-1
250,57,1069,235,105,41,1,-1,-1,-1
250,58,1096,219,156,61,1,-1,-1,-1
250,59,1132,184,142,56,1,-1,-1,-1
250,60,1220,193,119,47,1,-1,-1,-1
250,61,1256,155,118,42,1,-1,-1,-1
250,63,1311,93,101,35,1,-1,-1,-1
250,64,1352,72,80,34,1,-1,-1,-1
250,120,131,338,201,106,1,-1,-1,-1
250,121,7,297,101,101,1,-1,-1,-1
250,125,1616,145,46,52,1,-1,-1,-1
250,135,1284,130,95,41,1,-1,-1,-1
251,5,1066,580,273,149,1,-1,-1,-1
251,6,298,392,205,110,1,-1,-1,-1
251,7,740,324,193,104,1,-1,-1,-1
251,8,550,296,181,95,1,-1,-1,-1
251,9,1364,291,85,96,1,-1,-1,-1
251,10,1390,233,76,81,1,-1,-1,-1
251,11,1437,196,61,71,1,-1,-1,-1
251,12,1450,160,51,51,1,-1,-1,-1
251,13,1477,131,46,52,1,-1,-1,-1
251,14,1513,70,49,38,1,-1,-1,-1
251,54,1003,296,161,98,1,-1,-1,-1
251,55,1043,280,151,71,1,-1,-1,-1
251,56,1047,252,172,62,1,-1,-1,-1
251,57,1069,235,105,41,1,-1,-1,-1
251,58,1094,218,156,61,1,-1,-1,-1
251,59,1132,185,142,55,1,-1,-1,-1
251,60,1219,193,119,47,1,-1,-1,-1
251,61,1256,154,118,42,1,-1,-1,-1
251,63,1312,93,101,35,1,-1,-1,-1
251,64,1352,72,79,34,1,-1,-1,-1
251,120,132,338,201,106,1,-1,-1,-1
251,121,7,296,101,102,1,-1,-1,-1
251,125,1615,145,46,52,1,-1,-1,-1
251,135,1284,130,95,41,1,-1,-1,-1
252,5,1047,573,271,148,1,-1,-1,-1
252,6,299,391,204,110,1,-1,-1,-1
252,7,740,323,193,105,1,-1,-1,-1
252,8,550,296,181,95,1,-1,-1,-1
252,9,1364,291,85,96,1,-1,-1,-1
252,10,1390,233,76,81,1,-1,-1,-1
252,11,1437,196,61,71,1,-1,-1,-1
252,12,1450,160,51,51,1,-1,-1,-1
252,13,1476,131,46,52,1,-1,-1,-1
252,14,1512,69,49,40,1,-1,-1,-1
252,54,1003,295,161,98,1,-1,-1,-1
252,55,1042,279,152,71,1,-1,-1,-1
252,56,1048,252,172,62,1,-1,-1,-1
252,57,1069,235,105,41,1,-1,-1,-1
252,58,1092,217,156,61,1,-1,-1,-1
252,59,1132,185,142,55,1,-1,-1,-1
252,60,1219,194,119,47,1,-1,-1,-1
252,61,1255,153,118,42,1,-1,-1,-1
252,63,1312,93,101,35,1,-1,-1,-1
252,64,1352,72,79,34,1,-1,-1,-1
252,120,132,337,201,106,1,-1,-1,-1
252,121,7,296,101,102,1,-1,-1,-1
252,125,1614,145,46,52,1,-1,-1,-1
252,135,1283,130,95,41,1,-1,-1,-1
253,5,1028,566,269,147,1,-1,-1,-1
253,6,300,390,204,110,1,-1,-1,-1
253,7,740,323,193,104,1,-1,-1,-1
253,8,550,296,181,95,1,-1,-1,-1
253,9,1363,291,85,96,1,-1,-1,-1
253,10,1390,233,76,81,1,-1,-1,-1
253,11,1436,196,61,71,1,-1,-1,-1
253,12,1449,160,51,51,1,-1,-1,-1
253,13,1475,131,46,52,1,-1,-1,-1
253,14,1512,69,49,41,1,-1,-1,-1
253,54,1003,294,161,98,1,-1,-1,-1
253,55,1042,279,151,71,1,-1,-1,-1
253,56,1049,253,172,61,1,-1,-1,-1
253,57,1069,235,105,41,1,-1,-1,-1
253,58,1090,217,156,60,1,-1,-1,-1
253,59,1131,185,142,56,1,-1,-1,-1
253,60,1218,193,119,47,1,-1,-1,-1
253,61,1254,152,118,42,1,-1,-1,-1
253,63,1312,93,101,35,1,-1,-1,-1
253,64,1352,72,78,34,1,-1,-1,-1
253,120,132,337,201,106,1,-1,-1,-1
253,121,8,296,101,101,1,-1,-1,-1
253,125,1613,145,46,52,1,-1,-1,-1
253,135,1283,130,95,41,1,-1,-1,-1
254,5,1009,560,267,144,1,-1,-1,-1
254,6,301,389,203,110,1,-1,-1,-1
254,7,740,322,193,105,1,-1,-1,-1
254,8,550,295,181,95,1,-1,-1,-1
254,9,1363,291,85,96,1,-1,-1,-1
254,10,1389,233,76,81,1,-1,-1,-1
254,11,1436,196,61,71,1,-1,-1,-1
254,12,1449,160,51,51,1,-1,-1,-1
254,13,1474,131,47,52,1,-1,-1,-1
254,14,1512,69,49,41,1,-1,-1,-1
254,54,1003,293,161,98,1,-1,-1,-1
254,55,1042,278,151,71,1,-1,-1,-1
254,56,1050,253,172,61,1,-1,-1,-1
254,57,1069,235,105,41,1,-1,-1,-1
254,58,1091,217,157,60,1,-1,-1,-1
254,59,1131,185,142,56,1,-1,-1,-1
254,60,1218,192,119,47,1,-1,-1,-1
254,61,1254,152,118,42,1,-1,-1,-1
254,63,1313,93,101,35,1,-1,-1,-1
254,64,1352,72,78,34,1,-1,-1,-1
254,120,133,337,201,106,1,-1,-1,-1
254,121,8,295,101,102,1,-1,-1,-1
254,125,1612,145,46,52,1,-1,-1,-1
254,135,1282,130,95,41,1,-1,-1,-1
255,5,990,553,265,143,1,-1,-1,-1
255,6,302,388,203,110,1,-1,-1,-1
255,7,740,322,193,105,1,-1,-1,-1
255,8,550,295,181,95,1,-1,-1,-1
255,9,1363,291,85,96,1,-1,-1,-1
255,10,1389,233,76,81,1,-1,-1,-1
255,11,1436,196,61,71,1,-1,-1,-1
255,12,1449,160,51,51,1,-1,-1,-1
255,13,1473,131,47,52,1,-1,-1,-1
255,14,1512,70,49,41,1,-1,-1,-1
255,54,1003,291,161,98,1,-1,-1,-1
255,55,1041,277,152,71,1,-1,-1,-1
255,56,1051,253,172,62,1,-1,-1,-1
255,57,1064,234,109,37,1,-1,-1,-1
255,58,1093,217,157,60,1,-1,-1,-1
255,59,1131,186,142,55,1,-1,-1,-1
255,60,1217,191,119,47,1,-1,-1,-1
255,61,1253,152,118,42,1,-1,-1,-1
255,63,1311,92,101,35,1,-1,-1,-1
255,64,1352,72,77,34,1,-1,-1,-1
255,120,133,336,201,106,1,-1,-1,-1
255,121,8,295,101,102,1,-1,-1,-1
255,125,1612,144,46,52,1,-1,-1,-1
255,135,1282,130,95,41,1,-1,-1,-1
256,5,971,546,263,142,1,-1,-1,-1
256,6,303,387,203,110,1,-1,-1,-1
256,7,740,321,193,105,1,-1,-1,-1
256,8,550,295,181,95,1,-1,-1,-1
256,9,1362,291,85,96,1,-1,-1,-1
256,10,1389,233,76,81,1,-1,-1,-1
256,11,1435,196,61,71,1,-1,-1,-1
256,12,1448,160,51,51,1,-1,-1,-1
256,13,1472,131,47,52,1,-1,-1,-1
256,14,1512,71,49,41,1,-1,-1,-1
256,54,1003,290,161,98,1,-1,-1,-1
256,55,1041,277,151,71,1,-1,-1,-1
256,56,1052,253,172,62,1,-1,-1,-1
256,57,1060,233,113,33,1,-1,-1,-1
256,58,1094,217,158,61,1,-1,-1,-1
256,59,1130,186,142,56,1,-1,-1,-1
256,60,1217,190,119,47,1,-1,-1,-1
256,61,1252,153,118,42,1,-1,-1,-1
256,63,1310,92,101,35,1,-1,-1,-1
256,64,1352,72,77,34,1,-1,-1,-1
256,120,133,336,201,106,1,-1,-1,-1
256,121,8,295,101,102,1,-1,-1,-1
256,125,1611,144,46,52,1,-1,-1,-1
256,135,1282,130,95,41,1,-1,-1,-1
257,5,952,539,261,141,1,-1,-1,-1
257,6,304,386,202,110,1,-1,-1,-1
257,7,740,321,193,105,1,-1,-1,-1
257,8,550,294,181,95,1,-1,-1,-1
257,9,1362,291,85,96,1,-1,-1,-1
257,10,1389,233,76,81,1,-1,-1,-1
257,11,1435,196,61,71,1,-1,-1,-1
257,12,1448,160,51,51,1,-1,-1,-1
257,13,1471,131,47,52,1,-1,-1,-1
257,14,1512,72,49,41,1,-1,-1,-1
257,54,1003,289,161,98,1,-1,-1,-1
257,55,1041,276,151,71,1,-1,-1,-1
257,56,1053,253,172,62,1,-1,-1,-1
257,57,1062,233,110,37,1,-1,-1,-1
257,58,1096,217,158,61,1,-1,-1,-1
257,59,1130,186,142,56,1,-1,-1,-1
257,60,1217,189,119,48,1,-1,-1,-1
257,61,1251,154,118,42,1,-1,-1,-1
257,63,1309,92,101,35,1,-1,-1,-1
257,64,1352,71,77,34,1,-1,-1,-1
257,120,134,336,201,106,1,-1,-1,-1
257,121,8,295,101,101,1,-1,-1,-1
257,125,1610,144,46,52,1,-1,-1,-1
257,135,1281,130,95,41,1,-1,-1,-1
258,5,933,532,259,140,1,-1,-1,-1
258,6,305,385,202,110,1,-1,-1,-1
258,7,740,320,193,106,1,-1,-1,-1
258,8,550,294,181,95,1,-1,-1,-1
258,9,1362,291,85,96,1,-1,-1,-1
258,10,1389,233,76,81,1,-1,-1,-1
258,11,1435,196,61,71,1,-1,-1,-1
258,12,1448,160,51,51,1,-1,-1,-1
258,13,1470,131,48,53,1,-1,-1,-1
258,14,1513,73,48,41,1,-1,-1,-1
258,54,1003,288,161,98,1,-1,-1,-1
258,55,1041,276,151,71,1,-1,-1,-1
258,56,1054,254,172,62,1,-1,-1,-1
258,57,1065,234,107,41,1,-1,-1,-1
258,58,1098,218,158,61,1,-1,-1,-1
258,59,1130,187,142,56,1,-1,-1,-1
258,60,1216,188,119,48,1,-1,-1,-1
258,61,1251,155,118,42,1,-1,-1,-1
258,63,1307,92,101,35,1,-1,-1,-1
258,64,1352,71,77,34,1,-1,-1,-1
258,120,134,335,201,106,1,-1,-1,-1
258,121,8,294,101,102,1,-1,-1,-1
258,125,1609,144,46,52,1,-1,-1,-1
258,135,1281,130,95,41,1,-1,-1,-1
259,5,914,525,257,139,1,-1,-1,-1
259,6,306,384,201,110,1,-1,-1,-1
259,7,740,319,193,106,1,-1,-1,-1
259,8,550,294,181,95,1,-1,-1,-1
259,9,1360,290,85,96,1,-1,-1,-1
259,10,1387,232,76,81,1,-1,-1,-1
259,11,1433,196,61,71,1,-1,-1,-1
259,12,1447,160,51,51,1,-1,-1,-1
259,13,1469,131,48,53,1,-1,-1,-1
259,14,1512,73,48,41,1,-1,-1,-1
259,54,1003,287,161,98,1,-1,-1,-1
259,55,1040,275,151,71,1,-1,-1,-1
259,56,1049,253,172,62,1,-1,-1,-1
259,57,1064,233,107,41,1,-1,-1,-1
259,58,1095,216,159,61,1,-1,-1,-1
259,59,1129,186,142,56,1,-1,-1,-1
259,60,1216,187,119,48,1,-1,-1,-1
259,61,1248,155,118,42,1,-1,-1,-1
259,63,1306,91,101,35,1,-1,-1,-1
259,64,1352,70,77,34,1,-1,-1,-1
259,120,134,335,201,106,1,-1,-1,-1
259,121,9,294,101,102,1,-1,-1,-1
259,125,1608,144,46,52,1,-1,-1,-1
259,135,1281,130,95,41,1,-1,-1,-1
260,5,896,519,254,137,1,-1,-1,-1
260,6,307,384,201,109,1,-1,-1,-1
260,7,740,319,193,106,1,-1,-1,-1
260,8,550,294,181,95,1,-1,-1,-1
260,9,1358,289,85,96,1,-1,-1,-1
260,10,1385,232,76,81,1,-1,-1,-1
260,11,1432,196,61,71,1,-1,-1,-1
260,12,1446,160,52,51,1,-1,-1,-1
260,13,1468,131,48,53,1,-1,-1,-1
260,14,1511,74,48,41,1,-1,-1,-1
260,54,1003,287,161,97,1,-1,-1,-1
260,55,1040,275,151,71,1,-1,-1,-1
260,56,1044,252,172,62,1,-1,-1,-1
260,57,1063,232,107,41,1,-1,-1,-1
260,58,1093,215,159,61,1,-1,-1,-1
260,59,1129,186,142,56,1,-1,-1,-1
260,60,1215,186,119,48,1,-1,-1,-1
260,61,1246,155,118,42,1,-1,-1,-1
260,63,1305,91,101,35,1,-1,-1,-1
260,64,1352,70,77,34,1,-1,-1,-1
260,120,135,335,201,106,1,-1,-1,-1
260,121,9,294,101,102,1,-1,-1,-1
260,125,1607,144,46,52,1,-1,-1,-1
260,135,1280,129,95,41,1,-1,-1,-1
261,5,882,514,254,137,1,-1,-1,-1
261,6,308,383,200,109,1,-1,-1,-1
261,7,740,318,194,107,1,-1,-1,-1
261,8,550,293,181,95,1,-1,-1,-1
261,9,1356,288,85,96,1,-1,-1,-1
261,10,1383,231,76,82,1,-1,-1,-1
261,11,1430,196,61,71,1,-1,-1,-1
261,12,1446,160,51,51,1,-1,-1,-1
261,13,1467,131,48,53,1,-1,-1,-1
261,14,1510,74,48,41,1,-1,-1,-1
261,54,1004,286,161,98,1,-1,-1,-1
261,55,1039,275,151,71,1,-1,-1,-1
261,56,1039,251,172,62,1,-1,-1,-1
261,57,1062,232,107,40,1,-1,-1,-1
261,58,1090,214,160,61,1,-1,-1,-1
261,59,1128,185,142,56,1,-1,-1,-1
261,60,1215,185,119,48,1,-1,-1,-1
261,61,1244,155,118,42,1,-1,-1,-1
261,63,1303,91,101,35,1,-1,-1,-1
261,64,1352,69,77,34,1,-1,-1,-1
261,120,135,334,201,106,1,-1,-1,-1
261,121,9,294,101,101,1,-1,-1,-1
261,125,1606,144,46,52,1,-1,-1,-1
261,135,1280,129,95,41,1,-1,-1,-1
262,5,868,510,254,137,1,-1,-1,-1
262,6,309,382,200,109,1,-1,-1,-1
262,7,740,318,194,106,1,-1,-1,-1
262,8,551,293,181,95,1,-1,-1,-1
262,9,1355,287,85,96,1,-1,-1,-1
262,10,1382,231,76,81,1,-1,-1,-1
262,11,1429,196,61,71,1,-1,-1,-1
262,12,1445,160,52,52,1,-1,-1,-1
262,13,1467,131,47,53,1,-1,-1,-1
262,14,1509,75,48,41,1,-1,-1,-1
262,54,1004,286,161,97,1,-1,-1,-1
262,55,1039,274,151,71,1,-1,-1,-1
262,56,1034,251,172,61,1,-1,-1,-1
262,57,1062,231,106,40,1,-1,-1,-1
262,58,1088,213,160,61,1,-1,-1,-1
262,59,1128,185,142,56,1,-1,-1,-1
262,60,1215,185,119,48,1,-1,-1,-1
262,61,1242,155,118,42,1,-1,-1,-1
262,63,1302,91,101,35,1,-1,-1,-1
262,64,1352,69,77,34,1,-1,-1,-1
262,120,135,334,201,106,1,-1,-1,-1
262,121,9,293,101,102,1,-1,-1,-1
262,125,1605,144,46,52,1,-1,-1,-1
262,135,1279,128,95,41,1,-1,-1,-1
263,1,0,535,133,143,1,-1,-1,-1
263,5,854,506,254,137,1,-1,-1,-1
263,6,310,381,199,109,1,-1,-1,-1
263,7,740,317,194,107,1,-1,-1,-1
263,8,551,293,181,95,1,-1,-1,-1
263,9,1353,286,85,96,1,-1,-1,-1
263,10,1380,230,76,82,1,-1,-1,-1
263,11,1428,196,61,71,1,-1,-1,-1
263,12,1444,160,52,52,1,-1,-1,-1
263,13,1466,131,47,53,1,-1,-1,-1
263,14,1508,75,48,41,1,-1,-1,-1
263,54,1005,285,161,98,1,-1,-1,-1
263,55,1038,274,152,71,1,-1,-1,-1
263,56,1033,250,172,61,1,-1,-1,-1
263,57,1061,231,107,39,1,-1,-1,-1
263,58,1087,212,160,61,1,-1,-1,-1
263,59,1127,184,142,56,1,-1,-1,-1
263,60,1214,185,119,48,1,-1,-1,-1
263,61,1240,156,118,42,1,-1,-1,-1
263,63,1301,91,101,35,1,-1,-1,-1
263,64,1352,68,77,34,1,-1,-1,-1
263,120,136,334,201,106,1,-1,-1,-1
263,121,9,293,101,102,1,-1,-1,-1
263,125,1604,144,46,52,1,-1,-1,-1
263,135,1279,128,95,41,1,-1,-1,-1
264,1,0,537,153,143,1,-1,-1,-1
264,5,840,501,254,137,1,-1,-1,-1
264,6,311,380,199,109,1,-1,-1,-1
264,7,740,317,194,107,1,-1,-1,-1
264,8,551,293,181,95,1,-1,-1,-1
264,9,1351,285,85,96,1,-1,-1,-1
264,10,1378,230,76,82,1,-1,-1,-1
264,11,1426,196,61,71,1,-1,-1,-1
264,12,1444,161,52,51,1,-1,-1,-1
264,13,1465,132,48,52,1,-1,-1,-1
264,14,1508,76,48,41,1,-1,-1,-1
264,54,1005,285,161,97,1,-1,-1,-1
264,55,1038,274,151,71,1,-1,-1,-1
264,56,1033,249,172,61,1,-1,-1,-1
264,57,1060,230,107,39,1,-1,-1,-1
264,58,1087,212,159,61,1,-1,-1,-1
264,59,1127,184,142,56,1,-1,-1,-1
264,60,1213,185,119,48,1,-1,-1,-1
264,61,1240,155,118,42,1,-1,-1,-1
264,63,1300,90,101,35,1,-1,-1,-1
264,64,1352,68,77,34,1,-1,-1,-1
264,120,136,333,201,106,1,-1,-1,-1
264,121,9,293,101,102,1,-1,-1,-1
264,125,1604,144,46,51,1,-1,-1,-1
264,135,1279,127,95,41,1,-1,-1,-1
265,1,0,548,193,143,1,-1,-1,-1
265,5,827,497,254,137,1,-1,-1,-1
265,6,312,379,199,109,1,-1,-1,-1
265,7,740,316,194,107,1,-1,-1,-1
265,8,551,292,181,95,1,-1,-1,-1
265,9,1350,284,85,96,1,-1,-1,-1
265,10,1376,229,76,82,1,-1,-1,-1
265,11,1425,196,61,71,1,-1,-1,-1
265,12,1443,161,52,52,1,-1,-1,-1
265,13,1464,132,48,52,1,-1,-1,-1
265,14,1507,76,48,41,1,-1,-1,-1
265,54,1006,284,161,98,1,-1,-1,-1
265,55,1038,274,151,71,1,-1,-1,-1
265,56,1033,248,172,61,1,-1,-1,-1
265,57,1060,230,106,38,1,-1,-1,-1
265,58,1086,211,160,61,1,-1,-1,-1
265,59,1126,183,142,56,1,-1,-1,-1
265,60,1213,186,119,47,1,-1,-1,-1
265,61,1240,155,118,42,1,-1,-1,-1
265,63,1299,90,101,35,1,-1,-1,-1
265,64,1352,67,77,34,1,-1,-1,-1
265,120,136,333,201,106,1,-1,-1,-1
265,121,9,292,101,102,1,-1,-1,-1
265,125,1603,144,46,51,1,-1,-1,-1
265,135,1278,127,95,41,1,-1,-1,-1
266,1,3,553,220,142,1,-1,-1,-1
266,5,813,493,254,137,1,-1,-1,-1
266,6,313,378,198,109,1,-1,-1,-1
266,7,740,316,194,107,1,-1,-1,-1
266,8,551,292,181,95,1,-1,-1,-1
266,9,1348,284,85,95,1,-1,-1,-1
266,10,1375,229,76,82,1,-1,-1,-1
266,11,1424,196,61,71,1,-1,-1,-1
266,12,1443,161,52,52,1,-1,-1,-1
266,13,1464,132,47,53,1,-1,-1,-1
266,14,1506,76,48,41,1,-1,-1,-1
266,54,1006,284,161,97,1,-1,-1,-1
266,55,1037,273,151,71,1,-1,-1,-1
266,56,1033,247,172,61,1,-1,-1,-1
266,57,1059,229,106,38,1,-1,-1,-1
266,58,1086,211,159,61,1,-1,-1,-1
266,59,1126,183,142,56,1,-1,-1,-1
266,60,1212,186,119,48,1,-1,-1,-1
266,61,1241,154,118,42,1,-1,-1,-1
266,63,1299,90,101,35,1,-1,-1,-1
266,64,1352,67,77,34,1,-1,-1,-1
266,120,137,333,201,106,1,-1,-1,-1
266,121,10,292,101,102,1,-1,-1,-1
266,125,1602,144,46,51,1,-1,-1,-1
266,135,1278,126,95,41,1,-1,-1,-1
267,1,7,558,246,142,1,-1,-1,-1
267,5,799,488,254,137,1,-1,-1,-1
267,6,314,377,198,109,1,-1,-1,-1
267,7,740,315,194,108,1,-1,-1,-1
267,8,551,292,181,95,1,-1,-1,-1
267,9,1346,283,85,95,1,-1,-1,-1
267,10,1373,229,76,82,1,-1,-1,-1
267,11,1422,196,61,71,1,-1,-1,-1
267,12,1442,161,52,52,1,-1,-1,-1
267,13,1463,132,47,53,1,-1,-1,-1
267,14,1505,77,48,41,1,-1,-1,-1
267,54,1006,283,161,97,1,-1,-1,-1
267,55,1037,273,151,71,1,-1,-1,-1
267,56,1033,246,172,61,1,-1,-1,-1
267,57,1058,229,107,37,1,-1,-1,-1
267,58,1085,210,159,61,1,-1,-1,-1
267,59,1126,183,142,56,1,-1,-1,-1
267,60,1212,187,119,47,1,-1,-1,-1
267,61,1241,154,118,42,1,-1,-1,-1
267,63,1298,90,101,35,1,-1,-1,-1
267,64,1352,66,77,34,1,-1,-1,-1
267,120,137,332,201,106,1,-1,-1,-1
267,121,10,292,101,102,1,-1,-1,-1
267,125,1601,144,46,51,1,-1,-1,-1
267,135,1277,126,95,41,1,-1,-1,-1
268,1,40,565,246,142,1,-1,-1,-1
268,5,785,484,254,137,1,-1,-1,-1
268,6,315,376,197,109,1,-1,-1,-1
268,7,740,315,194,107,1,-1,-1,-1
268,8,551,291,181,95,1,-1,-1,-1
268,9,1345,282,85,95,1,-1,-1,-1
268,10,1371,228,76,82,1,-1,-1,-1
268,11,1421,196,61,71,1,-1,-1,-1
268,12,1441,161,53,53,1,-1,-1,-1
268,13,1462,132,47,53,1,-1,-1,-1
268,14,1504,77,48,41,1,-1,-1,-1
268,54,1007,283,161,97,1,-1,-1,-1
268,55,1036,273,152,71,1,-1,-1,-1
268,56,1033,246,172,61,1,-1,-1,-1
268,57,1058,228,106,37,1,-1,-1,-1
268,58,1085,210,159,61,1,-1,-1,-1
268,59,1125,182,142,56,1,-1,-1,-1
268,60,1211,187,119,47,1,-1,-1,-1
268,61,1242,154,118,42,1,-1,-1,-1
268,63,1297,90,101,34,1,-1,-1,-1
268,64,1352,66,77,34,1,-1,-1,-1
268,120,137,332,201,106,1,-1,-1,-1
268,121,10,292,101,102,1,-1,-1,-1
268,125,1600,144,46,51,1,-1,-1,-1
268,135,1277,125,95,41,1,-1,-1,-1
269,1,73,572,247,142,1,-1,-1,-1
269,5,771,480,254,137,1,-1,-1,-1
269,6,316,375,197,109,1,-1,-1,-1
269,7,740,314,194,108,1,-1,-1,-1
269,8,551,291,181,95,1,-1,-1,-1
269,9,1343,281,85,95,1,-1,-1,-1
269,10,1369,228,76,82,1,-1,-1,-1
269,11,1419,196,61,71,1,-1,-1,-1
269,12,1441,162,52,52,1,-1,-1,-1
269,13,1461,133,48,52,1,-1,-1,-1
269,14,1503,78,48,41,1,-1,-1,-1
269,54,1007,282,161,97,1,-1,-1,-1
269,55,1036,273,151,71,1,-1,-1,-1
269,56,1033,245,172,61,1,-1,-1,-1
269,57,1057,228,106,36,1,-1,-1,-1
269,58,1085,209,158,61,1,-1,-1,-1
269,59,1125,182,142,56,1,-1,-1,-1
269,60,1211,188,119,47,1,-1,-1,-1
269,61,1242,153,118,42,1,-1,-1,-1
269,63,1297,90,101,34,1,-1,-1,-1
269,64,1349,69,77,34,1,-1,-1,-1
269,120,138,332,201,106,1,-1,-1,-1
269,121,10,291,101,102,1,-1,-1,-1
269,125,1599,144,46,51,1,-1,-1,-1
269,135,1277,125,95,41,1,-1,-1,-1
270,1,107,579,246,142,1,-1,-1,-1
270,5,758,476,254,137,1,-1,-1,-1
270,6,317,374,196,109,1,-1,-1,-1
270,7,740,313,194,109,1,-1,-1,-1
270,8,551,291,181,95,1,-1,-1,-1
270,9,1341,280,85,95,1,-1,-1,-1
270,10,1368,227,76,83,1,-1,-1,-1
270,11,1418,196,61,71,1,-1,-1,-1
270,12,1440,162,53,52,1,-1,-1,-1
270,13,1461,133,47,52,1,-1,-1,-1
270,14,1502,78,48,41,1,-1,-1,-1
270,54,1008,282,161,97,1,-1,-1,-1
270,55,1035,272,152,71,1,-1,-1,-1
270,56,1033,244,172,61,1,-1,-1,-1
270,57,1056,227,106,36,1,-1,-1,-1
270,58,1084,209,158,61,1,-1,-1,-1
270,59,1124,181,142,56,1,-1,-1,-1
270,60,1210,187,119,47,1,-1,-1,-1
270,61,1242,152,118,42,1,-1,-1,-1
270,63,1296,90,101,34,1,-1,-1,-1
270,64,1346,72,77,34,1,-1,-1,-1
270,120,138,331,201,106,1,-1,-1,-1
270,121,10,291,101,102,1,-1,-1,-1
270,125,1598,144,46,51,1,-1,-1,-1
270,135,1276,124,95,41,1,-1,-1,-1
271,1,140,586,247,142,1,-1,-1,-1
271,5,754,469,241,136,1,-1,-1,-1
271,6,318,373,196,109,1,-1,-1,-1
271,7,740,313,194,108,1,-1,-1,-1
271,8,551,291,181,95,1,-1,-1,-1
271,9,1340,279,85,95,1,-1,-1,-1
271,10,1366,227,76,82,1,-1,-1,-1
271,11,1417,196,61,71,1,-1,-1,-1
271,12,1439,162,53,53,1,-1,-1,-1
271,13,1460,133,47,52,1,-1,-1,-1
271,14,1501,79,48,41,1,-1,-1,-1
271,54,1008,281,161,97,1,-1,-1,-1
271,55,1035,272,152,71,1,-1,-1,-1
271,56,1033,243,172,61,1,-1,-1,-1
271,57,1056,227,106,36,1,-1,-1,-1
271,58,1084,208,158,61,1,-1,-1,-1
271,59,1124,181,142,56,1,-1,-1,-1
271,60,1210,186,119,47,1,-1,-1,-1
271,61,1242,152,118,42,1,-1,-1,-1
271,63,1296,90,101,34,1,-1,-1,-1
271,64,1343,75,78,35,1,-1,-1,-1
271,120,138,331,201,106,1,-1,-1,-1
271,121,10,291,101,102,1,-1,-1,-1
271,125,1597,144,46,51,1,-1,-1,-1
271,135,1276,124,95,41,1,-1,-1,-1
272,1,174,593,247,142,1,-1,-1,-1
272,5,751,462,227,136,1,-1,-1,-1
272,6,319,373,196,109,1,-1,-1,-1
272,7,740,312,194,109,1,-1,-1,-1
272,8,551,290,181,95,1,-1,-1,-1
272,9,1338,278,85,95,1,-1,-1,-1
272,10,1364,226,76,83,1,-1,-1,-1
272,11,1415,196,61,71,1,-1,-1,-1
272,12,1439,162,53,53,1,-1,-1,-1
272,13,1459,133,47,52,1,-1,-1,-1
272,14,1500,79,48,41,1,-1,-1,-1
272,54,1009,281,161,97,1,-1,-1,-1
272,55,1035,272,151,71,1,-1,-1,-1
272,56,1033,242,172,61,1,-1,-1,-1
272,57,1055,228,121,39,1,-1,-1,-1
272,58,1083,208,158,61,1,-1,-1,-1
272,59,1123,180,142,56,1,-1,-1,-1
272,60,1210,185,119,47,1,-1,-1,-1
272,61,1242,151,118,42,1,-1,-1,-1
272,63,1295,89,101,34,1,-1,-1,-1
272,64,1344,73,78,35,1,-1,-1,-1
272,76,1838,250,61,71,1,-1,-1,-1
272,77,1835,227,61,60,1,-1,-1,-1
272,78,1844,212,56,50,1,-1,-1,-1
272,120,139,331,201,106,1,-1,-1,-1
272,121,11,291,101,102,1,-1,-1,-1
272,125,1596,144,46,51,1,-1,-1,-1
272,135,1275,123,95,41,1,-1,-1,-1
273,1,209,599,249,142,1,-1,-1,-1
273,5,740,458,227,136,1,-1,-1,-1
273,6,319,371,196,109,1,-1,-1,-1
273,7,740,312,194,109,1,-1,-1,-1
273,8,551,290,181,95,1,-1,-1,-1
273,9,1336,277,85,95,1,-1,-1,-1
273,10,1362,226,76,83,1,-1,-1,-1
273,11,1414,196,61,71,1,-1,-1,-1
273,12,1438,162,53,53,1,-1,-1,-1
273,13,1458,133,47,52,1,-1,-1,-1
273,14,1499,79,48,41,1,-1,-1,-1
273,54,1009,280,161,97,1,-1,-1,-1
273,55,1034,271,152,71,1,-1,-1,-1
273,56,1033,241,172,61,1,-1,-1,-1
273,57,1054,229,136,43,1,-1,-1,-1
273,58,1083,207,157,61,1,-1,-1,-1
273,59,1123,180,142,56,1,-1,-1,-1
273,60,1210,184,119,47,1,-1,-1,-1
273,61,1242,150,118,42,1,-1,-1,-1
273,63,1295,89,101,34,1,-1,-1,-1
273,64,1346,72,77,35,1,-1,-1,-1
273,76,1837,248,62,71,1,-1,-1,-1
273,77,1834,227,62,60,1,-1,-1,-1
273,78,1839,211,61,50,1,-1,-1,-1
273,120,140,330,201,106,1,-1,-1,-1
273,121,10,290,104,102,1,-1,-1,-1
273,125,1596,144,46,51,1,-1,-1,-1
273,135,1275,123,95,41,1,-1,-1,-1
274,1,245,606,251,141,1,-1,-1,-1
274,5,729,455,227,136,1,-1,-1,-1
274,6,319,370,196,109,1,-1,-1,-1
274,7,740,311,194,109,1,-1,-1,-1
274,8,551,290,181,95,1,-1,-1,-1
274,9,1335,277,85,95,1,-1,-1,-1
274,10,1361,226,76,83,1,-1,-1,-1
274,11,1413,196,61,71,1,-1,-1,-1
274,12,1438,163,53,53,1,-1,-1,-1
274,13,1458,134,47,52,1,-1,-1,-1
274,14,1498,80,48,41,1,-1,-1,-1
274,54,1010,280,161,97,1,-1,-1,-1
274,55,1034,271,151,71,1,-1,-1,-1
274,56,1033,241,172,61,1,-1,-1,-1
274,57,1053,230,152,47,1,-1,-1,-1
274,58,1083,207,157,61,1,-1,-1,-1
274,59,1123,180,142,56,1,-1,-1,-1
274,60,1210,183,119,47,1,-1,-1,-1
274,61,1242,150,118,42,1,-1,-1,-1
274,63,1295,89,101,34,1,-1,-1,-1
274,64,1347,71,78,35,1,-1,-1,-1
274,76,1836,247,63,71,1,-1,-1,-1
274,77,1834,227,63,60,1,-1,-1,-1
274,78,1834,211,66,50,1,-1,-1,-1
274,120,141,330,201,106,1,-1,-1,-1
274,121,9,289,108,102,1,-1,-1,-1
274,125,1595,143,46,51,1,-1,-1,-1
274,135,1275,123,95,41,1,-1,-1,-1
275,1,280,613,254,141,1,-1,-1,-1
275,5,718,452,227,136,1,-1,-1,-1
275,6,319,369,196,109,1,-1,-1,-1
275,7,740,311,194,109,1,-1,-1,-1
275,8,551,290,181,95,1,-1,-1,-1
275,9,1334,276,85,95,1,-1,-1,-1
275,10,1360,225,76,83,1,-1,-1,-1
275,11,1412,194,61,71,1,-1,-1,-1
275,12,1437,162,53,53,1,-1,-1,-1
275,13,1456,133,47,52,1,-1,-1,-1
275,14,1497,80,48,41,1,-1,-1,-1
275,54,1007,279,159,96,1,-1,-1,-1
275,55,1033,271,152,71,1,-1,-1,-1
275,56,1032,240,172,61,1,-1,-1,-1
275,57,1057,227,111,35,1,-1,-1,-1
275,58,1081,206,157,61,1,-1,-1,-1
275,59,1122,179,142,56,1,-1,-1,-1
275,60,1210,183,119,47,1,-1,-1,-1
275,61,1240,148,118,42,1,-1,-1,-1
275,63,1295,88,101,34,1,-1,-1,-1
275,64,1349,70,77,34,1,-1,-1,-1
275,76,1836,246,63,71,1,-1,-1,-1
275,77,1834,228,64,60,1,-1,-1,-1
275,78,1829,210,71,51,1,-1,-1,-1
275,120,142,330,201,106,1,-1,-1,-1
275,121,8,288,111,102,1,-1,-1,-1
275,125,1595,142,46,51,1,-1,-1,-1
275,135,1274,122,95,41,1,-1,-1,-1
276,1,316,619,256,141,1,-1,-1,-1
276,5,707,449,227,136,1,-1,-1,-1
276,6,319,368,196,109,1,-1,-1,-1
276,7,740,310,194,110,1,-1,-1,-1
276,8,551,289,181,95,1,-1,-1,-1
276,9,1334,275,85,95,1,-1,-1,-1
276,10,1360,224,76,83,1,-1,-1,-1
276,11,1411,193,61,71,1,-1,-1,-1
276,12,1436,162,53,52,1,-1,-1,-1
276,13,1455,132,47,52,1,-1,-1,-1
276,14,1496,81,48,41,1,-1,-1,-1
276,54,1004,279,157,95,1,-1,-1,-1
276,55,1033,271,152,71,1,-1,-1,-1
276,56,1031,240,173,61,1,-1,-1,-1
276,57,1056,226,110,35,1,-1,-1,-1
276,58,1079,206,157,61,1,-1,-1,-1
276,59,1122,179,142,56,1,-1,-1,-1
276,60,1209,183,119,47,1,-1,-1,-1
276,61,1238,147,118,42,1,-1,-1,-1
276,63,1295,88,101,34,1,-1,-1,-1
276,64,1350,69,77,34,1,-1,-1,-1
276,76,1835,244,65,71,1,-1,-1,-1
276,77,1833,228,66,60,1,-1,-1,-1
276,78,1824,210,77,51,1,-1,-1,-1
276,120,143,329,202,106,1,-1,-1,-1
276,121,7,288,115,101,1,-1,-1,-1
276,125,1595,141,46,52,1,-1,-1,-1
276,135,1274,122,95,41,1,-1,-1,-1
277,1,351,626,259,140,1,-1,-1,-1
277,5,696,446,227,136,1,-1,-1,-1
277,6,319,367,196,109,1,-1,-1,-1
277,7,740,310,194,109,1,-1,-1,-1
277,8,551,289,181,95,1,-1,-1,-1
277,9,1333,274,85,95,1,-1,-1,-1
277,10,1359,223,77,83,1,-1,-1,-1
277,11,1411,192,61,71,1,-1,-1,-1
277,12,1435,161,53,53,1,-1,-1,-1
277,13,1454,131,47,52,1,-1,-1,-1
277,14,1495,81,48,41,1,-1,-1,-1
277,54,1001,279,155,93,1,-1,-1,-1
277,55,1032,270,152,71,1,-1,-1,-1
277,56,1031,240,172,61,1,-1,-1,-1
277,57,1055,225,110,35,1,-1,-1,-1
277,58,1077,206,157,61,1,-1,-1,-1
277,59,1121,178,142,56,1,-1,-1,-1
277,60,1208,183,119,48,1,-1,-1,-1
277,61,1236,146,118,41,1,-1,-1,-1
277,63,1295,88,101,34,1,-1,-1,-1
277,64,1352,68,77,34,1,-1,-1,-1
277,76,1835,243,65,71,1,-1,-1,-1
277,77,1833,229,67,60,1,-1,-1,-1
277,78,1819,209,82,52,1,-1,-1,-1
277,120,144,329,202,106,1,-1,-1,-1
277,121,6,287,119,101,1,-1,-1,-1
277,125,1595,141,46,51,1,-1,-1,-1
277,135,1273,121,95,41,1,-1,-1,-1
278,1,387,633,261,140,1,-1,-1,-1
278,5,686,443,226,136,1,-1,-1,-1
278,6,319,366,196,109,1,-1,-1,-1
278,7,740,309,194,110,1,-1,-1,-1
278,8,551,289,181,95,1,-1,-1,-1
278,9,1333,274,85,95,1,-1,-1,-1
278,10,1359,222,76,83,1,-1,-1,-1
278,11,1410,191,61,71,1,-1,-1,-1
278,12,1434,161,53,52,1,-1,-1,-1
278,13,1453,130,47,52,1,-1,-1,-1
278,14,1494,82,48,41,1,-1,-1,-1
278,54,998,278,154,93,1,-1,-1,-1
278,55,1032,270,152,71,1,-1,-1,-1
278,56,1030,239,173,61,1,-1,-1,-1
278,57,1055,224,109,35,1,-1,-1,-1
278,58,1075,206,157,61,1,-1,-1,-1
278,59,1121,178,142,56,1,-1,-1,-1
278,60,1207,184,119,47,1,-1,-1,-1
278,61,1234,145,118,41,1,-1,-1,-1
278,63,1295,88,101,34,1,-1,-1,-1
278,64,1349,68,77,34,1,-1,-1,-1
278,76,1834,242,66,71,1,-1,-1,-1
278,77,1833,229,68,60,1,-1,-1,-1
278,78,1814,209,87,52,1,-1,-1,-1
278,120,146,329,201,106,1,-1,-1,-1
278,121,5,286,122,102,1,-1,-1,-1
278,125,1595,140,46,52,1,-1,-1,-1
278,135,1273,121,95,41,1,-1,-1,-1
279,0,0,524,120,133,1,-1,-1,-1
279,1,420,638,268,146,1,-1,-1,-1
279,5,679,438,226,136,1,-1,-1,-1
279,6,319,364,196,110,1,-1,-1,-1
279,7,741,309,194,110,1,-1,-1,-1
279,8,552,289,181,95,1,-1,-1,-1
279,9,1333,273,85,95,1,-1,-1,-1
279,10,1359,221,76,83,1,-1,-1,-1
279,11,1410,190,61,71,1,-1,-1,-1
279,12,1433,160,53,53,1,-1,-1,-1
279,13,1452,130,47,52,1,-1,-1,-1
279,14,1492,81,48,41,1,-1,-1,-1
279,54,995,278,152,91,1,-1,-1,-1
279,55,1032,270,151,71,1,-1,-1,-1
279,56,1030,239,172,61,1,-1,-1,-1
279,57,1054,224,109,34,1,-1,-1,-1
279,58,1073,206,157,61,1,-1,-1,-1
279,59,1121,177,142,56,1,-1,-1,-1
279,60,1206,184,119,48,1,-1,-1,-1
279,61,1232,144,118,41,1,-1,-1,-1
279,63,1294,88,101,34,1,-1,-1,-1
279,64,1347,68,77,34,1,-1,-1,-1
279,76,1834,241,67,71,1,-1,-1,-1
279,77,1833,230,69,60,1,-1,-1,-1
279,78,1809,209,93,52,1,-1,-1,-1
279,120,147,329,201,106,1,-1,-1,-1
279,121,4,285,126,102,1,-1,-1,-1
279,125,1595,139,46,52,1,-1,-1,-1
279,135,1273,120,95,41,1,-1,-1,-1
280,0,0,522,173,133,1,-1,-1,-1
280,1,454,643,274,152,1,-1,-1,-1
280,5,672,434,226,136,1,-1,-1,-1
280,6,319,363,196,110,1,-1,-1,-1
280,7,740,309,188,110,1,-1,-1,-1
280,8,552,289,180,91,1,-1,-1,-1
280,9,1332,272,85,95,1,-1,-1,-1
280,10,1358,220,77,83,1,-1,-1,-1
280,11,1409,189,61,71,1,-1,-1,-1
280,12,1432,160,53,52,1,-1,-1,-1
280,13,1451,129,47,52,1,-1,-1,-1
280,14,1490,80,48,41,1,-1,-1,-1
280,54,992,278,150,90,1,-1,-1,-1
280,55,1031,270,152,71,1,-1,-1,-1
280,56,1029,239,173,61,1,-1,-1,-1
280,57,1054,223,108,34,1,-1,-1,-1
280,58,1071,205,157,61,1,-1,-1,-1
280,59,1120,177,142,56,1,-1,-1,-1
280,60,1205,185,119,48,1,-1,-1,-1
280,61,1232,144,118,42,1,-1,-1,-1
280,63,1293,88,101,34,1,-1,-1,-1
280,64,1345,68,77,34,1,-1,-1,-1
280,76,1830,239,71,71,1,-1,-1,-1
280,77,1832,226,70,60,1,-1,-1,-1
280,78,1811,208,91,52,1,-1,-1,-1
280,120,148,328,202,106,1,-1,-1,-1
280,121,3,285,130,101,1,-1,-1,-1
280,125,1595,138,46,53,1,-1,-1,-1
280,135,1272,120,95,41,1,-1,-1,-1
281,0,2,533,199,133,1,-1,-1,-1
281,1,487,648,281,158,1,-1,-1,-1
281,5,665,429,226,136,1,-1,-1,-1
281,6,319,362,196,110,1,-1,-1,-1
281,7,739,310,183,110,1,-1,-1,-1
281,8,552,290,180,87,1,-1,-1,-1
281,9,1332,272,85,95,1,-1,-1,-1
281,10,1358,219,76,83,1,-1,-1,-1
281,11,1408,188,61,71,1,-1,-1,-1
281,12,1431,159,53,52,1,-1,-1,-1
281,13,1450,128,47,52,1,-1,-1,-1
281,14,1488,80,48,41,1,-1,-1,-1
281,54,990,278,148,89,1,-1,-1,-1
281,55,1031,269,152,71,1,-1,-1,-1
281,56,1028,238,173,61,1,-1,-1,-1
281,57,1053,222,108,34,1,-1,-1,-1
281,58,1069,205,157,61,1,-1,-1,-1
281,59,1120,176,142,56,1,-1,-1,-1
281,60,1204,183,119,48,1,-1,-1,-1
281,61,1232,145,119,42,1,-1,-1,-1
281,63,1292,88,101,34,1,-1,-1,-1
281,64,1342,68,78,34,1,-1,-1,-1
281,76,1827,237,75,71,1,-1,-1,-1
281,77,1831,223,71,60,1,-1,-1,-1
281,78,1813,208,89,52,1,-1,-1,-1
281,120,149,328,202,106,1,-1,-1,-1
281,121,2,284,133,101,1,-1,-1,-1
281,125,1595,138,46,52,1,-1,-1,-1
281,135,1272,119,95,41,1,-1,-1,-1
282,0,4,545,225,133,1,-1,-1,-1
282,1,521,653,288,164,1,-1,-1,-1
282,5,658,425,226,136,1,-1,-1,-1
282,6,319,361,196,110,1,-1,-1,-1
282,7,738,310,177,110,1,-1,-1,-1
282,8,552,290,179,83,1,-1,-1,-1
282,9,1331,271,85,95,1,-1,-1,-1
282,10,1357,218,77,83,1,-1,-1,-1
282,11,1408,187,61,71,1,-1,-1,-1
282,12,1430,159,53,52,1,-1,-1,-1
282,13,1449,127,47,52,1,-1,-1,-1
282,14,1486,79,48,41,1,-1,-1,-1
282,54,991,280,146,87,1,-1,-1,-1
282,55,1030,269,152,71,1,-1,-1,-1
282,56,1028,238,173,61,1,-1,-1,-1
282,57,1053,222,107,34,1,-1,-1,-1
282,58,1067,205,157,61,1,-1,-1,-1
282,59,1119,176,142,56,1,-1,-1,-1
282,60,1203,181,119,48,1,-1,-1,-1
282,61,1233,146,118,42,1,-1,-1,-1
282,63,1291,88,101,34,1,-1,-1,-1
282,64,1340,68,78,34,1,-1,-1,-1
282,76,1824,235,78,71,1,-1,-1,-1
282,77,1830,220,72,60,1,-1,-1,-1
282,78,1815,208,87,52,1,-1,-1,-1
282,120,150,328,202,106,1,-1,-1,-1
282,121,1,283,137,101,1,-1,-1,-1
282,125,1595,137,46,53,1,-1,-1,-1
282,135,1271,119,95,41,1,-1,-1,-1
283,0,27,552,233,132,1,-1,-1,-1
283,1,560,660,288,165,1,-1,-1,-1
283,5,651,420,226,136,1,-1,-1,-1
283,6,319,360,196,110,1,-1,-1,-1
283,7,737,311,172,110,1,-1,-1,-1
283,8,552,291,179,79,1,-1,-1,-1
283,9,1331,270,85,95,1,-1,-1,-1
283,10,1357,217,77,83,1,-1,-1,-1
283,11,1407,186,61,71,1,-1,-1,-1
283,12,1429,158,53,52,1,-1,-1,-1
283,13,1448,126,47,52,1,-1,-1,-1
283,14,1484,78,48,41,1,-1,-1,-1
283,54,992,282,144,85,1,-1,-1,-1
283,55,1030,269,152,71,1,-1,-1,-1
283,56,1027,238,173,61,1,-1,-1,-1
283,57,1052,223,130,41,1,-1,-1,-1
283,58,1065,205,157,61,1,-1,-1,-1
283,59,1119,175,142,56,1,-1,-1,-1
283,60,1202,179,119,48,1,-1,-1,-1
283,61,1233,147,119,42,1,-1,-1,-1
283,63,1290,88,101,34,1,-1,-1,-1
283,64,1338,68,78,34,1,-1,-1,-1
283,76,1821,234,82,71,1,-1,-1,-1
283,77,1829,217,73,60,1,-1,-1,-1
283,78,1818,208,84,52,1,-1,-1,-1
283,120,152,328,202,106,1,-1,-1,-1
283,121,0,283,141,101,1,-1,-1,-1
283,125,1595,136,46,53,1,-1,-1,-1
283,135,1271,118,95,41,1,-1,-1,-1
284,0,50,559,241,131,1,-1,-1,-1
284,1,600,668,288,165,1,-1,-1,-1
284,5,644,416,226,136,1,-1,-1,-1
284,6,320,359,196,110,1,-1,-1,-1
284,7,736,312,167,110,1,-1,-1,-1
284,8,552,292,179,75,1,-1,-1,-1
284,9,1331,270,85,95,1,-1,-1,-1
284,10,1357,217,77,83,1,-1,-1,-1
284,11,1407,185,61,71,1,-1,-1,-1
284,12,1429,158,53,52,1,-1,-1,-1
284,13,1447,126,47,52,1,-1,-1,-1
284,14,1482,78,48,41,1,-1,-1,-1
284,54,993,285,143,83,1,-1,-1,-1
284,55,1030,269,152,71,1,-1,-1,-1
284,56,1027,238,173,61,1,-1,-1,-1
284,57,1052,225,152,47,1,-1,-1,-1
284,58,1064,205,157,61,1,-1,-1,-1
284,59,1119,175,142,56,1,-1,-1,-1
284,60,1201,178,119,47,1,-1,-1,-1
284,61,1234,148,119,42,1,-1,-1,-1
284,63,1289,88,101,34,1,-1,-1,-1
284,64,1336,68,78,34,1,-1,-1,-1
284,76,1817,234,86,71,1,-1,-1,-1
284,77,1828,218,74,60,1,-1,-1,-1
284,78,1817,206,85,52,1,-1,-1,-1
284,120,149,326,202,106,1,-1,-1,-1
284,121,0,280,138,101,1,-1,-1,-1
284,125,1595,136,46,53,1,-1,-1,-1
284,135,1271,118,95,41,1,-1,-1,-1
285,0,87,566,236,132,1,-1,-1,-1
285,1,640,676,288,165,1,-1,-1,-1
285,5,637,412,226,136,1,-1,-1,-1
285,6,320,357,196,110,1,-1,-1,-1
285,7,715,309,169,108,1,-1,-1,-1
285,8,530,290,179,77,1,-1,-1,-1
285,9,1329,268,84,95,1,-1,-1,-1
285,10,1355,215,76,82,1,-1,-1,-1
285,11,1405,182,61,71,1,-1,-1,-1
285,12,1426,151,53,53,1,-1,-1,-1
285,13,1452,123,47,52,1,-1,-1,-1
285,14,1480,77,48,41,1,-1,-1,-1
285,54,990,280,145,84,1,-1,-1,-1
285,55,1030,263,152,71,1,-1,-1,-1
285,56,1026,235,173,61,1,-1,-1,-1
285,57,1055,215,101,39,1,-1,-1,-1
285,58,1068,203,157,61,1,-1,-1,-1
285,59,1121,172,142,56,1,-1,-1,-1
285,60,1199,177,119,47,1,-1,-1,-1
285,61,1210,145,118,42,1,-1,-1,-1
285,63,1288,88,101,34,1,-1,-1,-1
285,64,1335,67,78,34,1,-1,-1,-1
285,76,1813,234,90,71,1,-1,-1,-1
285,77,1827,219,75,60,1,-1,-1,-1
285,78,1817,204,85,52,1,-1,-1,-1
285,120,146,324,203,106,1,-1,-1,-1
285,121,0,278,135,101,1,-1,-1,-1
285,125,1590,135,46,53,1,-1,-1,-1
285,135,1270,117,95,41,1,-1,-1,-1
286,0,124,573,231,133,1,-1,-1,-1
286,1,680,684,288,165,1,-1,-1,-1
286,5,630,408,226,136,1,-1,-1,-1
286,6,320,356,196,109,1,-1,-1,-1
286,7,694,307,171,105,1,-1,-1,-1
286,8,508,289,179,78,1,-1,-1,-1
286,9,1328,267,83,95,1,-1,-1,-1
286,10,1353,213,76,82,1,-1,-1,-1
286,11,1404,179,61,72,1,-1,-1,-1
286,12,1424,145,53,53,1,-1,-1,-1
286,13,1454,120,47,52,1,-1,-1,-1
286,14,1478,76,48,41,1,-1,-1,-1
286,54,987,275,147,86,1,-1,-1,-1
286,55,1031,257,151,71,1,-1,-1,-1
286,56,1025,233,173,60,1,-1,-1,-1
286,57,1050,213,103,40,1,-1,-1,-1
286,58,1073,201,156,61,1,-1,-1,-1
286,59,1123,169,142,56,1,-1,-1,-1
286,60,1197,176,119,47,1,-1,-1,-1
286,61,1186,143,118,42,1,-1,-1,-1
286,63,1288,88,101,35,1,-1,-1,-1
286,64,1334,66,78,34,1,-1,-1,-1
286,76,1810,235,93,71,1,-1,-1,-1
286,77,1827,221,75,60,1,-1,-1,-1
286,78,1817,203,85,52,1,-1,-1,-1
286,120,143,322,203,106,1,-1,-1,-1
286,121,0,276,132,101,1,-1,-1,-1
286,125,1585,134,46,53,1,-1,-1,-1
286,135,1270,117,95,41,1,-1,-1,-1
287,0,161,580,226,134,1,-1,-1,-1
287,1,720,692,288,165,1,-1,-1,-1
287,5,624,404,226,136,1,-1,-1,-1
287,6,321,355,196,109,1,-1,-1,-1
287,7,673,305,173,102,1,-1,-1,-1
287,8,486,288,179,79,1,-1,-1,-1
287,9,1325,264,84,95,1,-1,-1,-1
287,10,1359,210,77,82,1,-1,-1,-1
287,11,1401,177,60,71,1,-1,-1,-1
287,12,1426,149,53,52,1,-1,-1,-1
287,13,1449,116,47,52,1,-1,-1,-1
287,14,1477,76,48,41,1,-1,-1,-1
287,54,984,270,150,88,1,-1,-1,-1
287,55,1032,252,150,71,1,-1,-1,-1
287,56,1024,231,173,59,1,-1,-1,-1
287,57,1046,211,105,41,1,-1,-1,-1
287,58,1078,199,156,61,1,-1,-1,-1
287,59,1127,164,143,54,1,-1,-1,-1
287,60,1196,175,119,47,1,-1,-1,-1
287,61,1162,140,118,42,1,-1,-1,-1
287,63,1292,87,101,35,1,-1,-1,-1
287,64,1334,66,78,34,1,-1,-1,-1
287,76,1767,229,104,71,1,-1,-1,-1
287,77,1785,215,87,60,1,-1,-1,-1
287,78,1773,197,99,52,1,-1,-1,-1
287,120,141,321,203,106,1,-1,-1,-1
287,125,1584,133,46,53,1,-1,-1,-1
287,135,1270,117,95,41,1,-1,-1,-1
288,0,147,590,238,139,1,-1,-1,-1
288,1,723,701,294,165,1,-1,-1,-1
288,5,579,409,226,130,1,-1,-1,-1
288,6,273,356,196,109,1,-1,-1,-1
288,7,652,302,175,100,1,-1,-1,-1
288,8,464,286,179,81,1,-1,-1,-1
288,9,1280,259,84,95,1,-1,-1,-1
288,10,1311,209,76,81,1,-1,-1,-1
288,11,1352,174,59,71,1,-1,-1,-1
288,12,1377,147,52,52,1,-1,-1,-1
288,13,1398,115,47,51,1,-1,-1,-1
288,14,1436,77,48,41,1,-1,-1,-1
288,54,931,269,152,89,1,-1,-1,-1
288,55,977,250,150,71,1,-1,-1,-1
288,56,979,228,173,59,1,-1,-1,-1
288,57,997,213,114,42,1,-1,-1,-1
288,58,1025,197,156,59,1,-1,-1,-1
288,59,1069,163,142,54,1,-1,-1,-1
288,60,1141,171,118,47,1,-1,-1,-1
288,61,1138,138,118,42,1,-1,-1,-1
288,63,1245,86,101,35,1,-1,-1,-1
288,64,1281,65,77,35,1,-1,-1,-1
288,76,1725,223,115,71,1,-1,-1,-1
288,77,1743,209,100,60,1,-1,-1,-1
288,78,1730,192,113,51,1,-1,-1,-1
288,120,94,325,201,106,1,-1,-1,-1
288,125,1534,133,46,52,1,-1,-1,-1
288,135,1210,116,95,41,1,-1,-1,-1
289,0,133,601,250,144,1,-1,-1,-1
289,1,726,710,300,165,1,-1,-1,-1
289,5,534,414,227,125,1,-1,-1,-1
289,6,225,358,196,108,1,-1,-1,-1
289,7,631,300,177,97,1,-1,-1,-1
289,8,442,285,179,82,1,-1,-1,-1
289,9,1212,253,85,96,1,-1,-1,-1
289,10,1236,208,76,81,1,-1,-1,-1
289,11,1285,186,62,71,1,-1,-1,-1
289,12,1303,137,53,52,1,-1,-1,-1
289,13,1324,105,46,52,1,-1,-1,-1
289,14,1363,67,48,41,1,-1,-1,-1
289,54,878,268,154,91,1,-1,-1,-1
289,55,914,244,150,72,1,-1,-1,-1
289,56,907,229,172,60,1,-1,-1,-1
289,57,936,209,100,40,1,-1,-1,-1
289,58,957,190,155,59,1,-1,-1,-1
289,59,998,163,142,53,1,-1,-1,-1
289,60,1086,167,118,47,1,-1,-1,-1
289,61,1114,136,118,42,1,-1,-1,-1
289,63,1170,77,101,35,1,-1,-1,-1
289,64,1201,53,77,34,1,-1,-1,-1
289,76,1683,218,126,71,1,-1,-1,-1
289,77,1701,203,113,60,1,-1,-1,-1
289,78,1686,186,127,51,1,-1,-1,-1
289,120,47,329,199,106,1,-1,-1,-1
289,125,1456,120,46,52,1,-1,-1,-1
289,135,1143,108,95,41,1,-1,-1,-1
290,0,119,612,262,149,1,-1,-1,-1
290,1,730,719,305,166,1,-1,-1,-1
290,5,490,420,227,119,1,-1,-1,-1
290,6,177,360,196,108,1,-1,-1,-1
290,7,610,298,179,95,1,-1,-1,-1
290,8,420,284,179,83,1,-1,-1,-1
290,9,1208,253,84,94,1,-1,-1,-1
290,10,1230,206,77,82,1,-1,-1,-1
290,11,1276,177,61,71,1,-1,-1,-1
290,12,1291,138,52,52,1,-1,-1,-1
290,13,1306,109,46,53,1,-1,-1,-1
290,14,1339,68,48,41,1,-1,-1,-1
290,15,1611,367,226,110,1,-1,-1,-1
290,16,1606,324,204,89,1,-1,-1,-1
290,54,874,271,157,93,1,-1,-1,-1
290,55,912,244,150,72,1,-1,-1,-1
290,56,895,228,172,59,1,-1,-1,-1
290,57,935,206,95,43,1,-1,-1,-1
290,58,949,194,155,59,1,-1,-1,-1
290,59,989,161,142,55,1,-1,-1,-1
290,60,1066,166,118,47,1,-1,-1,-1
290,61,1094,135,118,42,1,-1,-1,-1
290,63,1155,80,101,35,1,-1,-1,-1
290,64,1193,58,77,34,1,-1,-1,-1
290,76,1655,215,137,71,1,-1,-1,-1
290,77,1660,197,125,60,1,-1,-1,-1
290,78,1643,181,141,51,1,-1,-1,-1
290,120,0,333,198,107,1,-1,-1,-1
290,125,1449,126,46,53,1,-1,-1,-1
290,135,1129,106,95,41,1,-1,-1,-1
291,0,154,622,271,155,1,-1,-1,-1
291,1,773,731,311,166,1,-1,-1,-1
291,5,493,406,226,136,1,-1,-1,-1
291,6,178,362,196,110,1,-1,-1,-1
291,7,609,299,180,97,1,-1,-1,-1
291,8,412,285,179,84,1,-1,-1,-1
291,9,1204,254,84,92,1,-1,-1,-1
291,10,1225,204,77,83,1,-1,-1,-1
291,11,1268,168,60,71,1,-1,-1,-1
291,12,1279,140,52,52,1,-1,-1,-1
291,13,1307,108,47,52,1,-1,-1,-1
291,14,1341,69,48,41,1,-1,-1,-1
291,15,1605,369,226,109,1,-1,-1,-1
291,16,1609,323,204,89,1,-1,-1,-1
291,54,871,274,159,95,1,-1,-1,-1
291,55,910,244,150,72,1,-1,-1,-1
291,56,893,229,172,60,1,-1,-1,-1
291,57,935,204,89,45,1,-1,-1,-1
291,58,942,198,155,60,1,-1,-1,-1
291,59,993,158,142,55,1,-1,-1,-1
291,60,1063,170,118,47,1,-1,-1,-1
291,61,1095,135,118,41,1,-1,-1,-1
291,63,1155,78,101,35,1,-1,-1,-1
291,64,1198,59,77,34,1,-1,-1,-1
291,76,1657,215,137,71,1,-1,-1,-1
291,77,1657,195,125,60,1,-1,-1,-1
291,78,1647,183,141,51,1,-1,-1,-1
291,120,13,335,201,106,1,-1,-1,-1
291,125,1443,133,46,53,1,-1,-1,-1
291,135,1130,109,95,41,1,-1,-1,-1
292,0,182,633,275,155,1,-1,-1,-1
292,1,808,737,316,168,1,-1,-1,-1
292,5,477,408,226,136,1,-1,-1,-1
292,6,179,363,200,111,1,-1,-1,-1
292,7,608,301,181,98,1,-1,-1,-1
292,8,404,286,179,86,1,-1,-1,-1
292,9,1200,255,83,90,1,-1,-1,-1
292,10,1220,203,77,83,1,-1,-1,-1
292,11,1265,169,61,71,1,-1,-1,-1
292,12,1285,140,53,53,1,-1,-1,-1
292,13,1312,112,46,53,1,-1,-1,-1
292,14,1343,70,48,41,1,-1,-1,-1
292,15,1600,371,226,109,1,-1,-1,-1
292,16,1612,322,204,89,1,-1,-1,-1
292,54,868,278,161,96,1,-1,-1,-1
292,55,908,245,151,71,1,-1,-1,-1
292,56,892,231,172,60,1,-1,-1,-1
292,57,917,213,151,46,1,-1,-1,-1
292,58,945,195,157,60,1,-1,-1,-1
292,59,998,155,141,56,1,-1,-1,-1
292,60,1072,171,119,47,1,-1,-1,-1
292,61,1097,135,118,41,1,-1,-1,-1
292,63,1155,76,101,35,1,-1,-1,-1
292,64,1203,61,77,34,1,-1,-1,-1
292,76,1659,215,137,71,1,-1,-1,-1
292,77,1654,194,126,60,1,-1,-1,-1
292,78,1651,186,141,51,1,-1,-1,-1
292,120,6,332,201,106,1,-1,-1,-1
292,125,1436,121,47,53,1,-1,-1,-1
292,135,1131,113,95,41,1,-1,-1,-1
293,0,210,644,279,155,1,-1,-1,-1
293,1,843,743,321,170,1,-1,-1,-1
293,5,461,410,226,136,1,-1,-1,-1
293,6,181,365,203,111,1,-1,-1,-1
293,7,607,303,183,99,1,-1,-1,-1
293,8,396,288,180,86,1,-1,-1,-1
293,9,1197,256,82,88,1,-1,-1,-1
293,10,1217,199,78,83,1,-1,-1,-1
293,11,1263,171,61,71,1,-1,-1,-1
293,12,1280,140,52,53,1,-1,-1,-1
293,13,1304,112,47,54,1,-1,-1,-1
293,14,1322,69,48,41,1,-1,-1,-1
293,15,1595,374,226,108,1,-1,-1,-1
293,16,1616,322,204,89,1,-1,-1,-1
293,54,869,270,143,88,1,-1,-1,-1
293,55,899,252,151,71,1,-1,-1,-1
293,56,910,228,172,59,1,-1,-1,-1
293,57,920,217,105,36,1,-1,-1,-1
293,58,949,194,156,59,1,-1,-1,-1
293,59,983,165,142,55,1,-1,-1,-1
293,60,1062,171,119,47,1,-1,-1,-1
293,61,1097,135,119,41,1,-1,-1,-1
293,63,1148,76,101,35,1,-1,-1,-1
293,64,1191,59,77,34,1,-1,-1,-1
293,76,1662,215,137,72,1,-1,-1,-1
293,77,1652,193,126,60,1,-1,-1,-1
293,78,1655,189,142,51,1,-1,-1,-1
293,120,5,330,198,106,1,-1,-1,-1
293,125,1439,122,47,52,1,-1,-1,-1
293,135,1133,109,95,41,1,-1,-1,-1
294,0,238,655,283,155,1,-1,-1,-1
294,1,878,749,326,172,1,-1,-1,-1
294,5,446,412,226,136,1,-1,-1,-1
294,6,126,364,207,111,1,-1,-1,-1
294,7,594,304,183,100,1,-1,-1,-1
294,8,388,289,180,88,1,-1,-1,-1
294,9,1160,255,83,90,1,-1,-1,-1
294,10,1189,193,76,81,1,-1,-1,-1
294,11,1217,165,64,72,1,-1,-1,-1
294,12,1243,143,51,42,1,-1,-1,-1
294,13,1265,105,47,53,1,-1,-1,-1
294,14,1302,68,48,41,1,-1,-1,-1
294,15,1545,366,227,107,1,-1,-1,-1
294,16,1561,309,203,90,1,-1,-1,-1
294,54,825,273,143,89,1,-1,-1,-1
294,55,869,250,149,71,1,-1,-1,-1
294,56,873,227,173,59,1,-1,-1,-1
294,57,879,212,110,38,1,-1,-1,-1
294,58,905,195,156,59,1,-1,-1,-1
294,59,936,168,143,54,1,-1,-1,-1
294,60,1026,168,119,48,1,-1,-1,-1
294,61,1062,133,119,41,1,-1,-1,-1
294,63,1128,80,101,35,1,-1,-1,-1
294,64,1158,56,77,34,1,-1,-1,-1
294,76,1615,212,137,72,1,-1,-1,-1
294,77,1617,190,126,60,1,-1,-1,-1
294,78,1608,182,142,53,1,-1,-1,-1
294,120,2,343,162,106,1,-1,-1,-1
294,125,1398,116,47,51,1,-1,-1,-1
294,135,1089,108,95,41,1,-1,-1,-1
295,0,266,666,287,156,1,-1,-1,-1
295,1,913,755,331,174,1,-1,-1,-1
295,5,430,415,226,136,1,-1,-1,-1
295,6,81,377,211,111,1,-1,-1,-1
295,7,582,305,182,102,1,-1,-1,-1
295,8,381,291,180,89,1,-1,-1,-1
295,9,1143,254,84,92,1,-1,-1,-1
295,10,1172,193,76,81,1,-1,-1,-1
295,11,1205,162,63,71,1,-1,-1,-1
295,12,1227,140,51,45,1,-1,-1,-1
295,13,1249,104,46,53,1,-1,-1,-1
295,14,1283,68,48,41,1,-1,-1,-1
295,15,1532,364,227,106,1,-1,-1,-1
295,16,1543,309,204,90,1,-1,-1,-1
295,54,791,268,143,90,1,-1,-1,-1
295,55,827,248,149,71,1,-1,-1,-1
295,56,831,227,155,59,1,-1,-1,-1
295,57,839,208,115,39,1,-1,-1,-1
295,58,865,195,156,59,1,-1,-1,-1
295,59,916,163,142,54,1,-1,-1,-1
295,60,989,159,119,47,1,-1,-1,-1
295,61,1012,138,120,41,1,-1,-1,-1
295,63,1079,80,102,35,1,-1,-1,-1
295,64,1114,52,78,35,1,-1,-1,-1
295,76,1592,211,137,72,1,-1,-1,-1
295,77,1586,188,126,60,1,-1,-1,-1
295,78,1579,175,142,52,1,-1,-1,-1
295,120,0,356,126,106,1,-1,-1,-1
295,125,1379,117,47,51,1,-1,-1,-1
295,135,1046,108,95,41,1,-1,-1,-1
296,0,294,677,291,156,1,-1,-1,-1
296,1,948,761,336,176,1,-1,-1,-1
296,5,415,417,226,136,1,-1,-1,-1
296,6,81,376,215,111,1,-1,-1,-1
296,7,569,306,182,104,1,-1,-1,-1
296,8,373,292,180,90,1,-1,-1,-1
296,9,1126,254,85,94,1,-1,-1,-1
296,10,1156,193,76,81,1,-1,-1,-1
296,11,1194,159,62,71,1,-1,-1,-1
296,12,1212,137,51,48,1,-1,-1,-1
296,13,1233,104,46,52,1,-1,-1,-1
296,14,1265,68,48,41,1,-1,-1,-1
296,15,1519,363,227,104,1,-1,-1,-1
296,16,1526,309,204,90,1,-1,-1,-1
296,54,789,268,146,91,1,-1,-1,-1
296,55,826,247,149,71,1,-1,-1,-1
296,56,828,225,163,59,1,-1,-1,-1
296,57,840,209,111,39,1,-1,-1,-1
296,58,854,196,155,59,1,-1,-1,-1
296,59,900,161,142,54,1,-1,-1,-1
296,60,971,165,119,47,1,-1,-1,-1
296,61,1011,132,119,41,1,-1,-1,-1
296,63,1068,78,102,35,1,-1,-1,-1
296,64,1111,51,78,35,1,-1,-1,-1
296,76,1570,210,137,72,1,-1,-1,-1
296,77,1556,187,126,60,1,-1,-1,-1
296,78,1551,169,142,51,1,-1,-1,-1
296,120,0,356,115,106,1,-1,-1,-1
296,125,1361,118,47,51,1,-1,-1,-1
296,135,1042,108,95,41,1,-1,-1,-1
297,0,322,688,295,156,1,-1,-1,-1
297,1,983,767,341,178,1,-1,-1,-1
297,5,399,419,226,136,1,-1,-1,-1
297,6,81,375,219,111,1,-1,-1,-1
297,7,557,307,181,105,1,-1,-1,-1
297,8,365,293,180,92,1,-1,-1,-1
297,9,1110,254,85,96,1,-1,-1,-1
297,10,1140,194,76,81,1,-1,-1,-1
297,11,1183,156,61,71,1,-1,-1,-1
297,12,1197,135,51,51,1,-1,-1,-1
297,13,1217,104,46,51,1,-1,-1,-1
297,14,1247,69,48,41,1,-1,-1,-1
297,15,1507,362,226,102,1,-1,-1,-1
297,16,1509,310,205,89,1,-1,-1,-1
297,54,787,269,149,91,1,-1,-1,-1
297,55,825,247,150,71,1,-1,-1,-1
297,56,825,223,171,59,1,-1,-1,-1
297,57,842,210,107,40,1,-1,-1,-1
297,58,866,195,155,59,1,-1,-1,-1
297,59,902,160,142,55,1,-1,-1,-1
297,60,973,167,119,47,1,-1,-1,-1
297,61,1006,133,119,42,1,-1,-1,-1
297,63,1058,77,101,35,1,-1,-1,-1
297,64,1108,51,78,35,1,-1,-1,-1
297,76,1566,208,136,72,1,-1,-1,-1
297,77,1555,186,126,60,1,-1,-1,-1
297,78,1547,170,142,51,1,-1,-1,-1
297,120,0,356,105,106,1,-1,-1,-1
297,125,1343,119,47,51,1,-1,-1,-1
297,135,1038,108,95,41,1,-1,-1,-1
298,0,351,700,298,156,1,-1,-1,-1
298,1,1019,774,345,179,1,-1,-1,-1
298,5,384,422,226,136,1,-1,-1,-1
298,6,82,375,223,111,1,-1,-1,-1
298,7,544,308,181,107,1,-1,-1,-1
298,8,357,295,181,92,1,-1,-1,-1
298,9,1110,253,85,96,1,-1,-1,-1
298,10,1139,194,76,81,1,-1,-1,-1
298,11,1182,157,61,71,1,-1,-1,-1
298,12,1195,136,52,51,1,-1,-1,-1
298,13,1217,105,46,50,1,-1,-1,-1
298,14,1246,70,48,41,1,-1,-1,-1
298,15,1506,362,226,104,1,-1,-1,-1
298,16,1508,309,205,89,1,-1,-1,-1
298,54,786,269,151,92,1,-1,-1,-1
298,55,825,247,150,71,1,-1,-1,-1
298,56,826,226,161,59,1,-1,-1,-1
298,57,842,211,104,41,1,-1,-1,-1
298,58,864,195,155,60,1,-1,-1,-1
298,59,904,160,142,55,1,-1,-1,-1
298,60,978,165,119,47,1,-1,-1,-1
298,61,1008,135,119,42,1,-1,-1,-1
298,63,1060,76,101,35,1,-1,-1,-1
298,64,1105,51,78,34,1,-1,-1,-1
298,76,1562,207,136,72,1,-1,-1,-1
298,77,1554,186,126,60,1,-1,-1,-1
298,78,1544,171,142,51,1,-1,-1,-1
298,120,0,356,95,106,1,-1,-1,-1
298,125,1346,120,46,51,1,-1,-1,-1
298,135,1035,108,95,41,1,-1,-1,-1
299,0,397,709,299,156,1,-1,-1,-1
299,1,1067,782,345,179,1,-1,-1,-1
299,5,384,422,226,136,1,-1,-1,-1
299,6,82,375,223,111,1,-1,-1,-1
299,7,532,309,180,109,1,-1,-1,-1
299,8,349,296,181,94,1,-1,-1,-1
299,9,1111,253,85,95,1,-1,-1,-1
299,10,1138,194,77,82,1,-1,-1,-1
299,11,1182,159,61,71,1,-1,-1,-1
299,12,1194,137,52,51,1,-1,-1,-1
299,13,1217,106,46,50,1,-1,-1,-1
299,14,1245,70,48,41,1,-1,-1,-1
299,15,1505,363,226,106,1,-1,-1,-1
299,16,1507,308,206,90,1,-1,-1,-1
299,54,784,270,154,92,1,-1,-1,-1
299,55,824,247,151,71,1,-1,-1,-1
299,56,827,229,151,59,1,-1,-1,-1
299,57,843,213,100,41,1,-1,-1,-1
299,58,862,196,156,60,1,-1,-1,-1
299,59,906,160,142,55,1,-1,-1,-1
299,60,977,166,119,47,1,-1,-1,-1
299,61,1011,135,119,42,1,-1,-1,-1
299,63,1062,76,101,35,1,-1,-1,-1
299,64,1103,51,77,34,1,-1,-1,-1
299,76,1558,206,136,71,1,-1,-1,-1
299,77,1553,185,126,60,1,-1,-1,-1
299,78,1541,172,141,51,1,-1,-1,-1
299,120,0,356,95,106,1,-1,-1,-1
299,125,1349,122,46,51,1,-1,-1,-1
299,135,1025,119,95,41,1,-1,-1,-1
300,0,443,718,300,156,1,-1,-1,-1
300,1,1115,790,345,179,1,-1,-1,-1
300,5,384,422,226,136,1,-1,-1,-1
300,6,82,375,223,111,1,-1,-1,-1
300,7,520,310,179,111,1,-1,-1,-1
300,8,342,298,181,95,1,-1,-1,-1
300,9,1111,252,85,95,1,-1,-1,-1
300,10,1137,194,77,82,1,-1,-1,-1
300,11,1182,160,60,71,1,-1,-1,-1
300,12,1193,138,52,51,1,-1,-1,-1
300,13,1217,107,46,50,1,-1,-1,-1
300,14,1245,70,48,41,1,-1,-1,-1
300,15,1504,363,226,108,1,-1,-1,-1
300,16,1506,307,206,90,1,-1,-1,-1
300,54,782,270,157,93,1,-1,-1,-1
300,55,823,247,152,71,1,-1,-1,-1
300,56,809,227,171,60,1,-1,-1,-1
300,57,841,212,104,43,1,-1,-1,-1
300,58,860,196,157,61,1,-1,-1,-1
300,59,908,160,142,55,1,-1,-1,-1
300,60,977,167,119,47,1,-1,-1,-1
300,61,1014,132,119,42,1,-1,-1,-1
300,63,1061,76,101,35,1,-1,-1,-1
300,64,1103,52,77,34,1,-1,-1,-1
300,76,1554,205,136,71,1,-1,-1,-1
300,77,1552,185,126,60,1,-1,-1,-1
300,78,1538,173,141,51,1,-1,-1,-1
300,120,0,356,95,106,1,-1,-1,-1
300,125,1346,121,46,51,1,-1,-1,-1
300,135,1016,131,95,40,1,-1,-1,-1
301,0,490,727,300,156,1,-1,-1,-1
301,1,1163,798,345,179,1,-1,-1,-1
301,5,384,422,226,136,1,-1,-1,-1
301,6,82,375,223,111,1,-1,-1,-1
301,7,518,310,184,111,1,-1,-1,-1
301,8,339,298,182,95,1,-1,-1,-1
301,9,1112,252,85,95,1,-1,-1,-1
301,10,1137,195,77,82,1,-1,-1,-1
301,11,1182,162,60,71,1,-1,-1,-1
301,12,1192,139,53,52,1,-1,-1,-1
301,13,1217,109,46,49,1,-1,-1,-1
301,14,1245,70,48,41,1,-1,-1,-1
301,15,1503,364,226,110,1,-1,-1,-1
301,16,1506,307,206,90,1,-1,-1,-1
301,54,781,271,159,94,1,-1,-1,-1
301,55,823,247,152,71,1,-1,-1,-1
301,56,827,228,150,59,1,-1,-1,-1
301,57,839,211,108,45,1,-1,-1,-1
301,58,859,197,157,61,1,-1,-1,-1
301,59,910,160,142,55,1,-1,-1,-1
301,60,978,168,119,47,1,-1,-1,-1
301,61,1010,134,119,42,1,-1,-1,-1
301,62,1022,108,113,47,1,-1,-1,-1
301,63,1061,77,101,34,1,-1,-1,-1
301,64,1104,53,77,34,1,-1,-1,-1
301,65,1214,19,36,42,1,-1,-1,-1
301,76,1550,204,136,71,1,-1,-1,-1
301,77,1551,185,126,60,1,-1,-1,-1
301,78,1535,175,141,51,1,-1,-1,-1
301,79,1360,15,47,40,1,-1,-1,-1
301,120,0,356,95,106,1,-1,-1,-1
301,125,1343,120,46,51,1,-1,-1,-1
301,135,1006,142,95,40,1,-1,-1,-1
302,0,533,735,301,161,1,-1,-1,-1
302,1,1215,812,340,179,1,-1,-1,-1
302,5,383,422,226,135,1,-1,-1,-1
302,6,82,377,221,110,1,-1,-1,-1
302,7,518,310,183,109,1,-1,-1,-1
302,8,339,298,180,94,1,-1,-1,-1
302,9,1113,252,84,93,1,-1,-1,-1
302,10,1137,195,77,81,1,-1,-1,-1
302,11,1181,162,61,70,1,-1,-1,-1
302,12,1192,138,53,52,1,-1,-1,-1
302,13,1216,109,46,49,1,-1,-1,-1
302,14,1245,69,47,42,1,-1,-1,-1
302,15,1502,364,226,110,1,-1,-1,-1
302,16,1507,308,202,90,1,-1,-1,-1
302,54,781,272,158,92,1,-1,-1,-1
302,55,823,248,151,71,1,-1,-1,-1
302,56,826,228,151,59,1,-1,-1,-1
302,57,833,213,120,46,1,-1,-1,-1
302,58,859,197,156,61,1,-1,-1,-1
302,59,909,160,142,55,1,-1,-1,-1
302,60,977,167,120,48,1,-1,-1,-1
302,61,1009,133,119,43,1,-1,-1,-1
302,62,1022,108,113,47,1,-1,-1,-1
302,63,1060,77,102,34,1,-1,-1,-1
302,64,1101,53,80,35,1,-1,-1,-1
302,65,1214,19,36,42,1,-1,-1,-1
302,76,1549,204,137,70,1,-1,-1,-1
302,77,1550,185,127,60,1,-1,-1,-1
302,78,1535,175,141,51,1,-1,-1,-1
302,79,1360,15,47,40,1,-1,-1,-1
302,120,0,356,95,106,1,-1,-1,-1
302,125,1341,120,46,51,1,-1,-1,-1
302,135,997,154,95,40,1,-1,-1,-1
303,0,576,743,302,167,1,-1,-1,-1
303,1,1267,826,336,180,1,-1,-1,-1
303,5,383,423,225,133,1,-1,-1,-1
303,6,82,379,219,110,1,-1,-1,-1
303,7,518,310,183,108,1,-1,-1,-1
303,8,340,299,178,92,1,-1,-1,-1
303,9,1114,253,84,91,1,-1,-1,-1
303,10,1138,195,77,81,1,-1,-1,-1
303,11,1181,162,61,70,1,-1,-1,-1
303,12,1192,137,54,53,1,-1,-1,-1
303,13,1216,109,46,49,1,-1,-1,-1
303,14,1245,69,47,42,1,-1,-1,-1
303,15,1502,365,225,109,1,-1,-1,-1
303,16,1508,310,199,90,1,-1,-1,-1
303,54,781,273,157,91,1,-1,-1,-1
303,55,823,249,151,71,1,-1,-1,-1
303,56,826,229,151,59,1,-1,-1,-1
303,57,827,216,132,46,1,-1,-1,-1
303,58,859,197,156,61,1,-1,-1,-1
303,59,909,160,142,56,1,-1,-1,-1
303,60,976,167,121,48,1,-1,-1,-1
303,61,1008,133,120,43,1,-1,-1,-1
303,62,1022,108,113,47,1,-1,-1,-1
303,63,1059,77,103,34,1,-1,-1,-1
303,64,1098,53,83,36,1,-1,-1,-1
303,65,1214,19,36,42,1,-1,-1,-1
303,76,1549,204,137,70,1,-1,-1,-1
303,77,1549,185,128,61,1,-1,-1,-1
303,78,1535,175,141,52,1,-1,-1,-1
303,79,1360,15,47,40,1,-1,-1,-1
303,120,0,356,95,106,1,-1,-1,-1
303,125,1345,118,46,51,1,-1,-1,-1
303,135,988,165,95,40,1,-1,-1,-1
304,0,621,752,302,167,1,-1,-1,-1
304,1,1315,831,344,180,1,-1,-1,-1
304,5,383,423,225,132,1,-1,-1,-1
304,6,82,381,218,109,1,-1,-1,-1
304,7,518,310,183,107,1,-1,-1,-1
304,8,341,300,175,90,1,-1,-1,-1
304,9,1115,253,84,89,1,-1,-1,-1
304,10,1139,196,77,79,1,-1,-1,-1
304,11,1180,163,62,69,1,-1,-1,-1
304,12,1192,137,54,53,1,-1,-1,-1
304,13,1216,109,46,49,1,-1,-1,-1
304,14,1245,69,47,42,1,-1,-1,-1
304,15,1502,366,224,109,1,-1,-1,-1
304,16,1510,312,195,90,1,-1,-1,-1
304,54,781,274,156,89,1,-1,-1,-1
304,55,823,250,150,71,1,-1,-1,-1
304,56,825,230,152,59,1,-1,-1,-1
304,57,821,218,144,47,1,-1,-1,-1
304,58,859,197,156,61,1,-1,-1,-1
304,59,909,160,142,56,1,-1,-1,-1
304,60,976,166,121,50,1,-1,-1,-1
304,61,1008,133,120,43,1,-1,-1,-1
304,62,1022,108,113,47,1,-1,-1,-1
304,63,1059,77,103,35,1,-1,-1,-1
304,64,1095,53,86,37,1,-1,-1,-1
304,65,1214,19,36,42,1,-1,-1,-1
304,76,1549,204,137,70,1,-1,-1,-1
304,77,1548,186,130,60,1,-1,-1,-1
304,78,1536,175,140,53,1,-1,-1,-1
304,79,1360,15,47,40,1,-1,-1,-1
304,120,0,356,95,106,1,-1,-1,-1
304,125,1349,116,46,51,1,-1,-1,-1
304,135,978,177,95,39,1,-1,-1,-1
305,0,666,761,302,167,1,-1,-1,-1
305,1,1364,837,351,180,1,-1,-1,-1
305,5,383,424,224,130,1,-1,-1,-1
305,6,82,383,216,109,1,-1,-1,-1
305,7,519,311,182,105,1,-1,-1,-1
305,8,342,301,173,88,1,-1,-1,-1
305,9,1116,254,84,87,1,-1,-1,-1
305,10,1140,196,77,79,1,-1,-1,-1
305,11,1180,163,62,69,1,-1,-1,-1
305,12,1192,136,55,54,1,-1,-1,-1
305,13,1216,109,46,49,1,-1,-1,-1
305,14,1245,69,47,42,1,-1,-1,-1
305,15,1502,367,223,108,1,-1,-1,-1
305,16,1511,314,192,89,1,-1,-1,-1
305,54,781,275,155,88,1,-1,-1,-1
305,55,823,252,150,70,1,-1,-1,-1
305,56,825,231,152,59,1,-1,-1,-1
305,57,816,221,155,48,1,-1,-1,-1
305,58,859,197,156,61,1,-1,-1,-1
305,59,909,160,142,57,1,-1,-1,-1
305,60,975,166,122,50,1,-1,-1,-1
305,61,1007,133,120,43,1,-1,-1,-1
305,62,1022,108,113,47,1,-1,-1,-1
305,63,1058,77,104,35,1,-1,-1,-1
305,64,1093,53,88,38,1,-1,-1,-1
305,65,1214,19,36,42,1,-1,-1,-1
305,76,1548,204,138,70,1,-1,-1,-1
305,77,1548,186,130,61,1,-1,-1,-1
305,78,1536,176,141,53,1,-1,-1,-1
305,79,1360,15,47,40,1,-1,-1,-1
305,120,0,356,95,106,1,-1,-1,-1
305,125,1344,117,47,51,1,-1,-1,-1
305,135,969,188,95,39,1,-1,-1,-1
306,0,713,768,302,167,1,-1,-1,-1
306,1,1416,847,354,180,1,-1,-1,-1
306,5,383,424,224,129,1,-1,-1,-1
306,6,82,385,214,108,1,-1,-1,-1
306,7,519,311,181,104,1,-1,-1,-1
306,8,343,302,171,86,1,-1,-1,-1
306,9,1117,254,84,86,1,-1,-1,-1
306,10,1141,196,76,79,1,-1,-1,-1
306,11,1179,163,63,69,1,-1,-1,-1
306,12,1193,136,54,54,1,-1,-1,-1
306,13,1215,110,47,49,1,-1,-1,-1
306,14,1245,69,47,43,1,-1,-1,-1
306,15,1501,368,223,107,1,-1,-1,-1
306,16,1512,316,189,89,1,-1,-1,-1
306,54,781,276,154,86,1,-1,-1,-1
306,55,823,253,149,70,1,-1,-1,-1
306,56,825,232,152,59,1,-1,-1,-1
306,57,814,220,155,48,1,-1,-1,-1
306,58,859,197,156,61,1,-1,-1,-1
306,59,909,160,141,57,1,-1,-1,-1
306,60,974,165,123,51,1,-1,-1,-1
306,61,1007,133,120,44,1,-1,-1,-1
306,62,1022,108,113,47,1,-1,-1,-1
306,63,1058,77,104,36,1,-1,-1,-1
306,64,1090,53,91,39,1,-1,-1,-1
306,65,1214,19,36,42,1,-1,-1,-1
306,76,1548,204,138,70,1,-1,-1,-1
306,77,1547,187,132,61,1,-1,-1,-1
306,78,1537,176,140,54,1,-1,-1,-1
306,79,1360,15,47,40,1,-1,-1,-1
306,120,0,356,95,106,1,-1,-1,-1
306,125,1340,119,47,51,1,-1,-1,-1
306,135,960,200,95,39,1,-1,-1,-1
307,0,761,776,302,167,1,-1,-1,-1
307,1,1469,858,357,180,1,-1,-1,-1
307,2,6,588,270,149,1,-1,-1,-1
307,5,383,425,223,128,1,-1,-1,-1
307,6,82,387,213,108,1,-1,-1,-1
307,7,519,311,181,103,1,-1,-1,-1
307,8,344,303,168,84,1,-1,-1,-1
307,9,1118,255,84,83,1,-1,-1,-1
307,10,1142,197,76,77,1,-1,-1,-1
307,11,1179,164,63,68,1,-1,-1,-1
307,12,1193,135,55,55,1,-1,-1,-1
307,13,1215,110,46,49,1,-1,-1,-1
307,14,1245,69,47,43,1,-1,-1,-1
307,15,1501,369,222,107,1,-1,-1,-1
307,16,1514,318,185,89,1,-1,-1,-1
307,54,781,278,154,84,1,-1,-1,-1
307,55,823,254,149,70,1,-1,-1,-1
307,56,824,233,153,59,1,-1,-1,-1
307,57,813,219,155,48,1,-1,-1,-1
307,58,860,197,155,61,1,-1,-1,-1
307,59,909,160,141,58,1,-1,-1,-1
307,60,974,165,123,52,1,-1,-1,-1
307,61,1006,133,121,44,1,-1,-1,-1
307,62,1022,108,113,47,1,-1,-1,-1
307,63,1057,77,105,36,1,-1,-1,-1
307,64,1087,53,94,40,1,-1,-1,-1
307,65,1214,19,36,42,1,-1,-1,-1
307,76,1548,204,138,70,1,-1,-1,-1
307,77,1546,187,133,61,1,-1,-1,-1
307,78,1537,176,140,55,1,-1,-1,-1
307,79,1360,15,47,40,1,-1,-1,-1
307,120,0,356,95,106,1,-1,-1,-1
307,125,1345,121,46,52,1,-1,-1,-1
307,135,950,211,95,39,1,-1,-1,-1
308,0,815,785,302,167,1,-1,-1,-1
308,1,1519,864,345,180,1,-1,-1,-1
308,2,45,595,270,149,1,-1,-1,-1
308,5,383,425,223,127,1,-1,-1,-1
308,6,82,389,211,107,1,-1,-1,-1
308,7,519,311,181,102,1,-1,-1,-1
308,8,345,304,166,82,1,-1,-1,-1
308,9,1119,255,84,82,1,-1,-1,-1
308,10,1143,197,76,77,1,-1,-1,-1
308,11,1178,164,64,68,1,-1,-1,-1
308,12,1193,135,55,55,1,-1,-1,-1
308,13,1215,110,46,49,1,-1,-1,-1
308,14,1245,69,47,43,1,-1,-1,-1
308,15,1501,370,221,106,1,-1,-1,-1
308,16,1511,318,185,90,1,-1,-1,-1
308,54,780,277,154,84,1,-1,-1,-1
308,55,823,256,149,69,1,-1,-1,-1
308,56,824,234,153,59,1,-1,-1,-1
308,57,813,218,155,48,1,-1,-1,-1
308,58,860,197,154,61,1,-1,-1,-1
308,59,909,161,141,58,1,-1,-1,-1
308,60,973,164,124,53,1,-1,-1,-1
308,61,1005,133,122,44,1,-1,-1,-1
308,62,1023,108,113,47,1,-1,-1,-1
308,63,1057,77,105,37,1,-1,-1,-1
308,64,1084,53,97,41,1,-1,-1,-1
308,65,1214,20,36,42,1,-1,-1,-1
308,76,1547,204,139,70,1,-1,-1,-1
308,77,1546,188,134,61,1,-1,-1,-1
308,78,1538,177,140,55,1,-1,-1,-1
308,79,1361,15,47,40,1,-1,-1,-1
308,120,0,356,95,106,1,-1,-1,-1
308,125,1350,123,46,53,1,-1,-1,-1
308,135,941,223,95,38,1,-1,-1,-1
309,0,869,794,302,167,1,-1,-1,-1
309,1,1570,870,333,180,1,-1,-1,-1
309,2,84,602,270,149,1,-1,-1,-1
309,5,383,426,222,125,1,-1,-1,-1
309,6,82,391,210,107,1,-1,-1,-1
309,7,520,312,180,100,1,-1,-1,-1
309,8,346,305,164,81,1,-1,-1,-1
309,9,1120,256,84,80,1,-1,-1,-1
309,10,1144,198,76,76,1,-1,-1,-1
309,11,1178,165,65,67,1,-1,-1,-1
309,12,1193,134,56,56,1,-1,-1,-1
309,13,1215,110,46,49,1,-1,-1,-1
309,14,1245,69,47,43,1,-1,-1,-1
309,15,1501,371,220,106,1,-1,-1,-1
309,16,1509,318,184,91,1,-1,-1,-1
309,54,780,276,154,84,1,-1,-1,-1
309,55,823,257,148,69,1,-1,-1,-1
309,56,823,235,154,59,1,-1,-1,-1
309,57,813,218,155,48,1,-1,-1,-1
309,58,860,197,154,61,1,-1,-1,-1
309,59,909,161,141,58,1,-1,-1,-1
309,60,972,164,125,53,1,-1,-1,-1
309,61,1005,133,121,44,1,-1,-1,-1
309,62,1023,108,113,47,1,-1,-1,-1
309,63,1056,77,106,37,1,-1,-1,-1
309,64,1082,54,99,41,1,-1,-1,-1
309,65,1214,20,36,42,1,-1,-1,-1
309,76,1547,204,139,70,1,-1,-1,-1
309,77,1545,188,135,62,1,-1,-1,-1
309,78,1538,177,140,56,1,-1,-1,-1
309,79,1361,15,47,40,1,-1,-1,-1
309,120,0,356,95,106,1,-1,-1,-1
309,125,1339,118,46,53,1,-1,-1,-1
309,135,931,234,95,38,1,-1,-1,-1
310,0,916,805,302,167,1,-1,-1,-1
310,1,1633,883,270,180,1,-1,-1,-1
310,2,123,609,270,149,1,-1,-1,-1
310,5,383,427,222,123,1,-1,-1,-1
310,6,83,390,210,107,1,-1,-1,-1
310,7,521,310,180,101,1,-1,-1,-1
310,8,346,304,164,81,1,-1,-1,-1
310,9,1119,255,84,80,1,-1,-1,-1
310,10,1143,196,76,76,1,-1,-1,-1
310,11,1181,165,64,68,1,-1,-1,-1
310,12,1194,134,56,56,1,-1,-1,-1
310,13,1214,110,47,49,1,-1,-1,-1
310,14,1246,69,46,44,1,-1,-1,-1
310,15,1502,370,220,106,1,-1,-1,-1
310,16,1509,318,184,91,1,-1,-1,-1
310,54,780,275,154,84,1,-1,-1,-1
310,55,823,258,148,69,1,-1,-1,-1
310,56,823,236,154,59,1,-1,-1,-1
310,57,812,217,155,48,1,-1,-1,-1
310,58,860,198,154,60,1,-1,-1,-1
310,59,909,161,140,59,1,-1,-1,-1
310,60,972,163,125,55,1,-1,-1,-1
310,61,1004,133,122,44,1,-1,-1,-1
310,62,1023,108,113,47,1,-1,-1,-1
310,63,1056,77,106,38,1,-1,-1,-1
310,64,1082,55,99,41,1,-1,-1,-1
310,65,1214,20,36,42,1,-1,-1,-1
310,76,1547,205,139,68,1,-1,-1,-1
310,77,1544,188,137,62,1,-1,-1,-1
310,78,1538,177,140,57,1,-1,-1,-1
310,79,1361,16,47,40,1,-1,-1,-1
310,120,0,356,95,106,1,-1,-1,-1
310,125,1339,123,46,53,1,-1,-1,-1
310,135,922,246,95,38,1,-1,-1,-1
311,0,963,816,303,167,1,-1,-1,-1
311,2,162,614,274,157,1,-1,-1,-1
311,5,382,427,222,122,1,-1,-1,-1
311,6,85,389,209,107,1,-1,-1,-1
311,7,522,309,180,101,1,-1,-1,-1
311,8,347,303,164,81,1,-1,-1,-1
311,9,1119,255,84,80,1,-1,-1,-1
311,10,1143,195,76,76,1,-1,-1,-1
311,11,1180,166,64,68,1,-1,-1,-1
311,12,1193,135,56,56,1,-1,-1,-1
311,13,1214,111,47,49,1,-1,-1,-1
311,14,1246,68,46,45,1,-1,-1,-1
311,15,1503,369,221,106,1,-1,-1,-1
311,16,1510,318,184,91,1,-1,-1,-1
311,54,780,275,154,83,1,-1,-1,-1
311,55,824,260,146,68,1,-1,-1,-1
311,56,823,237,154,59,1,-1,-1,-1
311,57,811,217,155,48,1,-1,-1,-1
311,58,860,198,154,60,1,-1,-1,-1
311,59,909,161,140,59,1,-1,-1,-1
311,60,971,163,126,55,1,-1,-1,-1
311,61,1004,133,122,45,1,-1,-1,-1
311,62,1023,108,113,47,1,-1,-1,-1
311,63,1055,78,107,37,1,-1,-1,-1
311,64,1082,56,99,41,1,-1,-1,-1
311,65,1214,20,36,42,1,-1,-1,-1
311,76,1546,205,140,68,1,-1,-1,-1
311,77,1544,189,137,62,1,-1,-1,-1
311,78,1539,178,140,57,1,-1,-1,-1
311,79,1361,16,47,40,1,-1,-1,-1
311,120,0,356,95,106,1,-1,-1,-1
311,125,1340,128,46,53,1,-1,-1,-1
311,135,913,257,95,38,1,-1,-1,-1
312,0,1014,824,310,171,1,-1,-1,-1
312,2,201,620,278,165,1,-1,-1,-1
312,5,382,428,221,120,1,-1,-1,-1
312,6,86,388,210,108,1,-1,-1,-1
312,7,523,308,180,101,1,-1,-1,-1
312,8,348,302,164,81,1,-1,-1,-1
312,9,1119,255,84,80,1,-1,-1,-1
312,10,1142,194,76,76,1,-1,-1,-1
312,11,1179,167,64,68,1,-1,-1,-1
312,12,1193,136,56,56,1,-1,-1,-1
312,13,1214,111,46,49,1,-1,-1,-1
312,14,1246,68,46,45,1,-1,-1,-1
312,15,1504,368,221,106,1,-1,-1,-1
312,16,1510,318,184,91,1,-1,-1,-1
312,54,781,275,154,83,1,-1,-1,-1
312,55,824,261,146,68,1,-1,-1,-1
312,56,822,238,155,59,1,-1,-1,-1
312,57,811,217,155,48,1,-1,-1,-1
312,58,861,198,153,60,1,-1,-1,-1
312,59,909,161,140,60,1,-1,-1,-1
312,60,971,162,126,57,1,-1,-1,-1
312,61,1003,133,123,45,1,-1,-1,-1
312,62,1023,108,113,47,1,-1,-1,-1
312,63,1055,78,107,38,1,-1,-1,-1
312,64,1082,57,99,41,1,-1,-1,-1
312,65,1214,20,36,42,1,-1,-1,-1
312,76,1546,205,140,68,1,-1,-1,-1
312,77,1543,189,139,63,1,-1,-1,-1
312,78,1539,178,140,58,1,-1,-1,-1
312,79,1361,16,47,40,1,-1,-1,-1
312,120,0,356,95,106,1,-1,-1,-1
312,125,1340,127,46,53,1,-1,-1,-1
312,135,903,269,95,37,1,-1,-1,-1
313,0,1065,833,317,174,1,-1,-1,-1
313,2,245,628,278,165,1,-1,-1,-1
313,5,382,428,221,120,1,-1,-1,-1
313,6,88,388,209,107,1,-1,-1,-1
313,7,524,307,180,101,1,-1,-1,-1
313,8,348,301,165,81,1,-1,-1,-1
313,9,1118,254,84,81,1,-1,-1,-1
313,10,1142,192,76,76,1,-1,-1,-1
313,11,1178,168,64,68,1,-1,-1,-1
313,12,1193,137,55,56,1,-1,-1,-1
313,13,1214,111,46,49,1,-1,-1,-1
313,14,1246,68,46,45,1,-1,-1,-1
313,15,1506,367,221,106,1,-1,-1,-1
313,16,1511,318,184,91,1,-1,-1,-1
313,54,783,276,154,83,1,-1,-1,-1
313,55,824,262,145,68,1,-1,-1,-1
313,56,822,239,155,59,1,-1,-1,-1
313,57,810,216,155,48,1,-1,-1,-1
313,58,861,198,153,60,1,-1,-1,-1
313,59,909,161,140,60,1,-1,-1,-1
313,60,970,162,127,57,1,-1,-1,-1
313,61,1003,133,122,45,1,-1,-1,-1
313,62,1023,108,113,47,1,-1,-1,-1
313,63,1054,78,108,38,1,-1,-1,-1
313,64,1082,58,99,41,1,-1,-1,-1
313,65,1214,20,36,42,1,-1,-1,-1
313,76,1546,205,140,68,1,-1,-1,-1
313,77,1542,190,140,62,1,-1,-1,-1
313,78,1540,178,139,59,1,-1,-1,-1
313,79,1361,16,47,40,1,-1,-1,-1
313,120,0,356,95,106,1,-1,-1,-1
313,125,1340,127,46,52,1,-1,-1,-1
313,135,894,280,95,37,1,-1,-1,-1
314,0,1116,842,317,174,1,-1,-1,-1
314,2,289,637,278,165,1,-1,-1,-1
314,5,382,429,220,118,1,-1,-1,-1
314,6,89,387,210,108,1,-1,-1,-1
314,7,525,306,180,101,1,-1,-1,-1
314,8,349,300,165,81,1,-1,-1,-1
314,9,1118,254,84,81,1,-1,-1,-1
314,10,1141,191,76,76,1,-1,-1,-1
314,11,1177,169,64,68,1,-1,-1,-1
314,12,1193,138,55,56,1,-1,-1,-1
314,13,1213,111,47,49,1,-1,-1,-1
314,14,1246,68,46,45,1,-1,-1,-1
314,15,1503,364,221,106,1,-1,-1,-1
314,16,1506,315,184,91,1,-1,-1,-1
314,54,784,276,154,83,1,-1,-1,-1
314,55,824,264,145,67,1,-1,-1,-1
314,56,822,240,156,59,1,-1,-1,-1
314,57,810,216,155,48,1,-1,-1,-1
314,58,861,198,153,60,1,-1,-1,-1
314,59,909,162,140,60,1,-1,-1,-1
314,60,969,161,128,58,1,-1,-1,-1
314,61,1002,133,123,45,1,-1,-1,-1
314,62,1024,109,113,47,1,-1,-1,-1
314,63,1054,78,108,39,1,-1,-1,-1
314,64,1082,59,99,41,1,-1,-1,-1
314,65,1214,20,36,42,1,-1,-1,-1
314,76,1545,205,141,68,1,-1,-1,-1
314,77,1542,190,141,63,1,-1,-1,-1
314,78,1540,179,140,59,1,-1,-1,-1
314,79,1361,16,47,40,1,-1,-1,-1
314,120,0,356,95,106,1,-1,-1,-1
314,125,1340,127,46,52,1,-1,-1,-1
314,135,885,292,95,37,1,-1,-1,-1
315,0,1171,853,317,174,1,-1,-1,-1
315,2,332,642,278,165,1,-1,-1,-1
315,5,382,429,220,117,1,-1,-1,-1
315,6,91,386,209,108,1,-1,-1,-1
315,7,526,305,180,101,1,-1,-1,-1
315,8,350,299,165,81,1,-1,-1,-1
315,9,1118,254,84,81,1,-1,-1,-1
315,10,1141,190,76,76,1,-1,-1,-1
315,11,1176,170,64,68,1,-1,-1,-1
315,12,1191,141,55,56,1,-1,-1,-1
315,13,1213,111,47,49,1,-1,-1,-1
315,14,1246,68,46,46,1,-1,-1,-1
315,15,1500,362,221,106,1,-1,-1,-1
315,16,1502,313,184,91,1,-1,-1,-1
315,54,786,277,154,83,1,-1,-1,-1
315,55,824,265,145,68,1,-1,-1,-1
315,56,822,240,156,59,1,-1,-1,-1
315,57,810,216,155,48,1,-1,-1,-1
315,58,861,198,152,60,1,-1,-1,-1
315,59,909,162,139,61,1,-1,-1,-1
315,60,969,161,128,59,1,-1,-1,-1
315,61,1001,133,124,45,1,-1,-1,-1
315,62,1024,109,113,47,1,-1,-1,-1
315,63,1053,78,109,39,1,-1,-1,-1
315,64,1082,60,99,41,1,-1,-1,-1
315,65,1214,21,36,42,1,-1,-1,-1
315,76,1545,205,141,68,1,-1,-1,-1
315,77,1541,191,142,62,1,-1,-1,-1
315,78,1541,179,139,60,1,-1,-1,-1
315,79,1362,16,47,40,1,-1,-1,-1
315,120,0,356,95,106,1,-1,-1,-1
315,125,1340,127,47,51,1,-1,-1,-1
315,135,875,303,95,37,1,-1,-1,-1
316,0,1227,865,317,174,1,-1,-1,-1
316,2,375,647,279,165,1,-1,-1,-1
316,5,382,430,219,115,1,-1,-1,-1
316,6,93,386,209,108,1,-1,-1,-1
316,7,527,304,181,101,1,-1,-1,-1
316,8,351,299,165,80,1,-1,-1,-1
316,9,1118,254,84,81,1,-1,-1,-1
316,10,1141,189,76,76,1,-1,-1,-1
316,11,1176,172,63,67,1,-1,-1,-1
316,12,1189,144,56,57,1,-1,-1,-1
316,13,1213,112,47,49,1,-1,-1,-1
316,14,1246,68,46,46,1,-1,-1,-1
316,15,1497,360,222,106,1,-1,-1,-1
316,16,1498,311,184,91,1,-1,-1,-1
316,54,785,276,154,84,1,-1,-1,-1
316,55,824,266,144,68,1,-1,-1,-1
316,56,822,240,156,59,1,-1,-1,-1
316,57,810,216,155,48,1,-1,-1,-1
316,58,861,198,152,60,1,-1,-1,-1
316,59,909,162,139,61,1,-1,-1,-1
316,60,968,160,129,60,1,-1,-1,-1
316,61,1001,133,124,46,1,-1,-1,-1
316,62,1025,110,113,47,1,-1,-1,-1
316,63,1053,78,109,40,1,-1,-1,-1
316,64,1082,62,99,41,1,-1,-1,-1
316,65,1214,21,36,42,1,-1,-1,-1
316,76,1545,205,141,68,1,-1,-1,-1
316,77,1540,191,144,63,1,-1,-1,-1
316,78,1541,179,139,61,1,-1,-1,-1
316,79,1362,16,47,40,1,-1,-1,-1
316,120,0,356,95,106,1,-1,-1,-1
316,125,1340,127,47,50,1,-1,-1,-1
316,135,866,315,95,36,1,-1,-1,-1
317,0,1275,863,341,192,1,-1,-1,-1
317,2,419,657,279,165,1,-1,-1,-1
317,5,382,430,219,114,1,-1,-1,-1
317,6,92,385,209,108,1,-1,-1,-1
317,7,527,304,181,101,1,-1,-1,-1
317,8,351,300,165,80,1,-1,-1,-1
317,9,1118,255,84,81,1,-1,-1,-1
317,10,1140,189,76,76,1,-1,-1,-1
317,11,1177,172,63,66,1,-1,-1,-1
317,12,1189,143,55,56,1,-1,-1,-1
317,13,1213,112,46,49,1,-1,-1,-1
317,14,1246,68,46,46,1,-1,-1,-1
317,15,1508,378,222,106,1,-1,-1,-1
317,16,1502,312,184,91,1,-1,-1,-1
317,54,784,276,154,84,1,-1,-1,-1
317,55,824,268,144,67,1,-1,-1,-1
317,56,822,240,156,59,1,-1,-1,-1
317,57,810,216,155,48,1,-1,-1,-1
317,58,862,198,151,60,1,-1,-1,-1
317,59,909,162,139,62,1,-1,-1,-1
317,60,967,160,130,60,1,-1,-1,-1
317,61,1000,133,124,46,1,-1,-1,-1
317,62,1025,110,113,47,1,-1,-1,-1
317,63,1052,78,110,40,1,-1,-1,-1
317,64,1082,61,100,41,1,-1,-1,-1
317,65,1214,21,36,42,1,-1,-1,-1
317,76,1544,205,142,68,1,-1,-1,-1
317,77,1540,192,144,63,1,-1,-1,-1
317,78,1542,180,139,61,1,-1,-1,-1
317,79,1362,16,47,40,1,-1,-1,-1
317,120,0,356,95,106,1,-1,-1,-1
317,125,1340,126,47,51,1,-1,-1,-1
317,135,856,326,95,36,1,-1,-1,-1
318,0,1330,875,341,192,1,-1,-1,-1
318,2,464,667,279,165,1,-1,-1,-1
318,5,382,431,218,112,1,-1,-1,-1
318,6,92,385,209,108,1,-1,-1,-1
318,7,528,305,181,101,1,-1,-1,-1
318,8,351,301,165,80,1,-1,-1,-1
318,9,1118,257,84,80,1,-1,-1,-1
318,10,1140,190,76,76,1,-1,-1,-1
318,11,1178,172,63,66,1,-1,-1,-1
318,12,1189,142,54,56,1,-1,-1,-1
318,13,1212,112,47,49,1,-1,-1,-1
318,14,1246,68,46,46,1,-1,-1,-1
318,15,1504,375,222,106,1,-1,-1,-1
318,16,1506,314,184,90,1,-1,-1,-1
318,54,783,276,154,84,1,-1,-1,-1
318,55,824,269,143,67,1,-1,-1,-1
318,56,822,240,156,59,1,-1,-1,-1
318,57,810,217,155,48,1,-1,-1,-1
318,58,862,198,151,60,1,-1,-1,-1
318,59,909,162,139,62,1,-1,-1,-1
318,60,967,159,130,62,1,-1,-1,-1
318,61,1000,133,124,46,1,-1,-1,-1
318,62,1026,111,113,47,1,-1,-1,-1
318,63,1052,78,110,41,1,-1,-1,-1
318,64,1083,61,100,40,1,-1,-1,-1
318,65,1214,21,36,42,1,-1,-1,-1
318,76,1544,206,142,66,1,-1,-1,-1
318,77,1539,192,146,63,1,-1,-1,-1
318,78,1542,180,139,62,1,-1,-1,-1
318,79,1362,16,47,40,1,-1,-1,-1
318,120,0,356,95,106,1,-1,-1,-1
318,125,1340,126,47,50,1,-1,-1,-1
318,135,847,338,95,36,1,-1,-1,-1
319,0,1385,884,342,184,1,-1,-1,-1
319,2,509,673,279,165,1,-1,-1,-1
319,5,382,432,218,111,1,-1,-1,-1
319,6,91,384,209,108,1,-1,-1,-1
319,7,528,306,181,101,1,-1,-1,-1
319,8,351,302,165,80,1,-1,-1,-1
319,9,1118,258,84,81,1,-1,-1,-1
319,10,1139,191,77,76,1,-1,-1,-1
319,11,1180,172,62,66,1,-1,-1,-1
319,12,1189,142,53,55,1,-1,-1,-1
319,13,1212,112,47,49,1,-1,-1,-1
319,14,1247,68,45,47,1,-1,-1,-1
319,15,1501,372,222,106,1,-1,-1,-1
319,16,1510,316,185,90,1,-1,-1,-1
319,54,782,276,154,85,1,-1,-1,-1
319,55,824,270,143,67,1,-1,-1,-1
319,56,822,240,156,59,1,-1,-1,-1
319,57,810,218,155,48,1,-1,-1,-1
319,58,862,199,151,59,1,-1,-1,-1
319,59,909,162,138,63,1,-1,-1,-1
319,60,966,159,131,62,1,-1,-1,-1
319,61,999,133,125,46,1,-1,-1,-1
319,62,1026,111,113,47,1,-1,-1,-1
319,63,1051,78,111,41,1,-1,-1,-1
319,64,1084,60,100,40,1,-1,-1,-1
319,65,1214,21,36,42,1,-1,-1,-1
319,76,1544,206,142,66,1,-1,-1,-1
319,77,1538,192,147,64,1,-1,-1,-1
319,78,1542,180,139,63,1,-1,-1,-1
319,79,1362,17,47,40,1,-1,-1,-1
319,120,0,356,95,106,1,-1,-1,-1
319,125,1340,126,48,49,1,-1,-1,-1
319,135,838,349,95,36,1,-1,-1,-1
320,0,1441,893,342,177,1,-1,-1,-1
320,2,554,679,279,165,1,-1,-1,-1
320,5,383,430,218,111,1,-1,-1,-1
320,6,91,384,209,108,1,-1,-1,-1
320,7,529,307,181,101,1,-1,-1,-1
320,8,352,303,164,80,1,-1,-1,-1
320,9,1118,260,84,80,1,-1,-1,-1
320,10,1139,192,76,76,1,-1,-1,-1
320,11,1181,172,62,66,1,-1,-1,-1
320,12,1188,143,54,55,1,-1,-1,-1
320,13,1212,112,47,49,1,-1,-1,-1
320,14,1245,69,46,47,1,-1,-1,-1
320,15,1502,371,222,106,1,-1,-1,-1
320,16,1513,319,184,91,1,-1,-1,-1
320,54,781,277,154,85,1,-1,-1,-1
320,55,825,272,141,66,1,-1,-1,-1
320,56,822,240,156,59,1,-1,-1,-1
320,57,811,220,155,48,1,-1,-1,-1
320,58,862,199,151,59,1,-1,-1,-1
320,59,909,162,138,63,1,-1,-1,-1
320,60,966,158,131,64,1,-1,-1,-1
320,61,999,133,125,47,1,-1,-1,-1
320,62,1027,112,113,47,1,-1,-1,-1
320,63,1051,79,112,41,1,-1,-1,-1
320,64,1085,60,100,40,1,-1,-1,-1
320,65,1214,21,36,42,1,-1,-1,-1
320,76,1543,206,143,66,1,-1,-1,-1
320,77,1538,193,148,64,1,-1,-1,-1
320,78,1543,181,139,63,1,-1,-1,-1
320,79,1362,17,47,40,1,-1,-1,-1
320,120,0,356,95,106,1,-1,-1,-1
320,125,1340,126,48,49,1,-1,-1,-1
320,135,828,361,95,35,1,-1,-1,-1
321,0,1501,912,342,158,1,-1,-1,-1
321,2,601,687,279,165,1,-1,-1,-1
321,5,384,429,218,111,1,-1,-1,-1
321,6,90,383,209,108,1,-1,-1,-1
321,7,530,307,180,101,1,-1,-1,-1
321,8,352,304,164,80,1,-1,-1,-1
321,9,1118,261,84,80,1,-1,-1,-1
321,10,1139,193,76,76,1,-1,-1,-1
321,11,1182,172,62,66,1,-1,-1,-1
321,12,1187,144,55,55,1,-1,-1,-1
321,13,1212,113,47,49,1,-1,-1,-1
321,14,1244,70,46,47,1,-1,-1,-1
321,15,1503,371,222,106,1,-1,-1,-1
321,16,1513,315,184,91,1,-1,-1,-1
321,54,781,278,154,85,1,-1,-1,-1
321,55,825,273,141,66,1,-1,-1,-1
321,56,822,240,156,59,1,-1,-1,-1
321,57,812,222,155,48,1,-1,-1,-1
321,58,862,199,150,59,1,-1,-1,-1
321,59,909,163,138,63,1,-1,-1,-1
321,60,965,158,132,64,1,-1,-1,-1
321,61,1000,134,125,47,1,-1,-1,-1
321,62,1026,111,113,47,1,-1,-1,-1
321,63,1051,77,112,42,1,-1,-1,-1
321,64,1085,60,100,40,1,-1,-1,-1
321,65,1214,21,36,42,1,-1,-1,-1
321,76,1543,206,143,66,1,-1,-1,-1
321,77,1537,193,149,64,1,-1,-1,-1
321,78,1543,181,139,64,1,-1,-1,-1
321,79,1362,17,47,40,1,-1,-1,-1
321,120,0,356,95,106,1,-1,-1,-1
321,125,1340,126,48,48,1,-1,-1,-1
321,135,819,372,95,35,1,-1,-1,-1
322,0,1563,920,339,150,1,-1,-1,-1
322,2,648,695,279,165,1,-1,-1,-1
322,5,385,427,218,112,1,-1,-1,-1
322,6,90,383,209,108,1,-1,-1,-1
322,7,530,308,181,101,1,-1,-1,-1
322,8,352,305,164,80,1,-1,-1,-1
322,9,1118,263,84,80,1,-1,-1,-1
322,10,1138,193,77,76,1,-1,-1,-1
322,11,1184,172,61,66,1,-1,-1,-1
322,12,1190,143,56,55,1,-1,-1,-1
322,13,1212,113,47,49,1,-1,-1,-1
322,14,1244,72,46,47,1,-1,-1,-1
322,15,1504,370,222,107,1,-1,-1,-1
322,16,1513,311,184,91,1,-1,-1,-1
322,54,781,278,154,84,1,-1,-1,-1
322,55,825,274,141,66,1,-1,-1,-1
322,56,822,240,156,59,1,-1,-1,-1
322,57,811,221,155,48,1,-1,-1,-1
322,58,863,199,149,59,1,-1,-1,-1
322,59,909,163,138,64,1,-1,-1,-1
322,60,964,157,133,65,1,-1,-1,-1
322,61,1002,136,125,47,1,-1,-1,-1
322,62,1026,111,113,47,1,-1,-1,-1
322,63,1051,76,112,42,1,-1,-1,-1
322,64,1085,61,100,40,1,-1,-1,-1
322,65,1214,22,36,42,1,-1,-1,-1
322,76,1543,206,143,66,1,-1,-1,-1
322,77,1536,194,151,64,1,-1,-1,-1
322,78,1544,181,138,65,1,-1,-1,-1
322,79,1363,17,47,40,1,-1,-1,-1
322,120,0,356,95,106,1,-1,-1,-1
322,125,1341,126,48,48,1,-1,-1,-1
322,135,810,384,95,35,1,-1,-1,-1
323,2,695,705,286,165,1,-1,-1,-1
323,5,386,426,218,112,1,-1,-1,-1
323,6,89,382,209,108,1,-1,-1,-1
323,7,531,309,180,101,1,-1,-1,-1
323,8,352,306,164,80,1,-1,-1,-1
323,9,1118,264,84,80,1,-1,-1,-1
323,10,1138,194,76,76,1,-1,-1,-1
323,11,1185,172,61,66,1,-1,-1,-1
323,12,1193,142,57,55,1,-1,-1,-1
323,13,1212,113,47,49,1,-1,-1,-1
323,14,1243,73,46,48,1,-1,-1,-1
323,15,1506,370,222,107,1,-1,-1,-1
323,16,1514,307,184,91,1,-1,-1,-1
323,54,781,278,154,84,1,-1,-1,-1
323,55,825,276,140,65,1,-1,-1,-1
323,56,822,240,156,59,1,-1,-1,-1
323,57,811,220,155,48,1,-1,-1,-1
323,58,863,199,149,59,1,-1,-1,-1
323,59,909,163,137,64,1,-1,-1,-1
323,60,964,157,133,66,1,-1,-1,-1
323,61,1004,138,125,47,1,-1,-1,-1
323,62,1025,110,113,47,1,-1,-1,-1
323,63,1051,75,112,42,1,-1,-1,-1
323,64,1085,62,100,40,1,-1,-1,-1
323,65,1214,22,36,42,1,-1,-1,-1
323,76,1542,206,144,66,1,-1,-1,-1
323,77,1536,194,151,65,1,-1,-1,-1
323,78,1544,182,139,65,1,-1,-1,-1
323,79,1363,17,47,40,1,-1,-1,-1
324,2,742,715,293,165,1,-1,-1,-1
324,5,388,425,217,112,1,-1,-1,-1
324,6,89,382,209,108,1,-1,-1,-1
324,7,532,310,180,101,1,-1,-1,-1
324,8,353,307,164,81,1,-1,-1,-1
324,9,1118,266,84,80,1,-1,-1,-1
324,10,1137,195,77,76,1,-1,-1,-1
324,11,1187,173,61,65,1,-1,-1,-1
324,12,1197,141,57,56,1,-1,-1,-1
324,13,1212,114,48,48,1,-1,-1,-1
324,14,1242,75,46,48,1,-1,-1,-1
324,15,1503,378,222,106,1,-1,-1,-1
324,16,1509,310,185,90,1,-1,-1,-1
324,54,781,278,154,84,1,-1,-1,-1
324,55,825,277,140,65,1,-1,-1,-1
324,56,823,240,156,59,1,-1,-1,-1
324,57,811,220,155,48,1,-1,-1,-1
324,58,863,199,149,59,1,-1,-1,-1
324,59,909,163,137,65,1,-1,-1,-1
324,60,963,156,134,67,1,-1,-1,-1
324,61,1004,138,125,47,1,-1,-1,-1
324,62,1025,110,113,47,1,-1,-1,-1
324,63,1051,74,112,42,1,-1,-1,-1
324,64,1085,63,100,40,1,-1,-1,-1
324,65,1214,22,36,42,1,-1,-1,-1
324,76,1542,206,144,66,1,-1,-1,-1
324,77,1535,195,153,64,1,-1,-1,-1
324,78,1545,182,138,66,1,-1,-1,-1
324,79,1363,17,47,40,1,-1,-1,-1
325,2,789,726,300,165,1,-1,-1,-1
325,5,382,428,217,112,1,-1,-1,-1
325,6,88,384,209,108,1,-1,-1,-1
325,7,531,312,180,101,1,-1,-1,-1
325,8,351,306,164,81,1,-1,-1,-1
325,9,1115,266,84,80,1,-1,-1,-1
325,10,1137,196,77,76,1,-1,-1,-1
325,11,1187,165,60,65,1,-1,-1,-1
325,12,1196,139,56,56,1,-1,-1,-1
325,13,1213,115,48,48,1,-1,-1,-1
325,14,1244,73,45,48,1,-1,-1,-1
325,15,1501,386,222,105,1,-1,-1,-1
325,16,1505,313,185,90,1,-1,-1,-1
325,54,781,278,154,84,1,-1,-1,-1
325,55,825,278,139,65,1,-1,-1,-1
325,56,824,241,156,59,1,-1,-1,-1
325,57,810,220,155,48,1,-1,-1,-1
325,58,863,199,149,59,1,-1,-1,-1
325,59,909,163,137,65,1,-1,-1,-1
325,60,962,156,135,67,1,-1,-1,-1
325,61,1004,138,125,47,1,-1,-1,-1
325,62,1024,111,113,47,1,-1,-1,-1
325,63,1050,75,112,42,1,-1,-1,-1
325,64,1085,62,100,40,1,-1,-1,-1
325,65,1214,22,36,42,1,-1,-1,-1
325,76,1542,206,144,66,1,-1,-1,-1
325,77,1534,195,154,65,1,-1,-1,-1
325,78,1545,182,138,67,1,-1,-1,-1
325,79,1363,17,47,40,1,-1,-1,-1
326,2,835,734,303,170,1,-1,-1,-1
326,5,376,432,217,112,1,-1,-1,-1
326,6,87,386,209,108,1,-1,-1,-1
326,7,531,315,180,101,1,-1,-1,-1
326,8,349,305,165,81,1,-1,-1,-1
326,9,1113,266,84,81,1,-1,-1,-1
326,10,1137,197,77,76,1,-1,-1,-1
326,11,1187,158,59,64,1,-1,-1,-1
326,12,1195,137,56,56,1,-1,-1,-1
326,13,1214,117,48,48,1,-1,-1,-1
326,14,1246,72,45,48,1,-1,-1,-1
326,15,1503,372,222,105,1,-1,-1,-1
326,16,1507,314,185,89,1,-1,-1,-1
326,54,780,279,154,85,1,-1,-1,-1
326,55,825,280,139,64,1,-1,-1,-1
326,56,825,243,156,59,1,-1,-1,-1
326,57,810,220,155,48,1,-1,-1,-1
326,58,863,199,149,59,1,-1,-1,-1
326,59,909,163,137,66,1,-1,-1,-1
326,60,962,155,135,69,1,-1,-1,-1
326,61,1004,138,125,47,1,-1,-1,-1
326,62,1024,113,113,47,1,-1,-1,-1
326,63,1050,77,112,42,1,-1,-1,-1
326,64,1085,61,100,40,1,-1,-1,-1
326,65,1214,22,36,42,1,-1,-1,-1
326,76,1542,207,144,65,1,-1,-1,-1
326,77,1534,196,155,65,1,-1,-1,-1
326,78,1546,183,138,67,1,-1,-1,-1
326,79,1363,17,47,40,1,-1,-1,-1
327,2,881,743,306,174,1,-1,-1,-1
327,5,378,442,217,112,1,-1,-1,-1
327,6,86,404,209,108,1,-1,-1,-1
327,7,531,318,180,101,1,-1,-1,-1
327,8,347,304,166,81,1,-1,-1,-1
327,9,1115,264,84,82,1,-1,-1,-1
327,10,1137,200,78,75,1,-1,-1,-1
327,11,1185,167,60,64,1,-1,-1,-1
327,12,1195,141,55,56,1,-1,-1,-1
327,13,1213,119,48,48,1,-1,-1,-1
327,14,1246,74,45,48,1,-1,-1,-1
327,15,1505,372,222,105,1,-1,-1,-1
327,16,1510,315,185,89,1,-1,-1,-1
327,54,779,281,154,85,1,-1,-1,-1
327,55,825,281,138,64,1,-1,-1,-1
327,56,826,245,156,59,1,-1,-1,-1
327,57,810,221,155,47,1,-1,-1,-1
327,58,864,200,148,58,1,-1,-1,-1
327,59,909,164,137,66,1,-1,-1,-1
327,60,961,155,136,69,1,-1,-1,-1
327,61,1004,139,125,47,1,-1,-1,-1
327,62,1024,114,113,47,1,-1,-1,-1
327,63,1050,79,112,42,1,-1,-1,-1
327,64,1085,60,100,40,1,-1,-1,-1
327,65,1214,22,36,42,1,-1,-1,-1
327,76,1542,207,144,65,1,-1,-1,-1
327,77,1535,195,155,65,1,-1,-1,-1
327,78,1546,180,137,68,1,-1,-1,-1
327,79,1363,17,47,40,1,-1,-1,-1
328,2,928,752,309,179,1,-1,-1,-1
328,5,380,453,217,111,1,-1,-1,-1
328,6,85,422,209,108,1,-1,-1,-1
328,7,531,321,180,101,1,-1,-1,-1
328,8,346,303,166,82,1,-1,-1,-1
328,9,1117,262,84,84,1,-1,-1,-1
328,10,1138,203,78,75,1,-1,-1,-1
328,11,1184,176,61,64,1,-1,-1,-1
328,12,1195,146,54,55,1,-1,-1,-1
328,13,1213,121,48,49,1,-1,-1,-1
328,14,1246,76,46,49,1,-1,-1,-1
328,15,1503,394,222,105,1,-1,-1,-1
328,16,1509,338,185,89,1,-1,-1,-1
328,54,779,283,154,85,1,-1,-1,-1
328,55,825,282,138,64,1,-1,-1,-1
328,56,827,247,156,59,1,-1,-1,-1
328,57,813,223,154,48,1,-1,-1,-1
328,58,864,215,148,58,1,-1,-1,-1
328,59,911,170,137,66,1,-1,-1,-1
328,60,961,155,136,70,1,-1,-1,-1
328,61,1002,135,125,47,1,-1,-1,-1
328,62,1024,116,113,47,1,-1,-1,-1
328,63,1050,91,112,42,1,-1,-1,-1
328,64,1085,60,101,40,1,-1,-1,-1
328,65,1215,23,36,42,1,-1,-1,-1
328,76,1542,208,144,65,1,-1,-1,-1
328,77,1536,195,155,65,1,-1,-1,-1
328,78,1546,178,137,69,1,-1,-1,-1
328,79,1364,18,47,40,1,-1,-1,-1
329,2,983,788,309,179,1,-1,-1,-1
329,5,382,464,218,111,1,-1,-1,-1
329,6,84,440,209,108,1,-1,-1,-1
329,7,526,341,180,101,1,-1,-1,-1
329,8,346,338,166,82,1,-1,-1,-1
329,9,1116,288,84,82,1,-1,-1,-1
329,10,1136,229,78,75,1,-1,-1,-1
329,11,1182,196,61,62,1,-1,-1,-1
329,12,1191,165,54,57,1,-1,-1,-1
329,13,1215,135,47,48,1,-1,-1,-1
329,14,1241,100,47,48,1,-1,-1,-1
329,15,1501,416,222,105,1,-1,-1,-1
329,16,1508,361,185,89,1,-1,-1,-1
329,54,779,310,154,86,1,-1,-1,-1
329,55,826,284,137,64,1,-1,-1,-1
329,56,828,268,156,59,1,-1,-1,-1
329,57,822,243,155,48,1,-1,-1,-1
329,58,865,231,148,58,1,-1,-1,-1
329,59,916,188,137,66,1,-1,-1,-1
329,60,961,179,136,70,1,-1,-1,-1
329,61,1000,161,125,47,1,-1,-1,-1
329,62,1024,139,113,47,1,-1,-1,-1
329,63,1050,104,112,41,1,-1,-1,-1
329,64,1084,90,100,40,1,-1,-1,-1
329,65,1213,49,36,42,1,-1,-1,-1
329,76,1543,237,144,65,1,-1,-1,-1
329,77,1534,226,155,65,1,-1,-1,-1
329,78,1539,209,137,70,1,-1,-1,-1
329,79,1361,43,47,40,1,-1,-1,-1
330,2,1039,824,309,179,1,-1,-1,-1
330,3,9,671,264,169,1,-1,-1,-1
330,5,379,500,218,111,1,-1,-1,-1
330,6,83,458,209,108,1,-1,-1,-1
330,7,522,362,180,101,1,-1,-1,-1
330,8,346,374,166,81,1,-1,-1,-1
330,9,1116,314,84,81,1,-1,-1,-1
330,10,1137,252,77,75,1,-1,-1,-1
330,11,1181,217,61,60,1,-1,-1,-1
330,12,1187,185,55,59,1,-1,-1,-1
330,13,1209,163,50,49,1,-1,-1,-1
330,14,1237,124,47,48,1,-1,-1,-1
330,15,1499,438,222,105,1,-1,-1,-1
330,16,1507,384,185,89,1,-1,-1,-1
330,54,780,338,153,87,1,-1,-1,-1
330,55,824,312,137,65,1,-1,-1,-1
330,56,829,290,156,59,1,-1,-1,-1
330,57,815,272,155,48,1,-1,-1,-1
330,58,864,260,148,58,1,-1,-1,-1
330,59,912,213,137,66,1,-1,-1,-1
330,60,962,203,136,70,1,-1,-1,-1
330,61,998,188,125,47,1,-1,-1,-1
330,62,1025,162,113,47,1,-1,-1,-1
330,63,1049,126,112,41,1,-1,-1,-1
330,64,1083,121,99,40,1,-1,-1,-1
330,65,1212,76,36,42,1,-1,-1,-1
330,76,1545,266,144,65,1,-1,-1,-1
330,77,1533,257,155,65,1,-1,-1,-1
330,78,1533,241,137,70,1,-1,-1,-1
330,79,1359,68,47,40,1,-1,-1,-1
331,2,1098,877,309,159,1,-1,-1,-1
331,3,32,725,264,169,1,-1,-1,-1
331,5,377,536,218,111,1,-1,-1,-1
331,6,82,477,210,107,1,-1,-1,-1
331,7,526,404,180,101,1,-1,-1,-1
331,8,346,410,166,80,1,-1,-1,-1
331,9,1113,354,84,81,1,-1,-1,-1
331,10,1133,292,78,75,1,-1,-1,-1
331,11,1173,266,59,62,1,-1,-1,-1
331,12,1188,231,56,54,1,-1,-1,-1
331,13,1209,207,49,49,1,-1,-1,-1
331,14,1238,162,45,47,1,-1,-1,-1
331,15,1497,460,223,105,1,-1,-1,-1
331,16,1507,407,185,89,1,-1,-1,-1
331,54,781,366,153,88,1,-1,-1,-1
331,55,824,357,137,65,1,-1,-1,-1
331,56,828,331,156,59,1,-1,-1,-1
331,57,807,308,155,48,1,-1,-1,-1
331,58,863,291,148,58,1,-1,-1,-1
331,59,909,254,137,66,1,-1,-1,-1
331,60,958,249,136,70,1,-1,-1,-1
331,61,996,232,125,47,1,-1,-1,-1
331,62,1021,199,113,47,1,-1,-1,-1
331,63,1046,171,112,41,1,-1,-1,-1
331,64,1082,152,99,40,1,-1,-1,-1
331,65,1211,103,36,42,1,-1,-1,-1
331,76,1547,295,144,65,1,-1,-1,-1
331,77,1532,288,155,65,1,-1,-1,-1
331,78,1527,273,137,70,1,-1,-1,-1
331,79,1355,113,47,40,1,-1,-1,-1
332,2,1158,930,309,140,1,-1,-1,-1
332,3,55,780,264,168,1,-1,-1,-1
332,5,375,573,218,111,1,-1,-1,-1
332,6,83,506,210,107,1,-1,-1,-1
332,7,523,455,180,101,1,-1,-1,-1
332,8,347,446,165,80,1,-1,-1,-1
332,9,1110,395,84,81,1,-1,-1,-1
332,10,1130,336,78,75,1,-1,-1,-1
332,11,1173,312,59,61,1,-1,-1,-1
332,12,1185,278,58,54,1,-1,-1,-1
332,13,1209,251,48,49,1,-1,-1,-1
332,14,1234,208,45,47,1,-1,-1,-1
332,15,1496,498,223,105,1,-1,-1,-1
332,16,1507,444,185,90,1,-1,-1,-1
332,54,781,414,153,89,1,-1,-1,-1
332,55,825,403,137,65,1,-1,-1,-1
332,56,828,372,156,59,1,-1,-1,-1
332,57,806,355,155,48,1,-1,-1,-1
332,58,863,336,148,58,1,-1,-1,-1
332,59,911,299,137,66,1,-1,-1,-1
332,60,954,295,136,71,1,-1,-1,-1
332,61,994,277,125,47,1,-1,-1,-1
332,62,1017,249,113,47,1,-1,-1,-1
332,63,1044,216,112,41,1,-1,-1,-1
332,64,1082,200,100,40,1,-1,-1,-1
332,65,1207,153,36,42,1,-1,-1,-1
332,76,1545,341,144,65,1,-1,-1,-1
332,77,1527,331,155,65,1,-1,-1,-1
332,78,1526,313,137,70,1,-1,-1,-1
332,79,1351,158,47,40,1,-1,-1,-1
333,2,1212,978,309,92,1,-1,-1,-1
333,3,86,803,264,168,1,-1,-1,-1
333,5,378,594,218,111,1,-1,-1,-1
333,6,84,535,210,107,1,-1,-1,-1
333,7,525,487,180,102,1,-1,-1,-1
333,8,348,451,165,80,1,-1,-1,-1
333,9,1107,436,84,81,1,-1,-1,-1
333,10,1128,380,78,75,1,-1,-1,-1
333,11,1173,358,59,61,1,-1,-1,-1
333,12,1183,326,59,54,1,-1,-1,-1
333,13,1210,295,47,49,1,-1,-1,-1
333,14,1231,254,44,48,1,-1,-1,-1
333,15,1496,537,222,105,1,-1,-1,-1
333,16,1508,460,185,90,1,-1,-1,-1
333,54,786,453,153,89,1,-1,-1,-1
333,55,828,439,137,65,1,-1,-1,-1
333,56,828,414,156,59,1,-1,-1,-1
333,57,805,403,155,47,1,-1,-1,-1
333,58,863,381,148,58,1,-1,-1,-1
333,59,907,345,137,66,1,-1,-1,-1
333,60,953,331,136,71,1,-1,-1,-1
333,61,993,322,125,47,1,-1,-1,-1
333,62,1021,295,113,47,1,-1,-1,-1
333,63,1044,261,112,41,1,-1,-1,-1
333,64,1083,248,100,40,1,-1,-1,-1
333,65,1204,203,36,42,1,-1,-1,-1
333,76,1544,387,144,65,1,-1,-1,-1
333,77,1523,374,155,65,1,-1,-1,-1
333,78,1525,353,137,71,1,-1,-1,-1
333,79,1348,201,47,40,1,-1,-1,-1
334,2,1282,996,309,74,1,-1,-1,-1
334,3,118,826,264,168,1,-1,-1,-1
334,5,381,616,218,111,1,-1,-1,-1
334,6,85,564,210,107,1,-1,-1,-1
334,7,525,488,180,102,1,-1,-1,-1
334,8,349,457,165,80,1,-1,-1,-1
334,9,1108,437,84,81,1,-1,-1,-1
334,10,1128,384,78,75,1,-1,-1,-1
334,11,1173,354,59,62,1,-1,-1,-1
334,12,1182,327,56,54,1,-1,-1,-1
334,13,1208,296,47,49,1,-1,-1,-1
334,14,1231,255,44,48,1,-1,-1,-1
334,15,1501,543,222,106,1,-1,-1,-1
334,16,1509,477,186,90,1,-1,-1,-1
334,54,786,451,153,89,1,-1,-1,-1
334,55,826,445,137,65,1,-1,-1,-1
334,56,827,416,156,59,1,-1,-1,-1
334,57,809,403,155,47,1,-1,-1,-1
334,58,862,383,149,58,1,-1,-1,-1
334,59,907,348,137,65,1,-1,-1,-1
334,60,955,338,136,71,1,-1,-1,-1
334,61,993,322,125,47,1,-1,-1,-1
334,62,1021,295,113,47,1,-1,-1,-1
334,63,1045,261,112,41,1,-1,-1,-1
334,64,1079,249,100,40,1,-1,-1,-1
334,65,1204,206,36,42,1,-1,-1,-1
334,76,1537,389,144,65,1,-1,-1,-1
334,77,1521,380,155,65,1,-1,-1,-1
334,78,1516,358,137,70,1,-1,-1,-1
334,79,1347,204,47,40,1,-1,-1,-1
335,2,1331,1002,294,68,1,-1,-1,-1
335,3,149,831,264,168,1,-1,-1,-1
335,5,379,615,219,112,1,-1,-1,-1
335,6,84,564,210,107,1,-1,-1,-1
335,7,526,489,180,102,1,-1,-1,-1
335,8,350,463,165,79,1,-1,-1,-1
335,9,1109,438,84,81,1,-1,-1,-1
335,10,1128,388,78,75,1,-1,-1,-1
335,11,1173,355,59,59,1,-1,-1,-1
335,12,1182,329,56,54,1,-1,-1,-1
335,13,1207,297,47,49,1,-1,-1,-1
335,14,1231,257,45,48,1,-1,-1,-1
335,15,1506,549,222,107,1,-1,-1,-1
335,16,1511,494,186,90,1,-1,-1,-1
335,54,786,449,153,89,1,-1,-1,-1
335,55,827,443,137,65,1,-1,-1,-1
335,56,827,418,156,59,1,-1,-1,-1
335,57,814,403,155,47,1,-1,-1,-1
335,58,862,385,149,59,1,-1,-1,-1
335,59,907,347,137,65,1,-1,-1,-1
335,60,954,338,136,71,1,-1,-1,-1
335,61,994,322,125,47,1,-1,-1,-1
335,62,1021,295,113,47,1,-1,-1,-1
335,63,1047,262,112,41,1,-1,-1,-1
335,64,1079,250,100,40,1,-1,-1,-1
335,65,1204,209,36,42,1,-1,-1,-1
335,76,1536,389,144,65,1,-1,-1,-1
335,77,1521,379,155,65,1,-1,-1,-1
335,78,1517,358,137,70,1,-1,-1,-1
335,79,1347,207,47,41,1,-1,-1,-1
336,3,181,836,264,168,1,-1,-1,-1
336,5,378,615,219,112,1,-1,-1,-1
336,6,83,564,210,107,1,-1,-1,-1
336,7,527,490,180,102,1,-1,-1,-1
336,8,351,469,165,79,1,-1,-1,-1
336,9,1110,439,85,81,1,-1,-1,-1
336,10,1130,388,78,75,1,-1,-1,-1
336,11,1174,357,59,55,1,-1,-1,-1
336,12,1183,331,55,54,1,-1,-1,-1
336,13,1206,299,47,48,1,-1,-1,-1
336,14,1232,258,44,48,1,-1,-1,-1
336,15,1505,548,222,106,1,-1,-1,-1
336,16,1512,494,186,90,1,-1,-1,-1
336,54,786,447,153,89,1,-1,-1,-1
336,55,828,442,137,65,1,-1,-1,-1
336,56,827,421,156,59,1,-1,-1,-1
336,57,819,403,155,47,1,-1,-1,-1
336,58,862,384,149,59,1,-1,-1,-1
336,59,907,347,137,65,1,-1,-1,-1
336,60,954,339,136,71,1,-1,-1,-1
336,61,995,323,125,47,1,-1,-1,-1
336,62,1021,295,113,47,1,-1,-1,-1
336,63,1048,263,112,41,1,-1,-1,-1
336,64,1079,251,100,40,1,-1,-1,-1
336,65,1204,206,36,42,1,-1,-1,-1
336,76,1536,389,144,65,1,-1,-1,-1
336,77,1521,378,155,65,1,-1,-1,-1
336,78,1519,358,137,71,1,-1,-1,-1
336,79,1347,211,47,41,1,-1,-1,-1
337,3,213,841,264,168,1,-1,-1,-1
337,5,377,615,219,112,1,-1,-1,-1
337,6,82,564,210,107,1,-1,-1,-1
337,7,528,491,180,102,1,-1,-1,-1
337,8,352,475,165,78,1,-1,-1,-1
337,9,1111,440,85,81,1,-1,-1,-1
337,10,1132,388,79,75,1,-1,-1,-1
337,11,1174,359,60,51,1,-1,-1,-1
337,12,1184,334,55,53,1,-1,-1,-1
337,13,1206,298,47,48,1,-1,-1,-1
337,14,1232,260,45,48,1,-1,-1,-1
337,15,1504,547,222,106,1,-1,-1,-1
337,16,1513,494,186,90,1,-1,-1,-1
337,54,786,445,153,89,1,-1,-1,-1
337,55,827,441,137,65,1,-1,-1,-1
337,56,826,420,156,59,1,-1,-1,-1
337,57,819,403,155,48,1,-1,-1,-1
337,58,862,384,149,59,1,-1,-1,-1
337,59,907,347,137,65,1,-1,-1,-1
337,60,953,340,137,71,1,-1,-1,-1
337,61,995,323,125,47,1,-1,-1,-1
337,62,1021,295,113,47,1,-1,-1,-1
337,63,1050,264,112,41,1,-1,-1,-1
337,64,1079,252,100,40,1,-1,-1,-1
337,65,1204,204,36,42,1,-1,-1,-1
337,76,1535,389,144,65,1,-1,-1,-1
337,77,1521,377,155,65,1,-1,-1,-1
337,78,1521,358,137,71,1,-1,-1,-1
337,79,1347,210,47,41,1,-1,-1,-1
338,3,248,847,264,168,1,-1,-1,-1
338,5,376,615,219,112,1,-1,-1,-1
338,6,81,564,210,107,1,-1,-1,-1
338,7,529,492,180,102,1,-1,-1,-1
338,8,354,481,165,78,1,-1,-1,-1
338,9,1113,442,85,81,1,-1,-1,-1
338,10,1134,388,80,75,1,-1,-1,-1
338,11,1175,361,60,48,1,-1,-1,-1
338,12,1182,332,59,54,1,-1,-1,-1
338,13,1207,297,47,49,1,-1,-1,-1
338,14,1233,262,45,48,1,-1,-1,-1
338,15,1503,546,222,106,1,-1,-1,-1
338,16,1514,494,186,91,1,-1,-1,-1
338,54,786,443,153,89,1,-1,-1,-1
338,55,826,441,137,65,1,-1,-1,-1
338,56,826,420,156,59,1,-1,-1,-1
338,57,819,404,155,49,1,-1,-1,-1
338,58,862,384,149,59,1,-1,-1,-1
338,59,907,347,137,65,1,-1,-1,-1
338,60,953,341,136,71,1,-1,-1,-1
338,61,996,323,125,47,1,-1,-1,-1
338,62,1021,296,113,47,1,-1,-1,-1
338,63,1050,264,112,41,1,-1,-1,-1
338,64,1078,251,100,40,1,-1,-1,-1
338,65,1204,201,36,42,1,-1,-1,-1
338,76,1535,389,144,65,1,-1,-1,-1
338,77,1522,376,155,65,1,-1,-1,-1
338,78,1523,359,137,71,1,-1,-1,-1
338,79,1348,209,47,41,1,-1,-1,-1
339,3,283,853,264,168,1,-1,-1,-1
339,5,379,616,219,112,1,-1,-1,-1
339,6,84,565,209,107,1,-1,-1,-1
339,7,530,495,179,102,1,-1,-1,-1
339,8,347,486,167,78,1,-1,-1,-1
339,9,1111,442,85,81,1,-1,-1,-1
339,10,1134,387,81,76,1,-1,-1,-1
339,11,1173,361,60,52,1,-1,-1,-1
339,12,1183,328,55,53,1,-1,-1,-1
339,13,1208,299,47,49,1,-1,-1,-1
339,14,1233,263,45,48,1,-1,-1,-1
339,15,1504,546,222,106,1,-1,-1,-1
339,16,1511,489,186,91,1,-1,-1,-1
339,54,786,441,153,89,1,-1,-1,-1
339,55,825,441,137,65,1,-1,-1,-1
339,56,826,420,156,59,1,-1,-1,-1
339,57,819,405,155,49,1,-1,-1,-1
339,58,862,384,149,59,1,-1,-1,-1
339,59,907,347,137,65,1,-1,-1,-1
339,60,952,342,137,71,1,-1,-1,-1
339,61,997,324,125,47,1,-1,-1,-1
339,62,1021,296,113,47,1,-1,-1,-1
339,63,1051,265,112,41,1,-1,-1,-1
339,64,1078,250,100,41,1,-1,-1,-1
339,65,1204,199,36,42,1,-1,-1,-1
339,76,1535,389,144,65,1,-1,-1,-1
339,77,1522,377,155,65,1,-1,-1,-1
339,78,1524,360,137,71,1,-1,-1,-1
339,79,1349,208,47,41,1,-1,-1,-1
340,3,314,857,264,179,1,-1,-1,-1
340,5,384,609,219,112,1,-1,-1,-1
340,6,84,566,209,107,1,-1,-1,-1
340,7,529,491,179,102,1,-1,-1,-1
340,8,345,482,167,77,1,-1,-1,-1
340,9,1110,442,85,81,1,-1,-1,-1
340,10,1135,387,81,76,1,-1,-1,-1
340,11,1175,361,60,53,1,-1,-1,-1
340,12,1184,330,55,53,1,-1,-1,-1
340,13,1209,301,47,50,1,-1,-1,-1
340,14,1233,264,46,48,1,-1,-1,-1
340,15,1505,546,222,106,1,-1,-1,-1
340,16,1509,484,186,91,1,-1,-1,-1
340,54,786,439,153,89,1,-1,-1,-1
340,55,824,442,137,65,1,-1,-1,-1
340,56,826,420,156,59,1,-1,-1,-1
340,57,819,406,155,50,1,-1,-1,-1
340,58,862,384,149,59,1,-1,-1,-1
340,59,907,347,137,65,1,-1,-1,-1
340,60,952,343,137,71,1,-1,-1,-1
340,61,997,325,125,47,1,-1,-1,-1
340,62,1021,296,113,47,1,-1,-1,-1
340,63,1051,265,112,41,1,-1,-1,-1
340,64,1077,250,101,40,1,-1,-1,-1
340,65,1204,197,36,42,1,-1,-1,-1
340,76,1536,390,144,65,1,-1,-1,-1
340,77,1522,378,155,65,1,-1,-1,-1
340,78,1525,362,137,71,1,-1,-1,-1
340,79,1349,207,47,41,1,-1,-1,-1
341,3,346,861,264,191,1,-1,-1,-1
341,5,383,600,219,112,1,-1,-1,-1
341,6,85,554,209,107,1,-1,-1,-1
341,7,523,492,179,102,1,-1,-1,-1
341,8,347,474,166,77,1,-1,-1,-1
341,9,1109,442,85,81,1,-1,-1,-1
341,10,1136,387,82,76,1,-1,-1,-1
341,11,1177,361,60,55,1,-1,-1,-1
341,12,1186,332,55,54,1,-1,-1,-1
341,13,1210,304,47,50,1,-1,-1,-1
341,14,1234,265,46,48,1,-1,-1,-1
341,15,1506,547,222,106,1,-1,-1,-1
341,16,1507,479,185,91,1,-1,-1,-1
341,54,786,437,153,89,1,-1,-1,-1
341,55,824,443,137,65,1,-1,-1,-1
341,56,824,417,156,59,1,-1,-1,-1
341,57,819,407,155,50,1,-1,-1,-1
341,58,862,384,149,59,1,-1,-1,-1
341,59,907,347,137,65,1,-1,-1,-1
341,60,952,344,137,71,1,-1,-1,-1
341,61,997,326,125,47,1,-1,-1,-1
341,62,1021,296,113,47,1,-1,-1,-1
341,63,1052,266,112,41,1,-1,-1,-1
341,64,1077,249,101,41,1,-1,-1,-1
341,65,1204,194,36,42,1,-1,-1,-1
341,76,1536,390,144,65,1,-1,-1,-1
341,77,1522,379,155,65,1,-1,-1,-1
341,78,1526,363,137,71,1,-1,-1,-1
341,79,1350,206,47,41,1,-1,-1,-1
342,3,382,847,264,191,1,-1,-1,-1
342,5,382,591,219,112,1,-1,-1,-1
342,6,86,543,209,107,1,-1,-1,-1
342,7,523,480,179,102,1,-1,-1,-1
342,8,349,466,166,78,1,-1,-1,-1
342,9,1109,429,85,81,1,-1,-1,-1
342,10,1137,377,80,78,1,-1,-1,-1
342,11,1174,350,61,58,1,-1,-1,-1
342,12,1185,320,56,54,1,-1,-1,-1
342,13,1209,293,47,49,1,-1,-1,-1
342,14,1233,255,45,49,1,-1,-1,-1
342,15,1508,535,221,106,1,-1,-1,-1
342,16,1505,474,185,91,1,-1,-1,-1
342,54,786,435,153,89,1,-1,-1,-1
342,55,825,432,137,65,1,-1,-1,-1
342,56,823,415,155,59,1,-1,-1,-1
342,57,820,408,155,51,1,-1,-1,-1
342,58,863,384,149,59,1,-1,-1,-1
342,59,913,349,137,65,1,-1,-1,-1
342,60,954,330,137,71,1,-1,-1,-1
342,61,997,327,125,47,1,-1,-1,-1
342,62,1022,297,113,47,1,-1,-1,-1
342,63,1051,254,112,41,1,-1,-1,-1
342,64,1077,249,101,41,1,-1,-1,-1
342,65,1204,192,36,42,1,-1,-1,-1
342,76,1537,391,144,65,1,-1,-1,-1
342,77,1522,381,155,65,1,-1,-1,-1
342,78,1528,365,137,71,1,-1,-1,-1
342,79,1351,205,47,41,1,-1,-1,-1
343,3,419,834,264,191,1,-1,-1,-1
343,5,381,582,219,113,1,-1,-1,-1
343,6,87,532,209,107,1,-1,-1,-1
343,7,523,469,179,102,1,-1,-1,-1
343,8,352,458,165,79,1,-1,-1,-1
343,9,1110,416,84,81,1,-1,-1,-1
343,10,1139,368,78,79,1,-1,-1,-1
343,11,1171,340,62,61,1,-1,-1,-1
343,12,1185,308,56,54,1,-1,-1,-1
343,13,1208,282,47,48,1,-1,-1,-1
343,14,1233,245,44,50,1,-1,-1,-1
343,15,1510,523,221,106,1,-1,-1,-1
343,16,1503,470,185,90,1,-1,-1,-1
343,54,787,433,153,89,1,-1,-1,-1
343,55,827,421,136,66,1,-1,-1,-1
343,56,821,397,156,59,1,-1,-1,-1
343,57,816,380,155,47,1,-1,-1,-1
343,58,861,365,149,59,1,-1,-1,-1
343,59,909,327,138,65,1,-1,-1,-1
343,60,957,317,136,71,1,-1,-1,-1
343,61,995,302,125,47,1,-1,-1,-1
343,62,1021,276,113,47,1,-1,-1,-1
343,63,1050,242,112,41,1,-1,-1,-1
343,64,1078,226,101,40,1,-1,-1,-1
343,65,1204,190,36,42,1,-1,-1,-1
343,76,1535,365,144,65,1,-1,-1,-1
343,77,1521,357,155,65,1,-1,-1,-1
343,78,1518,337,137,71,1,-1,-1,-1
343,79,1351,185,47,41,1,-1,-1,-1
344,3,453,801,264,192,1,-1,-1,-1
344,5,384,545,218,111,1,-1,-1,-1
344,6,87,495,210,107,1,-1,-1,-1
344,7,522,427,180,102,1,-1,-1,-1
344,8,350,417,165,80,1,-1,-1,-1
344,9,1112,379,84,81,1,-1,-1,-1
344,10,1134,320,78,75,1,-1,-1,-1
344,11,1174,293,60,55,1,-1,-1,-1
344,12,1186,264,56,54,1,-1,-1,-1
344,13,1210,238,47,48,1,-1,-1,-1
344,14,1237,201,44,49,1,-1,-1,-1
344,15,1508,488,221,106,1,-1,-1,-1
344,16,1510,430,185,90,1,-1,-1,-1
344,54,785,395,154,84,1,-1,-1,-1
344,55,829,382,137,65,1,-1,-1,-1
344,56,825,356,156,59,1,-1,-1,-1
344,57,819,339,155,47,1,-1,-1,-1
344,58,861,323,149,59,1,-1,-1,-1
344,59,909,286,138,65,1,-1,-1,-1
344,60,955,274,136,71,1,-1,-1,-1
344,61,998,257,125,47,1,-1,-1,-1
344,62,1022,236,113,47,1,-1,-1,-1
344,63,1051,203,112,41,1,-1,-1,-1
344,64,1076,186,101,40,1,-1,-1,-1
344,65,1210,144,36,41,1,-1,-1,-1
344,76,1541,327,144,65,1,-1,-1,-1
344,77,1515,308,155,65,1,-1,-1,-1
344,78,1530,295,137,71,1,-1,-1,-1
344,79,1354,142,47,41,1,-1,-1,-1
345,3,488,769,264,192,1,-1,-1,-1
345,5,384,524,218,111,1,-1,-1,-1
345,6,88,459,210,107,1,-1,-1,-1
345,7,529,394,181,102,1,-1,-1,-1
345,8,343,381,165,82,1,-1,-1,-1
345,9,1115,342,84,81,1,-1,-1,-1
345,10,1136,279,77,75,1,-1,-1,-1
345,11,1178,247,57,49,1,-1,-1,-1
345,12,1188,220,56,54,1,-1,-1,-1
345,13,1213,194,47,48,1,-1,-1,-1
345,14,1241,157,44,48,1,-1,-1,-1
345,15,1508,462,221,106,1,-1,-1,-1
345,16,1510,409,185,90,1,-1,-1,-1
345,54,786,355,154,84,1,-1,-1,-1
345,55,831,337,137,65,1,-1,-1,-1
345,56,829,315,156,59,1,-1,-1,-1
345,57,825,297,155,47,1,-1,-1,-1
345,58,864,280,149,59,1,-1,-1,-1
345,59,910,245,137,65,1,-1,-1,-1
345,60,958,229,137,71,1,-1,-1,-1
345,61,1001,212,125,47,1,-1,-1,-1
345,62,1027,192,113,47,1,-1,-1,-1
345,63,1049,158,112,41,1,-1,-1,-1
345,64,1080,144,101,40,1,-1,-1,-1
345,65,1214,101,36,41,1,-1,-1,-1
345,76,1541,292,144,65,1,-1,-1,-1
345,77,1525,272,155,65,1,-1,-1,-1
345,78,1530,256,137,71,1,-1,-1,-1
345,79,1357,99,47,41,1,-1,-1,-1
346,3,527,778,264,192,1,-1,-1,-1
346,5,384,503,218,111,1,-1,-1,-1
346,6,87,459,210,107,1,-1,-1,-1
346,7,528,388,180,102,1,-1,-1,-1
346,8,344,380,165,82,1,-1,-1,-1
346,9,1114,340,85,81,1,-1,-1,-1
346,10,1131,277,78,75,1,-1,-1,-1
346,11,1178,246,57,50,1,-1,-1,-1
346,12,1188,219,56,54,1,-1,-1,-1
346,13,1212,193,47,48,1,-1,-1,-1
346,14,1240,151,44,48,1,-1,-1,-1
346,15,1508,436,222,106,1,-1,-1,-1
346,16,1511,388,185,90,1,-1,-1,-1
346,54,787,351,154,84,1,-1,-1,-1
346,55,830,336,137,65,1,-1,-1,-1
346,56,829,315,156,59,1,-1,-1,-1
346,57,824,291,155,47,1,-1,-1,-1
346,58,863,274,149,59,1,-1,-1,-1
346,59,908,244,137,65,1,-1,-1,-1
346,60,955,229,140,71,1,-1,-1,-1
346,61,1001,211,125,47,1,-1,-1,-1
346,62,1026,190,113,47,1,-1,-1,-1
346,63,1049,156,112,41,1,-1,-1,-1
346,64,1080,137,101,40,1,-1,-1,-1
346,65,1211,93,36,41,1,-1,-1,-1
346,76,1541,290,144,65,1,-1,-1,-1
346,77,1526,270,155,65,1,-1,-1,-1
346,78,1532,254,137,71,1,-1,-1,-1
346,79,1357,92,47,41,1,-1,-1,-1
347,3,566,787,264,192,1,-1,-1,-1
347,5,383,503,219,111,1,-1,-1,-1
347,6,87,459,210,107,1,-1,-1,-1
347,7,528,387,180,102,1,-1,-1,-1
347,8,345,380,166,82,1,-1,-1,-1
347,9,1114,339,85,81,1,-1,-1,-1
347,10,1130,277,78,75,1,-1,-1,-1
347,11,1178,246,58,50,1,-1,-1,-1
347,12,1188,219,56,54,1,-1,-1,-1
347,13,1212,193,47,48,1,-1,-1,-1
347,14,1236,153,44,49,1,-1,-1,-1
347,15,1504,434,222,106,1,-1,-1,-1
347,16,1516,386,185,90,1,-1,-1,-1
347,54,786,351,154,84,1,-1,-1,-1
347,55,830,335,137,65,1,-1,-1,-1
347,56,829,316,156,59,1,-1,-1,-1
347,57,828,292,155,47,1,-1,-1,-1
347,58,864,274,149,59,1,-1,-1,-1
347,59,907,243,137,65,1,-1,-1,-1
347,60,953,229,143,71,1,-1,-1,-1
347,61,1001,211,125,47,1,-1,-1,-1
347,62,1025,188,113,47,1,-1,-1,-1
347,63,1049,154,112,41,1,-1,-1,-1
347,64,1080,136,101,41,1,-1,-1,-1
347,65,1210,93,36,41,1,-1,-1,-1
347,76,1541,289,144,65,1,-1,-1,-1
347,77,1527,268,155,65,1,-1,-1,-1
347,78,1534,252,137,71,1,-1,-1,-1
347,79,1357,92,47,41,1,-1,-1,-1
348,3,602,793,264,192,1,-1,-1,-1
348,5,383,503,219,111,1,-1,-1,-1
348,6,87,460,210,107,1,-1,-1,-1
348,7,529,387,180,102,1,-1,-1,-1
348,8,346,380,166,82,1,-1,-1,-1
348,9,1114,338,85,81,1,-1,-1,-1
348,10,1129,277,79,75,1,-1,-1,-1
348,11,1179,246,58,51,1,-1,-1,-1
348,12,1188,219,56,54,1,-1,-1,-1
348,13,1212,193,47,48,1,-1,-1,-1
348,14,1236,151,45,49,1,-1,-1,-1
348,15,1501,433,222,105,1,-1,-1,-1
348,16,1512,385,185,90,1,-1,-1,-1
348,54,786,351,154,84,1,-1,-1,-1
348,55,830,335,137,65,1,-1,-1,-1
348,56,830,316,156,59,1,-1,-1,-1
348,57,832,293,155,47,1,-1,-1,-1
348,58,866,275,149,59,1,-1,-1,-1
348,59,906,242,137,65,1,-1,-1,-1
348,60,951,229,145,71,1,-1,-1,-1
348,61,1002,211,125,47,1,-1,-1,-1
348,62,1024,187,113,47,1,-1,-1,-1
348,63,1049,155,113,41,1,-1,-1,-1
348,64,1080,136,101,41,1,-1,-1,-1
348,65,1210,94,36,41,1,-1,-1,-1
348,76,1541,288,144,65,1,-1,-1,-1
348,77,1528,267,155,65,1,-1,-1,-1
348,78,1536,250,137,71,1,-1,-1,-1
348,79,1357,92,47,41,1,-1,-1,-1
349,3,638,799,264,192,1,-1,-1,-1
349,5,383,503,219,111,1,-1,-1,-1
349,6,87,460,209,107,1,-1,-1,-1
349,7,530,387,180,102,1,-1,-1,-1
349,8,348,380,166,81,1,-1,-1,-1
349,9,1114,337,85,80,1,-1,-1,-1
349,10,1129,277,78,75,1,-1,-1,-1
349,11,1179,245,58,52,1,-1,-1,-1
349,12,1188,219,56,54,1,-1,-1,-1
349,13,1212,193,47,48,1,-1,-1,-1
349,14,1237,150,45,48,1,-1,-1,-1
349,15,1508,432,222,105,1,-1,-1,-1
349,16,1508,384,185,90,1,-1,-1,-1
349,54,785,351,154,84,1,-1,-1,-1
349,55,830,334,137,65,1,-1,-1,-1
349,56,830,317,156,59,1,-1,-1,-1
349,57,832,294,155,47,1,-1,-1,-1
349,58,868,276,148,59,1,-1,-1,-1
349,59,905,241,137,65,1,-1,-1,-1
349,60,948,229,149,71,1,-1,-1,-1
349,61,1002,210,125,47,1,-1,-1,-1
349,62,1023,185,113,47,1,-1,-1,-1
349,63,1050,156,113,41,1,-1,-1,-1
349,64,1081,136,101,41,1,-1,-1,-1
349,65,1210,94,36,41,1,-1,-1,-1
349,76,1542,287,143,65,1,-1,-1,-1
349,77,1529,266,154,65,1,-1,-1,-1
349,78,1536,247,137,71,1,-1,-1,-1
349,79,1357,92,47,41,1,-1,-1,-1
350,3,675,806,264,192,1,-1,-1,-1
350,5,383,504,219,111,1,-1,-1,-1
350,6,86,460,210,107,1,-1,-1,-1
350,7,530,387,181,102,1,-1,-1,-1
350,8,349,380,166,81,1,-1,-1,-1
350,9,1114,335,85,81,1,-1,-1,-1
350,10,1128,277,79,75,1,-1,-1,-1
350,11,1179,245,59,53,1,-1,-1,-1
350,12,1188,219,56,53,1,-1,-1,-1
350,13,1211,193,48,48,1,-1,-1,-1
350,14,1238,148,45,48,1,-1,-1,-1
350,15,1505,432,222,105,1,-1,-1,-1
350,16,1504,384,185,89,1,-1,-1,-1
350,54,785,351,154,84,1,-1,-1,-1
350,55,829,333,138,65,1,-1,-1,-1
350,56,830,317,156,59,1,-1,-1,-1
350,57,833,295,155,47,1,-1,-1,-1
350,58,870,277,148,59,1,-1,-1,-1
350,59,904,241,137,65,1,-1,-1,-1
350,60,946,229,151,71,1,-1,-1,-1
350,61,1002,210,125,47,1,-1,-1,-1
350,62,1023,184,113,47,1,-1,-1,-1
350,63,1051,157,113,41,1,-1,-1,-1
350,64,1081,136,101,41,1,-1,-1,-1
350,65,1210,95,36,41,1,-1,-1,-1
350,76,1542,285,143,65,1,-1,-1,-1
350,77,1530,266,153,65,1,-1,-1,-1
350,78,1537,245,137,71,1,-1,-1,-1
350,79,1357,93,47,41,1,-1,-1,-1
351,3,713,814,264,192,1,-1,-1,-1
351,5,382,504,220,111,1,-1,-1,-1
351,6,86,461,210,107,1,-1,-1,-1
351,7,531,387,181,102,1,-1,-1,-1
351,8,350,380,167,81,1,-1,-1,-1
351,9,1114,334,85,81,1,-1,-1,-1
351,10,1127,277,80,75,1,-1,-1,-1
351,11,1180,245,59,53,1,-1,-1,-1
351,12,1188,219,56,53,1,-1,-1,-1
351,13,1211,193,48,48,1,-1,-1,-1
351,14,1239,147,45,48,1,-1,-1,-1
351,15,1503,432,222,105,1,-1,-1,-1
351,16,1500,383,185,90,1,-1,-1,-1
351,54,785,351,154,84,1,-1,-1,-1
351,55,829,333,138,65,1,-1,-1,-1
351,56,831,318,156,59,1,-1,-1,-1
351,57,834,296,155,47,1,-1,-1,-1
351,58,866,276,148,59,1,-1,-1,-1
351,59,903,240,137,65,1,-1,-1,-1
351,60,944,229,154,71,1,-1,-1,-1
351,61,1003,210,125,47,1,-1,-1,-1
351,62,1024,184,113,47,1,-1,-1,-1
351,63,1052,158,113,41,1,-1,-1,-1
351,64,1082,136,101,41,1,-1,-1,-1
351,65,1210,95,35,41,1,-1,-1,-1
351,76,1542,284,143,65,1,-1,-1,-1
351,77,1532,265,152,65,1,-1,-1,-1
351,78,1537,243,137,70,1,-1,-1,-1
351,79,1358,93,47,41,1,-1,-1,-1
352,3,753,821,264,192,1,-1,-1,-1
352,5,382,504,220,111,1,-1,-1,-1
352,6,86,461,209,107,1,-1,-1,-1
352,7,532,387,181,102,1,-1,-1,-1
352,8,352,380,167,81,1,-1,-1,-1
352,9,1114,333,85,80,1,-1,-1,-1
352,10,1127,277,79,75,1,-1,-1,-1
352,11,1180,244,59,55,1,-1,-1,-1
352,12,1188,219,56,53,1,-1,-1,-1
352,13,1211,193,48,48,1,-1,-1,-1
352,14,1239,147,44,48,1,-1,-1,-1
352,15,1500,432,223,106,1,-1,-1,-1
352,16,1496,383,185,89,1,-1,-1,-1
352,54,784,351,154,84,1,-1,-1,-1
352,55,829,332,138,65,1,-1,-1,-1
352,56,829,315,155,59,1,-1,-1,-1
352,57,835,297,155,47,1,-1,-1,-1
352,58,862,276,148,59,1,-1,-1,-1
352,59,902,239,137,65,1,-1,-1,-1
352,60,941,229,157,71,1,-1,-1,-1
352,61,1003,209,125,47,1,-1,-1,-1
352,62,1025,184,113,47,1,-1,-1,-1
352,63,1051,156,113,41,1,-1,-1,-1
352,64,1083,135,101,41,1,-1,-1,-1
352,65,1210,96,35,41,1,-1,-1,-1
352,76,1542,283,143,65,1,-1,-1,-1
352,77,1533,265,151,65,1,-1,-1,-1
352,78,1538,241,137,70,1,-1,-1,-1
352,79,1359,93,47,41,1,-1,-1,-1
353,3,794,829,264,192,1,-1,-1,-1
353,5,382,504,220,111,1,-1,-1,-1
353,6,86,461,209,107,1,-1,-1,-1
353,7,525,386,180,102,1,-1,-1,-1
353,8,346,379,166,81,1,-1,-1,-1
353,9,1114,332,85,80,1,-1,-1,-1
353,10,1126,277,80,75,1,-1,-1,-1
353,11,1180,244,60,55,1,-1,-1,-1
353,12,1188,219,56,53,1,-1,-1,-1
353,13,1211,193,48,48,1,-1,-1,-1
353,14,1239,147,44,48,1,-1,-1,-1
353,15,1498,432,222,106,1,-1,-1,-1
353,16,1492,382,185,89,1,-1,-1,-1
353,54,784,351,154,84,1,-1,-1,-1
353,55,829,332,138,65,1,-1,-1,-1
353,56,827,313,155,59,1,-1,-1,-1
353,57,836,298,155,47,1,-1,-1,-1
353,58,858,275,148,59,1,-1,-1,-1
353,59,901,238,137,65,1,-1,-1,-1
353,60,939,229,160,71,1,-1,-1,-1
353,61,1003,209,125,47,1,-1,-1,-1
353,62,1026,185,113,47,1,-1,-1,-1
353,63,1050,155,113,41,1,-1,-1,-1
353,64,1084,134,101,41,1,-1,-1,-1
353,65,1210,96,35,41,1,-1,-1,-1
353,76,1543,282,143,65,1,-1,-1,-1
353,77,1535,265,150,65,1,-1,-1,-1
353,78,1539,239,137,70,1,-1,-1,-1
353,79,1360,93,47,41,1,-1,-1,-1
354,3,825,836,264,192,1,-1,-1,-1
354,5,382,505,220,111,1,-1,-1,-1
354,6,86,462,209,107,1,-1,-1,-1
354,7,518,386,180,102,1,-1,-1,-1
354,8,340,378,166,81,1,-1,-1,-1
354,9,1114,331,85,80,1,-1,-1,-1
354,10,1126,277,80,76,1,-1,-1,-1
354,11,1181,244,60,56,1,-1,-1,-1
354,12,1189,219,55,53,1,-1,-1,-1
354,13,1211,193,48,48,1,-1,-1,-1
354,14,1239,148,44,47,1,-1,-1,-1
354,15,1495,432,223,106,1,-1,-1,-1
354,16,1488,381,185,90,1,-1,-1,-1
354,54,784,352,154,84,1,-1,-1,-1
354,55,820,334,138,65,1,-1,-1,-1
354,56,825,311,155,59,1,-1,-1,-1
354,57,827,298,155,47,1,-1,-1,-1
354,58,854,275,148,59,1,-1,-1,-1
354,59,900,237,137,65,1,-1,-1,-1
354,60,937,229,163,71,1,-1,-1,-1
354,61,1004,209,125,47,1,-1,-1,-1
354,62,1016,185,113,47,1,-1,-1,-1
354,63,1049,154,113,41,1,-1,-1,-1
354,64,1086,134,101,41,1,-1,-1,-1
354,65,1210,97,35,41,1,-1,-1,-1
354,76,1534,280,143,65,1,-1,-1,-1
354,77,1523,264,151,65,1,-1,-1,-1
354,78,1528,242,137,70,1,-1,-1,-1
354,79,1356,94,47,41,1,-1,-1,-1
355,3,857,843,264,192,1,-1,-1,-1
355,5,366,507,219,111,1,-1,-1,-1
355,6,72,464,210,107,1,-1,-1,-1
355,7,511,386,180,102,1,-1,-1,-1
355,8,335,378,165,80,1,-1,-1,-1
355,9,1098,332,84,81,1,-1,-1,-1
355,10,1117,277,79,75,1,-1,-1,-1
355,11,1169,243,59,58,1,-1,-1,-1
355,12,1177,219,56,53,1,-1,-1,-1
355,13,1200,190,47,48,1,-1,-1,-1
355,14,1229,148,44,47,1,-1,-1,-1
355,15,1493,433,223,106,1,-1,-1,-1
355,16,1484,381,185,89,1,-1,-1,-1
355,54,778,352,154,84,1,-1,-1,-1
355,55,812,336,137,65,1,-1,-1,-1
355,56,813,313,155,59,1,-1,-1,-1
355,57,818,298,155,47,1,-1,-1,-1
355,58,850,275,148,59,1,-1,-1,-1
355,59,899,237,137,65,1,-1,-1,-1
355,60,935,229,156,71,1,-1,-1,-1
355,61,987,212,125,47,1,-1,-1,-1
355,62,1007,185,113,47,1,-1,-1,-1
355,63,1037,153,112,41,1,-1,-1,-1
355,64,1073,133,101,41,1,-1,-1,-1
355,65,1198,95,35,41,1,-1,-1,-1
355,76,1526,278,143,65,1,-1,-1,-1
355,77,1511,263,152,65,1,-1,-1,-1
355,78,1518,245,137,70,1,-1,-1,-1
355,79,1344,93,47,41,1,-1,-1,-1
356,3,889,851,264,192,1,-1,-1,-1
356,5,351,509,218,111,1,-1,-1,-1
356,6,59,466,210,107,1,-1,-1,-1
356,7,504,386,180,102,1,-1,-1,-1
356,8,330,377,165,81,1,-1,-1,-1
356,9,1093,332,84,81,1,-1,-1,-1
356,10,1108,277,78,75,1,-1,-1,-1
356,11,1157,243,59,60,1,-1,-1,-1
356,12,1165,219,57,53,1,-1,-1,-1
356,13,1189,187,47,48,1,-1,-1,-1
356,14,1219,149,45,47,1,-1,-1,-1
356,15,1487,432,223,106,1,-1,-1,-1
356,16,1480,380,185,89,1,-1,-1,-1
356,54,773,353,154,83,1,-1,-1,-1
356,55,804,338,137,65,1,-1,-1,-1
356,56,801,315,155,59,1,-1,-1,-1
356,57,809,298,155,47,1,-1,-1,-1
356,58,844,274,148,59,1,-1,-1,-1
356,59,883,237,137,65,1,-1,-1,-1
356,60,933,229,150,71,1,-1,-1,-1
356,61,971,215,125,47,1,-1,-1,-1
356,62,998,185,113,47,1,-1,-1,-1
356,63,1025,152,112,41,1,-1,-1,-1
356,64,1060,133,101,41,1,-1,-1,-1
356,65,1186,93,35,41,1,-1,-1,-1
356,76,1517,276,143,65,1,-1,-1,-1
356,77,1499,262,153,65,1,-1,-1,-1
356,78,1509,244,137,70,1,-1,-1,-1
356,79,1332,92,47,41,1,-1,-1,-1
357,3,928,854,276,198,1,-1,-1,-1
357,5,345,510,218,111,1,-1,-1,-1
357,6,46,468,210,107,1,-1,-1,-1
357,7,497,386,180,102,1,-1,-1,-1
357,8,326,377,165,81,1,-1,-1,-1
357,9,1089,333,83,81,1,-1,-1,-1
357,10,1107,277,78,76,1,-1,-1,-1
357,11,1145,243,59,62,1,-1,-1,-1
357,12,1153,219,59,54,1,-1,-1,-1
357,13,1178,185,47,48,1,-1,-1,-1
357,14,1209,149,45,48,1,-1,-1,-1
357,15,1482,432,223,106,1,-1,-1,-1
357,16,1477,380,185,89,1,-1,-1,-1
357,54,767,353,154,84,1,-1,-1,-1
357,55,802,338,137,65,1,-1,-1,-1
357,56,799,314,155,59,1,-1,-1,-1
357,57,801,298,155,47,1,-1,-1,-1
357,58,838,274,149,59,1,-1,-1,-1
357,59,874,237,137,65,1,-1,-1,-1
357,60,931,229,143,71,1,-1,-1,-1
357,61,968,214,125,47,1,-1,-1,-1
357,62,989,185,113,47,1,-1,-1,-1
357,63,1013,151,112,41,1,-1,-1,-1
357,64,1047,133,101,41,1,-1,-1,-1
357,65,1174,92,36,41,1,-1,-1,-1
357,76,1509,274,143,65,1,-1,-1,-1
357,77,1487,261,155,65,1,-1,-1,-1
357,78,1500,244,138,70,1,-1,-1,-1
357,79,1320,91,47,41,1,-1,-1,-1
358,3,967,857,288,204,1,-1,-1,-1
358,5,339,512,218,111,1,-1,-1,-1
358,6,38,468,210,107,1,-1,-1,-1
358,7,490,386,180,102,1,-1,-1,-1
358,8,322,377,165,81,1,-1,-1,-1
358,9,1084,334,84,81,1,-1,-1,-1
358,10,1106,278,79,76,1,-1,-1,-1
358,11,1143,243,59,62,1,-1,-1,-1
358,12,1153,218,58,54,1,-1,-1,-1
358,13,1176,186,47,49,1,-1,-1,-1
358,14,1200,150,45,48,1,-1,-1,-1
358,15,1477,431,223,106,1,-1,-1,-1
358,16,1477,380,185,89,1,-1,-1,-1
358,54,762,354,154,83,1,-1,-1,-1
358,55,801,338,137,65,1,-1,-1,-1
358,56,797,314,155,59,1,-1,-1,-1
358,57,797,297,155,47,1,-1,-1,-1
358,58,835,274,149,59,1,-1,-1,-1
358,59,868,237,137,65,1,-1,-1,-1
358,60,929,230,137,71,1,-1,-1,-1
358,61,966,214,125,47,1,-1,-1,-1
358,62,990,185,113,47,1,-1,-1,-1
358,63,1013,150,112,41,1,-1,-1,-1
358,64,1047,133,101,41,1,-1,-1,-1
358,65,1174,92,36,41,1,-1,-1,-1
358,76,1504,273,143,65,1,-1,-1,-1
358,77,1483,260,155,65,1,-1,-1,-1
358,78,1498,243,137,70,1,-1,-1,-1
358,79,1318,90,47,41,1,-1,-1,-1
359,3,1006,861,288,204,1,-1,-1,-1
359,5,333,514,218,111,1,-1,-1,-1
359,6,31,469,210,107,1,-1,-1,-1
359,7,492,388,180,101,1,-1,-1,-1
359,8,318,377,165,81,1,-1,-1,-1
359,9,1080,335,83,81,1,-1,-1,-1
359,10,1105,279,79,76,1,-1,-1,-1
359,11,1141,243,60,63,1,-1,-1,-1
359,12,1153,217,57,54,1,-1,-1,-1
359,13,1174,188,47,49,1,-1,-1,-1
359,14,1201,150,45,48,1,-1,-1,-1
359,15,1472,431,223,106,1,-1,-1,-1
359,16,1477,380,185,89,1,-1,-1,-1
359,54,756,354,154,83,1,-1,-1,-1
359,55,799,338,137,65,1,-1,-1,-1
359,56,795,314,155,59,1,-1,-1,-1
359,57,794,297,155,47,1,-1,-1,-1
359,58,832,274,149,59,1,-1,-1,-1
359,59,863,238,137,65,1,-1,-1,-1
359,60,921,229,137,71,1,-1,-1,-1
359,61,964,214,125,47,1,-1,-1,-1
359,62,986,183,113,47,1,-1,-1,-1
359,63,1013,149,112,41,1,-1,-1,-1
359,64,1047,133,101,41,1,-1,-1,-1
359,65,1174,92,36,41,1,-1,-1,-1
359,76,1500,273,143,65,1,-1,-1,-1
359,77,1480,259,155,65,1,-1,-1,-1
359,78,1496,242,137,70,1,-1,-1,-1
359,79,1317,90,47,41,1,-1,-1,-1
360,3,1045,866,288,204,1,-1,-1,-1
360,5,327,516,218,111,1,-1,-1,-1
360,6,23,470,210,107,1,-1,-1,-1
360,7,494,390,180,101,1,-1,-1,-1
360,8,314,377,165,82,1,-1,-1,-1
360,9,1075,336,83,81,1,-1,-1,-1
360,10,1105,280,79,76,1,-1,-1,-1
360,11,1140,243,60,64,1,-1,-1,-1
360,12,1154,217,55,53,1,-1,-1,-1
360,13,1173,190,47,49,1,-1,-1,-1
360,14,1202,150,46,49,1,-1,-1,-1
360,15,1467,431,223,106,1,-1,-1,-1
360,16,1478,380,185,89,1,-1,-1,-1
360,54,751,355,154,83,1,-1,-1,-1
360,55,798,339,137,65,1,-1,-1,-1
360,56,794,314,155,59,1,-1,-1,-1
360,57,791,297,155,47,1,-1,-1,-1
360,58,830,274,149,59,1,-1,-1,-1
360,59,858,238,137,65,1,-1,-1,-1
360,60,914,229,137,71,1,-1,-1,-1
360,61,962,214,125,47,1,-1,-1,-1
360,62,983,182,113,47,1,-1,-1,-1
360,63,1013,149,112,41,1,-1,-1,-1
360,64,1048,134,101,41,1,-1,-1,-1
360,65,1174,93,36,41,1,-1,-1,-1
360,76,1496,273,143,65,1,-1,-1,-1
360,77,1477,258,155,65,1,-1,-1,-1
360,78,1487,245,137,70,1,-1,-1,-1
360,79,1316,90,47,41,1,-1,-1,-1
361,3,1074,866,288,204,1,-1,-1,-1
361,5,321,518,218,111,1,-1,-1,-1
361,6,16,470,210,108,1,-1,-1,-1
361,7,481,391,180,102,1,-1,-1,-1
361,8,293,377,165,82,1,-1,-1,-1
361,9,1071,337,83,81,1,-1,-1,-1
361,10,1083,279,79,75,1,-1,-1,-1
361,11,1124,242,60,64,1,-1,-1,-1
361,12,1134,213,55,53,1,-1,-1,-1
361,13,1155,187,47,49,1,-1,-1,-1
361,14,1183,150,45,48,1,-1,-1,-1
361,15,1456,431,223,107,1,-1,-1,-1
361,16,1454,376,185,90,1,-1,-1,-1
361,54,743,355,155,84,1,-1,-1,-1
361,55,785,338,137,65,1,-1,-1,-1
361,56,783,314,155,59,1,-1,-1,-1
361,57,780,298,155,47,1,-1,-1,-1
361,58,815,274,149,59,1,-1,-1,-1
361,59,853,239,137,65,1,-1,-1,-1
361,60,907,229,137,71,1,-1,-1,-1
361,61,947,213,125,47,1,-1,-1,-1
361,62,980,181,113,47,1,-1,-1,-1
361,63,1001,149,112,41,1,-1,-1,-1
361,64,1032,133,101,41,1,-1,-1,-1
361,65,1156,91,36,41,1,-1,-1,-1
361,76,1492,273,143,65,1,-1,-1,-1
361,77,1474,258,155,65,1,-1,-1,-1
361,78,1479,248,137,70,1,-1,-1,-1
361,79,1297,89,47,41,1,-1,-1,-1
362,3,1104,867,288,203,1,-1,-1,-1
362,5,315,520,218,111,1,-1,-1,-1
362,6,8,471,210,108,1,-1,-1,-1
362,7,468,393,180,102,1,-1,-1,-1
362,8,272,378,165,81,1,-1,-1,-1
362,9,1045,334,83,81,1,-1,-1,-1
362,10,1061,278,80,75,1,-1,-1,-1
362,11,1108,242,60,64,1,-1,-1,-1
362,12,1115,210,55,53,1,-1,-1,-1
362,13,1137,185,47,48,1,-1,-1,-1
362,14,1164,150,44,48,1,-1,-1,-1
362,15,1437,427,222,105,1,-1,-1,-1
362,16,1430,373,185,90,1,-1,-1,-1
362,54,718,351,154,84,1,-1,-1,-1
362,55,772,338,137,65,1,-1,-1,-1
362,56,772,315,155,59,1,-1,-1,-1
362,57,770,299,155,47,1,-1,-1,-1
362,58,800,274,149,59,1,-1,-1,-1
362,59,848,239,137,65,1,-1,-1,-1
362,60,900,229,137,71,1,-1,-1,-1
362,61,932,213,125,47,1,-1,-1,-1
362,62,966,183,113,47,1,-1,-1,-1
362,63,990,149,112,41,1,-1,-1,-1
362,64,1016,133,101,41,1,-1,-1,-1
362,65,1139,90,36,41,1,-1,-1,-1
362,76,1464,274,143,65,1,-1,-1,-1
362,77,1446,257,155,65,1,-1,-1,-1
362,78,1455,240,137,70,1,-1,-1,-1
362,79,1279,89,47,41,1,-1,-1,-1
363,3,1148,876,288,193,1,-1,-1,-1
363,5,309,522,218,111,1,-1,-1,-1
363,6,1,472,210,108,1,-1,-1,-1
363,7,455,395,180,102,1,-1,-1,-1
363,8,272,378,165,81,1,-1,-1,-1
363,9,1044,333,84,81,1,-1,-1,-1
363,10,1063,277,78,75,1,-1,-1,-1
363,11,1109,244,59,63,1,-1,-1,-1
363,12,1116,215,56,54,1,-1,-1,-1
363,13,1137,185,47,48,1,-1,-1,-1
363,14,1163,150,44,48,1,-1,-1,-1
363,15,1434,426,222,105,1,-1,-1,-1
363,16,1431,377,185,90,1,-1,-1,-1
363,54,717,351,154,84,1,-1,-1,-1
363,55,760,338,137,65,1,-1,-1,-1
363,56,762,316,155,59,1,-1,-1,-1
363,57,760,300,155,47,1,-1,-1,-1
363,58,799,273,149,59,1,-1,-1,-1
363,59,843,240,137,65,1,-1,-1,-1
363,60,893,229,137,71,1,-1,-1,-1
363,61,930,213,125,47,1,-1,-1,-1
363,62,952,185,113,47,1,-1,-1,-1
363,63,979,150,112,41,1,-1,-1,-1
363,64,1004,132,101,41,1,-1,-1,-1
363,65,1137,92,36,41,1,-1,-1,-1
363,76,1462,273,143,65,1,-1,-1,-1
363,77,1444,256,155,65,1,-1,-1,-1
363,78,1453,239,137,70,1,-1,-1,-1
363,79,1278,86,47,41,1,-1,-1,-1
364,3,1193,886,288,183,1,-1,-1,-1
364,5,308,521,218,111,1,-1,-1,-1
364,6,2,472,209,108,1,-1,-1,-1
364,7,455,395,180,102,1,-1,-1,-1
364,8,272,379,165,80,1,-1,-1,-1
364,9,1044,332,84,81,1,-1,-1,-1
364,10,1063,276,78,75,1,-1,-1,-1
364,11,1109,244,59,63,1,-1,-1,-1
364,12,1108,215,57,53,1,-1,-1,-1
364,13,1137,186,47,48,1,-1,-1,-1
364,14,1163,150,44,48,1,-1,-1,-1
364,15,1431,426,222,105,1,-1,-1,-1
364,16,1422,371,186,89,1,-1,-1,-1
364,54,716,352,154,84,1,-1,-1,-1
364,55,758,338,137,65,1,-1,-1,-1
364,56,758,317,155,59,1,-1,-1,-1
364,57,759,299,155,47,1,-1,-1,-1
364,58,799,273,149,59,1,-1,-1,-1
364,59,841,240,137,65,1,-1,-1,-1
364,60,886,229,137,71,1,-1,-1,-1
364,61,928,213,125,47,1,-1,-1,-1
364,62,951,184,113,47,1,-1,-1,-1
364,63,977,150,112,41,1,-1,-1,-1
364,64,1006,131,101,41,1,-1,-1,-1
364,65,1136,94,36,41,1,-1,-1,-1
364,76,1460,273,143,65,1,-1,-1,-1
364,77,1442,255,155,65,1,-1,-1,-1
364,78,1451,239,137,70,1,-1,-1,-1
364,79,1279,88,47,41,1,-1,-1,-1
365,3,1238,896,288,173,1,-1,-1,-1
365,5,308,520,218,112,1,-1,-1,-1
365,6,3,472,208,108,1,-1,-1,-1
365,7,455,395,180,102,1,-1,-1,-1
365,8,272,379,165,81,1,-1,-1,-1
365,9,1044,332,84,81,1,-1,-1,-1
365,10,1063,276,79,75,1,-1,-1,-1
365,11,1109,245,59,63,1,-1,-1,-1
365,12,1108,215,57,53,1,-1,-1,-1
365,13,1138,187,47,48,1,-1,-1,-1
365,14,1162,150,45,48,1,-1,-1,-1
365,15,1428,426,222,105,1,-1,-1,-1
365,16,1423,370,186,89,1,-1,-1,-1
365,54,716,352,154,84,1,-1,-1,-1
365,55,756,338,137,65,1,-1,-1,-1
365,56,758,314,155,59,1,-1,-1,-1
365,57,758,298,155,47,1,-1,-1,-1
365,58,799,272,149,59,1,-1,-1,-1
365,59,840,240,137,65,1,-1,-1,-1
365,60,885,229,137,71,1,-1,-1,-1
365,61,926,213,125,47,1,-1,-1,-1
365,62,951,184,113,47,1,-1,-1,-1
365,63,977,150,112,41,1,-1,-1,-1
365,64,1008,131,101,41,1,-1,-1,-1
365,65,1135,94,36,41,1,-1,-1,-1
365,76,1459,273,143,65,1,-1,-1,-1
365,77,1440,254,155,65,1,-1,-1,-1
365,78,1449,239,137,70,1,-1,-1,-1
365,79,1279,87,47,41,1,-1,-1,-1
366,3,1282,903,293,165,1,-1,-1,-1
366,5,307,520,219,111,1,-1,-1,-1
366,6,4,473,207,108,1,-1,-1,-1
366,7,455,395,180,102,1,-1,-1,-1
366,8,272,380,165,80,1,-1,-1,-1
366,9,1044,331,84,81,1,-1,-1,-1
366,10,1064,276,79,75,1,-1,-1,-1
366,11,1110,245,59,64,1,-1,-1,-1
366,12,1109,215,56,53,1,-1,-1,-1
366,13,1138,188,47,48,1,-1,-1,-1
366,14,1162,150,44,48,1,-1,-1,-1
366,15,1427,429,222,106,1,-1,-1,-1
366,16,1424,369,186,90,1,-1,-1,-1
366,54,715,353,154,84,1,-1,-1,-1
366,55,755,338,137,65,1,-1,-1,-1
366,56,758,312,155,59,1,-1,-1,-1
366,57,758,298,155,47,1,-1,-1,-1
366,58,799,272,149,59,1,-1,-1,-1
366,59,839,240,137,65,1,-1,-1,-1
366,60,885,229,137,71,1,-1,-1,-1
366,61,924,214,125,47,1,-1,-1,-1
366,62,951,183,113,47,1,-1,-1,-1
366,63,977,151,112,41,1,-1,-1,-1
366,64,1011,131,101,41,1,-1,-1,-1
366,65,1135,94,36,41,1,-1,-1,-1
366,76,1457,273,143,65,1,-1,-1,-1
366,77,1438,254,155,65,1,-1,-1,-1
366,78,1447,239,137,70,1,-1,-1,-1
366,79,1279,87,47,41,1,-1,-1,-1
367,3,1326,911,299,156,1,-1,-1,-1
367,5,307,519,218,112,1,-1,-1,-1
367,6,5,473,206,108,1,-1,-1,-1
367,7,455,395,180,102,1,-1,-1,-1
367,8,272,381,165,80,1,-1,-1,-1
367,9,1044,331,84,81,1,-1,-1,-1
367,10,1064,275,79,76,1,-1,-1,-1
367,11,1110,246,59,63,1,-1,-1,-1
367,12,1109,215,56,53,1,-1,-1,-1
367,13,1138,189,47,48,1,-1,-1,-1
367,14,1161,150,45,48,1,-1,-1,-1
367,15,1426,433,222,106,1,-1,-1,-1
367,16,1426,369,185,89,1,-1,-1,-1
367,54,715,353,154,84,1,-1,-1,-1
367,55,753,338,137,65,1,-1,-1,-1
367,56,758,312,155,59,1,-1,-1,-1
367,57,757,297,155,47,1,-1,-1,-1
367,58,799,272,149,59,1,-1,-1,-1
367,59,838,240,137,65,1,-1,-1,-1
367,60,884,229,137,71,1,-1,-1,-1
367,61,924,213,125,47,1,-1,-1,-1
367,62,950,183,113,47,1,-1,-1,-1
367,63,977,152,112,41,1,-1,-1,-1
367,64,1013,132,101,41,1,-1,-1,-1
367,65,1134,94,36,41,1,-1,-1,-1
367,76,1456,273,143,65,1,-1,-1,-1
367,77,1436,253,155,65,1,-1,-1,-1
367,78,1445,238,137,70,1,-1,-1,-1
367,79,1279,87,47,41,1,-1,-1,-1
368,3,1371,922,299,146,1,-1,-1,-1
368,5,306,518,219,112,1,-1,-1,-1
368,6,6,473,205,108,1,-1,-1,-1
368,7,455,395,180,102,1,-1,-1,-1
368,8,273,383,166,81,1,-1,-1,-1
368,9,1044,331,84,80,1,-1,-1,-1
368,10,1064,275,80,75,1,-1,-1,-1
368,11,1111,246,59,64,1,-1,-1,-1
368,12,1110,215,55,53,1,-1,-1,-1
368,13,1138,190,48,48,1,-1,-1,-1
368,14,1161,151,45,48,1,-1,-1,-1
368,15,1425,433,222,106,1,-1,-1,-1
368,16,1427,368,185,90,1,-1,-1,-1
368,54,714,354,154,84,1,-1,-1,-1
368,55,751,338,137,65,1,-1,-1,-1
368,56,759,313,155,59,1,-1,-1,-1
368,57,757,297,155,47,1,-1,-1,-1
368,58,797,272,149,59,1,-1,-1,-1
368,59,837,240,137,65,1,-1,-1,-1
368,60,884,229,137,71,1,-1,-1,-1
368,61,924,212,125,47,1,-1,-1,-1
368,62,950,183,113,47,1,-1,-1,-1
368,63,977,153,112,41,1,-1,-1,-1
368,64,1015,133,101,41,1,-1,-1,-1
368,65,1134,94,36,41,1,-1,-1,-1
368,76,1454,273,143,65,1,-1,-1,-1
368,77,1435,252,155,65,1,-1,-1,-1
368,78,1443,238,137,70,1,-1,-1,-1
368,79,1279,87,47,41,1,-1,-1,-1
369,3,1416,933,299,137,1,-1,-1,-1
369,5,306,518,219,112,1,-1,-1,-1
369,6,8,474,203,108,1,-1,-1,-1
369,7,456,396,180,102,1,-1,-1,-1
369,8,275,385,166,82,1,-1,-1,-1
369,9,1044,331,84,80,1,-1,-1,-1
369,10,1065,275,80,75,1,-1,-1,-1
369,11,1111,247,59,64,1,-1,-1,-1
369,12,1111,216,54,53,1,-1,-1,-1
369,13,1139,192,47,47,1,-1,-1,-1
369,14,1161,150,45,48,1,-1,-1,-1
369,15,1425,434,222,106,1,-1,-1,-1
369,16,1428,367,185,90,1,-1,-1,-1
369,54,714,355,154,84,1,-1,-1,-1
369,55,750,338,137,65,1,-1,-1,-1
369,56,760,313,155,59,1,-1,-1,-1
369,57,756,296,155,47,1,-1,-1,-1
369,58,795,272,149,59,1,-1,-1,-1
369,59,836,240,137,65,1,-1,-1,-1
369,60,883,229,137,71,1,-1,-1,-1
369,61,924,211,125,47,1,-1,-1,-1
369,62,950,182,113,47,1,-1,-1,-1
369,63,976,153,112,41,1,-1,-1,-1
369,64,1017,134,101,41,1,-1,-1,-1
369,65,1133,94,36,41,1,-1,-1,-1
369,76,1452,273,143,65,1,-1,-1,-1
369,77,1433,251,155,65,1,-1,-1,-1
369,78,1441,238,137,70,1,-1,-1,-1
369,79,1279,87,47,41,1,-1,-1,-1
370,3,1467,942,299,128,1,-1,-1,-1
370,5,302,518,219,112,1,-1,-1,-1
370,6,6,475,202,108,1,-1,-1,-1
370,7,456,395,180,102,1,-1,-1,-1
370,8,276,384,166,82,1,-1,-1,-1
370,9,1044,331,84,80,1,-1,-1,-1
370,10,1065,274,80,76,1,-1,-1,-1
370,11,1112,247,59,64,1,-1,-1,-1
370,12,1113,216,55,53,1,-1,-1,-1
370,13,1139,193,48,47,1,-1,-1,-1
370,14,1161,150,45,48,1,-1,-1,-1
370,15,1425,434,222,107,1,-1,-1,-1
370,16,1430,367,185,90,1,-1,-1,-1
370,54,712,355,154,84,1,-1,-1,-1
370,55,748,338,137,65,1,-1,-1,-1
370,56,761,314,155,59,1,-1,-1,-1
370,57,756,296,155,47,1,-1,-1,-1
370,58,794,273,149,59,1,-1,-1,-1
370,59,835,240,137,65,1,-1,-1,-1
370,60,883,229,137,71,1,-1,-1,-1
370,61,924,211,125,47,1,-1,-1,-1
370,62,949,182,113,47,1,-1,-1,-1
370,63,976,154,112,41,1,-1,-1,-1
370,64,1017,133,101,41,1,-1,-1,-1
370,65,1133,94,36,41,1,-1,-1,-1
370,76,1451,273,143,65,1,-1,-1,-1
370,77,1431,251,155,65,1,-1,-1,-1
370,78,1439,238,137,70,1,-1,-1,-1
370,79,1279,87,47,41,1,-1,-1,-1
371,3,1519,951,299,119,1,-1,-1,-1
371,5,298,518,220,112,1,-1,-1,-1
371,6,4,476,201,108,1,-1,-1,-1
371,7,456,394,180,102,1,-1,-1,-1
371,8,277,384,166,82,1,-1,-1,-1
371,9,1044,331,84,80,1,-1,-1,-1
371,10,1065,274,81,76,1,-1,-1,-1
371,11,1112,248,59,64,1,-1,-1,-1
371,12,1115,216,56,53,1,-1,-1,-1
371,13,1139,194,48,47,1,-1,-1,-1
371,14,1161,150,45,48,1,-1,-1,-1
371,15,1425,435,222,107,1,-1,-1,-1
371,16,1428,367,185,90,1,-1,-1,-1
371,54,710,355,155,84,1,-1,-1,-1
371,55,746,338,137,65,1,-1,-1,-1
371,56,755,314,155,59,1,-1,-1,-1
371,57,755,295,155,47,1,-1,-1,-1
371,58,795,273,149,59,1,-1,-1,-1
371,59,834,240,137,65,1,-1,-1,-1
371,60,882,229,137,71,1,-1,-1,-1
371,61,924,210,125,47,1,-1,-1,-1
371,62,949,181,113,47,1,-1,-1,-1
371,63,976,154,112,41,1,-1,-1,-1
371,64,1017,132,101,41,1,-1,-1,-1
371,65,1130,94,36,41,1,-1,-1,-1
371,76,1449,273,143,65,1,-1,-1,-1
371,77,1429,250,155,65,1,-1,-1,-1
371,78,1437,237,137,70,1,-1,-1,-1
371,79,1279,87,47,41,1,-1,-1,-1
372,3,1554,957,299,113,1,-1,-1,-1
372,5,294,519,220,111,1,-1,-1,-1
372,6,3,478,200,108,1,-1,-1,-1
372,7,457,393,179,102,1,-1,-1,-1
372,8,279,384,165,82,1,-1,-1,-1
372,9,1044,331,84,80,1,-1,-1,-1
372,10,1066,274,81,76,1,-1,-1,-1
372,11,1113,249,59,64,1,-1,-1,-1
372,12,1118,216,56,54,1,-1,-1,-1
372,13,1140,196,48,47,1,-1,-1,-1
372,14,1162,150,44,48,1,-1,-1,-1
372,15,1425,435,222,108,1,-1,-1,-1
372,16,1426,367,185,90,1,-1,-1,-1
372,54,709,355,154,84,1,-1,-1,-1
372,55,745,338,137,65,1,-1,-1,-1
372,56,750,314,155,59,1,-1,-1,-1
372,57,755,295,155,47,1,-1,-1,-1
372,58,796,273,149,59,1,-1,-1,-1
372,59,833,240,137,65,1,-1,-1,-1
372,60,882,229,137,71,1,-1,-1,-1
372,61,924,209,125,47,1,-1,-1,-1
372,62,949,181,113,47,1,-1,-1,-1
372,63,976,155,112,41,1,-1,-1,-1
372,64,1017,132,101,41,1,-1,-1,-1
372,65,1128,94,36,41,1,-1,-1,-1
372,76,1448,273,143,65,1,-1,-1,-1
372,77,1427,249,155,65,1,-1,-1,-1
372,78,1435,237,137,70,1,-1,-1,-1
372,79,1274,87,47,41,1,-1,-1,-1
373,3,1590,964,299,107,1,-1,-1,-1
373,5,290,519,221,111,1,-1,-1,-1
373,6,1,479,199,108,1,-1,-1,-1
373,7,442,393,179,102,1,-1,-1,-1
373,8,264,385,165,82,1,-1,-1,-1
373,9,1033,331,84,81,1,-1,-1,-1
373,10,1054,274,80,75,1,-1,-1,-1
373,11,1098,248,59,64,1,-1,-1,-1
373,12,1104,215,54,55,1,-1,-1,-1
373,13,1127,193,48,47,1,-1,-1,-1
373,14,1147,149,44,48,1,-1,-1,-1
373,15,1425,436,222,108,1,-1,-1,-1
373,16,1424,368,185,90,1,-1,-1,-1
373,54,707,355,155,84,1,-1,-1,-1
373,55,743,338,137,65,1,-1,-1,-1
373,56,745,314,155,59,1,-1,-1,-1
373,57,743,295,155,47,1,-1,-1,-1
373,58,785,272,149,59,1,-1,-1,-1
373,59,832,241,137,65,1,-1,-1,-1
373,60,882,230,137,71,1,-1,-1,-1
373,61,925,209,125,47,1,-1,-1,-1
373,62,949,181,113,47,1,-1,-1,-1
373,63,966,153,112,41,1,-1,-1,-1
373,64,1000,131,101,41,1,-1,-1,-1
373,65,1126,94,36,41,1,-1,-1,-1
373,76,1446,273,143,65,1,-1,-1,-1
373,77,1425,248,155,65,1,-1,-1,-1
373,78,1433,237,137,70,1,-1,-1,-1
373,79,1269,87,47,41,1,-1,-1,-1
374,3,1627,962,269,108,1,-1,-1,-1
374,5,287,520,221,111,1,-1,-1,-1
374,6,0,481,198,108,1,-1,-1,-1
374,7,427,394,180,102,1,-1,-1,-1
374,8,249,387,165,81,1,-1,-1,-1
374,9,1022,332,84,81,1,-1,-1,-1
374,10,1043,274,79,75,1,-1,-1,-1
374,11,1083,247,59,64,1,-1,-1,-1
374,12,1090,214,55,54,1,-1,-1,-1
374,13,1114,190,48,47,1,-1,-1,-1
374,14,1132,148,45,48,1,-1,-1,-1
374,15,1413,431,222,106,1,-1,-1,-1
374,16,1409,367,185,90,1,-1,-1,-1
374,54,706,355,155,84,1,-1,-1,-1
374,55,742,338,137,65,1,-1,-1,-1
374,56,740,315,155,59,1,-1,-1,-1
374,57,731,296,155,47,1,-1,-1,-1
374,58,774,272,149,59,1,-1,-1,-1
374,59,821,239,137,65,1,-1,-1,-1
374,60,868,229,137,71,1,-1,-1,-1
374,61,909,208,125,47,1,-1,-1,-1
374,62,932,181,113,47,1,-1,-1,-1
374,63,957,152,112,41,1,-1,-1,-1
374,64,984,130,101,41,1,-1,-1,-1
374,65,1112,94,36,41,1,-1,-1,-1
374,76,1445,273,143,65,1,-1,-1,-1
374,77,1424,248,155,65,1,-1,-1,-1
374,78,1432,237,137,70,1,-1,-1,-1
374,79,1254,87,47,41,1,-1,-1,-1
375,5,272,522,219,111,1,-1,-1,-1
375,6,0,481,186,108,1,-1,-1,-1
375,7,412,394,180,102,1,-1,-1,-1
375,8,234,388,165,82,1,-1,-1,-1
375,9,1011,332,84,82,1,-1,-1,-1
375,10,1032,274,78,75,1,-1,-1,-1
375,11,1068,246,59,64,1,-1,-1,-1
375,12,1076,213,56,54,1,-1,-1,-1
375,13,1102,187,47,48,1,-1,-1,-1
375,14,1117,147,46,48,1,-1,-1,-1
375,15,1402,426,222,105,1,-1,-1,-1
375,16,1395,366,185,90,1,-1,-1,-1
375,54,688,355,155,84,1,-1,-1,-1
375,55,731,337,137,65,1,-1,-1,-1
375,56,728,314,155,59,1,-1,-1,-1
375,57,719,297,155,47,1,-1,-1,-1
375,58,763,272,149,59,1,-1,-1,-1
375,59,811,237,137,65,1,-1,-1,-1
375,60,856,229,137,71,1,-1,-1,-1
375,61,893,207,125,47,1,-1,-1,-1
375,62,915,181,113,47,1,-1,-1,-1
375,63,948,151,112,41,1,-1,-1,-1
375,64,968,130,101,41,1,-1,-1,-1
375,65,1099,95,36,41,1,-1,-1,-1
375,76,1431,271,143,65,1,-1,-1,-1
375,77,1411,247,155,65,1,-1,-1,-1
375,78,1420,234,137,70,1,-1,-1,-1
375,79,1239,87,47,41,1,-1,-1,-1
376,5,265,523,221,111,1,-1,-1,-1
376,6,0,481,175,108,1,-1,-1,-1
376,7,398,395,180,102,1,-1,-1,-1
376,8,219,390,165,81,1,-1,-1,-1
376,9,1001,333,84,82,1,-1,-1,-1
376,10,1014,278,78,76,1,-1,-1,-1
376,11,1053,245,59,65,1,-1,-1,-1
376,12,1063,212,56,54,1,-1,-1,-1
376,13,1082,179,46,48,1,-1,-1,-1
376,14,1103,147,46,48,1,-1,-1,-1
376,15,1376,421,222,105,1,-1,-1,-1
376,16,1374,360,185,90,1,-1,-1,-1
376,54,674,353,155,84,1,-1,-1,-1
376,55,720,336,137,65,1,-1,-1,-1
376,56,716,314,155,59,1,-1,-1,-1
376,57,708,298,155,47,1,-1,-1,-1
376,58,756,272,149,59,1,-1,-1,-1
376,59,800,237,137,65,1,-1,-1,-1
376,60,844,229,137,71,1,-1,-1,-1
376,61,888,208,125,47,1,-1,-1,-1
376,62,899,181,113,47,1,-1,-1,-1
376,63,925,151,112,41,1,-1,-1,-1
376,64,962,130,101,41,1,-1,-1,-1
376,65,1081,89,36,41,1,-1,-1,-1
376,76,1417,269,143,65,1,-1,-1,-1
376,77,1398,247,155,65,1,-1,-1,-1
376,78,1408,231,137,71,1,-1,-1,-1
376,79,1224,87,47,41,1,-1,-1,-1
377,5,258,524,223,111,1,-1,-1,-1
377,6,0,481,163,108,1,-1,-1,-1
377,7,394,394,180,102,1,-1,-1,-1
377,8,204,392,165,81,1,-1,-1,-1
377,9,998,331,84,81,1,-1,-1,-1
377,10,1010,276,78,75,1,-1,-1,-1
377,11,1051,243,60,64,1,-1,-1,-1
377,12,1061,213,56,54,1,-1,-1,-1
377,13,1080,184,47,47,1,-1,-1,-1
377,14,1101,147,45,48,1,-1,-1,-1
377,15,1375,422,222,105,1,-1,-1,-1
377,16,1380,364,185,91,1,-1,-1,-1
377,54,669,354,155,84,1,-1,-1,-1
377,55,709,336,137,65,1,-1,-1,-1
377,56,705,314,155,59,1,-1,-1,-1
377,57,702,297,155,47,1,-1,-1,-1
377,58,749,272,149,59,1,-1,-1,-1
377,59,790,238,137,65,1,-1,-1,-1
377,60,832,229,137,71,1,-1,-1,-1
377,61,884,210,125,47,1,-1,-1,-1
377,62,895,180,113,47,1,-1,-1,-1
377,63,923,150,112,41,1,-1,-1,-1
377,64,956,130,101,41,1,-1,-1,-1
377,65,1079,89,35,41,1,-1,-1,-1
377,76,1403,268,143,65,1,-1,-1,-1
377,77,1386,247,155,65,1,-1,-1,-1
377,78,1396,229,137,71,1,-1,-1,-1
377,79,1221,87,47,41,1,-1,-1,-1
378,5,251,526,225,111,1,-1,-1,-1
378,6,0,482,152,108,1,-1,-1,-1
378,7,391,394,180,102,1,-1,-1,-1
378,8,200,393,165,80,1,-1,-1,-1
378,9,995,329,84,80,1,-1,-1,-1
378,10,1007,274,78,75,1,-1,-1,-1
378,11,1050,241,60,64,1,-1,-1,-1
378,12,1059,215,56,53,1,-1,-1,-1
378,13,1079,189,47,47,1,-1,-1,-1
378,14,1100,148,44,47,1,-1,-1,-1
378,15,1375,423,222,106,1,-1,-1,-1
378,16,1371,363,185,90,1,-1,-1,-1
378,54,664,355,155,84,1,-1,-1,-1
378,55,705,337,137,65,1,-1,-1,-1
378,56,701,312,155,59,1,-1,-1,-1
378,57,697,297,155,47,1,-1,-1,-1
378,58,742,272,149,59,1,-1,-1,-1
378,59,785,238,137,65,1,-1,-1,-1
378,60,828,229,137,71,1,-1,-1,-1
378,61,880,212,125,47,1,-1,-1,-1
378,62,891,179,113,47,1,-1,-1,-1
378,63,921,149,112,41,1,-1,-1,-1
378,64,951,130,101,41,1,-1,-1,-1
378,65,1077,89,35,41,1,-1,-1,-1
378,76,1401,266,143,65,1,-1,-1,-1
378,77,1386,247,155,65,1,-1,-1,-1
378,78,1390,228,137,71,1,-1,-1,-1
378,79,1219,87,47,41,1,-1,-1,-1
379,5,244,527,227,111,1,-1,-1,-1
379,6,0,486,135,108,1,-1,-1,-1
379,7,388,394,179,101,1,-1,-1,-1
379,8,197,394,165,80,1,-1,-1,-1
379,9,986,333,84,80,1,-1,-1,-1
379,10,1003,274,78,75,1,-1,-1,-1
379,11,1044,239,60,64,1,-1,-1,-1
379,12,1056,213,56,53,1,-1,-1,-1
379,13,1073,190,48,47,1,-1,-1,-1
379,14,1097,150,45,47,1,-1,-1,-1
379,15,1364,423,222,107,1,-1,-1,-1
379,16,1363,362,185,90,1,-1,-1,-1
379,54,660,356,155,84,1,-1,-1,-1
379,55,701,339,137,65,1,-1,-1,-1
379,56,698,311,155,59,1,-1,-1,-1
379,57,691,297,155,47,1,-1,-1,-1
379,58,737,273,149,59,1,-1,-1,-1
379,59,780,238,137,65,1,-1,-1,-1
379,60,825,229,137,71,1,-1,-1,-1
379,61,876,214,125,47,1,-1,-1,-1
379,62,887,178,113,47,1,-1,-1,-1
379,63,917,150,112,41,1,-1,-1,-1
379,64,949,129,101,41,1,-1,-1,-1
379,65,1075,89,35,41,1,-1,-1,-1
379,76,1399,265,143,65,1,-1,-1,-1
379,77,1387,248,155,65,1,-1,-1,-1
379,78,1385,228,137,71,1,-1,-1,-1
379,79,1217,87,47,41,1,-1,-1,-1
380,5,237,529,229,111,1,-1,-1,-1
380,6,0,491,118,108,1,-1,-1,-1
380,7,385,394,179,101,1,-1,-1,-1
380,8,194,395,165,80,1,-1,-1,-1
380,9,977,337,84,80,1,-1,-1,-1
380,10,1000,275,77,75,1,-1,-1,-1
380,11,1039,237,59,64,1,-1,-1,-1
380,12,1054,211,55,53,1,-1,-1,-1
380,13,1068,191,48,48,1,-1,-1,-1
380,14,1095,153,45,47,1,-1,-1,-1
380,15,1353,424,222,108,1,-1,-1,-1
380,16,1355,361,185,90,1,-1,-1,-1
380,54,638,356,155,84,1,-1,-1,-1
380,55,697,341,137,65,1,-1,-1,-1
380,56,695,310,155,59,1,-1,-1,-1
380,57,686,297,155,47,1,-1,-1,-1
380,58,732,274,149,59,1,-1,-1,-1
380,59,776,238,137,65,1,-1,-1,-1
380,60,822,229,137,71,1,-1,-1,-1
380,61,852,212,125,47,1,-1,-1,-1
380,62,884,178,113,47,1,-1,-1,-1
380,63,913,152,112,41,1,-1,-1,-1
380,64,947,129,101,41,1,-1,-1,-1
380,65,1065,89,35,41,1,-1,-1,-1
380,76,1370,263,143,65,1,-1,-1,-1
380,77,1357,244,155,65,1,-1,-1,-1
380,78,1359,227,137,71,1,-1,-1,-1
380,79,1204,84,47,41,1,-1,-1,-1
381,5,192,533,232,111,1,-1,-1,-1
381,7,346,399,180,101,1,-1,-1,-1
381,8,152,398,167,79,1,-1,-1,-1
381,9,946,334,84,81,1,-1,-1,-1
381,10,966,270,77,76,1,-1,-1,-1
381,11,1001,238,59,62,1,-1,-1,-1
381,12,1015,210,55,54,1,-1,-1,-1
381,13,1031,187,47,48,1,-1,-1,-1
381,14,1054,147,45,48,1,-1,-1,-1
381,15,1319,421,222,105,1,-1,-1,-1
381,16,1329,360,185,90,1,-1,-1,-1
381,54,617,356,155,84,1,-1,-1,-1
381,55,662,340,137,65,1,-1,-1,-1
381,56,658,310,155,59,1,-1,-1,-1
381,57,658,297,155,47,1,-1,-1,-1
381,58,703,275,149,59,1,-1,-1,-1
381,59,741,237,137,65,1,-1,-1,-1
381,60,785,229,137,71,1,-1,-1,-1
381,61,828,211,125,47,1,-1,-1,-1
381,62,847,178,113,47,1,-1,-1,-1
381,63,874,150,112,41,1,-1,-1,-1
381,64,906,129,101,41,1,-1,-1,-1
381,65,1031,86,35,41,1,-1,-1,-1
381,76,1341,262,143,65,1,-1,-1,-1
381,77,1328,241,155,65,1,-1,-1,-1
381,78,1333,226,137,71,1,-1,-1,-1
381,79,1170,81,47,41,1,-1,-1,-1
382,5,148,538,234,111,1,-1,-1,-1
382,7,308,404,180,102,1,-1,-1,-1
382,8,110,401,169,79,1,-1,-1,-1
382,9,915,332,84,81,1,-1,-1,-1
382,10,928,269,77,75,1,-1,-1,-1
382,11,964,240,59,59,1,-1,-1,-1
382,12,976,210,55,54,1,-1,-1,-1
382,13,994,183,47,48,1,-1,-1,-1
382,14,1016,144,45,48,1,-1,-1,-1
382,15,1288,409,219,105,1,-1,-1,-1
382,16,1285,350,185,89,1,-1,-1,-1
382,54,579,356,155,84,1,-1,-1,-1
382,55,627,339,137,65,1,-1,-1,-1
382,56,621,310,155,59,1,-1,-1,-1
382,57,630,297,155,47,1,-1,-1,-1
382,58,656,273,149,59,1,-1,-1,-1
382,59,703,237,137,65,1,-1,-1,-1
382,60,748,230,137,71,1,-1,-1,-1
382,61,782,207,125,47,1,-1,-1,-1
382,62,811,178,113,47,1,-1,-1,-1
382,63,836,148,112,41,1,-1,-1,-1
382,64,865,129,101,41,1,-1,-1,-1
382,65,989,86,36,41,1,-1,-1,-1
382,76,1312,261,143,65,1,-1,-1,-1
382,77,1299,238,155,65,1,-1,-1,-1
382,78,1307,225,137,71,1,-1,-1,-1
382,79,1130,83,47,41,1,-1,-1,-1
383,4,3,849,319,200,1,-1,-1,-1
383,5,127,541,238,111,1,-1,-1,-1
383,7,287,406,183,101,1,-1,-1,-1
383,8,68,404,171,79,1,-1,-1,-1
383,9,884,330,84,81,1,-1,-1,-1
383,10,894,268,78,78,1,-1,-1,-1
383,11,937,240,59,61,1,-1,-1,-1
383,12,937,210,56,54,1,-1,-1,-1
383,13,957,180,47,48,1,-1,-1,-1
383,14,979,142,45,48,1,-1,-1,-1
383,15,1248,399,216,106,1,-1,-1,-1
383,16,1261,348,185,90,1,-1,-1,-1
383,54,536,356,155,84,1,-1,-1,-1
383,55,583,338,137,65,1,-1,-1,-1
383,56,584,311,156,59,1,-1,-1,-1
383,57,582,298,155,47,1,-1,-1,-1
383,58,620,270,149,59,1,-1,-1,-1
383,59,665,238,137,65,1,-1,-1,-1
383,60,711,231,137,71,1,-1,-1,-1
383,61,751,207,125,47,1,-1,-1,-1
383,62,775,179,113,47,1,-1,-1,-1
383,63,798,146,112,41,1,-1,-1,-1
383,64,838,126,101,41,1,-1,-1,-1
383,65,959,85,36,41,1,-1,-1,-1
383,76,1286,257,143,65,1,-1,-1,-1
383,77,1277,237,155,65,1,-1,-1,-1
383,78,1284,223,137,71,1,-1,-1,-1
383,79,1091,85,47,41,1,-1,-1,-1
384,4,54,854,320,200,1,-1,-1,-1
384,5,107,545,242,111,1,-1,-1,-1
384,7,266,408,186,101,1,-1,-1,-1
384,8,27,407,173,79,1,-1,-1,-1
384,9,854,328,84,81,1,-1,-1,-1
384,10,871,268,76,75,1,-1,-1,-1
384,11,910,240,59,63,1,-1,-1,-1
384,12,920,207,57,53,1,-1,-1,-1
384,13,940,176,47,47,1,-1,-1,-1
384,14,958,142,45,48,1,-1,-1,-1
384,15,1239,399,213,106,1,-1,-1,-1
384,16,1237,347,185,90,1,-1,-1,-1
384,54,523,359,155,84,1,-1,-1,-1
384,55,574,341,137,65,1,-1,-1,-1
384,56,569,311,155,59,1,-1,-1,-1
384,57,575,297,155,47,1,-1,-1,-1
384,58,609,271,149,59,1,-1,-1,-1
384,59,652,234,137,65,1,-1,-1,-1
384,60,704,230,137,71,1,-1,-1,-1
384,61,740,209,125,47,1,-1,-1,-1
384,62,756,181,113,47,1,-1,-1,-1
384,63,791,146,112,41,1,-1,-1,-1
384,64,811,124,101,41,1,-1,-1,-1
384,65,930,85,36,41,1,-1,-1,-1
384,76,1260,254,143,65,1,-1,-1,-1
384,77,1256,236,155,65,1,-1,-1,-1
384,78,1262,221,137,71,1,-1,-1,-1
384,79,1069,81,47,41,1,-1,-1,-1
385,4,106,859,320,200,1,-1,-1,-1
385,5,87,549,246,111,1,-1,-1,-1
385,7,245,410,189,101,1,-1,-1,-1
385,8,27,407,175,79,1,-1,-1,-1
385,9,854,327,84,81,1,-1,-1,-1
385,10,871,268,77,75,1,-1,-1,-1
385,11,910,240,59,63,1,-1,-1,-1
385,12,919,207,56,54,1,-1,-1,-1
385,13,939,176,47,48,1,-1,-1,-1
385,14,958,142,45,48,1,-1,-1,-1
385,15,1230,400,211,105,1,-1,-1,-1
385,16,1230,347,185,90,1,-1,-1,-1
385,54,523,359,155,84,1,-1,-1,-1
385,55,570,340,137,65,1,-1,-1,-1
385,56,568,312,155,59,1,-1,-1,-1
385,57,569,297,155,47,1,-1,-1,-1
385,58,599,272,149,59,1,-1,-1,-1
385,59,639,231,137,65,1,-1,-1,-1
385,60,698,229,137,71,1,-1,-1,-1
385,61,730,211,125,47,1,-1,-1,-1
385,62,755,180,113,47,1,-1,-1,-1
385,63,785,146,112,41,1,-1,-1,-1
385,64,809,124,101,41,1,-1,-1,-1
385,65,929,84,36,41,1,-1,-1,-1
385,76,1252,251,143,65,1,-1,-1,-1
385,77,1235,235,155,65,1,-1,-1,-1
385,78,1240,219,137,71,1,-1,-1,-1
385,79,1068,81,47,41,1,-1,-1,-1
386,4,158,864,321,200,1,-1,-1,-1
386,5,87,546,246,111,1,-1,-1,-1
386,7,244,409,190,101,1,-1,-1,-1
386,8,27,408,178,79,1,-1,-1,-1
386,9,854,326,84,81,1,-1,-1,-1
386,10,872,269,77,75,1,-1,-1,-1
386,11,910,239,59,63,1,-1,-1,-1
386,12,918,208,56,54,1,-1,-1,-1
386,13,939,177,47,48,1,-1,-1,-1
386,14,958,142,45,48,1,-1,-1,-1
386,15,1231,399,209,105,1,-1,-1,-1
386,16,1224,348,185,90,1,-1,-1,-1
386,54,523,359,155,84,1,-1,-1,-1
386,55,566,340,137,65,1,-1,-1,-1
386,56,568,313,155,59,1,-1,-1,-1
386,57,568,297,155,47,1,-1,-1,-1
386,58,598,272,149,59,1,-1,-1,-1
386,59,640,232,137,65,1,-1,-1,-1
386,60,692,229,137,71,1,-1,-1,-1
386,61,729,210,125,47,1,-1,-1,-1
386,62,754,180,113,47,1,-1,-1,-1
386,63,779,147,112,41,1,-1,-1,-1
386,64,808,124,101,41,1,-1,-1,-1
386,65,929,84,36,41,1,-1,-1,-1
386,76,1252,251,143,65,1,-1,-1,-1
386,77,1235,236,155,65,1,-1,-1,-1
386,78,1240,219,137,71,1,-1,-1,-1
386,79,1068,81,47,41,1,-1,-1,-1
387,4,218,863,321,200,1,-1,-1,-1
387,5,87,543,246,111,1,-1,-1,-1
387,7,244,408,190,101,1,-1,-1,-1
387,8,27,409,181,79,1,-1,-1,-1
387,9,855,325,84,81,1,-1,-1,-1
387,10,872,270,78,75,1,-1,-1,-1
387,11,910,239,59,63,1,-1,-1,-1
387,12,917,206,56,55,1,-1,-1,-1
387,13,939,178,47,48,1,-1,-1,-1
387,14,959,142,45,48,1,-1,-1,-1
387,15,1232,398,207,105,1,-1,-1,-1
387,16,1224,346,185,90,1,-1,-1,-1
387,54,524,359,155,84,1,-1,-1,-1
387,55,568,338,137,65,1,-1,-1,-1
387,56,569,313,155,59,1,-1,-1,-1
387,57,567,297,155,47,1,-1,-1,-1
387,58,598,273,149,59,1,-1,-1,-1
387,59,641,234,137,65,1,-1,-1,-1
387,60,692,226,137,71,1,-1,-1,-1
387,61,729,209,125,47,1,-1,-1,-1
387,62,754,180,113,47,1,-1,-1,-1
387,63,777,147,112,41,1,-1,-1,-1
387,64,807,124,101,41,1,-1,-1,-1
387,65,929,84,36,41,1,-1,-1,-1
387,76,1252,252,143,65,1,-1,-1,-1
387,77,1235,237,155,65,1,-1,-1,-1
387,78,1240,220,137,71,1,-1,-1,-1
387,79,1068,81,47,41,1,-1,-1,-1
388,4,278,862,321,201,1,-1,-1,-1
388,5,87,540,246,111,1,-1,-1,-1
388,7,243,408,191,101,1,-1,-1,-1
388,8,27,410,183,78,1,-1,-1,-1
388,9,855,324,84,81,1,-1,-1,-1
388,10,873,271,78,75,1,-1,-1,-1
388,11,910,239,59,63,1,-1,-1,-1
388,12,917,205,56,55,1,-1,-1,-1
388,13,939,179,47,48,1,-1,-1,-1
388,14,959,143,45,48,1,-1,-1,-1
388,15,1234,397,204,105,1,-1,-1,-1
388,16,1225,344,185,90,1,-1,-1,-1
388,54,524,359,155,84,1,-1,-1,-1
388,55,571,337,137,65,1,-1,-1,-1
388,56,572,309,156,59,1,-1,-1,-1
388,57,566,297,155,47,1,-1,-1,-1
388,58,598,273,149,59,1,-1,-1,-1
388,59,642,235,137,65,1,-1,-1,-1
388,60,692,223,137,71,1,-1,-1,-1
388,61,729,208,125,47,1,-1,-1,-1
388,62,753,178,113,47,1,-1,-1,-1
388,63,775,147,112,41,1,-1,-1,-1
388,64,806,124,101,41,1,-1,-1,-1
388,65,928,83,36,41,1,-1,-1,-1
388,76,1252,253,143,65,1,-1,-1,-1
388,77,1236,239,155,65,1,-1,-1,-1
388,78,1241,221,137,71,1,-1,-1,-1
388,79,1067,81,47,41,1,-1,-1,-1
389,4,337,875,321,192,1,-1,-1,-1
389,5,88,537,246,111,1,-1,-1,-1
389,7,243,407,191,101,1,-1,-1,-1
389,8,27,411,186,78,1,-1,-1,-1
389,9,855,323,84,81,1,-1,-1,-1
389,10,872,268,78,76,1,-1,-1,-1
389,11,911,239,59,63,1,-1,-1,-1
389,12,917,203,56,56,1,-1,-1,-1
389,13,939,180,47,48,1,-1,-1,-1
389,14,960,143,45,48,1,-1,-1,-1
389,15,1233,398,203,105,1,-1,-1,-1
389,16,1225,342,185,90,1,-1,-1,-1
389,54,524,359,155,84,1,-1,-1,-1
389,55,574,336,137,65,1,-1,-1,-1
389,56,569,312,154,64,1,-1,-1,-1
389,57,566,298,155,47,1,-1,-1,-1
389,58,597,274,149,59,1,-1,-1,-1
389,59,644,237,137,65,1,-1,-1,-1
389,60,692,221,137,71,1,-1,-1,-1
389,61,728,207,125,47,1,-1,-1,-1
389,62,752,177,113,47,1,-1,-1,-1
389,63,775,143,112,41,1,-1,-1,-1
389,64,805,124,101,41,1,-1,-1,-1
389,65,928,83,36,41,1,-1,-1,-1
389,76,1252,253,143,65,1,-1,-1,-1
389,77,1236,240,155,65,1,-1,-1,-1
389,78,1241,221,137,71,1,-1,-1,-1
389,79,1067,81,47,41,1,-1,-1,-1
390,4,396,889,321,182,1,-1,-1,-1
390,5,88,534,246,111,1,-1,-1,-1
390,7,243,407,191,101,1,-1,-1,-1
390,8,27,412,189,78,1,-1,-1,-1
390,9,856,322,84,81,1,-1,-1,-1
390,10,872,266,78,76,1,-1,-1,-1
390,11,911,239,59,63,1,-1,-1,-1
390,12,916,202,56,56,1,-1,-1,-1
390,13,938,178,47,48,1,-1,-1,-1
390,14,960,143,45,48,1,-1,-1,-1
390,15,1232,400,203,105,1,-1,-1,-1
390,16,1226,340,185,90,1,-1,-1,-1
390,54,525,360,155,84,1,-1,-1,-1
390,55,572,329,137,65,1,-1,-1,-1
390,56,571,309,154,63,1,-1,-1,-1
390,57,566,297,155,47,1,-1,-1,-1
390,58,597,274,149,59,1,-1,-1,-1
390,59,642,234,137,65,1,-1,-1,-1
390,60,692,218,137,71,1,-1,-1,-1
390,61,728,206,125,47,1,-1,-1,-1
390,62,752,176,113,47,1,-1,-1,-1
390,63,775,139,112,41,1,-1,-1,-1
390,64,806,125,101,41,1,-1,-1,-1
390,65,928,83,36,41,1,-1,-1,-1
390,76,1252,254,143,65,1,-1,-1,-1
390,77,1236,241,155,65,1,-1,-1,-1
390,78,1241,222,137,71,1,-1,-1,-1
390,79,1067,81,47,41,1,-1,-1,-1
391,4,454,886,321,182,1,-1,-1,-1
391,5,88,531,246,111,1,-1,-1,-1
391,7,242,399,191,101,1,-1,-1,-1
391,8,28,413,191,78,1,-1,-1,-1
391,9,856,321,84,81,1,-1,-1,-1
391,10,872,264,77,76,1,-1,-1,-1
391,11,911,239,59,63,1,-1,-1,-1
391,12,916,200,56,57,1,-1,-1,-1
391,13,938,177,47,48,1,-1,-1,-1
391,14,961,144,45,48,1,-1,-1,-1
391,15,1231,402,203,105,1,-1,-1,-1
391,16,1226,338,185,90,1,-1,-1,-1
391,54,521,358,155,84,1,-1,-1,-1
391,55,571,323,137,65,1,-1,-1,-1
391,56,571,308,154,64,1,-1,-1,-1
391,57,567,297,155,47,1,-1,-1,-1
391,58,597,275,149,59,1,-1,-1,-1
391,59,641,231,137,65,1,-1,-1,-1
391,60,692,215,137,71,1,-1,-1,-1
391,61,728,206,125,47,1,-1,-1,-1
391,62,751,175,113,47,1,-1,-1,-1
391,63,775,135,112,41,1,-1,-1,-1
391,64,807,127,101,41,1,-1,-1,-1
391,65,928,73,36,41,1,-1,-1,-1
391,76,1252,255,143,65,1,-1,-1,-1
391,77,1237,243,155,65,1,-1,-1,-1
391,78,1242,223,137,71,1,-1,-1,-1
391,79,1067,81,47,41,1,-1,-1,-1
392,4,513,884,321,182,1,-1,-1,-1
392,5,88,528,246,111,1,-1,-1,-1
392,7,242,392,190,101,1,-1,-1,-1
392,8,27,407,191,78,1,-1,-1,-1
392,9,857,321,84,80,1,-1,-1,-1
392,10,872,262,77,76,1,-1,-1,-1
392,11,912,239,59,63,1,-1,-1,-1
392,12,916,199,56,57,1,-1,-1,-1
392,13,938,176,47,48,1,-1,-1,-1
392,14,961,134,45,48,1,-1,-1,-1
392,15,1230,397,203,105,1,-1,-1,-1
392,16,1227,336,185,90,1,-1,-1,-1
392,54,521,349,155,84,1,-1,-1,-1
392,55,570,317,137,65,1,-1,-1,-1
392,56,571,305,155,63,1,-1,-1,-1
392,57,567,288,155,47,1,-1,-1,-1
392,58,598,264,149,59,1,-1,-1,-1
392,59,640,228,137,65,1,-1,-1,-1
392,60,692,213,137,71,1,-1,-1,-1
392,61,728,192,125,47,1,-1,-1,-1
392,62,751,174,113,47,1,-1,-1,-1
392,63,776,131,112,41,1,-1,-1,-1
392,64,807,114,101,41,1,-1,-1,-1
392,65,929,64,36,41,1,-1,-1,-1
392,76,1250,241,143,65,1,-1,-1,-1
392,77,1236,231,155,65,1,-1,-1,-1
392,78,1241,212,137,71,1,-1,-1,-1
392,79,1069,67,47,41,1,-1,-1,-1
393,4,581,879,312,181,1,-1,-1,-1
393,5,89,526,246,111,1,-1,-1,-1
393,7,242,384,189,101,1,-1,-1,-1
393,8,27,402,191,78,1,-1,-1,-1
393,9,855,305,84,81,1,-1,-1,-1
393,10,872,246,77,76,1,-1,-1,-1
393,11,909,213,59,63,1,-1,-1,-1
393,12,917,187,56,56,1,-1,-1,-1
393,13,937,162,47,48,1,-1,-1,-1
393,14,961,125,45,48,1,-1,-1,-1
393,15,1229,392,203,105,1,-1,-1,-1
393,16,1227,331,185,90,1,-1,-1,-1
393,54,522,341,155,84,1,-1,-1,-1
393,55,569,311,137,65,1,-1,-1,-1
393,56,569,293,155,62,1,-1,-1,-1
393,57,553,271,155,47,1,-1,-1,-1
393,58,599,254,149,59,1,-1,-1,-1
393,59,641,215,137,65,1,-1,-1,-1
393,60,691,199,137,71,1,-1,-1,-1
393,61,729,178,125,47,1,-1,-1,-1
393,62,754,156,113,47,1,-1,-1,-1
393,63,777,118,112,41,1,-1,-1,-1
393,64,808,102,101,41,1,-1,-1,-1
393,65,930,54,36,41,1,-1,-1,-1
393,76,1249,227,143,65,1,-1,-1,-1
393,77,1236,220,155,65,1,-1,-1,-1
393,78,1240,202,137,71,1,-1,-1,-1
393,79,1071,54,47,41,1,-1,-1,-1
394,4,649,875,303,180,1,-1,-1,-1
394,5,89,521,246,111,1,-1,-1,-1
394,7,242,377,189,101,1,-1,-1,-1
394,8,27,396,191,78,1,-1,-1,-1
394,9,853,290,84,81,1,-1,-1,-1
394,10,872,231,78,75,1,-1,-1,-1
394,11,910,204,59,63,1,-1,-1,-1
394,12,918,175,57,55,1,-1,-1,-1
394,13,936,148,47,48,1,-1,-1,-1
394,14,961,115,45,48,1,-1,-1,-1
394,15,1228,388,203,105,1,-1,-1,-1
394,16,1227,327,185,90,1,-1,-1,-1
394,54,523,333,155,84,1,-1,-1,-1
394,55,568,305,137,65,1,-1,-1,-1
394,56,567,281,155,61,1,-1,-1,-1
394,57,553,260,155,47,1,-1,-1,-1
394,58,600,244,149,59,1,-1,-1,-1
394,59,646,202,137,65,1,-1,-1,-1
394,60,691,185,137,71,1,-1,-1,-1
394,61,730,172,125,47,1,-1,-1,-1
394,62,758,138,113,47,1,-1,-1,-1
394,63,778,105,112,41,1,-1,-1,-1
394,64,809,90,101,41,1,-1,-1,-1
394,65,931,45,36,41,1,-1,-1,-1
394,76,1250,217,143,65,1,-1,-1,-1
394,77,1240,203,155,65,1,-1,-1,-1
394,78,1246,186,137,71,1,-1,-1,-1
394,79,1071,38,47,41,1,-1,-1,-1
395,4,709,871,303,180,1,-1,-1,-1
395,5,89,517,246,111,1,-1,-1,-1
395,7,243,376,190,101,1,-1,-1,-1
395,8,27,391,191,78,1,-1,-1,-1
395,9,857,289,84,80,1,-1,-1,-1
395,10,872,226,77,75,1,-1,-1,-1
395,11,911,195,59,63,1,-1,-1,-1
395,12,920,164,57,54,1,-1,-1,-1
395,13,936,135,47,48,1,-1,-1,-1
395,14,961,106,45,48,1,-1,-1,-1
395,15,1227,383,203,105,1,-1,-1,-1
395,16,1227,323,185,90,1,-1,-1,-1
395,54,523,324,155,84,1,-1,-1,-1
395,55,567,299,137,65,1,-1,-1,-1
395,56,566,270,155,59,1,-1,-1,-1
395,57,553,254,155,47,1,-1,-1,-1
395,58,601,234,149,59,1,-1,-1,-1
395,59,642,196,137,65,1,-1,-1,-1
395,60,691,181,137,71,1,-1,-1,-1
395,61,731,166,125,47,1,-1,-1,-1
395,62,756,136,113,47,1,-1,-1,-1
395,63,780,104,112,41,1,-1,-1,-1
395,64,805,85,101,41,1,-1,-1,-1
395,65,930,42,36,41,1,-1,-1,-1
395,76,1250,211,143,65,1,-1,-1,-1
395,77,1239,199,155,65,1,-1,-1,-1
395,78,1246,182,137,71,1,-1,-1,-1
395,79,1071,35,47,41,1,-1,-1,-1
396,4,769,867,303,180,1,-1,-1,-1
396,5,89,513,246,111,1,-1,-1,-1
396,7,245,375,190,101,1,-1,-1,-1
396,8,26,386,191,78,1,-1,-1,-1
396,9,862,288,83,80,1,-1,-1,-1
396,10,872,222,77,75,1,-1,-1,-1
396,11,912,186,59,64,1,-1,-1,-1
396,12,922,157,56,52,1,-1,-1,-1
396,13,937,133,47,47,1,-1,-1,-1
396,14,961,97,46,48,1,-1,-1,-1
396,15,1226,379,203,105,1,-1,-1,-1
396,16,1227,318,185,90,1,-1,-1,-1
396,54,524,316,155,84,1,-1,-1,-1
396,55,567,298,137,65,1,-1,-1,-1
396,56,565,269,155,59,1,-1,-1,-1
396,57,553,253,155,47,1,-1,-1,-1
396,58,601,234,148,59,1,-1,-1,-1
396,59,642,193,137,65,1,-1,-1,-1
396,60,692,178,137,71,1,-1,-1,-1
396,61,733,160,125,47,1,-1,-1,-1
396,62,755,134,113,47,1,-1,-1,-1
396,63,780,101,112,41,1,-1,-1,-1
396,64,806,83,101,41,1,-1,-1,-1
396,65,930,39,36,41,1,-1,-1,-1
396,76,1249,210,143,65,1,-1,-1,-1
396,77,1239,196,155,65,1,-1,-1,-1
396,78,1247,178,137,71,1,-1,-1,-1
396,79,1071,32,47,41,1,-1,-1,-1
397,4,832,870,303,180,1,-1,-1,-1
397,5,89,509,246,111,1,-1,-1,-1
397,7,247,374,190,101,1,-1,-1,-1
397,8,26,380,191,78,1,-1,-1,-1
397,9,860,286,83,80,1,-1,-1,-1
397,10,872,223,77,75,1,-1,-1,-1
397,11,910,186,59,63,1,-1,-1,-1
397,12,921,157,55,52,1,-1,-1,-1
397,13,936,131,47,47,1,-1,-1,-1
397,14,960,96,46,48,1,-1,-1,-1
397,15,1225,374,204,105,1,-1,-1,-1
397,16,1227,314,185,90,1,-1,-1,-1
397,54,525,308,155,84,1,-1,-1,-1
397,55,568,298,137,65,1,-1,-1,-1
397,56,565,268,155,59,1,-1,-1,-1
397,57,554,252,155,47,1,-1,-1,-1
397,58,601,234,148,59,1,-1,-1,-1
397,59,642,190,137,65,1,-1,-1,-1
397,60,692,175,137,71,1,-1,-1,-1
397,61,734,160,125,47,1,-1,-1,-1
397,62,754,133,113,47,1,-1,-1,-1
397,63,780,98,112,41,1,-1,-1,-1
397,64,807,82,101,41,1,-1,-1,-1
397,65,930,36,36,41,1,-1,-1,-1
397,76,1249,209,143,65,1,-1,-1,-1
397,77,1237,194,155,65,1,-1,-1,-1
397,78,1244,177,137,71,1,-1,-1,-1
397,79,1071,29,47,41,1,-1,-1,-1
398,4,896,874,303,180,1,-1,-1,-1
398,5,89,505,246,111,1,-1,-1,-1
398,7,249,373,190,101,1,-1,-1,-1
398,8,26,375,191,78,1,-1,-1,-1
398,9,858,284,84,80,1,-1,-1,-1
398,10,872,225,78,75,1,-1,-1,-1
398,11,909,186,59,63,1,-1,-1,-1
398,12,920,157,55,53,1,-1,-1,-1
398,13,936,129,47,47,1,-1,-1,-1
398,14,960,95,45,48,1,-1,-1,-1
398,15,1224,370,204,105,1,-1,-1,-1
398,16,1227,310,185,90,1,-1,-1,-1
398,54,524,308,155,84,1,-1,-1,-1
398,55,569,297,137,65,1,-1,-1,-1
398,56,565,268,155,59,1,-1,-1,-1
398,57,554,251,155,47,1,-1,-1,-1
398,58,601,234,148,59,1,-1,-1,-1
398,59,640,189,137,65,1,-1,-1,-1
398,60,693,172,137,71,1,-1,-1,-1
398,61,735,160,125,47,1,-1,-1,-1
398,62,753,131,113,47,1,-1,-1,-1
398,63,780,95,112,41,1,-1,-1,-1
398,64,808,80,101,41,1,-1,-1,-1
398,65,930,34,36,41,1,-1,-1,-1
398,76,1249,208,143,65,1,-1,-1,-1
398,77,1235,193,155,65,1,-1,-1,-1
398,78,1242,176,137,71,1,-1,-1,-1
398,79,1071,27,47,41,1,-1,-1,-1
399,4,962,878,303,180,1,-1,-1,-1
399,5,75,507,246,111,1,-1,-1,-1
399,7,251,372,190,102,1,-1,-1,-1
399,8,26,370,191,78,1,-1,-1,-1
399,9,857,282,84,81,1,-1,-1,-1
399,10,871,223,77,76,1,-1,-1,-1
399,11,909,188,59,65,1,-1,-1,-1
399,12,919,158,55,53,1,-1,-1,-1
399,13,936,128,47,47,1,-1,-1,-1
399,14,959,94,45,48,1,-1,-1,-1
399,15,1223,365,204,105,1,-1,-1,-1
399,16,1228,306,185,90,1,-1,-1,-1
399,54,524,309,155,84,1,-1,-1,-1
399,55,570,297,137,65,1,-1,-1,-1
399,56,564,267,155,59,1,-1,-1,-1
399,57,555,250,155,47,1,-1,-1,-1
399,58,601,234,148,59,1,-1,-1,-1
399,59,639,189,137,65,1,-1,-1,-1
399,60,690,174,137,71,1,-1,-1,-1
399,61,736,160,125,47,1,-1,-1,-1
399,62,752,130,113,47,1,-1,-1,-1
399,63,775,97,112,41,1,-1,-1,-1
399,64,809,79,101,41,1,-1,-1,-1
399,65,929,35,36,41,1,-1,-1,-1
399,76,1248,207,143,65,1,-1,-1,-1
399,77,1234,192,155,65,1,-1,-1,-1
399,78,1240,175,137,71,1,-1,-1,-1
399,79,1070,29,47,41,1,-1,-1,-1
400,4,1028,883,303,180,1,-1,-1,-1
400,5,61,509,246,111,1,-1,-1,-1
400,7,242,371,190,102,1,-1,-1,-1
400,8,25,371,191,78,1,-1,-1,-1
400,9,855,282,83,81,1,-1,-1,-1
400,10,870,223,77,76,1,-1,-1,-1
400,11,908,188,59,65,1,-1,-1,-1
400,12,917,160,54,53,1,-1,-1,-1
400,13,936,128,47,48,1,-1,-1,-1
400,14,959,94,45,48,1,-1,-1,-1
400,15,1222,361,204,105,1,-1,-1,-1
400,16,1226,305,185,90,1,-1,-1,-1
400,54,524,310,155,83,1,-1,-1,-1
400,55,571,296,137,65,1,-1,-1,-1
400,56,564,266,155,59,1,-1,-1,-1
400,57,556,250,155,47,1,-1,-1,-1
400,58,601,235,148,58,1,-1,-1,-1
400,59,637,189,137,65,1,-1,-1,-1
400,60,688,177,137,71,1,-1,-1,-1
400,61,737,160,125,47,1,-1,-1,-1
400,62,752,129,113,47,1,-1,-1,-1
400,63,775,98,112,41,1,-1,-1,-1
400,64,806,77,101,41,1,-1,-1,-1
400,65,928,37,36,41,1,-1,-1,-1
400,76,1248,206,143,65,1,-1,-1,-1
400,77,1232,191,155,65,1,-1,-1,-1
400,78,1238,174,137,71,1,-1,-1,-1
400,79,1069,31,47,41,1,-1,-1,-1
401,4,1085,882,303,180,1,-1,-1,-1
401,5,47,512,246,111,1,-1,-1,-1
401,7,233,371,190,102,1,-1,-1,-1
401,8,25,372,191,78,1,-1,-1,-1
401,9,853,282,83,82,1,-1,-1,-1
401,10,869,224,77,76,1,-1,-1,-1
401,11,907,188,59,65,1,-1,-1,-1
401,12,915,163,53,52,1,-1,-1,-1
401,13,937,129,47,48,1,-1,-1,-1
401,14,955,96,45,48,1,-1,-1,-1
401,15,1221,356,204,105,1,-1,-1,-1
401,16,1224,304,185,90,1,-1,-1,-1
401,54,524,311,155,83,1,-1,-1,-1
401,55,572,296,137,65,1,-1,-1,-1
401,56,564,266,155,59,1,-1,-1,-1
401,57,567,250,155,47,1,-1,-1,-1
401,58,599,234,148,57,1,-1,-1,-1
401,59,636,189,137,65,1,-1,-1,-1
401,60,682,178,137,71,1,-1,-1,-1
401,61,738,160,125,47,1,-1,-1,-1
401,62,752,128,113,47,1,-1,-1,-1
401,63,775,99,113,41,1,-1,-1,-1
401,64,803,75,101,41,1,-1,-1,-1
401,65,931,35,35,42,1,-1,-1,-1
401,76,1248,205,143,65,1,-1,-1,-1
401,77,1230,190,155,65,1,-1,-1,-1
401,78,1236,173,137,71,1,-1,-1,-1
401,79,1066,33,47,41,1,-1,-1,-1
402,4,1143,882,303,180,1,-1,-1,-1
402,5,33,514,246,111,1,-1,-1,-1
402,7,224,370,190,102,1,-1,-1,-1
402,8,25,373,191,78,1,-1,-1,-1
402,9,851,283,83,82,1,-1,-1,-1
402,10,868,225,78,76,1,-1,-1,-1
402,11,906,189,59,64,1,-1,-1,-1
402,12,913,166,53,51,1,-1,-1,-1
402,13,938,130,47,48,1,-1,-1,-1
402,14,952,99,45,48,1,-1,-1,-1
402,15,1221,352,204,105,1,-1,-1,-1
402,16,1222,303,185,90,1,-1,-1,-1
402,54,511,314,155,83,1,-1,-1,-1
402,55,556,295,137,65,1,-1,-1,-1
402,56,553,265,155,59,1,-1,-1,-1
402,57,549,251,155,47,1,-1,-1,-1
402,58,598,233,148,57,1,-1,-1,-1
402,59,624,189,137,65,1,-1,-1,-1
402,60,677,180,137,71,1,-1,-1,-1
402,61,724,157,125,47,1,-1,-1,-1
402,62,742,128,113,47,1,-1,-1,-1
402,63,765,99,113,41,1,-1,-1,-1
402,64,801,74,101,41,1,-1,-1,-1
402,65,929,35,35,41,1,-1,-1,-1
402,76,1248,205,143,65,1,-1,-1,-1
402,77,1229,189,155,65,1,-1,-1,-1
402,78,1234,173,137,71,1,-1,-1,-1
402,79,1065,32,47,41,1,-1,-1,-1
403,4,1172,879,303,180,1,-1,-1,-1
403,5,19,516,246,111,1,-1,-1,-1
403,7,216,370,189,102,1,-1,-1,-1
403,8,12,377,168,78,1,-1,-1,-1
403,9,813,283,83,82,1,-1,-1,-1
403,10,837,222,78,76,1,-1,-1,-1
403,11,869,189,59,64,1,-1,-1,-1
403,12,883,162,55,52,1,-1,-1,-1
403,13,907,130,47,48,1,-1,-1,-1
403,14,924,97,46,48,1,-1,-1,-1
403,15,1218,357,204,106,1,-1,-1,-1
403,16,1220,303,186,89,1,-1,-1,-1
403,54,499,317,155,83,1,-1,-1,-1
403,55,540,295,137,65,1,-1,-1,-1
403,56,543,264,155,59,1,-1,-1,-1
403,57,532,252,155,47,1,-1,-1,-1
403,58,566,232,148,56,1,-1,-1,-1
403,59,613,189,137,65,1,-1,-1,-1
403,60,672,182,137,71,1,-1,-1,-1
403,61,711,154,125,47,1,-1,-1,-1
403,62,733,129,113,47,1,-1,-1,-1
403,63,755,100,113,41,1,-1,-1,-1
403,64,788,78,101,41,1,-1,-1,-1
403,65,910,37,35,41,1,-1,-1,-1
403,76,1215,203,143,65,1,-1,-1,-1
403,77,1198,188,155,65,1,-1,-1,-1
403,78,1203,175,137,71,1,-1,-1,-1
403,79,1047,32,47,41,1,-1,-1,-1
404,4,1201,876,303,180,1,-1,-1,-1
404,5,6,519,246,111,1,-1,-1,-1
404,7,154,374,199,102,1,-1,-1,-1
404,9,775,283,83,82,1,-1,-1,-1
404,10,807,220,78,75,1,-1,-1,-1
404,11,833,190,59,64,1,-1,-1,-1
404,12,853,158,57,54,1,-1,-1,-1
404,13,876,130,47,48,1,-1,-1,-1
404,14,896,96,47,48,1,-1,-1,-1
404,15,1169,352,204,108,1,-1,-1,-1
404,16,1170,302,186,89,1,-1,-1,-1
404,54,445,320,155,84,1,-1,-1,-1
404,55,493,298,137,65,1,-1,-1,-1
404,56,489,267,155,59,1,-1,-1,-1
404,57,490,254,155,47,1,-1,-1,-1
404,58,534,232,148,54,1,-1,-1,-1
404,59,576,191,137,65,1,-1,-1,-1
404,60,631,175,137,71,1,-1,-1,-1
404,61,664,156,125,47,1,-1,-1,-1
404,62,691,130,113,47,1,-1,-1,-1
404,63,705,98,112,41,1,-1,-1,-1
404,64,751,78,101,41,1,-1,-1,-1
404,65,874,31,37,42,1,-1,-1,-1
404,76,1182,201,143,65,1,-1,-1,-1
404,77,1167,188,155,65,1,-1,-1,-1
404,78,1172,178,137,71,1,-1,-1,-1
404,79,1004,29,47,41,1,-1,-1,-1
405,4,1220,865,303,180,1,-1,-1,-1
405,7,93,379,209,102,1,-1,-1,-1
405,9,738,283,83,82,1,-1,-1,-1
405,10,757,217,78,75,1,-1,-1,-1
405,11,792,190,59,63,1,-1,-1,-1
405,12,797,157,57,54,1,-1,-1,-1
405,13,817,129,48,48,1,-1,-1,-1
405,14,839,92,46,48,1,-1,-1,-1
405,15,1115,348,204,106,1,-1,-1,-1
405,16,1112,296,186,90,1,-1,-1,-1
405,54,391,324,155,84,1,-1,-1,-1
405,55,447,302,137,65,1,-1,-1,-1
405,56,436,270,155,59,1,-1,-1,-1
405,57,449,256,155,47,1,-1,-1,-1
405,58,478,236,149,54,1,-1,-1,-1
405,59,519,192,137,65,1,-1,-1,-1
405,60,572,175,137,71,1,-1,-1,-1
405,61,618,159,125,47,1,-1,-1,-1
405,62,631,132,113,47,1,-1,-1,-1
405,63,655,97,112,41,1,-1,-1,-1
405,64,684,78,101,41,1,-1,-1,-1
405,65,813,32,36,42,1,-1,-1,-1
405,76,1126,199,143,65,1,-1,-1,-1
405,77,1121,184,155,65,1,-1,-1,-1
405,78,1113,172,137,71,1,-1,-1,-1
405,79,947,30,47,41,1,-1,-1,-1
406,4,1239,855,303,180,1,-1,-1,-1
406,7,46,390,196,102,1,-1,-1,-1
406,9,677,286,84,82,1,-1,-1,-1
406,10,698,220,78,75,1,-1,-1,-1
406,11,733,189,59,65,1,-1,-1,-1
406,12,742,156,57,54,1,-1,-1,-1
406,13,759,129,48,48,1,-1,-1,-1
406,14,783,89,45,48,1,-1,-1,-1
406,15,1062,344,204,105,1,-1,-1,-1
406,16,1060,293,179,90,1,-1,-1,-1
406,54,338,328,155,84,1,-1,-1,-1
406,55,388,306,137,65,1,-1,-1,-1
406,56,383,273,155,59,1,-1,-1,-1
406,57,395,258,155,47,1,-1,-1,-1
406,58,410,243,162,53,1,-1,-1,-1
406,59,462,194,137,65,1,-1,-1,-1
406,60,513,175,137,71,1,-1,-1,-1
406,61,559,160,125,47,1,-1,-1,-1
406,62,574,136,113,47,1,-1,-1,-1
406,63,603,96,112,41,1,-1,-1,-1
406,64,629,78,101,41,1,-1,-1,-1
406,65,752,33,36,42,1,-1,-1,-1
406,76,1071,197,143,65,1,-1,-1,-1
406,77,1075,181,155,65,1,-1,-1,-1
406,78,1054,167,137,71,1,-1,-1,-1
406,79,891,32,47,41,1,-1,-1,-1
407,4,1251,839,293,180,1,-1,-1,-1
407,7,0,401,182,102,1,-1,-1,-1
407,9,629,286,84,82,1,-1,-1,-1
407,10,640,223,78,75,1,-1,-1,-1
407,11,679,189,59,64,1,-1,-1,-1
407,12,687,155,57,54,1,-1,-1,-1
407,13,706,130,48,48,1,-1,-1,-1
407,14,724,95,45,48,1,-1,-1,-1
407,15,1017,342,198,102,1,-1,-1,-1
407,16,1008,290,172,90,1,-1,-1,-1
407,54,279,332,161,87,1,-1,-1,-1
407,55,333,311,137,65,1,-1,-1,-1
407,56,324,275,155,59,1,-1,-1,-1
407,57,334,262,155,47,1,-1,-1,-1
407,58,352,243,162,53,1,-1,-1,-1
407,59,395,193,137,65,1,-1,-1,-1
407,60,454,176,137,71,1,-1,-1,-1
407,61,500,161,125,47,1,-1,-1,-1
407,62,520,133,113,47,1,-1,-1,-1
407,63,548,102,112,41,1,-1,-1,-1
407,64,575,78,101,41,1,-1,-1,-1
407,65,691,35,36,41,1,-1,-1,-1
407,76,1017,190,143,65,1,-1,-1,-1
407,77,1001,173,155,65,1,-1,-1,-1
407,78,997,166,137,71,1,-1,-1,-1
407,79,836,32,47,41,1,-1,-1,-1
408,4,1264,824,282,179,1,-1,-1,-1
408,9,582,287,84,81,1,-1,-1,-1
408,10,590,223,78,75,1,-1,-1,-1
408,11,625,189,59,63,1,-1,-1,-1
408,12,636,158,57,54,1,-1,-1,-1
408,13,654,131,47,48,1,-1,-1,-1
408,14,673,95,45,48,1,-1,-1,-1
408,15,972,341,192,99,1,-1,-1,-1
408,16,957,288,164,90,1,-1,-1,-1
408,18,1614,636,276,105,1,-1,-1,-1
408,54,220,336,167,90,1,-1,-1,-1
408,55,279,316,137,65,1,-1,-1,-1
408,56,273,279,154,58,1,-1,-1,-1
408,57,271,264,155,47,1,-1,-1,-1
408,58,293,245,162,53,1,-1,-1,-1
408,59,343,199,137,65,1,-1,-1,-1
408,60,403,180,137,71,1,-1,-1,-1
408,61,448,163,125,47,1,-1,-1,-1
408,62,466,136,113,47,1,-1,-1,-1
408,63,499,103,112,41,1,-1,-1,-1
408,64,521,79,101,41,1,-1,-1,-1
408,65,638,33,36,41,1,-1,-1,-1
408,76,967,189,143,65,1,-1,-1,-1
408,77,954,172,155,65,1,-1,-1,-1
408,78,955,164,137,71,1,-1,-1,-1
408,79,781,34,47,41,1,-1,-1,-1
409,4,1279,806,265,179,1,-1,-1,-1
409,9,539,290,84,81,1,-1,-1,-1
409,10,541,223,78,75,1,-1,-1,-1
409,11,577,191,59,63,1,-1,-1,-1
409,12,586,161,57,54,1,-1,-1,-1
409,13,603,131,47,48,1,-1,-1,-1
409,14,622,96,46,47,1,-1,-1,-1
409,15,927,339,186,96,1,-1,-1,-1
409,16,915,286,164,90,1,-1,-1,-1
409,18,1536,628,272,105,1,-1,-1,-1
409,54,161,340,174,94,1,-1,-1,-1
409,55,228,319,137,65,1,-1,-1,-1
409,56,223,285,154,58,1,-1,-1,-1
409,57,207,270,155,47,1,-1,-1,-1
409,58,242,247,162,53,1,-1,-1,-1
409,59,282,200,137,65,1,-1,-1,-1
409,60,352,185,137,71,1,-1,-1,-1
409,61,396,165,125,47,1,-1,-1,-1
409,62,415,136,113,47,1,-1,-1,-1
409,63,431,97,112,41,1,-1,-1,-1
409,64,468,79,101,41,1,-1,-1,-1
409,65,587,33,36,41,1,-1,-1,-1
409,76,918,188,143,65,1,-1,-1,-1
409,77,907,172,155,65,1,-1,-1,-1
409,78,914,162,137,71,1,-1,-1,-1
409,79,728,31,46,31,1,-1,-1,-1
410,4,1294,788,248,179,1,-1,-1,-1
410,9,496,294,84,81,1,-1,-1,-1
410,10,493,226,78,75,1,-1,-1,-1
410,11,529,194,60,63,1,-1,-1,-1
410,12,536,164,57,54,1,-1,-1,-1
410,13,553,131,47,48,1,-1,-1,-1
410,14,576,97,46,47,1,-1,-1,-1
410,15,882,338,180,93,1,-1,-1,-1
410,16,873,284,164,90,1,-1,-1,-1
410,18,1458,621,268,105,1,-1,-1,-1
410,54,111,346,173,94,1,-1,-1,-1
410,55,181,321,137,65,1,-1,-1,-1
410,56,171,283,154,59,1,-1,-1,-1
410,57,154,273,155,47,1,-1,-1,-1
410,58,192,256,162,53,1,-1,-1,-1
410,59,236,213,137,65,1,-1,-1,-1
410,60,306,186,137,71,1,-1,-1,-1
410,61,345,167,125,47,1,-1,-1,-1
410,62,362,134,113,47,1,-1,-1,-1
410,63,392,102,112,41,1,-1,-1,-1
410,64,415,80,101,41,1,-1,-1,-1
410,65,537,35,35,41,1,-1,-1,-1
410,76,882,189,143,65,1,-1,-1,-1
410,77,848,162,155,65,1,-1,-1,-1
410,78,855,150,136,65,1,-1,-1,-1
410,79,682,28,46,35,1,-1,-1,-1
411,4,1308,776,239,179,1,-1,-1,-1
411,9,453,297,84,81,1,-1,-1,-1
411,10,446,229,78,75,1,-1,-1,-1
411,11,482,197,60,63,1,-1,-1,-1
411,12,492,165,57,54,1,-1,-1,-1
411,13,509,134,47,48,1,-1,-1,-1
411,14,531,98,46,48,1,-1,-1,-1
411,15,841,337,180,94,1,-1,-1,-1
411,16,832,283,164,90,1,-1,-1,-1
411,18,1380,614,264,105,1,-1,-1,-1
411,54,57,348,181,100,1,-1,-1,-1
411,55,129,324,137,65,1,-1,-1,-1
411,56,122,287,154,59,1,-1,-1,-1
411,57,107,273,155,47,1,-1,-1,-1
411,58,132,258,177,52,1,-1,-1,-1
411,59,184,209,137,65,1,-1,-1,-1
411,60,255,187,137,71,1,-1,-1,-1
411,61,295,173,125,47,1,-1,-1,-1
411,62,319,134,113,47,1,-1,-1,-1
411,63,342,104,112,41,1,-1,-1,-1
411,64,367,78,101,41,1,-1,-1,-1
411,65,488,34,35,41,1,-1,-1,-1
411,76,837,189,143,65,1,-1,-1,-1
411,77,824,159,155,65,1,-1,-1,-1
411,78,829,154,136,65,1,-1,-1,-1
411,79,636,26,47,38,1,-1,-1,-1
412,4,1323,764,230,179,1,-1,-1,-1
412,9,410,301,84,81,1,-1,-1,-1
412,10,403,232,78,75,1,-1,-1,-1
412,11,441,199,60,63,1,-1,-1,-1
412,12,449,167,57,54,1,-1,-1,-1
412,13,465,137,47,48,1,-1,-1,-1
412,14,486,100,45,47,1,-1,-1,-1
412,15,802,338,180,95,1,-1,-1,-1
412,16,795,282,165,90,1,-1,-1,-1
412,18,1302,607,261,105,1,-1,-1,-1
412,54,3,351,190,106,1,-1,-1,-1
412,55,87,330,137,65,1,-1,-1,-1
412,56,74,291,154,59,1,-1,-1,-1
412,57,67,283,155,47,1,-1,-1,-1
412,58,84,260,177,52,1,-1,-1,-1
412,59,132,214,137,65,1,-1,-1,-1
412,60,205,189,137,71,1,-1,-1,-1
412,61,249,176,125,47,1,-1,-1,-1
412,62,271,140,113,47,1,-1,-1,-1
412,63,287,106,112,41,1,-1,-1,-1
412,64,330,80,101,41,1,-1,-1,-1
412,65,442,36,35,41,1,-1,-1,-1
412,76,801,193,143,65,1,-1,-1,-1
412,77,784,169,155,65,1,-1,-1,-1
412,78,782,154,136,65,1,-1,-1,-1
412,79,591,24,47,41,1,-1,-1,-1
413,4,1339,743,230,179,1,-1,-1,-1
413,9,367,304,84,81,1,-1,-1,-1
413,10,360,235,78,75,1,-1,-1,-1
413,11,400,201,60,63,1,-1,-1,-1
413,12,405,167,57,54,1,-1,-1,-1
413,13,421,138,47,48,1,-1,-1,-1
413,14,440,101,46,48,1,-1,-1,-1
413,15,763,340,180,95,1,-1,-1,-1
413,16,758,281,166,91,1,-1,-1,-1
413,18,1229,604,261,108,1,-1,-1,-1
413,54,1,352,144,106,1,-1,-1,-1
413,55,35,337,137,65,1,-1,-1,-1
413,56,25,298,154,59,1,-1,-1,-1
413,57,5,289,155,47,1,-1,-1,-1
413,58,33,269,185,51,1,-1,-1,-1
413,59,88,214,137,65,1,-1,-1,-1
413,60,165,193,137,71,1,-1,-1,-1
413,61,204,179,125,47,1,-1,-1,-1
413,62,228,143,113,47,1,-1,-1,-1
413,63,246,107,112,41,1,-1,-1,-1
413,64,268,79,101,41,1,-1,-1,-1
413,65,397,39,35,41,1,-1,-1,-1
413,76,763,191,143,66,1,-1,-1,-1
413,77,745,170,155,65,1,-1,-1,-1
413,78,742,155,136,65,1,-1,-1,-1
413,79,548,27,47,39,1,-1,-1,-1
413,83,1763,301,92,76,1,-1,-1,-1
414,4,1355,723,231,179,1,-1,-1,-1
414,9,324,308,84,81,1,-1,-1,-1
414,10,321,236,78,75,1,-1,-1,-1
414,11,360,204,60,63,1,-1,-1,-1
414,12,361,167,57,54,1,-1,-1,-1
414,13,377,139,47,48,1,-1,-1,-1
414,14,395,102,45,48,1,-1,-1,-1
414,15,724,342,197,94,1,-1,-1,-1
414,16,721,281,167,91,1,-1,-1,-1
414,18,1157,602,261,111,1,-1,-1,-1
414,54,0,354,97,106,1,-1,-1,-1
414,55,0,342,131,65,1,-1,-1,-1
414,56,0,303,137,59,1,-1,-1,-1
414,57,0,292,117,47,1,-1,-1,-1
414,58,0,274,175,51,1,-1,-1,-1
414,59,44,218,137,65,1,-1,-1,-1
414,60,125,198,137,71,1,-1,-1,-1
414,61,162,179,125,47,1,-1,-1,-1
414,62,188,145,113,47,1,-1,-1,-1
414,63,204,108,112,41,1,-1,-1,-1
414,64,232,84,101,41,1,-1,-1,-1
414,65,355,38,35,41,1,-1,-1,-1
414,76,725,189,143,68,1,-1,-1,-1
414,77,706,171,155,65,1,-1,-1,-1
414,78,702,157,136,65,1,-1,-1,-1
414,79,506,30,46,37,1,-1,-1,-1
414,83,1716,294,91,76,1,-1,-1,-1
415,4,1358,711,231,179,1,-1,-1,-1
415,9,281,311,84,81,1,-1,-1,-1
415,10,282,238,78,75,1,-1,-1,-1
415,11,318,207,60,63,1,-1,-1,-1
415,12,320,170,57,54,1,-1,-1,-1
415,13,333,141,47,48,1,-1,-1,-1
415,14,350,104,45,48,1,-1,-1,-1
415,15,692,339,189,94,1,-1,-1,-1
415,16,686,280,167,91,1,-1,-1,-1
415,18,1085,600,261,114,1,-1,-1,-1
415,55,0,350,81,65,1,-1,-1,-1
415,56,0,314,88,59,1,-1,-1,-1
415,58,0,274,125,51,1,-1,-1,-1
415,59,2,225,137,65,1,-1,-1,-1
415,60,78,201,137,71,1,-1,-1,-1
415,61,119,181,125,47,1,-1,-1,-1
415,62,138,151,113,47,1,-1,-1,-1
415,63,156,114,112,41,1,-1,-1,-1
415,64,194,87,101,41,1,-1,-1,-1
415,65,307,41,35,41,1,-1,-1,-1
415,76,687,188,143,68,1,-1,-1,-1
415,77,667,172,155,65,1,-1,-1,-1
415,78,663,158,136,65,1,-1,-1,-1
415,79,464,33,46,35,1,-1,-1,-1
415,83,1669,287,91,76,1,-1,-1,-1
416,4,1362,699,231,179,1,-1,-1,-1
416,9,238,315,84,81,1,-1,-1,-1
416,10,240,243,78,75,1,-1,-1,-1
416,11,276,210,60,63,1,-1,-1,-1
416,12,279,173,57,54,1,-1,-1,-1
416,13,290,142,50,48,1,-1,-1,-1
416,14,310,106,45,48,1,-1,-1,-1
416,15,661,337,181,94,1,-1,-1,-1
416,16,652,280,166,90,1,-1,-1,-1
416,18,1020,604,261,114,1,-1,-1,-1
416,58,0,278,82,52,1,-1,-1,-1
416,59,0,229,108,65,1,-1,-1,-1
416,60,39,204,129,71,1,-1,-1,-1
416,61,75,182,125,47,1,-1,-1,-1
416,62,97,151,113,47,1,-1,-1,-1
416,63,114,114,112,41,1,-1,-1,-1
416,64,146,90,101,41,1,-1,-1,-1
416,65,265,40,35,41,1,-1,-1,-1
416,76,649,186,143,70,1,-1,-1,-1
416,77,628,173,155,65,1,-1,-1,-1
416,78,623,160,136,65,1,-1,-1,-1
416,79,424,31,46,37,1,-1,-1,-1
416,83,1623,280,90,76,1,-1,-1,-1
416,84,1707,288,99,77,1,-1,-1,-1
417,4,1380,677,231,179,1,-1,-1,-1
417,9,195,318,84,81,1,-1,-1,-1
417,10,198,249,78,75,1,-1,-1,-1
417,11,234,213,60,63,1,-1,-1,-1
417,12,238,176,57,54,1,-1,-1,-1
417,13,247,144,53,47,1,-1,-1,-1
417,14,270,108,45,48,1,-1,-1,-1
417,15,627,338,184,94,1,-1,-1,-1
417,16,618,280,165,90,1,-1,-1,-1
417,18,955,609,261,114,1,-1,-1,-1
417,60,0,207,121,71,1,-1,-1,-1
417,61,31,186,125,47,1,-1,-1,-1
417,62,49,157,113,47,1,-1,-1,-1
417,63,71,113,112,41,1,-1,-1,-1
417,64,107,91,101,41,1,-1,-1,-1
417,65,225,45,35,41,1,-1,-1,-1
417,76,611,185,143,71,1,-1,-1,-1
417,77,590,175,155,65,1,-1,-1,-1
417,78,584,162,136,65,1,-1,-1,-1
417,79,384,30,47,39,1,-1,-1,-1
417,83,1585,274,90,76,1,-1,-1,-1
417,84,1668,282,99,77,1,-1,-1,-1
418,4,1398,655,231,180,1,-1,-1,-1
418,9,152,322,84,81,1,-1,-1,-1
418,10,157,252,78,75,1,-1,-1,-1
418,11,192,215,60,63,1,-1,-1,-1
418,12,196,179,57,54,1,-1,-1,-1
418,13,204,146,57,47,1,-1,-1,-1
418,14,230,110,45,48,1,-1,-1,-1
418,15,593,339,187,94,1,-1,-1,-1
418,16,583,287,167,90,1,-1,-1,-1
418,18,889,612,261,114,1,-1,-1,-1
418,60,0,213,80,71,1,-1,-1,-1
418,61,0,188,109,47,1,-1,-1,-1
418,62,5,160,113,47,1,-1,-1,-1
418,63,26,122,112,41,1,-1,-1,-1
418,64,58,91,101,41,1,-1,-1,-1
418,65,183,42,35,41,1,-1,-1,-1
418,76,576,186,143,72,1,-1,-1,-1
418,77,556,176,155,65,1,-1,-1,-1
418,78,556,162,136,65,1,-1,-1,-1
418,79,345,29,47,41,1,-1,-1,-1
418,83,1547,269,90,76,1,-1,-1,-1
418,84,1629,276,99,77,1,-1,-1,-1
419,4,1398,640,231,180,1,-1,-1,-1
419,9,110,326,84,81,1,-1,-1,-1
419,10,116,256,78,75,1,-1,-1,-1
419,11,151,217,60,63,1,-1,-1,-1
419,12,155,182,57,54,1,-1,-1,-1
419,13,164,149,57,47,1,-1,-1,-1
419,14,190,112,45,48,1,-1,-1,-1
419,15,559,341,191,93,1,-1,-1,-1
419,16,551,287,166,90,1,-1,-1,-1
419,18,823,615,261,114,1,-1,-1,-1
419,61,0,197,65,47,1,-1,-1,-1
419,62,0,163,79,47,1,-1,-1,-1
419,63,0,125,93,41,1,-1,-1,-1
419,64,15,93,101,41,1,-1,-1,-1
419,65,141,46,35,41,1,-1,-1,-1
419,76,542,187,143,73,1,-1,-1,-1
419,77,522,177,155,65,1,-1,-1,-1
419,78,528,163,136,65,1,-1,-1,-1
419,79,305,30,47,41,1,-1,-1,-1
419,83,1510,264,90,76,1,-1,-1,-1
419,84,1590,270,99,77,1,-1,-1,-1
419,85,1750,266,150,67,1,-1,-1,-1
420,4,1398,625,231,180,1,-1,-1,-1
420,9,74,326,84,81,1,-1,-1,-1
420,10,77,260,78,75,1,-1,-1,-1
420,11,111,219,60,63,1,-1,-1,-1
420,12,115,185,57,54,1,-1,-1,-1
420,13,125,153,57,47,1,-1,-1,-1
420,14,150,114,45,48,1,-1,-1,-1
420,15,525,342,194,93,1,-1,-1,-1
420,16,519,288,165,90,1,-1,-1,-1
420,18,750,616,267,125,1,-1,-1,-1
420,64,0,98,69,41,1,-1,-1,-1
420,65,98,49,35,41,1,-1,-1,-1
420,76,508,188,142,74,1,-1,-1,-1
420,77,488,178,155,65,1,-1,-1,-1
420,78,493,164,136,65,1,-1,-1,-1
420,79,266,31,47,41,1,-1,-1,-1
420,83,1475,262,90,74,1,-1,-1,-1
420,84,1555,267,95,74,1,-1,-1,-1
420,85,1712,261,150,67,1,-1,-1,-1
421,4,1414,612,210,169,1,-1,-1,-1
421,9,37,333,84,81,1,-1,-1,-1
421,10,38,265,78,75,1,-1,-1,-1
421,12,75,188,57,54,1,-1,-1,-1
421,13,87,156,57,47,1,-1,-1,-1
421,14,110,116,45,48,1,-1,-1,-1
421,15,491,344,198,92,1,-1,-1,-1
421,16,482,291,165,90,1,-1,-1,-1
421,18,678,618,273,135,1,-1,-1,-1
421,65,49,51,43,40,1,-1,-1,-1
421,76,473,189,143,75,1,-1,-1,-1
421,77,454,179,155,65,1,-1,-1,-1
421,78,458,165,136,65,1,-1,-1,-1
421,79,227,33,47,41,1,-1,-1,-1
421,83,1441,260,89,73,1,-1,-1,-1
421,84,1520,264,91,71,1,-1,-1,-1
421,85,1675,256,150,67,1,-1,-1,-1
421,87,1789,195,84,56,1,-1,-1,-1
422,4,1430,599,189,158,1,-1,-1,-1
422,10,19,267,66,75,1,-1,-1,-1
422,12,37,190,57,54,1,-1,-1,-1
422,13,50,159,57,47,1,-1,-1,-1
422,14,71,119,45,48,1,-1,-1,-1
422,15,459,349,198,92,1,-1,-1,-1
422,16,445,294,165,90,1,-1,-1,-1
422,18,610,629,273,135,1,-1,-1,-1
422,65,7,54,43,40,1,-1,-1,-1
422,76,439,191,142,75,1,-1,-1,-1
422,77,420,181,155,65,1,-1,-1,-1
422,78,423,167,136,65,1,-1,-1,-1
422,79,185,34,47,41,1,-1,-1,-1
422,83,1407,259,89,71,1,-1,-1,-1
422,84,1485,261,88,69,1,-1,-1,-1
422,85,1637,251,150,67,1,-1,-1,-1
422,87,1749,189,84,56,1,-1,-1,-1
423,4,1429,586,189,158,1,-1,-1,-1
423,14,22,122,54,47,1,-1,-1,-1
423,15,427,354,198,92,1,-1,-1,-1
423,16,416,294,165,90,1,-1,-1,-1
423,18,542,640,273,135,1,-1,-1,-1
423,76,405,192,142,76,1,-1,-1,-1
423,77,386,182,155,65,1,-1,-1,-1
423,78,389,168,136,65,1,-1,-1,-1
423,79,144,35,46,41,1,-1,-1,-1
423,83,1374,256,89,71,1,-1,-1,-1
423,84,1451,258,88,70,1,-1,-1,-1
423,85,1600,246,150,67,1,-1,-1,-1
423,87,1709,183,84,57,1,-1,-1,-1
424,4,1429,573,189,158,1,-1,-1,-1
424,15,395,359,198,92,1,-1,-1,-1
424,16,388,294,165,90,1,-1,-1,-1
424,18,475,651,273,135,1,-1,-1,-1
424,76,370,193,142,77,1,-1,-1,-1
424,77,352,183,155,65,1,-1,-1,-1
424,78,354,170,136,65,1,-1,-1,-1
424,79,103,37,47,41,1,-1,-1,-1
424,83,1341,253,89,71,1,-1,-1,-1
424,84,1417,255,88,71,1,-1,-1,-1
424,85,1562,241,150,67,1,-1,-1,-1
424,87,1672,178,83,57,1,-1,-1,-1
425,4,1430,561,189,146,1,-1,-1,-1
425,15,364,359,198,92,1,-1,-1,-1
425,16,352,295,172,89,1,-1,-1,-1
425,18,401,665,280,147,1,-1,-1,-1
425,76,336,194,142,78,1,-1,-1,-1
425,77,318,184,155,65,1,-1,-1,-1
425,78,319,171,136,65,1,-1,-1,-1
425,79,65,40,47,41,1,-1,-1,-1
425,83,1308,251,89,71,1,-1,-1,-1
425,84,1383,253,88,71,1,-1,-1,-1
425,85,1525,236,150,67,1,-1,-1,-1
425,87,1635,174,83,57,1,-1,-1,-1
426,4,1432,549,189,135,1,-1,-1,-1
426,15,334,359,198,92,1,-1,-1,-1
426,16,316,296,179,89,1,-1,-1,-1
426,18,327,680,287,158,1,-1,-1,-1
426,76,302,196,142,78,1,-1,-1,-1
426,77,284,186,155,65,1,-1,-1,-1
426,78,285,173,136,65,1,-1,-1,-1
426,79,27,44,47,41,1,-1,-1,-1
426,83,1275,249,89,71,1,-1,-1,-1
426,84,1351,251,88,71,1,-1,-1,-1
426,85,1494,233,144,66,1,-1,-1,-1
426,87,1599,173,83,57,1,-1,-1,-1
427,4,1427,534,189,135,1,-1,-1,-1
427,15,304,359,198,92,1,-1,-1,-1
427,16,283,300,179,89,1,-1,-1,-1
427,18,245,697,298,158,1,-1,-1,-1
427,76,265,199,142,78,1,-1,-1,-1
427,77,248,188,154,65,1,-1,-1,-1
427,78,249,175,136,65,1,-1,-1,-1
427,83,1242,247,89,71,1,-1,-1,-1
427,84,1319,249,88,71,1,-1,-1,-1
427,85,1463,230,138,65,1,-1,-1,-1
427,87,1563,172,83,57,1,-1,-1,-1
428,4,1422,520,189,135,1,-1,-1,-1
428,15,267,362,204,92,1,-1,-1,-1
428,16,250,305,179,89,1,-1,-1,-1
428,18,164,714,309,159,1,-1,-1,-1
428,76,229,202,142,78,1,-1,-1,-1
428,77,213,190,153,65,1,-1,-1,-1
428,78,213,178,136,65,1,-1,-1,-1
428,83,1209,245,89,71,1,-1,-1,-1
428,84,1287,247,88,71,1,-1,-1,-1
428,85,1432,227,132,65,1,-1,-1,-1
428,87,1528,168,83,57,1,-1,-1,-1
429,4,1422,507,177,127,1,-1,-1,-1
429,15,231,365,210,93,1,-1,-1,-1
429,16,217,310,179,90,1,-1,-1,-1
429,18,82,732,317,159,1,-1,-1,-1
429,76,193,206,142,78,1,-1,-1,-1
429,77,177,193,152,65,1,-1,-1,-1
429,78,178,180,135,65,1,-1,-1,-1
429,83,1177,243,89,71,1,-1,-1,-1
429,84,1255,245,88,71,1,-1,-1,-1
429,85,1401,224,126,64,1,-1,-1,-1
429,87,1494,164,83,58,1,-1,-1,-1
430,4,1422,494,165,119,1,-1,-1,-1
430,15,195,368,215,93,1,-1,-1,-1
430,16,184,316,180,90,1,-1,-1,-1
430,18,1,751,324,159,1,-1,-1,-1
430,76,157,209,142,78,1,-1,-1,-1
430,77,142,195,151,65,1,-1,-1,-1
430,78,142,183,135,65,1,-1,-1,-1
430,83,1147,240,89,71,1,-1,-1,-1
430,84,1225,242,88,71,1,-1,-1,-1
430,85,1371,221,119,64,1,-1,-1,-1
430,87,1457,160,83,59,1,-1,-1,-1
431,4,1410,483,165,119,1,-1,-1,-1
431,15,159,372,221,93,1,-1,-1,-1
431,16,149,319,180,90,1,-1,-1,-1
431,18,0,772,254,159,1,-1,-1,-1
431,76,120,212,142,78,1,-1,-1,-1
431,77,106,197,151,65,1,-1,-1,-1
431,78,106,185,135,65,1,-1,-1,-1
431,83,1118,237,89,71,1,-1,-1,-1
431,84,1195,239,88,71,1,-1,-1,-1
431,85,1339,218,119,64,1,-1,-1,-1
431,87,1420,157,83,59,1,-1,-1,-1
432,4,1398,473,165,119,1,-1,-1,-1
432,15,123,378,221,93,1,-1,-1,-1
432,16,114,322,180,90,1,-1,-1,-1
432,24,1773,338,124,91,1,-1,-1,-1
432,25,1731,195,106,63,1,-1,-1,-1
432,76,84,216,142,78,1,-1,-1,-1
432,77,71,200,149,65,1,-1,-1,-1
432,78,71,188,134,65,1,-1,-1,-1
432,83,1089,234,89,71,1,-1,-1,-1
432,84,1165,237,88,71,1,-1,-1,-1
432,85,1308,216,119,64,1,-1,-1,-1
432,87,1389,152,83,59,1,-1,-1,-1
433,4,1384,464,165,119,1,-1,-1,-1
433,15,87,384,221,93,1,-1,-1,-1
433,16,79,326,180,90,1,-1,-1,-1
433,24,1748,328,121,91,1,-1,-1,-1
433,25,1693,191,106,64,1,-1,-1,-1
433,26,1804,168,89,60,1,-1,-1,-1
433,76,48,219,142,78,1,-1,-1,-1
433,77,35,202,149,65,1,-1,-1,-1
433,78,35,190,134,65,1,-1,-1,-1
433,83,1058,233,89,71,1,-1,-1,-1
433,84,1134,234,88,71,1,-1,-1,-1
433,85,1276,213,119,65,1,-1,-1,-1
433,87,1358,147,83,59,1,-1,-1,-1
434,4,1371,455,165,119,1,-1,-1,-1
434,15,51,390,221,93,1,-1,-1,-1
434,16,44,331,180,90,1,-1,-1,-1
434,22,1694,671,198,170,1,-1,-1,-1
434,24,1724,318,117,91,1,-1,-1,-1
434,25,1655,188,107,64,1,-1,-1,-1
434,26,1764,165,89,60,1,-1,-1,-1
434,76,12,223,142,78,1,-1,-1,-1
434,77,0,205,148,65,1,-1,-1,-1
434,78,0,193,133,65,1,-1,-1,-1
434,83,1028,233,89,71,1,-1,-1,-1
434,84,1103,232,88,71,1,-1,-1,-1
434,85,1245,211,119,65,1,-1,-1,-1
434,87,1327,143,83,59,1,-1,-1,-1
435,4,1361,440,160,119,1,-1,-1,-1
435,15,7,398,232,94,1,-1,-1,-1
435,16,0,342,195,89,1,-1,-1,-1
435,22,1661,662,199,171,1,-1,-1,-1
435,24,1699,308,114,91,1,-1,-1,-1
435,25,1617,185,107,64,1,-1,-1,-1
435,26,1724,162,90,60,1,-1,-1,-1
435,76,0,218,111,78,1,-1,-1,-1
435,77,0,211,107,65,1,-1,-1,-1
435,78,0,193,88,65,1,-1,-1,-1
435,83,998,233,89,71,1,-1,-1,-1
435,84,1072,230,89,71,1,-1,-1,-1
435,85,1213,209,119,65,1,-1,-1,-1
435,87,1295,141,83,59,1,-1,-1,-1
436,4,1351,425,156,119,1,-1,-1,-1
436,15,0,397,212,93,1,-1,-1,-1
436,16,0,346,153,90,1,-1,-1,-1
436,22,1629,654,199,171,1,-1,-1,-1
436,24,1675,299,111,90,1,-1,-1,-1
436,25,1580,182,107,65,1,-1,-1,-1
436,26,1685,160,89,60,1,-1,-1,-1
436,76,0,225,77,78,1,-1,-1,-1
436,77,0,215,75,65,1,-1,-1,-1
436,83,967,232,89,71,1,-1,-1,-1
436,84,1041,228,89,71,1,-1,-1,-1
436,85,1181,207,119,65,1,-1,-1,-1
436,87,1264,139,83,59,1,-1,-1,-1
437,4,1333,416,156,119,1,-1,-1,-1
437,15,0,397,170,93,1,-1,-1,-1
437,16,0,341,113,90,1,-1,-1,-1
437,22,1597,646,199,171,1,-1,-1,-1
437,24,1650,290,111,90,1,-1,-1,-1
437,25,1544,178,107,65,1,-1,-1,-1
437,26,1645,157,90,60,1,-1,-1,-1
437,83,937,231,89,71,1,-1,-1,-1
437,84,1011,227,89,71,1,-1,-1,-1
437,85,1149,206,119,65,1,-1,-1,-1
437,87,1233,138,83,59,1,-1,-1,-1
438,4,1324,405,143,113,1,-1,-1,-1
438,22,1565,638,200,171,1,-1,-1,-1
438,23,1698,511,159,153,1,-1,-1,-1
438,24,1626,281,111,90,1,-1,-1,-1
438,25,1509,174,106,65,1,-1,-1,-1
438,26,1606,155,90,60,1,-1,-1,-1
438,27,1689,135,85,53,1,-1,-1,-1
438,28,1822,81,70,58,1,-1,-1,-1
438,83,906,230,89,71,1,-1,-1,-1
438,84,980,226,89,71,1,-1,-1,-1
438,85,1117,203,119,65,1,-1,-1,-1
438,87,1202,136,83,59,1,-1,-1,-1
439,4,1315,395,131,107,1,-1,-1,-1
439,22,1535,632,200,171,1,-1,-1,-1
439,23,1664,505,159,153,1,-1,-1,-1
439,24,1601,272,111,90,1,-1,-1,-1
439,25,1473,170,107,65,1,-1,-1,-1
439,26,1573,149,90,60,1,-1,-1,-1
439,27,1651,130,85,54,1,-1,-1,-1
439,28,1782,79,70,59,1,-1,-1,-1
439,83,876,229,89,71,1,-1,-1,-1
439,84,950,225,89,71,1,-1,-1,-1
439,85,1085,200,119,65,1,-1,-1,-1
439,87,1171,134,83,59,1,-1,-1,-1
440,4,1298,386,131,107,1,-1,-1,-1
440,22,1505,626,200,171,1,-1,-1,-1
440,23,1630,499,159,154,1,-1,-1,-1
440,24,1577,263,111,90,1,-1,-1,-1
440,25,1438,166,106,65,1,-1,-1,-1
440,26,1540,143,90,60,1,-1,-1,-1
440,27,1614,125,85,55,1,-1,-1,-1
440,28,1742,77,70,60,1,-1,-1,-1
440,83,847,228,89,71,1,-1,-1,-1
440,84,919,225,89,71,1,-1,-1,-1
440,85,1054,198,119,65,1,-1,-1,-1
440,87,1141,133,83,59,1,-1,-1,-1
440,88,1792,149,78,76,1,-1,-1,-1
440,89,1810,70,53,41,1,-1,-1,-1
441,4,1282,378,131,107,1,-1,-1,-1
441,22,1475,620,200,171,1,-1,-1,-1
441,23,1596,493,159,154,1,-1,-1,-1
441,24,1553,254,111,90,1,-1,-1,-1
441,25,1403,163,106,65,1,-1,-1,-1
441,26,1507,138,90,60,1,-1,-1,-1
441,27,1577,121,85,55,1,-1,-1,-1
441,28,1702,76,70,60,1,-1,-1,-1
441,83,819,227,89,71,1,-1,-1,-1
441,84,889,225,89,71,1,-1,-1,-1
441,85,1023,197,119,65,1,-1,-1,-1
441,87,1109,132,83,59,1,-1,-1,-1
441,88,1757,142,78,76,1,-1,-1,-1
441,89,1768,69,53,41,1,-1,-1,-1
441,90,1807,55,47,41,1,-1,-1,-1
441,91,1841,47,40,36,1,-1,-1,-1
442,4,1271,367,131,107,1,-1,-1,-1
442,22,1446,614,200,171,1,-1,-1,-1
442,23,1562,488,159,154,1,-1,-1,-1
442,24,1528,248,107,88,1,-1,-1,-1
442,25,1374,160,103,65,1,-1,-1,-1
442,26,1476,135,87,60,1,-1,-1,-1
442,27,1544,118,83,55,1,-1,-1,-1
442,28,1667,76,65,51,1,-1,-1,-1
442,83,791,226,89,71,1,-1,-1,-1
442,84,859,225,89,71,1,-1,-1,-1
442,85,993,197,119,65,1,-1,-1,-1
442,87,1077,131,83,59,1,-1,-1,-1
442,88,1722,136,78,76,1,-1,-1,-1
442,89,1734,65,53,41,1,-1,-1,-1
442,90,1769,51,47,41,1,-1,-1,-1
442,91,1806,43,40,36,1,-1,-1,-1
442,92,1818,29,41,41,1,-1,-1,-1
442,93,1845,28,46,33,1,-1,-1,-1
443,4,1261,357,131,107,1,-1,-1,-1
443,22,1416,608,200,171,1,-1,-1,-1
443,23,1528,482,159,154,1,-1,-1,-1
443,24,1503,242,103,86,1,-1,-1,-1
443,25,1345,158,100,65,1,-1,-1,-1
443,26,1446,133,84,60,1,-1,-1,-1
443,27,1512,115,81,55,1,-1,-1,-1
443,28,1633,76,59,43,1,-1,-1,-1
443,83,763,225,89,71,1,-1,-1,-1
443,84,829,225,89,71,1,-1,-1,-1
443,85,962,196,119,65,1,-1,-1,-1
443,87,1045,130,83,59,1,-1,-1,-1
443,88,1687,130,78,76,1,-1,-1,-1
443,89,1700,62,53,41,1,-1,-1,-1
443,90,1732,47,47,41,1,-1,-1,-1
443,91,1763,43,40,36,1,-1,-1,-1
443,92,1779,29,41,41,1,-1,-1,-1
443,93,1806,24,46,33,1,-1,-1,-1
444,4,1240,348,131,107,1,-1,-1,-1
444,22,1386,602,200,171,1,-1,-1,-1
444,23,1494,476,159,155,1,-1,-1,-1
444,24,1478,237,100,83,1,-1,-1,-1
444,25,1316,155,97,66,1,-1,-1,-1
444,26,1416,131,81,60,1,-1,-1,-1
444,27,1480,112,79,55,1,-1,-1,-1
444,28,1599,76,53,35,1,-1,-1,-1
444,83,732,225,89,71,1,-1,-1,-1
444,84,801,224,89,71,1,-1,-1,-1
444,85,932,196,119,65,1,-1,-1,-1
444,87,1014,129,83,59,1,-1,-1,-1
444,88,1655,126,78,76,1,-1,-1,-1
444,89,1667,59,53,41,1,-1,-1,-1
444,90,1694,44,47,41,1,-1,-1,-1
444,91,1720,43,41,36,1,-1,-1,-1
444,92,1740,29,41,41,1,-1,-1,-1
444,93,1767,20,46,33,1,-1,-1,-1
445,4,1219,339,131,107,1,-1,-1,-1
445,22,1357,596,200,171,1,-1,-1,-1
445,23,1460,471,160,155,1,-1,-1,-1
445,24,1453,231,96,82,1,-1,-1,-1
445,25,1287,153,94,65,1,-1,-1,-1
445,26,1385,128,79,60,1,-1,-1,-1
445,27,1447,110,78,55,1,-1,-1,-1
445,28,1567,71,55,40,1,-1,-1,-1
445,83,702,226,89,71,1,-1,-1,-1
445,84,774,223,89,71,1,-1,-1,-1
445,85,905,194,117,65,1,-1,-1,-1
445,87,984,128,83,59,1,-1,-1,-1
445,88,1624,123,77,76,1,-1,-1,-1
445,89,1627,57,53,41,1,-1,-1,-1
445,90,1657,40,47,41,1,-1,-1,-1
445,91,1684,40,41,36,1,-1,-1,-1
445,92,1702,29,41,41,1,-1,-1,-1
445,93,1729,16,46,33,1,-1,-1,-1
446,4,1205,330,125,103,1,-1,-1,-1
446,22,1334,593,191,165,1,-1,-1,-1
446,23,1438,468,154,150,1,-1,-1,-1
446,24,1428,226,93,79,1,-1,-1,-1
446,25,1258,150,91,66,1,-1,-1,-1
446,26,1355,126,76,60,1,-1,-1,-1
446,27,1415,107,76,55,1,-1,-1,-1
446,28,1535,67,57,44,1,-1,-1,-1
446,29,1634,75,62,49,1,-1,-1,-1
446,31,1683,293,98,80,1,-1,-1,-1
446,32,1766,228,78,77,1,-1,-1,-1
446,33,1803,193,70,56,1,-1,-1,-1
446,83,671,226,89,71,1,-1,-1,-1
446,84,747,222,89,71,1,-1,-1,-1
446,85,878,193,116,65,1,-1,-1,-1
446,87,954,127,83,59,1,-1,-1,-1
446,88,1593,120,77,76,1,-1,-1,-1
446,89,1588,55,53,41,1,-1,-1,-1
446,90,1620,37,47,41,1,-1,-1,-1
446,91,1648,37,41,36,1,-1,-1,-1
446,92,1667,25,41,41,1,-1,-1,-1
446,93,1693,15,46,33,1,-1,-1,-1
447,4,1192,321,119,99,1,-1,-1,-1
447,22,1312,590,181,159,1,-1,-1,-1
447,23,1417,465,147,145,1,-1,-1,-1
447,24,1403,220,89,77,1,-1,-1,-1
447,25,1229,148,88,66,1,-1,-1,-1
447,26,1325,124,73,60,1,-1,-1,-1
447,27,1383,104,74,55,1,-1,-1,-1
447,28,1503,62,59,49,1,-1,-1,-1
447,29,1600,74,62,49,1,-1,-1,-1
447,31,1654,289,98,80,1,-1,-1,-1
447,32,1735,224,78,77,1,-1,-1,-1
447,33,1771,189,70,56,1,-1,-1,-1
447,83,641,227,89,71,1,-1,-1,-1
447,84,720,222,89,71,1,-1,-1,-1
447,85,851,192,115,64,1,-1,-1,-1
447,87,926,126,83,59,1,-1,-1,-1
447,88,1568,116,71,75,1,-1,-1,-1
447,89,1555,52,53,41,1,-1,-1,-1
447,90,1586,36,47,41,1,-1,-1,-1
447,91,1613,35,41,36,1,-1,-1,-1
447,92,1633,21,41,41,1,-1,-1,-1
447,93,1658,15,46,33,1,-1,-1,-1
448,4,1179,312,113,95,1,-1,-1,-1
448,22,1289,587,173,153,1,-1,-1,-1
448,23,1396,462,140,141,1,-1,-1,-1
448,24,1378,215,86,75,1,-1,-1,-1
448,25,1201,146,84,66,1,-1,-1,-1
448,26,1295,122,70,60,1,-1,-1,-1
448,27,1351,102,72,55,1,-1,-1,-1
448,28,1472,58,60,54,1,-1,-1,-1
448,29,1566,73,62,49,1,-1,-1,-1
448,31,1626,286,98,80,1,-1,-1,-1
448,32,1704,221,79,77,1,-1,-1,-1
448,33,1739,185,70,56,1,-1,-1,-1
448,83,614,227,89,71,1,-1,-1,-1
448,84,691,222,89,71,1,-1,-1,-1
448,85,825,191,113,64,1,-1,-1,-1
448,87,899,125,83,59,1,-1,-1,-1
448,88,1543,112,66,75,1,-1,-1,-1
448,89,1523,50,53,41,1,-1,-1,-1
448,90,1553,36,47,41,1,-1,-1,-1
448,91,1581,32,41,36,1,-1,-1,-1
448,92,1599,17,41,41,1,-1,-1,-1
448,93,1623,15,46,33,1,-1,-1,-1
449,4,1161,306,113,95,1,-1,-1,-1
449,22,1267,584,163,147,1,-1,-1,-1
449,23,1375,459,133,136,1,-1,-1,-1
449,24,1358,209,86,75,1,-1,-1,-1
449,25,1177,144,84,66,1,-1,-1,-1
449,26,1269,121,70,60,1,-1,-1,-1
449,27,1325,101,72,55,1,-1,-1,-1
449,28,1444,56,60,54,1,-1,-1,-1
449,29,1532,72,62,49,1,-1,-1,-1
449,31,1597,283,99,80,1,-1,-1,-1
449,32,1674,218,78,77,1,-1,-1,-1
449,33,1708,181,70,56,1,-1,-1,-1
449,83,590,229,89,71,1,-1,-1,-1
449,84,666,222,89,71,1,-1,-1,-1
449,85,800,190,113,64,1,-1,-1,-1
449,87,874,124,83,59,1,-1,-1,-1
449,88,1518,107,62,63,1,-1,-1,-1
449,89,1491,48,53,41,1,-1,-1,-1
449,90,1519,35,47,41,1,-1,-1,-1
449,91,1549,30,41,36,1,-1,-1,-1
449,92,1568,17,41,41,1,-1,-1,-1
449,93,1590,12,47,33,1,-1,-1,-1
450,4,1144,300,113,95,1,-1,-1,-1
450,22,1245,582,154,141,1,-1,-1,-1
450,23,1354,457,126,131,1,-1,-1,-1
450,24,1339,204,86,75,1,-1,-1,-1
450,25,1153,143,84,66,1,-1,-1,-1
450,26,1243,120,70,60,1,-1,-1,-1
450,27,1300,100,72,55,1,-1,-1,-1
450,28,1417,54,60,54,1,-1,-1,-1
450,29,1498,71,62,49,1,-1,-1,-1
450,31,1569,279,98,81,1,-1,-1,-1
450,32,1643,215,79,77,1,-1,-1,-1
450,33,1676,177,70,56,1,-1,-1,-1
450,83,563,229,89,71,1,-1,-1,-1
450,84,642,222,89,71,1,-1,-1,-1
450,85,776,190,113,64,1,-1,-1,-1
450,87,850,123,83,59,1,-1,-1,-1
450,88,1494,102,57,52,1,-1,-1,-1
450,89,1464,47,50,40,1,-1,-1,-1
450,90,1486,35,47,41,1,-1,-1,-1
450,91,1517,28,41,36,1,-1,-1,-1
450,92,1538,17,41,41,1,-1,-1,-1
450,93,1558,9,47,33,1,-1,-1,-1
451,4,1133,294,114,95,1,-1,-1,-1
451,22,1225,579,152,141,1,-1,-1,-1
451,23,1331,454,125,130,1,-1,-1,-1
451,24,1319,198,86,75,1,-1,-1,-1
451,25,1129,141,84,66,1,-1,-1,-1
451,26,1217,119,70,60,1,-1,-1,-1
451,27,1274,99,72,55,1,-1,-1,-1
451,28,1390,52,60,54,1,-1,-1,-1
451,29,1464,70,62,49,1,-1,-1,-1
451,31,1540,276,99,81,1,-1,-1,-1
451,32,1612,212,79,77,1,-1,-1,-1
451,33,1644,173,70,56,1,-1,-1,-1
451,83,539,230,89,71,1,-1,-1,-1
451,84,617,222,89,71,1,-1,-1,-1
451,85,751,190,113,64,1,-1,-1,-1
451,87,826,122,83,59,1,-1,-1,-1
451,88,1469,99,58,52,1,-1,-1,-1
451,89,1437,46,47,39,1,-1,-1,-1
451,90,1460,33,47,41,1,-1,-1,-1
451,91,1492,26,41,36,1,-1,-1,-1
451,92,1508,17,41,41,1,-1,-1,-1
451,93,1530,7,47,33,1,-1,-1,-1
452,4,1123,288,114,95,1,-1,-1,-1
452,22,1205,576,150,142,1,-1,-1,-1
452,23,1308,451,125,129,1,-1,-1,-1
452,24,1300,193,86,75,1,-1,-1,-1
452,25,1105,140,84,66,1,-1,-1,-1
452,26,1192,118,70,60,1,-1,-1,-1
452,27,1249,98,72,55,1,-1,-1,-1
452,28,1363,50,60,54,1,-1,-1,-1
452,29,1430,70,62,49,1,-1,-1,-1
452,31,1512,273,99,81,1,-1,-1,-1
452,32,1582,209,79,77,1,-1,-1,-1
452,33,1613,169,70,56,1,-1,-1,-1
452,34,1649,284,98,81,1,-1,-1,-1
452,35,1708,331,175,72,1,-1,-1,-1
452,36,1693,378,188,73,1,-1,-1,-1
452,37,1657,438,214,90,1,-1,-1,-1
452,38,1631,575,161,138,1,-1,-1,-1
452,39,1601,695,301,216,1,-1,-1,-1
452,40,1476,876,388,190,1,-1,-1,-1
452,83,515,232,89,71,1,-1,-1,-1
452,84,593,223,89,71,1,-1,-1,-1
452,85,727,190,113,64,1,-1,-1,-1
452,87,799,122,83,59,1,-1,-1,-1
452,88,1445,96,58,52,1,-1,-1,-1
452,89,1411,45,43,39,1,-1,-1,-1
452,90,1434,31,47,41,1,-1,-1,-1
452,91,1468,25,41,35,1,-1,-1,-1
452,92,1481,15,41,41,1,-1,-1,-1
452,93,1502,5,47,33,1,-1,-1,-1
453,4,1110,282,105,88,1,-1,-1,-1
453,22,1185,574,149,142,1,-1,-1,-1
453,23,1286,448,124,129,1,-1,-1,-1
453,24,1280,187,86,76,1,-1,-1,-1
453,25,1081,138,84,66,1,-1,-1,-1
453,26,1166,117,70,60,1,-1,-1,-1
453,27,1223,97,72,55,1,-1,-1,-1
453,28,1336,48,60,54,1,-1,-1,-1
453,29,1401,70,62,49,1,-1,-1,-1
453,31,1486,269,99,81,1,-1,-1,-1
453,32,1555,206,79,77,1,-1,-1,-1
453,33,1585,166,70,56,1,-1,-1,-1
453,34,1621,280,98,81,1,-1,-1,-1
453,35,1679,329,175,72,1,-1,-1,-1
453,36,1664,374,189,73,1,-1,-1,-1
453,37,1631,433,214,90,1,-1,-1,-1
453,38,1605,568,161,138,1,-1,-1,-1
453,39,1577,689,306,216,1,-1,-1,-1
453,40,1455,866,389,198,1,-1,-1,-1
453,83,491,233,89,71,1,-1,-1,-1
453,84,568,224,89,71,1,-1,-1,-1
453,85,703,190,113,65,1,-1,-1,-1
453,87,772,123,83,59,1,-1,-1,-1
453,88,1421,94,58,52,1,-1,-1,-1
453,89,1385,43,43,39,1,-1,-1,-1
453,90,1408,29,47,41,1,-1,-1,-1
453,91,1444,24,41,35,1,-1,-1,-1
453,92,1454,13,41,41,1,-1,-1,-1
453,93,1475,4,47,33,1,-1,-1,-1
454,4,1098,277,95,81,1,-1,-1,-1
454,22,1163,572,148,140,1,-1,-1,-1
454,23,1263,445,124,130,1,-1,-1,-1
454,24,1261,182,86,75,1,-1,-1,-1
454,25,1057,137,84,66,1,-1,-1,-1
454,26,1140,116,70,60,1,-1,-1,-1
454,27,1198,96,72,55,1,-1,-1,-1
454,28,1309,46,60,54,1,-1,-1,-1
454,29,1372,71,62,49,1,-1,-1,-1
454,31,1461,266,99,81,1,-1,-1,-1
454,32,1528,204,79,77,1,-1,-1,-1
454,33,1557,164,70,56,1,-1,-1,-1
454,34,1593,276,98,81,1,-1,-1,-1
454,35,1651,328,174,71,1,-1,-1,-1
454,36,1636,370,189,74,1,-1,-1,-1
454,37,1605,429,214,90,1,-1,-1,-1
454,38,1579,561,161,138,1,-1,-1,-1
454,39,1553,684,311,215,1,-1,-1,-1
454,40,1435,856,389,207,1,-1,-1,-1
454,83,467,235,89,71,1,-1,-1,-1
454,84,544,225,89,71,1,-1,-1,-1
454,85,679,191,113,65,1,-1,-1,-1
454,87,748,123,83,59,1,-1,-1,-1
454,88,1398,90,59,52,1,-1,-1,-1
454,89,1360,41,42,39,1,-1,-1,-1
454,90,1383,28,47,41,1,-1,-1,-1
454,91,1415,22,41,35,1,-1,-1,-1
454,92,1427,11,41,41,1,-1,-1,-1
454,93,1449,4,47,33,1,-1,-1,-1
455,4,1084,269,95,81,1,-1,-1,-1
455,22,1142,570,147,139,1,-1,-1,-1
455,23,1240,443,124,131,1,-1,-1,-1
455,24,1241,176,86,76,1,-1,-1,-1
455,25,1033,135,84,66,1,-1,-1,-1
455,26,1114,115,70,60,1,-1,-1,-1
455,27,1172,95,72,55,1,-1,-1,-1
455,28,1282,44,60,54,1,-1,-1,-1
455,29,1343,71,62,49,1,-1,-1,-1
455,31,1435,263,100,81,1,-1,-1,-1
455,32,1502,201,79,77,1,-1,-1,-1
455,33,1529,162,71,56,1,-1,-1,-1
455,34,1565,272,99,81,1,-1,-1,-1
455,35,1623,326,173,71,1,-1,-1,-1
455,36,1608,367,189,73,1,-1,-1,-1
455,37,1580,424,214,91,1,-1,-1,-1
455,38,1553,554,161,138,1,-1,-1,-1
455,39,1529,678,316,216,1,-1,-1,-1
455,40,1415,847,389,215,1,-1,-1,-1
455,42,1807,381,77,97,1,-1,-1,-1
455,83,442,236,89,71,1,-1,-1,-1
455,84,518,227,89,71,1,-1,-1,-1
455,85,655,192,113,65,1,-1,-1,-1
455,87,724,123,83,59,1,-1,-1,-1
455,88,1376,86,59,52,1,-1,-1,-1
455,89,1335,40,41,39,1,-1,-1,-1
455,90,1355,26,47,41,1,-1,-1,-1
455,91,1386,20,41,35,1,-1,-1,-1
455,92,1399,8,41,41,1,-1,-1,-1
455,93,1421,2,47,34,1,-1,-1,-1
456,4,1071,262,95,81,1,-1,-1,-1
456,22,1121,569,146,136,1,-1,-1,-1
456,23,1218,441,124,131,1,-1,-1,-1
456,24,1222,171,86,76,1,-1,-1,-1
456,25,1010,134,84,66,1,-1,-1,-1
456,26,1089,115,70,60,1,-1,-1,-1
456,27,1147,94,72,55,1,-1,-1,-1
456,28,1255,43,60,54,1,-1,-1,-1
456,29,1314,72,62,49,1,-1,-1,-1
456,31,1410,259,100,81,1,-1,-1,-1
456,32,1475,199,79,77,1,-1,-1,-1
456,33,1502,160,70,56,1,-1,-1,-1
456,34,1537,268,99,81,1,-1,-1,-1
456,35,1595,325,173,71,1,-1,-1,-1
456,36,1579,363,190,74,1,-1,-1,-1
456,37,1554,420,214,90,1,-1,-1,-1
456,38,1527,547,161,138,1,-1,-1,-1
456,39,1505,673,321,215,1,-1,-1,-1
456,40,1394,837,390,223,1,-1,-1,-1
456,42,1779,375,77,97,1,-1,-1,-1
456,83,418,237,89,71,1,-1,-1,-1
456,84,492,229,89,71,1,-1,-1,-1
456,85,631,193,113,65,1,-1,-1,-1
456,87,701,123,83,59,1,-1,-1,-1
456,88,1354,83,59,52,1,-1,-1,-1
456,89,1309,38,41,39,1,-1,-1,-1
456,90,1328,24,47,41,1,-1,-1,-1
456,91,1358,18,41,35,1,-1,-1,-1
456,92,1371,6,41,41,1,-1,-1,-1
456,93,1394,1,47,35,1,-1,-1,-1
457,4,1057,257,95,81,1,-1,-1,-1
457,22,1099,567,145,135,1,-1,-1,-1
457,23,1195,439,124,132,1,-1,-1,-1
457,24,1203,166,83,74,1,-1,-1,-1
457,25,985,134,84,66,1,-1,-1,-1
457,26,1065,114,70,60,1,-1,-1,-1
457,27,1123,92,72,55,1,-1,-1,-1
457,28,1230,42,59,53,1,-1,-1,-1
457,29,1285,72,62,49,1,-1,-1,-1
457,31,1384,256,101,81,1,-1,-1,-1
457,32,1449,196,79,77,1,-1,-1,-1
457,33,1474,158,71,56,1,-1,-1,-1
457,34,1509,264,100,81,1,-1,-1,-1
457,35,1568,319,174,71,1,-1,-1,-1
457,36,1551,360,190,73,1,-1,-1,-1
457,37,1529,415,214,91,1,-1,-1,-1
457,38,1501,540,161,138,1,-1,-1,-1
457,39,1481,667,326,215,1,-1,-1,-1
457,40,1374,827,390,232,1,-1,-1,-1
457,42,1752,370,77,97,1,-1,-1,-1
457,83,393,239,89,71,1,-1,-1,-1
457,84,466,231,89,71,1,-1,-1,-1
457,85,606,193,113,65,1,-1,-1,-1
457,87,678,123,83,59,1,-1,-1,-1
457,88,1330,80,59,52,1,-1,-1,-1
457,89,1283,36,41,39,1,-1,-1,-1
457,90,1300,22,47,41,1,-1,-1,-1
457,91,1331,16,41,35,1,-1,-1,-1
457,92,1345,4,41,41,1,-1,-1,-1
457,93,1366,0,47,31,1,-1,-1,-1
458,4,1043,253,96,81,1,-1,-1,-1
458,22,1078,565,144,133,1,-1,-1,-1
458,23,1173,436,124,133,1,-1,-1,-1
458,24,1184,162,81,72,1,-1,-1,-1
458,25,961,134,84,66,1,-1,-1,-1
458,26,1041,113,70,60,1,-1,-1,-1
458,27,1100,91,72,55,1,-1,-1,-1
458,28,1206,42,57,52,1,-1,-1,-1
458,29,1257,73,62,49,1,-1,-1,-1
458,31,1359,253,101,81,1,-1,-1,-1
458,32,1422,194,79,77,1,-1,-1,-1
458,33,1446,156,71,56,1,-1,-1,-1
458,34,1481,260,100,81,1,-1,-1,-1
458,35,1541,313,175,72,1,-1,-1,-1
458,36,1523,356,190,74,1,-1,-1,-1
458,37,1503,411,214,91,1,-1,-1,-1
458,38,1475,533,162,139,1,-1,-1,-1
458,39,1457,662,331,215,1,-1,-1,-1
458,40,1354,818,391,240,1,-1,-1,-1
458,42,1725,365,77,96,1,-1,-1,-1
458,83,369,240,89,71,1,-1,-1,-1
458,84,440,233,89,71,1,-1,-1,-1
458,85,582,193,113,65,1,-1,-1,-1
458,87,655,123,83,59,1,-1,-1,-1
458,88,1306,77,59,52,1,-1,-1,-1
458,89,1258,34,41,39,1,-1,-1,-1
458,90,1273,20,47,41,1,-1,-1,-1
458,91,1304,14,41,35,1,-1,-1,-1
458,92,1319,3,41,41,1,-1,-1,-1
458,93,1338,0,47,29,1,-1,-1,-1
459,4,1027,247,96,81,1,-1,-1,-1
459,22,1057,564,143,131,1,-1,-1,-1
459,23,1150,434,124,134,1,-1,-1,-1
459,24,1166,158,78,69,1,-1,-1,-1
459,25,936,134,84,66,1,-1,-1,-1
459,26,1018,112,70,60,1,-1,-1,-1
459,27,1077,89,72,55,1,-1,-1,-1
459,28,1181,41,56,52,1,-1,-1,-1
459,29,1227,73,62,49,1,-1,-1,-1
459,31,1334,250,101,81,1,-1,-1,-1
459,32,1396,192,79,77,1,-1,-1,-1
459,33,1419,154,71,56,1,-1,-1,-1
459,34,1454,256,100,82,1,-1,-1,-1
459,35,1514,308,176,72,1,-1,-1,-1
459,36,1495,353,190,74,1,-1,-1,-1
459,37,1478,407,214,91,1,-1,-1,-1
459,38,1454,530,158,136,1,-1,-1,-1
459,39,1437,657,324,212,1,-1,-1,-1
459,40,1335,818,387,233,1,-1,-1,-1
459,42,1698,360,77,96,1,-1,-1,-1
459,83,345,242,89,71,1,-1,-1,-1
459,84,414,235,89,71,1,-1,-1,-1
459,85,557,193,113,65,1,-1,-1,-1
459,87,633,124,83,59,1,-1,-1,-1
459,88,1283,75,59,52,1,-1,-1,-1
459,89,1232,32,41,39,1,-1,-1,-1
459,90,1248,19,47,41,1,-1,-1,-1
459,91,1278,13,41,35,1,-1,-1,-1
459,92,1295,3,41,41,1,-1,-1,-1
459,93,1310,0,47,28,1,-1,-1,-1
460,4,1012,241,96,81,1,-1,-1,-1
460,22,1031,561,149,134,1,-1,-1,-1
460,23,1128,432,124,134,1,-1,-1,-1
460,24,1147,153,76,68,1,-1,-1,-1
460,25,912,135,84,66,1,-1,-1,-1
460,26,994,112,70,60,1,-1,-1,-1
460,27,1053,88,72,55,1,-1,-1,-1
460,28,1157,41,54,51,1,-1,-1,-1
460,29,1198,73,62,49,1,-1,-1,-1
460,31,1310,247,101,81,1,-1,-1,-1
460,32,1372,190,79,77,1,-1,-1,-1
460,33,1397,152,71,56,1,-1,-1,-1
460,34,1429,254,100,82,1,-1,-1,-1
460,35,1490,305,173,70,1,-1,-1,-1
460,36,1472,350,187,74,1,-1,-1,-1
460,37,1456,404,208,90,1,-1,-1,-1
460,38,1433,527,155,134,1,-1,-1,-1
460,39,1417,653,318,208,1,-1,-1,-1
460,40,1316,818,383,226,1,-1,-1,-1
460,42,1671,355,77,96,1,-1,-1,-1
460,83,317,243,89,71,1,-1,-1,-1
460,84,387,236,91,71,1,-1,-1,-1
460,85,533,193,113,65,1,-1,-1,-1
460,87,609,125,83,59,1,-1,-1,-1
460,88,1260,72,59,52,1,-1,-1,-1
460,89,1206,31,41,39,1,-1,-1,-1
460,90,1223,18,47,41,1,-1,-1,-1
460,91,1251,11,41,35,1,-1,-1,-1
460,92,1271,3,41,41,1,-1,-1,-1
460,93,1288,0,47,26,1,-1,-1,-1
461,4,994,236,96,81,1,-1,-1,-1
461,22,1005,558,155,137,1,-1,-1,-1
461,23,1105,430,124,135,1,-1,-1,-1
461,24,1129,149,73,65,1,-1,-1,-1
461,25,887,135,84,66,1,-1,-1,-1
461,26,971,111,70,60,1,-1,-1,-1
461,27,1030,86,72,55,1,-1,-1,-1
461,28,1132,40,53,51,1,-1,-1,-1
461,29,1169,74,62,49,1,-1,-1,-1
461,31,1287,245,101,81,1,-1,-1,-1
461,32,1348,188,79,77,1,-1,-1,-1
461,33,1375,151,71,56,1,-1,-1,-1
461,34,1404,252,101,82,1,-1,-1,-1
461,35,1466,303,171,68,1,-1,-1,-1
461,36,1450,348,183,74,1,-1,-1,-1
461,37,1434,401,202,90,1,-1,-1,-1
461,38,1412,524,152,132,1,-1,-1,-1
461,39,1397,649,312,204,1,-1,-1,-1
461,40,1298,818,378,219,1,-1,-1,-1
461,42,1645,351,77,96,1,-1,-1,-1
461,83,289,244,89,71,1,-1,-1,-1
461,84,361,237,93,71,1,-1,-1,-1
461,85,509,194,113,65,1,-1,-1,-1
461,87,585,127,83,59,1,-1,-1,-1
461,88,1238,70,59,52,1,-1,-1,-1
461,89,1180,30,41,39,1,-1,-1,-1
461,90,1198,17,47,41,1,-1,-1,-1
461,91,1224,10,41,35,1,-1,-1,-1
461,92,1242,1,41,41,1,-1,-1,-1
461,93,1266,0,47,25,1,-1,-1,-1
462,4,976,231,96,81,1,-1,-1,-1
462,22,979,555,162,141,1,-1,-1,-1
462,23,1083,428,124,136,1,-1,-1,-1
462,24,1110,145,71,63,1,-1,-1,-1
462,25,863,135,84,66,1,-1,-1,-1
462,26,947,110,70,60,1,-1,-1,-1
462,27,1007,85,72,55,1,-1,-1,-1
462,28,1108,40,51,50,1,-1,-1,-1
462,29,1139,74,62,49,1,-1,-1,-1
462,31,1264,243,101,81,1,-1,-1,-1
462,32,1325,187,79,77,1,-1,-1,-1
462,33,1353,149,71,56,1,-1,-1,-1
462,34,1380,251,100,82,1,-1,-1,-1
462,35,1443,301,168,66,1,-1,-1,-1
462,36,1428,345,179,74,1,-1,-1,-1
462,37,1413,398,196,90,1,-1,-1,-1
462,38,1391,521,149,130,1,-1,-1,-1
462,39,1377,645,305,201,1,-1,-1,-1
462,40,1279,819,374,212,1,-1,-1,-1
462,42,1619,348,77,96,1,-1,-1,-1
462,83,261,246,89,71,1,-1,-1,-1
462,84,335,239,94,70,1,-1,-1,-1
462,85,485,195,113,65,1,-1,-1,-1
462,87,562,129,83,59,1,-1,-1,-1
462,88,1216,68,59,52,1,-1,-1,-1
462,89,1154,29,41,39,1,-1,-1,-1
462,90,1174,17,47,41,1,-1,-1,-1
462,91,1198,9,41,35,1,-1,-1,-1
462,92,1215,0,41,30,1,-1,-1,-1
462,93,1239,0,47,23,1,-1,-1,-1
463,4,959,225,96,81,1,-1,-1,-1
463,22,970,557,152,136,1,-1,-1,-1
463,23,1063,426,119,135,1,-1,-1,-1
463,24,1092,141,68,61,1,-1,-1,-1
463,25,839,136,84,66,1,-1,-1,-1
463,26,924,110,70,60,1,-1,-1,-1
463,27,984,84,72,55,1,-1,-1,-1
463,28,1084,40,50,49,1,-1,-1,-1
463,29,1110,74,62,49,1,-1,-1,-1
463,31,1240,240,101,81,1,-1,-1,-1
463,32,1301,185,79,77,1,-1,-1,-1
463,33,1331,148,71,56,1,-1,-1,-1
463,34,1355,249,101,82,1,-1,-1,-1
463,35,1419,299,166,64,1,-1,-1,-1
463,36,1406,343,175,74,1,-1,-1,-1
463,37,1391,395,190,90,1,-1,-1,-1
463,38,1370,518,146,128,1,-1,-1,-1
463,39,1357,641,299,197,1,-1,-1,-1
463,40,1261,819,369,205,1,-1,-1,-1
463,42,1593,344,77,96,1,-1,-1,-1
463,83,233,247,91,71,1,-1,-1,-1
463,84,308,240,97,71,1,-1,-1,-1
463,85,461,197,113,65,1,-1,-1,-1
463,87,535,129,83,59,1,-1,-1,-1
463,88,1194,66,59,52,1,-1,-1,-1
463,89,1129,29,41,39,1,-1,-1,-1
463,90,1151,16,47,41,1,-1,-1,-1
463,91,1174,9,41,35,1,-1,-1,-1
463,92,1191,0,41,28,1,-1,-1,-1
463,93,1213,0,47,22,1,-1,-1,-1
464,4,943,219,96,81,1,-1,-1,-1
464,22,962,559,142,131,1,-1,-1,-1
464,23,1044,424,114,135,1,-1,-1,-1
464,24,1071,140,66,60,1,-1,-1,-1
464,25,812,131,84,66,1,-1,-1,-1
464,26,895,104,70,60,1,-1,-1,-1
464,27,950,83,71,54,1,-1,-1,-1
464,28,1061,39,51,49,1,-1,-1,-1
464,29,1081,75,62,49,1,-1,-1,-1
464,31,1217,238,101,81,1,-1,-1,-1
464,32,1277,183,79,77,1,-1,-1,-1
464,33,1309,146,71,56,1,-1,-1,-1
464,34,1330,247,101,82,1,-1,-1,-1
464,35,1395,297,164,62,1,-1,-1,-1
464,36,1384,340,171,74,1,-1,-1,-1
464,37,1369,392,184,90,1,-1,-1,-1
464,38,1350,516,142,125,1,-1,-1,-1
464,39,1337,637,293,193,1,-1,-1,-1
464,40,1242,819,365,198,1,-1,-1,-1
464,42,1568,341,76,96,1,-1,-1,-1
464,83,206,249,92,70,1,-1,-1,-1
464,84,282,242,98,70,1,-1,-1,-1
464,85,437,198,113,65,1,-1,-1,-1
464,87,508,129,83,59,1,-1,-1,-1
464,88,1173,63,59,52,1,-1,-1,-1
464,89,1104,29,41,39,1,-1,-1,-1
464,90,1128,16,47,41,1,-1,-1,-1
464,91,1151,9,41,35,1,-1,-1,-1
464,92,1166,0,41,23,1,-1,-1,-1
464,93,1186,0,47,21,1,-1,-1,-1
465,4,930,215,90,81,1,-1,-1,-1
465,22,943,557,145,133,1,-1,-1,-1
465,23,1025,422,116,136,1,-1,-1,-1
465,24,1050,140,64,59,1,-1,-1,-1
465,25,793,131,84,66,1,-1,-1,-1
465,26,875,103,70,60,1,-1,-1,-1
465,27,932,83,69,54,1,-1,-1,-1
465,28,1039,38,51,49,1,-1,-1,-1
465,29,1057,76,62,49,1,-1,-1,-1
465,31,1194,236,101,81,1,-1,-1,-1
465,32,1254,182,79,77,1,-1,-1,-1
465,33,1287,145,71,56,1,-1,-1,-1
465,34,1306,246,101,82,1,-1,-1,-1
465,35,1372,295,161,60,1,-1,-1,-1
465,36,1362,338,168,74,1,-1,-1,-1
465,37,1348,389,178,90,1,-1,-1,-1
465,38,1320,510,152,132,1,-1,-1,-1
465,39,1317,633,287,190,1,-1,-1,-1
465,40,1224,820,360,191,1,-1,-1,-1
465,42,1546,338,76,96,1,-1,-1,-1
465,83,179,250,93,70,1,-1,-1,-1
465,84,256,243,100,70,1,-1,-1,-1
465,85,413,200,113,65,1,-1,-1,-1
465,87,482,130,83,59,1,-1,-1,-1
465,88,1153,60,59,52,1,-1,-1,-1
465,89,1084,28,41,39,1,-1,-1,-1
465,90,1105,15,47,41,1,-1,-1,-1
465,91,1128,9,41,35,1,-1,-1,-1
465,92,1136,0,41,22,1,-1,-1,-1
465,93,1160,0,47,21,1,-1,-1,-1
466,4,918,212,83,80,1,-1,-1,-1
466,22,925,556,148,134,1,-1,-1,-1
466,23,1006,421,118,136,1,-1,-1,-1
466,24,1035,136,62,58,1,-1,-1,-1
466,25,774,131,84,66,1,-1,-1,-1
466,26,856,103,70,60,1,-1,-1,-1
466,27,914,83,68,55,1,-1,-1,-1
466,28,1017,38,52,49,1,-1,-1,-1
466,29,1034,78,62,49,1,-1,-1,-1
466,31,1174,235,101,81,1,-1,-1,-1
466,32,1232,181,80,77,1,-1,-1,-1
466,33,1265,144,71,56,1,-1,-1,-1
466,34,1288,243,95,83,1,-1,-1,-1
466,35,1351,290,162,62,1,-1,-1,-1
466,36,1342,334,168,74,1,-1,-1,-1
466,37,1329,385,178,90,1,-1,-1,-1
466,38,1291,504,162,139,1,-1,-1,-1
466,39,1284,606,331,216,1,-1,-1,-1
466,40,1214,807,390,211,1,-1,-1,-1
466,41,1074,968,373,100,1,-1,-1,-1
466,42,1524,335,76,96,1,-1,-1,-1
466,83,152,252,95,70,1,-1,-1,-1
466,84,230,245,102,70,1,-1,-1,-1
466,85,392,201,113,65,1,-1,-1,-1
466,87,459,131,83,59,1,-1,-1,-1
466,88,1133,57,59,52,1,-1,-1,-1
466,89,1064,28,41,39,1,-1,-1,-1
466,90,1082,15,47,41,1,-1,-1,-1
466,91,1110,6,41,35,1,-1,-1,-1
466,92,1114,0,41,22,1,-1,-1,-1
466,93,1140,0,47,21,1,-1,-1,-1
467,4,906,207,83,80,1,-1,-1,-1
467,22,906,554,152,136,1,-1,-1,-1
467,23,987,420,120,136,1,-1,-1,-1
467,24,1020,132,61,57,1,-1,-1,-1
467,25,755,131,84,66,1,-1,-1,-1
467,26,836,102,70,61,1,-1,-1,-1
467,27,896,84,66,55,1,-1,-1,-1
467,28,995,37,52,49,1,-1,-1,-1
467,29,1010,80,62,49,1,-1,-1,-1
467,31,1155,235,101,81,1,-1,-1,-1
467,32,1211,180,80,77,1,-1,-1,-1
467,33,1243,142,71,56,1,-1,-1,-1
467,34,1270,241,90,83,1,-1,-1,-1
467,35,1331,286,162,64,1,-1,-1,-1
467,36,1323,331,168,74,1,-1,-1,-1
467,37,1310,382,178,90,1,-1,-1,-1
467,38,1277,501,158,138,1,-1,-1,-1
467,39,1269,604,298,213,1,-1,-1,-1
467,40,1196,803,347,208,1,-1,-1,-1
467,41,1063,967,372,101,1,-1,-1,-1
467,42,1502,332,76,96,1,-1,-1,-1
467,83,130,255,96,70,1,-1,-1,-1
467,84,208,247,103,70,1,-1,-1,-1
467,85,372,203,113,65,1,-1,-1,-1
467,87,437,133,83,59,1,-1,-1,-1
467,88,1113,53,59,52,1,-1,-1,-1
467,89,1044,28,41,39,1,-1,-1,-1
467,90,1059,15,47,41,1,-1,-1,-1
467,91,1092,4,41,35,1,-1,-1,-1
467,92,1096,0,41,21,1,-1,-1,-1
467,93,1120,0,47,21,1,-1,-1,-1
468,4,894,202,83,81,1,-1,-1,-1
468,22,888,553,155,137,1,-1,-1,-1
468,23,968,419,122,136,1,-1,-1,-1
468,24,1006,129,58,55,1,-1,-1,-1
468,25,736,131,84,66,1,-1,-1,-1
468,26,817,102,70,60,1,-1,-1,-1
468,27,878,84,65,55,1,-1,-1,-1
468,28,973,37,53,49,1,-1,-1,-1
468,29,987,82,62,49,1,-1,-1,-1
468,31,1135,235,101,81,1,-1,-1,-1
468,32,1190,180,80,77,1,-1,-1,-1
468,33,1221,141,71,56,1,-1,-1,-1
468,34,1252,239,93,82,1,-1,-1,-1
468,35,1310,282,163,65,1,-1,-1,-1
468,36,1303,327,169,75,1,-1,-1,-1
468,37,1291,378,179,90,1,-1,-1,-1
468,38,1263,499,155,136,1,-1,-1,-1
468,39,1254,603,296,211,1,-1,-1,-1
468,40,1180,800,347,207,1,-1,-1,-1
468,41,1052,966,372,102,1,-1,-1,-1
468,42,1480,329,76,96,1,-1,-1,-1
468,83,108,258,98,70,1,-1,-1,-1
468,84,186,249,104,70,1,-1,-1,-1
468,85,351,204,113,65,1,-1,-1,-1
468,87,415,135,83,59,1,-1,-1,-1
468,88,1094,49,59,52,1,-1,-1,-1
468,89,1022,27,41,39,1,-1,-1,-1
468,90,1041,13,47,41,1,-1,-1,-1
468,91,1074,2,41,35,1,-1,-1,-1
468,92,1077,0,41,19,1,-1,-1,-1
468,93,1101,0,47,22,1,-1,-1,-1
469,4,880,198,83,81,1,-1,-1,-1
469,22,869,551,159,139,1,-1,-1,-1
469,23,949,418,124,136,1,-1,-1,-1
469,24,991,125,57,54,1,-1,-1,-1
469,25,717,131,84,66,1,-1,-1,-1
469,26,797,101,70,61,1,-1,-1,-1
469,27,860,85,63,55,1,-1,-1,-1
469,28,956,37,52,49,1,-1,-1,-1
469,29,964,84,62,49,1,-1,-1,-1
469,31,1116,234,101,81,1,-1,-1,-1
469,32,1169,179,80,77,1,-1,-1,-1
469,33,1199,139,71,56,1,-1,-1,-1
469,34,1235,237,96,82,1,-1,-1,-1
469,35,1290,277,163,68,1,-1,-1,-1
469,36,1284,324,168,74,1,-1,-1,-1
469,37,1272,375,179,90,1,-1,-1,-1
469,38,1249,497,152,134,1,-1,-1,-1
469,39,1240,602,294,209,1,-1,-1,-1
469,40,1164,798,348,205,1,-1,-1,-1
469,41,1041,965,372,103,1,-1,-1,-1
469,42,1458,326,76,96,1,-1,-1,-1
469,83,86,261,100,70,1,-1,-1,-1
469,84,164,251,105,70,1,-1,-1,-1
469,85,331,206,113,65,1,-1,-1,-1
469,87,395,134,83,59,1,-1,-1,-1
469,88,1075,46,59,52,1,-1,-1,-1
469,89,1001,26,41,40,1,-1,-1,-1
469,90,1023,11,47,41,1,-1,-1,-1
469,91,1057,0,41,35,1,-1,-1,-1
469,92,1054,0,41,19,1,-1,-1,-1
469,93,1081,0,47,22,1,-1,-1,-1
470,4,866,195,84,81,1,-1,-1,-1
470,22,851,550,162,141,1,-1,-1,-1
470,23,931,417,126,136,1,-1,-1,-1
470,24,976,121,55,53,1,-1,-1,-1
470,25,698,131,84,66,1,-1,-1,-1
470,26,778,101,70,61,1,-1,-1,-1
470,27,842,85,62,56,1,-1,-1,-1
470,28,940,37,51,49,1,-1,-1,-1
470,29,943,85,62,49,1,-1,-1,-1
470,31,1096,234,101,81,1,-1,-1,-1
470,32,1148,178,80,77,1,-1,-1,-1
470,33,1177,138,71,56,1,-1,-1,-1
470,34,1218,235,98,82,1,-1,-1,-1
470,35,1269,273,164,69,1,-1,-1,-1
470,36,1264,320,169,75,1,-1,-1,-1
470,37,1253,371,179,90,1,-1,-1,-1
470,38,1235,495,149,133,1,-1,-1,-1
470,39,1226,602,291,207,1,-1,-1,-1
470,40,1148,796,348,203,1,-1,-1,-1
470,41,1030,964,372,104,1,-1,-1,-1
470,42,1441,323,76,96,1,-1,-1,-1
470,83,64,264,102,70,1,-1,-1,-1
470,84,143,253,106,71,1,-1,-1,-1
470,85,311,206,113,66,1,-1,-1,-1
470,87,375,134,83,59,1,-1,-1,-1
470,88,1061,44,55,52,1,-1,-1,-1
470,89,980,26,41,40,1,-1,-1,-1
470,90,1005,9,47,41,1,-1,-1,-1
470,91,1036,0,41,34,1,-1,-1,-1
470,92,1030,0,41,19,1,-1,-1,-1
470,93,1062,0,47,22,1,-1,-1,-1
471,4,857,190,78,77,1,-1,-1,-1
471,22,837,550,157,138,1,-1,-1,-1
471,23,915,416,126,136,1,-1,-1,-1
471,24,962,118,53,51,1,-1,-1,-1
471,25,680,131,84,66,1,-1,-1,-1
471,26,759,101,70,61,1,-1,-1,-1
471,27,825,86,60,56,1,-1,-1,-1
471,28,924,37,50,50,1,-1,-1,-1
471,29,922,86,62,49,1,-1,-1,-1
471,31,1077,234,101,81,1,-1,-1,-1
471,32,1127,178,80,77,1,-1,-1,-1
471,33,1155,137,71,56,1,-1,-1,-1
471,34,1201,233,101,82,1,-1,-1,-1
471,35,1249,269,165,71,1,-1,-1,-1
471,36,1245,317,169,75,1,-1,-1,-1
471,37,1235,368,179,90,1,-1,-1,-1
471,38,1221,493,145,131,1,-1,-1,-1
471,39,1212,601,289,205,1,-1,-1,-1
471,40,1133,794,348,201,1,-1,-1,-1
471,41,1019,963,371,105,1,-1,-1,-1
471,42,1424,320,76,96,1,-1,-1,-1
471,83,40,265,105,70,1,-1,-1,-1
471,84,124,254,107,71,1,-1,-1,-1
471,85,292,206,112,67,1,-1,-1,-1
471,87,355,134,83,59,1,-1,-1,-1
471,88,1047,42,52,52,1,-1,-1,-1
471,89,962,25,41,40,1,-1,-1,-1
471,90,987,8,47,41,1,-1,-1,-1
471,91,1015,0,41,34,1,-1,-1,-1
471,92,1004,3,41,18,1,-1,-1,-1
471,93,1043,0,47,22,1,-1,-1,-1
472,4,849,185,71,74,1,-1,-1,-1
472,22,824,551,152,134,1,-1,-1,-1
472,23,900,416,126,136,1,-1,-1,-1
472,24,947,115,53,51,1,-1,-1,-1
472,25,667,131,84,66,1,-1,-1,-1
472,26,745,100,70,61,1,-1,-1,-1
472,27,803,84,60,55,1,-1,-1,-1
472,28,902,35,49,50,1,-1,-1,-1
472,29,902,87,62,49,1,-1,-1,-1
472,31,1063,232,102,81,1,-1,-1,-1
472,32,1113,174,79,77,1,-1,-1,-1
472,33,1146,135,71,56,1,-1,-1,-1
472,34,1188,233,99,80,1,-1,-1,-1
472,35,1237,269,162,71,1,-1,-1,-1
472,36,1229,315,169,76,1,-1,-1,-1
472,37,1219,369,179,90,1,-1,-1,-1
472,38,1207,491,142,129,1,-1,-1,-1
472,39,1198,601,287,203,1,-1,-1,-1
472,40,1120,790,348,200,1,-1,-1,-1
472,41,1008,962,371,106,1,-1,-1,-1
472,42,1408,318,76,96,1,-1,-1,-1
472,83,17,267,107,70,1,-1,-1,-1
472,84,106,255,107,71,1,-1,-1,-1
472,85,272,207,113,67,1,-1,-1,-1
472,87,336,136,83,59,1,-1,-1,-1
472,88,1034,41,48,51,1,-1,-1,-1
472,89,944,24,41,40,1,-1,-1,-1
472,90,970,7,47,41,1,-1,-1,-1
472,91,994,0,41,34,1,-1,-1,-1
472,92,997,2,41,18,1,-1,-1,-1
472,93,1024,0,47,17,1,-1,-1,-1
473,4,836,182,71,74,1,-1,-1,-1
473,22,810,552,147,130,1,-1,-1,-1
473,23,885,415,126,136,1,-1,-1,-1
473,24,933,112,53,51,1,-1,-1,-1
473,25,654,131,84,66,1,-1,-1,-1
473,26,731,100,71,60,1,-1,-1,-1
473,27,782,82,59,55,1,-1,-1,-1
473,28,881,34,48,49,1,-1,-1,-1
473,29,881,88,62,49,1,-1,-1,-1
473,31,1050,230,102,81,1,-1,-1,-1
473,32,1099,171,79,76,1,-1,-1,-1
473,33,1137,134,71,56,1,-1,-1,-1
473,34,1175,233,97,78,1,-1,-1,-1
473,35,1225,269,159,71,1,-1,-1,-1
473,36,1214,314,168,76,1,-1,-1,-1
473,37,1204,371,179,90,1,-1,-1,-1
473,38,1193,489,139,127,1,-1,-1,-1
473,39,1184,599,289,200,1,-1,-1,-1
473,40,1107,787,348,198,1,-1,-1,-1
473,41,997,961,371,107,1,-1,-1,-1
473,42,1391,315,76,96,1,-1,-1,-1
473,83,0,269,105,70,1,-1,-1,-1
473,84,84,258,107,71,1,-1,-1,-1
473,85,253,207,112,68,1,-1,-1,-1
473,87,318,138,83,59,1,-1,-1,-1
473,88,1020,39,48,52,1,-1,-1,-1
473,89,927,23,41,40,1,-1,-1,-1
473,90,953,6,47,41,1,-1,-1,-1
473,91,974,0,41,34,1,-1,-1,-1
473,92,980,2,41,18,1,-1,-1,-1
473,93,1007,0,47,17,1,-1,-1,-1
474,4,823,179,71,74,1,-1,-1,-1
474,22,797,553,142,127,1,-1,-1,-1
474,23,870,415,126,136,1,-1,-1,-1
474,24,919,110,53,51,1,-1,-1,-1
474,25,641,132,84,65,1,-1,-1,-1
474,26,716,100,71,60,1,-1,-1,-1
474,27,771,80,59,55,1,-1,-1,-1
474,28,869,33,48,48,1,-1,-1,-1
474,29,861,89,62,49,1,-1,-1,-1
474,31,1037,228,102,81,1,-1,-1,-1
474,32,1085,168,79,76,1,-1,-1,-1
474,33,1128,132,71,56,1,-1,-1,-1
474,34,1163,234,94,75,1,-1,-1,-1
474,35,1213,269,156,71,1,-1,-1,-1
474,36,1199,313,167,77,1,-1,-1,-1
474,37,1189,373,179,90,1,-1,-1,-1
474,38,1179,487,136,126,1,-1,-1,-1
474,39,1171,597,291,197,1,-1,-1,-1
474,40,1094,784,349,196,1,-1,-1,-1
474,41,986,961,371,107,1,-1,-1,-1
474,42,1375,313,76,96,1,-1,-1,-1
474,83,0,272,89,70,1,-1,-1,-1
474,84,66,257,107,71,1,-1,-1,-1
474,85,234,208,112,69,1,-1,-1,-1
474,87,300,140,83,59,1,-1,-1,-1
474,88,1006,38,48,52,1,-1,-1,-1
474,89,913,22,41,40,1,-1,-1,-1
474,90,936,5,48,41,1,-1,-1,-1
474,91,964,0,41,34,1,-1,-1,-1
474,92,973,0,41,17,1,-1,-1,-1
474,93,991,0,47,17,1,-1,-1,-1
475,4,821,175,72,75,1,-1,-1,-1
475,22,791,549,147,131,1,-1,-1,-1
475,23,869,414,126,136,1,-1,-1,-1
475,24,916,107,53,52,1,-1,-1,-1
475,25,628,132,84,65,1,-1,-1,-1
475,26,702,101,71,60,1,-1,-1,-1
475,27,760,79,59,55,1,-1,-1,-1
475,28,857,32,49,48,1,-1,-1,-1
475,29,845,95,61,48,1,-1,-1,-1
475,31,1029,227,102,81,1,-1,-1,-1
475,32,1078,167,80,76,1,-1,-1,-1
475,33,1120,131,71,56,1,-1,-1,-1
475,34,1159,234,91,73,1,-1,-1,-1
475,35,1209,269,153,71,1,-1,-1,-1
475,36,1196,312,166,77,1,-1,-1,-1
475,37,1187,369,179,90,1,-1,-1,-1
475,38,1175,487,141,128,1,-1,-1,-1
475,39,1168,597,293,194,1,-1,-1,-1
475,40,1092,784,350,193,1,-1,-1,-1
475,41,981,960,371,108,1,-1,-1,-1
475,42,1372,311,76,96,1,-1,-1,-1
475,83,0,274,78,70,1,-1,-1,-1
475,84,48,256,107,71,1,-1,-1,-1
475,85,219,208,112,69,1,-1,-1,-1
475,87,294,138,83,59,1,-1,-1,-1
475,88,995,35,48,52,1,-1,-1,-1
475,89,900,22,41,40,1,-1,-1,-1
475,90,928,7,48,41,1,-1,-1,-1
475,91,955,0,41,34,1,-1,-1,-1
475,92,955,0,41,17,1,-1,-1,-1
475,93,988,0,47,16,1,-1,-1,-1
476,4,820,172,72,75,1,-1,-1,-1
476,22,785,546,152,134,1,-1,-1,-1
476,23,868,414,126,136,1,-1,-1,-1
476,24,913,105,53,52,1,-1,-1,-1
476,25,615,133,84,65,1,-1,-1,-1
476,26,688,102,71,60,1,-1,-1,-1
476,27,750,78,59,55,1,-1,-1,-1
476,28,846,31,49,48,1,-1,-1,-1
476,29,829,102,60,47,1,-1,-1,-1
476,31,1022,227,101,81,1,-1,-1,-1
476,32,1072,166,80,76,1,-1,-1,-1
476,33,1111,129,71,56,1,-1,-1,-1
476,34,1156,235,87,70,1,-1,-1,-1
476,35,1206,270,149,71,1,-1,-1,-1
476,36,1193,312,166,76,1,-1,-1,-1
476,37,1185,366,179,90,1,-1,-1,-1
476,38,1171,487,146,131,1,-1,-1,-1
476,39,1165,597,295,191,1,-1,-1,-1
476,40,1091,784,350,191,1,-1,-1,-1
476,41,976,959,371,109,1,-1,-1,-1
476,42,1370,310,76,96,1,-1,-1,-1
476,83,0,273,76,70,1,-1,-1,-1
476,84,47,256,107,71,1,-1,-1,-1
476,85,218,208,112,69,1,-1,-1,-1
476,87,288,137,83,59,1,-1,-1,-1
476,88,996,33,48,52,1,-1,-1,-1
476,89,887,22,41,40,1,-1,-1,-1
476,90,921,9,47,41,1,-1,-1,-1
476,91,946,0,41,34,1,-1,-1,-1
476,92,954,0,41,17,1,-1,-1,-1
476,93,986,0,47,16,1,-1,-1,-1
477,4,822,167,72,75,1,-1,-1,-1
477,22,779,543,157,137,1,-1,-1,-1
477,23,867,414,126,136,1,-1,-1,-1
477,24,910,103,53,53,1,-1,-1,-1
477,25,613,132,84,66,1,-1,-1,-1
477,26,687,102,71,60,1,-1,-1,-1
477,27,750,78,59,56,1,-1,-1,-1
477,28,847,31,49,49,1,-1,-1,-1
477,29,825,102,60,48,1,-1,-1,-1
477,31,1014,226,101,81,1,-1,-1,-1
477,32,1066,165,80,76,1,-1,-1,-1
477,33,1102,128,71,56,1,-1,-1,-1
477,34,1152,235,84,68,1,-1,-1,-1
477,35,1203,270,145,71,1,-1,-1,-1
477,36,1190,311,166,76,1,-1,-1,-1
477,37,1183,362,179,91,1,-1,-1,-1
477,38,1167,487,151,134,1,-1,-1,-1
477,39,1162,597,297,188,1,-1,-1,-1
477,40,1089,784,351,189,1,-1,-1,-1
477,41,971,959,371,110,1,-1,-1,-1
477,42,1368,308,76,96,1,-1,-1,-1
477,83,0,273,75,70,1,-1,-1,-1
477,84,47,256,107,71,1,-1,-1,-1
477,85,218,208,112,69,1,-1,-1,-1
477,87,283,136,83,59,1,-1,-1,-1
477,88,997,31,48,52,1,-1,-1,-1
477,89,888,22,41,40,1,-1,-1,-1
477,90,920,9,47,41,1,-1,-1,-1
477,91,937,0,41,34,1,-1,-1,-1
477,92,954,0,41,18,1,-1,-1,-1
477,93,984,0,47,16,1,-1,-1,-1
478,4,825,162,72,75,1,-1,-1,-1
478,22,774,540,162,141,1,-1,-1,-1
478,23,866,414,126,136,1,-1,-1,-1
478,24,914,100,53,53,1,-1,-1,-1
478,25,612,132,84,66,1,-1,-1,-1
478,26,687,102,71,60,1,-1,-1,-1
478,27,750,79,59,56,1,-1,-1,-1
478,28,848,32,50,49,1,-1,-1,-1
478,29,821,103,61,48,1,-1,-1,-1
478,31,1007,226,101,81,1,-1,-1,-1
478,32,1060,165,80,76,1,-1,-1,-1
478,33,1094,127,71,56,1,-1,-1,-1
478,34,1149,236,80,66,1,-1,-1,-1
478,35,1200,271,141,71,1,-1,-1,-1
478,36,1188,311,165,76,1,-1,-1,-1
478,37,1181,359,179,91,1,-1,-1,-1
478,38,1163,487,156,137,1,-1,-1,-1
478,39,1159,597,299,185,1,-1,-1,-1
478,40,1088,784,351,187,1,-1,-1,-1
478,41,966,958,371,111,1,-1,-1,-1
478,42,1366,307,76,96,1,-1,-1,-1
478,83,0,273,74,70,1,-1,-1,-1
478,84,47,256,107,71,1,-1,-1,-1
478,85,217,208,112,69,1,-1,-1,-1
478,87,282,136,83,59,1,-1,-1,-1
478,88,998,30,48,52,1,-1,-1,-1
478,89,889,22,41,41,1,-1,-1,-1
478,90,919,10,47,41,1,-1,-1,-1
478,91,937,1,41,34,1,-1,-1,-1
478,92,954,0,41,19,1,-1,-1,-1
478,93,981,0,47,16,1,-1,-1,-1
479,4,829,157,72,75,1,-1,-1,-1
479,22,778,541,159,137,1,-1,-1,-1
479,23,865,414,126,136,1,-1,-1,-1
479,24,918,98,53,52,1,-1,-1,-1
479,25,611,132,84,66,1,-1,-1,-1
479,26,687,102,70,60,1,-1,-1,-1
479,27,750,80,59,56,1,-1,-1,-1
479,28,849,32,50,50,1,-1,-1,-1
479,29,817,105,61,49,1,-1,-1,-1
479,31,1006,228,101,81,1,-1,-1,-1
479,32,1060,167,81,76,1,-1,-1,-1
479,33,1093,128,71,56,1,-1,-1,-1
479,34,1148,239,80,66,1,-1,-1,-1
479,35,1199,273,141,71,1,-1,-1,-1
479,36,1187,312,165,76,1,-1,-1,-1
479,37,1180,361,179,91,1,-1,-1,-1
479,38,1159,487,162,140,1,-1,-1,-1
479,39,1157,598,300,182,1,-1,-1,-1
479,40,1087,784,352,185,1,-1,-1,-1
479,41,961,958,372,112,1,-1,-1,-1
479,42,1364,305,76,96,1,-1,-1,-1
479,83,0,272,72,70,1,-1,-1,-1
479,84,47,256,107,71,1,-1,-1,-1
479,85,217,208,112,69,1,-1,-1,-1
479,87,282,136,83,59,1,-1,-1,-1
479,88,999,28,48,52,1,-1,-1,-1
479,89,890,23,41,40,1,-1,-1,-1
479,90,919,11,47,41,1,-1,-1,-1
479,91,938,2,41,34,1,-1,-1,-1
479,92,954,1,41,19,1,-1,-1,-1
479,93,979,0,47,16,1,-1,-1,-1
480,4,834,153,72,75,1,-1,-1,-1
480,22,782,543,156,133,1,-1,-1,-1
480,23,865,415,126,136,1,-1,-1,-1
480,24,922,96,53,51,1,-1,-1,-1
480,25,610,132,84,66,1,-1,-1,-1
480,26,687,102,70,61,1,-1,-1,-1
480,27,750,81,60,56,1,-1,-1,-1
480,28,851,33,50,50,1,-1,-1,-1
480,29,813,108,61,50,1,-1,-1,-1
480,30,191,581,175,137,1,-1,-1,-1
480,31,1005,231,101,81,1,-1,-1,-1
480,32,1061,169,81,76,1,-1,-1,-1
480,33,1093,130,71,56,1,-1,-1,-1
480,34,1147,242,80,66,1,-1,-1,-1
480,35,1198,276,141,71,1,-1,-1,-1
480,36,1187,314,165,76,1,-1,-1,-1
480,37,1180,363,179,91,1,-1,-1,-1
480,38,1161,490,157,137,1,-1,-1,-1
480,39,1157,599,300,182,1,-1,-1,-1
480,40,1086,786,352,185,1,-1,-1,-1
480,41,970,960,371,110,1,-1,-1,-1
480,42,1362,304,76,96,1,-1,-1,-1
480,83,0,272,71,70,1,-1,-1,-1
480,84,47,256,107,71,1,-1,-1,-1
480,85,217,207,112,70,1,-1,-1,-1
480,87,282,137,83,59,1,-1,-1,-1
480,88,1001,27,48,52,1,-1,-1,-1
480,89,891,23,41,41,1,-1,-1,-1
480,90,918,12,47,41,1,-1,-1,-1
480,91,938,3,41,34,1,-1,-1,-1
480,92,954,1,41,20,1,-1,-1,-1
480,93,977,0,47,16,1,-1,-1,-1
481,4,838,152,72,75,1,-1,-1,-1
481,22,786,545,154,129,1,-1,-1,-1
481,23,864,416,126,136,1,-1,-1,-1
481,24,924,96,53,51,1,-1,-1,-1
481,25,610,135,84,66,1,-1,-1,-1
481,26,687,105,70,61,1,-1,-1,-1
481,27,750,83,60,57,1,-1,-1,-1
481,28,850,36,50,49,1,-1,-1,-1
481,29,809,111,62,51,1,-1,-1,-1
481,30,213,566,175,137,1,-1,-1,-1
481,31,1004,234,101,81,1,-1,-1,-1
481,32,1062,171,81,76,1,-1,-1,-1
481,33,1093,132,71,56,1,-1,-1,-1
481,34,1146,245,80,66,1,-1,-1,-1
481,35,1197,278,141,71,1,-1,-1,-1
481,36,1187,315,165,76,1,-1,-1,-1
481,37,1180,366,179,90,1,-1,-1,-1
481,38,1163,493,152,134,1,-1,-1,-1
481,39,1158,601,300,182,1,-1,-1,-1
481,40,1086,788,352,185,1,-1,-1,-1
481,41,969,962,371,108,1,-1,-1,-1
481,42,1360,303,76,96,1,-1,-1,-1
481,83,0,272,70,70,1,-1,-1,-1
481,84,46,255,107,71,1,-1,-1,-1
481,85,217,207,112,70,1,-1,-1,-1
481,87,281,137,83,59,1,-1,-1,-1
481,88,1002,25,48,52,1,-1,-1,-1
481,89,893,24,41,40,1,-1,-1,-1
481,90,917,13,47,41,1,-1,-1,-1
481,91,939,5,41,34,1,-1,-1,-1
481,92,954,1,41,21,1,-1,-1,-1
481,93,974,0,47,16,1,-1,-1,-1
482,4,843,152,72,75,1,-1,-1,-1
482,22,790,547,151,125,1,-1,-1,-1
482,23,864,417,126,136,1,-1,-1,-1
482,24,926,97,53,51,1,-1,-1,-1
482,25,611,138,84,66,1,-1,-1,-1
482,26,687,108,70,61,1,-1,-1,-1
482,27,750,86,60,57,1,-1,-1,-1
482,28,850,40,49,48,1,-1,-1,-1
482,29,803,115,63,52,1,-1,-1,-1
482,30,236,552,175,137,1,-1,-1,-1
482,31,1004,237,101,81,1,-1,-1,-1
482,32,1063,173,81,76,1,-1,-1,-1
482,33,1093,134,71,56,1,-1,-1,-1
482,34,1145,248,80,66,1,-1,-1,-1
482,35,1196,281,141,71,1,-1,-1,-1
482,36,1187,317,165,76,1,-1,-1,-1
482,37,1180,368,179,91,1,-1,-1,-1
482,38,1165,496,147,131,1,-1,-1,-1
482,39,1159,603,300,182,1,-1,-1,-1
482,40,1086,791,352,185,1,-1,-1,-1
482,41,968,964,371,106,1,-1,-1,-1
482,42,1359,306,76,96,1,-1,-1,-1
482,83,0,271,68,70,1,-1,-1,-1
482,84,45,255,107,71,1,-1,-1,-1
482,85,217,207,112,70,1,-1,-1,-1
482,87,281,137,83,59,1,-1,-1,-1
482,88,1004,24,48,52,1,-1,-1,-1
482,89,894,24,41,41,1,-1,-1,-1
482,90,917,14,47,41,1,-1,-1,-1
482,91,940,6,41,34,1,-1,-1,-1
482,92,954,2,41,21,1,-1,-1,-1
482,93,972,0,47,16,1,-1,-1,-1
483,4,846,151,72,75,1,-1,-1,-1
483,22,795,549,148,121,1,-1,-1,-1
483,23,864,418,126,136,1,-1,-1,-1
483,24,928,98,53,51,1,-1,-1,-1
483,25,611,141,84,66,1,-1,-1,-1
483,26,687,111,70,61,1,-1,-1,-1
483,27,750,89,60,57,1,-1,-1,-1
483,28,849,44,50,47,1,-1,-1,-1
483,29,798,120,63,53,1,-1,-1,-1
483,30,259,538,175,137,1,-1,-1,-1
483,31,1003,240,101,81,1,-1,-1,-1
483,32,1063,175,82,76,1,-1,-1,-1
483,33,1093,136,71,56,1,-1,-1,-1
483,34,1144,251,80,66,1,-1,-1,-1
483,35,1195,284,141,71,1,-1,-1,-1
483,36,1187,318,165,76,1,-1,-1,-1
483,37,1179,370,179,91,1,-1,-1,-1
483,38,1167,500,143,128,1,-1,-1,-1
483,39,1159,605,300,181,1,-1,-1,-1
483,40,1086,793,352,185,1,-1,-1,-1
483,41,968,966,371,104,1,-1,-1,-1
483,42,1359,309,76,96,1,-1,-1,-1
483,83,0,271,67,70,1,-1,-1,-1
483,84,44,255,107,71,1,-1,-1,-1
483,85,217,207,112,70,1,-1,-1,-1
483,87,281,138,83,59,1,-1,-1,-1
483,88,1005,28,48,52,1,-1,-1,-1
483,89,895,25,41,40,1,-1,-1,-1
483,90,916,15,47,41,1,-1,-1,-1
483,91,940,7,41,34,1,-1,-1,-1
483,92,954,2,41,22,1,-1,-1,-1
483,93,970,0,47,16,1,-1,-1,-1
484,4,849,150,72,75,1,-1,-1,-1
484,22,797,556,149,124,1,-1,-1,-1
484,23,863,419,126,136,1,-1,-1,-1
484,24,930,99,53,51,1,-1,-1,-1
484,25,612,144,84,67,1,-1,-1,-1
484,26,688,115,70,60,1,-1,-1,-1
484,27,750,92,60,57,1,-1,-1,-1
484,28,849,48,49,45,1,-1,-1,-1
484,29,793,125,64,54,1,-1,-1,-1
484,30,281,524,176,137,1,-1,-1,-1
484,31,1002,243,101,81,1,-1,-1,-1
484,32,1064,177,82,76,1,-1,-1,-1
484,33,1093,138,71,56,1,-1,-1,-1
484,34,1143,254,80,66,1,-1,-1,-1
484,35,1194,286,141,71,1,-1,-1,-1
484,36,1187,320,165,76,1,-1,-1,-1
484,37,1179,373,179,90,1,-1,-1,-1
484,38,1169,503,138,125,1,-1,-1,-1
484,39,1160,606,300,182,1,-1,-1,-1
484,40,1086,795,352,186,1,-1,-1,-1
484,41,967,968,371,102,1,-1,-1,-1
484,42,1359,312,76,96,1,-1,-1,-1
484,83,0,271,66,70,1,-1,-1,-1
484,84,44,255,107,71,1,-1,-1,-1
484,85,218,207,112,70,1,-1,-1,-1
484,87,281,145,83,59,1,-1,-1,-1
484,88,1007,32,48,52,1,-1,-1,-1
484,89,896,25,41,41,1,-1,-1,-1
484,90,915,16,47,41,1,-1,-1,-1
484,91,941,8,41,34,1,-1,-1,-1
484,92,954,2,41,23,1,-1,-1,-1
484,93,970,3,47,18,1,-1,-1,-1
485,4,852,150,72,75,1,-1,-1,-1
485,22,799,563,151,127,1,-1,-1,-1
485,23,863,420,126,136,1,-1,-1,-1
485,24,932,100,53,51,1,-1,-1,-1
485,25,613,147,84,67,1,-1,-1,-1
485,26,688,118,70,60,1,-1,-1,-1
485,27,750,94,60,58,1,-1,-1,-1
485,28,848,52,50,44,1,-1,-1,-1
485,29,787,129,65,55,1,-1,-1,-1
485,30,304,510,176,137,1,-1,-1,-1
485,31,1001,246,101,81,1,-1,-1,-1
485,32,1065,179,82,76,1,-1,-1,-1
485,33,1093,140,71,56,1,-1,-1,-1
485,34,1142,257,80,66,1,-1,-1,-1
485,35,1193,289,141,71,1,-1,-1,-1
485,36,1187,321,165,76,1,-1,-1,-1
485,37,1179,375,179,90,1,-1,-1,-1
485,38,1171,506,133,122,1,-1,-1,-1
485,39,1161,608,300,182,1,-1,-1,-1
485,40,1086,798,352,185,1,-1,-1,-1
485,41,967,970,371,100,1,-1,-1,-1
485,42,1359,315,76,96,1,-1,-1,-1
485,83,0,282,69,70,1,-1,-1,-1
485,84,45,265,107,71,1,-1,-1,-1
485,85,217,216,112,69,1,-1,-1,-1
485,87,282,152,83,59,1,-1,-1,-1
485,88,1008,36,48,52,1,-1,-1,-1
485,89,898,26,41,41,1,-1,-1,-1
485,90,915,17,47,41,1,-1,-1,-1
485,91,942,10,41,34,1,-1,-1,-1
485,92,954,3,41,23,1,-1,-1,-1
485,93,971,7,47,20,1,-1,-1,-1
486,4,855,150,72,75,1,-1,-1,-1
486,22,799,566,153,129,1,-1,-1,-1
486,23,863,421,126,136,1,-1,-1,-1
486,24,934,101,53,51,1,-1,-1,-1
486,25,613,150,84,67,1,-1,-1,-1
486,26,688,121,70,60,1,-1,-1,-1
486,27,750,97,60,58,1,-1,-1,-1
486,28,848,56,49,43,1,-1,-1,-1
486,29,782,134,66,56,1,-1,-1,-1
486,30,327,496,176,137,1,-1,-1,-1
486,31,1001,249,101,81,1,-1,-1,-1
486,32,1066,181,82,76,1,-1,-1,-1
486,33,1093,142,71,56,1,-1,-1,-1
486,34,1141,260,81,66,1,-1,-1,-1
486,35,1193,292,141,71,1,-1,-1,-1
486,36,1187,323,165,76,1,-1,-1,-1
486,37,1179,378,179,90,1,-1,-1,-1
486,38,1173,510,129,119,1,-1,-1,-1
486,39,1161,610,300,181,1,-1,-1,-1
486,40,1086,800,352,185,1,-1,-1,-1
486,41,966,972,371,98,1,-1,-1,-1
486,42,1359,318,76,96,1,-1,-1,-1
486,83,0,294,73,70,1,-1,-1,-1
486,84,47,276,107,71,1,-1,-1,-1
486,85,217,225,112,69,1,-1,-1,-1
486,87,282,159,83,59,1,-1,-1,-1
486,88,1010,40,48,52,1,-1,-1,-1
486,89,893,40,41,40,1,-1,-1,-1
486,90,915,20,47,41,1,-1,-1,-1
486,91,942,11,41,35,1,-1,-1,-1
486,92,952,8,41,23,1,-1,-1,-1
486,93,972,10,46,22,1,-1,-1,-1
486,96,1063,24,34,53,1,-1,-1,-1
487,4,858,150,72,75,1,-1,-1,-1
487,22,800,569,154,131,1,-1,-1,-1
487,23,862,422,126,136,1,-1,-1,-1
487,24,937,102,53,51,1,-1,-1,-1
487,25,614,153,84,67,1,-1,-1,-1
487,26,688,124,70,60,1,-1,-1,-1
487,27,750,100,60,58,1,-1,-1,-1
487,28,848,60,49,42,1,-1,-1,-1
487,29,777,139,66,57,1,-1,-1,-1
487,30,350,482,176,137,1,-1,-1,-1
487,31,1001,248,101,81,1,-1,-1,-1
487,32,1066,181,82,76,1,-1,-1,-1
487,33,1093,144,71,56,1,-1,-1,-1
487,34,1141,259,81,66,1,-1,-1,-1
487,35,1193,292,142,71,1,-1,-1,-1
487,36,1186,323,165,76,1,-1,-1,-1
487,37,1179,379,179,90,1,-1,-1,-1
487,38,1173,509,128,122,1,-1,-1,-1
487,39,1162,612,300,181,1,-1,-1,-1
487,40,1086,803,352,185,1,-1,-1,-1
487,41,966,974,371,96,1,-1,-1,-1
487,42,1358,321,76,96,1,-1,-1,-1
487,83,0,296,73,70,1,-1,-1,-1
487,84,47,278,107,71,1,-1,-1,-1
487,85,217,225,112,69,1,-1,-1,-1
487,87,283,166,83,59,1,-1,-1,-1
487,88,1014,45,48,46,1,-1,-1,-1
487,89,888,54,41,40,1,-1,-1,-1
487,90,916,24,47,41,1,-1,-1,-1
487,91,943,13,41,35,1,-1,-1,-1
487,92,950,14,41,22,1,-1,-1,-1
487,93,973,14,46,24,1,-1,-1,-1
487,96,1064,22,34,53,1,-1,-1,-1
488,4,861,150,72,75,1,-1,-1,-1
488,22,800,572,156,133,1,-1,-1,-1
488,23,862,423,126,136,1,-1,-1,-1
488,24,939,103,53,51,1,-1,-1,-1
488,25,615,157,84,67,1,-1,-1,-1
488,26,689,128,70,60,1,-1,-1,-1
488,27,751,103,60,58,1,-1,-1,-1
488,28,848,60,49,41,1,-1,-1,-1
488,29,771,143,68,58,1,-1,-1,-1
488,30,368,471,172,131,1,-1,-1,-1
488,31,1001,248,101,81,1,-1,-1,-1
488,32,1066,182,82,76,1,-1,-1,-1
488,33,1093,146,71,56,1,-1,-1,-1
488,34,1141,259,81,66,1,-1,-1,-1
488,35,1194,293,142,71,1,-1,-1,-1
488,36,1186,324,165,76,1,-1,-1,-1
488,37,1179,380,179,90,1,-1,-1,-1
488,38,1173,509,128,124,1,-1,-1,-1
488,39,1163,613,300,182,1,-1,-1,-1
488,40,1085,805,352,185,1,-1,-1,-1
488,41,965,976,371,94,1,-1,-1,-1
488,42,1358,324,76,96,1,-1,-1,-1
488,83,0,298,73,70,1,-1,-1,-1
488,84,47,280,107,71,1,-1,-1,-1
488,85,217,226,112,69,1,-1,-1,-1
488,87,283,165,83,59,1,-1,-1,-1
488,88,1019,50,47,41,1,-1,-1,-1
488,89,888,52,41,40,1,-1,-1,-1
488,90,916,24,47,41,1,-1,-1,-1
488,91,943,14,41,35,1,-1,-1,-1
488,92,949,20,40,22,1,-1,-1,-1
488,93,973,13,46,24,1,-1,-1,-1
488,96,1065,21,34,53,1,-1,-1,-1
489,4,866,149,72,75,1,-1,-1,-1
489,22,801,575,157,135,1,-1,-1,-1
489,23,862,424,126,136,1,-1,-1,-1
489,24,941,104,53,51,1,-1,-1,-1
489,25,614,157,84,67,1,-1,-1,-1
489,26,689,128,70,60,1,-1,-1,-1
489,27,751,103,60,58,1,-1,-1,-1
489,28,848,61,49,40,1,-1,-1,-1
489,29,766,148,68,59,1,-1,-1,-1
489,30,387,461,168,125,1,-1,-1,-1
489,31,1002,248,101,81,1,-1,-1,-1
489,32,1067,182,81,76,1,-1,-1,-1
489,33,1092,148,71,56,1,-1,-1,-1
489,34,1141,258,81,66,1,-1,-1,-1
489,35,1195,293,142,71,1,-1,-1,-1
489,36,1186,325,165,76,1,-1,-1,-1
489,37,1179,381,179,90,1,-1,-1,-1
489,38,1173,508,127,127,1,-1,-1,-1
489,39,1164,615,300,182,1,-1,-1,-1
489,40,1085,807,352,186,1,-1,-1,-1
489,41,965,978,371,92,1,-1,-1,-1
489,42,1358,327,76,96,1,-1,-1,-1
489,83,0,300,73,70,1,-1,-1,-1
489,84,48,282,107,71,1,-1,-1,-1
489,85,218,227,112,69,1,-1,-1,-1
489,87,283,165,83,59,1,-1,-1,-1
489,88,1020,49,47,41,1,-1,-1,-1
489,89,888,51,41,40,1,-1,-1,-1
489,90,916,24,47,41,1,-1,-1,-1
489,91,943,16,41,34,1,-1,-1,-1
489,92,949,19,41,22,1,-1,-1,-1
489,93,974,13,46,24,1,-1,-1,-1
489,96,1066,19,34,53,1,-1,-1,-1
490,4,871,149,72,75,1,-1,-1,-1
490,22,796,570,143,125,1,-1,-1,-1
490,23,861,425,126,136,1,-1,-1,-1
490,24,943,105,53,51,1,-1,-1,-1
490,25,614,157,84,67,1,-1,-1,-1
490,26,689,129,70,59,1,-1,-1,-1
490,27,752,104,60,58,1,-1,-1,-1
490,28,849,62,48,39,1,-1,-1,-1
490,29,761,153,69,60,1,-1,-1,-1
490,30,405,450,165,120,1,-1,-1,-1
490,31,1002,247,101,81,1,-1,-1,-1
490,32,1067,183,82,76,1,-1,-1,-1
490,33,1092,150,71,56,1,-1,-1,-1
490,34,1142,258,80,66,1,-1,-1,-1
490,35,1195,294,143,71,1,-1,-1,-1
490,36,1186,325,165,76,1,-1,-1,-1
490,37,1179,382,180,91,1,-1,-1,-1
490,38,1173,508,127,129,1,-1,-1,-1
490,39,1164,617,300,181,1,-1,-1,-1
490,40,1085,810,352,185,1,-1,-1,-1
490,41,964,980,371,90,1,-1,-1,-1
490,42,1358,330,76,96,1,-1,-1,-1
490,83,0,302,73,70,1,-1,-1,-1
490,84,48,284,107,71,1,-1,-1,-1
490,85,218,227,112,69,1,-1,-1,-1
490,87,284,165,83,59,1,-1,-1,-1
490,88,1021,48,47,41,1,-1,-1,-1
490,89,889,50,41,40,1,-1,-1,-1
490,90,916,24,47,41,1,-1,-1,-1
490,91,943,17,41,35,1,-1,-1,-1
490,92,950,19,41,21,1,-1,-1,-1
490,93,975,13,46,24,1,-1,-1,-1
490,96,1067,18,34,53,1,-1,-1,-1
491,4,876,149,72,75,1,-1,-1,-1
491,22,787,565,153,133,1,-1,-1,-1
491,23,861,426,126,136,1,-1,-1,-1
491,24,945,105,53,52,1,-1,-1,-1
491,25,614,157,84,67,1,-1,-1,-1
491,26,690,129,70,60,1,-1,-1,-1
491,27,752,104,60,58,1,-1,-1,-1
491,28,849,62,48,39,1,-1,-1,-1
491,29,753,157,71,62,1,-1,-1,-1
491,30,424,440,161,114,1,-1,-1,-1
491,31,1003,247,101,81,1,-1,-1,-1
491,32,1068,184,81,76,1,-1,-1,-1
491,33,1092,152,71,56,1,-1,-1,-1
491,34,1142,258,80,66,1,-1,-1,-1
491,35,1196,294,143,71,1,-1,-1,-1
491,36,1186,326,165,76,1,-1,-1,-1
491,37,1179,383,180,91,1,-1,-1,-1
491,38,1173,507,126,132,1,-1,-1,-1
491,39,1165,619,300,181,1,-1,-1,-1
491,40,1085,812,352,186,1,-1,-1,-1
491,41,964,982,371,88,1,-1,-1,-1
491,42,1358,333,76,96,1,-1,-1,-1
491,83,0,304,73,70,1,-1,-1,-1
491,84,48,287,107,71,1,-1,-1,-1
491,85,219,228,112,69,1,-1,-1,-1
491,87,284,164,83,59,1,-1,-1,-1
491,88,1022,47,47,41,1,-1,-1,-1
491,89,889,49,41,40,1,-1,-1,-1
491,90,916,24,47,41,1,-1,-1,-1
491,91,943,19,41,34,1,-1,-1,-1
491,92,951,19,41,20,1,-1,-1,-1
491,93,976,13,46,24,1,-1,-1,-1
491,96,1068,16,34,53,1,-1,-1,-1
492,4,880,148,67,67,1,-1,-1,-1
492,22,779,561,162,141,1,-1,-1,-1
492,23,861,427,126,136,1,-1,-1,-1
492,24,947,106,53,52,1,-1,-1,-1
492,25,613,157,84,67,1,-1,-1,-1
492,26,690,130,70,59,1,-1,-1,-1
492,27,753,105,60,58,1,-1,-1,-1
492,28,849,63,49,37,1,-1,-1,-1
492,29,745,161,74,65,1,-1,-1,-1
492,30,439,430,157,114,1,-1,-1,-1
492,31,1003,247,101,81,1,-1,-1,-1
492,32,1068,184,81,76,1,-1,-1,-1
492,33,1092,154,71,56,1,-1,-1,-1
492,34,1142,257,81,66,1,-1,-1,-1
492,35,1197,295,143,71,1,-1,-1,-1
492,36,1186,327,165,76,1,-1,-1,-1
492,37,1180,385,179,90,1,-1,-1,-1
492,38,1173,507,126,134,1,-1,-1,-1
492,39,1166,620,300,182,1,-1,-1,-1
492,40,1085,814,352,186,1,-1,-1,-1
492,41,963,984,371,86,1,-1,-1,-1
492,42,1358,335,76,96,1,-1,-1,-1
492,83,0,306,73,70,1,-1,-1,-1
492,84,49,289,107,71,1,-1,-1,-1
492,85,219,229,112,69,1,-1,-1,-1
492,87,284,164,83,59,1,-1,-1,-1
492,88,1023,46,47,41,1,-1,-1,-1
492,89,890,47,41,40,1,-1,-1,-1
492,90,916,24,47,41,1,-1,-1,-1
492,91,944,20,41,35,1,-1,-1,-1
492,92,952,19,41,19,1,-1,-1,-1
492,93,977,13,46,24,1,-1,-1,-1
492,96,1070,15,34,53,1,-1,-1,-1
493,4,884,147,63,59,1,-1,-1,-1
493,22,782,564,159,138,1,-1,-1,-1
493,23,861,429,126,136,1,-1,-1,-1
493,24,949,107,53,52,1,-1,-1,-1
493,25,613,158,84,66,1,-1,-1,-1
493,26,691,130,70,60,1,-1,-1,-1
493,27,753,105,60,59,1,-1,-1,-1
493,28,850,64,48,36,1,-1,-1,-1
493,29,737,166,77,67,1,-1,-1,-1
493,30,455,420,153,115,1,-1,-1,-1
493,31,1004,247,101,81,1,-1,-1,-1
493,32,1069,185,80,76,1,-1,-1,-1
493,33,1092,156,71,56,1,-1,-1,-1
493,34,1142,257,81,66,1,-1,-1,-1
493,35,1198,296,143,71,1,-1,-1,-1
493,36,1186,328,165,76,1,-1,-1,-1
493,37,1180,386,179,90,1,-1,-1,-1
493,38,1173,506,125,137,1,-1,-1,-1
493,39,1166,622,300,181,1,-1,-1,-1
493,40,1085,817,352,185,1,-1,-1,-1
493,41,963,986,371,84,1,-1,-1,-1
493,42,1358,337,76,96,1,-1,-1,-1
493,83,0,308,73,70,1,-1,-1,-1
493,84,49,291,107,71,1,-1,-1,-1
493,85,220,230,112,69,1,-1,-1,-1
493,87,285,164,83,59,1,-1,-1,-1
493,88,1025,44,47,41,1,-1,-1,-1
493,89,890,46,41,40,1,-1,-1,-1
493,90,916,24,47,41,1,-1,-1,-1
493,91,944,22,41,34,1,-1,-1,-1
493,92,953,19,41,18,1,-1,-1,-1
493,93,978,13,46,24,1,-1,-1,-1
493,96,1071,15,34,53,1,-1,-1,-1
494,4,888,147,59,51,1,-1,-1,-1
494,22,785,567,156,136,1,-1,-1,-1
494,23,861,432,126,136,1,-1,-1,-1
494,24,952,108,53,52,1,-1,-1,-1
494,25,613,158,84,66,1,-1,-1,-1
494,26,691,131,70,59,1,-1,-1,-1
494,27,754,106,60,58,1,-1,-1,-1
494,28,850,64,48,36,1,-1,-1,-1
494,29,730,170,79,70,1,-1,-1,-1
494,30,471,410,149,115,1,-1,-1,-1
494,31,1004,246,101,81,1,-1,-1,-1
494,32,1069,186,81,76,1,-1,-1,-1
494,33,1092,157,71,56,1,-1,-1,-1
494,34,1143,257,80,66,1,-1,-1,-1
494,35,1200,294,143,71,1,-1,-1,-1
494,36,1186,328,165,76,1,-1,-1,-1
494,37,1180,387,180,91,1,-1,-1,-1
494,38,1173,506,125,139,1,-1,-1,-1
494,39,1167,624,300,181,1,-1,-1,-1
494,40,1085,819,352,186,1,-1,-1,-1
494,41,962,988,371,82,1,-1,-1,-1
494,42,1358,339,76,96,1,-1,-1,-1
494,83,0,310,73,70,1,-1,-1,-1
494,84,49,293,107,71,1,-1,-1,-1
494,85,220,230,112,69,1,-1,-1,-1
494,87,285,163,83,59,1,-1,-1,-1
494,88,1028,43,47,41,1,-1,-1,-1
494,89,891,45,41,40,1,-1,-1,-1
494,90,916,24,47,41,1,-1,-1,-1
494,91,944,23,41,35,1,-1,-1,-1
494,92,954,19,41,18,1,-1,-1,-1
494,93,979,13,46,24,1,-1,-1,-1
494,96,1072,16,34,53,1,-1,-1,-1
495,4,891,145,59,51,1,-1,-1,-1
495,22,789,570,152,133,1,-1,-1,-1
495,23,861,435,126,136,1,-1,-1,-1
495,24,954,109,53,52,1,-1,-1,-1
495,25,612,158,84,66,1,-1,-1,-1
495,26,691,131,70,59,1,-1,-1,-1
495,27,754,106,60,59,1,-1,-1,-1
495,28,850,65,48,35,1,-1,-1,-1
495,29,722,174,82,73,1,-1,-1,-1
495,30,487,400,144,116,1,-1,-1,-1
495,31,1005,246,101,81,1,-1,-1,-1
495,32,1070,186,80,76,1,-1,-1,-1
495,33,1092,159,71,56,1,-1,-1,-1
495,34,1143,256,80,66,1,-1,-1,-1
495,35,1203,292,142,71,1,-1,-1,-1
495,36,1186,329,165,76,1,-1,-1,-1
495,37,1180,388,180,91,1,-1,-1,-1
495,38,1171,509,129,140,1,-1,-1,-1
495,39,1168,626,300,181,1,-1,-1,-1
495,40,1085,822,352,185,1,-1,-1,-1
495,41,962,990,371,80,1,-1,-1,-1
495,42,1358,341,76,96,1,-1,-1,-1
495,83,0,312,73,70,1,-1,-1,-1
495,84,50,295,107,71,1,-1,-1,-1
495,85,221,231,112,69,1,-1,-1,-1
495,87,285,163,83,59,1,-1,-1,-1
495,88,1031,42,47,41,1,-1,-1,-1
495,89,891,44,41,40,1,-1,-1,-1
495,90,916,24,47,41,1,-1,-1,-1
495,91,944,25,41,34,1,-1,-1,-1
495,92,955,19,41,20,1,-1,-1,-1
495,93,979,16,45,25,1,-1,-1,-1
495,96,1073,17,34,53,1,-1,-1,-1
496,4,894,143,59,51,1,-1,-1,-1
496,22,792,573,149,131,1,-1,-1,-1
496,23,861,438,126,136,1,-1,-1,-1
496,24,956,110,53,52,1,-1,-1,-1
496,25,612,158,84,66,1,-1,-1,-1
496,26,692,132,70,59,1,-1,-1,-1
496,27,755,107,60,58,1,-1,-1,-1
496,28,851,66,48,34,1,-1,-1,-1
496,29,714,179,85,75,1,-1,-1,-1
496,30,503,390,140,116,1,-1,-1,-1
496,31,1005,246,101,81,1,-1,-1,-1
496,32,1070,187,80,76,1,-1,-1,-1
496,33,1092,161,71,56,1,-1,-1,-1
496,34,1143,256,80,66,1,-1,-1,-1
496,35,1205,290,142,71,1,-1,-1,-1
496,36,1186,330,165,76,1,-1,-1,-1
496,37,1180,389,180,91,1,-1,-1,-1
496,38,1170,513,133,140,1,-1,-1,-1
496,39,1168,627,300,181,1,-1,-1,-1
496,40,1084,824,352,186,1,-1,-1,-1
496,41,961,992,371,78,1,-1,-1,-1
496,42,1359,343,76,96,1,-1,-1,-1
496,83,0,314,73,70,1,-1,-1,-1
496,84,50,298,107,71,1,-1,-1,-1
496,85,221,232,112,69,1,-1,-1,-1
496,87,286,163,83,59,1,-1,-1,-1
496,88,1034,41,47,41,1,-1,-1,-1
496,89,892,43,41,40,1,-1,-1,-1
496,90,917,25,47,41,1,-1,-1,-1
496,91,945,27,41,34,1,-1,-1,-1
496,92,957,19,40,23,1,-1,-1,-1
496,93,979,19,45,26,1,-1,-1,-1
496,96,1075,18,34,53,1,-1,-1,-1
497,4,898,142,59,51,1,-1,-1,-1
497,22,796,576,145,129,1,-1,-1,-1
497,23,861,441,126,136,1,-1,-1,-1
497,24,958,111,53,52,1,-1,-1,-1
497,25,612,158,84,66,1,-1,-1,-1
497,26,692,132,70,59,1,-1,-1,-1
497,27,755,107,60,59,1,-1,-1,-1
497,28,851,68,48,35,1,-1,-1,-1
497,29,706,183,88,78,1,-1,-1,-1
497,30,519,381,136,116,1,-1,-1,-1
497,31,1006,246,101,81,1,-1,-1,-1
497,32,1071,188,80,76,1,-1,-1,-1
497,33,1092,163,71,56,1,-1,-1,-1
497,34,1144,256,80,66,1,-1,-1,-1
497,35,1208,288,141,71,1,-1,-1,-1
497,36,1186,331,165,76,1,-1,-1,-1
497,37,1181,391,180,91,1,-1,-1,-1
497,38,1168,517,138,140,1,-1,-1,-1
497,39,1169,629,300,181,1,-1,-1,-1
497,40,1084,826,352,186,1,-1,-1,-1
497,41,961,994,371,76,1,-1,-1,-1
497,42,1359,345,76,96,1,-1,-1,-1
497,83,0,316,73,70,1,-1,-1,-1
497,84,50,300,107,71,1,-1,-1,-1
497,85,222,233,112,69,1,-1,-1,-1
497,87,286,169,83,59,1,-1,-1,-1
497,88,1035,46,47,41,1,-1,-1,-1
497,89,893,50,41,40,1,-1,-1,-1
497,90,916,33,47,41,1,-1,-1,-1
497,91,944,33,41,34,1,-1,-1,-1
497,92,953,19,40,29,1,-1,-1,-1
497,93,979,23,45,27,1,-1,-1,-1
497,96,1076,23,34,53,1,-1,-1,-1
498,4,900,146,59,51,1,-1,-1,-1
498,22,793,578,147,131,1,-1,-1,-1
498,23,861,444,126,136,1,-1,-1,-1
498,24,960,112,53,52,1,-1,-1,-1
498,25,612,159,84,66,1,-1,-1,-1
498,26,693,133,70,59,1,-1,-1,-1
498,27,756,108,60,59,1,-1,-1,-1
498,28,852,71,48,36,1,-1,-1,-1
498,29,699,188,90,80,1,-1,-1,-1
498,30,530,380,134,113,1,-1,-1,-1
498,31,1006,248,101,81,1,-1,-1,-1
498,32,1071,191,80,76,1,-1,-1,-1
498,33,1092,165,71,56,1,-1,-1,-1
498,34,1144,259,80,66,1,-1,-1,-1
498,35,1206,296,141,71,1,-1,-1,-1
498,36,1186,337,165,77,1,-1,-1,-1
498,37,1181,397,180,90,1,-1,-1,-1
498,38,1167,521,141,140,1,-1,-1,-1
498,39,1170,631,300,181,1,-1,-1,-1
498,40,1084,829,352,185,1,-1,-1,-1
498,41,960,996,371,74,1,-1,-1,-1
498,42,1359,347,76,96,1,-1,-1,-1
498,83,0,318,73,70,1,-1,-1,-1
498,84,51,302,107,71,1,-1,-1,-1
498,85,222,239,112,69,1,-1,-1,-1
498,87,287,175,83,59,1,-1,-1,-1
498,88,1037,52,47,41,1,-1,-1,-1
498,89,894,58,41,40,1,-1,-1,-1
498,90,916,41,47,41,1,-1,-1,-1
498,91,943,39,41,35,1,-1,-1,-1
498,92,953,26,40,29,1,-1,-1,-1
498,93,979,26,45,28,1,-1,-1,-1
498,96,1077,29,34,53,1,-1,-1,-1
499,4,902,150,59,51,1,-1,-1,-1
499,22,790,580,150,133,1,-1,-1,-1
499,23,861,446,126,136,1,-1,-1,-1
499,24,962,113,53,52,1,-1,-1,-1
499,25,611,169,84,66,1,-1,-1,-1
499,26,694,143,70,59,1,-1,-1,-1
499,27,756,119,60,58,1,-1,-1,-1
499,28,852,80,49,38,1,-1,-1,-1
499,29,692,200,90,81,1,-1,-1,-1
499,30,542,380,131,109,1,-1,-1,-1
499,31,1006,251,101,81,1,-1,-1,-1
499,32,1071,194,80,76,1,-1,-1,-1
499,33,1091,167,71,56,1,-1,-1,-1
499,34,1144,262,80,66,1,-1,-1,-1
499,35,1205,305,141,71,1,-1,-1,-1
499,36,1186,344,165,77,1,-1,-1,-1
499,37,1181,403,180,90,1,-1,-1,-1
499,38,1165,525,146,140,1,-1,-1,-1
499,39,1171,633,300,181,1,-1,-1,-1
499,40,1084,831,352,186,1,-1,-1,-1
499,41,960,998,371,72,1,-1,-1,-1
499,42,1359,349,76,96,1,-1,-1,-1
499,83,0,320,73,70,1,-1,-1,-1
499,84,51,304,107,71,1,-1,-1,-1
499,85,222,245,112,69,1,-1,-1,-1
499,87,288,181,83,59,1,-1,-1,-1
499,88,1039,57,47,41,1,-1,-1,-1
499,89,895,65,41,40,1,-1,-1,-1
499,90,916,50,47,41,1,-1,-1,-1
499,91,943,46,41,34,1,-1,-1,-1
499,92,954,34,40,29,1,-1,-1,-1
499,93,979,29,45,29,1,-1,-1,-1
499,96,1078,35,34,53,1,-1,-1,-1
500,4,904,155,59,51,1,-1,-1,-1
500,22,788,583,152,134,1,-1,-1,-1
500,23,861,449,126,136,1,-1,-1,-1
500,24,964,114,53,52,1,-1,-1,-1
500,25,611,179,84,66,1,-1,-1,-1
500,26,695,153,70,60,1,-1,-1,-1
500,27,756,130,60,58,1,-1,-1,-1
500,28,853,89,49,40,1,-1,-1,-1
500,29,685,213,90,81,1,-1,-1,-1
500,30,553,379,129,106,1,-1,-1,-1
500,31,1007,254,101,81,1,-1,-1,-1
500,32,1071,197,80,76,1,-1,-1,-1
500,33,1091,169,71,56,1,-1,-1,-1
500,34,1144,265,80,66,1,-1,-1,-1
500,35,1203,314,141,71,1,-1,-1,-1
500,36,1186,351,165,77,1,-1,-1,-1
500,37,1181,409,180,90,1,-1,-1,-1
500,38,1164,529,150,140,1,-1,-1,-1
500,39,1172,638,300,181,1,-1,-1,-1
500,40,1084,833,352,186,1,-1,-1,-1
500,41,959,1000,371,70,1,-1,-1,-1
500,42,1360,352,76,96,1,-1,-1,-1
500,83,0,322,73,70,1,-1,-1,-1
500,84,51,306,107,71,1,-1,-1,-1
500,85,223,251,112,69,1,-1,-1,-1
500,87,289,187,83,59,1,-1,-1,-1
500,88,1041,63,47,41,1,-1,-1,-1
500,89,896,73,41,40,1,-1,-1,-1
500,90,916,58,47,41,1,-1,-1,-1
500,91,942,52,41,35,1,-1,-1,-1
500,92,954,41,40,29,1,-1,-1,-1
500,93,979,33,45,30,1,-1,-1,-1
500,96,1079,41,34,53,1,-1,-1,-1
501,4,906,166,59,54,1,-1,-1,-1
501,22,785,585,155,136,1,-1,-1,-1
501,23,861,452,126,136,1,-1,-1,-1
501,24,967,115,53,52,1,-1,-1,-1
501,25,611,189,84,66,1,-1,-1,-1
501,26,697,163,70,61,1,-1,-1,-1
501,27,756,141,60,58,1,-1,-1,-1
501,28,854,99,49,41,1,-1,-1,-1
501,29,678,226,90,81,1,-1,-1,-1
501,30,565,379,127,102,1,-1,-1,-1
501,31,1007,256,101,81,1,-1,-1,-1
501,32,1071,200,80,76,1,-1,-1,-1
501,33,1091,171,71,56,1,-1,-1,-1
501,34,1144,268,80,66,1,-1,-1,-1
501,35,1202,323,141,71,1,-1,-1,-1
501,36,1186,358,165,78,1,-1,-1,-1
501,37,1182,415,180,90,1,-1,-1,-1
501,38,1162,533,154,140,1,-1,-1,-1
501,39,1173,644,300,181,1,-1,-1,-1
501,40,1084,836,352,186,1,-1,-1,-1
501,41,959,1002,371,68,1,-1,-1,-1
501,42,1360,353,76,96,1,-1,-1,-1
501,83,0,324,74,70,1,-1,-1,-1
501,84,52,309,107,71,1,-1,-1,-1
501,85,220,263,112,70,1,-1,-1,-1
501,87,288,190,83,59,1,-1,-1,-1
501,88,1043,69,47,41,1,-1,-1,-1
501,89,897,81,41,40,1,-1,-1,-1
501,90,916,67,47,41,1,-1,-1,-1
501,91,942,59,41,35,1,-1,-1,-1
501,92,955,49,40,29,1,-1,-1,-1
501,93,979,41,45,27,1,-1,-1,-1
501,94,1107,3,27,25,1,-1,-1,-1
501,96,1081,47,34,53,1,-1,-1,-1
502,4,913,162,59,52,1,-1,-1,-1
502,22,783,588,157,137,1,-1,-1,-1
502,23,861,455,126,136,1,-1,-1,-1
502,24,970,113,53,52,1,-1,-1,-1
502,25,611,188,84,66,1,-1,-1,-1
502,26,697,162,70,61,1,-1,-1,-1
502,27,756,140,60,57,1,-1,-1,-1
502,28,853,97,50,43,1,-1,-1,-1
502,29,670,230,90,81,1,-1,-1,-1
502,30,577,371,124,100,1,-1,-1,-1
502,31,1008,259,101,81,1,-1,-1,-1
502,32,1071,203,80,76,1,-1,-1,-1
502,33,1091,173,71,56,1,-1,-1,-1
502,34,1144,271,80,66,1,-1,-1,-1
502,35,1202,322,141,71,1,-1,-1,-1
502,36,1186,358,165,78,1,-1,-1,-1
502,37,1181,415,180,90,1,-1,-1,-1
502,38,1161,537,158,140,1,-1,-1,-1
502,39,1174,649,300,181,1,-1,-1,-1
502,40,1084,838,352,186,1,-1,-1,-1
502,41,958,1004,371,66,1,-1,-1,-1
502,42,1360,355,76,96,1,-1,-1,-1
502,83,0,324,74,70,1,-1,-1,-1
502,84,52,309,107,71,1,-1,-1,-1
502,85,220,261,112,70,1,-1,-1,-1
502,87,287,194,83,59,1,-1,-1,-1
502,88,1045,69,47,41,1,-1,-1,-1
502,89,897,81,41,40,1,-1,-1,-1
502,90,916,67,47,41,1,-1,-1,-1
502,91,942,59,41,35,1,-1,-1,-1
502,92,955,49,40,29,1,-1,-1,-1
502,93,979,50,46,24,1,-1,-1,-1
502,94,1105,4,28,25,1,-1,-1,-1
502,96,1084,47,34,53,1,-1,-1,-1
503,4,921,158,59,51,1,-1,-1,-1
503,22,780,590,160,139,1,-1,-1,-1
503,23,861,458,126,136,1,-1,-1,-1
503,24,973,111,53,52,1,-1,-1,-1
503,25,612,187,84,66,1,-1,-1,-1
503,26,698,161,70,61,1,-1,-1,-1
503,27,756,139,60,57,1,-1,-1,-1
503,28,853,96,50,44,1,-1,-1,-1
503,29,663,234,90,81,1,-1,-1,-1
503,30,589,364,121,97,1,-1,-1,-1
503,31,1008,262,101,81,1,-1,-1,-1
503,32,1071,206,80,76,1,-1,-1,-1
503,33,1091,175,71,56,1,-1,-1,-1
503,34,1144,275,80,66,1,-1,-1,-1
503,35,1202,322,141,71,1,-1,-1,-1
503,36,1186,359,165,78,1,-1,-1,-1
503,37,1181,415,180,90,1,-1,-1,-1
503,38,1160,541,162,141,1,-1,-1,-1
503,39,1176,655,300,181,1,-1,-1,-1
503,40,1084,841,352,186,1,-1,-1,-1
503,41,958,1006,371,65,1,-1,-1,-1
503,42,1360,356,76,96,1,-1,-1,-1
503,83,0,324,74,70,1,-1,-1,-1
503,84,52,309,107,71,1,-1,-1,-1
503,85,220,260,112,70,1,-1,-1,-1
503,87,286,198,83,59,1,-1,-1,-1
503,88,1047,69,47,41,1,-1,-1,-1
503,89,897,81,41,40,1,-1,-1,-1
503,90,916,67,47,41,1,-1,-1,-1
503,91,942,59,41,35,1,-1,-1,-1
503,92,955,49,40,29,1,-1,-1,-1
503,93,979,50,46,24,1,-1,-1,-1
503,94,1104,6,28,25,1,-1,-1,-1
503,96,1088,47,34,53,1,-1,-1,-1
504,4,925,158,59,51,1,-1,-1,-1
504,22,778,593,162,141,1,-1,-1,-1
504,23,861,461,126,136,1,-1,-1,-1
504,24,977,110,53,51,1,-1,-1,-1
504,25,613,187,84,66,1,-1,-1,-1
504,26,698,161,70,61,1,-1,-1,-1
504,27,756,138,60,57,1,-1,-1,-1
504,28,853,94,50,46,1,-1,-1,-1
504,29,656,238,90,81,1,-1,-1,-1
504,30,601,357,118,94,1,-1,-1,-1
504,31,1009,265,101,81,1,-1,-1,-1
504,32,1071,209,80,76,1,-1,-1,-1
504,33,1091,177,71,56,1,-1,-1,-1
504,34,1144,278,80,66,1,-1,-1,-1
504,35,1203,321,140,71,1,-1,-1,-1
504,36,1186,360,165,77,1,-1,-1,-1
504,37,1181,415,180,90,1,-1,-1,-1
504,38,1160,541,162,141,1,-1,-1,-1
504,39,1170,655,300,181,1,-1,-1,-1
504,40,1084,841,352,186,1,-1,-1,-1
504,41,958,1006,371,65,1,-1,-1,-1
504,42,1360,358,76,96,1,-1,-1,-1
504,83,0,324,74,70,1,-1,-1,-1
504,84,52,309,107,71,1,-1,-1,-1
504,85,220,259,112,69,1,-1,-1,-1
504,87,286,198,83,59,1,-1,-1,-1
504,88,1050,70,47,41,1,-1,-1,-1
504,89,897,81,41,40,1,-1,-1,-1
504,90,916,67,47,41,1,-1,-1,-1
504,91,942,59,41,35,1,-1,-1,-1
504,92,955,49,40,29,1,-1,-1,-1
504,93,979,50,46,24,1,-1,-1,-1
504,94,1103,7,28,25,1,-1,-1,-1
504,96,1092,47,34,53,1,-1,-1,-1
505,4,929,158,59,51,1,-1,-1,-1
505,22,778,593,162,141,1,-1,-1,-1
505,23,861,461,126,136,1,-1,-1,-1
505,24,980,108,53,51,1,-1,-1,-1
505,25,613,186,84,66,1,-1,-1,-1
505,26,699,160,70,61,1,-1,-1,-1
505,27,756,137,60,57,1,-1,-1,-1
505,28,853,93,50,47,1,-1,-1,-1
505,29,649,243,90,80,1,-1,-1,-1
505,30,613,350,115,91,1,-1,-1,-1
505,31,1009,267,101,81,1,-1,-1,-1
505,32,1071,212,80,76,1,-1,-1,-1
505,33,1091,179,71,56,1,-1,-1,-1
505,34,1144,281,80,66,1,-1,-1,-1
505,35,1203,321,141,71,1,-1,-1,-1
505,36,1187,361,165,77,1,-1,-1,-1
505,37,1180,415,180,90,1,-1,-1,-1
505,38,1160,541,162,141,1,-1,-1,-1
505,39,1165,655,300,181,1,-1,-1,-1
505,40,1084,841,352,186,1,-1,-1,-1
505,41,958,1006,371,65,1,-1,-1,-1
505,42,1360,359,76,96,1,-1,-1,-1
505,83,0,324,74,70,1,-1,-1,-1
505,84,52,309,107,71,1,-1,-1,-1
505,85,221,258,112,69,1,-1,-1,-1
505,87,286,198,83,59,1,-1,-1,-1
505,88,1052,70,47,41,1,-1,-1,-1
505,89,897,81,41,40,1,-1,-1,-1
505,90,916,67,47,41,1,-1,-1,-1
505,91,942,59,41,35,1,-1,-1,-1
505,92,955,49,40,29,1,-1,-1,-1
505,93,979,50,46,24,1,-1,-1,-1
505,94,1102,9,29,25,1,-1,-1,-1
505,96,1091,46,34,53,1,-1,-1,-1
506,4,933,158,59,51,1,-1,-1,-1
506,22,778,593,162,141,1,-1,-1,-1
506,23,861,461,126,136,1,-1,-1,-1
506,24,983,106,53,51,1,-1,-1,-1
506,25,614,185,84,66,1,-1,-1,-1
506,26,699,159,70,61,1,-1,-1,-1
506,27,756,136,60,57,1,-1,-1,-1
506,28,853,91,50,49,1,-1,-1,-1
506,29,642,248,90,80,1,-1,-1,-1
506,30,626,343,111,91,1,-1,-1,-1
506,31,1010,270,101,81,1,-1,-1,-1
506,32,1071,215,80,76,1,-1,-1,-1
506,33,1091,181,71,56,1,-1,-1,-1
506,34,1144,284,80,66,1,-1,-1,-1
506,35,1204,320,140,71,1,-1,-1,-1
506,36,1187,362,165,76,1,-1,-1,-1
506,37,1180,415,180,90,1,-1,-1,-1
506,38,1160,541,162,141,1,-1,-1,-1
506,39,1160,655,300,181,1,-1,-1,-1
506,40,1084,841,352,186,1,-1,-1,-1
506,41,958,1006,371,65,1,-1,-1,-1
506,42,1360,361,76,96,1,-1,-1,-1
506,83,0,324,74,70,1,-1,-1,-1
506,84,52,309,107,71,1,-1,-1,-1
506,85,221,258,112,69,1,-1,-1,-1
506,87,286,198,83,59,1,-1,-1,-1
506,88,1054,70,47,41,1,-1,-1,-1
506,89,897,81,41,40,1,-1,-1,-1
506,90,916,67,47,41,1,-1,-1,-1
506,91,942,59,41,35,1,-1,-1,-1
506,92,955,49,40,29,1,-1,-1,-1
506,93,979,50,46,24,1,-1,-1,-1
506,94,1102,9,29,25,1,-1,-1,-1
506,96,1091,45,34,53,1,-1,-1,-1
507,4,933,158,59,51,1,-1,-1,-1
507,22,778,593,162,141,1,-1,-1,-1
507,23,861,461,126,136,1,-1,-1,-1
507,24,987,105,53,51,1,-1,-1,-1
507,25,615,185,84,66,1,-1,-1,-1
507,26,700,159,70,61,1,-1,-1,-1
507,27,757,136,60,56,1,-1,-1,-1
507,28,853,90,50,50,1,-1,-1,-1
507,29,635,253,90,80,1,-1,-1,-1
507,30,639,336,107,91,1,-1,-1,-1
507,31,1010,273,101,81,1,-1,-1,-1
507,32,1071,218,80,76,1,-1,-1,-1
507,33,1091,183,71,56,1,-1,-1,-1
507,34,1144,287,80,66,1,-1,-1,-1
507,35,1204,320,140,71,1,-1,-1,-1
507,36,1187,363,165,76,1,-1,-1,-1
507,37,1180,415,180,90,1,-1,-1,-1
507,38,1160,541,162,141,1,-1,-1,-1
507,39,1155,655,300,181,1,-1,-1,-1
507,40,1084,841,352,186,1,-1,-1,-1
507,41,958,1006,371,65,1,-1,-1,-1
507,42,1360,361,76,96,1,-1,-1,-1
507,83,0,324,74,70,1,-1,-1,-1
507,84,52,309,107,71,1,-1,-1,-1
507,85,221,258,112,69,1,-1,-1,-1
507,87,286,198,83,59,1,-1,-1,-1
507,88,1056,70,47,41,1,-1,-1,-1
507,89,897,81,41,40,1,-1,-1,-1
507,90,916,67,47,41,1,-1,-1,-1
507,91,942,59,41,35,1,-1,-1,-1
507,92,955,49,40,29,1,-1,-1,-1
507,93,979,50,46,24,1,-1,-1,-1
507,94,1102,9,29,25,1,-1,-1,-1
507,96,1091,44,34,53,1,-1,-1,-1
508,4,933,158,59,51,1,-1,-1,-1
508,22,778,593,162,141,1,-1,-1,-1
508,23,861,461,126,136,1,-1,-1,-1
508,24,987,105,53,51,1,-1,-1,-1
508,25,615,185,84,66,1,-1,-1,-1
508,26,700,159,70,61,1,-1,-1,-1
508,27,757,136,60,56,1,-1,-1,-1
508,28,853,90,50,50,1,-1,-1,-1
508,29,629,259,90,80,1,-1,-1,-1
508,30,652,330,104,91,1,-1,-1,-1
508,31,1011,276,101,81,1,-1,-1,-1
508,32,1071,222,80,76,1,-1,-1,-1
508,33,1091,185,71,56,1,-1,-1,-1
508,34,1144,291,80,66,1,-1,-1,-1
508,35,1205,320,140,71,1,-1,-1,-1
508,36,1188,364,165,76,1,-1,-1,-1
508,37,1180,415,180,91,1,-1,-1,-1
508,38,1160,541,162,141,1,-1,-1,-1
508,39,1150,656,300,181,1,-1,-1,-1
508,40,1084,841,352,186,1,-1,-1,-1
508,41,958,1006,371,65,1,-1,-1,-1
508,42,1360,361,76,96,1,-1,-1,-1
508,83,0,324,74,70,1,-1,-1,-1
508,84,52,309,107,71,1,-1,-1,-1
508,85,221,258,112,69,1,-1,-1,-1
508,87,286,198,83,59,1,-1,-1,-1
508,88,1059,71,47,41,1,-1,-1,-1
508,89,897,81,41,40,1,-1,-1,-1
508,90,916,67,47,41,1,-1,-1,-1
508,91,942,59,41,35,1,-1,-1,-1
508,92,955,49,40,29,1,-1,-1,-1
508,93,979,50,46,24,1,-1,-1,-1
508,94,1102,9,29,25,1,-1,-1,-1
508,96,1091,44,34,53,1,-1,-1,-1
