1,0,27,221,63,21,1,-1,-1,-1
1,1,130,234,66,24,1,-1,-1,-1
1,2,203,220,57,20,1,-1,-1,-1
1,3,122,215,50,24,1,-1,-1,-1
1,4,109,210,43,20,1,-1,-1,-1
1,5,610,199,49,22,1,-1,-1,-1
1,6,698,189,53,20,1,-1,-1,-1
1,7,585,181,47,20,1,-1,-1,-1
1,8,558,177,42,16,1,-1,-1,-1
1,9,543,168,41,17,1,-1,-1,-1
1,10,620,167,49,17,1,-1,-1,-1
1,11,674,172,43,19,1,-1,-1,-1
1,12,703,178,42,20,1,-1,-1,-1
1,13,726,160,60,23,1,-1,-1,-1
1,14,249,103,18,11,1,-1,-1,-1
1,15,271,102,15,11,1,-1,-1,-1
1,16,289,102,15,11,1,-1,-1,-1
1,17,307,101,16,12,1,-1,-1,-1
1,18,326,101,16,11,1,-1,-1,-1
1,19,345,101,14,11,1,-1,-1,-1
1,20,363,101,13,12,1,-1,-1,-1
1,21,289,115,17,16,1,-1,-1,-1
1,22,310,115,18,13,1,-1,-1,-1
1,23,330,114,16,13,1,-1,-1,-1
1,24,352,114,16,13,1,-1,-1,-1
1,25,411,101,13,11,1,-1,-1,-1
1,26,466,115,14,13,1,-1,-1,-1
1,27,506,114,16,14,1,-1,-1,-1
1,28,548,123,24,18,1,-1,-1,-1
1,29,501,100,13,11,1,-1,-1,-1
1,30,518,101,13,11,1,-1,-1,-1
1,31,569,100,13,13,1,-1,-1,-1
1,32,589,97,14,15,1,-1,-1,-1
1,33,604,94,28,20,1,-1,-1,-1
1,36,820,169,55,20,1,-1,-1,-1
1,37,436,93,61,25,1,-1,-1,-1
1,38,872,164,41,17,1,-1,-1,-1
1,39,920,179,51,17,1,-1,-1,-1
1,40,823,180,51,17,1,-1,-1,-1
1,42,952,187,42,18,1,-1,-1,-1
1,43,975,171,48,18,1,-1,-1,-1
1,44,995,163,28,16,1,-1,-1,-1
2,0,27,221,62,21,1,-1,-1,-1
2,1,131,234,66,24,1,-1,-1,-1
2,2,203,220,57,20,1,-1,-1,-1
2,3,123,215,50,24,1,-1,-1,-1
2,4,111,209,44,20,1,-1,-1,-1
2,5,609,199,49,22,1,-1,-1,-1
2,6,696,189,53,20,1,-1,-1,-1
2,7,582,181,47,20,1,-1,-1,-1
2,8,556,177,41,17,1,-1,-1,-1
2,9,542,169,41,17,1,-1,-1,-1
2,10,619,167,49,17,1,-1,-1,-1
2,11,673,172,43,19,1,-1,-1,-1
2,12,701,178,42,20,1,-1,-1,-1
2,13,725,160,60,23,1,-1,-1,-1
2,14,249,103,18,11,1,-1,-1,-1
2,15,271,102,15,11,1,-1,-1,-1
2,16,289,102,15,11,1,-1,-1,-1
2,17,307,101,16,12,1,-1,-1,-1
2,18,326,101,16,11,1,-1,-1,-1
2,19,345,101,14,11,1,-1,-1,-1
2,20,363,101,13,12,1,-1,-1,-1
2,21,289,115,17,16,1,-1,-1,-1
2,22,310,115,18,13,1,-1,-1,-1
2,23,330,114,16,13,1,-1,-1,-1
2,24,352,114,16,13,1,-1,-1,-1
2,25,411,101,13,11,1,-1,-1,-1
2,26,466,115,14,12,1,-1,-1,-1
2,27,506,114,16,14,1,-1,-1,-1
2,28,548,123,24,18,1,-1,-1,-1
2,29,501,100,13,12,1,-1,-1,-1
2,30,518,101,13,11,1,-1,-1,-1
2,31,569,100,14,13,1,-1,-1,-1
2,32,589,96,14,16,1,-1,-1,-1
2,33,604,94,28,20,1,-1,-1,-1
2,36,820,169,55,20,1,-1,-1,-1
2,37,437,93,61,24,1,-1,-1,-1
2,38,872,164,40,17,1,-1,-1,-1
2,39,920,179,51,17,1,-1,-1,-1
2,40,822,180,51,17,1,-1,-1,-1
2,42,951,187,42,18,1,-1,-1,-1
2,43,975,171,48,18,1,-1,-1,-1
2,44,994,163,29,16,1,-1,-1,-1
3,0,27,221,62,21,1,-1,-1,-1
3,1,131,235,65,24,1,-1,-1,-1
3,2,203,220,57,20,1,-1,-1,-1
3,3,123,215,50,24,1,-1,-1,-1
3,4,113,209,45,19,1,-1,-1,-1
3,5,608,199,49,22,1,-1,-1,-1
3,6,694,189,53,20,1,-1,-1,-1
3,7,580,181,47,20,1,-1,-1,-1
3,8,555,177,41,17,1,-1,-1,-1
3,9,540,169,41,17,1,-1,-1,-1
3,10,618,167,49,17,1,-1,-1,-1
3,11,671,172,43,19,1,-1,-1,-1
3,12,700,178,42,20,1,-1,-1,-1
3,13,723,160,60,23,1,-1,-1,-1
3,14,249,103,18,11,1,-1,-1,-1
3,15,271,103,15,11,1,-1,-1,-1
3,16,289,102,15,11,1,-1,-1,-1
3,17,307,101,16,12,1,-1,-1,-1
3,18,326,101,16,11,1,-1,-1,-1
3,19,345,101,14,11,1,-1,-1,-1
3,20,363,101,13,12,1,-1,-1,-1
3,21,290,115,17,15,1,-1,-1,-1
3,22,310,115,18,13,1,-1,-1,-1
3,23,330,114,16,13,1,-1,-1,-1
3,24,352,114,16,13,1,-1,-1,-1
3,25,411,101,13,11,1,-1,-1,-1
3,26,466,115,14,12,1,-1,-1,-1
3,27,506,114,16,14,1,-1,-1,-1
3,28,548,123,24,18,1,-1,-1,-1
3,29,501,100,13,12,1,-1,-1,-1
3,30,518,101,13,11,1,-1,-1,-1
3,31,569,100,14,13,1,-1,-1,-1
3,32,589,96,15,15,1,-1,-1,-1
3,33,604,94,28,20,1,-1,-1,-1
3,36,819,169,55,20,1,-1,-1,-1
3,37,437,94,61,24,1,-1,-1,-1
3,38,872,164,40,17,1,-1,-1,-1
3,39,920,179,51,17,1,-1,-1,-1
3,40,821,180,50,16,1,-1,-1,-1
3,42,950,187,42,18,1,-1,-1,-1
3,43,975,171,48,18,1,-1,-1,-1
3,44,994,163,29,16,1,-1,-1,-1
4,0,27,221,62,21,1,-1,-1,-1
4,1,131,235,65,24,1,-1,-1,-1
4,2,203,220,57,21,1,-1,-1,-1
4,3,123,215,50,24,1,-1,-1,-1
4,4,115,209,46,19,1,-1,-1,-1
4,5,607,200,49,22,1,-1,-1,-1
4,6,692,189,53,20,1,-1,-1,-1
4,7,578,181,47,20,1,-1,-1,-1
4,8,553,177,41,17,1,-1,-1,-1
4,9,538,169,41,17,1,-1,-1,-1
4,10,616,167,49,17,1,-1,-1,-1
4,11,670,172,43,19,1,-1,-1,-1
4,12,698,178,42,20,1,-1,-1,-1
4,13,722,160,60,23,1,-1,-1,-1
4,14,249,103,18,11,1,-1,-1,-1
4,15,271,103,15,11,1,-1,-1,-1
4,16,289,102,15,11,1,-1,-1,-1
4,17,307,101,16,12,1,-1,-1,-1
4,18,326,101,16,11,1,-1,-1,-1
4,19,345,102,14,11,1,-1,-1,-1
4,20,363,101,13,12,1,-1,-1,-1
4,21,290,115,17,15,1,-1,-1,-1
4,22,310,115,18,13,1,-1,-1,-1
4,23,330,114,16,13,1,-1,-1,-1
4,24,352,115,16,13,1,-1,-1,-1
4,25,411,101,13,11,1,-1,-1,-1
4,26,466,115,14,12,1,-1,-1,-1
4,27,506,114,16,14,1,-1,-1,-1
4,28,548,123,24,18,1,-1,-1,-1
4,29,502,100,13,12,1,-1,-1,-1
4,30,518,101,13,11,1,-1,-1,-1
4,31,569,100,14,13,1,-1,-1,-1
4,32,589,96,14,15,1,-1,-1,-1
4,33,604,94,28,20,1,-1,-1,-1
4,36,819,169,55,20,1,-1,-1,-1
4,37,438,94,61,24,1,-1,-1,-1
4,38,871,164,39,18,1,-1,-1,-1
4,39,920,179,52,17,1,-1,-1,-1
4,40,821,180,50,16,1,-1,-1,-1
4,42,949,187,42,18,1,-1,-1,-1
4,43,975,171,48,17,1,-1,-1,-1
4,44,994,163,29,16,1,-1,-1,-1
5,0,28,221,62,21,1,-1,-1,-1
5,1,131,235,65,24,1,-1,-1,-1
5,2,203,220,57,21,1,-1,-1,-1
5,3,124,215,50,25,1,-1,-1,-1
5,4,117,209,48,19,1,-1,-1,-1
5,5,606,200,49,22,1,-1,-1,-1
5,6,690,189,53,20,1,-1,-1,-1
5,7,576,181,47,20,1,-1,-1,-1
5,8,551,177,41,17,1,-1,-1,-1
5,9,536,169,41,16,1,-1,-1,-1
5,10,615,167,49,17,1,-1,-1,-1
5,11,668,172,43,19,1,-1,-1,-1
5,12,697,178,42,20,1,-1,-1,-1
5,13,720,160,60,23,1,-1,-1,-1
5,14,249,103,18,11,1,-1,-1,-1
5,15,271,103,15,11,1,-1,-1,-1
5,16,290,102,15,11,1,-1,-1,-1
5,17,307,101,16,12,1,-1,-1,-1
5,18,326,101,16,11,1,-1,-1,-1
5,19,345,102,14,11,1,-1,-1,-1
5,20,363,101,13,12,1,-1,-1,-1
5,21,290,115,17,15,1,-1,-1,-1
5,22,310,116,18,13,1,-1,-1,-1
5,23,330,114,16,13,1,-1,-1,-1
5,24,352,115,16,13,1,-1,-1,-1
5,25,411,101,13,11,1,-1,-1,-1
5,26,466,115,14,12,1,-1,-1,-1
5,27,506,115,16,14,1,-1,-1,-1
5,28,548,123,24,18,1,-1,-1,-1
5,29,502,99,13,12,1,-1,-1,-1
5,30,518,101,13,11,1,-1,-1,-1
5,31,569,100,14,13,1,-1,-1,-1
5,32,589,97,14,15,1,-1,-1,-1
5,33,604,95,28,20,1,-1,-1,-1
5,34,430,101,9,10,1,-1,-1,-1
5,36,819,169,55,20,1,-1,-1,-1
5,37,438,94,61,24,1,-1,-1,-1
5,38,871,164,39,18,1,-1,-1,-1
5,39,921,179,52,17,1,-1,-1,-1
5,40,820,180,50,16,1,-1,-1,-1
5,42,947,187,42,18,1,-1,-1,-1
5,43,974,171,48,17,1,-1,-1,-1
5,44,993,163,30,16,1,-1,-1,-1
6,0,28,221,62,22,1,-1,-1,-1
6,1,131,235,65,24,1,-1,-1,-1
6,2,203,220,57,21,1,-1,-1,-1
6,3,124,215,50,25,1,-1,-1,-1
6,4,120,209,49,19,1,-1,-1,-1
6,5,604,200,49,22,1,-1,-1,-1
6,6,688,189,53,20,1,-1,-1,-1
6,7,573,181,47,20,1,-1,-1,-1
6,8,549,177,41,17,1,-1,-1,-1
6,9,534,169,41,16,1,-1,-1,-1
6,10,613,167,49,17,1,-1,-1,-1
6,11,667,173,43,19,1,-1,-1,-1
6,12,695,179,42,20,1,-1,-1,-1
6,13,719,161,60,23,1,-1,-1,-1
6,14,249,103,18,11,1,-1,-1,-1
6,15,271,103,15,11,1,-1,-1,-1
6,16,290,102,15,11,1,-1,-1,-1
6,17,307,101,16,12,1,-1,-1,-1
6,18,327,101,16,11,1,-1,-1,-1
6,19,345,102,14,11,1,-1,-1,-1
6,20,363,101,13,12,1,-1,-1,-1
6,21,290,115,17,15,1,-1,-1,-1
6,22,310,116,18,13,1,-1,-1,-1
6,23,330,114,16,13,1,-1,-1,-1
6,24,353,115,16,13,1,-1,-1,-1
6,25,411,101,13,11,1,-1,-1,-1
6,26,466,116,14,12,1,-1,-1,-1
6,27,506,115,16,14,1,-1,-1,-1
6,28,548,123,24,18,1,-1,-1,-1
6,29,502,99,13,12,1,-1,-1,-1
6,30,518,101,13,11,1,-1,-1,-1
6,31,569,100,14,13,1,-1,-1,-1
6,32,590,98,12,14,1,-1,-1,-1
6,33,605,95,28,21,1,-1,-1,-1
6,34,430,101,9,10,1,-1,-1,-1
6,36,818,170,55,20,1,-1,-1,-1
6,37,439,94,62,24,1,-1,-1,-1
6,38,871,164,38,18,1,-1,-1,-1
6,39,921,179,52,17,1,-1,-1,-1
6,40,819,180,49,16,1,-1,-1,-1
6,42,946,187,42,18,1,-1,-1,-1
6,43,974,172,49,17,1,-1,-1,-1
6,44,993,163,30,16,1,-1,-1,-1
7,0,28,221,62,22,1,-1,-1,-1
7,1,132,235,65,24,1,-1,-1,-1
7,2,203,220,57,21,1,-1,-1,-1
7,3,124,215,50,25,1,-1,-1,-1
7,4,122,209,50,18,1,-1,-1,-1
7,5,603,200,49,22,1,-1,-1,-1
7,6,686,189,53,20,1,-1,-1,-1
7,7,571,181,46,20,1,-1,-1,-1
7,8,547,177,41,17,1,-1,-1,-1
7,9,532,169,41,16,1,-1,-1,-1
7,10,612,167,49,17,1,-1,-1,-1
7,11,665,173,43,19,1,-1,-1,-1
7,12,693,179,42,19,1,-1,-1,-1
7,13,717,161,60,22,1,-1,-1,-1
7,14,249,103,18,11,1,-1,-1,-1
7,15,271,103,15,11,1,-1,-1,-1
7,16,290,102,15,11,1,-1,-1,-1
7,17,307,101,16,12,1,-1,-1,-1
7,18,327,101,16,11,1,-1,-1,-1
7,19,345,102,14,11,1,-1,-1,-1
7,20,363,101,13,12,1,-1,-1,-1
7,21,290,115,17,15,1,-1,-1,-1
7,22,310,116,18,13,1,-1,-1,-1
7,23,330,114,16,13,1,-1,-1,-1
7,24,353,115,16,13,1,-1,-1,-1
7,25,411,101,13,11,1,-1,-1,-1
7,26,466,116,14,12,1,-1,-1,-1
7,27,506,115,16,14,1,-1,-1,-1
7,28,548,123,24,18,1,-1,-1,-1
7,29,502,99,13,12,1,-1,-1,-1
7,30,518,101,13,11,1,-1,-1,-1
7,31,569,100,14,13,1,-1,-1,-1
7,32,590,97,14,16,1,-1,-1,-1
7,33,605,95,28,21,1,-1,-1,-1
7,34,430,101,10,10,1,-1,-1,-1
7,36,818,170,55,20,1,-1,-1,-1
7,37,440,94,62,24,1,-1,-1,-1
7,38,871,164,37,18,1,-1,-1,-1
7,39,921,179,52,17,1,-1,-1,-1
7,40,818,180,49,16,1,-1,-1,-1
7,42,945,188,42,18,1,-1,-1,-1
7,43,974,172,49,17,1,-1,-1,-1
7,44,993,163,30,16,1,-1,-1,-1
8,0,28,221,62,22,1,-1,-1,-1
8,1,132,235,65,24,1,-1,-1,-1
8,2,204,220,57,21,1,-1,-1,-1
8,3,124,215,50,25,1,-1,-1,-1
8,4,125,209,49,19,1,-1,-1,-1
8,5,602,201,49,23,1,-1,-1,-1
8,6,684,190,53,19,1,-1,-1,-1
8,7,569,182,46,20,1,-1,-1,-1
8,8,545,177,41,17,1,-1,-1,-1
8,9,530,169,41,16,1,-1,-1,-1
8,10,611,167,49,17,1,-1,-1,-1
8,11,664,173,43,19,1,-1,-1,-1
8,12,692,179,42,19,1,-1,-1,-1
8,13,716,161,60,23,1,-1,-1,-1
8,14,249,104,18,11,1,-1,-1,-1
8,15,271,103,15,11,1,-1,-1,-1
8,16,290,102,15,11,1,-1,-1,-1
8,17,307,101,16,12,1,-1,-1,-1
8,18,327,101,16,11,1,-1,-1,-1
8,19,345,102,14,11,1,-1,-1,-1
8,20,363,101,13,12,1,-1,-1,-1
8,21,290,115,17,15,1,-1,-1,-1
8,22,310,116,18,13,1,-1,-1,-1
8,23,331,115,16,13,1,-1,-1,-1
8,24,353,115,16,13,1,-1,-1,-1
8,25,411,101,13,11,1,-1,-1,-1
8,26,466,116,14,12,1,-1,-1,-1
8,27,506,115,16,14,1,-1,-1,-1
8,28,548,123,24,18,1,-1,-1,-1
8,29,502,99,13,12,1,-1,-1,-1
8,30,518,101,13,11,1,-1,-1,-1
8,31,569,100,14,13,1,-1,-1,-1
8,32,590,98,13,14,1,-1,-1,-1
8,33,605,95,28,21,1,-1,-1,-1
8,34,430,101,10,10,1,-1,-1,-1
8,36,818,170,55,20,1,-1,-1,-1
8,37,440,94,62,24,1,-1,-1,-1
8,38,870,164,37,18,1,-1,-1,-1
8,39,920,179,51,17,1,-1,-1,-1
8,40,817,180,49,16,1,-1,-1,-1
8,42,944,188,42,18,1,-1,-1,-1
8,43,974,172,49,17,1,-1,-1,-1
8,44,993,163,30,17,1,-1,-1,-1
9,0,28,221,62,22,1,-1,-1,-1
9,1,132,235,65,24,1,-1,-1,-1
9,2,204,220,57,21,1,-1,-1,-1
9,3,125,215,50,25,1,-1,-1,-1
9,4,128,209,49,19,1,-1,-1,-1
9,5,601,201,49,23,1,-1,-1,-1
9,6,682,190,52,19,1,-1,-1,-1
9,7,566,182,46,20,1,-1,-1,-1
9,8,543,177,41,17,1,-1,-1,-1
9,9,528,169,42,16,1,-1,-1,-1
9,10,609,167,49,17,1,-1,-1,-1
9,11,662,173,43,19,1,-1,-1,-1
9,12,690,179,42,19,1,-1,-1,-1
9,13,714,161,60,23,1,-1,-1,-1
9,14,249,104,18,11,1,-1,-1,-1
9,15,272,103,15,11,1,-1,-1,-1
9,16,291,102,15,11,1,-1,-1,-1
9,17,307,102,16,12,1,-1,-1,-1
9,18,327,101,16,11,1,-1,-1,-1
9,19,345,102,14,11,1,-1,-1,-1
9,20,364,102,13,12,1,-1,-1,-1
9,21,290,115,17,15,1,-1,-1,-1
9,22,311,116,18,13,1,-1,-1,-1
9,23,331,115,16,13,1,-1,-1,-1
9,24,353,115,16,13,1,-1,-1,-1
9,25,411,101,13,11,1,-1,-1,-1
9,26,466,116,14,12,1,-1,-1,-1
9,27,506,115,16,14,1,-1,-1,-1
9,28,548,123,24,18,1,-1,-1,-1
9,29,503,100,13,12,1,-1,-1,-1
9,30,518,101,13,11,1,-1,-1,-1
9,31,569,100,14,13,1,-1,-1,-1
9,32,590,98,13,14,1,-1,-1,-1
9,33,605,95,28,21,1,-1,-1,-1
9,34,430,101,11,11,1,-1,-1,-1
9,36,817,170,55,20,1,-1,-1,-1
9,37,441,94,62,24,1,-1,-1,-1
9,38,868,165,37,17,1,-1,-1,-1
9,39,920,179,50,17,1,-1,-1,-1
9,40,816,180,49,16,1,-1,-1,-1
9,42,943,188,42,18,1,-1,-1,-1
9,43,974,172,49,17,1,-1,-1,-1
9,44,993,163,30,17,1,-1,-1,-1
10,0,29,221,62,22,1,-1,-1,-1
10,1,132,235,65,24,1,-1,-1,-1
10,2,204,220,57,21,1,-1,-1,-1
10,3,125,215,50,25,1,-1,-1,-1
10,4,131,209,48,19,1,-1,-1,-1
10,5,600,201,49,23,1,-1,-1,-1
10,6,680,190,52,19,1,-1,-1,-1
10,7,564,182,46,20,1,-1,-1,-1
10,8,541,177,41,17,1,-1,-1,-1
10,9,527,169,42,16,1,-1,-1,-1
10,10,608,167,49,18,1,-1,-1,-1
10,11,661,173,43,19,1,-1,-1,-1
10,12,689,179,41,19,1,-1,-1,-1
10,13,713,161,60,23,1,-1,-1,-1
10,14,249,104,18,11,1,-1,-1,-1
10,15,272,103,15,11,1,-1,-1,-1
10,16,291,103,15,12,1,-1,-1,-1
10,17,307,102,16,12,1,-1,-1,-1
10,18,327,101,16,11,1,-1,-1,-1
10,19,346,102,14,11,1,-1,-1,-1
10,20,364,102,13,12,1,-1,-1,-1
10,21,290,115,17,15,1,-1,-1,-1
10,22,311,116,18,12,1,-1,-1,-1
10,23,331,115,16,13,1,-1,-1,-1
10,24,353,115,16,13,1,-1,-1,-1
10,25,412,101,13,11,1,-1,-1,-1
10,26,466,116,14,12,1,-1,-1,-1
10,27,506,115,16,14,1,-1,-1,-1
10,28,548,123,24,18,1,-1,-1,-1
10,29,503,100,12,12,1,-1,-1,-1
10,30,518,101,13,12,1,-1,-1,-1
10,31,569,100,14,13,1,-1,-1,-1
10,32,590,98,13,14,1,-1,-1,-1
10,33,605,95,28,21,1,-1,-1,-1
10,34,430,101,11,11,1,-1,-1,-1
10,36,817,170,55,20,1,-1,-1,-1
10,37,441,94,62,24,1,-1,-1,-1
10,38,867,165,36,17,1,-1,-1,-1
10,39,920,180,49,17,1,-1,-1,-1
10,40,815,180,49,16,1,-1,-1,-1
10,42,942,188,42,18,1,-1,-1,-1
10,43,974,172,48,17,1,-1,-1,-1
10,44,992,163,31,17,1,-1,-1,-1
11,0,29,221,62,22,1,-1,-1,-1
11,1,132,235,65,23,1,-1,-1,-1
11,2,204,220,57,21,1,-1,-1,-1
11,3,125,215,50,25,1,-1,-1,-1
11,4,134,209,47,20,1,-1,-1,-1
11,5,598,201,49,23,1,-1,-1,-1
11,6,678,190,52,19,1,-1,-1,-1
11,7,562,182,46,20,1,-1,-1,-1
11,8,539,178,41,17,1,-1,-1,-1
11,9,525,169,42,16,1,-1,-1,-1
11,10,606,167,49,18,1,-1,-1,-1
11,11,659,173,43,19,1,-1,-1,-1
11,12,687,179,41,19,1,-1,-1,-1
11,13,711,161,60,23,1,-1,-1,-1
11,14,250,104,18,11,1,-1,-1,-1
11,15,272,103,15,11,1,-1,-1,-1
11,16,291,103,15,12,1,-1,-1,-1
11,17,308,102,16,12,1,-1,-1,-1
11,18,327,101,16,12,1,-1,-1,-1
11,19,346,102,15,11,1,-1,-1,-1
11,20,364,102,13,12,1,-1,-1,-1
11,21,291,116,17,15,1,-1,-1,-1
11,22,311,116,18,12,1,-1,-1,-1
11,23,331,115,16,13,1,-1,-1,-1
11,24,353,115,16,13,1,-1,-1,-1
11,25,412,101,13,11,1,-1,-1,-1
11,26,466,116,14,12,1,-1,-1,-1
11,27,506,115,16,14,1,-1,-1,-1
11,28,548,123,24,19,1,-1,-1,-1
11,29,503,100,12,13,1,-1,-1,-1
11,30,518,101,13,12,1,-1,-1,-1
11,31,569,100,14,13,1,-1,-1,-1
11,32,590,98,13,14,1,-1,-1,-1
11,33,605,95,28,21,1,-1,-1,-1
11,34,430,101,11,11,1,-1,-1,-1
11,36,817,170,55,20,1,-1,-1,-1
11,37,442,94,63,24,1,-1,-1,-1
11,38,866,165,36,17,1,-1,-1,-1
11,39,919,180,48,17,1,-1,-1,-1
11,40,814,180,48,16,1,-1,-1,-1
11,42,941,188,42,18,1,-1,-1,-1
11,43,974,172,48,17,1,-1,-1,-1
11,44,992,164,31,17,1,-1,-1,-1
12,0,29,221,62,22,1,-1,-1,-1
12,1,133,235,65,23,1,-1,-1,-1
12,2,204,220,57,21,1,-1,-1,-1
12,3,125,215,50,25,1,-1,-1,-1
12,4,137,209,46,20,1,-1,-1,-1
12,5,597,202,48,23,1,-1,-1,-1
12,6,676,190,52,19,1,-1,-1,-1
12,7,559,182,46,20,1,-1,-1,-1
12,8,537,178,41,17,1,-1,-1,-1
12,9,523,169,42,16,1,-1,-1,-1
12,10,605,167,49,18,1,-1,-1,-1
12,11,658,173,43,19,1,-1,-1,-1
12,12,686,179,41,19,1,-1,-1,-1
12,13,710,161,60,23,1,-1,-1,-1
12,14,250,104,18,11,1,-1,-1,-1
12,15,272,103,15,11,1,-1,-1,-1
12,16,291,103,15,11,1,-1,-1,-1
12,17,308,102,16,12,1,-1,-1,-1
12,18,327,102,16,12,1,-1,-1,-1
12,19,346,102,15,11,1,-1,-1,-1
12,20,364,102,13,12,1,-1,-1,-1
12,21,291,116,17,15,1,-1,-1,-1
12,22,311,116,18,12,1,-1,-1,-1
12,23,331,115,16,13,1,-1,-1,-1
12,24,353,115,16,13,1,-1,-1,-1
12,25,412,102,13,11,1,-1,-1,-1
12,26,466,116,14,12,1,-1,-1,-1
12,27,506,115,16,14,1,-1,-1,-1
12,28,548,123,24,19,1,-1,-1,-1
12,29,503,100,12,13,1,-1,-1,-1
12,30,518,101,13,12,1,-1,-1,-1
12,31,569,100,14,13,1,-1,-1,-1
12,32,590,98,13,14,1,-1,-1,-1
12,33,605,95,28,21,1,-1,-1,-1
12,34,431,101,12,11,1,-1,-1,-1
12,36,816,170,55,20,1,-1,-1,-1
12,37,442,94,63,24,1,-1,-1,-1
12,38,865,165,36,17,1,-1,-1,-1
12,39,919,180,47,16,1,-1,-1,-1
12,40,813,180,48,16,1,-1,-1,-1
12,42,939,188,42,18,1,-1,-1,-1
12,43,974,172,48,17,1,-1,-1,-1
12,44,992,164,31,17,1,-1,-1,-1
13,0,29,221,61,22,1,-1,-1,-1
13,1,133,235,65,23,1,-1,-1,-1
13,2,204,220,57,21,1,-1,-1,-1
13,3,125,215,50,25,1,-1,-1,-1
13,4,140,209,45,20,1,-1,-1,-1
13,5,596,202,48,23,1,-1,-1,-1
13,6,674,190,52,19,1,-1,-1,-1
13,7,557,182,46,20,1,-1,-1,-1
13,8,535,178,41,17,1,-1,-1,-1
13,9,521,169,42,16,1,-1,-1,-1
13,10,604,167,49,18,1,-1,-1,-1
13,11,656,173,42,19,1,-1,-1,-1
13,12,684,179,41,19,1,-1,-1,-1
13,13,709,161,60,23,1,-1,-1,-1
13,14,250,104,18,11,1,-1,-1,-1
13,15,272,103,15,11,1,-1,-1,-1
13,16,291,103,15,11,1,-1,-1,-1
13,17,308,102,16,12,1,-1,-1,-1
13,18,327,102,16,12,1,-1,-1,-1
13,19,346,102,15,11,1,-1,-1,-1
13,20,364,102,13,12,1,-1,-1,-1
13,21,291,116,17,15,1,-1,-1,-1
13,22,311,116,18,12,1,-1,-1,-1
13,23,331,115,16,13,1,-1,-1,-1
13,24,353,116,16,13,1,-1,-1,-1
13,25,412,102,13,11,1,-1,-1,-1
13,26,466,116,14,12,1,-1,-1,-1
13,27,506,115,16,14,1,-1,-1,-1
13,28,548,123,24,19,1,-1,-1,-1
13,29,503,100,12,13,1,-1,-1,-1
13,30,519,101,13,12,1,-1,-1,-1
13,31,569,101,14,13,1,-1,-1,-1
13,32,590,98,13,14,1,-1,-1,-1
13,33,605,95,28,21,1,-1,-1,-1
13,34,431,101,12,11,1,-1,-1,-1
13,36,816,170,55,20,1,-1,-1,-1
13,37,443,94,63,24,1,-1,-1,-1
13,38,864,165,36,17,1,-1,-1,-1
13,39,918,181,46,16,1,-1,-1,-1
13,40,812,180,48,16,1,-1,-1,-1
13,42,938,188,41,18,1,-1,-1,-1
13,43,974,172,48,17,1,-1,-1,-1
13,44,992,164,31,17,1,-1,-1,-1
14,0,30,221,61,22,1,-1,-1,-1
14,1,133,235,65,23,1,-1,-1,-1
14,2,204,220,57,21,1,-1,-1,-1
14,3,126,215,50,25,1,-1,-1,-1
14,4,142,209,45,20,1,-1,-1,-1
14,5,595,202,48,23,1,-1,-1,-1
14,6,672,190,52,19,1,-1,-1,-1
14,7,555,182,46,20,1,-1,-1,-1
14,8,533,178,41,17,1,-1,-1,-1
14,9,519,169,42,16,1,-1,-1,-1
14,10,602,167,49,18,1,-1,-1,-1
14,11,655,173,42,19,1,-1,-1,-1
14,12,683,179,41,19,1,-1,-1,-1
14,13,707,161,60,23,1,-1,-1,-1
14,14,250,104,18,11,1,-1,-1,-1
14,15,272,104,15,11,1,-1,-1,-1
14,16,291,103,15,11,1,-1,-1,-1
14,17,308,102,16,12,1,-1,-1,-1
14,18,327,102,16,12,1,-1,-1,-1
14,19,346,102,15,11,1,-1,-1,-1
14,20,364,102,13,12,1,-1,-1,-1
14,21,291,116,17,15,1,-1,-1,-1
14,22,311,116,18,12,1,-1,-1,-1
14,23,331,115,16,13,1,-1,-1,-1
14,24,353,116,16,13,1,-1,-1,-1
14,25,412,102,13,11,1,-1,-1,-1
14,26,466,117,14,12,1,-1,-1,-1
14,27,506,115,16,14,1,-1,-1,-1
14,28,548,123,24,19,1,-1,-1,-1
14,29,504,100,11,12,1,-1,-1,-1
14,30,519,101,13,12,1,-1,-1,-1
14,31,569,101,14,13,1,-1,-1,-1
14,32,590,98,13,14,1,-1,-1,-1
14,33,605,95,27,21,1,-1,-1,-1
14,34,431,101,12,11,1,-1,-1,-1
14,36,815,170,55,21,1,-1,-1,-1
14,37,443,94,63,24,1,-1,-1,-1
14,38,864,165,35,17,1,-1,-1,-1
14,39,918,180,46,17,1,-1,-1,-1
14,40,812,180,48,17,1,-1,-1,-1
14,42,937,188,41,18,1,-1,-1,-1
14,43,973,172,48,17,1,-1,-1,-1
14,44,991,164,32,17,1,-1,-1,-1
15,0,30,221,61,22,1,-1,-1,-1
15,1,133,235,65,23,1,-1,-1,-1
15,2,205,220,57,21,1,-1,-1,-1
15,3,126,215,50,25,1,-1,-1,-1
15,4,144,209,45,20,1,-1,-1,-1
15,5,594,202,48,23,1,-1,-1,-1
15,6,671,190,52,19,1,-1,-1,-1
15,7,553,182,46,20,1,-1,-1,-1
15,8,531,178,41,17,1,-1,-1,-1
15,9,517,169,42,16,1,-1,-1,-1
15,10,601,167,49,18,1,-1,-1,-1
15,11,653,173,42,19,1,-1,-1,-1
15,12,681,179,41,19,1,-1,-1,-1
15,13,706,161,60,23,1,-1,-1,-1
15,14,250,104,18,11,1,-1,-1,-1
15,15,272,104,15,11,1,-1,-1,-1
15,16,291,103,15,11,1,-1,-1,-1
15,17,308,102,16,12,1,-1,-1,-1
15,18,327,102,16,12,1,-1,-1,-1
15,19,346,102,15,11,1,-1,-1,-1
15,20,364,102,13,12,1,-1,-1,-1
15,21,291,116,17,15,1,-1,-1,-1
15,22,311,116,18,12,1,-1,-1,-1
15,23,331,115,16,13,1,-1,-1,-1
15,24,353,116,16,13,1,-1,-1,-1
15,25,412,102,13,11,1,-1,-1,-1
15,26,466,117,14,12,1,-1,-1,-1
15,27,506,115,16,14,1,-1,-1,-1
15,28,548,123,24,19,1,-1,-1,-1
15,29,504,100,11,12,1,-1,-1,-1
15,30,519,101,13,12,1,-1,-1,-1
15,31,569,101,14,13,1,-1,-1,-1
15,32,590,98,13,14,1,-1,-1,-1
15,33,605,95,27,21,1,-1,-1,-1
15,34,431,101,12,12,1,-1,-1,-1
15,36,815,170,55,21,1,-1,-1,-1
15,37,444,94,64,24,1,-1,-1,-1
15,38,863,165,34,17,1,-1,-1,-1
15,39,918,180,45,17,1,-1,-1,-1
15,40,811,180,48,17,1,-1,-1,-1
15,42,936,188,41,18,1,-1,-1,-1
15,43,973,172,48,17,1,-1,-1,-1
15,44,991,164,32,17,1,-1,-1,-1
16,0,30,221,61,22,1,-1,-1,-1
16,1,133,235,64,23,1,-1,-1,-1
16,2,205,220,57,21,1,-1,-1,-1
16,3,126,215,50,25,1,-1,-1,-1
16,4,146,209,45,20,1,-1,-1,-1
16,5,592,202,48,23,1,-1,-1,-1
16,6,669,190,52,19,1,-1,-1,-1
16,7,550,182,46,20,1,-1,-1,-1
16,8,529,178,41,17,1,-1,-1,-1
16,9,515,169,42,16,1,-1,-1,-1
16,10,599,167,49,18,1,-1,-1,-1
16,11,652,173,42,19,1,-1,-1,-1
16,12,680,179,41,19,1,-1,-1,-1
16,13,704,161,59,23,1,-1,-1,-1
16,14,250,104,18,11,1,-1,-1,-1
16,15,272,104,15,11,1,-1,-1,-1
16,16,291,103,15,11,1,-1,-1,-1
16,17,308,102,16,12,1,-1,-1,-1
16,18,328,102,15,12,1,-1,-1,-1
16,19,346,102,15,11,1,-1,-1,-1
16,20,364,102,13,12,1,-1,-1,-1
16,21,291,116,17,15,1,-1,-1,-1
16,22,311,117,18,12,1,-1,-1,-1
16,23,331,115,16,13,1,-1,-1,-1
16,24,353,116,15,13,1,-1,-1,-1
16,25,412,102,13,11,1,-1,-1,-1
16,26,466,117,14,12,1,-1,-1,-1
16,27,506,115,16,14,1,-1,-1,-1
16,28,548,123,24,19,1,-1,-1,-1
16,29,504,100,11,12,1,-1,-1,-1
16,30,519,101,13,12,1,-1,-1,-1
16,31,569,101,15,13,1,-1,-1,-1
16,32,590,98,13,15,1,-1,-1,-1
16,33,605,95,27,21,1,-1,-1,-1
16,34,431,101,13,12,1,-1,-1,-1
16,36,815,170,55,21,1,-1,-1,-1
16,37,445,95,64,24,1,-1,-1,-1
16,38,863,165,33,17,1,-1,-1,-1
16,39,918,180,45,17,1,-1,-1,-1
16,40,810,180,48,17,1,-1,-1,-1
16,42,935,189,41,18,1,-1,-1,-1
16,43,973,172,48,17,1,-1,-1,-1
16,44,991,164,32,17,1,-1,-1,-1
17,0,30,221,61,22,1,-1,-1,-1
17,1,134,235,64,23,1,-1,-1,-1
17,2,205,220,56,21,1,-1,-1,-1
17,3,126,215,50,25,1,-1,-1,-1
17,4,148,209,45,20,1,-1,-1,-1
17,5,591,203,48,24,1,-1,-1,-1
17,6,667,190,52,19,1,-1,-1,-1
17,7,548,182,46,20,1,-1,-1,-1
17,8,527,178,41,17,1,-1,-1,-1
17,9,513,169,42,16,1,-1,-1,-1
17,10,598,167,48,18,1,-1,-1,-1
17,11,650,173,42,19,1,-1,-1,-1
17,12,678,179,41,19,1,-1,-1,-1
17,13,703,162,59,23,1,-1,-1,-1
17,14,250,104,18,11,1,-1,-1,-1
17,15,272,104,15,11,1,-1,-1,-1
17,16,291,103,15,11,1,-1,-1,-1
17,17,308,102,16,12,1,-1,-1,-1
17,18,328,102,15,12,1,-1,-1,-1
17,19,346,103,15,11,1,-1,-1,-1
17,20,364,102,13,12,1,-1,-1,-1
17,21,291,116,17,15,1,-1,-1,-1
17,22,311,117,18,12,1,-1,-1,-1
17,23,331,116,16,13,1,-1,-1,-1
17,24,353,116,15,13,1,-1,-1,-1
17,25,412,102,13,11,1,-1,-1,-1
17,26,466,117,14,12,1,-1,-1,-1
17,27,506,115,16,14,1,-1,-1,-1
17,28,548,123,24,19,1,-1,-1,-1
17,29,505,100,11,12,1,-1,-1,-1
17,30,519,101,13,12,1,-1,-1,-1
17,31,569,101,15,13,1,-1,-1,-1
17,32,590,98,13,15,1,-1,-1,-1
17,33,605,96,27,21,1,-1,-1,-1
17,34,431,101,13,12,1,-1,-1,-1
17,36,814,170,55,21,1,-1,-1,-1
17,37,445,95,64,24,1,-1,-1,-1
17,38,863,166,32,17,1,-1,-1,-1
17,39,918,180,44,18,1,-1,-1,-1
17,40,809,180,48,18,1,-1,-1,-1
17,42,934,189,41,18,1,-1,-1,-1
17,43,973,172,48,17,1,-1,-1,-1
17,44,990,164,33,17,1,-1,-1,-1
18,0,31,221,61,22,1,-1,-1,-1
18,1,134,235,64,23,1,-1,-1,-1
18,2,205,220,56,21,1,-1,-1,-1
18,3,127,215,50,25,1,-1,-1,-1
18,4,150,209,45,20,1,-1,-1,-1
18,5,590,203,48,24,1,-1,-1,-1
18,6,665,190,52,19,1,-1,-1,-1
18,7,546,182,46,20,1,-1,-1,-1
18,8,525,178,41,17,1,-1,-1,-1
18,9,511,169,42,16,1,-1,-1,-1
18,10,596,167,48,18,1,-1,-1,-1
18,11,649,173,42,19,1,-1,-1,-1
18,12,677,179,41,19,1,-1,-1,-1
18,13,701,162,59,23,1,-1,-1,-1
18,14,250,104,18,11,1,-1,-1,-1
18,15,272,104,15,11,1,-1,-1,-1
18,16,291,104,15,11,1,-1,-1,-1
18,17,308,102,16,12,1,-1,-1,-1
18,18,328,102,15,12,1,-1,-1,-1
18,19,346,103,15,11,1,-1,-1,-1
18,20,364,102,13,12,1,-1,-1,-1
18,21,291,116,17,15,1,-1,-1,-1
18,22,312,117,18,12,1,-1,-1,-1
18,23,332,116,16,13,1,-1,-1,-1
18,24,354,116,15,12,1,-1,-1,-1
18,25,412,102,13,11,1,-1,-1,-1
18,26,466,117,14,12,1,-1,-1,-1
18,27,506,115,16,14,1,-1,-1,-1
18,28,549,123,24,19,1,-1,-1,-1
18,29,505,100,10,12,1,-1,-1,-1
18,30,519,101,13,12,1,-1,-1,-1
18,31,569,101,15,13,1,-1,-1,-1
18,32,590,98,13,15,1,-1,-1,-1
18,33,605,96,27,21,1,-1,-1,-1
18,34,431,101,13,12,1,-1,-1,-1
18,36,814,170,55,21,1,-1,-1,-1
18,37,446,95,64,24,1,-1,-1,-1
18,38,863,166,31,17,1,-1,-1,-1
18,39,918,180,44,18,1,-1,-1,-1
18,40,808,180,48,18,1,-1,-1,-1
18,42,932,189,41,18,1,-1,-1,-1
18,43,972,172,48,17,1,-1,-1,-1
18,44,990,164,33,17,1,-1,-1,-1
19,0,31,221,61,22,1,-1,-1,-1
19,1,134,236,64,23,1,-1,-1,-1
19,2,205,220,56,21,1,-1,-1,-1
19,3,127,215,50,25,1,-1,-1,-1
19,4,152,210,45,20,1,-1,-1,-1
19,5,589,203,48,24,1,-1,-1,-1
19,6,663,190,51,19,1,-1,-1,-1
19,7,543,182,46,20,1,-1,-1,-1
19,8,523,178,41,17,1,-1,-1,-1
19,9,509,169,42,16,1,-1,-1,-1
19,10,595,167,48,18,1,-1,-1,-1
19,11,647,174,42,19,1,-1,-1,-1
19,12,675,180,41,19,1,-1,-1,-1
19,13,700,162,59,23,1,-1,-1,-1
19,14,250,105,18,11,1,-1,-1,-1
19,15,272,104,15,11,1,-1,-1,-1
19,16,291,104,15,11,1,-1,-1,-1
19,17,308,102,16,12,1,-1,-1,-1
19,18,328,102,15,12,1,-1,-1,-1
19,19,346,103,15,11,1,-1,-1,-1
19,20,365,103,13,12,1,-1,-1,-1
19,21,291,116,17,15,1,-1,-1,-1
19,22,312,117,18,12,1,-1,-1,-1
19,23,332,116,16,13,1,-1,-1,-1
19,24,354,116,15,12,1,-1,-1,-1
19,25,412,102,13,11,1,-1,-1,-1
19,26,466,117,14,12,1,-1,-1,-1
19,27,507,115,16,14,1,-1,-1,-1
19,28,549,123,24,19,1,-1,-1,-1
19,29,505,101,10,12,1,-1,-1,-1
19,30,519,101,14,12,1,-1,-1,-1
19,31,569,101,15,13,1,-1,-1,-1
19,32,590,98,13,15,1,-1,-1,-1
19,33,606,96,27,21,1,-1,-1,-1
19,34,431,101,12,12,1,-1,-1,-1
19,36,814,171,55,21,1,-1,-1,-1
19,37,446,95,64,24,1,-1,-1,-1
19,38,862,166,30,17,1,-1,-1,-1
19,39,917,180,44,18,1,-1,-1,-1
19,40,807,180,49,18,1,-1,-1,-1
19,42,931,189,41,18,1,-1,-1,-1
19,43,972,172,48,17,1,-1,-1,-1
19,44,989,164,34,17,1,-1,-1,-1
20,0,31,222,61,22,1,-1,-1,-1
20,1,134,235,64,23,1,-1,-1,-1
20,2,205,220,56,21,1,-1,-1,-1
20,3,127,215,50,25,1,-1,-1,-1
20,4,154,210,45,20,1,-1,-1,-1
20,5,587,204,48,24,1,-1,-1,-1
20,6,660,191,52,19,1,-1,-1,-1
20,7,541,182,46,20,1,-1,-1,-1
20,8,522,178,41,17,1,-1,-1,-1
20,9,507,170,42,16,1,-1,-1,-1
20,10,594,167,48,18,1,-1,-1,-1
20,11,645,174,42,19,1,-1,-1,-1
20,12,673,180,41,19,1,-1,-1,-1
20,13,699,162,59,23,1,-1,-1,-1
20,14,250,105,18,11,1,-1,-1,-1
20,15,272,104,15,11,1,-1,-1,-1
20,16,291,104,15,11,1,-1,-1,-1
20,17,308,102,16,12,1,-1,-1,-1
20,18,328,102,15,12,1,-1,-1,-1
20,19,346,103,15,11,1,-1,-1,-1
20,20,365,103,13,12,1,-1,-1,-1
20,21,291,116,17,15,1,-1,-1,-1
20,22,312,117,18,12,1,-1,-1,-1
20,23,332,116,16,13,1,-1,-1,-1
20,24,354,116,15,12,1,-1,-1,-1
20,25,412,102,13,11,1,-1,-1,-1
20,26,467,117,14,12,1,-1,-1,-1
20,27,506,115,16,14,1,-1,-1,-1
20,28,549,124,24,19,1,-1,-1,-1
20,30,519,102,13,12,1,-1,-1,-1
20,31,569,101,15,13,1,-1,-1,-1
20,32,590,98,13,15,1,-1,-1,-1
20,33,606,96,27,21,1,-1,-1,-1
20,34,431,101,12,12,1,-1,-1,-1
20,36,813,171,55,21,1,-1,-1,-1
20,37,447,95,64,24,1,-1,-1,-1
20,38,861,166,30,17,1,-1,-1,-1
20,39,918,180,43,18,1,-1,-1,-1
20,40,806,180,49,18,1,-1,-1,-1
20,42,931,189,41,18,1,-1,-1,-1
20,43,972,173,48,17,1,-1,-1,-1
20,44,989,164,34,18,1,-1,-1,-1
21,0,31,222,61,22,1,-1,-1,-1
21,1,134,235,64,23,1,-1,-1,-1
21,2,205,220,56,21,1,-1,-1,-1
21,3,127,215,50,25,1,-1,-1,-1
21,4,156,210,46,20,1,-1,-1,-1
21,5,586,204,48,24,1,-1,-1,-1
21,6,658,191,52,19,1,-1,-1,-1
21,7,538,182,46,20,1,-1,-1,-1
21,8,519,178,41,17,1,-1,-1,-1
21,9,505,170,42,16,1,-1,-1,-1
21,10,592,167,48,18,1,-1,-1,-1
21,11,643,174,42,19,1,-1,-1,-1
21,12,672,180,41,19,1,-1,-1,-1
21,13,697,162,59,23,1,-1,-1,-1
21,14,251,105,18,11,1,-1,-1,-1
21,15,272,104,15,11,1,-1,-1,-1
21,16,291,104,15,11,1,-1,-1,-1
21,17,308,103,16,12,1,-1,-1,-1
21,18,328,102,15,12,1,-1,-1,-1
21,19,346,103,15,11,1,-1,-1,-1
21,20,365,103,13,12,1,-1,-1,-1
21,21,291,116,17,15,1,-1,-1,-1
21,22,312,117,18,12,1,-1,-1,-1
21,23,332,116,16,13,1,-1,-1,-1
21,24,354,116,15,12,1,-1,-1,-1
21,25,412,102,13,11,1,-1,-1,-1
21,26,467,117,14,12,1,-1,-1,-1
21,27,506,116,16,14,1,-1,-1,-1
21,28,549,124,24,19,1,-1,-1,-1
21,30,519,102,13,12,1,-1,-1,-1
21,31,569,101,15,13,1,-1,-1,-1
21,32,590,99,13,15,1,-1,-1,-1
21,33,606,96,27,21,1,-1,-1,-1
21,34,432,101,12,12,1,-1,-1,-1
21,36,813,171,55,21,1,-1,-1,-1
21,37,448,95,64,24,1,-1,-1,-1
21,38,859,166,30,17,1,-1,-1,-1
21,39,918,180,42,17,1,-1,-1,-1
21,40,805,180,49,19,1,-1,-1,-1
21,42,930,189,40,18,1,-1,-1,-1
21,43,972,173,48,17,1,-1,-1,-1
21,44,988,164,35,18,1,-1,-1,-1
22,0,31,222,61,22,1,-1,-1,-1
22,1,134,235,64,23,1,-1,-1,-1
22,2,205,220,57,21,1,-1,-1,-1
22,3,128,215,50,25,1,-1,-1,-1
22,4,157,210,46,20,1,-1,-1,-1
22,5,585,204,48,24,1,-1,-1,-1
22,6,656,191,52,19,1,-1,-1,-1
22,7,535,182,46,20,1,-1,-1,-1
22,8,517,178,41,17,1,-1,-1,-1
22,9,503,170,42,16,1,-1,-1,-1
22,10,591,167,48,18,1,-1,-1,-1
22,11,642,174,42,19,1,-1,-1,-1
22,12,670,180,41,19,1,-1,-1,-1
22,13,696,162,59,23,1,-1,-1,-1
22,14,251,105,18,11,1,-1,-1,-1
22,15,273,104,15,11,1,-1,-1,-1
22,16,291,104,15,11,1,-1,-1,-1
22,17,308,103,16,12,1,-1,-1,-1
22,18,328,102,15,12,1,-1,-1,-1
22,19,346,103,15,11,1,-1,-1,-1
22,20,365,103,13,12,1,-1,-1,-1
22,21,291,116,17,15,1,-1,-1,-1
22,22,312,117,18,12,1,-1,-1,-1
22,23,332,116,16,13,1,-1,-1,-1
22,24,354,116,16,12,1,-1,-1,-1
22,25,412,102,13,11,1,-1,-1,-1
22,26,467,117,14,12,1,-1,-1,-1
22,27,506,116,16,14,1,-1,-1,-1
22,28,549,124,24,19,1,-1,-1,-1
22,30,519,102,13,12,1,-1,-1,-1
22,31,569,101,15,13,1,-1,-1,-1
22,32,591,99,13,15,1,-1,-1,-1
22,33,606,96,27,21,1,-1,-1,-1
22,34,432,102,11,12,1,-1,-1,-1
22,36,812,171,55,21,1,-1,-1,-1
22,37,449,95,64,24,1,-1,-1,-1
22,38,858,166,30,17,1,-1,-1,-1
22,39,918,181,41,17,1,-1,-1,-1
22,40,805,180,49,19,1,-1,-1,-1
22,42,929,189,39,18,1,-1,-1,-1
22,43,971,173,48,17,1,-1,-1,-1
22,44,988,165,35,18,1,-1,-1,-1
23,0,31,222,61,22,1,-1,-1,-1
23,1,134,235,64,23,1,-1,-1,-1
23,2,205,220,57,21,1,-1,-1,-1
23,3,128,215,50,25,1,-1,-1,-1
23,4,159,210,47,20,1,-1,-1,-1
23,5,583,205,48,24,1,-1,-1,-1
23,6,653,191,52,19,1,-1,-1,-1
23,7,532,182,47,20,1,-1,-1,-1
23,8,515,178,41,17,1,-1,-1,-1
23,9,501,170,42,16,1,-1,-1,-1
23,10,589,167,48,18,1,-1,-1,-1
23,11,640,174,42,19,1,-1,-1,-1
23,12,668,180,41,19,1,-1,-1,-1
23,13,694,162,59,23,1,-1,-1,-1
23,14,251,105,18,10,1,-1,-1,-1
23,15,273,104,15,11,1,-1,-1,-1
23,16,291,104,15,11,1,-1,-1,-1
23,17,308,103,16,12,1,-1,-1,-1
23,18,328,102,15,12,1,-1,-1,-1
23,19,346,103,15,11,1,-1,-1,-1
23,20,365,103,13,12,1,-1,-1,-1
23,21,291,116,17,15,1,-1,-1,-1
23,22,312,117,18,12,1,-1,-1,-1
23,23,332,116,16,13,1,-1,-1,-1
23,24,354,116,16,13,1,-1,-1,-1
23,25,412,102,13,11,1,-1,-1,-1
23,26,467,117,14,12,1,-1,-1,-1
23,27,506,116,16,14,1,-1,-1,-1
23,28,549,124,24,19,1,-1,-1,-1
23,30,519,102,13,12,1,-1,-1,-1
23,31,569,101,14,13,1,-1,-1,-1
23,32,591,99,13,15,1,-1,-1,-1
23,33,606,96,27,21,1,-1,-1,-1
23,34,432,102,11,12,1,-1,-1,-1
23,36,812,171,55,21,1,-1,-1,-1
23,37,449,95,64,24,1,-1,-1,-1
23,38,856,166,30,17,1,-1,-1,-1
23,39,918,181,41,16,1,-1,-1,-1
23,40,804,180,49,19,1,-1,-1,-1
23,41,805,191,44,16,1,-1,-1,-1
23,42,929,189,39,18,1,-1,-1,-1
23,43,971,173,48,17,1,-1,-1,-1
23,44,987,165,36,18,1,-1,-1,-1
24,0,31,222,61,22,1,-1,-1,-1
24,1,134,235,64,23,1,-1,-1,-1
24,2,205,220,57,21,1,-1,-1,-1
24,3,128,215,50,25,1,-1,-1,-1
24,4,161,210,47,20,1,-1,-1,-1
24,5,582,205,48,24,1,-1,-1,-1
24,6,651,191,52,19,1,-1,-1,-1
24,7,530,182,47,20,1,-1,-1,-1
24,8,513,178,41,17,1,-1,-1,-1
24,9,499,170,42,17,1,-1,-1,-1
24,10,588,167,48,18,1,-1,-1,-1
24,11,638,174,42,19,1,-1,-1,-1
24,12,667,180,41,19,1,-1,-1,-1
24,13,692,162,59,23,1,-1,-1,-1
24,14,251,105,18,10,1,-1,-1,-1
24,15,273,104,15,11,1,-1,-1,-1
24,16,291,104,15,11,1,-1,-1,-1
24,17,308,103,16,12,1,-1,-1,-1
24,18,328,102,15,12,1,-1,-1,-1
24,19,347,103,15,12,1,-1,-1,-1
24,20,365,103,13,12,1,-1,-1,-1
24,21,292,116,17,16,1,-1,-1,-1
24,22,312,117,18,12,1,-1,-1,-1
24,23,332,116,16,13,1,-1,-1,-1
24,24,354,116,16,13,1,-1,-1,-1
24,25,412,102,13,11,1,-1,-1,-1
24,26,467,117,14,12,1,-1,-1,-1
24,27,506,116,16,14,1,-1,-1,-1
24,28,549,124,25,19,1,-1,-1,-1
24,30,519,102,13,12,1,-1,-1,-1
24,31,569,101,14,13,1,-1,-1,-1
24,32,591,99,13,15,1,-1,-1,-1
24,33,606,96,27,21,1,-1,-1,-1
24,34,432,102,11,11,1,-1,-1,-1
24,36,811,171,55,21,1,-1,-1,-1
24,37,450,95,64,24,1,-1,-1,-1
24,38,855,166,30,17,1,-1,-1,-1
24,39,919,181,40,16,1,-1,-1,-1
24,40,803,180,49,20,1,-1,-1,-1
24,41,803,191,46,16,1,-1,-1,-1
24,42,928,189,38,18,1,-1,-1,-1
24,43,971,173,48,17,1,-1,-1,-1
24,44,987,165,36,18,1,-1,-1,-1
25,0,31,222,61,22,1,-1,-1,-1
25,1,134,235,64,23,1,-1,-1,-1
25,2,206,220,57,21,1,-1,-1,-1
25,3,128,215,50,25,1,-1,-1,-1
25,4,163,210,47,21,1,-1,-1,-1
25,5,580,205,48,24,1,-1,-1,-1
25,6,649,191,52,19,1,-1,-1,-1
25,7,527,182,47,20,1,-1,-1,-1
25,8,510,178,41,17,1,-1,-1,-1
25,9,497,170,42,17,1,-1,-1,-1
25,10,586,167,48,18,1,-1,-1,-1
25,11,636,174,42,19,1,-1,-1,-1
25,12,665,180,41,20,1,-1,-1,-1
25,13,691,162,60,23,1,-1,-1,-1
25,14,251,105,18,10,1,-1,-1,-1
25,15,273,104,15,11,1,-1,-1,-1
25,16,291,104,15,11,1,-1,-1,-1
25,17,308,103,16,12,1,-1,-1,-1
25,18,328,102,15,12,1,-1,-1,-1
25,19,347,103,15,12,1,-1,-1,-1
25,20,365,103,13,12,1,-1,-1,-1
25,21,292,116,17,16,1,-1,-1,-1
25,22,312,117,18,12,1,-1,-1,-1
25,23,332,116,16,13,1,-1,-1,-1
25,24,354,116,16,13,1,-1,-1,-1
25,25,412,102,13,11,1,-1,-1,-1
25,26,467,117,14,12,1,-1,-1,-1
25,27,506,116,16,14,1,-1,-1,-1
25,28,549,124,25,18,1,-1,-1,-1
25,30,519,102,13,12,1,-1,-1,-1
25,31,569,101,14,13,1,-1,-1,-1
25,32,591,99,13,15,1,-1,-1,-1
25,33,606,96,27,21,1,-1,-1,-1
25,34,432,102,11,11,1,-1,-1,-1
25,36,811,171,55,21,1,-1,-1,-1
25,37,451,95,64,24,1,-1,-1,-1
25,38,853,166,30,17,1,-1,-1,-1
25,39,919,181,39,15,1,-1,-1,-1
25,40,802,180,49,20,1,-1,-1,-1
25,41,802,192,47,16,1,-1,-1,-1
25,42,928,189,38,18,1,-1,-1,-1
25,43,971,173,48,17,1,-1,-1,-1
25,44,987,165,36,18,1,-1,-1,-1
26,0,31,222,61,22,1,-1,-1,-1
26,1,134,235,64,23,1,-1,-1,-1
26,2,206,220,57,21,1,-1,-1,-1
26,3,129,215,50,25,1,-1,-1,-1
26,4,165,210,47,21,1,-1,-1,-1
26,5,579,206,48,24,1,-1,-1,-1
26,6,646,191,52,19,1,-1,-1,-1
26,7,524,182,47,20,1,-1,-1,-1
26,8,508,178,41,17,1,-1,-1,-1
26,9,494,170,42,16,1,-1,-1,-1
26,10,585,167,48,18,1,-1,-1,-1
26,11,634,174,42,19,1,-1,-1,-1
26,12,664,180,41,20,1,-1,-1,-1
26,13,689,162,60,23,1,-1,-1,-1
26,14,251,105,18,11,1,-1,-1,-1
26,15,273,105,15,11,1,-1,-1,-1
26,16,291,104,15,11,1,-1,-1,-1
26,17,308,103,16,12,1,-1,-1,-1
26,18,328,102,15,12,1,-1,-1,-1
26,19,347,103,15,12,1,-1,-1,-1
26,20,365,103,13,12,1,-1,-1,-1
26,21,292,116,17,16,1,-1,-1,-1
26,22,312,117,18,12,1,-1,-1,-1
26,23,332,116,16,13,1,-1,-1,-1
26,24,354,116,16,13,1,-1,-1,-1
26,25,412,102,13,11,1,-1,-1,-1
26,26,467,117,13,12,1,-1,-1,-1
26,27,506,116,16,14,1,-1,-1,-1
26,28,549,124,25,18,1,-1,-1,-1
26,30,519,102,13,12,1,-1,-1,-1
26,31,569,101,14,13,1,-1,-1,-1
26,32,591,99,13,15,1,-1,-1,-1
26,33,606,96,27,21,1,-1,-1,-1
26,34,432,102,12,11,1,-1,-1,-1
26,36,810,171,55,21,1,-1,-1,-1
26,37,452,95,64,24,1,-1,-1,-1
26,38,852,166,30,17,1,-1,-1,-1
26,39,919,181,39,15,1,-1,-1,-1
26,40,801,180,49,20,1,-1,-1,-1
26,41,801,192,47,16,1,-1,-1,-1
26,42,927,189,37,18,1,-1,-1,-1
26,43,970,173,48,17,1,-1,-1,-1
26,44,986,165,37,18,1,-1,-1,-1
27,0,31,222,61,22,1,-1,-1,-1
27,1,135,235,64,23,1,-1,-1,-1
27,2,206,220,57,21,1,-1,-1,-1
27,3,129,215,50,25,1,-1,-1,-1
27,4,167,210,47,21,1,-1,-1,-1
27,5,577,206,48,24,1,-1,-1,-1
27,6,644,191,52,19,1,-1,-1,-1
27,7,522,182,47,20,1,-1,-1,-1
27,8,506,178,41,17,1,-1,-1,-1
27,9,492,170,42,16,1,-1,-1,-1
27,10,583,167,48,18,1,-1,-1,-1
27,11,633,174,42,19,1,-1,-1,-1
27,12,662,180,41,20,1,-1,-1,-1
27,13,688,162,60,23,1,-1,-1,-1
27,14,251,105,18,11,1,-1,-1,-1
27,15,273,105,15,11,1,-1,-1,-1
27,16,291,104,15,11,1,-1,-1,-1
27,17,308,103,16,12,1,-1,-1,-1
27,18,328,102,15,12,1,-1,-1,-1
27,19,347,103,15,12,1,-1,-1,-1
27,20,365,103,13,12,1,-1,-1,-1
27,21,292,116,17,16,1,-1,-1,-1
27,22,312,117,18,12,1,-1,-1,-1
27,23,332,116,16,13,1,-1,-1,-1
27,24,354,116,16,13,1,-1,-1,-1
27,25,412,102,13,11,1,-1,-1,-1
27,26,467,117,13,12,1,-1,-1,-1
27,27,506,116,16,14,1,-1,-1,-1
27,28,549,125,25,18,1,-1,-1,-1
27,30,519,102,13,12,1,-1,-1,-1
27,31,569,101,14,13,1,-1,-1,-1
27,32,591,99,13,15,1,-1,-1,-1
27,33,606,96,27,21,1,-1,-1,-1
27,34,432,102,12,11,1,-1,-1,-1
27,36,810,171,55,21,1,-1,-1,-1
27,37,453,95,64,24,1,-1,-1,-1
27,38,850,166,30,17,1,-1,-1,-1
27,39,918,181,39,15,1,-1,-1,-1
27,40,800,180,49,21,1,-1,-1,-1
27,41,801,192,47,17,1,-1,-1,-1
27,42,926,189,37,18,1,-1,-1,-1
27,43,970,174,48,17,1,-1,-1,-1
27,44,986,165,37,18,1,-1,-1,-1
28,0,31,222,61,22,1,-1,-1,-1
28,1,135,235,64,23,1,-1,-1,-1
28,2,206,220,57,21,1,-1,-1,-1
28,3,129,215,50,25,1,-1,-1,-1
28,4,169,210,47,21,1,-1,-1,-1
28,5,576,207,48,24,1,-1,-1,-1
28,6,641,191,52,19,1,-1,-1,-1
28,7,519,182,47,20,1,-1,-1,-1
28,8,504,178,41,17,1,-1,-1,-1
28,9,490,170,42,16,1,-1,-1,-1
28,10,582,167,48,18,1,-1,-1,-1
28,11,631,175,42,18,1,-1,-1,-1
28,12,660,180,41,20,1,-1,-1,-1
28,13,687,162,60,23,1,-1,-1,-1
28,14,251,105,18,11,1,-1,-1,-1
28,15,273,105,15,11,1,-1,-1,-1
28,16,291,104,15,11,1,-1,-1,-1
28,17,309,103,16,12,1,-1,-1,-1
28,18,328,102,16,12,1,-1,-1,-1
28,19,347,103,15,12,1,-1,-1,-1
28,20,365,103,13,12,1,-1,-1,-1
28,21,292,116,17,16,1,-1,-1,-1
28,22,312,117,18,12,1,-1,-1,-1
28,23,332,116,16,13,1,-1,-1,-1
28,24,354,116,16,13,1,-1,-1,-1
28,25,413,102,13,11,1,-1,-1,-1
28,26,467,118,13,12,1,-1,-1,-1
28,27,506,116,16,14,1,-1,-1,-1
28,28,549,125,25,18,1,-1,-1,-1
28,30,520,102,12,12,1,-1,-1,-1
28,31,569,101,14,13,1,-1,-1,-1
28,32,591,99,13,15,1,-1,-1,-1
28,33,606,96,27,21,1,-1,-1,-1
28,34,432,103,12,11,1,-1,-1,-1
28,36,809,171,55,21,1,-1,-1,-1
28,37,453,95,64,24,1,-1,-1,-1
28,38,849,166,29,17,1,-1,-1,-1
28,39,918,181,39,15,1,-1,-1,-1
28,40,799,180,49,20,1,-1,-1,-1
28,41,800,192,46,17,1,-1,-1,-1
28,42,925,189,36,18,1,-1,-1,-1
28,43,970,174,48,17,1,-1,-1,-1
28,44,985,165,38,18,1,-1,-1,-1
29,0,31,222,61,22,1,-1,-1,-1
29,1,135,235,64,23,1,-1,-1,-1
29,2,206,220,57,21,1,-1,-1,-1
29,3,129,215,50,25,1,-1,-1,-1
29,4,171,210,47,21,1,-1,-1,-1
29,5,575,207,48,24,1,-1,-1,-1
29,6,639,191,52,19,1,-1,-1,-1
29,7,516,183,47,20,1,-1,-1,-1
29,8,501,179,41,17,1,-1,-1,-1
29,9,488,170,42,16,1,-1,-1,-1
29,10,580,167,48,18,1,-1,-1,-1
29,11,629,175,42,18,1,-1,-1,-1
29,12,659,180,41,20,1,-1,-1,-1
29,13,685,162,60,23,1,-1,-1,-1
29,14,251,105,18,11,1,-1,-1,-1
29,15,273,105,15,11,1,-1,-1,-1
29,16,291,104,15,11,1,-1,-1,-1
29,17,309,103,16,12,1,-1,-1,-1
29,18,328,102,16,12,1,-1,-1,-1
29,19,347,103,15,12,1,-1,-1,-1
29,20,365,103,13,12,1,-1,-1,-1
29,21,292,116,17,16,1,-1,-1,-1
29,22,312,117,18,12,1,-1,-1,-1
29,23,332,116,16,12,1,-1,-1,-1
29,24,354,116,16,13,1,-1,-1,-1
29,25,413,102,13,11,1,-1,-1,-1
29,26,467,118,13,12,1,-1,-1,-1
29,27,506,116,17,14,1,-1,-1,-1
29,28,549,125,25,18,1,-1,-1,-1
29,30,520,102,12,12,1,-1,-1,-1
29,31,569,101,14,13,1,-1,-1,-1
29,32,591,99,13,15,1,-1,-1,-1
29,33,606,96,27,21,1,-1,-1,-1
29,34,432,103,12,11,1,-1,-1,-1
29,36,809,171,55,21,1,-1,-1,-1
29,37,454,95,64,24,1,-1,-1,-1
29,38,847,166,29,17,1,-1,-1,-1
29,39,918,181,39,15,1,-1,-1,-1
29,40,798,180,50,19,1,-1,-1,-1
29,41,799,191,46,17,1,-1,-1,-1
29,42,925,189,35,18,1,-1,-1,-1
29,43,970,174,48,17,1,-1,-1,-1
29,44,984,165,39,18,1,-1,-1,-1
30,0,31,222,61,22,1,-1,-1,-1
30,1,135,235,64,23,1,-1,-1,-1
30,2,206,220,57,21,1,-1,-1,-1
30,3,129,215,50,25,1,-1,-1,-1
30,4,173,210,47,21,1,-1,-1,-1
30,5,573,207,48,24,1,-1,-1,-1
30,6,637,191,52,19,1,-1,-1,-1
30,7,513,183,47,20,1,-1,-1,-1
30,8,499,179,41,17,1,-1,-1,-1
30,9,485,170,42,16,1,-1,-1,-1
30,10,579,167,48,18,1,-1,-1,-1
30,11,627,175,42,18,1,-1,-1,-1
30,12,657,180,41,21,1,-1,-1,-1
30,13,684,162,60,22,1,-1,-1,-1
30,14,251,105,18,11,1,-1,-1,-1
30,15,273,105,15,11,1,-1,-1,-1
30,16,292,104,15,11,1,-1,-1,-1
30,17,309,103,16,12,1,-1,-1,-1
30,18,328,102,16,12,1,-1,-1,-1
30,19,347,103,15,12,1,-1,-1,-1
30,20,365,103,13,12,1,-1,-1,-1
30,21,292,116,17,16,1,-1,-1,-1
30,22,312,117,18,12,1,-1,-1,-1
30,23,332,116,16,12,1,-1,-1,-1
30,24,354,116,16,13,1,-1,-1,-1
30,25,413,102,13,11,1,-1,-1,-1
30,26,467,118,13,12,1,-1,-1,-1
30,27,506,116,17,14,1,-1,-1,-1
30,28,549,125,25,18,1,-1,-1,-1
30,30,520,102,12,12,1,-1,-1,-1
30,31,569,102,14,13,1,-1,-1,-1
30,32,591,99,13,15,1,-1,-1,-1
30,33,606,96,27,21,1,-1,-1,-1
30,34,432,103,12,11,1,-1,-1,-1
30,36,809,171,55,21,1,-1,-1,-1
30,37,455,95,64,24,1,-1,-1,-1
30,38,846,166,29,17,1,-1,-1,-1
30,39,917,181,39,15,1,-1,-1,-1
30,40,796,181,50,18,1,-1,-1,-1
30,41,798,191,45,17,1,-1,-1,-1
30,42,924,189,35,18,1,-1,-1,-1
30,43,969,174,48,17,1,-1,-1,-1
30,44,983,165,40,18,1,-1,-1,-1
31,0,31,222,61,22,1,-1,-1,-1
31,1,135,235,64,23,1,-1,-1,-1
31,2,206,220,57,21,1,-1,-1,-1
31,3,130,215,50,25,1,-1,-1,-1
31,4,175,210,47,21,1,-1,-1,-1
31,5,572,208,48,25,1,-1,-1,-1
31,6,634,191,52,18,1,-1,-1,-1
31,7,511,183,48,20,1,-1,-1,-1
31,8,497,179,41,17,1,-1,-1,-1
31,9,483,171,42,16,1,-1,-1,-1
31,10,577,167,48,18,1,-1,-1,-1
31,11,626,175,42,18,1,-1,-1,-1
31,12,655,180,41,21,1,-1,-1,-1
31,13,682,162,60,22,1,-1,-1,-1
31,14,251,105,18,11,1,-1,-1,-1
31,15,273,105,15,11,1,-1,-1,-1
31,16,292,104,15,11,1,-1,-1,-1
31,17,309,103,16,12,1,-1,-1,-1
31,18,328,103,16,12,1,-1,-1,-1
31,19,347,103,15,12,1,-1,-1,-1
31,20,365,103,13,12,1,-1,-1,-1
31,21,292,116,17,16,1,-1,-1,-1
31,22,312,118,18,12,1,-1,-1,-1
31,23,332,116,16,12,1,-1,-1,-1
31,24,354,116,16,13,1,-1,-1,-1
31,25,413,102,13,11,1,-1,-1,-1
31,26,468,118,13,12,1,-1,-1,-1
31,27,506,116,17,14,1,-1,-1,-1
31,28,549,125,25,18,1,-1,-1,-1
31,30,520,102,12,12,1,-1,-1,-1
31,31,569,102,14,14,1,-1,-1,-1
31,32,591,99,13,15,1,-1,-1,-1
31,33,606,96,27,21,1,-1,-1,-1
31,34,432,103,12,11,1,-1,-1,-1
31,36,808,171,54,21,1,-1,-1,-1
31,37,456,95,64,24,1,-1,-1,-1
31,38,845,167,29,16,1,-1,-1,-1
31,39,917,181,38,15,1,-1,-1,-1
31,40,795,181,50,18,1,-1,-1,-1
31,41,797,191,45,17,1,-1,-1,-1
31,42,923,189,34,18,1,-1,-1,-1
31,43,969,174,48,17,1,-1,-1,-1
31,44,983,165,40,18,1,-1,-1,-1
32,0,31,222,61,22,1,-1,-1,-1
32,1,135,235,64,23,1,-1,-1,-1
32,2,206,220,57,21,1,-1,-1,-1
32,3,130,215,50,25,1,-1,-1,-1
32,4,177,210,47,21,1,-1,-1,-1
32,5,570,208,48,25,1,-1,-1,-1
32,6,632,191,52,18,1,-1,-1,-1
32,7,508,183,48,20,1,-1,-1,-1
32,8,495,179,41,17,1,-1,-1,-1
32,9,481,171,41,16,1,-1,-1,-1
32,10,576,167,48,18,1,-1,-1,-1
32,11,624,175,43,18,1,-1,-1,-1
32,12,654,180,41,21,1,-1,-1,-1
32,13,681,163,60,22,1,-1,-1,-1
32,14,251,105,18,11,1,-1,-1,-1
32,15,273,105,15,11,1,-1,-1,-1
32,16,292,104,15,11,1,-1,-1,-1
32,17,309,103,16,12,1,-1,-1,-1
32,18,328,103,16,12,1,-1,-1,-1
32,19,347,103,15,12,1,-1,-1,-1
32,20,365,103,13,12,1,-1,-1,-1
32,21,292,116,17,16,1,-1,-1,-1
32,22,312,118,18,12,1,-1,-1,-1
32,23,332,116,16,12,1,-1,-1,-1
32,24,354,116,16,13,1,-1,-1,-1
32,25,413,102,13,11,1,-1,-1,-1
32,26,468,118,13,12,1,-1,-1,-1
32,27,506,116,17,14,1,-1,-1,-1
32,28,549,125,25,17,1,-1,-1,-1
32,30,520,102,12,12,1,-1,-1,-1
32,31,570,102,14,14,1,-1,-1,-1
32,32,591,99,13,15,1,-1,-1,-1
32,33,606,96,27,21,1,-1,-1,-1
32,34,432,103,12,11,1,-1,-1,-1
32,36,808,171,54,21,1,-1,-1,-1
32,37,457,95,64,24,1,-1,-1,-1
32,39,917,181,38,16,1,-1,-1,-1
32,40,794,181,50,18,1,-1,-1,-1
32,41,796,191,45,17,1,-1,-1,-1
32,42,923,190,33,18,1,-1,-1,-1
32,43,969,174,48,17,1,-1,-1,-1
32,44,982,166,41,18,1,-1,-1,-1
33,0,31,222,61,22,1,-1,-1,-1
33,1,135,235,64,23,1,-1,-1,-1
33,2,206,221,57,21,1,-1,-1,-1
33,3,130,215,50,25,1,-1,-1,-1
33,4,179,210,47,21,1,-1,-1,-1
33,5,569,208,48,25,1,-1,-1,-1
33,6,629,191,52,18,1,-1,-1,-1
33,7,505,183,48,20,1,-1,-1,-1
33,8,492,179,41,17,1,-1,-1,-1
33,9,479,171,41,16,1,-1,-1,-1
33,10,574,167,48,18,1,-1,-1,-1
33,11,622,175,43,18,1,-1,-1,-1
33,12,652,180,41,21,1,-1,-1,-1
33,13,679,163,60,22,1,-1,-1,-1
33,14,251,105,18,11,1,-1,-1,-1
33,15,273,105,15,11,1,-1,-1,-1
33,16,292,104,15,11,1,-1,-1,-1
33,17,309,103,16,12,1,-1,-1,-1
33,18,328,103,16,12,1,-1,-1,-1
33,19,347,103,15,12,1,-1,-1,-1
33,20,365,103,13,12,1,-1,-1,-1
33,21,292,117,17,16,1,-1,-1,-1
33,22,312,118,18,12,1,-1,-1,-1
33,23,332,116,16,12,1,-1,-1,-1
33,24,354,116,16,13,1,-1,-1,-1
33,25,413,102,13,11,1,-1,-1,-1
33,26,468,118,13,12,1,-1,-1,-1
33,27,506,116,17,14,1,-1,-1,-1
33,28,549,125,25,17,1,-1,-1,-1
33,30,520,102,12,12,1,-1,-1,-1
33,31,570,102,14,14,1,-1,-1,-1
33,32,591,99,13,15,1,-1,-1,-1
33,33,606,96,27,21,1,-1,-1,-1
33,34,432,103,12,11,1,-1,-1,-1
33,36,807,171,54,21,1,-1,-1,-1
33,37,457,95,64,24,1,-1,-1,-1
33,39,917,181,37,16,1,-1,-1,-1
33,40,792,181,50,18,1,-1,-1,-1
33,41,796,191,44,17,1,-1,-1,-1
33,42,923,190,31,17,1,-1,-1,-1
33,43,968,174,48,17,1,-1,-1,-1
33,44,981,166,42,18,1,-1,-1,-1
34,0,31,222,61,22,1,-1,-1,-1
34,1,135,235,64,24,1,-1,-1,-1
34,2,206,221,57,21,1,-1,-1,-1
34,3,130,215,50,25,1,-1,-1,-1
34,4,181,210,47,21,1,-1,-1,-1
34,5,568,209,48,25,1,-1,-1,-1
34,6,627,191,52,18,1,-1,-1,-1
34,7,502,183,48,20,1,-1,-1,-1
34,8,490,179,41,17,1,-1,-1,-1
34,9,476,171,41,16,1,-1,-1,-1
34,10,573,167,48,18,1,-1,-1,-1
34,11,620,175,43,18,1,-1,-1,-1
34,12,651,180,41,21,1,-1,-1,-1
34,13,678,163,59,22,1,-1,-1,-1
34,14,251,105,18,11,1,-1,-1,-1
34,15,273,105,15,11,1,-1,-1,-1
34,16,292,104,15,12,1,-1,-1,-1
34,17,309,103,16,11,1,-1,-1,-1
34,18,328,103,16,12,1,-1,-1,-1
34,19,347,103,15,12,1,-1,-1,-1
34,20,365,103,13,12,1,-1,-1,-1
34,21,292,117,18,16,1,-1,-1,-1
34,22,313,118,18,12,1,-1,-1,-1
34,23,332,117,16,12,1,-1,-1,-1
34,24,354,116,16,13,1,-1,-1,-1
34,25,413,103,13,11,1,-1,-1,-1
34,26,468,118,13,12,1,-1,-1,-1
34,27,506,116,17,14,1,-1,-1,-1
34,28,549,125,25,17,1,-1,-1,-1
34,30,520,102,12,12,1,-1,-1,-1
34,31,570,102,14,14,1,-1,-1,-1
34,32,591,99,13,15,1,-1,-1,-1
34,33,606,96,27,21,1,-1,-1,-1
34,34,432,103,12,11,1,-1,-1,-1
34,36,807,171,54,21,1,-1,-1,-1
34,37,458,95,64,24,1,-1,-1,-1
34,39,917,181,36,16,1,-1,-1,-1
34,40,791,181,50,18,1,-1,-1,-1
34,41,795,191,44,17,1,-1,-1,-1
34,42,923,190,30,17,1,-1,-1,-1
34,43,968,174,48,17,1,-1,-1,-1
34,44,980,166,43,17,1,-1,-1,-1
35,0,31,222,61,22,1,-1,-1,-1
35,1,135,235,64,24,1,-1,-1,-1
35,2,206,221,57,21,1,-1,-1,-1
35,3,131,215,50,25,1,-1,-1,-1
35,4,183,210,47,21,1,-1,-1,-1
35,5,566,209,49,25,1,-1,-1,-1
35,6,625,191,52,18,1,-1,-1,-1
35,7,500,183,48,20,1,-1,-1,-1
35,8,488,179,41,17,1,-1,-1,-1
35,9,474,171,41,16,1,-1,-1,-1
35,10,571,167,49,18,1,-1,-1,-1
35,11,619,175,43,18,1,-1,-1,-1
35,12,649,180,41,21,1,-1,-1,-1
35,13,677,163,59,22,1,-1,-1,-1
35,14,251,105,18,11,1,-1,-1,-1
35,15,273,105,15,11,1,-1,-1,-1
35,16,292,104,15,12,1,-1,-1,-1
35,17,309,104,16,11,1,-1,-1,-1
35,18,328,103,16,12,1,-1,-1,-1
35,19,347,103,15,12,1,-1,-1,-1
35,20,365,103,13,12,1,-1,-1,-1
35,21,292,117,18,16,1,-1,-1,-1
35,22,313,118,18,12,1,-1,-1,-1
35,23,332,117,16,12,1,-1,-1,-1
35,24,354,116,16,13,1,-1,-1,-1
35,25,413,103,14,11,1,-1,-1,-1
35,26,468,118,13,12,1,-1,-1,-1
35,27,506,116,17,14,1,-1,-1,-1
35,28,549,126,25,17,1,-1,-1,-1
35,30,520,102,12,12,1,-1,-1,-1
35,31,570,102,14,14,1,-1,-1,-1
35,32,591,99,13,15,1,-1,-1,-1
35,33,606,96,27,21,1,-1,-1,-1
35,34,432,103,12,11,1,-1,-1,-1
35,36,806,171,54,21,1,-1,-1,-1
35,37,459,95,64,24,1,-1,-1,-1
35,39,917,181,36,17,1,-1,-1,-1
35,40,790,181,50,18,1,-1,-1,-1
35,41,794,191,44,17,1,-1,-1,-1
35,42,923,190,28,17,1,-1,-1,-1
35,43,968,174,48,17,1,-1,-1,-1
35,44,979,166,44,17,1,-1,-1,-1
36,0,31,222,61,22,1,-1,-1,-1
36,1,135,235,64,24,1,-1,-1,-1
36,2,206,221,57,21,1,-1,-1,-1
36,3,131,215,50,25,1,-1,-1,-1
36,4,185,210,47,21,1,-1,-1,-1
36,5,565,210,49,25,1,-1,-1,-1
36,6,622,191,52,18,1,-1,-1,-1
36,7,497,183,48,20,1,-1,-1,-1
36,8,485,179,41,17,1,-1,-1,-1
36,9,472,171,41,16,1,-1,-1,-1
36,10,570,167,49,18,1,-1,-1,-1
36,11,617,175,43,18,1,-1,-1,-1
36,12,647,180,41,22,1,-1,-1,-1
36,13,675,163,59,22,1,-1,-1,-1
36,14,251,105,18,11,1,-1,-1,-1
36,15,274,105,15,11,1,-1,-1,-1
36,16,292,104,15,12,1,-1,-1,-1
36,17,309,104,16,11,1,-1,-1,-1
36,18,328,103,16,12,1,-1,-1,-1
36,19,347,103,15,12,1,-1,-1,-1
36,20,365,103,13,12,1,-1,-1,-1
36,21,292,117,18,16,1,-1,-1,-1
36,22,313,118,18,12,1,-1,-1,-1
36,23,332,117,16,12,1,-1,-1,-1
36,24,354,116,16,13,1,-1,-1,-1
36,25,413,103,14,12,1,-1,-1,-1
36,26,468,118,13,12,1,-1,-1,-1
36,27,506,117,17,14,1,-1,-1,-1
36,28,549,126,25,17,1,-1,-1,-1
36,30,520,102,11,13,1,-1,-1,-1
36,31,570,102,14,14,1,-1,-1,-1
36,32,591,99,13,15,1,-1,-1,-1
36,33,607,96,27,21,1,-1,-1,-1
36,34,432,103,12,11,1,-1,-1,-1
36,36,806,171,54,21,1,-1,-1,-1
36,37,460,95,64,24,1,-1,-1,-1
36,39,917,181,35,17,1,-1,-1,-1
36,40,788,181,50,18,1,-1,-1,-1
36,41,793,191,43,17,1,-1,-1,-1
36,42,923,190,27,17,1,-1,-1,-1
36,43,967,174,48,17,1,-1,-1,-1
36,44,978,166,45,17,1,-1,-1,-1
37,0,31,222,61,22,1,-1,-1,-1
37,1,135,235,64,24,1,-1,-1,-1
37,2,206,221,57,21,1,-1,-1,-1
37,3,131,215,50,25,1,-1,-1,-1
37,4,187,210,47,21,1,-1,-1,-1
37,5,563,210,49,25,1,-1,-1,-1
37,6,620,191,52,18,1,-1,-1,-1
37,7,494,183,48,20,1,-1,-1,-1
37,8,483,179,42,16,1,-1,-1,-1
37,9,470,171,41,16,1,-1,-1,-1
37,10,568,167,49,18,1,-1,-1,-1
37,11,615,175,43,18,1,-1,-1,-1
37,12,646,180,41,22,1,-1,-1,-1
37,13,674,163,59,22,1,-1,-1,-1
37,14,251,105,18,11,1,-1,-1,-1
37,15,274,105,15,11,1,-1,-1,-1
37,16,292,105,15,12,1,-1,-1,-1
37,17,309,104,16,11,1,-1,-1,-1
37,18,328,103,16,12,1,-1,-1,-1
37,19,347,103,15,12,1,-1,-1,-1
37,20,365,103,13,12,1,-1,-1,-1
37,21,292,117,18,16,1,-1,-1,-1
37,22,313,118,18,12,1,-1,-1,-1
37,23,332,117,16,12,1,-1,-1,-1
37,24,354,116,16,13,1,-1,-1,-1
37,25,413,103,14,12,1,-1,-1,-1
37,26,468,118,13,12,1,-1,-1,-1
37,27,506,117,17,14,1,-1,-1,-1
37,28,549,126,25,17,1,-1,-1,-1
37,30,520,102,11,13,1,-1,-1,-1
37,31,570,102,14,14,1,-1,-1,-1
37,32,591,99,13,15,1,-1,-1,-1
37,33,607,96,27,21,1,-1,-1,-1
37,34,432,103,12,11,1,-1,-1,-1
37,36,805,171,54,22,1,-1,-1,-1
37,37,460,95,64,24,1,-1,-1,-1
37,39,918,181,34,17,1,-1,-1,-1
37,40,787,181,50,19,1,-1,-1,-1
37,41,792,191,43,18,1,-1,-1,-1
37,42,923,190,25,17,1,-1,-1,-1
37,43,967,174,48,17,1,-1,-1,-1
37,44,978,166,45,17,1,-1,-1,-1
38,0,31,222,61,22,1,-1,-1,-1
38,1,135,235,64,24,1,-1,-1,-1
38,2,206,221,57,21,1,-1,-1,-1
38,3,131,215,50,25,1,-1,-1,-1
38,4,189,210,47,21,1,-1,-1,-1
38,5,562,210,49,25,1,-1,-1,-1
38,6,617,191,52,18,1,-1,-1,-1
38,7,491,183,48,20,1,-1,-1,-1
38,8,481,179,40,17,1,-1,-1,-1
38,9,468,171,42,16,1,-1,-1,-1
38,10,567,167,48,18,1,-1,-1,-1
38,11,613,175,43,18,1,-1,-1,-1
38,12,644,180,41,22,1,-1,-1,-1
38,13,672,163,59,22,1,-1,-1,-1
38,14,252,105,18,11,1,-1,-1,-1
38,15,274,105,15,11,1,-1,-1,-1
38,16,292,104,15,12,1,-1,-1,-1
38,17,309,104,16,11,1,-1,-1,-1
38,18,329,103,16,12,1,-1,-1,-1
38,19,347,103,15,12,1,-1,-1,-1
38,20,365,103,13,12,1,-1,-1,-1
38,21,292,117,18,16,1,-1,-1,-1
38,22,313,118,18,12,1,-1,-1,-1
38,23,333,117,16,12,1,-1,-1,-1
38,24,354,116,16,13,1,-1,-1,-1
38,25,413,103,14,12,1,-1,-1,-1
38,26,468,118,13,12,1,-1,-1,-1
38,27,506,117,17,14,1,-1,-1,-1
38,28,549,126,25,17,1,-1,-1,-1
38,30,521,102,11,12,1,-1,-1,-1
38,31,570,102,14,14,1,-1,-1,-1
38,32,591,99,13,15,1,-1,-1,-1
38,33,607,96,27,21,1,-1,-1,-1
38,34,432,103,12,11,1,-1,-1,-1
38,36,805,171,54,21,1,-1,-1,-1
38,37,461,95,64,24,1,-1,-1,-1
38,39,917,181,34,17,1,-1,-1,-1
38,40,786,181,50,19,1,-1,-1,-1
38,41,789,191,45,17,1,-1,-1,-1
38,43,967,174,48,17,1,-1,-1,-1
38,44,977,166,46,17,1,-1,-1,-1
39,0,31,222,61,22,1,-1,-1,-1
39,1,135,235,64,24,1,-1,-1,-1
39,2,207,221,57,21,1,-1,-1,-1
39,3,131,215,50,25,1,-1,-1,-1
39,4,191,210,47,21,1,-1,-1,-1
39,5,560,211,49,25,1,-1,-1,-1
39,6,614,191,52,18,1,-1,-1,-1
39,7,488,183,48,20,1,-1,-1,-1
39,8,478,179,41,17,1,-1,-1,-1
39,9,465,171,42,16,1,-1,-1,-1
39,10,565,167,48,18,1,-1,-1,-1
39,11,611,175,43,18,1,-1,-1,-1
39,12,642,180,41,22,1,-1,-1,-1
39,13,671,163,59,22,1,-1,-1,-1
39,14,252,105,18,11,1,-1,-1,-1
39,15,274,105,15,11,1,-1,-1,-1
39,16,292,104,15,12,1,-1,-1,-1
39,17,309,104,16,12,1,-1,-1,-1
39,18,329,103,16,12,1,-1,-1,-1
39,19,347,103,15,12,1,-1,-1,-1
39,20,365,103,13,12,1,-1,-1,-1
39,21,292,117,18,16,1,-1,-1,-1
39,22,313,118,18,12,1,-1,-1,-1
39,23,333,117,16,12,1,-1,-1,-1
39,24,354,116,16,13,1,-1,-1,-1
39,25,413,103,14,12,1,-1,-1,-1
39,26,468,118,13,12,1,-1,-1,-1
39,27,506,117,17,14,1,-1,-1,-1
39,28,549,126,25,17,1,-1,-1,-1
39,30,522,102,11,12,1,-1,-1,-1
39,31,570,102,14,14,1,-1,-1,-1
39,32,591,99,13,15,1,-1,-1,-1
39,33,607,96,27,21,1,-1,-1,-1
39,34,432,103,12,11,1,-1,-1,-1
39,36,804,171,54,21,1,-1,-1,-1
39,37,462,95,64,24,1,-1,-1,-1
39,39,917,181,33,18,1,-1,-1,-1
39,40,784,181,50,19,1,-1,-1,-1
39,41,786,191,47,17,1,-1,-1,-1
39,43,966,174,48,17,1,-1,-1,-1
39,44,976,165,47,18,1,-1,-1,-1
40,0,31,222,61,22,1,-1,-1,-1
40,1,135,235,64,24,1,-1,-1,-1
40,2,207,221,57,21,1,-1,-1,-1
40,3,131,215,50,25,1,-1,-1,-1
40,4,193,210,47,21,1,-1,-1,-1
40,5,559,211,49,25,1,-1,-1,-1
40,6,612,191,52,18,1,-1,-1,-1
40,7,485,183,48,20,1,-1,-1,-1
40,8,476,180,41,17,1,-1,-1,-1
40,9,463,171,42,16,1,-1,-1,-1
40,10,563,167,48,18,1,-1,-1,-1
40,11,609,175,43,18,1,-1,-1,-1
40,12,640,180,41,22,1,-1,-1,-1
40,13,670,163,58,22,1,-1,-1,-1
40,14,252,105,18,11,1,-1,-1,-1
40,15,274,105,15,11,1,-1,-1,-1
40,16,292,104,15,12,1,-1,-1,-1
40,17,309,104,16,12,1,-1,-1,-1
40,18,329,103,16,12,1,-1,-1,-1
40,19,347,103,15,12,1,-1,-1,-1
40,20,365,103,13,12,1,-1,-1,-1
40,21,292,117,18,16,1,-1,-1,-1
40,22,313,118,18,12,1,-1,-1,-1
40,23,333,117,16,12,1,-1,-1,-1
40,24,354,116,16,13,1,-1,-1,-1
40,25,413,103,14,12,1,-1,-1,-1
40,26,468,118,13,12,1,-1,-1,-1
40,27,506,117,17,14,1,-1,-1,-1
40,28,549,126,25,17,1,-1,-1,-1
40,30,522,103,10,12,1,-1,-1,-1
40,31,570,102,14,13,1,-1,-1,-1
40,32,591,99,13,15,1,-1,-1,-1
40,33,607,96,27,21,1,-1,-1,-1
40,34,432,103,12,11,1,-1,-1,-1
40,36,803,171,54,21,1,-1,-1,-1
40,37,463,95,64,24,1,-1,-1,-1
40,39,917,181,33,18,1,-1,-1,-1
40,40,783,181,50,19,1,-1,-1,-1
40,41,782,191,50,17,1,-1,-1,-1
40,43,966,174,48,17,1,-1,-1,-1
40,44,975,165,48,17,1,-1,-1,-1
41,0,32,222,61,22,1,-1,-1,-1
41,1,135,235,64,24,1,-1,-1,-1
41,2,207,221,57,21,1,-1,-1,-1
41,3,132,215,50,25,1,-1,-1,-1
41,4,195,210,47,21,1,-1,-1,-1
41,5,557,212,49,25,1,-1,-1,-1
41,6,609,191,52,18,1,-1,-1,-1
41,7,482,183,48,20,1,-1,-1,-1
41,8,474,180,41,17,1,-1,-1,-1
41,9,461,171,42,16,1,-1,-1,-1
41,10,562,167,48,18,1,-1,-1,-1
41,11,607,175,43,18,1,-1,-1,-1
41,12,638,180,41,22,1,-1,-1,-1
41,13,668,163,58,22,1,-1,-1,-1
41,14,252,105,18,11,1,-1,-1,-1
41,15,274,105,15,11,1,-1,-1,-1
41,16,292,104,15,12,1,-1,-1,-1
41,17,309,104,16,12,1,-1,-1,-1
41,18,329,103,16,12,1,-1,-1,-1
41,19,347,103,15,12,1,-1,-1,-1
41,20,365,103,13,12,1,-1,-1,-1
41,21,292,117,18,16,1,-1,-1,-1
41,22,313,118,18,12,1,-1,-1,-1
41,23,333,117,16,12,1,-1,-1,-1
41,24,354,117,16,13,1,-1,-1,-1
41,25,413,103,14,12,1,-1,-1,-1
41,26,468,118,13,12,1,-1,-1,-1
41,27,506,117,17,14,1,-1,-1,-1
41,28,549,126,25,17,1,-1,-1,-1
41,30,523,103,10,11,1,-1,-1,-1
41,31,570,102,14,13,1,-1,-1,-1
41,32,591,99,13,15,1,-1,-1,-1
41,33,607,96,27,21,1,-1,-1,-1
41,34,432,103,12,11,1,-1,-1,-1
41,36,803,171,54,21,1,-1,-1,-1
41,37,464,95,64,24,1,-1,-1,-1
41,39,916,181,33,18,1,-1,-1,-1
41,40,782,181,50,19,1,-1,-1,-1
41,41,779,191,52,17,1,-1,-1,-1
41,43,965,174,48,17,1,-1,-1,-1
41,44,975,165,48,18,1,-1,-1,-1
42,0,32,222,61,22,1,-1,-1,-1
42,1,135,235,64,24,1,-1,-1,-1
42,2,207,221,57,20,1,-1,-1,-1
42,3,132,215,50,25,1,-1,-1,-1
42,4,197,210,47,21,1,-1,-1,-1
42,5,555,212,49,25,1,-1,-1,-1
42,6,606,191,52,19,1,-1,-1,-1
42,7,479,183,48,20,1,-1,-1,-1
42,8,471,180,41,17,1,-1,-1,-1
42,9,459,171,43,16,1,-1,-1,-1
42,10,560,168,48,18,1,-1,-1,-1
42,11,605,175,43,18,1,-1,-1,-1
42,12,637,180,41,22,1,-1,-1,-1
42,13,667,163,58,22,1,-1,-1,-1
42,14,252,105,18,11,1,-1,-1,-1
42,15,274,105,15,11,1,-1,-1,-1
42,16,292,104,15,12,1,-1,-1,-1
42,17,309,104,16,12,1,-1,-1,-1
42,18,329,103,16,12,1,-1,-1,-1
42,19,347,103,14,12,1,-1,-1,-1
42,20,365,103,13,12,1,-1,-1,-1
42,21,292,117,18,16,1,-1,-1,-1
42,22,313,118,18,12,1,-1,-1,-1
42,23,333,117,16,12,1,-1,-1,-1
42,24,354,117,16,13,1,-1,-1,-1
42,25,413,102,14,12,1,-1,-1,-1
42,26,468,118,13,12,1,-1,-1,-1
42,27,506,117,17,14,1,-1,-1,-1
42,28,549,126,25,17,1,-1,-1,-1
42,30,523,103,9,11,1,-1,-1,-1
42,31,570,102,14,13,1,-1,-1,-1
42,32,591,99,13,15,1,-1,-1,-1
42,33,607,96,27,21,1,-1,-1,-1
42,34,432,103,12,11,1,-1,-1,-1
42,36,802,171,54,21,1,-1,-1,-1
42,37,464,95,64,24,1,-1,-1,-1
42,39,916,181,32,18,1,-1,-1,-1
42,40,780,180,50,19,1,-1,-1,-1
42,41,778,191,52,17,1,-1,-1,-1
42,43,965,174,49,17,1,-1,-1,-1
42,44,974,165,48,18,1,-1,-1,-1
43,0,32,223,61,22,1,-1,-1,-1
43,1,135,235,64,24,1,-1,-1,-1
43,2,207,221,57,20,1,-1,-1,-1
43,3,132,215,50,25,1,-1,-1,-1
43,4,199,210,47,21,1,-1,-1,-1
43,5,554,213,49,25,1,-1,-1,-1
43,6,604,192,52,19,1,-1,-1,-1
43,7,476,183,48,20,1,-1,-1,-1
43,8,469,180,42,17,1,-1,-1,-1
43,9,457,171,43,16,1,-1,-1,-1
43,10,558,168,48,18,1,-1,-1,-1
43,11,603,175,43,18,1,-1,-1,-1
43,12,635,180,41,21,1,-1,-1,-1
43,13,666,163,58,22,1,-1,-1,-1
43,14,252,105,18,11,1,-1,-1,-1
43,15,274,105,15,11,1,-1,-1,-1
43,16,292,104,15,12,1,-1,-1,-1
43,17,309,104,16,12,1,-1,-1,-1
43,18,329,103,16,12,1,-1,-1,-1
43,19,347,103,14,12,1,-1,-1,-1
43,20,365,103,13,12,1,-1,-1,-1
43,21,292,117,18,16,1,-1,-1,-1
43,22,313,118,18,12,1,-1,-1,-1
43,23,333,117,16,12,1,-1,-1,-1
43,24,354,117,16,13,1,-1,-1,-1
43,25,413,102,14,12,1,-1,-1,-1
43,26,468,118,13,12,1,-1,-1,-1
43,27,507,117,17,14,1,-1,-1,-1
43,28,549,126,25,17,1,-1,-1,-1
43,30,524,103,9,11,1,-1,-1,-1
43,31,570,102,14,13,1,-1,-1,-1
43,32,591,99,13,15,1,-1,-1,-1
43,33,607,96,27,21,1,-1,-1,-1
43,34,432,103,12,11,1,-1,-1,-1
43,36,801,171,54,21,1,-1,-1,-1
43,37,465,95,64,24,1,-1,-1,-1
43,39,916,180,32,18,1,-1,-1,-1
43,40,779,180,50,20,1,-1,-1,-1
43,41,776,191,52,17,1,-1,-1,-1
43,43,965,174,49,17,1,-1,-1,-1
43,44,973,166,48,17,1,-1,-1,-1
44,0,32,223,61,22,1,-1,-1,-1
44,1,135,235,64,24,1,-1,-1,-1
44,2,207,221,57,20,1,-1,-1,-1
44,3,132,215,50,25,1,-1,-1,-1
44,4,201,210,47,20,1,-1,-1,-1
44,5,552,213,49,25,1,-1,-1,-1
44,6,601,192,52,19,1,-1,-1,-1
44,7,473,183,48,21,1,-1,-1,-1
44,8,467,180,41,17,1,-1,-1,-1
44,9,454,171,43,16,1,-1,-1,-1
44,10,557,168,48,18,1,-1,-1,-1
44,11,601,175,43,18,1,-1,-1,-1
44,12,633,180,41,21,1,-1,-1,-1
44,13,664,163,58,22,1,-1,-1,-1
44,14,252,106,18,11,1,-1,-1,-1
44,15,274,105,15,11,1,-1,-1,-1
44,16,292,104,15,12,1,-1,-1,-1
44,17,309,104,16,12,1,-1,-1,-1
44,18,329,103,16,12,1,-1,-1,-1
44,19,347,103,14,12,1,-1,-1,-1
44,20,365,103,13,12,1,-1,-1,-1
44,21,292,117,18,16,1,-1,-1,-1
44,22,313,118,18,12,1,-1,-1,-1
44,23,333,117,16,12,1,-1,-1,-1
44,24,354,117,16,13,1,-1,-1,-1
44,25,413,102,14,12,1,-1,-1,-1
44,26,468,118,13,12,1,-1,-1,-1
44,27,507,117,17,14,1,-1,-1,-1
44,28,549,126,25,17,1,-1,-1,-1
44,31,570,102,14,13,1,-1,-1,-1
44,32,591,100,13,15,1,-1,-1,-1
44,33,607,96,27,21,1,-1,-1,-1
44,34,432,103,12,11,1,-1,-1,-1
44,36,801,171,55,21,1,-1,-1,-1
44,37,466,95,64,24,1,-1,-1,-1
44,39,915,181,31,18,1,-1,-1,-1
44,40,778,180,50,20,1,-1,-1,-1
44,41,775,191,52,17,1,-1,-1,-1
44,43,964,174,49,17,1,-1,-1,-1
44,44,972,166,48,17,1,-1,-1,-1
45,0,32,223,61,22,1,-1,-1,-1
45,1,136,235,64,24,1,-1,-1,-1
45,2,208,221,57,20,1,-1,-1,-1
45,3,132,215,50,25,1,-1,-1,-1
45,4,203,210,47,20,1,-1,-1,-1
45,5,551,214,49,25,1,-1,-1,-1
45,6,598,192,52,19,1,-1,-1,-1
45,7,470,183,47,21,1,-1,-1,-1
45,8,464,180,41,17,1,-1,-1,-1
45,9,452,171,44,16,1,-1,-1,-1
45,10,555,168,48,18,1,-1,-1,-1
45,11,599,175,43,18,1,-1,-1,-1
45,12,631,180,41,21,1,-1,-1,-1
45,13,663,163,58,22,1,-1,-1,-1
45,14,252,106,18,11,1,-1,-1,-1
45,15,274,105,15,11,1,-1,-1,-1
45,16,293,104,15,12,1,-1,-1,-1
45,17,309,104,16,12,1,-1,-1,-1
45,18,329,103,16,12,1,-1,-1,-1
45,19,348,103,14,12,1,-1,-1,-1
45,20,365,103,14,12,1,-1,-1,-1
45,21,292,117,18,16,1,-1,-1,-1
45,22,313,118,18,12,1,-1,-1,-1
45,23,333,117,16,12,1,-1,-1,-1
45,24,354,117,16,13,1,-1,-1,-1
45,25,413,102,14,12,1,-1,-1,-1
45,26,468,118,13,12,1,-1,-1,-1
45,27,507,117,17,14,1,-1,-1,-1
45,28,549,126,25,17,1,-1,-1,-1
45,31,570,102,14,13,1,-1,-1,-1
45,32,591,100,13,15,1,-1,-1,-1
45,33,607,96,27,21,1,-1,-1,-1
45,34,432,103,12,11,1,-1,-1,-1
45,36,800,171,55,21,1,-1,-1,-1
45,37,467,96,64,24,1,-1,-1,-1
45,39,915,181,31,18,1,-1,-1,-1
45,40,776,180,50,20,1,-1,-1,-1
45,41,773,191,52,17,1,-1,-1,-1
45,43,964,174,49,17,1,-1,-1,-1
45,44,970,166,47,17,1,-1,-1,-1
46,0,32,223,61,22,1,-1,-1,-1
46,1,136,235,64,24,1,-1,-1,-1
46,2,208,221,57,20,1,-1,-1,-1
46,3,132,215,50,25,1,-1,-1,-1
46,4,205,210,47,20,1,-1,-1,-1
46,5,549,214,49,25,1,-1,-1,-1
46,6,595,192,52,19,1,-1,-1,-1
46,7,467,183,47,21,1,-1,-1,-1
46,8,462,180,41,16,1,-1,-1,-1
46,9,450,171,44,16,1,-1,-1,-1
46,10,553,168,48,18,1,-1,-1,-1
46,11,597,175,43,19,1,-1,-1,-1
46,12,629,180,41,21,1,-1,-1,-1
46,13,662,163,58,22,1,-1,-1,-1
46,14,252,106,18,11,1,-1,-1,-1
46,15,274,105,15,11,1,-1,-1,-1
46,16,293,104,14,12,1,-1,-1,-1
46,17,309,104,16,12,1,-1,-1,-1
46,18,329,103,16,12,1,-1,-1,-1
46,19,348,103,14,12,1,-1,-1,-1
46,20,365,103,14,12,1,-1,-1,-1
46,21,292,117,18,16,1,-1,-1,-1
46,22,313,118,18,12,1,-1,-1,-1
46,23,333,117,16,12,1,-1,-1,-1
46,24,354,117,16,13,1,-1,-1,-1
46,25,413,102,14,12,1,-1,-1,-1
46,26,468,118,13,12,1,-1,-1,-1
46,27,507,117,17,14,1,-1,-1,-1
46,28,549,126,25,17,1,-1,-1,-1
46,31,570,102,14,13,1,-1,-1,-1
46,32,591,100,13,15,1,-1,-1,-1
46,33,607,97,27,21,1,-1,-1,-1
46,34,432,103,12,11,1,-1,-1,-1
46,36,799,171,55,21,1,-1,-1,-1
46,37,468,96,63,24,1,-1,-1,-1
46,39,915,181,30,17,1,-1,-1,-1
46,40,775,180,50,20,1,-1,-1,-1
46,41,771,191,52,18,1,-1,-1,-1
46,43,963,174,49,17,1,-1,-1,-1
46,44,969,166,47,17,1,-1,-1,-1
47,0,32,223,61,22,1,-1,-1,-1
47,1,136,235,64,24,1,-1,-1,-1
47,2,208,221,57,20,1,-1,-1,-1
47,3,132,216,50,25,1,-1,-1,-1
47,4,207,210,48,19,1,-1,-1,-1
47,5,547,214,49,25,1,-1,-1,-1
47,6,593,192,52,19,1,-1,-1,-1
47,7,464,183,47,21,1,-1,-1,-1
47,8,459,180,41,16,1,-1,-1,-1
47,9,448,171,44,16,1,-1,-1,-1
47,10,552,168,48,18,1,-1,-1,-1
47,11,595,175,43,19,1,-1,-1,-1
47,12,628,180,41,21,1,-1,-1,-1
47,13,660,163,57,22,1,-1,-1,-1
47,14,252,106,18,11,1,-1,-1,-1
47,15,274,105,15,11,1,-1,-1,-1
47,16,293,104,14,12,1,-1,-1,-1
47,17,309,104,16,12,1,-1,-1,-1
47,18,329,103,16,12,1,-1,-1,-1
47,19,348,103,14,12,1,-1,-1,-1
47,20,365,104,14,12,1,-1,-1,-1
47,21,292,117,18,16,1,-1,-1,-1
47,22,313,118,18,12,1,-1,-1,-1
47,23,333,117,16,12,1,-1,-1,-1
47,24,354,117,16,13,1,-1,-1,-1
47,25,413,102,14,12,1,-1,-1,-1
47,26,468,118,13,12,1,-1,-1,-1
47,27,507,117,17,14,1,-1,-1,-1
47,28,549,126,25,17,1,-1,-1,-1
47,31,570,102,14,13,1,-1,-1,-1
47,32,591,100,14,15,1,-1,-1,-1
47,33,607,97,27,21,1,-1,-1,-1
47,34,432,103,12,11,1,-1,-1,-1
47,36,799,172,55,21,1,-1,-1,-1
47,37,468,96,63,24,1,-1,-1,-1
47,39,915,181,30,17,1,-1,-1,-1
47,40,774,180,50,20,1,-1,-1,-1
47,41,770,191,52,18,1,-1,-1,-1
47,43,963,174,49,17,1,-1,-1,-1
47,44,968,166,47,17,1,-1,-1,-1
47,46,996,182,27,13,1,-1,-1,-1
48,0,32,223,61,22,1,-1,-1,-1
48,1,136,235,64,24,1,-1,-1,-1
48,2,208,221,56,20,1,-1,-1,-1
48,3,132,216,50,25,1,-1,-1,-1
48,4,209,210,48,19,1,-1,-1,-1
48,5,546,215,49,25,1,-1,-1,-1
48,6,590,192,52,19,1,-1,-1,-1
48,7,461,183,47,21,1,-1,-1,-1
48,8,457,180,40,16,1,-1,-1,-1
48,9,445,171,44,16,1,-1,-1,-1
48,10,550,168,48,18,1,-1,-1,-1
48,11,593,175,43,19,1,-1,-1,-1
48,12,626,180,41,21,1,-1,-1,-1
48,13,659,163,57,22,1,-1,-1,-1
48,14,252,106,18,11,1,-1,-1,-1
48,15,274,105,15,11,1,-1,-1,-1
48,16,293,104,14,12,1,-1,-1,-1
48,17,309,104,16,12,1,-1,-1,-1
48,18,329,103,16,12,1,-1,-1,-1
48,19,348,103,14,12,1,-1,-1,-1
48,20,365,104,14,11,1,-1,-1,-1
48,21,292,117,18,16,1,-1,-1,-1
48,22,313,118,18,12,1,-1,-1,-1
48,23,333,117,17,12,1,-1,-1,-1
48,24,354,117,16,13,1,-1,-1,-1
48,25,413,102,14,12,1,-1,-1,-1
48,26,468,118,13,12,1,-1,-1,-1
48,27,507,117,17,14,1,-1,-1,-1
48,28,549,126,25,17,1,-1,-1,-1
48,31,570,102,14,13,1,-1,-1,-1
48,32,591,100,14,15,1,-1,-1,-1
48,33,607,97,27,21,1,-1,-1,-1
48,34,432,103,12,11,1,-1,-1,-1
48,36,798,172,55,21,1,-1,-1,-1
48,37,469,96,63,24,1,-1,-1,-1
48,39,915,182,29,17,1,-1,-1,-1
48,40,773,180,50,20,1,-1,-1,-1
48,41,768,191,52,18,1,-1,-1,-1
48,43,963,174,49,17,1,-1,-1,-1
48,44,967,166,47,17,1,-1,-1,-1
48,46,995,182,28,13,1,-1,-1,-1
49,0,32,223,61,22,1,-1,-1,-1
49,1,136,235,64,24,1,-1,-1,-1
49,2,208,221,56,20,1,-1,-1,-1
49,3,133,216,50,25,1,-1,-1,-1
49,4,211,210,48,18,1,-1,-1,-1
49,5,544,215,49,26,1,-1,-1,-1
49,6,587,192,52,19,1,-1,-1,-1
49,7,458,183,47,21,1,-1,-1,-1
49,8,455,180,40,16,1,-1,-1,-1
49,9,443,171,45,17,1,-1,-1,-1
49,10,548,168,48,18,1,-1,-1,-1
49,11,591,175,43,19,1,-1,-1,-1
49,12,624,180,41,21,1,-1,-1,-1
49,13,658,163,57,22,1,-1,-1,-1
49,14,252,106,18,11,1,-1,-1,-1
49,15,274,105,15,11,1,-1,-1,-1
49,16,293,104,14,12,1,-1,-1,-1
49,17,309,104,16,12,1,-1,-1,-1
49,18,329,103,16,12,1,-1,-1,-1
49,19,348,103,14,12,1,-1,-1,-1
49,20,365,104,14,11,1,-1,-1,-1
49,21,292,117,18,16,1,-1,-1,-1
49,22,313,118,18,12,1,-1,-1,-1
49,23,333,117,17,12,1,-1,-1,-1
49,24,354,117,16,13,1,-1,-1,-1
49,25,413,102,14,12,1,-1,-1,-1
49,26,468,118,13,12,1,-1,-1,-1
49,27,507,117,17,14,1,-1,-1,-1
49,28,549,126,25,17,1,-1,-1,-1
49,31,570,102,14,13,1,-1,-1,-1
49,32,591,100,14,15,1,-1,-1,-1
49,33,607,97,27,21,1,-1,-1,-1
49,34,432,103,12,11,1,-1,-1,-1
49,36,797,172,55,21,1,-1,-1,-1
49,37,470,96,63,24,1,-1,-1,-1
49,39,914,182,29,17,1,-1,-1,-1
49,40,771,180,50,20,1,-1,-1,-1
49,41,767,191,52,18,1,-1,-1,-1
49,43,962,174,49,17,1,-1,-1,-1
49,44,966,166,47,17,1,-1,-1,-1
49,46,994,182,29,13,1,-1,-1,-1
50,0,32,223,61,22,1,-1,-1,-1
50,1,136,235,64,24,1,-1,-1,-1
50,2,208,221,56,20,1,-1,-1,-1
50,3,133,216,50,25,1,-1,-1,-1
50,4,213,210,48,19,1,-1,-1,-1
50,5,543,216,49,26,1,-1,-1,-1
50,6,584,192,52,19,1,-1,-1,-1
50,7,455,183,47,21,1,-1,-1,-1
50,8,452,180,40,16,1,-1,-1,-1
50,9,441,171,45,17,1,-1,-1,-1
50,10,547,168,48,18,1,-1,-1,-1
50,11,590,175,43,19,1,-1,-1,-1
50,12,622,180,41,21,1,-1,-1,-1
50,13,656,163,57,22,1,-1,-1,-1
50,14,252,106,18,11,1,-1,-1,-1
50,15,274,105,15,11,1,-1,-1,-1
50,16,293,104,14,12,1,-1,-1,-1
50,17,310,104,16,12,1,-1,-1,-1
50,18,329,103,16,12,1,-1,-1,-1
50,19,348,103,14,12,1,-1,-1,-1
50,20,365,104,14,11,1,-1,-1,-1
50,21,292,117,18,16,1,-1,-1,-1
50,22,313,118,18,12,1,-1,-1,-1
50,23,333,117,17,12,1,-1,-1,-1
50,24,354,117,16,13,1,-1,-1,-1
50,25,413,102,14,12,1,-1,-1,-1
50,26,468,118,13,12,1,-1,-1,-1
50,27,507,117,17,14,1,-1,-1,-1
50,28,549,126,25,17,1,-1,-1,-1
50,31,570,102,15,13,1,-1,-1,-1
50,32,591,100,14,15,1,-1,-1,-1
50,33,607,97,26,21,1,-1,-1,-1
50,34,432,103,12,11,1,-1,-1,-1
50,36,797,172,55,21,1,-1,-1,-1
50,37,471,96,63,24,1,-1,-1,-1
50,39,910,182,32,17,1,-1,-1,-1
50,40,770,180,50,20,1,-1,-1,-1
50,41,765,191,52,18,1,-1,-1,-1
50,43,962,174,49,17,1,-1,-1,-1
50,44,965,166,47,17,1,-1,-1,-1
50,46,993,182,30,13,1,-1,-1,-1
51,0,32,223,61,22,1,-1,-1,-1
51,1,136,235,64,24,1,-1,-1,-1
51,2,209,221,56,20,1,-1,-1,-1
51,3,133,216,50,25,1,-1,-1,-1
51,4,215,210,48,19,1,-1,-1,-1
51,5,541,216,49,26,1,-1,-1,-1
51,6,582,192,52,19,1,-1,-1,-1
51,7,452,183,47,21,1,-1,-1,-1
51,8,449,180,40,16,1,-1,-1,-1
51,9,439,172,44,16,1,-1,-1,-1
51,10,545,168,48,18,1,-1,-1,-1
51,11,588,175,43,19,1,-1,-1,-1
51,12,620,180,41,21,1,-1,-1,-1
51,13,654,164,57,22,1,-1,-1,-1
51,14,252,106,18,11,1,-1,-1,-1
51,15,274,105,15,11,1,-1,-1,-1
51,16,293,104,14,12,1,-1,-1,-1
51,17,310,104,16,12,1,-1,-1,-1
51,18,329,103,16,12,1,-1,-1,-1
51,19,348,103,14,12,1,-1,-1,-1
51,20,365,104,14,11,1,-1,-1,-1
51,21,292,117,18,16,1,-1,-1,-1
51,22,313,118,18,12,1,-1,-1,-1
51,23,333,117,17,12,1,-1,-1,-1
51,24,354,117,16,13,1,-1,-1,-1
51,25,413,102,14,12,1,-1,-1,-1
51,26,468,118,14,12,1,-1,-1,-1
51,27,507,117,17,14,1,-1,-1,-1
51,28,549,126,25,17,1,-1,-1,-1
51,31,570,102,15,13,1,-1,-1,-1
51,32,591,100,14,15,1,-1,-1,-1
51,33,607,97,26,20,1,-1,-1,-1
51,34,432,103,12,11,1,-1,-1,-1
51,36,796,172,55,21,1,-1,-1,-1
51,37,472,96,63,24,1,-1,-1,-1
51,39,906,182,36,17,1,-1,-1,-1
51,40,769,180,50,20,1,-1,-1,-1
51,41,764,191,52,19,1,-1,-1,-1
51,43,961,174,49,17,1,-1,-1,-1
51,44,964,166,47,17,1,-1,-1,-1
51,46,992,182,31,13,1,-1,-1,-1
52,0,32,223,61,22,1,-1,-1,-1
52,1,136,235,64,24,1,-1,-1,-1
52,2,209,221,56,20,1,-1,-1,-1
52,3,133,216,50,25,1,-1,-1,-1
52,4,217,210,48,19,1,-1,-1,-1
52,5,540,217,49,26,1,-1,-1,-1
52,6,579,192,52,19,1,-1,-1,-1
52,7,449,184,47,21,1,-1,-1,-1
52,8,447,180,40,15,1,-1,-1,-1
52,9,436,172,44,16,1,-1,-1,-1
52,10,544,168,48,18,1,-1,-1,-1
52,11,586,175,43,19,1,-1,-1,-1
52,12,618,181,41,21,1,-1,-1,-1
52,13,653,164,57,22,1,-1,-1,-1
52,14,252,106,18,11,1,-1,-1,-1
52,15,274,105,15,11,1,-1,-1,-1
52,16,293,105,14,12,1,-1,-1,-1
52,17,310,104,16,12,1,-1,-1,-1
52,18,329,103,16,12,1,-1,-1,-1
52,19,348,103,14,12,1,-1,-1,-1
52,20,365,104,14,11,1,-1,-1,-1
52,21,292,117,18,16,1,-1,-1,-1
52,22,313,118,18,12,1,-1,-1,-1
52,23,333,117,17,12,1,-1,-1,-1
52,24,354,117,16,13,1,-1,-1,-1
52,25,413,102,14,12,1,-1,-1,-1
52,26,468,118,14,12,1,-1,-1,-1
52,27,507,117,17,14,1,-1,-1,-1
52,28,549,126,25,17,1,-1,-1,-1
52,31,570,102,15,13,1,-1,-1,-1
52,32,591,100,14,15,1,-1,-1,-1
52,33,607,97,26,20,1,-1,-1,-1
52,34,432,103,12,11,1,-1,-1,-1
52,36,795,172,55,21,1,-1,-1,-1
52,37,472,96,63,24,1,-1,-1,-1
52,39,902,182,39,17,1,-1,-1,-1
52,40,768,180,50,20,1,-1,-1,-1
52,41,762,191,52,19,1,-1,-1,-1
52,43,961,174,50,17,1,-1,-1,-1
52,44,963,166,47,17,1,-1,-1,-1
52,46,992,182,31,13,1,-1,-1,-1
53,0,32,223,61,22,1,-1,-1,-1
53,1,136,236,64,24,1,-1,-1,-1
53,2,209,221,56,20,1,-1,-1,-1
53,3,133,216,50,25,1,-1,-1,-1
53,4,219,210,48,19,1,-1,-1,-1
53,5,538,217,49,26,1,-1,-1,-1
53,6,576,192,52,19,1,-1,-1,-1
53,7,446,184,47,21,1,-1,-1,-1
53,8,444,180,40,15,1,-1,-1,-1
53,9,434,172,44,16,1,-1,-1,-1
53,10,542,168,48,18,1,-1,-1,-1
53,11,584,175,43,19,1,-1,-1,-1
53,12,617,181,41,21,1,-1,-1,-1
53,13,651,164,57,22,1,-1,-1,-1
53,14,252,106,18,11,1,-1,-1,-1
53,15,274,105,15,11,1,-1,-1,-1
53,16,293,105,14,12,1,-1,-1,-1
53,17,310,104,16,12,1,-1,-1,-1
53,18,329,103,16,12,1,-1,-1,-1
53,19,348,103,14,12,1,-1,-1,-1
53,20,365,104,14,11,1,-1,-1,-1
53,21,292,118,18,15,1,-1,-1,-1
53,22,313,118,18,12,1,-1,-1,-1
53,23,333,117,17,12,1,-1,-1,-1
53,24,354,117,16,13,1,-1,-1,-1
53,25,413,102,14,12,1,-1,-1,-1
53,26,468,118,14,12,1,-1,-1,-1
53,27,507,117,17,14,1,-1,-1,-1
53,28,549,126,25,17,1,-1,-1,-1
53,31,570,102,15,13,1,-1,-1,-1
53,32,591,100,14,15,1,-1,-1,-1
53,33,607,97,26,20,1,-1,-1,-1
53,34,432,103,12,11,1,-1,-1,-1
53,36,795,172,55,21,1,-1,-1,-1
53,37,473,96,63,24,1,-1,-1,-1
53,39,897,182,43,17,1,-1,-1,-1
53,40,766,180,50,21,1,-1,-1,-1
53,41,761,191,52,19,1,-1,-1,-1
53,43,960,174,50,17,1,-1,-1,-1
53,44,962,166,47,17,1,-1,-1,-1
53,46,991,182,32,13,1,-1,-1,-1
53,47,995,187,28,18,1,-1,-1,-1
54,0,32,223,61,22,1,-1,-1,-1
54,1,136,236,64,24,1,-1,-1,-1
54,2,209,221,56,20,1,-1,-1,-1
54,3,133,216,50,25,1,-1,-1,-1
54,4,221,210,48,20,1,-1,-1,-1
54,5,536,217,49,26,1,-1,-1,-1
54,6,573,192,52,19,1,-1,-1,-1
54,7,443,184,47,21,1,-1,-1,-1
54,8,442,180,41,15,1,-1,-1,-1
54,9,432,172,44,16,1,-1,-1,-1
54,10,540,168,48,19,1,-1,-1,-1
54,11,582,175,43,19,1,-1,-1,-1
54,12,615,181,41,21,1,-1,-1,-1
54,13,650,164,57,22,1,-1,-1,-1
54,14,252,106,18,11,1,-1,-1,-1
54,15,274,105,15,11,1,-1,-1,-1
54,16,293,105,14,11,1,-1,-1,-1
54,17,310,104,16,12,1,-1,-1,-1
54,18,329,103,16,12,1,-1,-1,-1
54,19,348,103,14,12,1,-1,-1,-1
54,20,365,104,14,11,1,-1,-1,-1
54,21,292,118,18,15,1,-1,-1,-1
54,22,313,118,18,12,1,-1,-1,-1
54,23,333,117,17,12,1,-1,-1,-1
54,24,354,117,16,13,1,-1,-1,-1
54,25,413,102,14,12,1,-1,-1,-1
54,26,468,118,14,12,1,-1,-1,-1
54,27,507,117,17,14,1,-1,-1,-1
54,28,549,126,25,17,1,-1,-1,-1
54,31,570,102,15,13,1,-1,-1,-1
54,32,591,100,14,15,1,-1,-1,-1
54,33,607,97,26,20,1,-1,-1,-1
54,34,432,103,12,11,1,-1,-1,-1
54,36,794,172,55,21,1,-1,-1,-1
54,37,474,96,63,24,1,-1,-1,-1
54,39,893,182,46,17,1,-1,-1,-1
54,40,765,180,50,21,1,-1,-1,-1
54,41,759,191,52,19,1,-1,-1,-1
54,43,960,174,50,17,1,-1,-1,-1
54,44,960,166,47,17,1,-1,-1,-1
54,46,990,182,33,13,1,-1,-1,-1
54,47,993,187,30,18,1,-1,-1,-1
55,0,32,223,61,22,1,-1,-1,-1
55,1,136,236,64,24,1,-1,-1,-1
55,2,209,221,56,20,1,-1,-1,-1
55,3,133,216,50,25,1,-1,-1,-1
55,4,223,210,48,20,1,-1,-1,-1
55,5,535,218,50,26,1,-1,-1,-1
55,6,571,192,52,19,1,-1,-1,-1
55,7,440,184,46,21,1,-1,-1,-1
55,8,439,181,41,15,1,-1,-1,-1
55,9,430,172,44,16,1,-1,-1,-1
55,10,539,168,48,19,1,-1,-1,-1
55,11,580,175,43,19,1,-1,-1,-1
55,12,613,181,41,21,1,-1,-1,-1
55,13,648,164,57,22,1,-1,-1,-1
55,14,252,106,18,11,1,-1,-1,-1
55,15,274,106,15,11,1,-1,-1,-1
55,16,293,105,14,11,1,-1,-1,-1
55,17,310,104,16,12,1,-1,-1,-1
55,18,329,103,16,12,1,-1,-1,-1
55,19,348,103,14,12,1,-1,-1,-1
55,20,365,104,14,11,1,-1,-1,-1
55,21,292,118,18,15,1,-1,-1,-1
55,22,313,118,18,12,1,-1,-1,-1
55,23,333,117,17,12,1,-1,-1,-1
55,24,354,117,16,13,1,-1,-1,-1
55,25,413,102,14,12,1,-1,-1,-1
55,26,468,118,14,12,1,-1,-1,-1
55,27,507,117,16,14,1,-1,-1,-1
55,28,549,126,25,17,1,-1,-1,-1
55,31,570,102,15,12,1,-1,-1,-1
55,32,591,100,14,15,1,-1,-1,-1
55,33,607,97,26,20,1,-1,-1,-1
55,34,432,103,12,11,1,-1,-1,-1
55,36,793,172,55,21,1,-1,-1,-1
55,37,475,96,63,24,1,-1,-1,-1
55,38,789,168,34,14,1,-1,-1,-1
55,39,889,182,50,17,1,-1,-1,-1
55,40,764,180,50,21,1,-1,-1,-1
55,41,758,191,52,19,1,-1,-1,-1
55,43,959,174,50,17,1,-1,-1,-1
55,44,959,166,47,17,1,-1,-1,-1
55,46,989,182,34,13,1,-1,-1,-1
55,47,992,187,31,18,1,-1,-1,-1
56,0,32,223,61,22,1,-1,-1,-1
56,1,136,236,64,24,1,-1,-1,-1
56,2,210,221,56,20,1,-1,-1,-1
56,3,134,216,50,25,1,-1,-1,-1
56,4,226,210,47,20,1,-1,-1,-1
56,5,533,219,50,26,1,-1,-1,-1
56,6,568,192,52,19,1,-1,-1,-1
56,7,437,184,47,21,1,-1,-1,-1
56,8,437,181,41,16,1,-1,-1,-1
56,9,427,172,44,16,1,-1,-1,-1
56,10,537,168,48,19,1,-1,-1,-1
56,11,578,175,43,19,1,-1,-1,-1
56,12,611,181,41,21,1,-1,-1,-1
56,13,647,164,57,22,1,-1,-1,-1
56,14,252,106,18,11,1,-1,-1,-1
56,15,274,106,15,11,1,-1,-1,-1
56,16,293,105,14,11,1,-1,-1,-1
56,17,310,104,16,12,1,-1,-1,-1
56,18,329,103,16,12,1,-1,-1,-1
56,19,348,103,14,12,1,-1,-1,-1
56,20,365,104,14,11,1,-1,-1,-1
56,21,292,118,18,15,1,-1,-1,-1
56,22,313,118,18,12,1,-1,-1,-1
56,23,333,117,17,12,1,-1,-1,-1
56,24,355,117,16,13,1,-1,-1,-1
56,25,413,102,14,12,1,-1,-1,-1
56,26,468,118,14,12,1,-1,-1,-1
56,27,507,117,16,14,1,-1,-1,-1
56,28,549,126,25,17,1,-1,-1,-1
56,31,570,102,15,12,1,-1,-1,-1
56,32,591,100,14,15,1,-1,-1,-1
56,33,607,97,26,20,1,-1,-1,-1
56,34,432,103,12,11,1,-1,-1,-1
56,36,793,172,55,21,1,-1,-1,-1
56,37,476,96,63,24,1,-1,-1,-1
56,38,788,168,34,15,1,-1,-1,-1
56,39,888,182,50,17,1,-1,-1,-1
56,40,762,180,50,21,1,-1,-1,-1
56,41,756,191,51,19,1,-1,-1,-1
56,43,958,174,50,17,1,-1,-1,-1
56,44,958,166,47,17,1,-1,-1,-1
56,46,988,182,35,13,1,-1,-1,-1
56,47,990,187,33,18,1,-1,-1,-1
57,0,32,223,61,22,1,-1,-1,-1
57,1,136,236,64,24,1,-1,-1,-1
57,2,210,221,56,20,1,-1,-1,-1
57,3,134,216,50,25,1,-1,-1,-1
57,4,228,210,47,20,1,-1,-1,-1
57,5,531,219,50,26,1,-1,-1,-1
57,6,565,192,52,19,1,-1,-1,-1
57,7,433,184,47,21,1,-1,-1,-1
57,8,434,181,41,16,1,-1,-1,-1
57,9,425,172,44,16,1,-1,-1,-1
57,10,535,168,48,18,1,-1,-1,-1
57,11,576,175,43,19,1,-1,-1,-1
57,12,609,181,41,21,1,-1,-1,-1
57,13,645,164,57,22,1,-1,-1,-1
57,14,252,106,18,11,1,-1,-1,-1
57,15,274,106,15,11,1,-1,-1,-1
57,16,293,105,14,11,1,-1,-1,-1
57,17,310,104,16,12,1,-1,-1,-1
57,18,329,103,16,12,1,-1,-1,-1
57,19,348,103,14,12,1,-1,-1,-1
57,20,365,104,14,11,1,-1,-1,-1
57,21,292,118,18,15,1,-1,-1,-1
57,22,313,118,18,12,1,-1,-1,-1
57,23,333,117,17,12,1,-1,-1,-1
57,24,355,117,16,13,1,-1,-1,-1
57,25,413,102,13,12,1,-1,-1,-1
57,26,468,118,14,12,1,-1,-1,-1
57,27,507,117,16,14,1,-1,-1,-1
57,28,549,126,25,17,1,-1,-1,-1
57,31,570,102,15,12,1,-1,-1,-1
57,32,591,100,14,15,1,-1,-1,-1
57,33,607,97,26,20,1,-1,-1,-1
57,34,432,103,12,11,1,-1,-1,-1
57,36,792,172,55,21,1,-1,-1,-1
57,37,476,96,63,24,1,-1,-1,-1
57,38,786,168,35,15,1,-1,-1,-1
57,39,888,182,50,18,1,-1,-1,-1
57,40,761,180,50,21,1,-1,-1,-1
57,41,754,191,51,19,1,-1,-1,-1
57,43,958,174,50,17,1,-1,-1,-1
57,44,957,166,47,17,1,-1,-1,-1
57,46,987,183,36,13,1,-1,-1,-1
57,47,988,187,35,18,1,-1,-1,-1
58,0,33,223,61,22,1,-1,-1,-1
58,1,136,236,65,24,1,-1,-1,-1
58,2,211,221,56,20,1,-1,-1,-1
58,3,134,216,50,25,1,-1,-1,-1
58,4,230,210,47,20,1,-1,-1,-1
58,5,530,220,50,26,1,-1,-1,-1
58,6,562,192,52,19,1,-1,-1,-1
58,7,430,184,47,21,1,-1,-1,-1
58,8,431,181,42,17,1,-1,-1,-1
58,9,423,172,43,16,1,-1,-1,-1
58,10,533,168,48,18,1,-1,-1,-1
58,11,573,175,43,19,1,-1,-1,-1
58,12,607,181,41,21,1,-1,-1,-1
58,13,644,164,57,22,1,-1,-1,-1
58,14,252,106,18,11,1,-1,-1,-1
58,15,274,106,15,11,1,-1,-1,-1
58,16,293,105,14,11,1,-1,-1,-1
58,17,310,104,16,12,1,-1,-1,-1
58,18,329,103,16,12,1,-1,-1,-1
58,19,348,103,14,12,1,-1,-1,-1
58,20,365,104,14,11,1,-1,-1,-1
58,21,292,118,18,15,1,-1,-1,-1
58,22,313,118,18,12,1,-1,-1,-1
58,23,333,117,17,12,1,-1,-1,-1
58,24,355,117,16,13,1,-1,-1,-1
58,25,413,102,13,12,1,-1,-1,-1
58,26,468,118,14,12,1,-1,-1,-1
58,27,507,117,16,14,1,-1,-1,-1
58,28,549,126,25,17,1,-1,-1,-1
58,31,570,102,15,12,1,-1,-1,-1
58,32,591,100,14,15,1,-1,-1,-1
58,33,607,97,26,20,1,-1,-1,-1
58,34,432,103,12,11,1,-1,-1,-1
58,36,791,172,55,21,1,-1,-1,-1
58,37,477,96,62,24,1,-1,-1,-1
58,38,784,168,35,15,1,-1,-1,-1
58,39,887,182,50,18,1,-1,-1,-1
58,40,760,180,51,21,1,-1,-1,-1
58,41,753,191,51,19,1,-1,-1,-1
58,43,957,174,51,17,1,-1,-1,-1
58,44,956,166,47,17,1,-1,-1,-1
58,46,986,183,37,13,1,-1,-1,-1
58,47,987,187,36,17,1,-1,-1,-1
58,57,0,210,32,20,1,-1,-1,-1
59,0,33,223,61,22,1,-1,-1,-1
59,1,136,236,65,24,1,-1,-1,-1
59,2,211,221,56,20,1,-1,-1,-1
59,3,134,216,50,25,1,-1,-1,-1
59,4,232,210,47,20,1,-1,-1,-1
59,5,528,220,50,26,1,-1,-1,-1
59,6,559,192,53,19,1,-1,-1,-1
59,7,426,184,47,21,1,-1,-1,-1
59,8,429,181,42,17,1,-1,-1,-1
59,9,420,172,43,16,1,-1,-1,-1
59,10,531,168,48,18,1,-1,-1,-1
59,11,571,175,43,19,1,-1,-1,-1
59,12,605,181,41,21,1,-1,-1,-1
59,13,642,164,57,22,1,-1,-1,-1
59,14,252,106,18,11,1,-1,-1,-1
59,15,274,106,15,11,1,-1,-1,-1
59,16,293,105,14,11,1,-1,-1,-1
59,17,310,104,16,12,1,-1,-1,-1
59,18,329,103,16,12,1,-1,-1,-1
59,19,348,103,14,12,1,-1,-1,-1
59,20,365,104,14,11,1,-1,-1,-1
59,21,292,118,18,15,1,-1,-1,-1
59,22,313,118,18,12,1,-1,-1,-1
59,23,333,117,17,12,1,-1,-1,-1
59,24,355,117,16,13,1,-1,-1,-1
59,25,413,102,13,12,1,-1,-1,-1
59,26,468,118,14,12,1,-1,-1,-1
59,27,507,117,16,14,1,-1,-1,-1
59,28,549,126,25,17,1,-1,-1,-1
59,31,570,103,15,12,1,-1,-1,-1
59,32,590,100,14,15,1,-1,-1,-1
59,33,607,97,26,20,1,-1,-1,-1
59,34,432,103,12,11,1,-1,-1,-1
59,36,791,172,55,21,1,-1,-1,-1
59,37,478,96,62,24,1,-1,-1,-1
59,38,782,168,36,15,1,-1,-1,-1
59,39,886,182,50,18,1,-1,-1,-1
59,40,759,180,51,21,1,-1,-1,-1
59,41,751,191,51,19,1,-1,-1,-1
59,43,957,174,51,17,1,-1,-1,-1
59,44,955,166,47,17,1,-1,-1,-1
59,46,986,182,37,13,1,-1,-1,-1
59,47,985,188,38,17,1,-1,-1,-1
59,57,0,210,34,20,1,-1,-1,-1
60,0,33,223,61,22,1,-1,-1,-1
60,1,136,236,65,24,1,-1,-1,-1
60,2,211,221,56,20,1,-1,-1,-1
60,3,134,216,50,25,1,-1,-1,-1
60,4,234,210,47,21,1,-1,-1,-1
60,5,526,221,50,26,1,-1,-1,-1
60,6,555,192,53,19,1,-1,-1,-1
60,7,423,184,47,21,1,-1,-1,-1
60,8,426,181,42,18,1,-1,-1,-1
60,9,418,172,43,16,1,-1,-1,-1
60,10,529,168,48,18,1,-1,-1,-1
60,11,569,175,43,19,1,-1,-1,-1
60,12,603,181,40,21,1,-1,-1,-1
60,13,641,164,57,22,1,-1,-1,-1
60,14,252,106,18,11,1,-1,-1,-1
60,15,274,106,15,11,1,-1,-1,-1
60,16,293,105,14,12,1,-1,-1,-1
60,17,310,104,16,12,1,-1,-1,-1
60,18,329,104,16,11,1,-1,-1,-1
60,19,348,103,14,12,1,-1,-1,-1
60,20,365,104,14,11,1,-1,-1,-1
60,21,292,118,18,15,1,-1,-1,-1
60,22,313,118,18,12,1,-1,-1,-1
60,23,333,117,17,12,1,-1,-1,-1
60,24,355,117,16,13,1,-1,-1,-1
60,25,414,103,13,12,1,-1,-1,-1
60,26,468,118,14,12,1,-1,-1,-1
60,27,507,117,16,14,1,-1,-1,-1
60,28,549,126,25,17,1,-1,-1,-1
60,31,570,103,15,12,1,-1,-1,-1
60,32,590,100,14,15,1,-1,-1,-1
60,33,607,97,26,20,1,-1,-1,-1
60,34,432,103,12,11,1,-1,-1,-1
60,36,790,172,54,21,1,-1,-1,-1
60,37,479,96,62,24,1,-1,-1,-1
60,38,781,168,36,15,1,-1,-1,-1
60,39,886,182,50,18,1,-1,-1,-1
60,40,757,180,50,21,1,-1,-1,-1
60,41,750,191,51,19,1,-1,-1,-1
60,43,956,174,51,17,1,-1,-1,-1
60,44,953,166,47,17,1,-1,-1,-1
60,46,985,182,38,13,1,-1,-1,-1
60,47,984,188,39,17,1,-1,-1,-1
60,57,0,210,36,20,1,-1,-1,-1
61,0,33,223,61,22,1,-1,-1,-1
61,1,136,236,65,24,1,-1,-1,-1
61,2,212,221,56,20,1,-1,-1,-1
61,3,134,216,50,25,1,-1,-1,-1
61,4,236,210,46,21,1,-1,-1,-1
61,5,524,221,50,26,1,-1,-1,-1
61,6,552,192,53,19,1,-1,-1,-1
61,7,420,184,47,21,1,-1,-1,-1
61,8,423,181,43,18,1,-1,-1,-1
61,9,416,172,43,16,1,-1,-1,-1
61,10,527,168,48,18,1,-1,-1,-1
61,11,567,176,43,19,1,-1,-1,-1
61,12,601,181,40,21,1,-1,-1,-1
61,13,639,164,57,22,1,-1,-1,-1
61,14,252,106,18,11,1,-1,-1,-1
61,15,274,106,15,11,1,-1,-1,-1
61,16,293,105,14,12,1,-1,-1,-1
61,17,310,104,16,12,1,-1,-1,-1
61,18,330,104,16,11,1,-1,-1,-1
61,19,348,103,14,12,1,-1,-1,-1
61,20,365,104,14,11,1,-1,-1,-1
61,21,292,118,18,15,1,-1,-1,-1
61,22,313,118,18,12,1,-1,-1,-1
61,23,333,117,17,12,1,-1,-1,-1
61,24,355,117,16,13,1,-1,-1,-1
61,25,414,103,13,12,1,-1,-1,-1
61,26,468,118,14,12,1,-1,-1,-1
61,27,507,117,16,14,1,-1,-1,-1
61,28,549,126,25,17,1,-1,-1,-1
61,31,570,103,14,12,1,-1,-1,-1
61,32,590,100,14,15,1,-1,-1,-1
61,33,607,97,27,20,1,-1,-1,-1
61,34,433,103,12,11,1,-1,-1,-1
61,36,789,172,54,21,1,-1,-1,-1
61,37,479,96,62,24,1,-1,-1,-1
61,38,779,168,36,15,1,-1,-1,-1
61,39,885,182,50,18,1,-1,-1,-1
61,40,756,180,50,21,1,-1,-1,-1
61,41,748,191,51,19,1,-1,-1,-1
61,43,956,174,51,17,1,-1,-1,-1
61,44,952,166,47,17,1,-1,-1,-1
61,46,984,182,39,13,1,-1,-1,-1
61,47,982,188,41,17,1,-1,-1,-1
61,57,0,210,38,21,1,-1,-1,-1
62,0,33,223,61,22,1,-1,-1,-1
62,1,136,236,65,24,1,-1,-1,-1
62,2,212,221,56,20,1,-1,-1,-1
62,3,135,216,50,25,1,-1,-1,-1
62,4,239,210,46,21,1,-1,-1,-1
62,5,523,222,50,27,1,-1,-1,-1
62,6,549,192,53,19,1,-1,-1,-1
62,7,416,184,47,21,1,-1,-1,-1
62,8,421,181,42,18,1,-1,-1,-1
62,9,414,172,43,16,1,-1,-1,-1
62,10,525,168,48,18,1,-1,-1,-1
62,11,565,176,43,19,1,-1,-1,-1
62,12,599,181,40,21,1,-1,-1,-1
62,13,638,164,57,22,1,-1,-1,-1
62,14,252,106,18,11,1,-1,-1,-1
62,15,274,106,15,11,1,-1,-1,-1
62,16,293,105,14,12,1,-1,-1,-1
62,17,310,104,16,12,1,-1,-1,-1
62,18,330,104,16,11,1,-1,-1,-1
62,19,348,103,14,12,1,-1,-1,-1
62,20,365,104,14,11,1,-1,-1,-1
62,21,292,118,18,16,1,-1,-1,-1
62,22,313,118,18,12,1,-1,-1,-1
62,23,333,117,17,12,1,-1,-1,-1
62,24,355,117,16,13,1,-1,-1,-1
62,25,414,103,13,12,1,-1,-1,-1
62,26,468,118,14,12,1,-1,-1,-1
62,27,507,118,16,14,1,-1,-1,-1
62,28,549,126,25,17,1,-1,-1,-1
62,31,570,103,14,12,1,-1,-1,-1
62,32,590,100,15,15,1,-1,-1,-1
62,33,607,97,27,20,1,-1,-1,-1
62,34,433,103,12,11,1,-1,-1,-1
62,36,789,172,54,21,1,-1,-1,-1
62,37,480,96,62,24,1,-1,-1,-1
62,38,778,168,36,16,1,-1,-1,-1
62,40,754,181,50,21,1,-1,-1,-1
62,41,747,191,51,19,1,-1,-1,-1
62,43,955,174,51,17,1,-1,-1,-1
62,44,950,166,47,17,1,-1,-1,-1
62,46,983,182,40,14,1,-1,-1,-1
62,47,980,188,43,17,1,-1,-1,-1
62,57,0,210,40,21,1,-1,-1,-1
63,0,33,223,61,22,1,-1,-1,-1
63,1,136,236,65,24,1,-1,-1,-1
63,2,212,221,56,20,1,-1,-1,-1
63,3,135,216,50,25,1,-1,-1,-1
63,4,241,210,46,21,1,-1,-1,-1
63,5,521,222,50,27,1,-1,-1,-1
63,6,546,192,53,19,1,-1,-1,-1
63,7,413,184,47,21,1,-1,-1,-1
63,8,418,181,42,18,1,-1,-1,-1
63,9,411,172,43,16,1,-1,-1,-1
63,10,523,168,48,18,1,-1,-1,-1
63,11,563,176,43,19,1,-1,-1,-1
63,12,597,181,40,21,1,-1,-1,-1
63,13,636,164,57,22,1,-1,-1,-1
63,14,252,106,18,11,1,-1,-1,-1
63,15,274,106,15,11,1,-1,-1,-1
63,16,293,105,14,12,1,-1,-1,-1
63,17,310,104,16,12,1,-1,-1,-1
63,18,330,104,16,11,1,-1,-1,-1
63,19,348,103,14,12,1,-1,-1,-1
63,20,365,104,14,11,1,-1,-1,-1
63,21,292,118,18,16,1,-1,-1,-1
63,22,313,118,18,12,1,-1,-1,-1
63,23,333,117,16,12,1,-1,-1,-1
63,24,355,117,16,13,1,-1,-1,-1
63,25,414,103,13,12,1,-1,-1,-1
63,26,468,118,14,12,1,-1,-1,-1
63,27,507,118,16,14,1,-1,-1,-1
63,28,549,127,25,17,1,-1,-1,-1
63,31,570,103,14,12,1,-1,-1,-1
63,32,590,100,14,15,1,-1,-1,-1
63,33,607,97,27,20,1,-1,-1,-1
63,34,433,103,12,11,1,-1,-1,-1
63,36,788,172,54,21,1,-1,-1,-1
63,37,481,96,62,24,1,-1,-1,-1
63,38,777,168,35,16,1,-1,-1,-1
63,40,753,181,50,21,1,-1,-1,-1
63,41,745,190,51,19,1,-1,-1,-1
63,43,954,174,51,17,1,-1,-1,-1
63,44,949,166,47,17,1,-1,-1,-1
63,46,982,182,41,14,1,-1,-1,-1
63,47,979,188,44,18,1,-1,-1,-1
63,57,0,210,42,21,1,-1,-1,-1
64,0,33,223,61,22,1,-1,-1,-1
64,1,136,236,65,24,1,-1,-1,-1
64,2,213,221,56,20,1,-1,-1,-1
64,3,135,216,50,25,1,-1,-1,-1
64,4,243,210,46,21,1,-1,-1,-1
64,5,519,223,50,27,1,-1,-1,-1
64,6,543,192,53,19,1,-1,-1,-1
64,7,409,184,47,21,1,-1,-1,-1
64,8,416,181,42,18,1,-1,-1,-1
64,9,409,172,43,16,1,-1,-1,-1
64,10,521,168,48,18,1,-1,-1,-1
64,11,561,176,43,19,1,-1,-1,-1
64,12,595,181,40,21,1,-1,-1,-1
64,13,635,164,57,22,1,-1,-1,-1
64,14,252,106,18,11,1,-1,-1,-1
64,15,274,106,15,11,1,-1,-1,-1
64,16,293,105,14,12,1,-1,-1,-1
64,17,310,104,15,12,1,-1,-1,-1
64,18,330,104,16,11,1,-1,-1,-1
64,19,348,103,14,12,1,-1,-1,-1
64,20,365,104,14,11,1,-1,-1,-1
64,21,292,118,18,16,1,-1,-1,-1
64,22,313,118,18,12,1,-1,-1,-1
64,23,333,117,16,12,1,-1,-1,-1
64,24,355,117,16,13,1,-1,-1,-1
64,25,414,103,13,12,1,-1,-1,-1
64,26,468,118,14,12,1,-1,-1,-1
64,27,507,118,16,13,1,-1,-1,-1
64,28,549,127,25,17,1,-1,-1,-1
64,31,570,103,14,12,1,-1,-1,-1
64,32,591,100,14,15,1,-1,-1,-1
64,33,607,97,27,20,1,-1,-1,-1
64,34,433,103,12,11,1,-1,-1,-1
64,36,787,172,54,21,1,-1,-1,-1
64,37,481,96,62,24,1,-1,-1,-1
64,38,776,168,34,16,1,-1,-1,-1
64,40,751,181,50,21,1,-1,-1,-1
64,41,743,190,51,19,1,-1,-1,-1
64,43,954,175,52,17,1,-1,-1,-1
64,44,947,166,47,17,1,-1,-1,-1
64,46,981,182,42,14,1,-1,-1,-1
64,47,977,188,46,18,1,-1,-1,-1
64,57,0,210,44,21,1,-1,-1,-1
65,0,33,223,61,22,1,-1,-1,-1
65,1,136,236,65,24,1,-1,-1,-1
65,2,213,221,56,20,1,-1,-1,-1
65,3,135,216,50,25,1,-1,-1,-1
65,4,245,210,46,21,1,-1,-1,-1
65,5,518,223,50,27,1,-1,-1,-1
65,6,540,192,53,19,1,-1,-1,-1
65,7,406,184,48,21,1,-1,-1,-1
65,8,413,181,41,18,1,-1,-1,-1
65,9,406,172,43,16,1,-1,-1,-1
65,10,519,168,48,18,1,-1,-1,-1
65,11,559,176,43,19,1,-1,-1,-1
65,12,593,181,40,21,1,-1,-1,-1
65,13,633,165,57,22,1,-1,-1,-1
65,14,252,106,18,11,1,-1,-1,-1
65,15,274,106,15,11,1,-1,-1,-1
65,16,293,105,14,12,1,-1,-1,-1
65,17,310,104,15,12,1,-1,-1,-1
65,18,330,104,16,11,1,-1,-1,-1
65,19,348,103,14,12,1,-1,-1,-1
65,20,365,104,14,11,1,-1,-1,-1
65,21,292,118,18,16,1,-1,-1,-1
65,22,313,118,18,12,1,-1,-1,-1
65,23,333,117,16,12,1,-1,-1,-1
65,24,355,117,16,13,1,-1,-1,-1
65,25,414,103,13,12,1,-1,-1,-1
65,26,468,118,14,12,1,-1,-1,-1
65,27,507,118,16,13,1,-1,-1,-1
65,28,549,127,25,17,1,-1,-1,-1
65,31,570,103,14,12,1,-1,-1,-1
65,32,591,100,14,15,1,-1,-1,-1
65,33,607,97,27,20,1,-1,-1,-1
65,34,433,103,12,11,1,-1,-1,-1
65,36,787,172,54,21,1,-1,-1,-1
65,37,482,96,62,24,1,-1,-1,-1
65,38,775,168,34,16,1,-1,-1,-1
65,40,750,181,50,21,1,-1,-1,-1
65,41,742,190,51,19,1,-1,-1,-1
65,43,953,175,52,17,1,-1,-1,-1
65,44,946,166,47,17,1,-1,-1,-1
65,46,980,182,43,14,1,-1,-1,-1
65,47,976,188,47,18,1,-1,-1,-1
65,57,0,210,46,21,1,-1,-1,-1
66,0,33,223,61,22,1,-1,-1,-1
66,1,136,236,65,23,1,-1,-1,-1
66,2,213,221,56,20,1,-1,-1,-1
66,3,135,216,50,25,1,-1,-1,-1
66,4,247,210,46,20,1,-1,-1,-1
66,5,516,224,50,27,1,-1,-1,-1
66,6,537,192,53,19,1,-1,-1,-1
66,7,402,185,48,21,1,-1,-1,-1
66,8,411,181,41,18,1,-1,-1,-1
66,9,404,172,43,16,1,-1,-1,-1
66,10,518,168,48,18,1,-1,-1,-1
66,11,556,176,43,19,1,-1,-1,-1
66,12,591,181,40,21,1,-1,-1,-1
66,13,632,165,57,21,1,-1,-1,-1
66,14,252,106,18,11,1,-1,-1,-1
66,15,274,106,15,11,1,-1,-1,-1
66,16,293,105,14,12,1,-1,-1,-1
66,17,310,104,15,12,1,-1,-1,-1
66,18,330,104,16,11,1,-1,-1,-1
66,19,348,103,14,12,1,-1,-1,-1
66,20,365,104,14,11,1,-1,-1,-1
66,21,292,118,18,16,1,-1,-1,-1
66,22,313,118,18,12,1,-1,-1,-1
66,23,333,117,16,12,1,-1,-1,-1
66,24,355,117,16,13,1,-1,-1,-1
66,25,414,103,13,12,1,-1,-1,-1
66,26,468,118,14,12,1,-1,-1,-1
66,27,507,118,16,13,1,-1,-1,-1
66,28,549,127,25,17,1,-1,-1,-1
66,31,570,103,14,12,1,-1,-1,-1
66,32,591,100,14,15,1,-1,-1,-1
66,33,607,97,27,20,1,-1,-1,-1
66,34,433,103,12,11,1,-1,-1,-1
66,36,786,172,54,21,1,-1,-1,-1
66,37,483,96,61,24,1,-1,-1,-1
66,38,774,168,33,17,1,-1,-1,-1
66,40,748,181,50,21,1,-1,-1,-1
66,41,740,190,50,19,1,-1,-1,-1
66,43,953,175,52,17,1,-1,-1,-1
66,44,944,166,47,17,1,-1,-1,-1
66,46,979,182,43,14,1,-1,-1,-1
66,47,974,188,49,18,1,-1,-1,-1
66,57,0,210,48,21,1,-1,-1,-1
67,0,33,223,61,22,1,-1,-1,-1
67,1,136,236,65,23,1,-1,-1,-1
67,2,214,221,56,20,1,-1,-1,-1
67,3,135,216,50,25,1,-1,-1,-1
67,4,249,210,46,20,1,-1,-1,-1
67,5,514,225,50,27,1,-1,-1,-1
67,6,534,192,53,19,1,-1,-1,-1
67,7,399,185,48,21,1,-1,-1,-1
67,8,408,181,41,18,1,-1,-1,-1
67,9,402,172,43,16,1,-1,-1,-1
67,10,516,168,48,18,1,-1,-1,-1
67,11,554,176,43,19,1,-1,-1,-1
67,12,590,181,40,21,1,-1,-1,-1
67,13,630,165,57,21,1,-1,-1,-1
67,14,252,106,18,11,1,-1,-1,-1
67,15,274,106,15,11,1,-1,-1,-1
67,16,293,105,15,12,1,-1,-1,-1
67,17,310,104,15,12,1,-1,-1,-1
67,18,330,104,16,11,1,-1,-1,-1
67,19,348,103,14,12,1,-1,-1,-1
67,20,365,104,14,11,1,-1,-1,-1
67,21,292,118,18,16,1,-1,-1,-1
67,22,313,118,18,12,1,-1,-1,-1
67,23,333,117,16,12,1,-1,-1,-1
67,24,355,117,16,13,1,-1,-1,-1
67,25,414,103,13,11,1,-1,-1,-1
67,26,468,118,14,12,1,-1,-1,-1
67,27,507,118,16,13,1,-1,-1,-1
67,28,549,127,25,17,1,-1,-1,-1
67,31,570,103,14,12,1,-1,-1,-1
67,32,591,100,14,15,1,-1,-1,-1
67,33,607,97,27,20,1,-1,-1,-1
67,34,433,103,12,11,1,-1,-1,-1
67,36,786,172,54,21,1,-1,-1,-1
67,37,484,96,61,24,1,-1,-1,-1
67,38,773,168,32,17,1,-1,-1,-1
67,40,747,181,50,21,1,-1,-1,-1
67,41,739,190,50,19,1,-1,-1,-1
67,43,952,175,52,17,1,-1,-1,-1
67,44,943,166,48,17,1,-1,-1,-1
67,46,979,182,43,14,1,-1,-1,-1
67,47,973,188,50,18,1,-1,-1,-1
67,57,0,210,50,21,1,-1,-1,-1
68,0,33,223,61,22,1,-1,-1,-1
68,1,136,236,65,23,1,-1,-1,-1
68,2,214,221,56,20,1,-1,-1,-1
68,3,136,216,50,24,1,-1,-1,-1
68,4,251,210,46,20,1,-1,-1,-1
68,5,512,225,50,27,1,-1,-1,-1
68,6,531,192,53,19,1,-1,-1,-1
68,7,395,185,48,21,1,-1,-1,-1
68,8,405,181,41,17,1,-1,-1,-1
68,9,399,172,43,16,1,-1,-1,-1
68,10,514,168,48,18,1,-1,-1,-1
68,11,552,176,43,19,1,-1,-1,-1
68,12,588,182,40,21,1,-1,-1,-1
68,13,629,165,57,21,1,-1,-1,-1
68,14,252,106,18,11,1,-1,-1,-1
68,15,274,106,15,11,1,-1,-1,-1
68,16,293,105,15,12,1,-1,-1,-1
68,17,310,104,15,12,1,-1,-1,-1
68,18,330,104,16,11,1,-1,-1,-1
68,19,348,103,14,12,1,-1,-1,-1
68,20,365,104,14,11,1,-1,-1,-1
68,21,292,118,18,16,1,-1,-1,-1
68,22,313,118,18,12,1,-1,-1,-1
68,23,333,117,16,12,1,-1,-1,-1
68,24,355,117,16,13,1,-1,-1,-1
68,25,414,103,13,11,1,-1,-1,-1
68,26,468,118,14,12,1,-1,-1,-1
68,27,507,118,16,13,1,-1,-1,-1
68,28,549,127,25,17,1,-1,-1,-1
68,31,570,103,14,12,1,-1,-1,-1
68,32,591,100,14,15,1,-1,-1,-1
68,33,607,97,27,20,1,-1,-1,-1
68,34,433,103,12,11,1,-1,-1,-1
68,36,785,172,53,21,1,-1,-1,-1
68,37,484,96,61,25,1,-1,-1,-1
68,38,770,168,34,17,1,-1,-1,-1
68,40,745,181,50,21,1,-1,-1,-1
68,41,737,190,50,20,1,-1,-1,-1
68,43,951,175,52,17,1,-1,-1,-1
68,44,941,166,48,17,1,-1,-1,-1
68,46,978,182,44,15,1,-1,-1,-1
68,47,971,189,50,18,1,-1,-1,-1
68,57,0,210,52,21,1,-1,-1,-1
69,0,33,223,61,22,1,-1,-1,-1
69,1,136,236,65,23,1,-1,-1,-1
69,2,214,221,56,20,1,-1,-1,-1
69,3,136,216,50,24,1,-1,-1,-1
69,4,253,210,46,20,1,-1,-1,-1
69,5,511,226,50,27,1,-1,-1,-1
69,6,528,192,53,19,1,-1,-1,-1
69,7,392,185,48,20,1,-1,-1,-1
69,8,402,181,41,17,1,-1,-1,-1
69,9,397,173,43,16,1,-1,-1,-1
69,10,512,168,48,18,1,-1,-1,-1
69,11,550,176,43,19,1,-1,-1,-1
69,12,586,182,40,21,1,-1,-1,-1
69,13,627,165,57,22,1,-1,-1,-1
69,14,252,106,18,11,1,-1,-1,-1
69,15,274,106,15,11,1,-1,-1,-1
69,16,293,105,15,12,1,-1,-1,-1
69,17,310,104,15,12,1,-1,-1,-1
69,18,330,104,16,11,1,-1,-1,-1
69,19,348,103,14,12,1,-1,-1,-1
69,20,365,104,14,11,1,-1,-1,-1
69,21,292,118,18,16,1,-1,-1,-1
69,22,313,118,18,12,1,-1,-1,-1
69,23,333,117,16,12,1,-1,-1,-1
69,24,355,117,16,13,1,-1,-1,-1
69,25,414,104,13,11,1,-1,-1,-1
69,26,468,118,14,12,1,-1,-1,-1
69,27,507,118,16,13,1,-1,-1,-1
69,28,549,127,25,17,1,-1,-1,-1
69,31,570,103,14,12,1,-1,-1,-1
69,32,591,100,14,15,1,-1,-1,-1
69,33,607,97,27,20,1,-1,-1,-1
69,34,433,103,12,11,1,-1,-1,-1
69,36,784,172,53,22,1,-1,-1,-1
69,37,485,96,61,25,1,-1,-1,-1
69,38,768,168,35,16,1,-1,-1,-1
69,40,744,181,50,21,1,-1,-1,-1
69,41,736,190,50,20,1,-1,-1,-1
69,43,951,175,52,17,1,-1,-1,-1
69,44,940,166,48,17,1,-1,-1,-1
69,46,977,182,44,15,1,-1,-1,-1
69,47,970,189,50,18,1,-1,-1,-1
69,57,0,210,54,21,1,-1,-1,-1
70,0,33,223,61,22,1,-1,-1,-1
70,1,136,236,65,23,1,-1,-1,-1
70,2,215,221,56,20,1,-1,-1,-1
70,3,136,216,50,24,1,-1,-1,-1
70,4,255,210,46,20,1,-1,-1,-1
70,5,509,226,50,27,1,-1,-1,-1
70,6,525,192,53,19,1,-1,-1,-1
70,7,389,185,48,20,1,-1,-1,-1
70,8,399,181,41,17,1,-1,-1,-1
70,9,395,173,43,16,1,-1,-1,-1
70,10,510,169,48,18,1,-1,-1,-1
70,11,548,176,43,19,1,-1,-1,-1
70,12,584,182,40,21,1,-1,-1,-1
70,13,625,165,57,22,1,-1,-1,-1
70,14,252,106,18,11,1,-1,-1,-1
70,15,274,106,15,11,1,-1,-1,-1
70,16,293,105,15,12,1,-1,-1,-1
70,17,310,104,15,12,1,-1,-1,-1
70,18,330,104,16,11,1,-1,-1,-1
70,19,348,103,14,12,1,-1,-1,-1
70,20,365,104,14,11,1,-1,-1,-1
70,21,292,118,18,16,1,-1,-1,-1
70,22,313,118,18,12,1,-1,-1,-1
70,23,333,117,16,12,1,-1,-1,-1
70,24,355,117,16,13,1,-1,-1,-1
70,25,414,104,13,11,1,-1,-1,-1
70,26,468,118,14,12,1,-1,-1,-1
70,27,507,118,16,13,1,-1,-1,-1
70,28,549,127,26,17,1,-1,-1,-1
70,31,570,103,14,12,1,-1,-1,-1
70,32,591,100,14,15,1,-1,-1,-1
70,33,607,97,27,20,1,-1,-1,-1
70,34,433,103,12,11,1,-1,-1,-1
70,36,783,172,53,22,1,-1,-1,-1
70,37,486,96,61,25,1,-1,-1,-1
70,38,765,168,36,16,1,-1,-1,-1
70,40,742,181,50,20,1,-1,-1,-1
70,41,734,190,50,20,1,-1,-1,-1
70,43,950,175,52,17,1,-1,-1,-1
70,44,939,166,48,18,1,-1,-1,-1
70,46,976,182,45,15,1,-1,-1,-1
70,47,969,189,49,17,1,-1,-1,-1
70,57,0,210,56,21,1,-1,-1,-1
71,0,33,223,61,22,1,-1,-1,-1
71,1,137,236,65,23,1,-1,-1,-1
71,2,215,222,56,20,1,-1,-1,-1
71,3,136,216,50,24,1,-1,-1,-1
71,4,257,210,46,20,1,-1,-1,-1
71,5,507,227,51,27,1,-1,-1,-1
71,6,522,192,53,19,1,-1,-1,-1
71,7,385,185,48,20,1,-1,-1,-1
71,8,396,181,41,16,1,-1,-1,-1
71,9,392,173,43,16,1,-1,-1,-1
71,10,508,169,48,18,1,-1,-1,-1
71,11,546,176,43,19,1,-1,-1,-1
71,12,582,182,40,21,1,-1,-1,-1
71,13,623,165,57,22,1,-1,-1,-1
71,14,252,106,18,11,1,-1,-1,-1
71,15,274,106,15,11,1,-1,-1,-1
71,16,293,105,15,12,1,-1,-1,-1
71,17,310,104,15,11,1,-1,-1,-1
71,18,330,104,16,11,1,-1,-1,-1
71,19,348,103,14,13,1,-1,-1,-1
71,20,365,104,14,11,1,-1,-1,-1
71,21,292,118,18,16,1,-1,-1,-1
71,22,313,118,18,12,1,-1,-1,-1
71,23,333,117,16,12,1,-1,-1,-1
71,24,355,117,16,13,1,-1,-1,-1
71,25,414,104,13,11,1,-1,-1,-1
71,26,468,118,14,12,1,-1,-1,-1
71,27,507,119,16,13,1,-1,-1,-1
71,28,549,127,26,16,1,-1,-1,-1
71,31,570,103,14,12,1,-1,-1,-1
71,32,591,101,14,15,1,-1,-1,-1
71,33,607,98,27,20,1,-1,-1,-1
71,34,433,103,12,11,1,-1,-1,-1
71,36,783,172,53,22,1,-1,-1,-1
71,37,487,96,61,25,1,-1,-1,-1
71,38,762,168,37,16,1,-1,-1,-1
71,40,740,182,49,20,1,-1,-1,-1
71,41,732,190,50,20,1,-1,-1,-1
71,43,949,175,51,17,1,-1,-1,-1
71,44,937,166,48,18,1,-1,-1,-1
71,46,975,182,45,16,1,-1,-1,-1
71,47,968,189,49,17,1,-1,-1,-1
71,57,0,210,58,21,1,-1,-1,-1
72,0,33,223,61,22,1,-1,-1,-1
72,1,137,236,65,23,1,-1,-1,-1
72,2,215,222,56,20,1,-1,-1,-1
72,3,136,216,50,24,1,-1,-1,-1
72,4,259,210,46,20,1,-1,-1,-1
72,5,505,227,51,27,1,-1,-1,-1
72,6,519,192,53,19,1,-1,-1,-1
72,7,382,185,48,20,1,-1,-1,-1
72,8,393,181,42,16,1,-1,-1,-1
72,9,390,173,42,16,1,-1,-1,-1
72,10,506,169,48,18,1,-1,-1,-1
72,11,544,176,43,19,1,-1,-1,-1
72,12,580,182,40,21,1,-1,-1,-1
72,13,622,165,57,22,1,-1,-1,-1
72,14,252,106,18,11,1,-1,-1,-1
72,15,274,106,15,11,1,-1,-1,-1
72,16,293,105,15,12,1,-1,-1,-1
72,17,310,104,15,11,1,-1,-1,-1
72,18,330,104,16,11,1,-1,-1,-1
72,19,348,103,14,13,1,-1,-1,-1
72,20,366,104,14,11,1,-1,-1,-1
72,21,292,118,18,16,1,-1,-1,-1
72,22,313,118,19,12,1,-1,-1,-1
72,23,333,117,16,12,1,-1,-1,-1
72,24,356,117,16,13,1,-1,-1,-1
72,25,414,104,13,11,1,-1,-1,-1
72,26,468,118,14,12,1,-1,-1,-1
72,27,507,119,16,13,1,-1,-1,-1
72,28,549,127,26,16,1,-1,-1,-1
72,31,570,103,14,12,1,-1,-1,-1
72,32,591,101,14,15,1,-1,-1,-1
72,33,607,98,27,20,1,-1,-1,-1
72,34,433,103,12,11,1,-1,-1,-1
72,36,782,172,53,22,1,-1,-1,-1
72,37,487,96,61,25,1,-1,-1,-1
72,38,760,169,39,15,1,-1,-1,-1
72,40,739,182,49,20,1,-1,-1,-1
72,41,730,191,50,20,1,-1,-1,-1
72,43,949,175,51,17,1,-1,-1,-1
72,44,936,166,48,18,1,-1,-1,-1
72,46,974,182,46,16,1,-1,-1,-1
72,47,967,189,49,17,1,-1,-1,-1
72,57,0,210,61,21,1,-1,-1,-1
73,0,33,223,61,22,1,-1,-1,-1
73,1,137,237,65,23,1,-1,-1,-1
73,2,216,222,56,20,1,-1,-1,-1
73,3,137,216,50,24,1,-1,-1,-1
73,4,261,210,46,20,1,-1,-1,-1
73,5,504,228,51,27,1,-1,-1,-1
73,6,515,192,53,19,1,-1,-1,-1
73,7,378,185,48,20,1,-1,-1,-1
73,8,390,181,42,16,1,-1,-1,-1
73,9,388,173,42,16,1,-1,-1,-1
73,10,504,169,48,18,1,-1,-1,-1
73,11,542,176,43,19,1,-1,-1,-1
73,12,578,182,40,21,1,-1,-1,-1
73,13,620,165,57,22,1,-1,-1,-1
73,14,252,106,18,11,1,-1,-1,-1
73,15,274,106,15,11,1,-1,-1,-1
73,16,292,105,15,12,1,-1,-1,-1
73,17,310,104,15,11,1,-1,-1,-1
73,18,330,104,16,11,1,-1,-1,-1
73,19,348,103,14,13,1,-1,-1,-1
73,20,366,104,13,11,1,-1,-1,-1
73,21,292,118,18,16,1,-1,-1,-1
73,22,313,118,19,12,1,-1,-1,-1
73,23,333,117,16,12,1,-1,-1,-1
73,24,356,118,16,13,1,-1,-1,-1
73,25,414,104,13,11,1,-1,-1,-1
73,26,468,118,14,12,1,-1,-1,-1
73,27,508,119,16,13,1,-1,-1,-1
73,28,549,127,26,16,1,-1,-1,-1
73,31,570,103,14,12,1,-1,-1,-1
73,32,591,101,14,14,1,-1,-1,-1
73,33,607,98,27,20,1,-1,-1,-1
73,34,433,104,12,11,1,-1,-1,-1
73,36,782,172,53,22,1,-1,-1,-1
73,37,488,96,61,25,1,-1,-1,-1
73,38,757,169,40,15,1,-1,-1,-1
73,40,737,182,49,20,1,-1,-1,-1
73,41,728,191,50,20,1,-1,-1,-1
73,43,948,174,51,18,1,-1,-1,-1
73,44,934,166,48,18,1,-1,-1,-1
73,46,973,182,46,16,1,-1,-1,-1
73,47,965,189,49,17,1,-1,-1,-1
73,57,1,210,62,21,1,-1,-1,-1
74,0,33,223,61,22,1,-1,-1,-1
74,1,136,237,65,23,1,-1,-1,-1
74,2,216,222,56,20,1,-1,-1,-1
74,3,136,217,50,24,1,-1,-1,-1
74,4,263,210,46,20,1,-1,-1,-1
74,5,502,229,51,28,1,-1,-1,-1
74,6,512,192,53,19,1,-1,-1,-1
74,7,375,185,48,20,1,-1,-1,-1
74,8,388,181,41,16,1,-1,-1,-1
74,9,385,173,42,16,1,-1,-1,-1
74,10,502,169,49,18,1,-1,-1,-1
74,11,539,176,43,19,1,-1,-1,-1
74,12,576,182,40,21,1,-1,-1,-1
74,13,618,165,57,22,1,-1,-1,-1
74,14,252,106,18,12,1,-1,-1,-1
74,15,274,106,15,11,1,-1,-1,-1
74,16,292,105,15,12,1,-1,-1,-1
74,17,310,104,15,11,1,-1,-1,-1
74,18,330,104,16,11,1,-1,-1,-1
74,19,348,103,14,13,1,-1,-1,-1
74,20,365,104,14,11,1,-1,-1,-1
74,21,292,118,18,16,1,-1,-1,-1
74,22,313,118,19,12,1,-1,-1,-1
74,23,333,117,16,12,1,-1,-1,-1
74,24,355,118,16,13,1,-1,-1,-1
74,25,414,104,13,11,1,-1,-1,-1
74,26,468,118,14,12,1,-1,-1,-1
74,27,508,119,16,13,1,-1,-1,-1
74,28,549,127,26,16,1,-1,-1,-1
74,31,570,103,14,12,1,-1,-1,-1
74,32,591,101,14,14,1,-1,-1,-1
74,33,607,98,27,20,1,-1,-1,-1
74,34,433,104,12,11,1,-1,-1,-1
74,36,781,172,53,22,1,-1,-1,-1
74,37,489,96,61,25,1,-1,-1,-1
74,38,756,169,41,15,1,-1,-1,-1
74,40,736,182,49,20,1,-1,-1,-1
74,41,727,191,50,20,1,-1,-1,-1
74,43,947,174,51,18,1,-1,-1,-1
74,44,933,166,48,18,1,-1,-1,-1
74,46,972,182,47,16,1,-1,-1,-1
74,47,964,189,49,17,1,-1,-1,-1
74,57,3,210,62,21,1,-1,-1,-1
75,0,32,223,61,22,1,-1,-1,-1
75,1,136,237,65,23,1,-1,-1,-1
75,2,217,222,56,20,1,-1,-1,-1
75,3,136,217,50,24,1,-1,-1,-1
75,4,265,210,46,20,1,-1,-1,-1
75,5,500,230,51,28,1,-1,-1,-1
75,6,509,193,53,19,1,-1,-1,-1
75,7,371,185,48,20,1,-1,-1,-1
75,8,386,181,41,16,1,-1,-1,-1
75,9,382,173,42,16,1,-1,-1,-1
75,10,500,169,49,18,1,-1,-1,-1
75,11,537,176,43,19,1,-1,-1,-1
75,12,573,182,40,21,1,-1,-1,-1
75,13,616,165,57,22,1,-1,-1,-1
75,14,252,105,18,12,1,-1,-1,-1
75,15,274,106,15,11,1,-1,-1,-1
75,16,292,105,15,12,1,-1,-1,-1
75,17,310,104,15,11,1,-1,-1,-1
75,18,330,104,16,11,1,-1,-1,-1
75,19,348,103,14,13,1,-1,-1,-1
75,20,365,104,14,11,1,-1,-1,-1
75,21,292,118,18,16,1,-1,-1,-1
75,22,313,118,19,12,1,-1,-1,-1
75,23,333,117,16,12,1,-1,-1,-1
75,24,355,118,16,13,1,-1,-1,-1
75,25,414,104,13,11,1,-1,-1,-1
75,26,468,118,14,12,1,-1,-1,-1
75,27,508,119,16,13,1,-1,-1,-1
75,28,549,127,26,17,1,-1,-1,-1
75,31,570,103,14,12,1,-1,-1,-1
75,32,591,101,14,14,1,-1,-1,-1
75,33,607,98,27,20,1,-1,-1,-1
75,34,433,104,12,11,1,-1,-1,-1
75,36,780,172,53,22,1,-1,-1,-1
75,37,489,96,61,25,1,-1,-1,-1
75,38,754,169,41,16,1,-1,-1,-1
75,40,734,182,49,20,1,-1,-1,-1
75,41,725,191,50,20,1,-1,-1,-1
75,43,947,174,51,18,1,-1,-1,-1
75,44,931,166,48,18,1,-1,-1,-1
75,45,862,175,44,16,1,-1,-1,-1
75,46,971,182,47,17,1,-1,-1,-1
75,47,962,189,49,17,1,-1,-1,-1
75,57,5,210,62,21,1,-1,-1,-1
76,0,32,223,61,22,1,-1,-1,-1
76,1,136,237,65,23,1,-1,-1,-1
76,2,217,222,56,20,1,-1,-1,-1
76,3,136,217,50,24,1,-1,-1,-1
76,4,267,210,46,20,1,-1,-1,-1
76,5,499,230,51,28,1,-1,-1,-1
76,6,505,193,53,19,1,-1,-1,-1
76,7,367,185,48,20,1,-1,-1,-1
76,8,384,181,40,16,1,-1,-1,-1
76,9,380,173,42,16,1,-1,-1,-1
76,10,497,169,49,18,1,-1,-1,-1
76,11,535,176,43,19,1,-1,-1,-1
76,12,571,182,40,21,1,-1,-1,-1
76,13,615,165,57,22,1,-1,-1,-1
76,14,252,105,18,12,1,-1,-1,-1
76,15,274,106,15,11,1,-1,-1,-1
76,16,292,105,15,12,1,-1,-1,-1
76,17,310,104,15,11,1,-1,-1,-1
76,18,330,104,16,11,1,-1,-1,-1
76,19,348,103,14,12,1,-1,-1,-1
76,20,365,104,14,11,1,-1,-1,-1
76,21,292,118,18,16,1,-1,-1,-1
76,22,313,118,19,12,1,-1,-1,-1
76,23,333,117,16,12,1,-1,-1,-1
76,24,355,118,16,13,1,-1,-1,-1
76,25,414,104,13,11,1,-1,-1,-1
76,26,468,118,14,12,1,-1,-1,-1
76,27,508,119,16,13,1,-1,-1,-1
76,28,549,127,25,17,1,-1,-1,-1
76,31,570,103,14,12,1,-1,-1,-1
76,32,591,101,14,14,1,-1,-1,-1
76,33,607,98,27,20,1,-1,-1,-1
76,34,433,104,12,11,1,-1,-1,-1
76,36,779,172,53,22,1,-1,-1,-1
76,37,490,96,61,25,1,-1,-1,-1
76,38,752,169,42,16,1,-1,-1,-1
76,40,733,182,49,20,1,-1,-1,-1
76,41,723,191,50,20,1,-1,-1,-1
76,43,946,174,51,18,1,-1,-1,-1
76,44,930,166,48,18,1,-1,-1,-1
76,45,862,176,45,16,1,-1,-1,-1
76,46,970,182,47,17,1,-1,-1,-1
76,47,960,189,49,17,1,-1,-1,-1
76,57,7,210,61,21,1,-1,-1,-1
77,0,32,223,61,22,1,-1,-1,-1
77,1,136,237,65,23,1,-1,-1,-1
77,2,217,222,56,20,1,-1,-1,-1
77,3,136,217,50,24,1,-1,-1,-1
77,4,269,210,46,20,1,-1,-1,-1
77,5,497,231,51,28,1,-1,-1,-1
77,6,502,193,53,19,1,-1,-1,-1
77,7,363,185,48,20,1,-1,-1,-1
77,8,382,181,40,17,1,-1,-1,-1
77,9,377,173,42,16,1,-1,-1,-1
77,10,495,169,49,18,1,-1,-1,-1
77,11,532,177,43,19,1,-1,-1,-1
77,12,569,182,40,21,1,-1,-1,-1
77,13,613,165,57,22,1,-1,-1,-1
77,14,252,105,18,12,1,-1,-1,-1
77,15,274,106,15,11,1,-1,-1,-1
77,16,292,105,15,12,1,-1,-1,-1
77,17,310,104,16,11,1,-1,-1,-1
77,18,330,104,16,11,1,-1,-1,-1
77,19,348,104,14,12,1,-1,-1,-1
77,20,365,104,14,11,1,-1,-1,-1
77,21,292,118,18,16,1,-1,-1,-1
77,22,312,118,18,12,1,-1,-1,-1
77,23,333,117,16,13,1,-1,-1,-1
77,24,355,118,16,13,1,-1,-1,-1
77,25,414,104,13,11,1,-1,-1,-1
77,26,468,118,14,12,1,-1,-1,-1
77,27,508,119,16,13,1,-1,-1,-1
77,28,549,127,25,17,1,-1,-1,-1
77,31,570,103,14,12,1,-1,-1,-1
77,32,591,101,14,14,1,-1,-1,-1
77,33,607,98,27,20,1,-1,-1,-1
77,34,433,104,12,11,1,-1,-1,-1
77,36,778,173,53,22,1,-1,-1,-1
77,37,491,97,61,25,1,-1,-1,-1
77,38,750,169,43,16,1,-1,-1,-1
77,40,731,182,49,20,1,-1,-1,-1
77,41,721,191,50,20,1,-1,-1,-1
77,42,845,192,39,17,1,-1,-1,-1
77,43,945,174,51,18,1,-1,-1,-1
77,44,928,166,48,18,1,-1,-1,-1
77,45,861,176,45,16,1,-1,-1,-1
77,46,968,182,48,17,1,-1,-1,-1
77,47,959,189,49,17,1,-1,-1,-1
77,57,9,210,61,21,1,-1,-1,-1
78,0,32,223,61,22,1,-1,-1,-1
78,1,136,237,65,23,1,-1,-1,-1
78,2,218,222,56,21,1,-1,-1,-1
78,3,135,217,50,24,1,-1,-1,-1
78,4,271,210,46,20,1,-1,-1,-1
78,5,495,232,51,28,1,-1,-1,-1
78,6,498,193,53,19,1,-1,-1,-1
78,7,359,186,48,20,1,-1,-1,-1
78,8,380,181,39,17,1,-1,-1,-1
78,9,374,173,42,16,1,-1,-1,-1
78,10,493,169,49,18,1,-1,-1,-1
78,11,530,177,43,19,1,-1,-1,-1
78,12,566,182,40,21,1,-1,-1,-1
78,13,611,165,57,22,1,-1,-1,-1
78,14,252,105,18,12,1,-1,-1,-1
78,15,274,106,15,11,1,-1,-1,-1
78,16,292,105,15,12,1,-1,-1,-1
78,17,310,104,16,12,1,-1,-1,-1
78,18,329,104,16,11,1,-1,-1,-1
78,19,348,104,14,12,1,-1,-1,-1
78,20,365,104,14,11,1,-1,-1,-1
78,21,292,118,18,16,1,-1,-1,-1
78,22,312,118,18,12,1,-1,-1,-1
78,23,333,117,16,13,1,-1,-1,-1
78,24,355,118,16,13,1,-1,-1,-1
78,25,414,104,13,11,1,-1,-1,-1
78,26,468,118,14,12,1,-1,-1,-1
78,27,508,119,16,13,1,-1,-1,-1
78,28,549,127,25,17,1,-1,-1,-1
78,31,570,103,14,12,1,-1,-1,-1
78,32,591,101,14,14,1,-1,-1,-1
78,33,607,98,27,20,1,-1,-1,-1
78,34,433,104,12,11,1,-1,-1,-1
78,36,777,173,53,22,1,-1,-1,-1
78,37,491,97,61,25,1,-1,-1,-1
78,38,748,169,43,16,1,-1,-1,-1
78,40,730,182,49,20,1,-1,-1,-1
78,41,719,191,50,20,1,-1,-1,-1
78,42,842,192,39,17,1,-1,-1,-1
78,43,945,174,50,18,1,-1,-1,-1
78,44,927,166,48,18,1,-1,-1,-1
78,45,860,176,45,16,1,-1,-1,-1
78,46,967,182,48,17,1,-1,-1,-1
78,47,957,189,49,17,1,-1,-1,-1
78,57,11,210,61,21,1,-1,-1,-1
79,0,31,223,61,22,1,-1,-1,-1
79,1,135,237,65,23,1,-1,-1,-1
79,2,218,222,56,21,1,-1,-1,-1
79,3,135,217,50,24,1,-1,-1,-1
79,4,273,210,46,20,1,-1,-1,-1
79,5,494,233,51,29,1,-1,-1,-1
79,6,495,193,53,19,1,-1,-1,-1
79,7,355,186,48,21,1,-1,-1,-1
79,8,377,181,39,17,1,-1,-1,-1
79,9,372,173,42,15,1,-1,-1,-1
79,10,491,169,49,18,1,-1,-1,-1
79,11,528,177,43,19,1,-1,-1,-1
79,12,564,183,40,21,1,-1,-1,-1
79,13,610,165,57,22,1,-1,-1,-1
79,14,252,105,18,12,1,-1,-1,-1
79,15,274,106,15,11,1,-1,-1,-1
79,16,292,105,15,12,1,-1,-1,-1
79,17,310,104,16,12,1,-1,-1,-1
79,18,329,104,16,11,1,-1,-1,-1
79,19,348,104,14,12,1,-1,-1,-1
79,20,365,104,14,11,1,-1,-1,-1
79,21,292,118,18,16,1,-1,-1,-1
79,22,312,118,18,12,1,-1,-1,-1
79,23,333,117,16,13,1,-1,-1,-1
79,24,355,118,16,13,1,-1,-1,-1
79,25,414,104,13,11,1,-1,-1,-1
79,26,468,118,14,12,1,-1,-1,-1
79,27,508,119,16,13,1,-1,-1,-1
79,28,549,127,25,17,1,-1,-1,-1
79,31,570,103,14,12,1,-1,-1,-1
79,32,591,101,13,14,1,-1,-1,-1
79,33,607,98,27,20,1,-1,-1,-1
79,34,433,104,12,11,1,-1,-1,-1
79,36,776,173,54,22,1,-1,-1,-1
79,37,492,97,61,25,1,-1,-1,-1
79,38,747,169,44,16,1,-1,-1,-1
79,40,728,183,49,20,1,-1,-1,-1
79,41,717,192,50,20,1,-1,-1,-1
79,42,840,192,39,17,1,-1,-1,-1
79,43,944,174,50,18,1,-1,-1,-1
79,44,925,166,48,18,1,-1,-1,-1
79,45,859,176,45,16,1,-1,-1,-1
79,46,966,182,48,17,1,-1,-1,-1
79,47,956,189,49,17,1,-1,-1,-1
79,57,13,211,61,21,1,-1,-1,-1
80,0,31,224,61,22,1,-1,-1,-1
80,1,135,238,65,23,1,-1,-1,-1
80,2,218,222,56,21,1,-1,-1,-1
80,3,135,217,51,24,1,-1,-1,-1
80,4,275,211,46,20,1,-1,-1,-1
80,5,492,234,51,29,1,-1,-1,-1
80,6,492,193,53,19,1,-1,-1,-1
80,7,351,186,49,21,1,-1,-1,-1
80,8,374,181,39,17,1,-1,-1,-1
80,9,369,173,42,15,1,-1,-1,-1
80,10,488,169,49,18,1,-1,-1,-1
80,11,525,177,43,20,1,-1,-1,-1
80,12,562,183,40,21,1,-1,-1,-1
80,13,608,165,57,22,1,-1,-1,-1
80,14,252,105,18,12,1,-1,-1,-1
80,15,273,106,15,11,1,-1,-1,-1
80,16,292,105,15,12,1,-1,-1,-1
80,17,310,104,16,12,1,-1,-1,-1
80,18,329,104,16,12,1,-1,-1,-1
80,19,348,104,14,12,1,-1,-1,-1
80,20,365,104,14,11,1,-1,-1,-1
80,21,292,118,18,16,1,-1,-1,-1
80,22,312,118,18,13,1,-1,-1,-1
80,23,333,117,16,13,1,-1,-1,-1
80,24,355,118,16,13,1,-1,-1,-1
80,25,413,104,13,11,1,-1,-1,-1
80,26,468,118,14,12,1,-1,-1,-1
80,27,508,119,16,13,1,-1,-1,-1
80,28,549,127,25,17,1,-1,-1,-1
80,31,570,103,13,12,1,-1,-1,-1
80,32,591,101,13,14,1,-1,-1,-1
80,33,607,98,27,20,1,-1,-1,-1
80,34,433,104,12,11,1,-1,-1,-1
80,36,775,173,54,21,1,-1,-1,-1
80,37,493,97,61,25,1,-1,-1,-1
80,38,745,169,44,17,1,-1,-1,-1
80,40,727,183,49,20,1,-1,-1,-1
80,41,716,192,50,20,1,-1,-1,-1
80,42,838,192,39,17,1,-1,-1,-1
80,43,943,174,50,18,1,-1,-1,-1
80,44,924,167,48,18,1,-1,-1,-1
80,45,859,176,46,16,1,-1,-1,-1
80,46,965,182,49,17,1,-1,-1,-1
80,47,954,189,49,17,1,-1,-1,-1
80,57,15,211,61,20,1,-1,-1,-1
81,0,31,224,62,22,1,-1,-1,-1
81,1,135,238,65,23,1,-1,-1,-1
81,2,219,222,56,21,1,-1,-1,-1
81,3,135,217,51,24,1,-1,-1,-1
81,4,277,211,46,20,1,-1,-1,-1
81,5,490,235,51,29,1,-1,-1,-1
81,6,488,193,53,19,1,-1,-1,-1
81,7,348,186,49,21,1,-1,-1,-1
81,8,371,181,39,17,1,-1,-1,-1
81,9,367,173,43,15,1,-1,-1,-1
81,10,486,169,49,18,1,-1,-1,-1
81,11,523,177,43,20,1,-1,-1,-1
81,12,560,183,40,21,1,-1,-1,-1
81,13,606,165,57,22,1,-1,-1,-1
81,14,252,105,18,12,1,-1,-1,-1
81,15,273,106,15,11,1,-1,-1,-1
81,16,292,105,15,12,1,-1,-1,-1
81,17,310,104,16,12,1,-1,-1,-1
81,18,329,104,16,12,1,-1,-1,-1
81,19,348,104,14,12,1,-1,-1,-1
81,20,365,104,14,11,1,-1,-1,-1
81,21,292,118,18,16,1,-1,-1,-1
81,22,312,118,18,13,1,-1,-1,-1
81,23,333,117,16,13,1,-1,-1,-1
81,24,355,118,16,13,1,-1,-1,-1
81,25,413,104,13,11,1,-1,-1,-1
81,26,468,118,14,12,1,-1,-1,-1
81,27,508,119,16,13,1,-1,-1,-1
81,28,549,127,25,17,1,-1,-1,-1
81,31,570,103,13,12,1,-1,-1,-1
81,32,591,101,13,14,1,-1,-1,-1
81,33,607,98,27,20,1,-1,-1,-1
81,34,433,104,12,11,1,-1,-1,-1
81,36,774,173,54,21,1,-1,-1,-1
81,37,493,97,61,25,1,-1,-1,-1
81,38,743,169,44,17,1,-1,-1,-1
81,40,725,183,49,20,1,-1,-1,-1
81,41,714,192,50,20,1,-1,-1,-1
81,42,836,192,40,17,1,-1,-1,-1
81,43,943,174,50,19,1,-1,-1,-1
81,44,922,167,48,18,1,-1,-1,-1
81,45,858,176,46,16,1,-1,-1,-1
81,46,963,182,49,17,1,-1,-1,-1
81,47,952,189,49,17,1,-1,-1,-1
81,57,17,211,61,20,1,-1,-1,-1
82,0,30,224,62,22,1,-1,-1,-1
82,1,135,238,65,23,1,-1,-1,-1
82,2,219,222,56,21,1,-1,-1,-1
82,3,135,218,51,24,1,-1,-1,-1
82,4,279,211,46,20,1,-1,-1,-1
82,5,488,236,51,29,1,-1,-1,-1
82,6,485,193,52,19,1,-1,-1,-1
82,7,344,186,49,21,1,-1,-1,-1
82,8,368,181,39,17,1,-1,-1,-1
82,9,364,173,43,15,1,-1,-1,-1
82,10,484,170,49,18,1,-1,-1,-1
82,11,521,177,43,20,1,-1,-1,-1
82,12,557,183,40,21,1,-1,-1,-1
82,13,604,165,57,22,1,-1,-1,-1
82,14,252,105,18,12,1,-1,-1,-1
82,15,273,106,15,11,1,-1,-1,-1
82,16,292,105,15,12,1,-1,-1,-1
82,17,310,104,16,12,1,-1,-1,-1
82,18,329,104,16,12,1,-1,-1,-1
82,19,347,104,14,12,1,-1,-1,-1
82,20,365,105,14,11,1,-1,-1,-1
82,21,292,118,18,16,1,-1,-1,-1
82,22,312,118,18,13,1,-1,-1,-1
82,23,333,117,16,13,1,-1,-1,-1
82,24,354,118,16,13,1,-1,-1,-1
82,25,413,104,13,11,1,-1,-1,-1
82,26,468,118,14,13,1,-1,-1,-1
82,27,508,119,16,13,1,-1,-1,-1
82,28,549,127,25,17,1,-1,-1,-1
82,31,571,103,13,12,1,-1,-1,-1
82,32,591,101,13,14,1,-1,-1,-1
82,33,607,98,27,20,1,-1,-1,-1
82,34,433,104,12,11,1,-1,-1,-1
82,36,774,173,54,21,1,-1,-1,-1
82,37,494,97,61,25,1,-1,-1,-1
82,38,741,169,44,17,1,-1,-1,-1
82,40,724,183,49,19,1,-1,-1,-1
82,41,712,192,50,20,1,-1,-1,-1
82,42,834,192,40,17,1,-1,-1,-1
82,43,942,174,50,19,1,-1,-1,-1
82,44,921,167,48,18,1,-1,-1,-1
82,45,857,176,46,15,1,-1,-1,-1
82,46,962,182,49,17,1,-1,-1,-1
82,47,951,189,50,17,1,-1,-1,-1
82,57,19,211,61,20,1,-1,-1,-1
83,0,30,224,62,22,1,-1,-1,-1
83,1,135,238,65,23,1,-1,-1,-1
83,2,219,223,56,21,1,-1,-1,-1
83,3,134,218,51,24,1,-1,-1,-1
83,4,282,211,46,20,1,-1,-1,-1
83,5,487,236,51,29,1,-1,-1,-1
83,6,481,194,52,19,1,-1,-1,-1
83,7,340,186,49,21,1,-1,-1,-1
83,8,365,181,40,17,1,-1,-1,-1
83,9,361,173,43,15,1,-1,-1,-1
83,10,482,170,49,18,1,-1,-1,-1
83,11,518,177,43,20,1,-1,-1,-1
83,12,555,183,40,21,1,-1,-1,-1
83,13,603,165,57,22,1,-1,-1,-1
83,14,251,105,18,12,1,-1,-1,-1
83,15,273,106,15,11,1,-1,-1,-1
83,16,291,105,15,12,1,-1,-1,-1
83,17,310,104,16,12,1,-1,-1,-1
83,18,329,104,16,12,1,-1,-1,-1
83,19,347,104,14,12,1,-1,-1,-1
83,20,365,105,14,11,1,-1,-1,-1
83,21,292,118,18,16,1,-1,-1,-1
83,22,312,118,18,13,1,-1,-1,-1
83,23,333,117,16,13,1,-1,-1,-1
83,24,354,118,17,13,1,-1,-1,-1
83,25,413,104,13,11,1,-1,-1,-1
83,26,468,118,14,13,1,-1,-1,-1
83,27,508,119,16,13,1,-1,-1,-1
83,28,550,127,25,17,1,-1,-1,-1
83,31,571,103,13,12,1,-1,-1,-1
83,32,592,101,14,14,1,-1,-1,-1
83,33,607,98,27,20,1,-1,-1,-1
83,34,433,104,12,11,1,-1,-1,-1
83,36,773,173,54,21,1,-1,-1,-1
83,37,495,97,61,25,1,-1,-1,-1
83,38,740,169,44,17,1,-1,-1,-1
83,40,722,183,49,19,1,-1,-1,-1
83,41,710,192,50,20,1,-1,-1,-1
83,42,832,192,40,17,1,-1,-1,-1
83,43,941,174,50,19,1,-1,-1,-1
83,44,919,167,48,18,1,-1,-1,-1
83,45,856,176,47,15,1,-1,-1,-1
83,46,961,182,50,17,1,-1,-1,-1
83,47,949,190,50,18,1,-1,-1,-1
83,57,20,211,61,20,1,-1,-1,-1
84,0,30,224,62,22,1,-1,-1,-1
84,1,134,238,65,23,1,-1,-1,-1
84,2,220,223,56,21,1,-1,-1,-1
84,3,134,218,51,24,1,-1,-1,-1
84,4,283,212,46,20,1,-1,-1,-1
84,5,485,237,51,30,1,-1,-1,-1
84,6,478,194,52,19,1,-1,-1,-1
84,7,336,186,49,21,1,-1,-1,-1
84,8,362,181,40,17,1,-1,-1,-1
84,9,359,173,43,15,1,-1,-1,-1
84,10,479,170,49,18,1,-1,-1,-1
84,11,516,178,42,20,1,-1,-1,-1
84,12,553,183,40,21,1,-1,-1,-1
84,13,601,165,58,22,1,-1,-1,-1
84,14,251,105,18,12,1,-1,-1,-1
84,15,273,106,15,11,1,-1,-1,-1
84,16,291,105,15,12,1,-1,-1,-1
84,17,310,104,16,12,1,-1,-1,-1
84,18,329,104,16,12,1,-1,-1,-1
84,19,347,104,14,12,1,-1,-1,-1
84,20,365,105,14,11,1,-1,-1,-1
84,21,291,118,18,16,1,-1,-1,-1
84,22,312,119,18,13,1,-1,-1,-1
84,23,333,117,16,13,1,-1,-1,-1
84,24,354,118,17,13,1,-1,-1,-1
84,25,413,104,13,11,1,-1,-1,-1
84,26,468,118,14,13,1,-1,-1,-1
84,27,508,119,16,13,1,-1,-1,-1
84,28,550,127,25,17,1,-1,-1,-1
84,31,571,103,13,12,1,-1,-1,-1
84,32,592,101,14,14,1,-1,-1,-1
84,33,607,98,27,20,1,-1,-1,-1
84,34,433,104,12,11,1,-1,-1,-1
84,36,772,173,54,21,1,-1,-1,-1
84,37,496,97,61,25,1,-1,-1,-1
84,38,738,169,44,17,1,-1,-1,-1
84,40,721,183,49,19,1,-1,-1,-1
84,41,708,192,50,20,1,-1,-1,-1
84,42,830,192,40,17,1,-1,-1,-1
84,43,941,174,50,19,1,-1,-1,-1
84,44,918,167,48,18,1,-1,-1,-1
84,45,855,176,47,15,1,-1,-1,-1
84,46,960,183,50,17,1,-1,-1,-1
84,47,947,190,50,18,1,-1,-1,-1
84,57,22,211,61,20,1,-1,-1,-1
85,0,29,224,62,22,1,-1,-1,-1
85,1,134,238,65,23,1,-1,-1,-1
85,2,220,223,56,21,1,-1,-1,-1
85,3,134,218,51,24,1,-1,-1,-1
85,4,286,212,46,20,1,-1,-1,-1
85,5,483,238,51,30,1,-1,-1,-1
85,6,475,194,52,19,1,-1,-1,-1
85,7,332,186,49,21,1,-1,-1,-1
85,8,359,181,40,17,1,-1,-1,-1
85,9,356,173,43,15,1,-1,-1,-1
85,10,477,170,49,18,1,-1,-1,-1
85,11,514,178,42,20,1,-1,-1,-1
85,12,551,183,40,22,1,-1,-1,-1
85,13,599,166,58,22,1,-1,-1,-1
85,14,251,105,18,12,1,-1,-1,-1
85,15,273,106,15,11,1,-1,-1,-1
85,16,291,105,16,12,1,-1,-1,-1
85,17,310,104,16,12,1,-1,-1,-1
85,18,329,104,16,12,1,-1,-1,-1
85,19,347,104,14,12,1,-1,-1,-1
85,20,365,105,14,11,1,-1,-1,-1
85,21,291,118,18,16,1,-1,-1,-1
85,22,312,119,18,13,1,-1,-1,-1
85,23,333,117,16,13,1,-1,-1,-1
85,24,354,118,17,13,1,-1,-1,-1
85,25,413,104,14,11,1,-1,-1,-1
85,26,468,118,14,13,1,-1,-1,-1
85,27,508,119,16,13,1,-1,-1,-1
85,28,550,127,25,17,1,-1,-1,-1
85,31,571,103,13,12,1,-1,-1,-1
85,32,592,101,14,15,1,-1,-1,-1
85,33,607,98,27,20,1,-1,-1,-1
85,34,433,104,12,11,1,-1,-1,-1
85,35,487,104,11,11,1,-1,-1,-1
85,36,771,174,54,21,1,-1,-1,-1
85,37,496,97,61,25,1,-1,-1,-1
85,38,736,169,44,17,1,-1,-1,-1
85,40,719,183,49,19,1,-1,-1,-1
85,41,707,192,50,20,1,-1,-1,-1
85,42,828,192,40,17,1,-1,-1,-1
85,43,940,174,49,19,1,-1,-1,-1
85,44,916,167,48,18,1,-1,-1,-1
85,45,855,176,47,15,1,-1,-1,-1
85,46,960,183,49,17,1,-1,-1,-1
85,47,946,190,50,18,1,-1,-1,-1
85,57,24,211,61,20,1,-1,-1,-1
86,0,29,224,62,22,1,-1,-1,-1
86,1,134,239,65,23,1,-1,-1,-1
86,2,220,223,56,21,1,-1,-1,-1
86,3,134,218,51,24,1,-1,-1,-1
86,4,288,212,46,20,1,-1,-1,-1
86,5,482,239,51,30,1,-1,-1,-1
86,6,471,194,52,19,1,-1,-1,-1
86,7,328,186,49,21,1,-1,-1,-1
86,8,356,182,40,17,1,-1,-1,-1
86,9,353,174,43,15,1,-1,-1,-1
86,10,475,170,49,18,1,-1,-1,-1
86,11,511,178,42,20,1,-1,-1,-1
86,12,548,183,40,22,1,-1,-1,-1
86,13,597,166,58,22,1,-1,-1,-1
86,14,251,106,18,12,1,-1,-1,-1
86,15,273,106,15,11,1,-1,-1,-1
86,16,291,105,16,12,1,-1,-1,-1
86,17,310,104,16,12,1,-1,-1,-1
86,18,329,104,16,12,1,-1,-1,-1
86,19,347,104,14,12,1,-1,-1,-1
86,20,365,105,14,11,1,-1,-1,-1
86,21,291,118,18,16,1,-1,-1,-1
86,22,312,119,18,13,1,-1,-1,-1
86,23,333,117,16,13,1,-1,-1,-1
86,24,354,118,17,13,1,-1,-1,-1
86,25,413,104,14,11,1,-1,-1,-1
86,26,467,118,14,13,1,-1,-1,-1
86,27,508,118,16,13,1,-1,-1,-1
86,28,550,127,25,17,1,-1,-1,-1
86,31,571,103,13,12,1,-1,-1,-1
86,32,592,101,14,15,1,-1,-1,-1
86,33,607,98,27,20,1,-1,-1,-1
86,34,433,104,12,11,1,-1,-1,-1
86,35,487,104,12,11,1,-1,-1,-1
86,36,770,174,54,21,1,-1,-1,-1
86,37,497,97,61,25,1,-1,-1,-1
86,38,734,169,44,17,1,-1,-1,-1
86,40,718,184,49,20,1,-1,-1,-1
86,41,705,192,50,20,1,-1,-1,-1
86,42,825,192,40,17,1,-1,-1,-1
86,43,940,174,49,19,1,-1,-1,-1
86,44,915,167,47,18,1,-1,-1,-1
86,45,854,177,48,15,1,-1,-1,-1
86,46,959,183,49,17,1,-1,-1,-1
86,47,944,190,51,18,1,-1,-1,-1
86,57,26,211,61,20,1,-1,-1,-1
87,0,29,224,62,22,1,-1,-1,-1
87,1,134,239,65,23,1,-1,-1,-1
87,2,221,223,56,21,1,-1,-1,-1
87,3,133,218,51,24,1,-1,-1,-1
87,4,289,212,46,20,1,-1,-1,-1
87,5,480,240,51,30,1,-1,-1,-1
87,6,468,194,52,19,1,-1,-1,-1
87,7,325,186,49,21,1,-1,-1,-1
87,8,353,182,40,17,1,-1,-1,-1
87,9,350,174,43,15,1,-1,-1,-1
87,10,473,170,49,18,1,-1,-1,-1
87,11,509,178,42,20,1,-1,-1,-1
87,12,546,183,40,22,1,-1,-1,-1
87,13,596,166,58,22,1,-1,-1,-1
87,14,251,106,18,12,1,-1,-1,-1
87,15,273,106,15,11,1,-1,-1,-1
87,16,291,105,16,12,1,-1,-1,-1
87,17,310,104,16,12,1,-1,-1,-1
87,18,329,104,16,12,1,-1,-1,-1
87,19,347,104,14,12,1,-1,-1,-1
87,20,365,105,14,11,1,-1,-1,-1
87,21,291,118,18,16,1,-1,-1,-1
87,22,312,119,18,13,1,-1,-1,-1
87,23,333,117,16,13,1,-1,-1,-1
87,24,354,118,17,13,1,-1,-1,-1
87,25,413,104,14,11,1,-1,-1,-1
87,26,467,118,14,13,1,-1,-1,-1
87,27,508,118,16,13,1,-1,-1,-1
87,28,550,127,25,17,1,-1,-1,-1
87,31,571,103,13,12,1,-1,-1,-1
87,32,592,101,14,15,1,-1,-1,-1
87,33,607,98,27,20,1,-1,-1,-1
87,34,433,104,12,11,1,-1,-1,-1
87,35,487,104,12,11,1,-1,-1,-1
87,36,769,174,55,21,1,-1,-1,-1
87,37,498,97,62,25,1,-1,-1,-1
87,38,733,169,44,18,1,-1,-1,-1
87,40,716,184,49,20,1,-1,-1,-1
87,41,703,192,50,19,1,-1,-1,-1
87,42,823,192,40,17,1,-1,-1,-1
87,43,939,175,49,19,1,-1,-1,-1
87,44,913,167,47,18,1,-1,-1,-1
87,45,853,177,48,15,1,-1,-1,-1
87,46,959,183,49,17,1,-1,-1,-1
87,47,943,190,51,18,1,-1,-1,-1
87,57,28,212,61,20,1,-1,-1,-1
88,0,28,224,62,22,1,-1,-1,-1
88,1,134,239,65,23,1,-1,-1,-1
88,2,221,223,56,21,1,-1,-1,-1
88,3,133,218,51,24,1,-1,-1,-1
88,4,292,213,46,20,1,-1,-1,-1
88,5,478,241,51,30,1,-1,-1,-1
88,6,464,194,52,19,1,-1,-1,-1
88,7,321,186,49,21,1,-1,-1,-1
88,8,350,182,40,17,1,-1,-1,-1
88,9,347,174,43,15,1,-1,-1,-1
88,10,470,170,49,18,1,-1,-1,-1
88,11,507,178,42,20,1,-1,-1,-1
88,12,544,183,40,22,1,-1,-1,-1
88,13,594,166,58,22,1,-1,-1,-1
88,14,251,106,18,12,1,-1,-1,-1
88,15,273,106,15,11,1,-1,-1,-1
88,16,291,105,16,12,1,-1,-1,-1
88,17,309,104,16,12,1,-1,-1,-1
88,18,329,104,16,12,1,-1,-1,-1
88,19,347,104,14,12,1,-1,-1,-1
88,20,365,105,14,11,1,-1,-1,-1
88,21,291,118,18,16,1,-1,-1,-1
88,22,312,119,18,13,1,-1,-1,-1
88,23,333,117,16,13,1,-1,-1,-1
88,24,354,118,17,13,1,-1,-1,-1
88,25,413,104,14,11,1,-1,-1,-1
88,26,467,119,14,13,1,-1,-1,-1
88,27,508,118,15,13,1,-1,-1,-1
88,28,550,127,25,17,1,-1,-1,-1
88,31,571,103,13,12,1,-1,-1,-1
88,32,592,101,14,15,1,-1,-1,-1
88,33,607,98,27,20,1,-1,-1,-1
88,34,433,104,12,11,1,-1,-1,-1
88,35,487,104,13,11,1,-1,-1,-1
88,36,768,174,55,21,1,-1,-1,-1
88,37,498,97,62,25,1,-1,-1,-1
88,38,731,169,44,18,1,-1,-1,-1
88,40,714,184,49,20,1,-1,-1,-1
88,41,701,193,50,20,1,-1,-1,-1
88,42,822,193,40,17,1,-1,-1,-1
88,43,939,175,49,19,1,-1,-1,-1
88,44,911,168,47,18,1,-1,-1,-1
88,45,853,177,48,15,1,-1,-1,-1
88,46,958,184,49,17,1,-1,-1,-1
88,47,941,190,51,18,1,-1,-1,-1
88,57,30,212,61,20,1,-1,-1,-1
89,0,28,224,62,22,1,-1,-1,-1
89,1,133,239,64,23,1,-1,-1,-1
89,2,222,223,56,21,1,-1,-1,-1
89,3,133,219,51,24,1,-1,-1,-1
89,4,294,213,46,20,1,-1,-1,-1
89,5,476,241,51,31,1,-1,-1,-1
89,6,461,194,52,19,1,-1,-1,-1
89,7,317,186,49,21,1,-1,-1,-1
89,8,347,182,40,17,1,-1,-1,-1
89,9,344,174,43,15,1,-1,-1,-1
89,10,468,170,49,18,1,-1,-1,-1
89,11,504,178,42,20,1,-1,-1,-1
89,12,541,183,40,22,1,-1,-1,-1
89,13,592,167,58,22,1,-1,-1,-1
89,14,250,106,18,12,1,-1,-1,-1
89,15,273,106,15,11,1,-1,-1,-1
89,16,291,105,16,12,1,-1,-1,-1
89,17,309,104,16,12,1,-1,-1,-1
89,18,329,104,16,12,1,-1,-1,-1
89,19,347,104,14,12,1,-1,-1,-1
89,20,365,105,14,11,1,-1,-1,-1
89,21,291,118,18,16,1,-1,-1,-1
89,22,312,119,18,13,1,-1,-1,-1
89,23,333,117,16,13,1,-1,-1,-1
89,24,354,118,17,13,1,-1,-1,-1
89,25,413,104,14,11,1,-1,-1,-1
89,26,467,119,14,13,1,-1,-1,-1
89,27,508,118,15,13,1,-1,-1,-1
89,28,550,127,25,17,1,-1,-1,-1
89,31,571,103,13,12,1,-1,-1,-1
89,32,592,101,14,15,1,-1,-1,-1
89,33,607,98,27,20,1,-1,-1,-1
89,34,433,104,12,11,1,-1,-1,-1
89,35,487,104,13,11,1,-1,-1,-1
89,36,767,174,55,21,1,-1,-1,-1
89,37,499,97,62,25,1,-1,-1,-1
89,38,729,169,44,18,1,-1,-1,-1
89,39,856,184,39,17,1,-1,-1,-1
89,40,713,185,49,20,1,-1,-1,-1
89,41,699,193,50,20,1,-1,-1,-1
89,42,821,193,41,18,1,-1,-1,-1
89,43,938,175,49,19,1,-1,-1,-1
89,44,910,168,47,18,1,-1,-1,-1
89,45,852,177,48,15,1,-1,-1,-1
89,46,958,184,49,17,1,-1,-1,-1
89,47,939,190,51,18,1,-1,-1,-1
89,57,32,212,61,20,1,-1,-1,-1
90,0,28,225,62,22,1,-1,-1,-1
90,1,133,239,64,23,1,-1,-1,-1
90,2,222,223,56,21,1,-1,-1,-1
90,3,133,219,51,24,1,-1,-1,-1
90,4,296,213,46,20,1,-1,-1,-1
90,5,475,242,51,31,1,-1,-1,-1
90,6,458,194,52,19,1,-1,-1,-1
90,7,313,186,49,21,1,-1,-1,-1
90,8,344,183,40,17,1,-1,-1,-1
90,9,341,175,43,15,1,-1,-1,-1
90,10,466,170,50,18,1,-1,-1,-1
90,11,502,178,42,20,1,-1,-1,-1
90,12,539,183,40,22,1,-1,-1,-1
90,13,590,167,58,22,1,-1,-1,-1
90,14,250,106,18,12,1,-1,-1,-1
90,15,273,106,15,11,1,-1,-1,-1
90,16,291,105,16,12,1,-1,-1,-1
90,17,309,104,16,12,1,-1,-1,-1
90,18,328,104,16,12,1,-1,-1,-1
90,19,347,104,14,12,1,-1,-1,-1
90,20,364,105,14,11,1,-1,-1,-1
90,21,291,118,18,16,1,-1,-1,-1
90,22,312,119,18,13,1,-1,-1,-1
90,23,333,117,16,13,1,-1,-1,-1
90,24,353,118,17,13,1,-1,-1,-1
90,25,413,104,14,11,1,-1,-1,-1
90,26,467,119,14,13,1,-1,-1,-1
90,27,508,118,15,13,1,-1,-1,-1
90,28,550,127,25,17,1,-1,-1,-1
90,31,571,103,13,12,1,-1,-1,-1
90,32,592,101,14,15,1,-1,-1,-1
90,33,607,98,27,20,1,-1,-1,-1
90,34,432,105,12,11,1,-1,-1,-1
90,35,487,104,14,11,1,-1,-1,-1
90,36,766,174,55,21,1,-1,-1,-1
90,37,500,97,62,25,1,-1,-1,-1
90,38,727,169,44,19,1,-1,-1,-1
90,39,854,184,42,16,1,-1,-1,-1
90,40,711,185,49,20,1,-1,-1,-1
90,41,697,194,50,20,1,-1,-1,-1
90,42,819,193,41,18,1,-1,-1,-1
90,43,937,175,49,19,1,-1,-1,-1
90,44,908,168,47,18,1,-1,-1,-1
90,45,852,178,49,15,1,-1,-1,-1
90,46,957,184,48,17,1,-1,-1,-1
90,47,939,190,50,18,1,-1,-1,-1
90,57,34,212,61,19,1,-1,-1,-1
91,0,28,225,62,22,1,-1,-1,-1
91,1,133,239,64,23,1,-1,-1,-1
91,2,222,223,56,21,1,-1,-1,-1
91,3,133,219,51,24,1,-1,-1,-1
91,4,298,213,46,20,1,-1,-1,-1
91,5,473,243,51,31,1,-1,-1,-1
91,6,454,195,52,19,1,-1,-1,-1
91,7,309,187,49,21,1,-1,-1,-1
91,8,341,183,40,17,1,-1,-1,-1
91,9,339,175,44,15,1,-1,-1,-1
91,10,464,171,50,18,1,-1,-1,-1
91,11,500,178,42,20,1,-1,-1,-1
91,12,537,184,40,22,1,-1,-1,-1
91,13,588,167,58,22,1,-1,-1,-1
91,14,250,107,18,12,1,-1,-1,-1
91,15,273,106,15,11,1,-1,-1,-1
91,16,291,105,16,12,1,-1,-1,-1
91,17,309,104,16,12,1,-1,-1,-1
91,18,328,104,16,12,1,-1,-1,-1
91,19,347,104,14,12,1,-1,-1,-1
91,20,364,105,14,11,1,-1,-1,-1
91,21,291,118,18,16,1,-1,-1,-1
91,22,311,119,18,13,1,-1,-1,-1
91,23,333,117,16,13,1,-1,-1,-1
91,24,353,118,17,13,1,-1,-1,-1
91,25,412,104,14,11,1,-1,-1,-1
91,26,467,119,14,13,1,-1,-1,-1
91,27,508,118,15,14,1,-1,-1,-1
91,28,550,127,25,17,1,-1,-1,-1
91,31,571,103,13,12,1,-1,-1,-1
91,32,592,101,14,15,1,-1,-1,-1
91,33,607,98,27,20,1,-1,-1,-1
91,34,432,105,12,11,1,-1,-1,-1
91,35,487,104,14,11,1,-1,-1,-1
91,36,766,174,55,21,1,-1,-1,-1
91,37,500,97,62,25,1,-1,-1,-1
91,38,725,169,44,19,1,-1,-1,-1
91,39,853,184,46,16,1,-1,-1,-1
91,40,710,185,49,20,1,-1,-1,-1
91,41,695,194,50,20,1,-1,-1,-1
91,42,818,194,41,18,1,-1,-1,-1
91,43,937,176,49,18,1,-1,-1,-1
91,44,907,168,47,18,1,-1,-1,-1
91,45,851,178,49,15,1,-1,-1,-1
91,46,957,185,48,17,1,-1,-1,-1
91,47,939,191,49,18,1,-1,-1,-1
91,57,36,212,61,19,1,-1,-1,-1
92,0,27,225,62,22,1,-1,-1,-1
92,1,132,240,65,23,1,-1,-1,-1
92,2,223,224,56,21,1,-1,-1,-1
92,3,132,219,51,25,1,-1,-1,-1
92,4,300,213,46,20,1,-1,-1,-1
92,5,471,245,51,31,1,-1,-1,-1
92,6,450,195,52,20,1,-1,-1,-1
92,7,305,187,49,21,1,-1,-1,-1
92,8,338,183,40,17,1,-1,-1,-1
92,9,336,175,44,15,1,-1,-1,-1
92,10,461,171,50,18,1,-1,-1,-1
92,11,497,179,42,20,1,-1,-1,-1
92,12,534,184,41,22,1,-1,-1,-1
92,13,586,168,58,22,1,-1,-1,-1
92,14,250,107,18,12,1,-1,-1,-1
92,15,273,107,15,11,1,-1,-1,-1
92,16,291,105,16,12,1,-1,-1,-1
92,17,309,104,16,12,1,-1,-1,-1
92,18,328,104,16,12,1,-1,-1,-1
92,19,347,104,14,12,1,-1,-1,-1
92,20,364,105,14,11,1,-1,-1,-1
92,21,291,118,18,16,1,-1,-1,-1
92,22,311,119,18,13,1,-1,-1,-1
92,23,332,117,16,13,1,-1,-1,-1
92,24,353,118,17,13,1,-1,-1,-1
92,25,412,104,14,11,1,-1,-1,-1
92,26,467,119,14,13,1,-1,-1,-1
92,27,508,119,15,14,1,-1,-1,-1
92,28,550,127,25,17,1,-1,-1,-1
92,31,571,104,13,13,1,-1,-1,-1
92,32,592,101,14,15,1,-1,-1,-1
92,33,607,98,27,20,1,-1,-1,-1
92,34,432,105,12,11,1,-1,-1,-1
92,35,487,104,14,11,1,-1,-1,-1
92,36,765,175,55,21,1,-1,-1,-1
92,37,501,97,62,25,1,-1,-1,-1
92,38,724,170,44,19,1,-1,-1,-1
92,39,852,185,46,16,1,-1,-1,-1
92,40,708,185,49,20,1,-1,-1,-1
92,41,693,194,50,20,1,-1,-1,-1
92,42,816,194,42,18,1,-1,-1,-1
92,43,936,176,49,18,1,-1,-1,-1
92,44,905,168,47,18,1,-1,-1,-1
92,45,851,179,49,15,1,-1,-1,-1
92,46,956,185,48,17,1,-1,-1,-1
92,47,939,191,48,18,1,-1,-1,-1
92,57,37,212,61,19,1,-1,-1,-1
93,0,26,226,62,23,1,-1,-1,-1
93,1,132,241,65,24,1,-1,-1,-1
93,2,223,224,57,21,1,-1,-1,-1
93,3,131,220,51,25,1,-1,-1,-1
93,4,302,214,46,21,1,-1,-1,-1
93,5,470,246,51,32,1,-1,-1,-1
93,6,446,196,52,20,1,-1,-1,-1
93,7,300,187,49,21,1,-1,-1,-1
93,8,334,183,40,17,1,-1,-1,-1
93,9,333,175,44,15,1,-1,-1,-1
93,10,458,171,49,18,1,-1,-1,-1
93,11,494,179,43,20,1,-1,-1,-1
93,12,532,184,41,22,1,-1,-1,-1
93,13,584,168,58,22,1,-1,-1,-1
93,14,249,107,18,12,1,-1,-1,-1
93,15,272,107,15,11,1,-1,-1,-1
93,16,290,105,16,12,1,-1,-1,-1
93,17,309,105,16,12,1,-1,-1,-1
93,18,328,104,16,12,1,-1,-1,-1
93,19,347,104,14,12,1,-1,-1,-1
93,20,364,105,14,11,1,-1,-1,-1
93,21,290,119,18,16,1,-1,-1,-1
93,22,311,119,18,13,1,-1,-1,-1
93,23,332,118,16,13,1,-1,-1,-1
93,24,353,118,17,13,1,-1,-1,-1
93,25,412,105,14,11,1,-1,-1,-1
93,26,467,119,14,13,1,-1,-1,-1
93,27,508,119,15,14,1,-1,-1,-1
93,28,550,128,25,17,1,-1,-1,-1
93,31,571,104,13,13,1,-1,-1,-1
93,32,592,101,14,15,1,-1,-1,-1
93,33,608,98,27,20,1,-1,-1,-1
93,34,432,105,12,11,1,-1,-1,-1
93,35,487,104,14,11,1,-1,-1,-1
93,36,764,175,55,21,1,-1,-1,-1
93,37,502,97,62,25,1,-1,-1,-1
93,38,722,170,44,18,1,-1,-1,-1
93,39,851,185,47,16,1,-1,-1,-1
93,40,707,186,49,20,1,-1,-1,-1
93,41,691,195,50,20,1,-1,-1,-1
93,42,815,194,42,18,1,-1,-1,-1
93,43,936,176,49,18,1,-1,-1,-1
93,44,904,168,47,18,1,-1,-1,-1
93,45,850,179,49,15,1,-1,-1,-1
93,46,956,185,48,17,1,-1,-1,-1
93,47,939,192,46,18,1,-1,-1,-1
93,57,39,213,61,20,1,-1,-1,-1
94,0,25,226,62,23,1,-1,-1,-1
94,1,131,241,65,24,1,-1,-1,-1
94,2,223,225,57,21,1,-1,-1,-1
94,3,131,220,51,25,1,-1,-1,-1
94,4,304,214,46,21,1,-1,-1,-1
94,5,468,247,51,32,1,-1,-1,-1
94,6,442,196,52,20,1,-1,-1,-1
94,7,296,188,49,21,1,-1,-1,-1
94,8,331,184,41,17,1,-1,-1,-1
94,9,330,176,44,16,1,-1,-1,-1
94,10,456,172,49,18,1,-1,-1,-1
94,11,491,180,43,20,1,-1,-1,-1
94,12,529,185,41,22,1,-1,-1,-1
94,13,582,168,58,22,1,-1,-1,-1
94,14,249,107,19,12,1,-1,-1,-1
94,15,272,107,15,11,1,-1,-1,-1
94,16,290,106,15,12,1,-1,-1,-1
94,17,309,105,16,12,1,-1,-1,-1
94,18,328,105,16,12,1,-1,-1,-1
94,19,346,105,14,12,1,-1,-1,-1
94,20,364,105,14,11,1,-1,-1,-1
94,21,290,119,18,16,1,-1,-1,-1
94,22,311,119,18,13,1,-1,-1,-1
94,23,332,118,16,13,1,-1,-1,-1
94,24,353,119,17,13,1,-1,-1,-1
94,25,412,105,14,11,1,-1,-1,-1
94,26,467,119,14,13,1,-1,-1,-1
94,27,508,119,16,14,1,-1,-1,-1
94,28,550,128,25,17,1,-1,-1,-1
94,31,571,104,13,13,1,-1,-1,-1
94,32,592,101,14,15,1,-1,-1,-1
94,33,608,98,27,20,1,-1,-1,-1
94,34,432,105,12,11,1,-1,-1,-1
94,35,487,104,14,11,1,-1,-1,-1
94,36,763,175,55,21,1,-1,-1,-1
94,37,502,97,62,25,1,-1,-1,-1
94,38,720,171,44,18,1,-1,-1,-1
94,39,850,186,47,16,1,-1,-1,-1
94,40,705,186,49,20,1,-1,-1,-1
94,41,689,195,50,20,1,-1,-1,-1
94,42,814,195,42,18,1,-1,-1,-1
94,43,935,177,49,18,1,-1,-1,-1
94,44,902,168,47,18,1,-1,-1,-1
94,45,850,179,50,15,1,-1,-1,-1
94,46,955,185,47,17,1,-1,-1,-1
94,47,939,192,45,18,1,-1,-1,-1
94,57,41,213,61,20,1,-1,-1,-1
95,0,24,227,62,23,1,-1,-1,-1
95,1,130,242,65,24,1,-1,-1,-1
95,2,224,225,57,21,1,-1,-1,-1
95,3,130,221,51,25,1,-1,-1,-1
95,4,306,214,46,21,1,-1,-1,-1
95,5,466,249,51,32,1,-1,-1,-1
95,6,438,196,53,20,1,-1,-1,-1
95,7,291,188,49,21,1,-1,-1,-1
95,8,327,184,41,17,1,-1,-1,-1
95,9,327,176,44,16,1,-1,-1,-1
95,10,453,172,49,18,1,-1,-1,-1
95,11,488,180,43,20,1,-1,-1,-1
95,12,526,185,41,22,1,-1,-1,-1
95,13,581,168,58,22,1,-1,-1,-1
95,14,249,107,19,12,1,-1,-1,-1
95,15,272,107,15,11,1,-1,-1,-1
95,16,290,106,15,12,1,-1,-1,-1
95,17,308,105,16,12,1,-1,-1,-1
95,18,328,105,16,12,1,-1,-1,-1
95,19,346,105,14,12,1,-1,-1,-1
95,20,364,105,14,11,1,-1,-1,-1
95,21,290,119,18,16,1,-1,-1,-1
95,22,311,119,18,13,1,-1,-1,-1
95,23,332,118,16,13,1,-1,-1,-1
95,24,353,119,17,13,1,-1,-1,-1
95,25,412,105,14,11,1,-1,-1,-1
95,26,467,119,14,13,1,-1,-1,-1
95,27,508,119,16,14,1,-1,-1,-1
95,28,550,128,25,17,1,-1,-1,-1
95,31,572,104,13,13,1,-1,-1,-1
95,32,592,101,14,16,1,-1,-1,-1
95,33,608,98,27,21,1,-1,-1,-1
95,34,432,105,12,11,1,-1,-1,-1
95,35,487,105,14,11,1,-1,-1,-1
95,36,762,175,55,21,1,-1,-1,-1
95,37,503,98,62,25,1,-1,-1,-1
95,38,719,172,44,18,1,-1,-1,-1
95,39,849,186,48,16,1,-1,-1,-1
95,40,704,186,49,20,1,-1,-1,-1
95,41,688,195,50,20,1,-1,-1,-1
95,42,812,195,43,18,1,-1,-1,-1
95,43,935,177,49,18,1,-1,-1,-1
95,44,901,169,47,18,1,-1,-1,-1
95,45,849,180,50,15,1,-1,-1,-1
95,46,955,186,47,17,1,-1,-1,-1
95,47,940,193,44,18,1,-1,-1,-1
95,57,42,214,61,20,1,-1,-1,-1
96,0,23,227,62,23,1,-1,-1,-1
96,1,130,242,65,24,1,-1,-1,-1
96,2,224,226,57,21,1,-1,-1,-1
96,3,130,221,51,25,1,-1,-1,-1
96,4,308,214,46,21,1,-1,-1,-1
96,5,464,250,51,33,1,-1,-1,-1
96,6,434,197,53,20,1,-1,-1,-1
96,7,287,189,49,21,1,-1,-1,-1
96,8,324,184,42,17,1,-1,-1,-1
96,9,324,176,44,16,1,-1,-1,-1
96,10,450,172,49,18,1,-1,-1,-1
96,11,486,180,43,20,1,-1,-1,-1
96,12,524,186,41,22,1,-1,-1,-1
96,13,579,169,58,22,1,-1,-1,-1
96,14,248,108,19,12,1,-1,-1,-1
96,15,271,107,15,11,1,-1,-1,-1
96,16,290,106,15,12,1,-1,-1,-1
96,17,308,105,16,12,1,-1,-1,-1
96,18,327,105,16,12,1,-1,-1,-1
96,19,346,105,14,12,1,-1,-1,-1
96,20,364,106,14,11,1,-1,-1,-1
96,21,290,119,18,16,1,-1,-1,-1
96,22,310,120,18,13,1,-1,-1,-1
96,23,331,118,16,13,1,-1,-1,-1
96,24,352,119,17,13,1,-1,-1,-1
96,25,412,105,14,11,1,-1,-1,-1
96,26,467,120,14,13,1,-1,-1,-1
96,27,508,119,16,14,1,-1,-1,-1
96,28,550,128,25,18,1,-1,-1,-1
96,31,572,104,13,13,1,-1,-1,-1
96,32,592,101,14,16,1,-1,-1,-1
96,33,608,99,27,21,1,-1,-1,-1
96,34,432,105,12,11,1,-1,-1,-1
96,35,487,105,14,11,1,-1,-1,-1
96,36,761,176,55,22,1,-1,-1,-1
96,37,504,98,62,25,1,-1,-1,-1
96,38,717,172,44,17,1,-1,-1,-1
96,39,848,187,49,17,1,-1,-1,-1
96,40,702,186,49,20,1,-1,-1,-1
96,41,686,196,50,20,1,-1,-1,-1
96,42,811,195,43,18,1,-1,-1,-1
96,43,934,177,49,18,1,-1,-1,-1
96,44,900,169,47,18,1,-1,-1,-1
96,45,848,180,50,15,1,-1,-1,-1
96,46,954,186,47,17,1,-1,-1,-1
96,47,940,193,43,18,1,-1,-1,-1
96,57,44,214,60,20,1,-1,-1,-1
97,0,22,228,62,23,1,-1,-1,-1
97,1,129,243,66,24,1,-1,-1,-1
97,2,224,226,57,22,1,-1,-1,-1
97,3,129,221,51,25,1,-1,-1,-1
97,4,310,215,46,21,1,-1,-1,-1
97,5,462,252,51,33,1,-1,-1,-1
97,6,430,197,53,20,1,-1,-1,-1
97,7,282,189,50,21,1,-1,-1,-1
97,8,320,185,42,17,1,-1,-1,-1
97,9,321,177,45,16,1,-1,-1,-1
97,10,448,173,49,18,1,-1,-1,-1
97,11,483,181,44,20,1,-1,-1,-1
97,12,521,186,41,22,1,-1,-1,-1
97,13,577,169,58,22,1,-1,-1,-1
97,14,248,108,19,12,1,-1,-1,-1
97,15,271,108,15,11,1,-1,-1,-1
97,16,290,106,15,12,1,-1,-1,-1
97,17,308,105,16,12,1,-1,-1,-1
97,18,327,105,16,12,1,-1,-1,-1
97,19,346,105,14,12,1,-1,-1,-1
97,20,363,106,14,11,1,-1,-1,-1
97,21,289,119,18,16,1,-1,-1,-1
97,22,310,120,18,13,1,-1,-1,-1
97,23,331,119,16,13,1,-1,-1,-1
97,24,352,119,17,13,1,-1,-1,-1
97,25,412,106,13,11,1,-1,-1,-1
97,26,467,120,14,13,1,-1,-1,-1
97,27,508,120,16,14,1,-1,-1,-1
97,28,550,129,25,18,1,-1,-1,-1
97,31,572,104,13,13,1,-1,-1,-1
97,32,592,101,14,16,1,-1,-1,-1
97,33,608,99,27,21,1,-1,-1,-1
97,34,432,105,12,11,1,-1,-1,-1
97,35,487,105,14,11,1,-1,-1,-1
97,36,760,176,55,22,1,-1,-1,-1
97,37,504,98,62,25,1,-1,-1,-1
97,38,715,173,44,17,1,-1,-1,-1
97,39,847,187,49,17,1,-1,-1,-1
97,40,701,187,49,20,1,-1,-1,-1
97,41,684,196,50,20,1,-1,-1,-1
97,42,809,196,43,19,1,-1,-1,-1
97,43,934,178,49,18,1,-1,-1,-1
97,44,898,170,47,19,1,-1,-1,-1
97,45,848,180,50,15,1,-1,-1,-1
97,46,954,186,47,17,1,-1,-1,-1
97,47,940,193,41,18,1,-1,-1,-1
97,57,45,215,60,20,1,-1,-1,-1
98,0,21,228,62,23,1,-1,-1,-1
98,1,128,243,66,24,1,-1,-1,-1
98,2,225,227,57,22,1,-1,-1,-1
98,3,128,222,51,25,1,-1,-1,-1
98,4,312,215,46,21,1,-1,-1,-1
98,5,461,253,51,33,1,-1,-1,-1
98,6,425,198,53,20,1,-1,-1,-1
98,7,278,189,50,21,1,-1,-1,-1
98,8,316,185,42,17,1,-1,-1,-1
98,9,318,177,45,16,1,-1,-1,-1
98,10,445,173,49,18,1,-1,-1,-1
98,11,480,181,44,20,1,-1,-1,-1
98,12,519,186,41,22,1,-1,-1,-1
98,13,575,169,58,23,1,-1,-1,-1
98,14,248,108,19,12,1,-1,-1,-1
98,15,271,108,15,11,1,-1,-1,-1
98,16,290,106,15,12,1,-1,-1,-1
98,17,308,105,16,13,1,-1,-1,-1
98,18,327,105,16,12,1,-1,-1,-1
98,19,346,105,14,12,1,-1,-1,-1
98,20,363,106,14,11,1,-1,-1,-1
98,21,289,120,18,16,1,-1,-1,-1
98,22,310,120,18,13,1,-1,-1,-1
98,23,331,119,16,13,1,-1,-1,-1
98,24,352,120,17,13,1,-1,-1,-1
98,25,412,106,13,11,1,-1,-1,-1
98,26,467,120,14,13,1,-1,-1,-1
98,27,507,120,16,14,1,-1,-1,-1
98,28,550,129,25,18,1,-1,-1,-1
98,31,572,105,13,13,1,-1,-1,-1
98,32,592,101,14,16,1,-1,-1,-1
98,33,608,99,27,21,1,-1,-1,-1
98,34,432,106,12,11,1,-1,-1,-1
98,35,487,105,14,11,1,-1,-1,-1
98,36,759,176,56,22,1,-1,-1,-1
98,37,505,98,62,25,1,-1,-1,-1
98,38,714,173,44,17,1,-1,-1,-1
98,39,846,187,50,17,1,-1,-1,-1
98,40,699,187,49,20,1,-1,-1,-1
98,41,682,197,50,20,1,-1,-1,-1
98,42,808,196,43,19,1,-1,-1,-1
98,43,933,178,49,18,1,-1,-1,-1
98,44,897,170,47,19,1,-1,-1,-1
98,45,847,181,51,15,1,-1,-1,-1
98,46,953,186,47,17,1,-1,-1,-1
98,47,940,194,40,18,1,-1,-1,-1
98,57,47,215,60,20,1,-1,-1,-1
99,0,20,229,62,23,1,-1,-1,-1
99,1,128,244,66,24,1,-1,-1,-1
99,2,225,227,57,22,1,-1,-1,-1
99,3,128,222,51,26,1,-1,-1,-1
99,4,314,216,46,21,1,-1,-1,-1
99,5,459,255,51,34,1,-1,-1,-1
99,6,421,198,53,20,1,-1,-1,-1
99,7,273,190,50,21,1,-1,-1,-1
99,8,313,186,42,17,1,-1,-1,-1
99,9,314,178,45,16,1,-1,-1,-1
99,10,442,174,49,18,1,-1,-1,-1
99,11,477,182,44,20,1,-1,-1,-1
99,12,516,187,42,22,1,-1,-1,-1
99,13,573,170,58,23,1,-1,-1,-1
99,14,248,108,19,12,1,-1,-1,-1
99,15,271,108,15,11,1,-1,-1,-1
99,16,290,107,15,12,1,-1,-1,-1
99,17,307,106,16,13,1,-1,-1,-1
99,18,327,106,16,12,1,-1,-1,-1
99,19,346,106,14,12,1,-1,-1,-1
99,20,363,106,14,11,1,-1,-1,-1
99,21,289,120,18,16,1,-1,-1,-1
99,22,310,120,18,13,1,-1,-1,-1
99,23,331,119,16,13,1,-1,-1,-1
99,24,352,120,17,13,1,-1,-1,-1
99,25,412,106,13,11,1,-1,-1,-1
99,26,467,120,14,13,1,-1,-1,-1
99,27,507,120,16,14,1,-1,-1,-1
99,28,550,129,25,18,1,-1,-1,-1
99,31,572,105,13,13,1,-1,-1,-1
99,32,592,101,14,16,1,-1,-1,-1
99,33,608,99,27,21,1,-1,-1,-1
99,34,432,106,12,11,1,-1,-1,-1
99,35,487,106,15,11,1,-1,-1,-1
99,36,758,177,56,22,1,-1,-1,-1
99,37,506,98,63,26,1,-1,-1,-1
99,38,712,174,44,17,1,-1,-1,-1
99,39,845,188,50,17,1,-1,-1,-1
99,40,697,187,49,20,1,-1,-1,-1
99,41,680,197,50,20,1,-1,-1,-1
99,42,806,197,43,19,1,-1,-1,-1
99,43,933,178,49,18,1,-1,-1,-1
99,44,896,170,47,19,1,-1,-1,-1
99,45,847,181,51,15,1,-1,-1,-1
99,46,952,187,47,17,1,-1,-1,-1
99,47,940,194,39,18,1,-1,-1,-1
99,57,49,216,60,21,1,-1,-1,-1
100,0,19,230,62,23,1,-1,-1,-1
100,1,127,244,66,24,1,-1,-1,-1
100,2,225,228,58,22,1,-1,-1,-1
100,3,127,223,51,26,1,-1,-1,-1
100,4,316,216,47,21,1,-1,-1,-1
100,5,457,256,51,34,1,-1,-1,-1
100,6,417,199,53,20,1,-1,-1,-1
100,7,269,190,50,21,1,-1,-1,-1
100,8,309,186,43,17,1,-1,-1,-1
100,9,311,178,45,16,1,-1,-1,-1
100,10,440,174,49,18,1,-1,-1,-1
100,11,474,182,44,20,1,-1,-1,-1
100,12,513,187,42,22,1,-1,-1,-1
100,13,571,170,59,23,1,-1,-1,-1
100,14,247,108,19,12,1,-1,-1,-1
100,15,270,108,15,11,1,-1,-1,-1
100,16,290,107,15,12,1,-1,-1,-1
100,17,307,106,16,13,1,-1,-1,-1
100,18,327,106,16,12,1,-1,-1,-1
100,19,346,106,14,12,1,-1,-1,-1
100,20,363,106,14,11,1,-1,-1,-1
100,21,289,120,18,16,1,-1,-1,-1
100,22,309,121,18,13,1,-1,-1,-1
100,23,330,119,16,13,1,-1,-1,-1
100,24,352,120,17,13,1,-1,-1,-1
100,25,412,106,13,11,1,-1,-1,-1
100,26,467,121,14,13,1,-1,-1,-1
100,27,507,120,16,14,1,-1,-1,-1
100,28,550,129,25,18,1,-1,-1,-1
100,31,572,105,13,13,1,-1,-1,-1
100,32,592,102,14,16,1,-1,-1,-1
100,33,608,99,27,21,1,-1,-1,-1
100,34,431,106,12,11,1,-1,-1,-1
100,35,487,106,15,11,1,-1,-1,-1
100,36,757,177,56,22,1,-1,-1,-1
100,37,506,98,63,26,1,-1,-1,-1
100,38,710,174,44,17,1,-1,-1,-1
100,39,844,188,50,17,1,-1,-1,-1
100,40,696,187,49,20,1,-1,-1,-1
100,41,678,197,50,20,1,-1,-1,-1
100,42,805,197,42,19,1,-1,-1,-1
100,43,932,179,49,17,1,-1,-1,-1
100,44,894,171,47,19,1,-1,-1,-1
100,45,846,181,51,15,1,-1,-1,-1
100,46,951,187,48,17,1,-1,-1,-1
100,47,940,195,37,18,1,-1,-1,-1
100,57,50,216,60,21,1,-1,-1,-1
101,0,18,230,63,23,1,-1,-1,-1
101,1,126,245,66,24,1,-1,-1,-1
101,2,226,228,58,22,1,-1,-1,-1
101,3,127,223,51,26,1,-1,-1,-1
101,4,318,217,47,21,1,-1,-1,-1
101,5,455,258,51,34,1,-1,-1,-1
101,6,413,199,53,20,1,-1,-1,-1
101,7,264,191,50,21,1,-1,-1,-1
101,8,306,187,43,17,1,-1,-1,-1
101,9,308,178,45,16,1,-1,-1,-1
101,10,437,174,49,18,1,-1,-1,-1
101,11,472,182,44,20,1,-1,-1,-1
101,12,511,187,42,23,1,-1,-1,-1
101,13,569,170,59,23,1,-1,-1,-1
101,14,247,108,19,12,1,-1,-1,-1
101,15,270,109,15,11,1,-1,-1,-1
101,16,289,107,15,12,1,-1,-1,-1
101,17,307,106,16,13,1,-1,-1,-1
101,18,326,106,16,12,1,-1,-1,-1
101,19,345,106,14,12,1,-1,-1,-1
101,20,363,106,14,11,1,-1,-1,-1
101,21,289,120,18,16,1,-1,-1,-1
101,22,309,121,18,13,1,-1,-1,-1
101,23,330,119,16,13,1,-1,-1,-1
101,24,352,120,17,13,1,-1,-1,-1
101,25,412,106,13,11,1,-1,-1,-1
101,26,466,121,14,13,1,-1,-1,-1
101,27,507,121,16,14,1,-1,-1,-1
101,28,550,129,25,18,1,-1,-1,-1
101,31,572,105,13,13,1,-1,-1,-1
101,32,592,102,14,16,1,-1,-1,-1
101,33,608,100,27,21,1,-1,-1,-1
101,34,431,106,12,11,1,-1,-1,-1
101,35,486,106,15,12,1,-1,-1,-1
101,36,756,177,56,22,1,-1,-1,-1
101,37,507,99,63,26,1,-1,-1,-1
101,38,708,174,44,17,1,-1,-1,-1
101,39,842,188,51,17,1,-1,-1,-1
101,40,694,188,49,21,1,-1,-1,-1
101,41,676,198,50,20,1,-1,-1,-1
101,42,803,197,42,19,1,-1,-1,-1
101,43,932,179,49,17,1,-1,-1,-1
101,44,893,171,47,19,1,-1,-1,-1
101,45,846,182,52,15,1,-1,-1,-1
101,46,950,188,48,17,1,-1,-1,-1
101,47,940,195,36,18,1,-1,-1,-1
101,57,52,217,59,21,1,-1,-1,-1
102,0,18,231,63,24,1,-1,-1,-1
102,1,126,245,67,24,1,-1,-1,-1
102,2,226,229,58,22,1,-1,-1,-1
102,3,126,224,51,26,1,-1,-1,-1
102,4,320,217,47,21,1,-1,-1,-1
102,5,454,259,51,35,1,-1,-1,-1
102,6,409,199,53,20,1,-1,-1,-1
102,7,260,191,50,21,1,-1,-1,-1
102,8,302,188,43,17,1,-1,-1,-1
102,9,305,179,45,16,1,-1,-1,-1
102,10,434,175,49,19,1,-1,-1,-1
102,11,469,183,45,20,1,-1,-1,-1
102,12,508,188,42,23,1,-1,-1,-1
102,13,568,171,59,23,1,-1,-1,-1
102,14,247,109,19,12,1,-1,-1,-1
102,15,270,109,15,11,1,-1,-1,-1
102,16,289,107,15,12,1,-1,-1,-1
102,17,307,106,16,13,1,-1,-1,-1
102,18,326,106,16,12,1,-1,-1,-1
102,19,345,106,14,12,1,-1,-1,-1
102,20,363,107,14,12,1,-1,-1,-1
102,21,288,121,18,16,1,-1,-1,-1
102,22,309,121,18,13,1,-1,-1,-1
102,23,330,120,16,13,1,-1,-1,-1
102,24,351,121,17,13,1,-1,-1,-1
102,25,411,107,13,11,1,-1,-1,-1
102,26,466,121,14,13,1,-1,-1,-1
102,27,507,121,16,14,1,-1,-1,-1
102,28,550,130,25,18,1,-1,-1,-1
102,31,572,105,13,13,1,-1,-1,-1
102,32,592,102,14,16,1,-1,-1,-1
102,33,608,100,27,21,1,-1,-1,-1
102,34,431,106,12,11,1,-1,-1,-1
102,35,486,106,15,12,1,-1,-1,-1
102,36,756,178,56,22,1,-1,-1,-1
102,37,508,99,63,26,1,-1,-1,-1
102,38,706,175,44,17,1,-1,-1,-1
102,39,841,189,51,17,1,-1,-1,-1
102,40,693,188,49,21,1,-1,-1,-1
102,41,674,198,50,20,1,-1,-1,-1
102,42,802,198,42,19,1,-1,-1,-1
102,43,931,179,49,17,1,-1,-1,-1
102,44,892,172,47,19,1,-1,-1,-1
102,45,845,182,52,15,1,-1,-1,-1
102,46,949,188,48,17,1,-1,-1,-1
102,47,940,195,35,18,1,-1,-1,-1
102,57,54,217,59,21,1,-1,-1,-1
103,0,17,231,63,24,1,-1,-1,-1
103,1,125,246,67,24,1,-1,-1,-1
103,2,227,229,58,22,1,-1,-1,-1
103,3,125,224,52,26,1,-1,-1,-1
103,4,322,218,47,21,1,-1,-1,-1
103,5,452,261,51,35,1,-1,-1,-1
103,6,405,200,53,20,1,-1,-1,-1
103,7,255,192,50,21,1,-1,-1,-1
103,8,299,188,43,17,1,-1,-1,-1
103,9,301,179,45,16,1,-1,-1,-1
103,10,432,175,49,19,1,-1,-1,-1
103,11,466,183,45,20,1,-1,-1,-1
103,12,505,188,42,23,1,-1,-1,-1
103,13,566,171,59,23,1,-1,-1,-1
103,14,247,109,19,12,1,-1,-1,-1
103,15,269,109,15,11,1,-1,-1,-1
103,16,289,107,15,12,1,-1,-1,-1
103,17,306,106,16,13,1,-1,-1,-1
103,18,326,107,16,12,1,-1,-1,-1
103,19,345,106,14,12,1,-1,-1,-1
103,20,363,107,14,12,1,-1,-1,-1
103,21,288,121,18,16,1,-1,-1,-1
103,22,309,121,18,13,1,-1,-1,-1
103,23,330,120,16,13,1,-1,-1,-1
103,24,351,121,17,13,1,-1,-1,-1
103,25,411,107,13,11,1,-1,-1,-1
103,26,466,121,14,13,1,-1,-1,-1
103,27,507,121,16,14,1,-1,-1,-1
103,28,550,130,25,18,1,-1,-1,-1
103,31,572,105,13,13,1,-1,-1,-1
103,32,592,102,14,16,1,-1,-1,-1
103,33,609,100,27,21,1,-1,-1,-1
103,34,431,106,12,11,1,-1,-1,-1
103,35,486,106,15,12,1,-1,-1,-1
103,36,755,178,56,22,1,-1,-1,-1
103,37,508,99,63,26,1,-1,-1,-1
103,38,704,175,44,18,1,-1,-1,-1
103,39,840,189,52,17,1,-1,-1,-1
103,40,691,189,50,21,1,-1,-1,-1
103,41,672,198,50,20,1,-1,-1,-1
103,42,800,198,41,19,1,-1,-1,-1
103,43,930,179,49,17,1,-1,-1,-1
103,44,890,172,47,19,1,-1,-1,-1
103,45,845,182,51,16,1,-1,-1,-1
103,46,947,189,48,17,1,-1,-1,-1
103,47,940,196,34,18,1,-1,-1,-1
103,57,55,217,59,21,1,-1,-1,-1
104,0,16,232,63,24,1,-1,-1,-1
104,1,124,246,67,24,1,-1,-1,-1
104,2,227,230,58,22,1,-1,-1,-1
104,3,125,225,52,26,1,-1,-1,-1
104,4,324,219,47,21,1,-1,-1,-1
104,5,450,262,51,35,1,-1,-1,-1
104,6,401,200,54,20,1,-1,-1,-1
104,7,251,192,51,21,1,-1,-1,-1
104,8,295,188,44,17,1,-1,-1,-1
104,9,298,180,45,15,1,-1,-1,-1
104,10,429,175,49,19,1,-1,-1,-1
104,11,463,184,45,20,1,-1,-1,-1
104,12,503,189,43,23,1,-1,-1,-1
104,13,564,171,59,23,1,-1,-1,-1
104,14,246,109,19,12,1,-1,-1,-1
104,15,269,109,15,11,1,-1,-1,-1
104,16,288,108,15,12,1,-1,-1,-1
104,17,306,106,16,13,1,-1,-1,-1
104,18,326,107,16,12,1,-1,-1,-1
104,19,345,107,14,12,1,-1,-1,-1
104,20,362,107,14,12,1,-1,-1,-1
104,21,288,121,18,16,1,-1,-1,-1
104,22,309,121,18,13,1,-1,-1,-1
104,23,329,120,16,13,1,-1,-1,-1
104,24,351,121,17,13,1,-1,-1,-1
104,25,411,107,13,11,1,-1,-1,-1
104,26,466,121,14,13,1,-1,-1,-1
104,27,507,121,16,14,1,-1,-1,-1
104,28,550,130,26,18,1,-1,-1,-1
104,31,573,106,13,13,1,-1,-1,-1
104,32,592,103,14,16,1,-1,-1,-1
104,33,609,100,27,21,1,-1,-1,-1
104,34,431,107,12,11,1,-1,-1,-1
104,35,486,106,15,12,1,-1,-1,-1
104,36,754,178,56,22,1,-1,-1,-1
104,37,509,99,63,26,1,-1,-1,-1
104,38,702,176,44,18,1,-1,-1,-1
104,39,839,189,52,17,1,-1,-1,-1
104,40,689,189,50,21,1,-1,-1,-1
104,41,670,199,50,20,1,-1,-1,-1
104,42,799,199,41,19,1,-1,-1,-1
104,43,930,180,49,17,1,-1,-1,-1
104,44,889,172,47,19,1,-1,-1,-1
104,45,845,183,51,16,1,-1,-1,-1
104,46,946,189,49,17,1,-1,-1,-1
104,57,57,218,59,21,1,-1,-1,-1
105,0,15,232,63,24,1,-1,-1,-1
105,1,124,247,67,25,1,-1,-1,-1
105,2,227,231,58,22,1,-1,-1,-1
105,3,124,225,52,26,1,-1,-1,-1
105,4,326,219,47,21,1,-1,-1,-1
105,5,448,264,51,36,1,-1,-1,-1
105,6,397,201,54,20,1,-1,-1,-1
105,7,246,192,51,21,1,-1,-1,-1
105,8,291,189,44,17,1,-1,-1,-1
105,9,295,180,45,15,1,-1,-1,-1
105,10,426,176,49,19,1,-1,-1,-1
105,11,460,184,45,20,1,-1,-1,-1
105,12,500,189,43,23,1,-1,-1,-1
105,13,562,172,59,23,1,-1,-1,-1
105,14,246,109,19,12,1,-1,-1,-1
105,15,269,109,15,11,1,-1,-1,-1
105,16,288,108,15,12,1,-1,-1,-1
105,17,306,107,16,13,1,-1,-1,-1
105,18,326,107,16,12,1,-1,-1,-1
105,19,345,107,14,12,1,-1,-1,-1
105,20,362,107,14,12,1,-1,-1,-1
105,21,288,121,18,16,1,-1,-1,-1
105,22,308,122,18,13,1,-1,-1,-1
105,23,329,120,16,13,1,-1,-1,-1
105,24,351,121,17,13,1,-1,-1,-1
105,25,411,107,13,11,1,-1,-1,-1
105,26,466,122,14,13,1,-1,-1,-1
105,27,507,121,16,14,1,-1,-1,-1
105,28,550,130,26,18,1,-1,-1,-1
105,31,573,106,13,13,1,-1,-1,-1
105,32,592,103,14,16,1,-1,-1,-1
105,33,609,100,27,21,1,-1,-1,-1
105,34,431,107,11,11,1,-1,-1,-1
105,35,486,106,15,12,1,-1,-1,-1
105,36,753,179,56,22,1,-1,-1,-1
105,37,510,99,63,26,1,-1,-1,-1
105,38,701,176,45,18,1,-1,-1,-1
105,39,838,190,52,17,1,-1,-1,-1
105,40,688,190,50,21,1,-1,-1,-1
105,41,668,199,50,20,1,-1,-1,-1
105,42,797,199,41,19,1,-1,-1,-1
105,43,929,181,49,17,1,-1,-1,-1
105,44,888,173,47,19,1,-1,-1,-1
105,45,844,183,51,16,1,-1,-1,-1
105,46,945,189,49,17,1,-1,-1,-1
105,57,58,218,59,22,1,-1,-1,-1
106,0,14,233,63,24,1,-1,-1,-1
106,1,123,247,67,25,1,-1,-1,-1
106,2,228,231,59,22,1,-1,-1,-1
106,3,124,226,52,27,1,-1,-1,-1
106,4,328,220,47,21,1,-1,-1,-1
106,5,447,265,51,36,1,-1,-1,-1
106,6,393,201,54,20,1,-1,-1,-1
106,7,242,193,51,21,1,-1,-1,-1
106,8,287,189,44,18,1,-1,-1,-1
106,9,292,181,45,15,1,-1,-1,-1
106,10,424,176,48,19,1,-1,-1,-1
106,11,458,184,46,20,1,-1,-1,-1
106,12,498,189,43,23,1,-1,-1,-1
106,13,560,172,59,23,1,-1,-1,-1
106,14,246,109,19,12,1,-1,-1,-1
106,15,268,110,16,11,1,-1,-1,-1
106,16,288,108,15,12,1,-1,-1,-1
106,17,306,107,16,13,1,-1,-1,-1
106,18,325,107,16,12,1,-1,-1,-1
106,19,344,107,14,12,1,-1,-1,-1
106,20,362,107,14,12,1,-1,-1,-1
106,21,287,121,18,16,1,-1,-1,-1
106,22,308,122,18,13,1,-1,-1,-1
106,23,329,120,16,13,1,-1,-1,-1
106,24,351,121,17,13,1,-1,-1,-1
106,25,411,108,13,11,1,-1,-1,-1
106,26,466,122,14,13,1,-1,-1,-1
106,27,507,122,16,14,1,-1,-1,-1
106,28,551,131,26,18,1,-1,-1,-1
106,29,504,105,9,12,1,-1,-1,-1
106,31,573,106,13,13,1,-1,-1,-1
106,32,592,103,14,16,1,-1,-1,-1
106,33,609,100,27,21,1,-1,-1,-1
106,34,431,107,11,11,1,-1,-1,-1
106,35,486,107,15,12,1,-1,-1,-1
106,36,752,179,56,22,1,-1,-1,-1
106,37,510,99,63,26,1,-1,-1,-1
106,38,699,176,45,18,1,-1,-1,-1
106,39,837,191,52,18,1,-1,-1,-1
106,40,686,190,50,21,1,-1,-1,-1
106,41,666,200,50,20,1,-1,-1,-1
106,42,795,200,41,19,1,-1,-1,-1
106,43,929,181,49,18,1,-1,-1,-1
106,44,886,173,47,19,1,-1,-1,-1
106,45,844,183,51,17,1,-1,-1,-1
106,46,945,190,48,17,1,-1,-1,-1
106,57,60,219,58,22,1,-1,-1,-1
107,0,13,233,63,24,1,-1,-1,-1
107,1,122,248,68,25,1,-1,-1,-1
107,2,228,232,59,22,1,-1,-1,-1
107,3,123,226,52,27,1,-1,-1,-1
107,4,330,220,47,21,1,-1,-1,-1
107,5,445,267,51,36,1,-1,-1,-1
107,6,389,202,54,20,1,-1,-1,-1
107,7,237,193,51,21,1,-1,-1,-1
107,8,283,189,44,18,1,-1,-1,-1
107,9,289,181,45,15,1,-1,-1,-1
107,10,421,177,48,19,1,-1,-1,-1
107,11,455,185,46,21,1,-1,-1,-1
107,12,495,190,43,23,1,-1,-1,-1
107,13,558,173,59,23,1,-1,-1,-1
107,14,245,110,19,12,1,-1,-1,-1
107,15,268,110,16,11,1,-1,-1,-1
107,16,287,108,15,11,1,-1,-1,-1
107,17,305,107,16,13,1,-1,-1,-1
107,18,325,108,16,12,1,-1,-1,-1
107,19,344,107,14,12,1,-1,-1,-1
107,20,362,107,14,12,1,-1,-1,-1
107,21,287,122,18,16,1,-1,-1,-1
107,22,308,122,18,13,1,-1,-1,-1
107,23,329,121,16,13,1,-1,-1,-1
107,24,351,122,17,13,1,-1,-1,-1
107,25,411,108,13,11,1,-1,-1,-1
107,26,466,122,14,13,1,-1,-1,-1
107,27,507,122,16,14,1,-1,-1,-1
107,28,551,131,26,18,1,-1,-1,-1
107,29,504,105,10,12,1,-1,-1,-1
107,31,573,106,12,13,1,-1,-1,-1
107,32,592,103,14,16,1,-1,-1,-1
107,33,609,101,27,21,1,-1,-1,-1
107,34,431,108,11,11,1,-1,-1,-1
107,35,486,107,15,12,1,-1,-1,-1
107,36,751,179,56,23,1,-1,-1,-1
107,37,511,100,63,26,1,-1,-1,-1
107,38,697,177,45,18,1,-1,-1,-1
107,39,835,191,52,18,1,-1,-1,-1
107,40,684,191,50,21,1,-1,-1,-1
107,41,663,200,50,20,1,-1,-1,-1
107,42,794,200,41,19,1,-1,-1,-1
107,43,929,182,50,18,1,-1,-1,-1
107,44,885,174,47,19,1,-1,-1,-1
107,45,843,183,51,17,1,-1,-1,-1
107,46,945,191,48,17,1,-1,-1,-1
107,57,62,219,58,22,1,-1,-1,-1
108,0,12,234,63,24,1,-1,-1,-1
108,1,122,249,68,25,1,-1,-1,-1
108,2,228,232,59,22,1,-1,-1,-1
108,3,122,226,52,27,1,-1,-1,-1
108,4,332,221,47,21,1,-1,-1,-1
108,5,443,268,51,37,1,-1,-1,-1
108,6,385,202,54,20,1,-1,-1,-1
108,7,233,194,51,21,1,-1,-1,-1
108,8,280,189,45,18,1,-1,-1,-1
108,9,285,182,45,15,1,-1,-1,-1
108,10,418,177,48,19,1,-1,-1,-1
108,11,452,185,46,21,1,-1,-1,-1
108,12,492,190,43,23,1,-1,-1,-1
108,13,556,173,59,23,1,-1,-1,-1
108,14,245,110,19,12,1,-1,-1,-1
108,15,268,110,16,11,1,-1,-1,-1
108,16,287,108,15,11,1,-1,-1,-1
108,17,305,107,16,13,1,-1,-1,-1
108,18,325,108,16,12,1,-1,-1,-1
108,19,344,107,14,12,1,-1,-1,-1
108,20,362,107,14,12,1,-1,-1,-1
108,21,287,122,18,16,1,-1,-1,-1
108,22,308,122,18,14,1,-1,-1,-1
108,23,328,121,16,13,1,-1,-1,-1
108,24,350,122,17,13,1,-1,-1,-1
108,25,411,108,13,11,1,-1,-1,-1
108,26,466,122,14,13,1,-1,-1,-1
108,27,507,122,16,14,1,-1,-1,-1
108,28,551,131,26,18,1,-1,-1,-1
108,29,504,106,10,12,1,-1,-1,-1
108,31,573,106,12,13,1,-1,-1,-1
108,32,592,104,14,16,1,-1,-1,-1
108,33,609,101,27,21,1,-1,-1,-1
108,34,431,108,11,11,1,-1,-1,-1
108,35,486,107,15,12,1,-1,-1,-1
108,36,750,179,56,23,1,-1,-1,-1
108,37,512,100,63,27,1,-1,-1,-1
108,38,695,177,45,18,1,-1,-1,-1
108,39,834,192,52,19,1,-1,-1,-1
108,40,682,192,50,21,1,-1,-1,-1
108,41,661,201,50,20,1,-1,-1,-1
108,42,792,201,42,19,1,-1,-1,-1
108,43,928,182,50,18,1,-1,-1,-1
108,44,884,174,47,19,1,-1,-1,-1
108,45,843,184,51,17,1,-1,-1,-1
108,46,945,191,47,17,1,-1,-1,-1
108,57,63,220,58,22,1,-1,-1,-1
109,0,11,234,63,24,1,-1,-1,-1
109,1,121,249,68,25,1,-1,-1,-1
109,2,229,233,59,22,1,-1,-1,-1
109,3,122,227,52,27,1,-1,-1,-1
109,4,334,221,48,21,1,-1,-1,-1
109,5,441,270,51,37,1,-1,-1,-1
109,6,380,203,54,20,1,-1,-1,-1
109,7,228,194,51,21,1,-1,-1,-1
109,8,276,190,45,18,1,-1,-1,-1
109,9,282,182,45,15,1,-1,-1,-1
109,10,416,177,48,19,1,-1,-1,-1
109,11,449,186,46,21,1,-1,-1,-1
109,12,490,190,43,23,1,-1,-1,-1
109,13,553,174,59,23,1,-1,-1,-1
109,14,245,110,19,12,1,-1,-1,-1
109,15,267,110,16,11,1,-1,-1,-1
109,16,287,109,15,11,1,-1,-1,-1
109,17,305,107,16,13,1,-1,-1,-1
109,18,325,108,16,12,1,-1,-1,-1
109,19,344,108,14,12,1,-1,-1,-1
109,20,362,108,14,12,1,-1,-1,-1
109,21,287,122,18,16,1,-1,-1,-1
109,22,308,123,18,14,1,-1,-1,-1
109,23,328,121,16,13,1,-1,-1,-1
109,24,350,122,17,13,1,-1,-1,-1
109,25,411,108,13,11,1,-1,-1,-1
109,26,466,123,14,13,1,-1,-1,-1
109,27,507,122,16,14,1,-1,-1,-1
109,28,551,131,26,18,1,-1,-1,-1
109,29,504,106,11,12,1,-1,-1,-1
109,31,573,106,12,13,1,-1,-1,-1
109,32,592,104,14,16,1,-1,-1,-1
109,33,609,101,27,21,1,-1,-1,-1
109,34,431,108,11,11,1,-1,-1,-1
109,35,485,107,15,12,1,-1,-1,-1
109,36,749,180,56,23,1,-1,-1,-1
109,37,512,100,64,27,1,-1,-1,-1
109,38,693,177,45,18,1,-1,-1,-1
109,39,833,192,52,19,1,-1,-1,-1
109,40,681,192,50,21,1,-1,-1,-1
109,41,659,202,50,20,1,-1,-1,-1
109,42,790,201,42,19,1,-1,-1,-1
109,43,928,183,50,18,1,-1,-1,-1
109,44,882,174,47,19,1,-1,-1,-1
109,45,843,184,51,18,1,-1,-1,-1
109,46,946,192,47,17,1,-1,-1,-1
109,57,65,220,58,22,1,-1,-1,-1
110,0,10,235,64,24,1,-1,-1,-1
110,1,120,250,68,25,1,-1,-1,-1
110,2,229,234,59,22,1,-1,-1,-1
110,3,121,228,52,27,1,-1,-1,-1
110,4,336,222,48,21,1,-1,-1,-1
110,5,439,272,51,38,1,-1,-1,-1
110,6,376,203,54,20,1,-1,-1,-1
110,7,223,195,52,21,1,-1,-1,-1
110,8,272,190,45,18,1,-1,-1,-1
110,9,278,183,46,15,1,-1,-1,-1
110,10,413,178,48,19,1,-1,-1,-1
110,11,446,186,46,21,1,-1,-1,-1
110,12,487,191,43,23,1,-1,-1,-1
110,13,552,174,59,23,1,-1,-1,-1
110,14,245,110,19,12,1,-1,-1,-1
110,15,267,111,16,11,1,-1,-1,-1
110,16,287,109,15,11,1,-1,-1,-1
110,17,305,108,16,13,1,-1,-1,-1
110,18,324,108,16,12,1,-1,-1,-1
110,19,344,108,14,13,1,-1,-1,-1
110,20,361,108,14,12,1,-1,-1,-1
110,21,286,123,18,16,1,-1,-1,-1
110,22,307,123,18,14,1,-1,-1,-1
110,23,328,121,16,14,1,-1,-1,-1
110,24,350,123,17,13,1,-1,-1,-1
110,25,411,109,13,11,1,-1,-1,-1
110,26,466,123,14,13,1,-1,-1,-1
110,27,507,123,16,14,1,-1,-1,-1
110,28,551,132,26,18,1,-1,-1,-1
110,29,504,107,11,11,1,-1,-1,-1
110,32,592,104,14,16,1,-1,-1,-1
110,33,609,101,27,21,1,-1,-1,-1
110,34,430,108,11,11,1,-1,-1,-1
110,35,485,107,16,12,1,-1,-1,-1
110,36,748,180,56,23,1,-1,-1,-1
110,37,513,100,64,27,1,-1,-1,-1
110,38,691,178,45,18,1,-1,-1,-1
110,39,832,192,53,19,1,-1,-1,-1
110,40,679,193,50,21,1,-1,-1,-1
110,41,657,202,51,20,1,-1,-1,-1
110,42,788,202,42,20,1,-1,-1,-1
110,43,927,183,50,18,1,-1,-1,-1
110,44,881,175,47,19,1,-1,-1,-1
110,45,842,184,51,18,1,-1,-1,-1
110,46,946,193,46,17,1,-1,-1,-1
110,57,66,221,58,22,1,-1,-1,-1
111,0,8,236,64,24,1,-1,-1,-1
111,1,119,251,68,25,1,-1,-1,-1
111,2,230,234,59,22,1,-1,-1,-1
111,3,120,229,52,27,1,-1,-1,-1
111,4,338,223,48,22,1,-1,-1,-1
111,5,438,274,52,38,1,-1,-1,-1
111,6,372,203,54,21,1,-1,-1,-1
111,7,218,196,52,21,1,-1,-1,-1
111,8,268,191,45,18,1,-1,-1,-1
111,9,275,183,46,16,1,-1,-1,-1
111,10,410,179,48,19,1,-1,-1,-1
111,11,443,187,46,21,1,-1,-1,-1
111,12,484,192,43,23,1,-1,-1,-1
111,13,549,175,60,24,1,-1,-1,-1
111,14,244,110,19,12,1,-1,-1,-1
111,15,267,111,16,11,1,-1,-1,-1
111,16,286,109,15,12,1,-1,-1,-1
111,17,304,108,16,13,1,-1,-1,-1
111,18,324,109,16,12,1,-1,-1,-1
111,19,343,109,14,13,1,-1,-1,-1
111,20,361,108,14,12,1,-1,-1,-1
111,21,286,123,18,16,1,-1,-1,-1
111,22,307,124,18,14,1,-1,-1,-1
111,23,327,122,16,14,1,-1,-1,-1
111,24,350,123,17,13,1,-1,-1,-1
111,25,410,109,13,11,1,-1,-1,-1
111,26,466,123,14,13,1,-1,-1,-1
111,27,507,123,16,14,1,-1,-1,-1
111,28,551,132,26,18,1,-1,-1,-1
111,29,504,107,12,11,1,-1,-1,-1
111,32,593,104,14,16,1,-1,-1,-1
111,33,609,102,27,21,1,-1,-1,-1
111,34,430,109,11,11,1,-1,-1,-1
111,35,485,107,16,12,1,-1,-1,-1
111,36,747,181,56,23,1,-1,-1,-1
111,37,514,101,64,27,1,-1,-1,-1
111,38,689,178,45,18,1,-1,-1,-1
111,39,830,193,53,19,1,-1,-1,-1
111,40,677,193,50,21,1,-1,-1,-1
111,41,654,203,51,20,1,-1,-1,-1
111,42,786,202,43,20,1,-1,-1,-1
111,43,927,184,50,18,1,-1,-1,-1
111,44,880,175,47,19,1,-1,-1,-1
111,45,842,184,51,19,1,-1,-1,-1
111,46,946,193,45,17,1,-1,-1,-1
111,57,68,222,58,22,1,-1,-1,-1
112,0,7,237,64,24,1,-1,-1,-1
112,1,118,252,69,25,1,-1,-1,-1
112,2,230,235,59,22,1,-1,-1,-1
112,3,119,230,52,27,1,-1,-1,-1
112,4,340,223,48,22,1,-1,-1,-1
112,5,436,277,52,39,1,-1,-1,-1
112,6,367,204,55,21,1,-1,-1,-1
112,7,212,197,52,22,1,-1,-1,-1
112,8,264,192,46,18,1,-1,-1,-1
112,9,271,184,46,16,1,-1,-1,-1
112,10,407,179,49,19,1,-1,-1,-1
112,11,440,188,46,21,1,-1,-1,-1
112,12,481,193,43,23,1,-1,-1,-1
112,13,547,175,60,24,1,-1,-1,-1
112,14,244,111,19,12,1,-1,-1,-1
112,15,267,111,16,11,1,-1,-1,-1
112,16,286,110,16,12,1,-1,-1,-1
112,17,304,109,16,13,1,-1,-1,-1
112,18,324,109,16,12,1,-1,-1,-1
112,19,343,109,14,13,1,-1,-1,-1
112,20,361,109,14,12,1,-1,-1,-1
112,21,286,124,18,16,1,-1,-1,-1
112,22,306,124,18,14,1,-1,-1,-1
112,23,327,122,16,14,1,-1,-1,-1
112,24,349,124,17,13,1,-1,-1,-1
112,25,410,109,13,11,1,-1,-1,-1
112,26,466,124,15,13,1,-1,-1,-1
112,27,507,124,16,14,1,-1,-1,-1
112,28,551,133,26,18,1,-1,-1,-1
112,29,504,108,12,11,1,-1,-1,-1
112,32,593,105,14,16,1,-1,-1,-1
112,33,609,102,27,21,1,-1,-1,-1
112,34,430,109,11,11,1,-1,-1,-1
112,35,485,108,16,13,1,-1,-1,-1
112,36,746,182,56,23,1,-1,-1,-1
112,37,515,101,64,27,1,-1,-1,-1
112,38,688,179,45,18,1,-1,-1,-1
112,39,829,193,54,20,1,-1,-1,-1
112,40,675,194,50,21,1,-1,-1,-1
112,41,652,204,51,20,1,-1,-1,-1
112,42,784,203,43,20,1,-1,-1,-1
112,43,926,184,50,18,1,-1,-1,-1
112,44,878,175,47,19,1,-1,-1,-1
112,45,841,185,52,19,1,-1,-1,-1
112,46,946,194,45,17,1,-1,-1,-1
112,57,69,223,59,22,1,-1,-1,-1
113,0,5,238,64,23,1,-1,-1,-1
113,1,117,253,69,25,1,-1,-1,-1
113,2,231,236,59,22,1,-1,-1,-1
113,3,118,231,53,27,1,-1,-1,-1
113,4,342,224,48,22,1,-1,-1,-1
113,5,434,279,52,39,1,-1,-1,-1
113,6,362,205,55,21,1,-1,-1,-1
113,7,207,197,53,22,1,-1,-1,-1
113,8,260,192,46,18,1,-1,-1,-1
113,9,267,184,46,16,1,-1,-1,-1
113,10,404,180,49,19,1,-1,-1,-1
113,11,436,188,46,21,1,-1,-1,-1
113,12,478,194,43,24,1,-1,-1,-1
113,13,545,176,60,24,1,-1,-1,-1
113,14,244,111,19,12,1,-1,-1,-1
113,15,267,111,16,11,1,-1,-1,-1
113,16,286,110,16,12,1,-1,-1,-1
113,17,304,109,16,13,1,-1,-1,-1
113,18,324,110,16,12,1,-1,-1,-1
113,19,343,109,14,13,1,-1,-1,-1
113,20,361,109,14,12,1,-1,-1,-1
113,21,285,124,18,16,1,-1,-1,-1
113,22,306,125,18,14,1,-1,-1,-1
113,23,327,123,16,14,1,-1,-1,-1
113,24,349,124,17,13,1,-1,-1,-1
113,25,410,110,13,11,1,-1,-1,-1
113,26,466,124,15,13,1,-1,-1,-1
113,27,507,124,16,14,1,-1,-1,-1
113,28,551,133,26,18,1,-1,-1,-1
113,29,504,108,12,11,1,-1,-1,-1
113,32,593,105,14,16,1,-1,-1,-1
113,33,609,103,27,21,1,-1,-1,-1
113,34,430,109,11,11,1,-1,-1,-1
113,35,485,108,16,13,1,-1,-1,-1
113,36,745,182,56,23,1,-1,-1,-1
113,37,515,102,64,27,1,-1,-1,-1
113,38,686,179,45,18,1,-1,-1,-1
113,39,828,194,54,20,1,-1,-1,-1
113,40,674,194,50,21,1,-1,-1,-1
113,41,650,204,51,21,1,-1,-1,-1
113,42,782,204,43,20,1,-1,-1,-1
113,43,926,185,50,18,1,-1,-1,-1
113,44,877,176,47,19,1,-1,-1,-1
113,45,840,186,52,19,1,-1,-1,-1
113,46,946,194,44,17,1,-1,-1,-1
113,57,71,224,59,22,1,-1,-1,-1
114,0,4,238,65,23,1,-1,-1,-1
114,1,117,254,69,25,1,-1,-1,-1
114,2,231,237,60,22,1,-1,-1,-1
114,3,118,232,53,27,1,-1,-1,-1
114,4,344,224,48,22,1,-1,-1,-1
114,5,432,281,52,39,1,-1,-1,-1
114,6,359,205,55,21,1,-1,-1,-1
114,7,202,198,53,22,1,-1,-1,-1
114,8,256,193,46,18,1,-1,-1,-1
114,9,263,185,46,16,1,-1,-1,-1
114,10,401,181,49,19,1,-1,-1,-1
114,11,433,189,46,21,1,-1,-1,-1
114,12,475,194,43,24,1,-1,-1,-1
114,13,543,176,60,24,1,-1,-1,-1
114,14,244,111,19,12,1,-1,-1,-1
114,15,266,111,16,11,1,-1,-1,-1
114,16,285,111,16,12,1,-1,-1,-1
114,17,304,110,16,13,1,-1,-1,-1
114,18,323,110,16,12,1,-1,-1,-1
114,19,343,110,14,13,1,-1,-1,-1
114,20,361,110,14,12,1,-1,-1,-1
114,21,285,125,18,16,1,-1,-1,-1
114,22,306,125,18,14,1,-1,-1,-1
114,23,326,123,16,14,1,-1,-1,-1
114,24,349,125,17,13,1,-1,-1,-1
114,25,410,110,13,11,1,-1,-1,-1
114,26,466,125,15,13,1,-1,-1,-1
114,27,507,125,16,14,1,-1,-1,-1
114,28,551,134,26,18,1,-1,-1,-1
114,29,503,108,13,11,1,-1,-1,-1
114,32,593,105,14,16,1,-1,-1,-1
114,33,609,103,28,21,1,-1,-1,-1
114,34,430,110,11,11,1,-1,-1,-1
114,35,485,108,16,13,1,-1,-1,-1
114,36,744,183,57,23,1,-1,-1,-1
114,37,516,102,64,27,1,-1,-1,-1
114,38,684,179,45,18,1,-1,-1,-1
114,39,826,194,54,20,1,-1,-1,-1
114,40,672,195,51,21,1,-1,-1,-1
114,41,647,205,51,21,1,-1,-1,-1
114,42,781,205,43,20,1,-1,-1,-1
114,43,926,186,50,19,1,-1,-1,-1
114,44,875,177,48,19,1,-1,-1,-1
114,45,839,186,53,19,1,-1,-1,-1
114,46,945,195,44,17,1,-1,-1,-1
114,57,72,225,59,22,1,-1,-1,-1
115,0,2,239,65,23,1,-1,-1,-1
115,1,116,255,69,25,1,-1,-1,-1
115,2,232,238,60,22,1,-1,-1,-1
115,3,117,233,53,28,1,-1,-1,-1
115,4,346,225,48,22,1,-1,-1,-1
115,5,430,284,52,40,1,-1,-1,-1
115,6,353,205,55,21,1,-1,-1,-1
115,7,196,199,53,22,1,-1,-1,-1
115,8,252,194,47,17,1,-1,-1,-1
115,9,260,185,47,16,1,-1,-1,-1
115,10,398,182,49,19,1,-1,-1,-1
115,11,430,190,46,21,1,-1,-1,-1
115,12,473,195,44,24,1,-1,-1,-1
115,13,541,177,60,24,1,-1,-1,-1
115,14,243,111,19,12,1,-1,-1,-1
115,15,266,111,16,11,1,-1,-1,-1
115,16,285,111,16,12,1,-1,-1,-1
115,17,303,110,16,13,1,-1,-1,-1
115,18,323,110,16,12,1,-1,-1,-1
115,19,342,110,14,13,1,-1,-1,-1
115,20,360,110,14,12,1,-1,-1,-1
115,21,284,125,18,16,1,-1,-1,-1
115,22,305,126,18,14,1,-1,-1,-1
115,23,326,124,16,14,1,-1,-1,-1
115,24,349,125,17,13,1,-1,-1,-1
115,25,410,111,13,11,1,-1,-1,-1
115,26,465,125,15,13,1,-1,-1,-1
115,27,507,125,16,14,1,-1,-1,-1
115,28,551,134,26,18,1,-1,-1,-1
115,29,503,109,13,12,1,-1,-1,-1
115,32,593,105,14,16,1,-1,-1,-1
115,33,609,104,28,21,1,-1,-1,-1
115,34,430,110,11,11,1,-1,-1,-1
115,35,485,108,16,13,1,-1,-1,-1
115,36,743,184,57,23,1,-1,-1,-1
115,37,517,103,64,27,1,-1,-1,-1
115,38,682,180,46,18,1,-1,-1,-1
115,39,825,195,55,20,1,-1,-1,-1
115,40,670,195,51,21,1,-1,-1,-1
115,41,645,206,51,21,1,-1,-1,-1
115,42,779,205,43,20,1,-1,-1,-1
115,43,925,186,51,19,1,-1,-1,-1
115,44,874,177,48,19,1,-1,-1,-1
115,45,838,187,53,19,1,-1,-1,-1
115,46,945,196,44,16,1,-1,-1,-1
115,57,74,226,60,22,1,-1,-1,-1
116,0,1,240,65,23,1,-1,-1,-1
116,1,115,257,70,25,1,-1,-1,-1
116,2,233,239,60,22,1,-1,-1,-1
116,3,116,234,53,28,1,-1,-1,-1
116,4,348,226,48,22,1,-1,-1,-1
116,5,427,283,52,40,1,-1,-1,-1
116,6,348,206,55,21,1,-1,-1,-1
116,7,191,200,54,22,1,-1,-1,-1
116,8,248,194,47,18,1,-1,-1,-1
116,9,256,186,47,16,1,-1,-1,-1
116,10,395,182,49,19,1,-1,-1,-1
116,11,427,190,46,21,1,-1,-1,-1
116,12,470,196,44,24,1,-1,-1,-1
116,13,539,177,60,24,1,-1,-1,-1
116,14,243,112,19,12,1,-1,-1,-1
116,15,266,112,16,11,1,-1,-1,-1
116,16,284,112,16,12,1,-1,-1,-1
116,17,303,111,16,13,1,-1,-1,-1
116,18,323,111,16,12,1,-1,-1,-1
116,19,342,111,15,13,1,-1,-1,-1
116,20,360,111,14,12,1,-1,-1,-1
116,21,284,125,19,16,1,-1,-1,-1
116,22,305,126,19,14,1,-1,-1,-1
116,23,326,124,17,14,1,-1,-1,-1
116,24,348,125,17,13,1,-1,-1,-1
116,25,410,111,13,11,1,-1,-1,-1
116,26,465,126,15,13,1,-1,-1,-1
116,27,507,126,16,14,1,-1,-1,-1
116,28,551,135,26,19,1,-1,-1,-1
116,29,503,109,13,12,1,-1,-1,-1
116,32,593,106,14,16,1,-1,-1,-1
116,33,609,104,28,21,1,-1,-1,-1
116,34,430,110,11,11,1,-1,-1,-1
116,35,485,109,16,13,1,-1,-1,-1
116,36,743,184,57,24,1,-1,-1,-1
116,37,517,103,64,27,1,-1,-1,-1
116,38,680,181,46,18,1,-1,-1,-1
116,39,824,195,54,20,1,-1,-1,-1
116,40,669,196,51,21,1,-1,-1,-1
116,41,643,206,51,21,1,-1,-1,-1
116,42,777,206,43,20,1,-1,-1,-1
116,43,925,187,51,19,1,-1,-1,-1
116,44,872,178,48,19,1,-1,-1,-1
116,45,837,187,54,19,1,-1,-1,-1
116,46,944,197,44,16,1,-1,-1,-1
116,57,75,227,60,22,1,-1,-1,-1
117,0,0,241,65,23,1,-1,-1,-1
117,1,114,258,70,25,1,-1,-1,-1
117,2,233,240,60,22,1,-1,-1,-1
117,3,115,235,53,28,1,-1,-1,-1
117,4,351,227,48,22,1,-1,-1,-1
117,5,426,286,52,41,1,-1,-1,-1
117,6,343,207,56,21,1,-1,-1,-1
117,7,186,201,54,22,1,-1,-1,-1
117,8,244,195,47,18,1,-1,-1,-1
117,9,252,186,47,17,1,-1,-1,-1
117,10,391,183,49,19,1,-1,-1,-1
117,11,424,191,46,21,1,-1,-1,-1
117,12,467,197,44,24,1,-1,-1,-1
117,13,537,177,60,24,1,-1,-1,-1
117,14,242,112,19,12,1,-1,-1,-1
117,15,265,112,16,11,1,-1,-1,-1
117,16,284,112,16,12,1,-1,-1,-1
117,17,303,111,16,13,1,-1,-1,-1
117,18,323,111,16,12,1,-1,-1,-1
117,19,342,111,15,13,1,-1,-1,-1
117,20,360,111,14,12,1,-1,-1,-1
117,21,283,126,19,16,1,-1,-1,-1
117,22,305,127,19,14,1,-1,-1,-1
117,23,325,125,17,14,1,-1,-1,-1
117,24,348,126,17,13,1,-1,-1,-1
117,25,409,111,13,11,1,-1,-1,-1
117,26,465,126,15,13,1,-1,-1,-1
117,27,507,126,16,14,1,-1,-1,-1
117,28,551,135,26,19,1,-1,-1,-1
117,29,503,109,13,12,1,-1,-1,-1
117,32,593,106,14,16,1,-1,-1,-1
117,33,610,104,28,21,1,-1,-1,-1
117,34,430,110,10,11,1,-1,-1,-1
117,35,485,109,16,13,1,-1,-1,-1
117,36,742,185,57,24,1,-1,-1,-1
117,37,518,104,64,27,1,-1,-1,-1
117,38,678,181,46,18,1,-1,-1,-1
117,39,823,196,54,20,1,-1,-1,-1
117,40,667,197,51,21,1,-1,-1,-1
117,41,641,207,52,21,1,-1,-1,-1
117,42,775,207,43,20,1,-1,-1,-1
117,43,924,187,51,19,1,-1,-1,-1
117,44,871,179,48,19,1,-1,-1,-1
117,45,836,188,54,19,1,-1,-1,-1
117,46,944,198,44,16,1,-1,-1,-1
117,57,77,228,60,22,1,-1,-1,-1
118,0,0,242,64,23,1,-1,-1,-1
118,1,113,259,70,25,1,-1,-1,-1
118,2,234,241,60,22,1,-1,-1,-1
118,3,114,235,54,28,1,-1,-1,-1
118,4,353,227,48,22,1,-1,-1,-1
118,5,424,287,52,41,1,-1,-1,-1
118,6,338,207,56,21,1,-1,-1,-1
118,7,180,201,54,22,1,-1,-1,-1
118,8,240,196,47,18,1,-1,-1,-1
118,9,248,187,47,17,1,-1,-1,-1
118,10,389,184,49,19,1,-1,-1,-1
118,11,421,192,46,21,1,-1,-1,-1
118,12,464,197,44,24,1,-1,-1,-1
118,13,535,178,60,24,1,-1,-1,-1
118,14,242,113,19,12,1,-1,-1,-1
118,15,265,112,16,11,1,-1,-1,-1
118,16,284,112,16,12,1,-1,-1,-1
118,17,302,112,16,13,1,-1,-1,-1
118,18,322,112,16,12,1,-1,-1,-1
118,19,341,112,15,13,1,-1,-1,-1
118,20,360,112,14,12,1,-1,-1,-1
118,21,283,126,19,16,1,-1,-1,-1
118,22,304,127,19,14,1,-1,-1,-1
118,23,325,125,17,14,1,-1,-1,-1
118,24,348,126,17,13,1,-1,-1,-1
118,25,409,112,14,11,1,-1,-1,-1
118,26,465,127,15,13,1,-1,-1,-1
118,27,507,127,16,14,1,-1,-1,-1
118,28,551,136,26,19,1,-1,-1,-1
118,29,503,109,13,12,1,-1,-1,-1
118,32,593,107,14,16,1,-1,-1,-1
118,33,610,105,28,21,1,-1,-1,-1
118,34,430,111,10,11,1,-1,-1,-1
118,35,485,110,16,13,1,-1,-1,-1
118,36,741,186,57,24,1,-1,-1,-1
118,37,519,104,64,27,1,-1,-1,-1
118,38,676,182,46,18,1,-1,-1,-1
118,39,822,197,54,20,1,-1,-1,-1
118,40,665,197,51,21,1,-1,-1,-1
118,41,638,208,52,21,1,-1,-1,-1
118,42,774,208,43,20,1,-1,-1,-1
118,43,924,188,51,19,1,-1,-1,-1
118,44,870,179,48,19,1,-1,-1,-1
118,45,835,189,55,19,1,-1,-1,-1
118,46,943,199,44,16,1,-1,-1,-1
118,57,78,228,61,22,1,-1,-1,-1
119,0,0,243,63,23,1,-1,-1,-1
119,1,112,260,70,25,1,-1,-1,-1
119,2,234,242,60,23,1,-1,-1,-1
119,3,113,236,54,28,1,-1,-1,-1
119,4,355,228,49,22,1,-1,-1,-1
119,5,422,291,52,42,1,-1,-1,-1
119,6,333,208,56,21,1,-1,-1,-1
119,7,175,202,55,22,1,-1,-1,-1
119,8,236,197,47,18,1,-1,-1,-1
119,9,245,188,47,17,1,-1,-1,-1
119,10,385,185,49,19,1,-1,-1,-1
119,11,417,192,47,22,1,-1,-1,-1
119,12,461,198,44,24,1,-1,-1,-1
119,13,533,178,60,24,1,-1,-1,-1
119,14,241,113,19,12,1,-1,-1,-1
119,15,265,113,16,11,1,-1,-1,-1
119,16,283,113,16,12,1,-1,-1,-1
119,17,302,112,16,13,1,-1,-1,-1
119,18,322,112,16,12,1,-1,-1,-1
119,19,341,112,15,13,1,-1,-1,-1
119,20,360,112,14,12,1,-1,-1,-1
119,21,283,127,19,17,1,-1,-1,-1
119,22,304,128,19,14,1,-1,-1,-1
119,23,325,126,17,14,1,-1,-1,-1
119,24,347,127,17,13,1,-1,-1,-1
119,25,409,112,14,11,1,-1,-1,-1
119,26,465,127,15,13,1,-1,-1,-1
119,27,507,127,16,14,1,-1,-1,-1
119,28,551,136,26,19,1,-1,-1,-1
119,29,502,110,13,12,1,-1,-1,-1
119,32,593,107,14,16,1,-1,-1,-1
119,33,610,105,28,21,1,-1,-1,-1
119,34,429,111,10,11,1,-1,-1,-1
119,35,485,110,16,13,1,-1,-1,-1
119,36,740,186,57,24,1,-1,-1,-1
119,37,520,105,64,27,1,-1,-1,-1
119,38,674,183,46,18,1,-1,-1,-1
119,39,821,197,53,20,1,-1,-1,-1
119,40,663,198,51,21,1,-1,-1,-1
119,41,636,208,52,21,1,-1,-1,-1
119,42,772,208,43,20,1,-1,-1,-1
119,43,923,188,51,19,1,-1,-1,-1
119,44,868,180,48,20,1,-1,-1,-1
119,45,834,189,55,19,1,-1,-1,-1
119,46,943,199,44,16,1,-1,-1,-1
119,57,80,229,61,22,1,-1,-1,-1
120,0,0,244,62,23,1,-1,-1,-1
120,1,111,261,70,25,1,-1,-1,-1
120,2,235,243,60,23,1,-1,-1,-1
120,3,113,237,54,28,1,-1,-1,-1
120,4,358,229,49,22,1,-1,-1,-1
120,5,420,293,53,42,1,-1,-1,-1
120,6,328,210,56,21,1,-1,-1,-1
120,7,170,203,55,22,1,-1,-1,-1
120,8,232,198,47,18,1,-1,-1,-1
120,9,241,188,48,17,1,-1,-1,-1
120,10,382,185,49,20,1,-1,-1,-1
120,11,414,193,47,22,1,-1,-1,-1
120,12,458,199,44,24,1,-1,-1,-1
120,13,531,179,60,25,1,-1,-1,-1
120,14,241,113,19,12,1,-1,-1,-1
120,15,264,114,16,11,1,-1,-1,-1
120,16,283,113,16,12,1,-1,-1,-1
120,17,302,113,16,13,1,-1,-1,-1
120,18,322,112,16,12,1,-1,-1,-1
120,19,341,113,15,13,1,-1,-1,-1
120,20,359,112,14,12,1,-1,-1,-1
120,21,282,127,19,17,1,-1,-1,-1
120,22,304,128,19,14,1,-1,-1,-1
120,23,324,126,17,14,1,-1,-1,-1
120,24,347,127,17,13,1,-1,-1,-1
120,25,409,113,14,11,1,-1,-1,-1
120,26,465,128,15,13,1,-1,-1,-1
120,27,507,127,16,14,1,-1,-1,-1
120,28,551,137,26,19,1,-1,-1,-1
120,29,502,111,13,12,1,-1,-1,-1
120,32,593,107,14,16,1,-1,-1,-1
120,33,610,106,28,22,1,-1,-1,-1
120,34,429,111,10,11,1,-1,-1,-1
120,35,485,111,16,13,1,-1,-1,-1
120,36,739,187,57,24,1,-1,-1,-1
120,37,520,105,65,27,1,-1,-1,-1
120,38,671,184,46,18,1,-1,-1,-1
120,39,821,198,53,20,1,-1,-1,-1
120,40,661,198,51,21,1,-1,-1,-1
120,41,634,209,52,21,1,-1,-1,-1
120,42,770,209,43,20,1,-1,-1,-1
120,43,923,189,51,19,1,-1,-1,-1
120,44,867,181,48,20,1,-1,-1,-1
120,45,833,190,56,20,1,-1,-1,-1
120,46,942,200,44,16,1,-1,-1,-1
120,57,81,230,61,22,1,-1,-1,-1
121,0,0,245,60,23,1,-1,-1,-1
121,1,111,262,71,25,1,-1,-1,-1
121,2,235,244,60,23,1,-1,-1,-1
121,3,112,238,54,28,1,-1,-1,-1
121,4,360,230,49,22,1,-1,-1,-1
121,5,419,295,53,43,1,-1,-1,-1
121,6,322,210,56,21,1,-1,-1,-1
121,7,164,204,56,23,1,-1,-1,-1
121,8,228,199,48,18,1,-1,-1,-1
121,9,237,189,48,17,1,-1,-1,-1
121,10,379,186,49,20,1,-1,-1,-1
121,11,411,194,47,22,1,-1,-1,-1
121,12,455,200,44,24,1,-1,-1,-1
121,13,529,179,60,25,1,-1,-1,-1
121,14,240,114,19,12,1,-1,-1,-1
121,15,264,114,16,11,1,-1,-1,-1
121,16,283,114,16,12,1,-1,-1,-1
121,17,301,113,16,13,1,-1,-1,-1
121,18,321,113,16,12,1,-1,-1,-1
121,19,341,113,15,13,1,-1,-1,-1
121,20,359,113,14,12,1,-1,-1,-1
121,21,282,128,19,17,1,-1,-1,-1
121,22,303,129,19,14,1,-1,-1,-1
121,23,324,127,17,14,1,-1,-1,-1
121,24,347,128,17,13,1,-1,-1,-1
121,25,409,113,14,11,1,-1,-1,-1
121,26,465,128,15,13,1,-1,-1,-1
121,27,507,128,16,15,1,-1,-1,-1
121,28,551,137,26,19,1,-1,-1,-1
121,29,502,112,14,12,1,-1,-1,-1
121,32,593,108,14,16,1,-1,-1,-1
121,33,610,106,28,22,1,-1,-1,-1
121,34,429,112,10,11,1,-1,-1,-1
121,35,485,111,16,13,1,-1,-1,-1
121,36,738,187,57,24,1,-1,-1,-1
121,37,521,106,65,27,1,-1,-1,-1
121,38,669,184,46,18,1,-1,-1,-1
121,39,820,199,53,20,1,-1,-1,-1
121,40,659,199,51,21,1,-1,-1,-1
121,41,631,210,52,22,1,-1,-1,-1
121,42,768,210,43,20,1,-1,-1,-1
121,43,923,189,52,19,1,-1,-1,-1
121,44,865,181,49,20,1,-1,-1,-1
121,45,833,191,56,20,1,-1,-1,-1
121,46,942,201,45,16,1,-1,-1,-1
121,57,82,231,62,22,1,-1,-1,-1
122,0,0,246,59,23,1,-1,-1,-1
122,1,110,263,71,25,1,-1,-1,-1
122,2,236,245,60,23,1,-1,-1,-1
122,3,111,239,55,28,1,-1,-1,-1
122,4,363,231,49,22,1,-1,-1,-1
122,5,417,298,53,43,1,-1,-1,-1
122,6,318,211,56,21,1,-1,-1,-1
122,7,159,205,56,23,1,-1,-1,-1
122,8,224,199,48,18,1,-1,-1,-1
122,9,233,189,48,17,1,-1,-1,-1
122,10,376,187,49,20,1,-1,-1,-1
122,11,408,194,47,22,1,-1,-1,-1
122,12,453,200,44,24,1,-1,-1,-1
122,13,527,180,61,25,1,-1,-1,-1
122,14,240,115,19,12,1,-1,-1,-1
122,15,264,114,16,11,1,-1,-1,-1
122,16,282,114,16,12,1,-1,-1,-1
122,17,301,114,15,13,1,-1,-1,-1
122,18,321,113,16,12,1,-1,-1,-1
122,19,340,113,15,13,1,-1,-1,-1
122,20,359,113,14,12,1,-1,-1,-1
122,21,282,128,19,17,1,-1,-1,-1
122,22,303,129,19,14,1,-1,-1,-1
122,23,324,127,17,14,1,-1,-1,-1
122,24,347,128,17,13,1,-1,-1,-1
122,25,408,113,14,11,1,-1,-1,-1
122,26,465,129,15,13,1,-1,-1,-1
122,27,507,128,16,15,1,-1,-1,-1
122,28,551,138,26,19,1,-1,-1,-1
122,29,502,112,14,12,1,-1,-1,-1
122,32,593,108,14,16,1,-1,-1,-1
122,33,610,107,29,22,1,-1,-1,-1
122,34,429,112,11,11,1,-1,-1,-1
122,35,485,111,16,12,1,-1,-1,-1
122,36,737,188,57,24,1,-1,-1,-1
122,37,522,106,65,27,1,-1,-1,-1
122,38,667,185,46,18,1,-1,-1,-1
122,39,818,199,53,20,1,-1,-1,-1
122,40,657,200,51,21,1,-1,-1,-1
122,41,629,210,52,22,1,-1,-1,-1
122,42,766,211,43,20,1,-1,-1,-1
122,43,922,190,52,19,1,-1,-1,-1
122,44,864,182,49,20,1,-1,-1,-1
122,45,833,191,56,20,1,-1,-1,-1
122,46,941,202,45,16,1,-1,-1,-1
122,57,84,232,62,22,1,-1,-1,-1
123,0,0,248,58,24,1,-1,-1,-1
123,1,109,264,71,25,1,-1,-1,-1
123,2,236,246,61,23,1,-1,-1,-1
123,3,110,240,55,28,1,-1,-1,-1
123,4,365,232,49,22,1,-1,-1,-1
123,5,415,301,53,44,1,-1,-1,-1
123,6,312,213,57,21,1,-1,-1,-1
123,7,154,206,56,23,1,-1,-1,-1
123,8,221,200,48,18,1,-1,-1,-1
123,9,229,190,48,17,1,-1,-1,-1
123,10,373,188,50,20,1,-1,-1,-1
123,11,405,195,47,22,1,-1,-1,-1
123,12,450,201,44,24,1,-1,-1,-1
123,13,525,181,61,25,1,-1,-1,-1
123,14,240,115,19,12,1,-1,-1,-1
123,15,263,115,16,11,1,-1,-1,-1
123,16,282,115,16,13,1,-1,-1,-1
123,17,301,114,15,13,1,-1,-1,-1
123,18,321,114,16,12,1,-1,-1,-1
123,19,340,114,15,13,1,-1,-1,-1
123,20,359,114,14,12,1,-1,-1,-1
123,21,281,129,19,17,1,-1,-1,-1
123,22,303,129,19,14,1,-1,-1,-1
123,23,323,128,17,14,1,-1,-1,-1
123,24,346,129,17,13,1,-1,-1,-1
123,25,408,114,14,12,1,-1,-1,-1
123,26,465,129,15,13,1,-1,-1,-1
123,27,507,129,16,15,1,-1,-1,-1
123,28,551,138,26,19,1,-1,-1,-1
123,29,502,113,14,12,1,-1,-1,-1
123,32,594,109,14,16,1,-1,-1,-1
123,33,610,107,29,22,1,-1,-1,-1
123,34,429,112,11,11,1,-1,-1,-1
123,35,485,112,16,12,1,-1,-1,-1
123,36,736,189,57,24,1,-1,-1,-1
123,37,523,107,65,27,1,-1,-1,-1
123,38,665,186,46,18,1,-1,-1,-1
123,39,817,200,53,20,1,-1,-1,-1
123,40,655,200,51,21,1,-1,-1,-1
123,41,627,211,52,22,1,-1,-1,-1
123,42,765,213,43,20,1,-1,-1,-1
123,43,921,190,52,19,1,-1,-1,-1
123,44,863,182,49,20,1,-1,-1,-1
123,45,833,192,55,20,1,-1,-1,-1
123,46,941,203,45,16,1,-1,-1,-1
123,57,85,233,62,22,1,-1,-1,-1
124,0,0,249,57,24,1,-1,-1,-1
124,1,108,265,71,25,1,-1,-1,-1
124,2,237,247,61,23,1,-1,-1,-1
124,3,109,241,55,28,1,-1,-1,-1
124,4,367,233,49,23,1,-1,-1,-1
124,5,413,305,53,44,1,-1,-1,-1
124,6,307,214,57,22,1,-1,-1,-1
124,7,148,206,57,23,1,-1,-1,-1
124,8,217,201,48,18,1,-1,-1,-1
124,9,225,191,48,17,1,-1,-1,-1
124,10,370,188,50,20,1,-1,-1,-1
124,11,402,196,47,22,1,-1,-1,-1
124,12,447,202,44,24,1,-1,-1,-1
124,13,522,181,61,25,1,-1,-1,-1
124,14,239,116,19,12,1,-1,-1,-1
124,15,263,115,16,11,1,-1,-1,-1
124,16,282,115,16,13,1,-1,-1,-1
124,17,301,115,15,13,1,-1,-1,-1
124,18,321,114,16,12,1,-1,-1,-1
124,19,340,114,15,13,1,-1,-1,-1
124,20,359,114,14,12,1,-1,-1,-1
124,21,281,129,19,17,1,-1,-1,-1
124,22,302,130,19,14,1,-1,-1,-1
124,23,323,128,17,14,1,-1,-1,-1
124,24,346,129,17,13,1,-1,-1,-1
124,25,408,114,14,12,1,-1,-1,-1
124,26,465,130,15,13,1,-1,-1,-1
124,27,507,129,16,15,1,-1,-1,-1
124,28,551,139,26,19,1,-1,-1,-1
124,29,502,114,14,11,1,-1,-1,-1
124,32,594,109,14,16,1,-1,-1,-1
124,33,610,107,29,22,1,-1,-1,-1
124,34,429,113,11,11,1,-1,-1,-1
124,35,485,112,16,12,1,-1,-1,-1
124,36,735,189,57,25,1,-1,-1,-1
124,37,523,107,65,27,1,-1,-1,-1
124,38,663,187,46,18,1,-1,-1,-1
124,39,815,201,53,20,1,-1,-1,-1
124,40,653,201,51,21,1,-1,-1,-1
124,41,624,212,53,22,1,-1,-1,-1
124,42,762,212,43,20,1,-1,-1,-1
124,43,921,191,52,19,1,-1,-1,-1
124,44,861,183,49,20,1,-1,-1,-1
124,45,833,193,54,20,1,-1,-1,-1
124,46,940,204,45,15,1,-1,-1,-1
124,57,87,234,62,22,1,-1,-1,-1
125,0,0,250,55,24,1,-1,-1,-1
125,1,107,266,71,25,1,-1,-1,-1
125,2,238,248,61,23,1,-1,-1,-1
125,3,108,242,55,28,1,-1,-1,-1
125,4,370,233,49,23,1,-1,-1,-1
125,5,411,307,53,45,1,-1,-1,-1
125,6,302,215,57,22,1,-1,-1,-1
125,7,143,207,57,23,1,-1,-1,-1
125,8,213,202,48,18,1,-1,-1,-1
125,9,221,192,49,17,1,-1,-1,-1
125,10,367,189,50,20,1,-1,-1,-1
125,11,399,197,47,22,1,-1,-1,-1
125,12,444,203,44,24,1,-1,-1,-1
125,13,520,182,61,25,1,-1,-1,-1
125,14,239,116,19,12,1,-1,-1,-1
125,15,263,115,16,11,1,-1,-1,-1
125,16,281,115,16,13,1,-1,-1,-1
125,17,300,115,15,13,1,-1,-1,-1
125,18,320,114,16,12,1,-1,-1,-1
125,19,339,115,16,13,1,-1,-1,-1
125,20,358,115,14,12,1,-1,-1,-1
125,21,280,130,19,17,1,-1,-1,-1
125,22,302,131,19,13,1,-1,-1,-1
125,23,323,129,18,14,1,-1,-1,-1
125,24,346,130,17,13,1,-1,-1,-1
125,25,408,114,14,12,1,-1,-1,-1
125,26,465,130,15,13,1,-1,-1,-1
125,27,507,130,16,15,1,-1,-1,-1
125,28,551,139,26,19,1,-1,-1,-1
125,29,502,114,14,11,1,-1,-1,-1
125,32,594,110,14,16,1,-1,-1,-1
125,33,610,108,29,22,1,-1,-1,-1
125,34,429,113,11,11,1,-1,-1,-1
125,35,485,113,16,12,1,-1,-1,-1
125,36,734,190,57,25,1,-1,-1,-1
125,37,524,108,65,27,1,-1,-1,-1
125,38,661,187,46,18,1,-1,-1,-1
125,39,814,201,53,20,1,-1,-1,-1
125,40,651,201,52,21,1,-1,-1,-1
125,41,621,212,53,22,1,-1,-1,-1
125,42,761,214,43,20,1,-1,-1,-1
125,43,920,192,52,19,1,-1,-1,-1
125,44,860,184,49,20,1,-1,-1,-1
125,45,833,194,53,19,1,-1,-1,-1
125,46,939,204,45,15,1,-1,-1,-1
125,57,88,235,63,22,1,-1,-1,-1
126,0,0,251,54,24,1,-1,-1,-1
126,1,106,267,72,25,1,-1,-1,-1
126,2,238,249,61,23,1,-1,-1,-1
126,3,108,243,56,28,1,-1,-1,-1
126,4,372,234,49,23,1,-1,-1,-1
126,5,409,310,53,45,1,-1,-1,-1
126,6,296,216,57,22,1,-1,-1,-1
126,7,138,208,57,23,1,-1,-1,-1
126,8,209,203,49,18,1,-1,-1,-1
126,9,217,193,49,17,1,-1,-1,-1
126,10,364,190,50,20,1,-1,-1,-1
126,11,395,197,47,22,1,-1,-1,-1
126,12,441,203,44,24,1,-1,-1,-1
126,13,518,183,61,25,1,-1,-1,-1
126,14,238,117,19,12,1,-1,-1,-1
126,15,263,116,16,11,1,-1,-1,-1
126,16,281,116,16,13,1,-1,-1,-1
126,17,300,116,15,13,1,-1,-1,-1
126,18,320,115,16,12,1,-1,-1,-1
126,19,339,115,16,13,1,-1,-1,-1
126,20,358,115,14,13,1,-1,-1,-1
126,21,280,130,19,17,1,-1,-1,-1
126,22,301,131,19,13,1,-1,-1,-1
126,23,322,129,18,14,1,-1,-1,-1
126,24,346,130,17,13,1,-1,-1,-1
126,25,408,115,14,12,1,-1,-1,-1
126,26,465,131,15,13,1,-1,-1,-1
126,27,507,130,16,15,1,-1,-1,-1
126,28,551,140,26,19,1,-1,-1,-1
126,29,502,114,14,12,1,-1,-1,-1
126,32,594,110,14,16,1,-1,-1,-1
126,33,610,108,29,22,1,-1,-1,-1
126,34,428,114,11,11,1,-1,-1,-1
126,35,485,113,16,12,1,-1,-1,-1
126,36,733,191,57,25,1,-1,-1,-1
126,37,525,108,65,27,1,-1,-1,-1
126,38,659,188,46,18,1,-1,-1,-1
126,39,812,202,53,20,1,-1,-1,-1
126,40,649,202,52,21,1,-1,-1,-1
126,41,618,213,53,22,1,-1,-1,-1
126,42,758,213,43,20,1,-1,-1,-1
126,43,919,192,52,19,1,-1,-1,-1
126,44,858,184,49,20,1,-1,-1,-1
126,45,833,195,52,19,1,-1,-1,-1
126,46,938,205,45,15,1,-1,-1,-1
126,57,90,236,63,22,1,-1,-1,-1
127,0,0,252,53,24,1,-1,-1,-1
127,1,105,268,72,25,1,-1,-1,-1
127,2,239,250,61,23,1,-1,-1,-1
127,3,107,244,56,28,1,-1,-1,-1
127,4,374,235,49,23,1,-1,-1,-1
127,5,407,312,53,46,1,-1,-1,-1
127,6,291,217,57,22,1,-1,-1,-1
127,7,132,209,58,23,1,-1,-1,-1
127,8,205,203,49,18,1,-1,-1,-1
127,9,213,193,49,17,1,-1,-1,-1
127,10,361,191,50,20,1,-1,-1,-1
127,11,392,198,47,22,1,-1,-1,-1
127,12,438,204,44,25,1,-1,-1,-1
127,13,515,183,61,25,1,-1,-1,-1
127,14,238,118,19,12,1,-1,-1,-1
127,15,262,116,16,11,1,-1,-1,-1
127,16,281,116,16,13,1,-1,-1,-1
127,17,300,116,15,13,1,-1,-1,-1
127,18,320,115,16,13,1,-1,-1,-1
127,19,339,116,16,13,1,-1,-1,-1
127,20,358,116,14,13,1,-1,-1,-1
127,21,280,131,19,17,1,-1,-1,-1
127,22,301,131,20,13,1,-1,-1,-1
127,23,322,130,18,14,1,-1,-1,-1
127,24,345,130,17,13,1,-1,-1,-1
127,25,408,115,15,12,1,-1,-1,-1
127,26,465,131,15,13,1,-1,-1,-1
127,27,507,131,16,15,1,-1,-1,-1
127,28,551,140,26,19,1,-1,-1,-1
127,29,502,114,14,12,1,-1,-1,-1
127,32,594,110,14,16,1,-1,-1,-1
127,33,610,109,29,22,1,-1,-1,-1
127,34,428,114,11,11,1,-1,-1,-1
127,35,485,114,16,12,1,-1,-1,-1
127,36,732,191,57,25,1,-1,-1,-1
127,37,526,108,65,27,1,-1,-1,-1
127,38,657,189,46,18,1,-1,-1,-1
127,39,811,202,53,20,1,-1,-1,-1
127,40,647,203,52,21,1,-1,-1,-1
127,41,615,213,53,22,1,-1,-1,-1
127,42,757,215,43,20,1,-1,-1,-1
127,43,919,193,52,19,1,-1,-1,-1
127,44,857,185,49,20,1,-1,-1,-1
127,45,834,196,52,19,1,-1,-1,-1
127,46,937,205,46,16,1,-1,-1,-1
127,47,889,213,53,20,1,-1,-1,-1
127,57,91,237,63,22,1,-1,-1,-1
128,0,0,253,52,24,1,-1,-1,-1
128,1,105,269,72,26,1,-1,-1,-1
128,2,240,250,61,23,1,-1,-1,-1
128,3,106,244,56,28,1,-1,-1,-1
128,4,377,236,49,23,1,-1,-1,-1
128,5,406,314,53,46,1,-1,-1,-1
128,6,285,218,58,22,1,-1,-1,-1
128,7,126,209,58,23,1,-1,-1,-1
128,8,201,204,49,18,1,-1,-1,-1
128,9,209,194,49,17,1,-1,-1,-1
128,10,358,191,50,20,1,-1,-1,-1
128,11,389,198,47,22,1,-1,-1,-1
128,12,435,204,44,25,1,-1,-1,-1
128,13,513,184,61,24,1,-1,-1,-1
128,14,238,118,19,12,1,-1,-1,-1
128,15,262,117,16,11,1,-1,-1,-1
128,16,280,117,17,13,1,-1,-1,-1
128,17,300,116,15,13,1,-1,-1,-1
128,18,320,115,16,12,1,-1,-1,-1
128,19,339,116,16,13,1,-1,-1,-1
128,20,358,116,14,13,1,-1,-1,-1
128,21,279,131,19,17,1,-1,-1,-1
128,22,301,132,20,14,1,-1,-1,-1
128,23,322,130,18,14,1,-1,-1,-1
128,24,345,131,17,13,1,-1,-1,-1
128,25,407,115,15,12,1,-1,-1,-1
128,26,465,131,15,13,1,-1,-1,-1
128,27,507,131,16,15,1,-1,-1,-1
128,28,551,140,27,19,1,-1,-1,-1
128,29,502,115,14,12,1,-1,-1,-1
128,32,594,111,14,16,1,-1,-1,-1
128,33,610,109,29,22,1,-1,-1,-1
128,34,428,114,11,11,1,-1,-1,-1
128,35,485,114,16,12,1,-1,-1,-1
128,36,731,192,57,25,1,-1,-1,-1
128,37,526,109,65,27,1,-1,-1,-1
128,38,655,190,46,18,1,-1,-1,-1
128,39,809,203,53,20,1,-1,-1,-1
128,40,645,203,52,21,1,-1,-1,-1
128,41,613,214,53,22,1,-1,-1,-1
128,42,753,214,43,20,1,-1,-1,-1
128,43,918,193,52,19,1,-1,-1,-1
128,44,856,186,50,20,1,-1,-1,-1
128,45,833,196,52,19,1,-1,-1,-1
128,46,936,206,46,16,1,-1,-1,-1
128,47,887,213,53,20,1,-1,-1,-1
128,57,94,237,63,22,1,-1,-1,-1
129,0,0,253,51,24,1,-1,-1,-1
129,1,105,269,72,26,1,-1,-1,-1
129,2,241,251,61,23,1,-1,-1,-1
129,3,106,245,56,28,1,-1,-1,-1
129,4,379,237,49,23,1,-1,-1,-1
129,5,404,316,53,47,1,-1,-1,-1
129,6,279,218,58,22,1,-1,-1,-1
129,7,121,210,58,23,1,-1,-1,-1
129,8,197,205,49,18,1,-1,-1,-1
129,9,205,195,49,17,1,-1,-1,-1
129,10,355,191,50,20,1,-1,-1,-1
129,11,385,199,47,22,1,-1,-1,-1
129,12,432,205,44,25,1,-1,-1,-1
129,13,511,185,61,24,1,-1,-1,-1
129,14,237,119,20,12,1,-1,-1,-1
129,15,262,117,16,11,1,-1,-1,-1
129,16,280,117,17,13,1,-1,-1,-1
129,17,299,116,16,13,1,-1,-1,-1
129,18,320,116,16,12,1,-1,-1,-1
129,19,338,116,16,12,1,-1,-1,-1
129,20,358,116,14,13,1,-1,-1,-1
129,21,279,131,19,17,1,-1,-1,-1
129,22,301,132,20,14,1,-1,-1,-1
129,23,322,130,18,14,1,-1,-1,-1
129,24,345,131,17,13,1,-1,-1,-1
129,25,407,116,15,12,1,-1,-1,-1
129,26,465,131,15,13,1,-1,-1,-1
129,27,507,131,16,15,1,-1,-1,-1
129,28,551,141,27,19,1,-1,-1,-1
129,29,502,115,14,12,1,-1,-1,-1
129,32,594,111,15,16,1,-1,-1,-1
129,33,610,109,29,22,1,-1,-1,-1
129,34,428,115,11,11,1,-1,-1,-1
129,35,485,115,16,12,1,-1,-1,-1
129,36,729,192,58,25,1,-1,-1,-1
129,37,527,109,65,27,1,-1,-1,-1
129,38,652,190,46,18,1,-1,-1,-1
129,39,808,204,54,20,1,-1,-1,-1
129,40,642,204,52,21,1,-1,-1,-1
129,41,610,214,53,22,1,-1,-1,-1
129,42,753,216,43,20,1,-1,-1,-1
129,43,917,194,52,19,1,-1,-1,-1
129,44,854,186,50,20,1,-1,-1,-1
129,45,832,197,52,19,1,-1,-1,-1
129,46,935,206,47,16,1,-1,-1,-1
129,47,885,213,53,20,1,-1,-1,-1
129,57,96,237,64,22,1,-1,-1,-1
130,0,0,254,50,25,1,-1,-1,-1
130,1,105,270,72,26,1,-1,-1,-1
130,2,242,251,61,23,1,-1,-1,-1
130,3,106,245,56,28,1,-1,-1,-1
130,4,381,238,49,23,1,-1,-1,-1
130,5,402,318,53,47,1,-1,-1,-1
130,6,274,219,58,22,1,-1,-1,-1
130,7,115,210,58,23,1,-1,-1,-1
130,8,193,206,49,18,1,-1,-1,-1
130,9,201,196,50,17,1,-1,-1,-1
130,10,351,191,51,20,1,-1,-1,-1
130,11,381,199,47,22,1,-1,-1,-1
130,12,428,205,44,25,1,-1,-1,-1
130,13,508,185,61,24,1,-1,-1,-1
130,14,237,119,20,12,1,-1,-1,-1
130,15,261,117,17,11,1,-1,-1,-1
130,16,280,118,17,13,1,-1,-1,-1
130,17,299,117,16,13,1,-1,-1,-1
130,18,319,116,16,12,1,-1,-1,-1
130,19,338,116,16,12,1,-1,-1,-1
130,20,357,116,14,13,1,-1,-1,-1
130,21,279,131,19,17,1,-1,-1,-1
130,22,300,132,20,14,1,-1,-1,-1
130,23,321,130,18,14,1,-1,-1,-1
130,24,345,131,17,13,1,-1,-1,-1
130,25,407,116,15,12,1,-1,-1,-1
130,26,464,132,15,13,1,-1,-1,-1
130,27,507,131,16,15,1,-1,-1,-1
130,28,551,141,27,19,1,-1,-1,-1
130,29,502,115,13,12,1,-1,-1,-1
130,32,594,112,15,16,1,-1,-1,-1
130,33,610,109,29,22,1,-1,-1,-1
130,34,428,115,11,11,1,-1,-1,-1
130,35,485,115,16,12,1,-1,-1,-1
130,36,728,192,58,25,1,-1,-1,-1
130,37,527,109,65,27,1,-1,-1,-1
130,38,650,191,46,18,1,-1,-1,-1
130,39,806,204,54,20,1,-1,-1,-1
130,40,640,205,52,21,1,-1,-1,-1
130,41,607,215,53,22,1,-1,-1,-1
130,42,749,215,44,20,1,-1,-1,-1
130,43,917,194,52,19,1,-1,-1,-1
130,44,854,187,50,20,1,-1,-1,-1
130,45,831,197,52,19,1,-1,-1,-1
130,46,933,207,47,16,1,-1,-1,-1
130,47,883,214,53,20,1,-1,-1,-1
130,57,98,238,64,22,1,-1,-1,-1
131,0,0,255,49,25,1,-1,-1,-1
131,1,104,270,72,26,1,-1,-1,-1
131,2,244,252,61,23,1,-1,-1,-1
131,3,106,246,56,28,1,-1,-1,-1
131,4,384,239,49,23,1,-1,-1,-1
131,5,400,320,54,48,1,-1,-1,-1
131,6,268,219,58,22,1,-1,-1,-1
131,7,110,210,58,23,1,-1,-1,-1
131,8,189,207,49,18,1,-1,-1,-1
131,9,197,196,50,17,1,-1,-1,-1
131,10,348,192,51,20,1,-1,-1,-1
131,11,378,199,47,22,1,-1,-1,-1
131,12,425,205,44,25,1,-1,-1,-1
131,13,506,186,61,24,1,-1,-1,-1
131,14,238,118,20,12,1,-1,-1,-1
131,15,261,118,17,11,1,-1,-1,-1
131,16,279,118,17,13,1,-1,-1,-1
131,17,299,117,16,13,1,-1,-1,-1
131,18,319,116,16,12,1,-1,-1,-1
131,19,338,116,16,12,1,-1,-1,-1
131,20,357,116,14,13,1,-1,-1,-1
131,21,278,132,19,17,1,-1,-1,-1
131,22,300,132,20,14,1,-1,-1,-1
131,23,321,131,18,14,1,-1,-1,-1
131,24,345,131,17,13,1,-1,-1,-1
131,25,407,116,15,12,1,-1,-1,-1
131,26,464,132,15,14,1,-1,-1,-1
131,27,507,132,16,15,1,-1,-1,-1
131,28,551,141,27,19,1,-1,-1,-1
131,29,502,115,13,12,1,-1,-1,-1
131,30,521,117,8,11,1,-1,-1,-1
131,32,594,112,15,16,1,-1,-1,-1
131,33,610,109,29,22,1,-1,-1,-1
131,34,428,115,11,11,1,-1,-1,-1
131,35,485,116,16,12,1,-1,-1,-1
131,36,728,193,58,25,1,-1,-1,-1
131,37,528,109,66,28,1,-1,-1,-1
131,38,648,192,46,18,1,-1,-1,-1
131,39,805,205,54,20,1,-1,-1,-1
131,40,638,205,52,21,1,-1,-1,-1
131,41,604,215,54,22,1,-1,-1,-1
131,42,749,217,44,20,1,-1,-1,-1
131,43,916,195,52,19,1,-1,-1,-1
131,44,851,187,50,20,1,-1,-1,-1
131,45,830,198,52,19,1,-1,-1,-1
131,46,932,207,48,16,1,-1,-1,-1
131,47,882,214,53,20,1,-1,-1,-1
131,57,101,238,64,22,1,-1,-1,-1
132,0,0,255,48,25,1,-1,-1,-1
132,1,104,271,72,26,1,-1,-1,-1
132,2,245,252,61,23,1,-1,-1,-1
132,3,105,246,56,28,1,-1,-1,-1
132,4,386,240,49,23,1,-1,-1,-1
132,5,399,323,54,49,1,-1,-1,-1
132,6,263,219,58,22,1,-1,-1,-1
132,7,104,211,58,23,1,-1,-1,-1
132,8,185,208,50,18,1,-1,-1,-1
132,9,193,197,50,17,1,-1,-1,-1
132,10,344,192,51,20,1,-1,-1,-1
132,11,374,200,47,22,1,-1,-1,-1
132,12,422,206,44,25,1,-1,-1,-1
132,13,504,187,61,24,1,-1,-1,-1
132,14,237,118,20,12,1,-1,-1,-1
132,15,261,118,17,11,1,-1,-1,-1
132,16,279,118,17,12,1,-1,-1,-1
132,17,299,117,16,13,1,-1,-1,-1
132,18,319,116,16,12,1,-1,-1,-1
132,19,338,117,16,12,1,-1,-1,-1
132,20,357,116,14,13,1,-1,-1,-1
132,21,278,132,19,17,1,-1,-1,-1
132,22,300,132,20,14,1,-1,-1,-1
132,23,321,131,18,14,1,-1,-1,-1
132,24,344,131,17,13,1,-1,-1,-1
132,25,407,116,15,12,1,-1,-1,-1
132,26,464,132,15,14,1,-1,-1,-1
132,27,506,132,16,15,1,-1,-1,-1
132,28,551,141,27,19,1,-1,-1,-1
132,29,502,115,13,12,1,-1,-1,-1
132,30,521,117,9,11,1,-1,-1,-1
132,32,594,113,15,16,1,-1,-1,-1
132,33,610,109,29,22,1,-1,-1,-1
132,34,428,116,11,11,1,-1,-1,-1
132,35,485,116,16,12,1,-1,-1,-1
132,36,727,193,58,25,1,-1,-1,-1
132,37,528,109,66,28,1,-1,-1,-1
132,38,646,193,46,18,1,-1,-1,-1
132,39,803,205,54,20,1,-1,-1,-1
132,40,636,206,52,21,1,-1,-1,-1
132,41,601,216,54,22,1,-1,-1,-1
132,42,745,217,44,20,1,-1,-1,-1
132,43,915,195,52,19,1,-1,-1,-1
132,44,850,187,50,20,1,-1,-1,-1
132,45,829,198,53,19,1,-1,-1,-1
132,46,931,207,48,17,1,-1,-1,-1
132,47,880,215,53,20,1,-1,-1,-1
132,57,103,238,64,22,1,-1,-1,-1
133,0,0,256,47,25,1,-1,-1,-1
133,1,104,271,72,26,1,-1,-1,-1
133,2,246,252,61,23,1,-1,-1,-1
133,3,105,247,56,28,1,-1,-1,-1
133,4,389,240,49,23,1,-1,-1,-1
133,5,397,325,54,49,1,-1,-1,-1
133,6,257,220,58,22,1,-1,-1,-1
133,7,98,211,58,23,1,-1,-1,-1
133,8,181,208,50,18,1,-1,-1,-1
133,9,189,198,50,17,1,-1,-1,-1
133,10,341,192,51,20,1,-1,-1,-1
133,11,370,200,48,22,1,-1,-1,-1
133,12,418,206,45,25,1,-1,-1,-1
133,13,501,187,61,24,1,-1,-1,-1
133,14,237,119,20,12,1,-1,-1,-1
133,15,260,118,17,11,1,-1,-1,-1
133,16,279,118,17,12,1,-1,-1,-1
133,17,298,117,16,13,1,-1,-1,-1
133,18,319,116,16,12,1,-1,-1,-1
133,19,338,117,16,12,1,-1,-1,-1
133,20,357,116,14,13,1,-1,-1,-1
133,21,278,132,19,17,1,-1,-1,-1
133,22,300,133,20,14,1,-1,-1,-1
133,23,321,131,18,13,1,-1,-1,-1
133,24,344,132,17,13,1,-1,-1,-1
133,25,407,116,15,12,1,-1,-1,-1
133,26,464,132,15,14,1,-1,-1,-1
133,27,506,132,16,15,1,-1,-1,-1
133,28,551,142,27,19,1,-1,-1,-1
133,29,502,115,13,12,1,-1,-1,-1
133,30,521,117,9,11,1,-1,-1,-1
133,32,594,113,15,16,1,-1,-1,-1
133,33,610,109,29,22,1,-1,-1,-1
133,34,427,116,12,11,1,-1,-1,-1
133,35,485,117,16,12,1,-1,-1,-1
133,36,725,194,58,25,1,-1,-1,-1
133,37,529,109,66,28,1,-1,-1,-1
133,38,644,194,46,17,1,-1,-1,-1
133,39,802,206,54,21,1,-1,-1,-1
133,40,634,207,52,21,1,-1,-1,-1
133,41,598,216,54,23,1,-1,-1,-1
133,42,743,217,44,20,1,-1,-1,-1
133,43,915,196,53,19,1,-1,-1,-1
133,44,848,188,50,20,1,-1,-1,-1
133,45,828,199,53,19,1,-1,-1,-1
133,46,930,208,49,17,1,-1,-1,-1
133,47,878,215,54,21,1,-1,-1,-1
133,57,105,239,64,22,1,-1,-1,-1
134,0,0,256,46,25,1,-1,-1,-1
134,1,104,272,72,26,1,-1,-1,-1
134,2,248,253,61,23,1,-1,-1,-1
134,3,105,247,56,28,1,-1,-1,-1
134,4,391,241,49,23,1,-1,-1,-1
134,5,395,327,54,50,1,-1,-1,-1
134,6,252,220,59,21,1,-1,-1,-1
134,7,93,212,58,23,1,-1,-1,-1
134,8,177,208,50,18,1,-1,-1,-1
134,9,185,198,50,17,1,-1,-1,-1
134,10,338,193,52,20,1,-1,-1,-1
134,11,367,200,48,22,1,-1,-1,-1
134,12,415,206,45,25,1,-1,-1,-1
134,13,499,188,61,24,1,-1,-1,-1
134,14,237,119,20,12,1,-1,-1,-1
134,15,260,119,17,12,1,-1,-1,-1
134,16,279,118,17,12,1,-1,-1,-1
134,17,298,117,16,13,1,-1,-1,-1
134,18,318,116,16,12,1,-1,-1,-1
134,19,338,117,16,12,1,-1,-1,-1
134,20,357,117,14,13,1,-1,-1,-1
134,21,278,132,19,17,1,-1,-1,-1
134,22,299,133,20,14,1,-1,-1,-1
134,23,321,131,18,13,1,-1,-1,-1
134,24,344,132,17,13,1,-1,-1,-1
134,25,406,116,15,12,1,-1,-1,-1
134,26,464,132,15,14,1,-1,-1,-1
134,27,506,132,16,15,1,-1,-1,-1
134,28,551,142,27,19,1,-1,-1,-1
134,29,502,116,13,12,1,-1,-1,-1
134,30,521,117,10,11,1,-1,-1,-1
134,32,595,114,15,16,1,-1,-1,-1
134,33,610,109,29,22,1,-1,-1,-1
134,34,427,116,12,11,1,-1,-1,-1
134,35,485,117,16,12,1,-1,-1,-1
134,36,725,194,58,25,1,-1,-1,-1
134,37,529,110,66,28,1,-1,-1,-1
134,38,641,194,46,18,1,-1,-1,-1
134,39,800,207,54,21,1,-1,-1,-1
134,40,632,207,52,21,1,-1,-1,-1
134,41,596,217,54,23,1,-1,-1,-1
134,42,741,218,44,20,1,-1,-1,-1
134,43,914,196,53,19,1,-1,-1,-1
134,44,846,188,50,20,1,-1,-1,-1
134,45,827,199,53,19,1,-1,-1,-1
134,46,928,208,49,17,1,-1,-1,-1
134,47,877,215,54,21,1,-1,-1,-1
134,57,108,239,64,22,1,-1,-1,-1
135,0,0,257,45,25,1,-1,-1,-1
135,1,104,272,72,26,1,-1,-1,-1
135,2,249,253,61,23,1,-1,-1,-1
135,3,105,248,56,28,1,-1,-1,-1
135,4,394,241,49,23,1,-1,-1,-1
135,5,394,329,54,50,1,-1,-1,-1
135,6,246,221,59,21,1,-1,-1,-1
135,7,87,212,58,23,1,-1,-1,-1
135,8,173,209,50,18,1,-1,-1,-1
135,9,181,199,51,17,1,-1,-1,-1
135,10,334,193,52,20,1,-1,-1,-1
135,11,363,201,48,22,1,-1,-1,-1
135,12,412,207,45,25,1,-1,-1,-1
135,13,497,189,62,24,1,-1,-1,-1
135,14,236,120,20,12,1,-1,-1,-1
135,15,260,119,17,12,1,-1,-1,-1
135,16,279,118,17,12,1,-1,-1,-1
135,17,298,117,16,13,1,-1,-1,-1
135,18,318,117,16,12,1,-1,-1,-1
135,19,337,117,16,12,1,-1,-1,-1
135,20,356,117,14,13,1,-1,-1,-1
135,21,277,132,19,17,1,-1,-1,-1
135,22,299,133,20,14,1,-1,-1,-1
135,23,320,131,18,13,1,-1,-1,-1
135,24,344,132,17,13,1,-1,-1,-1
135,25,406,117,15,12,1,-1,-1,-1
135,26,464,132,15,14,1,-1,-1,-1
135,27,506,132,16,15,1,-1,-1,-1
135,28,551,142,27,19,1,-1,-1,-1
135,29,502,116,13,12,1,-1,-1,-1
135,30,521,117,10,11,1,-1,-1,-1
135,32,595,113,15,16,1,-1,-1,-1
135,33,611,110,29,22,1,-1,-1,-1
135,34,427,117,12,11,1,-1,-1,-1
135,35,485,117,16,12,1,-1,-1,-1
135,36,723,195,58,25,1,-1,-1,-1
135,37,530,110,66,28,1,-1,-1,-1
135,38,638,194,46,18,1,-1,-1,-1
135,39,799,207,54,21,1,-1,-1,-1
135,40,630,208,52,21,1,-1,-1,-1
135,41,593,217,54,23,1,-1,-1,-1
135,42,739,218,44,21,1,-1,-1,-1
135,43,913,197,53,19,1,-1,-1,-1
135,44,844,189,50,20,1,-1,-1,-1
135,45,826,200,53,19,1,-1,-1,-1
135,46,927,209,50,17,1,-1,-1,-1
135,47,875,216,54,21,1,-1,-1,-1
135,57,110,239,64,22,1,-1,-1,-1
136,0,0,257,45,25,1,-1,-1,-1
136,1,103,273,73,27,1,-1,-1,-1
136,2,250,254,61,23,1,-1,-1,-1
136,3,105,248,56,28,1,-1,-1,-1
136,4,397,241,49,23,1,-1,-1,-1
136,5,392,331,54,51,1,-1,-1,-1
136,6,241,221,59,21,1,-1,-1,-1
136,7,81,212,58,23,1,-1,-1,-1
136,8,169,209,50,18,1,-1,-1,-1
136,9,176,199,51,17,1,-1,-1,-1
136,10,331,193,52,20,1,-1,-1,-1
136,11,359,201,48,22,1,-1,-1,-1
136,12,408,207,45,25,1,-1,-1,-1
136,13,494,189,62,24,1,-1,-1,-1
136,14,236,120,20,12,1,-1,-1,-1
136,15,260,119,17,12,1,-1,-1,-1
136,16,278,119,17,12,1,-1,-1,-1
136,17,298,117,16,13,1,-1,-1,-1
136,18,318,117,16,12,1,-1,-1,-1
136,19,337,117,16,12,1,-1,-1,-1
136,20,356,117,14,13,1,-1,-1,-1
136,21,277,132,19,17,1,-1,-1,-1
136,22,299,133,20,14,1,-1,-1,-1
136,23,320,132,18,13,1,-1,-1,-1
136,24,344,132,17,13,1,-1,-1,-1
136,25,406,117,15,12,1,-1,-1,-1
136,26,464,133,15,14,1,-1,-1,-1
136,27,506,133,16,15,1,-1,-1,-1
136,28,551,142,27,19,1,-1,-1,-1
136,29,502,116,13,12,1,-1,-1,-1
136,30,521,118,11,11,1,-1,-1,-1
136,32,595,113,15,16,1,-1,-1,-1
136,33,611,110,29,22,1,-1,-1,-1
136,34,427,117,12,11,1,-1,-1,-1
136,35,484,117,16,12,1,-1,-1,-1
136,36,721,195,58,25,1,-1,-1,-1
136,37,530,110,66,28,1,-1,-1,-1
136,38,636,194,46,18,1,-1,-1,-1
136,39,798,208,55,21,1,-1,-1,-1
136,40,628,208,52,21,1,-1,-1,-1
136,41,590,218,54,23,1,-1,-1,-1
136,42,736,219,44,21,1,-1,-1,-1
136,43,913,198,53,19,1,-1,-1,-1
136,44,843,190,50,20,1,-1,-1,-1
136,45,825,200,52,19,1,-1,-1,-1
136,46,926,209,50,17,1,-1,-1,-1
136,47,873,216,54,21,1,-1,-1,-1
136,48,996,187,27,19,1,-1,-1,-1
136,57,112,240,64,22,1,-1,-1,-1
137,0,0,257,44,25,1,-1,-1,-1
137,1,103,273,73,27,1,-1,-1,-1
137,2,251,254,61,23,1,-1,-1,-1
137,3,104,249,56,28,1,-1,-1,-1
137,4,399,241,50,23,1,-1,-1,-1
137,5,390,333,54,52,1,-1,-1,-1
137,6,235,221,59,21,1,-1,-1,-1
137,7,76,213,58,23,1,-1,-1,-1
137,8,165,209,50,18,1,-1,-1,-1
137,9,172,199,51,17,1,-1,-1,-1
137,10,327,193,52,20,1,-1,-1,-1
137,11,356,202,48,22,1,-1,-1,-1
137,12,405,208,45,25,1,-1,-1,-1
137,13,492,190,62,24,1,-1,-1,-1
137,14,236,120,20,12,1,-1,-1,-1
137,15,259,120,17,12,1,-1,-1,-1
137,16,278,119,17,12,1,-1,-1,-1
137,17,297,117,16,13,1,-1,-1,-1
137,18,318,117,16,12,1,-1,-1,-1
137,19,337,117,16,12,1,-1,-1,-1
137,20,356,117,14,13,1,-1,-1,-1
137,21,277,133,19,17,1,-1,-1,-1
137,22,299,133,20,14,1,-1,-1,-1
137,23,320,132,18,13,1,-1,-1,-1
137,24,343,132,17,13,1,-1,-1,-1
137,25,406,117,15,12,1,-1,-1,-1
137,26,464,133,15,14,1,-1,-1,-1
137,27,506,133,17,14,1,-1,-1,-1
137,28,551,143,27,19,1,-1,-1,-1
137,29,502,116,13,12,1,-1,-1,-1
137,30,521,118,12,11,1,-1,-1,-1
137,32,595,113,14,16,1,-1,-1,-1
137,33,611,110,29,23,1,-1,-1,-1
137,34,427,118,12,11,1,-1,-1,-1
137,35,484,117,16,12,1,-1,-1,-1
137,36,721,195,58,25,1,-1,-1,-1
137,37,531,110,66,28,1,-1,-1,-1
137,38,633,194,46,18,1,-1,-1,-1
137,39,796,208,55,21,1,-1,-1,-1
137,40,626,209,52,21,1,-1,-1,-1
137,41,587,218,54,23,1,-1,-1,-1
137,42,734,219,44,21,1,-1,-1,-1
137,43,912,198,53,19,1,-1,-1,-1
137,44,841,191,50,20,1,-1,-1,-1
137,45,824,200,52,19,1,-1,-1,-1
137,46,925,208,51,18,1,-1,-1,-1
137,47,871,217,54,21,1,-1,-1,-1
137,48,994,187,29,19,1,-1,-1,-1
137,57,115,240,64,22,1,-1,-1,-1
138,0,0,258,44,25,1,-1,-1,-1
138,1,103,274,73,27,1,-1,-1,-1
138,2,253,255,61,23,1,-1,-1,-1
138,3,104,249,56,28,1,-1,-1,-1
138,4,402,241,50,23,1,-1,-1,-1
138,5,389,335,54,52,1,-1,-1,-1
138,6,229,222,59,21,1,-1,-1,-1
138,7,70,213,58,23,1,-1,-1,-1
138,8,162,209,50,18,1,-1,-1,-1
138,9,168,199,51,17,1,-1,-1,-1
138,10,324,194,52,21,1,-1,-1,-1
138,11,352,202,48,22,1,-1,-1,-1
138,12,402,208,45,25,1,-1,-1,-1
138,13,490,190,62,24,1,-1,-1,-1
138,14,236,121,20,12,1,-1,-1,-1
138,15,259,120,17,12,1,-1,-1,-1
138,16,278,119,17,12,1,-1,-1,-1
138,17,297,117,16,13,1,-1,-1,-1
138,18,318,117,16,12,1,-1,-1,-1
138,19,337,118,16,12,1,-1,-1,-1
138,20,356,117,14,13,1,-1,-1,-1
138,21,277,133,19,17,1,-1,-1,-1
138,22,298,133,20,14,1,-1,-1,-1
138,23,320,132,18,13,1,-1,-1,-1
138,24,343,133,18,13,1,-1,-1,-1
138,25,406,117,15,12,1,-1,-1,-1
138,26,464,133,15,14,1,-1,-1,-1
138,27,506,133,17,14,1,-1,-1,-1
138,28,551,143,27,19,1,-1,-1,-1
138,29,502,116,13,12,1,-1,-1,-1
138,30,520,118,12,11,1,-1,-1,-1
138,32,595,113,14,16,1,-1,-1,-1
138,33,611,110,29,23,1,-1,-1,-1
138,34,427,118,12,11,1,-1,-1,-1
138,35,484,117,16,12,1,-1,-1,-1
138,36,720,196,58,25,1,-1,-1,-1
138,37,531,110,66,28,1,-1,-1,-1
138,38,630,194,46,18,1,-1,-1,-1
138,39,795,209,55,21,1,-1,-1,-1
138,40,623,209,52,21,1,-1,-1,-1
138,41,584,219,54,23,1,-1,-1,-1
138,42,732,220,44,21,1,-1,-1,-1
138,43,911,199,53,18,1,-1,-1,-1
138,44,839,190,50,20,1,-1,-1,-1
138,45,823,200,52,19,1,-1,-1,-1
138,46,924,208,52,18,1,-1,-1,-1
138,47,870,217,54,21,1,-1,-1,-1
138,48,993,187,30,20,1,-1,-1,-1
138,57,117,240,64,22,1,-1,-1,-1
139,0,0,258,43,25,1,-1,-1,-1
139,1,103,274,73,27,1,-1,-1,-1
139,2,254,255,62,23,1,-1,-1,-1
139,3,104,250,57,28,1,-1,-1,-1
139,4,405,241,50,23,1,-1,-1,-1
139,5,387,337,54,53,1,-1,-1,-1
139,6,224,222,59,21,1,-1,-1,-1
139,7,65,213,58,23,1,-1,-1,-1
139,8,158,209,50,18,1,-1,-1,-1
139,9,164,200,51,17,1,-1,-1,-1
139,10,321,194,53,21,1,-1,-1,-1
139,11,348,202,49,22,1,-1,-1,-1
139,12,398,208,45,25,1,-1,-1,-1
139,13,487,191,62,24,1,-1,-1,-1
139,14,235,121,20,12,1,-1,-1,-1
139,15,259,120,17,12,1,-1,-1,-1
139,16,278,119,17,12,1,-1,-1,-1
139,17,297,118,16,13,1,-1,-1,-1
139,18,317,117,16,12,1,-1,-1,-1
139,19,337,118,15,12,1,-1,-1,-1
139,20,356,117,14,13,1,-1,-1,-1
139,21,276,133,19,17,1,-1,-1,-1
139,22,298,134,20,14,1,-1,-1,-1
139,23,320,132,18,13,1,-1,-1,-1
139,24,343,133,18,13,1,-1,-1,-1
139,25,406,117,15,12,1,-1,-1,-1
139,26,463,133,15,14,1,-1,-1,-1
139,27,506,133,17,14,1,-1,-1,-1
139,28,551,143,27,19,1,-1,-1,-1
139,29,502,116,13,12,1,-1,-1,-1
139,30,520,118,12,12,1,-1,-1,-1
139,32,595,113,14,16,1,-1,-1,-1
139,33,611,110,29,23,1,-1,-1,-1
139,34,427,117,12,11,1,-1,-1,-1
139,35,484,117,16,12,1,-1,-1,-1
139,36,718,196,58,25,1,-1,-1,-1
139,37,532,111,66,28,1,-1,-1,-1
139,38,627,194,46,18,1,-1,-1,-1
139,39,793,210,55,21,1,-1,-1,-1
139,40,620,209,52,22,1,-1,-1,-1
139,41,581,219,55,23,1,-1,-1,-1
139,42,730,221,45,21,1,-1,-1,-1
139,43,911,199,53,18,1,-1,-1,-1
139,44,836,190,50,20,1,-1,-1,-1
139,45,822,201,52,19,1,-1,-1,-1
139,46,922,208,52,18,1,-1,-1,-1
139,47,868,217,54,21,1,-1,-1,-1
139,48,991,187,32,20,1,-1,-1,-1
139,57,119,241,64,23,1,-1,-1,-1
140,0,0,258,43,25,1,-1,-1,-1
140,1,103,275,73,27,1,-1,-1,-1
140,2,255,256,62,23,1,-1,-1,-1
140,3,104,250,57,28,1,-1,-1,-1
140,4,408,241,50,23,1,-1,-1,-1
140,5,385,339,54,53,1,-1,-1,-1
140,6,218,223,60,21,1,-1,-1,-1
140,7,59,214,58,23,1,-1,-1,-1
140,8,154,209,50,19,1,-1,-1,-1
140,9,160,200,52,17,1,-1,-1,-1
140,10,317,194,53,21,1,-1,-1,-1
140,11,345,203,49,22,1,-1,-1,-1
140,12,395,209,45,25,1,-1,-1,-1
140,13,485,191,62,24,1,-1,-1,-1
140,14,235,121,20,12,1,-1,-1,-1
140,15,259,120,17,12,1,-1,-1,-1
140,16,278,119,17,12,1,-1,-1,-1
140,17,297,118,17,13,1,-1,-1,-1
140,18,317,117,16,12,1,-1,-1,-1
140,19,337,118,15,12,1,-1,-1,-1
140,20,355,117,14,13,1,-1,-1,-1
140,21,276,133,19,17,1,-1,-1,-1
140,22,298,134,20,14,1,-1,-1,-1
140,23,320,132,18,13,1,-1,-1,-1
140,24,343,133,18,13,1,-1,-1,-1
140,25,405,117,15,12,1,-1,-1,-1
140,26,463,133,15,14,1,-1,-1,-1
140,27,506,133,17,14,1,-1,-1,-1
140,28,551,143,27,19,1,-1,-1,-1
140,29,502,117,13,12,1,-1,-1,-1
140,30,520,118,12,12,1,-1,-1,-1
140,32,595,113,14,16,1,-1,-1,-1
140,33,611,110,29,23,1,-1,-1,-1
140,34,426,117,12,11,1,-1,-1,-1
140,35,484,117,16,12,1,-1,-1,-1
140,36,716,196,58,25,1,-1,-1,-1
140,37,533,111,67,28,1,-1,-1,-1
140,38,625,194,46,18,1,-1,-1,-1
140,39,791,210,55,21,1,-1,-1,-1
140,40,618,209,52,22,1,-1,-1,-1
140,41,579,220,55,23,1,-1,-1,-1
140,42,727,221,44,21,1,-1,-1,-1
140,43,909,199,53,18,1,-1,-1,-1
140,44,835,190,50,20,1,-1,-1,-1
140,45,821,201,52,19,1,-1,-1,-1
140,46,921,208,53,19,1,-1,-1,-1
140,47,865,217,54,21,1,-1,-1,-1
140,48,990,188,33,20,1,-1,-1,-1
140,57,122,241,64,23,1,-1,-1,-1
141,0,0,258,42,25,1,-1,-1,-1
141,1,102,275,73,27,1,-1,-1,-1
141,2,256,256,62,23,1,-1,-1,-1
141,3,103,251,57,28,1,-1,-1,-1
141,4,410,241,50,23,1,-1,-1,-1
141,5,384,341,54,54,1,-1,-1,-1
141,6,213,223,60,21,1,-1,-1,-1
141,7,53,214,58,24,1,-1,-1,-1
141,8,150,209,50,19,1,-1,-1,-1
141,9,156,200,52,17,1,-1,-1,-1
141,10,314,195,53,21,1,-1,-1,-1
141,11,341,203,49,22,1,-1,-1,-1
141,12,392,209,45,25,1,-1,-1,-1
141,13,482,191,62,24,1,-1,-1,-1
141,14,235,121,20,12,1,-1,-1,-1
141,15,258,120,17,12,1,-1,-1,-1
141,16,277,119,17,12,1,-1,-1,-1
141,17,296,118,17,13,1,-1,-1,-1
141,18,317,118,16,12,1,-1,-1,-1
141,19,336,118,15,12,1,-1,-1,-1
141,20,355,118,14,13,1,-1,-1,-1
141,21,276,133,19,17,1,-1,-1,-1
141,22,298,134,20,14,1,-1,-1,-1
141,23,319,133,18,13,1,-1,-1,-1
141,24,343,133,18,13,1,-1,-1,-1
141,25,405,118,15,12,1,-1,-1,-1
141,26,463,133,15,14,1,-1,-1,-1
141,27,506,134,17,14,1,-1,-1,-1
141,28,551,144,27,19,1,-1,-1,-1
141,29,502,117,13,12,1,-1,-1,-1
141,30,520,118,13,12,1,-1,-1,-1
141,32,595,113,14,16,1,-1,-1,-1
141,33,611,110,29,23,1,-1,-1,-1
141,34,426,117,12,11,1,-1,-1,-1
141,35,484,117,16,12,1,-1,-1,-1
141,36,713,196,58,25,1,-1,-1,-1
141,37,533,111,67,28,1,-1,-1,-1
141,38,622,194,46,18,1,-1,-1,-1
141,39,789,210,55,21,1,-1,-1,-1
141,40,615,209,53,22,1,-1,-1,-1
141,41,576,220,55,23,1,-1,-1,-1
141,42,725,221,44,21,1,-1,-1,-1
141,43,908,199,53,19,1,-1,-1,-1
141,44,831,191,50,20,1,-1,-1,-1
141,45,820,201,51,19,1,-1,-1,-1
141,46,920,208,54,19,1,-1,-1,-1
141,47,863,217,54,22,1,-1,-1,-1
141,48,988,188,35,20,1,-1,-1,-1
141,57,124,241,64,23,1,-1,-1,-1
142,0,0,258,42,25,1,-1,-1,-1
142,1,102,275,73,27,1,-1,-1,-1
142,2,258,256,62,23,1,-1,-1,-1
142,3,103,251,57,28,1,-1,-1,-1
142,4,413,241,50,23,1,-1,-1,-1
142,5,382,344,54,54,1,-1,-1,-1
142,6,207,223,60,21,1,-1,-1,-1
142,7,48,214,59,24,1,-1,-1,-1
142,8,146,209,50,19,1,-1,-1,-1
142,9,152,201,52,17,1,-1,-1,-1
142,10,310,195,53,21,1,-1,-1,-1
142,11,338,203,49,22,1,-1,-1,-1
142,12,389,209,45,25,1,-1,-1,-1
142,13,479,191,62,24,1,-1,-1,-1
142,14,235,121,20,12,1,-1,-1,-1
142,15,258,120,17,12,1,-1,-1,-1
142,16,277,119,17,12,1,-1,-1,-1
142,17,296,118,17,13,1,-1,-1,-1
142,18,317,118,16,12,1,-1,-1,-1
142,19,336,118,15,12,1,-1,-1,-1
142,20,355,118,14,13,1,-1,-1,-1
142,21,276,133,19,17,1,-1,-1,-1
142,22,297,134,20,14,1,-1,-1,-1
142,23,319,133,18,13,1,-1,-1,-1
142,24,342,133,18,13,1,-1,-1,-1
142,25,405,118,15,12,1,-1,-1,-1
142,26,463,133,15,14,1,-1,-1,-1
142,27,505,134,17,14,1,-1,-1,-1
142,28,551,144,27,19,1,-1,-1,-1
142,29,502,117,13,12,1,-1,-1,-1
142,30,519,118,13,12,1,-1,-1,-1
142,32,595,113,14,16,1,-1,-1,-1
142,33,611,110,29,23,1,-1,-1,-1
142,34,426,117,12,11,1,-1,-1,-1
142,35,484,117,16,12,1,-1,-1,-1
142,36,714,197,58,25,1,-1,-1,-1
142,37,534,111,67,28,1,-1,-1,-1
142,38,619,194,46,18,1,-1,-1,-1
142,39,787,209,55,21,1,-1,-1,-1
142,40,612,209,53,22,1,-1,-1,-1
142,41,573,220,55,23,1,-1,-1,-1
142,42,722,221,44,21,1,-1,-1,-1
142,43,907,199,53,19,1,-1,-1,-1
142,44,829,190,50,20,1,-1,-1,-1
142,45,818,201,51,19,1,-1,-1,-1
142,46,918,208,53,19,1,-1,-1,-1
142,47,861,217,55,22,1,-1,-1,-1
142,48,987,188,36,20,1,-1,-1,-1
142,57,126,242,64,23,1,-1,-1,-1
143,0,0,258,41,25,1,-1,-1,-1
143,1,102,276,73,27,1,-1,-1,-1
143,2,259,257,62,23,1,-1,-1,-1
143,3,103,252,57,28,1,-1,-1,-1
143,4,416,242,50,23,1,-1,-1,-1
143,5,380,346,54,55,1,-1,-1,-1
143,6,202,224,60,21,1,-1,-1,-1
143,7,42,215,59,24,1,-1,-1,-1
143,8,142,210,50,19,1,-1,-1,-1
143,9,147,201,52,17,1,-1,-1,-1
143,10,307,195,53,21,1,-1,-1,-1
143,11,334,204,49,22,1,-1,-1,-1
143,12,385,210,46,25,1,-1,-1,-1
143,13,476,191,62,24,1,-1,-1,-1
143,14,235,121,20,12,1,-1,-1,-1
143,15,258,120,17,12,1,-1,-1,-1
143,16,277,120,17,12,1,-1,-1,-1
143,17,296,118,17,13,1,-1,-1,-1
143,18,317,118,16,12,1,-1,-1,-1
143,19,336,118,15,12,1,-1,-1,-1
143,20,355,118,14,13,1,-1,-1,-1
143,21,275,134,19,17,1,-1,-1,-1
143,22,297,134,20,14,1,-1,-1,-1
143,23,319,133,18,13,1,-1,-1,-1
143,24,342,133,18,13,1,-1,-1,-1
143,25,405,118,15,12,1,-1,-1,-1
143,26,463,134,15,14,1,-1,-1,-1
143,27,505,134,17,14,1,-1,-1,-1
143,28,551,144,27,19,1,-1,-1,-1
143,29,501,117,13,12,1,-1,-1,-1
143,30,519,118,13,12,1,-1,-1,-1
143,32,595,113,13,17,1,-1,-1,-1
143,33,611,110,29,23,1,-1,-1,-1
143,34,426,117,12,11,1,-1,-1,-1
143,35,484,117,16,12,1,-1,-1,-1
143,36,712,197,58,25,1,-1,-1,-1
143,37,534,111,67,29,1,-1,-1,-1
143,38,616,194,46,18,1,-1,-1,-1
143,39,784,209,55,21,1,-1,-1,-1
143,40,610,209,53,22,1,-1,-1,-1
143,41,570,220,55,23,1,-1,-1,-1
143,42,719,221,44,21,1,-1,-1,-1
143,43,905,199,53,19,1,-1,-1,-1
143,44,827,191,50,20,1,-1,-1,-1
143,45,817,201,52,19,1,-1,-1,-1
143,46,917,209,53,18,1,-1,-1,-1
143,47,858,217,55,22,1,-1,-1,-1
143,48,985,188,38,20,1,-1,-1,-1
143,57,129,242,64,23,1,-1,-1,-1
144,0,0,259,41,25,1,-1,-1,-1
144,1,102,276,73,27,1,-1,-1,-1
144,2,260,257,62,23,1,-1,-1,-1
144,3,103,252,57,28,1,-1,-1,-1
144,4,419,242,50,23,1,-1,-1,-1
144,5,378,348,54,56,1,-1,-1,-1
144,6,196,224,60,21,1,-1,-1,-1
144,7,36,215,59,24,1,-1,-1,-1
144,8,138,210,50,19,1,-1,-1,-1
144,9,143,201,52,17,1,-1,-1,-1
144,10,304,195,54,21,1,-1,-1,-1
144,11,330,204,49,22,1,-1,-1,-1
144,12,382,210,46,25,1,-1,-1,-1
144,13,474,191,62,24,1,-1,-1,-1
144,14,234,120,20,12,1,-1,-1,-1
144,15,258,120,17,12,1,-1,-1,-1
144,16,277,120,17,12,1,-1,-1,-1
144,17,296,118,17,13,1,-1,-1,-1
144,18,316,118,16,12,1,-1,-1,-1
144,19,336,119,15,12,1,-1,-1,-1
144,20,355,118,14,13,1,-1,-1,-1
144,21,275,134,19,17,1,-1,-1,-1
144,22,297,134,20,14,1,-1,-1,-1
144,23,319,133,18,13,1,-1,-1,-1
144,24,342,134,18,13,1,-1,-1,-1
144,25,405,118,15,12,1,-1,-1,-1
144,26,463,134,15,14,1,-1,-1,-1
144,27,505,134,17,14,1,-1,-1,-1
144,28,551,144,28,19,1,-1,-1,-1
144,29,501,117,13,12,1,-1,-1,-1
144,30,519,118,13,12,1,-1,-1,-1
144,32,596,113,13,17,1,-1,-1,-1
144,33,611,111,29,23,1,-1,-1,-1
144,34,426,117,12,11,1,-1,-1,-1
144,35,483,117,16,12,1,-1,-1,-1
144,36,710,197,58,25,1,-1,-1,-1
144,37,535,111,67,29,1,-1,-1,-1
144,38,613,194,47,19,1,-1,-1,-1
144,39,782,209,55,21,1,-1,-1,-1
144,40,607,209,53,22,1,-1,-1,-1
144,41,567,220,55,23,1,-1,-1,-1
144,42,717,221,44,21,1,-1,-1,-1
144,43,904,199,53,19,1,-1,-1,-1
144,44,825,190,50,20,1,-1,-1,-1
144,45,815,201,52,19,1,-1,-1,-1
144,46,915,209,53,18,1,-1,-1,-1
144,47,856,218,55,23,1,-1,-1,-1
144,48,984,188,39,20,1,-1,-1,-1
144,57,131,242,64,23,1,-1,-1,-1
145,0,0,259,40,25,1,-1,-1,-1
145,1,101,277,73,28,1,-1,-1,-1
145,2,261,258,62,23,1,-1,-1,-1
145,3,102,253,57,28,1,-1,-1,-1
145,4,421,242,50,23,1,-1,-1,-1
145,5,377,350,54,56,1,-1,-1,-1
145,6,190,225,60,21,1,-1,-1,-1
145,7,31,216,59,24,1,-1,-1,-1
145,8,134,210,50,19,1,-1,-1,-1
145,9,139,201,52,17,1,-1,-1,-1
145,10,300,196,54,21,1,-1,-1,-1
145,11,327,204,49,22,1,-1,-1,-1
145,12,379,210,46,25,1,-1,-1,-1
145,13,471,191,62,24,1,-1,-1,-1
145,14,234,120,20,12,1,-1,-1,-1
145,15,258,120,17,12,1,-1,-1,-1
145,16,276,120,17,12,1,-1,-1,-1
145,17,295,118,17,13,1,-1,-1,-1
145,18,316,118,16,12,1,-1,-1,-1
145,19,336,119,15,12,1,-1,-1,-1
145,20,354,118,14,13,1,-1,-1,-1
145,21,275,134,19,17,1,-1,-1,-1
145,22,297,135,20,14,1,-1,-1,-1
145,23,319,134,18,13,1,-1,-1,-1
145,24,342,134,18,13,1,-1,-1,-1
145,25,405,118,15,11,1,-1,-1,-1
145,26,463,134,15,14,1,-1,-1,-1
145,27,505,134,17,14,1,-1,-1,-1
145,28,551,144,28,19,1,-1,-1,-1
145,29,501,117,13,12,1,-1,-1,-1
145,30,519,118,13,12,1,-1,-1,-1
145,32,596,113,13,17,1,-1,-1,-1
145,33,611,111,29,23,1,-1,-1,-1
145,34,426,117,12,11,1,-1,-1,-1
145,35,483,117,16,12,1,-1,-1,-1
145,36,708,197,58,25,1,-1,-1,-1
145,37,535,112,67,29,1,-1,-1,-1
145,38,611,194,47,19,1,-1,-1,-1
145,39,780,209,55,21,1,-1,-1,-1
145,40,604,209,53,22,1,-1,-1,-1
145,41,564,220,55,23,1,-1,-1,-1
145,42,714,221,44,21,1,-1,-1,-1
145,43,903,199,53,19,1,-1,-1,-1
145,44,821,190,50,20,1,-1,-1,-1
145,45,813,201,52,19,1,-1,-1,-1
145,46,914,209,53,18,1,-1,-1,-1
145,47,853,218,55,23,1,-1,-1,-1
145,48,982,189,40,20,1,-1,-1,-1
145,49,996,201,27,17,1,-1,-1,-1
145,57,133,243,64,23,1,-1,-1,-1
146,0,0,259,40,25,1,-1,-1,-1
146,1,102,277,73,27,1,-1,-1,-1
146,2,263,258,62,23,1,-1,-1,-1
146,3,103,253,57,28,1,-1,-1,-1
146,4,424,242,50,23,1,-1,-1,-1
146,5,375,352,54,57,1,-1,-1,-1
146,6,185,225,61,21,1,-1,-1,-1
146,7,25,216,59,23,1,-1,-1,-1
146,8,130,210,50,19,1,-1,-1,-1
146,9,135,201,52,17,1,-1,-1,-1
146,10,297,196,54,21,1,-1,-1,-1
146,11,323,204,49,22,1,-1,-1,-1
146,12,375,210,46,25,1,-1,-1,-1
146,13,468,191,62,24,1,-1,-1,-1
146,14,234,120,20,12,1,-1,-1,-1
146,15,257,120,17,12,1,-1,-1,-1
146,16,276,120,17,12,1,-1,-1,-1
146,17,295,118,17,13,1,-1,-1,-1
146,18,316,118,16,12,1,-1,-1,-1
146,19,336,119,15,12,1,-1,-1,-1
146,20,354,118,14,13,1,-1,-1,-1
146,21,275,134,19,17,1,-1,-1,-1
146,22,297,135,20,14,1,-1,-1,-1
146,23,318,133,18,13,1,-1,-1,-1
146,24,342,134,18,13,1,-1,-1,-1
146,25,405,118,15,11,1,-1,-1,-1
146,26,463,134,15,14,1,-1,-1,-1
146,27,505,134,17,14,1,-1,-1,-1
146,28,551,144,28,19,1,-1,-1,-1
146,29,501,117,13,12,1,-1,-1,-1
146,30,519,118,13,12,1,-1,-1,-1
146,32,596,114,12,17,1,-1,-1,-1
146,33,611,111,29,23,1,-1,-1,-1
146,34,426,117,12,11,1,-1,-1,-1
146,35,483,117,16,12,1,-1,-1,-1
146,36,707,197,58,25,1,-1,-1,-1
146,37,536,112,67,29,1,-1,-1,-1
146,38,608,194,47,19,1,-1,-1,-1
146,39,778,209,54,21,1,-1,-1,-1
146,40,602,209,53,22,1,-1,-1,-1
146,41,560,220,55,23,1,-1,-1,-1
146,42,711,221,44,21,1,-1,-1,-1
146,43,901,199,53,19,1,-1,-1,-1
146,44,820,190,50,20,1,-1,-1,-1
146,45,812,201,52,19,1,-1,-1,-1
146,46,912,209,53,17,1,-1,-1,-1
146,47,851,218,55,23,1,-1,-1,-1
146,48,981,189,42,20,1,-1,-1,-1
146,49,995,201,28,17,1,-1,-1,-1
146,57,136,243,64,23,1,-1,-1,-1
147,0,0,259,39,25,1,-1,-1,-1
147,1,103,277,73,27,1,-1,-1,-1
147,2,265,258,62,23,1,-1,-1,-1
147,3,103,253,57,28,1,-1,-1,-1
147,4,427,242,50,23,1,-1,-1,-1
147,5,374,354,55,57,1,-1,-1,-1
147,6,179,225,61,21,1,-1,-1,-1
147,7,19,216,59,23,1,-1,-1,-1
147,8,126,210,50,19,1,-1,-1,-1
147,9,131,201,52,17,1,-1,-1,-1
147,10,293,196,54,21,1,-1,-1,-1
147,11,319,204,49,22,1,-1,-1,-1
147,12,372,210,46,25,1,-1,-1,-1
147,13,466,191,62,24,1,-1,-1,-1
147,14,234,120,20,12,1,-1,-1,-1
147,15,257,120,17,12,1,-1,-1,-1
147,16,276,120,17,12,1,-1,-1,-1
147,17,295,118,17,13,1,-1,-1,-1
147,18,316,118,17,12,1,-1,-1,-1
147,19,336,118,15,12,1,-1,-1,-1
147,20,354,118,14,13,1,-1,-1,-1
147,21,274,134,19,17,1,-1,-1,-1
147,22,296,134,20,14,1,-1,-1,-1
147,23,318,133,18,13,1,-1,-1,-1
147,24,342,134,18,13,1,-1,-1,-1
147,25,404,118,15,11,1,-1,-1,-1
147,26,463,134,15,14,1,-1,-1,-1
147,27,505,134,17,14,1,-1,-1,-1
147,28,551,144,28,19,1,-1,-1,-1
147,29,501,116,13,12,1,-1,-1,-1
147,30,519,118,13,12,1,-1,-1,-1
147,33,611,110,29,23,1,-1,-1,-1
147,34,425,117,12,11,1,-1,-1,-1
147,35,483,117,16,12,1,-1,-1,-1
147,36,705,197,58,25,1,-1,-1,-1
147,37,536,112,67,29,1,-1,-1,-1
147,38,605,194,47,19,1,-1,-1,-1
147,39,776,209,54,21,1,-1,-1,-1
147,40,599,209,53,22,1,-1,-1,-1
147,41,557,220,55,23,1,-1,-1,-1
147,42,709,221,44,21,1,-1,-1,-1
147,43,900,199,53,19,1,-1,-1,-1
147,44,817,190,50,20,1,-1,-1,-1
147,45,810,201,52,19,1,-1,-1,-1
147,46,910,209,53,17,1,-1,-1,-1
147,47,848,218,55,24,1,-1,-1,-1
147,48,979,188,42,21,1,-1,-1,-1
147,49,993,201,30,17,1,-1,-1,-1
147,57,139,242,64,23,1,-1,-1,-1
148,0,0,259,39,25,1,-1,-1,-1
148,1,103,277,73,27,1,-1,-1,-1
148,2,266,258,62,23,1,-1,-1,-1
148,3,104,253,57,28,1,-1,-1,-1
148,4,429,242,50,23,1,-1,-1,-1
148,5,372,356,55,58,1,-1,-1,-1
148,6,173,225,61,21,1,-1,-1,-1
148,7,14,216,59,23,1,-1,-1,-1
148,8,123,210,50,19,1,-1,-1,-1
148,9,127,201,52,17,1,-1,-1,-1
148,10,290,196,54,21,1,-1,-1,-1
148,11,315,204,50,22,1,-1,-1,-1
148,12,368,210,46,25,1,-1,-1,-1
148,13,463,191,62,24,1,-1,-1,-1
148,14,234,120,20,12,1,-1,-1,-1
148,15,257,120,17,11,1,-1,-1,-1
148,16,276,120,17,12,1,-1,-1,-1
148,17,295,118,17,13,1,-1,-1,-1
148,18,316,118,17,12,1,-1,-1,-1
148,19,335,118,15,12,1,-1,-1,-1
148,20,354,118,14,13,1,-1,-1,-1
148,21,274,134,19,17,1,-1,-1,-1
148,22,296,134,20,14,1,-1,-1,-1
148,23,318,133,18,13,1,-1,-1,-1
148,24,342,133,18,13,1,-1,-1,-1
148,25,404,118,15,11,1,-1,-1,-1
148,26,462,134,15,14,1,-1,-1,-1
148,27,505,134,17,14,1,-1,-1,-1
148,28,550,144,28,19,1,-1,-1,-1
148,29,501,116,13,12,1,-1,-1,-1
148,30,519,118,13,12,1,-1,-1,-1
148,33,611,110,29,23,1,-1,-1,-1
148,34,425,117,12,11,1,-1,-1,-1
148,35,483,117,16,12,1,-1,-1,-1
148,36,704,197,58,25,1,-1,-1,-1
148,37,537,112,67,29,1,-1,-1,-1
148,38,602,194,47,19,1,-1,-1,-1
148,39,774,209,54,21,1,-1,-1,-1
148,40,596,209,53,22,1,-1,-1,-1
148,41,554,220,55,23,1,-1,-1,-1
148,42,706,221,44,21,1,-1,-1,-1
148,43,898,199,53,19,1,-1,-1,-1
148,44,815,190,50,20,1,-1,-1,-1
148,45,809,201,52,18,1,-1,-1,-1
148,46,909,209,53,17,1,-1,-1,-1
148,47,846,217,54,23,1,-1,-1,-1
148,48,977,188,42,21,1,-1,-1,-1
148,49,992,200,31,18,1,-1,-1,-1
148,57,142,242,64,23,1,-1,-1,-1
149,0,0,259,38,26,1,-1,-1,-1
149,1,104,277,73,27,1,-1,-1,-1
149,2,268,258,62,23,1,-1,-1,-1
149,3,105,253,57,28,1,-1,-1,-1
149,4,432,242,51,23,1,-1,-1,-1
149,5,371,358,55,58,1,-1,-1,-1
149,6,167,225,61,21,1,-1,-1,-1
149,7,8,216,60,23,1,-1,-1,-1
149,8,119,210,50,19,1,-1,-1,-1
149,9,123,202,52,17,1,-1,-1,-1
149,10,286,196,54,21,1,-1,-1,-1
149,11,312,204,50,22,1,-1,-1,-1
149,12,365,210,46,25,1,-1,-1,-1
149,13,460,191,62,24,1,-1,-1,-1
149,14,233,120,20,12,1,-1,-1,-1
149,15,257,120,17,11,1,-1,-1,-1
149,16,276,120,17,12,1,-1,-1,-1
149,17,295,118,17,13,1,-1,-1,-1
149,18,316,118,17,12,1,-1,-1,-1
149,19,335,118,15,12,1,-1,-1,-1
149,20,354,118,14,13,1,-1,-1,-1
149,21,274,134,19,17,1,-1,-1,-1
149,22,296,134,20,14,1,-1,-1,-1
149,23,318,133,18,13,1,-1,-1,-1
149,24,341,133,18,13,1,-1,-1,-1
149,25,404,118,15,11,1,-1,-1,-1
149,26,462,133,15,14,1,-1,-1,-1
149,27,505,134,17,15,1,-1,-1,-1
149,28,550,144,28,19,1,-1,-1,-1
149,29,501,116,13,13,1,-1,-1,-1
149,30,519,117,13,12,1,-1,-1,-1
149,33,611,110,29,23,1,-1,-1,-1
149,34,425,117,12,12,1,-1,-1,-1
149,35,483,117,16,12,1,-1,-1,-1
149,36,702,197,58,25,1,-1,-1,-1
149,37,538,112,67,29,1,-1,-1,-1
149,38,600,195,47,19,1,-1,-1,-1
149,39,771,209,54,21,1,-1,-1,-1
149,40,594,209,53,22,1,-1,-1,-1
149,41,551,220,55,23,1,-1,-1,-1
149,42,703,221,44,21,1,-1,-1,-1
149,43,897,199,53,19,1,-1,-1,-1
149,44,813,190,50,20,1,-1,-1,-1
149,45,807,201,52,18,1,-1,-1,-1
149,46,907,210,53,17,1,-1,-1,-1
149,47,844,217,54,23,1,-1,-1,-1
149,48,976,188,41,21,1,-1,-1,-1
149,49,990,200,33,18,1,-1,-1,-1
149,57,145,242,64,23,1,-1,-1,-1
150,0,0,260,37,26,1,-1,-1,-1
150,1,104,277,73,27,1,-1,-1,-1
150,2,270,258,62,23,1,-1,-1,-1
150,3,105,252,57,28,1,-1,-1,-1
150,4,435,243,51,23,1,-1,-1,-1
150,5,369,360,55,59,1,-1,-1,-1
150,6,161,225,61,22,1,-1,-1,-1
150,7,2,216,60,23,1,-1,-1,-1
150,8,115,210,50,19,1,-1,-1,-1
150,9,119,202,52,17,1,-1,-1,-1
150,10,283,196,54,21,1,-1,-1,-1
150,11,308,205,50,22,1,-1,-1,-1
150,12,361,210,46,25,1,-1,-1,-1
150,13,457,191,62,24,1,-1,-1,-1
150,14,233,120,20,12,1,-1,-1,-1
150,15,257,119,17,11,1,-1,-1,-1
150,16,276,119,17,12,1,-1,-1,-1
150,17,295,118,17,13,1,-1,-1,-1
150,18,315,118,17,12,1,-1,-1,-1
150,19,335,118,15,12,1,-1,-1,-1
150,20,354,118,14,13,1,-1,-1,-1
150,21,274,134,19,17,1,-1,-1,-1
150,22,296,134,20,14,1,-1,-1,-1
150,23,318,133,18,13,1,-1,-1,-1
150,24,341,133,18,13,1,-1,-1,-1
150,25,404,118,15,11,1,-1,-1,-1
150,26,462,133,15,14,1,-1,-1,-1
150,27,505,133,17,15,1,-1,-1,-1
150,28,550,144,28,19,1,-1,-1,-1
150,29,501,116,13,13,1,-1,-1,-1
150,30,519,117,13,12,1,-1,-1,-1
150,33,611,110,29,23,1,-1,-1,-1
150,34,425,117,12,12,1,-1,-1,-1
150,35,483,117,16,12,1,-1,-1,-1
150,36,701,197,58,25,1,-1,-1,-1
150,37,538,112,67,29,1,-1,-1,-1
150,38,597,195,47,19,1,-1,-1,-1
150,39,769,209,54,21,1,-1,-1,-1
150,40,591,209,53,22,1,-1,-1,-1
150,41,548,220,55,23,1,-1,-1,-1
150,42,701,221,44,21,1,-1,-1,-1
150,43,896,199,53,19,1,-1,-1,-1
150,44,810,190,50,20,1,-1,-1,-1
150,45,806,201,52,18,1,-1,-1,-1
150,46,906,210,53,17,1,-1,-1,-1
150,47,841,217,54,23,1,-1,-1,-1
150,48,974,188,41,21,1,-1,-1,-1
150,49,989,200,34,18,1,-1,-1,-1
150,57,148,242,64,23,1,-1,-1,-1
151,0,0,260,37,26,1,-1,-1,-1
151,1,104,277,73,27,1,-1,-1,-1
151,2,271,257,62,23,1,-1,-1,-1
151,3,106,252,57,28,1,-1,-1,-1
151,4,438,243,51,23,1,-1,-1,-1
151,5,368,362,55,59,1,-1,-1,-1
151,6,155,225,61,22,1,-1,-1,-1
151,7,0,216,57,23,1,-1,-1,-1
151,8,111,211,50,19,1,-1,-1,-1
151,9,115,202,52,17,1,-1,-1,-1
151,10,279,196,54,21,1,-1,-1,-1
151,11,304,205,50,22,1,-1,-1,-1
151,12,357,210,46,25,1,-1,-1,-1
151,13,455,191,62,24,1,-1,-1,-1
151,14,233,120,20,12,1,-1,-1,-1
151,15,256,119,17,11,1,-1,-1,-1
151,16,276,119,17,12,1,-1,-1,-1
151,17,295,118,17,13,1,-1,-1,-1
151,18,315,118,17,12,1,-1,-1,-1
151,19,335,118,16,12,1,-1,-1,-1
151,20,354,118,14,13,1,-1,-1,-1
151,21,274,134,19,17,1,-1,-1,-1
151,22,296,134,20,14,1,-1,-1,-1
151,23,318,133,18,13,1,-1,-1,-1
151,24,341,133,18,13,1,-1,-1,-1
151,25,404,118,15,11,1,-1,-1,-1
151,26,462,133,15,14,1,-1,-1,-1
151,27,505,133,17,15,1,-1,-1,-1
151,28,550,144,28,19,1,-1,-1,-1
151,29,500,116,13,13,1,-1,-1,-1
151,30,519,117,13,12,1,-1,-1,-1
151,33,610,110,29,23,1,-1,-1,-1
151,34,425,117,12,12,1,-1,-1,-1
151,35,483,117,16,12,1,-1,-1,-1
151,36,699,197,58,25,1,-1,-1,-1
151,37,539,112,67,29,1,-1,-1,-1
151,38,594,195,47,19,1,-1,-1,-1
151,39,767,209,54,21,1,-1,-1,-1
151,40,589,209,53,22,1,-1,-1,-1
151,41,545,220,55,23,1,-1,-1,-1
151,42,698,221,44,21,1,-1,-1,-1
151,43,894,199,53,19,1,-1,-1,-1
151,44,807,190,50,20,1,-1,-1,-1
151,45,804,201,52,18,1,-1,-1,-1
151,46,904,210,53,17,1,-1,-1,-1
151,47,839,217,53,23,1,-1,-1,-1
151,48,972,188,41,21,1,-1,-1,-1
151,49,987,200,36,18,1,-1,-1,-1
151,57,151,242,64,23,1,-1,-1,-1
152,0,0,260,36,26,1,-1,-1,-1
152,1,105,277,73,27,1,-1,-1,-1
152,2,273,257,62,23,1,-1,-1,-1
152,3,106,252,57,28,1,-1,-1,-1
152,4,441,243,51,23,1,-1,-1,-1
152,5,366,363,55,60,1,-1,-1,-1
152,6,150,225,61,22,1,-1,-1,-1
152,7,0,216,52,23,1,-1,-1,-1
152,8,107,211,51,19,1,-1,-1,-1
152,9,111,202,52,17,1,-1,-1,-1
152,10,276,196,54,21,1,-1,-1,-1
152,11,300,205,50,22,1,-1,-1,-1
152,12,354,210,46,25,1,-1,-1,-1
152,13,452,191,62,24,1,-1,-1,-1
152,14,233,120,20,12,1,-1,-1,-1
152,15,256,119,17,11,1,-1,-1,-1
152,16,276,119,16,12,1,-1,-1,-1
152,17,294,118,17,13,1,-1,-1,-1
152,18,315,118,17,12,1,-1,-1,-1
152,19,335,118,16,12,1,-1,-1,-1
152,20,354,118,14,13,1,-1,-1,-1
152,21,274,134,19,17,1,-1,-1,-1
152,22,296,134,20,14,1,-1,-1,-1
152,23,318,133,18,13,1,-1,-1,-1
152,24,341,133,18,13,1,-1,-1,-1
152,25,404,118,15,11,1,-1,-1,-1
152,26,462,133,15,14,1,-1,-1,-1
152,27,505,133,17,15,1,-1,-1,-1
152,28,549,144,28,19,1,-1,-1,-1
152,29,500,116,13,13,1,-1,-1,-1
152,30,518,117,13,12,1,-1,-1,-1
152,33,610,110,29,23,1,-1,-1,-1
152,34,425,117,12,12,1,-1,-1,-1
152,35,482,117,16,12,1,-1,-1,-1
152,36,698,197,58,24,1,-1,-1,-1
152,37,540,112,67,29,1,-1,-1,-1
152,38,591,195,47,19,1,-1,-1,-1
152,39,765,209,54,21,1,-1,-1,-1
152,40,586,209,53,22,1,-1,-1,-1
152,41,542,220,55,23,1,-1,-1,-1
152,42,695,221,43,20,1,-1,-1,-1
152,43,893,199,53,19,1,-1,-1,-1
152,44,804,190,50,20,1,-1,-1,-1
152,45,802,201,52,18,1,-1,-1,-1
152,46,903,209,53,17,1,-1,-1,-1
152,47,837,217,53,22,1,-1,-1,-1
152,48,971,188,41,21,1,-1,-1,-1
152,49,986,200,37,18,1,-1,-1,-1
152,57,154,242,64,23,1,-1,-1,-1
153,0,0,260,36,26,1,-1,-1,-1
153,1,105,277,73,27,1,-1,-1,-1
153,2,275,257,61,23,1,-1,-1,-1
153,3,107,252,57,28,1,-1,-1,-1
153,4,444,243,51,23,1,-1,-1,-1
153,5,365,365,55,61,1,-1,-1,-1
153,6,144,225,62,22,1,-1,-1,-1
153,7,0,216,46,23,1,-1,-1,-1
153,8,103,211,51,19,1,-1,-1,-1
153,9,107,202,52,17,1,-1,-1,-1
153,10,272,196,54,21,1,-1,-1,-1
153,11,297,205,50,23,1,-1,-1,-1
153,12,351,210,46,25,1,-1,-1,-1
153,13,449,191,62,24,1,-1,-1,-1
153,14,233,120,20,12,1,-1,-1,-1
153,15,256,119,17,11,1,-1,-1,-1
153,16,275,119,16,12,1,-1,-1,-1
153,17,294,118,17,13,1,-1,-1,-1
153,18,315,118,17,12,1,-1,-1,-1
153,19,335,118,16,12,1,-1,-1,-1
153,20,353,117,14,13,1,-1,-1,-1
153,21,274,134,19,17,1,-1,-1,-1
153,22,296,134,20,14,1,-1,-1,-1
153,23,318,133,18,13,1,-1,-1,-1
153,24,341,133,18,13,1,-1,-1,-1
153,25,404,118,14,11,1,-1,-1,-1
153,26,462,133,15,14,1,-1,-1,-1
153,27,505,133,17,15,1,-1,-1,-1
153,28,549,144,28,19,1,-1,-1,-1
153,29,500,116,13,13,1,-1,-1,-1
153,30,518,117,13,12,1,-1,-1,-1
153,33,610,110,29,23,1,-1,-1,-1
153,34,425,117,13,12,1,-1,-1,-1
153,35,482,117,16,12,1,-1,-1,-1
153,36,696,197,58,24,1,-1,-1,-1
153,37,540,112,67,29,1,-1,-1,-1
153,38,588,195,47,19,1,-1,-1,-1
153,39,763,209,54,21,1,-1,-1,-1
153,40,583,209,53,22,1,-1,-1,-1
153,41,539,220,55,23,1,-1,-1,-1
153,42,693,221,43,20,1,-1,-1,-1
153,43,892,199,53,19,1,-1,-1,-1
153,44,801,190,50,20,1,-1,-1,-1
153,45,800,201,53,18,1,-1,-1,-1
153,46,901,209,53,17,1,-1,-1,-1
153,47,834,217,52,22,1,-1,-1,-1
153,48,969,188,41,21,1,-1,-1,-1
153,49,984,200,39,18,1,-1,-1,-1
153,57,157,242,64,23,1,-1,-1,-1
154,0,0,260,36,26,1,-1,-1,-1
154,1,106,277,73,27,1,-1,-1,-1
154,2,277,257,61,23,1,-1,-1,-1
154,3,107,252,57,28,1,-1,-1,-1
154,4,447,243,51,23,1,-1,-1,-1
154,5,363,367,55,61,1,-1,-1,-1
154,6,138,225,62,22,1,-1,-1,-1
154,7,0,216,40,23,1,-1,-1,-1
154,8,99,211,51,19,1,-1,-1,-1
154,9,103,202,52,17,1,-1,-1,-1
154,10,269,196,55,21,1,-1,-1,-1
154,11,293,205,50,23,1,-1,-1,-1
154,12,347,210,46,25,1,-1,-1,-1
154,13,447,191,62,24,1,-1,-1,-1
154,14,232,120,20,12,1,-1,-1,-1
154,15,256,119,17,11,1,-1,-1,-1
154,16,275,119,16,12,1,-1,-1,-1
154,17,294,118,17,13,1,-1,-1,-1
154,18,315,117,17,12,1,-1,-1,-1
154,19,335,118,16,12,1,-1,-1,-1
154,20,353,117,14,13,1,-1,-1,-1
154,21,274,134,19,17,1,-1,-1,-1
154,22,296,134,20,14,1,-1,-1,-1
154,23,317,133,18,13,1,-1,-1,-1
154,24,341,133,18,13,1,-1,-1,-1
154,25,404,118,14,11,1,-1,-1,-1
154,26,462,133,15,14,1,-1,-1,-1
154,27,505,133,17,15,1,-1,-1,-1
154,28,549,143,28,19,1,-1,-1,-1
154,29,500,116,13,13,1,-1,-1,-1
154,30,518,117,13,12,1,-1,-1,-1
154,33,610,110,29,23,1,-1,-1,-1
154,34,424,117,13,12,1,-1,-1,-1
154,35,482,117,16,12,1,-1,-1,-1
154,36,695,197,58,24,1,-1,-1,-1
154,37,541,112,67,29,1,-1,-1,-1
154,38,586,195,47,19,1,-1,-1,-1
154,39,761,209,54,21,1,-1,-1,-1
154,40,581,209,54,22,1,-1,-1,-1
154,41,536,220,55,23,1,-1,-1,-1
154,42,690,221,43,20,1,-1,-1,-1
154,43,890,198,53,19,1,-1,-1,-1
154,44,799,190,50,20,1,-1,-1,-1
154,45,798,201,53,18,1,-1,-1,-1
154,46,900,209,52,17,1,-1,-1,-1
154,47,831,217,53,22,1,-1,-1,-1
154,48,967,188,41,21,1,-1,-1,-1
154,49,982,199,41,18,1,-1,-1,-1
154,57,160,242,64,23,1,-1,-1,-1
155,0,0,260,35,26,1,-1,-1,-1
155,1,106,277,73,27,1,-1,-1,-1
155,2,278,257,61,23,1,-1,-1,-1
155,3,108,252,57,28,1,-1,-1,-1
155,4,450,243,50,23,1,-1,-1,-1
155,5,362,369,55,62,1,-1,-1,-1
155,6,132,225,62,22,1,-1,-1,-1
155,7,0,216,35,23,1,-1,-1,-1
155,8,95,211,51,19,1,-1,-1,-1
155,9,98,202,52,17,1,-1,-1,-1
155,10,265,196,55,21,1,-1,-1,-1
155,11,289,205,50,23,1,-1,-1,-1
155,12,343,210,46,25,1,-1,-1,-1
155,13,444,191,62,23,1,-1,-1,-1
155,14,232,120,20,12,1,-1,-1,-1
155,15,256,119,17,11,1,-1,-1,-1
155,16,275,119,16,12,1,-1,-1,-1
155,17,294,118,17,13,1,-1,-1,-1
155,18,315,117,17,12,1,-1,-1,-1
155,19,335,117,16,12,1,-1,-1,-1
155,20,353,117,14,13,1,-1,-1,-1
155,21,273,134,19,17,1,-1,-1,-1
155,22,295,134,20,14,1,-1,-1,-1
155,23,317,133,18,13,1,-1,-1,-1
155,24,341,133,18,13,1,-1,-1,-1
155,25,404,118,14,11,1,-1,-1,-1
155,26,462,133,15,14,1,-1,-1,-1
155,27,505,132,17,15,1,-1,-1,-1
155,28,549,143,28,19,1,-1,-1,-1
155,29,500,116,14,13,1,-1,-1,-1
155,30,518,117,13,12,1,-1,-1,-1
155,33,610,109,29,23,1,-1,-1,-1
155,34,424,117,13,12,1,-1,-1,-1
155,35,482,117,16,12,1,-1,-1,-1
155,36,693,197,59,24,1,-1,-1,-1
155,37,542,112,67,29,1,-1,-1,-1
155,38,583,195,47,19,1,-1,-1,-1
155,39,759,209,54,21,1,-1,-1,-1
155,40,578,209,54,22,1,-1,-1,-1
155,41,533,220,55,23,1,-1,-1,-1
155,42,687,221,43,20,1,-1,-1,-1
155,43,889,198,53,19,1,-1,-1,-1
155,44,796,190,50,20,1,-1,-1,-1
155,45,796,201,53,18,1,-1,-1,-1
155,46,898,209,52,17,1,-1,-1,-1
155,47,828,217,54,22,1,-1,-1,-1
155,48,965,188,41,21,1,-1,-1,-1
155,49,981,199,42,18,1,-1,-1,-1
155,57,163,242,64,23,1,-1,-1,-1
156,0,0,260,35,26,1,-1,-1,-1
156,1,107,277,73,27,1,-1,-1,-1
156,2,280,257,61,23,1,-1,-1,-1
156,3,109,252,57,28,1,-1,-1,-1
156,4,453,243,50,23,1,-1,-1,-1
156,5,360,371,55,62,1,-1,-1,-1
156,6,126,225,62,22,1,-1,-1,-1
156,7,0,216,29,23,1,-1,-1,-1
156,8,91,211,52,19,1,-1,-1,-1
156,9,94,202,53,17,1,-1,-1,-1
156,10,262,196,55,21,1,-1,-1,-1
156,11,286,205,50,23,1,-1,-1,-1
156,12,340,210,46,25,1,-1,-1,-1
156,13,441,191,62,23,1,-1,-1,-1
156,14,232,120,20,12,1,-1,-1,-1
156,15,255,119,17,11,1,-1,-1,-1
156,16,275,119,16,12,1,-1,-1,-1
156,17,294,118,17,13,1,-1,-1,-1
156,18,314,117,17,12,1,-1,-1,-1
156,19,334,117,16,13,1,-1,-1,-1
156,20,353,117,14,13,1,-1,-1,-1
156,21,273,134,19,17,1,-1,-1,-1
156,22,295,134,20,14,1,-1,-1,-1
156,23,317,133,18,13,1,-1,-1,-1
156,24,340,133,18,13,1,-1,-1,-1
156,25,404,118,14,11,1,-1,-1,-1
156,26,462,133,15,14,1,-1,-1,-1
156,27,504,132,17,15,1,-1,-1,-1
156,28,549,143,28,19,1,-1,-1,-1
156,29,500,116,14,13,1,-1,-1,-1
156,30,518,117,13,12,1,-1,-1,-1
156,33,610,109,29,23,1,-1,-1,-1
156,34,424,117,13,12,1,-1,-1,-1
156,35,482,117,16,12,1,-1,-1,-1
156,36,692,197,59,24,1,-1,-1,-1
156,37,542,112,67,29,1,-1,-1,-1
156,38,580,195,47,19,1,-1,-1,-1
156,39,756,209,54,21,1,-1,-1,-1
156,40,575,209,54,22,1,-1,-1,-1
156,41,530,220,55,23,1,-1,-1,-1
156,42,685,220,43,20,1,-1,-1,-1
156,43,887,198,53,19,1,-1,-1,-1
156,44,793,190,50,20,1,-1,-1,-1
156,45,795,201,53,18,1,-1,-1,-1
156,46,897,209,52,18,1,-1,-1,-1
156,47,824,217,54,22,1,-1,-1,-1
156,48,964,188,41,21,1,-1,-1,-1
156,49,980,199,43,18,1,-1,-1,-1
156,57,166,242,64,23,1,-1,-1,-1
157,0,0,260,35,26,1,-1,-1,-1
157,1,107,277,73,27,1,-1,-1,-1
157,2,282,257,61,23,1,-1,-1,-1
157,3,109,252,57,28,1,-1,-1,-1
157,4,456,243,50,23,1,-1,-1,-1
157,5,359,373,56,63,1,-1,-1,-1
157,6,120,225,62,23,1,-1,-1,-1
157,8,86,211,52,19,1,-1,-1,-1
157,9,90,202,53,17,1,-1,-1,-1
157,10,258,196,55,21,1,-1,-1,-1
157,11,282,205,50,23,1,-1,-1,-1
157,12,336,210,46,25,1,-1,-1,-1
157,13,438,191,62,23,1,-1,-1,-1
157,14,232,120,20,12,1,-1,-1,-1
157,15,255,119,17,11,1,-1,-1,-1
157,16,275,119,16,12,1,-1,-1,-1
157,17,294,118,17,13,1,-1,-1,-1
157,18,314,117,17,12,1,-1,-1,-1
157,19,334,117,16,13,1,-1,-1,-1
157,20,353,117,14,13,1,-1,-1,-1
157,21,273,133,19,17,1,-1,-1,-1
157,22,295,134,20,14,1,-1,-1,-1
157,23,317,132,18,13,1,-1,-1,-1
157,24,340,132,18,13,1,-1,-1,-1
157,25,404,117,14,11,1,-1,-1,-1
157,26,461,133,15,14,1,-1,-1,-1
157,27,504,132,17,16,1,-1,-1,-1
157,28,548,143,28,19,1,-1,-1,-1
157,29,500,115,14,13,1,-1,-1,-1
157,30,518,117,13,12,1,-1,-1,-1
157,33,610,109,29,23,1,-1,-1,-1
157,34,424,117,13,12,1,-1,-1,-1
157,35,482,117,16,12,1,-1,-1,-1
157,36,690,197,59,24,1,-1,-1,-1
157,37,543,112,67,29,1,-1,-1,-1
157,38,577,195,47,19,1,-1,-1,-1
157,39,754,209,54,21,1,-1,-1,-1
157,40,572,209,54,22,1,-1,-1,-1
157,41,527,220,55,23,1,-1,-1,-1
157,42,682,220,43,20,1,-1,-1,-1
157,43,886,198,53,19,1,-1,-1,-1
157,44,790,190,50,20,1,-1,-1,-1
157,45,793,201,53,19,1,-1,-1,-1
157,46,896,209,52,18,1,-1,-1,-1
157,47,821,217,55,23,1,-1,-1,-1
157,48,962,188,41,21,1,-1,-1,-1
157,49,978,199,45,18,1,-1,-1,-1
157,57,168,242,64,23,1,-1,-1,-1
158,0,0,260,34,26,1,-1,-1,-1
158,1,108,277,73,27,1,-1,-1,-1
158,2,283,257,61,23,1,-1,-1,-1
158,3,110,252,57,28,1,-1,-1,-1
158,4,459,243,50,23,1,-1,-1,-1
158,5,357,375,56,63,1,-1,-1,-1
158,6,114,224,62,23,1,-1,-1,-1
158,8,82,211,52,19,1,-1,-1,-1
158,9,86,202,53,17,1,-1,-1,-1
158,10,254,196,55,21,1,-1,-1,-1
158,11,278,205,50,23,1,-1,-1,-1
158,12,333,210,46,25,1,-1,-1,-1
158,13,436,191,62,23,1,-1,-1,-1
158,14,232,120,20,12,1,-1,-1,-1
158,15,255,119,17,11,1,-1,-1,-1
158,16,275,119,16,12,1,-1,-1,-1
158,17,293,117,17,13,1,-1,-1,-1
158,18,314,117,17,12,1,-1,-1,-1
158,19,334,117,16,13,1,-1,-1,-1
158,20,353,117,14,12,1,-1,-1,-1
158,21,273,133,19,17,1,-1,-1,-1
158,22,295,133,20,13,1,-1,-1,-1
158,23,317,132,18,13,1,-1,-1,-1
158,24,340,132,18,13,1,-1,-1,-1
158,25,404,117,14,11,1,-1,-1,-1
158,26,461,133,15,14,1,-1,-1,-1
158,27,504,132,17,16,1,-1,-1,-1
158,28,548,143,28,19,1,-1,-1,-1
158,29,500,115,14,13,1,-1,-1,-1
158,30,518,117,13,12,1,-1,-1,-1
158,33,610,109,29,23,1,-1,-1,-1
158,34,424,117,13,12,1,-1,-1,-1
158,35,482,117,16,12,1,-1,-1,-1
158,36,689,197,59,24,1,-1,-1,-1
158,37,543,112,67,29,1,-1,-1,-1
158,38,574,195,47,19,1,-1,-1,-1
158,39,752,209,54,21,1,-1,-1,-1
158,40,570,209,54,23,1,-1,-1,-1
158,41,524,220,55,23,1,-1,-1,-1
158,42,679,220,43,20,1,-1,-1,-1
158,43,885,198,52,19,1,-1,-1,-1
158,44,788,190,50,19,1,-1,-1,-1
158,45,791,201,54,19,1,-1,-1,-1
158,46,894,209,52,18,1,-1,-1,-1
158,47,818,217,56,23,1,-1,-1,-1
158,48,960,188,41,21,1,-1,-1,-1
158,49,977,199,46,18,1,-1,-1,-1
158,57,171,242,64,23,1,-1,-1,-1
159,0,0,260,34,26,1,-1,-1,-1
159,1,108,277,73,27,1,-1,-1,-1
159,2,285,257,61,23,1,-1,-1,-1
159,3,110,252,57,28,1,-1,-1,-1
159,4,462,243,50,23,1,-1,-1,-1
159,5,355,377,56,64,1,-1,-1,-1
159,6,109,224,62,23,1,-1,-1,-1
159,8,78,211,52,19,1,-1,-1,-1
159,9,82,202,53,17,1,-1,-1,-1
159,10,251,196,55,21,1,-1,-1,-1
159,11,274,205,50,23,1,-1,-1,-1
159,12,329,210,46,25,1,-1,-1,-1
159,13,433,191,62,24,1,-1,-1,-1
159,14,232,120,20,12,1,-1,-1,-1
159,15,255,119,17,11,1,-1,-1,-1
159,16,275,119,16,12,1,-1,-1,-1
159,17,293,117,17,13,1,-1,-1,-1
159,18,314,117,17,12,1,-1,-1,-1
159,19,334,117,16,13,1,-1,-1,-1
159,20,353,117,14,12,1,-1,-1,-1
159,21,273,133,19,17,1,-1,-1,-1
159,22,295,133,20,13,1,-1,-1,-1
159,23,317,132,18,13,1,-1,-1,-1
159,24,340,132,18,13,1,-1,-1,-1
159,25,404,117,14,11,1,-1,-1,-1
159,26,461,132,15,14,1,-1,-1,-1
159,27,504,132,17,16,1,-1,-1,-1
159,28,548,143,28,19,1,-1,-1,-1
159,29,499,115,14,13,1,-1,-1,-1
159,30,518,117,13,12,1,-1,-1,-1
159,33,610,109,29,23,1,-1,-1,-1
159,34,424,117,13,12,1,-1,-1,-1
159,35,482,117,16,12,1,-1,-1,-1
159,36,687,197,59,24,1,-1,-1,-1
159,37,544,112,67,29,1,-1,-1,-1
159,38,571,195,47,19,1,-1,-1,-1
159,39,750,210,54,21,1,-1,-1,-1
159,40,567,209,54,23,1,-1,-1,-1
159,41,521,220,55,23,1,-1,-1,-1
159,42,676,220,43,21,1,-1,-1,-1
159,43,883,198,52,19,1,-1,-1,-1
159,44,785,190,50,19,1,-1,-1,-1
159,45,789,201,54,19,1,-1,-1,-1
159,46,893,209,52,18,1,-1,-1,-1
159,47,814,217,56,23,1,-1,-1,-1
159,48,958,188,41,21,1,-1,-1,-1
159,49,975,199,48,19,1,-1,-1,-1
159,57,174,241,64,23,1,-1,-1,-1
160,0,0,260,34,26,1,-1,-1,-1
160,1,109,277,73,27,1,-1,-1,-1
160,2,287,257,61,23,1,-1,-1,-1
160,3,111,252,57,28,1,-1,-1,-1
160,4,465,243,50,23,1,-1,-1,-1
160,5,354,379,56,64,1,-1,-1,-1
160,6,103,224,62,23,1,-1,-1,-1
160,8,74,211,52,19,1,-1,-1,-1
160,9,78,202,53,17,1,-1,-1,-1
160,10,248,196,55,21,1,-1,-1,-1
160,11,271,205,50,23,1,-1,-1,-1
160,12,326,210,46,25,1,-1,-1,-1
160,13,430,191,62,24,1,-1,-1,-1
160,14,231,119,20,12,1,-1,-1,-1
160,15,255,119,17,11,1,-1,-1,-1
160,16,275,118,15,12,1,-1,-1,-1
160,17,293,117,17,13,1,-1,-1,-1
160,18,314,117,17,12,1,-1,-1,-1
160,19,334,117,16,13,1,-1,-1,-1
160,20,353,117,14,12,1,-1,-1,-1
160,21,273,133,19,17,1,-1,-1,-1
160,22,295,133,20,13,1,-1,-1,-1
160,23,317,132,18,13,1,-1,-1,-1
160,24,340,132,18,13,1,-1,-1,-1
160,25,404,117,14,11,1,-1,-1,-1
160,26,461,132,15,14,1,-1,-1,-1
160,27,504,131,17,16,1,-1,-1,-1
160,28,548,143,29,19,1,-1,-1,-1
160,29,499,115,14,13,1,-1,-1,-1
160,30,518,116,13,12,1,-1,-1,-1
160,33,610,109,29,23,1,-1,-1,-1
160,34,424,117,13,12,1,-1,-1,-1
160,35,482,117,16,12,1,-1,-1,-1
160,36,686,197,59,24,1,-1,-1,-1
160,37,545,112,67,29,1,-1,-1,-1
160,38,568,195,47,19,1,-1,-1,-1
160,39,747,209,54,21,1,-1,-1,-1
160,40,564,209,54,23,1,-1,-1,-1
160,41,517,220,55,23,1,-1,-1,-1
160,42,673,220,43,21,1,-1,-1,-1
160,43,882,198,52,19,1,-1,-1,-1
160,44,782,190,50,19,1,-1,-1,-1
160,45,787,201,54,19,1,-1,-1,-1
160,46,891,209,52,18,1,-1,-1,-1
160,47,812,217,56,23,1,-1,-1,-1
160,48,956,188,41,21,1,-1,-1,-1
160,49,974,199,49,19,1,-1,-1,-1
160,57,177,241,64,23,1,-1,-1,-1
161,0,0,260,34,26,1,-1,-1,-1
161,1,109,278,73,27,1,-1,-1,-1
161,2,288,257,61,23,1,-1,-1,-1
161,3,111,252,57,28,1,-1,-1,-1
161,4,468,243,50,23,1,-1,-1,-1
161,5,352,381,56,65,1,-1,-1,-1
161,6,97,224,63,23,1,-1,-1,-1
161,8,70,211,53,19,1,-1,-1,-1
161,9,74,202,53,17,1,-1,-1,-1
161,10,244,196,55,21,1,-1,-1,-1
161,11,267,205,50,23,1,-1,-1,-1
161,12,322,210,46,25,1,-1,-1,-1
161,13,427,191,62,24,1,-1,-1,-1
161,14,231,119,20,12,1,-1,-1,-1
161,15,255,119,17,11,1,-1,-1,-1
161,16,274,118,16,12,1,-1,-1,-1
161,17,293,117,17,13,1,-1,-1,-1
161,18,314,117,17,12,1,-1,-1,-1
161,19,334,117,16,13,1,-1,-1,-1
161,20,353,117,14,12,1,-1,-1,-1
161,21,272,133,19,17,1,-1,-1,-1
161,22,295,133,20,13,1,-1,-1,-1
161,23,317,132,18,13,1,-1,-1,-1
161,24,340,132,18,13,1,-1,-1,-1
161,25,404,117,14,11,1,-1,-1,-1
161,26,461,132,15,14,1,-1,-1,-1
161,27,504,131,17,16,1,-1,-1,-1
161,28,548,143,29,19,1,-1,-1,-1
161,29,499,115,14,13,1,-1,-1,-1
161,30,518,116,13,11,1,-1,-1,-1
161,33,610,109,29,23,1,-1,-1,-1
161,34,424,116,13,12,1,-1,-1,-1
161,35,482,116,16,12,1,-1,-1,-1
161,36,684,197,59,24,1,-1,-1,-1
161,37,545,112,67,29,1,-1,-1,-1
161,38,565,195,47,19,1,-1,-1,-1
161,39,745,209,54,21,1,-1,-1,-1
161,40,561,209,54,23,1,-1,-1,-1
161,41,514,221,55,23,1,-1,-1,-1
161,42,670,220,43,21,1,-1,-1,-1
161,43,880,198,52,19,1,-1,-1,-1
161,44,779,190,50,19,1,-1,-1,-1
161,45,785,201,54,18,1,-1,-1,-1
161,46,890,209,52,18,1,-1,-1,-1
161,47,809,217,56,23,1,-1,-1,-1
161,48,954,188,41,21,1,-1,-1,-1
161,49,973,199,50,19,1,-1,-1,-1
161,57,180,241,64,23,1,-1,-1,-1
162,0,0,260,33,26,1,-1,-1,-1
162,1,110,278,73,27,1,-1,-1,-1
162,2,290,257,61,23,1,-1,-1,-1
162,3,112,252,57,28,1,-1,-1,-1
162,4,471,243,50,23,1,-1,-1,-1
162,5,351,383,56,65,1,-1,-1,-1
162,6,91,224,63,23,1,-1,-1,-1
162,8,66,211,53,19,1,-1,-1,-1
162,9,70,202,53,17,1,-1,-1,-1
162,10,240,196,55,21,1,-1,-1,-1
162,11,263,205,50,23,1,-1,-1,-1
162,12,319,210,46,25,1,-1,-1,-1
162,13,424,191,62,24,1,-1,-1,-1
162,14,231,119,20,12,1,-1,-1,-1
162,15,255,119,17,11,1,-1,-1,-1
162,16,274,118,17,12,1,-1,-1,-1
162,17,293,117,17,13,1,-1,-1,-1
162,18,313,117,17,12,1,-1,-1,-1
162,19,334,117,16,13,1,-1,-1,-1
162,20,353,117,14,12,1,-1,-1,-1
162,21,272,133,19,17,1,-1,-1,-1
162,22,294,133,20,13,1,-1,-1,-1
162,23,317,132,18,13,1,-1,-1,-1
162,24,340,132,18,13,1,-1,-1,-1
162,25,404,117,14,11,1,-1,-1,-1
162,26,461,132,15,14,1,-1,-1,-1
162,27,504,131,17,16,1,-1,-1,-1
162,28,547,142,29,19,1,-1,-1,-1
162,29,499,115,14,13,1,-1,-1,-1
162,30,518,116,13,12,1,-1,-1,-1
162,33,610,109,29,23,1,-1,-1,-1
162,34,424,116,13,12,1,-1,-1,-1
162,35,482,116,16,12,1,-1,-1,-1
162,36,683,197,59,24,1,-1,-1,-1
162,37,546,112,67,29,1,-1,-1,-1
162,38,563,195,47,19,1,-1,-1,-1
162,39,742,209,54,21,1,-1,-1,-1
162,40,559,209,54,23,1,-1,-1,-1
162,41,511,221,55,23,1,-1,-1,-1
162,42,667,220,43,21,1,-1,-1,-1
162,43,879,198,52,19,1,-1,-1,-1
162,44,777,190,51,19,1,-1,-1,-1
162,45,783,201,54,18,1,-1,-1,-1
162,46,888,209,52,18,1,-1,-1,-1
162,47,807,217,56,24,1,-1,-1,-1
162,48,952,188,41,21,1,-1,-1,-1
162,49,971,199,52,19,1,-1,-1,-1
162,57,183,241,65,23,1,-1,-1,-1
163,0,0,260,33,26,1,-1,-1,-1
163,1,110,278,73,27,1,-1,-1,-1
163,2,292,257,61,23,1,-1,-1,-1
163,3,112,252,57,28,1,-1,-1,-1
163,4,474,243,50,23,1,-1,-1,-1
163,5,349,385,56,66,1,-1,-1,-1
163,6,85,224,63,23,1,-1,-1,-1
163,8,62,211,53,19,1,-1,-1,-1
163,9,66,202,53,17,1,-1,-1,-1
163,10,237,196,55,21,1,-1,-1,-1
163,11,259,205,50,23,1,-1,-1,-1
163,12,315,210,46,25,1,-1,-1,-1
163,13,421,191,62,24,1,-1,-1,-1
163,14,231,119,20,12,1,-1,-1,-1
163,15,254,119,17,11,1,-1,-1,-1
163,16,274,118,17,13,1,-1,-1,-1
163,17,293,117,17,13,1,-1,-1,-1
163,18,313,117,17,12,1,-1,-1,-1
163,19,334,117,16,13,1,-1,-1,-1
163,20,352,117,14,12,1,-1,-1,-1
163,21,272,133,19,17,1,-1,-1,-1
163,22,294,133,20,13,1,-1,-1,-1
163,23,316,132,18,13,1,-1,-1,-1
163,24,340,132,18,13,1,-1,-1,-1
163,25,404,117,14,11,1,-1,-1,-1
163,26,461,132,15,14,1,-1,-1,-1
163,27,504,131,17,16,1,-1,-1,-1
163,28,547,142,29,19,1,-1,-1,-1
163,29,499,115,14,13,1,-1,-1,-1
163,30,517,116,13,12,1,-1,-1,-1
163,33,610,109,29,23,1,-1,-1,-1
163,34,424,116,13,12,1,-1,-1,-1
163,35,481,116,16,12,1,-1,-1,-1
163,36,681,197,59,24,1,-1,-1,-1
163,37,547,112,67,29,1,-1,-1,-1
163,38,560,195,47,19,1,-1,-1,-1
163,39,740,209,54,21,1,-1,-1,-1
163,40,556,209,54,23,1,-1,-1,-1
163,41,508,221,55,23,1,-1,-1,-1
163,42,664,220,43,21,1,-1,-1,-1
163,43,877,198,52,19,1,-1,-1,-1
163,44,774,190,51,19,1,-1,-1,-1
163,45,782,201,54,18,1,-1,-1,-1
163,46,887,209,52,19,1,-1,-1,-1
163,47,804,217,56,24,1,-1,-1,-1
163,48,950,188,41,21,1,-1,-1,-1
163,49,970,199,53,19,1,-1,-1,-1
163,57,186,241,65,23,1,-1,-1,-1
164,0,0,260,33,26,1,-1,-1,-1
164,1,111,278,73,27,1,-1,-1,-1
164,2,294,257,61,23,1,-1,-1,-1
164,3,113,252,57,28,1,-1,-1,-1
164,4,477,243,50,23,1,-1,-1,-1
164,5,348,387,57,67,1,-1,-1,-1
164,6,79,225,63,23,1,-1,-1,-1
164,8,58,211,53,19,1,-1,-1,-1
164,9,62,202,53,18,1,-1,-1,-1
164,10,233,196,55,21,1,-1,-1,-1
164,11,255,205,50,23,1,-1,-1,-1
164,12,312,210,46,25,1,-1,-1,-1
164,13,419,191,62,24,1,-1,-1,-1
164,14,231,119,20,12,1,-1,-1,-1
164,15,254,119,17,11,1,-1,-1,-1
164,16,274,118,17,13,1,-1,-1,-1
164,17,293,117,17,13,1,-1,-1,-1
164,18,313,117,17,12,1,-1,-1,-1
164,19,334,117,16,13,1,-1,-1,-1
164,20,352,117,14,12,1,-1,-1,-1
164,21,272,133,19,17,1,-1,-1,-1
164,22,294,133,20,13,1,-1,-1,-1
164,23,316,132,18,13,1,-1,-1,-1
164,24,339,132,18,13,1,-1,-1,-1
164,25,404,117,14,11,1,-1,-1,-1
164,26,461,132,15,15,1,-1,-1,-1
164,27,504,131,17,16,1,-1,-1,-1
164,28,547,142,29,19,1,-1,-1,-1
164,29,499,115,14,13,1,-1,-1,-1
164,30,517,116,13,12,1,-1,-1,-1
164,33,610,109,29,23,1,-1,-1,-1
164,34,423,116,13,12,1,-1,-1,-1
164,35,481,116,16,12,1,-1,-1,-1
164,36,680,197,59,24,1,-1,-1,-1
164,37,547,112,67,29,1,-1,-1,-1
164,38,557,195,47,19,1,-1,-1,-1
164,39,737,209,54,21,1,-1,-1,-1
164,40,553,209,54,23,1,-1,-1,-1
164,41,505,221,55,23,1,-1,-1,-1
164,42,661,220,42,21,1,-1,-1,-1
164,43,876,198,52,19,1,-1,-1,-1
164,44,771,190,51,19,1,-1,-1,-1
164,45,780,201,54,18,1,-1,-1,-1
164,46,885,209,52,19,1,-1,-1,-1
164,47,802,217,55,24,1,-1,-1,-1
164,48,948,188,41,21,1,-1,-1,-1
164,49,969,199,54,20,1,-1,-1,-1
164,57,189,241,64,23,1,-1,-1,-1
165,0,0,260,32,26,1,-1,-1,-1
165,1,112,278,73,27,1,-1,-1,-1
165,2,296,257,61,23,1,-1,-1,-1
165,3,115,252,57,29,1,-1,-1,-1
165,4,480,243,50,23,1,-1,-1,-1
165,5,346,390,57,67,1,-1,-1,-1
165,6,74,225,63,23,1,-1,-1,-1
165,8,54,211,53,19,1,-1,-1,-1
165,9,58,202,54,18,1,-1,-1,-1
165,10,230,196,55,21,1,-1,-1,-1
165,11,251,205,51,23,1,-1,-1,-1
165,12,308,210,46,25,1,-1,-1,-1
165,13,416,191,62,24,1,-1,-1,-1
165,14,231,119,20,12,1,-1,-1,-1
165,15,254,119,17,12,1,-1,-1,-1
165,16,274,118,17,13,1,-1,-1,-1
165,17,293,117,17,13,1,-1,-1,-1
165,18,313,117,17,12,1,-1,-1,-1
165,19,333,117,16,13,1,-1,-1,-1
165,20,352,117,14,12,1,-1,-1,-1
165,21,272,133,19,17,1,-1,-1,-1
165,22,294,133,20,13,1,-1,-1,-1
165,23,316,132,18,14,1,-1,-1,-1
165,24,339,132,18,13,1,-1,-1,-1
165,25,404,117,14,11,1,-1,-1,-1
165,26,461,132,15,15,1,-1,-1,-1
165,27,504,131,17,16,1,-1,-1,-1
165,28,547,142,29,19,1,-1,-1,-1
165,29,499,115,14,13,1,-1,-1,-1
165,30,517,116,13,12,1,-1,-1,-1
165,33,610,109,29,23,1,-1,-1,-1
165,34,423,116,13,12,1,-1,-1,-1
165,35,481,116,16,12,1,-1,-1,-1
165,36,678,197,58,24,1,-1,-1,-1
165,37,548,112,67,29,1,-1,-1,-1
165,38,554,195,47,19,1,-1,-1,-1
165,39,735,209,54,21,1,-1,-1,-1
165,40,550,209,54,23,1,-1,-1,-1
165,41,502,221,54,23,1,-1,-1,-1
165,42,658,220,42,21,1,-1,-1,-1
165,43,874,198,52,19,1,-1,-1,-1
165,44,768,190,51,19,1,-1,-1,-1
165,45,778,201,54,18,1,-1,-1,-1
165,46,884,209,51,19,1,-1,-1,-1
165,47,799,217,55,24,1,-1,-1,-1
165,48,946,188,41,21,1,-1,-1,-1
165,49,967,199,54,19,1,-1,-1,-1
165,57,193,241,64,23,1,-1,-1,-1
166,0,0,260,32,26,1,-1,-1,-1
166,1,113,278,73,27,1,-1,-1,-1
166,2,298,257,61,23,1,-1,-1,-1
166,3,116,252,57,29,1,-1,-1,-1
166,4,483,243,50,23,1,-1,-1,-1
166,5,344,392,57,68,1,-1,-1,-1
166,6,68,225,63,22,1,-1,-1,-1
166,8,50,211,54,19,1,-1,-1,-1
166,9,54,202,54,18,1,-1,-1,-1
166,10,226,196,56,21,1,-1,-1,-1
166,11,247,205,51,23,1,-1,-1,-1
166,12,305,210,46,25,1,-1,-1,-1
166,13,413,191,62,24,1,-1,-1,-1
166,14,230,119,20,12,1,-1,-1,-1
166,15,254,119,17,12,1,-1,-1,-1
166,16,274,118,17,13,1,-1,-1,-1
166,17,292,117,17,13,1,-1,-1,-1
166,18,313,117,17,12,1,-1,-1,-1
166,19,333,117,16,13,1,-1,-1,-1
166,20,352,117,14,12,1,-1,-1,-1
166,21,272,133,19,17,1,-1,-1,-1
166,22,294,133,20,13,1,-1,-1,-1
166,23,316,132,18,14,1,-1,-1,-1
166,24,339,132,18,13,1,-1,-1,-1
166,25,404,117,13,12,1,-1,-1,-1
166,26,461,132,15,15,1,-1,-1,-1
166,27,504,131,17,16,1,-1,-1,-1
166,28,547,142,29,19,1,-1,-1,-1
166,29,499,115,14,13,1,-1,-1,-1
166,30,517,116,13,12,1,-1,-1,-1
166,33,609,109,29,22,1,-1,-1,-1
166,34,423,116,13,12,1,-1,-1,-1
166,35,481,116,16,12,1,-1,-1,-1
166,36,676,197,58,24,1,-1,-1,-1
166,37,549,112,67,29,1,-1,-1,-1
166,38,551,195,47,19,1,-1,-1,-1
166,39,733,209,54,21,1,-1,-1,-1
166,40,548,209,54,23,1,-1,-1,-1
166,41,498,221,54,23,1,-1,-1,-1
166,42,655,220,42,21,1,-1,-1,-1
166,43,873,198,52,19,1,-1,-1,-1
166,44,766,190,51,19,1,-1,-1,-1
166,45,776,201,54,18,1,-1,-1,-1
166,46,882,209,52,19,1,-1,-1,-1
166,47,796,217,55,24,1,-1,-1,-1
166,48,944,188,41,21,1,-1,-1,-1
166,49,966,199,54,19,1,-1,-1,-1
166,57,196,241,64,23,1,-1,-1,-1
167,0,0,260,32,26,1,-1,-1,-1
167,1,114,278,73,27,1,-1,-1,-1
167,2,300,257,61,23,1,-1,-1,-1
167,3,117,252,57,29,1,-1,-1,-1
167,4,486,243,50,23,1,-1,-1,-1
167,5,342,395,58,69,1,-1,-1,-1
167,6,62,225,64,22,1,-1,-1,-1
167,8,46,211,54,19,1,-1,-1,-1
167,9,49,202,54,18,1,-1,-1,-1
167,10,222,196,56,21,1,-1,-1,-1
167,11,243,205,51,23,1,-1,-1,-1
167,12,301,210,47,25,1,-1,-1,-1
167,13,410,191,62,24,1,-1,-1,-1
167,14,230,119,20,12,1,-1,-1,-1
167,15,254,119,17,12,1,-1,-1,-1
167,16,274,118,17,13,1,-1,-1,-1
167,17,292,117,17,13,1,-1,-1,-1
167,18,313,117,17,12,1,-1,-1,-1
167,19,333,117,16,13,1,-1,-1,-1
167,20,352,117,14,12,1,-1,-1,-1
167,21,272,133,19,17,1,-1,-1,-1
167,22,294,133,20,13,1,-1,-1,-1
167,23,316,132,18,14,1,-1,-1,-1
167,24,339,132,18,14,1,-1,-1,-1
167,25,404,117,13,12,1,-1,-1,-1
167,26,461,132,15,15,1,-1,-1,-1
167,27,504,131,17,16,1,-1,-1,-1
167,28,547,142,28,19,1,-1,-1,-1
167,29,499,115,14,13,1,-1,-1,-1
167,30,517,116,13,12,1,-1,-1,-1
167,33,609,109,29,22,1,-1,-1,-1
167,34,423,116,13,12,1,-1,-1,-1
167,35,481,116,16,12,1,-1,-1,-1
167,36,675,197,58,24,1,-1,-1,-1
167,37,549,112,67,29,1,-1,-1,-1
167,38,548,195,47,19,1,-1,-1,-1
167,39,730,209,54,21,1,-1,-1,-1
167,40,545,209,54,23,1,-1,-1,-1
167,41,495,221,54,23,1,-1,-1,-1
167,42,653,220,42,21,1,-1,-1,-1
167,43,871,198,52,19,1,-1,-1,-1
167,44,763,190,51,20,1,-1,-1,-1
167,45,774,201,54,18,1,-1,-1,-1
167,46,881,209,52,19,1,-1,-1,-1
167,47,794,217,55,24,1,-1,-1,-1
167,48,942,188,41,22,1,-1,-1,-1
167,49,964,199,54,19,1,-1,-1,-1
167,57,199,241,64,23,1,-1,-1,-1
168,0,0,260,32,26,1,-1,-1,-1
168,1,115,278,73,27,1,-1,-1,-1
168,2,301,257,61,23,1,-1,-1,-1
168,3,118,252,57,29,1,-1,-1,-1
168,4,489,243,49,23,1,-1,-1,-1
168,5,341,397,58,70,1,-1,-1,-1
168,6,56,225,64,21,1,-1,-1,-1
168,8,42,212,54,19,1,-1,-1,-1
168,9,45,202,54,18,1,-1,-1,-1
168,10,219,196,56,21,1,-1,-1,-1
168,11,239,205,51,23,1,-1,-1,-1
168,12,298,210,47,25,1,-1,-1,-1
168,13,407,191,62,25,1,-1,-1,-1
168,14,230,119,20,12,1,-1,-1,-1
168,15,254,119,17,12,1,-1,-1,-1
168,16,273,118,17,13,1,-1,-1,-1
168,17,292,117,17,13,1,-1,-1,-1
168,18,313,117,17,12,1,-1,-1,-1
168,19,333,117,16,13,1,-1,-1,-1
168,20,352,117,14,12,1,-1,-1,-1
168,21,272,133,19,17,1,-1,-1,-1
168,22,294,133,20,13,1,-1,-1,-1
168,23,316,132,18,14,1,-1,-1,-1
168,24,339,132,18,14,1,-1,-1,-1
168,25,404,117,13,12,1,-1,-1,-1
168,26,460,132,15,15,1,-1,-1,-1
168,27,503,131,17,16,1,-1,-1,-1
168,28,547,142,28,20,1,-1,-1,-1
168,29,499,115,14,13,1,-1,-1,-1
168,30,517,116,14,12,1,-1,-1,-1
168,33,609,109,29,22,1,-1,-1,-1
168,34,423,116,13,12,1,-1,-1,-1
168,35,481,116,16,12,1,-1,-1,-1
168,36,673,197,58,24,1,-1,-1,-1
168,37,550,112,67,29,1,-1,-1,-1
168,38,545,196,47,19,1,-1,-1,-1
168,39,728,209,54,21,1,-1,-1,-1
168,40,542,208,54,23,1,-1,-1,-1
168,41,492,221,54,23,1,-1,-1,-1
168,42,650,220,42,21,1,-1,-1,-1
168,43,870,198,52,19,1,-1,-1,-1
168,44,760,190,50,20,1,-1,-1,-1
168,45,773,201,54,19,1,-1,-1,-1
168,46,879,209,52,19,1,-1,-1,-1
168,47,791,218,55,24,1,-1,-1,-1
168,48,940,188,41,22,1,-1,-1,-1
168,49,963,199,54,18,1,-1,-1,-1
168,57,203,241,64,23,1,-1,-1,-1
169,0,0,260,31,26,1,-1,-1,-1
169,1,116,278,73,27,1,-1,-1,-1
169,2,303,257,61,24,1,-1,-1,-1
169,3,119,252,57,29,1,-1,-1,-1
169,4,492,243,49,23,1,-1,-1,-1
169,5,339,400,58,70,1,-1,-1,-1
169,6,50,226,64,21,1,-1,-1,-1
169,8,38,212,54,19,1,-1,-1,-1
169,9,41,202,54,18,1,-1,-1,-1
169,10,215,196,56,21,1,-1,-1,-1
169,11,235,205,52,23,1,-1,-1,-1
169,12,294,210,47,25,1,-1,-1,-1
169,13,404,191,62,25,1,-1,-1,-1
169,14,230,119,21,12,1,-1,-1,-1
169,15,254,118,17,12,1,-1,-1,-1
169,16,273,118,17,13,1,-1,-1,-1
169,17,292,117,17,13,1,-1,-1,-1
169,18,313,117,17,12,1,-1,-1,-1
169,19,333,117,16,13,1,-1,-1,-1
169,20,352,117,14,12,1,-1,-1,-1
169,21,272,133,20,17,1,-1,-1,-1
169,22,294,133,20,13,1,-1,-1,-1
169,23,316,131,18,14,1,-1,-1,-1
169,24,339,132,18,14,1,-1,-1,-1
169,25,404,117,13,12,1,-1,-1,-1
169,26,460,132,15,15,1,-1,-1,-1
169,27,503,131,17,16,1,-1,-1,-1
169,28,547,142,28,20,1,-1,-1,-1
169,29,499,115,14,13,1,-1,-1,-1
169,30,517,116,14,12,1,-1,-1,-1
169,33,609,109,29,22,1,-1,-1,-1
169,34,423,116,13,12,1,-1,-1,-1
169,35,481,116,16,11,1,-1,-1,-1
169,36,672,197,58,23,1,-1,-1,-1
169,37,551,112,67,29,1,-1,-1,-1
169,38,543,196,47,19,1,-1,-1,-1
169,39,726,209,53,21,1,-1,-1,-1
169,40,539,208,54,23,1,-1,-1,-1
169,41,489,221,54,23,1,-1,-1,-1
169,42,647,220,42,22,1,-1,-1,-1
169,43,868,198,52,19,1,-1,-1,-1
169,44,757,190,50,20,1,-1,-1,-1
169,45,771,201,54,19,1,-1,-1,-1
169,46,878,208,52,19,1,-1,-1,-1
169,47,788,218,55,24,1,-1,-1,-1
169,48,938,188,41,22,1,-1,-1,-1
169,49,962,199,54,18,1,-1,-1,-1
169,57,206,241,64,23,1,-1,-1,-1
170,0,0,260,31,26,1,-1,-1,-1
170,1,117,278,73,27,1,-1,-1,-1
170,2,305,257,61,24,1,-1,-1,-1
170,3,120,252,57,29,1,-1,-1,-1
170,4,495,243,49,23,1,-1,-1,-1
170,5,337,402,59,71,1,-1,-1,-1
170,6,44,226,64,21,1,-1,-1,-1
170,8,34,212,54,19,1,-1,-1,-1
170,9,37,202,54,18,1,-1,-1,-1
170,10,211,196,56,21,1,-1,-1,-1
170,11,231,205,52,23,1,-1,-1,-1
170,12,291,210,47,25,1,-1,-1,-1
170,13,401,191,62,25,1,-1,-1,-1
170,14,230,119,21,12,1,-1,-1,-1
170,15,254,118,17,12,1,-1,-1,-1
170,16,273,118,17,13,1,-1,-1,-1
170,17,292,117,17,13,1,-1,-1,-1
170,18,313,117,17,12,1,-1,-1,-1
170,19,333,117,16,13,1,-1,-1,-1
170,20,352,117,14,12,1,-1,-1,-1
170,21,272,133,20,17,1,-1,-1,-1
170,22,294,133,20,13,1,-1,-1,-1
170,23,316,131,18,14,1,-1,-1,-1
170,24,339,132,18,14,1,-1,-1,-1
170,25,404,117,13,12,1,-1,-1,-1
170,26,460,132,15,15,1,-1,-1,-1
170,27,503,131,17,16,1,-1,-1,-1
170,28,547,142,28,20,1,-1,-1,-1
170,29,499,115,14,13,1,-1,-1,-1
170,30,517,116,14,12,1,-1,-1,-1
170,33,609,109,29,22,1,-1,-1,-1
170,34,423,116,13,12,1,-1,-1,-1
170,35,481,116,16,12,1,-1,-1,-1
170,36,670,197,58,23,1,-1,-1,-1
170,37,551,112,67,29,1,-1,-1,-1
170,38,539,196,47,19,1,-1,-1,-1
170,39,723,209,53,20,1,-1,-1,-1
170,40,536,208,54,23,1,-1,-1,-1
170,41,486,221,54,23,1,-1,-1,-1
170,42,644,220,42,22,1,-1,-1,-1
170,43,867,198,52,19,1,-1,-1,-1
170,44,753,190,50,20,1,-1,-1,-1
170,45,769,200,54,19,1,-1,-1,-1
170,46,876,208,52,19,1,-1,-1,-1
170,47,785,218,55,24,1,-1,-1,-1
170,48,936,187,41,22,1,-1,-1,-1
170,49,960,199,54,18,1,-1,-1,-1
170,57,210,241,64,23,1,-1,-1,-1
171,0,0,260,31,26,1,-1,-1,-1
171,1,118,278,73,27,1,-1,-1,-1
171,2,307,256,61,24,1,-1,-1,-1
171,3,121,252,57,29,1,-1,-1,-1
171,4,499,243,49,23,1,-1,-1,-1
171,5,335,405,59,72,1,-1,-1,-1
171,6,38,226,64,21,1,-1,-1,-1
171,8,30,212,54,19,1,-1,-1,-1
171,9,33,202,54,18,1,-1,-1,-1
171,10,207,196,56,21,1,-1,-1,-1
171,11,227,205,52,23,1,-1,-1,-1
171,12,287,210,47,25,1,-1,-1,-1
171,13,399,191,62,25,1,-1,-1,-1
171,14,230,119,21,13,1,-1,-1,-1
171,15,254,118,17,12,1,-1,-1,-1
171,16,273,118,17,13,1,-1,-1,-1
171,17,292,117,17,13,1,-1,-1,-1
171,18,313,117,17,12,1,-1,-1,-1
171,19,333,117,16,13,1,-1,-1,-1
171,20,352,117,14,12,1,-1,-1,-1
171,21,271,133,20,17,1,-1,-1,-1
171,22,293,133,20,13,1,-1,-1,-1
171,23,316,131,18,14,1,-1,-1,-1
171,24,339,132,18,14,1,-1,-1,-1
171,25,403,117,13,12,1,-1,-1,-1
171,26,460,132,15,15,1,-1,-1,-1
171,27,503,131,17,16,1,-1,-1,-1
171,28,547,142,28,20,1,-1,-1,-1
171,29,499,115,14,13,1,-1,-1,-1
171,30,517,116,14,12,1,-1,-1,-1
171,33,609,109,29,22,1,-1,-1,-1
171,34,423,116,13,12,1,-1,-1,-1
171,35,481,116,16,12,1,-1,-1,-1
171,36,668,197,58,23,1,-1,-1,-1
171,37,552,112,67,29,1,-1,-1,-1
171,38,536,196,47,19,1,-1,-1,-1
171,39,721,209,53,20,1,-1,-1,-1
171,40,534,208,54,23,1,-1,-1,-1
171,41,483,221,54,23,1,-1,-1,-1
171,42,641,220,42,22,1,-1,-1,-1
171,43,865,198,52,19,1,-1,-1,-1
171,44,750,190,50,20,1,-1,-1,-1
171,45,767,200,54,19,1,-1,-1,-1
171,46,874,208,52,19,1,-1,-1,-1
171,47,782,218,55,24,1,-1,-1,-1
171,48,934,187,41,22,1,-1,-1,-1
171,49,958,199,54,18,1,-1,-1,-1
171,57,213,241,64,23,1,-1,-1,-1
172,0,0,260,31,26,1,-1,-1,-1
172,1,119,278,73,27,1,-1,-1,-1
172,2,309,256,61,24,1,-1,-1,-1
172,3,122,252,57,29,1,-1,-1,-1
172,4,502,243,49,23,1,-1,-1,-1
172,5,334,407,59,72,1,-1,-1,-1
172,6,32,226,64,22,1,-1,-1,-1
172,8,26,212,54,20,1,-1,-1,-1
172,9,29,202,54,18,1,-1,-1,-1
172,10,204,196,56,21,1,-1,-1,-1
172,11,223,205,52,23,1,-1,-1,-1
172,12,283,210,47,25,1,-1,-1,-1
172,13,396,191,62,25,1,-1,-1,-1
172,14,229,118,21,13,1,-1,-1,-1
172,15,253,118,17,12,1,-1,-1,-1
172,16,273,118,17,13,1,-1,-1,-1
172,17,292,117,17,13,1,-1,-1,-1
172,18,313,117,17,12,1,-1,-1,-1
172,19,333,117,16,13,1,-1,-1,-1
172,20,352,117,14,12,1,-1,-1,-1
172,21,271,133,20,17,1,-1,-1,-1
172,22,293,133,20,13,1,-1,-1,-1
172,23,316,131,18,14,1,-1,-1,-1
172,24,339,132,18,14,1,-1,-1,-1
172,25,403,117,13,12,1,-1,-1,-1
172,26,460,132,15,15,1,-1,-1,-1
172,27,503,131,17,16,1,-1,-1,-1
172,28,547,142,28,20,1,-1,-1,-1
172,29,499,115,14,13,1,-1,-1,-1
172,30,517,115,14,13,1,-1,-1,-1
172,33,609,109,29,23,1,-1,-1,-1
172,34,423,115,13,12,1,-1,-1,-1
172,35,481,116,16,12,1,-1,-1,-1
172,36,667,197,58,23,1,-1,-1,-1
172,37,552,112,68,29,1,-1,-1,-1
172,38,533,196,47,19,1,-1,-1,-1
172,39,718,210,53,20,1,-1,-1,-1
172,40,531,208,54,23,1,-1,-1,-1
172,41,480,221,54,23,1,-1,-1,-1
172,42,638,220,42,22,1,-1,-1,-1
172,43,864,198,52,19,1,-1,-1,-1
172,44,747,190,50,20,1,-1,-1,-1
172,45,766,200,54,20,1,-1,-1,-1
172,46,873,208,52,19,1,-1,-1,-1
172,47,780,218,54,24,1,-1,-1,-1
172,48,932,187,41,22,1,-1,-1,-1
172,49,957,199,53,18,1,-1,-1,-1
172,57,216,241,64,23,1,-1,-1,-1
173,0,0,260,31,25,1,-1,-1,-1
173,1,120,278,73,27,1,-1,-1,-1
173,2,311,256,61,24,1,-1,-1,-1
173,3,123,252,57,29,1,-1,-1,-1
173,4,505,243,49,23,1,-1,-1,-1
173,5,332,410,60,73,1,-1,-1,-1
173,6,25,226,65,22,1,-1,-1,-1
173,8,22,212,54,20,1,-1,-1,-1
173,9,25,202,54,18,1,-1,-1,-1
173,10,200,196,56,22,1,-1,-1,-1
173,11,219,206,52,23,1,-1,-1,-1
173,12,280,210,47,25,1,-1,-1,-1
173,13,393,191,62,25,1,-1,-1,-1
173,14,229,118,21,13,1,-1,-1,-1
173,15,253,118,17,12,1,-1,-1,-1
173,16,273,118,17,13,1,-1,-1,-1
173,17,292,117,17,13,1,-1,-1,-1
173,18,313,117,17,12,1,-1,-1,-1
173,19,333,117,16,13,1,-1,-1,-1
173,20,352,117,14,12,1,-1,-1,-1
173,21,271,133,20,17,1,-1,-1,-1
173,22,293,133,20,13,1,-1,-1,-1
173,23,315,131,18,14,1,-1,-1,-1
173,24,339,132,18,14,1,-1,-1,-1
173,25,403,117,13,12,1,-1,-1,-1
173,26,460,131,15,15,1,-1,-1,-1
173,27,503,131,17,16,1,-1,-1,-1
173,28,547,141,28,20,1,-1,-1,-1
173,29,499,115,14,13,1,-1,-1,-1
173,30,517,115,14,13,1,-1,-1,-1
173,33,609,108,29,23,1,-1,-1,-1
173,34,423,115,13,12,1,-1,-1,-1
173,35,481,116,16,12,1,-1,-1,-1
173,36,665,197,58,23,1,-1,-1,-1
173,37,553,112,68,29,1,-1,-1,-1
173,38,530,196,47,19,1,-1,-1,-1
173,39,716,210,53,20,1,-1,-1,-1
173,40,528,208,54,24,1,-1,-1,-1
173,41,476,221,54,23,1,-1,-1,-1
173,42,635,220,42,22,1,-1,-1,-1
173,43,863,198,52,19,1,-1,-1,-1
173,44,744,190,50,20,1,-1,-1,-1
173,45,764,200,54,20,1,-1,-1,-1
173,46,871,208,52,19,1,-1,-1,-1
173,47,777,218,54,24,1,-1,-1,-1
173,48,930,187,41,22,1,-1,-1,-1
173,49,955,199,53,18,1,-1,-1,-1
173,50,993,209,30,16,1,-1,-1,-1
173,57,220,241,64,23,1,-1,-1,-1
174,0,0,260,30,25,1,-1,-1,-1
174,1,121,278,73,27,1,-1,-1,-1
174,2,313,256,61,24,1,-1,-1,-1
174,3,124,252,57,29,1,-1,-1,-1
174,4,508,243,50,23,1,-1,-1,-1
174,5,330,412,60,74,1,-1,-1,-1
174,6,19,226,65,22,1,-1,-1,-1
174,8,17,212,54,20,1,-1,-1,-1
174,9,21,202,55,18,1,-1,-1,-1
174,10,196,196,56,22,1,-1,-1,-1
174,11,214,206,53,23,1,-1,-1,-1
174,12,276,210,47,25,1,-1,-1,-1
174,13,390,191,62,25,1,-1,-1,-1
174,14,229,118,21,13,1,-1,-1,-1
174,15,253,118,17,12,1,-1,-1,-1
174,16,273,118,17,13,1,-1,-1,-1
174,17,292,116,17,13,1,-1,-1,-1
174,18,313,117,17,12,1,-1,-1,-1
174,19,333,117,16,12,1,-1,-1,-1
174,20,352,117,14,12,1,-1,-1,-1
174,21,271,133,20,17,1,-1,-1,-1
174,22,293,133,20,13,1,-1,-1,-1
174,23,315,131,18,14,1,-1,-1,-1
174,24,338,132,18,14,1,-1,-1,-1
174,25,403,117,13,12,1,-1,-1,-1
174,26,460,131,15,15,1,-1,-1,-1
174,27,503,131,17,16,1,-1,-1,-1
174,28,547,141,28,20,1,-1,-1,-1
174,29,498,115,14,12,1,-1,-1,-1
174,30,517,115,14,13,1,-1,-1,-1
174,33,609,108,29,23,1,-1,-1,-1
174,34,423,115,13,12,1,-1,-1,-1
174,35,481,116,16,12,1,-1,-1,-1
174,36,664,197,58,23,1,-1,-1,-1
174,37,554,112,68,29,1,-1,-1,-1
174,38,527,196,47,19,1,-1,-1,-1
174,39,714,210,53,20,1,-1,-1,-1
174,40,525,208,54,23,1,-1,-1,-1
174,41,473,221,54,23,1,-1,-1,-1
174,42,632,220,41,22,1,-1,-1,-1
174,43,861,198,52,19,1,-1,-1,-1
174,44,741,190,50,20,1,-1,-1,-1
174,45,762,200,54,20,1,-1,-1,-1
174,46,870,208,53,19,1,-1,-1,-1
174,47,774,218,54,24,1,-1,-1,-1
174,48,928,187,41,22,1,-1,-1,-1
174,49,953,199,53,18,1,-1,-1,-1
174,50,992,209,31,17,1,-1,-1,-1
174,57,223,241,64,23,1,-1,-1,-1
175,0,0,260,30,25,1,-1,-1,-1
175,1,122,278,73,27,1,-1,-1,-1
175,2,315,256,61,24,1,-1,-1,-1
175,3,125,252,57,29,1,-1,-1,-1
175,4,511,243,50,23,1,-1,-1,-1
175,5,328,415,60,75,1,-1,-1,-1
175,6,13,226,65,22,1,-1,-1,-1
175,8,13,212,54,20,1,-1,-1,-1
175,9,17,202,55,18,1,-1,-1,-1
175,10,193,196,56,22,1,-1,-1,-1
175,11,210,206,53,23,1,-1,-1,-1
175,12,273,210,47,25,1,-1,-1,-1
175,13,387,190,62,25,1,-1,-1,-1
175,14,229,118,21,13,1,-1,-1,-1
175,15,253,118,17,12,1,-1,-1,-1
175,16,273,118,17,13,1,-1,-1,-1
175,17,292,116,17,14,1,-1,-1,-1
175,18,312,117,17,12,1,-1,-1,-1
175,19,333,117,16,12,1,-1,-1,-1
175,20,352,117,14,12,1,-1,-1,-1
175,21,271,133,20,17,1,-1,-1,-1
175,22,293,133,20,13,1,-1,-1,-1
175,23,315,131,18,14,1,-1,-1,-1
175,24,338,132,18,14,1,-1,-1,-1
175,25,403,117,13,12,1,-1,-1,-1
175,26,460,131,15,15,1,-1,-1,-1
175,27,503,131,17,16,1,-1,-1,-1
175,28,547,141,28,20,1,-1,-1,-1
175,29,498,115,14,12,1,-1,-1,-1
175,30,517,115,14,13,1,-1,-1,-1
175,33,609,108,29,23,1,-1,-1,-1
175,34,422,115,13,12,1,-1,-1,-1
175,35,481,116,16,12,1,-1,-1,-1
175,36,662,197,58,23,1,-1,-1,-1
175,37,554,112,68,29,1,-1,-1,-1
175,38,523,196,48,19,1,-1,-1,-1
175,39,711,210,53,20,1,-1,-1,-1
175,40,522,208,54,23,1,-1,-1,-1
175,41,470,221,54,23,1,-1,-1,-1
175,42,629,220,41,22,1,-1,-1,-1
175,43,860,198,51,19,1,-1,-1,-1
175,44,738,190,50,20,1,-1,-1,-1
175,45,761,200,53,20,1,-1,-1,-1
175,46,868,208,53,19,1,-1,-1,-1
175,47,771,218,54,24,1,-1,-1,-1
175,48,926,187,41,22,1,-1,-1,-1
175,49,952,199,53,18,1,-1,-1,-1
175,50,990,208,33,17,1,-1,-1,-1
175,57,226,241,63,23,1,-1,-1,-1
176,0,0,260,30,25,1,-1,-1,-1
176,1,123,278,73,27,1,-1,-1,-1
176,2,317,256,61,24,1,-1,-1,-1
176,3,126,252,57,29,1,-1,-1,-1
176,4,515,242,50,24,1,-1,-1,-1
176,5,327,417,61,75,1,-1,-1,-1
176,6,7,226,65,23,1,-1,-1,-1
176,8,9,212,54,20,1,-1,-1,-1
176,9,13,202,55,18,1,-1,-1,-1
176,10,189,196,56,22,1,-1,-1,-1
176,11,206,206,53,23,1,-1,-1,-1
176,12,269,210,47,25,1,-1,-1,-1
176,13,384,191,62,25,1,-1,-1,-1
176,14,229,118,21,13,1,-1,-1,-1
176,15,253,118,17,12,1,-1,-1,-1
176,16,273,118,17,13,1,-1,-1,-1
176,17,292,116,17,14,1,-1,-1,-1
176,18,312,117,17,12,1,-1,-1,-1
176,19,333,117,16,12,1,-1,-1,-1
176,20,352,117,14,12,1,-1,-1,-1
176,21,271,133,20,17,1,-1,-1,-1
176,22,293,133,20,13,1,-1,-1,-1
176,23,315,131,18,14,1,-1,-1,-1
176,24,338,132,18,14,1,-1,-1,-1
176,25,403,117,13,12,1,-1,-1,-1
176,26,460,131,15,15,1,-1,-1,-1
176,27,503,131,17,15,1,-1,-1,-1
176,28,547,141,28,20,1,-1,-1,-1
176,29,498,115,14,12,1,-1,-1,-1
176,30,516,115,14,13,1,-1,-1,-1
176,33,609,108,29,23,1,-1,-1,-1
176,34,422,115,13,12,1,-1,-1,-1
176,35,480,116,16,12,1,-1,-1,-1
176,36,660,197,58,23,1,-1,-1,-1
176,37,555,112,68,29,1,-1,-1,-1
176,38,520,196,48,19,1,-1,-1,-1
176,39,709,210,53,20,1,-1,-1,-1
176,40,519,208,54,23,1,-1,-1,-1
176,41,467,221,54,23,1,-1,-1,-1
176,42,626,220,41,22,1,-1,-1,-1
176,43,858,198,52,19,1,-1,-1,-1
176,44,735,190,50,20,1,-1,-1,-1
176,45,759,200,53,20,1,-1,-1,-1
176,46,867,208,53,19,1,-1,-1,-1
176,47,769,218,53,24,1,-1,-1,-1
176,48,924,187,41,22,1,-1,-1,-1
176,49,950,199,53,18,1,-1,-1,-1
176,50,988,208,35,17,1,-1,-1,-1
176,57,230,241,63,23,1,-1,-1,-1
177,0,0,260,30,25,1,-1,-1,-1
177,1,124,278,73,27,1,-1,-1,-1
177,2,319,256,61,24,1,-1,-1,-1
177,3,127,252,57,29,1,-1,-1,-1
177,4,518,242,50,24,1,-1,-1,-1
177,5,325,420,61,76,1,-1,-1,-1
177,6,1,226,65,23,1,-1,-1,-1
177,8,5,212,54,20,1,-1,-1,-1
177,9,9,202,55,18,1,-1,-1,-1
177,10,185,196,56,22,1,-1,-1,-1
177,11,202,206,53,23,1,-1,-1,-1
177,12,266,210,47,25,1,-1,-1,-1
177,13,381,191,62,25,1,-1,-1,-1
177,14,229,118,21,13,1,-1,-1,-1
177,15,253,118,17,12,1,-1,-1,-1
177,16,273,118,17,13,1,-1,-1,-1
177,17,292,116,17,14,1,-1,-1,-1
177,18,312,117,17,12,1,-1,-1,-1
177,19,333,117,15,12,1,-1,-1,-1
177,20,351,117,14,12,1,-1,-1,-1
177,21,271,132,20,17,1,-1,-1,-1
177,22,293,133,20,13,1,-1,-1,-1
177,23,315,131,18,14,1,-1,-1,-1
177,24,338,132,18,14,1,-1,-1,-1
177,25,403,116,13,12,1,-1,-1,-1
177,26,460,131,15,16,1,-1,-1,-1
177,27,502,131,17,15,1,-1,-1,-1
177,28,547,141,28,21,1,-1,-1,-1
177,29,498,115,14,12,1,-1,-1,-1
177,30,516,115,14,13,1,-1,-1,-1
177,33,609,108,29,23,1,-1,-1,-1
177,34,422,115,13,12,1,-1,-1,-1
177,35,480,116,16,12,1,-1,-1,-1
177,36,659,197,58,23,1,-1,-1,-1
177,37,556,112,68,30,1,-1,-1,-1
177,38,517,196,48,19,1,-1,-1,-1
177,39,706,210,53,20,1,-1,-1,-1
177,40,516,208,54,23,1,-1,-1,-1
177,41,464,221,54,23,1,-1,-1,-1
177,42,623,220,41,22,1,-1,-1,-1
177,43,856,198,52,19,1,-1,-1,-1
177,44,732,190,50,20,1,-1,-1,-1
177,45,758,200,53,20,1,-1,-1,-1
177,46,865,208,52,19,1,-1,-1,-1
177,47,766,218,53,24,1,-1,-1,-1
177,48,922,187,41,22,1,-1,-1,-1
177,49,949,199,53,18,1,-1,-1,-1
177,50,987,208,36,17,1,-1,-1,-1
177,57,233,241,63,23,1,-1,-1,-1
178,0,0,260,30,25,1,-1,-1,-1
178,1,125,278,72,27,1,-1,-1,-1
178,2,321,256,61,24,1,-1,-1,-1
178,3,128,252,57,29,1,-1,-1,-1
178,4,521,242,50,24,1,-1,-1,-1
178,5,323,422,62,77,1,-1,-1,-1
178,6,0,226,62,21,1,-1,-1,-1
178,8,1,212,54,20,1,-1,-1,-1
178,9,5,202,55,17,1,-1,-1,-1
178,10,182,196,57,22,1,-1,-1,-1
178,11,198,206,54,23,1,-1,-1,-1
178,12,262,210,47,25,1,-1,-1,-1
178,13,378,191,62,25,1,-1,-1,-1
178,14,229,118,21,13,1,-1,-1,-1
178,15,253,118,17,12,1,-1,-1,-1
178,16,273,118,17,13,1,-1,-1,-1
178,17,292,116,17,14,1,-1,-1,-1
178,18,312,117,17,12,1,-1,-1,-1
178,19,333,117,15,12,1,-1,-1,-1
178,20,351,117,14,12,1,-1,-1,-1
178,21,271,132,20,17,1,-1,-1,-1
178,22,293,133,20,13,1,-1,-1,-1
178,23,315,131,18,14,1,-1,-1,-1
178,24,338,132,18,14,1,-1,-1,-1
178,25,403,116,13,12,1,-1,-1,-1
178,26,460,131,15,16,1,-1,-1,-1
178,27,502,132,17,15,1,-1,-1,-1
178,28,547,141,28,21,1,-1,-1,-1
178,29,498,115,14,12,1,-1,-1,-1
178,30,516,115,14,13,1,-1,-1,-1
178,33,609,108,29,23,1,-1,-1,-1
178,34,422,115,13,12,1,-1,-1,-1
178,35,480,116,16,12,1,-1,-1,-1
178,36,657,197,58,23,1,-1,-1,-1
178,37,556,112,68,30,1,-1,-1,-1
178,38,514,196,48,20,1,-1,-1,-1
178,39,703,210,53,20,1,-1,-1,-1
178,40,513,208,54,23,1,-1,-1,-1
178,41,460,221,54,23,1,-1,-1,-1
178,42,619,220,41,22,1,-1,-1,-1
178,43,855,198,52,19,1,-1,-1,-1
178,44,729,190,49,20,1,-1,-1,-1
178,45,756,200,52,19,1,-1,-1,-1
178,46,864,209,52,19,1,-1,-1,-1
178,47,763,218,53,24,1,-1,-1,-1
178,48,920,187,41,22,1,-1,-1,-1
178,49,947,199,53,18,1,-1,-1,-1
178,50,985,208,38,17,1,-1,-1,-1
178,51,991,218,32,18,1,-1,-1,-1
178,57,236,241,63,23,1,-1,-1,-1
179,0,0,260,30,25,1,-1,-1,-1
179,1,126,278,72,27,1,-1,-1,-1
179,2,323,256,61,24,1,-1,-1,-1
179,3,129,252,57,29,1,-1,-1,-1
179,4,524,242,50,24,1,-1,-1,-1
179,5,321,424,62,77,1,-1,-1,-1
179,6,0,226,56,21,1,-1,-1,-1
179,8,0,212,52,20,1,-1,-1,-1
179,9,1,202,55,17,1,-1,-1,-1
179,10,178,196,57,22,1,-1,-1,-1
179,11,194,206,54,23,1,-1,-1,-1
179,12,258,210,47,25,1,-1,-1,-1
179,13,375,191,62,25,1,-1,-1,-1
179,14,229,118,21,12,1,-1,-1,-1
179,15,253,118,17,12,1,-1,-1,-1
179,16,273,118,17,13,1,-1,-1,-1
179,17,291,116,17,14,1,-1,-1,-1
179,18,312,117,17,12,1,-1,-1,-1
179,19,332,117,15,12,1,-1,-1,-1
179,20,351,117,14,12,1,-1,-1,-1
179,21,271,132,20,17,1,-1,-1,-1
179,22,293,133,20,13,1,-1,-1,-1
179,23,315,131,18,14,1,-1,-1,-1
179,24,338,132,18,14,1,-1,-1,-1
179,25,403,116,13,12,1,-1,-1,-1
179,26,460,131,15,16,1,-1,-1,-1
179,27,502,132,17,15,1,-1,-1,-1
179,28,547,141,28,21,1,-1,-1,-1
179,29,498,115,14,12,1,-1,-1,-1
179,30,516,115,14,13,1,-1,-1,-1
179,33,609,108,29,23,1,-1,-1,-1
179,34,422,115,13,12,1,-1,-1,-1
179,35,480,116,16,12,1,-1,-1,-1
179,36,656,198,58,23,1,-1,-1,-1
179,37,557,112,68,30,1,-1,-1,-1
179,38,511,196,48,20,1,-1,-1,-1
179,39,701,210,53,20,1,-1,-1,-1
179,40,510,208,54,23,1,-1,-1,-1
179,41,457,221,54,23,1,-1,-1,-1
179,42,616,220,42,22,1,-1,-1,-1
179,43,853,198,52,19,1,-1,-1,-1
179,44,726,190,49,20,1,-1,-1,-1
179,45,754,200,52,19,1,-1,-1,-1
179,46,862,209,52,19,1,-1,-1,-1
179,47,760,218,54,24,1,-1,-1,-1
179,48,918,187,41,22,1,-1,-1,-1
179,49,945,199,53,18,1,-1,-1,-1
179,50,983,207,40,18,1,-1,-1,-1
179,51,988,218,35,19,1,-1,-1,-1
179,57,240,241,63,23,1,-1,-1,-1
180,0,0,260,30,25,1,-1,-1,-1
180,1,127,278,72,27,1,-1,-1,-1
180,2,325,256,61,24,1,-1,-1,-1
180,3,130,252,57,29,1,-1,-1,-1
180,4,527,242,50,24,1,-1,-1,-1
180,5,320,427,62,78,1,-1,-1,-1
180,6,0,226,49,22,1,-1,-1,-1
180,8,0,212,48,20,1,-1,-1,-1
180,9,0,202,52,17,1,-1,-1,-1
180,10,174,196,57,22,1,-1,-1,-1
180,11,190,206,54,23,1,-1,-1,-1
180,12,255,210,47,25,1,-1,-1,-1
180,13,372,191,62,25,1,-1,-1,-1
180,14,229,118,21,12,1,-1,-1,-1
180,15,253,118,17,12,1,-1,-1,-1
180,16,273,118,17,13,1,-1,-1,-1
180,17,291,116,17,14,1,-1,-1,-1
180,18,312,117,17,12,1,-1,-1,-1
180,19,332,117,15,12,1,-1,-1,-1
180,20,351,117,14,12,1,-1,-1,-1
180,21,271,132,20,17,1,-1,-1,-1
180,22,292,133,20,13,1,-1,-1,-1
180,23,315,131,18,14,1,-1,-1,-1
180,24,338,132,18,14,1,-1,-1,-1
180,25,403,116,13,12,1,-1,-1,-1
180,26,459,131,15,16,1,-1,-1,-1
180,27,502,132,17,15,1,-1,-1,-1
180,28,547,141,28,21,1,-1,-1,-1
180,29,498,115,14,12,1,-1,-1,-1
180,30,516,115,14,13,1,-1,-1,-1
180,33,609,108,29,23,1,-1,-1,-1
180,34,422,115,13,12,1,-1,-1,-1
180,35,480,116,16,12,1,-1,-1,-1
180,36,654,198,57,23,1,-1,-1,-1
180,37,558,112,68,30,1,-1,-1,-1
180,38,508,196,48,20,1,-1,-1,-1
180,39,698,210,53,20,1,-1,-1,-1
180,40,508,209,54,23,1,-1,-1,-1
180,41,453,221,54,23,1,-1,-1,-1
180,42,613,220,42,22,1,-1,-1,-1
180,43,851,198,52,19,1,-1,-1,-1
180,44,723,190,49,20,1,-1,-1,-1
180,45,753,200,52,19,1,-1,-1,-1
180,46,861,209,52,18,1,-1,-1,-1
180,47,756,218,54,23,1,-1,-1,-1
180,48,916,187,41,22,1,-1,-1,-1
180,49,944,199,53,18,1,-1,-1,-1
180,50,982,207,41,18,1,-1,-1,-1
180,51,985,218,38,19,1,-1,-1,-1
180,57,243,241,63,23,1,-1,-1,-1
181,0,0,260,30,25,1,-1,-1,-1
181,1,128,278,72,27,1,-1,-1,-1
181,2,327,256,61,24,1,-1,-1,-1
181,3,131,252,57,29,1,-1,-1,-1
181,4,531,242,50,24,1,-1,-1,-1
181,5,318,429,63,79,1,-1,-1,-1
181,6,0,226,42,22,1,-1,-1,-1
181,8,0,212,44,19,1,-1,-1,-1
181,9,0,202,48,17,1,-1,-1,-1
181,10,171,196,57,22,1,-1,-1,-1
181,11,186,206,54,23,1,-1,-1,-1
181,12,251,210,47,25,1,-1,-1,-1
181,13,369,191,62,25,1,-1,-1,-1
181,14,229,118,21,12,1,-1,-1,-1
181,15,253,118,17,12,1,-1,-1,-1
181,16,273,118,17,13,1,-1,-1,-1
181,17,291,116,17,14,1,-1,-1,-1
181,18,312,117,17,12,1,-1,-1,-1
181,19,332,117,15,12,1,-1,-1,-1
181,20,351,117,14,12,1,-1,-1,-1
181,21,270,132,20,17,1,-1,-1,-1
181,22,292,133,20,13,1,-1,-1,-1
181,23,315,131,18,14,1,-1,-1,-1
181,24,338,132,18,14,1,-1,-1,-1
181,25,403,116,13,12,1,-1,-1,-1
181,26,459,131,15,16,1,-1,-1,-1
181,27,502,132,17,15,1,-1,-1,-1
181,28,547,141,28,21,1,-1,-1,-1
181,29,498,114,14,12,1,-1,-1,-1
181,30,516,115,14,13,1,-1,-1,-1
181,33,609,108,29,24,1,-1,-1,-1
181,34,422,115,13,12,1,-1,-1,-1
181,35,480,116,16,13,1,-1,-1,-1
181,36,652,198,57,22,1,-1,-1,-1
181,37,558,112,68,30,1,-1,-1,-1
181,38,504,196,48,20,1,-1,-1,-1
181,39,696,210,53,20,1,-1,-1,-1
181,40,505,209,54,23,1,-1,-1,-1
181,41,450,221,54,23,1,-1,-1,-1
181,42,610,220,42,22,1,-1,-1,-1
181,43,850,198,52,19,1,-1,-1,-1
181,44,720,190,49,20,1,-1,-1,-1
181,45,751,201,51,19,1,-1,-1,-1
181,46,859,209,52,18,1,-1,-1,-1
181,47,753,219,54,23,1,-1,-1,-1
181,48,914,188,41,22,1,-1,-1,-1
181,49,942,199,53,18,1,-1,-1,-1
181,50,981,207,42,18,1,-1,-1,-1
181,51,982,218,41,19,1,-1,-1,-1
181,57,246,241,63,23,1,-1,-1,-1
182,0,0,260,29,25,1,-1,-1,-1
182,1,129,278,72,27,1,-1,-1,-1
182,2,329,256,61,24,1,-1,-1,-1
182,3,133,252,57,29,1,-1,-1,-1
182,4,534,242,50,24,1,-1,-1,-1
182,5,316,432,63,80,1,-1,-1,-1
182,6,0,226,37,22,1,-1,-1,-1
182,8,0,212,39,19,1,-1,-1,-1
182,9,0,202,44,17,1,-1,-1,-1
182,10,167,196,57,22,1,-1,-1,-1
182,11,182,206,54,23,1,-1,-1,-1
182,12,248,210,47,25,1,-1,-1,-1
182,13,366,191,63,25,1,-1,-1,-1
182,14,229,118,21,12,1,-1,-1,-1
182,15,253,118,17,12,1,-1,-1,-1
182,16,273,118,17,12,1,-1,-1,-1
182,17,291,116,17,14,1,-1,-1,-1
182,18,312,117,17,12,1,-1,-1,-1
182,19,332,117,15,12,1,-1,-1,-1
182,20,351,117,14,12,1,-1,-1,-1
182,21,270,132,20,17,1,-1,-1,-1
182,22,292,133,20,13,1,-1,-1,-1
182,23,315,131,18,14,1,-1,-1,-1
182,24,338,132,18,14,1,-1,-1,-1
182,25,403,116,13,12,1,-1,-1,-1
182,26,459,131,15,16,1,-1,-1,-1
182,27,502,132,17,15,1,-1,-1,-1
182,28,547,141,28,21,1,-1,-1,-1
182,29,498,114,14,12,1,-1,-1,-1
182,30,516,115,14,13,1,-1,-1,-1
182,33,608,108,29,23,1,-1,-1,-1
182,34,422,115,13,12,1,-1,-1,-1
182,35,480,116,17,13,1,-1,-1,-1
182,36,651,198,57,23,1,-1,-1,-1
182,37,559,112,68,30,1,-1,-1,-1
182,38,501,196,48,20,1,-1,-1,-1
182,39,693,210,53,20,1,-1,-1,-1
182,40,502,209,54,23,1,-1,-1,-1
182,41,447,221,54,23,1,-1,-1,-1
182,42,607,220,42,22,1,-1,-1,-1
182,43,848,198,52,19,1,-1,-1,-1
182,44,717,190,49,21,1,-1,-1,-1
182,45,749,201,51,19,1,-1,-1,-1
182,46,858,209,52,18,1,-1,-1,-1
182,47,750,219,54,23,1,-1,-1,-1
182,48,911,188,41,22,1,-1,-1,-1
182,49,941,199,53,19,1,-1,-1,-1
182,50,979,208,44,18,1,-1,-1,-1
182,51,980,218,43,20,1,-1,-1,-1
182,57,250,241,63,23,1,-1,-1,-1
183,0,0,260,29,24,1,-1,-1,-1
183,1,131,277,72,27,1,-1,-1,-1
183,2,331,256,61,24,1,-1,-1,-1
183,3,134,251,57,29,1,-1,-1,-1
183,4,537,242,50,24,1,-1,-1,-1
183,5,314,435,64,81,1,-1,-1,-1
183,6,0,226,31,21,1,-1,-1,-1
183,8,0,212,35,18,1,-1,-1,-1
183,9,0,202,40,17,1,-1,-1,-1
183,10,163,196,57,22,1,-1,-1,-1
183,11,178,206,54,23,1,-1,-1,-1
183,12,244,211,47,25,1,-1,-1,-1
183,13,363,191,63,25,1,-1,-1,-1
183,14,229,118,21,12,1,-1,-1,-1
183,15,253,118,17,12,1,-1,-1,-1
183,16,273,118,17,12,1,-1,-1,-1
183,17,291,116,17,14,1,-1,-1,-1
183,18,312,117,17,12,1,-1,-1,-1
183,19,332,117,15,12,1,-1,-1,-1
183,20,351,117,14,12,1,-1,-1,-1
183,21,270,132,20,17,1,-1,-1,-1
183,22,292,133,20,13,1,-1,-1,-1
183,23,314,131,18,14,1,-1,-1,-1
183,24,338,132,18,14,1,-1,-1,-1
183,25,402,116,13,12,1,-1,-1,-1
183,26,459,131,15,16,1,-1,-1,-1
183,27,502,132,17,15,1,-1,-1,-1
183,28,547,141,28,21,1,-1,-1,-1
183,29,498,114,14,12,1,-1,-1,-1
183,30,516,115,14,13,1,-1,-1,-1
183,33,608,108,29,23,1,-1,-1,-1
183,34,422,116,13,12,1,-1,-1,-1
183,35,480,116,17,13,1,-1,-1,-1
183,36,649,198,57,23,1,-1,-1,-1
183,37,559,112,68,30,1,-1,-1,-1
183,38,498,196,48,20,1,-1,-1,-1
183,39,690,210,53,20,1,-1,-1,-1
183,40,499,209,54,23,1,-1,-1,-1
183,41,443,221,54,23,1,-1,-1,-1
183,42,604,220,42,22,1,-1,-1,-1
183,43,846,198,52,19,1,-1,-1,-1
183,44,714,190,49,21,1,-1,-1,-1
183,45,747,201,52,19,1,-1,-1,-1
183,46,856,209,52,18,1,-1,-1,-1
183,47,747,219,54,23,1,-1,-1,-1
183,48,909,188,41,22,1,-1,-1,-1
183,49,939,199,53,19,1,-1,-1,-1
183,50,978,208,45,18,1,-1,-1,-1
183,51,979,218,44,20,1,-1,-1,-1
183,57,253,241,63,23,1,-1,-1,-1
184,0,0,260,29,24,1,-1,-1,-1
184,1,132,277,72,27,1,-1,-1,-1
184,2,333,256,61,24,1,-1,-1,-1
184,3,136,251,57,29,1,-1,-1,-1
184,4,540,242,50,24,1,-1,-1,-1
184,5,312,438,64,83,1,-1,-1,-1
184,8,0,212,31,18,1,-1,-1,-1
184,9,0,202,36,17,1,-1,-1,-1
184,10,159,196,57,22,1,-1,-1,-1
184,11,174,206,54,23,1,-1,-1,-1
184,12,240,211,47,25,1,-1,-1,-1
184,13,360,191,63,25,1,-1,-1,-1
184,14,229,119,21,12,1,-1,-1,-1
184,15,253,118,17,12,1,-1,-1,-1
184,16,272,118,17,12,1,-1,-1,-1
184,17,291,116,17,14,1,-1,-1,-1
184,18,312,117,17,12,1,-1,-1,-1
184,19,332,117,15,12,1,-1,-1,-1
184,20,351,117,15,12,1,-1,-1,-1
184,21,270,132,20,17,1,-1,-1,-1
184,22,292,133,20,13,1,-1,-1,-1
184,23,314,131,18,14,1,-1,-1,-1
184,24,338,132,18,14,1,-1,-1,-1
184,25,402,116,13,12,1,-1,-1,-1
184,26,459,131,15,16,1,-1,-1,-1
184,27,502,132,17,15,1,-1,-1,-1
184,28,547,141,28,21,1,-1,-1,-1
184,29,498,114,14,13,1,-1,-1,-1
184,30,516,115,14,13,1,-1,-1,-1
184,33,608,108,30,23,1,-1,-1,-1
184,34,422,116,13,12,1,-1,-1,-1
184,35,480,115,17,13,1,-1,-1,-1
184,36,647,197,57,23,1,-1,-1,-1
184,37,560,112,69,30,1,-1,-1,-1
184,38,495,196,48,20,1,-1,-1,-1
184,39,688,210,53,20,1,-1,-1,-1
184,40,496,209,54,23,1,-1,-1,-1
184,41,440,221,54,23,1,-1,-1,-1
184,42,600,220,42,22,1,-1,-1,-1
184,43,845,198,52,19,1,-1,-1,-1
184,44,711,190,49,21,1,-1,-1,-1
184,45,745,201,52,19,1,-1,-1,-1
184,46,855,210,52,18,1,-1,-1,-1
184,47,744,219,54,23,1,-1,-1,-1
184,48,907,188,41,22,1,-1,-1,-1
184,49,937,199,53,19,1,-1,-1,-1
184,50,977,208,46,18,1,-1,-1,-1
184,51,978,218,45,20,1,-1,-1,-1
184,57,257,240,63,23,1,-1,-1,-1
185,0,0,260,29,24,1,-1,-1,-1
185,1,133,277,72,27,1,-1,-1,-1
185,2,336,256,61,24,1,-1,-1,-1
185,3,137,251,57,29,1,-1,-1,-1
185,4,543,242,50,24,1,-1,-1,-1
185,5,310,441,65,84,1,-1,-1,-1
185,8,0,213,27,17,1,-1,-1,-1
185,9,0,201,32,17,1,-1,-1,-1
185,10,155,196,57,22,1,-1,-1,-1
185,11,170,206,54,23,1,-1,-1,-1
185,12,236,211,47,25,1,-1,-1,-1
185,13,357,191,63,25,1,-1,-1,-1
185,14,229,119,21,12,1,-1,-1,-1
185,15,253,118,17,12,1,-1,-1,-1
185,16,272,118,17,12,1,-1,-1,-1
185,17,291,116,17,14,1,-1,-1,-1
185,18,312,117,17,12,1,-1,-1,-1
185,19,332,117,15,12,1,-1,-1,-1
185,20,351,117,15,12,1,-1,-1,-1
185,21,270,132,20,17,1,-1,-1,-1
185,22,292,133,20,13,1,-1,-1,-1
185,23,314,131,18,14,1,-1,-1,-1
185,24,338,132,18,14,1,-1,-1,-1
185,25,402,116,13,12,1,-1,-1,-1
185,26,459,131,15,16,1,-1,-1,-1
185,27,502,131,17,15,1,-1,-1,-1
185,28,547,141,28,21,1,-1,-1,-1
185,29,498,114,14,13,1,-1,-1,-1
185,30,516,115,14,13,1,-1,-1,-1
185,33,608,108,30,23,1,-1,-1,-1
185,34,422,116,13,12,1,-1,-1,-1
185,35,480,115,17,13,1,-1,-1,-1
185,36,645,197,57,23,1,-1,-1,-1
185,37,560,112,69,30,1,-1,-1,-1
185,38,492,197,49,20,1,-1,-1,-1
185,39,685,210,53,20,1,-1,-1,-1
185,40,493,209,54,23,1,-1,-1,-1
185,41,436,221,54,23,1,-1,-1,-1
185,42,597,220,42,22,1,-1,-1,-1
185,43,843,198,52,19,1,-1,-1,-1
185,44,708,190,49,21,1,-1,-1,-1
185,45,744,201,52,20,1,-1,-1,-1
185,46,853,210,51,18,1,-1,-1,-1
185,47,741,219,55,23,1,-1,-1,-1
185,48,905,188,40,22,1,-1,-1,-1
185,49,936,199,53,19,1,-1,-1,-1
185,50,976,208,47,18,1,-1,-1,-1
185,51,978,219,45,19,1,-1,-1,-1
185,57,261,240,63,23,1,-1,-1,-1
186,0,0,260,29,24,1,-1,-1,-1
186,1,134,277,72,27,1,-1,-1,-1
186,2,338,256,61,24,1,-1,-1,-1
186,3,139,251,57,29,1,-1,-1,-1
186,4,547,242,50,24,1,-1,-1,-1
186,5,308,444,65,85,1,-1,-1,-1
186,9,0,201,29,17,1,-1,-1,-1
186,10,151,197,58,22,1,-1,-1,-1
186,11,165,206,54,23,1,-1,-1,-1
186,12,233,211,47,25,1,-1,-1,-1
186,13,355,191,63,25,1,-1,-1,-1
186,14,229,119,21,12,1,-1,-1,-1
186,15,253,118,17,12,1,-1,-1,-1
186,16,272,118,17,12,1,-1,-1,-1
186,17,291,116,17,14,1,-1,-1,-1
186,18,312,117,17,12,1,-1,-1,-1
186,19,332,117,15,12,1,-1,-1,-1
186,20,351,117,15,12,1,-1,-1,-1
186,21,270,132,20,17,1,-1,-1,-1
186,22,292,133,20,13,1,-1,-1,-1
186,23,314,131,18,14,1,-1,-1,-1
186,24,338,132,18,14,1,-1,-1,-1
186,25,402,116,13,12,1,-1,-1,-1
186,26,459,131,15,15,1,-1,-1,-1
186,27,502,131,17,15,1,-1,-1,-1
186,28,547,141,28,21,1,-1,-1,-1
186,29,498,114,14,13,1,-1,-1,-1
186,30,516,115,14,13,1,-1,-1,-1
186,33,608,109,30,23,1,-1,-1,-1
186,34,422,116,13,12,1,-1,-1,-1
186,35,480,115,17,13,1,-1,-1,-1
186,36,643,197,57,23,1,-1,-1,-1
186,37,561,112,69,30,1,-1,-1,-1
186,38,489,197,49,20,1,-1,-1,-1
186,39,683,210,53,20,1,-1,-1,-1
186,40,490,209,54,23,1,-1,-1,-1
186,41,433,221,54,23,1,-1,-1,-1
186,42,594,220,42,22,1,-1,-1,-1
186,43,841,198,52,19,1,-1,-1,-1
186,44,705,190,49,21,1,-1,-1,-1
186,45,742,201,53,20,1,-1,-1,-1
186,46,852,210,51,17,1,-1,-1,-1
186,47,738,219,55,23,1,-1,-1,-1
186,48,903,188,40,22,1,-1,-1,-1
186,49,934,199,53,19,1,-1,-1,-1
186,50,975,208,48,18,1,-1,-1,-1
186,51,977,219,46,19,1,-1,-1,-1
186,57,264,240,63,23,1,-1,-1,-1
187,0,0,260,29,24,1,-1,-1,-1
187,1,136,277,72,27,1,-1,-1,-1
187,2,340,256,61,24,1,-1,-1,-1
187,3,140,251,57,30,1,-1,-1,-1
187,4,550,242,50,24,1,-1,-1,-1
187,5,305,446,66,86,1,-1,-1,-1
187,9,0,201,25,17,1,-1,-1,-1
187,10,147,197,58,22,1,-1,-1,-1
187,11,161,206,54,23,1,-1,-1,-1
187,12,229,211,47,25,1,-1,-1,-1
187,13,352,191,63,25,1,-1,-1,-1
187,14,228,119,21,12,1,-1,-1,-1
187,15,253,118,17,12,1,-1,-1,-1
187,16,272,118,17,12,1,-1,-1,-1
187,17,291,116,17,14,1,-1,-1,-1
187,18,312,117,17,12,1,-1,-1,-1
187,19,332,117,15,12,1,-1,-1,-1
187,20,351,117,15,12,1,-1,-1,-1
187,21,270,132,20,17,1,-1,-1,-1
187,22,292,133,20,13,1,-1,-1,-1
187,23,314,131,18,14,1,-1,-1,-1
187,24,338,132,18,14,1,-1,-1,-1
187,25,402,116,13,12,1,-1,-1,-1
187,26,459,131,15,15,1,-1,-1,-1
187,27,502,131,17,15,1,-1,-1,-1
187,28,547,141,28,21,1,-1,-1,-1
187,29,498,114,14,13,1,-1,-1,-1
187,30,516,115,14,13,1,-1,-1,-1
187,33,608,109,30,23,1,-1,-1,-1
187,34,422,116,13,12,1,-1,-1,-1
187,35,480,115,17,13,1,-1,-1,-1
187,36,642,197,58,23,1,-1,-1,-1
187,37,561,112,69,31,1,-1,-1,-1
187,38,485,197,49,20,1,-1,-1,-1
187,39,680,211,53,20,1,-1,-1,-1
187,40,487,209,54,23,1,-1,-1,-1
187,41,429,221,54,23,1,-1,-1,-1
187,42,591,221,42,21,1,-1,-1,-1
187,43,840,198,52,19,1,-1,-1,-1
187,44,701,190,49,21,1,-1,-1,-1
187,45,740,201,53,20,1,-1,-1,-1
187,46,850,210,51,17,1,-1,-1,-1
187,47,735,219,55,23,1,-1,-1,-1
187,48,900,188,40,22,1,-1,-1,-1
187,49,932,199,53,19,1,-1,-1,-1
187,50,973,208,50,18,1,-1,-1,-1
187,51,977,219,46,19,1,-1,-1,-1
187,57,268,240,63,23,1,-1,-1,-1
188,0,0,260,29,24,1,-1,-1,-1
188,1,137,277,72,27,1,-1,-1,-1
188,2,342,256,61,24,1,-1,-1,-1
188,3,142,251,57,30,1,-1,-1,-1
188,4,553,242,50,24,1,-1,-1,-1
188,5,303,449,66,87,1,-1,-1,-1
188,10,143,197,58,22,1,-1,-1,-1
188,11,157,207,55,23,1,-1,-1,-1
188,12,225,211,48,25,1,-1,-1,-1
188,13,349,191,63,25,1,-1,-1,-1
188,14,228,119,21,12,1,-1,-1,-1
188,15,253,118,17,12,1,-1,-1,-1
188,16,272,118,17,12,1,-1,-1,-1
188,17,291,116,17,14,1,-1,-1,-1
188,18,312,117,17,12,1,-1,-1,-1
188,19,332,117,15,12,1,-1,-1,-1
188,20,351,117,15,12,1,-1,-1,-1
188,21,270,132,20,17,1,-1,-1,-1
188,22,292,133,20,13,1,-1,-1,-1
188,23,314,131,18,14,1,-1,-1,-1
188,24,337,132,18,14,1,-1,-1,-1
188,25,402,116,13,12,1,-1,-1,-1
188,26,459,131,15,15,1,-1,-1,-1
188,27,502,131,17,15,1,-1,-1,-1
188,28,547,141,28,21,1,-1,-1,-1
188,29,498,114,14,13,1,-1,-1,-1
188,30,516,115,14,13,1,-1,-1,-1
188,33,608,109,30,23,1,-1,-1,-1
188,34,422,116,13,12,1,-1,-1,-1
188,35,480,115,17,13,1,-1,-1,-1
188,36,640,197,58,23,1,-1,-1,-1
188,37,562,112,69,31,1,-1,-1,-1
188,38,482,197,49,20,1,-1,-1,-1
188,39,677,211,53,20,1,-1,-1,-1
188,40,484,209,54,23,1,-1,-1,-1
188,41,426,221,54,23,1,-1,-1,-1
188,42,588,221,42,21,1,-1,-1,-1
188,43,838,198,52,19,1,-1,-1,-1
188,44,698,190,49,21,1,-1,-1,-1
188,45,738,201,53,20,1,-1,-1,-1
188,46,849,210,51,17,1,-1,-1,-1
188,47,732,219,55,23,1,-1,-1,-1
188,48,898,188,40,22,1,-1,-1,-1
188,49,931,199,53,19,1,-1,-1,-1
188,50,972,208,51,18,1,-1,-1,-1
188,51,976,219,47,19,1,-1,-1,-1
188,57,271,240,63,23,1,-1,-1,-1
189,0,0,260,28,24,1,-1,-1,-1
189,1,138,277,72,27,1,-1,-1,-1
189,2,344,256,61,24,1,-1,-1,-1
189,3,143,251,57,30,1,-1,-1,-1
189,4,557,242,50,24,1,-1,-1,-1
189,5,301,453,66,86,1,-1,-1,-1
189,10,139,197,58,22,1,-1,-1,-1
189,11,153,207,55,23,1,-1,-1,-1
189,12,222,211,48,25,1,-1,-1,-1
189,13,346,191,64,25,1,-1,-1,-1
189,14,228,119,21,12,1,-1,-1,-1
189,15,253,118,17,12,1,-1,-1,-1
189,16,272,118,17,12,1,-1,-1,-1
189,17,291,116,17,14,1,-1,-1,-1
189,18,312,117,17,12,1,-1,-1,-1
189,19,332,117,15,12,1,-1,-1,-1
189,20,350,117,15,12,1,-1,-1,-1
189,21,270,132,20,17,1,-1,-1,-1
189,22,292,133,20,13,1,-1,-1,-1
189,23,314,131,18,14,1,-1,-1,-1
189,24,337,132,18,14,1,-1,-1,-1
189,25,402,116,13,12,1,-1,-1,-1
189,26,459,131,15,15,1,-1,-1,-1
189,27,502,131,17,15,1,-1,-1,-1
189,28,547,141,28,20,1,-1,-1,-1
189,29,498,114,14,13,1,-1,-1,-1
189,30,516,115,14,13,1,-1,-1,-1
189,33,608,109,30,23,1,-1,-1,-1
189,34,422,116,12,12,1,-1,-1,-1
189,35,480,115,17,13,1,-1,-1,-1
189,36,638,197,58,23,1,-1,-1,-1
189,37,562,112,69,31,1,-1,-1,-1
189,38,479,197,49,20,1,-1,-1,-1
189,39,675,211,53,20,1,-1,-1,-1
189,40,481,209,54,22,1,-1,-1,-1
189,41,423,221,54,23,1,-1,-1,-1
189,42,585,221,42,21,1,-1,-1,-1
189,43,836,198,52,19,1,-1,-1,-1
189,44,695,190,49,21,1,-1,-1,-1
189,45,736,201,54,20,1,-1,-1,-1
189,46,847,210,51,17,1,-1,-1,-1
189,47,729,219,55,23,1,-1,-1,-1
189,48,896,188,40,22,1,-1,-1,-1
189,49,929,199,53,19,1,-1,-1,-1
189,50,971,208,52,18,1,-1,-1,-1
189,51,976,218,44,19,1,-1,-1,-1
189,57,275,240,63,23,1,-1,-1,-1
190,0,0,260,29,24,1,-1,-1,-1
190,1,139,277,72,27,1,-1,-1,-1
190,2,347,256,61,24,1,-1,-1,-1
190,3,145,251,57,30,1,-1,-1,-1
190,4,560,242,50,24,1,-1,-1,-1
190,5,299,456,66,83,1,-1,-1,-1
190,10,135,197,58,22,1,-1,-1,-1
190,11,149,207,55,23,1,-1,-1,-1
190,12,218,211,48,25,1,-1,-1,-1
190,13,343,191,64,25,1,-1,-1,-1
190,14,228,119,21,12,1,-1,-1,-1
190,15,253,118,17,12,1,-1,-1,-1
190,16,272,118,17,12,1,-1,-1,-1
190,17,291,116,17,14,1,-1,-1,-1
190,18,312,117,17,12,1,-1,-1,-1
190,19,332,117,15,12,1,-1,-1,-1
190,20,350,117,15,12,1,-1,-1,-1
190,21,270,132,20,17,1,-1,-1,-1
190,22,292,133,20,13,1,-1,-1,-1
190,23,314,131,18,14,1,-1,-1,-1
190,24,337,132,18,14,1,-1,-1,-1
190,25,402,116,13,12,1,-1,-1,-1
190,26,459,131,15,15,1,-1,-1,-1
190,27,502,131,17,15,1,-1,-1,-1
190,28,547,141,28,20,1,-1,-1,-1
190,29,498,114,14,13,1,-1,-1,-1
190,30,516,115,14,13,1,-1,-1,-1
190,33,608,109,30,23,1,-1,-1,-1
190,34,422,116,12,12,1,-1,-1,-1
190,35,480,115,16,13,1,-1,-1,-1
190,36,636,197,58,24,1,-1,-1,-1
190,37,562,112,69,31,1,-1,-1,-1
190,38,476,197,49,20,1,-1,-1,-1
190,39,672,211,53,20,1,-1,-1,-1
190,40,478,209,54,22,1,-1,-1,-1
190,41,419,221,54,23,1,-1,-1,-1
190,42,581,221,42,21,1,-1,-1,-1
190,43,835,198,52,19,1,-1,-1,-1
190,44,692,190,49,21,1,-1,-1,-1
190,45,734,201,54,20,1,-1,-1,-1
190,46,845,210,51,17,1,-1,-1,-1
190,47,726,219,55,23,1,-1,-1,-1
190,48,894,188,40,22,1,-1,-1,-1
190,49,927,199,53,19,1,-1,-1,-1
190,50,970,208,53,18,1,-1,-1,-1
190,51,976,218,40,20,1,-1,-1,-1
190,57,278,240,63,23,1,-1,-1,-1
190,58,0,240,38,24,1,-1,-1,-1
191,0,0,260,29,24,1,-1,-1,-1
191,1,141,277,72,27,1,-1,-1,-1
191,2,349,256,61,24,1,-1,-1,-1
191,3,146,251,57,30,1,-1,-1,-1
191,4,564,242,50,24,1,-1,-1,-1
191,5,297,460,67,79,1,-1,-1,-1
191,10,131,197,58,22,1,-1,-1,-1
191,11,145,207,55,23,1,-1,-1,-1
191,12,214,211,48,25,1,-1,-1,-1
191,13,340,191,64,25,1,-1,-1,-1
191,14,228,119,21,12,1,-1,-1,-1
191,15,252,118,17,12,1,-1,-1,-1
191,16,272,118,17,12,1,-1,-1,-1
191,17,291,116,17,14,1,-1,-1,-1
191,18,312,116,17,12,1,-1,-1,-1
191,19,332,117,15,13,1,-1,-1,-1
191,20,350,117,15,12,1,-1,-1,-1
191,21,270,132,20,17,1,-1,-1,-1
191,22,292,133,20,13,1,-1,-1,-1
191,23,314,131,18,14,1,-1,-1,-1
191,24,337,132,18,14,1,-1,-1,-1
191,25,402,116,13,12,1,-1,-1,-1
191,26,459,131,15,15,1,-1,-1,-1
191,27,502,131,17,15,1,-1,-1,-1
191,28,547,141,28,20,1,-1,-1,-1
191,29,498,114,14,13,1,-1,-1,-1
191,30,516,115,14,13,1,-1,-1,-1
191,33,608,109,30,23,1,-1,-1,-1
191,34,422,116,12,12,1,-1,-1,-1
191,35,480,115,16,13,1,-1,-1,-1
191,36,634,197,58,24,1,-1,-1,-1
191,37,563,112,69,31,1,-1,-1,-1
191,38,473,197,48,20,1,-1,-1,-1
191,39,670,211,53,20,1,-1,-1,-1
191,40,475,209,54,22,1,-1,-1,-1
191,41,416,220,54,23,1,-1,-1,-1
191,42,578,221,42,21,1,-1,-1,-1
191,43,833,198,53,19,1,-1,-1,-1
191,44,690,190,47,21,1,-1,-1,-1
191,45,732,201,54,20,1,-1,-1,-1
191,46,843,210,51,17,1,-1,-1,-1
191,47,724,220,55,23,1,-1,-1,-1
191,48,892,188,40,21,1,-1,-1,-1
191,49,925,199,53,19,1,-1,-1,-1
191,50,963,208,60,19,1,-1,-1,-1
191,51,973,217,41,20,1,-1,-1,-1
191,57,282,240,63,23,1,-1,-1,-1
191,58,0,240,42,25,1,-1,-1,-1
192,0,0,260,29,24,1,-1,-1,-1
192,1,142,277,72,27,1,-1,-1,-1
192,2,351,256,61,24,1,-1,-1,-1
192,3,148,251,57,30,1,-1,-1,-1
192,4,567,242,50,24,1,-1,-1,-1
192,5,295,464,67,75,1,-1,-1,-1
192,10,127,197,58,22,1,-1,-1,-1
192,11,141,207,55,23,1,-1,-1,-1
192,12,210,211,48,25,1,-1,-1,-1
192,13,337,191,64,25,1,-1,-1,-1
192,14,228,119,21,12,1,-1,-1,-1
192,15,252,118,17,12,1,-1,-1,-1
192,16,272,118,16,12,1,-1,-1,-1
192,17,291,116,17,14,1,-1,-1,-1
192,18,312,116,17,12,1,-1,-1,-1
192,19,331,116,15,13,1,-1,-1,-1
192,20,350,117,15,12,1,-1,-1,-1
192,21,270,132,20,17,1,-1,-1,-1
192,22,292,133,20,13,1,-1,-1,-1
192,23,314,131,18,14,1,-1,-1,-1
192,24,337,131,18,14,1,-1,-1,-1
192,25,402,116,13,12,1,-1,-1,-1
192,26,459,131,15,15,1,-1,-1,-1
192,27,502,131,17,15,1,-1,-1,-1
192,28,547,141,28,20,1,-1,-1,-1
192,29,498,114,14,13,1,-1,-1,-1
192,30,516,115,14,13,1,-1,-1,-1
192,33,608,109,30,23,1,-1,-1,-1
192,34,422,116,13,12,1,-1,-1,-1
192,35,480,115,16,13,1,-1,-1,-1
192,36,633,197,58,24,1,-1,-1,-1
192,37,563,112,69,31,1,-1,-1,-1
192,38,469,197,48,20,1,-1,-1,-1
192,39,667,211,53,20,1,-1,-1,-1
192,40,472,209,54,22,1,-1,-1,-1
192,41,412,220,54,23,1,-1,-1,-1
192,42,575,221,42,21,1,-1,-1,-1
192,43,831,198,53,19,1,-1,-1,-1
192,44,688,190,46,21,1,-1,-1,-1
192,45,731,201,54,20,1,-1,-1,-1
192,46,842,210,51,18,1,-1,-1,-1
192,47,721,220,54,22,1,-1,-1,-1
192,48,890,188,40,21,1,-1,-1,-1
192,49,924,199,53,19,1,-1,-1,-1
192,50,961,208,61,19,1,-1,-1,-1
192,51,970,217,42,20,1,-1,-1,-1
192,57,285,240,63,23,1,-1,-1,-1
192,58,0,240,47,25,1,-1,-1,-1
193,0,0,260,29,24,1,-1,-1,-1
193,1,143,277,72,27,1,-1,-1,-1
193,2,353,255,61,24,1,-1,-1,-1
193,3,149,251,57,30,1,-1,-1,-1
193,4,570,242,50,24,1,-1,-1,-1
193,5,293,467,67,72,1,-1,-1,-1
193,10,123,197,59,22,1,-1,-1,-1
193,11,137,207,55,23,1,-1,-1,-1
193,12,207,211,48,25,1,-1,-1,-1
193,13,334,191,64,25,1,-1,-1,-1
193,14,228,119,21,12,1,-1,-1,-1
193,15,252,118,17,12,1,-1,-1,-1
193,16,272,118,16,12,1,-1,-1,-1
193,17,291,116,17,14,1,-1,-1,-1
193,18,312,116,17,12,1,-1,-1,-1
193,19,331,116,15,13,1,-1,-1,-1
193,20,350,117,15,12,1,-1,-1,-1
193,21,270,132,20,17,1,-1,-1,-1
193,22,292,133,20,13,1,-1,-1,-1
193,23,314,131,18,14,1,-1,-1,-1
193,24,337,131,18,14,1,-1,-1,-1
193,25,402,116,13,13,1,-1,-1,-1
193,26,459,131,15,15,1,-1,-1,-1
193,27,502,131,17,15,1,-1,-1,-1
193,28,547,141,28,20,1,-1,-1,-1
193,29,498,114,14,13,1,-1,-1,-1
193,30,516,115,14,13,1,-1,-1,-1
193,33,608,109,30,23,1,-1,-1,-1
193,34,421,116,13,12,1,-1,-1,-1
193,35,480,115,16,13,1,-1,-1,-1
193,36,631,197,58,24,1,-1,-1,-1
193,37,564,112,69,31,1,-1,-1,-1
193,38,466,198,48,20,1,-1,-1,-1
193,39,665,211,53,20,1,-1,-1,-1
193,40,469,209,54,22,1,-1,-1,-1
193,41,409,220,54,23,1,-1,-1,-1
193,42,572,221,42,21,1,-1,-1,-1
193,43,830,198,53,19,1,-1,-1,-1
193,44,686,191,44,21,1,-1,-1,-1
193,45,729,201,54,20,1,-1,-1,-1
193,46,840,210,51,18,1,-1,-1,-1
193,47,718,220,54,22,1,-1,-1,-1
193,48,887,188,40,21,1,-1,-1,-1
193,49,922,199,53,19,1,-1,-1,-1
193,50,959,208,61,20,1,-1,-1,-1
193,51,966,217,43,21,1,-1,-1,-1
193,57,289,240,63,23,1,-1,-1,-1
193,58,0,240,51,26,1,-1,-1,-1
194,0,0,260,29,24,1,-1,-1,-1
194,1,144,277,73,27,1,-1,-1,-1
194,2,356,255,61,24,1,-1,-1,-1
194,3,151,251,57,30,1,-1,-1,-1
194,4,574,242,50,24,1,-1,-1,-1
194,5,291,471,68,68,1,-1,-1,-1
194,10,119,197,59,22,1,-1,-1,-1
194,11,133,207,55,23,1,-1,-1,-1
194,12,203,211,48,25,1,-1,-1,-1
194,13,331,191,64,25,1,-1,-1,-1
194,14,228,119,20,12,1,-1,-1,-1
194,15,252,118,17,12,1,-1,-1,-1
194,16,272,118,16,12,1,-1,-1,-1
194,17,291,116,17,14,1,-1,-1,-1
194,18,311,116,17,12,1,-1,-1,-1
194,19,331,116,15,13,1,-1,-1,-1
194,20,350,117,15,12,1,-1,-1,-1
194,21,270,132,20,17,1,-1,-1,-1
194,22,292,133,20,13,1,-1,-1,-1
194,23,314,131,18,14,1,-1,-1,-1
194,24,337,131,18,14,1,-1,-1,-1
194,25,401,116,14,13,1,-1,-1,-1
194,26,459,131,15,15,1,-1,-1,-1
194,27,502,131,17,15,1,-1,-1,-1
194,28,546,141,28,20,1,-1,-1,-1
194,29,498,114,14,13,1,-1,-1,-1
194,30,516,115,14,13,1,-1,-1,-1
194,33,608,109,30,23,1,-1,-1,-1
194,34,421,116,13,12,1,-1,-1,-1
194,35,480,116,16,12,1,-1,-1,-1
194,36,629,197,58,24,1,-1,-1,-1
194,37,564,112,69,31,1,-1,-1,-1
194,38,463,198,48,20,1,-1,-1,-1
194,39,662,211,53,20,1,-1,-1,-1
194,40,466,209,54,22,1,-1,-1,-1
194,41,405,220,54,23,1,-1,-1,-1
194,42,569,221,42,21,1,-1,-1,-1
194,43,828,198,53,19,1,-1,-1,-1
194,44,684,191,43,21,1,-1,-1,-1
194,45,727,201,54,20,1,-1,-1,-1
194,46,838,210,51,18,1,-1,-1,-1
194,47,715,220,54,22,1,-1,-1,-1
194,48,885,188,40,21,1,-1,-1,-1
194,49,920,199,52,19,1,-1,-1,-1
194,50,957,207,62,20,1,-1,-1,-1
194,51,963,217,44,21,1,-1,-1,-1
194,57,292,240,63,23,1,-1,-1,-1
194,58,0,240,55,26,1,-1,-1,-1
195,0,0,260,30,24,1,-1,-1,-1
195,1,146,277,73,27,1,-1,-1,-1
195,2,358,255,61,24,1,-1,-1,-1
195,3,152,251,57,30,1,-1,-1,-1
195,4,577,242,50,24,1,-1,-1,-1
195,5,290,474,68,65,1,-1,-1,-1
195,10,115,197,59,22,1,-1,-1,-1
195,11,129,207,55,23,1,-1,-1,-1
195,12,199,211,48,25,1,-1,-1,-1
195,13,328,191,64,25,1,-1,-1,-1
195,14,228,119,20,12,1,-1,-1,-1
195,15,252,118,17,12,1,-1,-1,-1
195,16,272,117,16,12,1,-1,-1,-1
195,17,291,116,17,14,1,-1,-1,-1
195,18,311,116,17,12,1,-1,-1,-1
195,19,331,116,15,13,1,-1,-1,-1
195,20,350,117,15,12,1,-1,-1,-1
195,21,269,133,20,17,1,-1,-1,-1
195,22,292,133,20,13,1,-1,-1,-1
195,23,314,131,18,14,1,-1,-1,-1
195,24,337,131,18,14,1,-1,-1,-1
195,25,401,116,14,13,1,-1,-1,-1
195,26,459,131,15,15,1,-1,-1,-1
195,27,502,131,17,15,1,-1,-1,-1
195,28,546,141,28,20,1,-1,-1,-1
195,29,498,114,14,13,1,-1,-1,-1
195,30,516,115,14,13,1,-1,-1,-1
195,33,608,109,29,23,1,-1,-1,-1
195,34,421,115,13,12,1,-1,-1,-1
195,35,480,116,16,12,1,-1,-1,-1
195,36,627,197,58,24,1,-1,-1,-1
195,37,565,112,70,32,1,-1,-1,-1
195,38,460,198,48,20,1,-1,-1,-1
195,39,659,211,53,20,1,-1,-1,-1
195,40,463,209,54,22,1,-1,-1,-1
195,41,402,220,54,23,1,-1,-1,-1
195,42,565,221,42,21,1,-1,-1,-1
195,43,826,198,52,19,1,-1,-1,-1
195,44,682,191,41,21,1,-1,-1,-1
195,45,726,201,54,20,1,-1,-1,-1
195,46,836,209,51,18,1,-1,-1,-1
195,47,713,220,54,22,1,-1,-1,-1
195,48,883,188,40,21,1,-1,-1,-1
195,49,918,199,52,19,1,-1,-1,-1
195,50,955,207,62,20,1,-1,-1,-1
195,51,956,217,48,20,1,-1,-1,-1
195,57,296,240,63,23,1,-1,-1,-1
195,58,0,241,59,26,1,-1,-1,-1
196,0,0,260,30,24,1,-1,-1,-1
196,1,147,277,73,27,1,-1,-1,-1
196,2,360,255,61,24,1,-1,-1,-1
196,3,154,251,57,30,1,-1,-1,-1
196,4,581,241,50,24,1,-1,-1,-1
196,5,288,478,68,61,1,-1,-1,-1
196,10,111,197,59,22,1,-1,-1,-1
196,11,125,207,55,23,1,-1,-1,-1
196,12,195,211,48,25,1,-1,-1,-1
196,13,325,191,64,25,1,-1,-1,-1
196,14,228,119,20,12,1,-1,-1,-1
196,15,252,118,17,12,1,-1,-1,-1
196,16,272,117,16,13,1,-1,-1,-1
196,17,291,116,17,14,1,-1,-1,-1
196,18,311,116,17,12,1,-1,-1,-1
196,19,331,116,15,13,1,-1,-1,-1
196,20,350,117,15,12,1,-1,-1,-1
196,21,269,133,20,17,1,-1,-1,-1
196,22,292,133,20,13,1,-1,-1,-1
196,23,314,131,18,14,1,-1,-1,-1
196,24,337,131,18,14,1,-1,-1,-1
196,25,401,116,14,13,1,-1,-1,-1
196,26,459,131,14,15,1,-1,-1,-1
196,27,502,131,17,16,1,-1,-1,-1
196,28,546,141,28,20,1,-1,-1,-1
196,29,498,114,14,13,1,-1,-1,-1
196,30,516,115,14,13,1,-1,-1,-1
196,33,608,109,29,24,1,-1,-1,-1
196,34,421,115,13,12,1,-1,-1,-1
196,35,480,116,16,12,1,-1,-1,-1
196,36,625,197,58,24,1,-1,-1,-1
196,37,565,112,70,32,1,-1,-1,-1
196,38,457,198,48,20,1,-1,-1,-1
196,39,657,211,53,20,1,-1,-1,-1
196,40,459,209,54,22,1,-1,-1,-1
196,41,398,220,54,23,1,-1,-1,-1
196,42,562,221,42,21,1,-1,-1,-1
196,43,824,198,52,19,1,-1,-1,-1
196,44,680,191,40,20,1,-1,-1,-1
196,45,724,201,54,20,1,-1,-1,-1
196,46,835,209,51,18,1,-1,-1,-1
196,47,709,220,54,22,1,-1,-1,-1
196,48,880,188,40,21,1,-1,-1,-1
196,49,917,199,52,19,1,-1,-1,-1
196,50,954,207,62,20,1,-1,-1,-1
196,51,950,218,52,19,1,-1,-1,-1
196,57,300,240,63,23,1,-1,-1,-1
196,58,0,241,64,27,1,-1,-1,-1
197,0,0,260,30,24,1,-1,-1,-1
197,1,148,277,73,27,1,-1,-1,-1
197,2,362,255,60,24,1,-1,-1,-1
197,3,156,251,57,30,1,-1,-1,-1
197,4,584,241,50,24,1,-1,-1,-1
197,5,286,482,69,57,1,-1,-1,-1
197,10,107,197,59,22,1,-1,-1,-1
197,11,121,207,55,23,1,-1,-1,-1
197,12,192,211,48,24,1,-1,-1,-1
197,13,322,191,64,25,1,-1,-1,-1
197,14,228,119,20,12,1,-1,-1,-1
197,15,252,118,17,12,1,-1,-1,-1
197,16,272,117,16,13,1,-1,-1,-1
197,17,291,116,17,14,1,-1,-1,-1
197,18,311,116,17,12,1,-1,-1,-1
197,19,331,116,15,13,1,-1,-1,-1
197,20,350,117,15,12,1,-1,-1,-1
197,21,269,133,20,16,1,-1,-1,-1
197,22,292,133,20,13,1,-1,-1,-1
197,23,314,131,18,14,1,-1,-1,-1
197,24,337,131,18,14,1,-1,-1,-1
197,25,401,116,14,13,1,-1,-1,-1
197,26,459,131,14,15,1,-1,-1,-1
197,27,502,131,17,16,1,-1,-1,-1
197,28,546,141,28,20,1,-1,-1,-1
197,29,498,114,14,13,1,-1,-1,-1
197,30,516,115,14,13,1,-1,-1,-1
197,33,608,109,29,24,1,-1,-1,-1
197,34,421,115,13,12,1,-1,-1,-1
197,35,480,116,16,12,1,-1,-1,-1
197,36,624,197,58,24,1,-1,-1,-1
197,37,566,112,70,32,1,-1,-1,-1
197,38,453,198,48,20,1,-1,-1,-1
197,39,654,211,53,20,1,-1,-1,-1
197,40,456,209,54,22,1,-1,-1,-1
197,41,395,220,54,23,1,-1,-1,-1
197,42,559,221,42,21,1,-1,-1,-1
197,43,823,198,52,19,1,-1,-1,-1
197,44,677,191,39,21,1,-1,-1,-1
197,45,722,201,54,20,1,-1,-1,-1
197,46,833,209,50,18,1,-1,-1,-1
197,47,706,220,54,22,1,-1,-1,-1
197,48,878,188,40,21,1,-1,-1,-1
197,49,915,199,52,19,1,-1,-1,-1
197,50,952,207,62,20,1,-1,-1,-1
197,51,943,218,55,19,1,-1,-1,-1
197,57,303,240,63,23,1,-1,-1,-1
197,58,1,241,65,26,1,-1,-1,-1
198,0,0,260,30,24,1,-1,-1,-1
198,1,149,277,73,27,1,-1,-1,-1
198,2,364,255,60,24,1,-1,-1,-1
198,3,157,251,57,30,1,-1,-1,-1
198,4,587,241,50,24,1,-1,-1,-1
198,5,284,485,69,54,1,-1,-1,-1
198,10,103,197,59,22,1,-1,-1,-1
198,11,117,207,55,23,1,-1,-1,-1
198,12,188,211,49,24,1,-1,-1,-1
198,13,319,191,64,25,1,-1,-1,-1
198,14,228,119,20,12,1,-1,-1,-1
198,15,252,118,17,12,1,-1,-1,-1
198,16,272,117,16,13,1,-1,-1,-1
198,17,291,116,16,14,1,-1,-1,-1
198,18,311,116,17,12,1,-1,-1,-1
198,19,331,116,15,13,1,-1,-1,-1
198,20,350,117,15,12,1,-1,-1,-1
198,21,269,133,20,16,1,-1,-1,-1
198,22,292,132,20,13,1,-1,-1,-1
198,23,313,131,18,14,1,-1,-1,-1
198,24,337,131,18,14,1,-1,-1,-1
198,25,401,116,14,13,1,-1,-1,-1
198,26,459,131,14,15,1,-1,-1,-1
198,27,501,131,17,16,1,-1,-1,-1
198,28,546,141,28,20,1,-1,-1,-1
198,29,498,114,14,13,1,-1,-1,-1
198,30,516,115,14,13,1,-1,-1,-1
198,33,608,109,29,24,1,-1,-1,-1
198,34,421,115,13,12,1,-1,-1,-1
198,35,480,116,16,12,1,-1,-1,-1
198,36,622,197,58,24,1,-1,-1,-1
198,37,566,112,70,32,1,-1,-1,-1
198,38,450,198,48,20,1,-1,-1,-1
198,39,651,211,53,20,1,-1,-1,-1
198,40,453,209,54,22,1,-1,-1,-1
198,41,391,220,54,23,1,-1,-1,-1
198,42,555,221,42,21,1,-1,-1,-1
198,43,821,198,52,19,1,-1,-1,-1
198,44,674,191,39,21,1,-1,-1,-1
198,45,720,201,54,20,1,-1,-1,-1
198,46,831,209,50,18,1,-1,-1,-1
198,47,703,220,54,22,1,-1,-1,-1
198,48,875,188,40,21,1,-1,-1,-1
198,49,913,199,52,18,1,-1,-1,-1
198,50,951,207,62,20,1,-1,-1,-1
198,51,936,218,59,18,1,-1,-1,-1
198,57,307,240,63,23,1,-1,-1,-1
198,58,6,241,65,26,1,-1,-1,-1
199,0,0,260,30,24,1,-1,-1,-1
199,1,151,277,73,27,1,-1,-1,-1
199,2,367,255,60,24,1,-1,-1,-1
199,3,159,251,57,30,1,-1,-1,-1
199,4,591,241,50,24,1,-1,-1,-1
199,5,282,489,69,50,1,-1,-1,-1
199,10,99,198,60,21,1,-1,-1,-1
199,11,113,207,55,23,1,-1,-1,-1
199,12,184,211,49,24,1,-1,-1,-1
199,13,316,191,65,25,1,-1,-1,-1
199,14,228,119,20,12,1,-1,-1,-1
199,15,252,118,17,12,1,-1,-1,-1
199,16,272,117,16,13,1,-1,-1,-1
199,17,291,116,16,14,1,-1,-1,-1
199,18,311,116,17,12,1,-1,-1,-1
199,19,331,116,15,13,1,-1,-1,-1
199,20,350,117,15,12,1,-1,-1,-1
199,21,269,133,20,16,1,-1,-1,-1
199,22,292,132,20,13,1,-1,-1,-1
199,23,313,131,18,14,1,-1,-1,-1
199,24,337,131,18,14,1,-1,-1,-1
199,25,401,116,14,13,1,-1,-1,-1
199,26,459,131,14,14,1,-1,-1,-1
199,27,501,131,17,16,1,-1,-1,-1
199,28,546,141,28,20,1,-1,-1,-1
199,29,498,114,14,13,1,-1,-1,-1
199,30,516,115,14,13,1,-1,-1,-1
199,33,608,109,29,25,1,-1,-1,-1
199,34,421,115,13,12,1,-1,-1,-1
199,35,480,116,16,12,1,-1,-1,-1
199,36,620,197,58,25,1,-1,-1,-1
199,37,567,112,70,32,1,-1,-1,-1
199,38,447,198,48,20,1,-1,-1,-1
199,39,649,211,53,20,1,-1,-1,-1
199,40,450,209,55,23,1,-1,-1,-1
199,41,388,220,54,23,1,-1,-1,-1
199,42,552,221,42,21,1,-1,-1,-1
199,43,819,198,52,19,1,-1,-1,-1
199,44,672,191,38,21,1,-1,-1,-1
199,45,719,201,54,20,1,-1,-1,-1
199,46,829,209,50,18,1,-1,-1,-1
199,47,700,220,54,22,1,-1,-1,-1
199,48,873,188,40,21,1,-1,-1,-1
199,49,911,199,52,18,1,-1,-1,-1
199,50,949,207,62,20,1,-1,-1,-1
199,51,935,218,58,19,1,-1,-1,-1
199,57,310,240,63,23,1,-1,-1,-1
199,58,10,241,65,26,1,-1,-1,-1
200,0,0,260,31,24,1,-1,-1,-1
200,1,152,277,73,27,1,-1,-1,-1
200,2,369,255,60,24,1,-1,-1,-1
200,3,160,251,57,30,1,-1,-1,-1
200,4,594,241,50,24,1,-1,-1,-1
200,5,284,492,66,47,1,-1,-1,-1
200,10,95,198,60,21,1,-1,-1,-1
200,11,108,207,55,23,1,-1,-1,-1
200,12,181,211,49,24,1,-1,-1,-1
200,13,313,191,65,25,1,-1,-1,-1
200,14,228,119,20,12,1,-1,-1,-1
200,15,252,118,17,12,1,-1,-1,-1
200,16,272,117,16,13,1,-1,-1,-1
200,17,291,116,16,14,1,-1,-1,-1
200,18,311,116,17,12,1,-1,-1,-1
200,19,331,116,15,13,1,-1,-1,-1
200,20,350,117,15,12,1,-1,-1,-1
200,21,269,133,20,17,1,-1,-1,-1
200,22,292,132,20,13,1,-1,-1,-1
200,23,313,131,18,14,1,-1,-1,-1
200,24,337,131,18,14,1,-1,-1,-1
200,25,401,116,14,13,1,-1,-1,-1
200,26,459,131,15,14,1,-1,-1,-1
200,27,502,131,17,16,1,-1,-1,-1
200,28,546,141,28,20,1,-1,-1,-1
200,29,498,114,14,13,1,-1,-1,-1
200,30,516,115,14,13,1,-1,-1,-1
200,33,608,109,29,24,1,-1,-1,-1
200,34,421,115,13,12,1,-1,-1,-1
200,35,480,116,16,12,1,-1,-1,-1
200,36,618,197,58,25,1,-1,-1,-1
200,37,567,112,70,32,1,-1,-1,-1
200,38,444,199,48,20,1,-1,-1,-1
200,39,646,211,53,20,1,-1,-1,-1
200,40,447,209,55,23,1,-1,-1,-1
200,41,384,220,55,23,1,-1,-1,-1
200,42,549,221,42,22,1,-1,-1,-1
200,43,818,198,52,19,1,-1,-1,-1
200,44,669,191,38,21,1,-1,-1,-1
200,45,717,201,54,20,1,-1,-1,-1
200,46,828,209,50,18,1,-1,-1,-1
200,47,697,220,54,23,1,-1,-1,-1
200,48,871,188,40,21,1,-1,-1,-1
200,49,910,199,52,18,1,-1,-1,-1
200,50,948,208,62,20,1,-1,-1,-1
200,51,933,218,57,20,1,-1,-1,-1
200,57,314,240,63,23,1,-1,-1,-1
200,58,15,241,65,26,1,-1,-1,-1
201,0,0,260,31,24,1,-1,-1,-1
201,1,154,277,72,27,1,-1,-1,-1
201,2,372,255,60,24,1,-1,-1,-1
201,3,162,251,57,30,1,-1,-1,-1
201,4,598,241,50,24,1,-1,-1,-1
201,5,286,496,63,43,1,-1,-1,-1
201,10,91,198,60,21,1,-1,-1,-1
201,11,104,208,55,23,1,-1,-1,-1
201,12,177,211,49,25,1,-1,-1,-1
201,13,310,191,65,25,1,-1,-1,-1
201,14,228,119,20,12,1,-1,-1,-1
201,15,252,118,17,12,1,-1,-1,-1
201,16,272,117,16,13,1,-1,-1,-1
201,17,291,116,17,14,1,-1,-1,-1
201,18,311,116,17,12,1,-1,-1,-1
201,19,331,116,15,13,1,-1,-1,-1
201,20,350,117,15,12,1,-1,-1,-1
201,21,269,132,20,17,1,-1,-1,-1
201,22,292,132,20,13,1,-1,-1,-1
201,23,313,131,18,14,1,-1,-1,-1
201,24,337,131,18,14,1,-1,-1,-1
201,25,401,116,14,13,1,-1,-1,-1
201,26,459,131,15,14,1,-1,-1,-1
201,27,502,131,17,16,1,-1,-1,-1
201,28,546,141,28,20,1,-1,-1,-1
201,29,498,114,14,13,1,-1,-1,-1
201,30,516,115,14,13,1,-1,-1,-1
201,33,608,109,29,24,1,-1,-1,-1
201,34,421,115,13,12,1,-1,-1,-1
201,35,480,116,16,12,1,-1,-1,-1
201,36,616,197,58,25,1,-1,-1,-1
201,37,568,112,70,32,1,-1,-1,-1
201,38,440,199,48,20,1,-1,-1,-1
201,39,643,211,53,20,1,-1,-1,-1
201,40,444,209,55,23,1,-1,-1,-1
201,41,381,220,55,23,1,-1,-1,-1
201,42,545,221,43,22,1,-1,-1,-1
201,43,816,198,52,19,1,-1,-1,-1
201,44,666,191,37,21,1,-1,-1,-1
201,45,715,201,54,20,1,-1,-1,-1
201,46,826,209,50,18,1,-1,-1,-1
201,47,694,220,53,23,1,-1,-1,-1
201,48,868,188,40,21,1,-1,-1,-1
201,49,908,199,52,18,1,-1,-1,-1
201,50,946,208,62,20,1,-1,-1,-1
201,51,930,218,55,20,1,-1,-1,-1
201,57,318,239,63,23,1,-1,-1,-1
201,58,19,240,64,26,1,-1,-1,-1
202,0,0,260,31,24,1,-1,-1,-1
202,1,155,277,72,27,1,-1,-1,-1
202,2,375,255,60,24,1,-1,-1,-1
202,3,164,251,57,30,1,-1,-1,-1
202,4,601,241,50,24,1,-1,-1,-1
202,5,287,499,60,40,1,-1,-1,-1
202,10,86,198,60,21,1,-1,-1,-1
202,11,99,208,56,23,1,-1,-1,-1
202,12,173,211,49,25,1,-1,-1,-1
202,13,307,192,65,25,1,-1,-1,-1
202,14,228,119,20,12,1,-1,-1,-1
202,15,252,118,17,12,1,-1,-1,-1
202,16,272,117,16,13,1,-1,-1,-1
202,17,291,116,17,14,1,-1,-1,-1
202,18,311,116,17,12,1,-1,-1,-1
202,19,331,116,15,13,1,-1,-1,-1
202,20,350,117,15,12,1,-1,-1,-1
202,21,269,132,20,17,1,-1,-1,-1
202,22,292,133,20,13,1,-1,-1,-1
202,23,313,131,18,14,1,-1,-1,-1
202,24,337,131,18,14,1,-1,-1,-1
202,25,401,116,14,13,1,-1,-1,-1
202,26,459,131,15,14,1,-1,-1,-1
202,27,502,131,17,16,1,-1,-1,-1
202,28,546,141,28,20,1,-1,-1,-1
202,29,498,114,14,13,1,-1,-1,-1
202,30,516,115,14,13,1,-1,-1,-1
202,33,608,109,29,24,1,-1,-1,-1
202,34,421,115,13,12,1,-1,-1,-1
202,35,480,116,16,12,1,-1,-1,-1
202,36,614,197,57,25,1,-1,-1,-1
202,37,569,112,69,32,1,-1,-1,-1
202,38,437,199,48,20,1,-1,-1,-1
202,39,641,211,53,20,1,-1,-1,-1
202,40,441,209,55,23,1,-1,-1,-1
202,41,377,220,55,23,1,-1,-1,-1
202,42,542,221,43,22,1,-1,-1,-1
202,43,814,198,52,19,1,-1,-1,-1
202,44,663,191,37,21,1,-1,-1,-1
202,45,714,201,54,20,1,-1,-1,-1
202,46,824,209,50,18,1,-1,-1,-1
202,47,691,219,54,23,1,-1,-1,-1
202,48,866,188,40,21,1,-1,-1,-1
202,49,906,199,52,18,1,-1,-1,-1
202,50,945,208,61,20,1,-1,-1,-1
202,51,927,218,54,19,1,-1,-1,-1
202,57,322,239,62,23,1,-1,-1,-1
202,58,23,240,64,26,1,-1,-1,-1
203,0,0,260,31,25,1,-1,-1,-1
203,1,157,277,72,27,1,-1,-1,-1
203,2,377,255,60,24,1,-1,-1,-1
203,3,166,251,57,30,1,-1,-1,-1
203,4,604,241,50,24,1,-1,-1,-1
203,10,82,198,60,21,1,-1,-1,-1
203,11,95,208,56,23,1,-1,-1,-1
203,12,169,211,49,25,1,-1,-1,-1
203,13,304,192,65,25,1,-1,-1,-1
203,14,228,119,20,12,1,-1,-1,-1
203,15,252,118,17,12,1,-1,-1,-1
203,16,272,117,16,13,1,-1,-1,-1
203,17,291,116,17,14,1,-1,-1,-1
203,18,311,116,17,12,1,-1,-1,-1
203,19,331,116,15,13,1,-1,-1,-1
203,20,350,117,15,12,1,-1,-1,-1
203,21,269,132,20,17,1,-1,-1,-1
203,22,292,133,20,13,1,-1,-1,-1
203,23,313,131,18,14,1,-1,-1,-1
203,24,337,131,18,14,1,-1,-1,-1
203,25,401,116,14,13,1,-1,-1,-1
203,26,459,131,15,15,1,-1,-1,-1
203,27,502,131,17,15,1,-1,-1,-1
203,28,546,141,28,20,1,-1,-1,-1
203,29,498,114,14,13,1,-1,-1,-1
203,30,516,115,14,13,1,-1,-1,-1
203,33,608,109,29,24,1,-1,-1,-1
203,34,421,115,13,12,1,-1,-1,-1
203,35,480,116,16,12,1,-1,-1,-1
203,36,612,197,57,25,1,-1,-1,-1
203,37,569,112,69,32,1,-1,-1,-1
203,38,434,199,48,19,1,-1,-1,-1
203,39,638,211,53,20,1,-1,-1,-1
203,40,438,209,55,23,1,-1,-1,-1
203,41,373,220,55,23,1,-1,-1,-1
203,42,539,221,43,22,1,-1,-1,-1
203,43,812,198,52,19,1,-1,-1,-1
203,44,659,191,37,21,1,-1,-1,-1
203,45,712,201,54,20,1,-1,-1,-1
203,46,822,209,50,18,1,-1,-1,-1
203,47,689,219,54,23,1,-1,-1,-1
203,48,863,188,40,21,1,-1,-1,-1
203,49,904,199,52,18,1,-1,-1,-1
203,50,943,208,61,20,1,-1,-1,-1
203,51,924,218,53,19,1,-1,-1,-1
203,57,325,239,62,23,1,-1,-1,-1
203,58,28,240,64,26,1,-1,-1,-1
204,0,0,260,31,25,1,-1,-1,-1
204,1,159,277,72,27,1,-1,-1,-1
204,2,380,255,60,24,1,-1,-1,-1
204,3,168,251,57,30,1,-1,-1,-1
204,4,608,241,50,24,1,-1,-1,-1
204,10,78,198,60,21,1,-1,-1,-1
204,11,91,208,56,23,1,-1,-1,-1
204,12,166,211,49,25,1,-1,-1,-1
204,13,301,192,65,25,1,-1,-1,-1
204,14,228,119,20,12,1,-1,-1,-1
204,15,252,118,17,12,1,-1,-1,-1
204,16,272,117,16,13,1,-1,-1,-1
204,17,291,116,17,14,1,-1,-1,-1
204,18,311,116,17,13,1,-1,-1,-1
204,19,331,116,15,13,1,-1,-1,-1
204,20,350,117,15,12,1,-1,-1,-1
204,21,269,132,20,17,1,-1,-1,-1
204,22,292,133,20,13,1,-1,-1,-1
204,23,313,131,18,14,1,-1,-1,-1
204,24,337,131,18,14,1,-1,-1,-1
204,25,401,116,14,13,1,-1,-1,-1
204,26,459,131,15,15,1,-1,-1,-1
204,27,502,131,16,15,1,-1,-1,-1
204,28,546,141,28,20,1,-1,-1,-1
204,29,498,114,14,13,1,-1,-1,-1
204,30,515,115,14,13,1,-1,-1,-1
204,33,608,109,29,24,1,-1,-1,-1
204,34,421,115,14,12,1,-1,-1,-1
204,35,480,116,15,12,1,-1,-1,-1
204,36,610,197,57,25,1,-1,-1,-1
204,37,570,112,69,32,1,-1,-1,-1
204,38,431,199,48,19,1,-1,-1,-1
204,39,636,211,53,20,1,-1,-1,-1
204,40,435,209,55,23,1,-1,-1,-1
204,41,370,220,55,23,1,-1,-1,-1
204,42,535,221,43,22,1,-1,-1,-1
204,43,811,198,52,19,1,-1,-1,-1
204,44,655,191,38,21,1,-1,-1,-1
204,45,710,201,54,20,1,-1,-1,-1
204,46,820,209,50,18,1,-1,-1,-1
204,47,686,219,54,23,1,-1,-1,-1
204,48,861,188,40,21,1,-1,-1,-1
204,49,903,199,52,18,1,-1,-1,-1
204,50,941,208,61,20,1,-1,-1,-1
204,51,921,218,52,18,1,-1,-1,-1
204,57,329,239,62,23,1,-1,-1,-1
204,58,32,240,64,26,1,-1,-1,-1
205,0,0,260,31,25,1,-1,-1,-1
205,1,160,277,72,27,1,-1,-1,-1
205,2,383,255,60,24,1,-1,-1,-1
205,3,170,251,57,30,1,-1,-1,-1
205,4,611,241,50,24,1,-1,-1,-1
205,10,74,198,60,21,1,-1,-1,-1
205,11,86,208,56,23,1,-1,-1,-1
205,12,162,211,49,25,1,-1,-1,-1
205,13,298,192,65,25,1,-1,-1,-1
205,14,228,119,20,13,1,-1,-1,-1
205,15,252,118,17,12,1,-1,-1,-1
205,16,272,117,16,13,1,-1,-1,-1
205,17,291,116,17,14,1,-1,-1,-1
205,18,311,116,17,13,1,-1,-1,-1
205,19,331,116,15,13,1,-1,-1,-1
205,20,350,117,15,12,1,-1,-1,-1
205,21,269,132,20,17,1,-1,-1,-1
205,22,292,133,20,13,1,-1,-1,-1
205,23,313,131,18,14,1,-1,-1,-1
205,24,337,131,18,14,1,-1,-1,-1
205,25,401,116,14,13,1,-1,-1,-1
205,26,459,131,15,15,1,-1,-1,-1
205,27,502,131,16,15,1,-1,-1,-1
205,28,546,141,28,20,1,-1,-1,-1
205,29,498,114,14,13,1,-1,-1,-1
205,30,515,115,14,13,1,-1,-1,-1
205,33,608,109,29,24,1,-1,-1,-1
205,34,421,115,14,12,1,-1,-1,-1
205,35,480,116,15,11,1,-1,-1,-1
205,36,608,196,57,25,1,-1,-1,-1
205,37,571,112,69,32,1,-1,-1,-1
205,38,428,199,47,19,1,-1,-1,-1
205,39,633,211,53,20,1,-1,-1,-1
205,40,431,209,55,23,1,-1,-1,-1
205,41,366,220,55,24,1,-1,-1,-1
205,42,532,220,43,22,1,-1,-1,-1
205,43,809,198,51,19,1,-1,-1,-1
205,44,651,191,39,21,1,-1,-1,-1
205,45,709,201,54,20,1,-1,-1,-1
205,46,818,209,50,18,1,-1,-1,-1
205,47,683,219,54,24,1,-1,-1,-1
205,48,858,188,40,21,1,-1,-1,-1
205,49,901,200,52,18,1,-1,-1,-1
205,50,940,208,61,20,1,-1,-1,-1
205,51,918,218,51,18,1,-1,-1,-1
205,57,333,239,62,23,1,-1,-1,-1
205,58,37,240,64,27,1,-1,-1,-1
206,0,0,260,32,25,1,-1,-1,-1
206,1,162,277,72,27,1,-1,-1,-1
206,2,386,255,60,24,1,-1,-1,-1
206,3,172,251,56,30,1,-1,-1,-1
206,4,615,241,50,24,1,-1,-1,-1
206,10,70,198,61,21,1,-1,-1,-1
206,11,82,208,56,23,1,-1,-1,-1
206,12,158,211,49,25,1,-1,-1,-1
206,13,295,192,65,26,1,-1,-1,-1
206,14,228,119,20,13,1,-1,-1,-1
206,15,252,118,17,12,1,-1,-1,-1
206,16,272,117,16,13,1,-1,-1,-1
206,17,291,116,17,14,1,-1,-1,-1
206,18,311,116,17,13,1,-1,-1,-1
206,19,331,116,15,13,1,-1,-1,-1
206,20,350,117,15,12,1,-1,-1,-1
206,21,269,132,20,17,1,-1,-1,-1
206,22,292,133,20,13,1,-1,-1,-1
206,23,313,131,18,14,1,-1,-1,-1
206,24,337,131,18,14,1,-1,-1,-1
206,25,401,116,14,13,1,-1,-1,-1
206,26,459,131,15,15,1,-1,-1,-1
206,27,502,131,16,15,1,-1,-1,-1
206,28,546,141,28,20,1,-1,-1,-1
206,29,498,114,14,13,1,-1,-1,-1
206,30,515,115,14,13,1,-1,-1,-1
206,33,608,109,29,22,1,-1,-1,-1
206,34,421,115,14,12,1,-1,-1,-1
206,35,480,116,15,11,1,-1,-1,-1
206,36,606,196,57,25,1,-1,-1,-1
206,37,572,112,69,32,1,-1,-1,-1
206,38,424,199,47,19,1,-1,-1,-1
206,39,630,211,53,20,1,-1,-1,-1
206,40,428,209,55,23,1,-1,-1,-1
206,41,363,220,55,24,1,-1,-1,-1
206,42,529,220,43,22,1,-1,-1,-1
206,43,807,198,51,20,1,-1,-1,-1
206,44,647,191,39,21,1,-1,-1,-1
206,45,707,201,53,20,1,-1,-1,-1
206,46,816,209,49,18,1,-1,-1,-1
206,47,680,219,54,24,1,-1,-1,-1
206,48,856,188,40,21,1,-1,-1,-1
206,49,899,199,52,18,1,-1,-1,-1
206,50,938,208,61,20,1,-1,-1,-1
206,51,915,218,50,18,1,-1,-1,-1
206,57,337,239,62,23,1,-1,-1,-1
206,58,41,240,64,27,1,-1,-1,-1
207,0,0,260,32,25,1,-1,-1,-1
207,1,164,277,72,27,1,-1,-1,-1
207,2,388,255,60,24,1,-1,-1,-1
207,3,174,251,56,29,1,-1,-1,-1
207,4,619,241,50,24,1,-1,-1,-1
207,10,65,198,61,21,1,-1,-1,-1
207,11,78,208,57,23,1,-1,-1,-1
207,12,154,211,49,25,1,-1,-1,-1
207,13,292,192,65,26,1,-1,-1,-1
207,14,228,119,20,13,1,-1,-1,-1
207,15,252,118,16,12,1,-1,-1,-1
207,16,272,117,16,13,1,-1,-1,-1
207,17,290,116,17,14,1,-1,-1,-1
207,18,311,116,17,13,1,-1,-1,-1
207,19,331,116,15,13,1,-1,-1,-1
207,20,350,117,15,12,1,-1,-1,-1
207,21,269,132,20,17,1,-1,-1,-1
207,22,292,133,20,13,1,-1,-1,-1
207,23,313,131,18,14,1,-1,-1,-1
207,24,337,131,18,14,1,-1,-1,-1
207,25,401,116,14,13,1,-1,-1,-1
207,26,459,131,15,15,1,-1,-1,-1
207,27,502,131,16,15,1,-1,-1,-1
207,28,546,141,28,20,1,-1,-1,-1
207,29,498,114,14,13,1,-1,-1,-1
207,30,515,115,14,13,1,-1,-1,-1
207,33,608,109,29,21,1,-1,-1,-1
207,34,421,115,14,12,1,-1,-1,-1
207,35,480,116,15,12,1,-1,-1,-1
207,36,603,196,57,25,1,-1,-1,-1
207,37,572,113,68,32,1,-1,-1,-1
207,38,421,199,48,19,1,-1,-1,-1
207,39,628,211,53,20,1,-1,-1,-1
207,40,425,209,56,23,1,-1,-1,-1
207,41,359,220,55,24,1,-1,-1,-1
207,42,525,220,43,22,1,-1,-1,-1
207,43,806,198,51,20,1,-1,-1,-1
207,44,643,191,40,21,1,-1,-1,-1
207,45,705,201,53,20,1,-1,-1,-1
207,46,814,209,49,18,1,-1,-1,-1
207,47,677,219,54,24,1,-1,-1,-1
207,48,854,188,40,21,1,-1,-1,-1
207,49,897,199,52,18,1,-1,-1,-1
207,50,936,208,61,20,1,-1,-1,-1
207,51,912,219,50,18,1,-1,-1,-1
207,57,340,239,62,23,1,-1,-1,-1
207,58,46,240,64,27,1,-1,-1,-1
208,0,0,260,33,25,1,-1,-1,-1
208,1,165,277,72,27,1,-1,-1,-1
208,2,391,255,60,24,1,-1,-1,-1
208,3,176,251,56,29,1,-1,-1,-1
208,4,622,242,50,24,1,-1,-1,-1
208,10,61,198,61,21,1,-1,-1,-1
208,11,73,208,57,23,1,-1,-1,-1
208,12,151,211,49,25,1,-1,-1,-1
208,13,289,192,65,26,1,-1,-1,-1
208,14,228,119,20,13,1,-1,-1,-1
208,15,252,118,16,12,1,-1,-1,-1
208,16,272,117,16,13,1,-1,-1,-1
208,17,290,116,17,14,1,-1,-1,-1
208,18,311,116,17,13,1,-1,-1,-1
208,19,331,116,15,13,1,-1,-1,-1
208,20,350,117,15,12,1,-1,-1,-1
208,21,269,132,20,17,1,-1,-1,-1
208,22,292,133,20,13,1,-1,-1,-1
208,23,313,131,18,14,1,-1,-1,-1
208,24,337,131,18,14,1,-1,-1,-1
208,25,401,116,14,13,1,-1,-1,-1
208,26,459,131,15,15,1,-1,-1,-1
208,27,502,131,16,15,1,-1,-1,-1
208,28,546,141,28,20,1,-1,-1,-1
208,29,498,115,14,13,1,-1,-1,-1
208,30,515,115,14,13,1,-1,-1,-1
208,33,608,109,29,19,1,-1,-1,-1
208,34,421,115,14,12,1,-1,-1,-1
208,35,480,116,15,12,1,-1,-1,-1
208,36,601,196,57,25,1,-1,-1,-1
208,37,573,113,68,32,1,-1,-1,-1
208,38,418,199,48,19,1,-1,-1,-1
208,39,625,211,52,20,1,-1,-1,-1
208,40,422,209,56,23,1,-1,-1,-1
208,41,356,220,55,24,1,-1,-1,-1
208,42,522,220,43,22,1,-1,-1,-1
208,43,804,198,51,20,1,-1,-1,-1
208,44,639,191,40,21,1,-1,-1,-1
208,45,704,202,53,20,1,-1,-1,-1
208,46,813,209,49,18,1,-1,-1,-1
208,47,674,219,54,24,1,-1,-1,-1
208,48,851,188,40,21,1,-1,-1,-1
208,49,896,199,52,19,1,-1,-1,-1
208,50,935,208,61,20,1,-1,-1,-1
208,51,910,219,50,18,1,-1,-1,-1
208,57,344,239,62,23,1,-1,-1,-1
208,58,50,240,64,27,1,-1,-1,-1
209,0,0,260,33,25,1,-1,-1,-1
209,1,167,277,72,27,1,-1,-1,-1
209,2,394,255,60,24,1,-1,-1,-1
209,3,178,251,56,29,1,-1,-1,-1
209,4,626,242,50,24,1,-1,-1,-1
209,10,57,198,61,21,1,-1,-1,-1
209,11,69,208,57,23,1,-1,-1,-1
209,12,147,211,49,25,1,-1,-1,-1
209,13,286,192,65,26,1,-1,-1,-1
209,14,228,119,20,13,1,-1,-1,-1
209,15,252,118,16,12,1,-1,-1,-1
209,16,272,117,16,13,1,-1,-1,-1
209,17,290,116,17,14,1,-1,-1,-1
209,18,311,116,17,13,1,-1,-1,-1
209,19,331,116,15,13,1,-1,-1,-1
209,20,350,117,15,12,1,-1,-1,-1
209,21,269,132,20,17,1,-1,-1,-1
209,22,292,133,20,13,1,-1,-1,-1
209,23,313,131,19,14,1,-1,-1,-1
209,24,337,131,18,14,1,-1,-1,-1
209,25,401,116,14,13,1,-1,-1,-1
209,26,459,131,15,15,1,-1,-1,-1
209,27,502,131,16,15,1,-1,-1,-1
209,28,546,141,28,20,1,-1,-1,-1
209,29,498,115,14,13,1,-1,-1,-1
209,30,515,115,14,13,1,-1,-1,-1
209,33,608,109,29,18,1,-1,-1,-1
209,34,420,115,14,12,1,-1,-1,-1
209,35,480,116,15,12,1,-1,-1,-1
209,36,599,196,57,25,1,-1,-1,-1
209,37,573,113,68,32,1,-1,-1,-1
209,38,414,199,48,19,1,-1,-1,-1
209,39,622,211,52,20,1,-1,-1,-1
209,40,419,209,56,23,1,-1,-1,-1
209,41,352,220,55,24,1,-1,-1,-1
209,42,519,220,43,22,1,-1,-1,-1
209,43,802,198,51,20,1,-1,-1,-1
209,44,636,191,40,20,1,-1,-1,-1
209,45,702,202,53,19,1,-1,-1,-1
209,46,811,209,49,18,1,-1,-1,-1
209,47,671,219,53,24,1,-1,-1,-1
209,48,849,188,40,21,1,-1,-1,-1
209,49,894,199,52,19,1,-1,-1,-1
209,50,933,208,62,20,1,-1,-1,-1
209,51,907,219,50,18,1,-1,-1,-1
209,57,348,239,62,23,1,-1,-1,-1
209,58,54,240,63,27,1,-1,-1,-1
210,0,0,260,34,25,1,-1,-1,-1
210,1,168,276,72,27,1,-1,-1,-1
210,2,396,255,60,24,1,-1,-1,-1
210,3,180,251,56,29,1,-1,-1,-1
210,4,630,242,50,23,1,-1,-1,-1
210,10,53,198,61,21,1,-1,-1,-1
210,11,65,208,57,23,1,-1,-1,-1
210,12,143,211,49,25,1,-1,-1,-1
210,13,283,192,66,26,1,-1,-1,-1
210,14,228,119,20,13,1,-1,-1,-1
210,15,252,118,16,12,1,-1,-1,-1
210,16,272,117,16,13,1,-1,-1,-1
210,17,290,116,17,14,1,-1,-1,-1
210,18,311,116,17,13,1,-1,-1,-1
210,19,331,116,15,13,1,-1,-1,-1
210,20,350,117,15,12,1,-1,-1,-1
210,21,269,132,20,17,1,-1,-1,-1
210,22,292,133,20,13,1,-1,-1,-1
210,23,313,131,19,14,1,-1,-1,-1
210,24,337,131,18,14,1,-1,-1,-1
210,25,401,116,14,13,1,-1,-1,-1
210,26,459,131,15,15,1,-1,-1,-1
210,27,502,131,16,15,1,-1,-1,-1
210,28,546,141,28,20,1,-1,-1,-1
210,29,498,115,14,13,1,-1,-1,-1
210,30,515,115,14,13,1,-1,-1,-1
210,33,608,108,29,16,1,-1,-1,-1
210,34,421,115,14,12,1,-1,-1,-1
210,35,480,116,15,12,1,-1,-1,-1
210,36,597,196,57,25,1,-1,-1,-1
210,37,574,113,68,32,1,-1,-1,-1
210,38,411,200,48,20,1,-1,-1,-1
210,39,620,211,52,20,1,-1,-1,-1
210,40,416,209,56,23,1,-1,-1,-1
210,41,349,220,55,24,1,-1,-1,-1
210,42,515,220,43,22,1,-1,-1,-1
210,43,801,198,51,20,1,-1,-1,-1
210,44,632,191,41,20,1,-1,-1,-1
210,45,700,202,53,19,1,-1,-1,-1
210,46,809,209,49,19,1,-1,-1,-1
210,47,668,219,53,24,1,-1,-1,-1
210,48,846,188,40,21,1,-1,-1,-1
210,49,892,199,52,19,1,-1,-1,-1
210,50,931,208,62,20,1,-1,-1,-1
210,51,904,219,51,18,1,-1,-1,-1
210,57,352,239,62,23,1,-1,-1,-1
210,58,59,240,63,27,1,-1,-1,-1
211,0,0,260,35,25,1,-1,-1,-1
211,1,170,276,72,27,1,-1,-1,-1
211,2,399,255,60,24,1,-1,-1,-1
211,3,181,251,56,29,1,-1,-1,-1
211,4,633,242,50,23,1,-1,-1,-1
211,10,49,198,61,21,1,-1,-1,-1
211,11,60,208,57,23,1,-1,-1,-1
211,12,139,211,49,25,1,-1,-1,-1
211,13,280,192,66,26,1,-1,-1,-1
211,14,228,119,20,13,1,-1,-1,-1
211,15,252,118,16,12,1,-1,-1,-1
211,16,272,117,16,13,1,-1,-1,-1
211,17,290,116,17,14,1,-1,-1,-1
211,18,311,116,17,13,1,-1,-1,-1
211,19,331,116,15,13,1,-1,-1,-1
211,20,350,117,15,12,1,-1,-1,-1
211,21,269,132,20,18,1,-1,-1,-1
211,22,292,133,20,13,1,-1,-1,-1
211,23,313,131,19,14,1,-1,-1,-1
211,24,337,131,18,14,1,-1,-1,-1
211,25,401,116,14,13,1,-1,-1,-1
211,26,459,131,15,15,1,-1,-1,-1
211,27,502,131,16,15,1,-1,-1,-1
211,28,546,141,28,20,1,-1,-1,-1
211,29,498,115,14,13,1,-1,-1,-1
211,30,515,115,14,13,1,-1,-1,-1
211,33,608,108,29,14,1,-1,-1,-1
211,34,421,115,14,12,1,-1,-1,-1
211,35,480,116,15,12,1,-1,-1,-1
211,36,595,196,57,25,1,-1,-1,-1
211,37,575,113,68,32,1,-1,-1,-1
211,38,408,200,48,20,1,-1,-1,-1
211,39,617,211,52,20,1,-1,-1,-1
211,40,413,209,56,23,1,-1,-1,-1
211,41,345,220,55,24,1,-1,-1,-1
211,42,512,220,43,22,1,-1,-1,-1
211,43,799,198,51,20,1,-1,-1,-1
211,44,629,191,41,20,1,-1,-1,-1
211,45,699,202,53,19,1,-1,-1,-1
211,46,807,209,49,19,1,-1,-1,-1
211,47,665,219,53,23,1,-1,-1,-1
211,48,844,188,40,21,1,-1,-1,-1
211,49,890,199,52,19,1,-1,-1,-1
211,50,929,208,62,20,1,-1,-1,-1
211,51,901,219,51,18,1,-1,-1,-1
211,57,356,239,61,23,1,-1,-1,-1
211,58,63,240,63,27,1,-1,-1,-1
212,0,0,260,36,25,1,-1,-1,-1
212,1,172,276,72,26,1,-1,-1,-1
212,2,402,255,60,24,1,-1,-1,-1
212,3,183,251,56,29,1,-1,-1,-1
212,4,637,242,50,23,1,-1,-1,-1
212,10,44,199,61,21,1,-1,-1,-1
212,11,56,208,57,23,1,-1,-1,-1
212,12,136,211,50,25,1,-1,-1,-1
212,13,276,192,66,26,1,-1,-1,-1
212,14,228,119,20,13,1,-1,-1,-1
212,15,252,118,16,12,1,-1,-1,-1
212,16,272,117,16,13,1,-1,-1,-1
212,17,290,116,17,14,1,-1,-1,-1
212,18,311,116,17,13,1,-1,-1,-1
212,19,331,116,15,13,1,-1,-1,-1
212,20,350,117,15,12,1,-1,-1,-1
212,21,269,132,20,18,1,-1,-1,-1
212,22,292,133,20,13,1,-1,-1,-1
212,23,313,132,19,13,1,-1,-1,-1
212,24,337,131,18,14,1,-1,-1,-1
212,25,401,116,14,13,1,-1,-1,-1
212,26,459,131,15,15,1,-1,-1,-1
212,27,502,131,16,15,1,-1,-1,-1
212,28,546,141,28,19,1,-1,-1,-1
212,29,498,115,14,13,1,-1,-1,-1
212,30,515,115,14,13,1,-1,-1,-1
212,33,608,108,29,14,1,-1,-1,-1
212,34,421,115,14,12,1,-1,-1,-1
212,35,480,116,15,12,1,-1,-1,-1
212,36,593,196,57,25,1,-1,-1,-1
212,37,576,113,67,32,1,-1,-1,-1
212,38,404,200,48,20,1,-1,-1,-1
212,39,614,211,52,20,1,-1,-1,-1
212,40,410,209,56,23,1,-1,-1,-1
212,41,342,220,55,24,1,-1,-1,-1
212,42,509,220,43,22,1,-1,-1,-1
212,43,797,198,51,20,1,-1,-1,-1
212,44,625,191,41,20,1,-1,-1,-1
212,45,697,202,53,19,1,-1,-1,-1
212,46,804,209,49,19,1,-1,-1,-1
212,47,662,219,53,23,1,-1,-1,-1
212,48,841,188,40,21,1,-1,-1,-1
212,49,889,199,52,19,1,-1,-1,-1
212,50,928,208,62,21,1,-1,-1,-1
212,51,898,219,51,18,1,-1,-1,-1
212,57,359,239,61,23,1,-1,-1,-1
212,58,68,240,63,27,1,-1,-1,-1
213,0,0,260,36,25,1,-1,-1,-1
213,1,173,276,72,26,1,-1,-1,-1
213,2,404,255,60,24,1,-1,-1,-1
213,3,185,251,56,29,1,-1,-1,-1
213,4,641,242,50,23,1,-1,-1,-1
213,10,40,199,62,21,1,-1,-1,-1
213,11,52,208,58,23,1,-1,-1,-1
213,12,132,211,50,25,1,-1,-1,-1
213,13,274,192,66,26,1,-1,-1,-1
213,14,228,119,20,13,1,-1,-1,-1
213,15,252,118,16,12,1,-1,-1,-1
213,16,272,117,16,13,1,-1,-1,-1
213,17,290,116,17,14,1,-1,-1,-1
213,18,311,116,17,13,1,-1,-1,-1
213,19,331,116,15,13,1,-1,-1,-1
213,20,350,117,15,12,1,-1,-1,-1
213,21,269,132,20,18,1,-1,-1,-1
213,22,292,133,20,13,1,-1,-1,-1
213,23,313,132,19,13,1,-1,-1,-1
213,24,337,131,18,14,1,-1,-1,-1
213,25,401,116,14,13,1,-1,-1,-1
213,26,459,131,15,15,1,-1,-1,-1
213,27,502,131,16,15,1,-1,-1,-1
213,28,545,141,28,19,1,-1,-1,-1
213,29,498,115,14,13,1,-1,-1,-1
213,30,515,115,14,13,1,-1,-1,-1
213,33,608,108,29,14,1,-1,-1,-1
213,34,421,115,14,12,1,-1,-1,-1
213,35,480,116,15,12,1,-1,-1,-1
213,36,591,196,57,25,1,-1,-1,-1
213,37,576,113,67,32,1,-1,-1,-1
213,38,401,200,48,20,1,-1,-1,-1
213,39,612,211,52,20,1,-1,-1,-1
213,40,407,209,56,23,1,-1,-1,-1
213,41,338,220,55,24,1,-1,-1,-1
213,42,505,220,43,22,1,-1,-1,-1
213,43,795,198,51,20,1,-1,-1,-1
213,44,622,191,41,20,1,-1,-1,-1
213,45,695,202,53,19,1,-1,-1,-1
213,46,802,209,49,19,1,-1,-1,-1
213,47,659,219,53,23,1,-1,-1,-1
213,48,839,188,40,21,1,-1,-1,-1
213,49,887,199,52,19,1,-1,-1,-1
213,50,926,208,62,21,1,-1,-1,-1
213,51,896,219,52,18,1,-1,-1,-1
213,57,363,239,61,23,1,-1,-1,-1
213,58,72,240,63,27,1,-1,-1,-1
214,0,0,260,37,25,1,-1,-1,-1
214,1,175,276,72,26,1,-1,-1,-1
214,2,407,255,60,24,1,-1,-1,-1
214,3,187,251,56,29,1,-1,-1,-1
214,4,644,242,50,23,1,-1,-1,-1
214,10,36,199,62,21,1,-1,-1,-1
214,11,47,208,58,23,1,-1,-1,-1
214,12,128,211,50,26,1,-1,-1,-1
214,13,270,192,66,26,1,-1,-1,-1
214,14,228,119,20,13,1,-1,-1,-1
214,15,252,118,17,12,1,-1,-1,-1
214,16,272,117,16,13,1,-1,-1,-1
214,17,290,116,17,14,1,-1,-1,-1
214,18,311,116,17,13,1,-1,-1,-1
214,19,331,116,15,13,1,-1,-1,-1
214,20,350,117,15,12,1,-1,-1,-1
214,21,269,132,20,18,1,-1,-1,-1
214,22,292,133,20,13,1,-1,-1,-1
214,23,313,132,19,13,1,-1,-1,-1
214,24,337,131,18,14,1,-1,-1,-1
214,25,401,116,14,13,1,-1,-1,-1
214,26,459,131,15,15,1,-1,-1,-1
214,27,502,132,15,15,1,-1,-1,-1
214,28,545,141,28,19,1,-1,-1,-1
214,29,498,115,14,13,1,-1,-1,-1
214,30,515,115,14,13,1,-1,-1,-1
214,33,608,108,29,14,1,-1,-1,-1
214,34,421,115,14,12,1,-1,-1,-1
214,35,480,116,15,12,1,-1,-1,-1
214,36,589,196,57,25,1,-1,-1,-1
214,37,577,113,67,32,1,-1,-1,-1
214,38,398,200,48,20,1,-1,-1,-1
214,39,609,211,52,20,1,-1,-1,-1
214,40,404,209,55,23,1,-1,-1,-1
214,41,334,220,55,24,1,-1,-1,-1
214,42,502,220,43,22,1,-1,-1,-1
214,43,793,198,51,20,1,-1,-1,-1
214,44,619,191,41,20,1,-1,-1,-1
214,45,694,202,53,19,1,-1,-1,-1
214,46,800,209,49,19,1,-1,-1,-1
214,47,656,219,53,23,1,-1,-1,-1
214,48,836,188,39,21,1,-1,-1,-1
214,49,885,199,52,19,1,-1,-1,-1
214,50,925,208,62,21,1,-1,-1,-1
214,51,893,219,53,19,1,-1,-1,-1
214,57,367,239,61,23,1,-1,-1,-1
214,58,77,239,63,27,1,-1,-1,-1
215,0,0,260,38,25,1,-1,-1,-1
215,1,176,276,72,26,1,-1,-1,-1
215,2,410,255,60,24,1,-1,-1,-1
215,3,189,251,56,28,1,-1,-1,-1
215,4,648,242,51,23,1,-1,-1,-1
215,10,32,199,62,21,1,-1,-1,-1
215,11,43,208,58,23,1,-1,-1,-1
215,12,124,211,50,26,1,-1,-1,-1
215,13,267,192,66,26,1,-1,-1,-1
215,14,228,119,20,13,1,-1,-1,-1
215,15,252,118,17,12,1,-1,-1,-1
215,16,272,117,16,13,1,-1,-1,-1
215,17,290,116,17,13,1,-1,-1,-1
215,18,311,116,17,13,1,-1,-1,-1
215,19,331,116,15,13,1,-1,-1,-1
215,20,350,117,15,12,1,-1,-1,-1
215,21,269,132,20,18,1,-1,-1,-1
215,22,292,133,20,13,1,-1,-1,-1
215,23,313,132,19,13,1,-1,-1,-1
215,24,337,131,18,14,1,-1,-1,-1
215,25,401,116,14,13,1,-1,-1,-1
215,26,459,131,16,15,1,-1,-1,-1
215,27,503,132,15,15,1,-1,-1,-1
215,28,545,141,28,19,1,-1,-1,-1
215,29,498,115,14,13,1,-1,-1,-1
215,30,515,115,14,13,1,-1,-1,-1
215,33,608,108,29,14,1,-1,-1,-1
215,34,421,116,13,12,1,-1,-1,-1
215,35,480,116,15,12,1,-1,-1,-1
215,36,587,196,57,25,1,-1,-1,-1
215,37,578,114,67,32,1,-1,-1,-1
215,38,395,200,48,20,1,-1,-1,-1
215,39,606,211,52,20,1,-1,-1,-1
215,40,400,209,55,23,1,-1,-1,-1
215,41,331,220,55,24,1,-1,-1,-1
215,42,499,220,43,22,1,-1,-1,-1
215,43,791,199,51,20,1,-1,-1,-1
215,44,615,191,41,20,1,-1,-1,-1
215,45,692,202,53,19,1,-1,-1,-1
215,46,797,209,50,19,1,-1,-1,-1
215,47,653,219,53,23,1,-1,-1,-1
215,48,834,188,39,21,1,-1,-1,-1
215,49,884,199,52,19,1,-1,-1,-1
215,50,923,208,61,21,1,-1,-1,-1
215,51,890,219,55,19,1,-1,-1,-1
215,57,371,239,61,23,1,-1,-1,-1
215,58,81,239,63,27,1,-1,-1,-1
216,0,0,259,39,25,1,-1,-1,-1
216,1,178,276,71,26,1,-1,-1,-1
216,2,413,255,60,24,1,-1,-1,-1
216,3,191,251,56,28,1,-1,-1,-1
216,4,652,242,51,23,1,-1,-1,-1
216,10,27,199,62,21,1,-1,-1,-1
216,11,39,208,58,23,1,-1,-1,-1
216,12,121,211,50,26,1,-1,-1,-1
216,13,264,192,66,25,1,-1,-1,-1
216,14,228,119,20,12,1,-1,-1,-1
216,15,252,118,17,12,1,-1,-1,-1
216,16,272,117,16,13,1,-1,-1,-1
216,17,290,116,17,13,1,-1,-1,-1
216,18,311,116,17,13,1,-1,-1,-1
216,19,331,116,15,13,1,-1,-1,-1
216,20,350,117,15,12,1,-1,-1,-1
216,21,269,131,20,18,1,-1,-1,-1
216,22,292,133,20,13,1,-1,-1,-1
216,23,313,132,19,13,1,-1,-1,-1
216,24,337,131,18,14,1,-1,-1,-1
216,25,401,116,14,13,1,-1,-1,-1
216,26,459,131,16,15,1,-1,-1,-1
216,27,503,132,15,15,1,-1,-1,-1
216,28,545,141,28,19,1,-1,-1,-1
216,29,498,115,14,13,1,-1,-1,-1
216,30,515,115,14,13,1,-1,-1,-1
216,33,608,108,29,14,1,-1,-1,-1
216,34,421,116,13,12,1,-1,-1,-1
216,35,480,116,15,12,1,-1,-1,-1
216,36,585,196,57,25,1,-1,-1,-1
216,37,578,114,67,32,1,-1,-1,-1
216,38,391,200,48,20,1,-1,-1,-1
216,39,603,211,52,20,1,-1,-1,-1
216,40,397,209,55,23,1,-1,-1,-1
216,41,327,220,55,24,1,-1,-1,-1
216,42,495,221,43,22,1,-1,-1,-1
216,43,790,199,51,20,1,-1,-1,-1
216,44,611,191,42,21,1,-1,-1,-1
216,45,690,202,53,19,1,-1,-1,-1
216,46,795,209,50,19,1,-1,-1,-1
216,47,650,219,53,23,1,-1,-1,-1
216,48,831,188,39,21,1,-1,-1,-1
216,49,882,199,52,19,1,-1,-1,-1
216,50,922,208,61,20,1,-1,-1,-1
216,51,887,219,56,19,1,-1,-1,-1
216,57,374,239,61,23,1,-1,-1,-1
216,58,86,239,63,27,1,-1,-1,-1
217,0,0,259,39,25,1,-1,-1,-1
217,1,180,276,71,26,1,-1,-1,-1
217,2,415,254,60,24,1,-1,-1,-1
217,3,193,251,56,28,1,-1,-1,-1
217,4,655,242,51,23,1,-1,-1,-1
217,10,23,199,62,21,1,-1,-1,-1
217,11,34,208,58,23,1,-1,-1,-1
217,12,117,211,50,26,1,-1,-1,-1
217,13,261,192,66,25,1,-1,-1,-1
217,14,228,119,20,12,1,-1,-1,-1
217,15,252,118,17,12,1,-1,-1,-1
217,16,272,117,16,13,1,-1,-1,-1
217,17,290,116,17,13,1,-1,-1,-1
217,18,311,116,17,13,1,-1,-1,-1
217,19,331,116,15,13,1,-1,-1,-1
217,20,350,117,15,12,1,-1,-1,-1
217,21,269,131,20,18,1,-1,-1,-1
217,22,292,133,20,13,1,-1,-1,-1
217,23,313,132,19,13,1,-1,-1,-1
217,24,337,131,18,14,1,-1,-1,-1
217,25,401,115,14,13,1,-1,-1,-1
217,26,459,131,16,15,1,-1,-1,-1
217,27,503,132,15,15,1,-1,-1,-1
217,28,545,141,28,19,1,-1,-1,-1
217,29,498,115,14,13,1,-1,-1,-1
217,30,515,115,14,13,1,-1,-1,-1
217,31,570,115,10,14,1,-1,-1,-1
217,33,608,108,29,14,1,-1,-1,-1
217,34,421,116,13,12,1,-1,-1,-1
217,35,480,116,15,12,1,-1,-1,-1
217,36,583,196,57,25,1,-1,-1,-1
217,37,579,114,67,32,1,-1,-1,-1
217,38,388,200,48,20,1,-1,-1,-1
217,39,600,211,52,20,1,-1,-1,-1
217,40,394,209,55,23,1,-1,-1,-1
217,41,323,220,55,24,1,-1,-1,-1
217,42,492,221,43,22,1,-1,-1,-1
217,43,788,199,51,20,1,-1,-1,-1
217,44,608,191,42,21,1,-1,-1,-1
217,45,689,202,53,19,1,-1,-1,-1
217,46,793,209,50,19,1,-1,-1,-1
217,47,647,219,53,23,1,-1,-1,-1
217,48,829,188,39,21,1,-1,-1,-1
217,49,880,199,52,19,1,-1,-1,-1
217,50,920,208,61,20,1,-1,-1,-1
217,51,884,219,57,19,1,-1,-1,-1
217,52,999,198,24,19,1,-1,-1,-1
217,57,378,239,61,23,1,-1,-1,-1
217,58,90,239,63,27,1,-1,-1,-1
217,60,571,501,50,38,1,-1,-1,-1
218,0,0,259,40,26,1,-1,-1,-1
218,1,181,276,71,26,1,-1,-1,-1
218,2,418,254,60,24,1,-1,-1,-1
218,3,195,251,56,28,1,-1,-1,-1
218,4,659,242,51,23,1,-1,-1,-1
218,10,19,199,62,21,1,-1,-1,-1
218,11,30,209,58,23,1,-1,-1,-1
218,12,113,211,50,26,1,-1,-1,-1
218,13,258,192,66,25,1,-1,-1,-1
218,14,228,119,20,12,1,-1,-1,-1
218,15,252,118,17,12,1,-1,-1,-1
218,16,272,117,16,13,1,-1,-1,-1
218,17,290,116,17,13,1,-1,-1,-1
218,18,311,116,17,13,1,-1,-1,-1
218,19,331,116,15,13,1,-1,-1,-1
218,20,350,117,15,12,1,-1,-1,-1
218,21,269,131,20,18,1,-1,-1,-1
218,22,292,133,20,13,1,-1,-1,-1
218,23,313,132,19,13,1,-1,-1,-1
218,24,337,131,18,14,1,-1,-1,-1
218,25,401,115,14,13,1,-1,-1,-1
218,26,459,131,16,15,1,-1,-1,-1
218,27,503,132,15,15,1,-1,-1,-1
218,28,545,141,28,19,1,-1,-1,-1
218,29,498,115,14,13,1,-1,-1,-1
218,30,515,115,14,13,1,-1,-1,-1
218,31,569,115,11,14,1,-1,-1,-1
218,33,608,108,29,14,1,-1,-1,-1
218,34,421,116,13,12,1,-1,-1,-1
218,35,480,116,15,12,1,-1,-1,-1
218,36,580,196,57,25,1,-1,-1,-1
218,37,579,114,66,32,1,-1,-1,-1
218,38,385,200,48,20,1,-1,-1,-1
218,39,597,211,52,20,1,-1,-1,-1
218,40,391,209,55,23,1,-1,-1,-1
218,41,320,220,55,24,1,-1,-1,-1
218,42,488,221,43,22,1,-1,-1,-1
218,43,786,199,52,20,1,-1,-1,-1
218,44,604,190,42,21,1,-1,-1,-1
218,45,687,202,53,19,1,-1,-1,-1
218,46,790,209,50,19,1,-1,-1,-1
218,47,644,219,53,23,1,-1,-1,-1
218,48,826,188,39,22,1,-1,-1,-1
218,49,878,199,52,19,1,-1,-1,-1
218,50,919,208,61,20,1,-1,-1,-1
218,51,881,219,58,20,1,-1,-1,-1
218,52,997,198,26,19,1,-1,-1,-1
218,57,382,239,61,23,1,-1,-1,-1
218,58,95,239,63,27,1,-1,-1,-1
218,60,571,497,50,42,1,-1,-1,-1
219,0,0,259,41,26,1,-1,-1,-1
219,1,183,276,71,26,1,-1,-1,-1
219,2,421,254,60,24,1,-1,-1,-1
219,3,196,251,56,28,1,-1,-1,-1
219,4,663,242,51,23,1,-1,-1,-1
219,10,15,199,63,21,1,-1,-1,-1
219,11,26,209,58,23,1,-1,-1,-1
219,12,109,211,50,26,1,-1,-1,-1
219,13,255,192,66,25,1,-1,-1,-1
219,14,228,119,20,12,1,-1,-1,-1
219,15,252,118,17,11,1,-1,-1,-1
219,16,272,117,16,13,1,-1,-1,-1
219,17,290,116,17,14,1,-1,-1,-1
219,18,311,116,17,13,1,-1,-1,-1
219,19,331,116,15,13,1,-1,-1,-1
219,20,350,117,15,12,1,-1,-1,-1
219,21,269,131,20,18,1,-1,-1,-1
219,22,292,133,20,13,1,-1,-1,-1
219,23,313,132,18,13,1,-1,-1,-1
219,24,337,131,18,14,1,-1,-1,-1
219,25,401,115,14,13,1,-1,-1,-1
219,26,459,131,16,15,1,-1,-1,-1
219,27,503,132,15,15,1,-1,-1,-1
219,28,545,141,28,19,1,-1,-1,-1
219,29,498,115,14,13,1,-1,-1,-1
219,30,515,115,14,13,1,-1,-1,-1
219,31,569,115,11,14,1,-1,-1,-1
219,33,608,109,30,15,1,-1,-1,-1
219,34,421,116,13,12,1,-1,-1,-1
219,35,480,116,15,12,1,-1,-1,-1
219,36,578,196,57,25,1,-1,-1,-1
219,37,580,114,66,32,1,-1,-1,-1
219,38,381,200,48,20,1,-1,-1,-1
219,39,595,211,52,20,1,-1,-1,-1
219,40,388,209,55,23,1,-1,-1,-1
219,41,316,220,55,24,1,-1,-1,-1
219,42,485,221,43,22,1,-1,-1,-1
219,43,784,199,52,20,1,-1,-1,-1
219,44,600,190,43,22,1,-1,-1,-1
219,45,686,202,53,19,1,-1,-1,-1
219,46,788,209,50,19,1,-1,-1,-1
219,47,641,219,53,24,1,-1,-1,-1
219,48,824,188,39,22,1,-1,-1,-1
219,49,877,199,52,19,1,-1,-1,-1
219,50,917,208,60,20,1,-1,-1,-1
219,51,878,219,58,20,1,-1,-1,-1
219,52,996,198,27,19,1,-1,-1,-1
219,57,386,239,61,23,1,-1,-1,-1
219,58,99,239,62,27,1,-1,-1,-1
219,60,571,492,50,47,1,-1,-1,-1
220,0,0,259,42,26,1,-1,-1,-1
220,1,185,276,71,26,1,-1,-1,-1
220,2,424,254,60,24,1,-1,-1,-1
220,3,198,251,56,28,1,-1,-1,-1
220,4,666,242,51,23,1,-1,-1,-1
220,10,10,199,63,21,1,-1,-1,-1
220,11,21,209,58,23,1,-1,-1,-1
220,12,106,211,50,26,1,-1,-1,-1
220,13,252,192,66,25,1,-1,-1,-1
220,14,228,119,20,12,1,-1,-1,-1
220,15,252,118,17,11,1,-1,-1,-1
220,16,272,117,16,12,1,-1,-1,-1
220,17,290,116,17,14,1,-1,-1,-1
220,18,311,116,17,13,1,-1,-1,-1
220,19,331,116,15,13,1,-1,-1,-1
220,20,350,117,15,12,1,-1,-1,-1
220,21,269,131,20,18,1,-1,-1,-1
220,22,292,133,20,13,1,-1,-1,-1
220,23,313,132,18,13,1,-1,-1,-1
220,24,337,131,18,14,1,-1,-1,-1
220,25,401,115,14,13,1,-1,-1,-1
220,26,459,131,15,15,1,-1,-1,-1
220,27,503,132,15,15,1,-1,-1,-1
220,28,545,141,28,19,1,-1,-1,-1
220,29,498,115,14,13,1,-1,-1,-1
220,30,515,115,14,13,1,-1,-1,-1
220,31,569,115,12,14,1,-1,-1,-1
220,33,608,109,30,15,1,-1,-1,-1
220,34,422,116,13,12,1,-1,-1,-1
220,35,480,116,15,12,1,-1,-1,-1
220,36,575,196,57,25,1,-1,-1,-1
220,37,580,114,66,32,1,-1,-1,-1
220,38,378,200,48,20,1,-1,-1,-1
220,39,592,211,52,20,1,-1,-1,-1
220,40,385,209,55,23,1,-1,-1,-1
220,41,312,220,55,24,1,-1,-1,-1
220,42,482,221,43,22,1,-1,-1,-1
220,43,782,199,52,19,1,-1,-1,-1
220,44,596,190,43,22,1,-1,-1,-1
220,45,684,202,53,19,1,-1,-1,-1
220,46,786,209,51,19,1,-1,-1,-1
220,47,638,219,53,24,1,-1,-1,-1
220,48,821,188,39,22,1,-1,-1,-1
220,49,875,199,52,19,1,-1,-1,-1
220,50,916,208,60,20,1,-1,-1,-1
220,51,875,219,58,20,1,-1,-1,-1
220,52,994,198,29,19,1,-1,-1,-1
220,57,390,239,61,23,1,-1,-1,-1
220,58,103,239,62,27,1,-1,-1,-1
220,60,571,488,51,51,1,-1,-1,-1
221,0,0,259,42,26,1,-1,-1,-1
221,1,187,276,71,26,1,-1,-1,-1
221,2,428,254,60,24,1,-1,-1,-1
221,3,200,250,56,28,1,-1,-1,-1
221,4,670,242,51,23,1,-1,-1,-1
221,10,6,199,63,21,1,-1,-1,-1
221,11,17,209,58,23,1,-1,-1,-1
221,12,102,211,51,26,1,-1,-1,-1
221,13,249,192,66,25,1,-1,-1,-1
221,14,228,119,20,12,1,-1,-1,-1
221,15,252,118,17,11,1,-1,-1,-1
221,16,272,117,16,12,1,-1,-1,-1
221,17,290,116,17,14,1,-1,-1,-1
221,18,311,116,17,13,1,-1,-1,-1
221,19,331,116,15,13,1,-1,-1,-1
221,20,350,117,15,12,1,-1,-1,-1
221,21,269,132,20,18,1,-1,-1,-1
221,22,292,133,20,13,1,-1,-1,-1
221,23,313,132,18,13,1,-1,-1,-1
221,24,337,132,18,14,1,-1,-1,-1
221,25,401,115,14,13,1,-1,-1,-1
221,26,459,131,15,15,1,-1,-1,-1
221,27,503,132,15,15,1,-1,-1,-1
221,28,545,141,28,19,1,-1,-1,-1
221,29,498,115,14,13,1,-1,-1,-1
221,30,515,115,14,13,1,-1,-1,-1
221,31,569,115,13,14,1,-1,-1,-1
221,33,608,109,30,15,1,-1,-1,-1
221,34,422,116,13,12,1,-1,-1,-1
221,35,480,116,15,12,1,-1,-1,-1
221,36,573,197,57,25,1,-1,-1,-1
221,37,581,114,66,33,1,-1,-1,-1
221,38,375,200,48,20,1,-1,-1,-1
221,39,589,211,52,20,1,-1,-1,-1
221,40,382,210,55,23,1,-1,-1,-1
221,41,308,220,56,24,1,-1,-1,-1
221,42,478,221,43,22,1,-1,-1,-1
221,43,780,199,52,19,1,-1,-1,-1
221,44,592,190,44,22,1,-1,-1,-1
221,45,682,202,53,19,1,-1,-1,-1
221,46,783,209,51,19,1,-1,-1,-1
221,47,635,219,52,24,1,-1,-1,-1
221,48,819,188,39,22,1,-1,-1,-1
221,49,873,199,52,19,1,-1,-1,-1
221,50,914,208,60,20,1,-1,-1,-1
221,51,873,219,58,20,1,-1,-1,-1
221,52,993,198,30,19,1,-1,-1,-1
221,57,394,239,61,23,1,-1,-1,-1
221,58,108,239,62,27,1,-1,-1,-1
221,60,571,483,51,56,1,-1,-1,-1
222,0,0,259,43,26,1,-1,-1,-1
222,1,189,276,71,27,1,-1,-1,-1
222,2,431,254,60,24,1,-1,-1,-1
222,3,202,250,56,28,1,-1,-1,-1
222,4,674,242,51,23,1,-1,-1,-1
222,10,2,199,63,21,1,-1,-1,-1
222,11,13,209,58,23,1,-1,-1,-1
222,12,98,211,51,26,1,-1,-1,-1
222,13,246,192,66,25,1,-1,-1,-1
222,14,228,119,20,12,1,-1,-1,-1
222,15,252,118,17,11,1,-1,-1,-1
222,16,272,117,16,13,1,-1,-1,-1
222,17,290,116,17,14,1,-1,-1,-1
222,18,311,116,17,13,1,-1,-1,-1
222,19,331,116,15,13,1,-1,-1,-1
222,20,350,117,15,12,1,-1,-1,-1
222,21,269,132,20,18,1,-1,-1,-1
222,22,292,133,20,13,1,-1,-1,-1
222,23,313,132,18,13,1,-1,-1,-1
222,24,337,132,18,14,1,-1,-1,-1
222,25,401,115,14,13,1,-1,-1,-1
222,26,459,131,15,15,1,-1,-1,-1
222,27,503,132,15,15,1,-1,-1,-1
222,28,545,141,28,19,1,-1,-1,-1
222,29,498,115,14,13,1,-1,-1,-1
222,30,515,115,13,13,1,-1,-1,-1
222,31,569,115,13,14,1,-1,-1,-1
222,33,607,109,31,15,1,-1,-1,-1
222,34,422,116,13,12,1,-1,-1,-1
222,35,480,116,15,12,1,-1,-1,-1
222,36,570,197,57,25,1,-1,-1,-1
222,37,581,114,66,33,1,-1,-1,-1
222,38,372,200,48,20,1,-1,-1,-1
222,39,586,211,52,20,1,-1,-1,-1
222,40,379,210,55,23,1,-1,-1,-1
222,41,305,220,56,24,1,-1,-1,-1
222,42,475,221,43,22,1,-1,-1,-1
222,43,778,199,52,19,1,-1,-1,-1
222,44,588,190,45,21,1,-1,-1,-1
222,45,680,202,53,19,1,-1,-1,-1
222,46,781,209,51,19,1,-1,-1,-1
222,47,632,219,52,24,1,-1,-1,-1
222,48,816,189,38,22,1,-1,-1,-1
222,49,871,199,52,19,1,-1,-1,-1
222,50,913,208,60,20,1,-1,-1,-1
222,51,870,219,58,20,1,-1,-1,-1
222,52,991,198,32,19,1,-1,-1,-1
222,57,398,239,61,23,1,-1,-1,-1
222,58,112,239,62,27,1,-1,-1,-1
222,59,0,281,38,26,1,-1,-1,-1
222,60,571,479,52,60,1,-1,-1,-1
223,0,0,259,44,26,1,-1,-1,-1
223,1,191,276,71,27,1,-1,-1,-1
223,2,434,254,60,24,1,-1,-1,-1
223,3,204,250,55,28,1,-1,-1,-1
223,4,677,242,51,23,1,-1,-1,-1
223,10,0,199,62,21,1,-1,-1,-1
223,11,8,209,58,23,1,-1,-1,-1
223,12,95,211,51,25,1,-1,-1,-1
223,13,243,192,66,25,1,-1,-1,-1
223,14,228,119,20,12,1,-1,-1,-1
223,15,252,118,17,11,1,-1,-1,-1
223,16,272,117,17,13,1,-1,-1,-1
223,17,290,116,17,14,1,-1,-1,-1
223,18,311,116,17,13,1,-1,-1,-1
223,19,331,116,15,13,1,-1,-1,-1
223,20,350,117,15,12,1,-1,-1,-1
223,21,269,132,20,18,1,-1,-1,-1
223,22,292,133,20,13,1,-1,-1,-1
223,23,313,132,18,13,1,-1,-1,-1
223,24,337,132,18,14,1,-1,-1,-1
223,25,401,115,14,13,1,-1,-1,-1
223,26,459,131,15,15,1,-1,-1,-1
223,27,503,132,16,15,1,-1,-1,-1
223,28,545,141,28,20,1,-1,-1,-1
223,29,498,115,14,13,1,-1,-1,-1
223,30,515,115,13,13,1,-1,-1,-1
223,31,569,115,14,14,1,-1,-1,-1
223,33,607,109,31,15,1,-1,-1,-1
223,34,422,116,13,12,1,-1,-1,-1
223,35,480,116,15,12,1,-1,-1,-1
223,36,568,197,57,25,1,-1,-1,-1
223,37,582,114,66,33,1,-1,-1,-1
223,38,368,200,48,20,1,-1,-1,-1
223,39,583,211,52,20,1,-1,-1,-1
223,40,376,210,55,22,1,-1,-1,-1
223,41,301,220,56,24,1,-1,-1,-1
223,42,471,221,43,22,1,-1,-1,-1
223,43,777,199,52,19,1,-1,-1,-1
223,44,584,191,45,21,1,-1,-1,-1
223,45,679,202,53,19,1,-1,-1,-1
223,46,778,209,51,19,1,-1,-1,-1
223,47,629,219,52,24,1,-1,-1,-1
223,48,814,189,38,22,1,-1,-1,-1
223,49,870,199,52,20,1,-1,-1,-1
223,50,911,208,60,20,1,-1,-1,-1
223,51,867,219,58,21,1,-1,-1,-1
223,52,990,198,33,19,1,-1,-1,-1
223,57,402,239,61,23,1,-1,-1,-1
223,58,117,239,62,27,1,-1,-1,-1
223,59,0,281,41,26,1,-1,-1,-1
223,60,571,474,52,65,1,-1,-1,-1
224,0,0,259,45,26,1,-1,-1,-1
224,1,193,276,71,27,1,-1,-1,-1
224,2,437,254,60,24,1,-1,-1,-1
224,3,206,250,55,28,1,-1,-1,-1
224,4,681,242,51,23,1,-1,-1,-1
224,10,0,199,57,21,1,-1,-1,-1
224,11,4,209,58,23,1,-1,-1,-1
224,12,91,211,51,25,1,-1,-1,-1
224,13,240,192,66,25,1,-1,-1,-1
224,14,228,119,20,12,1,-1,-1,-1
224,15,252,118,17,11,1,-1,-1,-1
224,16,272,117,17,13,1,-1,-1,-1
224,17,290,116,17,14,1,-1,-1,-1
224,18,311,116,17,13,1,-1,-1,-1
224,19,331,116,15,12,1,-1,-1,-1
224,20,350,117,15,11,1,-1,-1,-1
224,21,269,132,20,18,1,-1,-1,-1
224,22,292,133,20,13,1,-1,-1,-1
224,23,313,132,18,13,1,-1,-1,-1
224,24,337,132,18,14,1,-1,-1,-1
224,25,401,115,14,13,1,-1,-1,-1
224,26,459,131,15,15,1,-1,-1,-1
224,27,503,132,16,15,1,-1,-1,-1
224,28,545,141,28,20,1,-1,-1,-1
224,29,498,115,14,13,1,-1,-1,-1
224,30,515,115,13,13,1,-1,-1,-1
224,31,569,115,14,14,1,-1,-1,-1
224,33,607,109,31,15,1,-1,-1,-1
224,34,422,116,13,12,1,-1,-1,-1
224,35,480,116,15,12,1,-1,-1,-1
224,36,565,197,57,25,1,-1,-1,-1
224,37,582,114,66,33,1,-1,-1,-1
224,38,365,200,48,20,1,-1,-1,-1
224,39,581,211,52,20,1,-1,-1,-1
224,40,373,210,55,22,1,-1,-1,-1
224,41,297,221,56,24,1,-1,-1,-1
224,42,468,221,43,22,1,-1,-1,-1
224,43,775,199,52,19,1,-1,-1,-1
224,44,580,191,46,21,1,-1,-1,-1
224,45,677,202,53,19,1,-1,-1,-1
224,46,776,209,51,18,1,-1,-1,-1
224,47,626,219,52,24,1,-1,-1,-1
224,48,811,189,38,22,1,-1,-1,-1
224,49,868,199,52,20,1,-1,-1,-1
224,50,910,208,60,20,1,-1,-1,-1
224,51,864,219,57,21,1,-1,-1,-1
224,52,988,198,35,19,1,-1,-1,-1
224,57,406,239,61,23,1,-1,-1,-1
224,58,121,239,62,27,1,-1,-1,-1
224,59,0,281,45,26,1,-1,-1,-1
224,60,572,471,51,68,1,-1,-1,-1
225,0,0,259,45,26,1,-1,-1,-1
225,1,195,276,71,27,1,-1,-1,-1
225,2,440,254,60,24,1,-1,-1,-1
225,3,207,250,55,28,1,-1,-1,-1
225,4,685,242,51,23,1,-1,-1,-1
225,10,0,199,53,20,1,-1,-1,-1
225,11,0,209,58,23,1,-1,-1,-1
225,12,87,211,51,25,1,-1,-1,-1
225,13,237,192,66,25,1,-1,-1,-1
225,14,228,119,20,12,1,-1,-1,-1
225,15,252,118,17,11,1,-1,-1,-1
225,16,272,117,17,13,1,-1,-1,-1
225,17,290,116,17,14,1,-1,-1,-1
225,18,311,116,17,13,1,-1,-1,-1
225,19,331,116,15,12,1,-1,-1,-1
225,20,350,117,15,11,1,-1,-1,-1
225,21,269,132,20,18,1,-1,-1,-1
225,22,292,133,20,13,1,-1,-1,-1
225,23,313,131,18,13,1,-1,-1,-1
225,24,337,132,18,14,1,-1,-1,-1
225,25,401,115,14,13,1,-1,-1,-1
225,26,459,131,15,15,1,-1,-1,-1
225,27,502,132,16,15,1,-1,-1,-1
225,28,545,141,29,20,1,-1,-1,-1
225,29,498,115,14,13,1,-1,-1,-1
225,30,516,115,13,13,1,-1,-1,-1
225,31,569,115,14,14,1,-1,-1,-1
225,33,608,109,30,15,1,-1,-1,-1
225,34,422,116,13,12,1,-1,-1,-1
225,35,480,116,15,12,1,-1,-1,-1
225,36,563,197,57,25,1,-1,-1,-1
225,37,582,114,66,33,1,-1,-1,-1
225,38,361,200,48,20,1,-1,-1,-1
225,39,578,211,52,20,1,-1,-1,-1
225,40,370,210,55,22,1,-1,-1,-1
225,41,294,221,56,24,1,-1,-1,-1
225,42,465,221,43,22,1,-1,-1,-1
225,43,773,199,52,19,1,-1,-1,-1
225,44,576,191,47,21,1,-1,-1,-1
225,45,675,202,52,19,1,-1,-1,-1
225,46,774,209,51,18,1,-1,-1,-1
225,47,623,219,52,24,1,-1,-1,-1
225,48,808,189,38,22,1,-1,-1,-1
225,49,866,199,52,19,1,-1,-1,-1
225,50,908,208,60,20,1,-1,-1,-1
225,51,861,219,57,21,1,-1,-1,-1
225,52,987,198,36,19,1,-1,-1,-1
225,57,411,239,61,22,1,-1,-1,-1
225,58,126,239,62,27,1,-1,-1,-1
225,59,0,281,48,26,1,-1,-1,-1
225,60,573,467,50,72,1,-1,-1,-1
226,0,0,259,47,26,1,-1,-1,-1
226,1,196,276,71,27,1,-1,-1,-1
226,2,443,254,60,24,1,-1,-1,-1
226,3,209,250,55,28,1,-1,-1,-1
226,4,689,242,51,23,1,-1,-1,-1
226,10,0,199,48,20,1,-1,-1,-1
226,11,0,209,54,24,1,-1,-1,-1
226,12,83,211,52,25,1,-1,-1,-1
226,13,234,192,66,25,1,-1,-1,-1
226,14,228,119,20,12,1,-1,-1,-1
226,15,252,118,17,11,1,-1,-1,-1
226,16,272,117,17,13,1,-1,-1,-1
226,17,291,116,17,14,1,-1,-1,-1
226,18,311,116,17,13,1,-1,-1,-1
226,19,331,116,15,12,1,-1,-1,-1
226,20,350,117,15,11,1,-1,-1,-1
226,21,269,132,20,17,1,-1,-1,-1
226,22,292,133,20,13,1,-1,-1,-1
226,23,313,131,18,13,1,-1,-1,-1
226,24,337,132,18,13,1,-1,-1,-1
226,25,401,115,14,13,1,-1,-1,-1
226,26,459,131,15,15,1,-1,-1,-1
226,27,502,132,16,15,1,-1,-1,-1
226,28,545,141,29,20,1,-1,-1,-1
226,29,498,115,14,13,1,-1,-1,-1
226,30,516,115,13,13,1,-1,-1,-1
226,31,569,114,14,14,1,-1,-1,-1
226,33,608,109,30,15,1,-1,-1,-1
226,34,422,116,13,12,1,-1,-1,-1
226,35,480,116,15,12,1,-1,-1,-1
226,36,561,197,57,25,1,-1,-1,-1
226,37,583,114,66,33,1,-1,-1,-1
226,38,358,200,48,20,1,-1,-1,-1
226,39,575,211,52,20,1,-1,-1,-1
226,40,367,210,55,22,1,-1,-1,-1
226,41,290,221,56,24,1,-1,-1,-1
226,42,461,221,43,22,1,-1,-1,-1
226,43,771,199,52,19,1,-1,-1,-1
226,44,572,191,48,20,1,-1,-1,-1
226,45,674,202,52,19,1,-1,-1,-1
226,46,771,209,51,18,1,-1,-1,-1
226,47,620,219,52,24,1,-1,-1,-1
226,48,806,189,38,22,1,-1,-1,-1
226,49,864,199,52,19,1,-1,-1,-1
226,50,906,208,60,20,1,-1,-1,-1
226,51,858,219,57,21,1,-1,-1,-1
226,52,985,198,38,19,1,-1,-1,-1
226,57,415,239,61,22,1,-1,-1,-1
226,58,131,239,61,27,1,-1,-1,-1
226,59,0,281,51,26,1,-1,-1,-1
226,60,573,463,49,76,1,-1,-1,-1
227,0,0,259,48,26,1,-1,-1,-1
227,1,198,276,71,27,1,-1,-1,-1
227,2,446,254,60,24,1,-1,-1,-1
227,3,211,250,55,28,1,-1,-1,-1
227,4,693,242,51,23,1,-1,-1,-1
227,10,0,199,44,19,1,-1,-1,-1
227,11,0,209,49,24,1,-1,-1,-1
227,12,79,211,52,25,1,-1,-1,-1
227,13,231,192,66,25,1,-1,-1,-1
227,14,228,119,20,12,1,-1,-1,-1
227,15,252,118,17,11,1,-1,-1,-1
227,16,271,117,17,13,1,-1,-1,-1
227,17,291,116,16,14,1,-1,-1,-1
227,18,311,116,17,13,1,-1,-1,-1
227,19,331,116,15,12,1,-1,-1,-1
227,20,350,117,15,11,1,-1,-1,-1
227,21,269,132,20,17,1,-1,-1,-1
227,22,292,133,20,13,1,-1,-1,-1
227,23,314,131,18,13,1,-1,-1,-1
227,24,337,132,18,13,1,-1,-1,-1
227,25,401,115,14,13,1,-1,-1,-1
227,26,459,131,15,15,1,-1,-1,-1
227,27,502,132,16,15,1,-1,-1,-1
227,28,545,141,29,20,1,-1,-1,-1
227,29,498,115,14,13,1,-1,-1,-1
227,30,516,115,13,13,1,-1,-1,-1
227,31,569,114,14,14,1,-1,-1,-1
227,33,608,109,30,15,1,-1,-1,-1
227,34,422,116,12,11,1,-1,-1,-1
227,35,480,116,15,12,1,-1,-1,-1
227,36,558,197,58,25,1,-1,-1,-1
227,37,583,114,66,33,1,-1,-1,-1
227,38,354,200,48,20,1,-1,-1,-1
227,39,572,211,52,20,1,-1,-1,-1
227,40,364,210,54,22,1,-1,-1,-1
227,41,286,221,56,24,1,-1,-1,-1
227,42,458,221,43,22,1,-1,-1,-1
227,43,769,199,52,19,1,-1,-1,-1
227,44,568,191,47,20,1,-1,-1,-1
227,45,672,202,52,20,1,-1,-1,-1
227,46,769,210,51,18,1,-1,-1,-1
227,47,617,219,52,24,1,-1,-1,-1
227,48,803,189,38,22,1,-1,-1,-1
227,49,862,199,52,19,1,-1,-1,-1
227,50,904,208,60,20,1,-1,-1,-1
227,51,856,219,57,21,1,-1,-1,-1
227,52,984,198,39,19,1,-1,-1,-1
227,57,419,239,61,22,1,-1,-1,-1
227,58,135,239,61,27,1,-1,-1,-1
227,59,0,281,54,27,1,-1,-1,-1
227,60,574,460,48,79,1,-1,-1,-1
228,0,0,259,49,26,1,-1,-1,-1
228,1,200,276,71,27,1,-1,-1,-1
228,2,449,254,60,24,1,-1,-1,-1
228,3,213,250,55,29,1,-1,-1,-1
228,4,696,242,51,23,1,-1,-1,-1
228,10,0,199,39,19,1,-1,-1,-1
228,11,0,210,45,24,1,-1,-1,-1
228,12,76,211,52,25,1,-1,-1,-1
228,13,228,192,66,25,1,-1,-1,-1
228,14,228,119,20,12,1,-1,-1,-1
228,15,252,118,17,11,1,-1,-1,-1
228,16,271,117,17,13,1,-1,-1,-1
228,17,291,116,16,14,1,-1,-1,-1
228,18,311,116,17,13,1,-1,-1,-1
228,19,331,116,15,12,1,-1,-1,-1
228,20,350,117,15,11,1,-1,-1,-1
228,21,269,132,20,17,1,-1,-1,-1
228,22,292,133,20,13,1,-1,-1,-1
228,23,314,131,18,13,1,-1,-1,-1
228,24,337,132,18,13,1,-1,-1,-1
228,25,401,115,14,13,1,-1,-1,-1
228,26,459,131,15,15,1,-1,-1,-1
228,27,502,132,16,15,1,-1,-1,-1
228,28,545,141,29,20,1,-1,-1,-1
228,29,498,115,14,13,1,-1,-1,-1
228,30,516,115,13,13,1,-1,-1,-1
228,31,569,114,14,14,1,-1,-1,-1
228,33,608,109,29,15,1,-1,-1,-1
228,34,422,116,12,12,1,-1,-1,-1
228,35,480,116,15,12,1,-1,-1,-1
228,36,556,197,58,25,1,-1,-1,-1
228,37,584,114,66,33,1,-1,-1,-1
228,38,350,200,48,20,1,-1,-1,-1
228,39,569,211,52,20,1,-1,-1,-1
228,40,360,210,54,22,1,-1,-1,-1
228,41,283,221,56,24,1,-1,-1,-1
228,42,454,221,43,22,1,-1,-1,-1
228,43,767,199,52,19,1,-1,-1,-1
228,44,565,191,47,20,1,-1,-1,-1
228,45,670,202,52,20,1,-1,-1,-1
228,46,767,210,51,18,1,-1,-1,-1
228,47,614,219,52,24,1,-1,-1,-1
228,48,801,189,38,22,1,-1,-1,-1
228,49,860,199,52,19,1,-1,-1,-1
228,50,903,208,60,20,1,-1,-1,-1
228,51,853,219,57,21,1,-1,-1,-1
228,52,982,198,41,20,1,-1,-1,-1
228,57,423,239,61,22,1,-1,-1,-1
228,58,140,239,61,26,1,-1,-1,-1
228,59,0,281,57,27,1,-1,-1,-1
228,60,575,456,48,78,1,-1,-1,-1
229,0,0,259,51,26,1,-1,-1,-1
229,1,202,276,71,27,1,-1,-1,-1
229,2,452,254,60,24,1,-1,-1,-1
229,3,215,250,55,29,1,-1,-1,-1
229,4,700,241,51,23,1,-1,-1,-1
229,11,0,210,41,24,1,-1,-1,-1
229,12,72,211,52,25,1,-1,-1,-1
229,13,225,192,66,25,1,-1,-1,-1
229,14,228,119,20,12,1,-1,-1,-1
229,15,252,118,17,11,1,-1,-1,-1
229,16,271,117,17,13,1,-1,-1,-1
229,17,291,116,16,14,1,-1,-1,-1
229,18,311,116,17,13,1,-1,-1,-1
229,19,331,116,15,12,1,-1,-1,-1
229,20,350,117,15,11,1,-1,-1,-1
229,21,269,132,20,17,1,-1,-1,-1
229,22,292,133,20,13,1,-1,-1,-1
229,23,314,131,18,14,1,-1,-1,-1
229,24,337,132,18,13,1,-1,-1,-1
229,25,401,115,14,13,1,-1,-1,-1
229,26,459,131,15,15,1,-1,-1,-1
229,27,502,132,16,15,1,-1,-1,-1
229,28,545,141,29,20,1,-1,-1,-1
229,29,498,115,14,13,1,-1,-1,-1
229,30,516,115,13,13,1,-1,-1,-1
229,31,570,114,14,14,1,-1,-1,-1
229,33,608,109,29,15,1,-1,-1,-1
229,34,422,116,12,12,1,-1,-1,-1
229,35,480,116,15,12,1,-1,-1,-1
229,36,553,197,58,25,1,-1,-1,-1
229,37,584,114,66,33,1,-1,-1,-1
229,38,347,200,48,20,1,-1,-1,-1
229,39,566,211,52,20,1,-1,-1,-1
229,40,357,210,54,23,1,-1,-1,-1
229,41,279,221,56,24,1,-1,-1,-1
229,42,451,221,43,22,1,-1,-1,-1
229,43,765,199,53,19,1,-1,-1,-1
229,44,562,191,46,20,1,-1,-1,-1
229,45,669,201,52,20,1,-1,-1,-1
229,46,765,210,51,18,1,-1,-1,-1
229,47,611,219,52,24,1,-1,-1,-1
229,48,798,189,38,22,1,-1,-1,-1
229,49,858,199,52,19,1,-1,-1,-1
229,50,901,208,60,20,1,-1,-1,-1
229,51,850,219,57,21,1,-1,-1,-1
229,52,980,198,43,20,1,-1,-1,-1
229,57,427,239,61,22,1,-1,-1,-1
229,58,144,239,60,26,1,-1,-1,-1
229,59,0,280,60,27,1,-1,-1,-1
229,60,576,453,48,77,1,-1,-1,-1
230,0,0,259,52,26,1,-1,-1,-1
230,1,204,276,71,27,1,-1,-1,-1
230,2,455,254,60,24,1,-1,-1,-1
230,3,217,250,55,29,1,-1,-1,-1
230,4,704,241,51,23,1,-1,-1,-1
230,11,0,210,36,24,1,-1,-1,-1
230,12,68,211,52,25,1,-1,-1,-1
230,13,222,192,66,25,1,-1,-1,-1
230,14,228,119,20,12,1,-1,-1,-1
230,15,252,118,17,11,1,-1,-1,-1
230,16,271,117,17,13,1,-1,-1,-1
230,17,291,116,16,14,1,-1,-1,-1
230,18,311,116,17,13,1,-1,-1,-1
230,19,331,116,16,12,1,-1,-1,-1
230,20,350,117,15,11,1,-1,-1,-1
230,21,269,132,20,17,1,-1,-1,-1
230,22,292,133,20,13,1,-1,-1,-1
230,23,314,131,18,14,1,-1,-1,-1
230,24,337,132,18,13,1,-1,-1,-1
230,25,401,115,14,13,1,-1,-1,-1
230,26,459,131,15,15,1,-1,-1,-1
230,27,502,132,16,15,1,-1,-1,-1
230,28,545,141,29,20,1,-1,-1,-1
230,29,498,115,14,13,1,-1,-1,-1
230,30,516,116,13,13,1,-1,-1,-1
230,31,570,114,14,14,1,-1,-1,-1
230,33,608,109,29,15,1,-1,-1,-1
230,34,422,116,12,12,1,-1,-1,-1
230,35,480,116,15,12,1,-1,-1,-1
230,36,551,197,58,25,1,-1,-1,-1
230,37,585,114,66,33,1,-1,-1,-1
230,38,343,200,48,20,1,-1,-1,-1
230,39,564,211,52,20,1,-1,-1,-1
230,40,354,210,54,23,1,-1,-1,-1
230,41,275,221,56,24,1,-1,-1,-1
230,42,448,221,43,22,1,-1,-1,-1
230,43,764,199,52,19,1,-1,-1,-1
230,44,558,191,46,20,1,-1,-1,-1
230,45,667,201,52,20,1,-1,-1,-1
230,46,762,210,51,18,1,-1,-1,-1
230,47,608,219,52,24,1,-1,-1,-1
230,48,796,189,37,22,1,-1,-1,-1
230,49,857,200,52,19,1,-1,-1,-1
230,50,899,208,60,20,1,-1,-1,-1
230,51,847,219,57,21,1,-1,-1,-1
230,52,978,197,45,20,1,-1,-1,-1
230,57,431,240,61,22,1,-1,-1,-1
230,58,149,239,60,26,1,-1,-1,-1
230,59,0,280,63,27,1,-1,-1,-1
230,60,576,449,48,76,1,-1,-1,-1
231,0,0,259,53,26,1,-1,-1,-1
231,1,206,276,71,27,1,-1,-1,-1
231,2,458,254,60,24,1,-1,-1,-1
231,3,218,250,55,29,1,-1,-1,-1
231,4,708,241,51,23,1,-1,-1,-1
231,11,0,210,32,24,1,-1,-1,-1
231,12,65,211,52,25,1,-1,-1,-1
231,13,219,192,66,25,1,-1,-1,-1
231,14,228,119,20,12,1,-1,-1,-1
231,15,252,118,17,11,1,-1,-1,-1
231,16,271,117,17,13,1,-1,-1,-1
231,17,291,116,16,14,1,-1,-1,-1
231,18,311,116,17,13,1,-1,-1,-1
231,19,331,116,16,12,1,-1,-1,-1
231,20,350,117,15,11,1,-1,-1,-1
231,21,269,132,20,17,1,-1,-1,-1
231,22,292,133,20,13,1,-1,-1,-1
231,23,314,131,18,14,1,-1,-1,-1
231,24,337,132,18,13,1,-1,-1,-1
231,25,401,115,14,13,1,-1,-1,-1
231,26,459,131,15,15,1,-1,-1,-1
231,27,502,132,16,15,1,-1,-1,-1
231,28,545,141,29,20,1,-1,-1,-1
231,29,498,115,14,13,1,-1,-1,-1
231,30,516,116,13,13,1,-1,-1,-1
231,31,569,114,14,15,1,-1,-1,-1
231,33,608,108,29,15,1,-1,-1,-1
231,34,422,116,12,12,1,-1,-1,-1
231,35,480,116,15,12,1,-1,-1,-1
231,36,548,197,58,25,1,-1,-1,-1
231,37,585,115,66,33,1,-1,-1,-1
231,38,340,200,48,20,1,-1,-1,-1
231,39,561,211,52,20,1,-1,-1,-1
231,40,350,210,54,23,1,-1,-1,-1
231,41,271,221,56,24,1,-1,-1,-1
231,42,444,221,43,22,1,-1,-1,-1
231,43,762,199,52,19,1,-1,-1,-1
231,44,555,191,45,20,1,-1,-1,-1
231,45,665,201,52,20,1,-1,-1,-1
231,46,760,210,51,18,1,-1,-1,-1
231,47,606,219,52,25,1,-1,-1,-1
231,48,794,189,37,22,1,-1,-1,-1
231,49,855,200,52,19,1,-1,-1,-1
231,50,897,208,60,20,1,-1,-1,-1
231,51,844,219,57,21,1,-1,-1,-1
231,52,977,197,46,21,1,-1,-1,-1
231,57,435,240,61,22,1,-1,-1,-1
231,58,154,239,60,26,1,-1,-1,-1
231,59,0,280,66,27,1,-1,-1,-1
231,60,577,445,48,75,1,-1,-1,-1
232,0,0,259,55,26,1,-1,-1,-1
232,1,208,276,71,27,1,-1,-1,-1
232,2,461,254,60,24,1,-1,-1,-1
232,3,220,250,55,29,1,-1,-1,-1
232,4,712,241,51,23,1,-1,-1,-1
232,11,0,210,27,24,1,-1,-1,-1
232,12,61,211,53,25,1,-1,-1,-1
232,13,215,192,67,25,1,-1,-1,-1
232,14,228,119,20,12,1,-1,-1,-1
232,15,252,118,17,11,1,-1,-1,-1
232,16,271,117,17,13,1,-1,-1,-1
232,17,291,116,16,14,1,-1,-1,-1
232,18,311,116,17,13,1,-1,-1,-1
232,19,331,116,16,12,1,-1,-1,-1
232,20,350,117,15,11,1,-1,-1,-1
232,21,269,132,20,17,1,-1,-1,-1
232,22,292,133,20,13,1,-1,-1,-1
232,23,314,131,18,14,1,-1,-1,-1
232,24,337,132,18,13,1,-1,-1,-1
232,25,401,115,14,13,1,-1,-1,-1
232,26,459,131,15,15,1,-1,-1,-1
232,27,502,132,16,15,1,-1,-1,-1
232,28,545,141,29,20,1,-1,-1,-1
232,29,498,115,14,13,1,-1,-1,-1
232,30,516,116,13,12,1,-1,-1,-1
232,31,569,114,14,15,1,-1,-1,-1
232,33,608,108,29,15,1,-1,-1,-1
232,34,422,116,12,12,1,-1,-1,-1
232,35,480,116,15,12,1,-1,-1,-1
232,36,546,197,58,25,1,-1,-1,-1
232,37,586,115,66,34,1,-1,-1,-1
232,38,336,201,48,20,1,-1,-1,-1
232,39,558,211,52,20,1,-1,-1,-1
232,40,347,210,54,23,1,-1,-1,-1
232,41,268,221,56,24,1,-1,-1,-1
232,42,440,221,43,22,1,-1,-1,-1
232,43,760,199,52,19,1,-1,-1,-1
232,44,552,191,45,19,1,-1,-1,-1
232,45,663,201,52,20,1,-1,-1,-1
232,46,758,210,51,18,1,-1,-1,-1
232,47,602,219,52,25,1,-1,-1,-1
232,48,791,189,37,22,1,-1,-1,-1
232,49,853,200,51,19,1,-1,-1,-1
232,50,896,208,60,20,1,-1,-1,-1
232,51,842,219,57,21,1,-1,-1,-1
232,52,975,197,48,21,1,-1,-1,-1
232,57,439,240,60,22,1,-1,-1,-1
232,58,158,239,60,26,1,-1,-1,-1
232,59,0,280,69,27,1,-1,-1,-1
232,60,578,442,47,74,1,-1,-1,-1
233,0,0,259,56,26,1,-1,-1,-1
233,1,209,276,71,27,1,-1,-1,-1
233,2,464,253,60,24,1,-1,-1,-1
233,3,222,250,55,29,1,-1,-1,-1
233,4,715,241,51,23,1,-1,-1,-1
233,12,57,211,53,25,1,-1,-1,-1
233,13,212,192,67,25,1,-1,-1,-1
233,14,228,119,20,12,1,-1,-1,-1
233,15,252,118,17,11,1,-1,-1,-1
233,16,271,117,17,13,1,-1,-1,-1
233,17,291,116,16,14,1,-1,-1,-1
233,18,311,116,17,13,1,-1,-1,-1
233,19,331,116,16,12,1,-1,-1,-1
233,20,350,117,15,11,1,-1,-1,-1
233,21,269,132,20,17,1,-1,-1,-1
233,22,292,133,20,13,1,-1,-1,-1
233,23,314,131,18,14,1,-1,-1,-1
233,24,337,132,18,13,1,-1,-1,-1
233,25,401,115,14,13,1,-1,-1,-1
233,26,459,131,15,15,1,-1,-1,-1
233,27,502,132,16,15,1,-1,-1,-1
233,28,545,141,29,20,1,-1,-1,-1
233,29,498,115,14,13,1,-1,-1,-1
233,30,516,116,13,12,1,-1,-1,-1
233,31,569,114,14,15,1,-1,-1,-1
233,33,608,108,29,15,1,-1,-1,-1
233,34,422,116,13,12,1,-1,-1,-1
233,35,480,116,15,12,1,-1,-1,-1
233,36,543,197,58,25,1,-1,-1,-1
233,37,586,115,65,34,1,-1,-1,-1
233,38,333,201,48,20,1,-1,-1,-1
233,39,555,211,52,20,1,-1,-1,-1
233,40,344,210,54,23,1,-1,-1,-1
233,41,264,221,56,24,1,-1,-1,-1
233,42,437,221,43,22,1,-1,-1,-1
233,43,759,199,52,19,1,-1,-1,-1
233,44,548,191,45,19,1,-1,-1,-1
233,45,662,201,52,20,1,-1,-1,-1
233,46,755,210,51,18,1,-1,-1,-1
233,47,599,219,52,25,1,-1,-1,-1
233,48,789,188,37,22,1,-1,-1,-1
233,49,851,200,51,19,1,-1,-1,-1
233,50,894,208,60,20,1,-1,-1,-1
233,51,839,219,57,21,1,-1,-1,-1
233,52,973,196,50,22,1,-1,-1,-1
233,57,443,240,60,22,1,-1,-1,-1
233,58,163,239,59,26,1,-1,-1,-1
233,59,0,280,72,27,1,-1,-1,-1
233,60,578,438,47,73,1,-1,-1,-1
234,0,0,259,57,26,1,-1,-1,-1
234,1,211,276,71,27,1,-1,-1,-1
234,2,467,253,60,24,1,-1,-1,-1
234,3,224,250,55,29,1,-1,-1,-1
234,4,719,241,51,23,1,-1,-1,-1
234,12,53,211,53,25,1,-1,-1,-1
234,13,209,192,67,26,1,-1,-1,-1
234,14,228,119,20,12,1,-1,-1,-1
234,15,252,118,17,11,1,-1,-1,-1
234,16,271,117,17,13,1,-1,-1,-1
234,17,291,116,16,14,1,-1,-1,-1
234,18,311,116,17,13,1,-1,-1,-1
234,19,331,116,16,12,1,-1,-1,-1
234,20,350,117,15,11,1,-1,-1,-1
234,21,269,132,20,17,1,-1,-1,-1
234,22,292,133,20,13,1,-1,-1,-1
234,23,314,131,18,14,1,-1,-1,-1
234,24,337,132,18,13,1,-1,-1,-1
234,25,401,115,14,13,1,-1,-1,-1
234,26,458,131,15,15,1,-1,-1,-1
234,27,502,132,16,15,1,-1,-1,-1
234,28,545,141,29,20,1,-1,-1,-1
234,29,498,115,14,13,1,-1,-1,-1
234,30,516,116,13,12,1,-1,-1,-1
234,31,569,114,15,15,1,-1,-1,-1
234,33,608,108,29,15,1,-1,-1,-1
234,34,422,116,13,12,1,-1,-1,-1
234,35,480,116,15,12,1,-1,-1,-1
234,36,541,197,58,25,1,-1,-1,-1
234,37,586,115,65,34,1,-1,-1,-1
234,38,329,201,48,20,1,-1,-1,-1
234,39,552,211,52,20,1,-1,-1,-1
234,40,340,210,54,23,1,-1,-1,-1
234,41,260,221,56,24,1,-1,-1,-1
234,42,433,221,43,22,1,-1,-1,-1
234,43,757,199,52,19,1,-1,-1,-1
234,44,544,191,45,19,1,-1,-1,-1
234,45,660,201,52,20,1,-1,-1,-1
234,46,753,210,51,18,1,-1,-1,-1
234,47,596,219,52,25,1,-1,-1,-1
234,48,787,188,37,23,1,-1,-1,-1
234,49,849,200,51,19,1,-1,-1,-1
234,50,892,208,60,20,1,-1,-1,-1
234,51,837,219,57,21,1,-1,-1,-1
234,52,971,197,52,21,1,-1,-1,-1
234,57,447,240,60,21,1,-1,-1,-1
234,58,167,239,59,26,1,-1,-1,-1
234,59,0,280,75,27,1,-1,-1,-1
234,60,579,435,47,72,1,-1,-1,-1
235,0,0,259,59,26,1,-1,-1,-1
235,1,213,276,71,27,1,-1,-1,-1
235,2,471,253,60,24,1,-1,-1,-1
235,3,226,250,55,29,1,-1,-1,-1
235,4,723,241,51,23,1,-1,-1,-1
235,12,49,211,53,25,1,-1,-1,-1
235,13,206,192,67,26,1,-1,-1,-1
235,14,228,119,20,12,1,-1,-1,-1
235,15,252,118,17,11,1,-1,-1,-1
235,16,271,117,17,13,1,-1,-1,-1
235,17,291,116,16,14,1,-1,-1,-1
235,18,311,116,17,13,1,-1,-1,-1
235,19,331,116,16,12,1,-1,-1,-1
235,20,350,117,15,11,1,-1,-1,-1
235,21,269,132,20,17,1,-1,-1,-1
235,22,292,133,20,13,1,-1,-1,-1
235,23,314,131,18,14,1,-1,-1,-1
235,24,337,132,18,13,1,-1,-1,-1
235,25,401,115,14,13,1,-1,-1,-1
235,26,458,131,15,15,1,-1,-1,-1
235,27,502,132,16,15,1,-1,-1,-1
235,28,545,141,29,20,1,-1,-1,-1
235,29,498,115,14,13,1,-1,-1,-1
235,30,516,116,13,12,1,-1,-1,-1
235,31,569,114,15,15,1,-1,-1,-1
235,33,608,108,29,15,1,-1,-1,-1
235,34,422,116,13,12,1,-1,-1,-1
235,35,480,116,15,12,1,-1,-1,-1
235,36,539,197,58,24,1,-1,-1,-1
235,37,587,115,65,34,1,-1,-1,-1
235,38,325,201,48,20,1,-1,-1,-1
235,39,549,211,52,20,1,-1,-1,-1
235,40,337,210,54,23,1,-1,-1,-1
235,41,256,221,56,24,1,-1,-1,-1
235,42,430,221,43,22,1,-1,-1,-1
235,43,756,199,52,19,1,-1,-1,-1
235,44,541,192,45,18,1,-1,-1,-1
235,45,658,201,52,20,1,-1,-1,-1
235,46,751,211,51,17,1,-1,-1,-1
235,47,593,219,52,25,1,-1,-1,-1
235,48,784,188,38,23,1,-1,-1,-1
235,49,847,200,51,19,1,-1,-1,-1
235,50,890,208,60,20,1,-1,-1,-1
235,51,834,219,56,21,1,-1,-1,-1
235,52,969,197,54,21,1,-1,-1,-1
235,57,451,240,60,21,1,-1,-1,-1
235,58,172,239,59,26,1,-1,-1,-1
235,59,0,280,78,28,1,-1,-1,-1
235,60,580,431,47,71,1,-1,-1,-1
236,0,0,259,60,26,1,-1,-1,-1
236,1,215,276,71,27,1,-1,-1,-1
236,2,474,253,60,24,1,-1,-1,-1
236,3,228,250,55,29,1,-1,-1,-1
236,4,727,241,51,23,1,-1,-1,-1
236,12,46,211,53,25,1,-1,-1,-1
236,13,203,192,67,26,1,-1,-1,-1
236,14,228,119,20,12,1,-1,-1,-1
236,15,252,118,17,11,1,-1,-1,-1
236,16,271,117,17,13,1,-1,-1,-1
236,17,291,116,16,14,1,-1,-1,-1
236,18,311,116,17,13,1,-1,-1,-1
236,19,331,116,16,12,1,-1,-1,-1
236,20,350,117,15,11,1,-1,-1,-1
236,21,269,132,20,17,1,-1,-1,-1
236,22,292,133,20,13,1,-1,-1,-1
236,23,314,131,18,14,1,-1,-1,-1
236,24,337,132,18,13,1,-1,-1,-1
236,25,401,116,14,13,1,-1,-1,-1
236,26,458,131,15,15,1,-1,-1,-1
236,27,502,132,16,15,1,-1,-1,-1
236,28,545,141,29,20,1,-1,-1,-1
236,29,498,115,14,13,1,-1,-1,-1
236,30,516,116,13,12,1,-1,-1,-1
236,31,569,114,15,15,1,-1,-1,-1
236,33,608,108,29,15,1,-1,-1,-1
236,34,422,116,13,12,1,-1,-1,-1
236,35,480,116,15,12,1,-1,-1,-1
236,36,536,197,58,25,1,-1,-1,-1
236,37,587,115,65,34,1,-1,-1,-1
236,38,322,201,48,20,1,-1,-1,-1
236,39,546,211,52,20,1,-1,-1,-1
236,40,334,210,54,23,1,-1,-1,-1
236,41,252,221,56,24,1,-1,-1,-1
236,42,426,221,43,22,1,-1,-1,-1
236,43,754,199,52,19,1,-1,-1,-1
236,44,537,192,45,18,1,-1,-1,-1
236,45,657,201,52,20,1,-1,-1,-1
236,46,748,211,51,18,1,-1,-1,-1
236,47,590,219,52,25,1,-1,-1,-1
236,48,782,187,38,23,1,-1,-1,-1
236,49,845,200,51,19,1,-1,-1,-1
236,50,889,208,60,20,1,-1,-1,-1
236,51,832,219,56,21,1,-1,-1,-1
236,52,967,197,54,21,1,-1,-1,-1
236,57,455,240,60,21,1,-1,-1,-1
236,58,177,239,59,26,1,-1,-1,-1
236,59,3,281,78,27,1,-1,-1,-1
236,60,580,429,47,70,1,-1,-1,-1
237,0,0,259,62,26,1,-1,-1,-1
237,1,217,276,71,27,1,-1,-1,-1
237,2,477,253,60,24,1,-1,-1,-1
237,3,230,250,55,29,1,-1,-1,-1
237,4,731,241,52,23,1,-1,-1,-1
237,12,42,211,53,25,1,-1,-1,-1
237,13,200,192,67,26,1,-1,-1,-1
237,14,228,119,20,12,1,-1,-1,-1
237,15,252,118,17,11,1,-1,-1,-1
237,16,271,117,17,13,1,-1,-1,-1
237,17,291,116,16,14,1,-1,-1,-1
237,18,311,116,17,13,1,-1,-1,-1
237,19,331,116,16,13,1,-1,-1,-1
237,20,350,117,15,11,1,-1,-1,-1
237,21,269,132,20,17,1,-1,-1,-1
237,22,292,133,20,13,1,-1,-1,-1
237,23,314,131,18,14,1,-1,-1,-1
237,24,337,132,18,13,1,-1,-1,-1
237,25,401,116,14,12,1,-1,-1,-1
237,26,458,131,15,15,1,-1,-1,-1
237,27,502,132,16,15,1,-1,-1,-1
237,28,545,141,29,20,1,-1,-1,-1
237,29,498,115,14,13,1,-1,-1,-1
237,30,516,116,13,12,1,-1,-1,-1
237,31,569,114,15,15,1,-1,-1,-1
237,33,608,108,29,15,1,-1,-1,-1
237,34,422,116,13,12,1,-1,-1,-1
237,35,480,116,15,12,1,-1,-1,-1
237,36,533,198,58,25,1,-1,-1,-1
237,37,588,115,65,34,1,-1,-1,-1
237,38,318,201,48,20,1,-1,-1,-1
237,39,543,211,52,20,1,-1,-1,-1
237,40,330,210,54,23,1,-1,-1,-1
237,41,248,221,56,24,1,-1,-1,-1
237,42,423,221,43,22,1,-1,-1,-1
237,43,752,199,52,19,1,-1,-1,-1
237,44,533,192,45,18,1,-1,-1,-1
237,45,655,201,52,20,1,-1,-1,-1
237,46,745,210,51,18,1,-1,-1,-1
237,47,587,219,52,25,1,-1,-1,-1
237,48,779,188,38,22,1,-1,-1,-1
237,49,843,200,51,19,1,-1,-1,-1
237,50,887,208,60,20,1,-1,-1,-1
237,51,829,219,56,21,1,-1,-1,-1
237,52,966,197,54,21,1,-1,-1,-1
237,57,459,240,60,21,1,-1,-1,-1
237,58,181,239,59,26,1,-1,-1,-1
237,59,6,280,78,27,1,-1,-1,-1
237,60,581,426,47,69,1,-1,-1,-1
238,0,0,259,63,26,1,-1,-1,-1
238,1,219,276,71,27,1,-1,-1,-1
238,2,481,253,60,24,1,-1,-1,-1
238,3,232,250,55,29,1,-1,-1,-1
238,4,734,241,52,23,1,-1,-1,-1
238,12,38,211,53,25,1,-1,-1,-1
238,13,197,192,67,26,1,-1,-1,-1
238,14,229,119,20,12,1,-1,-1,-1
238,15,252,118,17,11,1,-1,-1,-1
238,16,271,117,17,13,1,-1,-1,-1
238,17,291,116,16,14,1,-1,-1,-1
238,18,311,116,17,13,1,-1,-1,-1
238,19,331,116,16,13,1,-1,-1,-1
238,20,350,117,15,11,1,-1,-1,-1
238,21,269,132,20,17,1,-1,-1,-1
238,22,292,133,20,13,1,-1,-1,-1
238,23,314,131,18,14,1,-1,-1,-1
238,24,337,132,18,13,1,-1,-1,-1
238,25,401,116,14,12,1,-1,-1,-1
238,26,458,131,15,15,1,-1,-1,-1
238,27,502,132,16,15,1,-1,-1,-1
238,28,545,141,28,20,1,-1,-1,-1
238,29,498,115,14,13,1,-1,-1,-1
238,30,516,116,13,12,1,-1,-1,-1
238,31,569,114,15,15,1,-1,-1,-1
238,33,608,108,30,14,1,-1,-1,-1
238,34,422,116,13,12,1,-1,-1,-1
238,35,480,116,15,12,1,-1,-1,-1
238,36,531,198,58,25,1,-1,-1,-1
238,37,588,115,65,34,1,-1,-1,-1
238,38,315,201,48,20,1,-1,-1,-1
238,39,540,211,52,20,1,-1,-1,-1
238,40,327,210,54,23,1,-1,-1,-1
238,41,244,221,56,23,1,-1,-1,-1
238,42,419,221,43,22,1,-1,-1,-1
238,43,751,199,52,19,1,-1,-1,-1
238,44,530,192,45,17,1,-1,-1,-1
238,45,653,201,52,20,1,-1,-1,-1
238,46,743,210,51,18,1,-1,-1,-1
238,47,584,219,52,25,1,-1,-1,-1
238,48,776,188,38,21,1,-1,-1,-1
238,49,842,200,51,19,1,-1,-1,-1
238,50,885,208,60,19,1,-1,-1,-1
238,51,826,219,56,21,1,-1,-1,-1
238,52,964,197,54,21,1,-1,-1,-1
238,57,463,240,60,21,1,-1,-1,-1
238,58,186,238,59,26,1,-1,-1,-1
238,59,9,280,78,27,1,-1,-1,-1
238,60,581,423,47,69,1,-1,-1,-1
239,0,0,259,64,26,1,-1,-1,-1
239,1,221,276,71,27,1,-1,-1,-1
239,2,484,253,60,24,1,-1,-1,-1
239,3,234,250,54,29,1,-1,-1,-1
239,4,738,241,52,23,1,-1,-1,-1
239,12,34,211,53,25,1,-1,-1,-1
239,13,194,192,67,26,1,-1,-1,-1
239,14,229,119,20,12,1,-1,-1,-1
239,15,252,118,17,11,1,-1,-1,-1
239,16,271,117,17,13,1,-1,-1,-1
239,17,291,116,16,14,1,-1,-1,-1
239,18,311,116,17,13,1,-1,-1,-1
239,19,331,116,16,13,1,-1,-1,-1
239,20,350,117,15,11,1,-1,-1,-1
239,21,269,132,20,17,1,-1,-1,-1
239,22,292,133,19,13,1,-1,-1,-1
239,23,314,131,18,14,1,-1,-1,-1
239,24,337,132,18,13,1,-1,-1,-1
239,25,401,116,14,12,1,-1,-1,-1
239,26,458,131,15,15,1,-1,-1,-1
239,27,502,132,16,15,1,-1,-1,-1
239,28,545,141,28,20,1,-1,-1,-1
239,29,498,115,14,13,1,-1,-1,-1
239,30,516,116,13,13,1,-1,-1,-1
239,31,569,114,15,15,1,-1,-1,-1
239,33,608,108,30,14,1,-1,-1,-1
239,34,422,116,13,12,1,-1,-1,-1
239,35,480,116,15,12,1,-1,-1,-1
239,36,528,198,58,25,1,-1,-1,-1
239,37,589,115,64,34,1,-1,-1,-1
239,38,311,201,48,20,1,-1,-1,-1
239,39,537,211,52,20,1,-1,-1,-1
239,40,324,210,54,23,1,-1,-1,-1
239,41,240,221,57,23,1,-1,-1,-1
239,42,416,221,43,22,1,-1,-1,-1
239,43,749,199,52,19,1,-1,-1,-1
239,44,526,192,45,18,1,-1,-1,-1
239,45,651,201,52,20,1,-1,-1,-1
239,46,740,210,51,18,1,-1,-1,-1
239,47,581,219,52,24,1,-1,-1,-1
239,48,773,189,38,21,1,-1,-1,-1
239,49,840,200,51,19,1,-1,-1,-1
239,50,883,208,60,19,1,-1,-1,-1
239,51,823,219,56,21,1,-1,-1,-1
239,52,962,197,54,21,1,-1,-1,-1
239,57,467,239,60,21,1,-1,-1,-1
239,58,190,238,59,26,1,-1,-1,-1
239,59,13,280,78,27,1,-1,-1,-1
239,60,582,421,46,68,1,-1,-1,-1
240,0,0,259,66,26,1,-1,-1,-1
240,1,223,276,71,27,1,-1,-1,-1
240,2,488,253,60,24,1,-1,-1,-1
240,3,236,250,54,29,1,-1,-1,-1
240,4,742,241,52,23,1,-1,-1,-1
240,12,30,211,53,25,1,-1,-1,-1
240,13,190,192,68,26,1,-1,-1,-1
240,14,229,119,20,12,1,-1,-1,-1
240,15,252,118,17,11,1,-1,-1,-1
240,16,271,117,17,13,1,-1,-1,-1
240,17,291,116,16,13,1,-1,-1,-1
240,18,311,116,17,13,1,-1,-1,-1
240,19,331,116,16,13,1,-1,-1,-1
240,20,350,117,14,11,1,-1,-1,-1
240,21,269,132,20,17,1,-1,-1,-1
240,22,292,133,19,13,1,-1,-1,-1
240,23,314,131,18,14,1,-1,-1,-1
240,24,337,132,18,13,1,-1,-1,-1
240,25,401,116,14,12,1,-1,-1,-1
240,26,458,131,15,15,1,-1,-1,-1
240,27,502,132,16,15,1,-1,-1,-1
240,28,545,141,28,20,1,-1,-1,-1
240,29,498,114,14,13,1,-1,-1,-1
240,30,516,116,13,13,1,-1,-1,-1
240,31,569,114,15,15,1,-1,-1,-1
240,33,608,108,30,14,1,-1,-1,-1
240,34,421,116,13,12,1,-1,-1,-1
240,35,480,116,15,12,1,-1,-1,-1
240,36,526,198,58,25,1,-1,-1,-1
240,37,589,115,64,34,1,-1,-1,-1
240,38,307,201,48,20,1,-1,-1,-1
240,39,534,211,52,20,1,-1,-1,-1
240,40,321,210,54,23,1,-1,-1,-1
240,41,236,221,57,23,1,-1,-1,-1
240,42,412,221,43,22,1,-1,-1,-1
240,43,747,199,52,19,1,-1,-1,-1
240,44,523,192,45,18,1,-1,-1,-1
240,45,649,201,52,20,1,-1,-1,-1
240,46,738,210,51,18,1,-1,-1,-1
240,47,577,219,52,24,1,-1,-1,-1
240,48,771,189,38,20,1,-1,-1,-1
240,49,838,200,51,19,1,-1,-1,-1
240,50,882,208,60,19,1,-1,-1,-1
240,51,821,219,56,21,1,-1,-1,-1
240,52,960,197,53,21,1,-1,-1,-1
240,57,471,239,60,21,1,-1,-1,-1
240,58,195,238,59,26,1,-1,-1,-1
240,59,16,280,78,27,1,-1,-1,-1
240,60,583,418,46,67,1,-1,-1,-1
241,0,0,259,67,26,1,-1,-1,-1
241,1,225,276,71,27,1,-1,-1,-1
241,2,491,253,59,24,1,-1,-1,-1
241,3,238,250,54,29,1,-1,-1,-1
241,4,746,241,52,23,1,-1,-1,-1
241,12,26,211,53,25,1,-1,-1,-1
241,13,187,192,68,27,1,-1,-1,-1
241,14,229,119,20,12,1,-1,-1,-1
241,15,252,118,17,11,1,-1,-1,-1
241,16,272,117,17,13,1,-1,-1,-1
241,17,291,116,16,13,1,-1,-1,-1
241,18,311,116,17,13,1,-1,-1,-1
241,19,331,116,16,13,1,-1,-1,-1
241,20,350,117,14,11,1,-1,-1,-1
241,21,269,132,20,17,1,-1,-1,-1
241,22,292,133,19,13,1,-1,-1,-1
241,23,314,131,18,14,1,-1,-1,-1
241,24,337,132,18,13,1,-1,-1,-1
241,25,401,116,14,12,1,-1,-1,-1
241,26,458,131,15,15,1,-1,-1,-1
241,27,502,132,16,15,1,-1,-1,-1
241,28,546,141,28,20,1,-1,-1,-1
241,29,498,114,14,13,1,-1,-1,-1
241,30,516,116,13,13,1,-1,-1,-1
241,31,569,114,15,15,1,-1,-1,-1
241,33,608,108,30,14,1,-1,-1,-1
241,34,421,116,13,12,1,-1,-1,-1
241,35,480,116,15,12,1,-1,-1,-1
241,36,523,198,58,25,1,-1,-1,-1
241,37,590,115,64,34,1,-1,-1,-1
241,38,304,201,48,20,1,-1,-1,-1
241,39,531,211,52,20,1,-1,-1,-1
241,40,317,210,54,23,1,-1,-1,-1
241,41,232,221,57,23,1,-1,-1,-1
241,42,409,221,44,22,1,-1,-1,-1
241,43,745,199,51,19,1,-1,-1,-1
241,44,519,192,45,18,1,-1,-1,-1
241,45,647,201,52,20,1,-1,-1,-1
241,46,735,210,51,18,1,-1,-1,-1
241,47,574,219,52,24,1,-1,-1,-1
241,48,768,190,38,19,1,-1,-1,-1
241,49,836,200,51,19,1,-1,-1,-1
241,50,880,208,61,19,1,-1,-1,-1
241,51,818,219,56,21,1,-1,-1,-1
241,52,959,197,53,21,1,-1,-1,-1
241,57,476,239,60,21,1,-1,-1,-1
241,58,200,238,59,26,1,-1,-1,-1
241,59,19,280,78,27,1,-1,-1,-1
241,60,583,415,46,66,1,-1,-1,-1
242,0,0,259,68,26,1,-1,-1,-1
242,1,227,275,71,27,1,-1,-1,-1
242,2,495,253,59,24,1,-1,-1,-1
242,3,240,250,54,29,1,-1,-1,-1
242,4,750,241,52,23,1,-1,-1,-1
242,12,23,212,53,25,1,-1,-1,-1
242,13,184,192,68,27,1,-1,-1,-1
242,14,229,119,20,12,1,-1,-1,-1
242,15,252,118,17,11,1,-1,-1,-1
242,16,272,117,17,13,1,-1,-1,-1
242,17,291,116,16,13,1,-1,-1,-1
242,18,311,116,17,13,1,-1,-1,-1
242,19,331,116,16,13,1,-1,-1,-1
242,20,350,117,14,11,1,-1,-1,-1
242,21,269,132,20,17,1,-1,-1,-1
242,22,292,133,19,13,1,-1,-1,-1
242,23,314,131,18,14,1,-1,-1,-1
242,24,337,132,18,13,1,-1,-1,-1
242,25,402,116,14,12,1,-1,-1,-1
242,26,458,131,15,15,1,-1,-1,-1
242,27,502,132,16,15,1,-1,-1,-1
242,28,546,141,28,20,1,-1,-1,-1
242,29,498,114,14,13,1,-1,-1,-1
242,30,516,116,13,13,1,-1,-1,-1
242,31,569,114,15,15,1,-1,-1,-1
242,33,608,108,30,14,1,-1,-1,-1
242,34,421,116,13,12,1,-1,-1,-1
242,35,480,116,15,12,1,-1,-1,-1
242,36,521,198,58,25,1,-1,-1,-1
242,37,590,115,64,35,1,-1,-1,-1
242,38,300,201,49,20,1,-1,-1,-1
242,39,528,211,52,20,1,-1,-1,-1
242,40,314,210,54,23,1,-1,-1,-1
242,41,228,221,57,23,1,-1,-1,-1
242,42,405,221,44,22,1,-1,-1,-1
242,43,744,199,51,20,1,-1,-1,-1
242,44,516,192,45,19,1,-1,-1,-1
242,45,645,201,52,20,1,-1,-1,-1
242,46,732,210,51,18,1,-1,-1,-1
242,47,571,219,52,24,1,-1,-1,-1
242,48,765,190,39,18,1,-1,-1,-1
242,49,834,200,51,19,1,-1,-1,-1
242,50,878,208,61,20,1,-1,-1,-1
242,51,815,219,56,21,1,-1,-1,-1
242,52,957,197,53,21,1,-1,-1,-1
242,57,480,239,60,21,1,-1,-1,-1
242,58,204,238,59,26,1,-1,-1,-1
242,59,23,280,78,27,1,-1,-1,-1
242,60,584,413,46,65,1,-1,-1,-1
243,0,0,259,70,26,1,-1,-1,-1
243,1,229,275,71,27,1,-1,-1,-1
243,2,498,253,59,23,1,-1,-1,-1
243,3,242,250,54,29,1,-1,-1,-1
243,4,753,241,52,23,1,-1,-1,-1
243,12,19,212,53,25,1,-1,-1,-1
243,13,181,192,68,27,1,-1,-1,-1
243,14,229,119,20,12,1,-1,-1,-1
243,15,253,118,17,11,1,-1,-1,-1
243,16,272,117,17,13,1,-1,-1,-1
243,17,291,116,16,13,1,-1,-1,-1
243,18,311,116,17,13,1,-1,-1,-1
243,19,331,116,16,13,1,-1,-1,-1
243,20,350,117,14,11,1,-1,-1,-1
243,21,269,132,20,17,1,-1,-1,-1
243,22,292,133,19,13,1,-1,-1,-1
243,23,314,131,18,14,1,-1,-1,-1
243,24,337,132,18,13,1,-1,-1,-1
243,25,402,116,14,12,1,-1,-1,-1
243,26,458,131,15,15,1,-1,-1,-1
243,27,502,132,16,15,1,-1,-1,-1
243,28,546,141,28,20,1,-1,-1,-1
243,29,498,114,14,13,1,-1,-1,-1
243,30,516,115,13,13,1,-1,-1,-1
243,31,569,114,16,15,1,-1,-1,-1
243,33,608,108,30,14,1,-1,-1,-1
243,34,421,116,13,12,1,-1,-1,-1
243,35,480,116,15,12,1,-1,-1,-1
243,36,518,198,58,25,1,-1,-1,-1
243,37,591,115,64,35,1,-1,-1,-1
243,38,296,201,49,20,1,-1,-1,-1
243,39,525,211,52,20,1,-1,-1,-1
243,40,311,210,54,23,1,-1,-1,-1
243,41,224,221,57,23,1,-1,-1,-1
243,42,402,221,44,22,1,-1,-1,-1
243,43,742,199,51,20,1,-1,-1,-1
243,44,513,192,45,19,1,-1,-1,-1
243,45,642,202,52,20,1,-1,-1,-1
243,46,730,210,51,19,1,-1,-1,-1
243,47,568,219,52,24,1,-1,-1,-1
243,48,762,190,38,19,1,-1,-1,-1
243,49,832,200,51,19,1,-1,-1,-1
243,50,876,208,61,20,1,-1,-1,-1
243,51,812,219,56,21,1,-1,-1,-1
243,52,955,197,53,21,1,-1,-1,-1
243,57,484,239,60,21,1,-1,-1,-1
243,58,209,238,59,26,1,-1,-1,-1
243,59,26,280,77,27,1,-1,-1,-1
243,60,585,410,46,64,1,-1,-1,-1
244,0,1,259,70,26,1,-1,-1,-1
244,1,231,275,71,27,1,-1,-1,-1
244,2,502,253,59,23,1,-1,-1,-1
244,3,244,250,54,28,1,-1,-1,-1
244,4,757,241,52,23,1,-1,-1,-1
244,12,15,212,53,25,1,-1,-1,-1
244,13,178,191,68,27,1,-1,-1,-1
244,14,229,119,20,12,1,-1,-1,-1
244,15,253,118,17,11,1,-1,-1,-1
244,16,272,117,17,13,1,-1,-1,-1
244,17,291,116,16,13,1,-1,-1,-1
244,18,311,116,17,13,1,-1,-1,-1
244,19,331,116,16,13,1,-1,-1,-1
244,20,350,117,14,11,1,-1,-1,-1
244,21,269,132,20,17,1,-1,-1,-1
244,22,292,133,19,13,1,-1,-1,-1
244,23,314,131,18,14,1,-1,-1,-1
244,24,337,132,18,13,1,-1,-1,-1
244,25,402,116,14,12,1,-1,-1,-1
244,26,458,131,15,15,1,-1,-1,-1
244,27,502,132,16,15,1,-1,-1,-1
244,28,546,141,28,20,1,-1,-1,-1
244,29,498,114,14,13,1,-1,-1,-1
244,30,516,115,14,13,1,-1,-1,-1
244,31,569,114,16,15,1,-1,-1,-1
244,33,608,109,30,14,1,-1,-1,-1
244,34,421,116,13,12,1,-1,-1,-1
244,35,480,116,15,12,1,-1,-1,-1
244,36,515,198,58,25,1,-1,-1,-1
244,37,591,115,63,35,1,-1,-1,-1
244,38,293,201,49,21,1,-1,-1,-1
244,39,522,211,52,20,1,-1,-1,-1
244,40,307,210,54,23,1,-1,-1,-1
244,41,221,221,57,23,1,-1,-1,-1
244,42,398,221,44,22,1,-1,-1,-1
244,43,741,200,51,20,1,-1,-1,-1
244,44,509,192,45,19,1,-1,-1,-1
244,45,640,202,52,20,1,-1,-1,-1
244,46,727,210,51,19,1,-1,-1,-1
244,47,565,219,52,24,1,-1,-1,-1
244,48,760,190,38,19,1,-1,-1,-1
244,49,830,200,51,19,1,-1,-1,-1
244,50,874,208,61,20,1,-1,-1,-1
244,51,809,219,56,21,1,-1,-1,-1
244,52,954,197,53,21,1,-1,-1,-1
244,57,488,239,60,21,1,-1,-1,-1
244,58,214,238,59,26,1,-1,-1,-1
244,59,29,280,77,28,1,-1,-1,-1
244,60,585,407,46,64,1,-1,-1,-1
245,0,3,259,70,26,1,-1,-1,-1
245,1,233,275,71,27,1,-1,-1,-1
245,2,505,253,59,23,1,-1,-1,-1
245,3,246,250,54,28,1,-1,-1,-1
245,4,761,241,52,23,1,-1,-1,-1
245,12,11,212,53,25,1,-1,-1,-1
245,13,175,191,68,27,1,-1,-1,-1
245,14,229,119,20,11,1,-1,-1,-1
245,15,253,118,17,11,1,-1,-1,-1
245,16,272,117,17,13,1,-1,-1,-1
245,17,291,116,16,13,1,-1,-1,-1
245,18,311,116,17,13,1,-1,-1,-1
245,19,331,116,16,13,1,-1,-1,-1
245,20,350,117,14,11,1,-1,-1,-1
245,21,269,132,20,17,1,-1,-1,-1
245,22,292,133,19,13,1,-1,-1,-1
245,23,314,131,18,14,1,-1,-1,-1
245,24,337,132,18,13,1,-1,-1,-1
245,25,402,116,14,12,1,-1,-1,-1
245,26,458,131,15,15,1,-1,-1,-1
245,27,502,131,16,15,1,-1,-1,-1
245,28,546,141,28,20,1,-1,-1,-1
245,29,498,114,14,13,1,-1,-1,-1
245,30,516,115,14,13,1,-1,-1,-1
245,31,569,114,16,15,1,-1,-1,-1
245,33,608,109,30,14,1,-1,-1,-1
245,34,421,116,13,12,1,-1,-1,-1
245,35,480,116,15,12,1,-1,-1,-1
245,36,513,198,58,25,1,-1,-1,-1
245,37,592,115,63,35,1,-1,-1,-1
245,38,289,201,49,21,1,-1,-1,-1
245,39,519,211,52,20,1,-1,-1,-1
245,40,304,210,54,23,1,-1,-1,-1
245,41,217,221,57,23,1,-1,-1,-1
245,42,395,221,44,22,1,-1,-1,-1
245,43,739,200,51,20,1,-1,-1,-1
245,44,505,192,45,19,1,-1,-1,-1
245,45,638,202,52,20,1,-1,-1,-1
245,46,724,210,51,19,1,-1,-1,-1
245,47,562,219,53,24,1,-1,-1,-1
245,48,758,190,38,19,1,-1,-1,-1
245,49,829,200,51,19,1,-1,-1,-1
245,50,872,208,61,20,1,-1,-1,-1
245,51,806,219,56,21,1,-1,-1,-1
245,52,952,197,53,21,1,-1,-1,-1
245,57,492,239,60,21,1,-1,-1,-1
245,58,218,238,59,25,1,-1,-1,-1
245,59,32,279,77,28,1,-1,-1,-1
245,60,586,405,46,63,1,-1,-1,-1
246,0,5,259,70,26,1,-1,-1,-1
246,1,235,275,71,27,1,-1,-1,-1
246,2,508,253,59,23,1,-1,-1,-1
246,3,248,250,54,28,1,-1,-1,-1
246,4,765,241,52,23,1,-1,-1,-1
246,12,7,212,53,25,1,-1,-1,-1
246,13,172,191,68,27,1,-1,-1,-1
246,14,229,119,20,11,1,-1,-1,-1
246,15,253,118,17,11,1,-1,-1,-1
246,16,272,117,17,13,1,-1,-1,-1
246,17,291,116,16,13,1,-1,-1,-1
246,18,312,116,17,12,1,-1,-1,-1
246,19,331,116,16,13,1,-1,-1,-1
246,20,350,117,14,11,1,-1,-1,-1
246,21,269,132,20,17,1,-1,-1,-1
246,22,292,133,19,13,1,-1,-1,-1
246,23,314,131,18,14,1,-1,-1,-1
246,24,337,132,18,13,1,-1,-1,-1
246,25,402,116,14,12,1,-1,-1,-1
246,26,458,131,15,15,1,-1,-1,-1
246,27,502,131,16,15,1,-1,-1,-1
246,28,546,141,28,20,1,-1,-1,-1
246,29,498,114,14,13,1,-1,-1,-1
246,30,516,115,14,13,1,-1,-1,-1
246,31,568,114,16,15,1,-1,-1,-1
246,33,608,109,30,14,1,-1,-1,-1
246,34,421,116,13,12,1,-1,-1,-1
246,35,480,116,15,12,1,-1,-1,-1
246,36,510,198,58,25,1,-1,-1,-1
246,37,592,116,63,35,1,-1,-1,-1
246,38,285,202,49,21,1,-1,-1,-1
246,39,516,211,52,20,1,-1,-1,-1
246,40,301,209,55,23,1,-1,-1,-1
246,41,213,221,57,23,1,-1,-1,-1
246,42,391,221,44,22,1,-1,-1,-1
246,43,737,200,51,20,1,-1,-1,-1
246,44,502,192,45,20,1,-1,-1,-1
246,45,636,202,51,20,1,-1,-1,-1
246,46,722,210,51,19,1,-1,-1,-1
246,47,559,219,53,24,1,-1,-1,-1
246,48,755,189,37,19,1,-1,-1,-1
246,49,827,200,50,19,1,-1,-1,-1
246,50,870,208,61,20,1,-1,-1,-1
246,51,803,220,56,21,1,-1,-1,-1
246,52,950,197,53,21,1,-1,-1,-1
246,57,496,239,60,21,1,-1,-1,-1
246,58,223,239,58,25,1,-1,-1,-1
246,59,36,279,77,28,1,-1,-1,-1
246,60,586,402,46,62,1,-1,-1,-1
247,0,7,259,70,26,1,-1,-1,-1
247,1,237,275,71,27,1,-1,-1,-1
247,2,512,253,59,23,1,-1,-1,-1
247,3,250,250,54,28,1,-1,-1,-1
247,4,769,241,52,23,1,-1,-1,-1
247,12,3,212,53,25,1,-1,-1,-1
247,13,169,191,69,27,1,-1,-1,-1
247,14,229,119,20,11,1,-1,-1,-1
247,15,253,118,17,11,1,-1,-1,-1
247,16,272,117,17,13,1,-1,-1,-1
247,17,291,116,16,13,1,-1,-1,-1
247,18,312,116,17,12,1,-1,-1,-1
247,19,331,116,16,13,1,-1,-1,-1
247,20,350,117,14,11,1,-1,-1,-1
247,21,269,132,20,17,1,-1,-1,-1
247,22,292,133,19,13,1,-1,-1,-1
247,23,314,131,18,14,1,-1,-1,-1
247,24,337,132,18,13,1,-1,-1,-1
247,25,402,116,14,12,1,-1,-1,-1
247,26,458,131,15,15,1,-1,-1,-1
247,27,502,131,16,15,1,-1,-1,-1
247,28,546,141,28,20,1,-1,-1,-1
247,29,498,114,14,13,1,-1,-1,-1
247,30,516,115,14,13,1,-1,-1,-1
247,31,568,114,16,15,1,-1,-1,-1
247,33,608,109,30,14,1,-1,-1,-1
247,34,421,116,12,12,1,-1,-1,-1
247,35,480,116,15,12,1,-1,-1,-1
247,36,508,198,58,25,1,-1,-1,-1
247,37,593,116,63,35,1,-1,-1,-1
247,38,282,202,49,21,1,-1,-1,-1
247,39,513,211,52,20,1,-1,-1,-1
247,40,297,209,55,23,1,-1,-1,-1
247,41,209,221,57,23,1,-1,-1,-1
247,42,388,221,44,22,1,-1,-1,-1
247,43,736,200,51,20,1,-1,-1,-1
247,44,498,192,45,20,1,-1,-1,-1
247,45,634,202,51,20,1,-1,-1,-1
247,46,719,210,51,19,1,-1,-1,-1
247,47,556,219,53,24,1,-1,-1,-1
247,48,753,189,37,19,1,-1,-1,-1
247,49,825,200,50,19,1,-1,-1,-1
247,50,868,208,61,20,1,-1,-1,-1
247,51,800,220,57,21,1,-1,-1,-1
247,52,948,197,53,21,1,-1,-1,-1
247,57,501,239,60,21,1,-1,-1,-1
247,58,228,239,58,25,1,-1,-1,-1
247,59,39,279,77,28,1,-1,-1,-1
247,60,587,399,46,61,1,-1,-1,-1
248,0,9,259,69,26,1,-1,-1,-1
248,1,239,275,71,27,1,-1,-1,-1
248,2,515,253,59,23,1,-1,-1,-1
248,3,252,250,53,28,1,-1,-1,-1
248,4,773,241,52,23,1,-1,-1,-1
248,12,0,212,53,25,1,-1,-1,-1
248,13,165,191,69,27,1,-1,-1,-1
248,14,229,119,20,12,1,-1,-1,-1
248,15,253,118,17,11,1,-1,-1,-1
248,16,272,117,17,13,1,-1,-1,-1
248,17,291,116,16,13,1,-1,-1,-1
248,18,312,116,17,12,1,-1,-1,-1
248,19,331,116,16,13,1,-1,-1,-1
248,20,350,117,14,11,1,-1,-1,-1
248,21,269,132,20,17,1,-1,-1,-1
248,22,292,133,19,13,1,-1,-1,-1
248,23,314,131,18,14,1,-1,-1,-1
248,24,337,132,18,13,1,-1,-1,-1
248,25,402,116,14,12,1,-1,-1,-1
248,26,458,131,15,15,1,-1,-1,-1
248,27,502,131,16,15,1,-1,-1,-1
248,28,546,141,28,20,1,-1,-1,-1
248,29,498,114,14,13,1,-1,-1,-1
248,30,516,115,14,13,1,-1,-1,-1
248,31,568,114,16,15,1,-1,-1,-1
248,33,608,109,30,14,1,-1,-1,-1
248,34,421,116,12,12,1,-1,-1,-1
248,35,480,116,15,12,1,-1,-1,-1
248,36,505,198,58,25,1,-1,-1,-1
248,37,594,116,63,35,1,-1,-1,-1
248,38,278,202,49,21,1,-1,-1,-1
248,39,510,211,52,20,1,-1,-1,-1
248,40,293,209,55,24,1,-1,-1,-1
248,41,205,221,57,23,1,-1,-1,-1
248,42,384,221,44,22,1,-1,-1,-1
248,43,734,200,51,20,1,-1,-1,-1
248,44,495,192,45,20,1,-1,-1,-1
248,45,632,202,51,20,1,-1,-1,-1
248,46,717,210,51,19,1,-1,-1,-1
248,47,552,219,53,24,1,-1,-1,-1
248,48,750,189,37,19,1,-1,-1,-1
248,49,823,200,50,19,1,-1,-1,-1
248,50,866,208,61,20,1,-1,-1,-1
248,51,796,220,57,20,1,-1,-1,-1
248,52,947,197,53,21,1,-1,-1,-1
248,57,505,239,60,21,1,-1,-1,-1
248,58,232,239,58,25,1,-1,-1,-1
248,59,42,279,77,28,1,-1,-1,-1
248,60,588,397,46,60,1,-1,-1,-1
249,0,10,259,69,26,1,-1,-1,-1
249,1,241,275,71,27,1,-1,-1,-1
249,2,519,253,59,23,1,-1,-1,-1
249,3,254,250,53,28,1,-1,-1,-1
249,4,777,241,53,23,1,-1,-1,-1
249,12,0,212,49,25,1,-1,-1,-1
249,13,162,192,69,27,1,-1,-1,-1
249,14,229,119,20,12,1,-1,-1,-1
249,15,253,118,17,12,1,-1,-1,-1
249,16,272,117,17,13,1,-1,-1,-1
249,17,291,116,17,13,1,-1,-1,-1
249,18,312,116,17,12,1,-1,-1,-1
249,19,331,116,16,13,1,-1,-1,-1
249,20,350,117,14,11,1,-1,-1,-1
249,21,269,132,20,17,1,-1,-1,-1
249,22,292,133,19,13,1,-1,-1,-1
249,23,314,131,18,14,1,-1,-1,-1
249,24,337,132,18,13,1,-1,-1,-1
249,25,402,116,14,12,1,-1,-1,-1
249,26,458,131,16,15,1,-1,-1,-1
249,27,502,131,16,15,1,-1,-1,-1
249,28,546,141,27,20,1,-1,-1,-1
249,29,498,114,14,13,1,-1,-1,-1
249,30,516,115,14,13,1,-1,-1,-1
249,31,568,114,16,15,1,-1,-1,-1
249,33,608,109,30,14,1,-1,-1,-1
249,34,421,116,12,12,1,-1,-1,-1
249,35,480,116,15,12,1,-1,-1,-1
249,36,502,198,57,25,1,-1,-1,-1
249,37,594,116,62,35,1,-1,-1,-1
249,38,274,202,49,21,1,-1,-1,-1
249,39,507,212,52,20,1,-1,-1,-1
249,40,290,209,55,24,1,-1,-1,-1
249,41,201,221,57,23,1,-1,-1,-1
249,42,380,221,44,22,1,-1,-1,-1
249,43,732,200,51,20,1,-1,-1,-1
249,44,491,192,45,21,1,-1,-1,-1
249,45,630,202,51,20,1,-1,-1,-1
249,46,714,210,51,19,1,-1,-1,-1
249,47,549,219,53,24,1,-1,-1,-1
249,48,748,189,37,20,1,-1,-1,-1
249,49,821,200,50,19,1,-1,-1,-1
249,50,864,208,61,20,1,-1,-1,-1
249,51,794,220,56,21,1,-1,-1,-1
249,52,945,197,53,21,1,-1,-1,-1
249,57,509,238,60,21,1,-1,-1,-1
249,58,237,239,59,24,1,-1,-1,-1
249,59,45,279,77,28,1,-1,-1,-1
249,60,589,395,46,60,1,-1,-1,-1
250,0,12,259,69,26,1,-1,-1,-1
250,1,243,275,71,27,1,-1,-1,-1
250,2,522,253,59,23,1,-1,-1,-1
250,3,257,250,53,28,1,-1,-1,-1
250,4,781,241,53,23,1,-1,-1,-1
250,12,0,212,46,25,1,-1,-1,-1
250,13,159,192,69,27,1,-1,-1,-1
250,14,229,119,20,12,1,-1,-1,-1
250,15,253,118,17,12,1,-1,-1,-1
250,16,272,117,17,13,1,-1,-1,-1
250,17,291,116,17,13,1,-1,-1,-1
250,18,312,116,17,12,1,-1,-1,-1
250,19,331,116,16,13,1,-1,-1,-1
250,20,350,117,14,11,1,-1,-1,-1
250,21,269,132,20,17,1,-1,-1,-1
250,22,292,133,19,13,1,-1,-1,-1
250,23,314,131,18,14,1,-1,-1,-1
250,24,337,131,18,13,1,-1,-1,-1
250,25,402,116,14,12,1,-1,-1,-1
250,26,458,131,16,15,1,-1,-1,-1
250,27,502,131,16,15,1,-1,-1,-1
250,28,546,141,27,20,1,-1,-1,-1
250,29,498,114,14,13,1,-1,-1,-1
250,30,516,115,14,13,1,-1,-1,-1
250,31,569,114,16,15,1,-1,-1,-1
250,33,608,109,30,14,1,-1,-1,-1
250,34,421,116,12,12,1,-1,-1,-1
250,35,480,116,16,12,1,-1,-1,-1
250,36,500,198,57,25,1,-1,-1,-1
250,37,595,116,62,36,1,-1,-1,-1
250,38,270,202,49,21,1,-1,-1,-1
250,39,504,212,52,20,1,-1,-1,-1
250,40,287,209,55,24,1,-1,-1,-1
250,41,197,221,57,23,1,-1,-1,-1
250,42,377,221,44,22,1,-1,-1,-1
250,43,730,200,51,20,1,-1,-1,-1
250,44,487,192,45,21,1,-1,-1,-1
250,45,628,202,51,20,1,-1,-1,-1
250,46,712,210,51,19,1,-1,-1,-1
250,47,546,219,53,24,1,-1,-1,-1
250,48,745,189,37,20,1,-1,-1,-1
250,49,819,200,50,19,1,-1,-1,-1
250,50,862,208,61,20,1,-1,-1,-1
250,51,791,220,56,21,1,-1,-1,-1
250,52,943,197,52,21,1,-1,-1,-1
250,57,513,238,60,21,1,-1,-1,-1
250,58,242,238,59,24,1,-1,-1,-1
250,59,49,279,77,28,1,-1,-1,-1
250,60,589,393,46,59,1,-1,-1,-1
251,0,14,259,69,26,1,-1,-1,-1
251,1,245,275,70,27,1,-1,-1,-1
251,2,526,253,59,23,1,-1,-1,-1
251,3,259,250,53,28,1,-1,-1,-1
251,4,784,241,53,23,1,-1,-1,-1
251,12,0,212,42,25,1,-1,-1,-1
251,13,156,192,69,27,1,-1,-1,-1
251,14,229,119,20,12,1,-1,-1,-1
251,15,253,118,17,12,1,-1,-1,-1
251,16,272,117,17,13,1,-1,-1,-1
251,17,291,116,17,13,1,-1,-1,-1
251,18,312,116,17,12,1,-1,-1,-1
251,19,331,116,16,13,1,-1,-1,-1
251,20,350,117,14,11,1,-1,-1,-1
251,21,269,132,20,17,1,-1,-1,-1
251,22,292,133,19,13,1,-1,-1,-1
251,23,314,131,18,14,1,-1,-1,-1
251,24,337,131,18,13,1,-1,-1,-1
251,25,402,116,14,12,1,-1,-1,-1
251,26,458,131,16,15,1,-1,-1,-1
251,27,502,131,16,15,1,-1,-1,-1
251,28,547,141,27,20,1,-1,-1,-1
251,29,498,114,14,13,1,-1,-1,-1
251,30,516,115,14,13,1,-1,-1,-1
251,31,569,114,16,15,1,-1,-1,-1
251,33,608,109,30,14,1,-1,-1,-1
251,34,421,116,12,12,1,-1,-1,-1
251,35,480,116,16,12,1,-1,-1,-1
251,36,497,198,57,25,1,-1,-1,-1
251,37,595,116,62,36,1,-1,-1,-1
251,38,267,202,49,21,1,-1,-1,-1
251,39,501,212,52,20,1,-1,-1,-1
251,40,283,209,55,24,1,-1,-1,-1
251,41,193,221,57,23,1,-1,-1,-1
251,42,373,221,44,22,1,-1,-1,-1
251,43,728,200,51,20,1,-1,-1,-1
251,44,484,192,45,21,1,-1,-1,-1
251,45,626,202,51,20,1,-1,-1,-1
251,46,709,210,51,19,1,-1,-1,-1
251,47,543,219,53,24,1,-1,-1,-1
251,48,742,189,38,20,1,-1,-1,-1
251,49,817,200,50,19,1,-1,-1,-1
251,50,860,208,61,20,1,-1,-1,-1
251,51,788,220,56,21,1,-1,-1,-1
251,52,941,197,52,21,1,-1,-1,-1
251,57,517,238,60,22,1,-1,-1,-1
251,58,246,238,59,24,1,-1,-1,-1
251,59,52,279,77,29,1,-1,-1,-1
251,60,590,390,46,59,1,-1,-1,-1
252,0,16,259,69,25,1,-1,-1,-1
252,1,247,275,70,27,1,-1,-1,-1
252,2,529,253,59,23,1,-1,-1,-1
252,3,261,250,53,28,1,-1,-1,-1
252,4,788,241,53,23,1,-1,-1,-1
252,12,0,212,38,25,1,-1,-1,-1
252,13,153,192,69,27,1,-1,-1,-1
252,14,229,119,20,12,1,-1,-1,-1
252,15,253,118,17,12,1,-1,-1,-1
252,16,272,117,17,12,1,-1,-1,-1
252,17,291,116,17,13,1,-1,-1,-1
252,18,312,116,17,12,1,-1,-1,-1
252,19,331,116,16,13,1,-1,-1,-1
252,20,351,117,14,11,1,-1,-1,-1
252,21,269,132,20,17,1,-1,-1,-1
252,22,292,133,19,13,1,-1,-1,-1
252,23,314,131,18,14,1,-1,-1,-1
252,24,337,131,17,13,1,-1,-1,-1
252,25,402,116,14,12,1,-1,-1,-1
252,26,458,131,16,15,1,-1,-1,-1
252,27,502,131,16,15,1,-1,-1,-1
252,28,547,141,27,20,1,-1,-1,-1
252,29,498,114,14,13,1,-1,-1,-1
252,30,516,115,14,13,1,-1,-1,-1
252,31,569,114,16,15,1,-1,-1,-1
252,33,608,109,30,14,1,-1,-1,-1
252,34,421,116,12,12,1,-1,-1,-1
252,35,480,116,16,12,1,-1,-1,-1
252,36,495,198,56,25,1,-1,-1,-1
252,37,596,116,62,36,1,-1,-1,-1
252,38,263,202,50,21,1,-1,-1,-1
252,39,498,212,52,20,1,-1,-1,-1
252,40,280,209,55,24,1,-1,-1,-1
252,41,189,222,57,22,1,-1,-1,-1
252,42,369,222,44,22,1,-1,-1,-1
252,43,727,199,51,20,1,-1,-1,-1
252,44,480,192,45,21,1,-1,-1,-1
252,45,624,202,51,20,1,-1,-1,-1
252,46,707,210,51,19,1,-1,-1,-1
252,47,540,219,53,24,1,-1,-1,-1
252,48,740,189,38,20,1,-1,-1,-1
252,49,816,200,50,19,1,-1,-1,-1
252,50,858,208,61,20,1,-1,-1,-1
252,51,785,220,56,21,1,-1,-1,-1
252,52,940,197,52,21,1,-1,-1,-1
252,57,521,238,60,22,1,-1,-1,-1
252,58,251,238,59,24,1,-1,-1,-1
252,59,55,279,77,29,1,-1,-1,-1
252,60,591,388,46,58,1,-1,-1,-1
253,0,18,259,69,25,1,-1,-1,-1
253,1,249,275,70,27,1,-1,-1,-1
253,2,533,253,59,23,1,-1,-1,-1
253,3,263,250,53,28,1,-1,-1,-1
253,4,792,241,53,23,1,-1,-1,-1
253,12,0,212,34,25,1,-1,-1,-1
253,13,150,192,70,26,1,-1,-1,-1
253,14,229,119,20,12,1,-1,-1,-1
253,15,253,118,17,12,1,-1,-1,-1
253,16,272,117,17,12,1,-1,-1,-1
253,17,291,116,17,13,1,-1,-1,-1
253,18,312,116,17,12,1,-1,-1,-1
253,19,331,116,16,13,1,-1,-1,-1
253,20,351,117,14,11,1,-1,-1,-1
253,21,269,132,20,17,1,-1,-1,-1
253,22,292,133,19,13,1,-1,-1,-1
253,23,314,131,18,14,1,-1,-1,-1
253,24,337,131,17,13,1,-1,-1,-1
253,25,402,116,14,12,1,-1,-1,-1
253,26,458,131,16,15,1,-1,-1,-1
253,27,502,131,16,15,1,-1,-1,-1
253,28,547,141,27,20,1,-1,-1,-1
253,29,498,114,14,13,1,-1,-1,-1
253,30,516,115,14,13,1,-1,-1,-1
253,31,569,114,16,15,1,-1,-1,-1
253,33,608,109,29,14,1,-1,-1,-1
253,34,421,116,12,12,1,-1,-1,-1
253,35,480,116,16,12,1,-1,-1,-1
253,36,492,198,56,25,1,-1,-1,-1
253,37,596,116,62,36,1,-1,-1,-1
253,38,259,202,50,21,1,-1,-1,-1
253,39,495,212,52,20,1,-1,-1,-1
253,40,276,209,55,24,1,-1,-1,-1
253,41,184,222,57,22,1,-1,-1,-1
253,42,366,222,44,22,1,-1,-1,-1
253,43,725,199,50,20,1,-1,-1,-1
253,44,477,192,45,21,1,-1,-1,-1
253,45,622,202,51,20,1,-1,-1,-1
253,46,704,210,51,19,1,-1,-1,-1
253,47,536,219,53,24,1,-1,-1,-1
253,48,737,188,38,20,1,-1,-1,-1
253,49,814,200,50,19,1,-1,-1,-1
253,50,856,208,61,20,1,-1,-1,-1
253,51,782,220,56,21,1,-1,-1,-1
253,52,938,197,52,21,1,-1,-1,-1
253,57,525,238,59,22,1,-1,-1,-1
253,58,256,238,59,23,1,-1,-1,-1
253,59,58,278,77,29,1,-1,-1,-1
253,60,591,386,46,58,1,-1,-1,-1
254,0,20,259,69,25,1,-1,-1,-1
254,1,251,275,70,27,1,-1,-1,-1
254,2,536,253,59,23,1,-1,-1,-1
254,3,265,250,53,28,1,-1,-1,-1
254,4,796,241,53,23,1,-1,-1,-1
254,12,0,210,29,25,1,-1,-1,-1
254,13,146,192,70,26,1,-1,-1,-1
254,14,229,119,20,12,1,-1,-1,-1
254,15,253,118,17,12,1,-1,-1,-1
254,16,272,117,17,12,1,-1,-1,-1
254,17,291,116,17,13,1,-1,-1,-1
254,18,312,116,17,12,1,-1,-1,-1
254,19,331,116,16,13,1,-1,-1,-1
254,20,351,117,14,11,1,-1,-1,-1
254,21,269,132,20,17,1,-1,-1,-1
254,22,292,133,19,13,1,-1,-1,-1
254,23,314,131,18,14,1,-1,-1,-1
254,24,337,131,17,13,1,-1,-1,-1
254,25,402,116,14,12,1,-1,-1,-1
254,26,458,131,16,15,1,-1,-1,-1
254,27,502,131,16,15,1,-1,-1,-1
254,28,547,142,27,20,1,-1,-1,-1
254,29,498,114,14,13,1,-1,-1,-1
254,30,516,115,14,13,1,-1,-1,-1
254,31,569,114,16,14,1,-1,-1,-1
254,32,591,112,13,16,1,-1,-1,-1
254,33,608,109,30,14,1,-1,-1,-1
254,34,421,116,12,12,1,-1,-1,-1
254,35,480,116,16,12,1,-1,-1,-1
254,36,489,198,56,25,1,-1,-1,-1
254,37,596,116,61,36,1,-1,-1,-1
254,38,256,202,50,21,1,-1,-1,-1
254,39,492,212,52,20,1,-1,-1,-1
254,40,273,209,55,24,1,-1,-1,-1
254,41,180,222,58,22,1,-1,-1,-1
254,42,362,222,44,22,1,-1,-1,-1
254,43,723,199,50,20,1,-1,-1,-1
254,44,473,192,45,21,1,-1,-1,-1
254,45,620,202,51,20,1,-1,-1,-1
254,46,702,210,51,19,1,-1,-1,-1
254,47,533,219,53,24,1,-1,-1,-1
254,48,735,188,38,20,1,-1,-1,-1
254,49,812,200,50,19,1,-1,-1,-1
254,50,854,208,61,21,1,-1,-1,-1
254,51,779,220,56,21,1,-1,-1,-1
254,52,936,197,52,21,1,-1,-1,-1
254,57,530,238,59,22,1,-1,-1,-1
254,58,261,238,59,24,1,-1,-1,-1
254,59,61,278,77,29,1,-1,-1,-1
254,60,592,384,46,57,1,-1,-1,-1
255,0,21,259,69,25,1,-1,-1,-1
255,1,253,275,70,27,1,-1,-1,-1
255,2,540,253,59,23,1,-1,-1,-1
255,3,267,250,53,28,1,-1,-1,-1
255,4,800,241,53,23,1,-1,-1,-1
255,13,143,192,70,26,1,-1,-1,-1
255,14,229,119,20,12,1,-1,-1,-1
255,15,253,118,17,12,1,-1,-1,-1
255,16,272,117,17,12,1,-1,-1,-1
255,17,291,116,17,13,1,-1,-1,-1
255,18,312,116,17,12,1,-1,-1,-1
255,19,331,116,16,13,1,-1,-1,-1
255,20,351,117,14,11,1,-1,-1,-1
255,21,269,132,20,17,1,-1,-1,-1
255,22,292,133,19,13,1,-1,-1,-1
255,23,314,131,18,14,1,-1,-1,-1
255,24,337,131,18,13,1,-1,-1,-1
255,25,402,116,14,12,1,-1,-1,-1
255,26,458,131,16,15,1,-1,-1,-1
255,27,502,131,16,15,1,-1,-1,-1
255,28,547,142,27,20,1,-1,-1,-1
255,29,498,114,14,13,1,-1,-1,-1
255,30,516,115,14,13,1,-1,-1,-1
255,31,569,114,16,14,1,-1,-1,-1
255,32,591,112,13,16,1,-1,-1,-1
255,33,608,109,30,14,1,-1,-1,-1
255,34,421,116,12,12,1,-1,-1,-1
255,35,480,116,16,12,1,-1,-1,-1
255,36,487,198,56,25,1,-1,-1,-1
255,37,597,116,61,36,1,-1,-1,-1
255,38,252,202,50,21,1,-1,-1,-1
255,39,489,212,52,20,1,-1,-1,-1
255,40,269,209,55,24,1,-1,-1,-1
255,41,176,222,58,22,1,-1,-1,-1
255,42,359,222,44,21,1,-1,-1,-1
255,43,722,199,50,20,1,-1,-1,-1
255,44,470,192,44,21,1,-1,-1,-1
255,45,617,202,51,20,1,-1,-1,-1
255,46,699,210,51,19,1,-1,-1,-1
255,47,530,219,53,24,1,-1,-1,-1
255,48,732,189,38,20,1,-1,-1,-1
255,49,810,200,50,19,1,-1,-1,-1
255,50,852,208,61,21,1,-1,-1,-1
255,51,776,220,55,21,1,-1,-1,-1
255,52,934,197,52,21,1,-1,-1,-1
255,57,534,238,60,22,1,-1,-1,-1
255,58,266,238,58,24,1,-1,-1,-1
255,59,65,278,77,29,1,-1,-1,-1
255,60,593,382,46,57,1,-1,-1,-1
256,0,23,259,69,25,1,-1,-1,-1
256,1,255,275,70,27,1,-1,-1,-1
256,2,544,253,59,23,1,-1,-1,-1
256,3,269,250,53,29,1,-1,-1,-1
256,4,804,241,53,23,1,-1,-1,-1
256,13,140,193,70,26,1,-1,-1,-1
256,14,229,119,20,12,1,-1,-1,-1
256,15,253,118,17,12,1,-1,-1,-1
256,16,272,117,17,12,1,-1,-1,-1
256,17,291,116,17,13,1,-1,-1,-1
256,18,312,116,17,12,1,-1,-1,-1
256,19,331,116,16,13,1,-1,-1,-1
256,20,351,117,14,11,1,-1,-1,-1
256,21,269,132,20,17,1,-1,-1,-1
256,22,292,133,19,13,1,-1,-1,-1
256,23,314,131,18,14,1,-1,-1,-1
256,24,337,131,18,13,1,-1,-1,-1
256,25,402,116,14,12,1,-1,-1,-1
256,26,458,131,16,15,1,-1,-1,-1
256,27,502,131,17,15,1,-1,-1,-1
256,28,547,142,27,20,1,-1,-1,-1
256,29,498,114,14,13,1,-1,-1,-1
256,30,516,115,14,13,1,-1,-1,-1
256,31,569,114,16,14,1,-1,-1,-1
256,32,591,112,13,16,1,-1,-1,-1
256,33,608,109,30,14,1,-1,-1,-1
256,34,422,116,12,12,1,-1,-1,-1
256,35,480,116,16,12,1,-1,-1,-1
256,36,484,198,56,25,1,-1,-1,-1
256,37,597,116,61,36,1,-1,-1,-1
256,38,248,202,50,21,1,-1,-1,-1
256,39,486,212,52,20,1,-1,-1,-1
256,40,266,209,56,24,1,-1,-1,-1
256,41,172,222,58,22,1,-1,-1,-1
256,42,355,222,44,21,1,-1,-1,-1
256,43,720,199,50,20,1,-1,-1,-1
256,44,466,192,44,21,1,-1,-1,-1
256,45,615,202,52,20,1,-1,-1,-1
256,46,697,210,51,18,1,-1,-1,-1
256,47,526,219,53,24,1,-1,-1,-1
256,48,729,189,38,20,1,-1,-1,-1
256,49,808,200,50,20,1,-1,-1,-1
256,50,850,208,61,21,1,-1,-1,-1
256,51,773,219,55,22,1,-1,-1,-1
256,52,932,197,52,21,1,-1,-1,-1
256,53,994,190,29,18,1,-1,-1,-1
256,57,538,238,60,22,1,-1,-1,-1
256,58,271,238,58,24,1,-1,-1,-1
256,59,68,278,77,29,1,-1,-1,-1
256,60,594,379,46,56,1,-1,-1,-1
257,0,25,259,69,25,1,-1,-1,-1
257,1,257,275,70,27,1,-1,-1,-1
257,2,547,253,59,23,1,-1,-1,-1
257,3,271,250,53,29,1,-1,-1,-1
257,4,807,241,53,23,1,-1,-1,-1
257,13,137,193,70,26,1,-1,-1,-1
257,14,229,119,20,12,1,-1,-1,-1
257,15,253,118,17,12,1,-1,-1,-1
257,16,272,117,17,12,1,-1,-1,-1
257,17,291,116,17,13,1,-1,-1,-1
257,18,312,116,17,13,1,-1,-1,-1
257,19,331,116,16,13,1,-1,-1,-1
257,20,351,117,14,11,1,-1,-1,-1
257,21,269,132,20,17,1,-1,-1,-1
257,22,292,133,19,13,1,-1,-1,-1
257,23,314,131,18,14,1,-1,-1,-1
257,24,337,131,18,13,1,-1,-1,-1
257,25,402,116,14,12,1,-1,-1,-1
257,26,458,131,16,15,1,-1,-1,-1
257,27,502,131,17,15,1,-1,-1,-1
257,28,547,142,27,20,1,-1,-1,-1
257,29,498,114,14,13,1,-1,-1,-1
257,30,516,115,14,13,1,-1,-1,-1
257,31,569,114,15,14,1,-1,-1,-1
257,32,591,112,13,16,1,-1,-1,-1
257,33,608,109,30,14,1,-1,-1,-1
257,34,422,116,12,12,1,-1,-1,-1
257,35,480,116,16,12,1,-1,-1,-1
257,36,481,198,56,25,1,-1,-1,-1
257,37,598,116,61,36,1,-1,-1,-1
257,38,245,202,50,21,1,-1,-1,-1
257,39,483,212,52,20,1,-1,-1,-1
257,40,262,209,56,24,1,-1,-1,-1
257,41,168,222,58,22,1,-1,-1,-1
257,42,351,222,44,21,1,-1,-1,-1
257,43,718,199,50,20,1,-1,-1,-1
257,44,462,192,44,21,1,-1,-1,-1
257,45,613,202,52,20,1,-1,-1,-1
257,46,694,211,51,18,1,-1,-1,-1
257,47,523,219,53,24,1,-1,-1,-1
257,48,727,189,38,19,1,-1,-1,-1
257,49,806,200,49,20,1,-1,-1,-1
257,50,848,208,61,21,1,-1,-1,-1
257,51,770,219,55,22,1,-1,-1,-1
257,52,930,197,52,21,1,-1,-1,-1
257,53,992,190,31,18,1,-1,-1,-1
257,57,543,238,60,22,1,-1,-1,-1
257,58,276,238,57,25,1,-1,-1,-1
257,59,71,278,77,29,1,-1,-1,-1
257,60,594,377,46,55,1,-1,-1,-1
258,0,27,259,69,25,1,-1,-1,-1
258,1,259,275,70,27,1,-1,-1,-1
258,2,551,253,59,23,1,-1,-1,-1
258,3,274,250,53,29,1,-1,-1,-1
258,4,811,241,54,23,1,-1,-1,-1
258,13,134,193,71,26,1,-1,-1,-1
258,14,229,119,20,12,1,-1,-1,-1
258,15,253,118,17,12,1,-1,-1,-1
258,16,272,117,17,12,1,-1,-1,-1
258,17,291,116,17,13,1,-1,-1,-1
258,18,312,116,17,13,1,-1,-1,-1
258,19,331,116,16,13,1,-1,-1,-1
258,20,351,117,14,11,1,-1,-1,-1
258,21,269,132,20,17,1,-1,-1,-1
258,22,292,133,19,13,1,-1,-1,-1
258,23,314,131,18,14,1,-1,-1,-1
258,24,337,131,18,13,1,-1,-1,-1
258,25,402,116,14,12,1,-1,-1,-1
258,26,458,131,16,15,1,-1,-1,-1
258,27,502,131,17,15,1,-1,-1,-1
258,28,547,142,27,20,1,-1,-1,-1
258,29,498,114,14,13,1,-1,-1,-1
258,30,516,115,14,13,1,-1,-1,-1
258,31,569,114,15,14,1,-1,-1,-1
258,32,591,112,13,16,1,-1,-1,-1
258,33,608,109,30,14,1,-1,-1,-1
258,34,422,116,12,12,1,-1,-1,-1
258,35,480,116,16,12,1,-1,-1,-1
258,36,478,198,57,25,1,-1,-1,-1
258,37,598,117,60,36,1,-1,-1,-1
258,38,241,202,50,21,1,-1,-1,-1
258,39,480,212,52,20,1,-1,-1,-1
258,40,259,209,56,24,1,-1,-1,-1
258,41,164,222,58,22,1,-1,-1,-1
258,42,348,222,44,21,1,-1,-1,-1
258,43,716,199,50,20,1,-1,-1,-1
258,44,458,192,45,21,1,-1,-1,-1
258,45,610,202,52,20,1,-1,-1,-1
258,46,692,211,51,18,1,-1,-1,-1
258,47,520,219,53,25,1,-1,-1,-1
258,48,724,190,38,19,1,-1,-1,-1
258,49,804,200,49,20,1,-1,-1,-1
258,50,846,208,61,21,1,-1,-1,-1
258,51,767,219,55,22,1,-1,-1,-1
258,52,928,197,52,21,1,-1,-1,-1
258,53,990,190,33,18,1,-1,-1,-1
258,57,547,238,60,22,1,-1,-1,-1
258,58,281,238,57,25,1,-1,-1,-1
258,59,74,278,77,29,1,-1,-1,-1
258,60,595,375,46,55,1,-1,-1,-1
259,0,29,259,69,25,1,-1,-1,-1
259,1,261,275,70,27,1,-1,-1,-1
259,2,555,253,59,23,1,-1,-1,-1
259,3,274,249,53,29,1,-1,-1,-1
259,4,815,241,54,23,1,-1,-1,-1
259,13,130,193,71,25,1,-1,-1,-1
259,14,229,119,20,12,1,-1,-1,-1
259,15,253,118,17,12,1,-1,-1,-1
259,16,272,117,17,12,1,-1,-1,-1
259,17,291,116,17,13,1,-1,-1,-1
259,18,312,116,17,13,1,-1,-1,-1
259,19,331,116,17,14,1,-1,-1,-1
259,20,351,117,14,11,1,-1,-1,-1
259,21,269,132,20,17,1,-1,-1,-1
259,22,292,133,19,13,1,-1,-1,-1
259,23,314,131,18,14,1,-1,-1,-1
259,24,337,131,18,13,1,-1,-1,-1
259,25,402,116,14,12,1,-1,-1,-1
259,26,458,131,16,15,1,-1,-1,-1
259,27,502,131,17,15,1,-1,-1,-1
259,28,547,142,27,20,1,-1,-1,-1
259,29,498,114,14,13,1,-1,-1,-1
259,30,516,115,14,13,1,-1,-1,-1
259,31,569,114,15,14,1,-1,-1,-1
259,32,591,112,13,16,1,-1,-1,-1
259,33,608,108,30,14,1,-1,-1,-1
259,34,422,116,12,11,1,-1,-1,-1
259,35,480,116,16,12,1,-1,-1,-1
259,36,475,198,57,25,1,-1,-1,-1
259,37,599,117,60,36,1,-1,-1,-1
259,38,237,202,50,21,1,-1,-1,-1
259,39,477,212,52,20,1,-1,-1,-1
259,40,255,209,56,24,1,-1,-1,-1
259,41,160,222,58,22,1,-1,-1,-1
259,42,344,222,44,21,1,-1,-1,-1
259,43,714,199,50,20,1,-1,-1,-1
259,44,455,192,45,21,1,-1,-1,-1
259,45,608,202,52,20,1,-1,-1,-1
259,46,689,211,51,18,1,-1,-1,-1
259,47,517,219,53,25,1,-1,-1,-1
259,48,721,190,38,18,1,-1,-1,-1
259,49,803,200,49,20,1,-1,-1,-1
259,50,844,208,61,21,1,-1,-1,-1
259,51,764,219,55,22,1,-1,-1,-1
259,52,926,197,52,21,1,-1,-1,-1
259,53,988,190,35,18,1,-1,-1,-1
259,57,551,238,60,22,1,-1,-1,-1
259,58,286,238,56,25,1,-1,-1,-1
259,59,77,278,77,29,1,-1,-1,-1
259,60,596,373,46,54,1,-1,-1,-1
260,0,31,259,69,25,1,-1,-1,-1
260,1,263,275,70,27,1,-1,-1,-1
260,2,558,253,59,23,1,-1,-1,-1
260,3,278,249,53,29,1,-1,-1,-1
260,4,819,241,53,23,1,-1,-1,-1
260,13,127,193,71,25,1,-1,-1,-1
260,14,229,119,20,12,1,-1,-1,-1
260,15,253,118,17,12,1,-1,-1,-1
260,16,272,117,17,13,1,-1,-1,-1
260,17,291,116,17,13,1,-1,-1,-1
260,18,312,116,17,13,1,-1,-1,-1
260,19,331,116,17,14,1,-1,-1,-1
260,20,351,117,14,11,1,-1,-1,-1
260,21,270,132,20,17,1,-1,-1,-1
260,22,292,133,19,13,1,-1,-1,-1
260,23,314,131,18,14,1,-1,-1,-1
260,24,337,131,18,13,1,-1,-1,-1
260,25,402,116,14,12,1,-1,-1,-1
260,26,458,131,16,15,1,-1,-1,-1
260,27,502,131,17,15,1,-1,-1,-1
260,28,547,142,27,20,1,-1,-1,-1
260,29,498,114,14,13,1,-1,-1,-1
260,30,516,115,14,13,1,-1,-1,-1
260,31,569,114,15,14,1,-1,-1,-1
260,32,591,112,13,16,1,-1,-1,-1
260,33,608,109,30,14,1,-1,-1,-1
260,34,422,116,12,11,1,-1,-1,-1
260,35,480,116,16,12,1,-1,-1,-1
260,36,472,198,57,25,1,-1,-1,-1
260,37,599,117,60,36,1,-1,-1,-1
260,38,233,202,50,21,1,-1,-1,-1
260,39,474,212,52,20,1,-1,-1,-1
260,40,252,209,56,24,1,-1,-1,-1
260,41,156,222,58,22,1,-1,-1,-1
260,42,340,222,44,21,1,-1,-1,-1
260,43,713,199,50,20,1,-1,-1,-1
260,44,451,192,46,21,1,-1,-1,-1
260,45,605,202,52,20,1,-1,-1,-1
260,46,687,211,51,18,1,-1,-1,-1
260,47,513,219,53,25,1,-1,-1,-1
260,48,719,191,38,18,1,-1,-1,-1
260,49,800,200,49,20,1,-1,-1,-1
260,50,842,208,61,21,1,-1,-1,-1
260,51,761,219,55,23,1,-1,-1,-1
260,52,924,197,52,21,1,-1,-1,-1
260,53,986,190,37,18,1,-1,-1,-1
260,57,555,238,60,22,1,-1,-1,-1
260,58,291,238,56,25,1,-1,-1,-1
260,59,80,278,76,29,1,-1,-1,-1
260,60,597,371,46,54,1,-1,-1,-1
261,0,32,259,69,25,1,-1,-1,-1
261,1,265,275,70,27,1,-1,-1,-1
261,2,562,253,59,23,1,-1,-1,-1
261,3,280,249,53,29,1,-1,-1,-1
261,4,823,241,53,23,1,-1,-1,-1
261,13,124,193,71,25,1,-1,-1,-1
261,14,229,119,20,12,1,-1,-1,-1
261,15,253,118,17,12,1,-1,-1,-1
261,16,272,117,17,13,1,-1,-1,-1
261,17,291,116,17,13,1,-1,-1,-1
261,18,312,116,17,13,1,-1,-1,-1
261,19,331,116,17,14,1,-1,-1,-1
261,20,351,117,14,11,1,-1,-1,-1
261,21,270,132,20,17,1,-1,-1,-1
261,22,292,133,19,13,1,-1,-1,-1
261,23,314,131,18,14,1,-1,-1,-1
261,24,337,131,18,13,1,-1,-1,-1
261,25,402,116,14,12,1,-1,-1,-1
261,26,458,131,16,15,1,-1,-1,-1
261,27,502,131,17,15,1,-1,-1,-1
261,28,547,142,27,20,1,-1,-1,-1
261,29,498,114,14,13,1,-1,-1,-1
261,30,516,115,14,13,1,-1,-1,-1
261,31,569,114,15,14,1,-1,-1,-1
261,32,591,112,13,16,1,-1,-1,-1
261,33,608,109,30,14,1,-1,-1,-1
261,34,422,116,12,11,1,-1,-1,-1
261,35,480,116,16,12,1,-1,-1,-1
261,36,470,198,57,25,1,-1,-1,-1
261,37,599,117,60,37,1,-1,-1,-1
261,38,230,202,50,21,1,-1,-1,-1
261,39,471,212,52,20,1,-1,-1,-1
261,40,248,209,56,24,1,-1,-1,-1
261,41,151,222,58,22,1,-1,-1,-1
261,42,337,222,44,21,1,-1,-1,-1
261,43,711,199,50,20,1,-1,-1,-1
261,44,447,192,46,21,1,-1,-1,-1
261,45,603,202,52,20,1,-1,-1,-1
261,46,684,211,51,18,1,-1,-1,-1
261,47,510,219,53,25,1,-1,-1,-1
261,48,716,191,38,18,1,-1,-1,-1
261,49,798,200,49,20,1,-1,-1,-1
261,50,839,208,61,21,1,-1,-1,-1
261,51,758,219,55,22,1,-1,-1,-1
261,52,923,197,52,21,1,-1,-1,-1
261,53,984,190,39,18,1,-1,-1,-1
261,57,560,238,60,22,1,-1,-1,-1
261,58,296,238,57,25,1,-1,-1,-1
261,59,83,278,76,28,1,-1,-1,-1
261,60,598,369,46,53,1,-1,-1,-1
262,0,35,259,69,25,1,-1,-1,-1
262,1,267,275,70,27,1,-1,-1,-1
262,2,565,253,59,23,1,-1,-1,-1
262,3,282,249,52,29,1,-1,-1,-1
262,4,827,241,52,23,1,-1,-1,-1
262,13,121,194,71,25,1,-1,-1,-1
262,14,229,119,20,12,1,-1,-1,-1
262,15,253,118,17,12,1,-1,-1,-1
262,16,272,117,17,13,1,-1,-1,-1
262,17,291,116,17,13,1,-1,-1,-1
262,18,312,116,17,13,1,-1,-1,-1
262,19,331,116,17,14,1,-1,-1,-1
262,20,351,117,14,11,1,-1,-1,-1
262,21,270,132,19,17,1,-1,-1,-1
262,22,292,133,19,13,1,-1,-1,-1
262,23,314,131,18,14,1,-1,-1,-1
262,24,337,131,18,13,1,-1,-1,-1
262,25,402,116,14,12,1,-1,-1,-1
262,26,458,131,16,15,1,-1,-1,-1
262,27,501,131,17,16,1,-1,-1,-1
262,28,547,142,27,20,1,-1,-1,-1
262,29,498,114,14,13,1,-1,-1,-1
262,30,516,115,14,13,1,-1,-1,-1
262,31,569,114,15,14,1,-1,-1,-1
262,32,591,112,13,16,1,-1,-1,-1
262,33,608,109,30,14,1,-1,-1,-1
262,34,422,116,12,11,1,-1,-1,-1
262,35,480,116,16,12,1,-1,-1,-1
262,36,467,198,57,24,1,-1,-1,-1
262,37,600,117,59,37,1,-1,-1,-1
262,38,226,202,50,21,1,-1,-1,-1
262,39,468,212,52,20,1,-1,-1,-1
262,40,245,209,56,24,1,-1,-1,-1
262,41,147,222,59,22,1,-1,-1,-1
262,42,333,222,44,21,1,-1,-1,-1
262,43,709,199,50,20,1,-1,-1,-1
262,44,443,192,46,21,1,-1,-1,-1
262,45,600,202,52,20,1,-1,-1,-1
262,46,681,211,51,18,1,-1,-1,-1
262,47,507,219,53,25,1,-1,-1,-1
262,48,713,190,38,19,1,-1,-1,-1
262,49,796,200,49,19,1,-1,-1,-1
262,50,837,208,61,21,1,-1,-1,-1
262,51,755,219,55,22,1,-1,-1,-1
262,52,921,197,52,21,1,-1,-1,-1
262,53,983,190,40,18,1,-1,-1,-1
262,57,564,238,60,22,1,-1,-1,-1
262,58,301,238,57,25,1,-1,-1,-1
262,59,86,278,76,28,1,-1,-1,-1
262,60,598,367,46,53,1,-1,-1,-1
263,0,37,259,69,25,1,-1,-1,-1
263,1,269,275,70,27,1,-1,-1,-1
263,2,569,253,59,23,1,-1,-1,-1
263,3,284,249,52,29,1,-1,-1,-1
263,4,831,241,52,23,1,-1,-1,-1
263,13,118,194,71,25,1,-1,-1,-1
263,14,229,119,20,12,1,-1,-1,-1
263,15,253,118,17,12,1,-1,-1,-1
263,16,272,117,17,13,1,-1,-1,-1
263,17,291,116,17,13,1,-1,-1,-1
263,18,312,116,17,13,1,-1,-1,-1
263,19,331,116,17,14,1,-1,-1,-1
263,20,351,117,14,11,1,-1,-1,-1
263,21,270,132,19,17,1,-1,-1,-1
263,22,292,133,19,13,1,-1,-1,-1
263,23,314,132,18,14,1,-1,-1,-1
263,24,337,131,18,14,1,-1,-1,-1
263,25,402,116,14,12,1,-1,-1,-1
263,26,458,131,16,15,1,-1,-1,-1
263,27,501,131,17,16,1,-1,-1,-1
263,28,547,142,27,20,1,-1,-1,-1
263,29,498,114,14,13,1,-1,-1,-1
263,30,516,115,14,13,1,-1,-1,-1
263,31,569,114,15,14,1,-1,-1,-1
263,32,591,112,13,16,1,-1,-1,-1
263,33,608,109,30,14,1,-1,-1,-1
263,34,422,116,12,11,1,-1,-1,-1
263,35,480,116,16,12,1,-1,-1,-1
263,36,464,198,58,24,1,-1,-1,-1
263,37,600,117,59,37,1,-1,-1,-1
263,38,223,202,50,21,1,-1,-1,-1
263,39,465,212,52,20,1,-1,-1,-1
263,40,241,209,56,24,1,-1,-1,-1
263,41,143,222,59,22,1,-1,-1,-1
263,42,329,222,44,21,1,-1,-1,-1
263,43,707,199,50,20,1,-1,-1,-1
263,44,439,192,47,21,1,-1,-1,-1
263,45,598,202,52,20,1,-1,-1,-1
263,46,679,211,51,18,1,-1,-1,-1
263,47,504,219,53,25,1,-1,-1,-1
263,48,711,190,38,19,1,-1,-1,-1
263,49,794,200,49,19,1,-1,-1,-1
263,50,835,208,61,21,1,-1,-1,-1
263,51,752,219,56,22,1,-1,-1,-1
263,52,919,197,52,21,1,-1,-1,-1
263,53,981,190,42,18,1,-1,-1,-1
263,57,568,238,60,22,1,-1,-1,-1
263,58,305,238,57,25,1,-1,-1,-1
263,59,90,278,76,28,1,-1,-1,-1
263,60,599,366,46,53,1,-1,-1,-1
264,0,39,259,69,25,1,-1,-1,-1
264,1,271,275,70,27,1,-1,-1,-1
264,2,573,253,59,23,1,-1,-1,-1
264,3,287,249,52,30,1,-1,-1,-1
264,4,835,241,51,23,1,-1,-1,-1
264,13,115,194,72,25,1,-1,-1,-1
264,14,229,119,20,12,1,-1,-1,-1
264,15,252,118,17,12,1,-1,-1,-1
264,16,272,117,17,13,1,-1,-1,-1
264,17,291,116,17,13,1,-1,-1,-1
264,18,312,116,17,13,1,-1,-1,-1
264,19,331,115,17,14,1,-1,-1,-1
264,20,351,117,14,11,1,-1,-1,-1
264,21,270,132,19,17,1,-1,-1,-1
264,22,292,133,19,13,1,-1,-1,-1
264,23,314,132,18,14,1,-1,-1,-1
264,24,337,131,18,14,1,-1,-1,-1
264,25,402,116,14,12,1,-1,-1,-1
264,26,458,131,16,15,1,-1,-1,-1
264,27,501,131,17,16,1,-1,-1,-1
264,28,547,142,27,20,1,-1,-1,-1
264,29,498,114,14,13,1,-1,-1,-1
264,30,516,115,14,13,1,-1,-1,-1
264,31,569,114,15,14,1,-1,-1,-1
264,32,591,112,13,16,1,-1,-1,-1
264,33,608,109,30,14,1,-1,-1,-1
264,34,422,116,12,11,1,-1,-1,-1
264,35,480,116,16,12,1,-1,-1,-1
264,36,462,198,58,24,1,-1,-1,-1
264,37,601,117,59,37,1,-1,-1,-1
264,38,219,202,50,21,1,-1,-1,-1
264,39,462,212,52,20,1,-1,-1,-1
264,40,238,209,56,24,1,-1,-1,-1
264,41,139,222,59,22,1,-1,-1,-1
264,42,326,222,44,21,1,-1,-1,-1
264,43,706,199,50,20,1,-1,-1,-1
264,44,435,192,47,21,1,-1,-1,-1
264,45,595,202,52,20,1,-1,-1,-1
264,46,676,211,51,18,1,-1,-1,-1
264,47,500,219,53,25,1,-1,-1,-1
264,48,708,190,38,19,1,-1,-1,-1
264,49,792,200,49,19,1,-1,-1,-1
264,50,833,208,61,21,1,-1,-1,-1
264,51,749,220,56,21,1,-1,-1,-1
264,52,917,197,52,21,1,-1,-1,-1
264,53,979,190,44,18,1,-1,-1,-1
264,57,572,237,60,22,1,-1,-1,-1
264,58,310,238,57,25,1,-1,-1,-1
264,59,93,278,76,28,1,-1,-1,-1
264,60,600,364,46,52,1,-1,-1,-1
265,0,42,259,69,25,1,-1,-1,-1
265,1,273,275,70,27,1,-1,-1,-1
265,2,576,253,59,23,1,-1,-1,-1
265,3,289,249,52,30,1,-1,-1,-1
265,4,839,240,50,23,1,-1,-1,-1
265,13,112,194,72,25,1,-1,-1,-1
265,14,229,119,20,12,1,-1,-1,-1
265,15,253,118,17,12,1,-1,-1,-1
265,16,272,117,17,13,1,-1,-1,-1
265,17,291,116,17,13,1,-1,-1,-1
265,18,312,116,17,13,1,-1,-1,-1
265,19,331,115,17,14,1,-1,-1,-1
265,20,351,117,14,11,1,-1,-1,-1
265,21,270,132,19,17,1,-1,-1,-1
265,22,292,133,19,13,1,-1,-1,-1
265,23,314,132,18,14,1,-1,-1,-1
265,24,337,131,18,14,1,-1,-1,-1
265,25,402,116,14,12,1,-1,-1,-1
265,26,458,131,16,15,1,-1,-1,-1
265,27,501,131,18,16,1,-1,-1,-1
265,28,547,142,27,20,1,-1,-1,-1
265,29,498,114,14,13,1,-1,-1,-1
265,30,516,115,14,13,1,-1,-1,-1
265,31,569,114,15,14,1,-1,-1,-1
265,32,591,111,14,16,1,-1,-1,-1
265,33,607,109,30,14,1,-1,-1,-1
265,34,422,116,12,11,1,-1,-1,-1
265,35,480,116,16,12,1,-1,-1,-1
265,36,459,198,58,23,1,-1,-1,-1
265,37,601,117,59,37,1,-1,-1,-1
265,38,215,202,50,21,1,-1,-1,-1
265,39,459,212,52,20,1,-1,-1,-1
265,40,234,209,56,24,1,-1,-1,-1
265,41,135,222,59,22,1,-1,-1,-1
265,42,322,222,44,21,1,-1,-1,-1
265,43,704,199,50,20,1,-1,-1,-1
265,44,432,192,47,21,1,-1,-1,-1
265,45,593,202,52,20,1,-1,-1,-1
265,46,674,211,51,18,1,-1,-1,-1
265,47,497,219,53,25,1,-1,-1,-1
265,48,705,190,38,20,1,-1,-1,-1
265,49,790,200,49,19,1,-1,-1,-1
265,50,831,208,61,21,1,-1,-1,-1
265,51,746,220,56,21,1,-1,-1,-1
265,52,915,197,52,21,1,-1,-1,-1
265,53,977,190,46,18,1,-1,-1,-1
265,57,577,237,60,22,1,-1,-1,-1
265,58,315,239,57,25,1,-1,-1,-1
265,59,96,278,76,28,1,-1,-1,-1
265,60,601,362,46,52,1,-1,-1,-1
266,0,44,259,69,25,1,-1,-1,-1
266,1,275,275,70,27,1,-1,-1,-1
266,2,580,253,59,23,1,-1,-1,-1
266,3,291,249,52,30,1,-1,-1,-1
266,13,108,194,72,25,1,-1,-1,-1
266,14,229,119,20,12,1,-1,-1,-1
266,15,253,118,17,12,1,-1,-1,-1
266,16,272,117,17,13,1,-1,-1,-1
266,17,291,116,17,13,1,-1,-1,-1
266,18,312,116,17,13,1,-1,-1,-1
266,19,331,115,17,14,1,-1,-1,-1
266,20,351,117,14,11,1,-1,-1,-1
266,21,270,132,19,17,1,-1,-1,-1
266,22,292,133,19,13,1,-1,-1,-1
266,23,314,132,18,14,1,-1,-1,-1
266,24,337,131,18,14,1,-1,-1,-1
266,25,402,116,14,12,1,-1,-1,-1
266,26,458,131,16,15,1,-1,-1,-1
266,27,501,131,18,16,1,-1,-1,-1
266,28,547,142,27,19,1,-1,-1,-1
266,29,498,114,14,13,1,-1,-1,-1
266,30,516,115,14,13,1,-1,-1,-1
266,31,569,114,15,14,1,-1,-1,-1
266,32,591,111,14,17,1,-1,-1,-1
266,33,607,109,30,14,1,-1,-1,-1
266,34,422,116,12,11,1,-1,-1,-1
266,35,480,116,16,12,1,-1,-1,-1
266,36,456,198,58,24,1,-1,-1,-1
266,37,602,117,58,37,1,-1,-1,-1
266,38,211,202,50,21,1,-1,-1,-1
266,39,455,212,52,20,1,-1,-1,-1
266,40,231,209,56,24,1,-1,-1,-1
266,41,131,223,59,22,1,-1,-1,-1
266,42,318,222,44,21,1,-1,-1,-1
266,43,702,199,50,20,1,-1,-1,-1
266,44,428,193,47,21,1,-1,-1,-1
266,45,590,202,52,20,1,-1,-1,-1
266,46,671,211,51,18,1,-1,-1,-1
266,47,494,219,53,25,1,-1,-1,-1
266,48,702,190,38,20,1,-1,-1,-1
266,49,788,200,50,19,1,-1,-1,-1
266,50,828,208,61,21,1,-1,-1,-1
266,51,743,220,56,21,1,-1,-1,-1
266,52,913,197,52,21,1,-1,-1,-1
266,53,975,190,48,18,1,-1,-1,-1
266,57,581,237,60,22,1,-1,-1,-1
266,58,320,238,57,25,1,-1,-1,-1
266,59,99,278,76,28,1,-1,-1,-1
266,60,602,360,47,51,1,-1,-1,-1
267,0,46,258,69,25,1,-1,-1,-1
267,1,277,275,70,27,1,-1,-1,-1
267,2,584,253,59,23,1,-1,-1,-1
267,3,293,249,52,30,1,-1,-1,-1
267,13,105,194,72,25,1,-1,-1,-1
267,14,229,119,20,12,1,-1,-1,-1
267,15,253,118,17,12,1,-1,-1,-1
267,16,271,117,17,13,1,-1,-1,-1
267,17,291,116,17,13,1,-1,-1,-1
267,18,312,116,17,13,1,-1,-1,-1
267,19,331,115,17,14,1,-1,-1,-1
267,20,351,117,14,11,1,-1,-1,-1
267,21,270,132,19,17,1,-1,-1,-1
267,22,292,133,20,13,1,-1,-1,-1
267,23,314,132,18,14,1,-1,-1,-1
267,24,337,131,18,14,1,-1,-1,-1
267,25,402,116,14,12,1,-1,-1,-1
267,26,458,131,16,15,1,-1,-1,-1
267,27,501,131,18,16,1,-1,-1,-1
267,28,547,142,27,19,1,-1,-1,-1
267,29,498,114,14,13,1,-1,-1,-1
267,30,516,115,14,13,1,-1,-1,-1
267,31,569,114,15,14,1,-1,-1,-1
267,32,591,112,14,16,1,-1,-1,-1
267,33,607,109,30,15,1,-1,-1,-1
267,34,422,116,12,11,1,-1,-1,-1
267,35,480,116,16,12,1,-1,-1,-1
267,36,454,198,58,24,1,-1,-1,-1
267,37,602,117,58,37,1,-1,-1,-1
267,38,208,202,50,21,1,-1,-1,-1
267,39,452,212,52,20,1,-1,-1,-1
267,40,227,210,56,24,1,-1,-1,-1
267,41,127,223,59,22,1,-1,-1,-1
267,42,314,222,44,22,1,-1,-1,-1
267,43,700,199,50,20,1,-1,-1,-1
267,44,424,193,47,21,1,-1,-1,-1
267,45,588,202,52,20,1,-1,-1,-1
267,46,668,211,51,18,1,-1,-1,-1
267,47,491,219,53,25,1,-1,-1,-1
267,48,700,190,38,20,1,-1,-1,-1
267,49,786,200,50,19,1,-1,-1,-1
267,50,826,208,62,21,1,-1,-1,-1
267,51,739,220,56,21,1,-1,-1,-1
267,52,911,197,52,20,1,-1,-1,-1
267,53,973,190,50,18,1,-1,-1,-1
267,57,585,237,60,22,1,-1,-1,-1
267,58,325,238,57,25,1,-1,-1,-1
267,59,102,278,76,28,1,-1,-1,-1
267,60,603,359,47,51,1,-1,-1,-1
268,0,48,258,69,25,1,-1,-1,-1
268,1,279,275,70,27,1,-1,-1,-1
268,2,587,253,59,23,1,-1,-1,-1
268,3,295,248,52,30,1,-1,-1,-1
268,13,102,194,72,25,1,-1,-1,-1
268,14,229,119,20,12,1,-1,-1,-1
268,15,253,118,17,12,1,-1,-1,-1
268,16,271,117,17,13,1,-1,-1,-1
268,17,291,116,17,13,1,-1,-1,-1
268,18,312,116,17,13,1,-1,-1,-1
268,19,331,115,17,14,1,-1,-1,-1
268,20,351,117,14,11,1,-1,-1,-1
268,21,270,132,19,17,1,-1,-1,-1
268,22,292,133,20,13,1,-1,-1,-1
268,23,314,132,18,14,1,-1,-1,-1
268,24,337,131,18,14,1,-1,-1,-1
268,25,402,116,14,12,1,-1,-1,-1
268,26,458,131,16,15,1,-1,-1,-1
268,27,501,131,18,16,1,-1,-1,-1
268,28,547,142,27,19,1,-1,-1,-1
268,29,498,114,14,13,1,-1,-1,-1
268,30,516,115,14,13,1,-1,-1,-1
268,31,569,114,15,14,1,-1,-1,-1
268,32,591,112,14,16,1,-1,-1,-1
268,33,607,109,30,15,1,-1,-1,-1
268,34,422,116,12,12,1,-1,-1,-1
268,35,480,116,16,12,1,-1,-1,-1
268,36,451,199,57,24,1,-1,-1,-1
268,37,603,117,58,37,1,-1,-1,-1
268,38,204,202,50,22,1,-1,-1,-1
268,39,449,212,52,20,1,-1,-1,-1
268,40,223,210,56,24,1,-1,-1,-1
268,41,122,223,59,22,1,-1,-1,-1
268,42,310,222,44,22,1,-1,-1,-1
268,43,698,199,50,20,1,-1,-1,-1
268,44,420,193,47,20,1,-1,-1,-1
268,45,585,202,52,20,1,-1,-1,-1
268,46,666,211,51,18,1,-1,-1,-1
268,47,487,219,53,25,1,-1,-1,-1
268,48,697,190,38,20,1,-1,-1,-1
268,49,784,200,50,19,1,-1,-1,-1
268,50,824,208,62,21,1,-1,-1,-1
268,51,736,220,56,21,1,-1,-1,-1
268,52,909,197,52,20,1,-1,-1,-1
268,53,971,190,52,18,1,-1,-1,-1
268,57,590,237,60,22,1,-1,-1,-1
268,58,330,238,57,25,1,-1,-1,-1
268,59,105,278,76,28,1,-1,-1,-1
268,60,604,357,47,50,1,-1,-1,-1
269,0,51,258,69,25,1,-1,-1,-1
269,1,281,275,70,27,1,-1,-1,-1
269,2,591,253,59,23,1,-1,-1,-1
269,3,297,248,52,30,1,-1,-1,-1
269,13,99,194,72,25,1,-1,-1,-1
269,14,229,119,20,12,1,-1,-1,-1
269,15,253,118,17,12,1,-1,-1,-1
269,16,271,117,17,13,1,-1,-1,-1
269,17,291,116,17,13,1,-1,-1,-1
269,18,312,115,17,13,1,-1,-1,-1
269,19,331,115,17,14,1,-1,-1,-1
269,20,351,117,14,11,1,-1,-1,-1
269,21,270,132,19,17,1,-1,-1,-1
269,22,292,133,20,13,1,-1,-1,-1
269,23,314,132,18,14,1,-1,-1,-1
269,24,337,131,18,14,1,-1,-1,-1
269,25,402,116,14,12,1,-1,-1,-1
269,26,458,131,16,15,1,-1,-1,-1
269,27,501,131,18,16,1,-1,-1,-1
269,28,547,142,27,19,1,-1,-1,-1
269,29,498,114,14,13,1,-1,-1,-1
269,30,516,115,14,13,1,-1,-1,-1
269,31,569,114,15,14,1,-1,-1,-1
269,32,591,112,14,16,1,-1,-1,-1
269,33,607,108,30,15,1,-1,-1,-1
269,34,421,116,12,12,1,-1,-1,-1
269,35,480,116,16,12,1,-1,-1,-1
269,36,448,199,57,24,1,-1,-1,-1
269,37,603,117,58,37,1,-1,-1,-1
269,38,201,202,50,22,1,-1,-1,-1
269,39,445,212,52,20,1,-1,-1,-1
269,40,220,210,56,24,1,-1,-1,-1
269,41,118,223,59,22,1,-1,-1,-1
269,42,306,222,44,22,1,-1,-1,-1
269,43,697,199,50,20,1,-1,-1,-1
269,44,416,193,48,21,1,-1,-1,-1
269,45,583,202,52,20,1,-1,-1,-1
269,46,663,211,50,18,1,-1,-1,-1
269,47,484,219,53,25,1,-1,-1,-1
269,48,694,190,38,20,1,-1,-1,-1
269,49,782,201,50,19,1,-1,-1,-1
269,50,822,208,62,21,1,-1,-1,-1
269,51,733,220,55,21,1,-1,-1,-1
269,52,907,197,52,20,1,-1,-1,-1
269,53,969,189,54,19,1,-1,-1,-1
269,57,594,237,60,22,1,-1,-1,-1
269,58,334,238,57,25,1,-1,-1,-1
269,59,108,277,76,28,1,-1,-1,-1
269,60,605,355,47,50,1,-1,-1,-1
270,0,53,258,69,25,1,-1,-1,-1
270,1,283,275,70,27,1,-1,-1,-1
270,2,595,253,59,23,1,-1,-1,-1
270,3,300,248,52,30,1,-1,-1,-1
270,13,96,194,71,25,1,-1,-1,-1
270,14,229,119,20,12,1,-1,-1,-1
270,15,253,118,16,12,1,-1,-1,-1
270,16,271,117,17,13,1,-1,-1,-1
270,17,291,116,17,13,1,-1,-1,-1
270,18,312,115,17,14,1,-1,-1,-1
270,19,331,115,17,14,1,-1,-1,-1
270,20,351,117,14,11,1,-1,-1,-1
270,21,270,132,19,17,1,-1,-1,-1
270,22,292,133,20,13,1,-1,-1,-1
270,23,314,132,18,14,1,-1,-1,-1
270,24,337,131,19,14,1,-1,-1,-1
270,25,402,116,14,12,1,-1,-1,-1
270,26,458,131,16,15,1,-1,-1,-1
270,27,501,131,18,16,1,-1,-1,-1
270,28,547,142,27,19,1,-1,-1,-1
270,29,498,114,14,13,1,-1,-1,-1
270,30,516,115,14,13,1,-1,-1,-1
270,31,569,114,15,14,1,-1,-1,-1
270,32,591,112,14,16,1,-1,-1,-1
270,33,607,108,31,15,1,-1,-1,-1
270,34,421,116,13,12,1,-1,-1,-1
270,35,480,116,16,12,1,-1,-1,-1
270,36,446,199,57,25,1,-1,-1,-1
270,37,603,118,57,37,1,-1,-1,-1
270,38,197,202,51,22,1,-1,-1,-1
270,39,442,212,52,20,1,-1,-1,-1
270,40,216,210,56,24,1,-1,-1,-1
270,41,114,222,59,23,1,-1,-1,-1
270,42,303,222,44,22,1,-1,-1,-1
270,43,695,199,50,20,1,-1,-1,-1
270,44,412,193,48,21,1,-1,-1,-1
270,45,581,202,52,20,1,-1,-1,-1
270,46,661,211,50,18,1,-1,-1,-1
270,47,480,219,53,24,1,-1,-1,-1
270,48,692,190,38,20,1,-1,-1,-1
270,49,780,201,50,19,1,-1,-1,-1
270,50,820,208,62,21,1,-1,-1,-1
270,51,730,220,55,21,1,-1,-1,-1
270,52,905,197,52,20,1,-1,-1,-1
270,53,967,189,54,19,1,-1,-1,-1
270,57,598,237,60,22,1,-1,-1,-1
270,58,339,238,57,25,1,-1,-1,-1
270,59,112,277,76,28,1,-1,-1,-1
270,60,606,353,47,49,1,-1,-1,-1
271,0,55,258,69,25,1,-1,-1,-1
271,1,285,275,70,27,1,-1,-1,-1
271,2,598,253,59,23,1,-1,-1,-1
271,3,302,248,52,30,1,-1,-1,-1
271,13,93,194,71,25,1,-1,-1,-1
271,14,229,119,20,12,1,-1,-1,-1
271,15,253,118,16,12,1,-1,-1,-1
271,16,271,117,17,13,1,-1,-1,-1
271,17,291,116,17,13,1,-1,-1,-1
271,18,312,115,17,14,1,-1,-1,-1
271,19,330,115,17,14,1,-1,-1,-1
271,20,351,117,14,11,1,-1,-1,-1
271,21,270,132,19,17,1,-1,-1,-1
271,22,292,133,20,13,1,-1,-1,-1
271,23,314,132,18,14,1,-1,-1,-1
271,24,337,131,19,14,1,-1,-1,-1
271,25,402,116,14,12,1,-1,-1,-1
271,26,458,131,16,15,1,-1,-1,-1
271,27,501,131,18,16,1,-1,-1,-1
271,28,547,142,27,19,1,-1,-1,-1
271,29,498,114,14,13,1,-1,-1,-1
271,30,516,115,14,13,1,-1,-1,-1
271,31,569,114,15,14,1,-1,-1,-1
271,32,591,112,14,16,1,-1,-1,-1
271,33,607,108,31,15,1,-1,-1,-1
271,34,421,116,13,12,1,-1,-1,-1
271,35,480,116,16,12,1,-1,-1,-1
271,36,443,199,57,25,1,-1,-1,-1
271,37,604,118,57,37,1,-1,-1,-1
271,38,193,202,51,22,1,-1,-1,-1
271,39,439,212,52,20,1,-1,-1,-1
271,40,213,210,56,24,1,-1,-1,-1
271,41,109,222,59,23,1,-1,-1,-1
271,42,299,222,44,22,1,-1,-1,-1
271,43,693,199,50,20,1,-1,-1,-1
271,44,408,193,48,21,1,-1,-1,-1
271,45,578,202,52,20,1,-1,-1,-1
271,46,658,211,50,19,1,-1,-1,-1
271,47,477,219,53,24,1,-1,-1,-1
271,48,689,190,38,20,1,-1,-1,-1
271,49,777,201,50,19,1,-1,-1,-1
271,50,817,208,62,21,1,-1,-1,-1
271,51,727,220,55,21,1,-1,-1,-1
271,52,903,197,52,20,1,-1,-1,-1
271,53,965,189,54,19,1,-1,-1,-1
271,57,602,237,60,22,1,-1,-1,-1
271,58,344,238,57,25,1,-1,-1,-1
271,59,115,277,76,28,1,-1,-1,-1
271,60,607,352,47,49,1,-1,-1,-1
272,0,58,258,68,25,1,-1,-1,-1
272,1,287,275,70,27,1,-1,-1,-1
272,2,602,253,59,23,1,-1,-1,-1
272,3,304,248,52,30,1,-1,-1,-1
272,13,90,194,71,25,1,-1,-1,-1
272,14,229,119,20,12,1,-1,-1,-1
272,15,253,118,16,12,1,-1,-1,-1
272,16,272,117,17,13,1,-1,-1,-1
272,17,291,116,17,13,1,-1,-1,-1
272,18,312,115,17,14,1,-1,-1,-1
272,19,331,115,17,14,1,-1,-1,-1
272,20,351,117,14,11,1,-1,-1,-1
272,21,270,132,19,17,1,-1,-1,-1
272,22,292,133,20,13,1,-1,-1,-1
272,23,314,132,18,14,1,-1,-1,-1
272,24,337,131,18,14,1,-1,-1,-1
272,25,402,116,14,12,1,-1,-1,-1
272,26,459,131,16,15,1,-1,-1,-1
272,27,501,131,18,16,1,-1,-1,-1
272,28,547,142,27,19,1,-1,-1,-1
272,29,498,114,14,13,1,-1,-1,-1
272,30,516,115,14,13,1,-1,-1,-1
272,31,569,114,15,14,1,-1,-1,-1
272,32,591,112,14,16,1,-1,-1,-1
272,33,607,108,30,15,1,-1,-1,-1
272,34,421,116,13,12,1,-1,-1,-1
272,35,480,116,16,12,1,-1,-1,-1
272,36,440,199,57,25,1,-1,-1,-1
272,37,604,118,57,37,1,-1,-1,-1
272,38,189,202,51,22,1,-1,-1,-1
272,39,435,212,52,20,1,-1,-1,-1
272,40,209,210,56,24,1,-1,-1,-1
272,41,105,222,59,23,1,-1,-1,-1
272,42,295,222,44,22,1,-1,-1,-1
272,43,691,199,50,20,1,-1,-1,-1
272,44,404,193,49,21,1,-1,-1,-1
272,45,576,202,52,20,1,-1,-1,-1
272,46,655,211,50,19,1,-1,-1,-1
272,47,474,219,53,24,1,-1,-1,-1
272,48,686,190,37,20,1,-1,-1,-1
272,49,775,201,50,19,1,-1,-1,-1
272,50,815,208,62,21,1,-1,-1,-1
272,51,723,220,55,21,1,-1,-1,-1
272,52,901,197,52,20,1,-1,-1,-1
272,53,963,189,54,18,1,-1,-1,-1
272,57,607,237,60,22,1,-1,-1,-1
272,58,349,238,57,25,1,-1,-1,-1
272,59,118,277,76,28,1,-1,-1,-1
272,60,608,350,47,49,1,-1,-1,-1
273,0,60,258,68,25,1,-1,-1,-1
273,1,289,275,70,27,1,-1,-1,-1
273,2,606,252,59,23,1,-1,-1,-1
273,3,307,248,52,30,1,-1,-1,-1
273,13,87,194,71,25,1,-1,-1,-1
273,14,229,119,20,12,1,-1,-1,-1
273,15,253,118,16,12,1,-1,-1,-1
273,16,272,117,17,13,1,-1,-1,-1
273,17,291,116,17,13,1,-1,-1,-1
273,18,312,115,17,14,1,-1,-1,-1
273,19,331,115,17,14,1,-1,-1,-1
273,20,351,117,14,11,1,-1,-1,-1
273,21,270,132,19,17,1,-1,-1,-1
273,22,292,133,20,13,1,-1,-1,-1
273,23,314,132,18,14,1,-1,-1,-1
273,24,337,132,18,14,1,-1,-1,-1
273,25,402,116,14,12,1,-1,-1,-1
273,26,459,131,16,15,1,-1,-1,-1
273,27,501,131,18,16,1,-1,-1,-1
273,28,547,142,27,19,1,-1,-1,-1
273,29,498,114,14,13,1,-1,-1,-1
273,30,516,115,14,13,1,-1,-1,-1
273,31,569,114,15,14,1,-1,-1,-1
273,32,591,112,14,16,1,-1,-1,-1
273,33,608,108,30,15,1,-1,-1,-1
273,34,421,116,13,12,1,-1,-1,-1
273,35,480,116,16,12,1,-1,-1,-1
273,36,437,198,57,25,1,-1,-1,-1
273,37,604,118,57,38,1,-1,-1,-1
273,38,186,202,51,22,1,-1,-1,-1
273,39,432,212,52,20,1,-1,-1,-1
273,40,206,210,56,24,1,-1,-1,-1
273,41,101,222,60,23,1,-1,-1,-1
273,42,291,222,44,22,1,-1,-1,-1
273,43,689,199,50,20,1,-1,-1,-1
273,44,400,193,49,21,1,-1,-1,-1
273,45,573,202,52,21,1,-1,-1,-1
273,46,653,211,50,19,1,-1,-1,-1
273,47,470,219,53,24,1,-1,-1,-1
273,48,684,190,37,20,1,-1,-1,-1
273,49,773,201,50,18,1,-1,-1,-1
273,50,813,208,62,21,1,-1,-1,-1
273,51,720,220,55,21,1,-1,-1,-1
273,52,899,197,52,20,1,-1,-1,-1
273,53,961,189,54,18,1,-1,-1,-1
273,57,611,237,60,22,1,-1,-1,-1
273,58,354,238,57,25,1,-1,-1,-1
273,59,121,277,76,28,1,-1,-1,-1
273,60,609,348,48,48,1,-1,-1,-1
274,0,62,258,68,25,1,-1,-1,-1
274,1,291,275,70,27,1,-1,-1,-1
274,2,609,252,59,23,1,-1,-1,-1
274,3,309,248,52,30,1,-1,-1,-1
274,13,84,194,71,25,1,-1,-1,-1
274,14,229,119,20,12,1,-1,-1,-1
274,15,253,118,16,12,1,-1,-1,-1
274,16,272,117,17,13,1,-1,-1,-1
274,17,291,116,17,13,1,-1,-1,-1
274,18,312,116,17,13,1,-1,-1,-1
274,19,331,115,17,14,1,-1,-1,-1
274,20,351,117,14,11,1,-1,-1,-1
274,21,270,132,19,17,1,-1,-1,-1
274,22,292,133,20,13,1,-1,-1,-1
274,23,314,131,18,14,1,-1,-1,-1
274,24,337,132,18,14,1,-1,-1,-1
274,25,402,116,14,12,1,-1,-1,-1
274,26,459,131,16,15,1,-1,-1,-1
274,27,501,131,18,16,1,-1,-1,-1
274,28,547,142,27,20,1,-1,-1,-1
274,29,498,115,14,13,1,-1,-1,-1
274,30,516,115,14,13,1,-1,-1,-1
274,31,569,114,15,14,1,-1,-1,-1
274,32,591,112,14,16,1,-1,-1,-1
274,33,608,108,30,15,1,-1,-1,-1
274,34,421,116,13,12,1,-1,-1,-1
274,35,480,116,16,12,1,-1,-1,-1
274,36,434,198,57,25,1,-1,-1,-1
274,37,605,118,56,38,1,-1,-1,-1
274,38,182,202,51,22,1,-1,-1,-1
274,39,429,212,52,20,1,-1,-1,-1
274,40,202,210,56,23,1,-1,-1,-1
274,41,96,222,60,23,1,-1,-1,-1
274,42,287,222,44,22,1,-1,-1,-1
274,43,688,199,50,20,1,-1,-1,-1
274,44,396,193,49,21,1,-1,-1,-1
274,45,570,202,52,20,1,-1,-1,-1
274,46,650,211,50,19,1,-1,-1,-1
274,47,467,219,53,24,1,-1,-1,-1
274,48,681,190,37,21,1,-1,-1,-1
274,49,771,201,50,18,1,-1,-1,-1
274,50,811,208,62,21,1,-1,-1,-1
274,51,717,220,55,21,1,-1,-1,-1
274,52,897,197,53,20,1,-1,-1,-1
274,53,959,189,54,18,1,-1,-1,-1
274,57,615,237,60,22,1,-1,-1,-1
274,58,358,238,57,25,1,-1,-1,-1
274,59,124,277,76,28,1,-1,-1,-1
274,60,610,347,48,48,1,-1,-1,-1
275,0,64,258,68,25,1,-1,-1,-1
275,1,294,275,70,27,1,-1,-1,-1
275,2,613,252,60,23,1,-1,-1,-1
275,3,312,248,52,30,1,-1,-1,-1
275,13,81,194,71,25,1,-1,-1,-1
275,14,229,119,20,12,1,-1,-1,-1
275,15,253,118,16,12,1,-1,-1,-1
275,16,272,117,17,13,1,-1,-1,-1
275,17,291,116,17,13,1,-1,-1,-1
275,18,312,116,17,13,1,-1,-1,-1
275,19,331,115,17,14,1,-1,-1,-1
275,20,351,117,14,11,1,-1,-1,-1
275,21,270,132,19,17,1,-1,-1,-1
275,22,292,133,20,13,1,-1,-1,-1
275,23,314,131,18,14,1,-1,-1,-1
275,24,337,132,18,14,1,-1,-1,-1
275,25,402,116,14,12,1,-1,-1,-1
275,26,459,131,15,15,1,-1,-1,-1
275,27,501,131,18,16,1,-1,-1,-1
275,28,547,141,27,20,1,-1,-1,-1
275,29,498,115,14,12,1,-1,-1,-1
275,30,516,115,14,13,1,-1,-1,-1
275,31,569,114,15,14,1,-1,-1,-1
275,32,591,112,14,16,1,-1,-1,-1
275,33,608,108,30,15,1,-1,-1,-1
275,34,421,116,13,12,1,-1,-1,-1
275,35,480,116,16,12,1,-1,-1,-1
275,36,432,198,58,25,1,-1,-1,-1
275,37,605,118,56,38,1,-1,-1,-1
275,38,178,202,51,22,1,-1,-1,-1
275,39,425,212,52,20,1,-1,-1,-1
275,40,199,210,56,23,1,-1,-1,-1
275,41,92,222,60,23,1,-1,-1,-1
275,42,283,222,45,22,1,-1,-1,-1
275,43,686,199,50,20,1,-1,-1,-1
275,44,392,193,49,21,1,-1,-1,-1
275,45,568,202,52,20,1,-1,-1,-1
275,46,648,211,50,19,1,-1,-1,-1
275,47,463,219,53,24,1,-1,-1,-1
275,48,678,190,37,21,1,-1,-1,-1
275,49,769,201,50,18,1,-1,-1,-1
275,50,809,208,62,21,1,-1,-1,-1
275,51,714,220,55,21,1,-1,-1,-1
275,52,895,197,53,20,1,-1,-1,-1
275,53,957,189,54,18,1,-1,-1,-1
275,57,620,237,60,22,1,-1,-1,-1
275,58,363,237,57,25,1,-1,-1,-1
275,59,127,277,76,28,1,-1,-1,-1
275,60,611,345,48,48,1,-1,-1,-1
276,0,67,258,68,25,1,-1,-1,-1
276,1,296,275,69,27,1,-1,-1,-1
276,2,617,252,60,23,1,-1,-1,-1
276,3,314,248,52,30,1,-1,-1,-1
276,13,78,194,71,25,1,-1,-1,-1
276,14,229,119,20,12,1,-1,-1,-1
276,15,253,118,16,12,1,-1,-1,-1
276,16,272,117,17,13,1,-1,-1,-1
276,17,291,116,17,13,1,-1,-1,-1
276,18,312,116,17,13,1,-1,-1,-1
276,19,331,115,17,14,1,-1,-1,-1
276,20,351,117,14,12,1,-1,-1,-1
276,21,270,132,19,17,1,-1,-1,-1
276,22,292,133,20,13,1,-1,-1,-1
276,23,314,131,18,14,1,-1,-1,-1
276,24,337,132,18,14,1,-1,-1,-1
276,25,402,116,14,13,1,-1,-1,-1
276,26,459,131,15,15,1,-1,-1,-1
276,27,501,131,18,16,1,-1,-1,-1
276,28,547,141,27,20,1,-1,-1,-1
276,29,498,115,14,12,1,-1,-1,-1
276,30,516,115,14,13,1,-1,-1,-1
276,31,569,114,15,14,1,-1,-1,-1
276,32,591,112,14,16,1,-1,-1,-1
276,33,608,108,30,15,1,-1,-1,-1
276,34,421,116,13,12,1,-1,-1,-1
276,35,480,116,16,12,1,-1,-1,-1
276,36,429,198,58,25,1,-1,-1,-1
276,37,606,118,56,38,1,-1,-1,-1
276,38,175,202,51,22,1,-1,-1,-1
276,39,422,212,52,20,1,-1,-1,-1
276,40,195,210,56,23,1,-1,-1,-1
276,41,88,222,60,23,1,-1,-1,-1
276,42,279,222,45,22,1,-1,-1,-1
276,43,684,199,50,20,1,-1,-1,-1
276,44,389,193,49,21,1,-1,-1,-1
276,45,565,202,52,20,1,-1,-1,-1
276,46,645,211,50,19,1,-1,-1,-1
276,47,460,219,53,24,1,-1,-1,-1
276,48,676,190,37,21,1,-1,-1,-1
276,49,767,201,50,18,1,-1,-1,-1
276,50,806,208,62,21,1,-1,-1,-1
276,51,711,220,55,21,1,-1,-1,-1
276,52,893,197,53,20,1,-1,-1,-1
276,53,955,190,54,18,1,-1,-1,-1
276,57,624,237,60,22,1,-1,-1,-1
276,58,368,237,57,25,1,-1,-1,-1
276,59,130,277,76,28,1,-1,-1,-1
276,60,612,344,49,48,1,-1,-1,-1
277,0,69,258,68,25,1,-1,-1,-1
277,1,298,275,69,27,1,-1,-1,-1
277,2,620,252,60,23,1,-1,-1,-1
277,3,317,248,52,30,1,-1,-1,-1
277,13,75,194,71,25,1,-1,-1,-1
277,14,229,119,20,12,1,-1,-1,-1
277,15,253,118,16,12,1,-1,-1,-1
277,16,272,117,17,13,1,-1,-1,-1
277,17,291,116,17,13,1,-1,-1,-1
277,18,312,116,17,13,1,-1,-1,-1
277,19,331,115,17,14,1,-1,-1,-1
277,20,351,117,14,12,1,-1,-1,-1
277,21,270,132,19,17,1,-1,-1,-1
277,22,292,133,20,13,1,-1,-1,-1
277,23,314,131,18,14,1,-1,-1,-1
277,24,337,132,18,14,1,-1,-1,-1
277,25,402,116,14,13,1,-1,-1,-1
277,26,459,131,15,15,1,-1,-1,-1
277,27,501,131,18,16,1,-1,-1,-1
277,28,547,141,27,20,1,-1,-1,-1
277,29,498,115,14,12,1,-1,-1,-1
277,30,516,115,14,13,1,-1,-1,-1
277,31,569,114,15,14,1,-1,-1,-1
277,32,591,112,14,16,1,-1,-1,-1
277,33,608,108,29,15,1,-1,-1,-1
277,34,421,116,13,12,1,-1,-1,-1
277,35,480,116,16,12,1,-1,-1,-1
277,36,426,198,58,25,1,-1,-1,-1
277,37,606,119,56,38,1,-1,-1,-1
277,38,171,202,51,22,1,-1,-1,-1
277,39,419,212,52,20,1,-1,-1,-1
277,40,191,210,56,23,1,-1,-1,-1
277,41,83,222,60,23,1,-1,-1,-1
277,42,275,222,45,22,1,-1,-1,-1
277,43,682,199,50,21,1,-1,-1,-1
277,44,385,193,49,21,1,-1,-1,-1
277,45,562,202,52,20,1,-1,-1,-1
277,46,643,211,50,19,1,-1,-1,-1
277,47,457,219,53,24,1,-1,-1,-1
277,48,673,190,37,22,1,-1,-1,-1
277,49,765,201,50,18,1,-1,-1,-1
277,50,804,208,62,21,1,-1,-1,-1
277,51,707,220,55,21,1,-1,-1,-1
277,52,891,197,53,20,1,-1,-1,-1
277,53,953,190,54,18,1,-1,-1,-1
277,57,629,237,60,22,1,-1,-1,-1
277,58,373,237,57,25,1,-1,-1,-1
277,59,133,277,76,28,1,-1,-1,-1
277,60,613,342,49,48,1,-1,-1,-1
278,0,71,258,68,25,1,-1,-1,-1
278,1,300,275,69,27,1,-1,-1,-1
278,2,624,252,60,23,1,-1,-1,-1
278,3,320,248,52,30,1,-1,-1,-1
278,13,72,194,71,25,1,-1,-1,-1
278,14,229,119,20,12,1,-1,-1,-1
278,15,253,118,16,12,1,-1,-1,-1
278,16,272,117,17,13,1,-1,-1,-1
278,17,291,116,17,13,1,-1,-1,-1
278,18,312,116,17,13,1,-1,-1,-1
278,19,331,116,16,14,1,-1,-1,-1
278,20,351,117,14,12,1,-1,-1,-1
278,21,270,132,19,17,1,-1,-1,-1
278,22,292,133,20,13,1,-1,-1,-1
278,23,314,131,18,14,1,-1,-1,-1
278,24,337,132,18,14,1,-1,-1,-1
278,25,402,116,14,13,1,-1,-1,-1
278,26,459,131,15,15,1,-1,-1,-1
278,27,501,131,18,16,1,-1,-1,-1
278,28,547,141,27,20,1,-1,-1,-1
278,29,498,115,14,12,1,-1,-1,-1
278,30,516,115,13,13,1,-1,-1,-1
278,31,569,114,15,14,1,-1,-1,-1
278,32,591,112,14,16,1,-1,-1,-1
278,33,608,108,29,15,1,-1,-1,-1
278,34,421,116,13,12,1,-1,-1,-1
278,35,480,116,16,12,1,-1,-1,-1
278,36,424,198,58,25,1,-1,-1,-1
278,37,606,119,56,38,1,-1,-1,-1
278,38,168,202,51,22,1,-1,-1,-1
278,39,415,212,52,20,1,-1,-1,-1
278,40,188,210,56,23,1,-1,-1,-1
278,41,79,222,60,23,1,-1,-1,-1
278,42,271,222,45,23,1,-1,-1,-1
278,43,680,199,50,21,1,-1,-1,-1
278,44,381,193,49,21,1,-1,-1,-1
278,45,560,202,52,20,1,-1,-1,-1
278,46,640,211,50,19,1,-1,-1,-1
278,47,453,219,53,24,1,-1,-1,-1
278,48,670,189,36,22,1,-1,-1,-1
278,49,763,201,50,18,1,-1,-1,-1
278,50,802,208,62,21,1,-1,-1,-1
278,51,704,220,54,22,1,-1,-1,-1
278,52,889,197,53,20,1,-1,-1,-1
278,53,951,190,54,18,1,-1,-1,-1
278,57,633,237,60,22,1,-1,-1,-1
278,58,378,237,57,25,1,-1,-1,-1
278,59,136,277,75,28,1,-1,-1,-1
278,60,614,341,50,47,1,-1,-1,-1
279,0,74,258,68,25,1,-1,-1,-1
279,1,302,275,69,27,1,-1,-1,-1
279,2,628,252,60,23,1,-1,-1,-1
279,3,322,248,52,30,1,-1,-1,-1
279,13,69,194,71,25,1,-1,-1,-1
279,14,229,119,20,12,1,-1,-1,-1
279,15,253,118,16,12,1,-1,-1,-1
279,16,272,117,16,13,1,-1,-1,-1
279,17,291,116,17,13,1,-1,-1,-1
279,18,312,116,17,13,1,-1,-1,-1
279,19,331,116,16,14,1,-1,-1,-1
279,20,351,117,14,12,1,-1,-1,-1
279,21,270,132,19,17,1,-1,-1,-1
279,22,292,133,20,13,1,-1,-1,-1
279,23,314,131,18,14,1,-1,-1,-1
279,24,337,132,18,14,1,-1,-1,-1
279,25,402,116,14,13,1,-1,-1,-1
279,26,459,131,15,15,1,-1,-1,-1
279,27,501,131,18,16,1,-1,-1,-1
279,28,547,141,27,20,1,-1,-1,-1
279,29,498,115,14,12,1,-1,-1,-1
279,30,516,116,13,13,1,-1,-1,-1
279,31,569,114,15,14,1,-1,-1,-1
279,32,591,112,14,16,1,-1,-1,-1
279,33,608,108,29,16,1,-1,-1,-1
279,34,421,116,13,12,1,-1,-1,-1
279,35,480,116,16,12,1,-1,-1,-1
279,36,421,198,58,25,1,-1,-1,-1
279,37,607,119,56,38,1,-1,-1,-1
279,38,164,203,51,22,1,-1,-1,-1
279,39,412,212,52,20,1,-1,-1,-1
279,40,184,210,56,23,1,-1,-1,-1
279,41,75,222,60,23,1,-1,-1,-1
279,42,267,222,45,23,1,-1,-1,-1
279,43,679,199,50,21,1,-1,-1,-1
279,44,377,193,50,21,1,-1,-1,-1
279,45,557,202,52,20,1,-1,-1,-1
279,46,638,211,50,19,1,-1,-1,-1
279,47,450,220,53,24,1,-1,-1,-1
279,48,667,189,36,22,1,-1,-1,-1
279,49,761,201,50,18,1,-1,-1,-1
279,50,800,209,62,21,1,-1,-1,-1
279,51,701,220,54,22,1,-1,-1,-1
279,52,886,197,53,20,1,-1,-1,-1
279,53,949,190,54,18,1,-1,-1,-1
279,57,637,237,60,22,1,-1,-1,-1
279,58,382,237,57,25,1,-1,-1,-1
279,59,139,277,75,28,1,-1,-1,-1
279,60,615,339,50,47,1,-1,-1,-1
280,0,76,258,68,25,1,-1,-1,-1
280,1,304,275,69,27,1,-1,-1,-1
280,2,632,252,60,23,1,-1,-1,-1
280,3,325,248,52,30,1,-1,-1,-1
280,13,65,194,71,25,1,-1,-1,-1
280,14,229,119,20,12,1,-1,-1,-1
280,15,253,118,16,12,1,-1,-1,-1
280,16,272,117,16,13,1,-1,-1,-1
280,17,291,116,17,13,1,-1,-1,-1
280,18,312,116,17,13,1,-1,-1,-1
280,19,331,116,16,14,1,-1,-1,-1
280,20,351,117,14,12,1,-1,-1,-1
280,21,270,132,19,17,1,-1,-1,-1
280,22,292,133,20,13,1,-1,-1,-1
280,23,314,131,18,14,1,-1,-1,-1
280,24,337,132,18,14,1,-1,-1,-1
280,25,402,116,14,13,1,-1,-1,-1
280,26,459,131,15,15,1,-1,-1,-1
280,27,501,131,18,16,1,-1,-1,-1
280,28,547,141,27,20,1,-1,-1,-1
280,29,498,115,14,12,1,-1,-1,-1
280,30,516,116,13,13,1,-1,-1,-1
280,31,569,114,15,14,1,-1,-1,-1
280,32,591,112,14,16,1,-1,-1,-1
280,33,608,108,29,16,1,-1,-1,-1
280,34,421,116,13,12,1,-1,-1,-1
280,35,480,116,16,12,1,-1,-1,-1
280,36,419,198,58,25,1,-1,-1,-1
280,37,607,119,55,38,1,-1,-1,-1
280,38,160,203,51,22,1,-1,-1,-1
280,39,409,212,52,20,1,-1,-1,-1
280,40,181,210,56,23,1,-1,-1,-1
280,41,70,222,60,23,1,-1,-1,-1
280,42,263,222,45,23,1,-1,-1,-1
280,43,677,199,50,21,1,-1,-1,-1
280,44,373,193,50,21,1,-1,-1,-1
280,45,554,202,52,20,1,-1,-1,-1
280,46,635,211,50,19,1,-1,-1,-1
280,47,447,220,53,24,1,-1,-1,-1
280,48,664,189,36,22,1,-1,-1,-1
280,49,759,201,50,18,1,-1,-1,-1
280,50,798,209,62,21,1,-1,-1,-1
280,51,698,220,54,22,1,-1,-1,-1
280,52,884,197,53,20,1,-1,-1,-1
280,53,947,190,54,18,1,-1,-1,-1
280,57,642,237,60,22,1,-1,-1,-1
280,58,387,237,57,25,1,-1,-1,-1
280,59,142,277,75,28,1,-1,-1,-1
280,60,616,337,50,47,1,-1,-1,-1
281,0,79,258,68,25,1,-1,-1,-1
281,1,306,275,69,27,1,-1,-1,-1
281,2,635,252,60,23,1,-1,-1,-1
281,3,327,248,52,29,1,-1,-1,-1
281,13,62,194,71,25,1,-1,-1,-1
281,14,229,119,20,12,1,-1,-1,-1
281,15,253,118,16,12,1,-1,-1,-1
281,16,272,117,16,13,1,-1,-1,-1
281,17,291,116,17,13,1,-1,-1,-1
281,18,312,116,17,13,1,-1,-1,-1
281,19,331,116,16,14,1,-1,-1,-1
281,20,351,117,14,12,1,-1,-1,-1
281,21,270,132,19,17,1,-1,-1,-1
281,22,292,133,20,13,1,-1,-1,-1
281,23,314,131,18,14,1,-1,-1,-1
281,24,337,132,18,14,1,-1,-1,-1
281,25,402,116,14,13,1,-1,-1,-1
281,26,459,131,15,15,1,-1,-1,-1
281,27,501,131,18,16,1,-1,-1,-1
281,28,547,141,27,20,1,-1,-1,-1
281,29,498,115,14,12,1,-1,-1,-1
281,30,516,116,13,13,1,-1,-1,-1
281,31,569,114,15,14,1,-1,-1,-1
281,32,591,112,14,16,1,-1,-1,-1
281,33,608,108,29,16,1,-1,-1,-1
281,34,421,116,13,12,1,-1,-1,-1
281,35,480,116,16,12,1,-1,-1,-1
281,36,416,199,57,25,1,-1,-1,-1
281,37,607,119,55,38,1,-1,-1,-1
281,38,157,203,51,22,1,-1,-1,-1
281,39,405,212,52,20,1,-1,-1,-1
281,40,177,210,56,23,1,-1,-1,-1
281,41,66,222,60,23,1,-1,-1,-1
281,42,259,222,45,23,1,-1,-1,-1
281,43,675,199,50,21,1,-1,-1,-1
281,44,369,193,50,22,1,-1,-1,-1
281,45,551,202,52,20,1,-1,-1,-1
281,46,633,211,50,19,1,-1,-1,-1
281,47,443,220,53,24,1,-1,-1,-1
281,48,661,190,36,21,1,-1,-1,-1
281,49,757,201,50,18,1,-1,-1,-1
281,50,795,209,62,21,1,-1,-1,-1
281,51,695,220,54,22,1,-1,-1,-1
281,52,882,197,53,20,1,-1,-1,-1
281,53,945,190,54,18,1,-1,-1,-1
281,57,646,237,60,22,1,-1,-1,-1
281,58,392,237,57,25,1,-1,-1,-1
281,59,145,277,75,28,1,-1,-1,-1
281,60,617,336,50,46,1,-1,-1,-1
282,0,81,258,68,25,1,-1,-1,-1
282,1,309,275,69,27,1,-1,-1,-1
282,2,639,252,61,23,1,-1,-1,-1
282,3,330,248,52,29,1,-1,-1,-1
282,13,59,194,71,25,1,-1,-1,-1
282,14,229,118,20,12,1,-1,-1,-1
282,15,253,118,16,12,1,-1,-1,-1
282,16,272,117,17,13,1,-1,-1,-1
282,17,291,116,17,13,1,-1,-1,-1
282,18,312,116,17,13,1,-1,-1,-1
282,19,331,116,16,14,1,-1,-1,-1
282,20,351,117,14,12,1,-1,-1,-1
282,21,270,132,19,17,1,-1,-1,-1
282,22,292,133,20,13,1,-1,-1,-1
282,23,314,131,18,14,1,-1,-1,-1
282,24,338,132,18,14,1,-1,-1,-1
282,25,402,116,14,13,1,-1,-1,-1
282,26,459,131,15,15,1,-1,-1,-1
282,27,501,131,18,16,1,-1,-1,-1
282,28,547,141,27,20,1,-1,-1,-1
282,29,498,115,14,12,1,-1,-1,-1
282,30,516,116,13,12,1,-1,-1,-1
282,31,569,114,15,14,1,-1,-1,-1
282,32,591,112,15,16,1,-1,-1,-1
282,33,608,108,29,17,1,-1,-1,-1
282,34,421,116,13,12,1,-1,-1,-1
282,35,480,116,16,12,1,-1,-1,-1
282,36,414,199,57,25,1,-1,-1,-1
282,37,608,119,55,38,1,-1,-1,-1
282,38,153,203,51,21,1,-1,-1,-1
282,39,402,212,52,20,1,-1,-1,-1
282,40,173,210,57,23,1,-1,-1,-1
282,41,62,222,60,23,1,-1,-1,-1
282,42,255,222,45,23,1,-1,-1,-1
282,43,673,199,50,21,1,-1,-1,-1
282,44,365,193,50,22,1,-1,-1,-1
282,45,549,203,52,20,1,-1,-1,-1
282,46,630,211,50,19,1,-1,-1,-1
282,47,440,220,53,24,1,-1,-1,-1
282,48,659,190,36,21,1,-1,-1,-1
282,49,755,201,50,18,1,-1,-1,-1
282,50,793,209,61,21,1,-1,-1,-1
282,51,691,220,54,22,1,-1,-1,-1
282,52,880,197,54,20,1,-1,-1,-1
282,53,943,190,54,18,1,-1,-1,-1
282,57,650,237,60,22,1,-1,-1,-1
282,58,397,237,57,25,1,-1,-1,-1
282,59,148,277,75,28,1,-1,-1,-1
282,60,618,335,50,46,1,-1,-1,-1
283,0,84,258,68,25,1,-1,-1,-1
283,1,311,275,69,27,1,-1,-1,-1
283,2,643,252,61,24,1,-1,-1,-1
283,3,332,248,52,29,1,-1,-1,-1
283,13,56,194,71,25,1,-1,-1,-1
283,14,229,119,20,12,1,-1,-1,-1
283,15,253,118,16,12,1,-1,-1,-1
283,16,272,117,17,13,1,-1,-1,-1
283,17,291,116,17,13,1,-1,-1,-1
283,18,312,116,17,13,1,-1,-1,-1
283,19,331,116,16,14,1,-1,-1,-1
283,20,351,117,14,12,1,-1,-1,-1
283,21,270,132,19,17,1,-1,-1,-1
283,22,292,133,20,13,1,-1,-1,-1
283,23,314,131,18,14,1,-1,-1,-1
283,24,338,132,18,14,1,-1,-1,-1
283,25,402,116,14,13,1,-1,-1,-1
283,26,459,131,15,15,1,-1,-1,-1
283,27,501,131,18,16,1,-1,-1,-1
283,28,547,141,27,20,1,-1,-1,-1
283,29,498,115,14,12,1,-1,-1,-1
283,30,516,116,13,12,1,-1,-1,-1
283,31,569,114,15,14,1,-1,-1,-1
283,32,591,112,15,16,1,-1,-1,-1
283,33,608,108,29,17,1,-1,-1,-1
283,34,421,116,13,12,1,-1,-1,-1
283,35,480,116,16,12,1,-1,-1,-1
283,36,411,199,57,25,1,-1,-1,-1
283,37,608,119,55,38,1,-1,-1,-1
283,38,150,203,51,21,1,-1,-1,-1
283,39,399,212,52,20,1,-1,-1,-1
283,40,170,210,57,23,1,-1,-1,-1
283,41,57,222,60,23,1,-1,-1,-1
283,42,251,222,45,23,1,-1,-1,-1
283,43,671,199,50,21,1,-1,-1,-1
283,44,361,193,50,22,1,-1,-1,-1
283,45,546,203,52,20,1,-1,-1,-1
283,46,628,211,50,19,1,-1,-1,-1
283,47,436,220,53,24,1,-1,-1,-1
283,48,656,190,36,21,1,-1,-1,-1
283,49,753,201,50,18,1,-1,-1,-1
283,50,791,209,61,21,1,-1,-1,-1
283,51,688,220,54,22,1,-1,-1,-1
283,52,878,197,54,20,1,-1,-1,-1
283,53,941,190,54,18,1,-1,-1,-1
283,57,655,237,60,22,1,-1,-1,-1
283,58,402,237,57,25,1,-1,-1,-1
283,59,152,277,75,28,1,-1,-1,-1
283,60,620,334,51,45,1,-1,-1,-1
284,0,86,258,67,25,1,-1,-1,-1
284,1,313,275,69,27,1,-1,-1,-1
284,2,646,252,61,24,1,-1,-1,-1
284,3,335,248,51,29,1,-1,-1,-1
284,13,53,194,71,25,1,-1,-1,-1
284,14,229,119,20,12,1,-1,-1,-1
284,15,253,118,16,12,1,-1,-1,-1
284,16,272,117,17,13,1,-1,-1,-1
284,17,291,116,17,13,1,-1,-1,-1
284,18,312,116,17,13,1,-1,-1,-1
284,19,331,116,16,14,1,-1,-1,-1
284,20,351,117,15,12,1,-1,-1,-1
284,21,271,132,19,17,1,-1,-1,-1
284,22,292,133,20,13,1,-1,-1,-1
284,23,314,131,18,14,1,-1,-1,-1
284,24,338,132,17,14,1,-1,-1,-1
284,25,402,116,14,13,1,-1,-1,-1
284,26,459,131,15,15,1,-1,-1,-1
284,27,501,131,18,16,1,-1,-1,-1
284,28,547,141,27,20,1,-1,-1,-1
284,29,498,116,14,12,1,-1,-1,-1
284,30,516,116,13,12,1,-1,-1,-1
284,31,569,114,15,14,1,-1,-1,-1
284,32,591,112,15,16,1,-1,-1,-1
284,33,608,109,29,17,1,-1,-1,-1
284,34,421,116,13,12,1,-1,-1,-1
284,35,480,116,16,12,1,-1,-1,-1
284,36,408,199,57,25,1,-1,-1,-1
284,37,608,120,54,38,1,-1,-1,-1
284,38,146,203,51,21,1,-1,-1,-1
284,39,395,212,52,20,1,-1,-1,-1
284,40,166,211,57,23,1,-1,-1,-1
284,41,53,222,60,23,1,-1,-1,-1
284,42,248,223,45,23,1,-1,-1,-1
284,43,670,199,50,21,1,-1,-1,-1
284,44,357,193,50,22,1,-1,-1,-1
284,45,543,203,52,20,1,-1,-1,-1
284,46,626,211,50,19,1,-1,-1,-1
284,47,433,220,53,24,1,-1,-1,-1
284,48,653,190,36,21,1,-1,-1,-1
284,49,751,201,50,18,1,-1,-1,-1
284,50,789,209,61,21,1,-1,-1,-1
284,51,685,220,54,22,1,-1,-1,-1
284,52,876,197,54,20,1,-1,-1,-1
284,53,939,190,54,18,1,-1,-1,-1
284,57,659,237,60,22,1,-1,-1,-1
284,58,407,237,57,25,1,-1,-1,-1
284,59,155,277,75,28,1,-1,-1,-1
284,60,621,333,51,45,1,-1,-1,-1
285,0,89,258,67,25,1,-1,-1,-1
285,1,315,275,68,27,1,-1,-1,-1
285,2,650,252,61,24,1,-1,-1,-1
285,3,338,248,51,29,1,-1,-1,-1
285,13,50,194,71,25,1,-1,-1,-1
285,14,229,119,20,12,1,-1,-1,-1
285,15,253,118,16,12,1,-1,-1,-1
285,16,272,118,17,12,1,-1,-1,-1
285,17,291,116,17,13,1,-1,-1,-1
285,18,312,116,17,13,1,-1,-1,-1
285,19,331,116,16,13,1,-1,-1,-1
285,20,351,117,15,12,1,-1,-1,-1
285,21,271,132,19,17,1,-1,-1,-1
285,22,292,133,20,13,1,-1,-1,-1
285,23,314,131,18,14,1,-1,-1,-1
285,24,338,132,17,14,1,-1,-1,-1
285,25,402,116,14,13,1,-1,-1,-1
285,26,459,131,14,15,1,-1,-1,-1
285,27,501,131,18,16,1,-1,-1,-1
285,28,546,141,27,20,1,-1,-1,-1
285,29,498,116,14,12,1,-1,-1,-1
285,30,516,116,13,12,1,-1,-1,-1
285,31,569,115,15,14,1,-1,-1,-1
285,32,591,112,15,16,1,-1,-1,-1
285,33,608,109,29,17,1,-1,-1,-1
285,34,421,116,13,12,1,-1,-1,-1
285,35,480,116,16,12,1,-1,-1,-1
285,36,406,199,57,25,1,-1,-1,-1
285,37,609,120,54,38,1,-1,-1,-1
285,38,142,203,51,21,1,-1,-1,-1
285,39,392,212,52,20,1,-1,-1,-1
285,40,162,211,57,23,1,-1,-1,-1
285,41,49,222,60,24,1,-1,-1,-1
285,42,244,223,45,23,1,-1,-1,-1
285,43,667,199,50,21,1,-1,-1,-1
285,44,353,193,50,22,1,-1,-1,-1
285,45,541,203,52,20,1,-1,-1,-1
285,46,623,211,49,19,1,-1,-1,-1
285,47,430,220,53,24,1,-1,-1,-1
285,48,650,190,36,21,1,-1,-1,-1
285,49,749,201,50,18,1,-1,-1,-1
285,50,787,209,61,21,1,-1,-1,-1
285,51,682,220,54,22,1,-1,-1,-1
285,52,874,197,54,20,1,-1,-1,-1
285,53,937,190,54,18,1,-1,-1,-1
285,57,663,237,60,22,1,-1,-1,-1
285,58,412,237,57,26,1,-1,-1,-1
285,59,158,277,75,28,1,-1,-1,-1
285,60,622,332,51,44,1,-1,-1,-1
286,0,91,258,67,25,1,-1,-1,-1
286,1,317,274,68,27,1,-1,-1,-1
286,2,654,252,61,24,1,-1,-1,-1
286,3,340,248,51,29,1,-1,-1,-1
286,13,47,194,71,25,1,-1,-1,-1
286,14,229,119,20,12,1,-1,-1,-1
286,15,253,118,16,12,1,-1,-1,-1
286,16,272,118,17,12,1,-1,-1,-1
286,17,291,116,17,13,1,-1,-1,-1
286,18,312,116,17,13,1,-1,-1,-1
286,19,331,116,16,13,1,-1,-1,-1
286,20,351,117,15,12,1,-1,-1,-1
286,21,271,132,19,17,1,-1,-1,-1
286,22,292,132,20,13,1,-1,-1,-1
286,23,314,131,18,14,1,-1,-1,-1
286,24,338,132,17,14,1,-1,-1,-1
286,25,402,116,14,13,1,-1,-1,-1
286,26,460,131,14,15,1,-1,-1,-1
286,27,501,131,18,16,1,-1,-1,-1
286,28,546,141,27,20,1,-1,-1,-1
286,29,498,116,14,12,1,-1,-1,-1
286,30,516,116,13,12,1,-1,-1,-1
286,31,569,115,15,14,1,-1,-1,-1
286,32,591,112,15,16,1,-1,-1,-1
286,33,608,109,29,17,1,-1,-1,-1
286,34,421,116,13,12,1,-1,-1,-1
286,35,480,116,16,12,1,-1,-1,-1
286,36,403,199,58,25,1,-1,-1,-1
286,37,609,120,54,38,1,-1,-1,-1
286,38,139,203,51,21,1,-1,-1,-1
286,39,389,213,52,20,1,-1,-1,-1
286,40,158,211,57,23,1,-1,-1,-1
286,41,44,222,60,24,1,-1,-1,-1
286,42,240,223,45,23,1,-1,-1,-1
286,43,666,199,50,21,1,-1,-1,-1
286,44,349,193,50,22,1,-1,-1,-1
286,45,538,203,52,20,1,-1,-1,-1
286,46,621,211,49,19,1,-1,-1,-1
286,47,426,220,53,24,1,-1,-1,-1
286,48,647,190,36,21,1,-1,-1,-1
286,49,747,201,50,18,1,-1,-1,-1
286,50,784,209,61,21,1,-1,-1,-1
286,51,678,220,54,22,1,-1,-1,-1
286,52,872,197,54,20,1,-1,-1,-1
286,53,935,190,54,18,1,-1,-1,-1
286,57,668,237,60,22,1,-1,-1,-1
286,58,417,236,57,26,1,-1,-1,-1
286,59,161,277,75,28,1,-1,-1,-1
286,60,623,331,51,44,1,-1,-1,-1
287,0,94,257,67,25,1,-1,-1,-1
287,1,319,274,68,27,1,-1,-1,-1
287,2,657,252,61,24,1,-1,-1,-1
287,3,343,248,51,29,1,-1,-1,-1
287,13,44,194,71,25,1,-1,-1,-1
287,14,229,119,20,12,1,-1,-1,-1
287,15,253,118,16,12,1,-1,-1,-1
287,16,272,118,17,12,1,-1,-1,-1
287,17,291,116,17,13,1,-1,-1,-1
287,18,312,116,17,13,1,-1,-1,-1
287,19,331,116,16,13,1,-1,-1,-1
287,20,351,117,15,12,1,-1,-1,-1
287,21,271,132,19,17,1,-1,-1,-1
287,22,292,132,20,13,1,-1,-1,-1
287,23,314,131,18,14,1,-1,-1,-1
287,24,338,132,17,14,1,-1,-1,-1
287,25,402,116,14,13,1,-1,-1,-1
287,26,460,131,14,14,1,-1,-1,-1
287,27,501,131,18,16,1,-1,-1,-1
287,28,546,141,27,20,1,-1,-1,-1
287,29,498,116,14,12,1,-1,-1,-1
287,30,516,116,13,12,1,-1,-1,-1
287,31,569,115,15,14,1,-1,-1,-1
287,32,591,112,15,16,1,-1,-1,-1
287,33,608,109,29,17,1,-1,-1,-1
287,34,421,116,13,12,1,-1,-1,-1
287,35,480,116,16,12,1,-1,-1,-1
287,36,400,199,58,25,1,-1,-1,-1
287,37,609,120,54,38,1,-1,-1,-1
287,38,135,203,51,21,1,-1,-1,-1
287,39,385,213,52,20,1,-1,-1,-1
287,40,155,211,57,23,1,-1,-1,-1
287,41,40,222,60,24,1,-1,-1,-1
287,42,236,223,45,23,1,-1,-1,-1
287,43,664,199,50,21,1,-1,-1,-1
287,44,345,193,50,22,1,-1,-1,-1
287,45,535,203,52,20,1,-1,-1,-1
287,46,618,211,49,19,1,-1,-1,-1
287,47,422,220,53,24,1,-1,-1,-1
287,48,644,189,36,21,1,-1,-1,-1
287,49,745,201,50,18,1,-1,-1,-1
287,50,782,209,61,21,1,-1,-1,-1
287,51,675,220,54,22,1,-1,-1,-1
287,52,870,198,54,20,1,-1,-1,-1
287,53,933,190,54,18,1,-1,-1,-1
287,57,672,237,60,22,1,-1,-1,-1
287,58,422,236,56,26,1,-1,-1,-1
287,59,164,277,75,29,1,-1,-1,-1
287,60,625,330,51,43,1,-1,-1,-1
288,0,96,257,67,25,1,-1,-1,-1
288,1,322,274,68,27,1,-1,-1,-1
288,2,661,252,61,24,1,-1,-1,-1
288,3,345,248,51,29,1,-1,-1,-1
288,13,41,194,72,25,1,-1,-1,-1
288,14,229,119,20,12,1,-1,-1,-1
288,15,253,118,16,12,1,-1,-1,-1
288,16,272,118,17,12,1,-1,-1,-1
288,17,291,116,17,13,1,-1,-1,-1
288,18,312,116,17,13,1,-1,-1,-1
288,19,331,116,16,13,1,-1,-1,-1
288,20,351,117,15,12,1,-1,-1,-1
288,21,271,132,19,17,1,-1,-1,-1
288,22,292,132,20,13,1,-1,-1,-1
288,23,314,131,18,14,1,-1,-1,-1
288,24,338,132,17,14,1,-1,-1,-1
288,25,402,116,14,13,1,-1,-1,-1
288,26,460,131,14,14,1,-1,-1,-1
288,27,501,131,18,16,1,-1,-1,-1
288,28,546,141,27,20,1,-1,-1,-1
288,29,498,116,14,12,1,-1,-1,-1
288,30,516,116,13,12,1,-1,-1,-1
288,31,569,115,15,14,1,-1,-1,-1
288,32,591,112,15,16,1,-1,-1,-1
288,33,608,109,29,17,1,-1,-1,-1
288,34,421,116,13,12,1,-1,-1,-1
288,35,480,116,16,12,1,-1,-1,-1
288,36,398,199,58,25,1,-1,-1,-1
288,37,610,120,54,38,1,-1,-1,-1
288,38,132,203,51,21,1,-1,-1,-1
288,39,382,213,52,20,1,-1,-1,-1
288,40,151,211,57,23,1,-1,-1,-1
288,41,35,222,60,24,1,-1,-1,-1
288,42,232,223,45,23,1,-1,-1,-1
288,43,662,200,50,21,1,-1,-1,-1
288,44,341,193,50,22,1,-1,-1,-1
288,45,532,203,52,19,1,-1,-1,-1
288,46,616,211,49,19,1,-1,-1,-1
288,47,419,220,53,24,1,-1,-1,-1
288,48,642,189,36,22,1,-1,-1,-1
288,49,743,201,50,19,1,-1,-1,-1
288,50,780,209,61,21,1,-1,-1,-1
288,51,671,220,54,22,1,-1,-1,-1
288,52,868,198,54,20,1,-1,-1,-1
288,53,931,190,54,18,1,-1,-1,-1
288,57,677,237,60,22,1,-1,-1,-1
288,58,427,236,56,26,1,-1,-1,-1
288,59,167,276,75,29,1,-1,-1,-1
288,60,626,329,51,42,1,-1,-1,-1
289,0,99,257,67,25,1,-1,-1,-1
289,1,324,274,68,27,1,-1,-1,-1
289,2,665,252,62,24,1,-1,-1,-1
289,3,348,248,51,29,1,-1,-1,-1
289,13,37,194,72,25,1,-1,-1,-1
289,14,229,119,20,12,1,-1,-1,-1
289,15,253,118,16,12,1,-1,-1,-1
289,16,272,118,18,12,1,-1,-1,-1
289,17,291,116,17,13,1,-1,-1,-1
289,18,312,116,17,13,1,-1,-1,-1
289,19,331,116,15,13,1,-1,-1,-1
289,20,351,117,15,12,1,-1,-1,-1
289,21,271,132,19,17,1,-1,-1,-1
289,22,292,132,20,13,1,-1,-1,-1
289,23,314,131,19,15,1,-1,-1,-1
289,24,338,132,17,14,1,-1,-1,-1
289,25,402,116,14,13,1,-1,-1,-1
289,26,460,131,14,14,1,-1,-1,-1
289,27,501,131,17,16,1,-1,-1,-1
289,28,546,141,27,21,1,-1,-1,-1
289,29,498,116,14,12,1,-1,-1,-1
289,30,516,116,13,12,1,-1,-1,-1
289,31,569,115,15,14,1,-1,-1,-1
289,32,591,112,15,16,1,-1,-1,-1
289,33,608,109,30,16,1,-1,-1,-1
289,34,421,116,13,12,1,-1,-1,-1
289,35,480,116,16,12,1,-1,-1,-1
289,36,395,199,58,25,1,-1,-1,-1
289,37,610,120,54,38,1,-1,-1,-1
289,38,128,204,51,20,1,-1,-1,-1
289,39,379,213,52,20,1,-1,-1,-1
289,40,147,211,58,24,1,-1,-1,-1
289,41,31,222,60,24,1,-1,-1,-1
289,42,228,223,45,23,1,-1,-1,-1
289,43,660,200,50,21,1,-1,-1,-1
289,44,337,193,50,22,1,-1,-1,-1
289,45,530,203,52,19,1,-1,-1,-1
289,46,613,211,49,19,1,-1,-1,-1
289,47,415,220,53,24,1,-1,-1,-1
289,48,639,189,36,22,1,-1,-1,-1
289,49,741,201,50,19,1,-1,-1,-1
289,50,778,209,60,21,1,-1,-1,-1
289,51,668,220,54,22,1,-1,-1,-1
289,52,866,198,54,20,1,-1,-1,-1
289,53,929,190,54,18,1,-1,-1,-1
289,57,681,237,60,22,1,-1,-1,-1
289,58,432,236,56,26,1,-1,-1,-1
289,59,170,276,75,29,1,-1,-1,-1
289,60,627,327,51,42,1,-1,-1,-1
290,0,101,257,67,25,1,-1,-1,-1
290,1,326,274,68,27,1,-1,-1,-1
290,2,669,252,62,24,1,-1,-1,-1
290,3,351,248,51,29,1,-1,-1,-1
290,13,34,194,72,25,1,-1,-1,-1
290,14,229,119,20,12,1,-1,-1,-1
290,15,253,118,16,12,1,-1,-1,-1
290,16,272,118,17,12,1,-1,-1,-1
290,17,291,116,17,13,1,-1,-1,-1
290,18,312,116,17,13,1,-1,-1,-1
290,19,331,116,15,13,1,-1,-1,-1
290,20,351,117,15,12,1,-1,-1,-1
290,21,271,132,19,17,1,-1,-1,-1
290,22,292,132,20,13,1,-1,-1,-1
290,23,314,131,18,15,1,-1,-1,-1
290,24,338,132,17,14,1,-1,-1,-1
290,25,402,116,14,13,1,-1,-1,-1
290,26,460,132,14,14,1,-1,-1,-1
290,27,501,131,17,16,1,-1,-1,-1
290,28,546,141,27,20,1,-1,-1,-1
290,29,498,116,14,12,1,-1,-1,-1
290,30,516,116,13,12,1,-1,-1,-1
290,31,569,115,15,14,1,-1,-1,-1
290,32,591,112,15,16,1,-1,-1,-1
290,33,608,109,30,16,1,-1,-1,-1
290,34,421,116,13,12,1,-1,-1,-1
290,35,480,116,16,12,1,-1,-1,-1
290,36,392,199,58,25,1,-1,-1,-1
290,37,611,121,53,38,1,-1,-1,-1
290,38,125,204,51,20,1,-1,-1,-1
290,39,376,213,52,20,1,-1,-1,-1
290,40,143,211,58,24,1,-1,-1,-1
290,41,26,222,61,24,1,-1,-1,-1
290,42,224,223,45,22,1,-1,-1,-1
290,43,658,200,50,21,1,-1,-1,-1
290,44,333,193,50,22,1,-1,-1,-1
290,45,527,203,52,19,1,-1,-1,-1
290,46,611,211,49,19,1,-1,-1,-1
290,47,411,220,53,24,1,-1,-1,-1
290,48,636,189,36,22,1,-1,-1,-1
290,49,739,201,50,19,1,-1,-1,-1
290,50,776,209,60,22,1,-1,-1,-1
290,51,664,220,54,22,1,-1,-1,-1
290,52,863,198,54,20,1,-1,-1,-1
290,53,927,190,54,18,1,-1,-1,-1
290,57,685,237,60,22,1,-1,-1,-1
290,58,437,236,56,26,1,-1,-1,-1
290,59,173,276,75,29,1,-1,-1,-1
290,60,629,326,52,42,1,-1,-1,-1
291,0,104,257,67,25,1,-1,-1,-1
291,1,328,274,68,26,1,-1,-1,-1
291,2,672,252,61,24,1,-1,-1,-1
291,3,353,248,51,29,1,-1,-1,-1
291,13,31,194,72,25,1,-1,-1,-1
291,14,229,119,20,12,1,-1,-1,-1
291,15,253,118,16,12,1,-1,-1,-1
291,16,272,118,17,12,1,-1,-1,-1
291,17,291,116,17,13,1,-1,-1,-1
291,18,312,116,17,13,1,-1,-1,-1
291,19,331,116,15,13,1,-1,-1,-1
291,20,351,117,15,12,1,-1,-1,-1
291,21,271,132,19,17,1,-1,-1,-1
291,22,292,133,20,13,1,-1,-1,-1
291,23,314,131,18,15,1,-1,-1,-1
291,24,338,132,17,14,1,-1,-1,-1
291,25,402,116,14,13,1,-1,-1,-1
291,26,460,132,14,14,1,-1,-1,-1
291,27,501,131,17,16,1,-1,-1,-1
291,28,547,141,27,20,1,-1,-1,-1
291,29,498,116,14,12,1,-1,-1,-1
291,30,516,116,13,12,1,-1,-1,-1
291,31,569,115,15,14,1,-1,-1,-1
291,32,591,112,15,16,1,-1,-1,-1
291,33,608,109,30,17,1,-1,-1,-1
291,34,421,116,13,12,1,-1,-1,-1
291,35,480,116,16,12,1,-1,-1,-1
291,36,390,199,58,25,1,-1,-1,-1
291,37,611,121,53,38,1,-1,-1,-1
291,38,121,204,51,20,1,-1,-1,-1
291,39,372,213,52,20,1,-1,-1,-1
291,40,139,211,58,24,1,-1,-1,-1
291,41,22,222,61,24,1,-1,-1,-1
291,42,220,223,45,22,1,-1,-1,-1
291,43,656,200,50,21,1,-1,-1,-1
291,44,329,193,50,22,1,-1,-1,-1
291,45,524,203,52,19,1,-1,-1,-1
291,46,609,211,49,19,1,-1,-1,-1
291,47,408,220,53,24,1,-1,-1,-1
291,48,633,189,36,22,1,-1,-1,-1
291,49,737,201,50,19,1,-1,-1,-1
291,50,773,209,60,22,1,-1,-1,-1
291,51,661,220,54,22,1,-1,-1,-1
291,52,861,198,54,20,1,-1,-1,-1
291,53,925,190,54,18,1,-1,-1,-1
291,54,995,201,28,18,1,-1,-1,-1
291,57,690,237,60,22,1,-1,-1,-1
291,58,442,236,56,26,1,-1,-1,-1
291,59,176,276,75,29,1,-1,-1,-1
291,60,630,325,52,41,1,-1,-1,-1
292,0,106,257,67,25,1,-1,-1,-1
292,1,330,274,68,26,1,-1,-1,-1
292,2,676,252,61,24,1,-1,-1,-1
292,3,356,248,51,29,1,-1,-1,-1
292,13,28,194,72,25,1,-1,-1,-1
292,14,229,119,20,12,1,-1,-1,-1
292,15,253,118,17,12,1,-1,-1,-1
292,16,272,118,17,12,1,-1,-1,-1
292,17,291,116,17,13,1,-1,-1,-1
292,18,312,116,17,13,1,-1,-1,-1
292,19,331,116,15,13,1,-1,-1,-1
292,20,351,117,15,12,1,-1,-1,-1
292,21,271,132,19,17,1,-1,-1,-1
292,22,292,133,20,13,1,-1,-1,-1
292,23,314,131,18,15,1,-1,-1,-1
292,24,338,132,17,14,1,-1,-1,-1
292,25,402,116,14,13,1,-1,-1,-1
292,26,460,132,14,14,1,-1,-1,-1
292,27,502,131,17,16,1,-1,-1,-1
292,28,547,141,27,20,1,-1,-1,-1
292,29,498,116,14,12,1,-1,-1,-1
292,30,516,116,13,12,1,-1,-1,-1
292,31,569,115,15,14,1,-1,-1,-1
292,32,591,112,15,16,1,-1,-1,-1
292,33,608,109,30,17,1,-1,-1,-1
292,34,421,116,13,12,1,-1,-1,-1
292,35,480,116,16,12,1,-1,-1,-1
292,36,387,199,58,25,1,-1,-1,-1
292,37,611,121,53,38,1,-1,-1,-1
292,38,117,204,51,20,1,-1,-1,-1
292,39,369,213,52,20,1,-1,-1,-1
292,40,136,211,58,24,1,-1,-1,-1
292,41,17,222,61,24,1,-1,-1,-1
292,42,216,223,45,22,1,-1,-1,-1
292,43,654,200,50,21,1,-1,-1,-1
292,44,325,193,50,22,1,-1,-1,-1
292,45,522,203,52,19,1,-1,-1,-1
292,46,606,211,49,20,1,-1,-1,-1
292,47,404,220,53,24,1,-1,-1,-1
292,48,630,190,36,21,1,-1,-1,-1
292,49,735,201,50,19,1,-1,-1,-1
292,50,771,210,60,22,1,-1,-1,-1
292,51,658,220,54,22,1,-1,-1,-1
292,52,859,198,54,20,1,-1,-1,-1
292,53,923,190,54,18,1,-1,-1,-1
292,54,992,201,31,18,1,-1,-1,-1
292,57,694,237,60,22,1,-1,-1,-1
292,58,447,236,56,26,1,-1,-1,-1
292,59,179,276,74,29,1,-1,-1,-1
292,60,631,324,52,41,1,-1,-1,-1
293,0,109,257,67,25,1,-1,-1,-1
293,1,333,274,68,26,1,-1,-1,-1
293,2,680,252,61,24,1,-1,-1,-1
293,3,359,248,51,29,1,-1,-1,-1
293,13,25,194,72,25,1,-1,-1,-1
293,14,229,119,20,12,1,-1,-1,-1
293,15,253,118,17,12,1,-1,-1,-1
293,16,272,118,17,12,1,-1,-1,-1
293,17,291,116,17,13,1,-1,-1,-1
293,18,312,116,17,13,1,-1,-1,-1
293,19,332,116,15,13,1,-1,-1,-1
293,20,351,117,15,12,1,-1,-1,-1
293,21,271,132,19,17,1,-1,-1,-1
293,22,292,133,20,13,1,-1,-1,-1
293,23,314,131,18,14,1,-1,-1,-1
293,24,338,132,17,14,1,-1,-1,-1
293,25,402,116,14,13,1,-1,-1,-1
293,26,460,132,14,14,1,-1,-1,-1
293,27,502,131,17,16,1,-1,-1,-1
293,28,547,141,27,20,1,-1,-1,-1
293,29,498,116,14,12,1,-1,-1,-1
293,30,516,116,13,12,1,-1,-1,-1
293,31,569,115,15,14,1,-1,-1,-1
293,32,591,112,15,16,1,-1,-1,-1
293,33,607,109,30,17,1,-1,-1,-1
293,34,421,116,13,12,1,-1,-1,-1
293,35,480,116,16,12,1,-1,-1,-1
293,36,384,199,58,25,1,-1,-1,-1
293,37,611,121,53,38,1,-1,-1,-1
293,38,114,204,51,20,1,-1,-1,-1
293,39,366,213,52,20,1,-1,-1,-1
293,40,132,211,58,24,1,-1,-1,-1
293,41,13,222,61,24,1,-1,-1,-1
293,42,212,223,46,22,1,-1,-1,-1
293,43,652,200,50,21,1,-1,-1,-1
293,44,321,193,50,22,1,-1,-1,-1
293,45,519,204,52,19,1,-1,-1,-1
293,46,604,211,48,20,1,-1,-1,-1
293,47,401,220,53,24,1,-1,-1,-1
293,48,627,190,36,21,1,-1,-1,-1
293,49,733,201,50,19,1,-1,-1,-1
293,50,769,210,60,22,1,-1,-1,-1
293,51,654,220,54,22,1,-1,-1,-1
293,52,857,198,54,20,1,-1,-1,-1
293,53,921,190,54,18,1,-1,-1,-1
293,54,990,201,33,18,1,-1,-1,-1
293,57,699,237,60,23,1,-1,-1,-1
293,58,452,236,56,26,1,-1,-1,-1
293,59,182,276,74,29,1,-1,-1,-1
293,60,632,324,53,41,1,-1,-1,-1
294,0,111,257,67,25,1,-1,-1,-1
294,1,335,274,68,26,1,-1,-1,-1
294,2,684,252,61,24,1,-1,-1,-1
294,3,362,248,51,29,1,-1,-1,-1
294,13,22,194,72,25,1,-1,-1,-1
294,14,229,119,20,12,1,-1,-1,-1
294,15,253,118,17,12,1,-1,-1,-1
294,16,272,118,17,12,1,-1,-1,-1
294,17,291,116,17,13,1,-1,-1,-1
294,18,312,116,17,13,1,-1,-1,-1
294,19,332,116,15,13,1,-1,-1,-1
294,20,351,117,15,12,1,-1,-1,-1
294,21,271,132,19,17,1,-1,-1,-1
294,22,292,133,20,13,1,-1,-1,-1
294,23,314,131,18,14,1,-1,-1,-1
294,24,338,132,17,14,1,-1,-1,-1
294,25,402,116,14,13,1,-1,-1,-1
294,26,460,132,14,14,1,-1,-1,-1
294,27,502,131,17,16,1,-1,-1,-1
294,28,547,141,27,20,1,-1,-1,-1
294,29,498,115,14,12,1,-1,-1,-1
294,30,516,116,13,12,1,-1,-1,-1
294,31,569,115,15,14,1,-1,-1,-1
294,32,591,113,15,16,1,-1,-1,-1
294,33,607,109,30,17,1,-1,-1,-1
294,34,421,116,13,12,1,-1,-1,-1
294,35,480,116,16,12,1,-1,-1,-1
294,36,381,199,58,25,1,-1,-1,-1
294,37,612,121,52,38,1,-1,-1,-1
294,38,110,204,51,20,1,-1,-1,-1
294,39,362,213,52,20,1,-1,-1,-1
294,40,128,211,58,24,1,-1,-1,-1
294,41,9,222,61,24,1,-1,-1,-1
294,42,208,223,46,22,1,-1,-1,-1
294,43,650,200,50,21,1,-1,-1,-1
294,44,318,193,50,22,1,-1,-1,-1
294,45,516,204,52,19,1,-1,-1,-1
294,46,601,211,48,20,1,-1,-1,-1
294,47,397,220,53,24,1,-1,-1,-1
294,48,624,190,36,21,1,-1,-1,-1
294,49,731,201,50,19,1,-1,-1,-1
294,50,767,210,60,22,1,-1,-1,-1
294,51,651,220,54,22,1,-1,-1,-1
294,52,854,198,54,20,1,-1,-1,-1
294,53,919,190,54,18,1,-1,-1,-1
294,54,988,201,35,18,1,-1,-1,-1
294,57,704,237,60,23,1,-1,-1,-1
294,58,457,236,56,26,1,-1,-1,-1
294,59,185,276,74,29,1,-1,-1,-1
294,60,634,322,53,40,1,-1,-1,-1
295,0,114,257,67,25,1,-1,-1,-1
295,1,337,274,68,26,1,-1,-1,-1
295,2,687,252,61,24,1,-1,-1,-1
295,3,365,248,51,29,1,-1,-1,-1
295,13,18,194,73,25,1,-1,-1,-1
295,14,229,119,20,12,1,-1,-1,-1
295,15,253,118,17,12,1,-1,-1,-1
295,16,272,118,17,12,1,-1,-1,-1
295,17,291,117,17,13,1,-1,-1,-1
295,18,312,116,17,13,1,-1,-1,-1
295,19,332,116,15,13,1,-1,-1,-1
295,20,351,117,15,12,1,-1,-1,-1
295,21,271,132,19,17,1,-1,-1,-1
295,22,292,133,20,13,1,-1,-1,-1
295,23,314,131,18,14,1,-1,-1,-1
295,24,338,132,17,14,1,-1,-1,-1
295,25,402,116,14,13,1,-1,-1,-1
295,26,460,132,14,14,1,-1,-1,-1
295,27,502,131,17,16,1,-1,-1,-1
295,28,547,142,27,20,1,-1,-1,-1
295,29,498,115,14,12,1,-1,-1,-1
295,30,516,116,13,12,1,-1,-1,-1
295,31,569,115,15,14,1,-1,-1,-1
295,32,591,113,15,16,1,-1,-1,-1
295,33,607,109,31,17,1,-1,-1,-1
295,34,421,116,13,12,1,-1,-1,-1
295,35,480,116,16,12,1,-1,-1,-1
295,36,379,199,58,25,1,-1,-1,-1
295,37,612,121,52,38,1,-1,-1,-1
295,38,107,204,51,20,1,-1,-1,-1
295,39,359,213,52,20,1,-1,-1,-1
295,40,124,211,58,24,1,-1,-1,-1
295,41,4,222,61,24,1,-1,-1,-1
295,42,204,223,46,22,1,-1,-1,-1
295,43,648,200,50,21,1,-1,-1,-1
295,44,314,193,50,22,1,-1,-1,-1
295,45,513,204,52,19,1,-1,-1,-1
295,46,599,211,48,20,1,-1,-1,-1
295,47,393,220,53,24,1,-1,-1,-1
295,48,621,190,36,21,1,-1,-1,-1
295,49,729,201,50,19,1,-1,-1,-1
295,50,764,210,60,22,1,-1,-1,-1
295,51,647,220,54,22,1,-1,-1,-1
295,52,852,198,53,20,1,-1,-1,-1
295,53,916,190,54,18,1,-1,-1,-1
295,54,986,201,37,18,1,-1,-1,-1
295,57,708,237,59,23,1,-1,-1,-1
295,58,462,236,56,27,1,-1,-1,-1
295,59,188,276,74,28,1,-1,-1,-1
295,60,635,322,53,40,1,-1,-1,-1
296,0,116,257,66,25,1,-1,-1,-1
296,1,339,274,68,26,1,-1,-1,-1
296,2,691,251,61,24,1,-1,-1,-1
296,3,367,248,51,29,1,-1,-1,-1
296,4,975,242,48,22,1,-1,-1,-1
296,13,15,194,73,25,1,-1,-1,-1
296,14,229,119,20,12,1,-1,-1,-1
296,15,253,118,17,12,1,-1,-1,-1
296,16,272,118,17,12,1,-1,-1,-1
296,17,291,117,17,13,1,-1,-1,-1
296,18,312,116,17,13,1,-1,-1,-1
296,19,332,116,15,13,1,-1,-1,-1
296,20,351,117,15,12,1,-1,-1,-1
296,21,271,132,19,17,1,-1,-1,-1
296,22,292,133,20,13,1,-1,-1,-1
296,23,314,131,18,14,1,-1,-1,-1
296,24,338,132,17,14,1,-1,-1,-1
296,25,402,116,14,13,1,-1,-1,-1
296,26,460,132,14,14,1,-1,-1,-1
296,27,502,131,17,16,1,-1,-1,-1
296,28,547,142,27,20,1,-1,-1,-1
296,29,498,115,14,12,1,-1,-1,-1
296,30,516,116,13,12,1,-1,-1,-1
296,31,569,115,15,14,1,-1,-1,-1
296,32,591,113,15,16,1,-1,-1,-1
296,33,607,109,31,17,1,-1,-1,-1
296,34,421,117,13,12,1,-1,-1,-1
296,35,480,116,16,12,1,-1,-1,-1
296,36,376,199,58,25,1,-1,-1,-1
296,37,612,122,52,38,1,-1,-1,-1
296,38,103,204,51,20,1,-1,-1,-1
296,39,356,213,52,20,1,-1,-1,-1
296,40,121,211,58,24,1,-1,-1,-1
296,41,0,222,61,24,1,-1,-1,-1
296,42,200,224,46,22,1,-1,-1,-1
296,43,646,200,50,21,1,-1,-1,-1
296,44,310,193,50,22,1,-1,-1,-1
296,45,511,204,52,19,1,-1,-1,-1
296,46,596,212,48,20,1,-1,-1,-1
296,47,390,221,53,24,1,-1,-1,-1
296,48,618,191,36,20,1,-1,-1,-1
296,49,727,201,50,19,1,-1,-1,-1
296,50,762,210,60,22,1,-1,-1,-1
296,51,644,220,54,22,1,-1,-1,-1
296,52,850,198,53,20,1,-1,-1,-1
296,53,914,190,54,18,1,-1,-1,-1
296,54,984,201,39,18,1,-1,-1,-1
296,57,713,237,59,23,1,-1,-1,-1
296,58,467,236,56,27,1,-1,-1,-1
296,59,192,276,74,28,1,-1,-1,-1
296,60,636,321,54,40,1,-1,-1,-1
297,0,119,257,66,25,1,-1,-1,-1
297,1,341,274,68,26,1,-1,-1,-1
297,2,695,251,61,24,1,-1,-1,-1
297,3,370,248,51,29,1,-1,-1,-1
297,4,978,242,44,22,1,-1,-1,-1
297,13,12,194,73,25,1,-1,-1,-1
297,14,229,119,20,13,1,-1,-1,-1
297,15,253,118,17,12,1,-1,-1,-1
297,16,272,118,17,12,1,-1,-1,-1
297,17,291,117,17,13,1,-1,-1,-1
297,18,312,116,17,13,1,-1,-1,-1
297,19,332,116,15,13,1,-1,-1,-1
297,20,351,117,15,12,1,-1,-1,-1
297,21,271,132,19,17,1,-1,-1,-1
297,22,293,133,20,13,1,-1,-1,-1
297,23,314,131,18,14,1,-1,-1,-1
297,24,338,132,17,14,1,-1,-1,-1
297,25,402,116,14,13,1,-1,-1,-1
297,26,460,132,14,14,1,-1,-1,-1
297,27,502,132,17,16,1,-1,-1,-1
297,28,547,142,27,20,1,-1,-1,-1
297,29,498,115,14,12,1,-1,-1,-1
297,30,516,116,13,12,1,-1,-1,-1
297,31,569,115,15,14,1,-1,-1,-1
297,32,591,113,15,16,1,-1,-1,-1
297,33,607,109,30,17,1,-1,-1,-1
297,34,422,117,13,12,1,-1,-1,-1
297,35,480,116,16,12,1,-1,-1,-1
297,36,373,199,58,25,1,-1,-1,-1
297,37,613,122,52,38,1,-1,-1,-1
297,38,100,204,51,20,1,-1,-1,-1
297,39,352,213,52,20,1,-1,-1,-1
297,40,117,211,59,24,1,-1,-1,-1
297,41,0,222,56,24,1,-1,-1,-1
297,42,196,224,46,22,1,-1,-1,-1
297,43,644,200,50,21,1,-1,-1,-1
297,44,306,193,50,22,1,-1,-1,-1
297,45,508,204,52,19,1,-1,-1,-1
297,46,594,212,48,20,1,-1,-1,-1
297,47,386,221,53,25,1,-1,-1,-1
297,48,615,191,36,21,1,-1,-1,-1
297,49,725,201,50,19,1,-1,-1,-1
297,50,759,210,60,21,1,-1,-1,-1
297,51,641,220,54,22,1,-1,-1,-1
297,52,848,198,53,20,1,-1,-1,-1
297,53,912,190,54,18,1,-1,-1,-1
297,54,982,201,41,18,1,-1,-1,-1
297,57,717,237,59,23,1,-1,-1,-1
297,58,472,236,56,27,1,-1,-1,-1
297,59,195,276,74,28,1,-1,-1,-1
297,60,638,320,54,39,1,-1,-1,-1
298,0,121,257,66,25,1,-1,-1,-1
298,1,343,274,68,26,1,-1,-1,-1
298,2,698,251,61,24,1,-1,-1,-1
298,3,373,248,51,29,1,-1,-1,-1
298,4,982,242,41,22,1,-1,-1,-1
298,13,9,194,73,25,1,-1,-1,-1
298,14,229,119,20,13,1,-1,-1,-1
298,15,253,118,17,12,1,-1,-1,-1
298,16,272,118,17,12,1,-1,-1,-1
298,17,291,117,17,13,1,-1,-1,-1
298,18,312,116,17,13,1,-1,-1,-1
298,19,332,116,15,13,1,-1,-1,-1
298,20,351,117,15,12,1,-1,-1,-1
298,21,271,132,19,17,1,-1,-1,-1
298,22,293,133,20,13,1,-1,-1,-1
298,23,314,131,18,14,1,-1,-1,-1
298,24,338,132,17,14,1,-1,-1,-1
298,25,402,116,14,13,1,-1,-1,-1
298,26,460,132,14,14,1,-1,-1,-1
298,27,502,132,17,16,1,-1,-1,-1
298,28,547,142,27,20,1,-1,-1,-1
298,29,498,115,14,12,1,-1,-1,-1
298,30,516,116,13,12,1,-1,-1,-1
298,31,569,115,15,14,1,-1,-1,-1
298,32,591,113,15,16,1,-1,-1,-1
298,33,608,109,30,17,1,-1,-1,-1
298,34,422,117,13,12,1,-1,-1,-1
298,35,480,116,16,12,1,-1,-1,-1
298,36,371,199,58,25,1,-1,-1,-1
298,37,613,122,52,38,1,-1,-1,-1
298,38,96,204,52,20,1,-1,-1,-1
298,39,349,213,52,20,1,-1,-1,-1
298,40,113,211,59,24,1,-1,-1,-1
298,41,0,222,52,24,1,-1,-1,-1
298,42,192,224,46,22,1,-1,-1,-1
298,43,642,200,50,21,1,-1,-1,-1
298,44,302,193,50,22,1,-1,-1,-1
298,45,505,204,52,19,1,-1,-1,-1
298,46,591,212,48,20,1,-1,-1,-1
298,47,382,221,53,25,1,-1,-1,-1
298,48,612,190,36,21,1,-1,-1,-1
298,49,723,201,50,19,1,-1,-1,-1
298,50,757,210,59,21,1,-1,-1,-1
298,51,637,220,54,22,1,-1,-1,-1
298,52,845,198,53,20,1,-1,-1,-1
298,53,910,190,54,18,1,-1,-1,-1
298,54,980,201,43,18,1,-1,-1,-1
298,57,722,237,59,23,1,-1,-1,-1
298,58,477,236,56,27,1,-1,-1,-1
298,59,198,276,74,28,1,-1,-1,-1
298,60,639,319,54,39,1,-1,-1,-1
299,0,124,257,66,25,1,-1,-1,-1
299,1,346,274,68,26,1,-1,-1,-1
299,2,702,251,61,24,1,-1,-1,-1
299,3,376,248,51,29,1,-1,-1,-1
299,4,985,242,37,22,1,-1,-1,-1
299,13,6,195,73,25,1,-1,-1,-1
299,14,229,119,20,13,1,-1,-1,-1
299,15,253,118,17,12,1,-1,-1,-1
299,16,272,118,17,12,1,-1,-1,-1
299,17,291,117,17,13,1,-1,-1,-1
299,18,312,116,17,13,1,-1,-1,-1
299,19,332,116,15,13,1,-1,-1,-1
299,20,351,117,15,12,1,-1,-1,-1
299,21,271,132,19,17,1,-1,-1,-1
299,22,293,133,20,13,1,-1,-1,-1
299,23,314,131,18,14,1,-1,-1,-1
299,24,338,132,17,14,1,-1,-1,-1
299,25,402,116,14,13,1,-1,-1,-1
299,26,460,132,14,14,1,-1,-1,-1
299,27,502,132,17,16,1,-1,-1,-1
299,28,547,142,27,20,1,-1,-1,-1
299,29,498,115,14,12,1,-1,-1,-1
299,30,516,116,13,12,1,-1,-1,-1
299,31,569,115,15,14,1,-1,-1,-1
299,32,591,113,15,16,1,-1,-1,-1
299,33,608,109,30,18,1,-1,-1,-1
299,34,422,117,13,12,1,-1,-1,-1
299,35,480,116,16,12,1,-1,-1,-1
299,36,368,199,58,25,1,-1,-1,-1
299,37,613,122,51,38,1,-1,-1,-1
299,38,93,204,52,20,1,-1,-1,-1
299,39,346,213,52,20,1,-1,-1,-1
299,40,109,211,59,24,1,-1,-1,-1
299,41,0,222,47,24,1,-1,-1,-1
299,42,188,224,46,22,1,-1,-1,-1
299,43,640,200,50,21,1,-1,-1,-1
299,44,298,193,50,22,1,-1,-1,-1
299,45,502,204,52,19,1,-1,-1,-1
299,46,589,212,48,20,1,-1,-1,-1
299,47,379,221,53,25,1,-1,-1,-1
299,48,609,190,36,21,1,-1,-1,-1
299,49,722,201,50,19,1,-1,-1,-1
299,50,754,210,59,21,1,-1,-1,-1
299,51,634,220,54,22,1,-1,-1,-1
299,52,843,198,53,20,1,-1,-1,-1
299,53,908,190,54,18,1,-1,-1,-1
299,54,978,200,45,18,1,-1,-1,-1
299,57,726,237,59,23,1,-1,-1,-1
299,58,482,236,56,27,1,-1,-1,-1
299,59,201,276,74,28,1,-1,-1,-1
299,60,640,318,54,39,1,-1,-1,-1
300,0,127,257,66,25,1,-1,-1,-1
300,1,348,274,68,26,1,-1,-1,-1
300,2,706,251,61,24,1,-1,-1,-1
300,3,378,248,51,29,1,-1,-1,-1
300,4,989,242,34,22,1,-1,-1,-1
300,13,3,195,73,25,1,-1,-1,-1
300,14,229,119,20,13,1,-1,-1,-1
300,15,253,118,17,12,1,-1,-1,-1
300,16,272,118,17,12,1,-1,-1,-1
300,17,291,117,17,13,1,-1,-1,-1
300,18,312,117,17,13,1,-1,-1,-1
300,19,332,116,15,13,1,-1,-1,-1
300,20,351,117,15,12,1,-1,-1,-1
300,21,271,132,19,17,1,-1,-1,-1
300,22,293,133,20,13,1,-1,-1,-1
300,23,314,132,18,14,1,-1,-1,-1
300,24,338,132,18,14,1,-1,-1,-1
300,25,402,116,14,13,1,-1,-1,-1
300,26,460,132,14,14,1,-1,-1,-1
300,27,502,132,17,16,1,-1,-1,-1
300,28,547,142,27,20,1,-1,-1,-1
300,29,498,115,14,12,1,-1,-1,-1
300,30,516,116,13,12,1,-1,-1,-1
300,31,569,116,15,14,1,-1,-1,-1
300,32,591,113,15,16,1,-1,-1,-1
300,33,608,109,30,18,1,-1,-1,-1
300,34,422,117,13,12,1,-1,-1,-1
300,35,480,116,16,12,1,-1,-1,-1
300,36,365,200,58,25,1,-1,-1,-1
300,37,614,122,51,38,1,-1,-1,-1
300,38,89,204,52,20,1,-1,-1,-1
300,39,342,213,52,20,1,-1,-1,-1
300,40,105,211,59,24,1,-1,-1,-1
300,41,0,223,43,24,1,-1,-1,-1
300,42,184,224,46,21,1,-1,-1,-1
300,43,638,200,50,21,1,-1,-1,-1
300,44,295,193,50,22,1,-1,-1,-1
300,45,500,204,52,19,1,-1,-1,-1
300,46,586,212,48,20,1,-1,-1,-1
300,47,375,221,53,25,1,-1,-1,-1
300,48,606,190,36,22,1,-1,-1,-1
300,49,720,202,50,19,1,-1,-1,-1
300,50,752,210,59,21,1,-1,-1,-1
300,51,630,220,54,22,1,-1,-1,-1
300,52,841,198,52,20,1,-1,-1,-1
300,53,906,190,54,18,1,-1,-1,-1
300,54,976,200,47,18,1,-1,-1,-1
300,55,992,207,31,22,1,-1,-1,-1
300,57,731,237,59,23,1,-1,-1,-1
300,58,487,236,56,27,1,-1,-1,-1
300,59,204,276,73,28,1,-1,-1,-1
300,60,642,317,55,38,1,-1,-1,-1
301,0,129,257,66,25,1,-1,-1,-1
301,1,350,274,68,26,1,-1,-1,-1
301,2,710,251,61,24,1,-1,-1,-1
301,3,381,248,51,29,1,-1,-1,-1
301,4,992,242,31,22,1,-1,-1,-1
301,13,0,195,73,25,1,-1,-1,-1
301,14,229,119,20,12,1,-1,-1,-1
301,15,253,119,17,12,1,-1,-1,-1
301,16,273,118,17,12,1,-1,-1,-1
301,17,291,117,17,13,1,-1,-1,-1
301,18,312,117,17,13,1,-1,-1,-1
301,19,332,116,15,13,1,-1,-1,-1
301,20,351,117,15,12,1,-1,-1,-1
301,21,271,132,19,17,1,-1,-1,-1
301,22,293,133,20,13,1,-1,-1,-1
301,23,314,132,18,14,1,-1,-1,-1
301,24,338,132,18,14,1,-1,-1,-1
301,25,402,116,14,13,1,-1,-1,-1
301,26,460,132,14,14,1,-1,-1,-1
301,27,502,132,17,16,1,-1,-1,-1
301,28,547,142,27,20,1,-1,-1,-1
301,29,498,115,14,12,1,-1,-1,-1
301,30,516,116,13,12,1,-1,-1,-1
301,31,569,116,15,14,1,-1,-1,-1
301,32,591,113,15,16,1,-1,-1,-1
301,33,608,109,30,18,1,-1,-1,-1
301,34,422,117,13,12,1,-1,-1,-1
301,35,480,116,16,12,1,-1,-1,-1
301,36,363,200,58,24,1,-1,-1,-1
301,37,614,122,51,38,1,-1,-1,-1
301,38,86,204,52,20,1,-1,-1,-1
301,39,339,213,52,20,1,-1,-1,-1
301,40,101,212,59,24,1,-1,-1,-1
301,41,0,223,38,24,1,-1,-1,-1
301,42,180,224,46,21,1,-1,-1,-1
301,43,636,200,50,21,1,-1,-1,-1
301,44,291,194,50,22,1,-1,-1,-1
301,45,497,204,52,19,1,-1,-1,-1
301,46,583,212,48,20,1,-1,-1,-1
301,47,372,221,53,25,1,-1,-1,-1
301,48,603,190,35,22,1,-1,-1,-1
301,49,718,202,50,19,1,-1,-1,-1
301,50,749,210,59,21,1,-1,-1,-1
301,51,627,220,54,22,1,-1,-1,-1
301,52,839,198,52,20,1,-1,-1,-1
301,53,904,190,54,18,1,-1,-1,-1
301,54,974,200,49,18,1,-1,-1,-1
301,55,989,208,34,22,1,-1,-1,-1
301,57,735,237,59,23,1,-1,-1,-1
301,58,492,236,56,27,1,-1,-1,-1
301,59,207,276,73,28,1,-1,-1,-1
301,60,643,316,55,38,1,-1,-1,-1
302,0,132,257,66,25,1,-1,-1,-1
302,1,352,274,68,26,1,-1,-1,-1
302,2,713,251,61,24,1,-1,-1,-1
302,3,384,248,51,29,1,-1,-1,-1
302,4,996,241,27,23,1,-1,-1,-1
302,13,0,195,70,25,1,-1,-1,-1
302,14,229,119,20,12,1,-1,-1,-1
302,15,253,119,17,12,1,-1,-1,-1
302,16,273,118,17,12,1,-1,-1,-1
302,17,291,117,17,13,1,-1,-1,-1
302,18,312,117,18,13,1,-1,-1,-1
302,19,332,116,15,13,1,-1,-1,-1
302,20,351,117,15,12,1,-1,-1,-1
302,21,271,132,19,17,1,-1,-1,-1
302,22,293,133,20,13,1,-1,-1,-1
302,23,314,132,18,14,1,-1,-1,-1
302,24,338,132,18,14,1,-1,-1,-1
302,25,402,116,14,13,1,-1,-1,-1
302,26,460,132,15,14,1,-1,-1,-1
302,27,502,132,17,16,1,-1,-1,-1
302,28,547,142,27,20,1,-1,-1,-1
302,29,498,115,14,12,1,-1,-1,-1
302,30,516,116,13,12,1,-1,-1,-1
302,31,569,116,15,14,1,-1,-1,-1
302,32,591,113,15,16,1,-1,-1,-1
302,33,608,109,30,18,1,-1,-1,-1
302,34,422,116,13,12,1,-1,-1,-1
302,35,480,116,16,12,1,-1,-1,-1
302,36,360,200,58,24,1,-1,-1,-1
302,37,614,123,51,38,1,-1,-1,-1
302,38,82,204,52,20,1,-1,-1,-1
302,39,336,213,52,20,1,-1,-1,-1
302,40,98,212,59,24,1,-1,-1,-1
302,41,0,223,34,24,1,-1,-1,-1
302,42,176,224,46,21,1,-1,-1,-1
302,43,634,200,50,21,1,-1,-1,-1
302,44,287,194,51,22,1,-1,-1,-1
302,45,494,204,52,19,1,-1,-1,-1
302,46,581,212,48,20,1,-1,-1,-1
302,47,368,221,53,25,1,-1,-1,-1
302,48,600,190,35,23,1,-1,-1,-1
302,49,716,202,50,19,1,-1,-1,-1
302,50,747,210,59,21,1,-1,-1,-1
302,51,624,220,54,22,1,-1,-1,-1
302,52,836,198,52,20,1,-1,-1,-1
302,53,902,191,54,18,1,-1,-1,-1
302,54,973,201,50,18,1,-1,-1,-1
302,55,987,208,36,22,1,-1,-1,-1
302,57,740,237,58,23,1,-1,-1,-1
302,58,497,236,55,27,1,-1,-1,-1
302,59,210,276,73,28,1,-1,-1,-1
302,60,645,315,55,38,1,-1,-1,-1
303,0,134,257,65,25,1,-1,-1,-1
303,1,354,274,68,26,1,-1,-1,-1
303,2,717,251,61,24,1,-1,-1,-1
303,3,387,248,51,29,1,-1,-1,-1
303,4,999,241,24,23,1,-1,-1,-1
303,13,0,195,67,25,1,-1,-1,-1
303,14,229,119,20,12,1,-1,-1,-1
303,15,253,119,17,12,1,-1,-1,-1
303,16,273,118,17,12,1,-1,-1,-1
303,17,291,117,17,13,1,-1,-1,-1
303,18,312,117,18,13,1,-1,-1,-1
303,19,332,116,15,13,1,-1,-1,-1
303,20,351,117,15,12,1,-1,-1,-1
303,21,271,133,19,17,1,-1,-1,-1
303,22,293,133,20,13,1,-1,-1,-1
303,23,314,132,18,14,1,-1,-1,-1
303,24,338,132,18,14,1,-1,-1,-1
303,25,402,116,14,13,1,-1,-1,-1
303,26,460,132,15,14,1,-1,-1,-1
303,27,502,132,17,16,1,-1,-1,-1
303,28,547,142,27,20,1,-1,-1,-1
303,29,498,115,14,13,1,-1,-1,-1
303,30,516,117,13,12,1,-1,-1,-1
303,31,569,116,15,14,1,-1,-1,-1
303,32,591,113,15,16,1,-1,-1,-1
303,33,608,109,30,18,1,-1,-1,-1
303,34,422,116,13,12,1,-1,-1,-1
303,35,480,116,16,12,1,-1,-1,-1
303,36,357,200,58,24,1,-1,-1,-1
303,37,615,123,50,38,1,-1,-1,-1
303,38,79,204,52,20,1,-1,-1,-1
303,39,332,213,52,20,1,-1,-1,-1
303,40,94,212,59,24,1,-1,-1,-1
303,41,0,223,29,24,1,-1,-1,-1
303,42,172,224,46,21,1,-1,-1,-1
303,43,632,200,50,21,1,-1,-1,-1
303,44,283,194,51,21,1,-1,-1,-1
303,45,491,204,52,19,1,-1,-1,-1
303,46,578,212,48,20,1,-1,-1,-1
303,47,364,221,53,25,1,-1,-1,-1
303,48,597,190,36,22,1,-1,-1,-1
303,49,714,202,50,19,1,-1,-1,-1
303,50,744,210,59,21,1,-1,-1,-1
303,51,620,221,54,22,1,-1,-1,-1
303,52,834,198,52,20,1,-1,-1,-1
303,53,900,191,54,18,1,-1,-1,-1
303,54,971,201,52,18,1,-1,-1,-1
303,55,985,208,38,21,1,-1,-1,-1
303,57,744,237,58,23,1,-1,-1,-1
303,58,502,236,55,27,1,-1,-1,-1
303,59,213,276,73,28,1,-1,-1,-1
303,60,646,314,56,38,1,-1,-1,-1
304,0,137,257,65,25,1,-1,-1,-1
304,1,357,274,68,26,1,-1,-1,-1
304,2,721,251,61,24,1,-1,-1,-1
304,3,390,248,51,29,1,-1,-1,-1
304,4,1002,241,21,23,1,-1,-1,-1
304,13,0,195,64,25,1,-1,-1,-1
304,14,229,119,20,12,1,-1,-1,-1
304,15,253,119,17,12,1,-1,-1,-1
304,16,273,118,17,12,1,-1,-1,-1
304,17,291,117,18,13,1,-1,-1,-1
304,18,312,117,18,13,1,-1,-1,-1
304,19,332,116,15,13,1,-1,-1,-1
304,20,351,117,15,12,1,-1,-1,-1
304,21,271,133,19,17,1,-1,-1,-1
304,22,293,133,20,13,1,-1,-1,-1
304,23,315,132,18,14,1,-1,-1,-1
304,24,338,132,18,14,1,-1,-1,-1
304,25,402,117,14,13,1,-1,-1,-1
304,26,460,132,15,14,1,-1,-1,-1
304,27,502,132,17,16,1,-1,-1,-1
304,28,547,142,27,19,1,-1,-1,-1
304,29,498,115,14,13,1,-1,-1,-1
304,30,516,117,13,12,1,-1,-1,-1
304,31,569,116,15,14,1,-1,-1,-1
304,32,591,113,15,16,1,-1,-1,-1
304,33,608,109,30,18,1,-1,-1,-1
304,34,422,116,13,12,1,-1,-1,-1
304,35,480,116,15,12,1,-1,-1,-1
304,36,354,200,59,24,1,-1,-1,-1
304,37,615,123,50,38,1,-1,-1,-1
304,38,75,204,52,20,1,-1,-1,-1
304,39,329,213,52,20,1,-1,-1,-1
304,40,90,212,59,23,1,-1,-1,-1
304,42,167,224,46,22,1,-1,-1,-1
304,43,630,200,50,21,1,-1,-1,-1
304,44,279,194,51,21,1,-1,-1,-1
304,45,489,204,53,19,1,-1,-1,-1
304,46,576,212,49,20,1,-1,-1,-1
304,47,361,221,53,25,1,-1,-1,-1
304,48,594,190,36,22,1,-1,-1,-1
304,49,712,202,50,19,1,-1,-1,-1
304,50,741,210,59,21,1,-1,-1,-1
304,51,616,221,54,22,1,-1,-1,-1
304,52,832,198,52,20,1,-1,-1,-1
304,53,898,191,54,18,1,-1,-1,-1
304,54,969,201,53,18,1,-1,-1,-1
304,55,983,208,40,21,1,-1,-1,-1
304,57,749,237,58,23,1,-1,-1,-1
304,58,507,236,55,27,1,-1,-1,-1
304,59,216,275,73,28,1,-1,-1,-1
304,60,648,313,56,37,1,-1,-1,-1
305,0,140,258,65,25,1,-1,-1,-1
305,1,359,274,68,26,1,-1,-1,-1
305,2,725,251,61,24,1,-1,-1,-1
305,3,393,248,51,29,1,-1,-1,-1
305,13,0,196,61,25,1,-1,-1,-1
305,14,229,119,20,12,1,-1,-1,-1
305,15,253,119,17,12,1,-1,-1,-1
305,16,273,118,17,12,1,-1,-1,-1
305,17,291,117,18,13,1,-1,-1,-1
305,18,312,117,18,13,1,-1,-1,-1
305,19,332,116,15,13,1,-1,-1,-1
305,20,351,117,15,12,1,-1,-1,-1
305,21,271,133,19,17,1,-1,-1,-1
305,22,293,133,19,13,1,-1,-1,-1
305,23,315,132,18,14,1,-1,-1,-1
305,24,338,132,18,14,1,-1,-1,-1
305,25,402,117,14,13,1,-1,-1,-1
305,26,460,132,15,14,1,-1,-1,-1
305,27,502,132,17,16,1,-1,-1,-1
305,28,547,142,27,19,1,-1,-1,-1
305,29,498,115,14,13,1,-1,-1,-1
305,30,516,117,13,12,1,-1,-1,-1
305,31,570,116,15,14,1,-1,-1,-1
305,32,591,113,15,16,1,-1,-1,-1
305,33,608,110,30,18,1,-1,-1,-1
305,34,422,116,13,12,1,-1,-1,-1
305,35,480,116,15,12,1,-1,-1,-1
305,36,352,200,59,24,1,-1,-1,-1
305,37,615,123,50,38,1,-1,-1,-1
305,38,72,204,52,20,1,-1,-1,-1
305,39,325,213,53,20,1,-1,-1,-1
305,40,86,212,59,23,1,-1,-1,-1
305,42,163,224,46,22,1,-1,-1,-1
305,43,627,200,50,21,1,-1,-1,-1
305,44,275,194,51,21,1,-1,-1,-1
305,45,486,204,53,19,1,-1,-1,-1
305,46,573,212,49,20,1,-1,-1,-1
305,47,357,221,53,25,1,-1,-1,-1
305,48,591,191,36,22,1,-1,-1,-1
305,49,710,202,50,19,1,-1,-1,-1
305,50,739,210,59,21,1,-1,-1,-1
305,51,613,221,54,22,1,-1,-1,-1
305,52,830,198,52,21,1,-1,-1,-1
305,53,896,191,54,18,1,-1,-1,-1
305,54,967,200,54,18,1,-1,-1,-1
305,55,981,208,42,21,1,-1,-1,-1
305,57,753,237,58,23,1,-1,-1,-1
305,58,512,236,55,27,1,-1,-1,-1
305,59,219,275,73,28,1,-1,-1,-1
305,60,649,312,56,37,1,-1,-1,-1
306,0,142,258,65,25,1,-1,-1,-1
306,1,361,274,68,26,1,-1,-1,-1
306,2,728,251,61,24,1,-1,-1,-1
306,3,395,248,50,29,1,-1,-1,-1
306,13,0,196,58,25,1,-1,-1,-1
306,14,229,119,20,12,1,-1,-1,-1
306,15,253,119,17,12,1,-1,-1,-1
306,16,273,118,16,12,1,-1,-1,-1
306,17,291,117,18,13,1,-1,-1,-1
306,18,312,117,18,13,1,-1,-1,-1
306,19,332,116,15,13,1,-1,-1,-1
306,20,351,117,15,12,1,-1,-1,-1
306,21,271,133,19,17,1,-1,-1,-1
306,22,293,133,19,13,1,-1,-1,-1
306,23,315,132,18,14,1,-1,-1,-1
306,24,338,132,18,14,1,-1,-1,-1
306,25,402,117,14,12,1,-1,-1,-1
306,26,460,132,15,14,1,-1,-1,-1
306,27,502,132,17,15,1,-1,-1,-1
306,28,548,142,27,19,1,-1,-1,-1
306,29,498,115,14,12,1,-1,-1,-1
306,30,516,117,13,12,1,-1,-1,-1
306,31,570,116,15,14,1,-1,-1,-1
306,32,591,113,15,16,1,-1,-1,-1
306,33,608,110,30,18,1,-1,-1,-1
306,34,422,116,13,12,1,-1,-1,-1
306,35,481,116,15,12,1,-1,-1,-1
306,36,349,200,59,24,1,-1,-1,-1
306,37,615,123,50,38,1,-1,-1,-1
306,38,68,204,52,20,1,-1,-1,-1
306,39,322,213,53,20,1,-1,-1,-1
306,40,82,212,59,23,1,-1,-1,-1
306,42,159,224,46,22,1,-1,-1,-1
306,43,625,200,50,21,1,-1,-1,-1
306,44,271,194,51,21,1,-1,-1,-1
306,45,483,204,53,19,1,-1,-1,-1
306,46,571,212,49,20,1,-1,-1,-1
306,47,353,221,53,25,1,-1,-1,-1
306,48,587,191,36,21,1,-1,-1,-1
306,49,709,202,50,20,1,-1,-1,-1
306,50,736,210,59,21,1,-1,-1,-1
306,51,609,221,54,22,1,-1,-1,-1
306,52,827,198,51,21,1,-1,-1,-1
306,53,894,191,54,18,1,-1,-1,-1
306,54,965,200,55,18,1,-1,-1,-1
306,55,978,208,45,21,1,-1,-1,-1
306,57,758,237,58,23,1,-1,-1,-1
306,58,517,236,55,26,1,-1,-1,-1
306,59,222,275,73,28,1,-1,-1,-1
306,60,651,311,57,37,1,-1,-1,-1
307,0,145,258,65,25,1,-1,-1,-1
307,1,363,274,68,26,1,-1,-1,-1
307,2,732,251,61,24,1,-1,-1,-1
307,3,398,248,50,29,1,-1,-1,-1
307,13,0,196,54,25,1,-1,-1,-1
307,14,229,119,20,12,1,-1,-1,-1
307,15,253,119,17,12,1,-1,-1,-1
307,16,273,118,16,12,1,-1,-1,-1
307,17,291,117,18,13,1,-1,-1,-1
307,18,312,117,18,13,1,-1,-1,-1
307,19,332,116,15,13,1,-1,-1,-1
307,20,351,117,15,12,1,-1,-1,-1
307,21,270,133,19,17,1,-1,-1,-1
307,22,293,133,19,13,1,-1,-1,-1
307,23,315,132,17,14,1,-1,-1,-1
307,24,338,132,18,14,1,-1,-1,-1
307,25,402,117,14,12,1,-1,-1,-1
307,26,460,132,15,14,1,-1,-1,-1
307,27,502,132,17,15,1,-1,-1,-1
307,28,548,143,27,19,1,-1,-1,-1
307,29,498,115,14,12,1,-1,-1,-1
307,30,516,117,13,12,1,-1,-1,-1
307,31,570,116,15,14,1,-1,-1,-1
307,32,591,113,15,16,1,-1,-1,-1
307,33,608,110,30,18,1,-1,-1,-1
307,34,422,116,13,12,1,-1,-1,-1
307,35,481,116,15,12,1,-1,-1,-1
307,36,346,200,59,24,1,-1,-1,-1
307,37,616,124,50,37,1,-1,-1,-1
307,38,65,204,52,20,1,-1,-1,-1
307,39,318,213,53,20,1,-1,-1,-1
307,40,78,212,59,23,1,-1,-1,-1
307,42,155,224,46,22,1,-1,-1,-1
307,43,623,201,50,21,1,-1,-1,-1
307,44,268,194,51,21,1,-1,-1,-1
307,45,480,205,53,19,1,-1,-1,-1
307,46,568,212,49,20,1,-1,-1,-1
307,47,350,221,53,24,1,-1,-1,-1
307,48,584,191,36,21,1,-1,-1,-1
307,49,707,202,50,20,1,-1,-1,-1
307,50,734,211,59,21,1,-1,-1,-1
307,51,606,221,54,22,1,-1,-1,-1
307,52,825,198,51,21,1,-1,-1,-1
307,53,892,191,53,18,1,-1,-1,-1
307,54,963,200,55,18,1,-1,-1,-1
307,55,976,208,47,21,1,-1,-1,-1
307,57,762,237,58,23,1,-1,-1,-1
307,58,522,236,55,26,1,-1,-1,-1
307,59,225,275,73,28,1,-1,-1,-1
307,60,652,310,57,37,1,-1,-1,-1
308,0,148,258,65,25,1,-1,-1,-1
308,1,366,274,68,26,1,-1,-1,-1
308,2,736,251,61,24,1,-1,-1,-1
308,3,401,248,50,29,1,-1,-1,-1
308,13,0,196,51,24,1,-1,-1,-1
308,14,229,119,20,12,1,-1,-1,-1
308,15,253,119,17,12,1,-1,-1,-1
308,16,273,118,16,12,1,-1,-1,-1
308,17,291,117,18,13,1,-1,-1,-1
308,18,312,117,18,13,1,-1,-1,-1
308,19,332,116,15,13,1,-1,-1,-1
308,20,351,117,15,12,1,-1,-1,-1
308,21,271,133,19,17,1,-1,-1,-1
308,22,293,133,19,13,1,-1,-1,-1
308,23,315,132,17,14,1,-1,-1,-1
308,24,338,132,18,14,1,-1,-1,-1
308,25,402,117,14,13,1,-1,-1,-1
308,26,460,132,15,14,1,-1,-1,-1
308,27,502,132,17,15,1,-1,-1,-1
308,28,547,143,27,19,1,-1,-1,-1
308,29,498,115,14,12,1,-1,-1,-1
308,30,516,117,13,12,1,-1,-1,-1
308,31,570,116,15,14,1,-1,-1,-1
308,32,591,113,15,16,1,-1,-1,-1
308,33,608,110,30,19,1,-1,-1,-1
308,34,422,116,13,12,1,-1,-1,-1
308,35,481,116,15,12,1,-1,-1,-1
308,36,343,200,59,24,1,-1,-1,-1
308,37,616,124,50,38,1,-1,-1,-1
308,38,61,204,52,20,1,-1,-1,-1
308,39,315,213,53,20,1,-1,-1,-1
308,40,74,212,59,23,1,-1,-1,-1
308,42,151,224,47,22,1,-1,-1,-1
308,43,621,201,50,21,1,-1,-1,-1
308,44,264,194,51,21,1,-1,-1,-1
308,45,478,205,53,19,1,-1,-1,-1
308,46,565,212,49,20,1,-1,-1,-1
308,47,346,222,53,24,1,-1,-1,-1
308,48,581,191,36,21,1,-1,-1,-1
308,49,705,202,50,20,1,-1,-1,-1
308,50,731,211,59,21,1,-1,-1,-1
308,51,602,221,54,22,1,-1,-1,-1
308,52,823,198,51,21,1,-1,-1,-1
308,53,889,191,53,18,1,-1,-1,-1
308,54,960,201,55,18,1,-1,-1,-1
308,55,974,208,49,21,1,-1,-1,-1
308,57,767,237,58,23,1,-1,-1,-1
308,58,527,236,55,26,1,-1,-1,-1
308,59,228,275,72,28,1,-1,-1,-1
308,60,654,309,57,37,1,-1,-1,-1
309,0,150,258,65,25,1,-1,-1,-1
309,1,368,274,68,26,1,-1,-1,-1
309,2,740,251,61,24,1,-1,-1,-1
309,3,404,248,50,29,1,-1,-1,-1
309,13,0,196,48,24,1,-1,-1,-1
309,14,229,119,20,12,1,-1,-1,-1
309,15,253,119,17,12,1,-1,-1,-1
309,16,273,118,16,12,1,-1,-1,-1
309,17,291,117,18,13,1,-1,-1,-1
309,18,312,117,18,13,1,-1,-1,-1
309,19,332,116,15,13,1,-1,-1,-1
309,20,351,117,15,12,1,-1,-1,-1
309,21,271,133,19,17,1,-1,-1,-1
309,22,293,133,19,13,1,-1,-1,-1
309,23,315,132,18,14,1,-1,-1,-1
309,24,338,132,18,14,1,-1,-1,-1
309,25,402,117,14,13,1,-1,-1,-1
309,26,460,132,15,14,1,-1,-1,-1
309,27,502,132,17,15,1,-1,-1,-1
309,28,547,143,27,19,1,-1,-1,-1
309,29,498,116,14,12,1,-1,-1,-1
309,30,516,117,13,12,1,-1,-1,-1
309,31,570,116,15,14,1,-1,-1,-1
309,32,591,113,15,16,1,-1,-1,-1
309,33,608,110,29,19,1,-1,-1,-1
309,34,422,116,13,13,1,-1,-1,-1
309,35,481,116,15,12,1,-1,-1,-1
309,36,341,200,59,24,1,-1,-1,-1
309,37,616,124,49,38,1,-1,-1,-1
309,38,58,204,52,20,1,-1,-1,-1
309,39,311,213,53,20,1,-1,-1,-1
309,40,70,213,60,23,1,-1,-1,-1
309,42,146,224,47,22,1,-1,-1,-1
309,43,619,201,50,21,1,-1,-1,-1
309,44,260,194,51,21,1,-1,-1,-1
309,45,475,205,53,19,1,-1,-1,-1
309,46,563,213,49,20,1,-1,-1,-1
309,47,342,222,53,24,1,-1,-1,-1
309,48,578,191,36,21,1,-1,-1,-1
309,49,703,202,51,20,1,-1,-1,-1
309,50,729,211,59,21,1,-1,-1,-1
309,51,599,221,54,22,1,-1,-1,-1
309,52,820,198,51,21,1,-1,-1,-1
309,53,887,191,53,18,1,-1,-1,-1
309,54,958,201,54,19,1,-1,-1,-1
309,55,972,208,51,22,1,-1,-1,-1
309,57,771,237,58,23,1,-1,-1,-1
309,58,532,236,55,26,1,-1,-1,-1
309,59,231,275,72,28,1,-1,-1,-1
309,60,655,308,57,36,1,-1,-1,-1
310,0,153,258,64,25,1,-1,-1,-1
310,1,370,274,68,26,1,-1,-1,-1
310,2,744,251,61,24,1,-1,-1,-1
310,3,407,248,50,29,1,-1,-1,-1
310,13,0,197,45,24,1,-1,-1,-1
310,14,229,119,20,12,1,-1,-1,-1
310,15,253,119,17,12,1,-1,-1,-1
310,16,273,118,16,12,1,-1,-1,-1
310,17,291,117,17,13,1,-1,-1,-1
310,18,312,117,17,13,1,-1,-1,-1
310,19,332,116,15,13,1,-1,-1,-1
310,20,351,117,15,12,1,-1,-1,-1
310,21,271,133,19,17,1,-1,-1,-1
310,22,293,134,19,13,1,-1,-1,-1
310,23,315,132,18,14,1,-1,-1,-1
310,24,338,132,18,14,1,-1,-1,-1
310,25,402,117,14,13,1,-1,-1,-1
310,26,460,132,15,14,1,-1,-1,-1
310,27,502,132,17,15,1,-1,-1,-1
310,28,547,143,27,19,1,-1,-1,-1
310,29,498,116,14,12,1,-1,-1,-1
310,30,516,117,13,12,1,-1,-1,-1
310,31,570,116,15,14,1,-1,-1,-1
310,32,591,113,15,16,1,-1,-1,-1
310,33,608,110,29,20,1,-1,-1,-1
310,34,422,116,14,13,1,-1,-1,-1
310,35,481,116,15,12,1,-1,-1,-1
310,36,338,200,59,24,1,-1,-1,-1
310,37,616,124,49,38,1,-1,-1,-1
310,38,54,204,52,20,1,-1,-1,-1
310,39,308,213,53,20,1,-1,-1,-1
310,40,66,213,60,23,1,-1,-1,-1
310,42,142,224,47,22,1,-1,-1,-1
310,43,617,201,50,21,1,-1,-1,-1
310,44,256,194,51,21,1,-1,-1,-1
310,45,472,205,53,19,1,-1,-1,-1
310,46,560,213,49,20,1,-1,-1,-1
310,47,338,222,53,24,1,-1,-1,-1
310,48,575,191,36,21,1,-1,-1,-1
310,49,701,202,51,20,1,-1,-1,-1
310,50,726,211,59,21,1,-1,-1,-1
310,51,595,221,54,22,1,-1,-1,-1
310,52,818,198,51,21,1,-1,-1,-1
310,53,885,191,53,18,1,-1,-1,-1
310,54,956,201,54,19,1,-1,-1,-1
310,55,969,208,54,22,1,-1,-1,-1
310,57,776,237,59,23,1,-1,-1,-1
310,58,538,236,55,26,1,-1,-1,-1
310,59,234,275,72,28,1,-1,-1,-1
310,60,657,308,58,36,1,-1,-1,-1
311,0,155,258,64,24,1,-1,-1,-1
311,1,373,274,68,26,1,-1,-1,-1
311,2,748,251,60,24,1,-1,-1,-1
311,3,411,248,50,29,1,-1,-1,-1
311,13,0,197,42,24,1,-1,-1,-1
311,14,229,119,20,12,1,-1,-1,-1
311,15,253,119,17,12,1,-1,-1,-1
311,16,273,118,16,12,1,-1,-1,-1
311,17,291,117,17,13,1,-1,-1,-1
311,18,312,117,17,13,1,-1,-1,-1
311,19,332,116,15,13,1,-1,-1,-1
311,20,351,117,15,12,1,-1,-1,-1
311,21,271,133,19,17,1,-1,-1,-1
311,22,293,134,19,13,1,-1,-1,-1
311,23,315,132,18,14,1,-1,-1,-1
311,24,338,132,18,14,1,-1,-1,-1
311,25,402,117,14,13,1,-1,-1,-1
311,26,460,132,15,14,1,-1,-1,-1
311,27,502,132,17,15,1,-1,-1,-1
311,28,547,143,27,19,1,-1,-1,-1
311,29,498,116,14,12,1,-1,-1,-1
311,30,516,117,13,12,1,-1,-1,-1
311,31,570,116,15,14,1,-1,-1,-1
311,32,591,113,15,16,1,-1,-1,-1
311,33,608,110,29,20,1,-1,-1,-1
311,34,422,116,14,13,1,-1,-1,-1
311,35,481,116,15,12,1,-1,-1,-1
311,36,335,200,59,24,1,-1,-1,-1
311,37,617,124,49,38,1,-1,-1,-1
311,38,51,204,52,20,1,-1,-1,-1
311,39,304,213,53,20,1,-1,-1,-1
311,40,62,213,60,23,1,-1,-1,-1
311,42,138,224,47,22,1,-1,-1,-1
311,43,615,201,50,21,1,-1,-1,-1
311,44,252,194,51,21,1,-1,-1,-1
311,45,469,205,53,19,1,-1,-1,-1
311,46,558,213,49,20,1,-1,-1,-1
311,47,335,222,53,24,1,-1,-1,-1
311,48,572,191,36,21,1,-1,-1,-1
311,49,699,202,51,20,1,-1,-1,-1
311,50,724,211,59,21,1,-1,-1,-1
311,51,592,221,54,22,1,-1,-1,-1
311,52,816,198,51,21,1,-1,-1,-1
311,53,883,191,53,18,1,-1,-1,-1
311,54,954,201,53,19,1,-1,-1,-1
311,55,967,207,56,22,1,-1,-1,-1
311,57,781,237,59,23,1,-1,-1,-1
311,58,543,236,55,26,1,-1,-1,-1
311,59,237,275,72,28,1,-1,-1,-1
311,60,659,307,58,36,1,-1,-1,-1
312,0,158,258,64,24,1,-1,-1,-1
312,1,375,274,68,26,1,-1,-1,-1
312,2,752,251,60,24,1,-1,-1,-1
312,3,414,248,50,29,1,-1,-1,-1
312,13,0,197,39,24,1,-1,-1,-1
312,14,229,119,20,12,1,-1,-1,-1
312,15,253,119,17,12,1,-1,-1,-1
312,16,273,118,16,12,1,-1,-1,-1
312,17,291,117,17,13,1,-1,-1,-1
312,18,312,117,17,13,1,-1,-1,-1
312,19,332,116,15,13,1,-1,-1,-1
312,20,351,117,15,12,1,-1,-1,-1
312,21,271,133,19,17,1,-1,-1,-1
312,22,293,134,19,13,1,-1,-1,-1
312,23,315,132,18,14,1,-1,-1,-1
312,24,338,132,18,14,1,-1,-1,-1
312,25,402,116,14,13,1,-1,-1,-1
312,26,460,132,15,14,1,-1,-1,-1
312,27,502,132,17,15,1,-1,-1,-1
312,28,547,143,27,19,1,-1,-1,-1
312,29,498,116,14,12,1,-1,-1,-1
312,30,516,117,14,12,1,-1,-1,-1
312,31,570,116,15,14,1,-1,-1,-1
312,32,591,113,15,16,1,-1,-1,-1
312,33,608,110,29,21,1,-1,-1,-1
312,34,422,116,14,13,1,-1,-1,-1
312,35,481,116,15,12,1,-1,-1,-1
312,36,332,200,59,24,1,-1,-1,-1
312,37,617,124,49,38,1,-1,-1,-1
312,38,47,204,52,21,1,-1,-1,-1
312,39,301,213,53,20,1,-1,-1,-1
312,40,59,213,60,23,1,-1,-1,-1
312,42,134,224,47,22,1,-1,-1,-1
312,43,613,201,50,21,1,-1,-1,-1
312,44,248,195,51,21,1,-1,-1,-1
312,45,466,205,53,19,1,-1,-1,-1
312,46,555,213,49,20,1,-1,-1,-1
312,47,331,222,53,24,1,-1,-1,-1
312,48,569,191,36,21,1,-1,-1,-1
312,49,697,202,51,20,1,-1,-1,-1
312,50,721,211,59,21,1,-1,-1,-1
312,51,588,221,53,22,1,-1,-1,-1
312,52,813,198,51,21,1,-1,-1,-1
312,53,881,191,53,18,1,-1,-1,-1
312,54,952,201,54,19,1,-1,-1,-1
312,55,966,208,56,21,1,-1,-1,-1
312,57,785,237,59,23,1,-1,-1,-1
312,58,548,236,55,26,1,-1,-1,-1
312,59,240,275,72,28,1,-1,-1,-1
312,60,660,306,58,36,1,-1,-1,-1
313,0,161,258,64,24,1,-1,-1,-1
313,1,378,274,68,26,1,-1,-1,-1
313,2,756,251,60,24,1,-1,-1,-1
313,3,417,248,50,29,1,-1,-1,-1
313,13,0,198,35,23,1,-1,-1,-1
313,14,229,119,20,12,1,-1,-1,-1
313,15,253,119,17,12,1,-1,-1,-1
313,16,273,118,16,12,1,-1,-1,-1
313,17,291,117,17,13,1,-1,-1,-1
313,18,312,117,17,12,1,-1,-1,-1
313,19,332,116,15,13,1,-1,-1,-1
313,20,351,117,15,12,1,-1,-1,-1
313,21,271,133,19,17,1,-1,-1,-1
313,22,293,134,20,13,1,-1,-1,-1
313,23,315,132,18,14,1,-1,-1,-1
313,24,338,132,17,14,1,-1,-1,-1
313,25,402,116,14,13,1,-1,-1,-1
313,26,460,132,15,14,1,-1,-1,-1
313,27,502,132,16,15,1,-1,-1,-1
313,28,547,143,27,19,1,-1,-1,-1
313,29,498,116,14,12,1,-1,-1,-1
313,30,516,117,14,12,1,-1,-1,-1
313,31,570,116,15,14,1,-1,-1,-1
313,32,591,113,15,17,1,-1,-1,-1
313,33,608,110,29,21,1,-1,-1,-1
313,34,422,116,14,13,1,-1,-1,-1
313,35,481,116,15,12,1,-1,-1,-1
313,36,329,200,59,24,1,-1,-1,-1
313,37,617,124,49,38,1,-1,-1,-1
313,38,44,204,52,21,1,-1,-1,-1
313,39,297,214,53,20,1,-1,-1,-1
313,40,55,213,60,23,1,-1,-1,-1
313,42,130,224,47,22,1,-1,-1,-1
313,43,610,201,50,21,1,-1,-1,-1
313,44,244,195,51,21,1,-1,-1,-1
313,45,463,205,53,19,1,-1,-1,-1
313,46,552,213,49,20,1,-1,-1,-1
313,47,327,222,53,24,1,-1,-1,-1
313,48,566,191,36,21,1,-1,-1,-1
313,49,695,202,51,20,1,-1,-1,-1
313,50,718,211,59,21,1,-1,-1,-1
313,51,585,221,53,22,1,-1,-1,-1
313,52,811,198,51,21,1,-1,-1,-1
313,53,878,191,53,18,1,-1,-1,-1
313,54,949,201,54,19,1,-1,-1,-1
313,55,963,209,56,21,1,-1,-1,-1
313,57,790,237,60,23,1,-1,-1,-1
313,58,553,236,55,26,1,-1,-1,-1
313,59,244,276,72,28,1,-1,-1,-1
313,60,662,305,58,36,1,-1,-1,-1
314,0,163,258,64,24,1,-1,-1,-1
314,1,380,274,68,26,1,-1,-1,-1
314,2,759,251,60,24,1,-1,-1,-1
314,3,420,248,50,30,1,-1,-1,-1
314,13,0,198,32,23,1,-1,-1,-1
314,14,229,119,20,12,1,-1,-1,-1
314,15,253,119,17,12,1,-1,-1,-1
314,16,273,118,16,12,1,-1,-1,-1
314,17,291,117,17,13,1,-1,-1,-1
314,18,312,117,17,12,1,-1,-1,-1
314,19,332,117,15,13,1,-1,-1,-1
314,20,351,117,15,12,1,-1,-1,-1
314,21,271,133,19,17,1,-1,-1,-1
314,22,293,134,20,13,1,-1,-1,-1
314,23,315,132,18,14,1,-1,-1,-1
314,24,338,132,17,14,1,-1,-1,-1
314,25,402,116,14,13,1,-1,-1,-1
314,26,460,132,14,14,1,-1,-1,-1
314,27,502,132,16,15,1,-1,-1,-1
314,28,547,143,27,19,1,-1,-1,-1
314,29,498,116,14,12,1,-1,-1,-1
314,30,516,117,14,12,1,-1,-1,-1
314,31,570,116,14,14,1,-1,-1,-1
314,32,591,113,15,17,1,-1,-1,-1
314,33,608,110,29,22,1,-1,-1,-1
314,34,422,116,14,13,1,-1,-1,-1
314,35,481,116,15,12,1,-1,-1,-1
314,36,326,200,59,24,1,-1,-1,-1
314,37,617,125,49,38,1,-1,-1,-1
314,38,41,204,52,21,1,-1,-1,-1
314,39,294,214,53,20,1,-1,-1,-1
314,40,51,213,60,23,1,-1,-1,-1
314,42,125,224,47,22,1,-1,-1,-1
314,43,608,201,50,21,1,-1,-1,-1
314,44,241,195,51,22,1,-1,-1,-1
314,45,460,205,53,19,1,-1,-1,-1
314,46,550,213,49,20,1,-1,-1,-1
314,47,323,222,53,24,1,-1,-1,-1
314,48,562,191,36,21,1,-1,-1,-1
314,49,694,202,51,20,1,-1,-1,-1
314,50,716,211,59,21,1,-1,-1,-1
314,51,581,221,53,22,1,-1,-1,-1
314,52,809,199,51,21,1,-1,-1,-1
314,53,876,191,53,18,1,-1,-1,-1
314,54,947,201,54,19,1,-1,-1,-1
314,55,961,209,56,21,1,-1,-1,-1
314,57,795,237,60,23,1,-1,-1,-1
314,58,558,236,55,25,1,-1,-1,-1
314,59,246,276,72,28,1,-1,-1,-1
314,60,664,305,58,36,1,-1,-1,-1
315,0,166,258,64,24,1,-1,-1,-1
315,1,383,274,68,26,1,-1,-1,-1
315,2,763,251,60,25,1,-1,-1,-1
315,3,423,248,50,30,1,-1,-1,-1
315,13,0,198,29,22,1,-1,-1,-1
315,14,229,119,20,12,1,-1,-1,-1
315,15,253,119,17,12,1,-1,-1,-1
315,16,273,118,16,12,1,-1,-1,-1
315,17,291,117,17,13,1,-1,-1,-1
315,18,312,117,17,12,1,-1,-1,-1
315,19,332,117,15,13,1,-1,-1,-1
315,20,351,117,15,12,1,-1,-1,-1
315,21,271,133,19,17,1,-1,-1,-1
315,22,293,134,20,13,1,-1,-1,-1
315,23,314,132,18,14,1,-1,-1,-1
315,24,338,132,17,14,1,-1,-1,-1
315,25,402,116,14,13,1,-1,-1,-1
315,26,460,132,14,14,1,-1,-1,-1
315,27,502,132,16,15,1,-1,-1,-1
315,28,547,143,28,19,1,-1,-1,-1
315,29,498,116,14,12,1,-1,-1,-1
315,30,516,117,14,12,1,-1,-1,-1
315,31,570,116,14,14,1,-1,-1,-1
315,32,591,113,15,17,1,-1,-1,-1
315,33,608,110,29,22,1,-1,-1,-1
315,34,422,116,14,13,1,-1,-1,-1
315,35,481,116,15,12,1,-1,-1,-1
315,36,323,200,59,24,1,-1,-1,-1
315,37,618,125,49,38,1,-1,-1,-1
315,38,37,204,52,21,1,-1,-1,-1
315,39,291,214,53,20,1,-1,-1,-1
315,40,47,213,60,23,1,-1,-1,-1
315,42,121,224,47,22,1,-1,-1,-1
315,43,606,201,50,21,1,-1,-1,-1
315,44,237,195,51,22,1,-1,-1,-1
315,45,457,205,54,19,1,-1,-1,-1
315,46,547,213,49,20,1,-1,-1,-1
315,47,320,222,53,24,1,-1,-1,-1
315,48,559,191,36,21,1,-1,-1,-1
315,49,692,202,51,20,1,-1,-1,-1
315,50,713,211,59,21,1,-1,-1,-1
315,51,578,221,53,22,1,-1,-1,-1
315,52,807,199,51,21,1,-1,-1,-1
315,53,874,191,53,19,1,-1,-1,-1
315,54,945,201,55,19,1,-1,-1,-1
315,55,959,209,56,21,1,-1,-1,-1
315,57,799,237,60,23,1,-1,-1,-1
315,58,563,236,55,25,1,-1,-1,-1
315,59,250,276,72,28,1,-1,-1,-1
315,60,665,304,59,35,1,-1,-1,-1
316,0,168,258,64,24,1,-1,-1,-1
316,1,385,274,68,26,1,-1,-1,-1
316,2,767,251,60,25,1,-1,-1,-1
316,3,426,248,50,30,1,-1,-1,-1
316,14,229,120,20,12,1,-1,-1,-1
316,15,253,119,17,12,1,-1,-1,-1
316,16,273,118,16,12,1,-1,-1,-1
316,17,291,117,17,13,1,-1,-1,-1
316,18,312,117,17,12,1,-1,-1,-1
316,19,332,117,16,13,1,-1,-1,-1
316,20,351,117,15,12,1,-1,-1,-1
316,21,271,133,19,17,1,-1,-1,-1
316,22,293,134,20,13,1,-1,-1,-1
316,23,314,132,18,14,1,-1,-1,-1
316,24,338,132,17,14,1,-1,-1,-1
316,25,402,116,14,13,1,-1,-1,-1
316,26,460,132,14,14,1,-1,-1,-1
316,27,502,132,16,15,1,-1,-1,-1
316,28,547,143,28,19,1,-1,-1,-1
316,29,498,116,14,12,1,-1,-1,-1
316,30,516,117,14,11,1,-1,-1,-1
316,31,570,116,14,14,1,-1,-1,-1
316,32,592,113,15,17,1,-1,-1,-1
316,33,608,110,29,22,1,-1,-1,-1
316,34,423,116,14,13,1,-1,-1,-1
316,35,481,116,15,12,1,-1,-1,-1
316,36,321,201,59,24,1,-1,-1,-1
316,37,618,125,49,38,1,-1,-1,-1
316,38,34,204,52,21,1,-1,-1,-1
316,39,287,214,53,20,1,-1,-1,-1
316,40,43,213,60,23,1,-1,-1,-1
316,42,117,224,47,22,1,-1,-1,-1
316,43,604,201,50,21,1,-1,-1,-1
316,44,233,195,51,22,1,-1,-1,-1
316,45,454,205,54,19,1,-1,-1,-1
316,46,544,213,49,20,1,-1,-1,-1
316,47,316,223,53,23,1,-1,-1,-1
316,48,556,191,36,21,1,-1,-1,-1
316,49,690,202,50,20,1,-1,-1,-1
316,50,710,211,59,21,1,-1,-1,-1
316,51,574,221,53,22,1,-1,-1,-1
316,52,804,199,51,21,1,-1,-1,-1
316,53,872,191,53,19,1,-1,-1,-1
316,54,943,201,55,19,1,-1,-1,-1
316,55,956,209,56,21,1,-1,-1,-1
316,57,804,237,60,23,1,-1,-1,-1
316,58,568,237,55,25,1,-1,-1,-1
316,59,253,276,72,27,1,-1,-1,-1
316,60,667,303,59,35,1,-1,-1,-1
317,0,171,258,64,24,1,-1,-1,-1
317,1,387,274,68,26,1,-1,-1,-1
317,2,771,251,61,25,1,-1,-1,-1
317,3,429,248,50,30,1,-1,-1,-1
317,14,229,120,20,12,1,-1,-1,-1
317,15,253,119,17,12,1,-1,-1,-1
317,16,273,118,16,12,1,-1,-1,-1
317,17,291,117,17,13,1,-1,-1,-1
317,18,312,117,17,12,1,-1,-1,-1
317,19,332,117,16,13,1,-1,-1,-1
317,20,351,117,15,12,1,-1,-1,-1
317,21,271,133,19,17,1,-1,-1,-1
317,22,293,134,20,13,1,-1,-1,-1
317,23,314,132,18,14,1,-1,-1,-1
317,24,338,132,17,13,1,-1,-1,-1
317,25,402,116,14,13,1,-1,-1,-1
317,26,460,132,14,14,1,-1,-1,-1
317,27,503,132,16,15,1,-1,-1,-1
317,28,547,143,28,19,1,-1,-1,-1
317,29,498,116,14,12,1,-1,-1,-1
317,30,516,117,14,11,1,-1,-1,-1
317,31,570,116,14,14,1,-1,-1,-1
317,32,592,113,15,17,1,-1,-1,-1
317,33,609,110,29,23,1,-1,-1,-1
317,34,423,116,14,13,1,-1,-1,-1
317,35,481,116,15,12,1,-1,-1,-1
317,36,318,201,60,24,1,-1,-1,-1
317,37,618,125,49,38,1,-1,-1,-1
317,38,31,204,53,21,1,-1,-1,-1
317,39,284,214,53,20,1,-1,-1,-1
317,40,39,214,60,22,1,-1,-1,-1
317,42,113,224,47,22,1,-1,-1,-1
317,43,602,201,50,21,1,-1,-1,-1
317,44,229,195,51,22,1,-1,-1,-1
317,45,451,205,54,19,1,-1,-1,-1
317,46,541,213,49,20,1,-1,-1,-1
317,47,312,223,53,23,1,-1,-1,-1
317,48,553,191,36,21,1,-1,-1,-1
317,49,688,202,50,20,1,-1,-1,-1
317,50,707,211,59,21,1,-1,-1,-1
317,51,570,221,53,22,1,-1,-1,-1
317,52,802,199,51,21,1,-1,-1,-1
317,53,869,191,53,19,1,-1,-1,-1
317,54,941,201,56,19,1,-1,-1,-1
317,55,954,209,56,21,1,-1,-1,-1
317,57,808,236,61,23,1,-1,-1,-1
317,58,573,237,55,25,1,-1,-1,-1
317,59,256,276,72,27,1,-1,-1,-1
317,60,669,302,59,35,1,-1,-1,-1
318,0,173,258,64,24,1,-1,-1,-1
318,1,390,274,68,26,1,-1,-1,-1
318,2,775,251,61,25,1,-1,-1,-1
318,3,432,248,50,30,1,-1,-1,-1
318,14,229,120,20,12,1,-1,-1,-1
318,15,253,119,17,12,1,-1,-1,-1
318,16,273,118,16,13,1,-1,-1,-1
318,17,291,117,17,13,1,-1,-1,-1
318,18,312,117,17,12,1,-1,-1,-1
318,19,332,117,16,13,1,-1,-1,-1
318,20,351,117,15,12,1,-1,-1,-1
318,21,271,133,19,17,1,-1,-1,-1
318,22,293,134,20,13,1,-1,-1,-1
318,23,314,132,18,14,1,-1,-1,-1
318,24,338,133,17,13,1,-1,-1,-1
318,25,402,116,14,13,1,-1,-1,-1
318,26,460,132,14,14,1,-1,-1,-1
318,27,503,132,16,15,1,-1,-1,-1
318,28,547,143,28,19,1,-1,-1,-1
318,29,498,116,14,12,1,-1,-1,-1
318,30,516,117,14,11,1,-1,-1,-1
318,31,570,117,14,14,1,-1,-1,-1
318,32,592,113,15,16,1,-1,-1,-1
318,33,609,109,28,23,1,-1,-1,-1
318,34,423,116,14,13,1,-1,-1,-1
318,35,481,117,16,12,1,-1,-1,-1
318,36,315,201,60,24,1,-1,-1,-1
318,37,619,125,49,38,1,-1,-1,-1
318,38,27,204,53,21,1,-1,-1,-1
318,39,280,214,53,20,1,-1,-1,-1
318,40,35,214,60,23,1,-1,-1,-1
318,42,109,224,48,22,1,-1,-1,-1
318,43,600,201,50,21,1,-1,-1,-1
318,44,225,195,52,22,1,-1,-1,-1
318,45,449,205,54,19,1,-1,-1,-1
318,46,539,213,49,20,1,-1,-1,-1
318,47,308,223,53,23,1,-1,-1,-1
318,48,549,191,36,21,1,-1,-1,-1
318,49,687,202,50,20,1,-1,-1,-1
318,50,705,211,59,21,1,-1,-1,-1
318,51,567,221,53,22,1,-1,-1,-1
318,52,800,199,51,21,1,-1,-1,-1
318,53,867,191,53,19,1,-1,-1,-1
318,54,939,201,56,19,1,-1,-1,-1
318,55,951,209,57,21,1,-1,-1,-1
318,57,813,236,61,23,1,-1,-1,-1
318,58,578,237,55,25,1,-1,-1,-1
318,59,259,276,72,27,1,-1,-1,-1
318,60,671,302,59,35,1,-1,-1,-1
319,0,176,258,64,24,1,-1,-1,-1
319,1,392,274,68,26,1,-1,-1,-1
319,2,779,251,62,25,1,-1,-1,-1
319,3,435,248,50,30,1,-1,-1,-1
319,14,229,120,20,12,1,-1,-1,-1
319,15,253,119,17,12,1,-1,-1,-1
319,16,273,118,16,13,1,-1,-1,-1
319,17,292,117,17,13,1,-1,-1,-1
319,18,312,117,17,12,1,-1,-1,-1
319,19,332,117,16,13,1,-1,-1,-1
319,20,351,118,15,12,1,-1,-1,-1
319,21,271,133,19,17,1,-1,-1,-1
319,22,293,134,20,13,1,-1,-1,-1
319,23,314,132,18,13,1,-1,-1,-1
319,24,338,133,17,13,1,-1,-1,-1
319,25,402,116,14,13,1,-1,-1,-1
319,26,460,133,14,14,1,-1,-1,-1
319,27,503,132,16,15,1,-1,-1,-1
319,28,547,143,28,19,1,-1,-1,-1
319,29,498,116,14,12,1,-1,-1,-1
319,30,516,117,14,11,1,-1,-1,-1
319,31,570,117,14,14,1,-1,-1,-1
319,32,592,113,15,16,1,-1,-1,-1
319,33,609,109,28,23,1,-1,-1,-1
319,34,423,116,14,13,1,-1,-1,-1
319,35,481,117,16,12,1,-1,-1,-1
319,36,312,201,60,24,1,-1,-1,-1
319,37,619,125,49,38,1,-1,-1,-1
319,38,24,204,53,21,1,-1,-1,-1
319,39,277,214,53,20,1,-1,-1,-1
319,40,31,214,60,23,1,-1,-1,-1
319,42,104,224,48,23,1,-1,-1,-1
319,43,598,201,50,21,1,-1,-1,-1
319,44,221,195,52,22,1,-1,-1,-1
319,45,446,205,54,20,1,-1,-1,-1
319,46,536,213,49,20,1,-1,-1,-1
319,47,305,223,53,23,1,-1,-1,-1
319,48,546,191,36,21,1,-1,-1,-1
319,49,685,202,50,20,1,-1,-1,-1
319,50,702,211,59,21,1,-1,-1,-1
319,51,563,221,53,22,1,-1,-1,-1
319,52,797,199,51,21,1,-1,-1,-1
319,53,865,191,53,19,1,-1,-1,-1
319,54,937,201,55,19,1,-1,-1,-1
319,55,949,209,57,21,1,-1,-1,-1
319,57,817,236,62,23,1,-1,-1,-1
319,58,583,237,55,25,1,-1,-1,-1
319,59,262,276,72,27,1,-1,-1,-1
319,60,673,301,59,34,1,-1,-1,-1
320,0,178,258,64,24,1,-1,-1,-1
320,1,395,274,68,27,1,-1,-1,-1
320,2,783,251,63,25,1,-1,-1,-1
320,3,438,248,50,30,1,-1,-1,-1
320,14,229,120,20,12,1,-1,-1,-1
320,15,253,119,17,12,1,-1,-1,-1
320,16,273,118,16,13,1,-1,-1,-1
320,17,292,117,17,13,1,-1,-1,-1
320,18,312,117,17,12,1,-1,-1,-1
320,19,332,117,16,13,1,-1,-1,-1
320,20,351,118,15,12,1,-1,-1,-1
320,21,271,133,19,17,1,-1,-1,-1
320,22,293,134,20,13,1,-1,-1,-1
320,23,314,133,18,13,1,-1,-1,-1
320,24,338,133,17,13,1,-1,-1,-1
320,25,402,116,14,14,1,-1,-1,-1
320,26,460,133,14,14,1,-1,-1,-1
320,27,503,132,16,15,1,-1,-1,-1
320,28,546,143,28,19,1,-1,-1,-1
320,29,499,116,13,12,1,-1,-1,-1
320,30,516,117,14,11,1,-1,-1,-1
320,31,570,117,14,13,1,-1,-1,-1
320,32,592,113,15,16,1,-1,-1,-1
320,33,609,110,28,23,1,-1,-1,-1
320,34,423,116,14,13,1,-1,-1,-1
320,35,481,117,16,12,1,-1,-1,-1
320,36,309,201,60,23,1,-1,-1,-1
320,37,619,126,49,38,1,-1,-1,-1
320,38,21,204,53,21,1,-1,-1,-1
320,39,273,214,53,20,1,-1,-1,-1
320,40,27,214,60,23,1,-1,-1,-1
320,42,100,225,48,23,1,-1,-1,-1
320,43,595,201,50,21,1,-1,-1,-1
320,44,217,195,52,22,1,-1,-1,-1
320,45,443,205,54,20,1,-1,-1,-1
320,46,533,213,49,20,1,-1,-1,-1
320,47,301,223,53,23,1,-1,-1,-1
320,48,543,191,37,21,1,-1,-1,-1
320,49,683,202,50,20,1,-1,-1,-1
320,50,699,211,60,21,1,-1,-1,-1
320,51,560,221,53,22,1,-1,-1,-1
320,52,795,199,51,21,1,-1,-1,-1
320,53,863,191,53,19,1,-1,-1,-1
320,54,935,201,55,19,1,-1,-1,-1
320,55,946,209,57,21,1,-1,-1,-1
320,57,822,237,59,23,1,-1,-1,-1
320,58,588,237,55,25,1,-1,-1,-1
320,59,265,276,72,27,1,-1,-1,-1
320,60,675,300,59,34,1,-1,-1,-1
321,0,181,258,64,24,1,-1,-1,-1
321,1,397,274,68,27,1,-1,-1,-1
321,2,787,251,63,25,1,-1,-1,-1
321,3,442,248,49,30,1,-1,-1,-1
321,14,229,120,20,12,1,-1,-1,-1
321,15,253,119,17,12,1,-1,-1,-1
321,16,273,118,16,13,1,-1,-1,-1
321,17,292,117,17,13,1,-1,-1,-1
321,18,312,117,17,12,1,-1,-1,-1
321,19,332,117,16,13,1,-1,-1,-1
321,20,351,118,15,12,1,-1,-1,-1
321,21,271,133,19,17,1,-1,-1,-1
321,22,293,134,20,13,1,-1,-1,-1
321,23,314,133,18,13,1,-1,-1,-1
321,24,338,133,17,13,1,-1,-1,-1
321,25,402,116,14,14,1,-1,-1,-1
321,26,460,133,14,14,1,-1,-1,-1
321,27,503,132,16,15,1,-1,-1,-1
321,28,546,143,28,19,1,-1,-1,-1
321,29,499,116,13,12,1,-1,-1,-1
321,30,516,117,14,11,1,-1,-1,-1
321,31,570,117,14,13,1,-1,-1,-1
321,32,592,113,14,16,1,-1,-1,-1
321,33,609,110,28,23,1,-1,-1,-1
321,34,423,116,14,13,1,-1,-1,-1
321,35,481,117,16,12,1,-1,-1,-1
321,36,306,201,60,23,1,-1,-1,-1
321,37,619,126,48,39,1,-1,-1,-1
321,38,17,205,53,21,1,-1,-1,-1
321,39,270,214,53,20,1,-1,-1,-1
321,40,23,214,60,23,1,-1,-1,-1
321,42,95,225,48,22,1,-1,-1,-1
321,43,593,201,50,21,1,-1,-1,-1
321,44,214,195,52,22,1,-1,-1,-1
321,45,440,205,54,20,1,-1,-1,-1
321,46,530,213,49,20,1,-1,-1,-1
321,47,297,223,53,23,1,-1,-1,-1
321,48,539,191,37,21,1,-1,-1,-1
321,49,681,202,50,20,1,-1,-1,-1
321,50,696,211,60,21,1,-1,-1,-1
321,51,556,221,53,22,1,-1,-1,-1
321,52,793,199,51,21,1,-1,-1,-1
321,53,861,191,53,19,1,-1,-1,-1
321,54,932,201,54,19,1,-1,-1,-1
321,55,944,209,57,21,1,-1,-1,-1
321,57,826,237,56,23,1,-1,-1,-1
321,58,593,237,55,25,1,-1,-1,-1
321,59,268,276,72,27,1,-1,-1,-1
321,60,677,299,59,34,1,-1,-1,-1
322,0,183,258,64,24,1,-1,-1,-1
322,1,400,274,68,27,1,-1,-1,-1
322,2,791,252,64,25,1,-1,-1,-1
322,3,445,248,49,30,1,-1,-1,-1
322,14,229,120,20,12,1,-1,-1,-1
322,15,253,119,17,12,1,-1,-1,-1
322,16,273,118,17,13,1,-1,-1,-1
322,17,292,117,17,13,1,-1,-1,-1
322,18,312,117,17,12,1,-1,-1,-1
322,19,332,117,16,14,1,-1,-1,-1
322,20,351,118,15,12,1,-1,-1,-1
322,21,271,133,19,17,1,-1,-1,-1
322,22,293,134,20,13,1,-1,-1,-1
322,23,314,133,18,13,1,-1,-1,-1
322,24,338,133,17,13,1,-1,-1,-1
322,25,402,116,14,14,1,-1,-1,-1
322,26,460,133,14,14,1,-1,-1,-1
322,27,503,132,16,15,1,-1,-1,-1
322,28,546,143,28,19,1,-1,-1,-1
322,29,499,117,13,12,1,-1,-1,-1
322,30,516,117,14,11,1,-1,-1,-1
322,31,570,117,14,13,1,-1,-1,-1
322,32,592,113,14,16,1,-1,-1,-1
322,33,609,110,28,22,1,-1,-1,-1
322,34,423,116,14,13,1,-1,-1,-1
322,35,481,117,16,12,1,-1,-1,-1
322,36,304,201,60,23,1,-1,-1,-1
322,37,620,126,48,39,1,-1,-1,-1
322,38,14,205,54,21,1,-1,-1,-1
322,39,266,214,53,20,1,-1,-1,-1
322,40,19,214,60,23,1,-1,-1,-1
322,42,91,225,48,22,1,-1,-1,-1
322,43,591,201,50,21,1,-1,-1,-1
322,44,210,195,52,22,1,-1,-1,-1
322,45,437,205,55,20,1,-1,-1,-1
322,46,527,213,49,20,1,-1,-1,-1
322,47,293,223,53,23,1,-1,-1,-1
322,48,536,191,37,21,1,-1,-1,-1
322,49,679,202,50,19,1,-1,-1,-1
322,50,693,211,60,21,1,-1,-1,-1
322,51,552,221,53,22,1,-1,-1,-1
322,52,790,199,51,21,1,-1,-1,-1
322,53,858,191,53,19,1,-1,-1,-1
322,54,930,201,53,19,1,-1,-1,-1
322,55,942,209,57,21,1,-1,-1,-1
322,57,831,237,53,23,1,-1,-1,-1
322,58,598,237,55,25,1,-1,-1,-1
322,59,271,276,72,27,1,-1,-1,-1
322,60,679,299,59,34,1,-1,-1,-1
323,0,186,258,64,24,1,-1,-1,-1
323,1,402,274,68,27,1,-1,-1,-1
323,2,795,252,65,25,1,-1,-1,-1
323,3,448,248,49,30,1,-1,-1,-1
323,14,229,120,20,12,1,-1,-1,-1
323,15,253,119,17,12,1,-1,-1,-1
323,16,273,118,17,13,1,-1,-1,-1
323,17,292,117,17,13,1,-1,-1,-1
323,18,312,117,17,12,1,-1,-1,-1
323,19,332,117,16,14,1,-1,-1,-1
323,20,351,118,15,12,1,-1,-1,-1
323,21,271,133,19,17,1,-1,-1,-1
323,22,293,134,20,13,1,-1,-1,-1
323,23,314,133,18,13,1,-1,-1,-1
323,24,338,133,17,13,1,-1,-1,-1
323,25,402,116,14,14,1,-1,-1,-1
323,26,460,133,14,14,1,-1,-1,-1
323,27,503,132,16,15,1,-1,-1,-1
323,28,546,143,28,19,1,-1,-1,-1
323,29,499,117,13,12,1,-1,-1,-1
323,30,516,117,14,11,1,-1,-1,-1
323,31,570,117,14,13,1,-1,-1,-1
323,32,592,113,14,16,1,-1,-1,-1
323,33,609,110,28,22,1,-1,-1,-1
323,34,423,116,14,13,1,-1,-1,-1
323,35,481,117,16,12,1,-1,-1,-1
323,36,301,201,60,23,1,-1,-1,-1
323,37,620,126,48,39,1,-1,-1,-1
323,38,11,205,54,21,1,-1,-1,-1
323,39,263,214,53,20,1,-1,-1,-1
323,40,15,214,60,23,1,-1,-1,-1
323,42,86,225,48,22,1,-1,-1,-1
323,43,588,201,50,21,1,-1,-1,-1
323,44,206,195,52,22,1,-1,-1,-1
323,45,434,205,55,20,1,-1,-1,-1
323,46,525,213,49,20,1,-1,-1,-1
323,47,289,223,53,23,1,-1,-1,-1
323,48,533,191,37,21,1,-1,-1,-1
323,49,678,202,50,19,1,-1,-1,-1
323,50,691,211,60,21,1,-1,-1,-1
323,51,549,221,53,22,1,-1,-1,-1
323,52,788,199,51,21,1,-1,-1,-1
323,53,856,191,53,19,1,-1,-1,-1
323,54,928,201,53,19,1,-1,-1,-1
323,55,940,209,57,21,1,-1,-1,-1
323,57,836,237,50,23,1,-1,-1,-1
323,58,603,237,55,25,1,-1,-1,-1
323,59,274,276,72,27,1,-1,-1,-1
323,60,680,298,59,33,1,-1,-1,-1
324,0,189,258,64,24,1,-1,-1,-1
324,1,405,274,68,27,1,-1,-1,-1
324,2,799,252,66,25,1,-1,-1,-1
324,3,451,248,49,30,1,-1,-1,-1
324,14,229,120,20,12,1,-1,-1,-1
324,15,254,119,17,12,1,-1,-1,-1
324,16,273,119,17,13,1,-1,-1,-1
324,17,292,117,17,13,1,-1,-1,-1
324,18,312,117,17,12,1,-1,-1,-1
324,19,332,117,16,14,1,-1,-1,-1
324,20,351,118,15,12,1,-1,-1,-1
324,21,271,133,19,17,1,-1,-1,-1
324,22,293,134,20,13,1,-1,-1,-1
324,23,314,133,18,13,1,-1,-1,-1
324,24,338,133,17,13,1,-1,-1,-1
324,25,402,116,15,14,1,-1,-1,-1
324,26,460,133,14,14,1,-1,-1,-1
324,27,503,132,15,15,1,-1,-1,-1
324,28,546,143,29,19,1,-1,-1,-1
324,29,499,117,13,12,1,-1,-1,-1
324,30,516,117,14,11,1,-1,-1,-1
324,31,570,117,14,13,1,-1,-1,-1
324,32,592,113,14,16,1,-1,-1,-1
324,33,609,111,28,22,1,-1,-1,-1
324,34,423,116,14,13,1,-1,-1,-1
324,35,481,117,16,12,1,-1,-1,-1
324,36,298,201,60,23,1,-1,-1,-1
324,37,620,126,48,39,1,-1,-1,-1
324,38,7,205,54,21,1,-1,-1,-1
324,39,259,214,53,20,1,-1,-1,-1
324,40,11,214,60,23,1,-1,-1,-1
324,42,82,225,48,22,1,-1,-1,-1
324,43,586,201,50,21,1,-1,-1,-1
324,44,202,195,52,23,1,-1,-1,-1
324,45,431,205,55,20,1,-1,-1,-1
324,46,522,213,49,20,1,-1,-1,-1
324,47,285,223,54,23,1,-1,-1,-1
324,48,530,191,37,21,1,-1,-1,-1
324,49,676,202,50,19,1,-1,-1,-1
324,50,688,211,60,21,1,-1,-1,-1
324,51,545,222,53,22,1,-1,-1,-1
324,52,786,199,51,21,1,-1,-1,-1
324,53,854,191,53,19,1,-1,-1,-1
324,54,925,201,53,18,1,-1,-1,-1
324,55,937,209,57,21,1,-1,-1,-1
324,57,841,237,47,23,1,-1,-1,-1
324,58,608,236,55,25,1,-1,-1,-1
324,59,277,276,72,27,1,-1,-1,-1
324,60,682,297,59,33,1,-1,-1,-1
325,0,191,257,64,24,1,-1,-1,-1
325,1,407,274,67,27,1,-1,-1,-1
325,2,803,252,66,25,1,-1,-1,-1
325,3,454,248,49,30,1,-1,-1,-1
325,14,229,120,20,12,1,-1,-1,-1
325,15,254,119,17,12,1,-1,-1,-1
325,16,273,119,17,13,1,-1,-1,-1
325,17,292,117,17,13,1,-1,-1,-1
325,18,313,117,17,12,1,-1,-1,-1
325,19,332,117,16,14,1,-1,-1,-1
325,20,351,118,15,12,1,-1,-1,-1
325,21,271,133,19,17,1,-1,-1,-1
325,22,293,134,20,13,1,-1,-1,-1
325,23,314,133,18,13,1,-1,-1,-1
325,24,338,133,17,13,1,-1,-1,-1
325,25,402,116,15,14,1,-1,-1,-1
325,26,460,133,14,14,1,-1,-1,-1
325,27,503,133,15,15,1,-1,-1,-1
325,28,546,143,29,19,1,-1,-1,-1
325,29,499,117,13,12,1,-1,-1,-1
325,30,516,118,14,11,1,-1,-1,-1
325,31,570,117,14,13,1,-1,-1,-1
325,32,592,113,14,16,1,-1,-1,-1
325,33,609,111,28,22,1,-1,-1,-1
325,34,423,116,13,13,1,-1,-1,-1
325,35,481,117,16,12,1,-1,-1,-1
325,36,295,201,60,23,1,-1,-1,-1
325,37,620,126,48,39,1,-1,-1,-1
325,38,4,205,54,21,1,-1,-1,-1
325,39,255,214,53,20,1,-1,-1,-1
325,40,7,214,60,23,1,-1,-1,-1
325,42,77,225,48,22,1,-1,-1,-1
325,43,584,201,50,21,1,-1,-1,-1
325,44,198,195,52,23,1,-1,-1,-1
325,45,428,205,55,20,1,-1,-1,-1
325,46,519,214,49,20,1,-1,-1,-1
325,47,281,223,54,23,1,-1,-1,-1
325,48,526,191,37,21,1,-1,-1,-1
325,49,674,202,49,19,1,-1,-1,-1
325,50,685,211,60,21,1,-1,-1,-1
325,51,541,222,53,22,1,-1,-1,-1
325,52,783,199,51,21,1,-1,-1,-1
325,53,851,191,53,19,1,-1,-1,-1
325,54,923,202,53,17,1,-1,-1,-1
325,55,934,209,57,22,1,-1,-1,-1
325,57,845,237,44,23,1,-1,-1,-1
325,58,614,236,55,25,1,-1,-1,-1
325,59,280,276,72,26,1,-1,-1,-1
325,60,684,296,59,33,1,-1,-1,-1
325,61,0,276,46,28,1,-1,-1,-1
326,0,194,257,64,24,1,-1,-1,-1
326,1,410,274,67,27,1,-1,-1,-1
326,2,807,252,66,26,1,-1,-1,-1
326,3,457,248,49,30,1,-1,-1,-1
326,14,229,120,20,12,1,-1,-1,-1
326,15,254,119,17,12,1,-1,-1,-1
326,16,273,119,17,13,1,-1,-1,-1
326,17,292,117,17,13,1,-1,-1,-1
326,18,313,117,17,12,1,-1,-1,-1
326,19,332,117,16,14,1,-1,-1,-1
326,20,351,118,15,12,1,-1,-1,-1
326,21,271,133,19,17,1,-1,-1,-1
326,22,293,134,20,13,1,-1,-1,-1
326,23,314,133,18,13,1,-1,-1,-1
326,24,338,133,17,13,1,-1,-1,-1
326,25,402,116,15,14,1,-1,-1,-1
326,26,460,133,14,14,1,-1,-1,-1
326,27,503,133,15,15,1,-1,-1,-1
326,28,546,143,29,19,1,-1,-1,-1
326,29,499,117,13,12,1,-1,-1,-1
326,30,516,118,14,11,1,-1,-1,-1
326,31,570,117,14,13,1,-1,-1,-1
326,32,592,114,14,16,1,-1,-1,-1
326,33,609,111,28,21,1,-1,-1,-1
326,34,423,116,13,13,1,-1,-1,-1
326,35,481,117,16,12,1,-1,-1,-1
326,36,292,201,60,23,1,-1,-1,-1
326,37,621,126,48,39,1,-1,-1,-1
326,38,1,205,54,21,1,-1,-1,-1
326,39,252,214,53,20,1,-1,-1,-1
326,40,3,214,60,23,1,-1,-1,-1
326,42,73,225,49,22,1,-1,-1,-1
326,43,581,201,50,21,1,-1,-1,-1
326,44,194,196,52,23,1,-1,-1,-1
326,45,425,205,55,20,1,-1,-1,-1
326,46,516,214,49,20,1,-1,-1,-1
326,47,277,223,54,23,1,-1,-1,-1
326,48,523,191,37,22,1,-1,-1,-1
326,49,672,202,49,19,1,-1,-1,-1
326,50,683,212,60,21,1,-1,-1,-1
326,51,537,222,53,22,1,-1,-1,-1
326,52,781,199,51,21,1,-1,-1,-1
326,53,849,191,53,19,1,-1,-1,-1
326,54,920,202,53,17,1,-1,-1,-1
326,55,932,209,57,22,1,-1,-1,-1
326,57,850,237,35,21,1,-1,-1,-1
326,58,619,236,55,25,1,-1,-1,-1
326,59,283,276,72,27,1,-1,-1,-1
326,60,686,296,59,33,1,-1,-1,-1
326,61,0,276,49,28,1,-1,-1,-1
327,0,196,257,64,24,1,-1,-1,-1
327,1,412,274,67,27,1,-1,-1,-1
327,2,811,252,65,27,1,-1,-1,-1
327,3,460,248,49,30,1,-1,-1,-1
327,14,229,120,20,12,1,-1,-1,-1
327,15,254,119,17,12,1,-1,-1,-1
327,16,273,119,17,13,1,-1,-1,-1
327,17,292,117,17,13,1,-1,-1,-1
327,18,313,117,17,12,1,-1,-1,-1
327,19,332,117,16,14,1,-1,-1,-1
327,20,351,118,15,12,1,-1,-1,-1
327,21,271,133,19,17,1,-1,-1,-1
327,22,293,134,20,13,1,-1,-1,-1
327,23,314,133,18,13,1,-1,-1,-1
327,24,338,133,17,13,1,-1,-1,-1
327,25,402,116,14,14,1,-1,-1,-1
327,26,460,133,14,15,1,-1,-1,-1
327,27,503,133,15,15,1,-1,-1,-1
327,28,546,143,29,19,1,-1,-1,-1
327,29,499,117,13,12,1,-1,-1,-1
327,30,516,118,14,11,1,-1,-1,-1
327,31,570,117,14,13,1,-1,-1,-1
327,32,592,114,14,16,1,-1,-1,-1
327,33,609,111,28,21,1,-1,-1,-1
327,34,423,117,13,13,1,-1,-1,-1
327,35,481,117,16,12,1,-1,-1,-1
327,36,289,201,60,23,1,-1,-1,-1
327,37,621,126,48,39,1,-1,-1,-1
327,38,0,205,53,20,1,-1,-1,-1
327,39,248,214,53,20,1,-1,-1,-1
327,40,0,214,60,23,1,-1,-1,-1
327,42,68,225,49,22,1,-1,-1,-1
327,43,579,201,50,21,1,-1,-1,-1
327,44,190,196,52,23,1,-1,-1,-1
327,45,423,205,55,20,1,-1,-1,-1
327,46,514,214,48,20,1,-1,-1,-1
327,47,273,223,54,23,1,-1,-1,-1
327,48,520,191,37,22,1,-1,-1,-1
327,49,670,202,49,19,1,-1,-1,-1
327,50,680,212,60,20,1,-1,-1,-1
327,51,534,222,53,22,1,-1,-1,-1
327,52,779,199,51,21,1,-1,-1,-1
327,53,847,192,53,19,1,-1,-1,-1
327,54,918,202,52,17,1,-1,-1,-1
327,55,929,209,57,22,1,-1,-1,-1
327,57,854,238,30,20,1,-1,-1,-1
327,58,624,236,55,25,1,-1,-1,-1
327,59,286,276,71,27,1,-1,-1,-1
327,60,688,295,60,33,1,-1,-1,-1
327,61,0,276,52,29,1,-1,-1,-1
328,0,199,257,64,25,1,-1,-1,-1
328,1,415,274,67,27,1,-1,-1,-1
328,2,814,251,65,28,1,-1,-1,-1
328,3,463,248,49,30,1,-1,-1,-1
328,14,229,120,20,12,1,-1,-1,-1
328,15,254,119,17,12,1,-1,-1,-1
328,16,273,119,17,13,1,-1,-1,-1
328,17,292,117,17,13,1,-1,-1,-1
328,18,313,117,17,12,1,-1,-1,-1
328,19,332,117,16,13,1,-1,-1,-1
328,20,351,118,15,12,1,-1,-1,-1
328,21,271,133,19,17,1,-1,-1,-1
328,22,293,134,20,13,1,-1,-1,-1
328,23,314,133,18,13,1,-1,-1,-1
328,24,338,133,17,13,1,-1,-1,-1
328,25,402,116,14,14,1,-1,-1,-1
328,26,460,133,14,15,1,-1,-1,-1
328,27,503,133,15,15,1,-1,-1,-1
328,28,546,143,28,19,1,-1,-1,-1
328,29,499,117,13,12,1,-1,-1,-1
328,30,516,118,14,11,1,-1,-1,-1
328,31,570,117,14,13,1,-1,-1,-1
328,32,592,114,14,16,1,-1,-1,-1
328,33,609,111,28,21,1,-1,-1,-1
328,34,423,117,13,13,1,-1,-1,-1
328,35,481,117,16,12,1,-1,-1,-1
328,36,286,201,60,23,1,-1,-1,-1
328,37,621,127,48,39,1,-1,-1,-1
328,38,0,205,50,20,1,-1,-1,-1
328,39,245,214,53,20,1,-1,-1,-1
328,40,0,214,56,23,1,-1,-1,-1
328,42,64,225,49,22,1,-1,-1,-1
328,43,577,201,50,21,1,-1,-1,-1
328,44,186,196,52,23,1,-1,-1,-1
328,45,420,205,55,20,1,-1,-1,-1
328,46,511,214,48,20,1,-1,-1,-1
328,47,269,223,55,23,1,-1,-1,-1
328,48,516,191,37,22,1,-1,-1,-1
328,49,669,203,49,19,1,-1,-1,-1
328,50,677,212,60,20,1,-1,-1,-1
328,51,530,222,54,22,1,-1,-1,-1
328,52,777,199,51,21,1,-1,-1,-1
328,53,844,192,53,19,1,-1,-1,-1
328,54,916,202,52,17,1,-1,-1,-1
328,55,926,209,57,22,1,-1,-1,-1
328,58,629,236,55,25,1,-1,-1,-1
328,59,289,276,71,27,1,-1,-1,-1
328,60,690,295,60,33,1,-1,-1,-1
328,61,0,276,55,29,1,-1,-1,-1
329,0,201,257,64,25,1,-1,-1,-1
329,1,417,274,67,27,1,-1,-1,-1
329,2,819,251,62,28,1,-1,-1,-1
329,3,466,248,49,30,1,-1,-1,-1
329,14,229,120,20,12,1,-1,-1,-1
329,15,254,119,17,12,1,-1,-1,-1
329,16,273,119,17,13,1,-1,-1,-1
329,17,292,117,17,13,1,-1,-1,-1
329,18,313,118,17,12,1,-1,-1,-1
329,19,332,117,16,13,1,-1,-1,-1
329,20,351,118,15,12,1,-1,-1,-1
329,21,271,133,19,17,1,-1,-1,-1
329,22,293,134,20,13,1,-1,-1,-1
329,23,314,133,18,13,1,-1,-1,-1
329,24,338,133,17,13,1,-1,-1,-1
329,25,402,116,14,14,1,-1,-1,-1
329,26,460,133,14,15,1,-1,-1,-1
329,27,503,133,15,15,1,-1,-1,-1
329,28,546,143,28,19,1,-1,-1,-1
329,29,499,117,13,12,1,-1,-1,-1
329,30,516,118,14,11,1,-1,-1,-1
329,31,570,117,14,13,1,-1,-1,-1
329,32,592,114,14,16,1,-1,-1,-1
329,33,609,111,29,21,1,-1,-1,-1
329,34,423,117,13,13,1,-1,-1,-1
329,35,481,117,16,12,1,-1,-1,-1
329,36,283,201,60,24,1,-1,-1,-1
329,37,621,127,48,39,1,-1,-1,-1
329,38,0,205,47,19,1,-1,-1,-1
329,39,241,214,53,21,1,-1,-1,-1
329,40,0,214,52,23,1,-1,-1,-1
329,42,59,225,49,22,1,-1,-1,-1
329,43,574,201,50,21,1,-1,-1,-1
329,44,183,196,52,23,1,-1,-1,-1
329,45,417,205,55,20,1,-1,-1,-1
329,46,508,214,48,20,1,-1,-1,-1
329,47,265,223,55,23,1,-1,-1,-1
329,48,513,191,37,22,1,-1,-1,-1
329,49,667,203,49,19,1,-1,-1,-1
329,50,674,212,60,20,1,-1,-1,-1
329,51,526,222,54,22,1,-1,-1,-1
329,52,774,199,50,21,1,-1,-1,-1
329,53,842,192,54,19,1,-1,-1,-1
329,54,914,202,51,17,1,-1,-1,-1
329,55,924,209,57,22,1,-1,-1,-1
329,58,634,236,56,25,1,-1,-1,-1
329,59,292,276,71,27,1,-1,-1,-1
329,60,692,294,61,32,1,-1,-1,-1
329,61,0,276,58,29,1,-1,-1,-1
330,0,204,257,64,25,1,-1,-1,-1
330,1,420,274,67,27,1,-1,-1,-1
330,2,823,251,58,28,1,-1,-1,-1
330,3,469,248,49,30,1,-1,-1,-1
330,14,229,120,20,12,1,-1,-1,-1
330,15,254,119,17,12,1,-1,-1,-1
330,16,273,119,17,13,1,-1,-1,-1
330,17,292,117,17,13,1,-1,-1,-1
330,18,313,118,17,12,1,-1,-1,-1
330,19,332,117,16,13,1,-1,-1,-1
330,20,351,118,15,12,1,-1,-1,-1
330,21,271,133,19,17,1,-1,-1,-1
330,22,293,134,20,13,1,-1,-1,-1
330,23,314,133,18,13,1,-1,-1,-1
330,24,338,133,17,13,1,-1,-1,-1
330,25,402,116,14,14,1,-1,-1,-1
330,26,460,133,14,15,1,-1,-1,-1
330,27,503,133,16,15,1,-1,-1,-1
330,28,546,143,28,19,1,-1,-1,-1
330,29,499,117,13,12,1,-1,-1,-1
330,30,516,118,14,11,1,-1,-1,-1
330,31,570,117,14,13,1,-1,-1,-1
330,32,593,114,14,16,1,-1,-1,-1
330,33,608,111,29,21,1,-1,-1,-1
330,34,423,117,13,13,1,-1,-1,-1
330,35,481,117,16,12,1,-1,-1,-1
330,36,280,201,60,24,1,-1,-1,-1
330,37,621,127,48,39,1,-1,-1,-1
330,38,0,205,44,19,1,-1,-1,-1
330,39,238,214,53,21,1,-1,-1,-1
330,40,0,214,48,23,1,-1,-1,-1
330,42,55,225,49,22,1,-1,-1,-1
330,43,572,201,50,21,1,-1,-1,-1
330,44,179,196,52,23,1,-1,-1,-1
330,45,414,206,55,20,1,-1,-1,-1
330,46,505,214,48,20,1,-1,-1,-1
330,47,261,223,55,23,1,-1,-1,-1
330,48,510,191,37,22,1,-1,-1,-1
330,49,665,203,49,19,1,-1,-1,-1
330,50,671,212,60,20,1,-1,-1,-1
330,51,522,222,54,22,1,-1,-1,-1
330,52,772,199,50,21,1,-1,-1,-1
330,53,840,192,54,19,1,-1,-1,-1
330,54,912,202,51,17,1,-1,-1,-1
330,55,921,209,57,22,1,-1,-1,-1
330,58,639,236,56,25,1,-1,-1,-1
330,59,295,276,71,27,1,-1,-1,-1
330,60,694,294,61,32,1,-1,-1,-1
330,61,0,276,62,29,1,-1,-1,-1
331,0,206,257,64,25,1,-1,-1,-1
331,1,422,274,67,27,1,-1,-1,-1
331,2,827,251,55,27,1,-1,-1,-1
331,3,472,248,49,30,1,-1,-1,-1
331,14,229,120,20,12,1,-1,-1,-1
331,15,254,119,17,12,1,-1,-1,-1
331,16,273,119,17,13,1,-1,-1,-1
331,17,292,117,17,13,1,-1,-1,-1
331,18,313,118,17,12,1,-1,-1,-1
331,19,332,117,16,13,1,-1,-1,-1
331,20,351,118,15,12,1,-1,-1,-1
331,21,271,133,19,17,1,-1,-1,-1
331,22,293,134,20,13,1,-1,-1,-1
331,23,314,133,18,13,1,-1,-1,-1
331,24,338,133,17,13,1,-1,-1,-1
331,25,402,116,14,14,1,-1,-1,-1
331,26,460,133,15,15,1,-1,-1,-1
331,27,503,133,16,15,1,-1,-1,-1
331,28,546,143,28,20,1,-1,-1,-1
331,29,499,117,13,12,1,-1,-1,-1
331,30,516,118,14,11,1,-1,-1,-1
331,31,570,117,14,13,1,-1,-1,-1
331,32,593,114,13,16,1,-1,-1,-1
331,33,608,111,29,21,1,-1,-1,-1
331,34,423,117,13,13,1,-1,-1,-1
331,35,481,117,17,12,1,-1,-1,-1
331,36,277,201,60,24,1,-1,-1,-1
331,37,622,127,48,39,1,-1,-1,-1
331,38,0,205,40,19,1,-1,-1,-1
331,39,234,214,52,21,1,-1,-1,-1
331,40,0,214,44,23,1,-1,-1,-1
331,42,50,226,49,22,1,-1,-1,-1
331,43,570,201,50,21,1,-1,-1,-1
331,44,175,196,53,23,1,-1,-1,-1
331,45,411,206,55,20,1,-1,-1,-1
331,46,502,214,48,20,1,-1,-1,-1
331,47,257,223,55,23,1,-1,-1,-1
331,48,507,191,37,22,1,-1,-1,-1
331,49,663,203,49,19,1,-1,-1,-1
331,50,669,212,60,20,1,-1,-1,-1
331,51,519,222,54,22,1,-1,-1,-1
331,52,770,199,50,21,1,-1,-1,-1
331,53,837,192,54,19,1,-1,-1,-1
331,54,910,202,50,17,1,-1,-1,-1
331,55,919,209,57,22,1,-1,-1,-1
331,58,644,236,56,25,1,-1,-1,-1
331,59,298,276,71,28,1,-1,-1,-1
331,60,696,293,61,32,1,-1,-1,-1
331,61,0,276,65,29,1,-1,-1,-1
332,0,209,257,64,25,1,-1,-1,-1
332,1,425,274,67,27,1,-1,-1,-1
332,2,831,250,52,27,1,-1,-1,-1
332,3,475,248,49,30,1,-1,-1,-1
332,14,229,120,20,12,1,-1,-1,-1
332,15,254,119,17,12,1,-1,-1,-1
332,16,273,119,17,13,1,-1,-1,-1
332,17,292,117,17,13,1,-1,-1,-1
332,18,313,118,17,13,1,-1,-1,-1
332,19,332,117,16,13,1,-1,-1,-1
332,20,351,118,15,12,1,-1,-1,-1
332,21,271,133,19,17,1,-1,-1,-1
332,22,293,134,20,13,1,-1,-1,-1
332,23,315,133,18,13,1,-1,-1,-1
332,24,338,133,17,13,1,-1,-1,-1
332,25,402,116,14,14,1,-1,-1,-1
332,26,460,133,15,15,1,-1,-1,-1
332,27,503,133,16,15,1,-1,-1,-1
332,28,546,143,28,20,1,-1,-1,-1
332,29,499,117,13,12,1,-1,-1,-1
332,30,516,118,14,11,1,-1,-1,-1
332,31,570,117,14,13,1,-1,-1,-1
332,32,593,114,13,16,1,-1,-1,-1
332,33,608,111,29,21,1,-1,-1,-1
332,34,423,117,13,13,1,-1,-1,-1
332,35,481,117,17,12,1,-1,-1,-1
332,36,274,201,61,24,1,-1,-1,-1
332,37,622,127,48,39,1,-1,-1,-1
332,38,0,205,38,19,1,-1,-1,-1
332,39,231,214,52,21,1,-1,-1,-1
332,40,0,214,40,23,1,-1,-1,-1
332,42,46,226,49,22,1,-1,-1,-1
332,43,568,201,50,21,1,-1,-1,-1
332,44,171,196,53,23,1,-1,-1,-1
332,45,408,206,55,20,1,-1,-1,-1
332,46,500,214,49,20,1,-1,-1,-1
332,47,253,223,55,23,1,-1,-1,-1
332,48,503,191,37,22,1,-1,-1,-1
332,49,661,203,49,19,1,-1,-1,-1
332,50,666,212,60,20,1,-1,-1,-1
332,51,515,222,54,22,1,-1,-1,-1
332,52,768,199,50,21,1,-1,-1,-1
332,53,835,192,54,19,1,-1,-1,-1
332,54,907,202,51,17,1,-1,-1,-1
332,55,916,209,57,22,1,-1,-1,-1
332,58,649,236,56,25,1,-1,-1,-1
332,59,301,276,71,28,1,-1,-1,-1
332,60,698,292,62,32,1,-1,-1,-1
332,61,0,276,68,29,1,-1,-1,-1
333,0,211,257,64,25,1,-1,-1,-1
333,1,428,274,67,27,1,-1,-1,-1
333,2,835,250,48,27,1,-1,-1,-1
333,3,478,248,49,30,1,-1,-1,-1
333,14,230,120,20,12,1,-1,-1,-1
333,15,254,119,16,12,1,-1,-1,-1
333,16,273,119,17,12,1,-1,-1,-1
333,17,292,118,17,13,1,-1,-1,-1
333,18,313,118,17,13,1,-1,-1,-1
333,19,332,117,16,13,1,-1,-1,-1
333,20,351,118,15,12,1,-1,-1,-1
333,21,271,133,19,17,1,-1,-1,-1
333,22,293,134,20,13,1,-1,-1,-1
333,23,315,133,18,14,1,-1,-1,-1
333,24,338,133,17,13,1,-1,-1,-1
333,25,402,116,14,14,1,-1,-1,-1
333,26,460,133,15,15,1,-1,-1,-1
333,27,503,133,16,15,1,-1,-1,-1
333,28,547,143,28,20,1,-1,-1,-1
333,29,499,117,13,12,1,-1,-1,-1
333,30,516,118,14,11,1,-1,-1,-1
333,31,570,117,15,13,1,-1,-1,-1
333,32,593,114,13,16,1,-1,-1,-1
333,33,608,111,29,21,1,-1,-1,-1
333,34,423,117,13,12,1,-1,-1,-1
333,35,481,117,16,12,1,-1,-1,-1
333,36,270,201,61,24,1,-1,-1,-1
333,37,622,127,47,40,1,-1,-1,-1
333,38,0,204,35,20,1,-1,-1,-1
333,39,227,214,52,21,1,-1,-1,-1
333,40,0,214,36,23,1,-1,-1,-1
333,42,41,226,49,22,1,-1,-1,-1
333,43,565,201,50,21,1,-1,-1,-1
333,44,167,196,53,22,1,-1,-1,-1
333,45,405,206,55,20,1,-1,-1,-1
333,46,496,214,49,20,1,-1,-1,-1
333,47,249,223,56,23,1,-1,-1,-1
333,48,500,191,37,22,1,-1,-1,-1
333,49,659,203,49,19,1,-1,-1,-1
333,50,664,212,60,20,1,-1,-1,-1
333,51,511,222,54,22,1,-1,-1,-1
333,52,765,199,50,21,1,-1,-1,-1
333,53,833,192,54,18,1,-1,-1,-1
333,54,905,202,51,17,1,-1,-1,-1
333,55,914,210,57,22,1,-1,-1,-1
333,58,654,236,56,25,1,-1,-1,-1
333,59,304,276,71,28,1,-1,-1,-1
333,60,700,292,62,32,1,-1,-1,-1
333,61,0,276,71,29,1,-1,-1,-1
334,0,214,257,64,25,1,-1,-1,-1
334,1,430,273,67,27,1,-1,-1,-1
334,2,840,250,45,26,1,-1,-1,-1
334,3,481,248,49,30,1,-1,-1,-1
334,14,230,120,20,12,1,-1,-1,-1
334,15,254,119,16,12,1,-1,-1,-1
334,16,273,119,17,12,1,-1,-1,-1
334,17,292,118,17,13,1,-1,-1,-1
334,18,313,118,17,13,1,-1,-1,-1
334,19,332,117,16,13,1,-1,-1,-1
334,20,351,118,15,12,1,-1,-1,-1
334,21,271,134,19,17,1,-1,-1,-1
334,22,293,134,20,13,1,-1,-1,-1
334,23,315,133,18,14,1,-1,-1,-1
334,24,338,133,17,13,1,-1,-1,-1
334,25,402,116,14,14,1,-1,-1,-1
334,26,460,133,15,15,1,-1,-1,-1
334,27,503,133,16,15,1,-1,-1,-1
334,28,547,143,28,20,1,-1,-1,-1
334,29,499,117,13,12,1,-1,-1,-1
334,30,516,118,13,11,1,-1,-1,-1
334,31,570,117,15,13,1,-1,-1,-1
334,32,593,114,14,16,1,-1,-1,-1
334,33,608,111,30,21,1,-1,-1,-1
334,34,423,117,13,12,1,-1,-1,-1
334,35,481,117,16,12,1,-1,-1,-1
334,36,267,201,61,24,1,-1,-1,-1
334,37,622,127,47,40,1,-1,-1,-1
334,38,0,204,32,21,1,-1,-1,-1
334,39,223,214,52,21,1,-1,-1,-1
334,40,0,214,32,23,1,-1,-1,-1
334,42,37,226,50,22,1,-1,-1,-1
334,43,563,201,50,21,1,-1,-1,-1
334,44,163,196,53,22,1,-1,-1,-1
334,45,402,206,54,20,1,-1,-1,-1
334,46,493,214,50,20,1,-1,-1,-1
334,47,245,223,56,23,1,-1,-1,-1
334,48,497,191,37,22,1,-1,-1,-1
334,49,657,203,49,19,1,-1,-1,-1
334,50,661,212,60,20,1,-1,-1,-1
334,51,507,222,54,22,1,-1,-1,-1
334,52,763,199,50,21,1,-1,-1,-1
334,53,830,192,54,18,1,-1,-1,-1
334,54,902,202,51,17,1,-1,-1,-1
334,55,911,210,57,22,1,-1,-1,-1
334,58,659,236,56,25,1,-1,-1,-1
334,59,307,276,71,28,1,-1,-1,-1
334,60,702,291,63,32,1,-1,-1,-1
334,61,0,276,74,29,1,-1,-1,-1
335,0,217,257,64,25,1,-1,-1,-1
335,1,433,273,67,27,1,-1,-1,-1
335,2,845,250,45,26,1,-1,-1,-1
335,3,485,248,49,30,1,-1,-1,-1
335,14,230,120,20,12,1,-1,-1,-1
335,15,254,119,16,12,1,-1,-1,-1
335,16,273,119,17,12,1,-1,-1,-1
335,17,292,118,17,13,1,-1,-1,-1
335,18,313,118,17,13,1,-1,-1,-1
335,19,332,117,16,13,1,-1,-1,-1
335,20,351,118,15,11,1,-1,-1,-1
335,21,271,134,19,17,1,-1,-1,-1
335,22,293,134,20,13,1,-1,-1,-1
335,23,315,133,18,14,1,-1,-1,-1
335,24,338,133,17,14,1,-1,-1,-1
335,25,402,116,14,14,1,-1,-1,-1
335,26,460,133,15,15,1,-1,-1,-1
335,27,503,133,16,15,1,-1,-1,-1
335,28,547,143,28,20,1,-1,-1,-1
335,29,499,117,13,12,1,-1,-1,-1
335,30,516,118,13,12,1,-1,-1,-1
335,31,570,117,15,13,1,-1,-1,-1
335,32,592,114,14,16,1,-1,-1,-1
335,33,608,111,30,22,1,-1,-1,-1
335,34,423,117,13,12,1,-1,-1,-1
335,35,481,117,16,12,1,-1,-1,-1
335,36,264,201,61,24,1,-1,-1,-1
335,37,623,127,47,40,1,-1,-1,-1
335,39,220,214,52,21,1,-1,-1,-1
335,40,0,214,28,23,1,-1,-1,-1
335,42,32,226,50,22,1,-1,-1,-1
335,43,561,201,50,21,1,-1,-1,-1
335,44,159,196,53,22,1,-1,-1,-1
335,45,399,206,54,20,1,-1,-1,-1
335,46,491,214,50,20,1,-1,-1,-1
335,47,241,223,56,23,1,-1,-1,-1
335,48,493,191,37,22,1,-1,-1,-1
335,49,655,203,49,19,1,-1,-1,-1
335,50,658,212,60,20,1,-1,-1,-1
335,51,504,222,54,22,1,-1,-1,-1
335,52,761,199,50,21,1,-1,-1,-1
335,53,828,192,54,18,1,-1,-1,-1
335,54,900,203,51,17,1,-1,-1,-1
335,55,909,210,57,22,1,-1,-1,-1
335,58,664,236,56,25,1,-1,-1,-1
335,59,310,276,70,28,1,-1,-1,-1
335,60,704,291,63,32,1,-1,-1,-1
335,61,0,276,77,29,1,-1,-1,-1
336,0,220,257,64,25,1,-1,-1,-1
336,1,435,273,67,27,1,-1,-1,-1
336,2,849,250,45,26,1,-1,-1,-1
336,3,488,248,49,30,1,-1,-1,-1
336,14,230,120,20,12,1,-1,-1,-1
336,15,254,119,16,12,1,-1,-1,-1
336,16,273,119,17,12,1,-1,-1,-1
336,17,292,118,17,13,1,-1,-1,-1
336,18,313,118,17,13,1,-1,-1,-1
336,19,332,117,16,13,1,-1,-1,-1
336,20,351,118,15,11,1,-1,-1,-1
336,21,271,134,19,17,1,-1,-1,-1
336,22,293,134,20,13,1,-1,-1,-1
336,23,315,133,18,14,1,-1,-1,-1
336,24,338,133,17,14,1,-1,-1,-1
336,25,402,116,14,14,1,-1,-1,-1
336,26,460,133,15,15,1,-1,-1,-1
336,27,503,133,16,15,1,-1,-1,-1
336,28,547,143,28,20,1,-1,-1,-1
336,29,499,117,13,12,1,-1,-1,-1
336,30,517,118,13,12,1,-1,-1,-1
336,31,570,117,15,13,1,-1,-1,-1
336,32,592,114,14,16,1,-1,-1,-1
336,33,608,110,30,22,1,-1,-1,-1
336,34,423,117,13,12,1,-1,-1,-1
336,35,481,117,16,12,1,-1,-1,-1
336,36,261,201,61,24,1,-1,-1,-1
336,37,623,127,47,40,1,-1,-1,-1
336,39,216,214,52,21,1,-1,-1,-1
336,42,28,226,50,22,1,-1,-1,-1
336,43,558,201,50,21,1,-1,-1,-1
336,44,156,197,53,22,1,-1,-1,-1
336,45,396,206,54,20,1,-1,-1,-1
336,46,487,214,50,20,1,-1,-1,-1
336,47,237,223,56,23,1,-1,-1,-1
336,48,490,191,37,22,1,-1,-1,-1
336,49,654,203,49,19,1,-1,-1,-1
336,50,656,212,59,20,1,-1,-1,-1
336,51,500,222,54,22,1,-1,-1,-1
336,52,758,199,50,21,1,-1,-1,-1
336,53,826,192,54,18,1,-1,-1,-1
336,54,897,203,52,17,1,-1,-1,-1
336,55,906,210,57,22,1,-1,-1,-1
336,58,670,236,56,25,1,-1,-1,-1
336,59,313,276,70,29,1,-1,-1,-1
336,60,706,290,63,32,1,-1,-1,-1
336,61,0,276,80,29,1,-1,-1,-1
337,0,222,257,64,25,1,-1,-1,-1
337,1,438,273,67,27,1,-1,-1,-1
337,2,854,250,45,26,1,-1,-1,-1
337,3,491,248,49,29,1,-1,-1,-1
337,14,230,120,20,12,1,-1,-1,-1
337,15,254,119,16,12,1,-1,-1,-1
337,16,273,119,17,12,1,-1,-1,-1
337,17,292,118,17,13,1,-1,-1,-1
337,18,313,118,17,13,1,-1,-1,-1
337,19,332,118,16,13,1,-1,-1,-1
337,20,351,118,15,11,1,-1,-1,-1
337,21,271,134,19,17,1,-1,-1,-1
337,22,293,135,20,13,1,-1,-1,-1
337,23,315,133,18,14,1,-1,-1,-1
337,24,338,133,17,14,1,-1,-1,-1
337,25,402,116,14,14,1,-1,-1,-1
337,26,460,133,15,15,1,-1,-1,-1
337,27,503,133,16,15,1,-1,-1,-1
337,28,547,143,28,20,1,-1,-1,-1
337,29,499,117,13,12,1,-1,-1,-1
337,30,517,118,13,12,1,-1,-1,-1
337,31,570,117,15,13,1,-1,-1,-1
337,32,592,114,14,16,1,-1,-1,-1
337,33,608,110,30,22,1,-1,-1,-1
337,34,423,117,12,12,1,-1,-1,-1
337,35,481,117,16,12,1,-1,-1,-1
337,36,258,201,61,24,1,-1,-1,-1
337,37,623,127,47,40,1,-1,-1,-1
337,39,213,214,52,21,1,-1,-1,-1
337,42,23,226,50,22,1,-1,-1,-1
337,43,556,201,50,21,1,-1,-1,-1
337,44,152,197,53,22,1,-1,-1,-1
337,45,393,206,54,20,1,-1,-1,-1
337,46,484,214,51,20,1,-1,-1,-1
337,47,233,223,57,24,1,-1,-1,-1
337,48,487,192,37,22,1,-1,-1,-1
337,49,652,203,49,19,1,-1,-1,-1
337,50,653,213,59,20,1,-1,-1,-1
337,51,496,222,54,22,1,-1,-1,-1
337,52,756,199,50,21,1,-1,-1,-1
337,53,823,192,54,18,1,-1,-1,-1
337,54,895,203,52,17,1,-1,-1,-1
337,55,904,210,57,22,1,-1,-1,-1
337,58,675,236,56,25,1,-1,-1,-1
337,59,316,276,70,29,1,-1,-1,-1
337,60,708,290,64,32,1,-1,-1,-1
337,61,0,277,84,29,1,-1,-1,-1
338,0,225,257,64,25,1,-1,-1,-1
338,1,440,273,67,27,1,-1,-1,-1
338,2,859,250,46,26,1,-1,-1,-1
338,3,494,248,49,29,1,-1,-1,-1
338,14,230,120,20,12,1,-1,-1,-1
338,15,254,119,16,12,1,-1,-1,-1
338,16,273,119,17,12,1,-1,-1,-1
338,17,292,118,17,13,1,-1,-1,-1
338,18,313,118,17,13,1,-1,-1,-1
338,19,332,118,16,13,1,-1,-1,-1
338,20,351,118,15,11,1,-1,-1,-1
338,21,271,134,19,17,1,-1,-1,-1
338,22,293,135,20,13,1,-1,-1,-1
338,23,315,133,18,14,1,-1,-1,-1
338,24,338,133,17,14,1,-1,-1,-1
338,25,402,116,14,14,1,-1,-1,-1
338,26,460,133,15,15,1,-1,-1,-1
338,27,503,133,16,15,1,-1,-1,-1
338,28,547,143,28,20,1,-1,-1,-1
338,29,499,117,13,12,1,-1,-1,-1
338,30,517,118,13,12,1,-1,-1,-1
338,31,570,117,15,13,1,-1,-1,-1
338,32,592,114,14,16,1,-1,-1,-1
338,33,608,110,30,22,1,-1,-1,-1
338,34,423,117,12,12,1,-1,-1,-1
338,35,481,117,16,12,1,-1,-1,-1
338,36,255,201,61,24,1,-1,-1,-1
338,37,623,127,47,40,1,-1,-1,-1
338,39,209,214,52,21,1,-1,-1,-1
338,42,19,226,50,22,1,-1,-1,-1
338,43,553,202,50,21,1,-1,-1,-1
338,44,148,197,53,22,1,-1,-1,-1
338,45,390,206,54,20,1,-1,-1,-1
338,46,481,214,51,20,1,-1,-1,-1
338,47,229,223,57,24,1,-1,-1,-1
338,48,483,192,37,22,1,-1,-1,-1
338,49,650,203,49,19,1,-1,-1,-1
338,50,651,213,59,20,1,-1,-1,-1
338,51,492,222,54,22,1,-1,-1,-1
338,52,754,199,50,21,1,-1,-1,-1
338,53,821,192,54,18,1,-1,-1,-1
338,54,893,203,51,17,1,-1,-1,-1
338,55,901,210,57,22,1,-1,-1,-1
338,58,680,236,56,25,1,-1,-1,-1
338,59,319,276,70,29,1,-1,-1,-1
338,60,710,289,64,32,1,-1,-1,-1
338,61,3,276,83,29,1,-1,-1,-1
339,0,228,257,64,25,1,-1,-1,-1
339,1,443,273,67,27,1,-1,-1,-1
339,2,864,250,46,26,1,-1,-1,-1
339,3,497,248,49,29,1,-1,-1,-1
339,14,230,120,20,12,1,-1,-1,-1
339,15,254,119,16,12,1,-1,-1,-1
339,16,273,119,17,12,1,-1,-1,-1
339,17,292,118,17,13,1,-1,-1,-1
339,18,313,118,17,13,1,-1,-1,-1
339,19,332,118,16,13,1,-1,-1,-1
339,20,351,119,15,11,1,-1,-1,-1
339,21,271,134,19,17,1,-1,-1,-1
339,22,293,135,20,13,1,-1,-1,-1
339,23,315,133,18,14,1,-1,-1,-1
339,24,338,133,17,14,1,-1,-1,-1
339,25,402,116,14,14,1,-1,-1,-1
339,26,460,133,15,15,1,-1,-1,-1
339,27,503,133,16,15,1,-1,-1,-1
339,28,547,143,28,20,1,-1,-1,-1
339,29,499,117,13,12,1,-1,-1,-1
339,30,517,118,13,12,1,-1,-1,-1
339,31,570,117,15,13,1,-1,-1,-1
339,32,592,114,14,16,1,-1,-1,-1
339,33,609,110,30,22,1,-1,-1,-1
339,34,423,117,12,12,1,-1,-1,-1
339,35,481,117,16,12,1,-1,-1,-1
339,36,252,201,61,24,1,-1,-1,-1
339,37,624,127,47,40,1,-1,-1,-1
339,39,205,214,52,21,1,-1,-1,-1
339,42,15,226,50,22,1,-1,-1,-1
339,43,551,202,50,22,1,-1,-1,-1
339,44,144,197,53,22,1,-1,-1,-1
339,45,387,206,54,20,1,-1,-1,-1
339,46,478,214,51,20,1,-1,-1,-1
339,47,225,223,57,24,1,-1,-1,-1
339,48,480,192,37,22,1,-1,-1,-1
339,49,648,203,49,19,1,-1,-1,-1
339,50,648,213,59,20,1,-1,-1,-1
339,51,489,222,54,22,1,-1,-1,-1
339,52,752,199,50,20,1,-1,-1,-1
339,53,819,192,54,18,1,-1,-1,-1
339,54,890,203,51,17,1,-1,-1,-1
339,55,899,210,57,22,1,-1,-1,-1
339,58,685,236,56,25,1,-1,-1,-1
339,59,322,276,70,29,1,-1,-1,-1
339,60,712,288,64,32,1,-1,-1,-1
339,61,6,276,83,29,1,-1,-1,-1
340,0,231,257,64,25,1,-1,-1,-1
340,1,445,273,67,27,1,-1,-1,-1
340,3,500,248,49,29,1,-1,-1,-1
340,14,230,120,20,12,1,-1,-1,-1
340,15,254,119,16,12,1,-1,-1,-1
340,16,273,119,17,12,1,-1,-1,-1
340,17,292,118,17,13,1,-1,-1,-1
340,18,313,118,17,13,1,-1,-1,-1
340,19,332,118,16,13,1,-1,-1,-1
340,20,351,119,15,11,1,-1,-1,-1
340,21,271,134,19,17,1,-1,-1,-1
340,22,293,135,19,13,1,-1,-1,-1
340,23,315,133,17,14,1,-1,-1,-1
340,24,338,133,17,14,1,-1,-1,-1
340,25,402,116,14,14,1,-1,-1,-1
340,26,460,133,15,15,1,-1,-1,-1
340,27,503,133,16,15,1,-1,-1,-1
340,28,547,143,28,20,1,-1,-1,-1
340,29,499,117,13,12,1,-1,-1,-1
340,30,517,118,13,12,1,-1,-1,-1
340,31,570,117,15,13,1,-1,-1,-1
340,32,592,114,14,16,1,-1,-1,-1
340,33,609,111,29,22,1,-1,-1,-1
340,34,423,117,12,12,1,-1,-1,-1
340,35,481,117,16,12,1,-1,-1,-1
340,36,249,201,61,25,1,-1,-1,-1
340,37,624,127,47,40,1,-1,-1,-1
340,39,201,214,53,21,1,-1,-1,-1
340,42,10,226,49,22,1,-1,-1,-1
340,43,548,202,51,22,1,-1,-1,-1
340,44,140,197,53,22,1,-1,-1,-1
340,45,384,206,54,20,1,-1,-1,-1
340,46,475,214,51,19,1,-1,-1,-1
340,47,221,223,57,24,1,-1,-1,-1
340,48,476,192,37,22,1,-1,-1,-1
340,49,646,203,49,18,1,-1,-1,-1
340,50,645,213,59,20,1,-1,-1,-1
340,51,485,222,54,22,1,-1,-1,-1
340,52,749,199,50,20,1,-1,-1,-1
340,53,816,192,55,18,1,-1,-1,-1
340,54,888,203,51,17,1,-1,-1,-1
340,55,896,210,57,22,1,-1,-1,-1
340,58,690,236,57,25,1,-1,-1,-1
340,59,325,276,70,29,1,-1,-1,-1
340,60,714,288,65,31,1,-1,-1,-1
340,61,10,276,83,29,1,-1,-1,-1
341,0,233,257,64,25,1,-1,-1,-1
341,1,448,273,67,27,1,-1,-1,-1
341,3,503,248,49,29,1,-1,-1,-1
341,14,230,120,20,12,1,-1,-1,-1
341,15,254,120,16,12,1,-1,-1,-1
341,16,273,119,17,12,1,-1,-1,-1
341,17,292,118,17,13,1,-1,-1,-1
341,18,313,118,17,13,1,-1,-1,-1
341,19,332,118,16,13,1,-1,-1,-1
341,20,351,119,15,11,1,-1,-1,-1
341,21,271,134,19,17,1,-1,-1,-1
341,22,293,135,19,13,1,-1,-1,-1
341,23,315,133,17,14,1,-1,-1,-1
341,24,338,133,17,14,1,-1,-1,-1
341,25,402,116,14,14,1,-1,-1,-1
341,26,460,133,15,15,1,-1,-1,-1
341,27,503,133,16,15,1,-1,-1,-1
341,28,547,143,28,20,1,-1,-1,-1
341,29,499,117,13,12,1,-1,-1,-1
341,30,517,118,13,12,1,-1,-1,-1
341,31,570,117,15,13,1,-1,-1,-1
341,32,592,114,14,16,1,-1,-1,-1
341,33,609,111,29,22,1,-1,-1,-1
341,34,423,117,12,12,1,-1,-1,-1
341,35,481,117,16,12,1,-1,-1,-1
341,36,246,201,61,25,1,-1,-1,-1
341,37,624,127,47,40,1,-1,-1,-1
341,39,198,214,53,21,1,-1,-1,-1
341,42,6,226,49,22,1,-1,-1,-1
341,43,546,202,51,22,1,-1,-1,-1
341,44,136,197,53,22,1,-1,-1,-1
341,45,381,206,54,20,1,-1,-1,-1
341,46,472,214,52,19,1,-1,-1,-1
341,47,217,223,57,24,1,-1,-1,-1
341,48,473,192,37,22,1,-1,-1,-1
341,49,644,203,49,18,1,-1,-1,-1
341,50,643,213,59,20,1,-1,-1,-1
341,51,481,222,54,22,1,-1,-1,-1
341,52,747,199,50,20,1,-1,-1,-1
341,53,814,192,54,18,1,-1,-1,-1
341,54,886,202,50,17,1,-1,-1,-1
341,55,894,210,57,22,1,-1,-1,-1
341,58,696,236,57,25,1,-1,-1,-1
341,59,328,276,70,30,1,-1,-1,-1
341,60,717,287,65,31,1,-1,-1,-1
341,61,13,276,83,29,1,-1,-1,-1
342,0,236,257,64,25,1,-1,-1,-1
342,1,451,273,66,27,1,-1,-1,-1
342,3,506,248,49,29,1,-1,-1,-1
342,14,230,120,20,12,1,-1,-1,-1
342,15,254,120,16,12,1,-1,-1,-1
342,16,273,119,16,13,1,-1,-1,-1
342,17,292,118,17,13,1,-1,-1,-1
342,18,313,118,17,13,1,-1,-1,-1
342,19,333,118,16,13,1,-1,-1,-1
342,20,351,119,15,11,1,-1,-1,-1
342,21,271,134,19,17,1,-1,-1,-1
342,22,293,135,19,13,1,-1,-1,-1
342,23,315,133,17,14,1,-1,-1,-1
342,24,338,133,17,14,1,-1,-1,-1
342,25,402,116,14,14,1,-1,-1,-1
342,26,460,133,15,15,1,-1,-1,-1
342,27,503,133,16,15,1,-1,-1,-1
342,28,547,143,28,20,1,-1,-1,-1
342,29,499,117,13,12,1,-1,-1,-1
342,30,517,118,13,12,1,-1,-1,-1
342,31,570,117,14,13,1,-1,-1,-1
342,32,592,114,14,16,1,-1,-1,-1
342,33,609,111,29,22,1,-1,-1,-1
342,34,423,117,12,12,1,-1,-1,-1
342,35,481,117,16,12,1,-1,-1,-1
342,36,243,201,61,25,1,-1,-1,-1
342,37,624,127,47,40,1,-1,-1,-1
342,39,194,214,53,21,1,-1,-1,-1
342,42,1,226,49,22,1,-1,-1,-1
342,43,544,202,51,22,1,-1,-1,-1
342,44,132,197,53,22,1,-1,-1,-1
342,45,379,206,53,20,1,-1,-1,-1
342,46,469,215,52,19,1,-1,-1,-1
342,47,213,223,57,24,1,-1,-1,-1
342,48,470,192,37,22,1,-1,-1,-1
342,49,642,203,49,18,1,-1,-1,-1
342,50,640,213,58,20,1,-1,-1,-1
342,51,478,222,54,22,1,-1,-1,-1
342,52,745,199,50,20,1,-1,-1,-1
342,53,812,192,54,18,1,-1,-1,-1
342,54,883,202,50,17,1,-1,-1,-1
342,55,891,210,57,22,1,-1,-1,-1
342,58,701,236,57,25,1,-1,-1,-1
342,59,331,275,70,30,1,-1,-1,-1
342,60,719,287,65,31,1,-1,-1,-1
342,61,16,276,83,29,1,-1,-1,-1
343,0,239,257,64,25,1,-1,-1,-1
343,1,453,273,66,27,1,-1,-1,-1
343,3,509,248,49,29,1,-1,-1,-1
343,14,230,120,20,12,1,-1,-1,-1
343,15,253,120,16,12,1,-1,-1,-1
343,16,273,119,16,13,1,-1,-1,-1
343,17,292,118,17,13,1,-1,-1,-1
343,18,313,118,17,13,1,-1,-1,-1
343,19,333,118,16,13,1,-1,-1,-1
343,20,351,119,15,11,1,-1,-1,-1
343,21,271,134,19,17,1,-1,-1,-1
343,22,293,135,19,13,1,-1,-1,-1
343,23,315,133,17,14,1,-1,-1,-1
343,24,338,133,17,14,1,-1,-1,-1
343,25,402,116,14,14,1,-1,-1,-1
343,26,460,133,15,15,1,-1,-1,-1
343,27,503,133,16,15,1,-1,-1,-1
343,28,547,143,28,20,1,-1,-1,-1
343,29,499,117,13,13,1,-1,-1,-1
343,30,517,118,13,12,1,-1,-1,-1
343,31,570,117,14,13,1,-1,-1,-1
343,32,592,114,15,16,1,-1,-1,-1
343,33,609,111,28,22,1,-1,-1,-1
343,34,423,117,12,12,1,-1,-1,-1
343,35,481,117,16,12,1,-1,-1,-1
343,36,240,201,61,25,1,-1,-1,-1
343,37,624,128,47,40,1,-1,-1,-1
343,39,190,214,53,21,1,-1,-1,-1
343,42,0,226,47,23,1,-1,-1,-1
343,43,541,202,51,22,1,-1,-1,-1
343,44,128,197,53,21,1,-1,-1,-1
343,45,376,206,53,20,1,-1,-1,-1
343,46,466,215,52,19,1,-1,-1,-1
343,47,209,223,57,24,1,-1,-1,-1
343,48,466,192,36,22,1,-1,-1,-1
343,49,640,203,50,18,1,-1,-1,-1
343,50,638,213,58,20,1,-1,-1,-1
343,51,474,222,54,22,1,-1,-1,-1
343,52,743,199,50,20,1,-1,-1,-1
343,53,810,192,54,18,1,-1,-1,-1
343,54,881,202,50,17,1,-1,-1,-1
343,55,889,210,57,22,1,-1,-1,-1
343,58,706,235,57,25,1,-1,-1,-1
343,59,334,275,69,30,1,-1,-1,-1
343,60,721,286,66,31,1,-1,-1,-1
343,61,20,276,82,29,1,-1,-1,-1
344,0,242,257,64,25,1,-1,-1,-1
344,1,456,273,66,27,1,-1,-1,-1
344,3,512,248,49,29,1,-1,-1,-1
344,14,230,120,20,12,1,-1,-1,-1
344,15,253,120,16,12,1,-1,-1,-1
344,16,273,119,16,13,1,-1,-1,-1
344,17,292,118,17,13,1,-1,-1,-1
344,18,312,118,17,13,1,-1,-1,-1
344,19,333,118,16,13,1,-1,-1,-1
344,20,351,119,15,11,1,-1,-1,-1
344,21,271,134,19,17,1,-1,-1,-1
344,22,293,135,19,13,1,-1,-1,-1
344,23,315,133,17,14,1,-1,-1,-1
344,24,338,133,17,14,1,-1,-1,-1
344,25,402,116,14,14,1,-1,-1,-1
344,26,460,133,15,15,1,-1,-1,-1
344,27,503,133,16,15,1,-1,-1,-1
344,28,547,143,28,20,1,-1,-1,-1
344,29,499,117,13,13,1,-1,-1,-1
344,30,517,118,13,12,1,-1,-1,-1
344,31,570,117,14,13,1,-1,-1,-1
344,32,592,114,15,16,1,-1,-1,-1
344,33,609,111,28,23,1,-1,-1,-1
344,34,423,118,12,12,1,-1,-1,-1
344,35,481,117,16,12,1,-1,-1,-1
344,36,236,201,61,25,1,-1,-1,-1
344,37,625,128,47,41,1,-1,-1,-1
344,39,186,214,53,21,1,-1,-1,-1
344,42,0,226,43,22,1,-1,-1,-1
344,43,539,202,51,22,1,-1,-1,-1
344,44,125,197,54,21,1,-1,-1,-1
344,45,373,206,53,20,1,-1,-1,-1
344,46,463,215,52,19,1,-1,-1,-1
344,47,205,223,57,24,1,-1,-1,-1
344,48,463,192,36,22,1,-1,-1,-1
344,49,638,203,50,18,1,-1,-1,-1
344,50,635,214,58,20,1,-1,-1,-1
344,51,470,222,54,21,1,-1,-1,-1
344,52,741,199,50,20,1,-1,-1,-1
344,53,808,192,54,18,1,-1,-1,-1
344,54,879,202,50,17,1,-1,-1,-1
344,55,886,210,56,22,1,-1,-1,-1
344,58,712,235,57,25,1,-1,-1,-1
344,59,337,276,69,30,1,-1,-1,-1
344,60,723,285,66,31,1,-1,-1,-1
344,61,23,276,82,28,1,-1,-1,-1
345,0,244,257,64,25,1,-1,-1,-1
345,1,459,273,66,27,1,-1,-1,-1
345,3,515,248,49,29,1,-1,-1,-1
345,14,230,120,20,12,1,-1,-1,-1
345,15,253,120,16,12,1,-1,-1,-1
345,16,273,119,16,13,1,-1,-1,-1
345,17,292,118,17,13,1,-1,-1,-1
345,18,312,118,17,13,1,-1,-1,-1
345,19,333,118,16,13,1,-1,-1,-1
345,20,351,119,15,11,1,-1,-1,-1
345,21,271,134,19,17,1,-1,-1,-1
345,22,293,135,20,13,1,-1,-1,-1
345,23,315,133,17,14,1,-1,-1,-1
345,24,338,133,17,14,1,-1,-1,-1
345,25,402,116,14,14,1,-1,-1,-1
345,26,460,133,15,15,1,-1,-1,-1
345,27,503,133,16,15,1,-1,-1,-1
345,28,547,143,28,20,1,-1,-1,-1
345,29,499,117,13,13,1,-1,-1,-1
345,30,517,118,13,12,1,-1,-1,-1
345,31,570,117,14,13,1,-1,-1,-1
345,32,592,114,15,16,1,-1,-1,-1
345,33,609,110,28,23,1,-1,-1,-1
345,34,423,118,12,12,1,-1,-1,-1
345,35,481,117,16,12,1,-1,-1,-1
345,36,233,201,61,25,1,-1,-1,-1
345,37,625,128,46,41,1,-1,-1,-1
345,39,182,214,53,21,1,-1,-1,-1
345,42,0,226,38,22,1,-1,-1,-1
345,43,536,202,51,22,1,-1,-1,-1
345,44,121,198,54,21,1,-1,-1,-1
345,45,370,206,53,20,1,-1,-1,-1
345,46,460,215,52,18,1,-1,-1,-1
345,47,201,224,57,24,1,-1,-1,-1
345,48,460,192,36,22,1,-1,-1,-1
345,49,636,203,50,18,1,-1,-1,-1
345,50,632,214,58,20,1,-1,-1,-1
345,51,467,223,54,21,1,-1,-1,-1
345,52,738,199,50,20,1,-1,-1,-1
345,53,805,192,54,18,1,-1,-1,-1
345,54,876,202,50,18,1,-1,-1,-1
345,55,884,210,56,21,1,-1,-1,-1
345,58,717,235,57,25,1,-1,-1,-1
345,59,340,276,69,30,1,-1,-1,-1
345,60,726,285,66,31,1,-1,-1,-1
345,61,26,276,82,28,1,-1,-1,-1
346,0,247,257,64,25,1,-1,-1,-1
346,1,461,273,66,27,1,-1,-1,-1
346,3,518,248,49,29,1,-1,-1,-1
346,14,230,120,20,12,1,-1,-1,-1
346,15,253,120,16,12,1,-1,-1,-1
346,16,273,119,16,13,1,-1,-1,-1
346,17,292,118,17,13,1,-1,-1,-1
346,18,312,118,17,13,1,-1,-1,-1
346,19,333,118,16,13,1,-1,-1,-1
346,20,351,119,14,11,1,-1,-1,-1
346,21,271,134,19,17,1,-1,-1,-1
346,22,293,135,20,13,1,-1,-1,-1
346,23,315,133,17,14,1,-1,-1,-1
346,24,338,133,17,14,1,-1,-1,-1
346,25,402,116,14,14,1,-1,-1,-1
346,26,460,133,15,15,1,-1,-1,-1
346,27,503,133,16,15,1,-1,-1,-1
346,28,547,143,28,20,1,-1,-1,-1
346,29,499,117,13,13,1,-1,-1,-1
346,30,517,118,13,12,1,-1,-1,-1
346,31,570,117,14,13,1,-1,-1,-1
346,32,592,114,15,16,1,-1,-1,-1
346,33,609,110,28,23,1,-1,-1,-1
346,34,423,118,12,12,1,-1,-1,-1
346,35,481,118,16,12,1,-1,-1,-1
346,36,230,201,61,25,1,-1,-1,-1
346,37,625,128,46,41,1,-1,-1,-1
346,39,179,214,53,21,1,-1,-1,-1
346,42,0,226,33,21,1,-1,-1,-1
346,43,534,202,51,22,1,-1,-1,-1
346,44,117,198,54,21,1,-1,-1,-1
346,45,367,206,53,20,1,-1,-1,-1
346,46,457,215,52,18,1,-1,-1,-1
346,47,197,224,57,24,1,-1,-1,-1
346,48,456,192,36,22,1,-1,-1,-1
346,49,634,203,50,18,1,-1,-1,-1
346,50,630,214,58,20,1,-1,-1,-1
346,51,463,223,54,21,1,-1,-1,-1
346,52,736,199,50,20,1,-1,-1,-1
346,53,803,192,54,18,1,-1,-1,-1
346,54,874,202,51,18,1,-1,-1,-1
346,55,881,210,56,21,1,-1,-1,-1
346,58,722,235,57,25,1,-1,-1,-1
346,59,343,276,69,30,1,-1,-1,-1
346,60,729,284,66,31,1,-1,-1,-1
346,61,30,276,82,28,1,-1,-1,-1
347,0,250,257,64,25,1,-1,-1,-1
347,1,464,273,66,27,1,-1,-1,-1
347,3,521,248,49,29,1,-1,-1,-1
347,14,230,120,20,12,1,-1,-1,-1
347,15,253,120,16,12,1,-1,-1,-1
347,16,273,119,16,13,1,-1,-1,-1
347,17,292,118,17,13,1,-1,-1,-1
347,18,312,118,17,12,1,-1,-1,-1
347,19,333,118,16,13,1,-1,-1,-1
347,20,351,119,14,11,1,-1,-1,-1
347,21,271,134,19,17,1,-1,-1,-1
347,22,293,135,20,13,1,-1,-1,-1
347,23,315,133,17,14,1,-1,-1,-1
347,24,338,133,17,14,1,-1,-1,-1
347,25,402,116,14,14,1,-1,-1,-1
347,26,460,133,15,15,1,-1,-1,-1
347,27,503,133,16,15,1,-1,-1,-1
347,28,547,143,28,20,1,-1,-1,-1
347,29,499,117,13,13,1,-1,-1,-1
347,30,517,118,13,12,1,-1,-1,-1
347,31,570,117,14,13,1,-1,-1,-1
347,32,592,114,15,16,1,-1,-1,-1
347,33,609,110,28,23,1,-1,-1,-1
347,34,423,118,12,12,1,-1,-1,-1
347,35,481,118,16,12,1,-1,-1,-1
347,36,226,201,61,25,1,-1,-1,-1
347,37,625,128,46,41,1,-1,-1,-1
347,39,175,214,53,21,1,-1,-1,-1
347,42,0,227,29,21,1,-1,-1,-1
347,43,531,202,51,22,1,-1,-1,-1
347,44,113,198,54,21,1,-1,-1,-1
347,45,363,206,53,20,1,-1,-1,-1
347,46,454,215,52,18,1,-1,-1,-1
347,47,193,224,57,24,1,-1,-1,-1
347,48,453,192,36,22,1,-1,-1,-1
347,49,632,204,50,18,1,-1,-1,-1
347,50,627,214,58,20,1,-1,-1,-1
347,51,459,223,54,21,1,-1,-1,-1
347,52,734,199,50,20,1,-1,-1,-1
347,53,801,192,54,18,1,-1,-1,-1
347,54,871,202,51,18,1,-1,-1,-1
347,55,879,210,56,21,1,-1,-1,-1
347,58,728,235,57,25,1,-1,-1,-1
347,59,347,276,69,30,1,-1,-1,-1
347,60,731,284,67,31,1,-1,-1,-1
347,61,33,276,82,28,1,-1,-1,-1
348,0,253,257,64,25,1,-1,-1,-1
348,1,467,273,66,27,1,-1,-1,-1
348,3,524,248,49,29,1,-1,-1,-1
348,14,230,120,20,12,1,-1,-1,-1
348,15,253,120,16,12,1,-1,-1,-1
348,16,273,119,17,13,1,-1,-1,-1
348,17,292,118,17,13,1,-1,-1,-1
348,18,312,118,17,12,1,-1,-1,-1
348,19,333,118,16,13,1,-1,-1,-1
348,20,351,119,14,11,1,-1,-1,-1
348,21,271,134,20,17,1,-1,-1,-1
348,22,293,135,20,13,1,-1,-1,-1
348,23,315,133,18,14,1,-1,-1,-1
348,24,338,133,17,13,1,-1,-1,-1
348,25,402,116,14,14,1,-1,-1,-1
348,26,460,133,15,15,1,-1,-1,-1
348,27,503,133,16,15,1,-1,-1,-1
348,28,547,143,28,20,1,-1,-1,-1
348,29,499,117,13,13,1,-1,-1,-1
348,30,517,118,13,12,1,-1,-1,-1
348,31,570,117,14,13,1,-1,-1,-1
348,32,592,114,15,16,1,-1,-1,-1
348,33,609,110,29,23,1,-1,-1,-1
348,34,423,118,12,12,1,-1,-1,-1
348,35,481,118,16,12,1,-1,-1,-1
348,36,223,201,61,25,1,-1,-1,-1
348,37,626,128,46,41,1,-1,-1,-1
348,39,171,214,53,21,1,-1,-1,-1
348,43,529,202,51,22,1,-1,-1,-1
348,44,109,198,54,21,1,-1,-1,-1
348,45,360,206,53,20,1,-1,-1,-1
348,46,451,215,52,17,1,-1,-1,-1
348,47,189,224,58,24,1,-1,-1,-1
348,48,450,192,36,22,1,-1,-1,-1
348,49,630,204,50,18,1,-1,-1,-1
348,50,625,214,57,20,1,-1,-1,-1
348,51,456,223,54,21,1,-1,-1,-1
348,52,732,199,50,20,1,-1,-1,-1
348,53,799,192,54,18,1,-1,-1,-1
348,54,869,202,51,18,1,-1,-1,-1
348,55,876,210,56,21,1,-1,-1,-1
348,58,733,235,57,25,1,-1,-1,-1
348,59,350,276,69,30,1,-1,-1,-1
348,60,734,283,67,30,1,-1,-1,-1
348,61,36,276,81,28,1,-1,-1,-1
349,0,256,257,64,25,1,-1,-1,-1
349,1,470,272,66,27,1,-1,-1,-1
349,3,527,248,49,29,1,-1,-1,-1
349,14,230,120,20,12,1,-1,-1,-1
349,15,253,120,16,11,1,-1,-1,-1
349,16,273,119,17,13,1,-1,-1,-1
349,17,292,118,17,13,1,-1,-1,-1
349,18,312,118,17,12,1,-1,-1,-1
349,19,333,118,16,13,1,-1,-1,-1
349,20,351,119,14,11,1,-1,-1,-1
349,21,271,134,20,17,1,-1,-1,-1
349,22,293,135,20,13,1,-1,-1,-1
349,23,315,133,18,14,1,-1,-1,-1
349,24,338,133,17,13,1,-1,-1,-1
349,25,402,116,14,14,1,-1,-1,-1
349,26,460,133,15,15,1,-1,-1,-1
349,27,503,133,16,15,1,-1,-1,-1
349,28,547,143,28,20,1,-1,-1,-1
349,29,499,117,13,13,1,-1,-1,-1
349,30,517,118,13,12,1,-1,-1,-1
349,31,570,117,14,13,1,-1,-1,-1
349,32,591,114,15,16,1,-1,-1,-1
349,33,608,110,29,24,1,-1,-1,-1
349,34,423,118,12,12,1,-1,-1,-1
349,35,481,118,16,12,1,-1,-1,-1
349,36,220,201,61,25,1,-1,-1,-1
349,37,626,128,46,41,1,-1,-1,-1
349,39,167,214,53,21,1,-1,-1,-1
349,43,526,202,51,22,1,-1,-1,-1
349,44,105,198,54,21,1,-1,-1,-1
349,45,357,206,53,20,1,-1,-1,-1
349,46,447,215,52,17,1,-1,-1,-1
349,47,185,224,58,23,1,-1,-1,-1
349,48,446,193,36,22,1,-1,-1,-1
349,49,628,204,50,18,1,-1,-1,-1
349,50,622,214,57,20,1,-1,-1,-1
349,51,452,223,54,21,1,-1,-1,-1
349,52,730,199,50,20,1,-1,-1,-1
349,53,796,193,54,18,1,-1,-1,-1
349,54,866,202,52,18,1,-1,-1,-1
349,55,874,210,56,22,1,-1,-1,-1
349,58,738,235,57,25,1,-1,-1,-1
349,59,353,276,69,30,1,-1,-1,-1
349,60,736,283,67,30,1,-1,-1,-1
349,61,40,276,81,28,1,-1,-1,-1
350,0,258,257,64,25,1,-1,-1,-1
350,1,472,272,66,27,1,-1,-1,-1
350,3,530,248,49,29,1,-1,-1,-1
350,14,230,120,20,12,1,-1,-1,-1
350,15,253,120,16,11,1,-1,-1,-1
350,16,273,119,17,13,1,-1,-1,-1
350,17,292,118,17,13,1,-1,-1,-1
350,18,312,118,17,12,1,-1,-1,-1
350,19,333,118,16,13,1,-1,-1,-1
350,20,351,119,14,11,1,-1,-1,-1
350,21,271,134,20,17,1,-1,-1,-1
350,22,293,135,20,13,1,-1,-1,-1
350,23,315,133,18,14,1,-1,-1,-1
350,24,338,133,17,13,1,-1,-1,-1
350,25,402,116,14,14,1,-1,-1,-1
350,26,460,133,15,15,1,-1,-1,-1
350,27,503,133,16,15,1,-1,-1,-1
350,28,547,143,28,20,1,-1,-1,-1
350,29,499,117,13,13,1,-1,-1,-1
350,30,517,118,13,12,1,-1,-1,-1
350,31,570,117,14,13,1,-1,-1,-1
350,32,591,114,15,17,1,-1,-1,-1
350,33,608,110,29,23,1,-1,-1,-1
350,34,423,118,12,11,1,-1,-1,-1
350,35,481,118,16,12,1,-1,-1,-1
350,36,216,201,61,25,1,-1,-1,-1
350,37,626,129,46,41,1,-1,-1,-1
350,39,164,214,53,21,1,-1,-1,-1
350,43,524,202,51,22,1,-1,-1,-1
350,44,101,198,54,22,1,-1,-1,-1
350,45,354,206,53,20,1,-1,-1,-1
350,46,444,215,52,17,1,-1,-1,-1
350,47,181,224,58,23,1,-1,-1,-1
350,48,443,193,36,22,1,-1,-1,-1
350,49,626,204,50,18,1,-1,-1,-1
350,50,619,214,57,20,1,-1,-1,-1
350,51,448,223,54,21,1,-1,-1,-1
350,52,728,199,50,20,1,-1,-1,-1
350,53,794,193,54,18,1,-1,-1,-1
350,54,864,202,52,18,1,-1,-1,-1
350,55,871,210,56,22,1,-1,-1,-1
350,57,987,236,35,22,1,-1,-1,-1
350,58,744,235,57,25,1,-1,-1,-1
350,59,356,276,69,30,1,-1,-1,-1
350,60,739,282,67,30,1,-1,-1,-1
350,61,43,276,81,28,1,-1,-1,-1
351,0,261,257,64,25,1,-1,-1,-1
351,1,475,272,66,27,1,-1,-1,-1
351,3,533,248,49,29,1,-1,-1,-1
351,14,230,120,20,12,1,-1,-1,-1
351,15,253,120,16,11,1,-1,-1,-1
351,16,273,119,17,13,1,-1,-1,-1
351,17,292,118,17,13,1,-1,-1,-1
351,18,312,118,17,12,1,-1,-1,-1
351,19,333,118,15,13,1,-1,-1,-1
351,20,351,119,14,11,1,-1,-1,-1
351,21,271,134,20,17,1,-1,-1,-1
351,22,293,135,20,13,1,-1,-1,-1
351,23,315,133,18,14,1,-1,-1,-1
351,24,338,133,17,13,1,-1,-1,-1
351,25,402,116,14,14,1,-1,-1,-1
351,26,460,134,15,14,1,-1,-1,-1
351,27,504,133,16,15,1,-1,-1,-1
351,28,547,143,28,20,1,-1,-1,-1
351,29,499,116,13,13,1,-1,-1,-1
351,30,517,118,13,12,1,-1,-1,-1
351,31,570,117,14,13,1,-1,-1,-1
351,32,591,114,15,16,1,-1,-1,-1
351,33,608,110,29,23,1,-1,-1,-1
351,34,423,118,12,11,1,-1,-1,-1
351,35,481,118,16,12,1,-1,-1,-1
351,36,213,201,61,25,1,-1,-1,-1
351,37,626,129,46,41,1,-1,-1,-1
351,39,160,214,54,21,1,-1,-1,-1
351,43,521,202,51,22,1,-1,-1,-1
351,44,98,198,54,22,1,-1,-1,-1
351,45,351,206,53,20,1,-1,-1,-1
351,46,441,215,52,18,1,-1,-1,-1
351,47,177,224,58,23,1,-1,-1,-1
351,48,440,193,36,22,1,-1,-1,-1
351,49,624,204,50,18,1,-1,-1,-1
351,50,616,214,57,20,1,-1,-1,-1
351,51,445,223,54,21,1,-1,-1,-1
351,52,725,199,50,20,1,-1,-1,-1
351,53,792,193,54,18,1,-1,-1,-1
351,54,861,203,52,17,1,-1,-1,-1
351,55,869,210,56,22,1,-1,-1,-1
351,57,992,236,31,22,1,-1,-1,-1
351,58,749,235,57,25,1,-1,-1,-1
351,59,359,277,69,30,1,-1,-1,-1
351,60,742,282,68,30,1,-1,-1,-1
351,61,47,276,81,28,1,-1,-1,-1
352,0,264,257,64,25,1,-1,-1,-1
352,1,478,272,66,27,1,-1,-1,-1
352,3,536,249,49,29,1,-1,-1,-1
352,14,230,121,20,12,1,-1,-1,-1
352,15,253,120,17,11,1,-1,-1,-1
352,16,273,119,17,13,1,-1,-1,-1
352,17,292,118,17,13,1,-1,-1,-1
352,18,312,118,17,12,1,-1,-1,-1
352,19,333,118,15,13,1,-1,-1,-1
352,20,351,119,14,11,1,-1,-1,-1
352,21,271,134,20,17,1,-1,-1,-1
352,22,293,135,20,13,1,-1,-1,-1
352,23,315,133,18,14,1,-1,-1,-1
352,24,339,133,17,13,1,-1,-1,-1
352,25,402,116,14,14,1,-1,-1,-1
352,26,460,134,15,14,1,-1,-1,-1
352,27,504,133,16,15,1,-1,-1,-1
352,28,547,143,28,20,1,-1,-1,-1
352,29,499,116,13,13,1,-1,-1,-1
352,30,517,118,13,12,1,-1,-1,-1
352,31,570,117,14,13,1,-1,-1,-1
352,32,591,114,15,16,1,-1,-1,-1
352,33,608,111,29,23,1,-1,-1,-1
352,34,423,118,12,11,1,-1,-1,-1
352,35,481,118,16,12,1,-1,-1,-1
352,36,210,201,62,25,1,-1,-1,-1
352,37,627,129,46,41,1,-1,-1,-1
352,39,156,214,54,21,1,-1,-1,-1
352,43,519,202,51,22,1,-1,-1,-1
352,44,94,198,54,22,1,-1,-1,-1
352,45,348,207,53,20,1,-1,-1,-1
352,46,438,215,52,18,1,-1,-1,-1
352,47,173,224,58,23,1,-1,-1,-1
352,48,436,193,36,22,1,-1,-1,-1
352,49,622,204,50,18,1,-1,-1,-1
352,50,613,214,57,20,1,-1,-1,-1
352,51,441,223,54,21,1,-1,-1,-1
352,52,723,199,50,20,1,-1,-1,-1
352,53,790,193,54,18,1,-1,-1,-1
352,54,859,203,53,17,1,-1,-1,-1
352,55,866,210,56,22,1,-1,-1,-1
352,56,992,211,31,20,1,-1,-1,-1
352,57,991,236,32,22,1,-1,-1,-1
352,58,754,235,57,25,1,-1,-1,-1
352,59,363,277,69,30,1,-1,-1,-1
352,60,744,281,68,30,1,-1,-1,-1
352,61,50,276,81,28,1,-1,-1,-1
353,0,267,256,63,25,1,-1,-1,-1
353,1,481,272,66,27,1,-1,-1,-1
353,3,539,249,49,29,1,-1,-1,-1
353,14,230,121,20,11,1,-1,-1,-1
353,15,253,120,17,11,1,-1,-1,-1
353,16,273,119,17,13,1,-1,-1,-1
353,17,292,118,17,13,1,-1,-1,-1
353,18,312,118,17,12,1,-1,-1,-1
353,19,333,118,15,13,1,-1,-1,-1
353,20,351,119,14,11,1,-1,-1,-1
353,21,271,134,20,17,1,-1,-1,-1
353,22,293,135,20,13,1,-1,-1,-1
353,23,315,133,18,14,1,-1,-1,-1
353,24,339,133,17,13,1,-1,-1,-1
353,25,402,116,14,14,1,-1,-1,-1
353,26,460,134,15,14,1,-1,-1,-1
353,27,504,133,16,15,1,-1,-1,-1
353,28,547,143,28,20,1,-1,-1,-1
353,29,499,116,13,13,1,-1,-1,-1
353,30,517,118,13,12,1,-1,-1,-1
353,31,570,117,14,13,1,-1,-1,-1
353,32,591,114,15,16,1,-1,-1,-1
353,33,608,111,30,23,1,-1,-1,-1
353,34,423,118,12,11,1,-1,-1,-1
353,35,481,118,16,12,1,-1,-1,-1
353,36,207,201,62,25,1,-1,-1,-1
353,37,627,129,46,41,1,-1,-1,-1
353,39,152,214,54,21,1,-1,-1,-1
353,43,517,202,51,23,1,-1,-1,-1
353,44,90,198,54,22,1,-1,-1,-1
353,45,344,207,53,20,1,-1,-1,-1
353,46,435,215,53,19,1,-1,-1,-1
353,47,169,224,58,23,1,-1,-1,-1
353,48,433,193,36,22,1,-1,-1,-1
353,49,620,204,50,18,1,-1,-1,-1
353,50,611,214,57,20,1,-1,-1,-1
353,51,437,223,54,21,1,-1,-1,-1
353,52,721,199,50,20,1,-1,-1,-1
353,53,788,193,54,18,1,-1,-1,-1
353,54,856,203,53,17,1,-1,-1,-1
353,55,863,210,56,23,1,-1,-1,-1
353,56,990,211,33,20,1,-1,-1,-1
353,57,990,236,33,23,1,-1,-1,-1
353,58,760,235,57,25,1,-1,-1,-1
353,59,366,277,69,30,1,-1,-1,-1
353,60,747,281,69,30,1,-1,-1,-1
353,61,53,276,80,28,1,-1,-1,-1
354,0,271,256,63,25,1,-1,-1,-1
354,1,484,272,66,27,1,-1,-1,-1
354,3,542,249,49,29,1,-1,-1,-1
354,14,230,121,20,11,1,-1,-1,-1
354,15,253,120,17,11,1,-1,-1,-1
354,16,273,119,17,13,1,-1,-1,-1
354,17,292,118,17,13,1,-1,-1,-1
354,18,312,118,17,12,1,-1,-1,-1
354,19,333,118,15,13,1,-1,-1,-1
354,20,351,119,14,11,1,-1,-1,-1
354,21,271,134,20,17,1,-1,-1,-1
354,22,293,135,20,13,1,-1,-1,-1
354,23,315,133,18,14,1,-1,-1,-1
354,24,339,134,18,13,1,-1,-1,-1
354,25,402,116,14,14,1,-1,-1,-1
354,26,460,134,15,14,1,-1,-1,-1
354,27,504,133,16,15,1,-1,-1,-1
354,28,547,143,28,19,1,-1,-1,-1
354,29,499,116,13,13,1,-1,-1,-1
354,30,517,118,13,12,1,-1,-1,-1
354,31,570,118,14,13,1,-1,-1,-1
354,32,592,114,15,16,1,-1,-1,-1
354,33,608,111,30,23,1,-1,-1,-1
354,34,423,118,12,11,1,-1,-1,-1
354,35,481,118,16,12,1,-1,-1,-1
354,36,203,201,62,25,1,-1,-1,-1
354,37,627,129,46,42,1,-1,-1,-1
354,39,148,215,54,21,1,-1,-1,-1
354,43,514,202,51,23,1,-1,-1,-1
354,44,86,198,54,22,1,-1,-1,-1
354,45,341,207,53,20,1,-1,-1,-1
354,46,432,215,53,19,1,-1,-1,-1
354,47,165,224,58,23,1,-1,-1,-1
354,48,429,193,36,22,1,-1,-1,-1
354,49,618,204,50,18,1,-1,-1,-1
354,50,608,214,57,20,1,-1,-1,-1
354,51,434,223,54,21,1,-1,-1,-1
354,52,719,199,50,20,1,-1,-1,-1
354,53,785,193,53,18,1,-1,-1,-1
354,54,854,203,53,17,1,-1,-1,-1
354,55,861,210,56,23,1,-1,-1,-1
354,56,987,211,36,20,1,-1,-1,-1
354,57,993,236,30,23,1,-1,-1,-1
354,58,765,235,57,25,1,-1,-1,-1
354,59,369,277,69,30,1,-1,-1,-1
354,60,749,281,71,29,1,-1,-1,-1
354,61,57,275,80,28,1,-1,-1,-1
355,0,274,256,63,25,1,-1,-1,-1
355,1,486,272,66,26,1,-1,-1,-1
355,3,544,249,49,29,1,-1,-1,-1
355,14,230,121,20,11,1,-1,-1,-1
355,15,253,120,16,11,1,-1,-1,-1
355,16,273,119,17,13,1,-1,-1,-1
355,17,292,118,17,13,1,-1,-1,-1
355,18,312,118,17,12,1,-1,-1,-1
355,19,333,118,15,13,1,-1,-1,-1
355,20,351,119,14,11,1,-1,-1,-1
355,21,271,134,20,17,1,-1,-1,-1
355,22,293,135,20,13,1,-1,-1,-1
355,23,315,133,18,14,1,-1,-1,-1
355,24,339,134,18,13,1,-1,-1,-1
355,25,403,116,14,14,1,-1,-1,-1
355,26,460,134,15,14,1,-1,-1,-1
355,27,504,133,15,15,1,-1,-1,-1
355,28,547,143,28,19,1,-1,-1,-1
355,29,499,116,13,13,1,-1,-1,-1
355,30,517,118,13,12,1,-1,-1,-1
355,31,570,118,14,13,1,-1,-1,-1
355,32,592,114,15,16,1,-1,-1,-1
355,33,608,111,30,23,1,-1,-1,-1
355,34,423,118,12,11,1,-1,-1,-1
355,35,481,118,16,12,1,-1,-1,-1
355,36,200,201,62,25,1,-1,-1,-1
355,37,628,129,46,42,1,-1,-1,-1
355,39,145,215,54,21,1,-1,-1,-1
355,43,512,202,51,23,1,-1,-1,-1
355,44,82,198,55,22,1,-1,-1,-1
355,45,338,207,53,20,1,-1,-1,-1
355,46,428,215,53,19,1,-1,-1,-1
355,47,161,224,58,23,1,-1,-1,-1
355,48,426,193,36,22,1,-1,-1,-1
355,49,616,204,50,18,1,-1,-1,-1
355,50,605,214,57,20,1,-1,-1,-1
355,51,430,223,54,21,1,-1,-1,-1
355,52,717,199,50,20,1,-1,-1,-1
355,53,783,193,53,18,1,-1,-1,-1
355,54,851,203,54,17,1,-1,-1,-1
355,55,858,210,56,23,1,-1,-1,-1
355,56,984,211,39,20,1,-1,-1,-1
355,57,995,237,28,22,1,-1,-1,-1
355,58,770,235,57,25,1,-1,-1,-1
355,59,372,277,69,30,1,-1,-1,-1
355,60,752,281,72,29,1,-1,-1,-1
355,61,60,275,80,27,1,-1,-1,-1
356,0,277,256,63,25,1,-1,-1,-1
356,1,489,272,66,26,1,-1,-1,-1
356,3,547,249,49,29,1,-1,-1,-1
356,14,230,121,20,12,1,-1,-1,-1
356,15,253,120,16,11,1,-1,-1,-1
356,16,273,119,17,13,1,-1,-1,-1
356,17,292,118,17,13,1,-1,-1,-1
356,18,312,118,17,12,1,-1,-1,-1
356,19,333,118,15,13,1,-1,-1,-1
356,20,351,119,14,11,1,-1,-1,-1
356,21,271,134,20,17,1,-1,-1,-1
356,22,293,135,20,13,1,-1,-1,-1
356,23,315,133,18,14,1,-1,-1,-1
356,24,339,134,18,13,1,-1,-1,-1
356,25,403,116,14,15,1,-1,-1,-1
356,26,460,134,15,14,1,-1,-1,-1
356,27,504,133,15,15,1,-1,-1,-1
356,28,547,143,28,19,1,-1,-1,-1
356,29,499,116,13,13,1,-1,-1,-1
356,30,517,118,13,12,1,-1,-1,-1
356,31,570,118,14,13,1,-1,-1,-1
356,32,592,114,15,16,1,-1,-1,-1
356,33,608,111,30,23,1,-1,-1,-1
356,34,423,118,12,11,1,-1,-1,-1
356,35,481,118,16,12,1,-1,-1,-1
356,36,197,201,62,25,1,-1,-1,-1
356,37,628,130,46,42,1,-1,-1,-1
356,39,141,215,54,21,1,-1,-1,-1
356,43,509,202,51,23,1,-1,-1,-1
356,44,78,198,55,22,1,-1,-1,-1
356,45,335,207,53,20,1,-1,-1,-1
356,46,425,215,53,19,1,-1,-1,-1
356,47,157,224,58,23,1,-1,-1,-1
356,48,422,193,36,22,1,-1,-1,-1
356,49,614,204,50,18,1,-1,-1,-1
356,50,602,214,57,20,1,-1,-1,-1
356,51,426,223,54,21,1,-1,-1,-1
356,52,714,199,50,20,1,-1,-1,-1
356,53,781,193,53,18,1,-1,-1,-1
356,54,849,203,54,17,1,-1,-1,-1
356,55,856,210,56,23,1,-1,-1,-1
356,56,981,211,42,20,1,-1,-1,-1
356,57,995,236,28,23,1,-1,-1,-1
356,58,775,235,57,25,1,-1,-1,-1
356,59,375,277,69,30,1,-1,-1,-1
356,60,755,281,73,28,1,-1,-1,-1
356,61,64,275,80,27,1,-1,-1,-1
357,0,280,256,63,25,1,-1,-1,-1
357,1,492,272,66,26,1,-1,-1,-1
357,3,550,249,50,29,1,-1,-1,-1
357,14,230,121,20,12,1,-1,-1,-1
357,15,253,120,16,11,1,-1,-1,-1
357,16,273,119,17,13,1,-1,-1,-1
357,17,292,118,17,13,1,-1,-1,-1
357,18,312,118,17,12,1,-1,-1,-1
357,19,333,118,15,13,1,-1,-1,-1
357,20,351,119,14,11,1,-1,-1,-1
357,21,271,134,20,17,1,-1,-1,-1
357,22,293,135,20,13,1,-1,-1,-1
357,23,315,133,18,14,1,-1,-1,-1
357,24,339,134,18,13,1,-1,-1,-1
357,25,403,116,14,15,1,-1,-1,-1
357,26,460,134,15,14,1,-1,-1,-1
357,27,504,133,15,15,1,-1,-1,-1
357,28,547,144,28,19,1,-1,-1,-1
357,29,499,116,13,14,1,-1,-1,-1
357,30,517,118,13,12,1,-1,-1,-1
357,31,570,118,15,13,1,-1,-1,-1
357,32,592,114,15,16,1,-1,-1,-1
357,33,608,111,30,23,1,-1,-1,-1
357,34,423,118,12,11,1,-1,-1,-1
357,35,481,118,16,12,1,-1,-1,-1
357,36,193,201,62,25,1,-1,-1,-1
357,37,628,130,45,42,1,-1,-1,-1
357,39,137,215,54,21,1,-1,-1,-1
357,43,506,202,51,23,1,-1,-1,-1
357,44,74,198,55,22,1,-1,-1,-1
357,45,332,207,54,20,1,-1,-1,-1
357,46,422,215,53,19,1,-1,-1,-1
357,47,153,224,58,23,1,-1,-1,-1
357,48,419,193,36,22,1,-1,-1,-1
357,49,612,204,50,18,1,-1,-1,-1
357,50,599,214,57,20,1,-1,-1,-1
357,51,423,223,54,21,1,-1,-1,-1
357,52,712,199,50,20,1,-1,-1,-1
357,53,779,193,53,18,1,-1,-1,-1
357,54,846,203,54,17,1,-1,-1,-1
357,55,854,210,56,22,1,-1,-1,-1
357,56,978,211,45,20,1,-1,-1,-1
357,57,995,236,28,24,1,-1,-1,-1
357,58,780,235,58,25,1,-1,-1,-1
357,59,378,277,69,30,1,-1,-1,-1
357,60,758,280,73,28,1,-1,-1,-1
357,61,67,275,80,27,1,-1,-1,-1
358,0,283,256,63,25,1,-1,-1,-1
358,1,495,272,66,26,1,-1,-1,-1
358,3,553,249,50,29,1,-1,-1,-1
358,14,230,121,20,12,1,-1,-1,-1
358,15,253,120,16,11,1,-1,-1,-1
358,16,273,119,17,13,1,-1,-1,-1
358,17,292,118,17,13,1,-1,-1,-1
358,18,312,118,17,12,1,-1,-1,-1
358,19,333,118,15,13,1,-1,-1,-1
358,20,351,119,14,12,1,-1,-1,-1
358,21,270,134,20,18,1,-1,-1,-1
358,22,293,135,20,13,1,-1,-1,-1
358,23,315,133,18,14,1,-1,-1,-1
358,24,339,134,18,13,1,-1,-1,-1
358,25,403,116,14,15,1,-1,-1,-1
358,26,460,134,15,14,1,-1,-1,-1
358,27,504,133,15,15,1,-1,-1,-1
358,28,547,144,28,19,1,-1,-1,-1
358,29,499,116,13,14,1,-1,-1,-1
358,30,517,118,13,12,1,-1,-1,-1
358,31,570,118,15,13,1,-1,-1,-1
358,32,592,114,15,16,1,-1,-1,-1
358,33,609,111,30,23,1,-1,-1,-1
358,34,423,118,13,11,1,-1,-1,-1
358,35,481,118,16,12,1,-1,-1,-1
358,36,190,201,62,25,1,-1,-1,-1
358,37,628,130,45,42,1,-1,-1,-1
358,39,133,215,54,21,1,-1,-1,-1
358,43,504,202,51,23,1,-1,-1,-1
358,44,71,198,55,22,1,-1,-1,-1
358,45,329,207,54,20,1,-1,-1,-1
358,46,418,215,53,19,1,-1,-1,-1
358,47,149,224,58,23,1,-1,-1,-1
358,48,415,193,36,21,1,-1,-1,-1
358,49,610,204,50,18,1,-1,-1,-1
358,50,597,214,57,20,1,-1,-1,-1
358,51,419,223,54,21,1,-1,-1,-1
358,52,710,199,51,20,1,-1,-1,-1
358,53,777,193,53,18,1,-1,-1,-1
358,54,844,203,54,18,1,-1,-1,-1
358,55,851,210,55,22,1,-1,-1,-1
358,56,975,211,48,20,1,-1,-1,-1
358,57,1000,236,23,23,1,-1,-1,-1
358,58,786,236,58,25,1,-1,-1,-1
358,59,382,278,69,30,1,-1,-1,-1
358,60,761,280,73,28,1,-1,-1,-1
358,61,71,275,80,27,1,-1,-1,-1
359,0,287,256,63,25,1,-1,-1,-1
359,1,497,272,66,26,1,-1,-1,-1
359,3,556,249,50,29,1,-1,-1,-1
359,14,230,121,20,12,1,-1,-1,-1
359,15,253,120,16,11,1,-1,-1,-1
359,16,273,119,17,13,1,-1,-1,-1
359,17,292,118,17,13,1,-1,-1,-1
359,18,312,118,17,12,1,-1,-1,-1
359,19,333,118,15,13,1,-1,-1,-1
359,20,352,119,14,12,1,-1,-1,-1
359,21,270,134,20,18,1,-1,-1,-1
359,22,293,135,20,13,1,-1,-1,-1
359,23,315,133,18,14,1,-1,-1,-1
359,24,339,134,18,13,1,-1,-1,-1
359,25,403,116,14,15,1,-1,-1,-1
359,26,460,135,15,14,1,-1,-1,-1
359,27,504,133,15,15,1,-1,-1,-1
359,28,547,144,28,19,1,-1,-1,-1
359,29,499,116,13,13,1,-1,-1,-1
359,30,517,118,13,12,1,-1,-1,-1
359,31,570,118,15,13,1,-1,-1,-1
359,32,592,114,15,16,1,-1,-1,-1
359,33,609,111,30,23,1,-1,-1,-1
359,34,423,118,13,11,1,-1,-1,-1
359,35,481,118,16,12,1,-1,-1,-1
359,36,187,201,62,25,1,-1,-1,-1
359,37,629,130,45,42,1,-1,-1,-1
359,39,129,215,54,21,1,-1,-1,-1
359,43,501,203,51,22,1,-1,-1,-1
359,44,67,198,55,23,1,-1,-1,-1
359,45,326,207,54,20,1,-1,-1,-1
359,46,415,215,54,18,1,-1,-1,-1
359,47,145,224,58,23,1,-1,-1,-1
359,48,412,193,36,21,1,-1,-1,-1
359,49,608,204,50,18,1,-1,-1,-1
359,50,594,214,57,20,1,-1,-1,-1
359,51,415,223,54,20,1,-1,-1,-1
359,52,708,200,51,20,1,-1,-1,-1
359,53,774,193,53,18,1,-1,-1,-1
359,54,841,203,54,18,1,-1,-1,-1
359,55,849,210,55,22,1,-1,-1,-1
359,56,972,211,51,20,1,-1,-1,-1
359,57,1003,236,20,23,1,-1,-1,-1
359,58,791,236,58,25,1,-1,-1,-1
359,59,385,278,69,30,1,-1,-1,-1
359,60,764,279,73,28,1,-1,-1,-1
359,61,74,275,80,27,1,-1,-1,-1
360,0,290,256,63,25,1,-1,-1,-1
360,1,500,272,66,26,1,-1,-1,-1
360,3,559,249,50,29,1,-1,-1,-1
360,14,230,121,20,12,1,-1,-1,-1
360,15,253,120,16,11,1,-1,-1,-1
360,16,273,119,17,13,1,-1,-1,-1
360,17,292,118,17,13,1,-1,-1,-1
360,18,312,118,17,12,1,-1,-1,-1
360,19,333,118,15,13,1,-1,-1,-1
360,20,352,119,14,12,1,-1,-1,-1
360,21,270,133,20,18,1,-1,-1,-1
360,22,293,135,20,13,1,-1,-1,-1
360,23,315,133,18,15,1,-1,-1,-1
360,24,339,134,18,13,1,-1,-1,-1
360,25,403,116,14,15,1,-1,-1,-1
360,26,461,135,14,14,1,-1,-1,-1
360,27,504,133,15,15,1,-1,-1,-1
360,28,547,144,28,19,1,-1,-1,-1
360,29,499,116,13,13,1,-1,-1,-1
360,30,517,118,13,12,1,-1,-1,-1
360,31,570,118,15,13,1,-1,-1,-1
360,32,592,114,15,16,1,-1,-1,-1
360,33,609,111,30,23,1,-1,-1,-1
360,34,423,118,13,11,1,-1,-1,-1
360,35,481,118,16,12,1,-1,-1,-1
360,36,183,201,62,25,1,-1,-1,-1
360,37,629,130,45,42,1,-1,-1,-1
360,39,126,215,55,21,1,-1,-1,-1
360,43,498,203,51,22,1,-1,-1,-1
360,44,63,198,55,23,1,-1,-1,-1
360,45,322,207,54,20,1,-1,-1,-1
360,46,411,215,54,18,1,-1,-1,-1
360,47,141,224,58,23,1,-1,-1,-1
360,48,408,193,36,21,1,-1,-1,-1
360,49,606,204,49,18,1,-1,-1,-1
360,50,591,214,57,20,1,-1,-1,-1
360,51,411,224,54,20,1,-1,-1,-1
360,52,706,200,51,20,1,-1,-1,-1
360,53,772,193,53,18,1,-1,-1,-1
360,54,838,203,54,18,1,-1,-1,-1
360,55,846,210,55,22,1,-1,-1,-1
360,56,969,211,54,20,1,-1,-1,-1
360,58,796,236,58,25,1,-1,-1,-1
360,59,388,278,69,30,1,-1,-1,-1
360,60,768,279,73,28,1,-1,-1,-1
360,61,78,275,79,28,1,-1,-1,-1
361,0,293,256,63,25,1,-1,-1,-1
361,1,503,272,66,26,1,-1,-1,-1
361,3,562,249,50,29,1,-1,-1,-1
361,14,230,121,20,12,1,-1,-1,-1
361,15,253,120,16,11,1,-1,-1,-1
361,16,273,119,17,13,1,-1,-1,-1
361,17,292,118,17,13,1,-1,-1,-1
361,18,312,118,17,12,1,-1,-1,-1
361,19,333,118,15,13,1,-1,-1,-1
361,20,352,119,14,12,1,-1,-1,-1
361,21,270,133,20,18,1,-1,-1,-1
361,22,293,135,20,13,1,-1,-1,-1
361,23,315,133,18,15,1,-1,-1,-1
361,24,339,134,18,13,1,-1,-1,-1
361,25,403,116,14,15,1,-1,-1,-1
361,26,461,135,14,13,1,-1,-1,-1
361,27,504,133,15,15,1,-1,-1,-1
361,28,547,144,28,19,1,-1,-1,-1
361,29,499,116,13,13,1,-1,-1,-1
361,30,517,118,13,12,1,-1,-1,-1
361,31,570,118,15,13,1,-1,-1,-1
361,32,592,114,15,16,1,-1,-1,-1
361,33,609,111,29,23,1,-1,-1,-1
361,34,423,118,13,11,1,-1,-1,-1
361,35,481,118,16,12,1,-1,-1,-1
361,36,180,201,62,24,1,-1,-1,-1
361,37,629,130,45,42,1,-1,-1,-1
361,39,122,215,55,21,1,-1,-1,-1
361,43,496,203,50,22,1,-1,-1,-1
361,44,59,198,55,23,1,-1,-1,-1
361,45,319,207,54,20,1,-1,-1,-1
361,46,408,215,54,18,1,-1,-1,-1
361,47,136,224,58,23,1,-1,-1,-1
361,48,405,193,36,21,1,-1,-1,-1
361,49,603,204,49,18,1,-1,-1,-1
361,50,588,214,57,20,1,-1,-1,-1
361,51,408,224,54,20,1,-1,-1,-1
361,52,704,200,51,20,1,-1,-1,-1
361,53,770,193,53,18,1,-1,-1,-1
361,54,836,203,54,18,1,-1,-1,-1
361,55,844,210,55,22,1,-1,-1,-1
361,56,966,211,56,20,1,-1,-1,-1
361,58,801,236,58,25,1,-1,-1,-1
361,59,391,278,69,30,1,-1,-1,-1
361,60,771,279,72,28,1,-1,-1,-1
361,61,81,275,79,28,1,-1,-1,-1
361,62,0,261,41,27,1,-1,-1,-1
362,0,296,256,62,25,1,-1,-1,-1
362,1,506,272,66,26,1,-1,-1,-1
362,2,974,251,48,23,1,-1,-1,-1
362,3,565,249,50,29,1,-1,-1,-1
362,14,230,121,20,12,1,-1,-1,-1
362,15,253,120,16,11,1,-1,-1,-1
362,16,273,119,17,13,1,-1,-1,-1
362,17,292,118,17,13,1,-1,-1,-1
362,18,312,118,17,12,1,-1,-1,-1
362,19,333,118,15,13,1,-1,-1,-1
362,20,352,119,14,12,1,-1,-1,-1
362,21,270,134,20,18,1,-1,-1,-1
362,22,293,135,20,13,1,-1,-1,-1
362,23,315,133,18,14,1,-1,-1,-1
362,24,339,134,18,13,1,-1,-1,-1
362,25,403,116,14,15,1,-1,-1,-1
362,26,461,135,14,13,1,-1,-1,-1
362,27,504,134,15,15,1,-1,-1,-1
362,28,547,144,28,19,1,-1,-1,-1
362,29,499,116,13,13,1,-1,-1,-1
362,30,517,118,13,12,1,-1,-1,-1
362,31,570,117,15,13,1,-1,-1,-1
362,32,592,115,15,16,1,-1,-1,-1
362,33,609,111,29,23,1,-1,-1,-1
362,34,422,118,13,11,1,-1,-1,-1
362,35,481,118,16,12,1,-1,-1,-1
362,36,177,201,62,24,1,-1,-1,-1
362,37,629,131,45,42,1,-1,-1,-1
362,39,118,214,55,21,1,-1,-1,-1
362,43,493,203,50,22,1,-1,-1,-1
362,44,55,198,55,23,1,-1,-1,-1
362,45,316,207,54,20,1,-1,-1,-1
362,46,405,215,54,18,1,-1,-1,-1
362,47,132,224,58,23,1,-1,-1,-1
362,48,402,193,36,21,1,-1,-1,-1
362,49,601,204,49,19,1,-1,-1,-1
362,50,586,214,57,20,1,-1,-1,-1
362,51,404,224,54,20,1,-1,-1,-1
362,52,702,200,51,20,1,-1,-1,-1
362,53,768,193,53,18,1,-1,-1,-1
362,54,834,203,53,18,1,-1,-1,-1
362,55,841,210,54,22,1,-1,-1,-1
362,56,963,211,59,20,1,-1,-1,-1
362,58,806,236,58,25,1,-1,-1,-1
362,59,395,278,69,30,1,-1,-1,-1
362,60,774,279,70,28,1,-1,-1,-1
362,61,85,275,79,28,1,-1,-1,-1
362,62,0,261,43,27,1,-1,-1,-1
363,0,299,256,62,25,1,-1,-1,-1
363,1,509,272,66,26,1,-1,-1,-1
363,2,977,252,46,21,1,-1,-1,-1
363,3,568,249,50,29,1,-1,-1,-1
363,14,230,121,20,12,1,-1,-1,-1
363,15,253,120,16,11,1,-1,-1,-1
363,16,273,119,17,13,1,-1,-1,-1
363,17,292,118,17,13,1,-1,-1,-1
363,18,312,118,17,12,1,-1,-1,-1
363,19,333,119,15,13,1,-1,-1,-1
363,20,352,119,14,12,1,-1,-1,-1
363,21,270,134,20,18,1,-1,-1,-1
363,22,293,135,20,13,1,-1,-1,-1
363,23,315,133,18,14,1,-1,-1,-1
363,24,339,134,18,13,1,-1,-1,-1
363,25,403,116,14,15,1,-1,-1,-1
363,26,461,135,14,14,1,-1,-1,-1
363,27,504,134,15,15,1,-1,-1,-1
363,28,547,144,28,19,1,-1,-1,-1
363,29,499,116,13,13,1,-1,-1,-1
363,30,517,118,13,12,1,-1,-1,-1
363,31,570,117,15,13,1,-1,-1,-1
363,32,592,115,15,16,1,-1,-1,-1
363,33,609,111,29,23,1,-1,-1,-1
363,34,422,118,13,11,1,-1,-1,-1
363,35,481,118,16,12,1,-1,-1,-1
363,36,173,201,62,24,1,-1,-1,-1
363,37,629,131,45,42,1,-1,-1,-1
363,39,114,214,55,21,1,-1,-1,-1
363,43,491,203,50,22,1,-1,-1,-1
363,44,51,198,55,23,1,-1,-1,-1
363,45,313,207,54,20,1,-1,-1,-1
363,46,401,215,54,18,1,-1,-1,-1
363,47,128,224,58,23,1,-1,-1,-1
363,48,398,193,37,21,1,-1,-1,-1
363,49,599,204,49,19,1,-1,-1,-1
363,50,583,214,57,20,1,-1,-1,-1
363,51,400,224,54,20,1,-1,-1,-1
363,52,699,200,51,20,1,-1,-1,-1
363,53,765,193,53,18,1,-1,-1,-1
363,54,831,203,53,18,1,-1,-1,-1
363,55,839,210,54,22,1,-1,-1,-1
363,56,961,211,59,20,1,-1,-1,-1
363,58,811,235,57,25,1,-1,-1,-1
363,59,398,278,69,30,1,-1,-1,-1
363,60,777,279,68,27,1,-1,-1,-1
363,61,89,275,79,28,1,-1,-1,-1
363,62,0,261,45,27,1,-1,-1,-1
364,0,303,256,62,25,1,-1,-1,-1
364,1,512,272,66,26,1,-1,-1,-1
364,2,979,252,44,22,1,-1,-1,-1
364,3,571,249,50,29,1,-1,-1,-1
364,14,230,121,20,12,1,-1,-1,-1
364,15,253,120,16,11,1,-1,-1,-1
364,16,273,119,17,13,1,-1,-1,-1
364,17,292,118,17,13,1,-1,-1,-1
364,18,312,118,17,12,1,-1,-1,-1
364,19,333,119,15,13,1,-1,-1,-1
364,20,352,119,14,12,1,-1,-1,-1
364,21,270,134,20,18,1,-1,-1,-1
364,22,293,135,20,13,1,-1,-1,-1
364,23,315,133,18,14,1,-1,-1,-1
364,24,339,134,18,13,1,-1,-1,-1
364,25,403,116,14,15,1,-1,-1,-1
364,26,461,135,14,14,1,-1,-1,-1
364,27,504,134,15,15,1,-1,-1,-1
364,28,547,144,28,19,1,-1,-1,-1
364,29,499,117,13,13,1,-1,-1,-1
364,30,517,118,13,12,1,-1,-1,-1
364,31,570,117,15,14,1,-1,-1,-1
364,32,592,115,15,16,1,-1,-1,-1
364,33,609,111,29,23,1,-1,-1,-1
364,34,422,118,13,11,1,-1,-1,-1
364,35,481,118,16,11,1,-1,-1,-1
364,36,170,201,62,24,1,-1,-1,-1
364,37,630,131,45,42,1,-1,-1,-1
364,39,110,214,55,21,1,-1,-1,-1
364,43,488,203,50,22,1,-1,-1,-1
364,44,48,198,55,23,1,-1,-1,-1
364,45,310,207,54,20,1,-1,-1,-1
364,46,398,215,54,18,1,-1,-1,-1
364,47,124,224,58,23,1,-1,-1,-1
364,48,395,193,37,21,1,-1,-1,-1
364,49,597,204,49,19,1,-1,-1,-1
364,50,580,214,57,20,1,-1,-1,-1
364,51,396,224,54,20,1,-1,-1,-1
364,52,697,200,51,20,1,-1,-1,-1
364,53,763,193,53,18,1,-1,-1,-1
364,54,829,203,52,18,1,-1,-1,-1
364,55,836,210,54,22,1,-1,-1,-1
364,56,959,211,59,20,1,-1,-1,-1
364,58,816,235,57,26,1,-1,-1,-1
364,59,402,279,69,30,1,-1,-1,-1
364,60,780,279,65,26,1,-1,-1,-1
364,61,92,275,79,28,1,-1,-1,-1
364,62,0,261,47,27,1,-1,-1,-1
365,0,306,256,62,25,1,-1,-1,-1
365,1,514,272,66,26,1,-1,-1,-1
365,2,982,252,41,22,1,-1,-1,-1
365,3,575,248,50,29,1,-1,-1,-1
365,14,230,121,20,12,1,-1,-1,-1
365,15,254,120,16,11,1,-1,-1,-1
365,16,273,120,17,13,1,-1,-1,-1
365,17,292,118,17,13,1,-1,-1,-1
365,18,312,118,17,12,1,-1,-1,-1
365,19,333,119,15,13,1,-1,-1,-1
365,20,352,119,14,12,1,-1,-1,-1
365,21,271,134,20,17,1,-1,-1,-1
365,22,293,135,20,13,1,-1,-1,-1
365,23,315,133,18,14,1,-1,-1,-1
365,24,339,134,18,13,1,-1,-1,-1
365,25,403,116,14,14,1,-1,-1,-1
365,26,461,135,15,14,1,-1,-1,-1
365,27,504,134,15,15,1,-1,-1,-1
365,28,547,144,28,19,1,-1,-1,-1
365,29,499,117,13,13,1,-1,-1,-1
365,30,517,118,13,13,1,-1,-1,-1
365,31,570,117,15,14,1,-1,-1,-1
365,32,592,115,15,16,1,-1,-1,-1
365,33,609,111,29,23,1,-1,-1,-1
365,34,422,118,13,11,1,-1,-1,-1
365,35,481,118,16,11,1,-1,-1,-1
365,36,166,201,62,24,1,-1,-1,-1
365,37,630,131,45,42,1,-1,-1,-1
365,39,107,214,55,21,1,-1,-1,-1
365,43,485,203,50,22,1,-1,-1,-1
365,44,44,198,56,23,1,-1,-1,-1
365,45,306,207,54,20,1,-1,-1,-1
365,46,394,215,54,18,1,-1,-1,-1
365,47,120,224,58,24,1,-1,-1,-1
365,48,391,194,37,21,1,-1,-1,-1
365,49,595,204,49,19,1,-1,-1,-1
365,50,577,214,57,21,1,-1,-1,-1
365,51,393,224,54,20,1,-1,-1,-1
365,52,695,200,50,20,1,-1,-1,-1
365,53,761,193,53,18,1,-1,-1,-1
365,54,827,203,52,18,1,-1,-1,-1
365,55,834,210,54,22,1,-1,-1,-1
365,56,957,211,58,20,1,-1,-1,-1
365,58,820,234,56,26,1,-1,-1,-1
365,59,405,279,69,30,1,-1,-1,-1
365,60,783,279,63,26,1,-1,-1,-1
365,61,96,275,79,28,1,-1,-1,-1
365,62,0,261,49,27,1,-1,-1,-1
366,0,309,256,62,25,1,-1,-1,-1
366,1,517,272,66,26,1,-1,-1,-1
366,2,984,251,39,22,1,-1,-1,-1
366,3,578,248,50,29,1,-1,-1,-1
366,14,230,121,20,12,1,-1,-1,-1
366,15,254,120,16,11,1,-1,-1,-1
366,16,273,120,17,13,1,-1,-1,-1
366,17,292,118,17,13,1,-1,-1,-1
366,18,312,118,17,12,1,-1,-1,-1
366,19,332,119,15,13,1,-1,-1,-1
366,20,352,119,14,12,1,-1,-1,-1
366,21,271,134,20,17,1,-1,-1,-1
366,22,293,135,20,13,1,-1,-1,-1
366,23,315,133,18,14,1,-1,-1,-1
366,24,339,134,18,13,1,-1,-1,-1
366,25,403,117,14,14,1,-1,-1,-1
366,26,461,135,15,14,1,-1,-1,-1
366,27,504,134,15,15,1,-1,-1,-1
366,28,547,144,28,20,1,-1,-1,-1
366,29,499,117,13,13,1,-1,-1,-1
366,30,517,118,13,13,1,-1,-1,-1
366,31,570,117,16,14,1,-1,-1,-1
366,32,592,115,15,16,1,-1,-1,-1
366,33,608,111,29,23,1,-1,-1,-1
366,34,422,118,13,11,1,-1,-1,-1
366,35,481,118,16,11,1,-1,-1,-1
366,36,163,201,62,24,1,-1,-1,-1
366,37,630,131,45,42,1,-1,-1,-1
366,39,103,214,55,22,1,-1,-1,-1
366,43,483,203,50,22,1,-1,-1,-1
366,44,40,198,56,23,1,-1,-1,-1
366,45,303,207,54,20,1,-1,-1,-1
366,46,391,215,54,18,1,-1,-1,-1
366,47,116,224,58,24,1,-1,-1,-1
366,48,388,194,37,21,1,-1,-1,-1
366,49,593,204,49,19,1,-1,-1,-1
366,50,574,214,57,21,1,-1,-1,-1
366,51,389,224,54,20,1,-1,-1,-1
366,52,693,200,50,20,1,-1,-1,-1
366,53,758,193,53,18,1,-1,-1,-1
366,54,825,203,51,18,1,-1,-1,-1
366,55,831,210,54,22,1,-1,-1,-1
366,56,955,211,58,20,1,-1,-1,-1
366,58,825,234,56,26,1,-1,-1,-1
366,59,409,279,69,30,1,-1,-1,-1
366,60,788,278,60,27,1,-1,-1,-1
366,61,99,275,79,28,1,-1,-1,-1
366,62,0,261,52,27,1,-1,-1,-1
367,0,312,256,62,25,1,-1,-1,-1
367,1,520,272,66,26,1,-1,-1,-1
367,2,987,251,36,23,1,-1,-1,-1
367,3,581,248,50,29,1,-1,-1,-1
367,14,230,121,20,12,1,-1,-1,-1
367,15,254,120,16,11,1,-1,-1,-1
367,16,273,120,17,13,1,-1,-1,-1
367,17,292,118,17,13,1,-1,-1,-1
367,18,312,118,17,12,1,-1,-1,-1
367,19,332,119,16,13,1,-1,-1,-1
367,20,352,119,14,12,1,-1,-1,-1
367,21,271,134,20,17,1,-1,-1,-1
367,22,293,135,20,13,1,-1,-1,-1
367,23,315,133,18,14,1,-1,-1,-1
367,24,339,134,18,13,1,-1,-1,-1
367,25,403,117,14,14,1,-1,-1,-1
367,26,461,134,15,14,1,-1,-1,-1
367,27,504,134,16,15,1,-1,-1,-1
367,28,547,144,28,20,1,-1,-1,-1
367,29,499,117,13,13,1,-1,-1,-1
367,30,517,118,13,13,1,-1,-1,-1
367,31,570,117,16,14,1,-1,-1,-1
367,32,592,115,15,16,1,-1,-1,-1
367,33,608,111,29,23,1,-1,-1,-1
367,34,422,118,14,11,1,-1,-1,-1
367,35,481,118,16,11,1,-1,-1,-1
367,36,159,201,62,24,1,-1,-1,-1
367,37,630,131,45,42,1,-1,-1,-1
367,39,99,214,56,22,1,-1,-1,-1
367,43,480,203,50,22,1,-1,-1,-1
367,44,36,198,56,23,1,-1,-1,-1
367,45,300,207,54,20,1,-1,-1,-1
367,46,388,215,54,18,1,-1,-1,-1
367,47,111,224,58,24,1,-1,-1,-1
367,48,384,194,37,21,1,-1,-1,-1
367,49,591,204,49,19,1,-1,-1,-1
367,50,571,214,57,21,1,-1,-1,-1
367,51,385,224,54,20,1,-1,-1,-1
367,52,691,200,50,20,1,-1,-1,-1
367,53,756,193,53,18,1,-1,-1,-1
367,54,822,203,51,18,1,-1,-1,-1
367,55,829,211,53,22,1,-1,-1,-1
367,56,953,211,58,20,1,-1,-1,-1
367,58,830,233,55,27,1,-1,-1,-1
367,59,412,279,69,30,1,-1,-1,-1
367,60,792,277,58,28,1,-1,-1,-1
367,61,103,275,78,28,1,-1,-1,-1
367,62,0,261,54,27,1,-1,-1,-1
368,0,315,256,62,25,1,-1,-1,-1
368,1,523,272,66,26,1,-1,-1,-1
368,2,989,250,34,23,1,-1,-1,-1
368,3,584,248,50,29,1,-1,-1,-1
368,14,230,121,20,12,1,-1,-1,-1
368,15,254,120,16,11,1,-1,-1,-1
368,16,273,120,17,12,1,-1,-1,-1
368,17,292,118,17,13,1,-1,-1,-1
368,18,313,118,17,12,1,-1,-1,-1
368,19,332,119,16,12,1,-1,-1,-1
368,20,352,119,14,12,1,-1,-1,-1
368,21,271,134,20,17,1,-1,-1,-1
368,22,293,135,20,13,1,-1,-1,-1
368,23,315,133,18,14,1,-1,-1,-1
368,24,339,134,18,13,1,-1,-1,-1
368,25,403,117,14,14,1,-1,-1,-1
368,26,461,134,15,14,1,-1,-1,-1
368,27,504,134,16,15,1,-1,-1,-1
368,28,547,144,28,20,1,-1,-1,-1
368,29,499,117,13,12,1,-1,-1,-1
368,30,517,118,13,13,1,-1,-1,-1
368,31,570,117,16,14,1,-1,-1,-1
368,32,592,115,15,16,1,-1,-1,-1
368,33,608,111,29,23,1,-1,-1,-1
368,34,422,118,14,11,1,-1,-1,-1
368,35,481,118,16,11,1,-1,-1,-1
368,36,156,201,62,24,1,-1,-1,-1
368,37,630,132,45,42,1,-1,-1,-1
368,39,95,214,56,22,1,-1,-1,-1
368,43,477,203,50,22,1,-1,-1,-1
368,44,32,199,56,22,1,-1,-1,-1
368,45,296,207,54,20,1,-1,-1,-1
368,46,384,215,54,18,1,-1,-1,-1
368,47,107,224,58,24,1,-1,-1,-1
368,48,381,194,37,21,1,-1,-1,-1
368,49,589,204,49,19,1,-1,-1,-1
368,50,568,214,57,21,1,-1,-1,-1
368,51,381,224,54,20,1,-1,-1,-1
368,52,689,200,50,20,1,-1,-1,-1
368,53,754,193,53,18,1,-1,-1,-1
368,54,820,203,51,18,1,-1,-1,-1
368,55,826,211,53,22,1,-1,-1,-1
368,56,950,211,57,21,1,-1,-1,-1
368,58,838,235,50,25,1,-1,-1,-1
368,59,416,280,69,30,1,-1,-1,-1
368,60,795,277,55,27,1,-1,-1,-1
368,61,107,275,78,28,1,-1,-1,-1
368,62,0,261,56,27,1,-1,-1,-1
369,0,318,256,62,25,1,-1,-1,-1
369,1,526,271,66,26,1,-1,-1,-1
369,2,992,250,31,23,1,-1,-1,-1
369,3,587,248,50,29,1,-1,-1,-1
369,14,230,121,20,12,1,-1,-1,-1
369,15,254,120,15,11,1,-1,-1,-1
369,16,272,120,17,12,1,-1,-1,-1
369,17,292,118,17,13,1,-1,-1,-1
369,18,313,118,17,12,1,-1,-1,-1
369,19,332,119,16,12,1,-1,-1,-1
369,20,352,119,14,12,1,-1,-1,-1
369,21,271,134,20,17,1,-1,-1,-1
369,22,293,135,20,13,1,-1,-1,-1
369,23,315,133,18,14,1,-1,-1,-1
369,24,339,134,18,13,1,-1,-1,-1
369,25,403,117,14,14,1,-1,-1,-1
369,26,461,134,15,14,1,-1,-1,-1
369,27,504,134,16,15,1,-1,-1,-1
369,28,547,144,28,20,1,-1,-1,-1
369,29,499,117,13,12,1,-1,-1,-1
369,30,517,118,13,13,1,-1,-1,-1
369,31,570,117,16,14,1,-1,-1,-1
369,32,592,115,15,16,1,-1,-1,-1
369,33,608,111,30,23,1,-1,-1,-1
369,34,422,118,14,11,1,-1,-1,-1
369,35,481,118,16,11,1,-1,-1,-1
369,36,153,201,62,24,1,-1,-1,-1
369,37,630,132,45,42,1,-1,-1,-1
369,39,91,214,56,22,1,-1,-1,-1
369,43,475,203,50,22,1,-1,-1,-1
369,44,28,199,56,22,1,-1,-1,-1
369,45,293,207,54,20,1,-1,-1,-1
369,46,381,215,53,18,1,-1,-1,-1
369,47,103,224,58,24,1,-1,-1,-1
369,48,377,194,37,21,1,-1,-1,-1
369,49,587,204,49,19,1,-1,-1,-1
369,50,565,214,57,21,1,-1,-1,-1
369,51,378,224,54,20,1,-1,-1,-1
369,52,687,200,50,20,1,-1,-1,-1
369,53,752,193,53,18,1,-1,-1,-1
369,54,818,203,52,18,1,-1,-1,-1
369,55,824,211,53,22,1,-1,-1,-1
369,56,948,211,57,21,1,-1,-1,-1
369,58,846,236,46,24,1,-1,-1,-1
369,59,419,280,69,30,1,-1,-1,-1
369,60,797,277,53,26,1,-1,-1,-1
369,61,110,275,78,28,1,-1,-1,-1
369,62,0,261,58,27,1,-1,-1,-1
370,0,322,256,62,25,1,-1,-1,-1
370,1,529,271,66,26,1,-1,-1,-1
370,3,590,248,50,29,1,-1,-1,-1
370,14,230,121,20,12,1,-1,-1,-1
370,15,254,120,15,11,1,-1,-1,-1
370,16,272,120,18,12,1,-1,-1,-1
370,17,292,118,17,13,1,-1,-1,-1
370,18,313,118,17,12,1,-1,-1,-1
370,19,332,119,16,12,1,-1,-1,-1
370,20,352,119,14,12,1,-1,-1,-1
370,21,271,134,20,17,1,-1,-1,-1
370,22,293,135,19,13,1,-1,-1,-1
370,23,315,133,18,14,1,-1,-1,-1
370,24,339,134,18,13,1,-1,-1,-1
370,25,403,117,14,14,1,-1,-1,-1
370,26,461,134,15,14,1,-1,-1,-1
370,27,503,134,16,15,1,-1,-1,-1
370,28,547,143,28,20,1,-1,-1,-1
370,29,499,117,13,12,1,-1,-1,-1
370,30,517,118,13,13,1,-1,-1,-1
370,31,570,117,16,14,1,-1,-1,-1
370,32,592,115,15,16,1,-1,-1,-1
370,33,608,111,30,23,1,-1,-1,-1
370,34,422,118,14,11,1,-1,-1,-1
370,35,481,118,16,11,1,-1,-1,-1
370,36,149,202,62,24,1,-1,-1,-1
370,37,630,132,45,42,1,-1,-1,-1
370,39,88,214,56,22,1,-1,-1,-1
370,43,472,203,50,22,1,-1,-1,-1
370,44,25,199,56,22,1,-1,-1,-1
370,45,290,207,54,20,1,-1,-1,-1
370,46,377,215,52,18,1,-1,-1,-1
370,47,99,224,58,24,1,-1,-1,-1
370,48,374,194,37,21,1,-1,-1,-1
370,49,585,204,49,19,1,-1,-1,-1
370,50,562,214,57,21,1,-1,-1,-1
370,51,374,225,54,20,1,-1,-1,-1
370,52,685,200,50,20,1,-1,-1,-1
370,53,749,193,53,18,1,-1,-1,-1
370,54,815,203,52,18,1,-1,-1,-1
370,55,821,211,53,22,1,-1,-1,-1
370,56,946,211,57,21,1,-1,-1,-1
370,58,851,235,40,25,1,-1,-1,-1
370,59,423,280,69,29,1,-1,-1,-1
370,60,800,278,50,24,1,-1,-1,-1
370,61,114,275,78,28,1,-1,-1,-1
370,62,0,261,60,27,1,-1,-1,-1
371,0,325,256,62,25,1,-1,-1,-1
371,1,531,271,66,26,1,-1,-1,-1
371,3,593,248,50,29,1,-1,-1,-1
371,14,230,121,20,12,1,-1,-1,-1
371,15,254,120,15,11,1,-1,-1,-1
371,16,272,120,17,12,1,-1,-1,-1
371,17,292,118,17,13,1,-1,-1,-1
371,18,313,118,17,12,1,-1,-1,-1
371,19,332,119,16,12,1,-1,-1,-1
371,20,352,119,14,12,1,-1,-1,-1
371,21,271,134,20,17,1,-1,-1,-1
371,22,293,135,19,13,1,-1,-1,-1
371,23,315,133,18,14,1,-1,-1,-1
371,24,338,134,18,13,1,-1,-1,-1
371,25,403,117,14,14,1,-1,-1,-1
371,26,460,134,15,14,1,-1,-1,-1
371,27,503,134,16,15,1,-1,-1,-1
371,28,547,143,28,20,1,-1,-1,-1
371,29,499,117,13,12,1,-1,-1,-1
371,30,517,118,13,13,1,-1,-1,-1
371,31,570,117,16,14,1,-1,-1,-1
371,32,592,115,15,16,1,-1,-1,-1
371,33,608,111,30,23,1,-1,-1,-1
371,34,422,118,14,11,1,-1,-1,-1
371,35,481,118,16,11,1,-1,-1,-1
371,36,146,202,63,24,1,-1,-1,-1
371,37,631,132,45,42,1,-1,-1,-1
371,39,84,214,56,22,1,-1,-1,-1
371,43,469,203,50,22,1,-1,-1,-1
371,44,21,199,56,22,1,-1,-1,-1
371,45,287,207,54,20,1,-1,-1,-1
371,46,374,215,51,18,1,-1,-1,-1
371,47,95,224,58,24,1,-1,-1,-1
371,48,370,194,37,22,1,-1,-1,-1
371,49,583,204,49,19,1,-1,-1,-1
371,50,559,214,57,21,1,-1,-1,-1
371,51,370,225,54,20,1,-1,-1,-1
371,52,683,200,50,20,1,-1,-1,-1
371,53,747,193,53,18,1,-1,-1,-1
371,54,813,203,52,18,1,-1,-1,-1
371,55,819,211,53,22,1,-1,-1,-1
371,56,943,211,56,21,1,-1,-1,-1
371,58,856,234,34,26,1,-1,-1,-1
371,59,426,280,69,29,1,-1,-1,-1
371,61,117,275,78,28,1,-1,-1,-1
371,62,0,261,62,27,1,-1,-1,-1
372,0,329,256,62,25,1,-1,-1,-1
372,1,534,271,66,26,1,-1,-1,-1
372,3,596,248,50,29,1,-1,-1,-1
372,14,230,121,20,12,1,-1,-1,-1
372,15,254,121,15,11,1,-1,-1,-1
372,16,273,120,17,12,1,-1,-1,-1
372,17,291,118,17,13,1,-1,-1,-1
372,18,313,118,17,12,1,-1,-1,-1
372,19,332,119,16,12,1,-1,-1,-1
372,20,352,119,14,12,1,-1,-1,-1
372,21,271,134,20,17,1,-1,-1,-1
372,22,293,135,19,13,1,-1,-1,-1
372,23,315,133,18,14,1,-1,-1,-1
372,24,338,134,18,13,1,-1,-1,-1
372,25,403,117,14,14,1,-1,-1,-1
372,26,460,134,15,14,1,-1,-1,-1
372,27,503,134,16,15,1,-1,-1,-1
372,28,547,143,28,20,1,-1,-1,-1
372,29,499,117,13,12,1,-1,-1,-1
372,30,517,118,13,13,1,-1,-1,-1
372,31,570,117,16,14,1,-1,-1,-1
372,32,592,115,15,16,1,-1,-1,-1
372,33,608,111,30,23,1,-1,-1,-1
372,34,422,118,14,11,1,-1,-1,-1
372,35,481,118,16,12,1,-1,-1,-1
372,36,142,202,63,24,1,-1,-1,-1
372,37,631,132,45,42,1,-1,-1,-1
372,39,80,214,56,22,1,-1,-1,-1
372,43,467,203,50,22,1,-1,-1,-1
372,44,17,199,56,22,1,-1,-1,-1
372,45,283,207,54,20,1,-1,-1,-1
372,46,370,215,51,19,1,-1,-1,-1
372,47,91,224,58,24,1,-1,-1,-1
372,48,367,194,37,22,1,-1,-1,-1
372,49,581,204,49,19,1,-1,-1,-1
372,50,556,214,57,21,1,-1,-1,-1
372,51,366,225,54,20,1,-1,-1,-1
372,52,680,200,50,20,1,-1,-1,-1
372,53,745,193,53,18,1,-1,-1,-1
372,54,811,203,53,18,1,-1,-1,-1
372,55,816,211,53,22,1,-1,-1,-1
372,56,940,211,56,21,1,-1,-1,-1
372,59,430,280,70,29,1,-1,-1,-1
372,61,121,275,78,28,1,-1,-1,-1
372,62,0,261,64,26,1,-1,-1,-1
373,0,332,255,62,25,1,-1,-1,-1
373,1,537,271,66,26,1,-1,-1,-1
373,3,599,248,50,29,1,-1,-1,-1
373,14,230,121,20,12,1,-1,-1,-1
373,15,254,121,15,11,1,-1,-1,-1
373,16,273,120,17,12,1,-1,-1,-1
373,17,291,118,17,13,1,-1,-1,-1
373,18,313,118,17,12,1,-1,-1,-1
373,19,332,119,16,12,1,-1,-1,-1
373,20,352,119,14,12,1,-1,-1,-1
373,21,271,134,20,17,1,-1,-1,-1
373,22,293,135,19,13,1,-1,-1,-1
373,23,315,133,18,14,1,-1,-1,-1
373,24,338,134,18,13,1,-1,-1,-1
373,25,403,117,14,14,1,-1,-1,-1
373,26,460,134,15,14,1,-1,-1,-1
373,27,503,134,16,15,1,-1,-1,-1
373,28,547,143,28,20,1,-1,-1,-1
373,29,499,117,13,12,1,-1,-1,-1
373,30,517,118,13,13,1,-1,-1,-1
373,31,570,117,16,14,1,-1,-1,-1
373,32,592,115,15,16,1,-1,-1,-1
373,33,608,111,31,23,1,-1,-1,-1
373,34,422,118,14,12,1,-1,-1,-1
373,35,481,118,16,12,1,-1,-1,-1
373,36,139,202,63,24,1,-1,-1,-1
373,37,631,133,45,42,1,-1,-1,-1
373,39,76,214,56,22,1,-1,-1,-1
373,43,464,203,50,22,1,-1,-1,-1
373,44,13,199,56,22,1,-1,-1,-1
373,45,280,207,54,20,1,-1,-1,-1
373,46,367,215,50,19,1,-1,-1,-1
373,47,86,224,58,24,1,-1,-1,-1
373,48,363,194,37,22,1,-1,-1,-1
373,49,579,204,49,19,1,-1,-1,-1
373,50,553,214,57,21,1,-1,-1,-1
373,51,363,225,54,20,1,-1,-1,-1
373,52,678,200,50,20,1,-1,-1,-1
373,53,743,193,53,18,1,-1,-1,-1
373,54,808,203,53,18,1,-1,-1,-1
373,55,813,211,53,22,1,-1,-1,-1
373,56,937,211,56,21,1,-1,-1,-1
373,59,433,281,70,29,1,-1,-1,-1
373,61,125,275,78,28,1,-1,-1,-1
373,62,0,261,66,26,1,-1,-1,-1
374,0,335,255,62,25,1,-1,-1,-1
374,1,540,271,66,26,1,-1,-1,-1
374,3,602,248,51,29,1,-1,-1,-1
374,14,230,121,20,12,1,-1,-1,-1
374,15,254,121,15,11,1,-1,-1,-1
374,16,273,120,17,12,1,-1,-1,-1
374,17,291,118,18,13,1,-1,-1,-1
374,18,313,118,17,12,1,-1,-1,-1
374,19,332,119,16,12,1,-1,-1,-1
374,20,352,119,14,12,1,-1,-1,-1
374,21,271,134,20,17,1,-1,-1,-1
374,22,293,135,19,13,1,-1,-1,-1
374,23,315,133,18,14,1,-1,-1,-1
374,24,338,134,18,13,1,-1,-1,-1
374,25,403,117,14,14,1,-1,-1,-1
374,26,460,134,15,14,1,-1,-1,-1
374,27,503,134,16,15,1,-1,-1,-1
374,28,547,143,28,20,1,-1,-1,-1
374,29,499,117,14,12,1,-1,-1,-1
374,30,517,118,13,13,1,-1,-1,-1
374,31,570,117,16,14,1,-1,-1,-1
374,32,592,115,15,16,1,-1,-1,-1
374,33,608,111,30,23,1,-1,-1,-1
374,34,422,118,14,12,1,-1,-1,-1
374,35,481,118,16,12,1,-1,-1,-1
374,36,135,202,63,24,1,-1,-1,-1
374,37,631,133,44,42,1,-1,-1,-1
374,39,72,214,56,22,1,-1,-1,-1
374,43,461,203,50,22,1,-1,-1,-1
374,44,9,200,56,21,1,-1,-1,-1
374,45,277,207,54,20,1,-1,-1,-1
374,46,363,215,50,18,1,-1,-1,-1
374,47,82,224,58,24,1,-1,-1,-1
374,48,360,194,37,22,1,-1,-1,-1
374,49,577,205,49,19,1,-1,-1,-1
374,50,550,214,57,21,1,-1,-1,-1
374,51,359,225,54,20,1,-1,-1,-1
374,52,676,200,50,20,1,-1,-1,-1
374,53,740,193,53,18,1,-1,-1,-1
374,54,806,203,53,18,1,-1,-1,-1
374,55,810,211,53,22,1,-1,-1,-1
374,56,935,211,56,21,1,-1,-1,-1
374,59,437,281,70,29,1,-1,-1,-1
374,61,128,275,78,28,1,-1,-1,-1
374,62,0,260,68,26,1,-1,-1,-1
375,0,339,255,62,25,1,-1,-1,-1
375,1,543,271,66,26,1,-1,-1,-1
375,3,606,248,51,29,1,-1,-1,-1
375,14,230,121,20,12,1,-1,-1,-1
375,15,254,121,15,11,1,-1,-1,-1
375,16,273,120,17,12,1,-1,-1,-1
375,17,291,118,18,13,1,-1,-1,-1
375,18,313,118,17,12,1,-1,-1,-1
375,19,332,119,16,12,1,-1,-1,-1
375,20,352,119,14,12,1,-1,-1,-1
375,21,271,134,19,17,1,-1,-1,-1
375,22,293,135,19,13,1,-1,-1,-1
375,23,315,133,18,14,1,-1,-1,-1
375,24,338,134,18,13,1,-1,-1,-1
375,25,403,117,14,14,1,-1,-1,-1
375,26,460,134,15,15,1,-1,-1,-1
375,27,503,134,16,15,1,-1,-1,-1
375,28,547,143,28,20,1,-1,-1,-1
375,29,499,118,14,12,1,-1,-1,-1
375,30,517,118,13,13,1,-1,-1,-1
375,31,570,117,16,14,1,-1,-1,-1
375,32,592,115,15,16,1,-1,-1,-1
375,33,608,112,30,23,1,-1,-1,-1
375,34,422,118,14,12,1,-1,-1,-1
375,35,481,118,16,12,1,-1,-1,-1
375,36,132,202,63,24,1,-1,-1,-1
375,37,631,133,44,42,1,-1,-1,-1
375,39,68,214,57,22,1,-1,-1,-1
375,43,458,203,50,22,1,-1,-1,-1
375,44,5,200,56,21,1,-1,-1,-1
375,45,273,207,54,20,1,-1,-1,-1
375,46,359,215,50,18,1,-1,-1,-1
375,47,78,224,57,24,1,-1,-1,-1
375,48,356,193,37,22,1,-1,-1,-1
375,49,575,205,49,19,1,-1,-1,-1
375,50,547,214,57,21,1,-1,-1,-1
375,51,355,225,54,20,1,-1,-1,-1
375,52,674,200,50,20,1,-1,-1,-1
375,53,738,193,53,18,1,-1,-1,-1
375,54,803,203,54,18,1,-1,-1,-1
375,55,807,211,54,22,1,-1,-1,-1
375,56,932,212,56,21,1,-1,-1,-1
375,59,440,281,70,29,1,-1,-1,-1
375,61,132,275,78,28,1,-1,-1,-1
375,62,0,260,70,26,1,-1,-1,-1
376,0,342,255,62,25,1,-1,-1,-1
376,1,546,271,66,26,1,-1,-1,-1
376,3,609,248,51,29,1,-1,-1,-1
376,14,230,121,20,12,1,-1,-1,-1
376,15,254,121,15,11,1,-1,-1,-1
376,16,273,120,17,12,1,-1,-1,-1
376,17,291,118,18,13,1,-1,-1,-1
376,18,313,118,17,12,1,-1,-1,-1
376,19,332,119,16,12,1,-1,-1,-1
376,20,352,119,14,12,1,-1,-1,-1
376,21,271,134,19,17,1,-1,-1,-1
376,22,294,135,19,13,1,-1,-1,-1
376,23,315,133,18,14,1,-1,-1,-1
376,24,338,134,18,13,1,-1,-1,-1
376,25,403,117,14,14,1,-1,-1,-1
376,26,460,134,15,15,1,-1,-1,-1
376,27,503,134,16,15,1,-1,-1,-1
376,28,547,143,28,20,1,-1,-1,-1
376,29,499,118,14,11,1,-1,-1,-1
376,30,516,118,14,13,1,-1,-1,-1
376,31,570,118,16,14,1,-1,-1,-1
376,32,592,115,15,16,1,-1,-1,-1
376,33,608,112,30,23,1,-1,-1,-1
376,34,422,118,14,12,1,-1,-1,-1
376,35,481,118,16,12,1,-1,-1,-1
376,36,129,202,63,24,1,-1,-1,-1
376,37,632,133,44,42,1,-1,-1,-1
376,39,64,215,57,22,1,-1,-1,-1
376,43,456,203,50,22,1,-1,-1,-1
376,44,2,200,56,21,1,-1,-1,-1
376,45,270,207,54,20,1,-1,-1,-1
376,46,356,215,51,18,1,-1,-1,-1
376,47,74,224,58,24,1,-1,-1,-1
376,48,353,193,37,22,1,-1,-1,-1
376,49,573,205,49,19,1,-1,-1,-1
376,50,544,214,58,21,1,-1,-1,-1
376,51,351,225,54,20,1,-1,-1,-1
376,52,672,200,50,20,1,-1,-1,-1
376,53,736,194,53,18,1,-1,-1,-1
376,54,801,203,54,18,1,-1,-1,-1
376,55,805,211,54,22,1,-1,-1,-1
376,56,929,212,55,21,1,-1,-1,-1
376,59,444,281,70,29,1,-1,-1,-1
376,61,135,275,77,27,1,-1,-1,-1
376,62,0,260,73,26,1,-1,-1,-1
377,0,346,255,62,25,1,-1,-1,-1
377,1,549,271,66,26,1,-1,-1,-1
377,3,612,248,51,29,1,-1,-1,-1
377,14,230,121,20,12,1,-1,-1,-1
377,15,254,121,15,11,1,-1,-1,-1
377,16,273,120,17,12,1,-1,-1,-1
377,17,291,118,18,13,1,-1,-1,-1
377,18,313,118,17,12,1,-1,-1,-1
377,19,332,119,16,12,1,-1,-1,-1
377,20,352,119,14,12,1,-1,-1,-1
377,21,271,134,19,17,1,-1,-1,-1
377,22,294,135,19,13,1,-1,-1,-1
377,23,315,133,18,14,1,-1,-1,-1
377,24,338,134,18,13,1,-1,-1,-1
377,25,403,118,14,13,1,-1,-1,-1
377,26,460,134,15,15,1,-1,-1,-1
377,27,503,134,16,15,1,-1,-1,-1
377,28,547,143,28,20,1,-1,-1,-1
377,29,499,118,14,11,1,-1,-1,-1
377,30,516,118,14,13,1,-1,-1,-1
377,31,570,118,16,14,1,-1,-1,-1
377,32,592,115,15,16,1,-1,-1,-1
377,33,608,112,30,22,1,-1,-1,-1
377,34,422,118,13,12,1,-1,-1,-1
377,35,481,118,16,12,1,-1,-1,-1
377,36,125,202,63,24,1,-1,-1,-1
377,37,632,133,44,42,1,-1,-1,-1
377,39,60,215,57,22,1,-1,-1,-1
377,43,453,203,50,22,1,-1,-1,-1
377,44,0,199,55,22,1,-1,-1,-1
377,45,267,207,55,20,1,-1,-1,-1
377,46,352,215,51,18,1,-1,-1,-1
377,47,70,224,58,24,1,-1,-1,-1
377,48,349,193,37,22,1,-1,-1,-1
377,49,571,205,49,19,1,-1,-1,-1
377,50,542,214,58,21,1,-1,-1,-1
377,51,347,225,54,20,1,-1,-1,-1
377,52,670,200,50,20,1,-1,-1,-1
377,53,734,194,53,18,1,-1,-1,-1
377,54,798,203,54,18,1,-1,-1,-1
377,55,802,211,54,22,1,-1,-1,-1
377,56,927,212,55,20,1,-1,-1,-1
377,59,448,281,70,29,1,-1,-1,-1
377,61,139,275,77,27,1,-1,-1,-1
377,62,2,261,73,26,1,-1,-1,-1
378,0,349,255,62,25,1,-1,-1,-1
378,1,551,271,66,26,1,-1,-1,-1
378,3,615,248,51,29,1,-1,-1,-1
378,14,230,121,20,12,1,-1,-1,-1
378,15,254,121,15,11,1,-1,-1,-1
378,16,273,120,17,12,1,-1,-1,-1
378,17,291,118,18,13,1,-1,-1,-1
378,18,313,118,17,13,1,-1,-1,-1
378,19,332,119,16,12,1,-1,-1,-1
378,20,352,119,14,12,1,-1,-1,-1
378,21,271,134,19,17,1,-1,-1,-1
378,22,294,135,19,13,1,-1,-1,-1
378,23,315,133,18,14,1,-1,-1,-1
378,24,338,134,18,13,1,-1,-1,-1
378,25,403,118,14,13,1,-1,-1,-1
378,26,460,134,15,15,1,-1,-1,-1
378,27,503,134,16,15,1,-1,-1,-1
378,28,547,143,28,20,1,-1,-1,-1
378,29,499,118,14,11,1,-1,-1,-1
378,30,516,118,14,13,1,-1,-1,-1
378,31,570,118,16,14,1,-1,-1,-1
378,32,592,115,15,16,1,-1,-1,-1
378,33,608,112,29,22,1,-1,-1,-1
378,34,422,118,13,12,1,-1,-1,-1
378,35,481,118,16,12,1,-1,-1,-1
378,36,122,202,63,24,1,-1,-1,-1
378,37,632,134,44,42,1,-1,-1,-1
378,39,56,215,57,22,1,-1,-1,-1
378,43,450,203,50,22,1,-1,-1,-1
378,44,0,199,51,22,1,-1,-1,-1
378,45,263,207,55,20,1,-1,-1,-1
378,46,348,215,51,18,1,-1,-1,-1
378,47,65,224,58,24,1,-1,-1,-1
378,48,346,193,37,22,1,-1,-1,-1
378,49,569,205,49,19,1,-1,-1,-1
378,50,539,214,58,21,1,-1,-1,-1
378,51,343,225,54,20,1,-1,-1,-1
378,52,668,200,50,20,1,-1,-1,-1
378,53,732,194,53,18,1,-1,-1,-1
378,54,796,203,54,18,1,-1,-1,-1
378,55,799,211,54,22,1,-1,-1,-1
378,56,924,212,55,20,1,-1,-1,-1
378,59,451,282,70,29,1,-1,-1,-1
378,61,143,275,77,27,1,-1,-1,-1
378,62,4,261,73,26,1,-1,-1,-1
379,0,352,255,62,25,1,-1,-1,-1
379,1,554,271,66,27,1,-1,-1,-1
379,3,618,248,51,29,1,-1,-1,-1
379,14,230,121,20,12,1,-1,-1,-1
379,15,254,121,16,11,1,-1,-1,-1
379,16,273,120,17,12,1,-1,-1,-1
379,17,291,118,18,13,1,-1,-1,-1
379,18,313,118,17,13,1,-1,-1,-1
379,19,332,119,16,12,1,-1,-1,-1
379,20,352,119,14,12,1,-1,-1,-1
379,21,271,134,19,17,1,-1,-1,-1
379,22,294,135,19,13,1,-1,-1,-1
379,23,315,133,18,14,1,-1,-1,-1
379,24,338,134,18,13,1,-1,-1,-1
379,25,403,118,14,13,1,-1,-1,-1
379,26,460,134,15,15,1,-1,-1,-1
379,27,503,134,16,15,1,-1,-1,-1
379,28,547,143,28,20,1,-1,-1,-1
379,29,499,118,14,12,1,-1,-1,-1
379,30,516,118,14,13,1,-1,-1,-1
379,31,570,118,15,14,1,-1,-1,-1
379,32,592,115,14,16,1,-1,-1,-1
379,33,608,112,29,22,1,-1,-1,-1
379,34,422,118,13,12,1,-1,-1,-1
379,35,481,118,16,12,1,-1,-1,-1
379,36,118,202,63,24,1,-1,-1,-1
379,37,632,134,44,41,1,-1,-1,-1
379,39,52,215,57,22,1,-1,-1,-1
379,43,447,203,50,22,1,-1,-1,-1
379,44,0,199,48,22,1,-1,-1,-1
379,45,260,207,55,20,1,-1,-1,-1
379,46,344,215,51,18,1,-1,-1,-1
379,47,61,224,58,24,1,-1,-1,-1
379,48,342,193,37,22,1,-1,-1,-1
379,49,567,205,49,19,1,-1,-1,-1
379,50,536,214,58,21,1,-1,-1,-1
379,51,339,224,54,20,1,-1,-1,-1
379,52,666,200,50,20,1,-1,-1,-1
379,53,729,194,53,18,1,-1,-1,-1
379,54,793,203,54,18,1,-1,-1,-1
379,55,796,211,54,22,1,-1,-1,-1
379,56,922,212,55,20,1,-1,-1,-1
379,59,455,282,70,29,1,-1,-1,-1
379,61,147,275,77,27,1,-1,-1,-1
379,62,6,261,73,26,1,-1,-1,-1
380,0,356,255,62,25,1,-1,-1,-1
380,1,557,271,66,27,1,-1,-1,-1
380,3,621,248,51,29,1,-1,-1,-1
380,14,230,121,20,12,1,-1,-1,-1
380,15,254,121,16,11,1,-1,-1,-1
380,16,273,120,17,12,1,-1,-1,-1
380,17,291,118,18,13,1,-1,-1,-1
380,18,313,118,17,12,1,-1,-1,-1
380,19,332,119,16,12,1,-1,-1,-1
380,20,352,119,14,12,1,-1,-1,-1
380,21,271,134,19,17,1,-1,-1,-1
380,22,294,135,19,13,1,-1,-1,-1
380,23,315,134,18,14,1,-1,-1,-1
380,24,338,134,18,13,1,-1,-1,-1
380,25,403,118,14,13,1,-1,-1,-1
380,26,460,134,15,15,1,-1,-1,-1
380,27,503,134,16,15,1,-1,-1,-1
380,28,547,143,28,20,1,-1,-1,-1
380,29,499,118,14,12,1,-1,-1,-1
380,30,517,118,14,13,1,-1,-1,-1
380,31,570,118,15,14,1,-1,-1,-1
380,32,592,115,14,16,1,-1,-1,-1
380,33,609,112,29,22,1,-1,-1,-1
380,34,422,118,13,12,1,-1,-1,-1
380,35,481,118,16,12,1,-1,-1,-1
380,36,115,202,63,24,1,-1,-1,-1
380,37,632,134,44,42,1,-1,-1,-1
380,39,48,215,57,21,1,-1,-1,-1
380,43,444,203,50,22,1,-1,-1,-1
380,44,0,199,44,23,1,-1,-1,-1
380,45,257,207,55,20,1,-1,-1,-1
380,46,341,216,51,17,1,-1,-1,-1
380,47,57,224,58,24,1,-1,-1,-1
380,48,339,193,37,22,1,-1,-1,-1
380,49,565,205,49,19,1,-1,-1,-1
380,50,532,214,58,21,1,-1,-1,-1
380,51,335,224,54,20,1,-1,-1,-1
380,52,663,200,50,20,1,-1,-1,-1
380,53,727,194,52,18,1,-1,-1,-1
380,54,791,203,54,18,1,-1,-1,-1
380,55,793,211,55,22,1,-1,-1,-1
380,56,919,212,55,20,1,-1,-1,-1
380,59,458,282,70,29,1,-1,-1,-1
380,61,150,275,77,27,1,-1,-1,-1
380,62,8,261,73,26,1,-1,-1,-1
381,0,359,255,62,25,1,-1,-1,-1
381,1,560,271,66,27,1,-1,-1,-1
381,3,624,248,51,29,1,-1,-1,-1
381,14,230,121,20,12,1,-1,-1,-1
381,15,254,121,16,11,1,-1,-1,-1
381,16,273,120,17,12,1,-1,-1,-1
381,17,291,118,18,13,1,-1,-1,-1
381,18,313,118,17,12,1,-1,-1,-1
381,19,332,119,16,12,1,-1,-1,-1
381,20,352,119,14,12,1,-1,-1,-1
381,21,271,134,19,17,1,-1,-1,-1
381,22,294,135,19,13,1,-1,-1,-1
381,23,315,134,18,14,1,-1,-1,-1
381,24,338,134,18,13,1,-1,-1,-1
381,25,403,118,14,13,1,-1,-1,-1
381,26,460,134,15,15,1,-1,-1,-1
381,27,503,134,16,15,1,-1,-1,-1
381,28,547,143,28,20,1,-1,-1,-1
381,29,499,118,14,12,1,-1,-1,-1
381,30,517,118,13,12,1,-1,-1,-1
381,31,570,118,15,14,1,-1,-1,-1
381,32,592,115,14,16,1,-1,-1,-1
381,33,609,112,29,22,1,-1,-1,-1
381,34,422,118,13,12,1,-1,-1,-1
381,35,481,118,16,12,1,-1,-1,-1
381,36,111,202,63,24,1,-1,-1,-1
381,37,632,134,44,42,1,-1,-1,-1
381,39,44,215,58,21,1,-1,-1,-1
381,43,441,203,50,22,1,-1,-1,-1
381,44,0,199,40,23,1,-1,-1,-1
381,45,253,207,55,20,1,-1,-1,-1
381,46,338,216,50,17,1,-1,-1,-1
381,47,52,224,58,23,1,-1,-1,-1
381,48,335,193,37,22,1,-1,-1,-1
381,49,563,205,49,19,1,-1,-1,-1
381,50,530,214,58,21,1,-1,-1,-1
381,51,331,224,54,20,1,-1,-1,-1
381,52,661,200,50,20,1,-1,-1,-1
381,53,725,194,52,18,1,-1,-1,-1
381,54,788,203,54,18,1,-1,-1,-1
381,55,790,211,55,22,1,-1,-1,-1
381,56,916,212,55,20,1,-1,-1,-1
381,59,462,282,70,29,1,-1,-1,-1
381,61,154,275,77,27,1,-1,-1,-1
381,62,11,261,73,26,1,-1,-1,-1
381,63,0,280,39,28,1,-1,-1,-1
382,0,363,255,62,25,1,-1,-1,-1
382,1,563,271,66,27,1,-1,-1,-1
382,3,628,248,51,29,1,-1,-1,-1
382,14,230,121,20,12,1,-1,-1,-1
382,15,254,121,16,11,1,-1,-1,-1
382,16,273,120,17,12,1,-1,-1,-1
382,17,291,118,18,13,1,-1,-1,-1
382,18,313,118,17,12,1,-1,-1,-1
382,19,332,119,16,12,1,-1,-1,-1
382,20,352,119,14,12,1,-1,-1,-1
382,21,271,134,19,17,1,-1,-1,-1
382,22,294,135,19,13,1,-1,-1,-1
382,23,315,134,18,14,1,-1,-1,-1
382,24,338,134,18,13,1,-1,-1,-1
382,25,403,118,14,13,1,-1,-1,-1
382,26,460,134,15,15,1,-1,-1,-1
382,27,503,134,16,15,1,-1,-1,-1
382,28,547,143,28,20,1,-1,-1,-1
382,29,499,118,14,12,1,-1,-1,-1
382,30,517,118,13,12,1,-1,-1,-1
382,31,570,118,15,14,1,-1,-1,-1
382,32,592,115,14,16,1,-1,-1,-1
382,33,609,112,29,22,1,-1,-1,-1
382,34,422,118,13,12,1,-1,-1,-1
382,35,481,118,16,12,1,-1,-1,-1
382,36,108,202,63,24,1,-1,-1,-1
382,37,633,134,44,42,1,-1,-1,-1
382,39,40,215,58,21,1,-1,-1,-1
382,43,439,203,50,22,1,-1,-1,-1
382,44,0,199,36,23,1,-1,-1,-1
382,45,250,207,55,20,1,-1,-1,-1
382,46,334,216,50,17,1,-1,-1,-1
382,47,48,224,59,23,1,-1,-1,-1
382,48,331,193,37,22,1,-1,-1,-1
382,49,561,205,49,19,1,-1,-1,-1
382,50,527,214,58,21,1,-1,-1,-1
382,51,327,224,54,20,1,-1,-1,-1
382,52,659,200,50,20,1,-1,-1,-1
382,53,723,194,52,18,1,-1,-1,-1
382,54,786,203,54,18,1,-1,-1,-1
382,55,787,211,55,22,1,-1,-1,-1
382,56,913,212,55,20,1,-1,-1,-1
382,59,466,282,70,29,1,-1,-1,-1
382,61,158,275,77,27,1,-1,-1,-1
382,62,13,261,73,26,1,-1,-1,-1
382,63,0,280,42,28,1,-1,-1,-1
383,0,366,255,62,25,1,-1,-1,-1
383,1,566,270,66,27,1,-1,-1,-1
383,3,631,248,51,29,1,-1,-1,-1
383,14,230,121,20,12,1,-1,-1,-1
383,15,254,121,16,11,1,-1,-1,-1
383,16,273,120,17,12,1,-1,-1,-1
383,17,291,118,18,13,1,-1,-1,-1
383,18,313,119,17,12,1,-1,-1,-1
383,19,332,119,16,12,1,-1,-1,-1
383,20,352,119,14,12,1,-1,-1,-1
383,21,271,134,19,17,1,-1,-1,-1
383,22,294,135,19,13,1,-1,-1,-1
383,23,315,134,18,14,1,-1,-1,-1
383,24,338,134,18,13,1,-1,-1,-1
383,25,403,118,14,13,1,-1,-1,-1
383,26,460,134,15,15,1,-1,-1,-1
383,27,503,134,16,15,1,-1,-1,-1
383,28,547,144,28,20,1,-1,-1,-1
383,29,499,118,14,12,1,-1,-1,-1
383,30,517,118,13,12,1,-1,-1,-1
383,31,570,118,15,14,1,-1,-1,-1
383,32,592,115,14,16,1,-1,-1,-1
383,33,609,112,29,22,1,-1,-1,-1
383,34,423,118,13,12,1,-1,-1,-1
383,35,481,119,16,12,1,-1,-1,-1
383,36,104,202,64,24,1,-1,-1,-1
383,37,633,134,44,42,1,-1,-1,-1
383,39,36,215,58,21,1,-1,-1,-1
383,43,436,203,50,22,1,-1,-1,-1
383,44,0,199,33,23,1,-1,-1,-1
383,45,246,207,55,20,1,-1,-1,-1
383,46,331,216,50,17,1,-1,-1,-1
383,47,44,224,59,23,1,-1,-1,-1
383,48,328,193,37,22,1,-1,-1,-1
383,49,559,205,49,19,1,-1,-1,-1
383,50,524,214,58,21,1,-1,-1,-1
383,51,323,224,55,20,1,-1,-1,-1
383,52,657,200,49,20,1,-1,-1,-1
383,53,721,194,52,18,1,-1,-1,-1
383,54,783,203,54,18,1,-1,-1,-1
383,55,784,211,55,22,1,-1,-1,-1
383,56,911,212,55,20,1,-1,-1,-1
383,59,470,282,70,29,1,-1,-1,-1
383,61,161,275,77,27,1,-1,-1,-1
383,62,16,261,73,26,1,-1,-1,-1
383,63,0,280,45,28,1,-1,-1,-1
384,0,369,255,62,25,1,-1,-1,-1
384,1,569,270,66,27,1,-1,-1,-1
384,3,634,247,52,30,1,-1,-1,-1
384,14,230,121,20,12,1,-1,-1,-1
384,15,254,121,16,11,1,-1,-1,-1
384,16,273,120,17,12,1,-1,-1,-1
384,17,291,118,18,13,1,-1,-1,-1
384,18,313,119,17,12,1,-1,-1,-1
384,19,332,119,16,12,1,-1,-1,-1
384,20,352,119,14,12,1,-1,-1,-1
384,21,271,134,19,17,1,-1,-1,-1
384,22,294,135,19,13,1,-1,-1,-1
384,23,315,134,18,13,1,-1,-1,-1
384,24,338,134,18,13,1,-1,-1,-1
384,25,403,118,14,13,1,-1,-1,-1
384,26,460,134,15,15,1,-1,-1,-1
384,27,503,134,16,15,1,-1,-1,-1
384,28,547,144,28,20,1,-1,-1,-1
384,29,499,118,14,12,1,-1,-1,-1
384,30,517,118,13,12,1,-1,-1,-1
384,31,570,118,15,13,1,-1,-1,-1
384,32,592,114,14,16,1,-1,-1,-1
384,33,609,112,30,22,1,-1,-1,-1
384,34,423,118,13,13,1,-1,-1,-1
384,35,481,119,16,12,1,-1,-1,-1
384,36,101,202,64,24,1,-1,-1,-1
384,37,633,135,44,42,1,-1,-1,-1
384,39,32,215,58,21,1,-1,-1,-1
384,43,433,203,50,22,1,-1,-1,-1
384,44,0,199,29,22,1,-1,-1,-1
384,45,243,207,55,20,1,-1,-1,-1
384,46,327,216,49,17,1,-1,-1,-1
384,47,39,224,59,23,1,-1,-1,-1
384,48,325,193,37,22,1,-1,-1,-1
384,49,557,205,49,19,1,-1,-1,-1
384,50,521,215,58,21,1,-1,-1,-1
384,51,319,224,55,21,1,-1,-1,-1
384,52,655,200,49,20,1,-1,-1,-1
384,53,719,194,52,18,1,-1,-1,-1
384,54,781,203,54,19,1,-1,-1,-1
384,55,781,211,55,22,1,-1,-1,-1
384,56,908,212,55,20,1,-1,-1,-1
384,59,474,283,70,29,1,-1,-1,-1
384,61,165,275,77,27,1,-1,-1,-1
384,62,18,261,73,26,1,-1,-1,-1
384,63,0,279,48,28,1,-1,-1,-1
385,0,373,255,62,25,1,-1,-1,-1
385,1,572,270,66,27,1,-1,-1,-1
385,3,638,247,52,30,1,-1,-1,-1
385,14,230,121,20,12,1,-1,-1,-1
385,15,254,121,16,11,1,-1,-1,-1
385,16,273,120,17,12,1,-1,-1,-1
385,17,291,118,18,13,1,-1,-1,-1
385,18,313,119,17,12,1,-1,-1,-1
385,19,332,119,16,12,1,-1,-1,-1
385,20,352,119,14,12,1,-1,-1,-1
385,21,271,134,19,17,1,-1,-1,-1
385,22,293,135,19,13,1,-1,-1,-1
385,23,315,134,18,13,1,-1,-1,-1
385,24,339,134,18,13,1,-1,-1,-1
385,25,403,118,14,13,1,-1,-1,-1
385,26,460,134,15,15,1,-1,-1,-1
385,27,503,134,16,15,1,-1,-1,-1
385,28,547,144,28,20,1,-1,-1,-1
385,29,499,118,14,12,1,-1,-1,-1
385,30,517,119,13,12,1,-1,-1,-1
385,31,571,118,14,13,1,-1,-1,-1
385,32,592,114,14,16,1,-1,-1,-1
385,33,609,111,30,23,1,-1,-1,-1
385,34,423,118,13,13,1,-1,-1,-1
385,35,481,119,16,12,1,-1,-1,-1
385,36,97,202,64,24,1,-1,-1,-1
385,37,633,135,44,42,1,-1,-1,-1
385,39,28,215,58,21,1,-1,-1,-1
385,43,430,203,50,22,1,-1,-1,-1
385,45,239,207,55,20,1,-1,-1,-1
385,46,324,216,49,17,1,-1,-1,-1
385,47,35,225,59,23,1,-1,-1,-1
385,48,321,193,37,23,1,-1,-1,-1
385,49,555,205,49,19,1,-1,-1,-1
385,50,518,215,58,21,1,-1,-1,-1
385,51,315,224,55,21,1,-1,-1,-1
385,52,652,200,49,20,1,-1,-1,-1
385,53,716,194,52,18,1,-1,-1,-1
385,54,778,203,54,19,1,-1,-1,-1
385,55,779,211,56,22,1,-1,-1,-1
385,56,905,212,55,21,1,-1,-1,-1
385,59,478,283,71,29,1,-1,-1,-1
385,61,169,275,77,27,1,-1,-1,-1
385,62,21,261,73,26,1,-1,-1,-1
385,63,0,279,51,28,1,-1,-1,-1
386,0,376,255,62,25,1,-1,-1,-1
386,1,575,270,66,27,1,-1,-1,-1
386,3,641,247,52,30,1,-1,-1,-1
386,14,230,121,20,12,1,-1,-1,-1
386,15,254,121,16,11,1,-1,-1,-1
386,16,273,120,17,12,1,-1,-1,-1
386,17,291,119,18,13,1,-1,-1,-1
386,18,313,119,17,12,1,-1,-1,-1
386,19,332,119,16,12,1,-1,-1,-1
386,20,352,119,14,12,1,-1,-1,-1
386,21,271,135,19,16,1,-1,-1,-1
386,22,293,135,19,13,1,-1,-1,-1
386,23,315,134,18,13,1,-1,-1,-1
386,24,339,134,18,13,1,-1,-1,-1
386,25,403,118,14,13,1,-1,-1,-1
386,26,460,134,15,15,1,-1,-1,-1
386,27,503,134,16,15,1,-1,-1,-1
386,28,547,144,28,20,1,-1,-1,-1
386,29,499,118,14,12,1,-1,-1,-1
386,30,517,119,13,12,1,-1,-1,-1
386,31,571,118,14,13,1,-1,-1,-1
386,32,592,114,14,16,1,-1,-1,-1
386,33,609,112,30,23,1,-1,-1,-1
386,34,423,118,13,13,1,-1,-1,-1
386,35,481,119,16,12,1,-1,-1,-1
386,36,94,202,64,24,1,-1,-1,-1
386,37,633,135,44,42,1,-1,-1,-1
386,39,24,215,58,21,1,-1,-1,-1
386,43,427,203,51,22,1,-1,-1,-1
386,45,235,207,55,20,1,-1,-1,-1
386,46,320,216,50,17,1,-1,-1,-1
386,47,31,225,59,23,1,-1,-1,-1
386,48,317,193,37,23,1,-1,-1,-1
386,49,552,205,49,19,1,-1,-1,-1
386,50,514,215,58,21,1,-1,-1,-1
386,51,311,224,55,21,1,-1,-1,-1
386,52,650,200,49,20,1,-1,-1,-1
386,53,714,194,52,18,1,-1,-1,-1
386,54,776,203,54,19,1,-1,-1,-1
386,55,776,211,56,22,1,-1,-1,-1
386,56,902,212,54,21,1,-1,-1,-1
386,59,482,283,71,30,1,-1,-1,-1
386,61,172,275,77,27,1,-1,-1,-1
386,62,23,261,73,26,1,-1,-1,-1
386,63,0,279,53,28,1,-1,-1,-1
387,0,380,255,62,25,1,-1,-1,-1
387,1,578,270,66,27,1,-1,-1,-1
387,3,644,247,52,30,1,-1,-1,-1
387,14,230,121,20,12,1,-1,-1,-1
387,15,254,121,16,11,1,-1,-1,-1
387,16,273,120,17,12,1,-1,-1,-1
387,17,292,119,18,13,1,-1,-1,-1
387,18,313,119,17,12,1,-1,-1,-1
387,19,332,119,16,12,1,-1,-1,-1
387,20,352,119,14,12,1,-1,-1,-1
387,21,271,135,19,16,1,-1,-1,-1
387,22,293,135,19,13,1,-1,-1,-1
387,23,315,134,18,13,1,-1,-1,-1
387,24,339,134,18,13,1,-1,-1,-1
387,25,403,118,14,13,1,-1,-1,-1
387,26,460,134,15,15,1,-1,-1,-1
387,27,503,134,16,15,1,-1,-1,-1
387,28,547,144,28,19,1,-1,-1,-1
387,29,499,118,14,12,1,-1,-1,-1
387,30,517,119,13,12,1,-1,-1,-1
387,31,571,118,14,13,1,-1,-1,-1
387,32,592,115,14,16,1,-1,-1,-1
387,33,609,112,30,23,1,-1,-1,-1
387,34,423,118,13,13,1,-1,-1,-1
387,35,481,119,16,12,1,-1,-1,-1
387,36,90,202,64,24,1,-1,-1,-1
387,37,633,135,43,42,1,-1,-1,-1
387,39,20,215,59,21,1,-1,-1,-1
387,43,425,204,51,22,1,-1,-1,-1
387,45,232,208,55,20,1,-1,-1,-1
387,46,316,216,50,17,1,-1,-1,-1
387,47,27,225,59,23,1,-1,-1,-1
387,48,314,193,37,23,1,-1,-1,-1
387,49,550,205,49,19,1,-1,-1,-1
387,50,512,215,58,21,1,-1,-1,-1
387,51,307,224,55,21,1,-1,-1,-1
387,52,648,200,49,20,1,-1,-1,-1
387,53,712,194,52,18,1,-1,-1,-1
387,54,773,203,54,19,1,-1,-1,-1
387,55,773,211,56,22,1,-1,-1,-1
387,56,900,212,54,21,1,-1,-1,-1
387,59,486,283,71,30,1,-1,-1,-1
387,61,176,275,77,26,1,-1,-1,-1
387,62,26,261,73,26,1,-1,-1,-1
387,63,0,279,56,28,1,-1,-1,-1
388,0,384,255,62,25,1,-1,-1,-1
388,1,582,270,66,27,1,-1,-1,-1
388,3,647,247,52,30,1,-1,-1,-1
388,14,230,121,20,12,1,-1,-1,-1
388,15,254,121,16,11,1,-1,-1,-1
388,16,273,120,17,12,1,-1,-1,-1
388,17,292,119,18,13,1,-1,-1,-1
388,18,313,119,17,12,1,-1,-1,-1
388,19,332,119,16,12,1,-1,-1,-1
388,20,352,119,14,12,1,-1,-1,-1
388,21,271,135,19,16,1,-1,-1,-1
388,22,293,135,19,13,1,-1,-1,-1
388,23,315,134,18,13,1,-1,-1,-1
388,24,339,134,18,13,1,-1,-1,-1
388,25,403,118,14,13,1,-1,-1,-1
388,26,460,134,15,15,1,-1,-1,-1
388,27,503,134,16,15,1,-1,-1,-1
388,28,548,144,27,19,1,-1,-1,-1
388,29,499,118,14,12,1,-1,-1,-1
388,30,517,119,13,12,1,-1,-1,-1
388,31,571,118,14,13,1,-1,-1,-1
388,32,592,115,14,16,1,-1,-1,-1
388,33,609,112,30,23,1,-1,-1,-1
388,34,423,118,13,13,1,-1,-1,-1
388,35,481,119,16,12,1,-1,-1,-1
388,36,86,202,64,24,1,-1,-1,-1
388,37,634,135,43,42,1,-1,-1,-1
388,39,16,215,59,21,1,-1,-1,-1
388,43,422,204,51,21,1,-1,-1,-1
388,45,228,208,55,20,1,-1,-1,-1
388,46,312,216,50,18,1,-1,-1,-1
388,47,22,225,60,23,1,-1,-1,-1
388,48,310,193,37,23,1,-1,-1,-1
388,49,548,205,49,19,1,-1,-1,-1
388,50,508,214,58,21,1,-1,-1,-1
388,51,303,224,55,21,1,-1,-1,-1
388,52,646,200,49,20,1,-1,-1,-1
388,53,710,194,52,18,1,-1,-1,-1
388,54,770,203,55,19,1,-1,-1,-1
388,55,770,211,56,22,1,-1,-1,-1
388,56,897,212,54,21,1,-1,-1,-1
388,59,490,283,71,30,1,-1,-1,-1
388,61,180,275,77,26,1,-1,-1,-1
388,62,28,261,73,26,1,-1,-1,-1
388,63,0,279,59,28,1,-1,-1,-1
389,0,387,255,62,25,1,-1,-1,-1
389,1,585,270,66,27,1,-1,-1,-1
389,3,651,247,52,30,1,-1,-1,-1
389,14,230,121,20,12,1,-1,-1,-1
389,15,254,121,16,11,1,-1,-1,-1
389,16,273,120,17,12,1,-1,-1,-1
389,17,292,119,18,13,1,-1,-1,-1
389,18,313,119,17,12,1,-1,-1,-1
389,19,333,119,16,12,1,-1,-1,-1
389,20,352,119,14,12,1,-1,-1,-1
389,21,271,135,19,16,1,-1,-1,-1
389,22,293,135,19,13,1,-1,-1,-1
389,23,315,134,18,13,1,-1,-1,-1
389,24,339,134,18,13,1,-1,-1,-1
389,25,403,118,14,13,1,-1,-1,-1
389,26,460,134,15,15,1,-1,-1,-1
389,27,503,134,16,15,1,-1,-1,-1
389,28,548,144,27,19,1,-1,-1,-1
389,29,499,118,14,12,1,-1,-1,-1
389,30,517,119,13,12,1,-1,-1,-1
389,31,571,118,14,13,1,-1,-1,-1
389,32,592,115,14,16,1,-1,-1,-1
389,33,609,112,30,23,1,-1,-1,-1
389,34,423,118,12,13,1,-1,-1,-1
389,35,481,119,16,12,1,-1,-1,-1
389,36,83,202,64,24,1,-1,-1,-1
389,37,634,135,43,43,1,-1,-1,-1
389,39,12,215,59,21,1,-1,-1,-1
389,43,419,204,51,21,1,-1,-1,-1
389,45,224,208,55,20,1,-1,-1,-1
389,46,308,216,51,18,1,-1,-1,-1
389,47,18,225,60,23,1,-1,-1,-1
389,48,307,193,37,23,1,-1,-1,-1
389,49,546,205,49,19,1,-1,-1,-1
389,50,505,214,58,21,1,-1,-1,-1
389,51,299,224,55,21,1,-1,-1,-1
389,52,644,200,49,19,1,-1,-1,-1
389,53,708,194,52,18,1,-1,-1,-1
389,54,768,203,55,19,1,-1,-1,-1
389,55,767,211,56,22,1,-1,-1,-1
389,56,894,212,54,21,1,-1,-1,-1
389,59,494,283,71,30,1,-1,-1,-1
389,61,183,275,76,26,1,-1,-1,-1
389,62,30,261,73,26,1,-1,-1,-1
389,63,0,279,62,28,1,-1,-1,-1
390,0,391,255,62,25,1,-1,-1,-1
390,1,588,270,66,27,1,-1,-1,-1
390,3,654,247,52,30,1,-1,-1,-1
390,14,230,121,20,11,1,-1,-1,-1
390,15,254,121,16,11,1,-1,-1,-1
390,16,273,120,17,12,1,-1,-1,-1
390,17,292,119,18,13,1,-1,-1,-1
390,18,313,119,17,12,1,-1,-1,-1
390,19,333,119,16,12,1,-1,-1,-1
390,20,352,119,14,12,1,-1,-1,-1
390,21,271,135,19,16,1,-1,-1,-1
390,22,293,135,20,13,1,-1,-1,-1
390,23,315,134,18,13,1,-1,-1,-1
390,24,339,134,18,13,1,-1,-1,-1
390,25,403,118,14,13,1,-1,-1,-1
390,26,460,134,15,14,1,-1,-1,-1
390,27,503,134,16,16,1,-1,-1,-1
390,28,548,144,27,19,1,-1,-1,-1
390,29,499,118,14,12,1,-1,-1,-1
390,30,517,119,13,12,1,-1,-1,-1
390,31,571,118,14,13,1,-1,-1,-1
390,32,592,115,14,16,1,-1,-1,-1
390,33,609,112,30,23,1,-1,-1,-1
390,34,423,118,13,13,1,-1,-1,-1
390,35,481,119,16,12,1,-1,-1,-1
390,36,79,202,64,24,1,-1,-1,-1
390,37,634,135,43,43,1,-1,-1,-1
390,39,8,215,59,21,1,-1,-1,-1
390,43,416,204,51,21,1,-1,-1,-1
390,45,221,208,55,20,1,-1,-1,-1
390,46,304,216,51,18,1,-1,-1,-1
390,47,14,225,60,23,1,-1,-1,-1
390,48,303,193,37,23,1,-1,-1,-1
390,49,544,205,49,19,1,-1,-1,-1
390,50,502,214,59,21,1,-1,-1,-1
390,51,295,224,55,21,1,-1,-1,-1
390,52,641,200,49,19,1,-1,-1,-1
390,53,705,194,52,18,1,-1,-1,-1
390,54,765,203,55,19,1,-1,-1,-1
390,55,764,211,56,22,1,-1,-1,-1
390,56,891,212,54,21,1,-1,-1,-1
390,59,498,284,71,30,1,-1,-1,-1
390,61,187,275,76,26,1,-1,-1,-1
390,62,33,261,73,26,1,-1,-1,-1
390,63,0,279,65,28,1,-1,-1,-1
391,0,395,255,62,25,1,-1,-1,-1
391,1,591,270,66,27,1,-1,-1,-1
391,3,657,247,53,30,1,-1,-1,-1
391,14,230,121,20,12,1,-1,-1,-1
391,15,254,121,16,11,1,-1,-1,-1
391,16,273,120,17,12,1,-1,-1,-1
391,17,292,119,18,13,1,-1,-1,-1
391,18,313,119,17,12,1,-1,-1,-1
391,19,333,119,16,12,1,-1,-1,-1
391,20,352,119,14,11,1,-1,-1,-1
391,21,271,135,19,16,1,-1,-1,-1
391,22,293,135,20,13,1,-1,-1,-1
391,23,315,134,18,13,1,-1,-1,-1
391,24,339,134,18,13,1,-1,-1,-1
391,25,403,118,14,13,1,-1,-1,-1
391,26,460,134,15,14,1,-1,-1,-1
391,27,503,134,16,16,1,-1,-1,-1
391,28,548,144,27,19,1,-1,-1,-1
391,29,499,118,14,12,1,-1,-1,-1
391,30,517,119,13,12,1,-1,-1,-1
391,31,571,118,14,13,1,-1,-1,-1
391,32,592,115,14,16,1,-1,-1,-1
391,33,609,112,30,23,1,-1,-1,-1
391,34,423,118,13,13,1,-1,-1,-1
391,35,481,119,16,12,1,-1,-1,-1
391,36,76,202,65,24,1,-1,-1,-1
391,37,634,136,43,43,1,-1,-1,-1
391,39,4,215,59,21,1,-1,-1,-1
391,43,413,204,51,21,1,-1,-1,-1
391,45,217,208,55,20,1,-1,-1,-1
391,46,300,216,52,18,1,-1,-1,-1
391,47,9,225,60,23,1,-1,-1,-1
391,48,300,193,37,23,1,-1,-1,-1
391,49,542,205,49,19,1,-1,-1,-1
391,50,499,214,59,21,1,-1,-1,-1
391,51,291,224,55,21,1,-1,-1,-1
391,52,639,200,49,19,1,-1,-1,-1
391,53,703,194,52,18,1,-1,-1,-1
391,54,762,203,55,19,1,-1,-1,-1
391,55,761,211,56,22,1,-1,-1,-1
391,56,888,212,55,21,1,-1,-1,-1
391,59,502,284,71,30,1,-1,-1,-1
391,61,191,275,76,26,1,-1,-1,-1
391,62,35,261,73,26,1,-1,-1,-1
391,63,0,279,68,28,1,-1,-1,-1
392,0,398,255,61,25,1,-1,-1,-1
392,1,594,270,66,27,1,-1,-1,-1
392,3,660,247,53,31,1,-1,-1,-1
392,14,230,121,20,12,1,-1,-1,-1
392,15,254,121,16,11,1,-1,-1,-1
392,16,273,120,17,12,1,-1,-1,-1
392,17,292,119,18,13,1,-1,-1,-1
392,18,313,119,17,12,1,-1,-1,-1
392,19,333,119,16,12,1,-1,-1,-1
392,20,352,119,14,11,1,-1,-1,-1
392,21,271,135,19,16,1,-1,-1,-1
392,22,293,135,20,13,1,-1,-1,-1
392,23,315,134,18,13,1,-1,-1,-1
392,24,339,134,18,13,1,-1,-1,-1
392,25,403,119,14,13,1,-1,-1,-1
392,26,460,134,15,14,1,-1,-1,-1
392,27,503,134,16,16,1,-1,-1,-1
392,28,548,144,27,19,1,-1,-1,-1
392,29,499,118,14,12,1,-1,-1,-1
392,30,517,119,13,12,1,-1,-1,-1
392,31,571,118,14,13,1,-1,-1,-1
392,32,592,115,14,16,1,-1,-1,-1
392,33,609,112,30,23,1,-1,-1,-1
392,34,423,118,13,13,1,-1,-1,-1
392,35,481,119,16,12,1,-1,-1,-1
392,36,72,202,65,24,1,-1,-1,-1
392,37,634,136,43,43,1,-1,-1,-1
392,39,1,216,58,20,1,-1,-1,-1
392,43,410,204,51,22,1,-1,-1,-1
392,45,214,208,55,20,1,-1,-1,-1
392,46,296,216,52,18,1,-1,-1,-1
392,47,5,225,60,23,1,-1,-1,-1
392,48,296,193,38,23,1,-1,-1,-1
392,49,540,205,49,19,1,-1,-1,-1
392,50,496,214,59,21,1,-1,-1,-1
392,51,287,223,56,21,1,-1,-1,-1
392,52,637,200,49,19,1,-1,-1,-1
392,53,701,194,52,18,1,-1,-1,-1
392,54,760,203,54,19,1,-1,-1,-1
392,55,758,212,56,22,1,-1,-1,-1
392,56,885,212,55,21,1,-1,-1,-1
392,59,506,284,71,30,1,-1,-1,-1
392,61,194,275,76,26,1,-1,-1,-1
392,62,38,261,73,26,1,-1,-1,-1
392,63,0,278,71,28,1,-1,-1,-1
393,0,402,255,61,25,1,-1,-1,-1
393,1,597,270,66,27,1,-1,-1,-1
393,3,664,247,53,31,1,-1,-1,-1
393,14,230,121,20,12,1,-1,-1,-1
393,15,254,121,16,11,1,-1,-1,-1
393,16,273,120,17,12,1,-1,-1,-1
393,17,292,119,18,13,1,-1,-1,-1
393,18,313,119,17,12,1,-1,-1,-1
393,19,333,119,16,12,1,-1,-1,-1
393,20,352,120,14,11,1,-1,-1,-1
393,21,271,135,19,16,1,-1,-1,-1
393,22,293,135,20,13,1,-1,-1,-1
393,23,315,134,18,13,1,-1,-1,-1
393,24,339,134,18,13,1,-1,-1,-1
393,25,403,119,14,13,1,-1,-1,-1
393,26,460,134,15,14,1,-1,-1,-1
393,27,503,134,16,16,1,-1,-1,-1
393,28,548,144,27,19,1,-1,-1,-1
393,29,499,118,14,12,1,-1,-1,-1
393,30,517,119,13,12,1,-1,-1,-1
393,31,571,118,14,14,1,-1,-1,-1
393,32,592,115,14,16,1,-1,-1,-1
393,33,609,112,30,23,1,-1,-1,-1
393,34,423,118,13,13,1,-1,-1,-1
393,35,481,119,16,12,1,-1,-1,-1
393,36,69,202,65,24,1,-1,-1,-1
393,37,635,136,43,43,1,-1,-1,-1
393,39,0,216,54,19,1,-1,-1,-1
393,43,407,204,51,22,1,-1,-1,-1
393,45,210,208,55,20,1,-1,-1,-1
393,46,293,216,51,18,1,-1,-1,-1
393,47,1,225,60,23,1,-1,-1,-1
393,48,292,193,38,23,1,-1,-1,-1
393,49,537,205,49,19,1,-1,-1,-1
393,50,493,214,59,21,1,-1,-1,-1
393,51,283,224,56,21,1,-1,-1,-1
393,52,635,200,49,19,1,-1,-1,-1
393,53,699,194,52,18,1,-1,-1,-1
393,54,758,204,53,18,1,-1,-1,-1
393,55,756,212,56,22,1,-1,-1,-1
393,56,882,212,55,21,1,-1,-1,-1
393,59,510,284,71,30,1,-1,-1,-1
393,61,198,275,76,26,1,-1,-1,-1
393,62,40,261,73,26,1,-1,-1,-1
393,63,0,278,74,29,1,-1,-1,-1
394,0,406,255,61,25,1,-1,-1,-1
394,1,600,270,66,27,1,-1,-1,-1
394,3,667,246,53,31,1,-1,-1,-1
394,14,230,121,20,12,1,-1,-1,-1
394,15,254,121,16,11,1,-1,-1,-1
394,16,273,120,17,12,1,-1,-1,-1
394,17,292,119,18,13,1,-1,-1,-1
394,18,313,119,17,12,1,-1,-1,-1
394,19,333,120,16,12,1,-1,-1,-1
394,20,352,120,14,11,1,-1,-1,-1
394,21,271,135,19,16,1,-1,-1,-1
394,22,293,135,20,13,1,-1,-1,-1
394,23,315,134,18,13,1,-1,-1,-1
394,24,339,134,18,13,1,-1,-1,-1
394,25,403,119,14,13,1,-1,-1,-1
394,26,460,134,15,14,1,-1,-1,-1
394,27,503,134,16,16,1,-1,-1,-1
394,28,548,144,27,19,1,-1,-1,-1
394,29,499,118,14,12,1,-1,-1,-1
394,30,517,119,13,12,1,-1,-1,-1
394,31,571,118,14,14,1,-1,-1,-1
394,32,592,115,14,16,1,-1,-1,-1
394,33,609,112,30,23,1,-1,-1,-1
394,34,423,118,13,13,1,-1,-1,-1
394,35,481,119,16,12,1,-1,-1,-1
394,36,65,202,65,24,1,-1,-1,-1
394,37,635,136,43,43,1,-1,-1,-1
394,39,0,216,50,19,1,-1,-1,-1
394,43,404,204,51,22,1,-1,-1,-1
394,45,206,208,56,20,1,-1,-1,-1
394,46,289,216,51,18,1,-1,-1,-1
394,47,0,224,57,22,1,-1,-1,-1
394,48,289,193,38,23,1,-1,-1,-1
394,49,535,205,49,20,1,-1,-1,-1
394,50,490,214,59,21,1,-1,-1,-1
394,51,279,224,56,21,1,-1,-1,-1
394,52,633,200,49,19,1,-1,-1,-1
394,53,697,194,52,17,1,-1,-1,-1
394,54,756,204,52,18,1,-1,-1,-1
394,55,753,212,56,22,1,-1,-1,-1
394,56,879,212,55,20,1,-1,-1,-1
394,59,514,284,71,30,1,-1,-1,-1
394,61,202,274,77,27,1,-1,-1,-1
394,62,43,261,73,26,1,-1,-1,-1
394,63,3,278,74,29,1,-1,-1,-1
395,0,410,255,61,25,1,-1,-1,-1
395,1,603,270,66,27,1,-1,-1,-1
395,3,670,246,53,31,1,-1,-1,-1
395,14,230,121,20,12,1,-1,-1,-1
395,15,254,121,16,11,1,-1,-1,-1
395,16,273,120,17,12,1,-1,-1,-1
395,17,292,119,18,13,1,-1,-1,-1
395,18,313,119,17,12,1,-1,-1,-1
395,19,333,120,16,12,1,-1,-1,-1
395,20,352,120,14,11,1,-1,-1,-1
395,21,271,135,19,16,1,-1,-1,-1
395,22,293,135,20,14,1,-1,-1,-1
395,23,315,134,18,13,1,-1,-1,-1
395,24,339,134,18,13,1,-1,-1,-1
395,25,403,119,14,12,1,-1,-1,-1
395,26,460,134,15,14,1,-1,-1,-1
395,27,503,134,16,16,1,-1,-1,-1
395,28,548,145,27,19,1,-1,-1,-1
395,29,499,118,14,12,1,-1,-1,-1
395,30,517,119,13,12,1,-1,-1,-1
395,31,570,118,14,14,1,-1,-1,-1
395,32,592,115,14,16,1,-1,-1,-1
395,33,609,112,30,23,1,-1,-1,-1
395,34,422,118,14,13,1,-1,-1,-1
395,35,481,119,16,12,1,-1,-1,-1
395,36,62,202,65,24,1,-1,-1,-1
395,37,635,136,43,43,1,-1,-1,-1
395,39,0,216,47,18,1,-1,-1,-1
395,43,401,204,51,22,1,-1,-1,-1
395,45,203,208,56,20,1,-1,-1,-1
395,46,286,216,51,18,1,-1,-1,-1
395,47,0,224,53,22,1,-1,-1,-1
395,48,285,193,38,23,1,-1,-1,-1
395,49,533,205,49,20,1,-1,-1,-1
395,50,487,214,59,21,1,-1,-1,-1
395,51,275,224,56,21,1,-1,-1,-1
395,52,630,200,49,19,1,-1,-1,-1
395,53,695,194,52,18,1,-1,-1,-1
395,54,754,204,51,18,1,-1,-1,-1
395,55,750,212,56,22,1,-1,-1,-1
395,56,876,212,55,20,1,-1,-1,-1
395,59,518,284,72,30,1,-1,-1,-1
395,61,206,274,77,27,1,-1,-1,-1
395,62,45,261,73,26,1,-1,-1,-1
395,63,6,278,74,29,1,-1,-1,-1
396,0,413,255,61,25,1,-1,-1,-1
396,1,606,270,66,27,1,-1,-1,-1
396,3,674,246,53,31,1,-1,-1,-1
396,14,230,121,20,12,1,-1,-1,-1
396,15,254,121,16,11,1,-1,-1,-1
396,16,273,120,17,12,1,-1,-1,-1
396,17,292,119,18,13,1,-1,-1,-1
396,18,313,119,17,12,1,-1,-1,-1
396,19,333,120,16,12,1,-1,-1,-1
396,20,352,120,14,11,1,-1,-1,-1
396,21,271,135,19,16,1,-1,-1,-1
396,22,293,135,20,14,1,-1,-1,-1
396,23,315,134,18,13,1,-1,-1,-1
396,24,339,134,18,13,1,-1,-1,-1
396,25,403,119,14,12,1,-1,-1,-1
396,26,460,134,15,14,1,-1,-1,-1
396,27,503,134,17,16,1,-1,-1,-1
396,28,548,145,27,18,1,-1,-1,-1
396,29,499,119,14,12,1,-1,-1,-1
396,30,517,119,13,12,1,-1,-1,-1
396,31,570,118,14,14,1,-1,-1,-1
396,32,592,115,14,16,1,-1,-1,-1
396,33,609,112,30,23,1,-1,-1,-1
396,34,422,118,14,12,1,-1,-1,-1
396,35,481,119,16,12,1,-1,-1,-1
396,36,58,203,65,24,1,-1,-1,-1
396,37,635,136,43,43,1,-1,-1,-1
396,39,0,216,43,17,1,-1,-1,-1
396,43,398,204,51,22,1,-1,-1,-1
396,45,199,208,56,20,1,-1,-1,-1
396,46,282,216,51,18,1,-1,-1,-1
396,47,0,225,48,22,1,-1,-1,-1
396,48,282,194,38,23,1,-1,-1,-1
396,49,531,205,49,20,1,-1,-1,-1
396,50,484,214,59,21,1,-1,-1,-1
396,51,271,224,56,21,1,-1,-1,-1
396,52,628,200,49,19,1,-1,-1,-1
396,53,692,194,52,18,1,-1,-1,-1
396,54,751,204,50,18,1,-1,-1,-1
396,55,747,212,55,22,1,-1,-1,-1
396,56,873,212,55,20,1,-1,-1,-1
396,59,522,285,72,31,1,-1,-1,-1
396,61,209,274,77,27,1,-1,-1,-1
396,62,48,260,73,26,1,-1,-1,-1
396,63,9,278,74,29,1,-1,-1,-1
396,64,0,234,26,32,1,-1,-1,-1
397,0,417,255,61,25,1,-1,-1,-1
397,1,609,270,66,27,1,-1,-1,-1
397,3,677,246,53,31,1,-1,-1,-1
397,14,230,121,20,12,1,-1,-1,-1
397,15,254,121,15,11,1,-1,-1,-1
397,16,273,120,17,12,1,-1,-1,-1
397,17,292,119,18,13,1,-1,-1,-1
397,18,313,119,17,12,1,-1,-1,-1
397,19,333,120,16,12,1,-1,-1,-1
397,20,352,120,14,11,1,-1,-1,-1
397,21,271,135,19,16,1,-1,-1,-1
397,22,293,135,20,14,1,-1,-1,-1
397,23,315,134,18,13,1,-1,-1,-1
397,24,339,134,18,13,1,-1,-1,-1
397,25,403,119,14,12,1,-1,-1,-1
397,26,459,135,15,14,1,-1,-1,-1
397,27,503,134,17,16,1,-1,-1,-1
397,28,548,145,27,18,1,-1,-1,-1
397,29,499,119,13,12,1,-1,-1,-1
397,30,516,119,14,12,1,-1,-1,-1
397,31,570,118,14,14,1,-1,-1,-1
397,32,592,116,14,16,1,-1,-1,-1
397,33,609,112,30,23,1,-1,-1,-1
397,34,422,118,14,12,1,-1,-1,-1
397,35,481,119,16,12,1,-1,-1,-1
397,36,55,203,65,24,1,-1,-1,-1
397,37,635,136,43,43,1,-1,-1,-1
397,39,0,216,40,17,1,-1,-1,-1
397,43,395,204,52,22,1,-1,-1,-1
397,45,195,208,56,20,1,-1,-1,-1
397,46,278,216,51,18,1,-1,-1,-1
397,47,0,225,44,22,1,-1,-1,-1
397,48,278,194,39,23,1,-1,-1,-1
397,49,529,204,49,20,1,-1,-1,-1
397,50,481,214,59,22,1,-1,-1,-1
397,51,267,224,56,21,1,-1,-1,-1
397,52,626,200,49,19,1,-1,-1,-1
397,53,690,194,52,18,1,-1,-1,-1
397,54,749,204,49,18,1,-1,-1,-1
397,55,744,212,55,22,1,-1,-1,-1
397,56,870,212,55,20,1,-1,-1,-1
397,59,526,285,72,31,1,-1,-1,-1
397,61,213,274,77,27,1,-1,-1,-1
397,62,50,260,73,26,1,-1,-1,-1
397,63,12,279,74,29,1,-1,-1,-1
397,64,0,234,31,32,1,-1,-1,-1
398,0,421,255,61,25,1,-1,-1,-1
398,1,612,270,66,27,1,-1,-1,-1
398,3,681,247,53,31,1,-1,-1,-1
398,14,230,121,20,12,1,-1,-1,-1
398,15,254,121,15,11,1,-1,-1,-1
398,16,273,120,17,12,1,-1,-1,-1
398,17,292,119,17,13,1,-1,-1,-1
398,18,313,119,17,13,1,-1,-1,-1
398,19,333,119,16,12,1,-1,-1,-1
398,20,352,120,14,11,1,-1,-1,-1
398,21,271,135,19,16,1,-1,-1,-1
398,22,293,135,20,13,1,-1,-1,-1
398,23,315,134,18,14,1,-1,-1,-1
398,24,339,134,18,14,1,-1,-1,-1
398,25,403,119,14,12,1,-1,-1,-1
398,26,460,135,15,14,1,-1,-1,-1
398,27,502,134,17,16,1,-1,-1,-1
398,28,548,145,27,18,1,-1,-1,-1
398,29,499,119,13,12,1,-1,-1,-1
398,30,517,119,13,12,1,-1,-1,-1
398,31,570,118,14,15,1,-1,-1,-1
398,32,592,116,15,16,1,-1,-1,-1
398,33,609,112,30,23,1,-1,-1,-1
398,34,422,118,14,12,1,-1,-1,-1
398,35,481,119,16,12,1,-1,-1,-1
398,36,51,202,66,24,1,-1,-1,-1
398,37,636,136,43,44,1,-1,-1,-1
398,39,0,216,36,16,1,-1,-1,-1
398,43,392,204,52,23,1,-1,-1,-1
398,45,192,208,56,20,1,-1,-1,-1
398,46,275,216,51,18,1,-1,-1,-1
398,47,0,225,40,22,1,-1,-1,-1
398,48,275,194,39,23,1,-1,-1,-1
398,49,527,204,49,20,1,-1,-1,-1
398,50,478,214,59,22,1,-1,-1,-1
398,51,263,224,56,21,1,-1,-1,-1
398,52,624,200,48,19,1,-1,-1,-1
398,53,688,194,52,19,1,-1,-1,-1
398,54,747,204,50,18,1,-1,-1,-1
398,55,742,212,55,22,1,-1,-1,-1
398,56,868,213,55,20,1,-1,-1,-1
398,59,530,285,72,30,1,-1,-1,-1
398,61,217,274,77,27,1,-1,-1,-1
398,62,53,260,72,26,1,-1,-1,-1
398,63,15,279,74,29,1,-1,-1,-1
398,64,0,234,37,32,1,-1,-1,-1
399,0,425,255,61,25,1,-1,-1,-1
399,1,615,270,66,27,1,-1,-1,-1
399,3,684,247,54,30,1,-1,-1,-1
399,14,230,121,20,12,1,-1,-1,-1
399,15,254,121,15,11,1,-1,-1,-1
399,16,273,120,17,12,1,-1,-1,-1
399,17,292,119,17,13,1,-1,-1,-1
399,18,313,119,17,13,1,-1,-1,-1
399,19,332,119,16,13,1,-1,-1,-1
399,20,352,120,14,11,1,-1,-1,-1
399,21,271,135,19,17,1,-1,-1,-1
399,22,293,135,20,13,1,-1,-1,-1
399,23,315,134,19,14,1,-1,-1,-1
399,24,339,134,18,14,1,-1,-1,-1
399,25,403,119,14,13,1,-1,-1,-1
399,26,460,135,15,14,1,-1,-1,-1
399,27,502,134,17,16,1,-1,-1,-1
399,28,547,145,27,19,1,-1,-1,-1
399,29,499,119,13,12,1,-1,-1,-1
399,30,516,119,15,13,1,-1,-1,-1
399,31,570,117,15,15,1,-1,-1,-1
399,32,592,116,15,16,1,-1,-1,-1
399,33,609,112,30,23,1,-1,-1,-1
399,34,422,118,14,12,1,-1,-1,-1
399,35,481,119,16,12,1,-1,-1,-1
399,36,47,202,66,24,1,-1,-1,-1
399,37,636,136,43,44,1,-1,-1,-1
399,39,0,216,32,15,1,-1,-1,-1
399,43,389,204,52,23,1,-1,-1,-1
399,45,188,208,56,20,1,-1,-1,-1
399,46,271,216,51,18,1,-1,-1,-1
399,47,0,225,36,21,1,-1,-1,-1
399,48,271,194,39,23,1,-1,-1,-1
399,49,525,204,49,20,1,-1,-1,-1
399,50,475,214,59,22,1,-1,-1,-1
399,51,258,224,56,21,1,-1,-1,-1
399,52,622,201,48,20,1,-1,-1,-1
399,53,686,194,52,19,1,-1,-1,-1
399,54,745,204,52,19,1,-1,-1,-1
399,55,739,212,55,22,1,-1,-1,-1
399,56,865,213,55,20,1,-1,-1,-1
399,59,535,285,71,29,1,-1,-1,-1
399,61,220,274,77,27,1,-1,-1,-1
399,62,56,260,72,26,1,-1,-1,-1
399,63,18,279,74,29,1,-1,-1,-1
399,64,0,234,43,32,1,-1,-1,-1
400,0,428,255,61,25,1,-1,-1,-1
400,1,618,270,66,26,1,-1,-1,-1
400,3,688,248,54,29,1,-1,-1,-1
400,14,230,121,20,12,1,-1,-1,-1
400,15,254,121,15,11,1,-1,-1,-1
400,16,273,120,17,12,1,-1,-1,-1
400,17,292,119,17,13,1,-1,-1,-1
400,18,313,118,17,13,1,-1,-1,-1
400,19,332,118,16,13,1,-1,-1,-1
400,20,351,120,15,12,1,-1,-1,-1
400,21,271,135,20,17,1,-1,-1,-1
400,22,293,135,20,13,1,-1,-1,-1
400,23,315,133,19,14,1,-1,-1,-1
400,24,339,133,17,14,1,-1,-1,-1
400,25,403,119,14,13,1,-1,-1,-1
400,26,460,135,15,14,1,-1,-1,-1
400,27,502,134,17,16,1,-1,-1,-1
400,28,547,145,28,19,1,-1,-1,-1
400,29,499,119,13,11,1,-1,-1,-1
400,30,517,120,12,12,1,-1,-1,-1
400,31,570,117,15,15,1,-1,-1,-1
400,32,592,116,15,16,1,-1,-1,-1
400,33,609,112,30,23,1,-1,-1,-1
400,34,422,118,14,12,1,-1,-1,-1
400,35,481,119,16,12,1,-1,-1,-1
400,36,43,202,66,24,1,-1,-1,-1
400,37,636,136,44,45,1,-1,-1,-1
400,43,385,204,52,23,1,-1,-1,-1
400,45,184,208,57,20,1,-1,-1,-1
400,46,267,216,51,18,1,-1,-1,-1
400,47,0,225,31,21,1,-1,-1,-1
400,48,267,194,39,23,1,-1,-1,-1
400,49,522,204,49,20,1,-1,-1,-1
400,50,472,214,59,22,1,-1,-1,-1
400,51,254,224,56,21,1,-1,-1,-1
400,52,620,201,47,20,1,-1,-1,-1
400,53,683,194,52,19,1,-1,-1,-1
400,54,743,204,53,19,1,-1,-1,-1
400,55,736,212,55,23,1,-1,-1,-1
400,56,863,213,55,19,1,-1,-1,-1
400,59,539,286,71,28,1,-1,-1,-1
400,61,224,274,77,27,1,-1,-1,-1
400,62,58,260,72,26,1,-1,-1,-1
400,63,21,279,73,29,1,-1,-1,-1
400,64,0,234,49,32,1,-1,-1,-1
