1,0,206,421,74,96,1,-1,-1,-1
1,1,840,360,67,64,1,-1,-1,-1
1,2,976,393,47,49,1,-1,-1,-1
1,3,796,231,39,34,1,-1,-1,-1
1,4,767,206,35,24,1,-1,-1,-1
1,5,744,173,26,22,1,-1,-1,-1
1,6,435,184,27,24,1,-1,-1,-1
1,7,374,179,28,31,1,-1,-1,-1
1,8,725,155,24,22,1,-1,-1,-1
1,9,717,176,40,41,1,-1,-1,-1
1,10,671,133,38,34,1,-1,-1,-1
2,0,201,428,74,98,1,-1,-1,-1
2,1,838,358,70,67,1,-1,-1,-1
2,2,975,393,47,48,1,-1,-1,-1
2,3,795,231,39,34,1,-1,-1,-1
2,4,766,206,35,23,1,-1,-1,-1
2,5,744,173,26,21,1,-1,-1,-1
2,6,434,183,27,23,1,-1,-1,-1
2,7,373,179,27,30,1,-1,-1,-1
2,8,724,154,23,21,1,-1,-1,-1
2,9,717,175,39,40,1,-1,-1,-1
2,10,668,131,40,36,1,-1,-1,-1
3,0,197,433,77,100,1,-1,-1,-1
3,1,837,356,70,67,1,-1,-1,-1
3,2,975,393,47,48,1,-1,-1,-1
3,3,795,231,39,34,1,-1,-1,-1
3,4,766,206,35,23,1,-1,-1,-1
3,5,744,173,26,21,1,-1,-1,-1
3,6,434,183,27,23,1,-1,-1,-1
3,7,373,179,28,32,1,-1,-1,-1
3,8,724,154,23,21,1,-1,-1,-1
3,9,718,175,40,40,1,-1,-1,-1
3,10,668,131,40,36,1,-1,-1,-1
4,0,190,443,77,96,1,-1,-1,-1
4,1,835,356,70,67,1,-1,-1,-1
4,2,978,395,44,46,1,-1,-1,-1
4,3,795,233,37,32,1,-1,-1,-1
4,4,766,206,35,23,1,-1,-1,-1
4,5,744,173,26,21,1,-1,-1,-1
4,6,433,185,27,23,1,-1,-1,-1
4,7,372,179,30,32,1,-1,-1,-1
4,8,726,154,23,21,1,-1,-1,-1
4,9,715,173,41,44,1,-1,-1,-1
4,10,668,131,41,38,1,-1,-1,-1
5,0,186,449,78,90,1,-1,-1,-1
5,1,834,354,73,69,1,-1,-1,-1
5,2,975,395,47,48,1,-1,-1,-1
5,3,795,233,37,32,1,-1,-1,-1
5,4,766,206,35,23,1,-1,-1,-1
5,5,744,173,26,21,1,-1,-1,-1
5,6,433,185,27,23,1,-1,-1,-1
5,7,370,181,30,34,1,-1,-1,-1
5,8,726,154,23,21,1,-1,-1,-1
5,9,717,175,41,44,1,-1,-1,-1
5,10,667,131,43,38,1,-1,-1,-1
6,0,182,459,74,81,1,-1,-1,-1
6,1,834,352,70,67,1,-1,-1,-1
6,2,975,395,48,50,1,-1,-1,-1
6,3,795,233,40,34,1,-1,-1,-1
6,4,766,206,35,23,1,-1,-1,-1
6,5,745,173,26,21,1,-1,-1,-1
6,6,433,187,27,23,1,-1,-1,-1
6,7,372,183,28,32,1,-1,-1,-1
6,8,726,156,23,21,1,-1,-1,-1
6,9,718,175,40,40,1,-1,-1,-1
6,10,670,133,40,32,1,-1,-1,-1
6,11,922,495,101,44,1,-1,-1,-1
7,0,181,466,74,73,1,-1,-1,-1
7,1,833,352,70,67,1,-1,-1,-1
7,2,974,395,49,52,1,-1,-1,-1
7,3,795,231,40,34,1,-1,-1,-1
7,4,765,206,36,23,1,-1,-1,-1
7,5,745,173,26,21,1,-1,-1,-1
7,6,433,187,27,23,1,-1,-1,-1
7,7,372,183,28,32,1,-1,-1,-1
7,8,727,156,23,21,1,-1,-1,-1
7,9,718,175,40,40,1,-1,-1,-1
7,10,668,131,41,32,1,-1,-1,-1
7,11,916,497,107,42,1,-1,-1,-1
8,0,176,466,79,73,1,-1,-1,-1
8,1,830,351,70,67,1,-1,-1,-1
8,2,974,395,49,52,1,-1,-1,-1
8,3,795,231,40,34,1,-1,-1,-1
8,4,766,206,35,23,1,-1,-1,-1
8,5,745,173,26,21,1,-1,-1,-1
8,6,433,187,27,23,1,-1,-1,-1
8,7,370,183,27,30,1,-1,-1,-1
8,8,727,156,23,21,1,-1,-1,-1
8,9,718,175,40,40,1,-1,-1,-1
8,10,668,133,43,34,1,-1,-1,-1
8,11,920,498,103,41,1,-1,-1,-1
9,0,169,469,82,70,1,-1,-1,-1
9,1,832,349,67,65,1,-1,-1,-1
9,2,974,395,49,54,1,-1,-1,-1
9,3,795,233,39,34,1,-1,-1,-1
9,4,766,206,36,23,1,-1,-1,-1
9,5,745,173,26,21,1,-1,-1,-1
9,6,432,189,27,23,1,-1,-1,-1
9,7,369,185,27,30,1,-1,-1,-1
9,8,727,156,23,21,1,-1,-1,-1
9,9,718,175,40,40,1,-1,-1,-1
9,10,671,133,40,32,1,-1,-1,-1
9,11,917,491,106,48,1,-1,-1,-1
10,0,164,482,79,57,1,-1,-1,-1
10,1,829,349,70,67,1,-1,-1,-1
10,2,974,397,49,50,1,-1,-1,-1
10,3,795,233,40,34,1,-1,-1,-1
10,4,766,208,35,23,1,-1,-1,-1
10,5,745,175,26,21,1,-1,-1,-1
10,6,432,190,27,25,1,-1,-1,-1
10,7,367,185,29,34,1,-1,-1,-1
10,8,727,156,23,21,1,-1,-1,-1
10,9,718,175,40,40,1,-1,-1,-1
10,10,671,133,39,30,1,-1,-1,-1
10,11,920,488,103,51,1,-1,-1,-1
11,0,163,487,79,52,1,-1,-1,-1
11,1,829,347,70,67,1,-1,-1,-1
11,2,974,397,49,52,1,-1,-1,-1
11,3,796,233,39,34,1,-1,-1,-1
11,4,766,208,35,23,1,-1,-1,-1
11,5,745,175,26,21,1,-1,-1,-1
11,6,432,190,27,25,1,-1,-1,-1
11,7,366,187,27,33,1,-1,-1,-1
11,8,727,156,23,21,1,-1,-1,-1
11,9,718,175,40,40,1,-1,-1,-1
11,10,670,133,40,32,1,-1,-1,-1
11,11,912,488,111,51,1,-1,-1,-1
12,0,165,497,72,42,1,-1,-1,-1
12,1,828,347,70,67,1,-1,-1,-1
12,2,974,397,49,52,1,-1,-1,-1
12,3,795,235,36,32,1,-1,-1,-1
12,4,765,208,35,23,1,-1,-1,-1
12,5,745,175,26,21,1,-1,-1,-1
12,6,431,189,28,25,1,-1,-1,-1
12,7,365,189,28,33,1,-1,-1,-1
12,8,727,156,23,21,1,-1,-1,-1
12,9,718,175,40,40,1,-1,-1,-1
12,10,671,135,37,30,1,-1,-1,-1
12,11,912,483,111,56,1,-1,-1,-1
13,0,160,501,74,38,1,-1,-1,-1
13,1,825,345,73,69,1,-1,-1,-1
13,2,974,399,49,50,1,-1,-1,-1
13,3,795,233,37,32,1,-1,-1,-1
13,4,765,208,36,23,1,-1,-1,-1
13,5,745,173,26,21,1,-1,-1,-1
13,6,429,187,30,30,1,-1,-1,-1
13,7,363,186,30,35,1,-1,-1,-1
13,8,727,156,23,21,1,-1,-1,-1
13,9,717,175,40,40,1,-1,-1,-1
13,10,671,133,37,30,1,-1,-1,-1
13,11,906,488,117,51,1,-1,-1,-1
14,0,161,507,68,32,1,-1,-1,-1
14,1,825,345,70,67,1,-1,-1,-1
14,2,974,399,49,52,1,-1,-1,-1
14,3,795,235,39,34,1,-1,-1,-1
14,4,765,208,35,23,1,-1,-1,-1
14,5,745,175,26,21,1,-1,-1,-1
14,6,428,191,31,30,1,-1,-1,-1
14,7,363,187,30,34,1,-1,-1,-1
14,8,727,156,23,21,1,-1,-1,-1
14,9,717,175,37,38,1,-1,-1,-1
14,10,670,133,37,30,1,-1,-1,-1
14,11,906,484,117,55,1,-1,-1,-1
15,1,824,343,70,67,1,-1,-1,-1
15,2,974,401,48,50,1,-1,-1,-1
15,3,795,235,39,34,1,-1,-1,-1
15,4,766,208,35,23,1,-1,-1,-1
15,5,745,175,26,21,1,-1,-1,-1
15,6,428,189,31,30,1,-1,-1,-1
15,7,364,187,27,32,1,-1,-1,-1
15,8,727,156,23,21,1,-1,-1,-1
15,9,718,177,37,38,1,-1,-1,-1
15,10,670,133,37,30,1,-1,-1,-1
15,11,903,482,120,57,1,-1,-1,-1
16,1,824,343,70,67,1,-1,-1,-1
16,2,974,401,48,50,1,-1,-1,-1
16,3,795,235,37,32,1,-1,-1,-1
16,4,765,208,35,23,1,-1,-1,-1
16,5,747,175,26,21,1,-1,-1,-1
16,6,428,194,29,26,1,-1,-1,-1
16,7,361,190,28,34,1,-1,-1,-1
16,8,727,156,23,21,1,-1,-1,-1
16,9,718,177,37,38,1,-1,-1,-1
16,10,671,133,36,30,1,-1,-1,-1
16,11,905,479,118,60,1,-1,-1,-1
17,1,826,344,59,59,1,-1,-1,-1
17,2,971,401,50,52,1,-1,-1,-1
17,3,795,235,37,32,1,-1,-1,-1
17,4,766,208,35,23,1,-1,-1,-1
17,5,747,175,26,21,1,-1,-1,-1
17,6,428,194,30,27,1,-1,-1,-1
17,7,360,189,31,36,1,-1,-1,-1
17,8,727,156,23,21,1,-1,-1,-1
17,9,718,175,39,40,1,-1,-1,-1
17,10,671,133,36,30,1,-1,-1,-1
17,11,900,474,123,65,1,-1,-1,-1
18,1,828,345,54,55,1,-1,-1,-1
18,2,971,401,50,52,1,-1,-1,-1
18,3,796,235,37,32,1,-1,-1,-1
18,4,765,208,35,23,1,-1,-1,-1
18,5,747,175,26,21,1,-1,-1,-1
18,6,427,196,28,25,1,-1,-1,-1
18,7,360,189,31,38,1,-1,-1,-1
18,8,727,156,23,21,1,-1,-1,-1
18,9,718,177,39,40,1,-1,-1,-1
18,10,670,133,37,30,1,-1,-1,-1
18,11,901,477,122,62,1,-1,-1,-1
19,1,825,343,56,55,1,-1,-1,-1
19,2,970,401,52,54,1,-1,-1,-1
19,3,795,235,39,34,1,-1,-1,-1
19,4,765,208,35,23,1,-1,-1,-1
19,5,747,175,26,21,1,-1,-1,-1
19,6,427,196,28,25,1,-1,-1,-1
19,7,360,190,31,36,1,-1,-1,-1
19,8,727,158,23,21,1,-1,-1,-1
19,9,717,175,40,42,1,-1,-1,-1
19,10,670,133,37,30,1,-1,-1,-1
19,11,894,476,129,63,1,-1,-1,-1
20,1,825,343,53,52,1,-1,-1,-1
20,2,971,401,49,52,1,-1,-1,-1
20,3,794,235,39,34,1,-1,-1,-1
20,4,765,208,35,23,1,-1,-1,-1
20,5,747,175,26,21,1,-1,-1,-1
20,6,425,198,28,25,1,-1,-1,-1
20,7,356,192,31,36,1,-1,-1,-1
20,8,727,158,23,21,1,-1,-1,-1
20,9,717,177,40,40,1,-1,-1,-1
20,10,668,133,37,30,1,-1,-1,-1
20,11,893,470,130,69,1,-1,-1,-1
21,1,821,339,57,57,1,-1,-1,-1
21,2,971,401,50,52,1,-1,-1,-1
21,3,795,235,37,32,1,-1,-1,-1
21,4,765,208,35,23,1,-1,-1,-1
21,5,748,175,26,21,1,-1,-1,-1
21,6,425,198,28,25,1,-1,-1,-1
21,7,356,190,32,38,1,-1,-1,-1
21,8,727,158,23,21,1,-1,-1,-1
21,9,717,177,37,38,1,-1,-1,-1
21,10,670,133,37,30,1,-1,-1,-1
21,11,899,468,124,70,1,-1,-1,-1
22,1,821,339,57,57,1,-1,-1,-1
22,2,970,403,52,54,1,-1,-1,-1
22,3,795,235,39,34,1,-1,-1,-1
22,4,765,208,35,23,1,-1,-1,-1
22,5,748,175,26,21,1,-1,-1,-1
22,6,424,198,30,27,1,-1,-1,-1
22,7,356,194,31,36,1,-1,-1,-1
22,8,727,158,23,21,1,-1,-1,-1
22,9,717,177,39,40,1,-1,-1,-1
22,10,671,133,37,30,1,-1,-1,-1
22,11,895,472,128,67,1,-1,-1,-1
23,1,821,339,58,59,1,-1,-1,-1
23,2,971,403,50,52,1,-1,-1,-1
23,3,795,235,40,31,1,-1,-1,-1
23,4,765,208,35,23,1,-1,-1,-1
23,5,748,175,26,21,1,-1,-1,-1
23,6,424,200,28,25,1,-1,-1,-1
23,7,355,194,31,38,1,-1,-1,-1
23,8,728,158,23,21,1,-1,-1,-1
23,9,717,177,40,40,1,-1,-1,-1
23,10,671,133,37,30,1,-1,-1,-1
23,11,890,468,133,71,1,-1,-1,-1
24,1,820,337,58,59,1,-1,-1,-1
24,2,971,405,49,52,1,-1,-1,-1
24,3,795,235,40,34,1,-1,-1,-1
24,4,766,208,35,23,1,-1,-1,-1
24,5,748,175,26,21,1,-1,-1,-1
24,6,425,200,27,25,1,-1,-1,-1
24,7,355,194,31,36,1,-1,-1,-1
24,8,728,158,23,21,1,-1,-1,-1
24,9,718,177,40,40,1,-1,-1,-1
24,10,670,133,40,32,1,-1,-1,-1
24,11,889,470,134,69,1,-1,-1,-1
25,1,817,335,62,63,1,-1,-1,-1
25,2,971,405,50,52,1,-1,-1,-1
25,3,795,235,39,34,1,-1,-1,-1
25,4,765,208,35,23,1,-1,-1,-1
25,5,748,177,26,21,1,-1,-1,-1
25,6,424,202,30,27,1,-1,-1,-1
25,7,352,198,31,36,1,-1,-1,-1
25,8,728,158,23,21,1,-1,-1,-1
25,9,717,177,40,40,1,-1,-1,-1
25,10,670,133,40,32,1,-1,-1,-1
25,11,889,464,134,75,1,-1,-1,-1
26,1,818,335,58,59,1,-1,-1,-1
26,2,971,406,50,52,1,-1,-1,-1
26,3,795,237,39,34,1,-1,-1,-1
26,4,765,210,38,24,1,-1,-1,-1
26,5,749,177,26,21,1,-1,-1,-1
26,6,424,202,31,28,1,-1,-1,-1
26,7,352,198,31,36,1,-1,-1,-1
26,8,730,158,23,21,1,-1,-1,-1
26,9,718,177,40,40,1,-1,-1,-1
26,10,668,133,36,29,1,-1,-1,-1
26,11,884,462,139,77,1,-1,-1,-1
27,1,818,335,57,57,1,-1,-1,-1
27,2,973,408,49,52,1,-1,-1,-1
27,3,796,237,39,34,1,-1,-1,-1
27,4,765,210,37,23,1,-1,-1,-1
27,5,749,177,27,21,1,-1,-1,-1
27,6,424,204,30,27,1,-1,-1,-1
27,7,352,198,31,36,1,-1,-1,-1
27,8,731,158,23,21,1,-1,-1,-1
27,9,718,177,40,40,1,-1,-1,-1
27,10,669,132,36,29,1,-1,-1,-1
27,11,888,468,133,70,1,-1,-1,-1
28,1,817,333,58,59,1,-1,-1,-1
28,2,973,408,49,52,1,-1,-1,-1
28,3,795,237,39,34,1,-1,-1,-1
28,4,765,210,37,23,1,-1,-1,-1
28,5,751,177,26,21,1,-1,-1,-1
28,6,424,204,30,27,1,-1,-1,-1
28,7,351,200,31,38,1,-1,-1,-1
28,8,731,158,23,21,1,-1,-1,-1
28,9,718,177,39,40,1,-1,-1,-1
28,10,671,134,35,28,1,-1,-1,-1
28,11,887,458,136,81,1,-1,-1,-1
29,1,816,333,60,59,1,-1,-1,-1
29,2,973,408,49,52,1,-1,-1,-1
29,3,796,237,39,34,1,-1,-1,-1
29,4,765,210,37,23,1,-1,-1,-1
29,5,751,177,26,21,1,-1,-1,-1
29,6,423,206,30,27,1,-1,-1,-1
29,7,351,200,31,36,1,-1,-1,-1
29,8,731,158,23,21,1,-1,-1,-1
29,9,719,177,37,38,1,-1,-1,-1
29,10,671,134,35,28,1,-1,-1,-1
29,11,884,462,139,76,1,-1,-1,-1
30,1,816,333,58,59,1,-1,-1,-1
30,2,973,408,50,52,1,-1,-1,-1
30,3,798,238,37,32,1,-1,-1,-1
30,4,765,210,37,23,1,-1,-1,-1
30,5,751,177,26,21,1,-1,-1,-1
30,6,423,206,30,27,1,-1,-1,-1
30,7,350,202,31,36,1,-1,-1,-1
30,8,734,159,23,21,1,-1,-1,-1
30,9,718,177,37,38,1,-1,-1,-1
30,10,670,131,35,29,1,-1,-1,-1
30,11,884,458,139,81,1,-1,-1,-1
31,1,816,333,57,57,1,-1,-1,-1
31,2,974,410,48,50,1,-1,-1,-1
31,3,798,237,36,32,1,-1,-1,-1
31,4,768,212,36,23,1,-1,-1,-1
31,5,752,177,26,21,1,-1,-1,-1
31,6,423,208,30,27,1,-1,-1,-1
31,7,348,202,31,36,1,-1,-1,-1
31,8,734,158,23,21,1,-1,-1,-1
31,9,718,177,36,36,1,-1,-1,-1
31,10,670,131,35,28,1,-1,-1,-1
31,11,882,459,141,80,1,-1,-1,-1
32,1,815,331,57,57,1,-1,-1,-1
32,2,973,410,49,52,1,-1,-1,-1
32,3,798,239,36,32,1,-1,-1,-1
32,4,768,212,37,23,1,-1,-1,-1
32,5,752,177,26,21,1,-1,-1,-1
32,6,423,208,30,27,1,-1,-1,-1
32,7,347,206,31,36,1,-1,-1,-1
32,8,735,160,23,21,1,-1,-1,-1
32,9,718,177,35,36,1,-1,-1,-1
32,10,671,131,35,28,1,-1,-1,-1
32,11,875,457,148,82,1,-1,-1,-1
33,1,816,333,55,56,1,-1,-1,-1
33,2,974,410,49,52,1,-1,-1,-1
33,3,800,238,39,32,1,-1,-1,-1
33,4,768,212,37,23,1,-1,-1,-1
33,5,753,177,26,21,1,-1,-1,-1
33,6,423,208,30,27,1,-1,-1,-1
33,7,347,206,31,36,1,-1,-1,-1
33,8,735,158,23,21,1,-1,-1,-1
33,9,718,177,36,38,1,-1,-1,-1
33,10,671,131,33,28,1,-1,-1,-1
33,11,877,457,146,82,1,-1,-1,-1
34,1,816,329,57,57,1,-1,-1,-1
34,2,974,412,49,50,1,-1,-1,-1
34,3,799,237,39,32,1,-1,-1,-1
34,4,768,212,37,23,1,-1,-1,-1
34,5,753,177,26,21,1,-1,-1,-1
34,6,421,210,30,27,1,-1,-1,-1
34,7,347,208,31,36,1,-1,-1,-1
34,8,736,160,23,21,1,-1,-1,-1
34,9,718,177,36,38,1,-1,-1,-1
34,10,671,131,32,27,1,-1,-1,-1
34,11,875,452,148,87,1,-1,-1,-1
35,1,813,329,57,57,1,-1,-1,-1
35,2,973,412,49,52,1,-1,-1,-1
35,3,799,237,40,32,1,-1,-1,-1
35,4,768,212,37,23,1,-1,-1,-1
35,5,753,177,26,21,1,-1,-1,-1
35,6,420,210,30,27,1,-1,-1,-1
35,7,343,210,31,36,1,-1,-1,-1
35,8,736,158,23,21,1,-1,-1,-1
35,9,718,177,37,38,1,-1,-1,-1
35,10,671,131,31,27,1,-1,-1,-1
35,11,875,452,148,86,1,-1,-1,-1
36,1,812,327,57,57,1,-1,-1,-1
36,2,974,412,49,52,1,-1,-1,-1
36,3,799,239,39,32,1,-1,-1,-1
36,4,768,212,37,23,1,-1,-1,-1
36,5,753,177,26,21,1,-1,-1,-1
36,6,420,212,30,27,1,-1,-1,-1
36,7,343,210,31,36,1,-1,-1,-1
36,8,736,160,23,21,1,-1,-1,-1
36,9,719,177,36,38,1,-1,-1,-1
36,10,671,131,33,28,1,-1,-1,-1
36,11,873,450,150,87,1,-1,-1,-1
37,1,812,327,57,57,1,-1,-1,-1
37,2,971,412,52,55,1,-1,-1,-1
37,3,799,239,39,32,1,-1,-1,-1
37,4,769,212,36,23,1,-1,-1,-1
37,5,753,178,28,23,1,-1,-1,-1
37,6,420,212,30,27,1,-1,-1,-1
37,7,343,210,31,36,1,-1,-1,-1
37,8,736,160,23,21,1,-1,-1,-1
37,9,718,177,37,38,1,-1,-1,-1
37,10,671,131,32,27,1,-1,-1,-1
37,11,872,449,151,86,1,-1,-1,-1
38,1,811,327,57,57,1,-1,-1,-1
38,2,971,412,52,55,1,-1,-1,-1
38,3,799,239,40,32,1,-1,-1,-1
38,4,768,212,36,23,1,-1,-1,-1
38,5,753,177,27,23,1,-1,-1,-1
38,6,420,214,28,25,1,-1,-1,-1
38,7,340,214,31,36,1,-1,-1,-1
38,8,737,160,23,21,1,-1,-1,-1
38,9,718,177,37,38,1,-1,-1,-1
38,10,671,131,33,28,1,-1,-1,-1
38,11,868,450,155,89,1,-1,-1,-1
39,1,809,327,57,57,1,-1,-1,-1
39,2,971,412,52,55,1,-1,-1,-1
39,3,799,239,39,32,1,-1,-1,-1
39,4,768,212,37,23,1,-1,-1,-1
39,5,753,177,27,23,1,-1,-1,-1
39,6,419,217,27,25,1,-1,-1,-1
39,7,340,214,31,36,1,-1,-1,-1
39,8,736,160,23,21,1,-1,-1,-1
39,9,719,177,36,38,1,-1,-1,-1
39,10,671,131,33,28,1,-1,-1,-1
39,11,872,448,151,91,1,-1,-1,-1
40,1,808,325,57,57,1,-1,-1,-1
40,2,973,414,50,54,1,-1,-1,-1
40,3,799,239,39,32,1,-1,-1,-1
40,4,768,212,37,23,1,-1,-1,-1
40,5,753,179,27,23,1,-1,-1,-1
40,6,419,219,27,25,1,-1,-1,-1
40,7,339,214,31,36,1,-1,-1,-1
40,8,736,160,23,21,1,-1,-1,-1
40,9,718,177,36,38,1,-1,-1,-1
40,10,671,131,36,30,1,-1,-1,-1
40,11,868,446,155,93,1,-1,-1,-1
41,1,808,325,57,57,1,-1,-1,-1
41,2,970,412,53,55,1,-1,-1,-1
41,3,800,239,37,30,1,-1,-1,-1
41,4,768,212,39,23,1,-1,-1,-1
41,5,753,179,27,23,1,-1,-1,-1
41,6,419,219,28,25,1,-1,-1,-1
41,7,338,217,31,36,1,-1,-1,-1
41,8,736,160,23,21,1,-1,-1,-1
41,9,718,177,36,38,1,-1,-1,-1
41,10,671,131,33,28,1,-1,-1,-1
41,11,863,444,160,95,1,-1,-1,-1
42,1,807,324,57,57,1,-1,-1,-1
42,2,971,414,52,54,1,-1,-1,-1
42,3,799,239,39,32,1,-1,-1,-1
42,4,768,212,37,23,1,-1,-1,-1
42,5,753,177,27,23,1,-1,-1,-1
42,6,416,217,30,30,1,-1,-1,-1
42,7,336,216,36,42,1,-1,-1,-1
42,8,737,160,23,21,1,-1,-1,-1
42,9,719,177,36,36,1,-1,-1,-1
42,10,671,133,33,28,1,-1,-1,-1
42,11,860,443,163,96,1,-1,-1,-1
43,1,807,322,57,57,1,-1,-1,-1
43,2,971,416,50,52,1,-1,-1,-1
43,3,799,239,39,32,1,-1,-1,-1
43,4,768,212,37,23,1,-1,-1,-1
43,5,753,179,27,23,1,-1,-1,-1
43,6,415,216,30,32,1,-1,-1,-1
43,7,334,216,36,42,1,-1,-1,-1
43,8,737,160,23,21,1,-1,-1,-1
43,9,718,177,35,36,1,-1,-1,-1
43,10,671,131,35,28,1,-1,-1,-1
43,11,862,438,161,101,1,-1,-1,-1
44,1,805,322,57,57,1,-1,-1,-1
44,2,970,416,50,52,1,-1,-1,-1
44,3,799,239,39,32,1,-1,-1,-1
44,4,766,212,39,23,1,-1,-1,-1
44,5,753,179,27,23,1,-1,-1,-1
44,6,414,218,31,32,1,-1,-1,-1
44,7,334,221,35,40,1,-1,-1,-1
44,8,737,160,23,21,1,-1,-1,-1
44,9,718,177,36,36,1,-1,-1,-1
44,10,671,133,35,28,1,-1,-1,-1
44,11,861,437,160,102,1,-1,-1,-1
44,12,663,519,56,20,1,-1,-1,-1
45,1,804,320,57,57,1,-1,-1,-1
45,2,970,418,50,52,1,-1,-1,-1
45,3,799,241,39,32,1,-1,-1,-1
45,4,766,212,39,23,1,-1,-1,-1
45,5,754,179,27,23,1,-1,-1,-1
45,6,412,220,31,31,1,-1,-1,-1
45,7,334,221,33,40,1,-1,-1,-1
45,8,737,160,23,21,1,-1,-1,-1
45,9,718,177,36,38,1,-1,-1,-1
45,10,671,133,33,28,1,-1,-1,-1
45,11,860,435,162,104,1,-1,-1,-1
45,12,651,510,71,29,1,-1,-1,-1
46,1,806,324,55,49,1,-1,-1,-1
46,2,969,416,52,54,1,-1,-1,-1
46,3,799,241,39,32,1,-1,-1,-1
46,4,766,212,39,23,1,-1,-1,-1
46,5,754,179,27,23,1,-1,-1,-1
46,6,411,221,31,30,1,-1,-1,-1
46,7,331,223,35,40,1,-1,-1,-1
46,8,737,160,23,21,1,-1,-1,-1
46,9,718,177,36,38,1,-1,-1,-1
46,10,672,133,32,27,1,-1,-1,-1
46,11,861,428,162,111,1,-1,-1,-1
46,12,654,504,70,35,1,-1,-1,-1
47,1,804,322,56,50,1,-1,-1,-1
47,2,970,418,50,52,1,-1,-1,-1
47,3,799,241,39,32,1,-1,-1,-1
47,4,766,212,39,23,1,-1,-1,-1
47,5,754,179,27,23,1,-1,-1,-1
47,6,411,221,30,30,1,-1,-1,-1
47,7,330,223,35,40,1,-1,-1,-1
47,8,737,160,23,21,1,-1,-1,-1
47,9,718,177,36,38,1,-1,-1,-1
47,10,671,131,33,28,1,-1,-1,-1
47,11,857,439,163,100,1,-1,-1,-1
47,12,652,504,69,35,1,-1,-1,-1
48,1,804,320,57,50,1,-1,-1,-1
48,2,967,416,54,55,1,-1,-1,-1
48,3,799,241,40,32,1,-1,-1,-1
48,4,766,212,37,23,1,-1,-1,-1
48,5,754,179,27,23,1,-1,-1,-1
48,6,408,223,31,30,1,-1,-1,-1
48,7,330,225,32,38,1,-1,-1,-1
48,8,739,160,23,21,1,-1,-1,-1
48,9,718,177,36,38,1,-1,-1,-1
48,10,671,131,35,28,1,-1,-1,-1
48,11,857,432,158,107,1,-1,-1,-1
48,12,644,498,72,41,1,-1,-1,-1
49,1,800,320,61,54,1,-1,-1,-1
49,2,967,418,53,53,1,-1,-1,-1
49,3,799,241,39,32,1,-1,-1,-1
49,4,768,214,37,23,1,-1,-1,-1
49,5,754,179,27,23,1,-1,-1,-1
49,6,408,225,31,30,1,-1,-1,-1
49,7,326,225,35,40,1,-1,-1,-1
49,8,739,160,23,21,1,-1,-1,-1
49,9,718,177,37,38,1,-1,-1,-1
49,10,671,131,33,28,1,-1,-1,-1
49,11,857,430,159,109,1,-1,-1,-1
49,12,651,496,61,43,1,-1,-1,-1
50,1,800,320,60,52,1,-1,-1,-1
50,2,967,420,55,53,1,-1,-1,-1
50,3,799,241,36,30,1,-1,-1,-1
50,4,766,214,37,23,1,-1,-1,-1
50,5,754,179,27,23,1,-1,-1,-1
50,6,407,227,31,30,1,-1,-1,-1
50,7,326,225,36,42,1,-1,-1,-1
50,8,739,160,23,21,1,-1,-1,-1
50,9,718,177,36,38,1,-1,-1,-1
50,10,671,133,33,28,1,-1,-1,-1
50,11,855,426,160,113,1,-1,-1,-1
50,12,644,491,66,48,1,-1,-1,-1
51,1,803,320,54,48,1,-1,-1,-1
51,2,966,420,52,54,1,-1,-1,-1
51,3,798,241,39,32,1,-1,-1,-1
51,4,766,214,37,23,1,-1,-1,-1
51,5,754,179,27,23,1,-1,-1,-1
51,6,406,227,31,32,1,-1,-1,-1
51,7,322,229,36,44,1,-1,-1,-1
51,8,739,162,23,21,1,-1,-1,-1
51,9,717,175,37,40,1,-1,-1,-1
51,10,671,131,36,30,1,-1,-1,-1
51,11,853,423,159,116,1,-1,-1,-1
51,12,643,485,66,54,1,-1,-1,-1
52,1,799,318,57,50,1,-1,-1,-1
52,2,967,422,55,52,1,-1,-1,-1
52,3,799,241,39,32,1,-1,-1,-1
52,4,766,214,37,23,1,-1,-1,-1
52,5,754,179,27,23,1,-1,-1,-1
52,6,403,229,32,32,1,-1,-1,-1
52,7,322,231,36,42,1,-1,-1,-1
52,8,739,160,23,21,1,-1,-1,-1
52,9,717,175,37,40,1,-1,-1,-1
52,10,672,131,33,25,1,-1,-1,-1
52,11,853,429,163,110,1,-1,-1,-1
52,12,644,484,64,55,1,-1,-1,-1
53,1,800,318,54,48,1,-1,-1,-1
53,2,966,422,55,52,1,-1,-1,-1
53,3,799,241,39,32,1,-1,-1,-1
53,4,766,214,37,23,1,-1,-1,-1
53,5,754,179,27,23,1,-1,-1,-1
53,6,403,229,31,32,1,-1,-1,-1
53,7,322,233,36,42,1,-1,-1,-1
53,8,739,162,23,21,1,-1,-1,-1
53,9,717,175,37,40,1,-1,-1,-1
53,10,671,131,34,24,1,-1,-1,-1
53,11,849,424,162,115,1,-1,-1,-1
53,12,643,481,63,58,1,-1,-1,-1
54,1,799,318,54,48,1,-1,-1,-1
54,2,966,422,57,52,1,-1,-1,-1
54,3,799,241,39,32,1,-1,-1,-1
54,4,766,214,37,23,1,-1,-1,-1
54,5,754,179,27,23,1,-1,-1,-1
54,6,403,233,31,30,1,-1,-1,-1
54,7,318,233,39,44,1,-1,-1,-1
54,8,739,160,23,21,1,-1,-1,-1
54,9,718,177,37,38,1,-1,-1,-1
54,10,671,131,31,23,1,-1,-1,-1
54,11,848,420,165,119,1,-1,-1,-1
54,12,643,476,62,63,1,-1,-1,-1
55,1,798,316,56,50,1,-1,-1,-1
55,2,966,422,57,52,1,-1,-1,-1
55,3,799,241,39,32,1,-1,-1,-1
55,4,765,213,39,25,1,-1,-1,-1
55,5,756,179,27,23,1,-1,-1,-1
55,6,402,233,31,30,1,-1,-1,-1
55,7,317,233,39,44,1,-1,-1,-1
55,8,739,162,23,21,1,-1,-1,-1
55,9,718,177,37,38,1,-1,-1,-1
55,10,671,131,33,25,1,-1,-1,-1
55,11,846,419,165,120,1,-1,-1,-1
55,12,641,474,62,65,1,-1,-1,-1
56,1,796,316,56,50,1,-1,-1,-1
56,2,966,421,57,54,1,-1,-1,-1
56,3,799,241,39,32,1,-1,-1,-1
56,4,765,212,39,25,1,-1,-1,-1
56,5,757,179,27,23,1,-1,-1,-1
56,6,402,235,30,30,1,-1,-1,-1
56,7,314,235,39,44,1,-1,-1,-1
56,8,740,162,23,21,1,-1,-1,-1
56,9,718,177,39,40,1,-1,-1,-1
56,10,671,131,33,25,1,-1,-1,-1
56,11,846,417,163,122,1,-1,-1,-1
56,12,635,469,68,70,1,-1,-1,-1
57,1,795,314,57,52,1,-1,-1,-1
57,2,965,423,58,54,1,-1,-1,-1
57,3,799,241,39,32,1,-1,-1,-1
57,4,765,212,39,25,1,-1,-1,-1
57,5,757,181,27,23,1,-1,-1,-1
57,6,399,235,31,30,1,-1,-1,-1
57,7,313,237,39,44,1,-1,-1,-1
57,8,740,162,23,21,1,-1,-1,-1
57,9,718,177,37,38,1,-1,-1,-1
57,10,671,133,32,24,1,-1,-1,-1
57,11,844,417,165,122,1,-1,-1,-1
57,12,638,465,65,74,1,-1,-1,-1
58,1,794,312,60,52,1,-1,-1,-1
58,2,965,424,52,54,1,-1,-1,-1
58,3,799,241,39,32,1,-1,-1,-1
58,4,765,212,39,25,1,-1,-1,-1
58,5,757,181,27,23,1,-1,-1,-1
58,6,398,234,37,37,1,-1,-1,-1
58,7,312,237,40,46,1,-1,-1,-1
58,8,740,162,23,21,1,-1,-1,-1
58,9,718,177,37,40,1,-1,-1,-1
58,10,671,131,31,24,1,-1,-1,-1
58,11,842,417,160,122,1,-1,-1,-1
58,12,637,460,67,79,1,-1,-1,-1
59,1,794,314,57,50,1,-1,-1,-1
59,2,969,429,54,52,1,-1,-1,-1
59,3,799,241,39,32,1,-1,-1,-1
59,4,765,214,37,25,1,-1,-1,-1
59,5,757,181,27,23,1,-1,-1,-1
59,6,397,235,36,36,1,-1,-1,-1
59,7,310,235,41,49,1,-1,-1,-1
59,8,740,163,23,21,1,-1,-1,-1
59,9,718,177,37,38,1,-1,-1,-1
59,10,671,133,34,23,1,-1,-1,-1
59,11,843,416,162,123,1,-1,-1,-1
59,12,635,457,61,82,1,-1,-1,-1
60,1,792,310,57,52,1,-1,-1,-1
60,2,969,430,53,52,1,-1,-1,-1
60,3,799,241,39,32,1,-1,-1,-1
60,4,765,214,37,25,1,-1,-1,-1
60,5,757,181,27,23,1,-1,-1,-1
60,6,395,237,36,36,1,-1,-1,-1
60,7,306,237,45,50,1,-1,-1,-1
60,8,740,163,23,21,1,-1,-1,-1
60,9,718,177,36,38,1,-1,-1,-1
60,10,671,133,33,23,1,-1,-1,-1
60,11,838,417,161,122,1,-1,-1,-1
60,12,635,458,60,78,1,-1,-1,-1
61,1,794,312,56,50,1,-1,-1,-1
61,2,967,430,53,52,1,-1,-1,-1
61,3,799,243,39,32,1,-1,-1,-1
61,4,765,214,39,25,1,-1,-1,-1
61,5,757,181,27,23,1,-1,-1,-1
61,6,397,239,36,36,1,-1,-1,-1
61,7,304,239,43,51,1,-1,-1,-1
61,8,740,163,23,21,1,-1,-1,-1
61,9,718,177,36,38,1,-1,-1,-1
61,10,671,133,33,23,1,-1,-1,-1
61,11,840,414,160,125,1,-1,-1,-1
61,12,634,455,57,75,1,-1,-1,-1
62,1,792,310,57,50,1,-1,-1,-1
62,2,969,432,53,52,1,-1,-1,-1
62,3,799,243,39,32,1,-1,-1,-1
62,4,765,214,39,25,1,-1,-1,-1
62,5,757,181,27,23,1,-1,-1,-1
62,6,394,241,37,38,1,-1,-1,-1
62,7,303,239,43,50,1,-1,-1,-1
62,8,740,163,23,21,1,-1,-1,-1
62,9,718,177,36,38,1,-1,-1,-1
62,10,671,133,32,23,1,-1,-1,-1
62,11,837,410,161,129,1,-1,-1,-1
62,12,633,451,58,75,1,-1,-1,-1
63,1,792,310,56,50,1,-1,-1,-1
63,2,967,432,54,52,1,-1,-1,-1
63,3,799,243,39,32,1,-1,-1,-1
63,4,765,214,39,25,1,-1,-1,-1
63,5,758,181,27,23,1,-1,-1,-1
63,6,391,244,37,38,1,-1,-1,-1
63,7,303,241,41,50,1,-1,-1,-1
63,8,740,163,23,21,1,-1,-1,-1
63,9,718,177,37,38,1,-1,-1,-1
63,10,671,131,35,23,1,-1,-1,-1
63,11,836,410,159,129,1,-1,-1,-1
63,12,632,447,58,75,1,-1,-1,-1
64,1,791,308,57,50,1,-1,-1,-1
64,2,969,432,53,52,1,-1,-1,-1
64,3,799,243,40,32,1,-1,-1,-1
64,4,765,214,39,25,1,-1,-1,-1
64,5,760,181,27,23,1,-1,-1,-1
64,6,390,247,36,36,1,-1,-1,-1
64,7,300,244,41,50,1,-1,-1,-1
64,8,741,163,23,21,1,-1,-1,-1
64,9,718,177,37,38,1,-1,-1,-1
64,10,671,131,35,23,1,-1,-1,-1
64,11,834,405,159,134,1,-1,-1,-1
64,12,630,443,57,75,1,-1,-1,-1
65,1,791,308,56,50,1,-1,-1,-1
65,2,967,433,53,52,1,-1,-1,-1
65,3,799,244,39,32,1,-1,-1,-1
65,4,765,214,39,25,1,-1,-1,-1
65,5,760,181,27,23,1,-1,-1,-1
65,6,389,246,36,36,1,-1,-1,-1
65,7,299,244,41,50,1,-1,-1,-1
65,8,741,163,23,21,1,-1,-1,-1
65,9,720,177,37,36,1,-1,-1,-1
65,10,671,133,33,23,1,-1,-1,-1
65,11,835,408,158,131,1,-1,-1,-1
65,12,629,441,57,75,1,-1,-1,-1
66,1,790,306,57,52,1,-1,-1,-1
66,2,967,433,53,50,1,-1,-1,-1
66,3,799,244,40,32,1,-1,-1,-1
66,4,765,214,39,25,1,-1,-1,-1
66,5,760,181,27,23,1,-1,-1,-1
66,6,389,246,36,36,1,-1,-1,-1
66,7,295,246,44,52,1,-1,-1,-1
66,8,741,163,23,21,1,-1,-1,-1
66,9,720,177,36,36,1,-1,-1,-1
66,10,671,133,33,23,1,-1,-1,-1
66,11,835,406,158,133,1,-1,-1,-1
66,12,629,437,54,71,1,-1,-1,-1
67,1,788,308,57,50,1,-1,-1,-1
67,2,966,433,56,54,1,-1,-1,-1
67,3,799,244,39,32,1,-1,-1,-1
67,4,765,214,39,25,1,-1,-1,-1
67,5,760,181,27,23,1,-1,-1,-1
67,6,383,250,43,43,1,-1,-1,-1
67,7,293,247,50,59,1,-1,-1,-1
67,8,744,165,23,21,1,-1,-1,-1
67,9,719,177,36,38,1,-1,-1,-1
67,10,671,133,35,23,1,-1,-1,-1
67,11,835,405,150,134,1,-1,-1,-1
67,12,626,435,53,71,1,-1,-1,-1
68,1,788,306,57,50,1,-1,-1,-1
68,2,966,435,54,52,1,-1,-1,-1
68,3,799,244,39,32,1,-1,-1,-1
68,4,765,214,39,25,1,-1,-1,-1
68,5,761,181,27,23,1,-1,-1,-1
68,6,382,252,43,42,1,-1,-1,-1
68,7,291,246,47,54,1,-1,-1,-1
68,8,743,165,23,21,1,-1,-1,-1
68,9,718,177,36,38,1,-1,-1,-1
68,10,672,133,33,23,1,-1,-1,-1
68,11,828,402,163,137,1,-1,-1,-1
68,12,626,432,53,71,1,-1,-1,-1
69,1,787,304,57,50,1,-1,-1,-1
69,2,966,435,54,52,1,-1,-1,-1
69,3,799,244,37,30,1,-1,-1,-1
69,4,765,214,39,25,1,-1,-1,-1
69,5,761,181,27,23,1,-1,-1,-1
69,6,381,254,40,40,1,-1,-1,-1
69,7,288,248,53,63,1,-1,-1,-1
69,8,744,163,23,21,1,-1,-1,-1
69,9,719,177,36,38,1,-1,-1,-1
69,10,673,133,32,23,1,-1,-1,-1
69,11,830,404,158,135,1,-1,-1,-1
69,12,625,428,54,71,1,-1,-1,-1
70,1,787,306,57,50,1,-1,-1,-1
70,2,966,437,53,52,1,-1,-1,-1
70,3,799,244,39,32,1,-1,-1,-1
70,4,765,214,39,25,1,-1,-1,-1
70,5,761,181,27,23,1,-1,-1,-1
70,6,381,256,39,38,1,-1,-1,-1
70,7,287,252,50,59,1,-1,-1,-1
70,8,744,165,23,21,1,-1,-1,-1
70,9,718,177,36,38,1,-1,-1,-1
70,10,673,133,33,23,1,-1,-1,-1
70,11,828,405,156,134,1,-1,-1,-1
70,12,624,424,53,71,1,-1,-1,-1
71,1,786,306,57,50,1,-1,-1,-1
71,2,964,432,58,56,1,-1,-1,-1
71,3,799,244,37,30,1,-1,-1,-1
71,4,766,214,39,25,1,-1,-1,-1
71,5,761,181,27,23,1,-1,-1,-1
71,6,378,260,40,40,1,-1,-1,-1
71,7,287,254,48,57,1,-1,-1,-1
71,8,744,163,23,21,1,-1,-1,-1
71,9,720,179,35,36,1,-1,-1,-1
71,10,673,133,33,23,1,-1,-1,-1
71,11,829,401,154,138,1,-1,-1,-1
71,12,624,422,53,71,1,-1,-1,-1
72,1,783,302,60,52,1,-1,-1,-1
72,2,962,430,61,59,1,-1,-1,-1
72,3,799,244,39,32,1,-1,-1,-1
72,4,765,214,39,25,1,-1,-1,-1
72,5,761,181,27,23,1,-1,-1,-1
72,6,377,260,40,40,1,-1,-1,-1
72,7,283,258,48,57,1,-1,-1,-1
72,8,744,165,23,21,1,-1,-1,-1
72,9,718,177,36,38,1,-1,-1,-1
72,10,673,133,35,23,1,-1,-1,-1
72,11,826,405,153,134,1,-1,-1,-1
72,12,621,418,53,71,1,-1,-1,-1
72,13,988,483,35,56,1,-1,-1,-1
73,1,782,302,61,54,1,-1,-1,-1
73,2,961,429,61,60,1,-1,-1,-1
73,3,799,244,37,30,1,-1,-1,-1
73,4,765,214,39,25,1,-1,-1,-1
73,5,761,181,27,23,1,-1,-1,-1
73,6,376,262,40,40,1,-1,-1,-1
73,7,279,260,49,57,1,-1,-1,-1
73,8,745,165,23,21,1,-1,-1,-1
73,9,718,177,37,38,1,-1,-1,-1
73,10,671,133,35,23,1,-1,-1,-1
73,11,827,402,148,137,1,-1,-1,-1
73,12,620,416,53,71,1,-1,-1,-1
73,13,995,491,28,48,1,-1,-1,-1
74,1,781,300,61,54,1,-1,-1,-1
74,2,963,439,58,50,1,-1,-1,-1
74,3,798,244,39,32,1,-1,-1,-1
74,4,765,214,40,25,1,-1,-1,-1
74,5,761,181,27,23,1,-1,-1,-1
74,6,372,264,40,40,1,-1,-1,-1
74,7,279,260,49,59,1,-1,-1,-1
74,8,744,165,23,21,1,-1,-1,-1
74,9,718,175,40,40,1,-1,-1,-1
74,10,672,133,33,23,1,-1,-1,-1
74,11,824,401,151,138,1,-1,-1,-1
74,12,620,414,50,67,1,-1,-1,-1
74,13,989,491,34,45,1,-1,-1,-1
75,1,782,302,57,50,1,-1,-1,-1
75,2,962,439,60,52,1,-1,-1,-1
75,3,799,246,36,30,1,-1,-1,-1
75,4,764,216,40,25,1,-1,-1,-1
75,5,763,185,27,23,1,-1,-1,-1
75,6,372,268,40,40,1,-1,-1,-1
75,7,275,264,49,59,1,-1,-1,-1
75,8,744,165,23,21,1,-1,-1,-1
75,9,718,175,40,40,1,-1,-1,-1
75,10,672,133,33,23,1,-1,-1,-1
75,11,820,394,149,145,1,-1,-1,-1
75,12,617,410,49,65,1,-1,-1,-1
75,13,988,489,35,44,1,-1,-1,-1
76,1,781,300,58,52,1,-1,-1,-1
76,2,954,435,66,57,1,-1,-1,-1
76,3,798,246,36,30,1,-1,-1,-1
76,4,765,216,39,25,1,-1,-1,-1
76,5,761,183,27,23,1,-1,-1,-1
76,6,369,268,41,42,1,-1,-1,-1
76,7,272,264,50,59,1,-1,-1,-1
76,8,744,165,23,21,1,-1,-1,-1
76,9,718,177,37,40,1,-1,-1,-1
76,10,671,131,33,23,1,-1,-1,-1
76,11,818,394,149,145,1,-1,-1,-1
76,12,617,408,49,63,1,-1,-1,-1
76,13,988,489,35,50,1,-1,-1,-1
77,1,778,300,60,52,1,-1,-1,-1
77,2,954,438,68,53,1,-1,-1,-1
77,3,798,246,37,30,1,-1,-1,-1
77,4,764,216,39,25,1,-1,-1,-1
77,5,761,183,27,23,1,-1,-1,-1
77,6,368,266,44,45,1,-1,-1,-1
77,7,269,266,53,63,1,-1,-1,-1
77,8,744,165,23,21,1,-1,-1,-1
77,9,719,177,37,38,1,-1,-1,-1
77,10,671,133,33,23,1,-1,-1,-1
77,11,819,391,149,145,1,-1,-1,-1
77,12,616,406,49,65,1,-1,-1,-1
77,13,986,490,37,47,1,-1,-1,-1
78,1,778,298,61,54,1,-1,-1,-1
78,2,959,441,63,52,1,-1,-1,-1
78,3,796,244,39,32,1,-1,-1,-1
78,4,764,216,39,25,1,-1,-1,-1
78,5,761,183,27,23,1,-1,-1,-1
78,6,364,266,46,49,1,-1,-1,-1
78,7,264,266,50,59,1,-1,-1,-1
78,8,744,165,23,21,1,-1,-1,-1
78,9,719,179,36,36,1,-1,-1,-1
78,10,671,133,32,23,1,-1,-1,-1
78,11,819,386,143,151,1,-1,-1,-1
78,12,612,401,49,65,1,-1,-1,-1
78,13,986,491,37,48,1,-1,-1,-1
79,1,778,298,58,52,1,-1,-1,-1
79,2,950,437,70,56,1,-1,-1,-1
79,3,798,244,39,32,1,-1,-1,-1
79,4,764,216,39,25,1,-1,-1,-1
79,5,761,183,27,23,1,-1,-1,-1
79,6,364,270,46,46,1,-1,-1,-1
79,7,262,271,53,63,1,-1,-1,-1
79,8,746,164,24,22,1,-1,-1,-1
79,9,719,179,36,36,1,-1,-1,-1
79,10,672,133,32,23,1,-1,-1,-1
79,11,818,391,141,148,1,-1,-1,-1
79,12,613,399,48,63,1,-1,-1,-1
79,13,985,492,38,43,1,-1,-1,-1
80,1,777,297,61,54,1,-1,-1,-1
80,2,948,436,75,58,1,-1,-1,-1
80,3,796,244,40,32,1,-1,-1,-1
80,4,762,216,39,25,1,-1,-1,-1
80,5,761,183,27,23,1,-1,-1,-1
80,6,359,271,49,50,1,-1,-1,-1
80,7,259,275,53,63,1,-1,-1,-1
80,8,744,165,23,21,1,-1,-1,-1
80,9,718,177,36,36,1,-1,-1,-1
80,10,672,133,32,21,1,-1,-1,-1
80,11,812,384,150,155,1,-1,-1,-1
80,12,612,397,49,65,1,-1,-1,-1
80,13,983,489,40,47,1,-1,-1,-1
81,1,775,295,61,54,1,-1,-1,-1
81,2,958,443,53,52,1,-1,-1,-1
81,3,796,246,40,32,1,-1,-1,-1
81,4,762,216,39,25,1,-1,-1,-1
81,5,761,183,27,23,1,-1,-1,-1
81,6,360,273,47,46,1,-1,-1,-1
81,7,258,273,53,63,1,-1,-1,-1
81,8,745,167,23,21,1,-1,-1,-1
81,9,719,179,36,36,1,-1,-1,-1
81,10,672,133,32,23,1,-1,-1,-1
81,11,814,386,145,153,1,-1,-1,-1
81,12,611,393,49,63,1,-1,-1,-1
81,13,985,492,38,44,1,-1,-1,-1
82,1,782,299,45,45,1,-1,-1,-1
82,2,954,440,68,55,1,-1,-1,-1
82,3,796,246,39,32,1,-1,-1,-1
82,4,764,217,39,25,1,-1,-1,-1
82,5,761,183,27,23,1,-1,-1,-1
82,6,356,277,47,46,1,-1,-1,-1
82,7,254,279,53,63,1,-1,-1,-1
82,8,745,167,23,21,1,-1,-1,-1
82,9,718,179,36,36,1,-1,-1,-1
82,10,672,133,32,21,1,-1,-1,-1
82,11,813,387,138,152,1,-1,-1,-1
82,12,611,391,49,63,1,-1,-1,-1
82,13,985,494,38,45,1,-1,-1,-1
83,1,780,300,49,46,1,-1,-1,-1
83,2,957,436,65,60,1,-1,-1,-1
83,3,798,246,37,30,1,-1,-1,-1
83,4,762,217,39,25,1,-1,-1,-1
83,5,762,185,27,23,1,-1,-1,-1
83,6,353,277,49,50,1,-1,-1,-1
83,7,250,279,54,65,1,-1,-1,-1
83,8,745,167,23,21,1,-1,-1,-1
83,9,719,179,35,36,1,-1,-1,-1
83,10,672,133,32,21,1,-1,-1,-1
83,11,812,382,138,157,1,-1,-1,-1
83,12,609,389,48,63,1,-1,-1,-1
83,13,984,494,39,40,1,-1,-1,-1
84,1,781,297,46,46,1,-1,-1,-1
84,2,956,439,67,52,1,-1,-1,-1
84,3,795,246,39,32,1,-1,-1,-1
84,4,762,216,39,25,1,-1,-1,-1
84,5,764,186,27,23,1,-1,-1,-1
84,6,351,281,49,50,1,-1,-1,-1
84,7,247,277,55,64,1,-1,-1,-1
84,8,747,167,23,21,1,-1,-1,-1
84,9,719,179,36,36,1,-1,-1,-1
84,10,672,133,32,21,1,-1,-1,-1
84,11,811,382,138,157,1,-1,-1,-1
84,12,608,385,48,63,1,-1,-1,-1
84,13,982,493,41,44,1,-1,-1,-1
85,1,781,300,48,46,1,-1,-1,-1
85,2,956,443,67,54,1,-1,-1,-1
85,3,796,246,37,30,1,-1,-1,-1
85,4,761,216,39,25,1,-1,-1,-1
85,5,762,185,27,23,1,-1,-1,-1
85,6,347,283,50,50,1,-1,-1,-1
85,7,245,283,53,63,1,-1,-1,-1
85,8,747,167,23,21,1,-1,-1,-1
85,9,719,179,33,34,1,-1,-1,-1
85,10,672,133,32,21,1,-1,-1,-1
85,11,810,382,134,157,1,-1,-1,-1
85,12,608,385,45,59,1,-1,-1,-1
85,13,982,497,41,42,1,-1,-1,-1
85,14,484,140,19,14,1,-1,-1,-1
86,1,779,299,47,43,1,-1,-1,-1
86,2,954,444,68,54,1,-1,-1,-1
86,3,796,246,36,30,1,-1,-1,-1
86,4,761,216,40,25,1,-1,-1,-1
86,5,762,183,27,23,1,-1,-1,-1
86,6,344,285,53,52,1,-1,-1,-1
86,7,243,284,50,59,1,-1,-1,-1
86,8,747,167,23,21,1,-1,-1,-1
86,9,719,179,33,34,1,-1,-1,-1
86,10,672,133,32,21,1,-1,-1,-1
86,11,809,384,132,155,1,-1,-1,-1
86,12,608,381,44,59,1,-1,-1,-1
86,13,981,497,42,42,1,-1,-1,-1
86,14,484,140,19,13,1,-1,-1,-1
87,1,778,301,47,43,1,-1,-1,-1
87,2,950,441,72,52,1,-1,-1,-1
87,3,796,246,36,30,1,-1,-1,-1
87,4,761,216,39,25,1,-1,-1,-1
87,5,762,185,27,23,1,-1,-1,-1
87,6,340,287,53,54,1,-1,-1,-1
87,7,239,284,52,70,1,-1,-1,-1
87,8,747,167,23,21,1,-1,-1,-1
87,9,719,179,35,36,1,-1,-1,-1
87,10,671,133,32,23,1,-1,-1,-1
87,11,807,380,129,159,1,-1,-1,-1
87,12,604,379,44,59,1,-1,-1,-1
87,13,980,498,43,40,1,-1,-1,-1
87,14,484,140,19,13,1,-1,-1,-1
88,1,777,298,45,44,1,-1,-1,-1
88,2,947,444,76,47,1,-1,-1,-1
88,3,796,246,36,30,1,-1,-1,-1
88,4,761,217,39,25,1,-1,-1,-1
88,5,764,187,27,23,1,-1,-1,-1
88,6,334,291,57,57,1,-1,-1,-1
88,7,235,287,55,72,1,-1,-1,-1
88,8,747,165,27,29,1,-1,-1,-1
88,9,718,179,36,36,1,-1,-1,-1
88,10,672,135,29,18,1,-1,-1,-1
88,11,804,380,133,159,1,-1,-1,-1
88,12,604,376,44,59,1,-1,-1,-1
88,13,980,497,43,42,1,-1,-1,-1
88,14,483,140,19,13,1,-1,-1,-1
89,1,775,297,45,41,1,-1,-1,-1
89,2,948,445,71,44,1,-1,-1,-1
89,3,795,246,39,32,1,-1,-1,-1
89,4,760,217,40,25,1,-1,-1,-1
89,5,762,185,27,23,1,-1,-1,-1
89,6,334,291,57,57,1,-1,-1,-1
89,7,229,290,59,71,1,-1,-1,-1
89,8,747,165,27,28,1,-1,-1,-1
89,9,718,179,35,34,1,-1,-1,-1
89,10,671,135,28,17,1,-1,-1,-1
89,11,803,380,132,159,1,-1,-1,-1
89,12,603,374,44,57,1,-1,-1,-1
89,13,976,494,47,45,1,-1,-1,-1
89,14,483,142,19,13,1,-1,-1,-1
90,1,774,297,44,40,1,-1,-1,-1
90,2,946,445,74,46,1,-1,-1,-1
90,3,795,246,39,32,1,-1,-1,-1
90,4,760,216,40,25,1,-1,-1,-1
90,5,762,185,27,23,1,-1,-1,-1
90,6,331,293,57,57,1,-1,-1,-1
90,7,223,294,62,66,1,-1,-1,-1
90,8,747,165,27,28,1,-1,-1,-1
90,9,718,179,36,36,1,-1,-1,-1
90,10,671,135,28,17,1,-1,-1,-1
90,11,803,376,129,163,1,-1,-1,-1
90,12,602,370,44,57,1,-1,-1,-1
90,13,973,497,50,42,1,-1,-1,-1
90,14,481,142,19,13,1,-1,-1,-1
91,1,774,295,45,42,1,-1,-1,-1
91,2,945,445,75,46,1,-1,-1,-1
91,3,795,246,39,32,1,-1,-1,-1
91,4,760,216,40,25,1,-1,-1,-1
91,5,762,185,27,23,1,-1,-1,-1
91,6,329,297,57,57,1,-1,-1,-1
91,7,219,300,60,63,1,-1,-1,-1
91,8,747,165,27,28,1,-1,-1,-1
91,9,720,176,35,34,1,-1,-1,-1
91,10,672,135,27,17,1,-1,-1,-1
91,11,802,376,128,163,1,-1,-1,-1
91,12,602,368,43,55,1,-1,-1,-1
91,13,971,499,52,40,1,-1,-1,-1
91,14,481,142,19,13,1,-1,-1,-1
92,1,774,295,45,42,1,-1,-1,-1
92,2,945,447,74,46,1,-1,-1,-1
92,3,795,246,39,32,1,-1,-1,-1
92,4,758,216,40,25,1,-1,-1,-1
92,5,762,185,27,23,1,-1,-1,-1
92,6,326,300,57,57,1,-1,-1,-1
92,7,219,302,60,63,1,-1,-1,-1
92,8,748,165,27,28,1,-1,-1,-1
92,9,718,179,35,34,1,-1,-1,-1
92,10,671,135,28,17,1,-1,-1,-1
92,11,801,376,128,163,1,-1,-1,-1
92,12,602,366,43,55,1,-1,-1,-1
92,13,970,499,52,40,1,-1,-1,-1
92,14,481,142,19,13,1,-1,-1,-1
93,1,774,295,44,40,1,-1,-1,-1
93,2,944,447,75,46,1,-1,-1,-1
93,3,795,246,39,32,1,-1,-1,-1
93,4,758,217,39,25,1,-1,-1,-1
93,5,764,189,26,23,1,-1,-1,-1
93,6,326,304,53,54,1,-1,-1,-1
93,7,211,302,65,69,1,-1,-1,-1
93,8,748,165,27,28,1,-1,-1,-1
93,9,718,179,35,34,1,-1,-1,-1
93,10,671,135,28,17,1,-1,-1,-1
93,11,800,374,128,163,1,-1,-1,-1
93,12,602,366,40,52,1,-1,-1,-1
93,13,970,501,52,38,1,-1,-1,-1
93,14,481,142,19,13,1,-1,-1,-1
94,1,773,295,45,42,1,-1,-1,-1
94,2,945,444,78,49,1,-1,-1,-1
94,3,795,246,39,32,1,-1,-1,-1
94,4,760,217,39,25,1,-1,-1,-1
94,5,764,185,30,26,1,-1,-1,-1
94,6,323,308,52,52,1,-1,-1,-1
94,7,206,308,65,69,1,-1,-1,-1
94,8,748,165,27,28,1,-1,-1,-1
94,9,717,179,35,34,1,-1,-1,-1
94,10,672,135,28,17,1,-1,-1,-1
94,11,800,374,128,163,1,-1,-1,-1
94,12,599,362,40,54,1,-1,-1,-1
94,13,969,501,53,38,1,-1,-1,-1
94,14,481,142,19,13,1,-1,-1,-1
95,1,773,295,44,40,1,-1,-1,-1
95,2,943,447,75,46,1,-1,-1,-1
95,3,795,246,39,32,1,-1,-1,-1
95,4,758,217,39,25,1,-1,-1,-1
95,5,764,185,30,25,1,-1,-1,-1
95,6,320,312,52,52,1,-1,-1,-1
95,7,205,306,66,69,1,-1,-1,-1
95,8,748,165,27,30,1,-1,-1,-1
95,9,717,179,36,36,1,-1,-1,-1
95,10,671,135,28,17,1,-1,-1,-1
95,11,801,376,125,160,1,-1,-1,-1
95,12,599,360,40,52,1,-1,-1,-1
95,13,969,501,52,38,1,-1,-1,-1
95,14,480,144,19,13,1,-1,-1,-1
96,1,770,291,44,40,1,-1,-1,-1
96,2,945,449,73,44,1,-1,-1,-1
96,3,794,246,40,32,1,-1,-1,-1
96,4,760,217,39,25,1,-1,-1,-1
96,5,765,185,28,25,1,-1,-1,-1
96,6,316,316,50,50,1,-1,-1,-1
96,7,198,310,67,73,1,-1,-1,-1
96,8,748,165,27,28,1,-1,-1,-1
96,9,717,179,36,36,1,-1,-1,-1
96,10,673,135,27,17,1,-1,-1,-1
96,11,798,372,128,163,1,-1,-1,-1
96,12,599,360,37,48,1,-1,-1,-1
96,13,966,501,53,38,1,-1,-1,-1
96,14,481,140,19,18,1,-1,-1,-1
97,1,770,293,44,40,1,-1,-1,-1
97,2,944,451,70,42,1,-1,-1,-1
97,3,794,246,39,32,1,-1,-1,-1
97,4,758,217,39,25,1,-1,-1,-1
97,5,765,185,30,25,1,-1,-1,-1
97,6,313,318,52,52,1,-1,-1,-1
97,7,192,314,70,75,1,-1,-1,-1
97,8,749,167,27,28,1,-1,-1,-1
97,9,718,179,36,36,1,-1,-1,-1
97,10,673,135,27,17,1,-1,-1,-1
97,11,796,372,128,163,1,-1,-1,-1
97,12,599,358,37,48,1,-1,-1,-1
97,13,966,503,53,36,1,-1,-1,-1
97,14,481,142,19,16,1,-1,-1,-1
98,1,770,293,44,40,1,-1,-1,-1
98,2,941,451,74,46,1,-1,-1,-1
98,3,795,248,39,32,1,-1,-1,-1
98,4,758,217,40,25,1,-1,-1,-1
98,5,765,185,30,25,1,-1,-1,-1
98,6,309,322,53,52,1,-1,-1,-1
98,7,189,318,70,75,1,-1,-1,-1
98,8,749,167,27,28,1,-1,-1,-1
98,9,718,179,36,36,1,-1,-1,-1
98,10,673,136,27,17,1,-1,-1,-1
98,11,794,368,133,169,1,-1,-1,-1
98,12,599,354,37,48,1,-1,-1,-1
98,13,966,503,53,36,1,-1,-1,-1
98,14,481,141,20,16,1,-1,-1,-1
99,1,768,289,49,44,1,-1,-1,-1
99,2,941,450,79,46,1,-1,-1,-1
99,3,795,248,39,32,1,-1,-1,-1
99,4,758,217,39,25,1,-1,-1,-1
99,5,765,185,30,25,1,-1,-1,-1
99,6,301,320,60,62,1,-1,-1,-1
99,7,185,316,74,79,1,-1,-1,-1
99,8,751,167,27,30,1,-1,-1,-1
99,9,719,179,35,34,1,-1,-1,-1
99,10,676,136,27,17,1,-1,-1,-1
99,11,795,368,130,165,1,-1,-1,-1
99,12,599,352,37,50,1,-1,-1,-1
99,13,966,504,57,35,1,-1,-1,-1
99,14,481,140,20,19,1,-1,-1,-1
100,1,769,291,45,42,1,-1,-1,-1
100,2,940,448,82,49,1,-1,-1,-1
100,3,795,248,39,32,1,-1,-1,-1
100,4,758,217,39,25,1,-1,-1,-1
100,5,765,185,28,25,1,-1,-1,-1
100,6,301,324,58,62,1,-1,-1,-1
100,7,182,317,76,80,1,-1,-1,-1
100,8,751,167,27,28,1,-1,-1,-1
100,9,718,179,35,34,1,-1,-1,-1
100,10,675,135,27,17,1,-1,-1,-1
100,11,792,368,130,165,1,-1,-1,-1
100,12,598,351,43,54,1,-1,-1,-1
100,13,965,504,57,35,1,-1,-1,-1
100,14,483,142,19,13,1,-1,-1,-1
101,1,770,291,44,40,1,-1,-1,-1
101,2,942,452,79,46,1,-1,-1,-1
101,3,795,248,39,32,1,-1,-1,-1
101,4,758,217,39,25,1,-1,-1,-1
101,5,768,187,30,25,1,-1,-1,-1
101,6,289,328,69,65,1,-1,-1,-1
101,7,176,322,78,82,1,-1,-1,-1
101,8,751,167,27,28,1,-1,-1,-1
101,9,718,179,35,34,1,-1,-1,-1
101,10,675,135,27,17,1,-1,-1,-1
101,11,791,368,130,165,1,-1,-1,-1
101,12,598,349,36,48,1,-1,-1,-1
101,13,963,505,57,34,1,-1,-1,-1
101,14,480,142,20,17,1,-1,-1,-1
101,15,444,139,20,15,1,-1,-1,-1
102,1,769,291,41,38,1,-1,-1,-1
102,2,937,452,84,46,1,-1,-1,-1
102,3,795,248,37,30,1,-1,-1,-1
102,4,758,217,39,25,1,-1,-1,-1
102,5,766,187,31,27,1,-1,-1,-1
102,6,283,331,71,67,1,-1,-1,-1
102,7,168,325,78,82,1,-1,-1,-1
102,8,752,167,27,28,1,-1,-1,-1
102,9,719,181,35,34,1,-1,-1,-1
102,10,675,135,27,17,1,-1,-1,-1
102,11,790,368,130,165,1,-1,-1,-1
102,12,596,350,36,48,1,-1,-1,-1
102,13,962,505,60,34,1,-1,-1,-1
102,14,480,142,20,18,1,-1,-1,-1
102,15,444,138,19,15,1,-1,-1,-1
103,1,765,289,44,40,1,-1,-1,-1
103,2,936,449,84,50,1,-1,-1,-1
103,3,794,248,39,32,1,-1,-1,-1
103,4,757,217,39,25,1,-1,-1,-1
103,5,766,187,30,25,1,-1,-1,-1
103,6,279,335,71,67,1,-1,-1,-1
103,7,167,325,80,84,1,-1,-1,-1
103,8,752,167,27,28,1,-1,-1,-1
103,9,719,181,32,32,1,-1,-1,-1
103,10,673,135,27,17,1,-1,-1,-1
103,11,786,364,135,173,1,-1,-1,-1
103,12,595,345,36,48,1,-1,-1,-1
103,13,967,508,56,31,1,-1,-1,-1
103,14,480,142,20,18,1,-1,-1,-1
103,15,445,140,19,15,1,-1,-1,-1
104,1,766,291,41,38,1,-1,-1,-1
104,2,937,456,85,44,1,-1,-1,-1
104,3,794,248,39,32,1,-1,-1,-1
104,4,757,217,40,25,1,-1,-1,-1
104,5,765,187,31,27,1,-1,-1,-1
104,6,272,337,75,71,1,-1,-1,-1
104,7,164,335,75,79,1,-1,-1,-1
104,8,752,169,27,28,1,-1,-1,-1
104,9,718,179,33,34,1,-1,-1,-1
104,10,675,135,27,17,1,-1,-1,-1
104,11,783,360,135,173,1,-1,-1,-1
104,12,595,343,36,48,1,-1,-1,-1
104,13,961,514,62,25,1,-1,-1,-1
104,14,480,141,20,18,1,-1,-1,-1
104,15,445,140,19,15,1,-1,-1,-1
105,1,768,291,40,36,1,-1,-1,-1
105,2,936,453,87,48,1,-1,-1,-1
105,3,794,248,39,32,1,-1,-1,-1
105,4,757,217,40,25,1,-1,-1,-1
105,5,766,187,31,28,1,-1,-1,-1
105,6,269,343,75,71,1,-1,-1,-1
105,7,155,339,78,82,1,-1,-1,-1
105,8,753,169,27,28,1,-1,-1,-1
105,9,718,179,35,34,1,-1,-1,-1
105,10,675,135,27,17,1,-1,-1,-1
105,11,782,360,135,173,1,-1,-1,-1
105,12,591,342,43,54,1,-1,-1,-1
105,13,960,506,63,33,1,-1,-1,-1
105,14,480,142,21,19,1,-1,-1,-1
105,15,444,140,19,15,1,-1,-1,-1
106,1,766,289,43,38,1,-1,-1,-1
106,2,936,455,87,47,1,-1,-1,-1
106,3,794,248,39,32,1,-1,-1,-1
106,4,757,217,40,25,1,-1,-1,-1
106,5,768,187,31,27,1,-1,-1,-1
106,6,265,347,75,71,1,-1,-1,-1
106,7,151,341,78,82,1,-1,-1,-1
106,8,753,169,27,28,1,-1,-1,-1
106,9,718,181,35,34,1,-1,-1,-1
106,10,675,136,27,13,1,-1,-1,-1
106,11,786,366,115,164,1,-1,-1,-1
106,12,590,339,44,55,1,-1,-1,-1
106,13,958,509,64,30,1,-1,-1,-1
106,14,480,142,24,20,1,-1,-1,-1
106,15,444,140,19,15,1,-1,-1,-1
107,1,765,289,46,36,1,-1,-1,-1
107,2,936,460,87,42,1,-1,-1,-1
107,3,794,248,39,32,1,-1,-1,-1
107,4,757,219,40,25,1,-1,-1,-1
107,5,769,187,31,27,1,-1,-1,-1
107,6,262,352,73,69,1,-1,-1,-1
107,7,143,345,80,84,1,-1,-1,-1
107,8,753,169,27,28,1,-1,-1,-1
107,9,719,181,36,36,1,-1,-1,-1
107,10,676,135,27,17,1,-1,-1,-1
107,11,783,361,116,172,1,-1,-1,-1
107,12,589,337,47,57,1,-1,-1,-1
107,13,958,511,64,28,1,-1,-1,-1
107,14,480,142,21,20,1,-1,-1,-1
107,15,445,140,19,15,1,-1,-1,-1
108,1,765,289,40,36,1,-1,-1,-1
108,2,937,460,83,41,1,-1,-1,-1
108,3,794,248,39,32,1,-1,-1,-1
108,4,753,217,45,25,1,-1,-1,-1
108,5,769,187,30,25,1,-1,-1,-1
108,6,257,354,74,69,1,-1,-1,-1
108,7,139,345,83,88,1,-1,-1,-1
108,8,753,169,27,28,1,-1,-1,-1
108,9,719,181,35,34,1,-1,-1,-1
108,10,676,133,27,17,1,-1,-1,-1
108,11,788,364,110,171,1,-1,-1,-1
108,12,590,337,44,55,1,-1,-1,-1
108,13,957,508,65,31,1,-1,-1,-1
108,14,479,142,22,21,1,-1,-1,-1
108,15,445,140,19,13,1,-1,-1,-1
109,1,765,289,40,36,1,-1,-1,-1
109,2,936,459,87,42,1,-1,-1,-1
109,3,794,248,39,32,1,-1,-1,-1
109,4,757,219,40,25,1,-1,-1,-1
109,5,768,187,31,27,1,-1,-1,-1
109,6,248,356,80,75,1,-1,-1,-1
109,7,133,351,83,88,1,-1,-1,-1
109,8,754,169,27,28,1,-1,-1,-1
109,9,719,181,35,34,1,-1,-1,-1
109,10,676,135,27,17,1,-1,-1,-1
109,11,787,362,109,171,1,-1,-1,-1
109,12,587,335,45,57,1,-1,-1,-1
109,13,960,511,61,28,1,-1,-1,-1
109,14,479,142,22,21,1,-1,-1,-1
109,15,445,142,18,13,1,-1,-1,-1
110,1,765,287,40,36,1,-1,-1,-1
110,2,932,458,90,46,1,-1,-1,-1
110,3,794,248,39,32,1,-1,-1,-1
110,4,757,217,40,25,1,-1,-1,-1
110,5,768,187,31,27,1,-1,-1,-1
110,6,242,362,82,77,1,-1,-1,-1
110,7,125,356,86,90,1,-1,-1,-1
110,8,753,169,27,28,1,-1,-1,-1
110,9,719,181,35,34,1,-1,-1,-1
110,10,676,133,27,17,1,-1,-1,-1
110,11,787,362,109,171,1,-1,-1,-1
110,12,587,331,44,55,1,-1,-1,-1
110,13,958,511,62,28,1,-1,-1,-1
110,14,479,142,22,21,1,-1,-1,-1
110,15,445,142,18,13,1,-1,-1,-1
110,16,543,511,57,28,1,-1,-1,-1
111,1,765,289,40,36,1,-1,-1,-1
111,2,932,463,91,42,1,-1,-1,-1
111,3,794,250,39,32,1,-1,-1,-1
111,4,757,217,39,25,1,-1,-1,-1
111,5,769,189,30,25,1,-1,-1,-1
111,6,237,366,82,77,1,-1,-1,-1
111,7,117,360,87,92,1,-1,-1,-1
111,8,754,169,26,28,1,-1,-1,-1
111,9,718,181,36,36,1,-1,-1,-1
111,10,676,135,27,17,1,-1,-1,-1
111,11,786,360,109,171,1,-1,-1,-1
111,12,587,331,44,55,1,-1,-1,-1
111,13,957,514,61,25,1,-1,-1,-1
111,14,479,142,22,21,1,-1,-1,-1
111,15,445,142,18,13,1,-1,-1,-1
111,16,539,506,57,33,1,-1,-1,-1
112,1,764,287,40,36,1,-1,-1,-1
112,2,932,464,88,40,1,-1,-1,-1
112,3,794,250,39,32,1,-1,-1,-1
112,4,756,219,40,25,1,-1,-1,-1
112,5,770,189,30,25,1,-1,-1,-1
112,6,232,372,82,77,1,-1,-1,-1
112,7,111,366,87,92,1,-1,-1,-1
112,8,754,169,27,28,1,-1,-1,-1
112,9,719,181,36,36,1,-1,-1,-1
112,11,784,360,112,173,1,-1,-1,-1
112,12,587,329,44,55,1,-1,-1,-1
112,13,957,514,65,25,1,-1,-1,-1
112,14,479,142,22,21,1,-1,-1,-1
112,15,445,144,15,11,1,-1,-1,-1
112,16,536,507,59,32,1,-1,-1,-1
113,1,762,287,40,36,1,-1,-1,-1
113,2,932,466,88,40,1,-1,-1,-1
113,3,792,250,39,32,1,-1,-1,-1
113,4,753,220,47,24,1,-1,-1,-1
113,5,770,192,28,23,1,-1,-1,-1
113,6,231,371,83,79,1,-1,-1,-1
113,7,106,365,93,92,1,-1,-1,-1
113,8,754,171,27,28,1,-1,-1,-1
113,9,719,181,36,36,1,-1,-1,-1
113,11,786,362,108,167,1,-1,-1,-1
113,12,586,327,43,54,1,-1,-1,-1
113,13,957,516,61,23,1,-1,-1,-1
113,14,480,144,22,21,1,-1,-1,-1
113,15,445,144,16,14,1,-1,-1,-1
113,16,537,500,57,39,1,-1,-1,-1
114,1,762,287,40,36,1,-1,-1,-1
114,2,929,466,92,42,1,-1,-1,-1
114,3,794,250,39,32,1,-1,-1,-1
114,4,753,219,47,23,1,-1,-1,-1
114,5,770,190,30,25,1,-1,-1,-1
114,6,224,376,84,81,1,-1,-1,-1
114,7,97,370,95,94,1,-1,-1,-1
114,8,756,169,27,30,1,-1,-1,-1
114,9,720,181,35,34,1,-1,-1,-1
114,11,783,360,109,171,1,-1,-1,-1
114,12,586,325,43,54,1,-1,-1,-1
114,13,956,516,61,23,1,-1,-1,-1
114,14,479,144,22,21,1,-1,-1,-1
114,15,445,144,15,11,1,-1,-1,-1
114,16,535,497,59,42,1,-1,-1,-1
115,1,762,285,40,36,1,-1,-1,-1
115,2,928,466,92,42,1,-1,-1,-1
115,3,794,250,39,32,1,-1,-1,-1
115,4,753,219,47,23,1,-1,-1,-1
115,5,770,190,31,27,1,-1,-1,-1
115,6,215,379,91,86,1,-1,-1,-1
115,7,90,374,99,98,1,-1,-1,-1
115,8,756,169,27,30,1,-1,-1,-1
115,9,720,181,35,34,1,-1,-1,-1
115,11,782,358,109,171,1,-1,-1,-1
115,12,587,324,41,52,1,-1,-1,-1
115,13,954,519,66,20,1,-1,-1,-1
115,14,479,144,22,21,1,-1,-1,-1
115,15,445,144,16,13,1,-1,-1,-1
115,16,534,491,63,48,1,-1,-1,-1
116,1,761,285,40,36,1,-1,-1,-1
116,2,928,466,92,42,1,-1,-1,-1
116,3,795,252,37,30,1,-1,-1,-1
116,4,753,221,47,23,1,-1,-1,-1
116,5,770,190,30,25,1,-1,-1,-1
116,6,211,385,90,86,1,-1,-1,-1
116,7,83,379,100,100,1,-1,-1,-1
116,8,756,169,27,28,1,-1,-1,-1
116,9,720,181,35,34,1,-1,-1,-1
116,11,779,356,112,173,1,-1,-1,-1
116,12,586,322,43,54,1,-1,-1,-1
116,13,953,516,61,23,1,-1,-1,-1
116,14,479,144,22,21,1,-1,-1,-1
116,15,444,144,16,13,1,-1,-1,-1
116,16,533,490,63,47,1,-1,-1,-1
117,1,761,285,40,36,1,-1,-1,-1
117,2,927,468,95,44,1,-1,-1,-1
117,3,792,250,40,32,1,-1,-1,-1
117,4,752,221,47,23,1,-1,-1,-1
117,5,771,190,30,25,1,-1,-1,-1
117,6,202,389,92,88,1,-1,-1,-1
117,7,77,383,100,100,1,-1,-1,-1
117,8,756,169,27,28,1,-1,-1,-1
117,9,722,177,34,41,1,-1,-1,-1
117,11,778,358,109,171,1,-1,-1,-1
117,12,586,320,41,52,1,-1,-1,-1
117,13,953,518,68,21,1,-1,-1,-1
117,14,479,144,22,21,1,-1,-1,-1
117,15,445,144,16,13,1,-1,-1,-1
117,16,531,488,61,51,1,-1,-1,-1
118,1,763,285,42,40,1,-1,-1,-1
118,2,927,468,91,42,1,-1,-1,-1
118,3,792,250,40,32,1,-1,-1,-1
118,4,752,221,47,23,1,-1,-1,-1
118,5,771,190,30,25,1,-1,-1,-1
118,6,194,393,95,90,1,-1,-1,-1
118,7,69,389,100,100,1,-1,-1,-1
118,8,756,169,27,28,1,-1,-1,-1
118,9,722,177,33,40,1,-1,-1,-1
118,11,778,358,109,171,1,-1,-1,-1
118,12,585,318,43,54,1,-1,-1,-1
118,13,953,518,68,21,1,-1,-1,-1
118,14,479,144,22,21,1,-1,-1,-1
118,15,442,144,16,13,1,-1,-1,-1
118,16,530,484,61,50,1,-1,-1,-1
119,1,761,283,43,40,1,-1,-1,-1
119,2,927,470,88,40,1,-1,-1,-1
119,3,792,250,39,32,1,-1,-1,-1
119,4,752,221,47,23,1,-1,-1,-1
119,5,770,190,30,25,1,-1,-1,-1
119,6,189,401,92,88,1,-1,-1,-1
119,7,60,395,103,102,1,-1,-1,-1
119,8,756,169,27,28,1,-1,-1,-1
119,9,722,177,33,40,1,-1,-1,-1
119,11,778,358,108,167,1,-1,-1,-1
119,12,585,316,41,52,1,-1,-1,-1
119,13,952,520,71,19,1,-1,-1,-1
119,14,478,146,22,21,1,-1,-1,-1
119,15,444,144,16,13,1,-1,-1,-1
119,16,528,480,61,58,1,-1,-1,-1
120,1,762,285,41,40,1,-1,-1,-1
120,2,924,470,92,42,1,-1,-1,-1
120,3,792,250,39,32,1,-1,-1,-1
120,4,751,221,48,23,1,-1,-1,-1
120,5,771,192,30,25,1,-1,-1,-1
120,6,178,403,100,96,1,-1,-1,-1
120,7,53,394,109,109,1,-1,-1,-1
120,8,757,169,27,28,1,-1,-1,-1
120,9,722,177,32,40,1,-1,-1,-1
120,11,777,348,101,176,1,-1,-1,-1
120,12,586,316,40,50,1,-1,-1,-1
120,13,949,520,61,19,1,-1,-1,-1
120,14,476,146,22,21,1,-1,-1,-1
120,15,442,146,16,13,1,-1,-1,-1
120,16,528,476,62,60,1,-1,-1,-1
121,1,764,285,40,38,1,-1,-1,-1
121,2,924,470,92,42,1,-1,-1,-1
121,3,791,250,37,30,1,-1,-1,-1
121,4,752,221,47,23,1,-1,-1,-1
121,5,771,192,28,25,1,-1,-1,-1
121,6,173,410,96,92,1,-1,-1,-1
121,7,44,399,111,111,1,-1,-1,-1
121,8,757,169,27,28,1,-1,-1,-1
121,9,723,177,32,40,1,-1,-1,-1
121,11,772,345,105,167,1,-1,-1,-1
121,12,585,314,39,48,1,-1,-1,-1
121,13,949,520,73,19,1,-1,-1,-1
121,14,476,146,22,21,1,-1,-1,-1
121,15,442,146,16,13,1,-1,-1,-1
121,16,527,472,62,66,1,-1,-1,-1
122,1,760,283,40,38,1,-1,-1,-1
122,2,923,472,95,44,1,-1,-1,-1
122,3,791,250,40,32,1,-1,-1,-1
122,4,751,221,47,23,1,-1,-1,-1
122,5,773,192,28,25,1,-1,-1,-1
122,6,164,416,103,98,1,-1,-1,-1
122,7,35,406,111,111,1,-1,-1,-1
122,8,757,169,27,28,1,-1,-1,-1
122,9,723,177,33,40,1,-1,-1,-1
122,11,777,347,99,172,1,-1,-1,-1
122,12,585,314,39,48,1,-1,-1,-1
122,13,949,520,73,19,1,-1,-1,-1
122,14,476,146,22,21,1,-1,-1,-1
122,15,441,146,16,13,1,-1,-1,-1
122,16,527,470,58,68,1,-1,-1,-1
123,1,761,285,40,38,1,-1,-1,-1
123,2,923,472,92,42,1,-1,-1,-1
123,3,791,252,39,32,1,-1,-1,-1
123,4,751,221,47,23,1,-1,-1,-1
123,5,771,194,30,26,1,-1,-1,-1
123,6,155,420,107,102,1,-1,-1,-1
123,7,23,408,117,118,1,-1,-1,-1
123,8,757,171,27,28,1,-1,-1,-1
123,9,723,177,33,40,1,-1,-1,-1
123,11,777,347,99,171,1,-1,-1,-1
123,12,585,312,37,48,1,-1,-1,-1
123,13,948,522,74,17,1,-1,-1,-1
123,14,476,146,22,21,1,-1,-1,-1
123,15,441,146,16,13,1,-1,-1,-1
123,16,522,466,65,72,1,-1,-1,-1
124,1,761,283,40,38,1,-1,-1,-1
124,2,922,472,95,44,1,-1,-1,-1
124,3,791,250,40,34,1,-1,-1,-1
124,4,751,221,47,23,1,-1,-1,-1
124,5,770,194,31,27,1,-1,-1,-1
124,6,146,426,109,104,1,-1,-1,-1
124,7,14,416,117,117,1,-1,-1,-1
124,8,757,171,27,28,1,-1,-1,-1
124,9,723,177,33,40,1,-1,-1,-1
124,11,774,345,99,171,1,-1,-1,-1
124,12,585,312,36,46,1,-1,-1,-1
124,14,475,148,22,21,1,-1,-1,-1
124,15,442,148,16,13,1,-1,-1,-1
124,16,523,464,63,75,1,-1,-1,-1
125,1,760,283,41,40,1,-1,-1,-1
125,2,920,472,102,53,1,-1,-1,-1
125,3,791,250,39,32,1,-1,-1,-1
125,4,749,221,47,23,1,-1,-1,-1
125,5,770,194,31,27,1,-1,-1,-1
125,6,138,435,109,104,1,-1,-1,-1
125,7,1,422,121,117,1,-1,-1,-1
125,8,757,171,27,28,1,-1,-1,-1
125,9,723,177,33,40,1,-1,-1,-1
125,11,774,347,96,169,1,-1,-1,-1
125,12,583,308,37,48,1,-1,-1,-1
125,14,475,148,22,21,1,-1,-1,-1
125,15,442,146,16,13,1,-1,-1,-1
125,16,524,462,62,77,1,-1,-1,-1
126,1,758,283,44,42,1,-1,-1,-1
126,2,922,474,101,50,1,-1,-1,-1
126,3,791,252,39,32,1,-1,-1,-1
126,4,751,221,47,23,1,-1,-1,-1
126,5,773,194,30,25,1,-1,-1,-1
126,6,129,441,113,98,1,-1,-1,-1
126,7,1,419,121,116,1,-1,-1,-1
126,8,758,171,27,28,1,-1,-1,-1
126,9,723,177,33,40,1,-1,-1,-1
126,11,774,345,96,169,1,-1,-1,-1
126,12,583,306,39,48,1,-1,-1,-1
126,14,475,148,22,21,1,-1,-1,-1
126,15,442,148,16,13,1,-1,-1,-1
126,16,518,457,66,78,1,-1,-1,-1
127,1,757,281,44,42,1,-1,-1,-1
127,2,919,474,103,51,1,-1,-1,-1
127,3,791,252,39,32,1,-1,-1,-1
127,4,749,221,47,23,1,-1,-1,-1
127,5,773,194,30,25,1,-1,-1,-1
127,6,121,445,113,94,1,-1,-1,-1
127,7,0,428,115,111,1,-1,-1,-1
127,8,758,171,27,28,1,-1,-1,-1
127,9,723,177,33,40,1,-1,-1,-1
127,11,774,347,95,165,1,-1,-1,-1
127,12,583,302,40,50,1,-1,-1,-1
127,14,475,150,22,21,1,-1,-1,-1
127,15,441,148,16,13,1,-1,-1,-1
127,16,518,455,67,82,1,-1,-1,-1
128,1,757,279,45,44,1,-1,-1,-1
128,2,919,476,92,42,1,-1,-1,-1
128,3,791,252,39,32,1,-1,-1,-1
128,4,749,221,47,23,1,-1,-1,-1
128,5,773,194,30,25,1,-1,-1,-1
128,6,112,453,116,86,1,-1,-1,-1
128,7,3,434,98,105,1,-1,-1,-1
128,8,758,171,27,28,1,-1,-1,-1
128,9,723,177,33,40,1,-1,-1,-1
128,11,771,345,96,169,1,-1,-1,-1
128,12,583,300,39,48,1,-1,-1,-1
128,14,475,150,22,21,1,-1,-1,-1
128,15,442,148,16,13,1,-1,-1,-1
128,16,517,449,67,88,1,-1,-1,-1
129,1,756,279,47,44,1,-1,-1,-1
129,2,918,476,95,44,1,-1,-1,-1
129,3,791,252,39,32,1,-1,-1,-1
129,4,749,221,47,23,1,-1,-1,-1
129,5,774,196,30,25,1,-1,-1,-1
129,6,104,464,116,75,1,-1,-1,-1
129,7,0,445,93,94,1,-1,-1,-1
129,8,760,171,27,28,1,-1,-1,-1
129,9,723,177,35,42,1,-1,-1,-1
129,11,771,343,96,169,1,-1,-1,-1
129,12,583,302,37,48,1,-1,-1,-1
129,14,474,150,22,21,1,-1,-1,-1
129,15,442,148,16,13,1,-1,-1,-1
129,16,517,445,66,88,1,-1,-1,-1
130,1,756,279,47,44,1,-1,-1,-1
130,2,918,476,105,51,1,-1,-1,-1
130,3,791,254,39,32,1,-1,-1,-1
130,4,749,221,47,23,1,-1,-1,-1
130,5,774,196,30,25,1,-1,-1,-1
130,6,96,472,116,67,1,-1,-1,-1
130,7,0,446,86,93,1,-1,-1,-1
130,8,760,173,27,28,1,-1,-1,-1
130,9,723,179,35,42,1,-1,-1,-1
130,11,770,345,96,169,1,-1,-1,-1
130,12,583,300,37,48,1,-1,-1,-1
130,14,474,150,22,21,1,-1,-1,-1
130,15,442,150,16,13,1,-1,-1,-1
130,16,515,443,66,88,1,-1,-1,-1
131,1,756,279,47,44,1,-1,-1,-1
131,2,915,478,107,48,1,-1,-1,-1
131,3,792,254,39,32,1,-1,-1,-1
131,4,748,221,47,23,1,-1,-1,-1
131,5,773,196,31,27,1,-1,-1,-1
131,6,104,475,99,64,1,-1,-1,-1
131,7,1,449,82,86,1,-1,-1,-1
131,8,761,173,27,28,1,-1,-1,-1
131,9,724,179,33,40,1,-1,-1,-1
131,11,770,343,96,169,1,-1,-1,-1
131,12,583,298,37,48,1,-1,-1,-1
131,14,474,152,22,21,1,-1,-1,-1
131,16,517,441,66,86,1,-1,-1,-1
132,1,754,277,48,46,1,-1,-1,-1
132,2,915,478,108,52,1,-1,-1,-1
132,3,792,254,37,30,1,-1,-1,-1
132,4,749,221,47,23,1,-1,-1,-1
132,5,774,196,30,25,1,-1,-1,-1
132,6,91,480,108,58,1,-1,-1,-1
132,7,0,464,65,75,1,-1,-1,-1
132,8,761,171,27,28,1,-1,-1,-1
132,9,723,179,35,42,1,-1,-1,-1
132,11,770,345,95,165,1,-1,-1,-1
132,12,583,297,37,48,1,-1,-1,-1
132,14,474,152,22,21,1,-1,-1,-1
132,16,517,437,64,84,1,-1,-1,-1
133,1,754,279,47,44,1,-1,-1,-1
133,2,914,478,105,48,1,-1,-1,-1
133,3,791,254,39,32,1,-1,-1,-1
133,4,749,221,47,23,1,-1,-1,-1
133,5,774,196,30,25,1,-1,-1,-1
133,6,101,491,80,48,1,-1,-1,-1
133,7,0,464,61,75,1,-1,-1,-1
133,8,761,173,27,28,1,-1,-1,-1
133,9,723,177,36,44,1,-1,-1,-1
133,11,766,343,96,169,1,-1,-1,-1
133,12,583,295,39,48,1,-1,-1,-1
133,14,472,152,22,21,1,-1,-1,-1
133,16,517,435,62,82,1,-1,-1,-1
134,1,753,277,47,44,1,-1,-1,-1
134,2,914,480,95,44,1,-1,-1,-1
134,3,791,254,39,32,1,-1,-1,-1
134,4,748,223,47,23,1,-1,-1,-1
134,5,775,196,31,27,1,-1,-1,-1
134,6,95,495,93,44,1,-1,-1,-1
134,7,0,472,52,67,1,-1,-1,-1
134,8,761,173,27,28,1,-1,-1,-1
134,9,724,177,36,44,1,-1,-1,-1
134,11,765,341,96,169,1,-1,-1,-1
134,12,584,296,37,48,1,-1,-1,-1
134,14,472,152,22,21,1,-1,-1,-1
134,16,515,433,62,82,1,-1,-1,-1
135,1,753,277,47,44,1,-1,-1,-1
135,2,912,480,95,44,1,-1,-1,-1
135,3,791,254,39,32,1,-1,-1,-1
135,4,748,223,47,23,1,-1,-1,-1
135,5,775,196,30,25,1,-1,-1,-1
135,6,96,499,78,40,1,-1,-1,-1
135,7,0,487,44,52,1,-1,-1,-1
135,8,761,173,27,28,1,-1,-1,-1
135,9,724,179,36,44,1,-1,-1,-1
135,11,765,341,96,169,1,-1,-1,-1
135,12,583,295,37,48,1,-1,-1,-1
135,14,471,152,22,21,1,-1,-1,-1
135,16,515,430,61,81,1,-1,-1,-1
136,1,753,277,45,44,1,-1,-1,-1
136,2,911,480,95,44,1,-1,-1,-1
136,3,791,254,39,32,1,-1,-1,-1
136,4,748,223,47,23,1,-1,-1,-1
136,5,775,198,30,25,1,-1,-1,-1
136,6,91,514,75,25,1,-1,-1,-1
136,7,0,499,39,38,1,-1,-1,-1
136,8,762,173,27,28,1,-1,-1,-1
136,9,724,179,36,44,1,-1,-1,-1
136,11,766,345,91,158,1,-1,-1,-1
136,12,582,291,40,52,1,-1,-1,-1
136,14,471,154,22,21,1,-1,-1,-1
136,16,514,426,66,86,1,-1,-1,-1
137,1,753,277,41,39,1,-1,-1,-1
137,2,910,482,95,44,1,-1,-1,-1
137,3,791,254,40,32,1,-1,-1,-1
137,4,748,223,47,23,1,-1,-1,-1
137,5,775,198,31,27,1,-1,-1,-1
137,8,762,173,27,28,1,-1,-1,-1
137,9,726,179,36,44,1,-1,-1,-1
137,11,765,345,91,158,1,-1,-1,-1
137,12,582,291,40,52,1,-1,-1,-1
137,14,471,154,22,21,1,-1,-1,-1
137,16,517,426,61,79,1,-1,-1,-1
138,1,754,277,40,39,1,-1,-1,-1
138,2,911,482,92,42,1,-1,-1,-1
138,3,791,254,40,32,1,-1,-1,-1
138,4,748,223,47,23,1,-1,-1,-1
138,5,777,198,30,25,1,-1,-1,-1
138,8,764,175,27,28,1,-1,-1,-1
138,9,726,179,36,44,1,-1,-1,-1
138,11,762,343,92,162,1,-1,-1,-1
138,12,582,289,40,52,1,-1,-1,-1
138,16,514,422,61,81,1,-1,-1,-1
139,1,753,275,40,39,1,-1,-1,-1
139,2,910,484,96,44,1,-1,-1,-1
139,3,791,254,39,32,1,-1,-1,-1
139,4,748,223,47,23,1,-1,-1,-1
139,5,778,200,27,25,1,-1,-1,-1
139,8,764,175,27,28,1,-1,-1,-1
139,9,726,179,35,42,1,-1,-1,-1
139,11,762,343,91,158,1,-1,-1,-1
139,12,582,289,40,52,1,-1,-1,-1
139,16,514,418,62,82,1,-1,-1,-1
140,1,752,275,42,41,1,-1,-1,-1
140,2,909,484,114,50,1,-1,-1,-1
140,3,791,254,39,32,1,-1,-1,-1
140,4,748,223,47,23,1,-1,-1,-1
140,5,778,200,27,23,1,-1,-1,-1
140,8,764,173,27,28,1,-1,-1,-1
140,9,726,179,36,44,1,-1,-1,-1
140,11,761,343,91,158,1,-1,-1,-1
140,12,583,287,37,50,1,-1,-1,-1
140,16,513,412,66,88,1,-1,-1,-1
141,1,752,275,42,38,1,-1,-1,-1
141,2,907,484,113,50,1,-1,-1,-1
141,3,791,254,40,32,1,-1,-1,-1
141,4,748,223,47,23,1,-1,-1,-1
141,5,778,200,27,23,1,-1,-1,-1
141,8,765,175,27,28,1,-1,-1,-1
141,9,727,179,36,44,1,-1,-1,-1
141,11,760,339,92,162,1,-1,-1,-1
141,12,583,287,36,48,1,-1,-1,-1
141,16,513,412,64,84,1,-1,-1,-1
142,1,752,275,40,39,1,-1,-1,-1
142,2,906,484,113,50,1,-1,-1,-1
142,3,791,254,40,32,1,-1,-1,-1
142,4,748,223,47,23,1,-1,-1,-1
142,5,778,200,27,23,1,-1,-1,-1
142,8,765,175,27,28,1,-1,-1,-1
142,9,727,179,36,44,1,-1,-1,-1
142,11,760,341,92,162,1,-1,-1,-1
142,12,585,285,36,46,1,-1,-1,-1
142,16,512,408,66,88,1,-1,-1,-1
143,1,755,277,36,34,1,-1,-1,-1
143,2,906,486,113,50,1,-1,-1,-1
143,3,791,256,39,32,1,-1,-1,-1
143,4,748,223,47,23,1,-1,-1,-1
143,5,778,198,30,25,1,-1,-1,-1
143,8,765,175,27,28,1,-1,-1,-1
143,9,727,179,36,44,1,-1,-1,-1
143,11,758,339,92,162,1,-1,-1,-1
143,12,583,283,36,46,1,-1,-1,-1
143,16,512,403,67,90,1,-1,-1,-1
144,1,751,275,42,36,1,-1,-1,-1
144,2,905,487,116,50,1,-1,-1,-1
144,3,791,256,39,32,1,-1,-1,-1
144,4,748,223,47,23,1,-1,-1,-1
144,5,778,198,31,27,1,-1,-1,-1
144,8,765,175,27,28,1,-1,-1,-1
144,9,727,179,36,44,1,-1,-1,-1
144,11,760,341,91,158,1,-1,-1,-1
144,12,583,281,37,48,1,-1,-1,-1
144,16,519,413,56,71,1,-1,-1,-1
145,1,751,273,40,38,1,-1,-1,-1
145,2,905,487,116,50,1,-1,-1,-1
145,3,791,256,39,32,1,-1,-1,-1
145,4,748,223,47,23,1,-1,-1,-1
145,5,778,200,30,25,1,-1,-1,-1
145,8,766,175,27,28,1,-1,-1,-1
145,9,727,179,36,44,1,-1,-1,-1
145,11,758,341,90,156,1,-1,-1,-1
145,12,583,279,37,48,1,-1,-1,-1
145,16,517,413,57,73,1,-1,-1,-1
146,1,751,275,41,35,1,-1,-1,-1
146,2,906,489,113,50,1,-1,-1,-1
146,3,791,256,39,32,1,-1,-1,-1
146,4,748,223,47,23,1,-1,-1,-1
146,5,779,200,30,25,1,-1,-1,-1
146,8,766,175,27,28,1,-1,-1,-1
146,9,727,181,36,44,1,-1,-1,-1
146,11,757,339,91,158,1,-1,-1,-1
146,12,585,279,36,46,1,-1,-1,-1
146,16,517,409,58,62,1,-1,-1,-1
147,1,752,275,40,35,1,-1,-1,-1
147,2,905,489,113,50,1,-1,-1,-1
147,3,792,256,39,32,1,-1,-1,-1
147,4,748,223,47,23,1,-1,-1,-1
147,5,779,200,30,25,1,-1,-1,-1
147,8,765,175,27,28,1,-1,-1,-1
147,9,727,181,36,44,1,-1,-1,-1
147,11,757,333,87,148,1,-1,-1,-1
147,12,585,279,36,48,1,-1,-1,-1
147,16,517,406,57,61,1,-1,-1,-1
148,1,751,275,40,38,1,-1,-1,-1
148,2,903,489,116,50,1,-1,-1,-1
148,3,792,258,39,32,1,-1,-1,-1
148,4,748,223,47,23,1,-1,-1,-1
148,5,781,200,30,25,1,-1,-1,-1
148,8,768,175,27,28,1,-1,-1,-1
148,9,727,179,36,46,1,-1,-1,-1
148,11,757,339,90,156,1,-1,-1,-1
148,12,585,277,36,46,1,-1,-1,-1
148,16,517,405,58,63,1,-1,-1,-1
149,1,752,275,40,38,1,-1,-1,-1
149,2,902,489,116,50,1,-1,-1,-1
149,3,792,258,39,32,1,-1,-1,-1
149,4,748,223,47,23,1,-1,-1,-1
149,5,781,200,31,27,1,-1,-1,-1
149,8,768,175,27,28,1,-1,-1,-1
149,9,728,183,36,44,1,-1,-1,-1
149,11,756,337,90,156,1,-1,-1,-1
149,12,586,277,36,46,1,-1,-1,-1
149,16,518,403,57,61,1,-1,-1,-1
150,1,752,275,39,38,1,-1,-1,-1
150,2,903,491,113,48,1,-1,-1,-1
150,3,791,258,39,32,1,-1,-1,-1
150,4,748,223,47,23,1,-1,-1,-1
150,5,781,200,30,25,1,-1,-1,-1
150,8,768,175,27,28,1,-1,-1,-1
150,9,730,183,35,42,1,-1,-1,-1
150,11,755,326,87,152,1,-1,-1,-1
150,12,586,275,36,48,1,-1,-1,-1
150,16,518,399,57,61,1,-1,-1,-1
151,1,752,275,40,38,1,-1,-1,-1
151,2,902,491,116,48,1,-1,-1,-1
151,3,792,258,37,30,1,-1,-1,-1
151,4,748,223,47,23,1,-1,-1,-1
151,5,782,202,30,25,1,-1,-1,-1
151,8,769,177,27,28,1,-1,-1,-1
151,9,731,183,33,40,1,-1,-1,-1
151,11,756,328,85,154,1,-1,-1,-1
151,12,585,273,36,48,1,-1,-1,-1
151,16,518,397,58,63,1,-1,-1,-1
152,1,753,275,37,36,1,-1,-1,-1
152,2,902,493,116,46,1,-1,-1,-1
152,3,791,258,39,32,1,-1,-1,-1
152,4,748,223,47,23,1,-1,-1,-1
152,5,782,202,31,27,1,-1,-1,-1
152,8,770,177,27,28,1,-1,-1,-1
152,9,731,183,32,40,1,-1,-1,-1
152,11,754,327,84,154,1,-1,-1,-1
152,12,586,273,36,46,1,-1,-1,-1
152,16,518,395,57,61,1,-1,-1,-1
153,1,752,273,40,38,1,-1,-1,-1
153,2,901,493,116,46,1,-1,-1,-1
153,3,792,260,39,32,1,-1,-1,-1
153,4,749,225,47,23,1,-1,-1,-1
153,5,782,202,31,27,1,-1,-1,-1
153,8,770,177,27,28,1,-1,-1,-1
153,9,732,183,32,40,1,-1,-1,-1
153,11,752,327,87,156,1,-1,-1,-1
153,12,586,271,35,44,1,-1,-1,-1
153,16,519,395,54,57,1,-1,-1,-1
154,1,752,275,40,38,1,-1,-1,-1
154,2,901,495,116,44,1,-1,-1,-1
154,3,792,260,39,32,1,-1,-1,-1
154,4,749,223,47,23,1,-1,-1,-1
154,5,784,202,28,25,1,-1,-1,-1
154,8,770,177,27,28,1,-1,-1,-1
154,9,732,185,31,38,1,-1,-1,-1
154,11,753,327,84,154,1,-1,-1,-1
154,12,586,271,36,46,1,-1,-1,-1
154,16,522,395,52,55,1,-1,-1,-1
155,1,752,273,40,38,1,-1,-1,-1
155,2,901,495,116,44,1,-1,-1,-1
155,3,794,260,37,30,1,-1,-1,-1
155,4,751,225,47,23,1,-1,-1,-1
155,5,786,204,27,23,1,-1,-1,-1
155,8,771,177,27,28,1,-1,-1,-1
155,9,734,183,31,38,1,-1,-1,-1
155,11,753,327,84,154,1,-1,-1,-1
155,12,587,270,33,44,1,-1,-1,-1
155,16,522,393,49,52,1,-1,-1,-1
156,1,752,273,40,40,1,-1,-1,-1
156,2,899,495,118,44,1,-1,-1,-1
156,3,794,260,39,32,1,-1,-1,-1
156,4,751,225,47,23,1,-1,-1,-1
156,5,787,204,27,23,1,-1,-1,-1
156,8,771,177,27,28,1,-1,-1,-1
156,9,734,185,31,38,1,-1,-1,-1
156,11,753,327,84,154,1,-1,-1,-1
156,12,587,268,36,46,1,-1,-1,-1
156,16,522,387,53,55,1,-1,-1,-1
157,1,752,273,40,40,1,-1,-1,-1
157,2,898,497,118,42,1,-1,-1,-1
157,3,794,260,39,32,1,-1,-1,-1
157,4,751,225,47,23,1,-1,-1,-1
157,5,787,204,27,23,1,-1,-1,-1
157,8,773,177,27,28,1,-1,-1,-1
157,9,736,185,30,36,1,-1,-1,-1
157,11,752,325,84,154,1,-1,-1,-1
157,12,587,266,36,46,1,-1,-1,-1
157,16,522,385,54,57,1,-1,-1,-1
158,1,752,273,40,38,1,-1,-1,-1
158,2,898,497,118,42,1,-1,-1,-1
158,3,794,260,39,32,1,-1,-1,-1
158,4,752,225,47,23,1,-1,-1,-1
158,5,787,204,27,23,1,-1,-1,-1
158,8,773,177,27,28,1,-1,-1,-1
158,9,736,183,31,38,1,-1,-1,-1
158,11,751,324,87,156,1,-1,-1,-1
158,12,587,266,36,48,1,-1,-1,-1
158,16,522,383,53,57,1,-1,-1,-1
159,1,752,273,40,40,1,-1,-1,-1
159,2,898,499,116,40,1,-1,-1,-1
159,3,794,260,39,32,1,-1,-1,-1
159,4,752,225,47,23,1,-1,-1,-1
159,5,787,204,28,25,1,-1,-1,-1
159,8,774,177,27,28,1,-1,-1,-1
159,9,736,183,31,38,1,-1,-1,-1
159,11,751,324,87,156,1,-1,-1,-1
159,12,587,264,37,48,1,-1,-1,-1
159,16,522,383,53,57,1,-1,-1,-1
160,1,752,273,40,38,1,-1,-1,-1
160,2,898,499,116,40,1,-1,-1,-1
160,3,795,262,37,30,1,-1,-1,-1
160,4,752,225,47,23,1,-1,-1,-1
160,5,786,204,30,25,1,-1,-1,-1
160,8,774,177,27,28,1,-1,-1,-1
160,9,736,185,31,38,1,-1,-1,-1
160,11,751,325,84,154,1,-1,-1,-1
160,12,587,262,37,50,1,-1,-1,-1
160,16,522,379,53,55,1,-1,-1,-1
161,1,753,273,37,36,1,-1,-1,-1
161,2,897,499,118,40,1,-1,-1,-1
161,3,795,260,37,30,1,-1,-1,-1
161,4,751,225,47,23,1,-1,-1,-1
161,5,786,204,31,28,1,-1,-1,-1
161,8,774,177,27,28,1,-1,-1,-1
161,9,736,183,31,38,1,-1,-1,-1
161,11,749,324,84,154,1,-1,-1,-1
161,12,587,262,37,48,1,-1,-1,-1
161,14,465,164,21,26,1,-1,-1,-1
161,16,522,378,53,57,1,-1,-1,-1
162,1,753,273,37,36,1,-1,-1,-1
162,2,896,499,118,40,1,-1,-1,-1
162,3,795,262,37,30,1,-1,-1,-1
162,4,752,225,47,23,1,-1,-1,-1
162,5,786,204,31,28,1,-1,-1,-1
162,8,774,177,27,28,1,-1,-1,-1
162,9,736,185,30,36,1,-1,-1,-1
162,11,749,325,84,154,1,-1,-1,-1
162,12,587,260,37,50,1,-1,-1,-1
162,14,462,164,28,29,1,-1,-1,-1
162,16,522,374,54,57,1,-1,-1,-1
163,1,752,273,37,36,1,-1,-1,-1
163,2,897,501,116,38,1,-1,-1,-1
163,3,795,262,37,30,1,-1,-1,-1
163,4,752,225,47,23,1,-1,-1,-1
163,5,787,204,31,28,1,-1,-1,-1
163,8,775,179,24,25,1,-1,-1,-1
163,9,736,185,30,36,1,-1,-1,-1
163,11,753,318,83,150,1,-1,-1,-1
163,12,591,264,34,32,1,-1,-1,-1
163,14,463,164,25,28,1,-1,-1,-1
163,16,521,370,57,61,1,-1,-1,-1
164,1,751,271,39,38,1,-1,-1,-1
164,2,894,501,118,38,1,-1,-1,-1
164,3,795,262,36,30,1,-1,-1,-1
164,4,752,225,47,23,1,-1,-1,-1
164,5,787,204,30,25,1,-1,-1,-1
164,8,774,179,27,28,1,-1,-1,-1
164,9,736,185,30,36,1,-1,-1,-1
164,11,750,316,83,150,1,-1,-1,-1
164,12,590,262,33,32,1,-1,-1,-1
164,14,462,166,23,28,1,-1,-1,-1
164,16,521,368,58,63,1,-1,-1,-1
165,1,751,271,40,38,1,-1,-1,-1
165,2,893,501,118,38,1,-1,-1,-1
165,3,794,260,39,32,1,-1,-1,-1
165,4,752,225,47,23,1,-1,-1,-1
165,5,788,204,31,27,1,-1,-1,-1
165,8,775,179,27,28,1,-1,-1,-1
165,9,736,185,31,38,1,-1,-1,-1
165,11,747,314,84,154,1,-1,-1,-1
165,12,591,262,33,32,1,-1,-1,-1
165,14,461,167,23,24,1,-1,-1,-1
165,16,519,364,60,65,1,-1,-1,-1
166,1,749,271,40,38,1,-1,-1,-1
166,2,893,503,118,36,1,-1,-1,-1
166,3,794,262,39,32,1,-1,-1,-1
166,4,752,225,47,23,1,-1,-1,-1
166,5,787,204,31,28,1,-1,-1,-1
166,8,774,179,27,28,1,-1,-1,-1
166,9,736,185,30,36,1,-1,-1,-1
166,11,746,314,87,156,1,-1,-1,-1
166,12,591,260,33,32,1,-1,-1,-1
166,14,461,167,22,24,1,-1,-1,-1
166,16,522,364,57,61,1,-1,-1,-1
167,1,749,271,40,38,1,-1,-1,-1
167,2,893,503,118,36,1,-1,-1,-1
167,3,794,262,39,32,1,-1,-1,-1
167,4,751,225,47,23,1,-1,-1,-1
167,5,787,206,31,27,1,-1,-1,-1
167,8,775,179,27,28,1,-1,-1,-1
167,9,736,185,31,38,1,-1,-1,-1
167,11,748,316,84,149,1,-1,-1,-1
167,12,591,260,33,32,1,-1,-1,-1
167,14,459,166,24,28,1,-1,-1,-1
167,16,522,362,57,61,1,-1,-1,-1
168,1,749,270,40,38,1,-1,-1,-1
168,2,892,503,118,36,1,-1,-1,-1
168,3,795,262,37,30,1,-1,-1,-1
168,4,752,225,47,23,1,-1,-1,-1
168,5,787,206,30,25,1,-1,-1,-1
168,8,774,179,27,28,1,-1,-1,-1
168,9,736,185,31,38,1,-1,-1,-1
168,11,746,314,84,147,1,-1,-1,-1
168,12,592,260,32,30,1,-1,-1,-1
168,14,458,167,23,28,1,-1,-1,-1
168,16,522,360,57,61,1,-1,-1,-1
169,1,748,270,40,38,1,-1,-1,-1
169,2,890,505,118,34,1,-1,-1,-1
169,3,792,262,37,30,1,-1,-1,-1
169,4,751,227,47,23,1,-1,-1,-1
169,5,787,206,31,27,1,-1,-1,-1
169,8,777,179,27,28,1,-1,-1,-1
169,9,737,185,30,36,1,-1,-1,-1
169,11,751,316,80,144,1,-1,-1,-1
169,12,592,256,32,30,1,-1,-1,-1
169,14,456,169,27,25,1,-1,-1,-1
169,16,522,362,54,58,1,-1,-1,-1
170,1,748,270,40,38,1,-1,-1,-1
170,2,889,505,117,34,1,-1,-1,-1
170,3,792,262,39,32,1,-1,-1,-1
170,4,752,225,47,23,1,-1,-1,-1
170,5,787,206,31,27,1,-1,-1,-1
170,8,775,179,27,28,1,-1,-1,-1
170,9,736,185,31,38,1,-1,-1,-1
170,11,750,315,80,146,1,-1,-1,-1
170,12,592,256,35,32,1,-1,-1,-1
170,14,456,169,27,28,1,-1,-1,-1
170,16,522,358,57,61,1,-1,-1,-1
171,1,748,270,39,38,1,-1,-1,-1
171,2,888,507,117,32,1,-1,-1,-1
171,3,792,262,39,32,1,-1,-1,-1
171,4,749,225,47,23,1,-1,-1,-1
171,5,787,206,31,28,1,-1,-1,-1
171,8,775,179,27,28,1,-1,-1,-1
171,9,736,185,31,38,1,-1,-1,-1
171,11,747,314,79,143,1,-1,-1,-1
171,12,591,254,33,32,1,-1,-1,-1
171,14,455,171,27,28,1,-1,-1,-1
171,16,523,356,54,57,1,-1,-1,-1
172,1,748,271,37,36,1,-1,-1,-1
172,2,886,507,117,32,1,-1,-1,-1
172,3,792,262,36,30,1,-1,-1,-1
172,4,748,225,47,23,1,-1,-1,-1
172,5,787,206,31,28,1,-1,-1,-1
172,8,775,181,27,28,1,-1,-1,-1
172,9,736,185,31,38,1,-1,-1,-1
172,11,745,314,81,143,1,-1,-1,-1
172,12,591,254,35,32,1,-1,-1,-1
172,14,453,168,28,33,1,-1,-1,-1
172,16,523,354,53,55,1,-1,-1,-1
173,1,748,271,36,36,1,-1,-1,-1
173,2,886,507,117,32,1,-1,-1,-1
173,3,791,264,36,30,1,-1,-1,-1
173,4,748,225,47,23,1,-1,-1,-1
173,5,787,206,31,27,1,-1,-1,-1
173,8,774,181,27,28,1,-1,-1,-1
173,9,736,185,31,38,1,-1,-1,-1
173,11,744,313,79,147,1,-1,-1,-1
173,12,591,254,35,32,1,-1,-1,-1
173,14,453,170,29,30,1,-1,-1,-1
173,16,525,354,52,55,1,-1,-1,-1
174,1,748,270,36,34,1,-1,-1,-1
174,2,885,509,117,30,1,-1,-1,-1
174,3,791,262,39,32,1,-1,-1,-1
174,4,748,225,45,23,1,-1,-1,-1
174,5,787,206,31,27,1,-1,-1,-1
174,8,774,181,27,28,1,-1,-1,-1
174,9,736,185,30,36,1,-1,-1,-1
174,11,744,314,77,144,1,-1,-1,-1
174,12,590,252,35,32,1,-1,-1,-1
174,14,452,171,30,25,1,-1,-1,-1
174,16,523,351,53,57,1,-1,-1,-1
175,1,747,271,36,34,1,-1,-1,-1
175,2,881,507,122,32,1,-1,-1,-1
175,3,791,262,39,32,1,-1,-1,-1
175,4,748,225,47,23,1,-1,-1,-1
175,5,787,206,31,27,1,-1,-1,-1
175,8,777,181,24,29,1,-1,-1,-1
175,9,733,185,32,39,1,-1,-1,-1
175,11,744,310,78,149,1,-1,-1,-1
175,12,591,250,35,32,1,-1,-1,-1
175,14,451,171,28,25,1,-1,-1,-1
175,16,525,354,49,52,1,-1,-1,-1
176,1,747,271,35,34,1,-1,-1,-1
176,2,882,509,117,30,1,-1,-1,-1
176,3,791,264,37,30,1,-1,-1,-1
176,4,748,225,47,23,1,-1,-1,-1
176,5,787,206,31,27,1,-1,-1,-1
176,8,777,181,23,28,1,-1,-1,-1
176,9,734,185,31,36,1,-1,-1,-1
176,11,744,310,77,142,1,-1,-1,-1
176,12,591,250,35,32,1,-1,-1,-1
176,14,449,173,29,27,1,-1,-1,-1
176,16,525,352,49,52,1,-1,-1,-1
177,1,747,271,35,34,1,-1,-1,-1
177,2,880,509,122,30,1,-1,-1,-1
177,3,791,264,39,32,1,-1,-1,-1
177,4,747,225,47,23,1,-1,-1,-1
177,5,787,206,31,27,1,-1,-1,-1
177,8,778,181,23,28,1,-1,-1,-1
177,9,732,185,31,38,1,-1,-1,-1
177,11,743,312,78,141,1,-1,-1,-1
177,12,591,248,35,32,1,-1,-1,-1
177,14,449,173,28,27,1,-1,-1,-1
177,16,526,352,48,50,1,-1,-1,-1
178,1,748,271,32,32,1,-1,-1,-1
178,2,881,509,117,30,1,-1,-1,-1
178,3,795,262,34,38,1,-1,-1,-1
178,4,747,225,47,23,1,-1,-1,-1
178,5,787,208,31,27,1,-1,-1,-1
178,8,778,181,23,28,1,-1,-1,-1
178,9,732,185,31,36,1,-1,-1,-1
178,11,741,308,78,142,1,-1,-1,-1
178,12,591,248,35,32,1,-1,-1,-1
178,14,449,173,27,25,1,-1,-1,-1
178,16,526,352,45,48,1,-1,-1,-1
179,1,744,271,35,34,1,-1,-1,-1
179,2,879,511,117,28,1,-1,-1,-1
179,3,795,262,33,38,1,-1,-1,-1
179,4,747,225,47,23,1,-1,-1,-1
179,5,787,206,31,27,1,-1,-1,-1
179,8,778,181,23,30,1,-1,-1,-1
179,9,732,185,31,38,1,-1,-1,-1
179,11,740,311,79,144,1,-1,-1,-1
179,12,591,246,35,32,1,-1,-1,-1
179,14,449,175,27,25,1,-1,-1,-1
179,16,526,347,45,48,1,-1,-1,-1
180,1,744,271,33,32,1,-1,-1,-1
180,2,877,511,117,28,1,-1,-1,-1
180,3,795,262,33,38,1,-1,-1,-1
180,4,745,225,47,23,1,-1,-1,-1
180,5,787,208,31,27,1,-1,-1,-1
180,8,775,181,26,30,1,-1,-1,-1
180,9,732,185,31,38,1,-1,-1,-1
180,11,740,309,77,144,1,-1,-1,-1
180,12,591,246,35,32,1,-1,-1,-1
180,14,448,175,27,25,1,-1,-1,-1
180,16,523,347,49,52,1,-1,-1,-1
181,1,744,271,33,32,1,-1,-1,-1
181,2,876,511,117,28,1,-1,-1,-1
181,3,794,262,33,38,1,-1,-1,-1
181,4,745,225,47,23,1,-1,-1,-1
181,5,787,208,31,30,1,-1,-1,-1
181,8,777,181,26,30,1,-1,-1,-1
181,9,731,185,31,38,1,-1,-1,-1
181,11,737,309,78,142,1,-1,-1,-1
181,12,591,244,35,32,1,-1,-1,-1
181,14,448,175,27,25,1,-1,-1,-1
181,16,526,343,49,52,1,-1,-1,-1
182,1,744,271,33,32,1,-1,-1,-1
182,2,876,511,117,28,1,-1,-1,-1
182,3,792,262,33,38,1,-1,-1,-1
182,4,744,225,47,23,1,-1,-1,-1
182,5,787,208,31,30,1,-1,-1,-1
182,8,775,181,26,30,1,-1,-1,-1
182,9,731,185,31,36,1,-1,-1,-1
182,11,737,308,78,141,1,-1,-1,-1
182,12,590,244,36,34,1,-1,-1,-1
182,14,445,177,27,25,1,-1,-1,-1
182,16,526,343,45,48,1,-1,-1,-1
183,1,744,271,33,32,1,-1,-1,-1
183,2,873,511,120,28,1,-1,-1,-1
183,3,792,262,33,38,1,-1,-1,-1
183,4,744,225,47,23,1,-1,-1,-1
183,5,787,208,31,30,1,-1,-1,-1
183,8,775,181,26,32,1,-1,-1,-1
183,9,731,185,31,38,1,-1,-1,-1
183,11,736,304,79,142,1,-1,-1,-1
183,12,590,241,36,34,1,-1,-1,-1
183,14,442,177,30,29,1,-1,-1,-1
183,16,526,341,47,50,1,-1,-1,-1
184,1,744,271,32,32,1,-1,-1,-1
184,2,872,513,117,27,1,-1,-1,-1
184,3,792,262,33,38,1,-1,-1,-1
184,4,744,225,47,23,1,-1,-1,-1
184,5,787,208,31,30,1,-1,-1,-1
184,8,777,181,26,30,1,-1,-1,-1
184,9,731,185,31,38,1,-1,-1,-1
184,11,734,304,80,145,1,-1,-1,-1
184,12,590,241,36,34,1,-1,-1,-1
184,14,441,179,27,25,1,-1,-1,-1
184,16,526,337,48,50,1,-1,-1,-1
185,1,743,270,33,32,1,-1,-1,-1
185,2,872,513,120,27,1,-1,-1,-1
185,3,794,262,33,38,1,-1,-1,-1
185,4,744,225,47,23,1,-1,-1,-1
185,5,787,208,31,30,1,-1,-1,-1
185,8,777,181,26,32,1,-1,-1,-1
185,9,731,185,31,38,1,-1,-1,-1
185,11,736,306,79,145,1,-1,-1,-1
185,12,590,239,36,34,1,-1,-1,-1
185,14,438,176,33,31,1,-1,-1,-1
185,16,526,337,48,50,1,-1,-1,-1
186,1,743,270,35,34,1,-1,-1,-1
186,2,872,514,117,25,1,-1,-1,-1
186,3,794,262,33,38,1,-1,-1,-1
186,4,744,225,47,23,1,-1,-1,-1
186,5,787,208,31,30,1,-1,-1,-1
186,8,777,181,27,32,1,-1,-1,-1
186,9,731,185,31,36,1,-1,-1,-1
186,11,735,306,79,138,1,-1,-1,-1
186,12,591,239,35,32,1,-1,-1,-1
186,14,441,179,27,25,1,-1,-1,-1
186,16,526,337,45,48,1,-1,-1,-1
187,1,743,270,35,34,1,-1,-1,-1
187,2,872,514,116,25,1,-1,-1,-1
187,3,794,264,33,38,1,-1,-1,-1
187,4,744,227,47,23,1,-1,-1,-1
187,5,787,208,31,30,1,-1,-1,-1
187,8,777,179,27,34,1,-1,-1,-1
187,9,732,185,30,36,1,-1,-1,-1
187,11,732,304,78,138,1,-1,-1,-1
187,12,591,237,36,34,1,-1,-1,-1
187,14,441,179,28,27,1,-1,-1,-1
187,16,526,333,49,52,1,-1,-1,-1
188,1,743,270,35,34,1,-1,-1,-1
188,2,869,514,117,25,1,-1,-1,-1
188,3,792,264,33,38,1,-1,-1,-1
188,4,744,227,47,23,1,-1,-1,-1
188,5,787,210,31,30,1,-1,-1,-1
188,8,777,181,27,32,1,-1,-1,-1
188,9,732,185,31,36,1,-1,-1,-1
188,11,732,306,78,138,1,-1,-1,-1
188,12,591,237,35,32,1,-1,-1,-1
188,14,441,179,28,27,1,-1,-1,-1
188,16,526,333,47,50,1,-1,-1,-1
189,1,743,270,33,32,1,-1,-1,-1
189,2,872,516,113,23,1,-1,-1,-1
189,3,792,264,35,38,1,-1,-1,-1
189,4,745,225,47,23,1,-1,-1,-1
189,5,790,210,28,28,1,-1,-1,-1
189,8,778,181,27,32,1,-1,-1,-1
189,9,732,185,31,36,1,-1,-1,-1
189,11,731,304,80,140,1,-1,-1,-1
189,12,592,237,35,32,1,-1,-1,-1
189,14,437,181,28,27,1,-1,-1,-1
189,16,527,331,49,52,1,-1,-1,-1
190,1,744,270,33,32,1,-1,-1,-1
190,2,872,516,113,23,1,-1,-1,-1
190,3,794,264,33,38,1,-1,-1,-1
190,4,744,227,47,23,1,-1,-1,-1
190,5,788,210,30,28,1,-1,-1,-1
190,8,778,181,27,32,1,-1,-1,-1
190,9,732,185,31,36,1,-1,-1,-1
190,11,731,304,80,140,1,-1,-1,-1
190,12,594,235,35,32,1,-1,-1,-1
190,14,434,183,30,28,1,-1,-1,-1
190,16,526,327,50,54,1,-1,-1,-1
191,1,744,270,33,32,1,-1,-1,-1
191,2,872,518,111,21,1,-1,-1,-1
191,3,795,266,32,36,1,-1,-1,-1
191,4,747,227,47,23,1,-1,-1,-1
191,5,790,210,30,28,1,-1,-1,-1
191,8,778,181,27,32,1,-1,-1,-1
191,9,734,185,31,36,1,-1,-1,-1
191,11,731,306,78,138,1,-1,-1,-1
191,12,594,233,35,32,1,-1,-1,-1
191,14,434,183,28,27,1,-1,-1,-1
191,16,528,327,50,54,1,-1,-1,-1
192,1,744,270,33,32,1,-1,-1,-1
192,2,872,518,111,21,1,-1,-1,-1
192,3,795,266,31,34,1,-1,-1,-1
192,4,747,227,47,23,1,-1,-1,-1
192,5,791,210,28,28,1,-1,-1,-1
192,8,781,183,26,32,1,-1,-1,-1
192,9,735,185,31,36,1,-1,-1,-1
192,11,731,306,78,138,1,-1,-1,-1
192,12,595,233,35,32,1,-1,-1,-1
192,14,431,182,36,33,1,-1,-1,-1
192,16,527,325,50,54,1,-1,-1,-1
192,17,467,143,22,13,1,-1,-1,-1
193,1,744,270,32,32,1,-1,-1,-1
193,2,871,520,113,19,1,-1,-1,-1
193,3,796,266,30,34,1,-1,-1,-1
193,4,747,227,47,23,1,-1,-1,-1
193,5,792,210,30,28,1,-1,-1,-1
193,8,782,183,23,30,1,-1,-1,-1
193,9,735,185,31,36,1,-1,-1,-1
193,11,731,306,78,138,1,-1,-1,-1
193,12,599,234,31,29,1,-1,-1,-1
193,14,431,181,36,32,1,-1,-1,-1
193,16,530,322,50,54,1,-1,-1,-1
193,17,467,142,22,13,1,-1,-1,-1
194,1,744,270,33,32,1,-1,-1,-1
194,2,871,520,111,19,1,-1,-1,-1
194,3,796,268,30,32,1,-1,-1,-1
194,4,748,227,47,23,1,-1,-1,-1
194,5,791,212,30,28,1,-1,-1,-1
194,8,782,183,23,30,1,-1,-1,-1
194,9,736,187,31,36,1,-1,-1,-1
194,11,731,306,77,135,1,-1,-1,-1
194,12,599,233,31,28,1,-1,-1,-1
194,14,432,183,36,32,1,-1,-1,-1
194,16,530,320,50,54,1,-1,-1,-1
194,17,467,144,22,13,1,-1,-1,-1
195,1,744,270,33,32,1,-1,-1,-1
195,2,869,520,116,19,1,-1,-1,-1
195,3,796,266,30,34,1,-1,-1,-1
195,4,748,227,47,23,1,-1,-1,-1
195,5,792,212,30,28,1,-1,-1,-1
195,8,782,185,23,28,1,-1,-1,-1
195,9,736,185,31,36,1,-1,-1,-1
195,11,733,308,75,133,1,-1,-1,-1
195,12,599,231,31,28,1,-1,-1,-1
195,14,432,183,36,32,1,-1,-1,-1
195,16,531,320,49,52,1,-1,-1,-1
195,17,467,144,22,13,1,-1,-1,-1
196,1,744,268,33,32,1,-1,-1,-1
196,2,868,520,117,19,1,-1,-1,-1
196,3,796,268,30,34,1,-1,-1,-1
196,4,748,227,47,23,1,-1,-1,-1
196,5,792,212,31,30,1,-1,-1,-1
196,8,782,183,24,30,1,-1,-1,-1
196,9,736,187,30,36,1,-1,-1,-1
196,11,735,301,74,136,1,-1,-1,-1
196,12,600,231,31,28,1,-1,-1,-1
196,14,431,183,36,32,1,-1,-1,-1
196,16,532,320,48,50,1,-1,-1,-1
196,17,467,144,22,13,1,-1,-1,-1
197,1,744,270,33,32,1,-1,-1,-1
197,2,867,521,110,18,1,-1,-1,-1
197,3,796,268,31,34,1,-1,-1,-1
197,4,748,227,47,23,1,-1,-1,-1
197,5,792,212,31,30,1,-1,-1,-1
197,8,783,183,23,30,1,-1,-1,-1
197,9,736,187,30,36,1,-1,-1,-1
197,11,734,302,73,133,1,-1,-1,-1
197,12,600,229,31,28,1,-1,-1,-1
197,14,431,185,36,34,1,-1,-1,-1
197,16,534,320,45,48,1,-1,-1,-1
197,17,467,144,22,13,1,-1,-1,-1
198,1,744,268,35,34,1,-1,-1,-1
198,2,865,522,120,17,1,-1,-1,-1
198,3,795,266,32,36,1,-1,-1,-1
198,4,748,229,47,23,1,-1,-1,-1
198,5,794,212,31,30,1,-1,-1,-1
198,8,783,185,23,28,1,-1,-1,-1
198,9,737,187,30,36,1,-1,-1,-1
198,11,734,302,73,133,1,-1,-1,-1
198,12,602,229,31,28,1,-1,-1,-1
198,14,428,187,36,34,1,-1,-1,-1
198,16,535,321,45,45,1,-1,-1,-1
198,17,467,144,22,13,1,-1,-1,-1
199,1,744,268,35,34,1,-1,-1,-1
199,2,865,522,117,17,1,-1,-1,-1
199,3,795,266,33,38,1,-1,-1,-1
199,4,748,229,47,23,1,-1,-1,-1
199,5,794,212,31,30,1,-1,-1,-1
199,8,784,185,23,30,1,-1,-1,-1
199,9,737,187,30,36,1,-1,-1,-1
199,11,731,298,74,138,1,-1,-1,-1
199,12,602,229,31,28,1,-1,-1,-1
199,14,427,187,36,32,1,-1,-1,-1
199,16,535,318,44,48,1,-1,-1,-1
199,17,467,144,22,13,1,-1,-1,-1
200,1,744,268,35,34,1,-1,-1,-1
200,2,864,522,120,17,1,-1,-1,-1
200,3,795,268,32,36,1,-1,-1,-1
200,4,748,227,48,24,1,-1,-1,-1
200,5,794,212,31,30,1,-1,-1,-1
200,8,784,185,23,30,1,-1,-1,-1
200,9,736,185,31,36,1,-1,-1,-1
200,11,731,300,76,135,1,-1,-1,-1
200,12,603,227,30,29,1,-1,-1,-1
200,14,425,190,35,32,1,-1,-1,-1
200,16,536,316,44,48,1,-1,-1,-1
200,17,466,146,22,13,1,-1,-1,-1
201,1,744,268,33,32,1,-1,-1,-1
201,2,864,524,120,15,1,-1,-1,-1
201,3,795,266,33,38,1,-1,-1,-1
201,4,748,227,48,23,1,-1,-1,-1
201,5,795,214,30,28,1,-1,-1,-1
201,8,784,185,23,30,1,-1,-1,-1
201,9,736,187,31,38,1,-1,-1,-1
201,11,731,298,77,140,1,-1,-1,-1
201,12,603,227,31,28,1,-1,-1,-1
201,14,425,192,33,30,1,-1,-1,-1
201,16,536,317,44,45,1,-1,-1,-1
201,17,466,146,22,13,1,-1,-1,-1
202,1,744,268,33,32,1,-1,-1,-1
202,2,862,524,121,15,1,-1,-1,-1
202,3,795,266,33,38,1,-1,-1,-1
202,4,748,227,48,23,1,-1,-1,-1
202,5,795,214,30,28,1,-1,-1,-1
202,8,786,185,23,30,1,-1,-1,-1
202,9,736,187,31,38,1,-1,-1,-1
202,11,731,300,74,138,1,-1,-1,-1
202,12,603,227,31,28,1,-1,-1,-1
202,14,423,190,33,30,1,-1,-1,-1
202,16,535,316,45,44,1,-1,-1,-1
202,17,466,146,22,13,1,-1,-1,-1
203,1,744,268,33,32,1,-1,-1,-1
203,2,862,524,121,15,1,-1,-1,-1
203,3,795,268,33,38,1,-1,-1,-1
203,4,748,227,48,23,1,-1,-1,-1
203,5,796,214,28,28,1,-1,-1,-1
203,8,786,185,25,33,1,-1,-1,-1
203,9,737,187,31,38,1,-1,-1,-1
203,11,728,298,77,140,1,-1,-1,-1
203,12,604,225,30,28,1,-1,-1,-1
203,14,423,190,33,30,1,-1,-1,-1
203,16,535,313,48,47,1,-1,-1,-1
203,17,466,146,22,13,1,-1,-1,-1
204,1,744,268,33,32,1,-1,-1,-1
204,2,860,526,121,13,1,-1,-1,-1
204,3,798,268,31,36,1,-1,-1,-1
204,4,748,227,48,23,1,-1,-1,-1
204,5,796,214,28,28,1,-1,-1,-1
204,8,787,185,23,28,1,-1,-1,-1
204,9,737,185,30,41,1,-1,-1,-1
204,11,730,298,77,140,1,-1,-1,-1
204,12,603,225,31,28,1,-1,-1,-1
204,14,420,192,33,30,1,-1,-1,-1
204,16,535,313,47,46,1,-1,-1,-1
204,17,466,146,22,13,1,-1,-1,-1
205,1,744,264,34,37,1,-1,-1,-1
205,2,860,526,120,13,1,-1,-1,-1
205,3,795,268,32,36,1,-1,-1,-1
205,4,748,227,48,23,1,-1,-1,-1
205,5,796,214,28,28,1,-1,-1,-1
205,8,787,185,23,28,1,-1,-1,-1
205,9,736,185,30,40,1,-1,-1,-1
205,11,730,300,74,138,1,-1,-1,-1
205,12,604,223,31,30,1,-1,-1,-1
205,14,419,194,33,30,1,-1,-1,-1
205,16,535,312,48,46,1,-1,-1,-1
205,17,466,146,22,13,1,-1,-1,-1
206,1,744,264,33,36,1,-1,-1,-1
206,2,858,526,125,13,1,-1,-1,-1
206,3,795,268,33,38,1,-1,-1,-1
206,4,748,227,50,25,1,-1,-1,-1
206,5,795,214,30,28,1,-1,-1,-1
206,8,787,185,23,28,1,-1,-1,-1
206,9,736,185,30,40,1,-1,-1,-1
206,11,731,302,73,133,1,-1,-1,-1
206,12,604,221,31,28,1,-1,-1,-1
206,14,419,194,33,30,1,-1,-1,-1
206,16,535,310,47,46,1,-1,-1,-1
206,17,464,148,22,13,1,-1,-1,-1
207,1,744,264,33,36,1,-1,-1,-1
207,2,856,526,125,13,1,-1,-1,-1
207,3,795,268,33,38,1,-1,-1,-1
207,4,748,227,49,23,1,-1,-1,-1
207,5,795,214,30,28,1,-1,-1,-1
207,8,787,185,23,28,1,-1,-1,-1
207,9,736,185,32,43,1,-1,-1,-1
207,11,730,300,73,133,1,-1,-1,-1
207,12,606,223,30,28,1,-1,-1,-1
207,14,416,195,37,32,1,-1,-1,-1
207,16,535,310,47,46,1,-1,-1,-1
207,17,464,148,22,13,1,-1,-1,-1
207,18,380,188,30,18,1,-1,-1,-1
208,1,744,264,33,36,1,-1,-1,-1
208,2,856,528,125,11,1,-1,-1,-1
208,3,795,268,32,38,1,-1,-1,-1
208,4,748,227,48,23,1,-1,-1,-1
208,5,795,214,31,30,1,-1,-1,-1
208,8,787,185,23,27,1,-1,-1,-1
208,9,737,185,30,40,1,-1,-1,-1
208,11,730,302,70,131,1,-1,-1,-1
208,12,606,221,31,28,1,-1,-1,-1
208,14,415,196,38,31,1,-1,-1,-1
208,16,538,310,45,44,1,-1,-1,-1
208,17,463,148,22,13,1,-1,-1,-1
208,18,380,187,30,17,1,-1,-1,-1
209,1,744,264,33,36,1,-1,-1,-1
209,2,856,528,121,11,1,-1,-1,-1
209,3,794,268,33,40,1,-1,-1,-1
209,4,748,227,48,23,1,-1,-1,-1
209,5,796,214,30,28,1,-1,-1,-1
209,8,787,187,23,28,1,-1,-1,-1
209,9,739,185,30,40,1,-1,-1,-1
209,11,728,300,70,131,1,-1,-1,-1
209,12,606,221,31,28,1,-1,-1,-1
209,14,415,196,35,32,1,-1,-1,-1
209,16,536,306,47,46,1,-1,-1,-1
209,17,462,144,25,17,1,-1,-1,-1
209,18,377,190,31,17,1,-1,-1,-1
210,1,744,264,33,36,1,-1,-1,-1
210,2,855,528,105,11,1,-1,-1,-1
210,3,794,268,35,40,1,-1,-1,-1
210,4,748,229,48,23,1,-1,-1,-1
210,5,798,215,28,28,1,-1,-1,-1
210,8,787,187,23,28,1,-1,-1,-1
210,9,739,185,30,40,1,-1,-1,-1
210,11,728,302,70,127,1,-1,-1,-1
210,12,606,219,31,28,1,-1,-1,-1
210,14,412,198,33,30,1,-1,-1,-1
210,16,539,306,44,44,1,-1,-1,-1
210,17,462,145,22,17,1,-1,-1,-1
210,18,374,188,33,21,1,-1,-1,-1
211,1,744,264,33,36,1,-1,-1,-1
211,2,854,530,125,9,1,-1,-1,-1
211,3,794,268,36,39,1,-1,-1,-1
211,4,748,229,48,23,1,-1,-1,-1
211,5,798,214,27,28,1,-1,-1,-1
211,8,787,187,23,28,1,-1,-1,-1
211,9,739,185,30,40,1,-1,-1,-1
211,11,727,299,71,125,1,-1,-1,-1
211,12,607,219,31,28,1,-1,-1,-1
211,14,409,197,39,36,1,-1,-1,-1
211,16,539,306,44,42,1,-1,-1,-1
211,17,461,146,24,17,1,-1,-1,-1
211,18,373,190,32,22,1,-1,-1,-1
212,1,744,264,33,36,1,-1,-1,-1
212,2,852,530,125,9,1,-1,-1,-1
212,3,792,266,37,44,1,-1,-1,-1
212,4,748,229,48,23,1,-1,-1,-1
212,5,798,216,27,28,1,-1,-1,-1
212,8,787,187,23,28,1,-1,-1,-1
212,9,739,185,30,40,1,-1,-1,-1
212,11,727,300,70,127,1,-1,-1,-1
212,12,608,219,30,28,1,-1,-1,-1
212,14,408,198,36,34,1,-1,-1,-1
212,16,540,306,43,42,1,-1,-1,-1
212,17,459,146,25,17,1,-1,-1,-1
212,18,373,190,31,21,1,-1,-1,-1
213,1,744,264,33,36,1,-1,-1,-1
213,3,792,266,37,44,1,-1,-1,-1
213,4,748,229,48,23,1,-1,-1,-1
213,5,798,216,28,28,1,-1,-1,-1
213,8,787,187,23,28,1,-1,-1,-1
213,9,739,185,30,40,1,-1,-1,-1
213,11,727,300,70,127,1,-1,-1,-1
213,12,608,217,31,28,1,-1,-1,-1
213,14,408,200,35,32,1,-1,-1,-1
213,16,540,304,44,42,1,-1,-1,-1
213,17,458,146,24,17,1,-1,-1,-1
213,18,369,191,35,24,1,-1,-1,-1
214,1,744,262,33,36,1,-1,-1,-1
214,3,792,268,37,44,1,-1,-1,-1
214,4,748,229,47,23,1,-1,-1,-1
214,5,799,216,27,28,1,-1,-1,-1
214,8,787,187,23,28,1,-1,-1,-1
214,9,739,185,30,40,1,-1,-1,-1
214,11,727,300,70,127,1,-1,-1,-1
214,12,607,216,31,28,1,-1,-1,-1
214,14,403,199,42,37,1,-1,-1,-1
214,16,542,302,43,42,1,-1,-1,-1
214,17,458,146,24,17,1,-1,-1,-1
214,18,369,190,35,23,1,-1,-1,-1
215,1,744,262,35,38,1,-1,-1,-1
215,3,792,268,39,44,1,-1,-1,-1
215,4,748,229,47,23,1,-1,-1,-1
215,5,799,216,27,27,1,-1,-1,-1
215,8,788,187,23,27,1,-1,-1,-1
215,9,739,185,30,40,1,-1,-1,-1
215,11,724,298,70,131,1,-1,-1,-1
215,12,608,216,30,28,1,-1,-1,-1
215,14,402,198,41,36,1,-1,-1,-1
215,16,542,300,43,42,1,-1,-1,-1
215,17,458,146,24,17,1,-1,-1,-1
215,18,368,192,35,23,1,-1,-1,-1
216,1,744,262,33,36,1,-1,-1,-1
216,3,791,266,40,46,1,-1,-1,-1
216,4,748,229,48,23,1,-1,-1,-1
216,5,798,217,27,28,1,-1,-1,-1
216,8,788,187,23,28,1,-1,-1,-1
216,9,737,185,31,42,1,-1,-1,-1
216,11,726,298,70,131,1,-1,-1,-1
216,12,608,216,30,28,1,-1,-1,-1
216,14,400,200,43,38,1,-1,-1,-1
216,16,542,300,43,42,1,-1,-1,-1
216,17,458,146,24,17,1,-1,-1,-1
216,18,367,194,33,23,1,-1,-1,-1
217,1,744,264,32,36,1,-1,-1,-1
217,3,791,268,37,44,1,-1,-1,-1
217,4,748,229,48,23,1,-1,-1,-1
217,5,799,217,27,28,1,-1,-1,-1
217,8,788,187,23,28,1,-1,-1,-1
217,9,737,183,31,42,1,-1,-1,-1
217,11,723,298,70,131,1,-1,-1,-1
217,12,608,214,30,28,1,-1,-1,-1
217,14,399,200,44,38,1,-1,-1,-1
217,16,540,295,45,44,1,-1,-1,-1
217,17,458,146,24,17,1,-1,-1,-1
217,18,364,194,33,23,1,-1,-1,-1
218,1,741,264,32,36,1,-1,-1,-1
218,3,791,268,36,42,1,-1,-1,-1
218,4,748,229,47,23,1,-1,-1,-1
218,5,799,217,27,28,1,-1,-1,-1
218,8,788,187,26,33,1,-1,-1,-1
218,9,737,183,30,40,1,-1,-1,-1
218,11,723,298,70,131,1,-1,-1,-1
218,12,608,214,30,28,1,-1,-1,-1
218,14,398,202,43,38,1,-1,-1,-1
218,16,540,295,47,46,1,-1,-1,-1
218,17,457,148,24,17,1,-1,-1,-1
218,18,361,196,33,23,1,-1,-1,-1
219,1,741,264,31,34,1,-1,-1,-1
219,3,792,270,33,40,1,-1,-1,-1
219,4,748,229,47,23,1,-1,-1,-1
219,5,799,217,27,28,1,-1,-1,-1
219,8,788,187,27,33,1,-1,-1,-1
219,9,737,183,31,42,1,-1,-1,-1
219,11,723,298,70,131,1,-1,-1,-1
219,12,608,212,30,28,1,-1,-1,-1
219,14,395,204,43,38,1,-1,-1,-1
219,16,540,293,47,46,1,-1,-1,-1
219,17,457,148,24,17,1,-1,-1,-1
219,18,359,196,35,23,1,-1,-1,-1
220,1,740,262,33,36,1,-1,-1,-1
220,3,790,268,36,42,1,-1,-1,-1
220,4,748,229,47,23,1,-1,-1,-1
220,5,798,218,27,28,1,-1,-1,-1
220,8,789,189,23,28,1,-1,-1,-1
220,9,738,185,30,40,1,-1,-1,-1
220,11,722,298,70,131,1,-1,-1,-1
220,12,609,212,28,28,1,-1,-1,-1
220,14,393,204,43,38,1,-1,-1,-1
220,16,542,291,45,44,1,-1,-1,-1
220,17,455,148,24,17,1,-1,-1,-1
220,18,356,196,33,23,1,-1,-1,-1
221,1,740,262,33,36,1,-1,-1,-1
221,3,790,268,36,42,1,-1,-1,-1
221,4,747,229,48,23,1,-1,-1,-1
221,5,799,217,27,27,1,-1,-1,-1
221,8,787,187,23,28,1,-1,-1,-1
221,9,737,183,30,40,1,-1,-1,-1
221,11,722,297,70,131,1,-1,-1,-1
221,12,608,210,30,28,1,-1,-1,-1
221,14,393,206,41,36,1,-1,-1,-1
221,16,542,289,47,46,1,-1,-1,-1
221,17,457,148,24,17,1,-1,-1,-1
221,18,355,198,35,23,1,-1,-1,-1
222,1,740,262,32,36,1,-1,-1,-1
222,3,790,268,37,44,1,-1,-1,-1
222,4,745,229,48,23,1,-1,-1,-1
222,5,798,217,27,27,1,-1,-1,-1
222,8,787,187,23,28,1,-1,-1,-1
222,9,737,183,31,42,1,-1,-1,-1
222,11,720,297,71,126,1,-1,-1,-1
222,12,609,210,30,28,1,-1,-1,-1
222,14,390,206,43,38,1,-1,-1,-1
222,16,543,289,47,46,1,-1,-1,-1
222,17,454,148,24,17,1,-1,-1,-1
222,18,353,198,33,23,1,-1,-1,-1
223,1,740,262,33,36,1,-1,-1,-1
223,3,788,268,40,46,1,-1,-1,-1
223,4,745,229,48,23,1,-1,-1,-1
223,5,798,217,27,27,1,-1,-1,-1
223,8,787,187,23,28,1,-1,-1,-1
223,9,737,185,30,40,1,-1,-1,-1
223,11,720,297,70,124,1,-1,-1,-1
223,12,612,210,27,27,1,-1,-1,-1
223,14,386,206,44,40,1,-1,-1,-1
223,16,543,287,47,46,1,-1,-1,-1
223,17,454,150,24,17,1,-1,-1,-1
223,18,352,198,35,23,1,-1,-1,-1
224,1,740,262,33,36,1,-1,-1,-1
224,3,790,270,37,44,1,-1,-1,-1
224,4,745,229,48,26,1,-1,-1,-1
224,5,799,217,28,31,1,-1,-1,-1
224,8,787,187,26,34,1,-1,-1,-1
224,9,737,183,30,40,1,-1,-1,-1
224,11,719,297,70,126,1,-1,-1,-1
224,12,609,210,31,28,1,-1,-1,-1
224,14,385,206,45,40,1,-1,-1,-1
224,16,543,287,45,44,1,-1,-1,-1
224,17,454,150,26,17,1,-1,-1,-1
224,18,351,200,35,23,1,-1,-1,-1
225,1,739,262,33,36,1,-1,-1,-1
225,3,790,268,37,37,1,-1,-1,-1
225,4,744,229,48,23,1,-1,-1,-1
225,5,798,217,27,31,1,-1,-1,-1
225,8,787,187,23,28,1,-1,-1,-1
225,9,737,183,30,40,1,-1,-1,-1
225,11,718,295,73,128,1,-1,-1,-1
225,12,609,208,29,25,1,-1,-1,-1
225,14,381,208,48,42,1,-1,-1,-1
225,16,543,287,45,44,1,-1,-1,-1
225,17,453,150,24,17,1,-1,-1,-1
225,18,347,202,35,23,1,-1,-1,-1
226,1,739,262,33,36,1,-1,-1,-1
226,3,790,270,36,42,1,-1,-1,-1
226,4,745,229,47,23,1,-1,-1,-1
226,5,798,217,27,27,1,-1,-1,-1
226,8,787,187,23,28,1,-1,-1,-1
226,9,736,183,31,42,1,-1,-1,-1
226,11,717,295,73,127,1,-1,-1,-1
226,12,611,208,26,23,1,-1,-1,-1
226,14,377,210,49,42,1,-1,-1,-1
226,16,543,285,44,42,1,-1,-1,-1
226,17,453,150,24,17,1,-1,-1,-1
226,18,344,202,36,23,1,-1,-1,-1
227,1,737,262,33,36,1,-1,-1,-1
227,3,790,269,35,38,1,-1,-1,-1
227,4,744,229,48,23,1,-1,-1,-1
227,5,798,219,27,27,1,-1,-1,-1
227,8,787,187,23,28,1,-1,-1,-1
227,9,736,183,28,40,1,-1,-1,-1
227,11,714,295,73,127,1,-1,-1,-1
227,12,609,208,26,24,1,-1,-1,-1
227,14,376,210,49,44,1,-1,-1,-1
227,16,545,285,43,42,1,-1,-1,-1
227,18,343,202,36,23,1,-1,-1,-1
228,1,737,262,33,36,1,-1,-1,-1
228,3,787,268,40,46,1,-1,-1,-1
228,4,744,229,47,23,1,-1,-1,-1
228,5,796,219,27,27,1,-1,-1,-1
228,8,787,187,23,28,1,-1,-1,-1
228,9,736,183,29,46,1,-1,-1,-1
228,11,716,295,73,127,1,-1,-1,-1
228,12,609,206,28,23,1,-1,-1,-1
228,14,373,210,49,44,1,-1,-1,-1
228,16,548,283,40,37,1,-1,-1,-1
228,18,343,202,36,23,1,-1,-1,-1
229,1,736,262,35,38,1,-1,-1,-1
229,3,787,268,39,44,1,-1,-1,-1
229,4,744,229,48,23,1,-1,-1,-1
229,5,796,217,27,27,1,-1,-1,-1
229,8,787,187,23,28,1,-1,-1,-1
229,9,736,183,30,40,1,-1,-1,-1
229,11,714,295,73,127,1,-1,-1,-1
229,12,611,206,26,25,1,-1,-1,-1
229,14,372,212,49,44,1,-1,-1,-1
229,16,549,282,39,37,1,-1,-1,-1
229,18,339,204,36,23,1,-1,-1,-1
230,1,736,262,33,36,1,-1,-1,-1
230,3,787,270,39,44,1,-1,-1,-1
230,4,744,229,48,23,1,-1,-1,-1
230,5,798,217,27,27,1,-1,-1,-1
230,8,787,187,23,28,1,-1,-1,-1
230,9,736,183,30,40,1,-1,-1,-1
230,11,714,297,71,125,1,-1,-1,-1
230,12,612,204,25,25,1,-1,-1,-1
230,14,369,212,49,44,1,-1,-1,-1
230,16,550,281,42,36,1,-1,-1,-1
230,18,339,206,36,23,1,-1,-1,-1
231,1,736,262,33,36,1,-1,-1,-1
231,3,787,270,39,44,1,-1,-1,-1
231,4,744,229,48,23,1,-1,-1,-1
231,5,796,217,27,27,1,-1,-1,-1
231,8,787,187,23,28,1,-1,-1,-1
231,9,736,183,30,40,1,-1,-1,-1
231,11,714,297,70,123,1,-1,-1,-1
231,12,613,204,27,23,1,-1,-1,-1
231,14,369,214,49,44,1,-1,-1,-1
231,16,552,281,39,29,1,-1,-1,-1
231,18,338,206,36,23,1,-1,-1,-1
232,1,736,262,33,36,1,-1,-1,-1
232,3,787,270,39,44,1,-1,-1,-1
232,4,744,229,48,23,1,-1,-1,-1
232,5,798,219,27,27,1,-1,-1,-1
232,8,787,187,23,28,1,-1,-1,-1
232,9,736,183,30,40,1,-1,-1,-1
232,11,714,297,70,123,1,-1,-1,-1
232,12,613,204,26,22,1,-1,-1,-1
232,14,368,216,48,42,1,-1,-1,-1
232,16,550,280,41,32,1,-1,-1,-1
232,18,336,204,38,26,1,-1,-1,-1
233,1,736,262,33,36,1,-1,-1,-1
233,3,790,271,33,37,1,-1,-1,-1
233,4,744,229,51,29,1,-1,-1,-1
233,5,798,219,29,31,1,-1,-1,-1
233,8,787,187,26,36,1,-1,-1,-1
233,9,736,183,28,38,1,-1,-1,-1
233,11,711,293,73,127,1,-1,-1,-1
233,12,614,202,24,24,1,-1,-1,-1
233,14,365,217,48,42,1,-1,-1,-1
233,16,551,277,42,32,1,-1,-1,-1
233,18,334,206,38,27,1,-1,-1,-1
234,1,736,262,35,34,1,-1,-1,-1
234,3,787,270,37,44,1,-1,-1,-1
234,4,744,229,49,26,1,-1,-1,-1
234,5,798,219,30,32,1,-1,-1,-1
234,8,787,187,24,34,1,-1,-1,-1
234,9,736,181,28,40,1,-1,-1,-1
234,11,711,293,73,127,1,-1,-1,-1
234,12,613,202,23,23,1,-1,-1,-1
234,14,364,217,48,42,1,-1,-1,-1
234,16,549,275,44,34,1,-1,-1,-1
234,18,331,207,39,27,1,-1,-1,-1
235,1,736,262,35,34,1,-1,-1,-1
235,3,787,271,36,42,1,-1,-1,-1
235,4,744,229,48,23,1,-1,-1,-1
235,5,796,219,27,28,1,-1,-1,-1
235,8,787,187,24,34,1,-1,-1,-1
235,9,736,183,27,38,1,-1,-1,-1
235,11,711,295,71,125,1,-1,-1,-1
235,12,615,202,23,23,1,-1,-1,-1
235,14,361,219,48,42,1,-1,-1,-1
235,16,551,275,43,32,1,-1,-1,-1
235,18,327,208,42,27,1,-1,-1,-1
236,1,735,262,36,34,1,-1,-1,-1
236,3,786,271,37,37,1,-1,-1,-1
236,4,741,229,52,28,1,-1,-1,-1
236,5,796,219,28,28,1,-1,-1,-1
236,8,786,187,24,34,1,-1,-1,-1
236,9,735,181,28,40,1,-1,-1,-1
236,11,710,295,70,123,1,-1,-1,-1
236,12,615,200,23,23,1,-1,-1,-1
236,14,359,221,47,42,1,-1,-1,-1
236,16,552,273,43,32,1,-1,-1,-1
236,18,326,210,42,27,1,-1,-1,-1
237,1,735,262,35,34,1,-1,-1,-1
237,3,786,271,36,36,1,-1,-1,-1
237,4,740,229,50,27,1,-1,-1,-1
237,5,798,219,27,28,1,-1,-1,-1
237,8,786,187,24,34,1,-1,-1,-1
237,9,735,181,28,38,1,-1,-1,-1
237,11,710,293,73,127,1,-1,-1,-1
237,12,615,200,23,23,1,-1,-1,-1
237,14,355,221,48,42,1,-1,-1,-1
237,16,552,271,43,32,1,-1,-1,-1
237,18,325,210,40,27,1,-1,-1,-1
238,1,734,262,35,34,1,-1,-1,-1
238,3,784,271,36,36,1,-1,-1,-1
238,4,740,229,52,28,1,-1,-1,-1
238,5,796,219,30,33,1,-1,-1,-1
238,8,786,187,24,34,1,-1,-1,-1
238,9,736,183,27,38,1,-1,-1,-1
238,11,710,295,73,121,1,-1,-1,-1
238,12,615,200,23,23,1,-1,-1,-1
238,14,352,223,49,42,1,-1,-1,-1
238,16,552,271,41,32,1,-1,-1,-1
238,18,322,210,40,27,1,-1,-1,-1
239,1,734,262,35,34,1,-1,-1,-1
239,3,784,271,36,36,1,-1,-1,-1
239,4,741,229,49,27,1,-1,-1,-1
239,5,796,221,30,31,1,-1,-1,-1
239,8,787,189,23,32,1,-1,-1,-1
239,9,735,181,27,38,1,-1,-1,-1
239,11,707,291,73,127,1,-1,-1,-1
239,12,615,200,23,23,1,-1,-1,-1
239,14,352,223,48,42,1,-1,-1,-1
239,16,552,270,43,32,1,-1,-1,-1
239,18,322,210,39,25,1,-1,-1,-1
240,1,734,262,35,34,1,-1,-1,-1
240,3,783,270,39,38,1,-1,-1,-1
240,4,741,229,48,25,1,-1,-1,-1
240,5,795,221,28,30,1,-1,-1,-1
240,8,787,190,23,32,1,-1,-1,-1
240,9,735,181,27,38,1,-1,-1,-1
240,11,707,293,73,127,1,-1,-1,-1
240,12,615,198,23,23,1,-1,-1,-1
240,14,347,227,48,42,1,-1,-1,-1
240,16,553,270,43,32,1,-1,-1,-1
240,18,320,212,40,27,1,-1,-1,-1
241,1,734,262,35,34,1,-1,-1,-1
241,3,784,271,36,36,1,-1,-1,-1
241,4,740,229,50,27,1,-1,-1,-1
241,5,795,221,32,32,1,-1,-1,-1
241,8,787,190,23,32,1,-1,-1,-1
241,9,735,181,27,38,1,-1,-1,-1
241,11,707,293,73,127,1,-1,-1,-1
241,12,616,198,23,23,1,-1,-1,-1
241,14,346,227,49,42,1,-1,-1,-1
241,16,552,268,44,34,1,-1,-1,-1
241,18,317,216,37,25,1,-1,-1,-1
242,1,734,262,35,34,1,-1,-1,-1
242,3,782,270,39,38,1,-1,-1,-1
242,4,740,229,49,27,1,-1,-1,-1
242,5,795,221,31,32,1,-1,-1,-1
242,8,787,189,24,34,1,-1,-1,-1
242,9,736,183,26,36,1,-1,-1,-1
242,11,707,293,71,125,1,-1,-1,-1
242,12,617,196,23,23,1,-1,-1,-1
242,14,344,229,48,42,1,-1,-1,-1
242,16,555,266,45,34,1,-1,-1,-1
242,18,316,216,39,25,1,-1,-1,-1
243,1,732,262,35,34,1,-1,-1,-1
243,3,783,271,39,38,1,-1,-1,-1
243,4,740,229,49,27,1,-1,-1,-1
243,5,795,221,31,30,1,-1,-1,-1
243,8,787,189,24,34,1,-1,-1,-1
243,9,736,183,26,34,1,-1,-1,-1
243,11,706,291,71,125,1,-1,-1,-1
243,12,617,196,23,23,1,-1,-1,-1
243,14,342,229,50,42,1,-1,-1,-1
243,16,553,266,45,34,1,-1,-1,-1
243,18,313,217,40,28,1,-1,-1,-1
244,1,732,262,35,34,1,-1,-1,-1
244,3,783,271,37,38,1,-1,-1,-1
244,4,740,229,50,27,1,-1,-1,-1
244,5,796,221,31,30,1,-1,-1,-1
244,8,787,189,24,34,1,-1,-1,-1
244,9,736,181,26,34,1,-1,-1,-1
244,11,707,293,70,123,1,-1,-1,-1
244,12,617,194,23,23,1,-1,-1,-1
244,14,339,229,52,44,1,-1,-1,-1
244,16,555,264,44,34,1,-1,-1,-1
244,18,310,217,41,28,1,-1,-1,-1
245,1,732,262,35,34,1,-1,-1,-1
245,3,783,271,37,38,1,-1,-1,-1
245,4,740,229,52,28,1,-1,-1,-1
245,5,796,221,31,30,1,-1,-1,-1
245,8,787,189,24,34,1,-1,-1,-1
245,9,736,181,27,36,1,-1,-1,-1
245,11,706,293,70,123,1,-1,-1,-1
245,12,617,194,23,23,1,-1,-1,-1
245,14,336,231,53,44,1,-1,-1,-1
245,16,556,264,44,34,1,-1,-1,-1
245,18,309,217,43,28,1,-1,-1,-1
246,1,732,262,36,34,1,-1,-1,-1
246,3,784,273,36,36,1,-1,-1,-1
246,4,740,229,52,28,1,-1,-1,-1
246,5,795,221,31,32,1,-1,-1,-1
246,8,787,190,24,34,1,-1,-1,-1
246,9,736,181,27,36,1,-1,-1,-1
246,11,706,293,70,123,1,-1,-1,-1
246,12,620,194,23,23,1,-1,-1,-1
246,14,334,233,52,44,1,-1,-1,-1
246,16,556,262,44,34,1,-1,-1,-1
246,18,305,219,41,28,1,-1,-1,-1
247,1,731,262,36,36,1,-1,-1,-1
247,3,782,271,37,38,1,-1,-1,-1
247,4,740,229,50,27,1,-1,-1,-1
247,5,795,223,31,30,1,-1,-1,-1
247,8,787,190,23,32,1,-1,-1,-1
247,9,735,181,27,38,1,-1,-1,-1
247,11,706,293,69,121,1,-1,-1,-1
247,12,620,194,22,21,1,-1,-1,-1
247,14,331,235,50,42,1,-1,-1,-1
247,16,556,262,44,34,1,-1,-1,-1
247,18,303,219,44,30,1,-1,-1,-1
248,1,731,262,36,34,1,-1,-1,-1
248,3,782,273,36,36,1,-1,-1,-1
248,4,739,229,50,27,1,-1,-1,-1
248,5,796,223,31,30,1,-1,-1,-1
248,8,787,190,24,34,1,-1,-1,-1
248,9,736,181,27,36,1,-1,-1,-1
248,11,706,293,69,121,1,-1,-1,-1
248,12,620,192,20,21,1,-1,-1,-1
248,14,324,235,58,47,1,-1,-1,-1
248,16,557,260,41,34,1,-1,-1,-1
248,18,297,221,48,31,1,-1,-1,-1
249,1,731,262,36,34,1,-1,-1,-1
249,3,782,271,36,36,1,-1,-1,-1
249,4,739,229,52,28,1,-1,-1,-1
249,5,795,221,31,30,1,-1,-1,-1
249,8,787,190,24,34,1,-1,-1,-1
249,9,736,181,26,34,1,-1,-1,-1
249,11,705,293,69,121,1,-1,-1,-1
249,12,620,192,20,21,1,-1,-1,-1
249,14,322,235,57,46,1,-1,-1,-1
249,16,556,260,44,34,1,-1,-1,-1
249,18,296,221,48,30,1,-1,-1,-1
250,1,731,262,36,34,1,-1,-1,-1
250,3,782,271,37,38,1,-1,-1,-1
250,4,739,229,52,28,1,-1,-1,-1
250,5,796,223,31,30,1,-1,-1,-1
250,8,787,190,24,34,1,-1,-1,-1
250,9,736,181,26,34,1,-1,-1,-1
250,11,704,291,69,121,1,-1,-1,-1
250,12,620,192,20,21,1,-1,-1,-1
250,14,320,237,57,46,1,-1,-1,-1
250,16,559,260,44,32,1,-1,-1,-1
250,18,295,221,48,30,1,-1,-1,-1
251,1,731,262,35,34,1,-1,-1,-1
251,3,782,271,39,38,1,-1,-1,-1
251,4,739,229,50,27,1,-1,-1,-1
251,5,796,223,31,30,1,-1,-1,-1
251,8,787,190,24,34,1,-1,-1,-1
251,9,736,181,27,36,1,-1,-1,-1
251,11,702,291,69,121,1,-1,-1,-1
251,12,620,192,20,21,1,-1,-1,-1
251,14,316,239,57,46,1,-1,-1,-1
251,16,559,258,44,32,1,-1,-1,-1
251,18,288,225,49,32,1,-1,-1,-1
252,1,731,262,35,34,1,-1,-1,-1
252,3,782,273,37,38,1,-1,-1,-1
252,4,740,229,50,27,1,-1,-1,-1
252,5,796,223,31,32,1,-1,-1,-1
252,8,787,190,24,34,1,-1,-1,-1
252,9,736,181,27,36,1,-1,-1,-1
252,11,702,293,69,121,1,-1,-1,-1
252,12,621,190,20,21,1,-1,-1,-1
252,14,314,241,57,45,1,-1,-1,-1
252,16,560,258,43,32,1,-1,-1,-1
252,18,287,225,48,30,1,-1,-1,-1
253,1,731,262,35,34,1,-1,-1,-1
253,3,782,273,37,39,1,-1,-1,-1
253,4,740,229,50,27,1,-1,-1,-1
253,5,798,223,31,30,1,-1,-1,-1
253,8,788,190,24,34,1,-1,-1,-1
253,9,737,181,28,44,1,-1,-1,-1
253,11,702,293,69,121,1,-1,-1,-1
253,12,621,190,20,21,1,-1,-1,-1
253,14,310,244,57,46,1,-1,-1,-1
253,16,561,258,41,32,1,-1,-1,-1
253,18,287,227,48,30,1,-1,-1,-1
254,1,732,262,33,29,1,-1,-1,-1
254,3,782,273,36,36,1,-1,-1,-1
254,4,740,229,50,27,1,-1,-1,-1
254,5,798,223,31,30,1,-1,-1,-1
254,8,788,190,24,34,1,-1,-1,-1
254,9,736,181,27,38,1,-1,-1,-1
254,11,704,290,69,121,1,-1,-1,-1
254,12,623,190,20,21,1,-1,-1,-1
254,14,307,245,60,46,1,-1,-1,-1
254,16,562,254,40,32,1,-1,-1,-1
254,18,283,227,48,30,1,-1,-1,-1
255,1,731,262,35,34,1,-1,-1,-1
255,3,782,275,33,34,1,-1,-1,-1
255,4,739,229,50,27,1,-1,-1,-1
255,5,798,223,31,30,1,-1,-1,-1
255,8,788,190,24,34,1,-1,-1,-1
255,9,736,179,27,36,1,-1,-1,-1
255,11,702,289,69,121,1,-1,-1,-1
255,12,622,188,24,24,1,-1,-1,-1
255,14,303,244,59,50,1,-1,-1,-1
255,16,562,252,38,33,1,-1,-1,-1
255,18,282,229,48,30,1,-1,-1,-1
256,1,731,262,33,29,1,-1,-1,-1
256,3,782,275,37,39,1,-1,-1,-1
256,4,739,229,50,27,1,-1,-1,-1
256,5,796,225,31,30,1,-1,-1,-1
256,8,788,190,26,36,1,-1,-1,-1
256,9,736,179,27,38,1,-1,-1,-1
256,11,702,289,67,119,1,-1,-1,-1
256,12,623,187,23,25,1,-1,-1,-1
256,14,301,248,62,47,1,-1,-1,-1
256,16,560,252,44,34,1,-1,-1,-1
256,18,279,229,49,32,1,-1,-1,-1
257,1,730,262,33,32,1,-1,-1,-1
257,3,782,275,36,38,1,-1,-1,-1
257,4,736,229,50,27,1,-1,-1,-1
257,5,796,225,31,30,1,-1,-1,-1
257,8,788,190,24,34,1,-1,-1,-1
257,9,736,179,27,38,1,-1,-1,-1
257,11,701,289,67,119,1,-1,-1,-1
257,12,622,189,24,21,1,-1,-1,-1
257,14,299,247,61,47,1,-1,-1,-1
257,16,564,254,38,30,1,-1,-1,-1
257,18,275,231,49,32,1,-1,-1,-1
258,1,730,262,33,32,1,-1,-1,-1
258,3,781,275,36,38,1,-1,-1,-1
258,4,737,231,50,27,1,-1,-1,-1
258,5,798,225,30,30,1,-1,-1,-1
258,8,788,190,24,34,1,-1,-1,-1
258,9,736,179,27,38,1,-1,-1,-1
258,11,700,289,67,119,1,-1,-1,-1
258,12,625,187,19,19,1,-1,-1,-1
258,14,294,249,60,47,1,-1,-1,-1
258,16,564,252,39,30,1,-1,-1,-1
258,18,272,233,48,30,1,-1,-1,-1
259,1,728,262,33,32,1,-1,-1,-1
259,3,779,275,37,40,1,-1,-1,-1
259,4,736,229,52,28,1,-1,-1,-1
259,5,799,225,28,28,1,-1,-1,-1
259,8,788,192,23,32,1,-1,-1,-1
259,9,736,179,27,38,1,-1,-1,-1
259,11,698,289,67,119,1,-1,-1,-1
259,12,624,187,25,21,1,-1,-1,-1
259,14,293,254,54,44,1,-1,-1,-1
259,16,566,252,37,30,1,-1,-1,-1
259,18,269,233,49,32,1,-1,-1,-1
260,1,728,262,33,32,1,-1,-1,-1
260,3,781,275,36,38,1,-1,-1,-1
260,4,737,229,50,27,1,-1,-1,-1
260,5,798,225,28,28,1,-1,-1,-1
260,8,788,192,24,34,1,-1,-1,-1
260,9,736,179,33,42,1,-1,-1,-1
260,11,697,289,69,121,1,-1,-1,-1
260,12,624,187,24,23,1,-1,-1,-1
260,14,287,254,57,46,1,-1,-1,-1
260,16,566,252,37,30,1,-1,-1,-1
260,18,267,235,48,30,1,-1,-1,-1
261,1,729,262,32,30,1,-1,-1,-1
261,3,781,275,36,38,1,-1,-1,-1
261,4,736,229,52,28,1,-1,-1,-1
261,5,799,227,30,30,1,-1,-1,-1
261,8,788,192,24,34,1,-1,-1,-1
261,9,736,179,31,41,1,-1,-1,-1
261,11,695,284,70,125,1,-1,-1,-1
261,12,625,185,23,23,1,-1,-1,-1
261,14,283,254,60,48,1,-1,-1,-1
261,16,566,250,37,30,1,-1,-1,-1
261,18,265,237,47,30,1,-1,-1,-1
262,1,730,262,31,28,1,-1,-1,-1
262,3,779,277,36,38,1,-1,-1,-1
262,4,736,229,50,27,1,-1,-1,-1
262,5,798,227,30,30,1,-1,-1,-1
262,8,791,192,24,34,1,-1,-1,-1
262,9,736,179,31,40,1,-1,-1,-1
262,11,694,287,70,123,1,-1,-1,-1
262,12,626,185,19,19,1,-1,-1,-1
262,14,279,255,65,51,1,-1,-1,-1
262,16,565,248,39,30,1,-1,-1,-1
262,18,262,237,45,30,1,-1,-1,-1
263,1,729,262,31,29,1,-1,-1,-1
263,3,778,277,36,38,1,-1,-1,-1
263,4,736,231,50,27,1,-1,-1,-1
263,5,798,227,31,30,1,-1,-1,-1
263,8,791,192,23,34,1,-1,-1,-1
263,9,736,179,31,40,1,-1,-1,-1
263,11,696,289,69,121,1,-1,-1,-1
263,12,625,185,19,19,1,-1,-1,-1
263,14,276,255,64,51,1,-1,-1,-1
263,16,569,247,32,27,1,-1,-1,-1
263,18,257,236,54,35,1,-1,-1,-1
264,1,728,262,31,28,1,-1,-1,-1
264,3,778,277,36,38,1,-1,-1,-1
264,4,736,231,50,27,1,-1,-1,-1
264,5,796,227,31,30,1,-1,-1,-1
264,8,791,192,23,34,1,-1,-1,-1
264,9,736,179,31,40,1,-1,-1,-1
264,11,693,287,70,123,1,-1,-1,-1
264,12,626,183,19,19,1,-1,-1,-1
264,14,272,256,64,52,1,-1,-1,-1
264,16,569,246,31,25,1,-1,-1,-1
264,18,256,236,51,34,1,-1,-1,-1
265,1,727,262,31,28,1,-1,-1,-1
265,3,778,277,36,38,1,-1,-1,-1
265,4,736,231,50,27,1,-1,-1,-1
265,5,798,227,30,30,1,-1,-1,-1
265,8,791,192,23,34,1,-1,-1,-1
265,9,736,179,31,40,1,-1,-1,-1
265,11,693,289,70,123,1,-1,-1,-1
265,12,626,183,19,19,1,-1,-1,-1
265,14,265,258,68,55,1,-1,-1,-1
265,16,569,244,31,27,1,-1,-1,-1
265,18,252,238,51,35,1,-1,-1,-1
266,1,727,262,31,28,1,-1,-1,-1
266,3,778,277,36,38,1,-1,-1,-1
266,4,736,231,49,27,1,-1,-1,-1
266,5,798,227,31,30,1,-1,-1,-1
266,8,791,194,23,34,1,-1,-1,-1
266,9,736,179,31,40,1,-1,-1,-1
266,11,690,287,71,125,1,-1,-1,-1
266,12,628,183,19,19,1,-1,-1,-1
266,14,262,264,66,51,1,-1,-1,-1
266,16,569,244,31,27,1,-1,-1,-1
266,18,246,239,53,37,1,-1,-1,-1
267,1,727,262,31,28,1,-1,-1,-1
267,3,778,279,33,36,1,-1,-1,-1
267,4,736,231,49,27,1,-1,-1,-1
267,5,796,227,30,30,1,-1,-1,-1
267,8,791,194,23,34,1,-1,-1,-1
267,9,736,179,31,40,1,-1,-1,-1
267,11,690,287,70,123,1,-1,-1,-1
267,12,628,181,19,19,1,-1,-1,-1
267,14,258,260,70,54,1,-1,-1,-1
267,16,570,243,31,27,1,-1,-1,-1
267,18,244,239,53,36,1,-1,-1,-1
268,1,727,262,31,28,1,-1,-1,-1
268,3,778,279,33,36,1,-1,-1,-1
268,4,735,231,50,28,1,-1,-1,-1
268,5,798,227,31,30,1,-1,-1,-1
268,8,792,196,22,30,1,-1,-1,-1
268,9,736,177,31,42,1,-1,-1,-1
268,11,689,287,71,125,1,-1,-1,-1
268,12,629,181,19,19,1,-1,-1,-1
268,14,253,264,69,53,1,-1,-1,-1
268,16,570,241,35,28,1,-1,-1,-1
268,18,240,241,53,36,1,-1,-1,-1
269,1,727,260,31,28,1,-1,-1,-1
269,3,778,279,32,34,1,-1,-1,-1
269,4,736,231,49,27,1,-1,-1,-1
269,5,796,227,31,30,1,-1,-1,-1
269,8,794,194,22,30,1,-1,-1,-1
269,9,736,179,31,40,1,-1,-1,-1
269,11,689,287,70,123,1,-1,-1,-1
269,12,629,181,19,19,1,-1,-1,-1
269,14,250,268,66,50,1,-1,-1,-1
269,16,572,239,35,28,1,-1,-1,-1
269,18,236,243,53,36,1,-1,-1,-1
270,1,727,262,31,28,1,-1,-1,-1
270,3,778,279,33,34,1,-1,-1,-1
270,4,736,231,49,27,1,-1,-1,-1
270,5,798,227,31,33,1,-1,-1,-1
270,8,794,196,20,30,1,-1,-1,-1
270,9,736,177,31,40,1,-1,-1,-1
270,11,689,287,71,125,1,-1,-1,-1
270,12,629,179,19,19,1,-1,-1,-1
270,14,245,269,71,54,1,-1,-1,-1
270,16,573,239,31,27,1,-1,-1,-1
270,18,233,246,52,36,1,-1,-1,-1
271,1,727,262,31,28,1,-1,-1,-1
271,3,778,279,33,36,1,-1,-1,-1
271,4,736,231,49,27,1,-1,-1,-1
271,5,799,227,31,32,1,-1,-1,-1
271,8,795,196,22,30,1,-1,-1,-1
271,9,737,177,30,40,1,-1,-1,-1
271,11,689,287,71,125,1,-1,-1,-1
271,12,632,179,19,19,1,-1,-1,-1
271,14,244,271,66,52,1,-1,-1,-1
271,16,574,239,31,27,1,-1,-1,-1
271,18,232,246,52,36,1,-1,-1,-1
272,1,727,262,31,28,1,-1,-1,-1
272,3,778,279,36,38,1,-1,-1,-1
272,4,736,231,49,27,1,-1,-1,-1
272,5,799,227,31,34,1,-1,-1,-1
272,8,794,196,22,30,1,-1,-1,-1
272,9,739,177,30,40,1,-1,-1,-1
272,11,689,287,70,123,1,-1,-1,-1
272,12,633,179,19,19,1,-1,-1,-1
272,14,241,271,68,54,1,-1,-1,-1
272,16,576,239,31,27,1,-1,-1,-1
272,18,228,248,53,36,1,-1,-1,-1
273,1,727,262,31,28,1,-1,-1,-1
273,3,777,279,36,38,1,-1,-1,-1
273,4,736,231,49,27,1,-1,-1,-1
273,5,799,227,31,34,1,-1,-1,-1
273,8,795,196,22,30,1,-1,-1,-1
273,9,739,177,31,40,1,-1,-1,-1
273,11,687,287,71,125,1,-1,-1,-1
273,12,633,179,19,19,1,-1,-1,-1
273,14,233,277,66,52,1,-1,-1,-1
273,16,576,237,31,27,1,-1,-1,-1
273,18,224,248,52,36,1,-1,-1,-1
274,1,727,262,31,28,1,-1,-1,-1
274,3,778,279,36,38,1,-1,-1,-1
274,4,736,231,49,27,1,-1,-1,-1
274,5,799,227,31,32,1,-1,-1,-1
274,8,795,196,22,30,1,-1,-1,-1
274,9,737,177,31,40,1,-1,-1,-1
274,11,685,285,71,125,1,-1,-1,-1
274,12,633,177,19,19,1,-1,-1,-1
274,14,229,276,75,55,1,-1,-1,-1
274,16,576,237,31,27,1,-1,-1,-1
274,18,219,252,53,36,1,-1,-1,-1
275,1,727,260,31,28,1,-1,-1,-1
275,3,778,279,36,38,1,-1,-1,-1
275,4,736,231,49,25,1,-1,-1,-1
275,5,801,229,28,30,1,-1,-1,-1
275,8,796,196,20,30,1,-1,-1,-1
275,9,739,177,31,40,1,-1,-1,-1
275,11,685,287,71,125,1,-1,-1,-1
275,12,634,177,19,19,1,-1,-1,-1
275,14,224,276,74,57,1,-1,-1,-1
275,16,576,235,32,28,1,-1,-1,-1
275,18,216,252,53,36,1,-1,-1,-1
276,1,727,262,31,28,1,-1,-1,-1
276,3,778,281,36,38,1,-1,-1,-1
276,4,736,231,49,25,1,-1,-1,-1
276,5,800,229,30,32,1,-1,-1,-1
276,8,795,196,22,30,1,-1,-1,-1
276,9,740,177,31,42,1,-1,-1,-1
276,11,685,287,70,123,1,-1,-1,-1
276,12,636,177,19,19,1,-1,-1,-1
276,14,220,277,77,59,1,-1,-1,-1
276,16,578,235,31,27,1,-1,-1,-1
276,18,212,253,63,38,1,-1,-1,-1
277,1,727,260,31,28,1,-1,-1,-1
277,3,778,281,36,36,1,-1,-1,-1
277,4,736,231,49,27,1,-1,-1,-1
277,5,801,229,31,32,1,-1,-1,-1
277,8,796,196,22,30,1,-1,-1,-1
277,9,740,179,31,42,1,-1,-1,-1
277,11,684,287,71,125,1,-1,-1,-1
277,12,637,177,19,19,1,-1,-1,-1
277,14,215,280,78,59,1,-1,-1,-1
277,16,579,233,31,27,1,-1,-1,-1
277,18,208,254,61,36,1,-1,-1,-1
278,1,727,262,31,28,1,-1,-1,-1
278,3,777,281,36,38,1,-1,-1,-1
278,4,736,231,49,27,1,-1,-1,-1
278,5,801,229,31,32,1,-1,-1,-1
278,8,796,196,22,30,1,-1,-1,-1
278,9,740,177,31,42,1,-1,-1,-1
278,11,684,287,71,125,1,-1,-1,-1
278,12,637,175,19,19,1,-1,-1,-1
278,14,211,281,79,59,1,-1,-1,-1
278,16,581,233,31,27,1,-1,-1,-1
278,18,205,256,62,38,1,-1,-1,-1
279,1,727,262,31,28,1,-1,-1,-1
279,3,778,281,36,38,1,-1,-1,-1
279,4,737,231,49,27,1,-1,-1,-1
279,5,803,229,31,32,1,-1,-1,-1
279,8,798,196,22,30,1,-1,-1,-1
279,9,740,177,31,42,1,-1,-1,-1
279,11,684,287,71,125,1,-1,-1,-1
279,12,640,175,19,19,1,-1,-1,-1
279,14,205,283,83,63,1,-1,-1,-1
279,16,582,233,31,25,1,-1,-1,-1
279,18,203,258,61,36,1,-1,-1,-1
280,1,727,260,31,28,1,-1,-1,-1
280,3,777,281,37,40,1,-1,-1,-1
280,4,737,231,49,27,1,-1,-1,-1
280,5,801,229,31,34,1,-1,-1,-1
280,8,799,198,20,30,1,-1,-1,-1
280,9,741,177,31,40,1,-1,-1,-1
280,11,684,285,71,125,1,-1,-1,-1
280,12,638,175,19,19,1,-1,-1,-1
280,14,202,285,79,59,1,-1,-1,-1
280,16,584,232,31,27,1,-1,-1,-1
280,18,198,260,62,38,1,-1,-1,-1
281,1,727,260,31,28,1,-1,-1,-1
281,3,777,281,36,38,1,-1,-1,-1
281,4,737,231,49,27,1,-1,-1,-1
281,5,803,229,31,34,1,-1,-1,-1
281,8,798,198,22,30,1,-1,-1,-1
281,9,741,177,30,40,1,-1,-1,-1
281,11,684,287,70,123,1,-1,-1,-1
281,12,641,173,19,19,1,-1,-1,-1
281,14,195,289,80,57,1,-1,-1,-1
281,16,583,231,31,27,1,-1,-1,-1
281,18,194,262,62,38,1,-1,-1,-1
282,1,727,262,31,28,1,-1,-1,-1
282,3,778,281,36,38,1,-1,-1,-1
282,4,737,231,49,27,1,-1,-1,-1
282,5,803,229,32,34,1,-1,-1,-1
282,8,799,198,22,30,1,-1,-1,-1
282,9,743,177,31,40,1,-1,-1,-1
282,11,684,289,69,121,1,-1,-1,-1
282,12,642,173,19,19,1,-1,-1,-1
282,14,189,290,83,60,1,-1,-1,-1
282,16,585,231,31,25,1,-1,-1,-1
282,18,192,264,61,36,1,-1,-1,-1
283,1,731,259,31,28,1,-1,-1,-1
283,3,778,281,36,38,1,-1,-1,-1
283,4,737,231,49,27,1,-1,-1,-1
283,5,803,229,31,34,1,-1,-1,-1
283,8,799,198,20,30,1,-1,-1,-1
283,9,743,177,31,40,1,-1,-1,-1
283,11,681,283,76,125,1,-1,-1,-1
283,12,642,173,19,19,1,-1,-1,-1
283,14,182,293,83,62,1,-1,-1,-1
283,16,583,229,31,27,1,-1,-1,-1
283,18,188,264,61,36,1,-1,-1,-1
283,19,590,508,70,31,1,-1,-1,-1
284,1,727,260,31,28,1,-1,-1,-1
284,3,777,281,36,38,1,-1,-1,-1
284,4,739,231,49,25,1,-1,-1,-1
284,5,801,229,33,36,1,-1,-1,-1
284,8,799,198,22,30,1,-1,-1,-1
284,9,743,177,31,40,1,-1,-1,-1
284,11,680,281,78,127,1,-1,-1,-1
284,12,642,173,19,19,1,-1,-1,-1
284,14,184,295,78,59,1,-1,-1,-1
284,16,585,229,31,25,1,-1,-1,-1
284,18,182,266,64,38,1,-1,-1,-1
284,19,595,511,67,28,1,-1,-1,-1
285,1,727,260,31,28,1,-1,-1,-1
285,3,777,279,39,41,1,-1,-1,-1
285,4,736,231,49,27,1,-1,-1,-1
285,5,801,229,33,36,1,-1,-1,-1
285,8,799,198,20,30,1,-1,-1,-1
285,9,744,177,31,40,1,-1,-1,-1
285,11,680,283,75,125,1,-1,-1,-1
285,12,643,171,19,19,1,-1,-1,-1
285,14,178,298,78,59,1,-1,-1,-1
285,16,585,227,31,27,1,-1,-1,-1
285,18,177,266,66,40,1,-1,-1,-1
285,19,594,514,68,25,1,-1,-1,-1
286,1,728,260,31,28,1,-1,-1,-1
286,3,777,279,39,40,1,-1,-1,-1
286,4,738,228,48,30,1,-1,-1,-1
286,5,804,229,32,34,1,-1,-1,-1
286,8,800,198,22,30,1,-1,-1,-1
286,9,744,177,31,40,1,-1,-1,-1
286,11,680,283,75,125,1,-1,-1,-1
286,12,646,171,19,19,1,-1,-1,-1
286,14,169,298,87,62,1,-1,-1,-1
286,16,586,227,31,25,1,-1,-1,-1
286,17,389,177,24,24,1,-1,-1,-1
286,18,172,268,67,40,1,-1,-1,-1
286,19,593,509,69,30,1,-1,-1,-1
287,1,728,260,31,28,1,-1,-1,-1
287,3,777,279,40,42,1,-1,-1,-1
287,4,739,233,49,25,1,-1,-1,-1
287,5,804,229,31,34,1,-1,-1,-1
287,8,800,198,22,30,1,-1,-1,-1
287,9,745,177,31,40,1,-1,-1,-1
287,11,680,283,75,125,1,-1,-1,-1
287,12,646,171,19,19,1,-1,-1,-1
287,14,164,300,87,61,1,-1,-1,-1
287,16,589,227,31,25,1,-1,-1,-1
287,17,385,177,28,23,1,-1,-1,-1
287,18,168,268,70,42,1,-1,-1,-1
287,19,593,506,66,33,1,-1,-1,-1
288,1,727,260,31,30,1,-1,-1,-1
288,3,777,279,40,42,1,-1,-1,-1
288,4,737,231,49,27,1,-1,-1,-1
288,5,805,231,31,34,1,-1,-1,-1
288,8,801,200,20,30,1,-1,-1,-1
288,9,744,175,30,40,1,-1,-1,-1
288,11,679,283,75,125,1,-1,-1,-1
288,14,158,304,87,61,1,-1,-1,-1
288,16,589,225,31,25,1,-1,-1,-1
288,17,386,179,26,21,1,-1,-1,-1
288,18,164,270,70,42,1,-1,-1,-1
288,19,588,506,68,33,1,-1,-1,-1
289,1,727,260,31,28,1,-1,-1,-1
289,3,777,279,39,40,1,-1,-1,-1
289,4,739,231,49,25,1,-1,-1,-1
289,5,804,231,31,34,1,-1,-1,-1
289,8,801,200,22,30,1,-1,-1,-1
289,9,745,175,30,40,1,-1,-1,-1
289,11,676,282,75,119,1,-1,-1,-1
289,14,155,306,84,61,1,-1,-1,-1
289,16,590,225,31,25,1,-1,-1,-1
289,17,386,179,26,21,1,-1,-1,-1
289,18,160,271,70,42,1,-1,-1,-1
289,19,588,506,72,33,1,-1,-1,-1
290,1,727,260,31,28,1,-1,-1,-1
290,3,775,279,40,42,1,-1,-1,-1
290,4,737,231,49,25,1,-1,-1,-1
290,5,804,231,32,34,1,-1,-1,-1
290,8,801,200,22,30,1,-1,-1,-1
290,9,745,175,31,40,1,-1,-1,-1
290,11,676,281,78,123,1,-1,-1,-1
290,14,146,308,88,63,1,-1,-1,-1
290,16,589,223,31,27,1,-1,-1,-1
290,17,386,179,26,21,1,-1,-1,-1
290,18,156,273,70,42,1,-1,-1,-1
290,19,586,506,72,33,1,-1,-1,-1
291,1,727,259,34,30,1,-1,-1,-1
291,3,775,279,39,40,1,-1,-1,-1
291,4,736,231,49,27,1,-1,-1,-1
291,5,804,229,33,36,1,-1,-1,-1
291,8,799,197,27,39,1,-1,-1,-1
291,9,744,175,31,40,1,-1,-1,-1
291,11,676,281,74,120,1,-1,-1,-1
291,14,142,310,88,63,1,-1,-1,-1
291,16,590,223,31,27,1,-1,-1,-1
291,17,378,179,33,25,1,-1,-1,-1
291,18,147,273,77,46,1,-1,-1,-1
291,19,585,502,73,37,1,-1,-1,-1
292,1,726,260,36,29,1,-1,-1,-1
292,3,775,279,40,42,1,-1,-1,-1
292,4,737,231,49,25,1,-1,-1,-1
292,5,804,229,33,36,1,-1,-1,-1
292,8,799,196,27,38,1,-1,-1,-1
292,9,744,175,31,40,1,-1,-1,-1
292,11,676,281,78,123,1,-1,-1,-1
292,14,137,312,87,61,1,-1,-1,-1
292,16,591,222,31,27,1,-1,-1,-1
292,17,379,179,32,24,1,-1,-1,-1
292,18,146,277,71,44,1,-1,-1,-1
292,19,589,503,67,36,1,-1,-1,-1
293,1,726,260,36,28,1,-1,-1,-1
293,3,774,279,40,42,1,-1,-1,-1
293,4,736,231,49,25,1,-1,-1,-1
293,5,804,231,32,34,1,-1,-1,-1
293,8,799,198,27,40,1,-1,-1,-1
293,9,744,175,31,40,1,-1,-1,-1
293,11,675,281,78,125,1,-1,-1,-1
293,14,121,314,99,69,1,-1,-1,-1
293,16,591,221,30,25,1,-1,-1,-1
293,17,379,181,27,22,1,-1,-1,-1
293,18,142,277,70,42,1,-1,-1,-1
293,19,583,500,69,39,1,-1,-1,-1
294,1,726,260,36,28,1,-1,-1,-1
294,3,774,279,40,42,1,-1,-1,-1
294,4,740,231,45,26,1,-1,-1,-1
294,5,804,231,32,34,1,-1,-1,-1
294,8,799,196,28,42,1,-1,-1,-1
294,9,745,175,31,40,1,-1,-1,-1
294,11,675,281,75,119,1,-1,-1,-1
294,14,114,316,99,69,1,-1,-1,-1
294,16,592,221,31,27,1,-1,-1,-1
294,17,376,181,29,22,1,-1,-1,-1
294,18,138,281,70,42,1,-1,-1,-1
294,19,579,497,73,42,1,-1,-1,-1
295,1,726,260,36,28,1,-1,-1,-1
295,3,771,279,43,44,1,-1,-1,-1
295,4,740,231,44,25,1,-1,-1,-1
295,5,804,231,32,34,1,-1,-1,-1
295,8,799,198,27,40,1,-1,-1,-1
295,9,745,175,31,40,1,-1,-1,-1
295,11,673,281,75,119,1,-1,-1,-1
295,14,108,318,100,69,1,-1,-1,-1
295,16,592,221,31,27,1,-1,-1,-1
295,17,369,183,34,23,1,-1,-1,-1
295,18,130,280,76,45,1,-1,-1,-1
295,19,576,500,76,39,1,-1,-1,-1
296,1,726,260,36,28,1,-1,-1,-1
296,3,773,279,43,44,1,-1,-1,-1
296,4,737,231,44,25,1,-1,-1,-1
296,5,804,231,32,34,1,-1,-1,-1
296,8,799,198,27,40,1,-1,-1,-1
296,9,745,173,31,40,1,-1,-1,-1
296,11,671,281,77,120,1,-1,-1,-1
296,14,100,322,100,69,1,-1,-1,-1
296,16,592,219,31,28,1,-1,-1,-1
296,17,372,183,33,23,1,-1,-1,-1
296,18,125,281,78,46,1,-1,-1,-1
296,19,578,500,76,39,1,-1,-1,-1
297,1,726,260,36,28,1,-1,-1,-1
297,3,771,277,44,46,1,-1,-1,-1
297,4,739,231,44,25,1,-1,-1,-1
297,5,804,233,31,34,1,-1,-1,-1
297,8,798,196,30,42,1,-1,-1,-1
297,9,745,173,31,40,1,-1,-1,-1
297,11,671,281,77,120,1,-1,-1,-1
297,14,92,322,104,73,1,-1,-1,-1
297,16,595,218,31,27,1,-1,-1,-1
297,17,370,183,33,24,1,-1,-1,-1
297,18,120,283,78,46,1,-1,-1,-1
297,19,575,494,75,45,1,-1,-1,-1
298,1,724,260,36,28,1,-1,-1,-1
298,3,771,279,44,46,1,-1,-1,-1
298,4,739,231,44,25,1,-1,-1,-1
298,5,804,233,31,34,1,-1,-1,-1
298,8,796,194,31,46,1,-1,-1,-1
298,9,745,173,31,40,1,-1,-1,-1
298,11,671,281,76,118,1,-1,-1,-1
298,14,86,329,103,71,1,-1,-1,-1
298,16,591,219,31,28,1,-1,-1,-1
298,17,365,185,35,23,1,-1,-1,-1
298,18,113,285,80,48,1,-1,-1,-1
298,19,574,494,76,45,1,-1,-1,-1
299,1,723,260,36,28,1,-1,-1,-1
299,3,771,279,41,44,1,-1,-1,-1
299,4,737,231,44,25,1,-1,-1,-1
299,5,804,233,31,34,1,-1,-1,-1
299,8,799,196,30,42,1,-1,-1,-1
299,9,745,173,31,40,1,-1,-1,-1
299,11,670,279,78,119,1,-1,-1,-1
299,14,83,333,100,69,1,-1,-1,-1
299,16,592,217,31,28,1,-1,-1,-1
299,17,367,183,34,26,1,-1,-1,-1
299,18,108,285,83,50,1,-1,-1,-1
299,19,575,492,77,47,1,-1,-1,-1
300,1,724,260,36,28,1,-1,-1,-1
300,3,773,279,40,44,1,-1,-1,-1
300,4,739,231,44,25,1,-1,-1,-1
300,5,804,233,30,32,1,-1,-1,-1
300,8,799,196,28,42,1,-1,-1,-1
300,9,747,173,31,40,1,-1,-1,-1
300,11,671,281,75,117,1,-1,-1,-1
300,14,70,333,104,73,1,-1,-1,-1
300,16,594,217,32,28,1,-1,-1,-1
300,17,364,185,36,22,1,-1,-1,-1
300,18,100,287,88,52,1,-1,-1,-1
300,19,569,493,78,46,1,-1,-1,-1
301,1,724,260,36,28,1,-1,-1,-1
301,3,773,279,40,44,1,-1,-1,-1
301,4,737,231,44,25,1,-1,-1,-1
301,5,805,235,31,34,1,-1,-1,-1
301,8,799,196,30,42,1,-1,-1,-1
301,9,747,173,31,40,1,-1,-1,-1
301,11,670,279,78,119,1,-1,-1,-1
301,14,65,335,108,75,1,-1,-1,-1
301,16,595,217,31,28,1,-1,-1,-1
301,17,361,187,36,23,1,-1,-1,-1
301,18,99,289,84,50,1,-1,-1,-1
301,19,569,490,81,49,1,-1,-1,-1
302,1,723,260,36,28,1,-1,-1,-1
302,3,773,279,38,45,1,-1,-1,-1
302,4,739,231,44,25,1,-1,-1,-1
302,5,804,235,31,34,1,-1,-1,-1
302,8,799,196,28,42,1,-1,-1,-1
302,9,748,173,30,38,1,-1,-1,-1
302,11,668,279,78,123,1,-1,-1,-1
302,14,54,337,113,79,1,-1,-1,-1
302,16,595,216,31,28,1,-1,-1,-1
302,17,361,187,38,25,1,-1,-1,-1
302,18,92,291,86,50,1,-1,-1,-1
302,19,571,490,80,49,1,-1,-1,-1
303,1,724,260,36,28,1,-1,-1,-1
303,3,771,279,41,44,1,-1,-1,-1
303,4,737,231,44,25,1,-1,-1,-1
303,5,804,233,31,34,1,-1,-1,-1
303,8,799,198,28,40,1,-1,-1,-1
303,9,748,171,31,40,1,-1,-1,-1
303,11,668,281,78,119,1,-1,-1,-1
303,14,49,343,108,75,1,-1,-1,-1
303,16,598,214,31,28,1,-1,-1,-1
303,17,359,188,35,24,1,-1,-1,-1
303,18,88,293,83,50,1,-1,-1,-1
303,19,568,488,79,50,1,-1,-1,-1
304,1,724,260,36,28,1,-1,-1,-1
304,3,771,281,40,44,1,-1,-1,-1
304,4,737,231,44,25,1,-1,-1,-1
304,5,804,233,31,34,1,-1,-1,-1
304,8,799,196,30,42,1,-1,-1,-1
304,9,748,173,30,38,1,-1,-1,-1
304,11,670,281,75,117,1,-1,-1,-1
304,14,40,340,114,83,1,-1,-1,-1
304,16,598,214,31,28,1,-1,-1,-1
304,17,358,188,35,26,1,-1,-1,-1
304,18,84,298,82,48,1,-1,-1,-1
304,19,566,488,79,51,1,-1,-1,-1
305,1,724,260,36,28,1,-1,-1,-1
305,3,771,281,40,44,1,-1,-1,-1
305,4,739,231,44,25,1,-1,-1,-1
305,5,805,235,28,32,1,-1,-1,-1
305,8,799,198,30,42,1,-1,-1,-1
305,9,748,171,31,40,1,-1,-1,-1
305,11,668,281,74,115,1,-1,-1,-1
305,14,24,347,121,84,1,-1,-1,-1
305,16,599,212,31,28,1,-1,-1,-1
305,17,356,190,36,24,1,-1,-1,-1
305,18,78,298,86,50,1,-1,-1,-1
305,19,570,489,80,50,1,-1,-1,-1
306,1,724,260,36,28,1,-1,-1,-1
306,3,770,279,44,46,1,-1,-1,-1
306,4,737,231,44,25,1,-1,-1,-1
306,5,807,235,30,32,1,-1,-1,-1
306,8,799,198,28,42,1,-1,-1,-1
306,9,748,171,30,38,1,-1,-1,-1
306,11,667,281,75,117,1,-1,-1,-1
306,14,19,347,122,86,1,-1,-1,-1
306,16,599,212,31,28,1,-1,-1,-1
306,17,352,190,39,25,1,-1,-1,-1
306,18,74,302,80,48,1,-1,-1,-1
306,19,564,487,82,52,1,-1,-1,-1
307,1,724,258,36,28,1,-1,-1,-1
307,3,770,279,44,46,1,-1,-1,-1
307,4,737,231,45,27,1,-1,-1,-1
307,5,805,235,30,32,1,-1,-1,-1
307,8,800,198,28,42,1,-1,-1,-1
307,9,748,171,30,38,1,-1,-1,-1
307,11,667,279,78,119,1,-1,-1,-1
307,14,14,354,117,82,1,-1,-1,-1
307,16,599,212,31,28,1,-1,-1,-1
307,17,352,190,39,25,1,-1,-1,-1
307,18,70,298,83,52,1,-1,-1,-1
307,19,562,490,83,49,1,-1,-1,-1
308,1,724,260,36,28,1,-1,-1,-1
308,3,770,281,43,44,1,-1,-1,-1
308,4,740,233,45,27,1,-1,-1,-1
308,5,805,235,31,34,1,-1,-1,-1
308,8,800,198,28,42,1,-1,-1,-1
308,9,749,171,30,38,1,-1,-1,-1
308,11,666,277,78,123,1,-1,-1,-1
308,14,1,356,122,86,1,-1,-1,-1
308,16,600,212,31,28,1,-1,-1,-1
308,17,350,190,37,25,1,-1,-1,-1
308,18,66,302,84,50,1,-1,-1,-1
308,19,564,485,82,54,1,-1,-1,-1
309,1,724,260,36,28,1,-1,-1,-1
309,3,770,279,44,46,1,-1,-1,-1
309,4,740,233,44,25,1,-1,-1,-1
309,5,805,235,31,34,1,-1,-1,-1
309,8,801,198,28,42,1,-1,-1,-1
309,9,749,169,31,40,1,-1,-1,-1
309,11,664,277,80,125,1,-1,-1,-1
309,14,0,358,124,86,1,-1,-1,-1
309,16,600,210,31,28,1,-1,-1,-1
309,17,350,192,37,25,1,-1,-1,-1
309,18,58,304,86,50,1,-1,-1,-1
309,19,565,485,80,54,1,-1,-1,-1
310,1,724,260,36,28,1,-1,-1,-1
310,3,771,281,40,44,1,-1,-1,-1
310,4,739,233,44,25,1,-1,-1,-1
310,5,805,235,31,34,1,-1,-1,-1
310,8,803,200,27,40,1,-1,-1,-1
310,9,751,171,30,38,1,-1,-1,-1
310,11,664,279,80,125,1,-1,-1,-1
310,14,2,359,108,90,1,-1,-1,-1
310,16,603,210,31,27,1,-1,-1,-1
310,17,350,192,36,23,1,-1,-1,-1
310,18,50,306,87,52,1,-1,-1,-1
310,19,554,479,98,60,1,-1,-1,-1
311,1,723,258,36,30,1,-1,-1,-1
311,3,771,281,40,44,1,-1,-1,-1
311,4,739,231,44,25,1,-1,-1,-1
311,5,807,235,30,32,1,-1,-1,-1
311,8,804,202,24,36,1,-1,-1,-1
311,9,752,169,30,38,1,-1,-1,-1
311,11,666,279,78,123,1,-1,-1,-1
311,14,0,372,94,86,1,-1,-1,-1
311,16,603,208,31,28,1,-1,-1,-1
311,17,346,196,36,23,1,-1,-1,-1
311,18,44,306,91,54,1,-1,-1,-1
311,19,560,482,85,57,1,-1,-1,-1
312,1,724,258,36,28,1,-1,-1,-1
312,3,771,281,40,44,1,-1,-1,-1
312,4,740,231,44,25,1,-1,-1,-1
312,5,807,235,31,34,1,-1,-1,-1
312,8,804,202,23,34,1,-1,-1,-1
312,9,754,169,28,41,1,-1,-1,-1
312,11,664,277,80,125,1,-1,-1,-1
312,14,0,369,98,88,1,-1,-1,-1
312,16,604,208,31,28,1,-1,-1,-1
312,17,343,194,37,25,1,-1,-1,-1
312,18,37,308,91,54,1,-1,-1,-1
312,19,557,483,90,56,1,-1,-1,-1
313,1,724,260,36,28,1,-1,-1,-1
313,3,771,281,40,44,1,-1,-1,-1
313,4,740,233,44,25,1,-1,-1,-1
313,5,808,237,30,32,1,-1,-1,-1
313,8,807,203,24,36,1,-1,-1,-1
313,9,756,169,31,40,1,-1,-1,-1
313,11,663,277,82,127,1,-1,-1,-1
313,14,0,370,91,88,1,-1,-1,-1
313,16,606,208,31,28,1,-1,-1,-1
313,17,343,194,39,25,1,-1,-1,-1
313,18,32,310,91,55,1,-1,-1,-1
313,19,558,480,85,59,1,-1,-1,-1
314,1,724,260,36,28,1,-1,-1,-1
314,3,771,281,41,44,1,-1,-1,-1
314,4,740,233,43,25,1,-1,-1,-1
314,5,807,237,31,34,1,-1,-1,-1
314,8,807,203,24,36,1,-1,-1,-1
314,9,753,171,31,40,1,-1,-1,-1
314,11,664,277,82,127,1,-1,-1,-1
314,14,0,378,78,84,1,-1,-1,-1
314,16,606,208,31,28,1,-1,-1,-1
314,17,340,198,36,23,1,-1,-1,-1
314,18,24,314,91,55,1,-1,-1,-1
314,19,564,481,80,58,1,-1,-1,-1
315,1,724,260,36,28,1,-1,-1,-1
315,3,770,281,40,44,1,-1,-1,-1
315,4,741,233,41,23,1,-1,-1,-1
315,5,808,237,31,34,1,-1,-1,-1
315,8,809,203,24,36,1,-1,-1,-1
315,9,753,171,31,40,1,-1,-1,-1
315,11,666,279,78,123,1,-1,-1,-1
315,14,0,385,64,86,1,-1,-1,-1
315,16,608,206,31,28,1,-1,-1,-1
315,17,339,198,36,23,1,-1,-1,-1
315,18,19,316,91,55,1,-1,-1,-1
315,19,564,480,79,57,1,-1,-1,-1
316,1,724,260,36,28,1,-1,-1,-1
316,3,770,281,40,44,1,-1,-1,-1
316,4,740,233,41,25,1,-1,-1,-1
316,5,808,237,31,34,1,-1,-1,-1
316,8,808,205,23,34,1,-1,-1,-1
316,9,753,167,31,40,1,-1,-1,-1
316,11,664,279,78,123,1,-1,-1,-1
316,14,0,385,64,88,1,-1,-1,-1
316,16,608,206,31,28,1,-1,-1,-1
316,17,334,200,36,23,1,-1,-1,-1
316,18,14,320,88,52,1,-1,-1,-1
316,19,562,478,83,59,1,-1,-1,-1
317,1,724,260,36,28,1,-1,-1,-1
317,3,770,281,40,44,1,-1,-1,-1
317,4,741,233,40,23,1,-1,-1,-1
317,5,807,237,31,34,1,-1,-1,-1
317,8,807,204,23,34,1,-1,-1,-1
317,9,753,169,30,38,1,-1,-1,-1
317,11,663,279,78,123,1,-1,-1,-1
317,14,0,383,64,88,1,-1,-1,-1
317,16,611,206,31,27,1,-1,-1,-1
317,17,333,200,37,25,1,-1,-1,-1
317,18,10,322,87,52,1,-1,-1,-1
317,19,562,478,82,59,1,-1,-1,-1
318,1,724,260,36,28,1,-1,-1,-1
318,3,770,281,40,44,1,-1,-1,-1
318,4,741,233,40,23,1,-1,-1,-1
318,5,808,237,31,34,1,-1,-1,-1
318,8,809,205,23,32,1,-1,-1,-1
318,9,754,169,31,40,1,-1,-1,-1
318,11,663,277,80,125,1,-1,-1,-1
318,14,2,389,45,66,1,-1,-1,-1
318,16,611,206,31,28,1,-1,-1,-1
318,17,330,202,37,25,1,-1,-1,-1
318,18,2,325,88,52,1,-1,-1,-1
318,19,562,478,82,59,1,-1,-1,-1
319,1,726,260,36,28,1,-1,-1,-1
319,3,770,281,40,44,1,-1,-1,-1
319,4,743,233,40,23,1,-1,-1,-1
319,5,808,237,30,32,1,-1,-1,-1
319,8,808,205,28,38,1,-1,-1,-1
319,9,758,170,30,38,1,-1,-1,-1
319,11,663,277,80,125,1,-1,-1,-1
319,14,0,395,42,58,1,-1,-1,-1
319,16,612,206,31,27,1,-1,-1,-1
319,17,330,202,36,23,1,-1,-1,-1
319,18,0,327,88,54,1,-1,-1,-1
319,19,554,478,89,60,1,-1,-1,-1
320,1,726,260,36,28,1,-1,-1,-1
320,3,771,283,40,42,1,-1,-1,-1
320,4,743,233,40,23,1,-1,-1,-1
320,5,811,239,28,32,1,-1,-1,-1
320,8,808,204,27,38,1,-1,-1,-1
320,9,758,169,30,38,1,-1,-1,-1
320,11,663,277,80,125,1,-1,-1,-1
320,14,0,401,36,55,1,-1,-1,-1
320,16,613,204,30,25,1,-1,-1,-1
320,17,326,202,36,23,1,-1,-1,-1
320,18,0,329,82,52,1,-1,-1,-1
320,19,559,476,86,62,1,-1,-1,-1
321,1,726,260,36,28,1,-1,-1,-1
321,3,770,283,40,44,1,-1,-1,-1
321,4,744,233,39,23,1,-1,-1,-1
321,5,809,239,30,32,1,-1,-1,-1
321,8,808,204,28,38,1,-1,-1,-1
321,9,760,169,31,38,1,-1,-1,-1
321,11,664,279,78,123,1,-1,-1,-1
321,14,0,408,30,50,1,-1,-1,-1
321,16,615,204,30,25,1,-1,-1,-1
321,17,326,206,36,23,1,-1,-1,-1
321,18,0,329,85,55,1,-1,-1,-1
321,19,557,474,89,64,1,-1,-1,-1
322,1,726,260,36,28,1,-1,-1,-1
322,3,770,281,44,46,1,-1,-1,-1
322,4,743,233,39,23,1,-1,-1,-1
322,5,809,239,31,34,1,-1,-1,-1
322,8,808,206,27,38,1,-1,-1,-1
322,9,761,169,30,38,1,-1,-1,-1
322,11,663,279,78,123,1,-1,-1,-1
322,16,616,204,28,25,1,-1,-1,-1
322,17,326,206,37,25,1,-1,-1,-1
322,18,0,333,73,57,1,-1,-1,-1
322,19,560,476,82,63,1,-1,-1,-1
323,1,726,260,36,28,1,-1,-1,-1
323,3,770,283,40,44,1,-1,-1,-1
323,4,743,233,40,23,1,-1,-1,-1
323,5,809,239,31,34,1,-1,-1,-1
323,8,809,206,27,38,1,-1,-1,-1
323,9,761,169,30,38,1,-1,-1,-1
323,11,663,279,78,123,1,-1,-1,-1
323,16,617,202,28,23,1,-1,-1,-1
323,17,322,208,37,25,1,-1,-1,-1
323,18,0,338,75,54,1,-1,-1,-1
323,19,557,474,87,64,1,-1,-1,-1
324,1,726,260,36,28,1,-1,-1,-1
324,3,773,285,39,40,1,-1,-1,-1
324,4,743,233,40,23,1,-1,-1,-1
324,5,808,237,31,34,1,-1,-1,-1
324,8,811,206,27,36,1,-1,-1,-1
324,9,761,169,30,38,1,-1,-1,-1
324,11,663,279,78,123,1,-1,-1,-1
324,16,617,202,27,23,1,-1,-1,-1
324,17,322,208,39,25,1,-1,-1,-1
324,18,0,339,60,59,1,-1,-1,-1
324,19,553,474,91,65,1,-1,-1,-1
325,1,727,260,36,28,1,-1,-1,-1
325,3,773,285,39,40,1,-1,-1,-1
325,4,743,233,40,23,1,-1,-1,-1
325,5,811,239,31,34,1,-1,-1,-1
325,8,809,206,27,38,1,-1,-1,-1
325,9,761,169,30,38,1,-1,-1,-1
325,11,663,277,80,125,1,-1,-1,-1
325,16,619,202,28,25,1,-1,-1,-1
325,17,320,208,39,25,1,-1,-1,-1
325,18,0,337,62,63,1,-1,-1,-1
325,19,555,472,89,64,1,-1,-1,-1
326,1,727,260,36,28,1,-1,-1,-1
326,3,773,283,39,42,1,-1,-1,-1
326,4,743,233,40,23,1,-1,-1,-1
326,5,811,239,30,32,1,-1,-1,-1
326,8,811,206,28,38,1,-1,-1,-1
326,9,762,169,30,38,1,-1,-1,-1
326,11,663,279,80,125,1,-1,-1,-1
326,16,620,200,28,25,1,-1,-1,-1
326,17,317,208,39,25,1,-1,-1,-1
326,18,1,344,54,53,1,-1,-1,-1
326,19,553,472,90,66,1,-1,-1,-1
327,1,727,260,36,28,1,-1,-1,-1
327,3,773,285,37,40,1,-1,-1,-1
327,4,744,233,40,23,1,-1,-1,-1
327,5,811,239,31,34,1,-1,-1,-1
327,8,809,206,28,38,1,-1,-1,-1
327,9,762,169,30,38,1,-1,-1,-1
327,11,658,279,88,124,1,-1,-1,-1
327,16,620,200,30,25,1,-1,-1,-1
327,17,316,208,40,25,1,-1,-1,-1
327,18,0,345,51,56,1,-1,-1,-1
327,19,553,470,92,68,1,-1,-1,-1
328,1,727,260,36,28,1,-1,-1,-1
328,3,773,285,37,40,1,-1,-1,-1
328,4,744,233,40,23,1,-1,-1,-1
328,5,809,239,30,32,1,-1,-1,-1
328,8,811,206,28,38,1,-1,-1,-1
328,9,762,167,30,38,1,-1,-1,-1
328,11,656,277,90,125,1,-1,-1,-1
328,16,621,200,28,25,1,-1,-1,-1
328,17,309,210,40,27,1,-1,-1,-1
328,18,0,345,47,55,1,-1,-1,-1
328,19,551,472,91,65,1,-1,-1,-1
329,1,727,260,36,28,1,-1,-1,-1
329,3,774,285,37,40,1,-1,-1,-1
329,4,745,233,37,21,1,-1,-1,-1
329,5,808,239,30,32,1,-1,-1,-1
329,8,809,206,30,40,1,-1,-1,-1
329,9,762,167,30,38,1,-1,-1,-1
329,11,658,279,87,123,1,-1,-1,-1
329,16,621,200,28,25,1,-1,-1,-1
329,17,309,210,41,27,1,-1,-1,-1
329,18,0,343,47,55,1,-1,-1,-1
329,19,550,472,92,67,1,-1,-1,-1
330,1,727,260,36,28,1,-1,-1,-1
330,3,771,287,37,40,1,-1,-1,-1
330,4,744,233,36,21,1,-1,-1,-1
330,5,808,239,30,32,1,-1,-1,-1
330,8,809,206,30,40,1,-1,-1,-1
330,9,764,167,30,38,1,-1,-1,-1
330,11,654,277,91,129,1,-1,-1,-1
330,16,623,198,28,25,1,-1,-1,-1
330,17,305,210,41,27,1,-1,-1,-1
330,18,0,358,33,32,1,-1,-1,-1
330,19,553,470,89,69,1,-1,-1,-1
331,1,726,260,36,28,1,-1,-1,-1
331,3,771,287,36,40,1,-1,-1,-1
331,4,744,233,36,21,1,-1,-1,-1
331,5,808,239,30,32,1,-1,-1,-1
331,8,809,206,30,40,1,-1,-1,-1
331,9,764,167,31,38,1,-1,-1,-1
331,11,655,279,90,125,1,-1,-1,-1
331,16,623,198,28,25,1,-1,-1,-1
331,17,300,214,43,28,1,-1,-1,-1
331,18,0,358,27,29,1,-1,-1,-1
331,19,548,470,94,67,1,-1,-1,-1
332,1,726,260,36,28,1,-1,-1,-1
332,3,770,285,39,42,1,-1,-1,-1
332,4,744,235,36,19,1,-1,-1,-1
332,5,808,239,30,32,1,-1,-1,-1
332,8,808,206,31,42,1,-1,-1,-1
332,9,764,167,30,38,1,-1,-1,-1
332,11,655,279,91,117,1,-1,-1,-1
332,16,624,198,28,25,1,-1,-1,-1
332,17,300,212,44,28,1,-1,-1,-1
332,18,0,358,24,33,1,-1,-1,-1
332,19,542,468,99,69,1,-1,-1,-1
333,1,727,260,36,28,1,-1,-1,-1
333,3,770,285,40,44,1,-1,-1,-1
333,4,744,233,36,19,1,-1,-1,-1
333,5,808,241,30,32,1,-1,-1,-1
333,8,809,206,31,42,1,-1,-1,-1
333,9,764,167,30,38,1,-1,-1,-1
333,11,654,279,91,117,1,-1,-1,-1
333,16,625,198,28,25,1,-1,-1,-1
333,17,296,216,44,28,1,-1,-1,-1
333,19,542,468,99,69,1,-1,-1,-1
334,1,727,260,36,28,1,-1,-1,-1
334,3,770,285,39,42,1,-1,-1,-1
334,4,744,233,36,19,1,-1,-1,-1
334,5,808,241,30,32,1,-1,-1,-1
334,8,811,206,31,42,1,-1,-1,-1
334,9,764,167,30,38,1,-1,-1,-1
334,11,654,279,91,117,1,-1,-1,-1
334,16,625,196,30,25,1,-1,-1,-1
334,17,295,216,44,28,1,-1,-1,-1
334,19,542,466,99,69,1,-1,-1,-1
335,1,727,260,36,28,1,-1,-1,-1
335,3,771,287,39,42,1,-1,-1,-1
335,4,745,233,36,19,1,-1,-1,-1
335,5,809,241,30,32,1,-1,-1,-1
335,8,809,206,31,42,1,-1,-1,-1
335,9,765,167,30,38,1,-1,-1,-1
335,11,654,279,91,117,1,-1,-1,-1
335,16,626,196,30,25,1,-1,-1,-1
335,17,288,215,49,32,1,-1,-1,-1
335,19,540,466,103,71,1,-1,-1,-1
336,1,727,260,36,28,1,-1,-1,-1
336,3,771,287,39,40,1,-1,-1,-1
336,4,744,233,36,19,1,-1,-1,-1
336,5,809,241,30,32,1,-1,-1,-1
336,8,809,208,31,42,1,-1,-1,-1
336,9,765,167,30,38,1,-1,-1,-1
336,11,654,277,92,119,1,-1,-1,-1
336,16,628,196,28,25,1,-1,-1,-1
336,17,287,214,49,32,1,-1,-1,-1
336,19,539,464,104,73,1,-1,-1,-1
337,1,727,260,36,28,1,-1,-1,-1
337,3,771,287,37,40,1,-1,-1,-1
337,4,744,233,36,19,1,-1,-1,-1
337,5,809,241,30,32,1,-1,-1,-1
337,8,809,206,31,42,1,-1,-1,-1
337,9,765,167,30,38,1,-1,-1,-1
337,11,654,279,91,117,1,-1,-1,-1
337,16,628,194,30,25,1,-1,-1,-1
337,17,283,217,48,30,1,-1,-1,-1
337,19,542,466,99,69,1,-1,-1,-1
338,1,726,260,36,28,1,-1,-1,-1
338,3,771,287,37,40,1,-1,-1,-1
338,4,744,233,36,19,1,-1,-1,-1
338,5,809,241,28,30,1,-1,-1,-1
338,8,811,208,30,40,1,-1,-1,-1
338,9,765,167,30,38,1,-1,-1,-1
338,11,655,281,87,111,1,-1,-1,-1
338,16,629,194,30,25,1,-1,-1,-1
338,17,279,217,52,34,1,-1,-1,-1
338,19,543,466,99,69,1,-1,-1,-1
339,1,726,260,36,28,1,-1,-1,-1
339,3,771,287,36,40,1,-1,-1,-1
339,4,744,233,36,19,1,-1,-1,-1
339,5,809,241,31,32,1,-1,-1,-1
339,8,811,208,30,40,1,-1,-1,-1
339,9,765,167,30,38,1,-1,-1,-1
339,11,658,283,86,109,1,-1,-1,-1
339,16,629,194,30,25,1,-1,-1,-1
339,17,275,221,53,34,1,-1,-1,-1
339,19,543,464,100,69,1,-1,-1,-1
340,1,727,260,36,28,1,-1,-1,-1
340,3,770,285,40,42,1,-1,-1,-1
340,4,744,233,36,19,1,-1,-1,-1
340,5,809,241,30,32,1,-1,-1,-1
340,8,811,208,30,40,1,-1,-1,-1
340,9,766,167,30,38,1,-1,-1,-1
340,11,656,281,86,109,1,-1,-1,-1
340,16,630,194,30,25,1,-1,-1,-1
340,17,272,221,52,34,1,-1,-1,-1
340,19,542,462,103,71,1,-1,-1,-1
341,1,727,260,36,28,1,-1,-1,-1
341,3,770,287,40,42,1,-1,-1,-1
341,4,744,233,36,19,1,-1,-1,-1
341,5,809,243,30,32,1,-1,-1,-1
341,8,812,210,28,38,1,-1,-1,-1
341,9,766,165,30,38,1,-1,-1,-1
341,11,656,281,86,109,1,-1,-1,-1
341,16,630,194,30,25,1,-1,-1,-1
341,17,271,221,52,34,1,-1,-1,-1
341,19,542,462,103,71,1,-1,-1,-1
342,1,727,260,36,28,1,-1,-1,-1
342,3,770,287,40,44,1,-1,-1,-1
342,4,744,233,36,19,1,-1,-1,-1
342,5,809,243,31,32,1,-1,-1,-1
342,8,812,208,28,40,1,-1,-1,-1
342,9,766,165,30,38,1,-1,-1,-1
342,11,656,283,86,109,1,-1,-1,-1
342,16,632,192,30,25,1,-1,-1,-1
342,17,269,225,52,34,1,-1,-1,-1
342,19,542,462,104,73,1,-1,-1,-1
343,1,727,260,36,28,1,-1,-1,-1
343,3,770,287,40,42,1,-1,-1,-1
343,4,745,233,36,19,1,-1,-1,-1
343,5,809,243,31,32,1,-1,-1,-1
343,8,812,208,30,40,1,-1,-1,-1
343,9,766,165,30,38,1,-1,-1,-1
343,11,658,283,83,108,1,-1,-1,-1
343,16,634,192,28,25,1,-1,-1,-1
343,17,266,225,52,34,1,-1,-1,-1
343,19,543,462,100,69,1,-1,-1,-1
344,1,727,260,36,28,1,-1,-1,-1
344,3,771,289,36,38,1,-1,-1,-1
344,4,747,233,36,19,1,-1,-1,-1
344,5,811,243,30,32,1,-1,-1,-1
344,8,812,208,30,40,1,-1,-1,-1
344,9,766,165,30,38,1,-1,-1,-1
344,11,655,279,88,115,1,-1,-1,-1
344,16,637,192,30,25,1,-1,-1,-1
344,17,262,225,53,34,1,-1,-1,-1
344,19,544,462,100,69,1,-1,-1,-1
345,1,727,260,36,28,1,-1,-1,-1
345,3,770,287,40,42,1,-1,-1,-1
345,4,745,233,36,19,1,-1,-1,-1
345,5,811,243,31,32,1,-1,-1,-1
345,8,812,210,30,40,1,-1,-1,-1
345,9,768,165,30,38,1,-1,-1,-1
345,11,656,281,88,115,1,-1,-1,-1
345,16,635,191,24,23,1,-1,-1,-1
345,17,258,227,53,34,1,-1,-1,-1
345,19,545,460,100,74,1,-1,-1,-1
345,20,499,148,26,12,1,-1,-1,-1
346,1,727,260,36,28,1,-1,-1,-1
346,3,770,289,37,40,1,-1,-1,-1
346,4,745,233,36,19,1,-1,-1,-1
346,5,812,243,30,32,1,-1,-1,-1
346,8,812,210,30,40,1,-1,-1,-1
346,9,768,165,30,38,1,-1,-1,-1
346,11,656,281,88,115,1,-1,-1,-1
346,16,635,191,23,24,1,-1,-1,-1
346,17,254,227,56,36,1,-1,-1,-1
346,19,545,460,100,77,1,-1,-1,-1
346,20,498,148,26,11,1,-1,-1,-1
347,1,727,260,36,28,1,-1,-1,-1
347,3,774,291,36,36,1,-1,-1,-1
347,4,747,233,36,19,1,-1,-1,-1
347,5,812,244,30,32,1,-1,-1,-1
347,8,812,208,30,40,1,-1,-1,-1
347,9,768,165,31,38,1,-1,-1,-1
347,11,659,283,86,109,1,-1,-1,-1
347,16,637,189,23,24,1,-1,-1,-1
347,17,252,229,60,38,1,-1,-1,-1
347,19,547,460,103,71,1,-1,-1,-1
347,20,498,148,26,11,1,-1,-1,-1
348,1,728,260,36,28,1,-1,-1,-1
348,3,774,291,36,36,1,-1,-1,-1
348,4,747,233,36,19,1,-1,-1,-1
348,5,812,244,30,32,1,-1,-1,-1
348,8,812,210,30,40,1,-1,-1,-1
348,9,768,163,30,38,1,-1,-1,-1
348,11,659,283,83,108,1,-1,-1,-1
348,16,637,189,23,23,1,-1,-1,-1
348,17,245,229,61,40,1,-1,-1,-1
348,19,556,460,89,78,1,-1,-1,-1
348,20,497,148,26,11,1,-1,-1,-1
349,1,728,260,36,28,1,-1,-1,-1
349,3,774,291,35,36,1,-1,-1,-1
349,4,747,233,36,19,1,-1,-1,-1
349,5,812,244,30,32,1,-1,-1,-1
349,8,812,210,30,40,1,-1,-1,-1
349,9,768,163,30,38,1,-1,-1,-1
349,11,658,281,86,109,1,-1,-1,-1
349,17,245,231,58,38,1,-1,-1,-1
349,19,560,459,86,79,1,-1,-1,-1
349,20,497,148,26,11,1,-1,-1,-1
350,1,728,260,36,33,1,-1,-1,-1
350,3,770,289,37,40,1,-1,-1,-1
350,4,745,233,36,21,1,-1,-1,-1
350,5,812,243,31,32,1,-1,-1,-1
350,8,812,210,30,40,1,-1,-1,-1
350,9,769,163,28,36,1,-1,-1,-1
350,11,656,281,87,111,1,-1,-1,-1
350,17,242,233,57,36,1,-1,-1,-1
350,19,560,462,86,75,1,-1,-1,-1
350,20,497,150,26,11,1,-1,-1,-1
351,1,728,260,36,32,1,-1,-1,-1
351,3,771,289,36,38,1,-1,-1,-1
351,4,747,233,36,21,1,-1,-1,-1
351,5,812,243,31,32,1,-1,-1,-1
351,8,812,210,31,40,1,-1,-1,-1
351,9,769,163,30,38,1,-1,-1,-1
351,11,656,281,88,115,1,-1,-1,-1
351,17,237,235,58,38,1,-1,-1,-1
351,19,561,462,86,75,1,-1,-1,-1
351,20,496,150,26,11,1,-1,-1,-1
352,1,728,260,36,32,1,-1,-1,-1
352,3,773,291,36,38,1,-1,-1,-1
352,4,750,231,32,24,1,-1,-1,-1
352,5,812,244,30,32,1,-1,-1,-1
352,8,812,210,30,40,1,-1,-1,-1
352,9,769,163,28,36,1,-1,-1,-1
352,11,658,281,87,111,1,-1,-1,-1
352,17,236,235,57,36,1,-1,-1,-1
352,19,561,460,86,75,1,-1,-1,-1
352,20,495,150,26,11,1,-1,-1,-1
353,1,728,260,36,32,1,-1,-1,-1
353,3,771,291,37,40,1,-1,-1,-1
353,4,749,231,31,23,1,-1,-1,-1
353,5,812,244,30,32,1,-1,-1,-1
353,8,812,210,31,42,1,-1,-1,-1
353,9,770,163,28,36,1,-1,-1,-1
353,11,659,283,86,109,1,-1,-1,-1
353,17,232,239,56,36,1,-1,-1,-1
353,19,561,460,86,75,1,-1,-1,-1
353,20,495,150,26,11,1,-1,-1,-1
354,1,730,258,36,32,1,-1,-1,-1
354,3,771,289,36,38,1,-1,-1,-1
354,4,749,231,31,23,1,-1,-1,-1
354,5,812,244,30,32,1,-1,-1,-1
354,8,812,208,31,42,1,-1,-1,-1
354,9,770,163,28,36,1,-1,-1,-1
354,11,658,281,87,111,1,-1,-1,-1
354,17,229,239,56,36,1,-1,-1,-1
354,19,562,460,86,75,1,-1,-1,-1
354,20,493,152,26,11,1,-1,-1,-1
355,1,730,260,35,32,1,-1,-1,-1
355,3,773,291,37,40,1,-1,-1,-1
355,4,751,231,31,23,1,-1,-1,-1
355,5,812,244,30,32,1,-1,-1,-1
355,8,813,210,31,40,1,-1,-1,-1
355,9,770,162,28,36,1,-1,-1,-1
355,11,656,281,88,115,1,-1,-1,-1
355,17,225,241,56,36,1,-1,-1,-1
355,19,564,460,86,75,1,-1,-1,-1
355,20,492,152,26,11,1,-1,-1,-1
356,1,730,258,36,34,1,-1,-1,-1
356,3,771,289,37,40,1,-1,-1,-1
356,4,751,231,31,23,1,-1,-1,-1
356,5,812,244,30,32,1,-1,-1,-1
356,8,813,212,30,40,1,-1,-1,-1
356,9,770,163,30,38,1,-1,-1,-1
356,11,656,279,91,117,1,-1,-1,-1
356,17,220,244,56,36,1,-1,-1,-1
356,19,561,457,88,77,1,-1,-1,-1
356,20,492,148,30,15,1,-1,-1,-1
357,1,730,258,36,34,1,-1,-1,-1
357,3,771,289,37,40,1,-1,-1,-1
357,4,749,231,31,23,1,-1,-1,-1
357,5,812,244,30,32,1,-1,-1,-1
357,8,813,212,30,40,1,-1,-1,-1
357,9,770,163,30,38,1,-1,-1,-1
357,11,659,281,87,111,1,-1,-1,-1
357,17,218,246,56,36,1,-1,-1,-1
357,19,561,455,91,79,1,-1,-1,-1
357,20,491,148,28,15,1,-1,-1,-1
358,1,730,258,36,32,1,-1,-1,-1
358,3,773,291,36,36,1,-1,-1,-1
358,4,749,231,31,23,1,-1,-1,-1
358,5,812,244,28,30,1,-1,-1,-1
358,8,813,212,30,40,1,-1,-1,-1
358,9,770,163,30,38,1,-1,-1,-1
358,11,659,281,87,111,1,-1,-1,-1
358,17,215,246,54,36,1,-1,-1,-1
358,19,565,457,86,75,1,-1,-1,-1
358,20,491,152,26,11,1,-1,-1,-1
359,1,730,258,36,32,1,-1,-1,-1
359,3,773,291,35,36,1,-1,-1,-1
359,4,751,231,31,23,1,-1,-1,-1
359,5,812,244,31,32,1,-1,-1,-1
359,8,813,212,30,40,1,-1,-1,-1
359,9,770,163,30,38,1,-1,-1,-1
359,11,658,281,88,115,1,-1,-1,-1
359,17,211,248,56,36,1,-1,-1,-1
359,19,564,457,87,75,1,-1,-1,-1
359,20,489,152,26,11,1,-1,-1,-1
360,1,730,258,36,32,1,-1,-1,-1
360,3,770,288,37,38,1,-1,-1,-1
360,4,751,229,31,23,1,-1,-1,-1
360,5,812,244,31,32,1,-1,-1,-1
360,8,813,212,30,40,1,-1,-1,-1
360,9,770,163,30,38,1,-1,-1,-1
360,11,659,283,86,113,1,-1,-1,-1
360,17,206,250,56,36,1,-1,-1,-1
360,19,565,457,86,75,1,-1,-1,-1
360,20,488,152,26,11,1,-1,-1,-1
361,1,730,258,36,32,1,-1,-1,-1
361,3,771,288,38,42,1,-1,-1,-1
361,4,751,231,31,23,1,-1,-1,-1
361,5,812,244,31,32,1,-1,-1,-1
361,8,813,212,30,40,1,-1,-1,-1
361,9,770,162,31,38,1,-1,-1,-1
361,11,658,281,87,111,1,-1,-1,-1
361,17,203,250,56,36,1,-1,-1,-1
361,19,565,455,87,75,1,-1,-1,-1
361,20,488,152,26,11,1,-1,-1,-1
362,1,731,258,36,32,1,-1,-1,-1
362,3,770,285,40,43,1,-1,-1,-1
362,4,751,231,31,23,1,-1,-1,-1
362,5,812,244,30,32,1,-1,-1,-1
362,8,813,212,30,40,1,-1,-1,-1
362,9,770,163,28,36,1,-1,-1,-1
362,11,658,281,87,111,1,-1,-1,-1
362,17,198,252,57,36,1,-1,-1,-1
362,19,566,455,86,75,1,-1,-1,-1
362,20,487,154,26,11,1,-1,-1,-1
363,1,731,258,36,32,1,-1,-1,-1
363,3,770,285,40,42,1,-1,-1,-1
363,4,751,231,31,23,1,-1,-1,-1
363,5,812,244,30,32,1,-1,-1,-1
363,8,813,212,30,40,1,-1,-1,-1
363,9,770,163,31,38,1,-1,-1,-1
363,10,788,80,20,17,1,-1,-1,-1
363,11,659,281,87,111,1,-1,-1,-1
363,17,194,254,58,38,1,-1,-1,-1
363,19,568,455,86,75,1,-1,-1,-1
363,20,485,154,26,11,1,-1,-1,-1
364,1,731,258,35,32,1,-1,-1,-1
364,3,770,285,40,42,1,-1,-1,-1
364,4,752,229,31,23,1,-1,-1,-1
364,5,812,246,30,32,1,-1,-1,-1
364,8,813,212,30,40,1,-1,-1,-1
364,9,770,163,28,36,1,-1,-1,-1
364,10,787,79,19,17,1,-1,-1,-1
364,11,659,283,83,106,1,-1,-1,-1
364,17,188,258,65,37,1,-1,-1,-1
364,19,569,455,84,80,1,-1,-1,-1
364,20,485,154,26,11,1,-1,-1,-1
365,1,731,258,36,32,1,-1,-1,-1
365,3,771,287,36,40,1,-1,-1,-1
365,4,751,229,31,23,1,-1,-1,-1
365,5,813,246,30,32,1,-1,-1,-1
365,8,813,212,30,40,1,-1,-1,-1
365,9,770,165,28,36,1,-1,-1,-1
365,10,787,79,19,17,1,-1,-1,-1
365,11,659,281,84,109,1,-1,-1,-1
365,17,184,260,65,36,1,-1,-1,-1
365,19,568,456,85,78,1,-1,-1,-1
365,20,484,154,26,11,1,-1,-1,-1
366,1,731,258,36,32,1,-1,-1,-1
366,3,770,285,39,42,1,-1,-1,-1
366,4,751,229,31,23,1,-1,-1,-1
366,5,813,246,31,32,1,-1,-1,-1
366,8,813,212,30,40,1,-1,-1,-1
366,9,770,163,30,38,1,-1,-1,-1
366,10,788,79,19,17,1,-1,-1,-1
366,11,659,283,83,106,1,-1,-1,-1
366,17,178,262,65,36,1,-1,-1,-1
366,19,569,455,83,73,1,-1,-1,-1
366,20,484,154,26,11,1,-1,-1,-1
367,1,731,258,36,34,1,-1,-1,-1
367,3,771,287,37,40,1,-1,-1,-1
367,4,751,229,31,23,1,-1,-1,-1
367,5,813,246,30,32,1,-1,-1,-1
367,8,816,212,30,40,1,-1,-1,-1
367,9,771,163,30,38,1,-1,-1,-1
367,10,790,79,19,17,1,-1,-1,-1
367,11,662,285,82,104,1,-1,-1,-1
367,17,176,264,65,36,1,-1,-1,-1
367,19,573,455,78,76,1,-1,-1,-1
367,20,483,154,26,11,1,-1,-1,-1
368,1,731,258,37,34,1,-1,-1,-1
368,3,770,285,40,42,1,-1,-1,-1
368,4,752,229,31,23,1,-1,-1,-1
368,5,813,246,30,32,1,-1,-1,-1
368,8,815,212,30,40,1,-1,-1,-1
368,9,771,163,30,38,1,-1,-1,-1
368,10,790,79,19,17,1,-1,-1,-1
368,11,662,283,82,104,1,-1,-1,-1
368,17,172,266,66,38,1,-1,-1,-1
368,19,570,453,86,75,1,-1,-1,-1
368,20,483,156,26,11,1,-1,-1,-1
369,1,731,258,36,34,1,-1,-1,-1
369,3,771,287,37,40,1,-1,-1,-1
369,4,752,229,31,23,1,-1,-1,-1
369,5,815,246,30,32,1,-1,-1,-1
369,8,815,212,30,40,1,-1,-1,-1
369,9,773,163,30,38,1,-1,-1,-1
369,10,790,79,19,17,1,-1,-1,-1
369,11,662,285,82,104,1,-1,-1,-1
369,17,168,266,65,36,1,-1,-1,-1
369,19,569,455,87,75,1,-1,-1,-1
369,20,481,156,26,11,1,-1,-1,-1
370,1,732,258,36,32,1,-1,-1,-1
370,3,773,287,37,40,1,-1,-1,-1
370,4,752,229,31,23,1,-1,-1,-1
370,5,815,246,30,32,1,-1,-1,-1
370,8,815,212,30,40,1,-1,-1,-1
370,9,771,163,30,38,1,-1,-1,-1
370,10,790,79,19,17,1,-1,-1,-1
370,11,663,285,82,104,1,-1,-1,-1
370,17,164,271,61,36,1,-1,-1,-1
370,19,573,453,85,78,1,-1,-1,-1
370,20,480,153,29,15,1,-1,-1,-1
371,1,732,258,36,32,1,-1,-1,-1
371,3,771,285,40,42,1,-1,-1,-1
371,4,753,229,31,23,1,-1,-1,-1
371,5,815,246,30,32,1,-1,-1,-1
371,8,815,212,30,40,1,-1,-1,-1
371,9,771,160,30,38,1,-1,-1,-1
371,10,790,79,19,17,1,-1,-1,-1
371,11,662,283,83,106,1,-1,-1,-1
371,17,159,271,65,36,1,-1,-1,-1
371,19,573,451,86,75,1,-1,-1,-1
371,20,480,152,28,16,1,-1,-1,-1
372,1,734,258,36,32,1,-1,-1,-1
372,3,773,287,37,40,1,-1,-1,-1
372,4,753,229,31,23,1,-1,-1,-1
372,5,815,246,30,32,1,-1,-1,-1
372,8,815,212,30,40,1,-1,-1,-1
372,9,772,163,30,30,1,-1,-1,-1
372,10,791,79,19,17,1,-1,-1,-1
372,11,662,283,83,106,1,-1,-1,-1
372,17,155,273,64,36,1,-1,-1,-1
372,19,574,451,83,73,1,-1,-1,-1
372,20,480,151,30,17,1,-1,-1,-1
373,1,734,258,36,32,1,-1,-1,-1
373,3,771,285,40,42,1,-1,-1,-1
373,4,753,229,31,23,1,-1,-1,-1
373,5,815,246,31,32,1,-1,-1,-1
373,8,815,212,30,40,1,-1,-1,-1
373,9,771,156,30,38,1,-1,-1,-1
373,10,791,79,19,17,1,-1,-1,-1
373,11,663,283,82,104,1,-1,-1,-1
373,17,152,277,61,36,1,-1,-1,-1
373,19,577,451,83,71,1,-1,-1,-1
373,20,480,153,28,16,1,-1,-1,-1
374,1,734,258,36,32,1,-1,-1,-1
374,3,774,287,37,40,1,-1,-1,-1
374,4,753,229,31,23,1,-1,-1,-1
374,5,816,246,30,32,1,-1,-1,-1
374,8,817,214,28,38,1,-1,-1,-1
374,9,772,156,30,38,1,-1,-1,-1
374,10,791,79,19,17,1,-1,-1,-1
374,11,663,283,82,104,1,-1,-1,-1
374,17,148,279,61,36,1,-1,-1,-1
374,19,576,451,83,73,1,-1,-1,-1
374,20,479,154,28,16,1,-1,-1,-1
375,1,735,258,36,32,1,-1,-1,-1
375,3,774,287,37,40,1,-1,-1,-1
375,4,753,229,31,23,1,-1,-1,-1
375,5,817,246,30,32,1,-1,-1,-1
375,8,817,212,30,40,1,-1,-1,-1
375,9,774,163,30,27,1,-1,-1,-1
375,10,791,77,19,17,1,-1,-1,-1
375,11,663,281,84,109,1,-1,-1,-1
375,17,142,280,66,41,1,-1,-1,-1
375,19,578,451,83,73,1,-1,-1,-1
375,20,480,154,27,15,1,-1,-1,-1
376,1,735,256,36,32,1,-1,-1,-1
376,3,774,285,40,42,1,-1,-1,-1
376,4,754,229,31,23,1,-1,-1,-1
376,5,817,246,28,30,1,-1,-1,-1
376,8,816,212,30,40,1,-1,-1,-1
376,9,775,163,28,26,1,-1,-1,-1
376,10,791,77,19,17,1,-1,-1,-1
376,11,662,281,87,111,1,-1,-1,-1
376,17,136,282,69,40,1,-1,-1,-1
376,19,578,449,83,73,1,-1,-1,-1
376,20,479,154,27,15,1,-1,-1,-1
377,1,735,256,36,32,1,-1,-1,-1
377,3,774,287,37,40,1,-1,-1,-1
377,4,754,229,31,23,1,-1,-1,-1
377,5,817,246,30,32,1,-1,-1,-1
377,8,816,212,30,40,1,-1,-1,-1
377,9,774,163,29,28,1,-1,-1,-1
377,10,791,77,19,17,1,-1,-1,-1
377,11,663,281,87,111,1,-1,-1,-1
377,17,128,281,76,46,1,-1,-1,-1
377,19,579,449,83,73,1,-1,-1,-1
377,20,479,154,27,15,1,-1,-1,-1
378,1,735,258,36,32,1,-1,-1,-1
378,3,775,287,37,40,1,-1,-1,-1
378,4,756,229,31,23,1,-1,-1,-1
378,5,817,246,30,32,1,-1,-1,-1
378,8,816,212,30,40,1,-1,-1,-1
378,9,774,163,28,28,1,-1,-1,-1
378,10,791,77,19,17,1,-1,-1,-1
378,11,664,281,87,111,1,-1,-1,-1
378,17,125,283,74,44,1,-1,-1,-1
378,19,581,449,83,73,1,-1,-1,-1
378,20,479,154,27,15,1,-1,-1,-1
379,1,736,256,36,32,1,-1,-1,-1
379,3,774,285,40,42,1,-1,-1,-1
379,4,756,229,31,23,1,-1,-1,-1
379,5,817,248,30,32,1,-1,-1,-1
379,8,817,212,30,40,1,-1,-1,-1
379,9,774,163,28,28,1,-1,-1,-1
379,10,791,77,19,17,1,-1,-1,-1
379,11,664,281,87,111,1,-1,-1,-1
379,17,118,287,75,46,1,-1,-1,-1
379,19,583,449,83,71,1,-1,-1,-1
379,20,480,156,27,15,1,-1,-1,-1
380,1,736,254,36,32,1,-1,-1,-1
380,3,775,287,37,40,1,-1,-1,-1
380,4,756,229,31,23,1,-1,-1,-1
380,5,817,248,30,32,1,-1,-1,-1
380,8,817,212,31,40,1,-1,-1,-1
380,9,774,163,30,28,1,-1,-1,-1
380,10,792,77,19,17,1,-1,-1,-1
380,11,667,281,87,111,1,-1,-1,-1
380,17,114,289,75,46,1,-1,-1,-1
380,19,583,449,82,78,1,-1,-1,-1
380,20,480,156,26,15,1,-1,-1,-1
381,1,739,256,36,32,1,-1,-1,-1
381,3,775,285,40,42,1,-1,-1,-1
381,4,757,229,31,23,1,-1,-1,-1
381,5,818,248,31,32,1,-1,-1,-1
381,8,817,212,30,40,1,-1,-1,-1
381,9,775,163,28,28,1,-1,-1,-1
381,10,794,77,19,17,1,-1,-1,-1
381,11,667,283,84,109,1,-1,-1,-1
381,17,113,291,75,46,1,-1,-1,-1
381,19,585,449,79,75,1,-1,-1,-1
381,20,480,154,27,15,1,-1,-1,-1
382,1,739,256,36,32,1,-1,-1,-1
382,3,778,287,37,40,1,-1,-1,-1
382,4,757,229,31,23,1,-1,-1,-1
382,5,818,246,30,32,1,-1,-1,-1
382,8,817,212,31,40,1,-1,-1,-1
382,9,775,163,28,28,1,-1,-1,-1
382,10,794,77,19,17,1,-1,-1,-1
382,11,670,283,83,106,1,-1,-1,-1
382,17,105,295,75,46,1,-1,-1,-1
382,19,586,449,79,75,1,-1,-1,-1
382,20,481,154,26,15,1,-1,-1,-1
383,1,739,256,36,32,1,-1,-1,-1
383,3,778,287,37,40,1,-1,-1,-1
383,4,757,229,31,23,1,-1,-1,-1
383,5,820,248,30,32,1,-1,-1,-1
383,8,820,212,30,40,1,-1,-1,-1
383,9,776,160,28,25,1,-1,-1,-1
383,10,794,77,19,17,1,-1,-1,-1
383,11,670,283,83,106,1,-1,-1,-1
383,17,100,295,78,48,1,-1,-1,-1
383,19,586,447,83,79,1,-1,-1,-1
383,20,476,156,26,15,1,-1,-1,-1
384,1,740,256,36,32,1,-1,-1,-1
384,3,778,285,39,42,1,-1,-1,-1
384,4,757,229,31,23,1,-1,-1,-1
384,5,821,248,30,32,1,-1,-1,-1
384,8,820,212,31,42,1,-1,-1,-1
384,9,778,161,27,24,1,-1,-1,-1
384,10,794,75,19,17,1,-1,-1,-1
384,11,670,283,83,106,1,-1,-1,-1
384,17,96,298,80,48,1,-1,-1,-1
384,19,592,447,82,77,1,-1,-1,-1
384,20,476,157,26,15,1,-1,-1,-1
385,1,740,256,36,32,1,-1,-1,-1
385,3,779,287,37,40,1,-1,-1,-1
385,4,758,229,31,23,1,-1,-1,-1
385,5,821,248,30,32,1,-1,-1,-1
385,8,820,212,30,40,1,-1,-1,-1
385,9,778,161,27,23,1,-1,-1,-1
385,10,794,77,19,17,1,-1,-1,-1
385,11,670,281,84,109,1,-1,-1,-1
385,17,88,300,82,50,1,-1,-1,-1
385,19,590,449,82,77,1,-1,-1,-1
386,1,741,256,36,32,1,-1,-1,-1
386,3,777,284,41,43,1,-1,-1,-1
386,4,760,227,31,23,1,-1,-1,-1
386,5,818,248,35,35,1,-1,-1,-1
386,8,820,212,30,40,1,-1,-1,-1
386,9,781,161,25,25,1,-1,-1,-1
386,10,795,77,19,17,1,-1,-1,-1
386,11,671,283,83,106,1,-1,-1,-1
386,17,83,302,83,50,1,-1,-1,-1
386,19,590,447,84,81,1,-1,-1,-1
387,1,741,256,36,32,1,-1,-1,-1
387,3,778,283,40,42,1,-1,-1,-1
387,4,760,227,31,23,1,-1,-1,-1
387,5,818,248,35,34,1,-1,-1,-1
387,8,821,212,28,38,1,-1,-1,-1
387,9,781,160,26,23,1,-1,-1,-1
387,10,795,75,19,17,1,-1,-1,-1
387,11,672,281,84,109,1,-1,-1,-1
387,17,79,306,80,48,1,-1,-1,-1
387,19,592,447,82,77,1,-1,-1,-1
388,1,743,256,36,32,1,-1,-1,-1
388,3,778,283,40,42,1,-1,-1,-1
388,4,760,229,31,23,1,-1,-1,-1
388,5,818,248,35,34,1,-1,-1,-1
388,8,821,212,30,40,1,-1,-1,-1
388,9,779,162,26,21,1,-1,-1,-1
388,10,795,75,19,17,1,-1,-1,-1
388,11,675,283,83,106,1,-1,-1,-1
388,17,74,310,82,50,1,-1,-1,-1
388,19,595,447,82,77,1,-1,-1,-1
389,1,744,256,36,32,1,-1,-1,-1
389,3,778,283,40,42,1,-1,-1,-1
389,4,761,227,31,23,1,-1,-1,-1
389,5,820,248,35,34,1,-1,-1,-1
389,8,821,212,30,40,1,-1,-1,-1
389,9,779,163,26,21,1,-1,-1,-1
389,10,795,75,19,17,1,-1,-1,-1
389,11,676,283,82,104,1,-1,-1,-1
389,17,70,312,82,50,1,-1,-1,-1
389,19,595,445,84,81,1,-1,-1,-1
390,1,744,256,36,32,1,-1,-1,-1
390,3,778,283,40,42,1,-1,-1,-1
390,4,761,227,31,23,1,-1,-1,-1
390,5,820,248,35,34,1,-1,-1,-1
390,8,822,212,30,40,1,-1,-1,-1
390,9,781,162,25,19,1,-1,-1,-1
390,10,795,75,19,17,1,-1,-1,-1
390,11,677,275,84,120,1,-1,-1,-1
390,17,62,314,82,50,1,-1,-1,-1
390,19,596,445,82,77,1,-1,-1,-1
391,1,744,254,36,32,1,-1,-1,-1
391,3,779,283,40,42,1,-1,-1,-1
391,4,762,227,31,23,1,-1,-1,-1
391,5,821,248,35,34,1,-1,-1,-1
391,8,822,212,31,40,1,-1,-1,-1
391,9,781,163,26,21,1,-1,-1,-1
391,10,795,75,19,17,1,-1,-1,-1
391,11,675,277,89,116,1,-1,-1,-1
391,17,57,315,89,55,1,-1,-1,-1
391,19,599,447,82,77,1,-1,-1,-1
392,1,747,254,36,32,1,-1,-1,-1
392,3,781,283,43,44,1,-1,-1,-1
392,4,764,227,31,23,1,-1,-1,-1
392,5,821,248,35,34,1,-1,-1,-1
392,8,825,214,30,40,1,-1,-1,-1
392,9,781,163,27,21,1,-1,-1,-1
392,10,795,75,19,17,1,-1,-1,-1
392,11,680,273,85,123,1,-1,-1,-1
392,17,52,320,88,55,1,-1,-1,-1
392,19,599,443,87,82,1,-1,-1,-1
393,1,748,254,36,32,1,-1,-1,-1
393,3,782,283,40,42,1,-1,-1,-1
393,4,764,227,31,23,1,-1,-1,-1
393,5,822,248,35,34,1,-1,-1,-1
393,8,825,212,30,40,1,-1,-1,-1
393,9,782,163,25,18,1,-1,-1,-1
393,10,795,75,19,17,1,-1,-1,-1
393,11,679,271,87,127,1,-1,-1,-1
393,17,47,322,88,55,1,-1,-1,-1
393,19,600,443,87,82,1,-1,-1,-1
394,1,748,254,36,32,1,-1,-1,-1
394,3,782,283,40,42,1,-1,-1,-1
394,4,764,227,31,23,1,-1,-1,-1
394,5,824,248,33,34,1,-1,-1,-1
394,8,825,212,28,38,1,-1,-1,-1
394,9,783,163,24,18,1,-1,-1,-1
394,10,795,75,19,17,1,-1,-1,-1
394,11,680,271,87,127,1,-1,-1,-1
394,17,40,325,91,55,1,-1,-1,-1
394,19,603,443,84,81,1,-1,-1,-1
395,1,748,254,36,32,1,-1,-1,-1
395,3,783,285,40,42,1,-1,-1,-1
395,4,765,227,31,23,1,-1,-1,-1
395,5,824,248,35,34,1,-1,-1,-1
395,8,825,212,28,38,1,-1,-1,-1
395,9,783,162,26,20,1,-1,-1,-1
395,10,795,75,19,17,1,-1,-1,-1
395,11,683,273,84,123,1,-1,-1,-1
395,17,33,329,92,57,1,-1,-1,-1
395,19,607,445,79,75,1,-1,-1,-1
396,1,749,254,36,32,1,-1,-1,-1
396,3,784,283,40,42,1,-1,-1,-1
396,4,765,227,31,23,1,-1,-1,-1
396,5,825,248,35,34,1,-1,-1,-1
396,8,825,212,30,40,1,-1,-1,-1
396,9,784,159,25,20,1,-1,-1,-1
396,10,795,75,19,17,1,-1,-1,-1
396,11,684,273,84,123,1,-1,-1,-1
396,17,27,333,92,57,1,-1,-1,-1
396,19,607,443,84,81,1,-1,-1,-1
397,1,751,254,36,32,1,-1,-1,-1
397,3,787,285,37,40,1,-1,-1,-1
397,4,765,227,31,23,1,-1,-1,-1
397,5,825,248,35,34,1,-1,-1,-1
397,8,826,212,28,38,1,-1,-1,-1
397,9,783,160,24,18,1,-1,-1,-1
397,10,795,73,19,17,1,-1,-1,-1
397,11,685,273,83,121,1,-1,-1,-1
397,17,22,335,94,57,1,-1,-1,-1
397,19,607,441,87,82,1,-1,-1,-1
398,1,749,254,36,32,1,-1,-1,-1
398,3,787,285,36,38,1,-1,-1,-1
398,4,765,227,31,23,1,-1,-1,-1
398,5,825,248,35,34,1,-1,-1,-1
398,8,826,212,30,40,1,-1,-1,-1
398,9,786,162,24,16,1,-1,-1,-1
398,10,795,73,19,17,1,-1,-1,-1
398,11,687,275,82,117,1,-1,-1,-1
398,17,14,341,92,57,1,-1,-1,-1
398,19,608,441,87,82,1,-1,-1,-1
399,1,749,252,36,32,1,-1,-1,-1
399,3,786,283,36,38,1,-1,-1,-1
399,4,765,227,31,23,1,-1,-1,-1
399,5,825,248,35,34,1,-1,-1,-1
399,8,826,212,28,38,1,-1,-1,-1
399,9,784,162,22,14,1,-1,-1,-1
399,10,794,73,19,17,1,-1,-1,-1
399,11,688,273,82,117,1,-1,-1,-1
399,17,7,345,91,55,1,-1,-1,-1
399,19,609,441,87,82,1,-1,-1,-1
400,1,751,252,36,32,1,-1,-1,-1
400,3,786,283,37,40,1,-1,-1,-1
400,4,766,227,31,23,1,-1,-1,-1
400,5,825,248,35,34,1,-1,-1,-1
400,8,826,212,28,38,1,-1,-1,-1
400,9,784,162,23,14,1,-1,-1,-1
400,10,792,73,19,17,1,-1,-1,-1
400,11,688,275,82,117,1,-1,-1,-1
400,17,0,349,94,57,1,-1,-1,-1
400,19,612,441,87,82,1,-1,-1,-1
401,1,751,252,36,32,1,-1,-1,-1
401,3,786,283,39,40,1,-1,-1,-1
401,4,765,227,31,23,1,-1,-1,-1
401,5,825,248,35,34,1,-1,-1,-1
401,8,826,212,28,38,1,-1,-1,-1
401,9,784,163,23,14,1,-1,-1,-1
401,10,792,73,19,17,1,-1,-1,-1
401,11,687,271,84,123,1,-1,-1,-1
401,17,0,351,87,61,1,-1,-1,-1
401,19,612,441,87,82,1,-1,-1,-1
402,1,751,252,36,32,1,-1,-1,-1
402,3,786,281,40,42,1,-1,-1,-1
402,4,766,225,31,23,1,-1,-1,-1
402,5,825,248,35,34,1,-1,-1,-1
402,8,826,212,30,40,1,-1,-1,-1
402,9,783,159,25,18,1,-1,-1,-1
402,10,791,73,19,17,1,-1,-1,-1
402,11,688,273,83,121,1,-1,-1,-1
402,17,0,356,84,61,1,-1,-1,-1
402,19,615,441,84,81,1,-1,-1,-1
403,1,752,252,36,32,1,-1,-1,-1
403,3,784,281,43,44,1,-1,-1,-1
403,4,765,225,31,23,1,-1,-1,-1
403,5,825,246,35,34,1,-1,-1,-1
403,8,826,212,28,38,1,-1,-1,-1
403,9,784,163,31,30,1,-1,-1,-1
403,10,791,73,19,17,1,-1,-1,-1
403,11,689,271,83,121,1,-1,-1,-1
403,17,0,360,73,57,1,-1,-1,-1
403,19,616,441,84,81,1,-1,-1,-1
404,1,751,252,36,32,1,-1,-1,-1
404,3,786,281,41,44,1,-1,-1,-1
404,4,765,225,31,23,1,-1,-1,-1
404,5,825,248,35,34,1,-1,-1,-1
404,8,825,212,30,40,1,-1,-1,-1
404,9,784,162,22,20,1,-1,-1,-1
404,10,791,71,19,17,1,-1,-1,-1
404,11,688,271,84,123,1,-1,-1,-1
404,17,0,357,69,67,1,-1,-1,-1
404,19,617,441,83,79,1,-1,-1,-1
405,1,752,252,35,30,1,-1,-1,-1
405,3,787,283,40,42,1,-1,-1,-1
405,4,765,225,31,23,1,-1,-1,-1
405,5,825,246,35,34,1,-1,-1,-1
405,8,825,212,30,40,1,-1,-1,-1
405,9,784,161,24,22,1,-1,-1,-1
405,10,790,71,19,17,1,-1,-1,-1
405,11,689,271,84,123,1,-1,-1,-1
405,17,0,370,57,57,1,-1,-1,-1
405,19,617,439,84,81,1,-1,-1,-1
406,1,751,252,36,32,1,-1,-1,-1
406,3,787,281,40,42,1,-1,-1,-1
406,4,765,225,31,23,1,-1,-1,-1
406,5,825,248,35,34,1,-1,-1,-1
406,8,825,212,30,40,1,-1,-1,-1
406,9,779,156,22,21,1,-1,-1,-1
406,10,787,71,19,17,1,-1,-1,-1
406,11,690,271,83,121,1,-1,-1,-1
406,17,0,376,50,57,1,-1,-1,-1
406,19,620,441,82,77,1,-1,-1,-1
407,1,751,252,36,32,1,-1,-1,-1
407,3,786,281,41,44,1,-1,-1,-1
407,4,765,225,31,23,1,-1,-1,-1
407,5,825,246,35,34,1,-1,-1,-1
407,8,825,212,28,38,1,-1,-1,-1
407,10,787,73,19,17,1,-1,-1,-1
407,11,689,271,83,121,1,-1,-1,-1
407,17,0,381,47,57,1,-1,-1,-1
407,19,621,441,83,79,1,-1,-1,-1
408,1,751,252,36,32,1,-1,-1,-1
408,3,786,281,41,44,1,-1,-1,-1
408,4,765,225,31,23,1,-1,-1,-1
408,5,825,246,35,34,1,-1,-1,-1
408,8,825,212,28,38,1,-1,-1,-1
408,10,787,71,19,17,1,-1,-1,-1
408,11,689,271,83,121,1,-1,-1,-1
408,17,0,376,50,57,1,-1,-1,-1
408,19,621,439,83,79,1,-1,-1,-1
409,1,751,252,36,32,1,-1,-1,-1
409,3,787,281,40,42,1,-1,-1,-1
409,4,764,225,31,23,1,-1,-1,-1
409,5,825,246,35,34,1,-1,-1,-1
409,8,824,212,30,40,1,-1,-1,-1
409,10,786,71,19,17,1,-1,-1,-1
409,11,692,271,83,121,1,-1,-1,-1
409,17,0,381,36,52,1,-1,-1,-1
409,19,626,438,78,80,1,-1,-1,-1
410,1,751,252,36,32,1,-1,-1,-1
410,3,786,279,43,44,1,-1,-1,-1
410,4,764,220,30,25,1,-1,-1,-1
410,5,824,246,35,34,1,-1,-1,-1
410,8,822,210,31,42,1,-1,-1,-1
410,10,784,71,19,17,1,-1,-1,-1
410,11,692,271,83,121,1,-1,-1,-1
410,17,0,389,38,44,1,-1,-1,-1
410,19,626,437,78,79,1,-1,-1,-1
411,1,751,252,36,32,1,-1,-1,-1
411,3,787,281,41,44,1,-1,-1,-1
411,4,764,219,30,25,1,-1,-1,-1
411,5,824,246,35,34,1,-1,-1,-1
411,8,822,210,31,42,1,-1,-1,-1
411,10,782,71,19,17,1,-1,-1,-1
411,11,692,271,84,123,1,-1,-1,-1
411,19,628,437,78,79,1,-1,-1,-1
412,1,751,252,36,32,1,-1,-1,-1
412,3,787,281,40,42,1,-1,-1,-1
412,4,764,219,30,25,1,-1,-1,-1
412,5,824,246,35,34,1,-1,-1,-1
412,8,822,212,31,40,1,-1,-1,-1
412,10,782,71,19,17,1,-1,-1,-1
412,11,689,268,86,118,1,-1,-1,-1
412,19,629,437,78,79,1,-1,-1,-1
413,1,751,252,36,32,1,-1,-1,-1
413,3,787,281,40,42,1,-1,-1,-1
413,4,762,219,30,25,1,-1,-1,-1
413,5,822,246,35,34,1,-1,-1,-1
413,8,822,212,28,38,1,-1,-1,-1
413,10,782,71,19,17,1,-1,-1,-1
413,11,697,269,80,119,1,-1,-1,-1
413,19,629,437,78,79,1,-1,-1,-1
414,1,751,250,36,32,1,-1,-1,-1
414,3,786,279,41,44,1,-1,-1,-1
414,4,762,219,30,25,1,-1,-1,-1
414,5,822,246,35,34,1,-1,-1,-1
414,8,822,212,27,38,1,-1,-1,-1
414,10,779,69,19,17,1,-1,-1,-1
414,11,694,268,82,120,1,-1,-1,-1
414,19,630,437,78,79,1,-1,-1,-1
415,1,751,250,36,32,1,-1,-1,-1
415,3,786,279,42,44,1,-1,-1,-1
415,4,761,219,30,25,1,-1,-1,-1
415,5,821,246,35,34,1,-1,-1,-1
415,8,821,212,30,40,1,-1,-1,-1
415,10,778,71,19,17,1,-1,-1,-1
415,11,697,272,77,114,1,-1,-1,-1
415,19,630,435,79,82,1,-1,-1,-1
416,1,749,250,36,32,1,-1,-1,-1
416,3,783,277,44,48,1,-1,-1,-1
416,4,761,219,30,25,1,-1,-1,-1
416,5,821,246,35,34,1,-1,-1,-1
416,8,820,210,30,40,1,-1,-1,-1
416,10,777,69,19,17,1,-1,-1,-1
416,11,697,271,80,114,1,-1,-1,-1
416,19,632,437,78,79,1,-1,-1,-1
417,1,749,250,36,32,1,-1,-1,-1
417,3,782,275,48,50,1,-1,-1,-1
417,4,761,217,30,25,1,-1,-1,-1
417,5,820,246,35,34,1,-1,-1,-1
417,8,820,210,28,38,1,-1,-1,-1
417,10,775,69,19,17,1,-1,-1,-1
417,11,697,273,79,113,1,-1,-1,-1
417,19,632,435,79,82,1,-1,-1,-1
418,1,749,250,36,32,1,-1,-1,-1
418,3,783,275,48,50,1,-1,-1,-1
418,4,761,219,30,25,1,-1,-1,-1
418,5,820,246,35,34,1,-1,-1,-1
418,8,820,210,28,38,1,-1,-1,-1
418,10,774,69,19,17,1,-1,-1,-1
418,11,696,273,80,113,1,-1,-1,-1
418,19,633,435,79,82,1,-1,-1,-1
419,1,751,250,33,30,1,-1,-1,-1
419,3,786,277,44,48,1,-1,-1,-1
419,4,761,219,30,25,1,-1,-1,-1
419,5,820,246,35,34,1,-1,-1,-1
419,8,818,210,28,38,1,-1,-1,-1
419,10,774,69,19,17,1,-1,-1,-1
419,11,700,271,77,113,1,-1,-1,-1
419,19,641,435,73,84,1,-1,-1,-1
420,1,749,250,35,30,1,-1,-1,-1
420,3,783,275,47,50,1,-1,-1,-1
420,4,761,219,30,25,1,-1,-1,-1
420,5,820,246,35,34,1,-1,-1,-1
420,8,818,210,30,40,1,-1,-1,-1
420,10,773,69,19,17,1,-1,-1,-1
420,11,699,269,79,117,1,-1,-1,-1
420,19,642,435,73,85,1,-1,-1,-1
420,21,318,515,76,24,1,-1,-1,-1
421,1,749,250,36,32,1,-1,-1,-1
421,3,784,277,45,48,1,-1,-1,-1
421,4,760,217,30,25,1,-1,-1,-1
421,5,820,244,35,34,1,-1,-1,-1
421,8,818,210,30,40,1,-1,-1,-1
421,10,771,69,19,17,1,-1,-1,-1
421,11,701,268,79,120,1,-1,-1,-1
421,19,642,435,73,84,1,-1,-1,-1
421,21,321,508,78,31,1,-1,-1,-1
422,1,749,250,36,32,1,-1,-1,-1
422,3,786,277,44,48,1,-1,-1,-1
422,4,760,217,30,25,1,-1,-1,-1
422,5,818,244,35,34,1,-1,-1,-1
422,8,817,210,30,40,1,-1,-1,-1
422,11,701,268,78,119,1,-1,-1,-1
422,19,646,435,71,82,1,-1,-1,-1
422,21,319,503,84,36,1,-1,-1,-1
423,1,749,248,36,32,1,-1,-1,-1
423,3,786,277,44,46,1,-1,-1,-1
423,4,760,217,30,25,1,-1,-1,-1
423,5,820,244,35,34,1,-1,-1,-1
423,8,818,210,28,38,1,-1,-1,-1
423,11,704,268,77,117,1,-1,-1,-1
423,19,646,435,71,82,1,-1,-1,-1
423,21,328,504,80,35,1,-1,-1,-1
424,1,751,248,36,32,1,-1,-1,-1
424,3,784,275,47,50,1,-1,-1,-1
424,4,760,217,30,25,1,-1,-1,-1
424,5,820,244,35,34,1,-1,-1,-1
424,8,818,210,28,38,1,-1,-1,-1
424,11,704,268,78,119,1,-1,-1,-1
424,19,646,433,74,86,1,-1,-1,-1
424,21,325,500,86,39,1,-1,-1,-1
425,1,751,248,36,32,1,-1,-1,-1
425,3,786,273,48,50,1,-1,-1,-1
425,4,761,217,30,25,1,-1,-1,-1
425,5,820,244,35,34,1,-1,-1,-1
425,8,818,210,30,40,1,-1,-1,-1
425,11,704,268,78,119,1,-1,-1,-1
425,19,649,433,73,84,1,-1,-1,-1
425,21,331,498,87,40,1,-1,-1,-1
426,1,752,248,36,32,1,-1,-1,-1
426,3,787,275,45,48,1,-1,-1,-1
426,4,761,217,30,25,1,-1,-1,-1
426,5,821,244,33,32,1,-1,-1,-1
426,8,820,210,28,38,1,-1,-1,-1
426,11,705,268,78,119,1,-1,-1,-1
426,19,650,433,73,84,1,-1,-1,-1
426,21,332,495,91,44,1,-1,-1,-1
427,1,752,248,36,32,1,-1,-1,-1
427,3,787,273,48,50,1,-1,-1,-1
427,4,761,217,30,25,1,-1,-1,-1
427,5,821,246,35,34,1,-1,-1,-1
427,8,820,210,28,38,1,-1,-1,-1
427,11,706,268,78,119,1,-1,-1,-1
427,19,653,433,73,84,1,-1,-1,-1
427,21,333,488,101,51,1,-1,-1,-1
428,1,753,248,36,32,1,-1,-1,-1
428,3,788,275,44,48,1,-1,-1,-1
428,4,761,217,30,25,1,-1,-1,-1
428,5,821,244,35,34,1,-1,-1,-1
428,8,820,210,30,40,1,-1,-1,-1
428,11,707,268,78,119,1,-1,-1,-1
428,19,654,433,73,84,1,-1,-1,-1
428,21,342,486,91,53,1,-1,-1,-1
429,1,753,248,36,32,1,-1,-1,-1
429,3,788,273,44,48,1,-1,-1,-1
429,4,761,217,30,25,1,-1,-1,-1
429,5,821,244,36,34,1,-1,-1,-1
429,8,820,210,28,38,1,-1,-1,-1
429,11,707,266,80,121,1,-1,-1,-1
429,19,655,433,73,84,1,-1,-1,-1
429,21,339,485,97,54,1,-1,-1,-1
430,1,753,248,36,32,1,-1,-1,-1
430,3,791,275,41,44,1,-1,-1,-1
430,4,761,217,30,25,1,-1,-1,-1
430,5,822,244,35,34,1,-1,-1,-1
430,8,820,210,28,38,1,-1,-1,-1
430,11,709,266,80,121,1,-1,-1,-1
430,19,658,435,71,82,1,-1,-1,-1
430,21,349,481,94,58,1,-1,-1,-1
431,1,753,246,36,32,1,-1,-1,-1
431,3,791,275,40,42,1,-1,-1,-1
431,4,762,217,30,25,1,-1,-1,-1
431,5,822,244,35,34,1,-1,-1,-1
431,8,821,210,28,38,1,-1,-1,-1
431,11,710,268,78,119,1,-1,-1,-1
431,19,659,433,71,82,1,-1,-1,-1
431,21,351,478,101,61,1,-1,-1,-1
432,1,754,246,36,32,1,-1,-1,-1
432,3,792,275,40,42,1,-1,-1,-1
432,4,762,217,30,25,1,-1,-1,-1
432,5,822,244,33,32,1,-1,-1,-1
432,8,821,210,28,38,1,-1,-1,-1
432,11,710,264,82,125,1,-1,-1,-1
432,19,667,437,64,79,1,-1,-1,-1
432,21,351,474,97,65,1,-1,-1,-1
433,1,754,246,36,32,1,-1,-1,-1
433,3,792,275,40,42,1,-1,-1,-1
433,4,762,217,30,25,1,-1,-1,-1
433,5,824,244,35,34,1,-1,-1,-1
433,8,821,210,30,40,1,-1,-1,-1
433,11,711,266,80,121,1,-1,-1,-1
433,19,663,435,70,82,1,-1,-1,-1
433,21,360,471,92,68,1,-1,-1,-1
434,1,756,246,36,32,1,-1,-1,-1
434,3,792,273,41,44,1,-1,-1,-1
434,4,762,217,30,25,1,-1,-1,-1
434,5,824,244,35,34,1,-1,-1,-1
434,8,821,210,30,40,1,-1,-1,-1
434,11,714,266,80,121,1,-1,-1,-1
434,19,663,433,71,82,1,-1,-1,-1
434,21,371,469,85,70,1,-1,-1,-1
435,1,756,246,36,32,1,-1,-1,-1
435,3,794,273,41,44,1,-1,-1,-1
435,4,762,217,30,25,1,-1,-1,-1
435,5,824,244,35,34,1,-1,-1,-1
435,8,821,210,28,38,1,-1,-1,-1
435,11,714,266,80,121,1,-1,-1,-1
435,19,664,433,73,84,1,-1,-1,-1
435,21,371,467,92,72,1,-1,-1,-1
436,1,757,248,35,30,1,-1,-1,-1
436,3,795,275,40,42,1,-1,-1,-1
436,4,764,217,30,25,1,-1,-1,-1
436,5,824,244,35,34,1,-1,-1,-1
436,8,821,210,27,38,1,-1,-1,-1
436,11,714,266,80,121,1,-1,-1,-1
436,19,672,435,66,82,1,-1,-1,-1
436,21,373,464,91,75,1,-1,-1,-1
437,1,757,244,36,32,1,-1,-1,-1
437,3,795,273,40,42,1,-1,-1,-1
437,4,764,217,30,25,1,-1,-1,-1
437,5,825,244,35,34,1,-1,-1,-1
437,8,821,210,27,38,1,-1,-1,-1
437,11,717,266,78,119,1,-1,-1,-1
437,19,672,433,69,82,1,-1,-1,-1
437,21,381,460,87,79,1,-1,-1,-1
438,1,757,246,36,32,1,-1,-1,-1
438,3,795,273,41,44,1,-1,-1,-1
438,4,764,216,30,25,1,-1,-1,-1
438,5,824,244,36,34,1,-1,-1,-1
438,8,821,210,27,38,1,-1,-1,-1
438,11,718,268,77,117,1,-1,-1,-1
438,19,668,433,73,84,1,-1,-1,-1
438,21,384,459,90,80,1,-1,-1,-1
439,1,757,242,36,32,1,-1,-1,-1
439,3,795,273,41,44,1,-1,-1,-1
439,4,764,217,30,25,1,-1,-1,-1
439,5,825,244,36,34,1,-1,-1,-1
439,8,822,210,27,38,1,-1,-1,-1
439,11,718,266,78,119,1,-1,-1,-1
439,19,671,432,73,84,1,-1,-1,-1
439,21,390,456,85,82,1,-1,-1,-1
440,1,757,241,36,32,1,-1,-1,-1
440,3,796,273,40,42,1,-1,-1,-1
440,4,764,217,30,25,1,-1,-1,-1
440,5,825,244,35,34,1,-1,-1,-1
440,8,821,210,27,38,1,-1,-1,-1
440,11,719,268,77,117,1,-1,-1,-1
440,19,672,433,71,81,1,-1,-1,-1
440,21,395,455,86,84,1,-1,-1,-1
441,1,757,241,36,32,1,-1,-1,-1
441,3,796,273,40,42,1,-1,-1,-1
441,4,764,217,30,25,1,-1,-1,-1
441,5,825,244,35,34,1,-1,-1,-1
441,8,821,210,28,38,1,-1,-1,-1
441,11,720,271,73,110,1,-1,-1,-1
441,19,673,433,71,82,1,-1,-1,-1
441,21,398,451,86,84,1,-1,-1,-1
442,1,757,241,36,32,1,-1,-1,-1
442,3,796,273,40,42,1,-1,-1,-1
442,4,765,217,30,25,1,-1,-1,-1
442,5,825,244,35,34,1,-1,-1,-1
442,8,821,210,28,38,1,-1,-1,-1
442,11,721,270,74,113,1,-1,-1,-1
442,19,676,433,71,82,1,-1,-1,-1
442,21,404,451,83,82,1,-1,-1,-1
443,1,757,241,36,32,1,-1,-1,-1
443,3,796,271,41,44,1,-1,-1,-1
443,4,765,217,30,25,1,-1,-1,-1
443,5,825,244,36,34,1,-1,-1,-1
443,8,821,210,28,40,1,-1,-1,-1
443,11,722,266,73,113,1,-1,-1,-1
443,19,676,432,73,84,1,-1,-1,-1
443,21,407,447,88,86,1,-1,-1,-1
444,1,757,241,36,32,1,-1,-1,-1
444,3,798,271,41,44,1,-1,-1,-1
444,4,765,216,30,25,1,-1,-1,-1
444,5,828,244,36,34,1,-1,-1,-1
444,8,821,208,28,38,1,-1,-1,-1
444,11,723,269,73,110,1,-1,-1,-1
444,19,683,435,68,79,1,-1,-1,-1
444,21,411,441,91,88,1,-1,-1,-1
445,1,757,241,36,32,1,-1,-1,-1
445,3,799,271,40,44,1,-1,-1,-1
445,4,765,216,30,25,1,-1,-1,-1
445,5,828,244,36,34,1,-1,-1,-1
445,8,821,208,28,40,1,-1,-1,-1
445,11,724,267,73,114,1,-1,-1,-1
445,19,680,433,73,84,1,-1,-1,-1
445,21,417,441,78,83,1,-1,-1,-1
446,1,758,241,36,32,1,-1,-1,-1
446,3,799,271,40,44,1,-1,-1,-1
446,4,765,216,30,25,1,-1,-1,-1
446,5,829,244,35,32,1,-1,-1,-1
446,8,821,210,27,36,1,-1,-1,-1
446,11,725,267,70,110,1,-1,-1,-1
446,19,681,432,73,84,1,-1,-1,-1
446,21,420,439,78,82,1,-1,-1,-1
447,1,758,241,36,32,1,-1,-1,-1
447,3,799,271,39,42,1,-1,-1,-1
447,4,765,216,30,25,1,-1,-1,-1
447,5,829,244,36,34,1,-1,-1,-1
447,8,821,208,27,38,1,-1,-1,-1
447,11,723,264,73,114,1,-1,-1,-1
447,19,684,432,73,84,1,-1,-1,-1
447,21,427,435,75,81,1,-1,-1,-1
448,1,760,241,36,32,1,-1,-1,-1
448,3,799,271,40,44,1,-1,-1,-1
448,4,765,216,30,25,1,-1,-1,-1
448,5,829,244,35,32,1,-1,-1,-1
448,8,821,208,28,38,1,-1,-1,-1
448,11,729,268,66,111,1,-1,-1,-1
448,19,684,432,73,84,1,-1,-1,-1
448,21,431,433,75,81,1,-1,-1,-1
449,1,760,241,36,32,1,-1,-1,-1
449,3,799,270,40,44,1,-1,-1,-1
449,4,765,216,30,25,1,-1,-1,-1
449,5,829,244,35,32,1,-1,-1,-1
449,8,821,210,27,38,1,-1,-1,-1
449,11,729,269,69,107,1,-1,-1,-1
449,19,695,435,62,81,1,-1,-1,-1
449,21,433,430,75,81,1,-1,-1,-1
450,1,760,239,36,32,1,-1,-1,-1
450,3,801,270,40,44,1,-1,-1,-1
450,4,765,214,30,25,1,-1,-1,-1
450,5,829,244,36,34,1,-1,-1,-1
450,8,821,208,27,38,1,-1,-1,-1
450,11,730,268,71,114,1,-1,-1,-1
450,19,697,435,61,81,1,-1,-1,-1
450,21,438,428,75,81,1,-1,-1,-1
451,1,761,239,36,32,1,-1,-1,-1
451,3,803,271,39,40,1,-1,-1,-1
451,4,765,214,30,25,1,-1,-1,-1
451,5,829,244,35,32,1,-1,-1,-1
451,8,821,208,27,38,1,-1,-1,-1
451,11,730,268,70,113,1,-1,-1,-1
451,19,700,435,61,81,1,-1,-1,-1
451,21,442,426,74,79,1,-1,-1,-1
452,1,761,239,36,32,1,-1,-1,-1
452,3,803,270,39,42,1,-1,-1,-1
452,4,765,214,30,25,1,-1,-1,-1
452,5,829,244,36,34,1,-1,-1,-1
452,8,821,208,27,36,1,-1,-1,-1
452,11,731,268,70,113,1,-1,-1,-1
452,19,700,433,62,82,1,-1,-1,-1
452,21,448,424,74,77,1,-1,-1,-1
453,1,761,239,36,32,1,-1,-1,-1
453,3,804,271,39,40,1,-1,-1,-1
453,4,765,214,30,25,1,-1,-1,-1
453,5,829,241,36,34,1,-1,-1,-1
453,8,821,208,27,36,1,-1,-1,-1
453,11,731,266,70,113,1,-1,-1,-1
453,19,702,433,62,82,1,-1,-1,-1
453,21,453,422,71,77,1,-1,-1,-1
454,1,761,239,36,32,1,-1,-1,-1
454,3,804,271,36,40,1,-1,-1,-1
454,4,764,214,30,25,1,-1,-1,-1
454,5,829,241,36,34,1,-1,-1,-1
454,8,821,208,27,38,1,-1,-1,-1
454,11,732,266,71,115,1,-1,-1,-1
454,19,704,433,62,82,1,-1,-1,-1
454,21,454,420,71,77,1,-1,-1,-1
455,1,761,239,36,32,1,-1,-1,-1
455,3,805,271,37,40,1,-1,-1,-1
455,4,765,214,30,25,1,-1,-1,-1
455,5,829,243,36,34,1,-1,-1,-1
455,8,821,208,27,38,1,-1,-1,-1
455,11,734,266,71,115,1,-1,-1,-1
455,19,706,433,61,81,1,-1,-1,-1
455,21,459,418,71,77,1,-1,-1,-1
456,1,761,239,36,32,1,-1,-1,-1
456,3,805,270,37,40,1,-1,-1,-1
456,4,765,214,30,25,1,-1,-1,-1
456,5,829,241,36,34,1,-1,-1,-1
456,8,821,208,27,38,1,-1,-1,-1
456,11,735,266,71,115,1,-1,-1,-1
456,19,709,435,60,77,1,-1,-1,-1
456,21,463,416,70,75,1,-1,-1,-1
457,1,761,239,36,32,1,-1,-1,-1
457,3,807,271,36,38,1,-1,-1,-1
457,4,764,214,30,25,1,-1,-1,-1
457,5,829,241,36,34,1,-1,-1,-1
457,8,820,208,27,38,1,-1,-1,-1
457,11,736,268,70,113,1,-1,-1,-1
457,19,710,433,61,81,1,-1,-1,-1
457,20,374,193,39,24,1,-1,-1,-1
457,21,467,414,70,75,1,-1,-1,-1
458,1,761,239,36,32,1,-1,-1,-1
458,3,807,270,36,38,1,-1,-1,-1
458,4,764,214,30,25,1,-1,-1,-1
458,5,829,241,36,34,1,-1,-1,-1
458,8,820,208,27,38,1,-1,-1,-1
458,11,736,264,71,115,1,-1,-1,-1
458,19,713,435,60,77,1,-1,-1,-1
458,20,374,193,33,27,1,-1,-1,-1
458,21,471,410,69,73,1,-1,-1,-1
459,1,761,239,36,32,1,-1,-1,-1
459,3,807,270,36,40,1,-1,-1,-1
459,4,762,212,31,25,1,-1,-1,-1
459,5,829,241,36,34,1,-1,-1,-1
459,8,820,206,28,40,1,-1,-1,-1
459,11,736,266,71,115,1,-1,-1,-1
459,19,714,435,60,77,1,-1,-1,-1
459,20,372,195,36,27,1,-1,-1,-1
459,21,475,410,67,71,1,-1,-1,-1
460,1,761,239,36,32,1,-1,-1,-1
460,3,807,268,37,40,1,-1,-1,-1
460,4,764,214,30,25,1,-1,-1,-1
460,5,829,241,36,34,1,-1,-1,-1
460,8,820,206,27,38,1,-1,-1,-1
460,11,737,264,71,115,1,-1,-1,-1
460,19,717,435,57,75,1,-1,-1,-1
460,20,372,193,38,33,1,-1,-1,-1
460,21,479,408,67,71,1,-1,-1,-1
461,1,761,237,36,32,1,-1,-1,-1
461,3,807,268,36,40,1,-1,-1,-1
461,4,762,212,30,25,1,-1,-1,-1
461,5,829,241,36,34,1,-1,-1,-1
461,8,820,206,27,36,1,-1,-1,-1
461,11,737,264,71,115,1,-1,-1,-1
461,19,718,435,57,75,1,-1,-1,-1
461,20,369,197,35,26,1,-1,-1,-1
461,21,480,406,66,71,1,-1,-1,-1
462,1,761,237,36,32,1,-1,-1,-1
462,3,805,266,39,42,1,-1,-1,-1
462,4,761,212,30,25,1,-1,-1,-1
462,5,828,239,36,34,1,-1,-1,-1
462,8,817,206,27,38,1,-1,-1,-1
462,11,739,266,70,113,1,-1,-1,-1
462,19,717,432,61,81,1,-1,-1,-1
462,20,367,197,34,25,1,-1,-1,-1
462,21,488,408,61,65,1,-1,-1,-1
463,1,761,237,36,32,1,-1,-1,-1
463,3,808,268,36,40,1,-1,-1,-1
463,4,761,212,30,25,1,-1,-1,-1
463,5,828,239,36,34,1,-1,-1,-1
463,8,817,204,28,38,1,-1,-1,-1
463,11,739,264,71,115,1,-1,-1,-1
463,19,719,433,61,79,1,-1,-1,-1
463,20,365,197,38,30,1,-1,-1,-1
463,21,489,401,64,67,1,-1,-1,-1
464,1,761,237,36,32,1,-1,-1,-1
464,3,808,266,36,40,1,-1,-1,-1
464,4,761,212,30,25,1,-1,-1,-1
464,5,829,239,36,34,1,-1,-1,-1
464,8,820,207,28,35,1,-1,-1,-1
464,11,740,264,71,115,1,-1,-1,-1
464,19,723,433,60,77,1,-1,-1,-1
464,20,364,199,37,27,1,-1,-1,-1
464,21,492,399,65,69,1,-1,-1,-1
465,1,761,235,36,32,1,-1,-1,-1
465,3,808,266,36,40,1,-1,-1,-1
465,4,762,212,30,25,1,-1,-1,-1
465,5,829,239,36,34,1,-1,-1,-1
465,8,820,206,27,34,1,-1,-1,-1
465,11,740,262,74,119,1,-1,-1,-1
465,19,726,433,57,75,1,-1,-1,-1
465,20,365,200,37,25,1,-1,-1,-1
465,21,496,397,65,69,1,-1,-1,-1
466,1,761,235,36,32,1,-1,-1,-1
466,3,808,266,36,38,1,-1,-1,-1
466,4,761,212,30,25,1,-1,-1,-1
466,5,829,239,36,34,1,-1,-1,-1
466,8,818,204,28,36,1,-1,-1,-1
466,11,741,262,71,115,1,-1,-1,-1
466,19,727,432,57,75,1,-1,-1,-1
466,20,360,200,40,25,1,-1,-1,-1
466,21,498,395,65,69,1,-1,-1,-1
467,1,761,237,35,30,1,-1,-1,-1
467,3,808,266,36,38,1,-1,-1,-1
467,4,761,210,30,25,1,-1,-1,-1
467,5,829,239,36,34,1,-1,-1,-1
467,8,818,204,27,34,1,-1,-1,-1
467,11,743,262,71,115,1,-1,-1,-1
467,19,728,430,60,77,1,-1,-1,-1
467,20,358,202,40,25,1,-1,-1,-1
467,21,501,393,65,69,1,-1,-1,-1
468,1,761,235,32,29,1,-1,-1,-1
468,3,808,266,36,38,1,-1,-1,-1
468,4,761,210,30,25,1,-1,-1,-1
468,5,829,239,35,32,1,-1,-1,-1
468,8,818,206,27,34,1,-1,-1,-1
468,11,743,262,71,115,1,-1,-1,-1
468,19,731,430,60,77,1,-1,-1,-1
468,20,357,202,39,26,1,-1,-1,-1
468,21,504,391,65,69,1,-1,-1,-1
469,1,761,235,31,28,1,-1,-1,-1
469,3,809,266,35,38,1,-1,-1,-1
469,4,760,210,31,25,1,-1,-1,-1
469,5,828,237,36,34,1,-1,-1,-1
469,8,817,206,27,34,1,-1,-1,-1
469,11,744,262,71,115,1,-1,-1,-1
469,19,732,430,61,79,1,-1,-1,-1
469,20,354,203,41,27,1,-1,-1,-1
469,21,509,389,64,67,1,-1,-1,-1
470,1,761,233,31,28,1,-1,-1,-1
470,3,811,264,35,38,1,-1,-1,-1
470,4,760,208,31,27,1,-1,-1,-1
470,5,828,237,36,34,1,-1,-1,-1
470,8,818,206,27,34,1,-1,-1,-1
470,11,747,264,70,111,1,-1,-1,-1
470,19,735,430,61,79,1,-1,-1,-1
470,20,353,205,40,27,1,-1,-1,-1
470,21,510,387,64,67,1,-1,-1,-1
471,1,761,235,31,28,1,-1,-1,-1
471,3,811,266,33,36,1,-1,-1,-1
471,4,761,208,31,25,1,-1,-1,-1
471,5,828,237,36,34,1,-1,-1,-1
471,8,817,206,27,34,1,-1,-1,-1
471,11,751,265,66,103,1,-1,-1,-1
471,19,736,430,61,79,1,-1,-1,-1
471,20,351,205,42,27,1,-1,-1,-1
471,21,514,385,62,67,1,-1,-1,-1
472,1,761,233,31,28,1,-1,-1,-1
472,3,812,264,32,34,1,-1,-1,-1
472,4,760,208,30,25,1,-1,-1,-1
472,5,828,237,36,34,1,-1,-1,-1
472,8,817,206,27,34,1,-1,-1,-1
472,11,749,263,70,105,1,-1,-1,-1
472,19,739,428,60,77,1,-1,-1,-1
472,20,351,206,40,28,1,-1,-1,-1
472,21,518,383,62,67,1,-1,-1,-1
473,1,761,233,31,28,1,-1,-1,-1
473,3,813,264,31,34,1,-1,-1,-1
473,4,760,208,31,25,1,-1,-1,-1
473,5,828,237,36,34,1,-1,-1,-1
473,8,817,204,27,34,1,-1,-1,-1
473,11,753,262,66,107,1,-1,-1,-1
473,19,740,428,60,77,1,-1,-1,-1
473,20,351,206,39,27,1,-1,-1,-1
473,21,521,381,64,67,1,-1,-1,-1
473,22,437,509,68,30,1,-1,-1,-1
474,1,761,233,31,28,1,-1,-1,-1
474,3,812,262,31,34,1,-1,-1,-1
474,4,761,208,31,25,1,-1,-1,-1
474,5,828,237,36,34,1,-1,-1,-1
474,8,817,204,27,34,1,-1,-1,-1
474,11,754,260,67,107,1,-1,-1,-1
474,19,749,428,53,77,1,-1,-1,-1
474,20,351,208,37,25,1,-1,-1,-1
474,21,525,379,56,65,1,-1,-1,-1
474,22,442,505,72,34,1,-1,-1,-1
475,1,761,233,31,28,1,-1,-1,-1
475,3,813,262,32,36,1,-1,-1,-1
475,4,760,208,31,25,1,-1,-1,-1
475,5,829,237,36,34,1,-1,-1,-1
475,8,817,204,27,34,1,-1,-1,-1
475,11,752,261,71,115,1,-1,-1,-1
475,19,752,428,53,77,1,-1,-1,-1
475,20,347,208,39,27,1,-1,-1,-1
475,21,529,381,54,65,1,-1,-1,-1
475,22,447,503,72,36,1,-1,-1,-1
476,1,762,233,31,28,1,-1,-1,-1
476,3,817,264,31,34,1,-1,-1,-1
476,4,761,208,30,25,1,-1,-1,-1
476,5,829,235,36,34,1,-1,-1,-1
476,8,817,204,27,34,1,-1,-1,-1
476,11,755,261,69,109,1,-1,-1,-1
476,19,754,428,53,77,1,-1,-1,-1
476,20,345,210,40,27,1,-1,-1,-1
476,21,534,381,52,61,1,-1,-1,-1
476,22,448,502,72,37,1,-1,-1,-1
477,1,764,233,31,28,1,-1,-1,-1
477,3,817,262,31,34,1,-1,-1,-1
477,4,761,208,30,25,1,-1,-1,-1
477,5,830,235,36,34,1,-1,-1,-1
477,8,817,202,27,34,1,-1,-1,-1
477,11,758,258,70,111,1,-1,-1,-1
477,19,757,426,53,77,1,-1,-1,-1
477,20,346,212,37,27,1,-1,-1,-1
477,21,536,378,50,61,1,-1,-1,-1
477,22,451,494,74,45,1,-1,-1,-1
478,1,765,231,31,28,1,-1,-1,-1
478,3,820,264,31,34,1,-1,-1,-1
478,4,761,208,30,25,1,-1,-1,-1
478,5,830,235,36,34,1,-1,-1,-1
478,8,817,204,27,34,1,-1,-1,-1
478,11,760,261,69,109,1,-1,-1,-1
478,19,760,426,53,77,1,-1,-1,-1
478,20,344,210,40,28,1,-1,-1,-1
478,21,543,379,49,59,1,-1,-1,-1
478,22,459,494,71,45,1,-1,-1,-1
479,1,765,233,31,28,1,-1,-1,-1
479,3,818,262,30,32,1,-1,-1,-1
479,4,761,206,30,25,1,-1,-1,-1
479,5,830,235,36,34,1,-1,-1,-1
479,8,817,202,27,34,1,-1,-1,-1
479,11,760,259,69,109,1,-1,-1,-1
479,19,762,426,53,77,1,-1,-1,-1
479,20,342,212,40,28,1,-1,-1,-1
479,21,543,374,52,61,1,-1,-1,-1
479,22,460,485,78,54,1,-1,-1,-1
480,1,765,231,31,28,1,-1,-1,-1
480,3,821,262,30,32,1,-1,-1,-1
480,4,761,206,30,25,1,-1,-1,-1
480,5,830,235,36,34,1,-1,-1,-1
480,8,817,202,27,34,1,-1,-1,-1
480,11,759,257,71,113,1,-1,-1,-1
480,19,765,426,53,77,1,-1,-1,-1
480,20,339,214,40,28,1,-1,-1,-1
480,21,547,372,52,61,1,-1,-1,-1
480,22,470,487,71,52,1,-1,-1,-1
481,1,765,231,31,28,1,-1,-1,-1
481,3,821,262,28,32,1,-1,-1,-1
481,4,761,208,30,25,1,-1,-1,-1
481,5,830,233,36,34,1,-1,-1,-1
481,8,818,202,27,34,1,-1,-1,-1
481,11,759,255,74,117,1,-1,-1,-1
481,19,768,426,53,77,1,-1,-1,-1
481,20,339,214,40,28,1,-1,-1,-1
481,21,549,370,52,61,1,-1,-1,-1
481,22,469,487,77,52,1,-1,-1,-1
482,1,766,231,31,28,1,-1,-1,-1
482,3,822,262,28,32,1,-1,-1,-1
482,4,761,206,31,25,1,-1,-1,-1
482,5,832,233,36,34,1,-1,-1,-1
482,8,818,202,27,34,1,-1,-1,-1
482,11,766,256,73,115,1,-1,-1,-1
482,19,770,426,53,77,1,-1,-1,-1
482,20,338,217,40,28,1,-1,-1,-1
482,21,550,368,50,61,1,-1,-1,-1
482,22,475,479,71,60,1,-1,-1,-1
483,1,766,231,31,28,1,-1,-1,-1
483,3,825,264,27,30,1,-1,-1,-1
483,4,761,206,30,25,1,-1,-1,-1
483,5,832,233,36,34,1,-1,-1,-1
483,8,817,202,27,34,1,-1,-1,-1
483,11,766,256,71,113,1,-1,-1,-1
483,19,774,424,53,77,1,-1,-1,-1
483,20,336,217,40,28,1,-1,-1,-1
483,21,552,370,55,60,1,-1,-1,-1
483,22,475,477,82,62,1,-1,-1,-1
484,1,768,231,31,28,1,-1,-1,-1
484,3,825,262,27,30,1,-1,-1,-1
484,4,762,206,31,25,1,-1,-1,-1
484,5,834,233,35,32,1,-1,-1,-1
484,8,818,202,27,34,1,-1,-1,-1
484,11,765,254,74,117,1,-1,-1,-1
484,19,777,424,53,79,1,-1,-1,-1
484,20,334,217,43,30,1,-1,-1,-1
484,21,555,368,54,59,1,-1,-1,-1
484,22,480,471,77,68,1,-1,-1,-1
485,1,768,231,31,28,1,-1,-1,-1
485,3,826,262,27,30,1,-1,-1,-1
485,4,764,206,30,25,1,-1,-1,-1
485,5,834,235,35,32,1,-1,-1,-1
485,8,818,202,27,34,1,-1,-1,-1
485,11,769,257,69,105,1,-1,-1,-1
485,19,779,424,53,77,1,-1,-1,-1
485,20,334,219,43,30,1,-1,-1,-1
485,21,557,368,54,59,1,-1,-1,-1
485,22,480,471,82,68,1,-1,-1,-1
485,23,475,145,25,14,1,-1,-1,-1
486,1,769,231,31,28,1,-1,-1,-1
486,3,829,264,27,30,1,-1,-1,-1
486,4,764,206,30,25,1,-1,-1,-1
486,5,834,233,32,30,1,-1,-1,-1
486,8,820,202,27,34,1,-1,-1,-1
486,11,770,256,69,104,1,-1,-1,-1
486,19,782,424,53,77,1,-1,-1,-1
486,20,334,219,41,30,1,-1,-1,-1
486,21,561,366,53,59,1,-1,-1,-1
486,22,491,468,76,71,1,-1,-1,-1
486,23,475,144,24,13,1,-1,-1,-1
487,1,769,231,31,28,1,-1,-1,-1
487,3,829,262,26,28,1,-1,-1,-1
487,4,764,206,30,25,1,-1,-1,-1
487,5,834,235,32,30,1,-1,-1,-1
487,8,820,200,27,34,1,-1,-1,-1
487,11,773,258,67,102,1,-1,-1,-1
487,19,784,424,53,77,1,-1,-1,-1
487,20,333,221,44,30,1,-1,-1,-1
487,21,565,364,53,59,1,-1,-1,-1
487,22,494,466,76,73,1,-1,-1,-1
487,23,472,146,24,13,1,-1,-1,-1
488,1,770,229,31,28,1,-1,-1,-1
488,3,825,255,32,37,1,-1,-1,-1
488,4,764,206,31,25,1,-1,-1,-1
488,5,834,233,35,32,1,-1,-1,-1
488,8,820,200,28,36,1,-1,-1,-1
488,11,773,256,69,104,1,-1,-1,-1
488,19,787,424,53,77,1,-1,-1,-1
488,20,330,223,43,30,1,-1,-1,-1
488,21,566,362,54,59,1,-1,-1,-1
488,22,498,465,80,74,1,-1,-1,-1
488,23,471,146,24,13,1,-1,-1,-1
489,1,770,229,31,28,1,-1,-1,-1
489,3,834,266,27,30,1,-1,-1,-1
489,4,764,204,31,25,1,-1,-1,-1
489,5,834,233,36,34,1,-1,-1,-1
489,8,820,200,27,34,1,-1,-1,-1
489,11,774,256,67,102,1,-1,-1,-1
489,19,792,426,49,73,1,-1,-1,-1
489,20,327,225,43,30,1,-1,-1,-1
489,21,569,360,53,59,1,-1,-1,-1
489,22,504,462,75,77,1,-1,-1,-1
489,23,471,146,26,13,1,-1,-1,-1
490,1,770,229,31,28,1,-1,-1,-1
490,3,829,260,27,30,1,-1,-1,-1
490,4,764,204,31,25,1,-1,-1,-1
490,5,834,231,36,34,1,-1,-1,-1
490,8,820,200,27,34,1,-1,-1,-1
490,11,774,254,69,104,1,-1,-1,-1
490,19,792,422,52,75,1,-1,-1,-1
490,20,327,225,43,30,1,-1,-1,-1
490,21,573,358,53,59,1,-1,-1,-1
490,22,509,462,71,77,1,-1,-1,-1
490,23,471,146,24,13,1,-1,-1,-1
491,1,773,229,31,28,1,-1,-1,-1
491,3,831,259,26,28,1,-1,-1,-1
491,4,764,204,31,25,1,-1,-1,-1
491,5,834,231,36,34,1,-1,-1,-1
491,8,820,200,27,34,1,-1,-1,-1
491,11,774,254,70,106,1,-1,-1,-1
491,19,796,422,53,77,1,-1,-1,-1
491,20,326,225,44,30,1,-1,-1,-1
491,21,578,358,50,55,1,-1,-1,-1
491,22,511,459,75,80,1,-1,-1,-1
491,23,468,146,24,13,1,-1,-1,-1
492,1,770,229,31,28,1,-1,-1,-1
492,4,764,204,31,25,1,-1,-1,-1
492,5,834,231,36,34,1,-1,-1,-1
492,8,820,200,27,34,1,-1,-1,-1
492,11,775,250,74,113,1,-1,-1,-1
492,19,799,422,52,75,1,-1,-1,-1
492,20,325,229,44,30,1,-1,-1,-1
492,21,582,358,49,52,1,-1,-1,-1
492,22,516,453,77,86,1,-1,-1,-1
492,23,468,146,24,13,1,-1,-1,-1
493,1,771,227,31,28,1,-1,-1,-1
493,4,765,204,30,25,1,-1,-1,-1
493,5,834,231,36,34,1,-1,-1,-1
493,8,820,201,28,36,1,-1,-1,-1
493,11,779,251,71,100,1,-1,-1,-1
493,19,803,422,52,75,1,-1,-1,-1
493,20,322,229,45,33,1,-1,-1,-1
493,21,583,354,48,52,1,-1,-1,-1
493,22,524,449,75,86,1,-1,-1,-1
493,23,467,148,24,13,1,-1,-1,-1
494,1,771,229,31,28,1,-1,-1,-1
494,4,765,204,30,25,1,-1,-1,-1
494,5,834,231,36,34,1,-1,-1,-1
494,8,820,200,27,36,1,-1,-1,-1
494,11,777,246,78,121,1,-1,-1,-1
494,19,804,420,52,75,1,-1,-1,-1
494,20,322,231,43,30,1,-1,-1,-1
494,21,586,352,49,52,1,-1,-1,-1
494,22,525,451,72,86,1,-1,-1,-1
494,23,466,145,24,17,1,-1,-1,-1
495,1,771,229,31,28,1,-1,-1,-1
495,4,764,204,30,25,1,-1,-1,-1
495,5,834,231,35,32,1,-1,-1,-1
495,8,820,202,27,34,1,-1,-1,-1
495,11,777,248,77,109,1,-1,-1,-1
495,19,804,421,56,74,1,-1,-1,-1
495,20,321,235,41,30,1,-1,-1,-1
495,21,587,351,49,52,1,-1,-1,-1
495,22,533,447,68,92,1,-1,-1,-1
495,23,464,145,25,17,1,-1,-1,-1
496,1,773,227,31,28,1,-1,-1,-1
496,4,764,204,30,25,1,-1,-1,-1
496,5,834,229,36,34,1,-1,-1,-1
496,8,820,202,27,34,1,-1,-1,-1
496,11,779,251,75,112,1,-1,-1,-1
496,19,805,417,58,82,1,-1,-1,-1
496,20,317,235,45,32,1,-1,-1,-1
496,21,590,352,44,48,1,-1,-1,-1
496,22,536,445,68,92,1,-1,-1,-1
496,23,462,145,26,17,1,-1,-1,-1
497,1,768,228,36,28,1,-1,-1,-1
497,4,762,204,30,25,1,-1,-1,-1
497,5,834,229,36,34,1,-1,-1,-1
497,8,818,200,27,36,1,-1,-1,-1
497,11,780,250,79,109,1,-1,-1,-1
497,19,809,416,56,78,1,-1,-1,-1
497,20,314,235,47,34,1,-1,-1,-1
497,21,594,349,44,48,1,-1,-1,-1
497,22,541,444,65,95,1,-1,-1,-1
497,23,462,145,23,18,1,-1,-1,-1
498,1,768,227,35,27,1,-1,-1,-1
498,4,761,204,30,25,1,-1,-1,-1
498,5,834,229,36,34,1,-1,-1,-1
498,8,818,200,28,36,1,-1,-1,-1
498,11,780,246,74,113,1,-1,-1,-1
498,19,811,416,56,77,1,-1,-1,-1
498,20,312,237,46,34,1,-1,-1,-1
498,21,595,349,44,48,1,-1,-1,-1
498,22,540,439,74,100,1,-1,-1,-1
498,23,458,144,26,19,1,-1,-1,-1
499,1,770,229,35,27,1,-1,-1,-1
499,4,761,204,28,25,1,-1,-1,-1
499,5,834,229,36,34,1,-1,-1,-1
499,8,817,198,30,38,1,-1,-1,-1
499,11,777,245,82,114,1,-1,-1,-1
499,19,813,416,56,77,1,-1,-1,-1
499,20,312,237,47,37,1,-1,-1,-1
499,21,599,347,43,46,1,-1,-1,-1
499,22,550,441,66,96,1,-1,-1,-1
499,23,458,144,27,19,1,-1,-1,-1
500,1,769,227,35,27,1,-1,-1,-1
500,4,761,204,28,25,1,-1,-1,-1
500,5,833,227,36,34,1,-1,-1,-1
500,8,817,198,28,36,1,-1,-1,-1
500,11,776,247,89,114,1,-1,-1,-1
500,19,817,416,56,77,1,-1,-1,-1
500,20,313,237,44,36,1,-1,-1,-1
500,21,600,345,43,46,1,-1,-1,-1
500,22,553,435,67,95,1,-1,-1,-1
500,23,458,145,22,19,1,-1,-1,-1
501,1,769,227,36,28,1,-1,-1,-1
501,4,761,202,30,25,1,-1,-1,-1
501,5,834,227,35,32,1,-1,-1,-1
501,8,817,198,28,36,1,-1,-1,-1
501,11,780,247,81,112,1,-1,-1,-1
501,19,820,414,56,77,1,-1,-1,-1
501,20,309,239,45,36,1,-1,-1,-1
501,21,603,338,43,52,1,-1,-1,-1
501,22,557,435,67,96,1,-1,-1,-1
501,23,457,147,22,18,1,-1,-1,-1
502,1,769,227,36,28,1,-1,-1,-1
502,4,761,202,30,25,1,-1,-1,-1
502,5,832,227,37,31,1,-1,-1,-1
502,8,817,198,28,36,1,-1,-1,-1
502,11,784,247,77,107,1,-1,-1,-1
502,19,824,416,53,73,1,-1,-1,-1
502,20,309,243,44,34,1,-1,-1,-1
502,21,604,335,44,53,1,-1,-1,-1
502,22,562,431,66,104,1,-1,-1,-1
502,23,454,146,24,19,1,-1,-1,-1
503,1,770,225,36,28,1,-1,-1,-1
503,4,761,202,30,25,1,-1,-1,-1
503,5,833,227,36,30,1,-1,-1,-1
503,8,817,198,27,36,1,-1,-1,-1
503,11,783,243,79,111,1,-1,-1,-1
503,19,825,412,54,75,1,-1,-1,-1
503,20,309,244,44,36,1,-1,-1,-1
503,21,607,337,45,50,1,-1,-1,-1
503,22,568,428,65,102,1,-1,-1,-1
503,23,454,152,24,13,1,-1,-1,-1
504,1,770,225,36,28,1,-1,-1,-1
504,4,761,202,31,25,1,-1,-1,-1
504,5,833,225,36,30,1,-1,-1,-1
504,8,817,198,27,36,1,-1,-1,-1
504,11,783,243,78,111,1,-1,-1,-1
504,19,829,414,52,71,1,-1,-1,-1
504,20,308,248,43,34,1,-1,-1,-1
504,21,608,337,44,48,1,-1,-1,-1
504,22,570,426,66,104,1,-1,-1,-1
504,23,453,152,24,13,1,-1,-1,-1
505,1,769,225,36,28,1,-1,-1,-1
505,4,761,202,30,25,1,-1,-1,-1
505,5,830,225,36,30,1,-1,-1,-1
505,8,816,198,28,36,1,-1,-1,-1
505,11,784,241,78,111,1,-1,-1,-1
505,19,830,412,54,75,1,-1,-1,-1
505,20,306,248,43,34,1,-1,-1,-1
505,21,611,333,45,50,1,-1,-1,-1
505,22,576,424,65,102,1,-1,-1,-1
505,23,450,152,24,13,1,-1,-1,-1
506,1,769,225,36,28,1,-1,-1,-1
506,4,761,202,30,25,1,-1,-1,-1
506,5,830,225,36,30,1,-1,-1,-1
506,8,813,196,28,36,1,-1,-1,-1
506,11,786,241,78,111,1,-1,-1,-1
506,19,833,410,56,77,1,-1,-1,-1
506,20,304,250,45,36,1,-1,-1,-1
506,21,612,333,45,50,1,-1,-1,-1
506,22,578,420,65,102,1,-1,-1,-1
506,23,450,152,24,13,1,-1,-1,-1
507,1,769,225,36,28,1,-1,-1,-1
507,4,760,200,30,25,1,-1,-1,-1
507,5,830,225,36,30,1,-1,-1,-1
507,8,815,196,28,36,1,-1,-1,-1
507,11,786,241,78,111,1,-1,-1,-1
507,19,837,412,54,75,1,-1,-1,-1
507,20,300,252,48,38,1,-1,-1,-1
507,21,615,331,47,50,1,-1,-1,-1
507,22,583,420,62,100,1,-1,-1,-1
507,23,449,154,24,13,1,-1,-1,-1
508,1,770,225,36,28,1,-1,-1,-1
508,4,760,200,30,25,1,-1,-1,-1
508,5,830,225,36,30,1,-1,-1,-1
508,8,813,196,28,36,1,-1,-1,-1
508,11,787,241,78,111,1,-1,-1,-1
508,19,838,410,56,77,1,-1,-1,-1
508,20,299,254,49,38,1,-1,-1,-1
508,21,616,327,48,52,1,-1,-1,-1
508,22,587,420,61,96,1,-1,-1,-1
509,1,770,225,36,28,1,-1,-1,-1
509,4,760,200,30,25,1,-1,-1,-1
509,5,832,225,36,30,1,-1,-1,-1
509,8,813,196,28,36,1,-1,-1,-1
509,11,787,239,80,113,1,-1,-1,-1
509,19,837,412,58,73,1,-1,-1,-1
509,20,300,256,49,38,1,-1,-1,-1
509,21,619,327,48,52,1,-1,-1,-1
509,22,590,414,62,100,1,-1,-1,-1
510,1,770,225,36,28,1,-1,-1,-1
510,4,760,200,30,25,1,-1,-1,-1
510,5,830,223,36,30,1,-1,-1,-1
510,8,812,194,30,38,1,-1,-1,-1
510,11,791,239,78,111,1,-1,-1,-1
510,19,838,410,62,75,1,-1,-1,-1
510,20,296,258,49,38,1,-1,-1,-1
510,21,620,325,48,52,1,-1,-1,-1
510,22,594,410,66,106,1,-1,-1,-1
511,1,770,223,36,28,1,-1,-1,-1
511,4,760,200,31,25,1,-1,-1,-1
511,5,832,223,36,30,1,-1,-1,-1
511,8,813,196,28,36,1,-1,-1,-1
511,11,791,241,75,106,1,-1,-1,-1
511,19,841,405,62,79,1,-1,-1,-1
511,20,296,258,49,38,1,-1,-1,-1
511,21,623,325,45,50,1,-1,-1,-1
511,22,596,408,66,104,1,-1,-1,-1
512,1,770,223,36,28,1,-1,-1,-1
512,4,760,200,30,25,1,-1,-1,-1
512,5,832,223,36,30,1,-1,-1,-1
512,8,813,194,28,36,1,-1,-1,-1
512,11,792,239,77,109,1,-1,-1,-1
512,19,844,412,61,71,1,-1,-1,-1
512,20,288,262,55,42,1,-1,-1,-1
512,21,626,325,44,48,1,-1,-1,-1
512,22,599,408,62,103,1,-1,-1,-1
513,1,770,223,36,28,1,-1,-1,-1
513,4,760,198,30,25,1,-1,-1,-1
513,5,832,223,36,30,1,-1,-1,-1
513,8,813,194,28,36,1,-1,-1,-1
513,11,794,237,78,111,1,-1,-1,-1
513,19,848,405,60,77,1,-1,-1,-1
513,20,288,264,53,40,1,-1,-1,-1
513,21,628,325,44,48,1,-1,-1,-1
513,22,603,405,57,104,1,-1,-1,-1
514,1,770,223,36,28,1,-1,-1,-1
514,4,760,200,30,25,1,-1,-1,-1
514,5,832,223,36,30,1,-1,-1,-1
514,8,813,194,28,36,1,-1,-1,-1
514,11,794,237,78,111,1,-1,-1,-1
514,19,852,408,62,75,1,-1,-1,-1
514,20,286,266,53,40,1,-1,-1,-1
514,21,630,324,40,48,1,-1,-1,-1
514,22,608,399,66,106,1,-1,-1,-1
515,1,770,223,36,28,1,-1,-1,-1
515,4,760,198,30,25,1,-1,-1,-1
515,5,832,223,36,30,1,-1,-1,-1
515,8,812,194,28,36,1,-1,-1,-1
515,11,794,237,81,111,1,-1,-1,-1
515,19,848,405,68,79,1,-1,-1,-1
515,20,286,268,53,40,1,-1,-1,-1
515,21,627,315,44,48,1,-1,-1,-1
515,22,609,397,66,106,1,-1,-1,-1
516,1,771,223,36,28,1,-1,-1,-1
516,4,760,198,30,25,1,-1,-1,-1
516,5,833,221,36,30,1,-1,-1,-1
516,8,812,194,27,36,1,-1,-1,-1
516,11,798,237,78,111,1,-1,-1,-1
516,19,856,406,65,78,1,-1,-1,-1
516,20,284,271,54,42,1,-1,-1,-1
516,21,634,320,44,48,1,-1,-1,-1
516,22,616,395,66,106,1,-1,-1,-1
517,1,773,223,36,28,1,-1,-1,-1
517,4,760,198,30,25,1,-1,-1,-1
517,5,833,221,36,30,1,-1,-1,-1
517,8,813,194,27,36,1,-1,-1,-1
517,11,799,237,78,111,1,-1,-1,-1
517,19,858,405,70,80,1,-1,-1,-1
517,20,284,275,53,40,1,-1,-1,-1
517,21,637,318,44,48,1,-1,-1,-1
517,22,620,393,56,97,1,-1,-1,-1
518,1,774,221,36,28,1,-1,-1,-1
518,4,760,198,30,25,1,-1,-1,-1
518,5,833,221,36,30,1,-1,-1,-1
518,8,812,194,28,36,1,-1,-1,-1
518,11,800,235,80,113,1,-1,-1,-1
518,19,861,403,69,81,1,-1,-1,-1
518,20,284,277,53,40,1,-1,-1,-1
518,21,641,320,43,46,1,-1,-1,-1
518,22,624,391,57,98,1,-1,-1,-1
519,1,774,221,36,28,1,-1,-1,-1
519,4,760,198,30,25,1,-1,-1,-1
519,5,833,221,37,32,1,-1,-1,-1
519,8,813,194,27,36,1,-1,-1,-1
519,11,796,240,90,105,1,-1,-1,-1
519,19,864,407,68,74,1,-1,-1,-1
519,20,282,279,53,40,1,-1,-1,-1
519,21,638,312,40,44,1,-1,-1,-1
519,22,626,387,58,102,1,-1,-1,-1
520,1,774,221,36,28,1,-1,-1,-1
520,4,760,198,30,25,1,-1,-1,-1
520,5,833,219,36,30,1,-1,-1,-1
520,8,813,192,28,36,1,-1,-1,-1
520,11,798,241,91,107,1,-1,-1,-1
520,19,868,405,66,76,1,-1,-1,-1
520,20,282,283,53,40,1,-1,-1,-1
520,21,646,316,40,44,1,-1,-1,-1
520,22,632,387,56,96,1,-1,-1,-1
521,1,774,221,36,28,1,-1,-1,-1
521,4,760,198,30,25,1,-1,-1,-1
521,5,833,219,36,30,1,-1,-1,-1
521,8,812,192,28,36,1,-1,-1,-1
521,11,798,243,91,101,1,-1,-1,-1
521,19,872,405,66,75,1,-1,-1,-1
521,20,280,285,54,42,1,-1,-1,-1
521,21,646,314,40,44,1,-1,-1,-1
521,22,633,383,58,102,1,-1,-1,-1
522,1,774,221,36,28,1,-1,-1,-1
522,4,760,196,30,25,1,-1,-1,-1
522,5,834,219,36,30,1,-1,-1,-1
522,8,810,194,33,32,1,-1,-1,-1
522,11,802,237,90,104,1,-1,-1,-1
522,19,871,404,69,73,1,-1,-1,-1
522,20,280,289,53,40,1,-1,-1,-1
522,21,642,308,45,49,1,-1,-1,-1
522,22,637,388,54,85,1,-1,-1,-1
523,1,774,221,36,28,1,-1,-1,-1
523,4,760,196,30,25,1,-1,-1,-1
523,5,831,218,39,32,1,-1,-1,-1
523,8,809,194,32,32,1,-1,-1,-1
523,11,801,239,93,103,1,-1,-1,-1
523,19,873,402,70,74,1,-1,-1,-1
523,20,279,287,54,45,1,-1,-1,-1
523,21,646,309,38,43,1,-1,-1,-1
523,22,639,391,57,84,1,-1,-1,-1
524,1,775,221,36,28,1,-1,-1,-1
524,4,760,196,30,25,1,-1,-1,-1
524,5,832,219,37,32,1,-1,-1,-1
524,8,808,194,33,32,1,-1,-1,-1
524,11,800,238,94,102,1,-1,-1,-1
524,19,876,399,72,77,1,-1,-1,-1
524,20,278,289,56,47,1,-1,-1,-1
524,21,646,305,43,46,1,-1,-1,-1
524,22,646,386,53,84,1,-1,-1,-1
524,24,534,148,30,16,1,-1,-1,-1
525,1,777,219,36,28,1,-1,-1,-1
525,4,760,196,30,25,1,-1,-1,-1
525,5,833,217,37,32,1,-1,-1,-1
525,8,809,194,31,30,1,-1,-1,-1
525,11,801,237,91,100,1,-1,-1,-1
525,19,877,399,75,79,1,-1,-1,-1
525,20,279,293,53,45,1,-1,-1,-1
525,21,651,306,41,46,1,-1,-1,-1
525,22,648,384,56,82,1,-1,-1,-1
525,24,534,148,30,15,1,-1,-1,-1
526,1,774,219,38,28,1,-1,-1,-1
526,4,760,196,30,25,1,-1,-1,-1
526,5,833,219,36,30,1,-1,-1,-1
526,8,808,194,32,32,1,-1,-1,-1
526,11,801,237,94,102,1,-1,-1,-1
526,19,881,399,73,77,1,-1,-1,-1
526,20,275,294,55,49,1,-1,-1,-1
526,21,647,303,43,46,1,-1,-1,-1
526,22,648,385,58,80,1,-1,-1,-1
526,24,532,148,30,15,1,-1,-1,-1
527,1,774,219,37,28,1,-1,-1,-1
527,4,760,196,30,25,1,-1,-1,-1
527,5,833,217,36,30,1,-1,-1,-1
527,8,808,192,33,32,1,-1,-1,-1
527,11,804,237,91,100,1,-1,-1,-1
527,19,882,399,75,77,1,-1,-1,-1
527,20,277,296,53,52,1,-1,-1,-1
527,21,649,302,44,48,1,-1,-1,-1
527,22,651,383,57,79,1,-1,-1,-1
527,24,532,148,30,15,1,-1,-1,-1
528,1,774,219,39,28,1,-1,-1,-1
528,4,761,196,30,25,1,-1,-1,-1
528,5,829,217,41,28,1,-1,-1,-1
528,8,808,192,32,32,1,-1,-1,-1
528,11,805,237,91,100,1,-1,-1,-1
528,19,887,399,74,74,1,-1,-1,-1
528,20,277,302,54,46,1,-1,-1,-1
528,21,650,300,47,50,1,-1,-1,-1
528,22,654,381,57,79,1,-1,-1,-1
528,24,531,148,30,15,1,-1,-1,-1
529,1,774,217,37,28,1,-1,-1,-1
529,4,760,194,30,25,1,-1,-1,-1
529,5,830,216,40,30,1,-1,-1,-1
529,8,808,192,32,32,1,-1,-1,-1
529,11,807,237,91,100,1,-1,-1,-1
529,19,889,397,77,79,1,-1,-1,-1
529,20,275,303,57,52,1,-1,-1,-1
529,21,653,302,44,46,1,-1,-1,-1
529,22,656,379,57,79,1,-1,-1,-1
529,24,527,148,30,15,1,-1,-1,-1
530,1,774,217,37,28,1,-1,-1,-1
530,4,760,194,30,25,1,-1,-1,-1
530,5,829,217,43,27,1,-1,-1,-1
530,8,807,192,33,32,1,-1,-1,-1
530,11,809,237,88,96,1,-1,-1,-1
530,19,888,391,82,86,1,-1,-1,-1
530,20,275,302,56,54,1,-1,-1,-1
530,21,654,300,44,46,1,-1,-1,-1
530,22,660,379,57,77,1,-1,-1,-1
530,24,527,147,30,17,1,-1,-1,-1
531,1,774,217,37,28,1,-1,-1,-1
531,4,760,194,30,25,1,-1,-1,-1
531,5,828,216,41,28,1,-1,-1,-1
531,8,808,192,31,30,1,-1,-1,-1
531,11,809,235,90,98,1,-1,-1,-1
531,19,896,395,75,79,1,-1,-1,-1
531,20,272,308,57,53,1,-1,-1,-1
531,21,654,298,47,50,1,-1,-1,-1
531,22,664,378,53,73,1,-1,-1,-1
531,24,526,148,32,18,1,-1,-1,-1
532,1,774,217,37,28,1,-1,-1,-1
532,4,758,194,30,25,1,-1,-1,-1
532,5,827,214,42,24,1,-1,-1,-1
532,8,805,190,32,32,1,-1,-1,-1
532,11,808,235,91,100,1,-1,-1,-1
532,19,896,396,76,77,1,-1,-1,-1
532,20,271,312,61,58,1,-1,-1,-1
532,21,656,298,47,50,1,-1,-1,-1
532,22,667,376,54,75,1,-1,-1,-1
532,24,524,147,32,19,1,-1,-1,-1
533,1,774,217,37,28,1,-1,-1,-1
533,4,758,194,28,25,1,-1,-1,-1
533,5,829,216,39,22,1,-1,-1,-1
533,8,805,192,31,30,1,-1,-1,-1
533,11,809,233,91,100,1,-1,-1,-1
533,19,900,397,77,78,1,-1,-1,-1
533,20,270,315,61,55,1,-1,-1,-1
533,21,658,295,45,44,1,-1,-1,-1
533,22,668,374,53,73,1,-1,-1,-1
533,24,524,147,31,19,1,-1,-1,-1
534,1,771,218,41,27,1,-1,-1,-1
534,4,757,192,28,25,1,-1,-1,-1
534,5,826,216,41,21,1,-1,-1,-1
534,8,804,190,31,30,1,-1,-1,-1
534,11,809,233,94,102,1,-1,-1,-1
534,19,902,394,77,75,1,-1,-1,-1
534,20,271,318,56,58,1,-1,-1,-1
534,21,659,293,43,47,1,-1,-1,-1
534,22,671,370,56,77,1,-1,-1,-1
534,24,524,148,30,18,1,-1,-1,-1
535,1,774,217,37,28,1,-1,-1,-1
535,4,757,194,30,25,1,-1,-1,-1
535,5,827,214,39,22,1,-1,-1,-1
535,8,804,190,32,32,1,-1,-1,-1
535,11,811,231,94,102,1,-1,-1,-1
535,19,903,393,78,75,1,-1,-1,-1
535,20,272,323,57,55,1,-1,-1,-1
535,21,659,293,45,48,1,-1,-1,-1
535,22,671,368,58,76,1,-1,-1,-1
535,24,522,149,31,17,1,-1,-1,-1
536,1,774,216,37,28,1,-1,-1,-1
536,4,757,192,28,25,1,-1,-1,-1
536,5,828,214,38,22,1,-1,-1,-1
536,8,804,190,31,30,1,-1,-1,-1
536,11,812,231,94,102,1,-1,-1,-1
536,19,903,393,79,80,1,-1,-1,-1
536,20,273,325,55,58,1,-1,-1,-1
536,21,660,291,44,41,1,-1,-1,-1
536,22,671,366,62,73,1,-1,-1,-1
536,24,521,147,31,20,1,-1,-1,-1
537,1,774,216,39,28,1,-1,-1,-1
537,4,754,192,30,25,1,-1,-1,-1
537,5,826,214,41,22,1,-1,-1,-1
537,8,803,190,31,30,1,-1,-1,-1
537,11,811,229,94,100,1,-1,-1,-1
537,19,905,389,82,82,1,-1,-1,-1
537,20,275,331,52,55,1,-1,-1,-1
537,21,662,291,44,40,1,-1,-1,-1
537,22,675,364,61,71,1,-1,-1,-1
537,24,519,146,32,22,1,-1,-1,-1
538,1,774,216,37,28,1,-1,-1,-1
538,4,754,192,30,25,1,-1,-1,-1
538,5,824,212,43,23,1,-1,-1,-1
538,8,803,190,31,30,1,-1,-1,-1
538,11,812,227,93,105,1,-1,-1,-1
538,19,909,391,78,79,1,-1,-1,-1
538,20,271,327,55,66,1,-1,-1,-1
538,21,663,287,44,42,1,-1,-1,-1
538,22,678,364,60,77,1,-1,-1,-1
538,24,519,146,31,22,1,-1,-1,-1
539,1,774,216,37,28,1,-1,-1,-1
539,4,754,192,30,25,1,-1,-1,-1
539,5,825,212,42,26,1,-1,-1,-1
539,8,801,190,31,30,1,-1,-1,-1
539,11,806,227,101,103,1,-1,-1,-1
539,19,910,389,78,79,1,-1,-1,-1
539,20,270,331,54,65,1,-1,-1,-1
539,21,663,287,45,42,1,-1,-1,-1
539,22,681,362,57,73,1,-1,-1,-1
539,24,518,147,28,19,1,-1,-1,-1
540,1,774,214,37,28,1,-1,-1,-1
540,4,753,192,28,25,1,-1,-1,-1
540,5,823,212,42,25,1,-1,-1,-1
540,8,801,190,31,30,1,-1,-1,-1
540,11,805,225,103,104,1,-1,-1,-1
540,19,912,389,80,71,1,-1,-1,-1
540,20,270,335,54,65,1,-1,-1,-1
540,21,663,287,44,42,1,-1,-1,-1
540,22,683,360,57,73,1,-1,-1,-1
540,24,515,147,30,20,1,-1,-1,-1
541,1,770,214,41,28,1,-1,-1,-1
541,4,753,192,28,25,1,-1,-1,-1
541,5,823,210,43,24,1,-1,-1,-1
541,8,799,190,31,30,1,-1,-1,-1
541,11,807,225,100,102,1,-1,-1,-1
541,19,916,391,80,73,1,-1,-1,-1
541,20,270,343,57,64,1,-1,-1,-1
541,21,664,285,48,44,1,-1,-1,-1
541,22,683,360,58,70,1,-1,-1,-1
541,24,514,147,31,22,1,-1,-1,-1
542,1,774,214,37,28,1,-1,-1,-1
542,4,753,192,28,25,1,-1,-1,-1
542,5,823,210,44,23,1,-1,-1,-1
542,8,799,189,31,30,1,-1,-1,-1
542,11,806,228,102,99,1,-1,-1,-1
542,19,917,389,81,73,1,-1,-1,-1
542,20,269,347,60,66,1,-1,-1,-1
542,21,666,283,44,42,1,-1,-1,-1
542,22,683,359,61,70,1,-1,-1,-1
542,24,515,148,27,21,1,-1,-1,-1
543,1,774,214,37,28,1,-1,-1,-1
543,4,752,190,28,25,1,-1,-1,-1
543,5,820,210,47,32,1,-1,-1,-1
543,8,799,189,31,30,1,-1,-1,-1
543,11,808,225,100,102,1,-1,-1,-1
543,19,919,389,83,71,1,-1,-1,-1
543,20,267,349,62,66,1,-1,-1,-1
543,21,666,281,48,44,1,-1,-1,-1
543,22,685,357,60,69,1,-1,-1,-1
543,24,515,145,30,25,1,-1,-1,-1
544,1,768,214,44,28,1,-1,-1,-1
544,4,752,190,30,25,1,-1,-1,-1
544,5,817,210,48,24,1,-1,-1,-1
544,8,798,189,32,32,1,-1,-1,-1
544,11,808,223,100,102,1,-1,-1,-1
544,19,923,387,82,68,1,-1,-1,-1
544,20,269,353,61,73,1,-1,-1,-1
544,21,667,281,43,39,1,-1,-1,-1
544,22,686,354,62,71,1,-1,-1,-1
544,24,514,147,30,24,1,-1,-1,-1
545,1,774,212,37,28,1,-1,-1,-1
545,4,752,190,28,25,1,-1,-1,-1
545,5,821,210,43,22,1,-1,-1,-1
545,8,798,187,31,30,1,-1,-1,-1
545,11,809,223,100,102,1,-1,-1,-1
545,19,925,387,81,70,1,-1,-1,-1
545,20,269,356,60,71,1,-1,-1,-1
545,21,667,279,43,38,1,-1,-1,-1
545,22,688,352,62,71,1,-1,-1,-1
545,24,514,145,30,25,1,-1,-1,-1
546,1,774,214,36,27,1,-1,-1,-1
546,4,751,190,28,25,1,-1,-1,-1
546,5,821,210,43,21,1,-1,-1,-1
546,8,796,187,31,30,1,-1,-1,-1
546,11,811,223,100,102,1,-1,-1,-1
546,19,927,385,80,69,1,-1,-1,-1
546,20,270,362,60,71,1,-1,-1,-1
546,21,668,279,44,40,1,-1,-1,-1
546,22,690,353,62,66,1,-1,-1,-1
546,24,511,147,31,25,1,-1,-1,-1
547,1,773,212,37,28,1,-1,-1,-1
547,4,751,190,28,23,1,-1,-1,-1
547,5,820,210,43,21,1,-1,-1,-1
547,8,795,187,32,32,1,-1,-1,-1
547,11,812,223,100,102,1,-1,-1,-1
547,19,929,385,80,69,1,-1,-1,-1
547,20,270,366,61,73,1,-1,-1,-1
547,21,668,277,44,40,1,-1,-1,-1
547,22,693,352,61,65,1,-1,-1,-1
547,24,510,148,28,24,1,-1,-1,-1
548,1,773,212,37,28,1,-1,-1,-1
548,4,751,190,28,23,1,-1,-1,-1
548,5,820,208,43,21,1,-1,-1,-1
548,8,796,187,31,30,1,-1,-1,-1
548,11,812,223,100,102,1,-1,-1,-1
548,19,932,383,83,71,1,-1,-1,-1
548,20,271,370,61,73,1,-1,-1,-1
548,21,671,275,44,40,1,-1,-1,-1
548,22,696,352,60,63,1,-1,-1,-1
548,24,509,149,31,24,1,-1,-1,-1
549,1,774,212,37,28,1,-1,-1,-1
549,4,749,190,28,25,1,-1,-1,-1
549,5,820,208,43,21,1,-1,-1,-1
549,8,795,187,31,30,1,-1,-1,-1
549,11,813,221,100,102,1,-1,-1,-1
549,19,935,383,83,73,1,-1,-1,-1
549,20,272,374,61,73,1,-1,-1,-1
549,21,670,273,47,44,1,-1,-1,-1
549,22,697,349,61,65,1,-1,-1,-1
549,24,510,149,27,23,1,-1,-1,-1
550,1,774,212,37,28,1,-1,-1,-1
550,4,749,190,28,25,1,-1,-1,-1
550,5,818,208,44,21,1,-1,-1,-1
550,8,795,187,31,30,1,-1,-1,-1
550,11,815,221,100,102,1,-1,-1,-1
550,19,937,383,83,71,1,-1,-1,-1
550,20,272,379,64,77,1,-1,-1,-1
550,21,672,273,44,42,1,-1,-1,-1
550,22,700,347,65,69,1,-1,-1,-1
550,24,509,146,30,27,1,-1,-1,-1
551,1,774,212,37,28,1,-1,-1,-1
551,4,748,189,28,25,1,-1,-1,-1
551,5,818,208,43,21,1,-1,-1,-1
551,8,792,184,35,33,1,-1,-1,-1
551,11,817,221,100,102,1,-1,-1,-1
551,19,939,381,84,73,1,-1,-1,-1
551,20,274,386,66,79,1,-1,-1,-1
551,21,673,271,44,42,1,-1,-1,-1
551,22,701,345,62,67,1,-1,-1,-1
551,24,509,147,29,27,1,-1,-1,-1
552,1,774,212,37,28,1,-1,-1,-1
552,4,748,189,27,23,1,-1,-1,-1
552,5,820,208,43,21,1,-1,-1,-1
552,8,791,183,35,32,1,-1,-1,-1
552,11,817,219,103,104,1,-1,-1,-1
552,19,940,379,83,73,1,-1,-1,-1
552,20,276,389,62,75,1,-1,-1,-1
552,21,673,271,47,44,1,-1,-1,-1
552,22,704,345,62,67,1,-1,-1,-1
552,24,507,148,30,23,1,-1,-1,-1
553,1,774,210,37,28,1,-1,-1,-1
553,4,748,189,27,23,1,-1,-1,-1
553,5,818,208,43,21,1,-1,-1,-1
553,8,791,183,35,32,1,-1,-1,-1
553,11,817,219,100,102,1,-1,-1,-1
553,19,944,379,79,71,1,-1,-1,-1
553,20,278,393,66,79,1,-1,-1,-1
553,21,676,270,44,42,1,-1,-1,-1
553,22,706,341,62,67,1,-1,-1,-1
553,23,398,173,20,23,1,-1,-1,-1
553,24,506,148,30,26,1,-1,-1,-1
554,1,774,210,37,28,1,-1,-1,-1
554,4,748,189,27,23,1,-1,-1,-1
554,5,818,208,43,21,1,-1,-1,-1
554,8,791,183,35,32,1,-1,-1,-1
554,11,818,219,100,102,1,-1,-1,-1
554,19,945,378,78,73,1,-1,-1,-1
554,20,278,399,66,79,1,-1,-1,-1
554,21,675,268,44,37,1,-1,-1,-1
554,22,706,339,66,64,1,-1,-1,-1
554,23,398,173,19,23,1,-1,-1,-1
554,24,505,148,30,25,1,-1,-1,-1
555,1,768,212,43,26,1,-1,-1,-1
555,4,753,191,22,20,1,-1,-1,-1
555,5,817,208,43,21,1,-1,-1,-1
555,8,790,183,35,32,1,-1,-1,-1
555,11,814,221,106,100,1,-1,-1,-1
555,19,948,376,75,73,1,-1,-1,-1
555,20,280,403,67,82,1,-1,-1,-1
555,21,675,266,44,37,1,-1,-1,-1
555,22,709,339,67,61,1,-1,-1,-1
555,23,398,173,19,23,1,-1,-1,-1
555,24,505,148,30,25,1,-1,-1,-1
556,1,768,212,43,25,1,-1,-1,-1
556,4,753,190,22,19,1,-1,-1,-1
556,5,817,206,43,21,1,-1,-1,-1
556,8,790,181,35,32,1,-1,-1,-1
556,11,816,227,107,94,1,-1,-1,-1
556,19,949,376,74,73,1,-1,-1,-1
556,20,282,410,67,82,1,-1,-1,-1
556,21,676,266,43,36,1,-1,-1,-1
556,22,710,337,66,61,1,-1,-1,-1
556,23,395,175,19,23,1,-1,-1,-1
556,24,504,150,30,25,1,-1,-1,-1
557,1,768,212,43,25,1,-1,-1,-1
557,4,753,190,22,19,1,-1,-1,-1
557,5,817,206,43,21,1,-1,-1,-1
557,8,787,181,35,32,1,-1,-1,-1
557,11,816,226,106,84,1,-1,-1,-1
557,19,951,374,72,64,1,-1,-1,-1
557,20,286,418,67,82,1,-1,-1,-1
557,21,679,266,39,33,1,-1,-1,-1
557,22,711,335,67,61,1,-1,-1,-1
557,23,394,175,19,23,1,-1,-1,-1
557,24,504,150,30,25,1,-1,-1,-1
558,1,768,212,43,25,1,-1,-1,-1
558,4,753,190,22,19,1,-1,-1,-1
558,5,817,206,44,21,1,-1,-1,-1
558,8,787,181,35,32,1,-1,-1,-1
558,11,818,227,101,81,1,-1,-1,-1
558,19,951,372,72,66,1,-1,-1,-1
558,20,288,424,67,82,1,-1,-1,-1
558,21,679,264,42,38,1,-1,-1,-1
558,22,714,333,70,65,1,-1,-1,-1
558,23,394,177,19,23,1,-1,-1,-1
558,24,502,150,31,27,1,-1,-1,-1
559,1,768,210,41,25,1,-1,-1,-1
559,4,752,190,22,19,1,-1,-1,-1
559,5,817,206,43,21,1,-1,-1,-1
559,8,787,181,35,32,1,-1,-1,-1
559,11,817,225,105,84,1,-1,-1,-1
559,19,957,374,66,73,1,-1,-1,-1
559,20,292,430,67,82,1,-1,-1,-1
559,21,680,262,40,36,1,-1,-1,-1
559,22,714,331,73,65,1,-1,-1,-1
559,23,394,177,19,23,1,-1,-1,-1
559,24,502,146,30,30,1,-1,-1,-1
559,25,808,500,80,39,1,-1,-1,-1
560,1,768,210,43,25,1,-1,-1,-1
560,4,752,190,22,19,1,-1,-1,-1
560,5,817,204,43,21,1,-1,-1,-1
560,8,787,181,35,32,1,-1,-1,-1
560,11,818,225,104,82,1,-1,-1,-1
560,19,957,372,66,66,1,-1,-1,-1
560,20,295,435,70,84,1,-1,-1,-1
560,21,683,264,37,34,1,-1,-1,-1
560,22,718,331,67,61,1,-1,-1,-1
560,23,393,177,19,23,1,-1,-1,-1
560,24,502,152,30,25,1,-1,-1,-1
560,25,812,498,84,41,1,-1,-1,-1
561,1,768,210,43,25,1,-1,-1,-1
561,4,752,190,22,19,1,-1,-1,-1
561,5,816,204,43,21,1,-1,-1,-1
561,8,787,181,33,32,1,-1,-1,-1
561,11,820,223,104,82,1,-1,-1,-1
561,19,961,370,62,75,1,-1,-1,-1
561,20,297,435,65,92,1,-1,-1,-1
561,21,681,262,40,36,1,-1,-1,-1
561,22,719,329,67,61,1,-1,-1,-1
561,23,393,179,19,23,1,-1,-1,-1
561,24,501,152,30,25,1,-1,-1,-1
561,25,814,494,86,45,1,-1,-1,-1
562,1,766,210,43,25,1,-1,-1,-1
562,4,749,189,22,19,1,-1,-1,-1
562,5,816,204,43,21,1,-1,-1,-1
562,8,784,181,33,32,1,-1,-1,-1
562,11,818,223,105,84,1,-1,-1,-1
562,19,959,371,64,68,1,-1,-1,-1
562,20,301,442,63,93,1,-1,-1,-1
562,21,680,260,41,38,1,-1,-1,-1
562,22,719,327,67,61,1,-1,-1,-1
562,23,390,179,23,28,1,-1,-1,-1
562,24,498,150,31,28,1,-1,-1,-1
562,25,816,491,92,48,1,-1,-1,-1
563,1,766,208,43,25,1,-1,-1,-1
563,4,749,189,22,19,1,-1,-1,-1
563,5,815,204,43,21,1,-1,-1,-1
563,8,784,181,33,32,1,-1,-1,-1
563,11,822,222,106,82,1,-1,-1,-1
563,19,961,364,62,75,1,-1,-1,-1
563,20,305,446,63,93,1,-1,-1,-1
563,21,680,258,43,38,1,-1,-1,-1
563,22,723,327,67,61,1,-1,-1,-1
563,23,390,181,22,23,1,-1,-1,-1
563,24,497,149,31,29,1,-1,-1,-1
563,25,817,485,93,54,1,-1,-1,-1
564,1,766,208,43,25,1,-1,-1,-1
564,4,748,187,22,19,1,-1,-1,-1
564,5,815,204,43,21,1,-1,-1,-1
564,8,784,181,33,32,1,-1,-1,-1
564,11,820,221,105,84,1,-1,-1,-1
564,19,963,370,60,72,1,-1,-1,-1
564,20,309,451,64,88,1,-1,-1,-1
564,21,680,256,44,40,1,-1,-1,-1
564,22,724,325,66,61,1,-1,-1,-1
564,23,389,181,23,26,1,-1,-1,-1
564,24,497,148,31,30,1,-1,-1,-1
564,25,820,482,98,57,1,-1,-1,-1
565,1,765,208,43,25,1,-1,-1,-1
565,4,748,189,22,19,1,-1,-1,-1
565,5,812,204,43,21,1,-1,-1,-1
565,8,782,179,33,32,1,-1,-1,-1
565,11,820,221,105,84,1,-1,-1,-1
565,19,966,364,57,77,1,-1,-1,-1
565,20,312,458,64,81,1,-1,-1,-1
565,21,681,256,44,40,1,-1,-1,-1
565,22,724,322,66,61,1,-1,-1,-1
565,23,387,181,23,25,1,-1,-1,-1
565,24,497,148,31,30,1,-1,-1,-1
565,25,822,474,101,65,1,-1,-1,-1
566,1,765,208,43,25,1,-1,-1,-1
566,4,747,187,22,19,1,-1,-1,-1
566,5,812,202,43,21,1,-1,-1,-1
566,8,782,179,35,32,1,-1,-1,-1
566,11,821,221,104,82,1,-1,-1,-1
566,19,966,362,57,79,1,-1,-1,-1
566,20,318,462,61,77,1,-1,-1,-1
566,21,681,254,45,42,1,-1,-1,-1
566,22,727,322,66,59,1,-1,-1,-1
566,23,386,183,23,25,1,-1,-1,-1
566,24,496,150,28,28,1,-1,-1,-1
566,25,826,471,104,68,1,-1,-1,-1
567,1,765,208,44,27,1,-1,-1,-1
567,4,745,187,22,19,1,-1,-1,-1
567,5,812,202,43,21,1,-1,-1,-1
567,8,781,179,35,32,1,-1,-1,-1
567,11,820,219,108,86,1,-1,-1,-1
567,19,968,360,55,60,1,-1,-1,-1
567,20,318,468,64,71,1,-1,-1,-1
567,21,680,252,43,38,1,-1,-1,-1
567,22,727,320,64,59,1,-1,-1,-1
567,23,386,183,23,25,1,-1,-1,-1
567,24,496,150,31,30,1,-1,-1,-1
567,25,829,470,103,69,1,-1,-1,-1
568,1,765,206,43,25,1,-1,-1,-1
568,4,745,187,22,19,1,-1,-1,-1
568,5,812,202,43,21,1,-1,-1,-1
568,8,781,179,35,32,1,-1,-1,-1
568,11,821,219,108,86,1,-1,-1,-1
568,19,968,360,54,69,1,-1,-1,-1
568,20,322,476,62,63,1,-1,-1,-1
568,21,680,255,44,35,1,-1,-1,-1
568,22,728,318,66,61,1,-1,-1,-1
568,23,388,184,23,25,1,-1,-1,-1
568,24,493,150,31,30,1,-1,-1,-1
568,25,828,462,109,77,1,-1,-1,-1
569,1,765,206,41,25,1,-1,-1,-1
569,4,745,187,22,19,1,-1,-1,-1
569,5,812,202,43,21,1,-1,-1,-1
569,8,779,177,36,34,1,-1,-1,-1
569,11,822,219,105,84,1,-1,-1,-1
569,19,973,358,50,79,1,-1,-1,-1
569,20,327,482,65,57,1,-1,-1,-1
569,21,679,253,46,35,1,-1,-1,-1
569,22,730,316,67,61,1,-1,-1,-1
569,23,386,185,23,25,1,-1,-1,-1
569,24,495,150,31,30,1,-1,-1,-1
569,25,834,463,110,76,1,-1,-1,-1
570,1,765,206,41,25,1,-1,-1,-1
570,4,744,187,22,19,1,-1,-1,-1
570,5,812,202,43,21,1,-1,-1,-1
570,8,778,175,36,34,1,-1,-1,-1
570,11,822,217,108,86,1,-1,-1,-1
570,19,974,356,49,79,1,-1,-1,-1
570,20,330,489,66,50,1,-1,-1,-1
570,21,679,251,46,32,1,-1,-1,-1
570,22,731,314,67,61,1,-1,-1,-1
570,23,385,185,23,25,1,-1,-1,-1
570,24,492,150,31,30,1,-1,-1,-1
570,25,833,457,112,82,1,-1,-1,-1
571,1,764,206,43,25,1,-1,-1,-1
571,4,743,187,22,19,1,-1,-1,-1
571,5,811,202,43,21,1,-1,-1,-1
571,8,775,175,35,32,1,-1,-1,-1
571,11,821,217,107,84,1,-1,-1,-1
571,19,969,362,54,56,1,-1,-1,-1
571,20,338,499,65,40,1,-1,-1,-1
571,21,680,250,45,34,1,-1,-1,-1
571,22,727,319,73,56,1,-1,-1,-1
571,23,382,185,23,25,1,-1,-1,-1
571,24,492,150,31,30,1,-1,-1,-1
571,25,836,456,109,82,1,-1,-1,-1
572,1,762,204,41,25,1,-1,-1,-1
572,4,743,187,22,19,1,-1,-1,-1
572,5,808,200,44,21,1,-1,-1,-1
572,8,775,175,36,34,1,-1,-1,-1
572,11,824,217,104,82,1,-1,-1,-1
572,19,972,359,51,57,1,-1,-1,-1
572,20,340,503,65,36,1,-1,-1,-1
572,21,678,248,43,35,1,-1,-1,-1
572,22,727,311,72,62,1,-1,-1,-1
572,23,382,187,23,25,1,-1,-1,-1
572,24,491,148,31,32,1,-1,-1,-1
572,25,836,451,113,88,1,-1,-1,-1
573,1,762,204,41,25,1,-1,-1,-1
573,4,741,185,22,19,1,-1,-1,-1
573,5,808,200,44,21,1,-1,-1,-1
573,8,774,175,36,34,1,-1,-1,-1
573,11,825,217,104,82,1,-1,-1,-1
573,19,973,352,50,65,1,-1,-1,-1
573,21,678,249,43,31,1,-1,-1,-1
573,22,734,310,67,61,1,-1,-1,-1
573,23,381,187,23,25,1,-1,-1,-1
573,24,491,150,31,30,1,-1,-1,-1
573,25,838,445,107,90,1,-1,-1,-1
574,1,761,204,41,25,1,-1,-1,-1
574,4,740,185,22,19,1,-1,-1,-1
574,5,808,200,43,21,1,-1,-1,-1
574,8,774,175,35,32,1,-1,-1,-1
574,11,815,214,115,86,1,-1,-1,-1
574,19,976,358,47,56,1,-1,-1,-1
574,21,677,247,46,34,1,-1,-1,-1
574,22,729,311,67,51,1,-1,-1,-1
574,23,381,189,23,25,1,-1,-1,-1
574,24,489,150,31,30,1,-1,-1,-1
574,25,834,435,116,96,1,-1,-1,-1
575,1,761,204,43,25,1,-1,-1,-1
575,4,740,185,22,19,1,-1,-1,-1
575,5,808,200,43,21,1,-1,-1,-1
575,8,774,175,35,32,1,-1,-1,-1
575,11,815,212,117,88,1,-1,-1,-1
575,19,979,358,44,55,1,-1,-1,-1
575,21,676,246,47,36,1,-1,-1,-1
575,22,727,308,70,56,1,-1,-1,-1
575,23,381,190,25,26,1,-1,-1,-1
575,24,483,149,37,32,1,-1,-1,-1
575,25,838,438,109,87,1,-1,-1,-1
576,1,761,204,43,25,1,-1,-1,-1
576,5,807,200,43,21,1,-1,-1,-1
576,8,773,175,35,32,1,-1,-1,-1
576,11,816,213,114,86,1,-1,-1,-1
576,19,979,356,44,55,1,-1,-1,-1
576,21,678,246,45,31,1,-1,-1,-1
576,22,732,312,66,47,1,-1,-1,-1
576,23,381,190,24,25,1,-1,-1,-1
576,24,488,152,31,30,1,-1,-1,-1
576,25,837,428,113,96,1,-1,-1,-1
577,1,761,202,43,25,1,-1,-1,-1
577,5,807,198,43,21,1,-1,-1,-1
577,8,773,175,33,32,1,-1,-1,-1
577,11,817,212,114,86,1,-1,-1,-1
577,19,979,354,44,52,1,-1,-1,-1
577,21,678,243,44,35,1,-1,-1,-1
577,22,730,304,69,54,1,-1,-1,-1
577,23,380,192,24,25,1,-1,-1,-1
577,24,482,149,37,33,1,-1,-1,-1
577,25,842,432,107,87,1,-1,-1,-1
578,1,760,202,43,25,1,-1,-1,-1
578,5,805,198,43,21,1,-1,-1,-1
578,8,770,175,33,32,1,-1,-1,-1
578,11,816,212,117,88,1,-1,-1,-1
578,19,981,352,42,44,1,-1,-1,-1
578,21,677,241,44,34,1,-1,-1,-1
578,22,731,304,69,54,1,-1,-1,-1
578,23,378,192,24,25,1,-1,-1,-1
578,24,482,148,35,33,1,-1,-1,-1
578,25,839,423,115,94,1,-1,-1,-1
579,1,757,201,43,25,1,-1,-1,-1
579,5,804,198,43,21,1,-1,-1,-1
579,8,770,175,33,32,1,-1,-1,-1
579,11,817,212,114,86,1,-1,-1,-1
579,19,981,352,42,44,1,-1,-1,-1
579,21,676,241,45,36,1,-1,-1,-1
579,22,731,302,71,55,1,-1,-1,-1
579,23,378,194,24,25,1,-1,-1,-1
579,24,480,149,37,34,1,-1,-1,-1
579,25,839,418,113,92,1,-1,-1,-1
580,1,758,202,41,25,1,-1,-1,-1
580,5,804,198,43,21,1,-1,-1,-1
580,8,770,175,39,30,1,-1,-1,-1
580,11,817,212,114,86,1,-1,-1,-1
580,19,983,350,40,45,1,-1,-1,-1
580,21,676,239,47,36,1,-1,-1,-1
580,22,731,300,73,57,1,-1,-1,-1
580,23,377,196,24,25,1,-1,-1,-1
580,24,482,150,34,33,1,-1,-1,-1
580,25,842,416,108,88,1,-1,-1,-1
581,1,757,200,41,25,1,-1,-1,-1
581,5,803,198,43,21,1,-1,-1,-1
581,8,768,173,39,30,1,-1,-1,-1
581,11,817,210,114,86,1,-1,-1,-1
581,19,984,347,39,47,1,-1,-1,-1
581,21,676,239,44,34,1,-1,-1,-1
581,22,731,299,70,51,1,-1,-1,-1
581,23,377,196,26,27,1,-1,-1,-1
581,24,478,149,38,35,1,-1,-1,-1
581,25,843,420,105,80,1,-1,-1,-1
582,1,756,200,43,25,1,-1,-1,-1
582,5,801,198,43,21,1,-1,-1,-1
582,8,766,175,39,30,1,-1,-1,-1
582,11,817,210,114,86,1,-1,-1,-1
582,19,983,343,40,51,1,-1,-1,-1
582,21,676,237,44,36,1,-1,-1,-1
582,22,731,298,69,50,1,-1,-1,-1
582,23,376,198,24,25,1,-1,-1,-1
582,24,484,154,31,30,1,-1,-1,-1
582,25,842,410,111,90,1,-1,-1,-1
583,1,756,200,41,25,1,-1,-1,-1
583,5,800,196,43,21,1,-1,-1,-1
583,8,765,173,39,30,1,-1,-1,-1
583,11,817,208,114,86,1,-1,-1,-1
583,19,985,344,38,49,1,-1,-1,-1
583,21,675,237,44,34,1,-1,-1,-1
583,22,732,298,69,50,1,-1,-1,-1
583,23,376,198,24,25,1,-1,-1,-1
583,24,475,148,39,37,1,-1,-1,-1
583,25,842,406,105,86,1,-1,-1,-1
584,1,752,201,41,25,1,-1,-1,-1
584,5,799,196,43,21,1,-1,-1,-1
584,8,765,173,39,30,1,-1,-1,-1
584,11,815,208,117,88,1,-1,-1,-1
584,19,983,345,40,41,1,-1,-1,-1
584,21,675,237,41,34,1,-1,-1,-1
584,22,732,299,69,46,1,-1,-1,-1
584,23,373,198,24,25,1,-1,-1,-1
584,24,474,148,39,36,1,-1,-1,-1
584,25,845,405,101,82,1,-1,-1,-1
585,1,751,200,41,25,1,-1,-1,-1
585,5,799,196,43,21,1,-1,-1,-1
585,8,762,173,39,30,1,-1,-1,-1
585,11,815,208,117,88,1,-1,-1,-1
585,19,984,343,39,45,1,-1,-1,-1
585,21,675,235,43,34,1,-1,-1,-1
585,22,736,297,65,46,1,-1,-1,-1
585,23,373,200,24,25,1,-1,-1,-1
585,24,474,149,39,36,1,-1,-1,-1
585,25,845,401,104,84,1,-1,-1,-1
586,1,749,200,40,25,1,-1,-1,-1
586,5,798,196,41,21,1,-1,-1,-1
586,8,761,173,39,30,1,-1,-1,-1
586,11,813,206,117,88,1,-1,-1,-1
586,19,987,343,36,41,1,-1,-1,-1
586,21,672,233,44,34,1,-1,-1,-1
586,22,736,295,65,46,1,-1,-1,-1
586,23,373,200,23,25,1,-1,-1,-1
586,24,472,148,39,36,1,-1,-1,-1
586,25,842,403,105,80,1,-1,-1,-1
587,1,749,200,40,25,1,-1,-1,-1
587,5,798,196,41,21,1,-1,-1,-1
587,8,760,173,40,30,1,-1,-1,-1
587,11,815,206,114,86,1,-1,-1,-1
587,19,987,343,36,39,1,-1,-1,-1
587,21,672,233,43,34,1,-1,-1,-1
587,22,737,295,62,46,1,-1,-1,-1
587,23,373,202,23,23,1,-1,-1,-1
587,24,471,148,40,38,1,-1,-1,-1
587,25,845,403,100,74,1,-1,-1,-1
588,1,748,198,41,25,1,-1,-1,-1
588,5,796,196,40,19,1,-1,-1,-1
588,8,760,171,36,28,1,-1,-1,-1
588,11,813,206,117,88,1,-1,-1,-1
588,19,984,341,39,38,1,-1,-1,-1
588,21,670,231,44,36,1,-1,-1,-1
588,22,736,293,66,48,1,-1,-1,-1
588,23,372,202,23,23,1,-1,-1,-1
588,24,471,150,40,38,1,-1,-1,-1
588,25,847,393,96,79,1,-1,-1,-1
589,1,748,198,40,25,1,-1,-1,-1
589,5,795,194,43,21,1,-1,-1,-1
589,8,758,173,36,28,1,-1,-1,-1
589,11,813,204,117,88,1,-1,-1,-1
589,19,985,341,38,37,1,-1,-1,-1
589,21,670,231,44,36,1,-1,-1,-1
589,22,734,289,66,48,1,-1,-1,-1
589,23,370,204,27,28,1,-1,-1,-1
589,24,470,148,40,38,1,-1,-1,-1
589,25,846,389,100,82,1,-1,-1,-1
590,1,747,198,40,25,1,-1,-1,-1
590,5,792,194,44,21,1,-1,-1,-1
590,8,757,173,36,28,1,-1,-1,-1
590,11,813,206,114,86,1,-1,-1,-1
590,19,988,339,35,55,1,-1,-1,-1
590,21,670,229,44,34,1,-1,-1,-1
590,22,731,287,70,50,1,-1,-1,-1
590,23,370,204,28,28,1,-1,-1,-1
590,24,470,150,40,38,1,-1,-1,-1
590,25,842,390,102,78,1,-1,-1,-1
590,26,418,143,21,25,1,-1,-1,-1
591,1,747,198,40,25,1,-1,-1,-1
591,5,794,194,44,21,1,-1,-1,-1
591,8,757,173,36,28,1,-1,-1,-1
591,11,813,204,114,86,1,-1,-1,-1
591,19,985,339,38,39,1,-1,-1,-1
591,21,668,229,44,34,1,-1,-1,-1
591,22,732,287,66,48,1,-1,-1,-1
591,23,372,204,27,30,1,-1,-1,-1
591,24,470,150,40,38,1,-1,-1,-1
591,25,844,388,101,71,1,-1,-1,-1
591,26,417,142,20,25,1,-1,-1,-1
592,1,744,198,40,25,1,-1,-1,-1
592,5,792,194,43,21,1,-1,-1,-1
592,8,756,171,36,28,1,-1,-1,-1
592,11,812,202,117,88,1,-1,-1,-1
592,19,987,337,36,39,1,-1,-1,-1
592,21,668,229,43,34,1,-1,-1,-1
592,22,732,287,66,48,1,-1,-1,-1
592,23,372,204,26,28,1,-1,-1,-1
592,24,468,150,40,38,1,-1,-1,-1
592,25,843,385,99,69,1,-1,-1,-1
592,26,415,144,20,25,1,-1,-1,-1
593,1,744,196,40,25,1,-1,-1,-1
593,5,791,192,43,21,1,-1,-1,-1
593,8,753,171,37,28,1,-1,-1,-1
593,11,812,202,117,88,1,-1,-1,-1
593,19,986,337,37,35,1,-1,-1,-1
593,21,667,225,44,34,1,-1,-1,-1
593,22,732,283,66,48,1,-1,-1,-1
593,23,370,206,27,30,1,-1,-1,-1
593,24,467,150,40,38,1,-1,-1,-1
593,25,843,381,99,69,1,-1,-1,-1
593,26,415,144,20,25,1,-1,-1,-1
594,1,744,196,40,25,1,-1,-1,-1
594,5,791,192,43,21,1,-1,-1,-1
594,8,753,171,36,28,1,-1,-1,-1
594,11,812,200,120,88,1,-1,-1,-1
594,19,988,333,35,40,1,-1,-1,-1
594,21,667,225,44,34,1,-1,-1,-1
594,22,734,285,65,46,1,-1,-1,-1
594,23,370,206,26,28,1,-1,-1,-1
594,24,467,150,40,38,1,-1,-1,-1
594,25,842,379,99,69,1,-1,-1,-1
594,26,415,144,20,25,1,-1,-1,-1
595,1,739,195,47,22,1,-1,-1,-1
595,5,790,192,43,21,1,-1,-1,-1
595,8,753,171,35,27,1,-1,-1,-1
595,11,805,205,125,76,1,-1,-1,-1
595,19,984,333,39,37,1,-1,-1,-1
595,21,663,227,45,29,1,-1,-1,-1
595,22,732,283,62,46,1,-1,-1,-1
595,23,370,206,26,28,1,-1,-1,-1
595,24,464,150,42,38,1,-1,-1,-1
595,25,845,376,95,67,1,-1,-1,-1
595,26,414,144,20,25,1,-1,-1,-1
596,1,741,196,42,20,1,-1,-1,-1
596,5,788,192,44,21,1,-1,-1,-1
596,8,752,171,35,27,1,-1,-1,-1
596,11,812,200,117,88,1,-1,-1,-1
596,19,987,331,36,37,1,-1,-1,-1
596,21,664,225,40,32,1,-1,-1,-1
596,22,736,283,61,44,1,-1,-1,-1
596,23,369,208,27,30,1,-1,-1,-1
596,24,460,149,43,39,1,-1,-1,-1
596,25,843,375,93,65,1,-1,-1,-1
596,26,414,144,20,25,1,-1,-1,-1
597,1,738,196,46,23,1,-1,-1,-1
597,5,787,192,44,21,1,-1,-1,-1
597,8,753,171,35,27,1,-1,-1,-1
597,11,812,200,117,88,1,-1,-1,-1
597,19,990,331,33,54,1,-1,-1,-1
597,21,663,223,40,32,1,-1,-1,-1
597,22,734,281,60,44,1,-1,-1,-1
597,23,369,208,27,30,1,-1,-1,-1
597,24,466,152,36,36,1,-1,-1,-1
597,25,842,370,96,67,1,-1,-1,-1
597,26,414,146,20,25,1,-1,-1,-1
598,1,740,194,41,22,1,-1,-1,-1
598,5,787,190,44,21,1,-1,-1,-1
598,8,752,171,35,27,1,-1,-1,-1
598,11,806,201,118,77,1,-1,-1,-1
598,19,989,331,34,38,1,-1,-1,-1
598,21,663,223,40,32,1,-1,-1,-1
598,22,726,282,70,42,1,-1,-1,-1
598,23,369,208,26,28,1,-1,-1,-1
598,24,462,149,41,37,1,-1,-1,-1
598,25,842,368,95,67,1,-1,-1,-1
598,26,411,146,20,25,1,-1,-1,-1
599,1,738,194,44,23,1,-1,-1,-1
599,5,787,190,43,21,1,-1,-1,-1
599,8,751,169,35,27,1,-1,-1,-1
599,11,807,200,116,75,1,-1,-1,-1
599,19,983,329,40,38,1,-1,-1,-1
599,21,662,221,43,34,1,-1,-1,-1
599,22,727,281,66,40,1,-1,-1,-1
599,23,369,210,26,28,1,-1,-1,-1
599,24,461,148,41,38,1,-1,-1,-1
599,25,841,366,95,67,1,-1,-1,-1
599,26,410,146,20,25,1,-1,-1,-1
600,1,736,194,45,22,1,-1,-1,-1
600,5,786,190,43,21,1,-1,-1,-1
600,8,749,171,32,25,1,-1,-1,-1
600,11,805,200,117,77,1,-1,-1,-1
600,19,987,329,36,35,1,-1,-1,-1
600,21,660,221,41,33,1,-1,-1,-1
600,22,726,279,70,42,1,-1,-1,-1
600,23,369,212,27,30,1,-1,-1,-1
600,24,461,150,41,38,1,-1,-1,-1
600,25,841,364,92,65,1,-1,-1,-1
600,26,408,148,20,25,1,-1,-1,-1
601,1,737,194,43,20,1,-1,-1,-1
601,5,784,190,44,21,1,-1,-1,-1
601,8,748,171,33,25,1,-1,-1,-1
601,11,805,200,117,77,1,-1,-1,-1
601,19,991,327,32,34,1,-1,-1,-1
601,21,658,224,43,27,1,-1,-1,-1
601,22,727,279,66,40,1,-1,-1,-1
601,23,369,212,26,28,1,-1,-1,-1
601,24,462,150,40,36,1,-1,-1,-1
601,25,839,364,94,63,1,-1,-1,-1
601,26,408,148,20,25,1,-1,-1,-1
602,1,737,194,44,17,1,-1,-1,-1
602,5,786,190,44,21,1,-1,-1,-1
602,8,748,171,33,25,1,-1,-1,-1
602,11,805,198,117,77,1,-1,-1,-1
602,19,990,325,33,39,1,-1,-1,-1
602,21,656,223,44,28,1,-1,-1,-1
602,22,727,279,70,42,1,-1,-1,-1
602,23,369,212,24,28,1,-1,-1,-1
602,24,461,150,39,36,1,-1,-1,-1
602,25,840,364,93,60,1,-1,-1,-1
602,26,408,148,19,23,1,-1,-1,-1
603,1,734,193,45,22,1,-1,-1,-1
603,5,787,190,43,21,1,-1,-1,-1
603,8,748,171,32,25,1,-1,-1,-1
603,11,807,200,116,75,1,-1,-1,-1
603,19,989,327,34,30,1,-1,-1,-1
603,21,656,223,43,27,1,-1,-1,-1
603,22,727,277,69,40,1,-1,-1,-1
603,23,369,214,26,28,1,-1,-1,-1
603,24,461,150,40,36,1,-1,-1,-1
603,25,838,360,92,61,1,-1,-1,-1
603,26,408,148,19,23,1,-1,-1,-1
603,27,777,200,42,22,1,-1,-1,-1
604,1,734,194,46,20,1,-1,-1,-1
604,5,787,190,43,21,1,-1,-1,-1
604,8,748,171,32,25,1,-1,-1,-1
604,11,805,198,117,77,1,-1,-1,-1
604,19,990,325,33,30,1,-1,-1,-1
604,21,656,221,43,27,1,-1,-1,-1
604,22,727,277,66,40,1,-1,-1,-1
604,23,370,214,26,28,1,-1,-1,-1
604,24,461,148,43,38,1,-1,-1,-1
604,25,837,358,94,61,1,-1,-1,-1
604,26,408,150,19,23,1,-1,-1,-1
604,27,775,198,44,23,1,-1,-1,-1
605,1,735,194,46,20,1,-1,-1,-1
605,5,786,190,43,21,1,-1,-1,-1
605,8,748,169,32,25,1,-1,-1,-1
605,11,805,198,117,77,1,-1,-1,-1
605,19,990,325,33,30,1,-1,-1,-1
605,21,655,221,44,28,1,-1,-1,-1
605,22,724,273,66,40,1,-1,-1,-1
605,23,373,214,26,28,1,-1,-1,-1
605,24,461,150,41,38,1,-1,-1,-1
605,25,834,354,96,63,1,-1,-1,-1
605,26,407,148,20,25,1,-1,-1,-1
605,27,777,200,41,21,1,-1,-1,-1
606,1,735,192,44,20,1,-1,-1,-1
606,5,784,189,44,21,1,-1,-1,-1
606,8,747,169,35,27,1,-1,-1,-1
606,11,805,198,116,75,1,-1,-1,-1
606,19,990,325,32,28,1,-1,-1,-1
606,21,654,219,43,27,1,-1,-1,-1
606,22,726,275,65,38,1,-1,-1,-1
606,23,372,217,26,28,1,-1,-1,-1
606,24,459,150,44,38,1,-1,-1,-1
606,25,835,354,90,59,1,-1,-1,-1
606,26,407,150,20,25,1,-1,-1,-1
606,27,775,200,43,21,1,-1,-1,-1
607,1,734,192,44,18,1,-1,-1,-1
607,5,782,187,47,23,1,-1,-1,-1
607,8,747,169,32,25,1,-1,-1,-1
607,11,807,198,116,75,1,-1,-1,-1
607,19,988,324,33,30,1,-1,-1,-1
607,21,654,219,41,25,1,-1,-1,-1
607,22,722,270,66,40,1,-1,-1,-1
607,23,372,216,26,28,1,-1,-1,-1
607,24,459,150,44,38,1,-1,-1,-1
607,25,835,352,87,59,1,-1,-1,-1
607,26,408,150,20,25,1,-1,-1,-1
607,27,774,198,41,21,1,-1,-1,-1
608,1,732,191,45,21,1,-1,-1,-1
608,5,782,187,47,23,1,-1,-1,-1
608,8,745,169,33,25,1,-1,-1,-1
608,11,804,196,117,77,1,-1,-1,-1
608,19,988,322,33,30,1,-1,-1,-1
608,21,654,217,43,27,1,-1,-1,-1
608,22,720,267,66,40,1,-1,-1,-1
608,23,369,216,33,34,1,-1,-1,-1
608,24,459,151,42,42,1,-1,-1,-1
608,25,834,347,87,59,1,-1,-1,-1
608,26,407,150,20,25,1,-1,-1,-1
608,27,774,198,41,21,1,-1,-1,-1
609,1,733,192,46,18,1,-1,-1,-1
609,5,781,187,48,23,1,-1,-1,-1
609,8,744,169,38,27,1,-1,-1,-1
609,11,804,194,120,79,1,-1,-1,-1
609,19,990,320,33,30,1,-1,-1,-1
609,21,653,217,43,27,1,-1,-1,-1
609,22,723,270,66,40,1,-1,-1,-1
609,23,369,216,32,34,1,-1,-1,-1
609,24,461,150,44,43,1,-1,-1,-1
609,25,834,347,87,57,1,-1,-1,-1
609,26,408,152,20,25,1,-1,-1,-1
609,27,774,198,41,21,1,-1,-1,-1
610,1,732,191,45,20,1,-1,-1,-1
610,5,778,185,50,25,1,-1,-1,-1
610,8,743,167,39,28,1,-1,-1,-1
610,11,804,194,117,79,1,-1,-1,-1
610,19,990,320,33,30,1,-1,-1,-1
610,21,651,214,43,27,1,-1,-1,-1
610,22,720,266,66,40,1,-1,-1,-1
610,23,369,217,31,32,1,-1,-1,-1
610,24,459,150,45,46,1,-1,-1,-1
610,25,832,343,87,57,1,-1,-1,-1
610,26,407,152,19,23,1,-1,-1,-1
610,27,774,198,41,19,1,-1,-1,-1
611,1,731,190,45,21,1,-1,-1,-1
611,5,778,185,52,25,1,-1,-1,-1
611,8,743,167,37,27,1,-1,-1,-1
611,11,807,194,114,77,1,-1,-1,-1
611,19,988,318,33,30,1,-1,-1,-1
611,21,650,214,44,28,1,-1,-1,-1
611,22,719,266,69,40,1,-1,-1,-1
611,23,369,217,31,32,1,-1,-1,-1
611,24,461,150,43,45,1,-1,-1,-1
611,25,830,341,87,57,1,-1,-1,-1
611,26,407,152,19,23,1,-1,-1,-1
611,27,771,196,41,21,1,-1,-1,-1
612,1,730,190,44,20,1,-1,-1,-1
612,5,778,185,52,25,1,-1,-1,-1
612,8,741,167,37,27,1,-1,-1,-1
612,11,803,194,117,77,1,-1,-1,-1
612,19,988,316,33,30,1,-1,-1,-1
612,21,649,212,47,28,1,-1,-1,-1
612,22,718,264,66,40,1,-1,-1,-1
612,23,369,217,33,34,1,-1,-1,-1
612,24,459,150,44,48,1,-1,-1,-1
612,25,828,337,90,59,1,-1,-1,-1
612,26,407,152,19,23,1,-1,-1,-1
612,27,771,196,43,21,1,-1,-1,-1
613,1,731,190,44,20,1,-1,-1,-1
613,5,777,185,53,25,1,-1,-1,-1
613,8,740,165,37,27,1,-1,-1,-1
613,11,803,194,116,75,1,-1,-1,-1
613,19,987,316,35,30,1,-1,-1,-1
613,21,647,212,45,28,1,-1,-1,-1
613,22,718,262,66,40,1,-1,-1,-1
613,23,368,216,36,38,1,-1,-1,-1
613,24,458,150,44,49,1,-1,-1,-1
613,25,828,335,87,59,1,-1,-1,-1
613,26,407,152,20,25,1,-1,-1,-1
613,27,770,194,43,21,1,-1,-1,-1
614,1,731,189,44,19,1,-1,-1,-1
614,5,774,183,54,27,1,-1,-1,-1
614,8,739,165,40,28,1,-1,-1,-1
614,11,803,192,117,77,1,-1,-1,-1
614,19,987,314,35,30,1,-1,-1,-1
614,21,645,210,47,28,1,-1,-1,-1
614,22,715,262,69,40,1,-1,-1,-1
614,23,368,217,36,36,1,-1,-1,-1
614,24,455,148,49,46,1,-1,-1,-1
614,25,825,333,87,59,1,-1,-1,-1
614,26,407,152,20,25,1,-1,-1,-1
614,27,770,194,41,21,1,-1,-1,-1
615,1,730,189,44,19,1,-1,-1,-1
615,5,774,183,54,27,1,-1,-1,-1
615,8,739,165,37,27,1,-1,-1,-1
615,11,800,192,117,77,1,-1,-1,-1
615,19,987,314,35,30,1,-1,-1,-1
615,21,643,210,45,28,1,-1,-1,-1
615,22,711,258,70,42,1,-1,-1,-1
615,23,371,223,32,31,1,-1,-1,-1
615,24,453,146,52,48,1,-1,-1,-1
615,25,818,327,94,61,1,-1,-1,-1
615,26,407,152,20,25,1,-1,-1,-1
615,27,770,194,41,21,1,-1,-1,-1
616,1,728,189,44,19,1,-1,-1,-1
616,5,773,183,56,27,1,-1,-1,-1
616,8,737,165,39,28,1,-1,-1,-1
616,11,799,190,117,77,1,-1,-1,-1
616,19,986,312,36,30,1,-1,-1,-1
616,21,642,208,47,28,1,-1,-1,-1
616,22,713,258,69,40,1,-1,-1,-1
616,23,370,223,31,30,1,-1,-1,-1
616,24,451,146,53,50,1,-1,-1,-1
616,25,821,329,87,57,1,-1,-1,-1
616,26,406,152,20,25,1,-1,-1,-1
616,27,769,194,41,21,1,-1,-1,-1
617,1,727,189,44,19,1,-1,-1,-1
617,5,770,183,56,27,1,-1,-1,-1
617,8,737,165,36,25,1,-1,-1,-1
617,11,799,190,117,77,1,-1,-1,-1
617,19,986,312,33,30,1,-1,-1,-1
617,21,642,208,43,30,1,-1,-1,-1
617,22,711,258,69,40,1,-1,-1,-1
617,23,372,223,31,30,1,-1,-1,-1
617,24,453,146,53,50,1,-1,-1,-1
617,25,819,329,83,52,1,-1,-1,-1
617,26,407,154,20,25,1,-1,-1,-1
617,27,768,194,41,21,1,-1,-1,-1
618,1,727,189,44,19,1,-1,-1,-1
618,5,770,183,53,25,1,-1,-1,-1
618,8,736,165,36,25,1,-1,-1,-1
618,11,799,190,117,77,1,-1,-1,-1
618,19,981,309,42,35,1,-1,-1,-1
618,21,640,206,47,28,1,-1,-1,-1
618,22,710,256,65,38,1,-1,-1,-1
618,23,373,225,31,30,1,-1,-1,-1
618,24,453,148,50,48,1,-1,-1,-1
618,25,817,325,84,55,1,-1,-1,-1
618,26,406,154,20,25,1,-1,-1,-1
618,27,765,194,40,21,1,-1,-1,-1
619,1,727,187,44,19,1,-1,-1,-1
619,5,770,181,52,25,1,-1,-1,-1
619,8,736,165,36,25,1,-1,-1,-1
619,11,795,190,117,77,1,-1,-1,-1
619,19,983,310,40,33,1,-1,-1,-1
619,21,638,206,47,28,1,-1,-1,-1
619,22,710,256,62,38,1,-1,-1,-1
619,23,373,225,31,30,1,-1,-1,-1
619,24,451,146,53,50,1,-1,-1,-1
619,25,817,326,82,49,1,-1,-1,-1
619,26,406,154,20,25,1,-1,-1,-1
619,27,764,192,41,21,1,-1,-1,-1
620,1,724,187,44,19,1,-1,-1,-1
620,5,770,181,50,25,1,-1,-1,-1
620,8,734,163,36,25,1,-1,-1,-1
620,11,795,189,117,77,1,-1,-1,-1
620,19,980,308,41,33,1,-1,-1,-1
620,21,636,204,47,28,1,-1,-1,-1
620,22,709,254,61,36,1,-1,-1,-1
620,23,370,225,31,30,1,-1,-1,-1
620,24,450,148,52,48,1,-1,-1,-1
620,25,815,324,82,48,1,-1,-1,-1
620,26,404,154,19,25,1,-1,-1,-1
620,27,764,192,40,21,1,-1,-1,-1
621,1,723,187,44,19,1,-1,-1,-1
621,5,766,181,50,25,1,-1,-1,-1
621,8,731,163,36,25,1,-1,-1,-1
621,11,794,189,117,77,1,-1,-1,-1
621,19,978,308,45,39,1,-1,-1,-1
621,21,634,204,44,28,1,-1,-1,-1
621,22,706,254,62,38,1,-1,-1,-1
621,23,370,227,31,30,1,-1,-1,-1
621,24,451,150,49,46,1,-1,-1,-1
621,25,812,320,79,48,1,-1,-1,-1
621,26,404,154,19,25,1,-1,-1,-1
621,27,762,192,40,21,1,-1,-1,-1
622,1,722,187,44,19,1,-1,-1,-1
622,5,765,181,50,25,1,-1,-1,-1
622,8,730,163,36,25,1,-1,-1,-1
622,11,792,187,117,77,1,-1,-1,-1
622,19,976,306,46,44,1,-1,-1,-1
622,21,633,202,43,27,1,-1,-1,-1
622,22,705,252,62,38,1,-1,-1,-1
622,23,372,229,30,28,1,-1,-1,-1
622,24,449,148,50,48,1,-1,-1,-1
622,25,809,318,79,47,1,-1,-1,-1
622,26,403,154,19,25,1,-1,-1,-1
622,27,760,192,40,21,1,-1,-1,-1
623,1,720,185,44,19,1,-1,-1,-1
623,5,764,181,50,25,1,-1,-1,-1
623,8,727,162,36,25,1,-1,-1,-1
623,11,790,185,120,79,1,-1,-1,-1
623,19,975,306,47,37,1,-1,-1,-1
623,21,632,202,43,27,1,-1,-1,-1
623,22,701,250,61,36,1,-1,-1,-1
623,23,370,229,31,30,1,-1,-1,-1
623,24,449,148,50,48,1,-1,-1,-1
623,25,804,318,82,48,1,-1,-1,-1
623,26,403,154,19,25,1,-1,-1,-1
623,27,760,190,40,21,1,-1,-1,-1
624,1,718,185,44,19,1,-1,-1,-1
624,5,762,179,52,25,1,-1,-1,-1
624,8,727,162,36,25,1,-1,-1,-1
624,11,790,187,117,77,1,-1,-1,-1
624,19,974,306,47,36,1,-1,-1,-1
624,21,629,202,41,25,1,-1,-1,-1
624,22,701,250,61,36,1,-1,-1,-1
624,23,370,229,31,30,1,-1,-1,-1
624,24,449,150,49,46,1,-1,-1,-1
624,25,801,316,83,48,1,-1,-1,-1
624,26,402,156,19,25,1,-1,-1,-1
624,27,757,190,40,21,1,-1,-1,-1
625,1,718,185,44,19,1,-1,-1,-1
625,5,761,179,52,25,1,-1,-1,-1
625,8,727,162,36,25,1,-1,-1,-1
625,11,787,185,117,77,1,-1,-1,-1
625,19,971,304,51,39,1,-1,-1,-1
625,21,628,202,43,27,1,-1,-1,-1
625,22,697,246,61,36,1,-1,-1,-1
625,23,369,229,36,33,1,-1,-1,-1
625,24,449,150,48,44,1,-1,-1,-1
625,25,802,311,79,51,1,-1,-1,-1
625,26,402,156,19,25,1,-1,-1,-1
625,27,756,190,41,21,1,-1,-1,-1
626,1,718,185,44,19,1,-1,-1,-1
626,5,760,179,54,27,1,-1,-1,-1
626,8,726,162,36,25,1,-1,-1,-1
626,11,787,185,117,77,1,-1,-1,-1
626,19,970,302,52,43,1,-1,-1,-1
626,21,626,200,43,27,1,-1,-1,-1
626,22,697,248,61,36,1,-1,-1,-1
626,23,369,229,36,32,1,-1,-1,-1
626,24,447,145,54,56,1,-1,-1,-1
626,25,798,311,79,47,1,-1,-1,-1
626,26,400,156,19,25,1,-1,-1,-1
626,27,758,190,38,18,1,-1,-1,-1
627,1,717,185,44,19,1,-1,-1,-1
627,5,758,179,53,25,1,-1,-1,-1
627,8,723,160,36,25,1,-1,-1,-1
627,11,786,185,117,77,1,-1,-1,-1
627,19,970,302,53,41,1,-1,-1,-1
627,21,625,200,43,27,1,-1,-1,-1
627,22,696,246,60,36,1,-1,-1,-1
627,23,369,229,36,34,1,-1,-1,-1
627,24,448,146,50,52,1,-1,-1,-1
627,25,798,312,79,46,1,-1,-1,-1
627,26,400,156,19,25,1,-1,-1,-1
627,27,756,189,39,19,1,-1,-1,-1
628,1,714,183,44,19,1,-1,-1,-1
628,5,757,179,52,25,1,-1,-1,-1
628,8,723,160,36,25,1,-1,-1,-1
628,11,784,185,117,77,1,-1,-1,-1
628,19,967,300,55,39,1,-1,-1,-1
628,21,623,198,43,27,1,-1,-1,-1
628,22,693,244,60,36,1,-1,-1,-1
628,23,369,231,36,34,1,-1,-1,-1
628,24,446,146,53,55,1,-1,-1,-1
628,25,793,306,76,48,1,-1,-1,-1
628,26,399,156,19,25,1,-1,-1,-1
628,27,754,189,39,20,1,-1,-1,-1
629,1,714,183,44,19,1,-1,-1,-1
629,5,757,179,50,25,1,-1,-1,-1
629,8,725,162,36,25,1,-1,-1,-1
629,11,783,185,117,77,1,-1,-1,-1
629,19,966,300,57,39,1,-1,-1,-1
629,21,620,198,43,27,1,-1,-1,-1
629,22,694,246,57,34,1,-1,-1,-1
629,23,370,231,36,34,1,-1,-1,-1
629,24,448,146,52,54,1,-1,-1,-1
629,25,791,304,75,48,1,-1,-1,-1
629,26,399,158,19,25,1,-1,-1,-1
629,27,755,189,37,21,1,-1,-1,-1
630,1,714,183,44,19,1,-1,-1,-1
630,5,757,177,50,25,1,-1,-1,-1
630,8,720,160,36,25,1,-1,-1,-1
630,11,782,183,118,79,1,-1,-1,-1
630,19,966,298,55,39,1,-1,-1,-1
630,21,621,199,41,24,1,-1,-1,-1
630,22,693,244,57,34,1,-1,-1,-1
630,23,370,233,36,34,1,-1,-1,-1
630,24,449,146,49,52,1,-1,-1,-1
630,25,791,304,75,48,1,-1,-1,-1
630,26,399,158,19,25,1,-1,-1,-1
630,27,753,187,39,21,1,-1,-1,-1
631,1,713,183,44,19,1,-1,-1,-1
631,5,756,177,50,25,1,-1,-1,-1
631,8,719,160,36,25,1,-1,-1,-1
631,11,782,183,118,79,1,-1,-1,-1
631,19,963,298,58,47,1,-1,-1,-1
631,21,620,198,41,23,1,-1,-1,-1
631,22,692,243,58,34,1,-1,-1,-1
631,23,372,233,36,34,1,-1,-1,-1
631,24,446,144,53,55,1,-1,-1,-1
631,25,787,300,74,46,1,-1,-1,-1
631,26,399,158,19,25,1,-1,-1,-1
631,27,749,187,40,21,1,-1,-1,-1
631,28,969,388,54,57,1,-1,-1,-1
632,1,711,183,44,19,1,-1,-1,-1
632,5,754,177,46,24,1,-1,-1,-1
632,8,718,160,36,25,1,-1,-1,-1
632,11,782,183,117,77,1,-1,-1,-1
632,19,962,298,60,48,1,-1,-1,-1
632,21,617,198,40,23,1,-1,-1,-1
632,22,682,234,65,41,1,-1,-1,-1
632,23,372,235,36,34,1,-1,-1,-1
632,24,446,146,53,55,1,-1,-1,-1
632,25,786,300,78,48,1,-1,-1,-1
632,26,400,160,19,25,1,-1,-1,-1
632,27,749,187,40,21,1,-1,-1,-1
632,28,965,385,58,56,1,-1,-1,-1
633,1,711,183,44,19,1,-1,-1,-1
633,5,753,177,44,23,1,-1,-1,-1
633,8,718,160,36,25,1,-1,-1,-1
633,11,781,183,117,77,1,-1,-1,-1
633,19,962,298,58,46,1,-1,-1,-1
633,21,616,198,40,23,1,-1,-1,-1
633,22,689,241,58,34,1,-1,-1,-1
633,23,373,235,36,34,1,-1,-1,-1
633,24,446,146,53,55,1,-1,-1,-1
633,25,784,300,75,48,1,-1,-1,-1
633,26,399,160,19,25,1,-1,-1,-1
633,27,748,187,40,21,1,-1,-1,-1
633,28,961,384,62,59,1,-1,-1,-1
634,1,711,183,44,19,1,-1,-1,-1
634,5,753,177,44,23,1,-1,-1,-1
634,8,718,160,36,25,1,-1,-1,-1
634,11,781,183,117,77,1,-1,-1,-1
634,19,961,296,62,48,1,-1,-1,-1
634,21,616,196,40,23,1,-1,-1,-1
634,22,685,239,60,36,1,-1,-1,-1
634,23,373,237,36,32,1,-1,-1,-1
634,24,445,144,54,57,1,-1,-1,-1
634,25,786,300,71,44,1,-1,-1,-1
634,26,400,160,19,25,1,-1,-1,-1
634,27,748,185,40,21,1,-1,-1,-1
634,28,960,383,63,63,1,-1,-1,-1
635,1,710,183,44,19,1,-1,-1,-1
635,5,752,175,45,23,1,-1,-1,-1
635,8,718,160,36,25,1,-1,-1,-1
635,11,779,181,117,77,1,-1,-1,-1
635,19,958,296,65,46,1,-1,-1,-1
635,21,615,196,40,23,1,-1,-1,-1
635,22,685,239,57,34,1,-1,-1,-1
635,23,373,237,36,32,1,-1,-1,-1
635,24,448,147,54,57,1,-1,-1,-1
635,25,779,295,73,46,1,-1,-1,-1
635,26,400,160,19,25,1,-1,-1,-1
635,27,748,185,40,21,1,-1,-1,-1
635,28,953,377,66,64,1,-1,-1,-1
636,1,710,183,44,19,1,-1,-1,-1
636,5,752,175,45,23,1,-1,-1,-1
636,8,717,160,36,25,1,-1,-1,-1
636,11,778,183,114,75,1,-1,-1,-1
636,19,958,295,63,42,1,-1,-1,-1
636,21,613,196,40,23,1,-1,-1,-1
636,22,683,237,57,34,1,-1,-1,-1
636,23,373,237,36,34,1,-1,-1,-1
636,24,448,146,53,57,1,-1,-1,-1
636,25,779,295,71,44,1,-1,-1,-1
636,26,400,163,19,25,1,-1,-1,-1
636,27,747,185,40,21,1,-1,-1,-1
636,28,952,379,71,63,1,-1,-1,-1
637,1,710,183,44,19,1,-1,-1,-1
637,5,752,177,45,23,1,-1,-1,-1
637,8,717,158,36,25,1,-1,-1,-1
637,11,778,181,117,77,1,-1,-1,-1
637,19,958,295,64,42,1,-1,-1,-1
637,21,612,196,40,23,1,-1,-1,-1
637,22,681,237,58,34,1,-1,-1,-1
637,23,374,237,36,34,1,-1,-1,-1
637,24,446,146,56,59,1,-1,-1,-1
637,25,775,293,73,46,1,-1,-1,-1
637,26,400,162,19,25,1,-1,-1,-1
637,27,745,185,41,21,1,-1,-1,-1
637,28,948,376,73,72,1,-1,-1,-1
638,1,710,183,44,19,1,-1,-1,-1
638,5,752,177,45,23,1,-1,-1,-1
638,8,720,162,33,22,1,-1,-1,-1
638,11,778,183,114,75,1,-1,-1,-1
638,19,961,295,61,45,1,-1,-1,-1
638,21,612,194,40,23,1,-1,-1,-1
638,22,680,237,57,34,1,-1,-1,-1
638,23,374,239,36,34,1,-1,-1,-1
638,24,448,146,56,59,1,-1,-1,-1
638,25,774,291,71,44,1,-1,-1,-1
638,26,403,163,19,25,1,-1,-1,-1
638,27,745,185,40,21,1,-1,-1,-1
638,28,945,374,78,73,1,-1,-1,-1
639,1,710,183,44,19,1,-1,-1,-1
639,5,752,177,45,23,1,-1,-1,-1
639,8,719,162,32,21,1,-1,-1,-1
639,11,778,183,114,75,1,-1,-1,-1
639,19,957,295,66,46,1,-1,-1,-1
639,21,611,194,40,23,1,-1,-1,-1
639,22,680,237,57,34,1,-1,-1,-1
639,23,377,239,36,34,1,-1,-1,-1
639,24,450,148,53,57,1,-1,-1,-1
639,25,771,291,71,44,1,-1,-1,-1
639,26,403,163,19,25,1,-1,-1,-1
639,27,745,185,40,21,1,-1,-1,-1
639,28,941,375,81,68,1,-1,-1,-1
640,1,710,183,44,19,1,-1,-1,-1
640,5,752,177,45,23,1,-1,-1,-1
640,8,718,163,32,21,1,-1,-1,-1
640,11,778,181,117,77,1,-1,-1,-1
640,19,957,295,63,46,1,-1,-1,-1
640,21,611,194,40,23,1,-1,-1,-1
640,22,676,233,57,34,1,-1,-1,-1
640,23,377,241,36,34,1,-1,-1,-1
640,24,450,148,53,55,1,-1,-1,-1
640,25,769,289,73,46,1,-1,-1,-1
640,26,403,165,19,25,1,-1,-1,-1
640,27,745,185,41,21,1,-1,-1,-1
640,28,937,370,85,72,1,-1,-1,-1
641,1,709,183,44,19,1,-1,-1,-1
641,5,751,177,45,23,1,-1,-1,-1
641,8,719,163,32,21,1,-1,-1,-1
641,11,777,181,117,77,1,-1,-1,-1
641,19,954,295,68,45,1,-1,-1,-1
641,21,608,192,40,23,1,-1,-1,-1
641,22,676,233,57,34,1,-1,-1,-1
641,23,377,241,36,34,1,-1,-1,-1
641,24,450,148,53,57,1,-1,-1,-1
641,25,765,287,74,46,1,-1,-1,-1
641,26,404,165,19,25,1,-1,-1,-1
641,27,744,185,40,21,1,-1,-1,-1
641,28,932,368,90,73,1,-1,-1,-1
642,1,709,183,44,19,1,-1,-1,-1
642,5,751,177,45,23,1,-1,-1,-1
642,8,718,163,32,21,1,-1,-1,-1
642,11,777,181,114,75,1,-1,-1,-1
642,19,954,293,68,45,1,-1,-1,-1
642,21,608,192,40,23,1,-1,-1,-1
642,22,675,233,57,34,1,-1,-1,-1
642,23,378,243,36,34,1,-1,-1,-1
642,24,449,146,56,59,1,-1,-1,-1
642,25,764,287,72,43,1,-1,-1,-1
642,26,406,165,19,25,1,-1,-1,-1
642,27,744,185,40,21,1,-1,-1,-1
642,28,930,367,93,76,1,-1,-1,-1
643,1,709,183,44,19,1,-1,-1,-1
643,5,751,175,47,23,1,-1,-1,-1
643,8,718,162,32,21,1,-1,-1,-1
643,11,777,181,117,74,1,-1,-1,-1
643,19,953,293,68,47,1,-1,-1,-1
643,21,608,192,40,23,1,-1,-1,-1
643,22,673,233,57,34,1,-1,-1,-1
643,23,380,244,36,34,1,-1,-1,-1
643,24,451,151,54,56,1,-1,-1,-1
643,25,766,288,69,41,1,-1,-1,-1
643,26,402,166,19,25,1,-1,-1,-1
643,27,744,185,40,21,1,-1,-1,-1
643,28,927,364,96,83,1,-1,-1,-1
644,1,709,183,44,19,1,-1,-1,-1
644,5,749,175,45,23,1,-1,-1,-1
644,8,718,162,32,21,1,-1,-1,-1
644,11,777,181,114,75,1,-1,-1,-1
644,19,953,293,70,49,1,-1,-1,-1
644,21,607,192,40,23,1,-1,-1,-1
644,22,671,231,59,32,1,-1,-1,-1
644,23,380,244,37,34,1,-1,-1,-1
644,24,450,148,54,57,1,-1,-1,-1
644,25,762,287,69,41,1,-1,-1,-1
644,26,407,167,19,25,1,-1,-1,-1
644,27,744,185,40,21,1,-1,-1,-1
644,28,923,366,99,74,1,-1,-1,-1
645,1,709,183,44,19,1,-1,-1,-1
645,5,749,177,45,23,1,-1,-1,-1
645,8,718,162,32,21,1,-1,-1,-1
645,11,775,181,117,77,1,-1,-1,-1
645,19,953,293,69,46,1,-1,-1,-1
645,21,605,190,40,23,1,-1,-1,-1
645,22,670,230,57,34,1,-1,-1,-1
645,23,381,246,41,38,1,-1,-1,-1
645,24,455,152,51,54,1,-1,-1,-1
645,25,760,285,70,42,1,-1,-1,-1
645,26,404,167,19,25,1,-1,-1,-1
645,27,744,185,40,21,1,-1,-1,-1
645,28,920,360,102,76,1,-1,-1,-1
646,1,709,183,44,19,1,-1,-1,-1
646,5,749,177,45,23,1,-1,-1,-1
646,8,718,162,32,21,1,-1,-1,-1
646,11,775,181,114,75,1,-1,-1,-1
646,19,952,293,71,43,1,-1,-1,-1
646,21,604,190,41,23,1,-1,-1,-1
646,22,671,231,57,32,1,-1,-1,-1
646,23,381,248,43,40,1,-1,-1,-1
646,24,451,151,57,58,1,-1,-1,-1
646,25,760,285,70,42,1,-1,-1,-1
646,26,403,169,23,26,1,-1,-1,-1
646,27,744,185,40,21,1,-1,-1,-1
646,28,917,359,103,71,1,-1,-1,-1
647,1,707,183,44,19,1,-1,-1,-1
647,5,749,177,45,23,1,-1,-1,-1
647,8,718,163,32,21,1,-1,-1,-1
647,11,775,181,114,75,1,-1,-1,-1
647,19,952,293,71,42,1,-1,-1,-1
647,21,603,190,40,23,1,-1,-1,-1
647,22,668,229,56,31,1,-1,-1,-1
647,23,382,248,40,37,1,-1,-1,-1
647,24,450,150,57,57,1,-1,-1,-1
647,25,757,283,74,44,1,-1,-1,-1
647,26,408,169,19,25,1,-1,-1,-1
647,27,744,185,40,21,1,-1,-1,-1
647,28,912,356,110,76,1,-1,-1,-1
648,1,709,183,44,19,1,-1,-1,-1
648,5,749,177,45,23,1,-1,-1,-1
648,8,718,163,32,21,1,-1,-1,-1
648,11,774,181,117,77,1,-1,-1,-1
648,19,949,291,73,48,1,-1,-1,-1
648,21,604,190,40,23,1,-1,-1,-1
648,22,667,229,55,31,1,-1,-1,-1
648,23,383,248,40,40,1,-1,-1,-1
648,24,453,152,53,55,1,-1,-1,-1
648,25,757,283,73,44,1,-1,-1,-1
648,26,401,171,26,24,1,-1,-1,-1
648,27,744,185,40,21,1,-1,-1,-1
648,28,909,355,114,71,1,-1,-1,-1
649,1,709,183,44,19,1,-1,-1,-1
649,5,748,177,45,23,1,-1,-1,-1
649,8,718,163,32,21,1,-1,-1,-1
649,11,774,181,114,75,1,-1,-1,-1
649,19,952,291,71,48,1,-1,-1,-1
649,21,602,190,40,23,1,-1,-1,-1
649,22,664,227,58,33,1,-1,-1,-1
649,23,382,248,42,41,1,-1,-1,-1
649,24,451,152,54,55,1,-1,-1,-1
649,25,754,281,68,40,1,-1,-1,-1
649,26,400,171,26,23,1,-1,-1,-1
649,27,744,185,40,21,1,-1,-1,-1
649,28,906,355,115,70,1,-1,-1,-1
650,1,707,183,44,19,1,-1,-1,-1
650,5,748,177,44,23,1,-1,-1,-1
650,8,718,163,32,21,1,-1,-1,-1
650,11,774,181,114,75,1,-1,-1,-1
650,19,949,291,74,44,1,-1,-1,-1
650,21,602,189,40,23,1,-1,-1,-1
650,22,664,227,58,31,1,-1,-1,-1
650,23,386,250,39,40,1,-1,-1,-1
650,24,454,154,53,54,1,-1,-1,-1
650,25,753,281,69,39,1,-1,-1,-1
650,26,402,171,26,23,1,-1,-1,-1
650,27,744,185,40,21,1,-1,-1,-1
650,28,902,354,120,65,1,-1,-1,-1
651,1,706,183,44,19,1,-1,-1,-1
651,5,748,175,45,23,1,-1,-1,-1
651,8,717,163,32,21,1,-1,-1,-1
651,11,774,181,114,75,1,-1,-1,-1
651,19,949,291,74,46,1,-1,-1,-1
651,21,599,189,40,23,1,-1,-1,-1
651,22,663,227,55,30,1,-1,-1,-1
651,23,387,252,37,38,1,-1,-1,-1
651,24,454,154,52,52,1,-1,-1,-1
651,25,753,281,66,36,1,-1,-1,-1
651,26,403,173,26,23,1,-1,-1,-1
651,27,743,185,40,21,1,-1,-1,-1
651,28,901,349,121,72,1,-1,-1,-1
652,1,707,183,44,19,1,-1,-1,-1
652,5,748,175,45,23,1,-1,-1,-1
652,8,717,163,32,21,1,-1,-1,-1
652,11,774,181,114,75,1,-1,-1,-1
652,19,948,291,75,43,1,-1,-1,-1
652,21,599,187,40,23,1,-1,-1,-1
652,22,663,225,56,32,1,-1,-1,-1
652,23,385,256,40,35,1,-1,-1,-1
652,24,454,154,53,54,1,-1,-1,-1
652,25,749,279,66,38,1,-1,-1,-1
652,26,403,173,26,23,1,-1,-1,-1
652,27,743,185,40,21,1,-1,-1,-1
652,28,898,351,119,64,1,-1,-1,-1
653,1,707,183,44,19,1,-1,-1,-1
653,5,748,177,44,23,1,-1,-1,-1
653,8,717,163,32,21,1,-1,-1,-1
653,11,774,181,114,75,1,-1,-1,-1
653,19,946,291,76,44,1,-1,-1,-1
653,21,599,187,40,23,1,-1,-1,-1
653,22,660,225,55,30,1,-1,-1,-1
653,23,386,256,40,36,1,-1,-1,-1
653,24,454,154,54,55,1,-1,-1,-1
653,25,748,277,69,38,1,-1,-1,-1
653,26,403,175,26,23,1,-1,-1,-1
653,27,741,185,40,21,1,-1,-1,-1
653,28,896,349,118,63,1,-1,-1,-1
654,1,707,183,44,19,1,-1,-1,-1
654,5,747,175,45,23,1,-1,-1,-1
654,8,717,163,32,21,1,-1,-1,-1
654,11,773,181,114,75,1,-1,-1,-1
654,19,948,290,75,42,1,-1,-1,-1
654,21,598,187,40,23,1,-1,-1,-1
654,22,662,225,53,29,1,-1,-1,-1
654,23,386,258,41,36,1,-1,-1,-1
654,24,454,154,56,57,1,-1,-1,-1
654,25,748,279,66,36,1,-1,-1,-1
654,26,404,175,26,23,1,-1,-1,-1
654,27,741,185,40,21,1,-1,-1,-1
654,28,897,347,113,65,1,-1,-1,-1
655,1,706,183,44,19,1,-1,-1,-1
655,5,747,177,45,23,1,-1,-1,-1
655,8,715,163,33,21,1,-1,-1,-1
655,11,774,181,114,75,1,-1,-1,-1
655,19,948,289,74,42,1,-1,-1,-1
655,21,598,187,40,23,1,-1,-1,-1
655,22,661,225,52,31,1,-1,-1,-1
655,23,387,258,43,38,1,-1,-1,-1
655,24,454,156,53,55,1,-1,-1,-1
655,25,747,277,66,36,1,-1,-1,-1
655,26,406,175,26,23,1,-1,-1,-1
655,27,741,185,40,21,1,-1,-1,-1
655,28,889,344,115,65,1,-1,-1,-1
656,1,706,183,44,19,1,-1,-1,-1
656,5,747,177,45,23,1,-1,-1,-1
656,8,717,163,32,21,1,-1,-1,-1
656,11,773,181,111,74,1,-1,-1,-1
656,19,946,289,74,42,1,-1,-1,-1
656,21,596,184,40,23,1,-1,-1,-1
656,22,658,225,53,28,1,-1,-1,-1
656,23,389,260,41,36,1,-1,-1,-1
656,24,457,156,52,52,1,-1,-1,-1
656,25,744,277,64,36,1,-1,-1,-1
656,26,407,177,26,23,1,-1,-1,-1
656,27,741,185,40,21,1,-1,-1,-1
656,28,885,345,121,65,1,-1,-1,-1
657,1,706,183,44,19,1,-1,-1,-1
657,5,747,177,45,23,1,-1,-1,-1
657,8,715,163,32,21,1,-1,-1,-1
657,11,773,181,111,73,1,-1,-1,-1
657,19,944,289,79,45,1,-1,-1,-1
657,21,607,185,28,19,1,-1,-1,-1
657,22,656,223,53,28,1,-1,-1,-1
657,23,390,262,41,36,1,-1,-1,-1
657,24,457,158,49,50,1,-1,-1,-1
657,25,744,275,61,34,1,-1,-1,-1
657,26,407,179,26,23,1,-1,-1,-1
657,27,741,185,40,21,1,-1,-1,-1
657,28,881,343,118,63,1,-1,-1,-1
658,1,706,183,44,19,1,-1,-1,-1
658,5,745,177,45,23,1,-1,-1,-1
658,8,715,162,32,21,1,-1,-1,-1
658,11,771,181,111,73,1,-1,-1,-1
658,19,945,289,78,45,1,-1,-1,-1
658,21,602,185,26,22,1,-1,-1,-1
658,22,655,225,53,28,1,-1,-1,-1
658,23,390,262,43,38,1,-1,-1,-1
658,24,459,158,55,53,1,-1,-1,-1
658,25,740,275,61,34,1,-1,-1,-1
658,26,407,179,26,23,1,-1,-1,-1
658,27,740,185,40,21,1,-1,-1,-1
658,28,881,341,113,62,1,-1,-1,-1
659,1,706,183,44,19,1,-1,-1,-1
659,5,747,177,44,23,1,-1,-1,-1
659,8,715,163,32,21,1,-1,-1,-1
659,11,771,181,111,73,1,-1,-1,-1
659,19,945,289,78,45,1,-1,-1,-1
659,21,604,185,27,21,1,-1,-1,-1
659,22,654,225,53,28,1,-1,-1,-1
659,23,390,262,43,38,1,-1,-1,-1
659,24,458,158,59,56,1,-1,-1,-1
659,25,740,273,61,34,1,-1,-1,-1
659,26,408,179,26,23,1,-1,-1,-1
659,27,740,185,40,21,1,-1,-1,-1
659,28,873,339,117,63,1,-1,-1,-1
660,1,706,183,44,19,1,-1,-1,-1
660,5,744,175,45,23,1,-1,-1,-1
660,8,714,163,32,21,1,-1,-1,-1
660,11,771,181,111,73,1,-1,-1,-1
660,19,944,289,79,44,1,-1,-1,-1
660,21,603,185,28,20,1,-1,-1,-1
660,22,654,223,53,28,1,-1,-1,-1
660,23,391,264,43,38,1,-1,-1,-1
660,24,458,160,59,59,1,-1,-1,-1
660,25,739,273,60,34,1,-1,-1,-1
660,26,410,181,26,23,1,-1,-1,-1
660,27,740,185,40,21,1,-1,-1,-1
660,28,872,337,113,61,1,-1,-1,-1
661,1,706,183,44,19,1,-1,-1,-1
661,5,745,175,45,23,1,-1,-1,-1
661,8,714,163,32,21,1,-1,-1,-1
661,11,770,181,111,73,1,-1,-1,-1
661,19,941,289,81,45,1,-1,-1,-1
661,21,604,185,27,17,1,-1,-1,-1
661,22,654,225,53,28,1,-1,-1,-1
661,23,391,266,44,38,1,-1,-1,-1
661,24,459,160,58,59,1,-1,-1,-1
661,25,736,271,61,34,1,-1,-1,-1
661,26,410,181,26,23,1,-1,-1,-1
661,27,740,185,40,21,1,-1,-1,-1
661,28,869,337,113,61,1,-1,-1,-1
662,1,705,183,44,19,1,-1,-1,-1
662,8,714,163,32,21,1,-1,-1,-1
662,11,773,181,107,71,1,-1,-1,-1
662,19,941,289,80,46,1,-1,-1,-1
662,21,605,183,23,21,1,-1,-1,-1
662,22,650,221,53,28,1,-1,-1,-1
662,23,393,266,44,38,1,-1,-1,-1
662,24,459,160,58,58,1,-1,-1,-1
662,25,734,271,61,34,1,-1,-1,-1
662,26,411,181,26,23,1,-1,-1,-1
662,27,739,185,40,21,1,-1,-1,-1
662,28,868,335,113,61,1,-1,-1,-1
663,1,705,183,44,19,1,-1,-1,-1
663,8,714,162,32,21,1,-1,-1,-1
663,11,770,181,108,73,1,-1,-1,-1
663,19,941,289,81,38,1,-1,-1,-1
663,21,603,183,25,18,1,-1,-1,-1
663,22,650,221,53,28,1,-1,-1,-1
663,23,394,270,44,38,1,-1,-1,-1
663,24,458,160,57,57,1,-1,-1,-1
663,25,731,270,61,34,1,-1,-1,-1
663,26,411,183,26,23,1,-1,-1,-1
663,27,739,183,41,21,1,-1,-1,-1
663,28,864,333,113,61,1,-1,-1,-1
664,1,705,183,44,19,1,-1,-1,-1
664,8,714,163,32,21,1,-1,-1,-1
664,11,774,185,106,69,1,-1,-1,-1
664,19,940,287,82,39,1,-1,-1,-1
664,21,601,181,26,19,1,-1,-1,-1
664,22,649,221,53,28,1,-1,-1,-1
664,23,394,270,44,38,1,-1,-1,-1
664,24,461,163,54,55,1,-1,-1,-1
664,25,731,270,60,34,1,-1,-1,-1
664,26,411,183,26,23,1,-1,-1,-1
664,27,739,183,40,21,1,-1,-1,-1
664,28,862,333,112,59,1,-1,-1,-1
665,1,702,183,44,19,1,-1,-1,-1
665,8,713,163,32,21,1,-1,-1,-1
665,11,768,181,113,75,1,-1,-1,-1
665,19,940,287,79,38,1,-1,-1,-1
665,21,601,183,25,20,1,-1,-1,-1
665,22,646,219,54,28,1,-1,-1,-1
665,23,394,271,44,38,1,-1,-1,-1
665,24,462,163,53,54,1,-1,-1,-1
665,25,728,268,60,34,1,-1,-1,-1
665,26,409,178,29,29,1,-1,-1,-1
665,27,739,185,40,21,1,-1,-1,-1
665,28,859,331,109,59,1,-1,-1,-1
666,1,704,183,44,19,1,-1,-1,-1
666,8,714,163,32,21,1,-1,-1,-1
666,11,769,181,111,73,1,-1,-1,-1
666,19,939,287,82,38,1,-1,-1,-1
666,21,602,183,22,18,1,-1,-1,-1
666,22,642,217,57,30,1,-1,-1,-1
666,23,395,271,44,38,1,-1,-1,-1
666,24,461,163,56,55,1,-1,-1,-1
666,25,727,268,58,32,1,-1,-1,-1
666,26,409,182,30,28,1,-1,-1,-1
666,27,737,185,41,21,1,-1,-1,-1
666,28,855,329,108,57,1,-1,-1,-1
667,1,704,183,44,19,1,-1,-1,-1
667,8,713,163,38,24,1,-1,-1,-1
667,11,768,181,111,73,1,-1,-1,-1
667,19,937,285,83,40,1,-1,-1,-1
667,21,599,181,25,19,1,-1,-1,-1
667,22,642,219,54,28,1,-1,-1,-1
667,23,395,273,44,38,1,-1,-1,-1
667,24,461,162,57,57,1,-1,-1,-1
667,25,727,268,57,32,1,-1,-1,-1
667,26,407,183,35,31,1,-1,-1,-1
667,27,736,183,41,21,1,-1,-1,-1
667,28,852,329,108,57,1,-1,-1,-1
668,1,702,183,44,19,1,-1,-1,-1
668,8,711,162,40,25,1,-1,-1,-1
668,11,769,181,108,73,1,-1,-1,-1
668,19,936,285,87,40,1,-1,-1,-1
668,21,597,181,25,18,1,-1,-1,-1
668,22,642,217,54,28,1,-1,-1,-1
668,23,398,273,48,45,1,-1,-1,-1
668,24,461,163,57,57,1,-1,-1,-1
668,25,723,264,58,32,1,-1,-1,-1
668,26,407,183,35,30,1,-1,-1,-1
668,27,736,183,40,21,1,-1,-1,-1
668,28,851,327,105,57,1,-1,-1,-1
669,1,702,183,44,19,1,-1,-1,-1
669,8,713,163,37,23,1,-1,-1,-1
669,11,768,181,111,73,1,-1,-1,-1
669,19,936,285,84,40,1,-1,-1,-1
669,21,594,181,27,18,1,-1,-1,-1
669,22,641,217,53,28,1,-1,-1,-1
669,23,398,275,48,44,1,-1,-1,-1
669,24,462,163,56,55,1,-1,-1,-1
669,25,723,264,60,34,1,-1,-1,-1
669,26,407,185,33,30,1,-1,-1,-1
669,27,737,185,40,21,1,-1,-1,-1
669,28,846,324,108,57,1,-1,-1,-1
670,1,702,183,44,19,1,-1,-1,-1
670,8,713,163,37,23,1,-1,-1,-1
670,11,768,181,108,73,1,-1,-1,-1
670,19,936,285,83,40,1,-1,-1,-1
670,21,594,181,26,19,1,-1,-1,-1
670,22,640,217,54,28,1,-1,-1,-1
670,23,400,275,48,44,1,-1,-1,-1
670,24,461,163,57,57,1,-1,-1,-1
670,25,719,262,60,34,1,-1,-1,-1
670,26,411,187,33,30,1,-1,-1,-1
670,27,737,185,40,21,1,-1,-1,-1
670,28,846,324,105,57,1,-1,-1,-1
671,1,702,183,44,19,1,-1,-1,-1
671,8,713,163,37,23,1,-1,-1,-1
671,11,768,181,111,73,1,-1,-1,-1
671,19,936,285,83,40,1,-1,-1,-1
671,21,594,179,26,19,1,-1,-1,-1
671,22,638,216,56,30,1,-1,-1,-1
671,23,400,277,48,44,1,-1,-1,-1
671,24,461,163,58,59,1,-1,-1,-1
671,25,719,262,58,32,1,-1,-1,-1
671,26,410,185,35,30,1,-1,-1,-1
671,27,737,185,39,21,1,-1,-1,-1
671,28,843,322,105,57,1,-1,-1,-1
672,1,701,183,44,19,1,-1,-1,-1
672,8,711,163,37,23,1,-1,-1,-1
672,11,766,181,111,73,1,-1,-1,-1
672,19,936,285,82,38,1,-1,-1,-1
672,21,598,179,20,19,1,-1,-1,-1
672,22,636,214,56,30,1,-1,-1,-1
672,23,402,279,48,44,1,-1,-1,-1
672,24,461,162,60,59,1,-1,-1,-1
672,25,718,262,60,34,1,-1,-1,-1
672,26,411,187,35,30,1,-1,-1,-1
672,27,737,185,39,21,1,-1,-1,-1
672,28,838,320,108,57,1,-1,-1,-1
673,1,701,181,44,19,1,-1,-1,-1
673,8,713,163,37,23,1,-1,-1,-1
673,11,765,181,111,73,1,-1,-1,-1
673,19,935,285,79,38,1,-1,-1,-1
673,21,596,179,21,19,1,-1,-1,-1
673,22,636,214,54,28,1,-1,-1,-1
673,23,404,281,48,44,1,-1,-1,-1
673,24,458,160,64,63,1,-1,-1,-1
673,25,715,260,61,34,1,-1,-1,-1
673,26,411,187,36,32,1,-1,-1,-1
673,27,736,183,39,21,1,-1,-1,-1
673,28,834,318,112,59,1,-1,-1,-1
674,1,701,183,44,19,1,-1,-1,-1
674,8,713,163,37,23,1,-1,-1,-1
674,11,765,179,111,73,1,-1,-1,-1
674,19,933,285,82,38,1,-1,-1,-1
674,21,597,179,20,19,1,-1,-1,-1
674,22,633,214,58,30,1,-1,-1,-1
674,23,404,281,49,46,1,-1,-1,-1
674,24,458,162,65,65,1,-1,-1,-1
674,25,714,260,60,34,1,-1,-1,-1
674,26,411,189,36,32,1,-1,-1,-1
674,27,736,183,39,21,1,-1,-1,-1
674,28,839,318,98,57,1,-1,-1,-1
675,1,701,183,44,19,1,-1,-1,-1
675,8,713,163,37,23,1,-1,-1,-1
675,11,765,179,111,73,1,-1,-1,-1
675,19,932,283,83,40,1,-1,-1,-1
675,21,590,177,26,19,1,-1,-1,-1
675,22,632,212,58,30,1,-1,-1,-1
675,23,406,283,48,44,1,-1,-1,-1
675,24,459,162,64,63,1,-1,-1,-1
675,25,713,258,61,34,1,-1,-1,-1
675,26,414,190,36,32,1,-1,-1,-1
675,27,736,183,39,21,1,-1,-1,-1
675,28,837,316,97,57,1,-1,-1,-1
676,1,701,181,44,19,1,-1,-1,-1
676,8,713,163,37,23,1,-1,-1,-1
676,11,765,179,111,73,1,-1,-1,-1
676,19,932,283,82,38,1,-1,-1,-1
676,22,632,212,56,30,1,-1,-1,-1
676,23,407,283,47,44,1,-1,-1,-1
676,24,458,163,65,65,1,-1,-1,-1
676,25,710,256,61,34,1,-1,-1,-1
676,26,415,190,35,30,1,-1,-1,-1
676,27,736,183,40,21,1,-1,-1,-1
676,28,834,316,97,57,1,-1,-1,-1
677,1,702,183,44,19,1,-1,-1,-1
677,8,713,163,37,23,1,-1,-1,-1
677,11,765,179,111,73,1,-1,-1,-1
677,19,931,283,83,40,1,-1,-1,-1
677,22,632,212,54,28,1,-1,-1,-1
677,23,407,285,47,44,1,-1,-1,-1
677,24,458,162,66,67,1,-1,-1,-1
677,25,710,256,61,34,1,-1,-1,-1
677,26,415,192,35,30,1,-1,-1,-1
677,27,736,183,39,21,1,-1,-1,-1
677,28,834,316,94,55,1,-1,-1,-1
678,1,701,183,44,19,1,-1,-1,-1
678,8,711,163,37,23,1,-1,-1,-1
678,11,765,179,111,73,1,-1,-1,-1
678,19,929,283,83,40,1,-1,-1,-1
678,22,632,212,53,28,1,-1,-1,-1
678,23,408,287,48,44,1,-1,-1,-1
678,24,463,163,62,67,1,-1,-1,-1
678,25,709,256,58,32,1,-1,-1,-1
678,26,416,192,36,32,1,-1,-1,-1
678,27,736,183,40,21,1,-1,-1,-1
678,28,829,312,97,57,1,-1,-1,-1
679,1,701,183,44,19,1,-1,-1,-1
679,8,711,163,37,23,1,-1,-1,-1
679,11,765,179,108,73,1,-1,-1,-1
679,19,927,283,84,40,1,-1,-1,-1
679,22,629,210,52,27,1,-1,-1,-1
679,23,408,287,49,46,1,-1,-1,-1
679,24,462,163,65,65,1,-1,-1,-1
679,25,707,256,57,34,1,-1,-1,-1
679,26,415,194,36,32,1,-1,-1,-1
679,27,736,183,40,21,1,-1,-1,-1
679,28,825,312,100,57,1,-1,-1,-1
680,1,701,181,44,19,1,-1,-1,-1
680,8,711,163,37,23,1,-1,-1,-1
680,11,765,181,108,73,1,-1,-1,-1
680,19,928,283,83,40,1,-1,-1,-1
680,22,629,210,49,25,1,-1,-1,-1
680,23,411,289,49,46,1,-1,-1,-1
680,24,464,163,65,66,1,-1,-1,-1
680,25,706,254,58,34,1,-1,-1,-1
680,26,416,194,36,32,1,-1,-1,-1
680,27,736,183,40,21,1,-1,-1,-1
680,28,824,310,96,54,1,-1,-1,-1
681,1,701,181,44,19,1,-1,-1,-1
681,8,710,163,37,23,1,-1,-1,-1
681,11,765,181,108,73,1,-1,-1,-1
681,19,927,283,83,40,1,-1,-1,-1
681,22,628,210,49,25,1,-1,-1,-1
681,23,410,288,52,50,1,-1,-1,-1
681,24,462,161,67,67,1,-1,-1,-1
681,25,706,254,56,32,1,-1,-1,-1
681,26,416,194,36,32,1,-1,-1,-1
681,27,735,183,40,21,1,-1,-1,-1
681,28,821,310,96,55,1,-1,-1,-1
682,1,701,183,43,19,1,-1,-1,-1
682,8,710,163,37,23,1,-1,-1,-1
682,11,765,181,108,73,1,-1,-1,-1
682,19,927,283,83,40,1,-1,-1,-1
682,22,625,208,52,27,1,-1,-1,-1
682,23,415,293,48,44,1,-1,-1,-1
682,24,464,164,66,67,1,-1,-1,-1
682,25,705,254,56,32,1,-1,-1,-1
682,26,417,196,37,34,1,-1,-1,-1
682,27,735,183,40,21,1,-1,-1,-1
682,28,820,308,96,55,1,-1,-1,-1
683,1,700,181,44,19,1,-1,-1,-1
683,8,710,163,37,23,1,-1,-1,-1
683,11,765,181,108,73,1,-1,-1,-1
683,19,927,281,83,40,1,-1,-1,-1
683,22,625,208,49,25,1,-1,-1,-1
683,23,415,295,48,44,1,-1,-1,-1
683,24,466,166,65,65,1,-1,-1,-1
683,25,705,254,53,30,1,-1,-1,-1
683,26,417,196,39,34,1,-1,-1,-1
683,27,735,183,40,21,1,-1,-1,-1
683,28,817,308,97,57,1,-1,-1,-1
684,1,701,181,44,19,1,-1,-1,-1
684,8,710,163,37,23,1,-1,-1,-1
684,11,762,179,111,73,1,-1,-1,-1
684,19,926,281,83,40,1,-1,-1,-1
684,22,625,208,49,25,1,-1,-1,-1
684,23,415,297,48,44,1,-1,-1,-1
684,24,465,165,65,65,1,-1,-1,-1
684,25,699,250,56,32,1,-1,-1,-1
684,26,417,196,40,36,1,-1,-1,-1
684,27,735,183,40,21,1,-1,-1,-1
684,28,815,304,97,57,1,-1,-1,-1
685,1,701,181,44,19,1,-1,-1,-1
685,8,710,163,37,23,1,-1,-1,-1
685,11,765,182,106,68,1,-1,-1,-1
685,19,926,281,83,40,1,-1,-1,-1
685,22,625,206,50,25,1,-1,-1,-1
685,23,415,295,52,50,1,-1,-1,-1
685,24,464,165,65,65,1,-1,-1,-1
685,25,698,250,58,33,1,-1,-1,-1
685,26,421,199,39,34,1,-1,-1,-1
685,27,734,183,40,21,1,-1,-1,-1
685,28,813,304,94,53,1,-1,-1,-1
686,1,700,181,44,19,1,-1,-1,-1
686,8,710,163,37,23,1,-1,-1,-1
686,11,765,181,105,67,1,-1,-1,-1
686,19,924,281,83,40,1,-1,-1,-1
686,22,620,206,52,27,1,-1,-1,-1
686,23,415,295,53,50,1,-1,-1,-1
686,24,467,168,65,65,1,-1,-1,-1
686,25,697,250,56,32,1,-1,-1,-1
686,26,420,200,40,36,1,-1,-1,-1
686,27,734,183,40,21,1,-1,-1,-1
686,28,812,302,94,52,1,-1,-1,-1
687,1,701,181,43,19,1,-1,-1,-1
687,8,710,163,37,23,1,-1,-1,-1
687,11,765,183,105,67,1,-1,-1,-1
687,19,924,281,82,38,1,-1,-1,-1
687,22,620,206,52,27,1,-1,-1,-1
687,23,417,298,53,50,1,-1,-1,-1
687,24,467,168,66,66,1,-1,-1,-1
687,25,697,250,54,30,1,-1,-1,-1
687,26,425,200,38,33,1,-1,-1,-1
687,27,732,183,40,21,1,-1,-1,-1
687,28,811,302,94,52,1,-1,-1,-1
688,1,698,181,44,19,1,-1,-1,-1
688,8,710,163,37,23,1,-1,-1,-1
688,11,765,181,105,67,1,-1,-1,-1
688,19,924,281,79,38,1,-1,-1,-1
688,22,621,206,49,25,1,-1,-1,-1
688,23,419,300,54,55,1,-1,-1,-1
688,24,469,169,65,60,1,-1,-1,-1
688,25,693,248,57,32,1,-1,-1,-1
688,26,427,203,35,35,1,-1,-1,-1
688,27,732,183,40,21,1,-1,-1,-1
688,28,808,302,88,50,1,-1,-1,-1
689,1,698,181,44,19,1,-1,-1,-1
689,8,710,163,37,23,1,-1,-1,-1
689,11,764,181,105,67,1,-1,-1,-1
689,19,923,281,82,38,1,-1,-1,-1
689,22,620,204,48,25,1,-1,-1,-1
689,23,419,300,53,50,1,-1,-1,-1
689,24,467,169,66,65,1,-1,-1,-1
689,25,693,246,57,32,1,-1,-1,-1
689,26,427,202,36,36,1,-1,-1,-1
689,27,732,183,40,21,1,-1,-1,-1
689,28,804,302,92,48,1,-1,-1,-1
690,1,698,181,44,19,1,-1,-1,-1
690,8,709,163,37,23,1,-1,-1,-1
690,11,764,181,105,67,1,-1,-1,-1
690,19,923,281,82,38,1,-1,-1,-1
690,22,620,204,48,25,1,-1,-1,-1
690,23,421,304,53,52,1,-1,-1,-1
690,24,467,169,65,65,1,-1,-1,-1
690,25,690,246,60,34,1,-1,-1,-1
690,26,427,202,36,36,1,-1,-1,-1
690,27,732,183,40,21,1,-1,-1,-1
690,28,803,302,91,48,1,-1,-1,-1
691,1,698,181,44,19,1,-1,-1,-1
691,8,709,163,37,23,1,-1,-1,-1
691,11,764,181,105,67,1,-1,-1,-1
691,19,920,279,83,40,1,-1,-1,-1
691,22,616,202,49,25,1,-1,-1,-1
691,23,421,304,53,52,1,-1,-1,-1
691,24,468,171,67,63,1,-1,-1,-1
691,25,690,244,57,32,1,-1,-1,-1
691,26,427,202,36,36,1,-1,-1,-1
691,27,731,183,40,21,1,-1,-1,-1
691,28,803,299,87,48,1,-1,-1,-1
692,1,698,181,44,19,1,-1,-1,-1
692,8,709,163,37,23,1,-1,-1,-1
692,11,762,181,105,67,1,-1,-1,-1
692,19,922,281,82,38,1,-1,-1,-1
692,22,618,202,46,24,1,-1,-1,-1
692,23,425,308,52,50,1,-1,-1,-1
692,24,470,169,67,65,1,-1,-1,-1
692,25,689,244,56,32,1,-1,-1,-1
692,26,428,202,36,36,1,-1,-1,-1
692,27,731,183,40,21,1,-1,-1,-1
692,28,798,300,90,46,1,-1,-1,-1
693,1,698,181,44,19,1,-1,-1,-1
693,8,709,163,37,23,1,-1,-1,-1
693,11,762,181,105,67,1,-1,-1,-1
693,19,923,279,77,38,1,-1,-1,-1
693,22,616,200,48,25,1,-1,-1,-1
693,23,427,310,50,48,1,-1,-1,-1
693,24,472,171,65,65,1,-1,-1,-1
693,25,687,244,57,32,1,-1,-1,-1
693,26,428,202,36,36,1,-1,-1,-1
693,27,731,181,40,21,1,-1,-1,-1
693,28,798,297,88,48,1,-1,-1,-1
694,1,698,181,44,19,1,-1,-1,-1
694,8,709,163,37,23,1,-1,-1,-1
694,11,762,181,105,67,1,-1,-1,-1
694,19,923,279,77,38,1,-1,-1,-1
694,22,613,202,53,27,1,-1,-1,-1
694,23,427,312,50,48,1,-1,-1,-1
694,24,471,172,68,65,1,-1,-1,-1
694,25,685,243,57,32,1,-1,-1,-1
694,26,432,210,36,36,1,-1,-1,-1
694,27,731,183,40,21,1,-1,-1,-1
694,28,795,297,91,48,1,-1,-1,-1
695,1,697,181,44,19,1,-1,-1,-1
695,8,709,163,37,23,1,-1,-1,-1
695,11,761,181,105,67,1,-1,-1,-1
695,19,922,279,77,38,1,-1,-1,-1
695,22,612,200,54,28,1,-1,-1,-1
695,23,427,314,54,55,1,-1,-1,-1
695,24,471,171,67,65,1,-1,-1,-1
695,25,681,241,60,34,1,-1,-1,-1
695,26,433,210,37,38,1,-1,-1,-1
695,27,731,183,40,21,1,-1,-1,-1
695,28,794,298,88,45,1,-1,-1,-1
695,29,321,139,20,20,1,-1,-1,-1
696,1,697,181,44,19,1,-1,-1,-1
696,8,707,163,37,23,1,-1,-1,-1
696,11,760,181,108,69,1,-1,-1,-1
696,19,920,279,77,38,1,-1,-1,-1
696,22,615,199,48,29,1,-1,-1,-1
696,23,429,316,53,52,1,-1,-1,-1
696,24,471,171,67,65,1,-1,-1,-1
696,25,681,241,58,34,1,-1,-1,-1
696,26,435,212,37,38,1,-1,-1,-1
696,27,731,181,40,21,1,-1,-1,-1
696,28,791,297,87,44,1,-1,-1,-1
696,29,321,138,19,19,1,-1,-1,-1
697,1,697,181,44,19,1,-1,-1,-1
697,8,706,163,36,23,1,-1,-1,-1
697,11,761,181,105,67,1,-1,-1,-1
697,19,919,279,77,38,1,-1,-1,-1
697,22,613,200,47,24,1,-1,-1,-1
697,23,431,318,55,53,1,-1,-1,-1
697,24,471,173,67,65,1,-1,-1,-1
697,25,683,242,54,31,1,-1,-1,-1
697,26,434,212,37,38,1,-1,-1,-1
697,27,730,181,40,21,1,-1,-1,-1
697,28,790,295,84,44,1,-1,-1,-1
697,29,322,138,19,19,1,-1,-1,-1
698,1,697,181,44,19,1,-1,-1,-1
698,8,706,162,36,23,1,-1,-1,-1
698,11,761,181,105,67,1,-1,-1,-1
698,19,920,279,77,38,1,-1,-1,-1
698,22,612,198,46,26,1,-1,-1,-1
698,23,433,320,52,50,1,-1,-1,-1
698,24,472,173,66,63,1,-1,-1,-1
698,25,680,239,57,32,1,-1,-1,-1
698,26,437,211,38,39,1,-1,-1,-1
698,27,730,181,40,21,1,-1,-1,-1
698,28,787,293,87,46,1,-1,-1,-1
698,29,321,140,19,19,1,-1,-1,-1
699,1,697,181,44,19,1,-1,-1,-1
699,8,706,162,36,23,1,-1,-1,-1
699,11,761,181,105,67,1,-1,-1,-1
699,19,919,277,77,38,1,-1,-1,-1
699,22,612,198,45,25,1,-1,-1,-1
699,23,434,322,53,50,1,-1,-1,-1
699,24,471,173,69,65,1,-1,-1,-1
699,25,677,239,58,34,1,-1,-1,-1
699,26,437,215,38,34,1,-1,-1,-1
699,27,728,181,40,21,1,-1,-1,-1
699,28,786,291,84,44,1,-1,-1,-1
699,29,322,140,19,19,1,-1,-1,-1
700,1,697,181,44,19,1,-1,-1,-1
700,8,706,163,36,23,1,-1,-1,-1
700,11,760,181,105,67,1,-1,-1,-1
700,19,919,277,77,38,1,-1,-1,-1
700,22,612,198,45,25,1,-1,-1,-1
700,23,434,324,53,52,1,-1,-1,-1
700,24,474,173,67,65,1,-1,-1,-1
700,25,677,239,58,34,1,-1,-1,-1
700,26,439,215,40,40,1,-1,-1,-1
700,27,730,181,40,21,1,-1,-1,-1
700,28,779,291,91,48,1,-1,-1,-1
700,29,322,140,19,19,1,-1,-1,-1
701,1,697,181,44,19,1,-1,-1,-1
701,8,706,162,36,23,1,-1,-1,-1
701,11,760,181,105,67,1,-1,-1,-1
701,19,918,277,77,38,1,-1,-1,-1
701,22,611,198,47,27,1,-1,-1,-1
701,23,433,325,57,55,1,-1,-1,-1
701,24,474,175,66,63,1,-1,-1,-1
701,25,676,239,57,32,1,-1,-1,-1
701,26,441,215,35,38,1,-1,-1,-1
701,27,728,181,40,21,1,-1,-1,-1
701,28,778,289,91,48,1,-1,-1,-1
701,29,321,140,19,19,1,-1,-1,-1
702,1,697,179,44,19,1,-1,-1,-1
702,8,706,162,36,23,1,-1,-1,-1
702,11,758,181,105,67,1,-1,-1,-1
702,19,916,277,78,38,1,-1,-1,-1
702,22,611,198,44,25,1,-1,-1,-1
702,23,436,327,58,55,1,-1,-1,-1
702,24,475,175,66,63,1,-1,-1,-1
702,25,675,237,57,32,1,-1,-1,-1
702,26,441,214,35,38,1,-1,-1,-1
702,27,730,181,40,21,1,-1,-1,-1
702,28,777,287,91,48,1,-1,-1,-1
702,29,322,140,19,19,1,-1,-1,-1
703,1,697,181,44,19,1,-1,-1,-1
703,8,705,162,36,23,1,-1,-1,-1
703,11,758,181,105,67,1,-1,-1,-1
703,19,915,275,82,40,1,-1,-1,-1
703,22,608,196,43,25,1,-1,-1,-1
703,23,437,331,57,55,1,-1,-1,-1
703,24,475,175,66,63,1,-1,-1,-1
703,25,673,235,58,34,1,-1,-1,-1
703,26,443,219,35,40,1,-1,-1,-1
703,27,728,181,40,21,1,-1,-1,-1
703,28,774,287,91,48,1,-1,-1,-1
703,29,322,140,19,19,1,-1,-1,-1
704,1,697,179,43,19,1,-1,-1,-1
704,8,706,162,36,23,1,-1,-1,-1
704,11,758,181,105,67,1,-1,-1,-1
704,19,915,275,83,40,1,-1,-1,-1
704,22,608,196,45,25,1,-1,-1,-1
704,23,438,331,58,55,1,-1,-1,-1
704,24,475,175,66,63,1,-1,-1,-1
704,25,672,235,58,34,1,-1,-1,-1
704,26,441,219,41,38,1,-1,-1,-1
704,27,727,181,40,21,1,-1,-1,-1
704,28,776,287,84,46,1,-1,-1,-1
704,29,322,140,19,19,1,-1,-1,-1
705,1,697,179,44,19,1,-1,-1,-1
705,8,705,162,36,23,1,-1,-1,-1
705,11,758,181,105,67,1,-1,-1,-1
705,19,914,275,82,40,1,-1,-1,-1
705,22,607,196,47,27,1,-1,-1,-1
705,23,441,335,60,57,1,-1,-1,-1
705,24,475,175,69,65,1,-1,-1,-1
705,25,670,233,58,34,1,-1,-1,-1
705,26,441,219,40,38,1,-1,-1,-1
705,27,728,181,41,21,1,-1,-1,-1
705,28,770,285,91,48,1,-1,-1,-1
705,29,322,140,19,19,1,-1,-1,-1
706,1,697,179,44,19,1,-1,-1,-1
706,8,705,160,36,23,1,-1,-1,-1
706,11,758,181,105,67,1,-1,-1,-1
706,19,912,275,84,42,1,-1,-1,-1
706,22,606,194,44,25,1,-1,-1,-1
706,23,441,332,63,61,1,-1,-1,-1
706,24,475,177,73,67,1,-1,-1,-1
706,25,671,233,57,32,1,-1,-1,-1
706,26,442,221,40,38,1,-1,-1,-1
706,27,727,181,41,21,1,-1,-1,-1
706,28,773,284,84,44,1,-1,-1,-1
706,29,322,140,19,19,1,-1,-1,-1
707,1,697,179,44,19,1,-1,-1,-1
707,8,706,162,36,23,1,-1,-1,-1
707,11,757,181,105,67,1,-1,-1,-1
707,19,911,275,87,42,1,-1,-1,-1
707,22,606,193,44,26,1,-1,-1,-1
707,23,442,335,62,61,1,-1,-1,-1
707,24,477,176,72,69,1,-1,-1,-1
707,25,668,233,58,34,1,-1,-1,-1
707,26,445,223,41,38,1,-1,-1,-1
707,27,728,181,40,21,1,-1,-1,-1
707,28,774,285,80,42,1,-1,-1,-1
707,29,322,142,19,19,1,-1,-1,-1
708,1,697,179,44,19,1,-1,-1,-1
708,8,706,162,36,23,1,-1,-1,-1
708,11,758,179,105,67,1,-1,-1,-1
708,19,912,275,83,40,1,-1,-1,-1
708,22,605,193,42,24,1,-1,-1,-1
708,23,444,335,64,61,1,-1,-1,-1
708,24,478,177,66,63,1,-1,-1,-1
708,25,670,233,56,32,1,-1,-1,-1
708,26,445,223,43,40,1,-1,-1,-1
708,27,728,181,40,21,1,-1,-1,-1
708,28,775,285,75,40,1,-1,-1,-1
708,29,323,142,19,19,1,-1,-1,-1
709,1,697,179,44,19,1,-1,-1,-1
709,8,705,160,36,23,1,-1,-1,-1
709,11,757,179,105,67,1,-1,-1,-1
709,19,912,276,79,39,1,-1,-1,-1
709,22,606,194,41,23,1,-1,-1,-1
709,23,448,341,58,57,1,-1,-1,-1
709,24,478,177,65,61,1,-1,-1,-1
709,25,671,232,50,29,1,-1,-1,-1
709,26,448,225,41,38,1,-1,-1,-1
709,27,728,181,40,21,1,-1,-1,-1
709,28,774,285,78,40,1,-1,-1,-1
709,29,323,142,19,19,1,-1,-1,-1
710,1,697,179,44,19,1,-1,-1,-1
710,8,706,162,36,23,1,-1,-1,-1
710,11,757,179,105,67,1,-1,-1,-1
710,19,911,275,80,39,1,-1,-1,-1
710,22,604,194,44,25,1,-1,-1,-1
710,23,449,341,61,59,1,-1,-1,-1
710,24,478,177,74,68,1,-1,-1,-1
710,25,666,231,60,34,1,-1,-1,-1
710,26,453,228,44,40,1,-1,-1,-1
710,27,727,181,40,21,1,-1,-1,-1
710,28,770,283,82,42,1,-1,-1,-1
710,29,323,142,19,19,1,-1,-1,-1
711,1,697,179,44,19,1,-1,-1,-1
711,8,705,162,36,23,1,-1,-1,-1
711,11,757,179,105,67,1,-1,-1,-1
711,19,911,275,80,39,1,-1,-1,-1
711,22,604,194,40,22,1,-1,-1,-1
711,23,450,345,64,61,1,-1,-1,-1
711,24,479,179,73,68,1,-1,-1,-1
711,25,670,231,53,32,1,-1,-1,-1
711,26,453,229,40,40,1,-1,-1,-1
711,27,728,181,40,21,1,-1,-1,-1
711,28,766,280,79,43,1,-1,-1,-1
711,29,323,144,19,19,1,-1,-1,-1
712,1,697,179,44,19,1,-1,-1,-1
712,8,706,162,36,23,1,-1,-1,-1
712,11,757,179,105,67,1,-1,-1,-1
712,19,917,273,75,40,1,-1,-1,-1
712,22,603,192,44,25,1,-1,-1,-1
712,23,451,347,62,61,1,-1,-1,-1
712,24,478,177,76,70,1,-1,-1,-1
712,25,670,229,52,34,1,-1,-1,-1
712,26,452,230,44,43,1,-1,-1,-1
712,27,727,181,40,21,1,-1,-1,-1
712,28,763,277,82,48,1,-1,-1,-1
712,29,323,144,19,19,1,-1,-1,-1
713,1,697,179,44,19,1,-1,-1,-1
713,8,706,160,36,23,1,-1,-1,-1
713,11,757,179,105,67,1,-1,-1,-1
713,19,916,273,74,40,1,-1,-1,-1
713,22,602,192,43,25,1,-1,-1,-1
713,23,454,349,62,61,1,-1,-1,-1
713,24,484,181,69,65,1,-1,-1,-1
713,25,663,229,58,34,1,-1,-1,-1
713,26,456,232,44,40,1,-1,-1,-1
713,27,728,181,40,21,1,-1,-1,-1
713,28,762,279,80,43,1,-1,-1,-1
713,29,323,144,19,19,1,-1,-1,-1
714,1,697,179,44,19,1,-1,-1,-1
714,8,706,162,36,23,1,-1,-1,-1
714,11,756,178,103,68,1,-1,-1,-1
714,19,916,273,74,38,1,-1,-1,-1
714,22,600,192,43,25,1,-1,-1,-1
714,23,454,351,66,63,1,-1,-1,-1
714,24,484,181,70,65,1,-1,-1,-1
714,25,665,230,51,27,1,-1,-1,-1
714,26,458,233,40,38,1,-1,-1,-1
714,27,727,181,40,21,1,-1,-1,-1
714,28,759,276,79,43,1,-1,-1,-1
714,29,325,144,19,19,1,-1,-1,-1
715,1,697,179,44,19,1,-1,-1,-1
715,8,706,162,36,23,1,-1,-1,-1
715,11,756,177,103,67,1,-1,-1,-1
715,19,916,273,74,38,1,-1,-1,-1
715,22,599,192,44,25,1,-1,-1,-1
715,23,457,354,66,65,1,-1,-1,-1
715,24,483,181,76,70,1,-1,-1,-1
715,25,663,229,52,28,1,-1,-1,-1
715,26,462,237,39,36,1,-1,-1,-1
715,27,728,181,40,21,1,-1,-1,-1
715,28,756,277,79,41,1,-1,-1,-1
715,29,326,144,19,19,1,-1,-1,-1
716,1,697,179,44,19,1,-1,-1,-1
716,8,706,160,36,23,1,-1,-1,-1
716,11,754,177,103,67,1,-1,-1,-1
716,19,918,273,71,38,1,-1,-1,-1
716,22,599,192,44,25,1,-1,-1,-1
716,23,459,356,66,65,1,-1,-1,-1
716,24,484,181,75,69,1,-1,-1,-1
716,25,663,229,50,27,1,-1,-1,-1
716,26,462,239,39,36,1,-1,-1,-1
716,27,728,181,40,21,1,-1,-1,-1
716,28,759,275,73,42,1,-1,-1,-1
716,29,326,144,19,19,1,-1,-1,-1
717,1,697,179,44,19,1,-1,-1,-1
717,8,705,162,36,23,1,-1,-1,-1
717,11,756,177,103,67,1,-1,-1,-1
717,19,915,273,74,40,1,-1,-1,-1
717,22,604,188,35,22,1,-1,-1,-1
717,23,461,358,67,65,1,-1,-1,-1
717,24,484,179,75,69,1,-1,-1,-1
717,25,662,229,52,28,1,-1,-1,-1
717,26,464,241,40,36,1,-1,-1,-1
717,27,728,181,40,21,1,-1,-1,-1
717,28,757,278,77,36,1,-1,-1,-1
717,29,326,144,19,19,1,-1,-1,-1
718,1,697,181,43,19,1,-1,-1,-1
718,8,706,162,36,23,1,-1,-1,-1
718,11,754,177,103,67,1,-1,-1,-1
718,19,915,273,74,40,1,-1,-1,-1
718,22,604,190,37,23,1,-1,-1,-1
718,23,462,362,66,65,1,-1,-1,-1
718,24,484,181,74,69,1,-1,-1,-1
718,25,660,227,52,28,1,-1,-1,-1
718,26,466,241,42,39,1,-1,-1,-1
718,27,727,181,40,21,1,-1,-1,-1
718,28,761,277,70,36,1,-1,-1,-1
718,29,326,146,19,19,1,-1,-1,-1
719,1,697,179,44,19,1,-1,-1,-1
719,8,706,162,36,23,1,-1,-1,-1
719,11,754,177,103,67,1,-1,-1,-1
719,19,915,273,75,40,1,-1,-1,-1
719,22,603,190,33,22,1,-1,-1,-1
719,23,466,364,70,67,1,-1,-1,-1
719,24,487,181,74,67,1,-1,-1,-1
719,25,659,227,52,28,1,-1,-1,-1
719,26,466,244,41,41,1,-1,-1,-1
719,27,727,181,40,21,1,-1,-1,-1
719,28,753,274,76,41,1,-1,-1,-1
719,29,325,139,21,26,1,-1,-1,-1
720,1,697,179,44,19,1,-1,-1,-1
720,8,706,160,36,23,1,-1,-1,-1
720,11,754,177,103,67,1,-1,-1,-1
720,19,915,273,74,40,1,-1,-1,-1
720,22,602,188,40,23,1,-1,-1,-1
720,23,467,366,70,67,1,-1,-1,-1
720,24,488,183,75,72,1,-1,-1,-1
720,25,659,227,52,28,1,-1,-1,-1
720,26,470,246,42,41,1,-1,-1,-1
720,28,753,273,75,42,1,-1,-1,-1
720,29,326,146,19,19,1,-1,-1,-1
721,1,697,179,44,19,1,-1,-1,-1
721,8,706,162,36,23,1,-1,-1,-1
721,11,753,177,103,67,1,-1,-1,-1
721,19,915,273,74,38,1,-1,-1,-1
721,22,600,187,39,23,1,-1,-1,-1
721,23,470,370,70,67,1,-1,-1,-1
721,24,489,185,75,68,1,-1,-1,-1
721,25,658,225,50,27,1,-1,-1,-1
721,26,471,248,43,43,1,-1,-1,-1
721,28,753,273,71,40,1,-1,-1,-1
721,29,326,146,19,19,1,-1,-1,-1
722,1,697,179,44,19,1,-1,-1,-1
722,8,706,162,36,23,1,-1,-1,-1
722,11,753,177,103,67,1,-1,-1,-1
722,19,915,273,74,40,1,-1,-1,-1
722,22,601,186,34,24,1,-1,-1,-1
722,23,470,372,70,69,1,-1,-1,-1
722,24,489,185,77,71,1,-1,-1,-1
722,25,656,225,50,27,1,-1,-1,-1
722,26,471,248,43,43,1,-1,-1,-1
722,28,752,273,74,40,1,-1,-1,-1
722,29,326,146,19,19,1,-1,-1,-1
723,1,697,179,44,19,1,-1,-1,-1
723,8,705,162,36,23,1,-1,-1,-1
723,11,753,177,104,69,1,-1,-1,-1
723,19,914,273,74,40,1,-1,-1,-1
723,22,604,186,27,25,1,-1,-1,-1
723,23,474,376,71,69,1,-1,-1,-1
723,24,489,185,77,71,1,-1,-1,-1
723,25,655,225,52,28,1,-1,-1,-1
723,26,475,250,44,43,1,-1,-1,-1
723,28,751,273,74,42,1,-1,-1,-1
723,29,326,146,19,19,1,-1,-1,-1
724,1,697,179,39,19,1,-1,-1,-1
724,8,706,162,36,23,1,-1,-1,-1
724,11,753,177,103,67,1,-1,-1,-1
724,19,915,273,74,38,1,-1,-1,-1
724,22,603,187,29,24,1,-1,-1,-1
724,23,474,376,74,71,1,-1,-1,-1
724,24,489,185,77,71,1,-1,-1,-1
724,25,654,223,49,25,1,-1,-1,-1
724,26,475,250,46,46,1,-1,-1,-1
724,28,751,273,74,40,1,-1,-1,-1
724,29,325,142,21,24,1,-1,-1,-1
725,1,697,179,39,19,1,-1,-1,-1
725,8,706,162,36,23,1,-1,-1,-1
725,11,753,177,103,67,1,-1,-1,-1
725,19,915,273,71,38,1,-1,-1,-1
725,23,478,381,74,71,1,-1,-1,-1
725,24,491,185,77,71,1,-1,-1,-1
725,25,653,223,50,27,1,-1,-1,-1
725,26,478,252,43,42,1,-1,-1,-1
725,28,748,271,74,42,1,-1,-1,-1
725,29,325,142,20,23,1,-1,-1,-1
726,1,697,179,38,19,1,-1,-1,-1
726,8,706,162,36,23,1,-1,-1,-1
726,11,753,177,103,67,1,-1,-1,-1
726,19,915,273,71,38,1,-1,-1,-1
726,23,479,383,74,71,1,-1,-1,-1
726,24,488,183,82,75,1,-1,-1,-1
726,25,651,223,52,28,1,-1,-1,-1
726,26,480,256,43,42,1,-1,-1,-1
726,28,748,271,74,42,1,-1,-1,-1
726,29,326,142,20,23,1,-1,-1,-1
727,1,697,179,37,19,1,-1,-1,-1
727,8,706,162,36,23,1,-1,-1,-1
727,11,753,177,103,67,1,-1,-1,-1
727,19,915,273,71,38,1,-1,-1,-1
727,23,484,389,74,71,1,-1,-1,-1
727,24,487,183,87,79,1,-1,-1,-1
727,25,651,223,52,28,1,-1,-1,-1
727,26,480,254,45,46,1,-1,-1,-1
727,28,748,271,71,40,1,-1,-1,-1
727,29,325,144,20,23,1,-1,-1,-1
728,1,697,179,40,19,1,-1,-1,-1
728,8,706,162,36,23,1,-1,-1,-1
728,11,752,175,104,69,1,-1,-1,-1
728,19,914,273,74,38,1,-1,-1,-1
728,23,481,387,78,86,1,-1,-1,-1
728,24,494,185,79,76,1,-1,-1,-1
728,25,651,221,50,27,1,-1,-1,-1
728,26,483,258,45,46,1,-1,-1,-1
728,28,743,268,71,40,1,-1,-1,-1
728,29,326,144,20,23,1,-1,-1,-1
729,1,697,179,40,19,1,-1,-1,-1
729,8,706,160,36,23,1,-1,-1,-1
729,11,753,177,103,67,1,-1,-1,-1
729,19,914,273,74,38,1,-1,-1,-1
729,23,485,393,80,83,1,-1,-1,-1
729,24,495,188,80,75,1,-1,-1,-1
729,25,650,221,50,27,1,-1,-1,-1
729,26,484,258,47,46,1,-1,-1,-1
729,28,741,268,71,40,1,-1,-1,-1
729,29,326,144,20,23,1,-1,-1,-1
730,1,697,179,40,19,1,-1,-1,-1
730,8,706,162,36,23,1,-1,-1,-1
730,11,753,177,103,67,1,-1,-1,-1
730,19,912,273,74,38,1,-1,-1,-1
730,23,488,395,81,85,1,-1,-1,-1
730,24,496,186,80,79,1,-1,-1,-1
730,25,649,221,52,28,1,-1,-1,-1
730,26,487,262,47,46,1,-1,-1,-1
730,28,740,266,70,40,1,-1,-1,-1
730,29,325,144,20,23,1,-1,-1,-1
731,1,697,179,40,19,1,-1,-1,-1
731,8,706,162,36,23,1,-1,-1,-1
731,11,752,177,103,67,1,-1,-1,-1
731,19,906,273,74,40,1,-1,-1,-1
731,23,489,397,80,84,1,-1,-1,-1
731,24,494,186,81,76,1,-1,-1,-1
731,25,647,219,50,27,1,-1,-1,-1
731,26,489,264,47,46,1,-1,-1,-1
731,28,736,266,74,40,1,-1,-1,-1
731,29,326,144,20,23,1,-1,-1,-1
732,1,697,179,40,19,1,-1,-1,-1
732,8,706,160,36,23,1,-1,-1,-1
732,11,752,175,104,69,1,-1,-1,-1
732,19,909,273,75,40,1,-1,-1,-1
732,23,493,403,80,84,1,-1,-1,-1
732,24,488,181,94,86,1,-1,-1,-1
732,25,647,221,49,25,1,-1,-1,-1
732,26,489,264,50,53,1,-1,-1,-1
732,28,736,266,74,40,1,-1,-1,-1
732,29,326,144,20,23,1,-1,-1,-1
733,1,697,179,40,19,1,-1,-1,-1
733,8,706,162,36,23,1,-1,-1,-1
733,11,751,175,104,69,1,-1,-1,-1
733,19,906,271,78,42,1,-1,-1,-1
733,23,496,405,80,84,1,-1,-1,-1
733,24,497,188,84,81,1,-1,-1,-1
733,25,646,219,49,25,1,-1,-1,-1
733,26,493,268,48,48,1,-1,-1,-1
733,28,736,264,74,40,1,-1,-1,-1
733,29,326,144,22,25,1,-1,-1,-1
734,1,697,177,40,19,1,-1,-1,-1
734,8,706,162,36,23,1,-1,-1,-1
734,11,751,175,103,67,1,-1,-1,-1
734,19,904,270,79,42,1,-1,-1,-1
734,23,500,410,83,86,1,-1,-1,-1
734,24,497,187,83,81,1,-1,-1,-1
734,25,643,219,50,27,1,-1,-1,-1
734,26,496,271,49,50,1,-1,-1,-1
734,28,734,262,74,40,1,-1,-1,-1
734,29,326,146,20,23,1,-1,-1,-1
735,1,697,179,40,19,1,-1,-1,-1
735,8,706,162,36,23,1,-1,-1,-1
735,11,751,175,104,69,1,-1,-1,-1
735,19,905,272,78,42,1,-1,-1,-1
735,23,501,412,83,86,1,-1,-1,-1
735,24,498,189,82,79,1,-1,-1,-1
735,25,645,217,50,27,1,-1,-1,-1
735,26,496,271,50,50,1,-1,-1,-1
735,28,732,262,74,40,1,-1,-1,-1
735,29,326,146,20,23,1,-1,-1,-1
736,1,693,177,44,20,1,-1,-1,-1
736,8,706,160,36,23,1,-1,-1,-1
736,11,748,175,104,69,1,-1,-1,-1
736,19,906,271,75,40,1,-1,-1,-1
736,23,505,416,83,88,1,-1,-1,-1
736,24,500,190,80,77,1,-1,-1,-1
736,25,642,217,50,27,1,-1,-1,-1
736,26,500,273,53,52,1,-1,-1,-1
736,28,731,262,71,40,1,-1,-1,-1
736,29,327,144,20,23,1,-1,-1,-1
737,1,697,179,40,19,1,-1,-1,-1
737,8,706,160,36,23,1,-1,-1,-1
737,11,751,175,103,67,1,-1,-1,-1
737,19,904,271,75,40,1,-1,-1,-1
737,23,505,418,86,90,1,-1,-1,-1
737,24,502,192,78,75,1,-1,-1,-1
737,25,642,217,52,28,1,-1,-1,-1
737,26,501,277,52,52,1,-1,-1,-1
737,28,727,260,71,40,1,-1,-1,-1
737,29,326,146,22,25,1,-1,-1,-1
738,1,697,179,40,19,1,-1,-1,-1
738,8,706,162,36,23,1,-1,-1,-1
738,11,749,175,103,67,1,-1,-1,-1
738,19,903,269,78,42,1,-1,-1,-1
738,23,512,424,86,90,1,-1,-1,-1
738,24,500,189,83,81,1,-1,-1,-1
738,25,641,217,52,28,1,-1,-1,-1
738,26,505,279,53,52,1,-1,-1,-1
738,28,728,260,70,40,1,-1,-1,-1
738,29,326,146,20,23,1,-1,-1,-1
739,1,697,179,40,19,1,-1,-1,-1
739,8,706,162,36,23,1,-1,-1,-1
739,11,749,175,104,69,1,-1,-1,-1
739,19,903,268,78,42,1,-1,-1,-1
739,23,509,424,91,96,1,-1,-1,-1
739,24,503,189,81,82,1,-1,-1,-1
739,25,638,214,52,28,1,-1,-1,-1
739,26,506,281,52,52,1,-1,-1,-1
739,28,727,260,70,40,1,-1,-1,-1
739,29,326,146,20,23,1,-1,-1,-1
740,1,693,177,42,19,1,-1,-1,-1
740,8,706,160,36,23,1,-1,-1,-1
740,11,748,175,104,69,1,-1,-1,-1
740,19,910,271,75,40,1,-1,-1,-1
740,23,515,432,91,96,1,-1,-1,-1
740,24,502,195,83,77,1,-1,-1,-1
740,25,640,214,50,27,1,-1,-1,-1
740,26,509,285,53,52,1,-1,-1,-1
740,28,726,260,71,40,1,-1,-1,-1
740,29,327,146,22,25,1,-1,-1,-1
741,1,697,179,40,19,1,-1,-1,-1
741,8,706,162,36,23,1,-1,-1,-1
741,11,748,173,104,69,1,-1,-1,-1
741,19,903,274,74,33,1,-1,-1,-1
741,23,518,433,88,94,1,-1,-1,-1
741,24,504,195,82,78,1,-1,-1,-1
741,25,637,214,49,25,1,-1,-1,-1
741,26,510,285,53,54,1,-1,-1,-1
741,28,723,258,74,40,1,-1,-1,-1
741,29,327,148,22,25,1,-1,-1,-1
742,1,697,179,39,19,1,-1,-1,-1
742,8,706,160,36,23,1,-1,-1,-1
742,11,748,175,103,67,1,-1,-1,-1
742,19,905,275,70,30,1,-1,-1,-1
742,23,523,441,88,94,1,-1,-1,-1
742,24,506,193,82,82,1,-1,-1,-1
742,25,637,214,49,25,1,-1,-1,-1
742,26,515,289,54,59,1,-1,-1,-1
742,28,724,258,70,40,1,-1,-1,-1
742,29,327,146,20,23,1,-1,-1,-1
743,1,697,179,40,19,1,-1,-1,-1
743,8,706,160,36,23,1,-1,-1,-1
743,11,748,175,101,68,1,-1,-1,-1
743,19,906,275,67,30,1,-1,-1,-1
743,23,523,441,91,96,1,-1,-1,-1
743,24,506,193,82,81,1,-1,-1,-1
743,25,637,214,47,25,1,-1,-1,-1
743,26,518,293,52,57,1,-1,-1,-1
743,28,723,258,69,38,1,-1,-1,-1
743,29,329,146,20,23,1,-1,-1,-1
744,1,697,177,41,19,1,-1,-1,-1
744,8,706,162,36,23,1,-1,-1,-1
744,11,748,175,99,67,1,-1,-1,-1
744,19,906,275,66,30,1,-1,-1,-1
744,23,531,451,87,88,1,-1,-1,-1
744,24,505,192,83,83,1,-1,-1,-1
744,25,637,214,47,25,1,-1,-1,-1
744,26,521,295,53,59,1,-1,-1,-1
744,28,722,256,70,40,1,-1,-1,-1
744,29,329,148,20,23,1,-1,-1,-1
745,1,697,179,40,19,1,-1,-1,-1
745,8,706,160,36,23,1,-1,-1,-1
745,11,749,175,96,65,1,-1,-1,-1
745,19,906,275,64,28,1,-1,-1,-1
745,23,531,451,92,88,1,-1,-1,-1
745,24,506,198,86,80,1,-1,-1,-1
745,25,634,214,47,25,1,-1,-1,-1
745,26,525,298,52,57,1,-1,-1,-1
745,28,720,256,70,40,1,-1,-1,-1
745,29,329,148,20,23,1,-1,-1,-1
746,1,697,177,40,19,1,-1,-1,-1
746,8,706,160,36,23,1,-1,-1,-1
746,11,748,177,95,63,1,-1,-1,-1
746,19,903,273,66,30,1,-1,-1,-1
746,23,539,459,91,81,1,-1,-1,-1
746,24,509,197,81,80,1,-1,-1,-1
746,25,634,212,47,25,1,-1,-1,-1
746,26,527,302,52,57,1,-1,-1,-1
746,28,718,256,70,40,1,-1,-1,-1
746,29,329,148,20,23,1,-1,-1,-1
747,1,696,177,40,19,1,-1,-1,-1
747,8,706,160,36,23,1,-1,-1,-1
747,11,748,175,96,65,1,-1,-1,-1
747,19,902,273,67,30,1,-1,-1,-1
747,23,539,462,92,77,1,-1,-1,-1
747,24,509,196,87,83,1,-1,-1,-1
747,25,633,212,48,25,1,-1,-1,-1
747,26,530,304,53,59,1,-1,-1,-1
747,28,718,254,70,40,1,-1,-1,-1
747,29,329,148,20,23,1,-1,-1,-1
748,1,697,177,40,19,1,-1,-1,-1
748,8,706,160,36,23,1,-1,-1,-1
748,11,748,175,96,65,1,-1,-1,-1
748,19,903,275,66,30,1,-1,-1,-1
748,23,544,468,95,71,1,-1,-1,-1
748,24,509,198,90,82,1,-1,-1,-1
748,25,632,210,47,25,1,-1,-1,-1
748,26,530,304,57,63,1,-1,-1,-1
748,28,717,254,70,40,1,-1,-1,-1
748,29,330,150,20,23,1,-1,-1,-1
749,1,697,177,40,19,1,-1,-1,-1
749,8,706,160,36,23,1,-1,-1,-1
749,11,747,173,99,67,1,-1,-1,-1
749,19,902,275,67,30,1,-1,-1,-1
749,23,547,472,92,67,1,-1,-1,-1
749,24,510,198,87,84,1,-1,-1,-1
749,25,630,210,47,25,1,-1,-1,-1
749,26,535,310,57,63,1,-1,-1,-1
749,28,715,251,69,42,1,-1,-1,-1
749,29,329,150,20,23,1,-1,-1,-1
750,1,696,177,40,19,1,-1,-1,-1
750,8,706,160,36,23,1,-1,-1,-1
750,11,745,175,99,67,1,-1,-1,-1
750,19,902,273,67,30,1,-1,-1,-1
750,23,553,478,91,61,1,-1,-1,-1
750,24,512,198,87,84,1,-1,-1,-1
750,25,629,210,47,25,1,-1,-1,-1
750,26,539,312,57,63,1,-1,-1,-1
750,28,715,252,66,40,1,-1,-1,-1
750,29,330,150,20,23,1,-1,-1,-1
750,30,970,403,53,52,1,-1,-1,-1
751,1,697,177,40,19,1,-1,-1,-1
751,8,706,160,36,23,1,-1,-1,-1
751,11,745,175,99,67,1,-1,-1,-1
751,19,903,273,66,30,1,-1,-1,-1
751,23,548,476,98,63,1,-1,-1,-1
751,24,513,200,86,82,1,-1,-1,-1
751,25,629,210,47,25,1,-1,-1,-1
751,26,542,316,60,65,1,-1,-1,-1
751,28,715,252,64,38,1,-1,-1,-1
751,29,330,150,20,23,1,-1,-1,-1
751,30,966,401,54,50,1,-1,-1,-1
752,1,697,177,40,19,1,-1,-1,-1
752,8,706,160,36,23,1,-1,-1,-1
752,11,745,173,99,67,1,-1,-1,-1
752,19,902,273,71,31,1,-1,-1,-1
752,23,556,484,88,55,1,-1,-1,-1
752,24,515,202,83,81,1,-1,-1,-1
752,25,628,210,47,25,1,-1,-1,-1
752,26,545,318,60,65,1,-1,-1,-1
752,28,715,252,61,38,1,-1,-1,-1
752,29,330,150,20,23,1,-1,-1,-1
752,30,962,399,58,52,1,-1,-1,-1
753,1,696,177,40,19,1,-1,-1,-1
753,8,706,160,36,23,1,-1,-1,-1
753,11,744,173,100,67,1,-1,-1,-1
753,19,902,273,66,30,1,-1,-1,-1
753,23,560,487,88,52,1,-1,-1,-1
753,24,517,202,82,79,1,-1,-1,-1
753,25,631,208,42,24,1,-1,-1,-1
753,26,549,324,57,63,1,-1,-1,-1
753,28,714,252,60,36,1,-1,-1,-1
753,29,330,150,20,23,1,-1,-1,-1
753,30,962,398,60,53,1,-1,-1,-1
754,1,697,177,40,19,1,-1,-1,-1
754,8,706,160,36,23,1,-1,-1,-1
754,11,744,173,100,67,1,-1,-1,-1
754,19,902,273,66,28,1,-1,-1,-1
754,23,565,491,88,48,1,-1,-1,-1
754,24,515,204,83,81,1,-1,-1,-1
754,25,630,208,41,23,1,-1,-1,-1
754,26,548,323,68,73,1,-1,-1,-1
754,28,714,252,60,36,1,-1,-1,-1
754,29,335,151,19,23,1,-1,-1,-1
754,30,958,395,65,63,1,-1,-1,-1
755,1,697,177,40,19,1,-1,-1,-1
755,8,706,160,35,23,1,-1,-1,-1
755,11,744,173,100,67,1,-1,-1,-1
755,19,902,273,66,30,1,-1,-1,-1
755,21,525,145,23,16,1,-1,-1,-1
755,23,568,491,88,48,1,-1,-1,-1
755,24,518,204,83,81,1,-1,-1,-1
755,25,627,206,47,25,1,-1,-1,-1
755,26,551,331,70,70,1,-1,-1,-1
755,28,710,250,67,36,1,-1,-1,-1
755,29,330,150,19,23,1,-1,-1,-1
755,30,958,391,64,60,1,-1,-1,-1
756,1,697,177,40,19,1,-1,-1,-1
756,8,706,160,36,23,1,-1,-1,-1
756,11,744,173,100,67,1,-1,-1,-1
756,19,898,268,70,35,1,-1,-1,-1
756,21,523,144,23,15,1,-1,-1,-1
756,23,569,500,76,39,1,-1,-1,-1
756,24,518,204,86,82,1,-1,-1,-1
756,25,627,206,42,23,1,-1,-1,-1
756,26,555,333,71,73,1,-1,-1,-1
756,28,706,250,69,35,1,-1,-1,-1
756,29,330,150,19,23,1,-1,-1,-1
756,30,949,387,73,66,1,-1,-1,-1
757,1,697,177,40,19,1,-1,-1,-1
757,8,706,160,36,23,1,-1,-1,-1
757,11,743,173,103,69,1,-1,-1,-1
757,19,895,267,72,35,1,-1,-1,-1
757,21,523,144,23,15,1,-1,-1,-1
757,23,571,507,76,32,1,-1,-1,-1
757,24,518,204,88,86,1,-1,-1,-1
757,25,626,206,43,24,1,-1,-1,-1
757,26,557,335,74,75,1,-1,-1,-1
757,28,705,247,66,36,1,-1,-1,-1
757,29,331,152,19,23,1,-1,-1,-1
757,30,946,391,75,59,1,-1,-1,-1
757,31,999,274,24,69,1,-1,-1,-1
758,1,696,177,40,19,1,-1,-1,-1
758,8,706,160,36,23,1,-1,-1,-1
758,11,744,173,100,67,1,-1,-1,-1
758,19,894,268,73,35,1,-1,-1,-1
758,21,522,144,23,15,1,-1,-1,-1
758,23,581,507,71,32,1,-1,-1,-1
758,24,518,204,88,86,1,-1,-1,-1
758,25,622,204,45,25,1,-1,-1,-1
758,26,562,341,74,75,1,-1,-1,-1
758,28,709,248,63,38,1,-1,-1,-1
758,29,331,152,18,21,1,-1,-1,-1
758,30,947,391,76,66,1,-1,-1,-1
758,31,999,273,23,69,1,-1,-1,-1
759,1,696,177,40,19,1,-1,-1,-1
759,8,706,160,36,23,1,-1,-1,-1
759,11,743,173,103,69,1,-1,-1,-1
759,19,899,273,67,30,1,-1,-1,-1
759,21,521,144,24,17,1,-1,-1,-1
759,23,594,491,91,48,1,-1,-1,-1
759,24,519,204,91,88,1,-1,-1,-1
759,25,626,204,42,25,1,-1,-1,-1
759,26,566,343,74,77,1,-1,-1,-1
759,28,709,248,61,36,1,-1,-1,-1
759,29,331,152,19,23,1,-1,-1,-1
759,30,945,383,78,75,1,-1,-1,-1
759,31,999,273,23,69,1,-1,-1,-1
760,1,696,177,40,19,1,-1,-1,-1
760,8,706,160,35,23,1,-1,-1,-1
760,11,743,173,100,67,1,-1,-1,-1
760,19,896,267,71,35,1,-1,-1,-1
760,21,522,142,23,15,1,-1,-1,-1
760,24,522,206,88,86,1,-1,-1,-1
760,25,622,204,44,25,1,-1,-1,-1
760,26,571,347,73,77,1,-1,-1,-1
760,28,706,246,62,36,1,-1,-1,-1
760,29,331,152,20,23,1,-1,-1,-1
760,30,942,386,81,70,1,-1,-1,-1
760,31,997,273,23,69,1,-1,-1,-1
761,1,697,177,40,19,1,-1,-1,-1
761,8,706,160,35,23,1,-1,-1,-1
761,11,743,171,103,69,1,-1,-1,-1
761,19,896,267,70,35,1,-1,-1,-1
761,21,522,142,23,15,1,-1,-1,-1
761,24,522,206,92,88,1,-1,-1,-1
761,25,621,204,44,25,1,-1,-1,-1
761,26,572,349,83,86,1,-1,-1,-1
761,28,706,245,62,39,1,-1,-1,-1
761,29,333,152,20,23,1,-1,-1,-1
761,30,936,380,87,73,1,-1,-1,-1
761,31,996,271,24,73,1,-1,-1,-1
762,1,697,177,40,19,1,-1,-1,-1
762,8,706,160,36,23,1,-1,-1,-1
762,11,741,173,100,67,1,-1,-1,-1
762,19,893,266,74,35,1,-1,-1,-1
762,21,519,142,23,15,1,-1,-1,-1
762,24,523,208,97,92,1,-1,-1,-1
762,25,621,202,42,27,1,-1,-1,-1
762,26,578,356,83,86,1,-1,-1,-1
762,28,704,241,63,42,1,-1,-1,-1
762,29,333,152,20,23,1,-1,-1,-1
762,30,935,379,88,75,1,-1,-1,-1
762,31,996,273,23,69,1,-1,-1,-1
763,1,697,177,40,19,1,-1,-1,-1
763,8,706,158,36,23,1,-1,-1,-1
763,11,743,173,100,67,1,-1,-1,-1
763,19,891,267,76,35,1,-1,-1,-1
763,21,518,142,23,15,1,-1,-1,-1
763,24,522,206,99,94,1,-1,-1,-1
763,25,621,202,42,23,1,-1,-1,-1
763,26,582,360,84,86,1,-1,-1,-1
763,28,700,239,66,43,1,-1,-1,-1
763,29,331,152,22,25,1,-1,-1,-1
763,30,930,377,93,73,1,-1,-1,-1
763,31,996,271,23,69,1,-1,-1,-1
764,1,696,175,40,19,1,-1,-1,-1
764,8,706,160,36,23,1,-1,-1,-1
764,11,741,171,103,69,1,-1,-1,-1
764,19,895,268,72,35,1,-1,-1,-1
764,21,518,142,23,15,1,-1,-1,-1
764,24,525,210,96,92,1,-1,-1,-1
764,25,616,202,47,25,1,-1,-1,-1
764,26,586,364,84,86,1,-1,-1,-1
764,28,700,239,66,42,1,-1,-1,-1
764,29,333,154,19,23,1,-1,-1,-1
764,30,931,373,92,79,1,-1,-1,-1
764,31,995,271,28,71,1,-1,-1,-1
765,1,697,177,40,19,1,-1,-1,-1
765,8,706,160,36,23,1,-1,-1,-1
765,11,740,173,100,67,1,-1,-1,-1
765,19,891,265,72,36,1,-1,-1,-1
765,21,518,142,23,15,1,-1,-1,-1
765,24,525,210,96,92,1,-1,-1,-1
765,25,617,200,45,26,1,-1,-1,-1
765,26,590,368,87,88,1,-1,-1,-1
765,28,698,239,66,42,1,-1,-1,-1
765,29,333,154,23,26,1,-1,-1,-1
765,30,929,372,94,83,1,-1,-1,-1
765,31,991,271,32,69,1,-1,-1,-1
766,1,696,177,40,19,1,-1,-1,-1
766,8,706,160,36,23,1,-1,-1,-1
766,11,740,171,103,69,1,-1,-1,-1
766,19,892,266,69,34,1,-1,-1,-1
766,21,518,142,23,15,1,-1,-1,-1
766,24,526,212,99,93,1,-1,-1,-1
766,25,619,200,40,25,1,-1,-1,-1
766,26,595,374,87,90,1,-1,-1,-1
766,28,697,237,66,42,1,-1,-1,-1
766,29,333,154,23,25,1,-1,-1,-1
766,30,924,372,99,75,1,-1,-1,-1
766,31,992,271,31,67,1,-1,-1,-1
767,1,696,175,40,19,1,-1,-1,-1
767,8,706,160,36,23,1,-1,-1,-1
767,11,740,171,100,67,1,-1,-1,-1
767,19,892,266,69,34,1,-1,-1,-1
767,21,515,140,23,15,1,-1,-1,-1
767,24,528,214,97,94,1,-1,-1,-1
767,25,617,200,42,22,1,-1,-1,-1
767,26,599,379,90,92,1,-1,-1,-1
767,28,697,237,65,42,1,-1,-1,-1
767,29,333,154,23,25,1,-1,-1,-1
767,30,922,370,99,75,1,-1,-1,-1
767,31,993,271,29,68,1,-1,-1,-1
768,1,694,177,40,19,1,-1,-1,-1
768,8,706,160,36,23,1,-1,-1,-1
768,11,740,173,100,67,1,-1,-1,-1
768,19,892,266,69,34,1,-1,-1,-1
768,21,514,140,23,15,1,-1,-1,-1
768,24,528,216,100,92,1,-1,-1,-1
768,25,617,199,40,22,1,-1,-1,-1
768,26,604,384,90,88,1,-1,-1,-1
768,28,697,237,66,42,1,-1,-1,-1
768,29,333,154,23,25,1,-1,-1,-1
768,30,919,368,104,75,1,-1,-1,-1
768,31,992,271,30,70,1,-1,-1,-1
769,1,696,177,40,19,1,-1,-1,-1
769,8,706,158,36,23,1,-1,-1,-1
769,11,740,173,100,67,1,-1,-1,-1
769,19,889,264,70,34,1,-1,-1,-1
769,21,514,140,23,15,1,-1,-1,-1
769,24,530,217,97,90,1,-1,-1,-1
769,25,609,198,47,25,1,-1,-1,-1
769,26,608,389,91,90,1,-1,-1,-1
769,28,694,237,66,44,1,-1,-1,-1
769,29,333,154,23,27,1,-1,-1,-1
769,30,910,366,112,74,1,-1,-1,-1
769,31,992,271,30,69,1,-1,-1,-1
769,32,399,166,23,25,1,-1,-1,-1
770,1,696,175,40,19,1,-1,-1,-1
770,8,706,160,36,23,1,-1,-1,-1
770,11,740,173,98,63,1,-1,-1,-1
770,19,890,266,67,34,1,-1,-1,-1
770,21,514,140,23,15,1,-1,-1,-1
770,24,531,217,97,90,1,-1,-1,-1
770,25,608,198,48,25,1,-1,-1,-1
770,26,616,395,91,90,1,-1,-1,-1
770,28,692,237,65,39,1,-1,-1,-1
770,29,333,156,23,25,1,-1,-1,-1
770,30,907,362,115,82,1,-1,-1,-1
770,31,992,271,30,74,1,-1,-1,-1
770,32,398,165,23,25,1,-1,-1,-1
771,1,694,177,40,19,1,-1,-1,-1
771,8,705,160,36,23,1,-1,-1,-1
771,11,741,173,94,61,1,-1,-1,-1
771,19,887,265,71,34,1,-1,-1,-1
771,21,513,140,23,15,1,-1,-1,-1
771,24,528,216,104,96,1,-1,-1,-1
771,25,608,198,47,25,1,-1,-1,-1
771,26,620,401,94,92,1,-1,-1,-1
771,28,689,235,66,42,1,-1,-1,-1
771,29,333,156,23,25,1,-1,-1,-1
771,30,906,362,113,70,1,-1,-1,-1
771,31,991,270,31,69,1,-1,-1,-1
771,32,398,167,23,25,1,-1,-1,-1
772,1,690,175,44,18,1,-1,-1,-1
772,8,705,158,36,23,1,-1,-1,-1
772,11,740,171,97,63,1,-1,-1,-1
772,19,889,264,67,34,1,-1,-1,-1
772,21,512,138,23,15,1,-1,-1,-1
772,24,528,217,108,100,1,-1,-1,-1
772,25,610,198,43,24,1,-1,-1,-1
772,26,626,403,92,94,1,-1,-1,-1
772,28,689,233,66,42,1,-1,-1,-1
772,29,333,156,23,27,1,-1,-1,-1
772,30,905,362,112,72,1,-1,-1,-1
772,31,990,270,33,72,1,-1,-1,-1
772,32,399,167,23,25,1,-1,-1,-1
773,1,694,175,40,19,1,-1,-1,-1
773,8,705,160,36,23,1,-1,-1,-1
773,11,740,171,97,63,1,-1,-1,-1
773,19,881,264,75,33,1,-1,-1,-1
773,21,512,138,23,15,1,-1,-1,-1
773,24,534,219,101,94,1,-1,-1,-1
773,25,608,198,44,23,1,-1,-1,-1
773,26,629,410,96,92,1,-1,-1,-1
773,28,687,233,66,42,1,-1,-1,-1
773,29,333,156,23,25,1,-1,-1,-1
773,30,901,358,111,73,1,-1,-1,-1
773,31,988,270,32,72,1,-1,-1,-1
773,32,400,169,23,25,1,-1,-1,-1
774,1,694,175,40,19,1,-1,-1,-1
774,8,705,158,36,23,1,-1,-1,-1
774,11,740,171,96,61,1,-1,-1,-1
774,19,885,262,70,35,1,-1,-1,-1
774,21,510,138,23,15,1,-1,-1,-1
774,24,535,221,101,94,1,-1,-1,-1
774,25,608,198,43,23,1,-1,-1,-1
774,26,637,418,96,92,1,-1,-1,-1
774,28,687,233,65,42,1,-1,-1,-1
774,29,333,156,23,27,1,-1,-1,-1
774,30,898,356,111,73,1,-1,-1,-1
774,31,987,268,35,69,1,-1,-1,-1
774,32,400,169,23,25,1,-1,-1,-1
775,1,694,177,40,19,1,-1,-1,-1
775,8,705,160,36,23,1,-1,-1,-1
775,11,740,171,94,61,1,-1,-1,-1
775,19,886,264,69,34,1,-1,-1,-1
775,21,509,136,23,15,1,-1,-1,-1
775,24,535,221,101,94,1,-1,-1,-1
775,25,608,196,43,23,1,-1,-1,-1
775,26,643,422,99,96,1,-1,-1,-1
775,28,685,233,61,40,1,-1,-1,-1
775,29,334,156,23,25,1,-1,-1,-1
775,30,892,354,117,77,1,-1,-1,-1
775,31,987,268,35,69,1,-1,-1,-1
775,32,400,169,23,25,1,-1,-1,-1
776,1,693,175,40,19,1,-1,-1,-1
776,8,705,158,36,23,1,-1,-1,-1
776,11,740,173,91,59,1,-1,-1,-1
776,19,889,264,66,32,1,-1,-1,-1
776,21,509,136,23,15,1,-1,-1,-1
776,24,535,221,104,96,1,-1,-1,-1
776,25,607,196,43,23,1,-1,-1,-1
776,26,650,430,100,98,1,-1,-1,-1
776,28,685,231,61,40,1,-1,-1,-1
776,29,334,158,23,25,1,-1,-1,-1
776,30,891,359,109,67,1,-1,-1,-1
776,31,985,269,38,71,1,-1,-1,-1
776,32,402,171,23,25,1,-1,-1,-1
777,1,693,175,40,19,1,-1,-1,-1
777,8,704,158,36,23,1,-1,-1,-1
777,11,743,175,87,55,1,-1,-1,-1
777,19,885,264,70,34,1,-1,-1,-1
777,21,508,136,23,15,1,-1,-1,-1
777,24,538,225,109,96,1,-1,-1,-1
777,25,604,196,41,23,1,-1,-1,-1
777,26,654,434,101,100,1,-1,-1,-1
777,28,684,231,61,40,1,-1,-1,-1
777,29,334,158,23,25,1,-1,-1,-1
777,30,892,358,105,64,1,-1,-1,-1
777,31,984,268,37,71,1,-1,-1,-1
777,32,403,171,23,25,1,-1,-1,-1
778,1,693,175,40,19,1,-1,-1,-1
778,8,704,160,36,23,1,-1,-1,-1
778,11,741,175,88,57,1,-1,-1,-1
778,19,889,264,66,32,1,-1,-1,-1
778,21,506,136,23,15,1,-1,-1,-1
778,24,539,225,107,98,1,-1,-1,-1
778,25,603,196,41,23,1,-1,-1,-1
778,26,663,439,106,99,1,-1,-1,-1
778,28,684,231,61,40,1,-1,-1,-1
778,29,334,158,23,25,1,-1,-1,-1
778,30,889,356,103,63,1,-1,-1,-1
778,31,984,268,38,72,1,-1,-1,-1
778,32,403,171,23,25,1,-1,-1,-1
779,1,693,175,40,19,1,-1,-1,-1
779,8,704,158,36,23,1,-1,-1,-1
779,11,743,173,87,61,1,-1,-1,-1
779,19,888,264,66,32,1,-1,-1,-1
779,21,505,136,23,17,1,-1,-1,-1
779,24,539,225,107,98,1,-1,-1,-1
779,25,604,196,40,23,1,-1,-1,-1
779,26,670,445,105,94,1,-1,-1,-1
779,28,681,229,61,40,1,-1,-1,-1
779,29,334,158,23,25,1,-1,-1,-1
779,30,882,354,107,65,1,-1,-1,-1
779,31,984,268,38,74,1,-1,-1,-1
779,32,403,173,23,25,1,-1,-1,-1
780,1,693,175,40,19,1,-1,-1,-1
780,8,705,158,36,23,1,-1,-1,-1
780,11,741,173,88,60,1,-1,-1,-1
780,19,888,264,65,32,1,-1,-1,-1
780,21,505,133,23,15,1,-1,-1,-1
780,24,543,229,100,92,1,-1,-1,-1
780,25,600,194,43,23,1,-1,-1,-1
780,26,676,451,108,88,1,-1,-1,-1
780,28,680,229,61,40,1,-1,-1,-1
780,29,334,160,23,25,1,-1,-1,-1
780,30,881,352,108,67,1,-1,-1,-1
780,31,983,268,38,69,1,-1,-1,-1
780,32,403,173,23,25,1,-1,-1,-1
781,1,693,175,40,19,1,-1,-1,-1
781,8,704,158,36,23,1,-1,-1,-1
781,11,740,173,89,60,1,-1,-1,-1
781,19,877,259,75,37,1,-1,-1,-1
781,21,505,133,23,15,1,-1,-1,-1
781,24,545,227,111,100,1,-1,-1,-1
781,25,600,192,43,23,1,-1,-1,-1
781,26,682,461,111,78,1,-1,-1,-1
781,28,679,227,65,42,1,-1,-1,-1
781,29,334,160,23,25,1,-1,-1,-1
781,30,876,351,108,67,1,-1,-1,-1
781,31,983,266,40,66,1,-1,-1,-1
781,32,406,173,23,25,1,-1,-1,-1
782,1,693,175,40,19,1,-1,-1,-1
782,8,704,158,36,23,1,-1,-1,-1
782,11,740,172,89,60,1,-1,-1,-1
782,19,888,264,61,30,1,-1,-1,-1
782,21,505,136,23,15,1,-1,-1,-1
782,24,544,227,111,104,1,-1,-1,-1
782,25,599,192,43,23,1,-1,-1,-1
782,26,689,464,112,75,1,-1,-1,-1
782,28,679,227,62,40,1,-1,-1,-1
782,29,334,160,23,25,1,-1,-1,-1
782,30,872,347,111,67,1,-1,-1,-1
782,31,982,266,40,73,1,-1,-1,-1
782,32,406,173,23,25,1,-1,-1,-1
783,1,693,175,40,19,1,-1,-1,-1
783,8,702,158,36,23,1,-1,-1,-1
783,11,739,173,89,54,1,-1,-1,-1
783,19,886,264,61,30,1,-1,-1,-1
783,21,504,133,23,15,1,-1,-1,-1
783,24,543,226,113,103,1,-1,-1,-1
783,25,598,192,43,23,1,-1,-1,-1
783,26,697,472,106,67,1,-1,-1,-1
783,28,676,227,66,42,1,-1,-1,-1
783,29,334,160,23,25,1,-1,-1,-1
783,30,872,347,103,63,1,-1,-1,-1
783,31,980,266,40,74,1,-1,-1,-1
783,32,405,176,23,25,1,-1,-1,-1
784,1,693,175,40,19,1,-1,-1,-1
784,8,701,158,36,23,1,-1,-1,-1
784,11,740,173,87,55,1,-1,-1,-1
784,19,873,260,74,35,1,-1,-1,-1
784,21,503,136,23,15,1,-1,-1,-1
784,24,543,227,115,106,1,-1,-1,-1
784,25,596,192,43,23,1,-1,-1,-1
784,26,704,480,102,59,1,-1,-1,-1
784,28,675,225,66,42,1,-1,-1,-1
784,29,334,160,23,25,1,-1,-1,-1
784,30,869,350,104,56,1,-1,-1,-1
784,31,980,261,43,77,1,-1,-1,-1
784,32,406,175,23,25,1,-1,-1,-1
785,1,693,175,40,19,1,-1,-1,-1
785,8,701,158,36,23,1,-1,-1,-1
785,11,736,172,91,61,1,-1,-1,-1
785,19,873,255,72,38,1,-1,-1,-1
785,21,501,136,23,15,1,-1,-1,-1
785,24,545,229,113,105,1,-1,-1,-1
785,25,595,190,41,23,1,-1,-1,-1
785,26,710,491,92,48,1,-1,-1,-1
785,28,673,225,67,42,1,-1,-1,-1
785,29,334,162,23,25,1,-1,-1,-1
785,30,868,345,99,58,1,-1,-1,-1
785,31,978,266,45,67,1,-1,-1,-1
785,32,407,175,23,25,1,-1,-1,-1
786,1,692,175,40,19,1,-1,-1,-1
786,8,701,158,35,23,1,-1,-1,-1
786,11,736,173,93,61,1,-1,-1,-1
786,19,872,258,74,37,1,-1,-1,-1
786,21,501,135,23,15,1,-1,-1,-1
786,24,545,227,117,111,1,-1,-1,-1
786,25,595,190,43,23,1,-1,-1,-1
786,26,714,499,92,40,1,-1,-1,-1
786,28,675,227,59,40,1,-1,-1,-1
786,29,334,162,23,25,1,-1,-1,-1
786,30,865,343,99,57,1,-1,-1,-1
786,31,978,264,44,69,1,-1,-1,-1
786,32,407,175,23,25,1,-1,-1,-1
787,1,688,177,44,18,1,-1,-1,-1
787,8,701,158,36,23,1,-1,-1,-1
787,11,736,173,92,61,1,-1,-1,-1
787,19,872,258,73,36,1,-1,-1,-1
787,21,500,135,23,15,1,-1,-1,-1
787,24,549,230,115,105,1,-1,-1,-1
787,25,590,189,44,25,1,-1,-1,-1
787,26,726,504,71,35,1,-1,-1,-1
787,28,675,227,57,38,1,-1,-1,-1
787,29,334,162,23,25,1,-1,-1,-1
787,30,864,343,95,55,1,-1,-1,-1
787,31,976,264,45,69,1,-1,-1,-1
787,32,407,175,23,25,1,-1,-1,-1
788,1,687,177,44,17,1,-1,-1,-1
788,8,701,158,36,23,1,-1,-1,-1
788,11,736,173,91,59,1,-1,-1,-1
788,19,872,258,70,36,1,-1,-1,-1
788,21,500,133,23,15,1,-1,-1,-1
788,24,550,234,115,107,1,-1,-1,-1
788,25,598,190,37,23,1,-1,-1,-1
788,28,673,227,57,38,1,-1,-1,-1
788,29,334,162,23,25,1,-1,-1,-1
788,30,860,341,96,57,1,-1,-1,-1
788,31,976,262,46,69,1,-1,-1,-1
788,32,407,177,23,25,1,-1,-1,-1
789,1,688,177,44,17,1,-1,-1,-1
789,8,701,156,36,23,1,-1,-1,-1
789,11,735,173,91,59,1,-1,-1,-1
789,19,872,258,70,36,1,-1,-1,-1
789,21,498,133,23,15,1,-1,-1,-1
789,24,548,231,122,116,1,-1,-1,-1
789,25,595,189,39,22,1,-1,-1,-1
789,28,672,227,57,38,1,-1,-1,-1
789,29,334,163,23,25,1,-1,-1,-1
789,30,855,339,99,57,1,-1,-1,-1
789,31,972,262,48,69,1,-1,-1,-1
789,32,410,179,23,25,1,-1,-1,-1
790,1,687,177,44,17,1,-1,-1,-1
790,8,701,156,36,23,1,-1,-1,-1
790,11,736,173,87,57,1,-1,-1,-1
790,19,869,258,73,36,1,-1,-1,-1
790,21,498,133,23,15,1,-1,-1,-1
790,24,549,231,122,112,1,-1,-1,-1
790,25,593,187,39,22,1,-1,-1,-1
790,28,671,227,56,38,1,-1,-1,-1
790,29,334,163,23,25,1,-1,-1,-1
790,30,851,337,103,59,1,-1,-1,-1
790,31,974,262,48,79,1,-1,-1,-1
790,32,410,179,23,25,1,-1,-1,-1
791,1,687,177,44,17,1,-1,-1,-1
791,8,700,158,36,23,1,-1,-1,-1
791,11,736,173,86,55,1,-1,-1,-1
791,19,871,258,70,34,1,-1,-1,-1
791,21,497,133,23,15,1,-1,-1,-1
791,24,552,235,122,109,1,-1,-1,-1
791,25,594,187,37,20,1,-1,-1,-1
791,28,671,225,56,38,1,-1,-1,-1
791,29,334,163,23,25,1,-1,-1,-1
791,30,851,335,96,57,1,-1,-1,-1
791,31,974,262,49,78,1,-1,-1,-1
791,32,410,179,22,23,1,-1,-1,-1
792,1,687,177,44,17,1,-1,-1,-1
792,8,700,156,36,23,1,-1,-1,-1
792,11,735,173,87,57,1,-1,-1,-1
792,19,868,257,70,36,1,-1,-1,-1
792,21,496,133,23,15,1,-1,-1,-1
792,24,552,235,124,112,1,-1,-1,-1
792,25,592,185,33,24,1,-1,-1,-1
792,28,670,225,53,36,1,-1,-1,-1
792,29,334,163,23,25,1,-1,-1,-1
792,30,848,337,92,55,1,-1,-1,-1
792,31,973,262,50,83,1,-1,-1,-1
792,32,411,181,23,25,1,-1,-1,-1
793,1,687,177,44,17,1,-1,-1,-1
793,8,700,156,36,23,1,-1,-1,-1
793,11,732,171,88,59,1,-1,-1,-1
793,19,866,252,71,39,1,-1,-1,-1
793,21,495,131,23,15,1,-1,-1,-1
793,24,559,239,119,110,1,-1,-1,-1
793,25,590,185,32,23,1,-1,-1,-1
793,28,668,225,53,36,1,-1,-1,-1
793,29,334,165,23,25,1,-1,-1,-1
793,30,846,335,90,52,1,-1,-1,-1
793,31,971,262,51,73,1,-1,-1,-1
793,32,408,181,26,27,1,-1,-1,-1
794,1,685,175,44,17,1,-1,-1,-1
794,8,698,156,36,23,1,-1,-1,-1
794,11,735,173,83,55,1,-1,-1,-1
794,19,864,253,72,38,1,-1,-1,-1
794,21,495,131,23,15,1,-1,-1,-1
794,24,557,239,123,114,1,-1,-1,-1
794,25,590,185,32,23,1,-1,-1,-1
794,28,668,227,49,34,1,-1,-1,-1
794,29,334,165,26,25,1,-1,-1,-1
794,30,846,333,87,52,1,-1,-1,-1
794,31,970,260,51,72,1,-1,-1,-1
794,32,406,182,30,26,1,-1,-1,-1
795,1,685,175,44,17,1,-1,-1,-1
795,8,698,156,36,23,1,-1,-1,-1
795,11,734,171,86,55,1,-1,-1,-1
795,19,866,253,69,38,1,-1,-1,-1
795,21,492,131,23,15,1,-1,-1,-1
795,24,553,239,127,114,1,-1,-1,-1
795,25,590,183,32,23,1,-1,-1,-1
795,28,667,225,52,36,1,-1,-1,-1
795,29,334,165,26,25,1,-1,-1,-1
795,30,839,327,89,55,1,-1,-1,-1
795,31,970,260,53,76,1,-1,-1,-1
795,32,410,184,28,26,1,-1,-1,-1
796,1,685,175,44,17,1,-1,-1,-1
796,8,698,156,36,23,1,-1,-1,-1
796,11,730,173,87,57,1,-1,-1,-1
796,19,861,252,73,39,1,-1,-1,-1
796,21,492,131,23,15,1,-1,-1,-1
796,24,556,241,129,116,1,-1,-1,-1
796,25,590,183,32,23,1,-1,-1,-1
796,28,664,223,52,36,1,-1,-1,-1
796,29,334,165,26,25,1,-1,-1,-1
796,30,838,328,91,56,1,-1,-1,-1
796,31,967,260,55,77,1,-1,-1,-1
796,32,407,184,33,27,1,-1,-1,-1
797,1,685,175,44,17,1,-1,-1,-1
797,8,698,156,36,23,1,-1,-1,-1
797,11,731,171,87,57,1,-1,-1,-1
797,19,858,250,75,40,1,-1,-1,-1
797,21,492,129,23,15,1,-1,-1,-1
797,24,560,244,127,112,1,-1,-1,-1
797,25,587,183,32,23,1,-1,-1,-1
797,28,663,223,53,36,1,-1,-1,-1
797,29,334,165,26,25,1,-1,-1,-1
797,30,835,327,90,53,1,-1,-1,-1
797,31,967,260,54,76,1,-1,-1,-1
797,32,407,183,32,27,1,-1,-1,-1
798,1,684,175,44,17,1,-1,-1,-1
798,8,698,156,36,23,1,-1,-1,-1
798,11,731,173,85,57,1,-1,-1,-1
798,19,860,255,71,35,1,-1,-1,-1
798,21,492,129,23,15,1,-1,-1,-1
798,24,560,241,130,118,1,-1,-1,-1
798,25,586,181,32,23,1,-1,-1,-1
798,28,663,223,52,36,1,-1,-1,-1
798,29,334,167,26,25,1,-1,-1,-1
798,30,834,324,88,53,1,-1,-1,-1
798,31,966,258,54,77,1,-1,-1,-1
798,32,407,185,32,27,1,-1,-1,-1
799,1,684,175,44,17,1,-1,-1,-1
799,8,698,156,35,23,1,-1,-1,-1
799,11,730,171,87,59,1,-1,-1,-1
799,19,859,254,70,34,1,-1,-1,-1
799,21,491,129,23,15,1,-1,-1,-1
799,24,560,241,133,119,1,-1,-1,-1
799,25,585,181,32,23,1,-1,-1,-1
799,28,660,221,50,34,1,-1,-1,-1
799,29,334,167,26,25,1,-1,-1,-1
799,30,830,322,90,54,1,-1,-1,-1
799,31,966,260,57,74,1,-1,-1,-1
799,32,407,185,32,27,1,-1,-1,-1
800,1,684,175,44,17,1,-1,-1,-1
800,8,697,156,35,23,1,-1,-1,-1
800,11,728,169,91,59,1,-1,-1,-1
800,19,859,254,70,34,1,-1,-1,-1
800,21,489,129,23,15,1,-1,-1,-1
800,24,564,244,126,115,1,-1,-1,-1
800,25,583,181,32,23,1,-1,-1,-1
800,28,659,221,50,34,1,-1,-1,-1
800,29,335,167,26,25,1,-1,-1,-1
800,30,825,320,92,55,1,-1,-1,-1
800,31,966,260,56,73,1,-1,-1,-1
800,32,408,185,32,27,1,-1,-1,-1
801,1,684,175,44,17,1,-1,-1,-1
801,8,698,156,36,23,1,-1,-1,-1
801,11,728,169,92,61,1,-1,-1,-1
801,19,859,254,70,34,1,-1,-1,-1
801,21,488,129,23,15,1,-1,-1,-1
801,24,564,243,133,119,1,-1,-1,-1
801,25,582,179,32,23,1,-1,-1,-1
801,28,659,219,52,36,1,-1,-1,-1
801,29,335,167,26,25,1,-1,-1,-1
801,30,826,320,87,52,1,-1,-1,-1
801,31,963,260,57,73,1,-1,-1,-1
801,32,410,187,32,27,1,-1,-1,-1
802,1,684,175,44,17,1,-1,-1,-1
802,8,697,156,36,23,1,-1,-1,-1
802,11,727,169,95,61,1,-1,-1,-1
802,19,859,254,70,34,1,-1,-1,-1
802,21,488,127,23,15,1,-1,-1,-1
802,24,565,244,133,119,1,-1,-1,-1
802,25,581,179,32,23,1,-1,-1,-1
802,28,659,219,52,36,1,-1,-1,-1
802,29,335,169,27,25,1,-1,-1,-1
802,30,821,316,92,55,1,-1,-1,-1
802,31,963,260,57,73,1,-1,-1,-1
802,32,410,187,31,25,1,-1,-1,-1
803,1,684,175,44,17,1,-1,-1,-1
803,8,697,156,36,23,1,-1,-1,-1
803,11,727,169,95,61,1,-1,-1,-1
803,19,859,254,66,32,1,-1,-1,-1
803,24,565,244,134,123,1,-1,-1,-1
803,25,581,179,32,23,1,-1,-1,-1
803,28,655,217,54,36,1,-1,-1,-1
803,29,336,169,26,25,1,-1,-1,-1
803,30,821,316,87,52,1,-1,-1,-1
803,31,962,258,57,73,1,-1,-1,-1
803,32,412,190,31,25,1,-1,-1,-1
804,1,684,175,44,17,1,-1,-1,-1
804,8,697,156,36,23,1,-1,-1,-1
804,11,726,169,92,61,1,-1,-1,-1
804,19,859,256,66,32,1,-1,-1,-1
804,24,566,246,134,123,1,-1,-1,-1
804,25,581,177,30,21,1,-1,-1,-1
804,28,653,215,54,33,1,-1,-1,-1
804,29,336,169,26,25,1,-1,-1,-1
804,30,817,316,90,54,1,-1,-1,-1
804,31,961,258,62,83,1,-1,-1,-1
804,32,411,190,32,27,1,-1,-1,-1
805,1,684,175,44,17,1,-1,-1,-1
805,8,697,156,36,23,1,-1,-1,-1
805,11,724,170,92,61,1,-1,-1,-1
805,19,856,254,67,34,1,-1,-1,-1
805,24,568,246,138,125,1,-1,-1,-1
805,25,578,177,32,23,1,-1,-1,-1
805,28,653,216,54,36,1,-1,-1,-1
805,29,336,169,26,25,1,-1,-1,-1
805,30,811,312,92,55,1,-1,-1,-1
805,31,959,258,63,78,1,-1,-1,-1
805,32,412,190,32,27,1,-1,-1,-1
806,1,684,175,43,17,1,-1,-1,-1
806,8,697,156,36,23,1,-1,-1,-1
806,11,725,170,92,61,1,-1,-1,-1
806,19,856,254,67,34,1,-1,-1,-1
806,24,570,250,137,124,1,-1,-1,-1
806,25,578,177,32,23,1,-1,-1,-1
806,28,650,214,57,38,1,-1,-1,-1
806,29,336,169,26,25,1,-1,-1,-1
806,30,808,310,95,57,1,-1,-1,-1
806,31,958,258,63,78,1,-1,-1,-1
806,32,412,190,33,28,1,-1,-1,-1
807,1,684,175,43,17,1,-1,-1,-1
807,8,697,156,36,23,1,-1,-1,-1
807,11,727,169,90,61,1,-1,-1,-1
807,19,854,251,65,31,1,-1,-1,-1
807,24,573,250,138,125,1,-1,-1,-1
807,25,576,175,31,23,1,-1,-1,-1
807,28,650,214,54,36,1,-1,-1,-1
807,29,336,169,26,25,1,-1,-1,-1
807,30,809,314,83,49,1,-1,-1,-1
807,31,958,256,62,89,1,-1,-1,-1
807,32,412,192,35,28,1,-1,-1,-1
808,1,684,175,44,17,1,-1,-1,-1
808,8,697,156,36,23,1,-1,-1,-1
808,11,725,169,89,61,1,-1,-1,-1
808,19,856,254,66,32,1,-1,-1,-1
808,24,574,250,138,125,1,-1,-1,-1
808,25,576,175,32,23,1,-1,-1,-1
808,28,650,214,54,36,1,-1,-1,-1
808,29,336,171,26,25,1,-1,-1,-1
808,30,808,310,86,52,1,-1,-1,-1
808,31,957,256,64,85,1,-1,-1,-1
808,32,415,192,35,28,1,-1,-1,-1
809,1,684,175,44,17,1,-1,-1,-1
809,8,697,156,36,23,1,-1,-1,-1
809,11,724,167,90,63,1,-1,-1,-1
809,19,850,251,66,32,1,-1,-1,-1
809,24,577,252,138,125,1,-1,-1,-1
809,25,573,175,32,23,1,-1,-1,-1
809,28,647,212,54,36,1,-1,-1,-1
809,29,338,171,26,25,1,-1,-1,-1
809,30,804,308,87,52,1,-1,-1,-1
809,31,957,256,66,87,1,-1,-1,-1
809,32,416,194,35,28,1,-1,-1,-1
810,1,684,175,44,17,1,-1,-1,-1
810,8,697,156,36,23,1,-1,-1,-1
810,11,726,167,91,63,1,-1,-1,-1
810,19,851,251,66,32,1,-1,-1,-1
810,24,578,254,138,125,1,-1,-1,-1
810,25,573,173,31,23,1,-1,-1,-1
810,28,649,214,52,36,1,-1,-1,-1
810,29,338,171,26,25,1,-1,-1,-1
810,30,800,306,91,55,1,-1,-1,-1
810,31,957,256,66,88,1,-1,-1,-1
810,32,417,194,35,28,1,-1,-1,-1
811,1,683,175,44,17,1,-1,-1,-1
811,8,697,156,36,23,1,-1,-1,-1
811,11,723,168,90,59,1,-1,-1,-1
811,19,850,248,66,32,1,-1,-1,-1
811,24,579,254,146,130,1,-1,-1,-1
811,25,577,172,27,23,1,-1,-1,-1
811,28,647,212,50,34,1,-1,-1,-1
811,29,339,171,26,25,1,-1,-1,-1
811,30,804,307,82,49,1,-1,-1,-1
811,31,956,254,66,87,1,-1,-1,-1
811,32,416,196,36,28,1,-1,-1,-1
812,1,683,175,44,17,1,-1,-1,-1
812,8,697,156,36,23,1,-1,-1,-1
812,11,724,169,87,59,1,-1,-1,-1
812,19,849,247,64,32,1,-1,-1,-1
812,24,582,256,146,136,1,-1,-1,-1
812,25,572,171,32,23,1,-1,-1,-1
812,28,646,212,50,34,1,-1,-1,-1
812,29,339,171,26,25,1,-1,-1,-1
812,30,799,304,84,50,1,-1,-1,-1
812,31,956,254,66,86,1,-1,-1,-1
812,32,417,196,36,28,1,-1,-1,-1
813,1,681,175,44,17,1,-1,-1,-1
813,8,697,156,35,23,1,-1,-1,-1
813,11,723,167,89,59,1,-1,-1,-1
813,19,848,247,64,32,1,-1,-1,-1
813,22,511,143,27,14,1,-1,-1,-1
813,24,582,256,146,136,1,-1,-1,-1
813,25,569,171,32,23,1,-1,-1,-1
813,28,646,212,49,34,1,-1,-1,-1
813,29,339,171,27,25,1,-1,-1,-1
813,30,794,302,87,52,1,-1,-1,-1
813,31,954,252,68,86,1,-1,-1,-1
813,32,420,200,35,28,1,-1,-1,-1
814,1,681,173,44,17,1,-1,-1,-1
814,8,697,156,36,23,1,-1,-1,-1
814,11,723,167,88,60,1,-1,-1,-1
814,19,845,247,66,32,1,-1,-1,-1
814,22,509,142,27,13,1,-1,-1,-1
814,24,585,258,142,133,1,-1,-1,-1
814,25,569,171,31,23,1,-1,-1,-1
814,28,645,212,49,32,1,-1,-1,-1
814,29,339,173,27,25,1,-1,-1,-1
814,30,794,302,87,52,1,-1,-1,-1
814,31,953,250,70,88,1,-1,-1,-1
814,32,420,200,33,28,1,-1,-1,-1
815,1,681,173,44,17,1,-1,-1,-1
815,8,697,156,36,23,1,-1,-1,-1
815,11,723,167,88,60,1,-1,-1,-1
815,19,843,244,68,38,1,-1,-1,-1
815,22,509,142,27,13,1,-1,-1,-1
815,24,588,260,147,135,1,-1,-1,-1
815,25,569,171,31,23,1,-1,-1,-1
815,28,642,210,49,34,1,-1,-1,-1
815,29,339,173,26,25,1,-1,-1,-1
815,30,791,304,86,46,1,-1,-1,-1
815,31,952,252,71,86,1,-1,-1,-1
815,32,420,200,35,28,1,-1,-1,-1
816,1,681,173,44,17,1,-1,-1,-1
816,8,697,154,36,23,1,-1,-1,-1
816,11,723,167,86,59,1,-1,-1,-1
816,19,845,247,64,30,1,-1,-1,-1
816,22,509,142,27,13,1,-1,-1,-1
816,24,594,259,144,141,1,-1,-1,-1
816,25,568,171,31,23,1,-1,-1,-1
816,28,640,208,52,36,1,-1,-1,-1
816,29,339,173,26,25,1,-1,-1,-1
816,30,788,302,86,46,1,-1,-1,-1
816,31,952,252,70,87,1,-1,-1,-1
816,32,423,200,33,28,1,-1,-1,-1
817,1,680,173,44,17,1,-1,-1,-1
817,8,696,154,36,23,1,-1,-1,-1
817,11,723,167,86,59,1,-1,-1,-1
817,19,842,248,67,27,1,-1,-1,-1
817,22,508,142,26,13,1,-1,-1,-1
817,24,589,260,151,140,1,-1,-1,-1
817,25,569,169,31,23,1,-1,-1,-1
817,28,641,208,49,34,1,-1,-1,-1
817,29,339,173,26,25,1,-1,-1,-1
817,30,787,299,78,47,1,-1,-1,-1
817,31,952,252,69,86,1,-1,-1,-1
817,32,422,204,35,28,1,-1,-1,-1
818,1,681,173,44,17,1,-1,-1,-1
818,8,696,154,36,23,1,-1,-1,-1
818,11,723,165,87,59,1,-1,-1,-1
818,19,843,246,63,31,1,-1,-1,-1
818,22,510,144,26,13,1,-1,-1,-1
818,24,590,262,151,140,1,-1,-1,-1
818,25,569,169,30,21,1,-1,-1,-1
818,28,637,208,50,34,1,-1,-1,-1
818,29,339,173,26,25,1,-1,-1,-1
818,30,786,299,78,47,1,-1,-1,-1
818,31,950,250,72,86,1,-1,-1,-1
818,32,423,203,36,28,1,-1,-1,-1
819,1,680,171,44,17,1,-1,-1,-1
819,8,696,154,36,23,1,-1,-1,-1
819,11,723,165,87,59,1,-1,-1,-1
819,19,842,244,64,30,1,-1,-1,-1
819,22,505,140,26,13,1,-1,-1,-1
819,24,592,262,159,143,1,-1,-1,-1
819,25,565,167,31,23,1,-1,-1,-1
819,28,637,208,52,36,1,-1,-1,-1
819,29,340,173,26,25,1,-1,-1,-1
819,30,782,299,82,46,1,-1,-1,-1
819,31,949,250,66,86,1,-1,-1,-1
819,32,423,204,36,28,1,-1,-1,-1
820,1,680,173,44,17,1,-1,-1,-1
820,8,696,154,35,23,1,-1,-1,-1
820,11,722,165,87,59,1,-1,-1,-1
820,19,842,244,64,28,1,-1,-1,-1
820,22,504,140,27,13,1,-1,-1,-1
820,24,595,264,156,146,1,-1,-1,-1
820,28,637,206,49,34,1,-1,-1,-1
820,29,340,175,26,25,1,-1,-1,-1
820,30,781,295,78,46,1,-1,-1,-1
820,31,949,250,72,90,1,-1,-1,-1
820,32,424,206,36,28,1,-1,-1,-1
821,1,680,171,44,17,1,-1,-1,-1
821,8,696,154,36,23,1,-1,-1,-1
821,11,722,165,87,59,1,-1,-1,-1
821,19,842,244,62,29,1,-1,-1,-1
821,22,504,140,27,13,1,-1,-1,-1
821,24,595,264,158,146,1,-1,-1,-1
821,28,637,206,49,34,1,-1,-1,-1
821,29,340,175,26,25,1,-1,-1,-1
821,30,780,296,78,44,1,-1,-1,-1
821,31,948,250,74,91,1,-1,-1,-1
821,32,425,206,36,28,1,-1,-1,-1
822,1,680,171,44,17,1,-1,-1,-1
822,8,694,154,36,23,1,-1,-1,-1
822,11,722,165,87,59,1,-1,-1,-1
822,19,841,243,62,32,1,-1,-1,-1
822,22,502,138,26,13,1,-1,-1,-1
822,24,598,266,158,146,1,-1,-1,-1
822,28,634,206,52,36,1,-1,-1,-1
822,29,342,176,26,31,1,-1,-1,-1
822,30,780,294,76,46,1,-1,-1,-1
822,31,946,248,76,94,1,-1,-1,-1
822,32,427,206,35,27,1,-1,-1,-1
823,1,680,171,44,17,1,-1,-1,-1
823,8,696,154,36,23,1,-1,-1,-1
823,11,719,165,90,61,1,-1,-1,-1
823,19,838,242,63,29,1,-1,-1,-1
823,22,501,138,27,13,1,-1,-1,-1
823,24,600,268,163,147,1,-1,-1,-1
823,28,635,205,48,30,1,-1,-1,-1
823,29,342,175,26,25,1,-1,-1,-1
823,30,776,292,75,47,1,-1,-1,-1
823,31,945,248,75,88,1,-1,-1,-1
823,32,428,210,35,27,1,-1,-1,-1
824,1,680,171,44,17,1,-1,-1,-1
824,8,696,154,35,23,1,-1,-1,-1
824,11,720,165,90,61,1,-1,-1,-1
824,19,837,242,64,32,1,-1,-1,-1
824,22,501,138,27,13,1,-1,-1,-1
824,24,604,273,160,150,1,-1,-1,-1
824,28,633,206,49,29,1,-1,-1,-1
824,29,343,175,24,32,1,-1,-1,-1
824,30,776,293,73,48,1,-1,-1,-1
824,31,945,248,78,89,1,-1,-1,-1
824,32,429,210,36,28,1,-1,-1,-1
825,1,680,171,44,17,1,-1,-1,-1
825,8,696,154,36,23,1,-1,-1,-1
825,11,720,165,86,60,1,-1,-1,-1
825,19,836,241,64,31,1,-1,-1,-1
825,22,501,138,27,13,1,-1,-1,-1
825,24,609,276,160,150,1,-1,-1,-1
825,28,632,204,51,28,1,-1,-1,-1
825,29,343,175,26,25,1,-1,-1,-1
825,30,774,291,77,42,1,-1,-1,-1
825,31,944,248,77,94,1,-1,-1,-1
825,32,429,210,36,28,1,-1,-1,-1
826,1,680,171,44,17,1,-1,-1,-1
826,8,694,154,36,23,1,-1,-1,-1
826,11,718,163,88,63,1,-1,-1,-1
826,19,837,241,64,30,1,-1,-1,-1
826,22,500,136,26,13,1,-1,-1,-1
826,24,608,273,160,150,1,-1,-1,-1
826,28,630,204,50,29,1,-1,-1,-1
826,29,343,177,26,25,1,-1,-1,-1
826,30,769,289,79,41,1,-1,-1,-1
826,31,943,248,78,94,1,-1,-1,-1
826,32,431,210,36,28,1,-1,-1,-1
827,1,680,171,44,17,1,-1,-1,-1
827,8,694,154,36,23,1,-1,-1,-1
827,11,719,164,86,62,1,-1,-1,-1
827,19,838,243,59,29,1,-1,-1,-1
827,22,498,136,26,13,1,-1,-1,-1
827,24,613,278,164,152,1,-1,-1,-1
827,28,629,202,49,28,1,-1,-1,-1
827,29,342,179,26,25,1,-1,-1,-1
827,30,769,290,78,40,1,-1,-1,-1
827,31,941,246,80,97,1,-1,-1,-1
827,32,433,212,35,27,1,-1,-1,-1
828,1,680,171,44,17,1,-1,-1,-1
828,8,696,154,36,23,1,-1,-1,-1
828,11,719,165,87,60,1,-1,-1,-1
828,19,833,241,64,30,1,-1,-1,-1
828,22,497,136,26,13,1,-1,-1,-1
828,24,615,284,165,149,1,-1,-1,-1
828,28,629,202,49,28,1,-1,-1,-1
828,29,343,177,26,25,1,-1,-1,-1
828,30,766,287,77,40,1,-1,-1,-1
828,31,941,248,81,92,1,-1,-1,-1
828,32,434,214,35,27,1,-1,-1,-1
829,1,680,171,44,17,1,-1,-1,-1
829,8,696,154,36,23,1,-1,-1,-1
829,11,720,164,85,59,1,-1,-1,-1
829,19,835,241,62,28,1,-1,-1,-1
829,22,497,135,27,13,1,-1,-1,-1
829,24,616,279,171,155,1,-1,-1,-1
829,28,629,202,47,27,1,-1,-1,-1
829,29,344,177,26,25,1,-1,-1,-1
829,30,767,285,74,46,1,-1,-1,-1
829,31,940,248,82,92,1,-1,-1,-1
829,32,434,214,35,27,1,-1,-1,-1
830,1,680,171,44,17,1,-1,-1,-1
830,8,696,154,36,23,1,-1,-1,-1
830,11,720,164,86,58,1,-1,-1,-1
830,19,834,239,62,31,1,-1,-1,-1
830,22,497,135,27,13,1,-1,-1,-1
830,24,619,284,170,151,1,-1,-1,-1
830,28,629,202,44,25,1,-1,-1,-1
830,29,344,177,26,25,1,-1,-1,-1
830,30,767,285,71,46,1,-1,-1,-1
830,31,940,246,83,93,1,-1,-1,-1
830,32,437,217,36,28,1,-1,-1,-1
831,1,680,171,44,17,1,-1,-1,-1
831,8,696,154,36,23,1,-1,-1,-1
831,11,720,164,85,60,1,-1,-1,-1
831,19,834,239,60,30,1,-1,-1,-1
831,22,497,135,27,13,1,-1,-1,-1
831,24,623,285,172,155,1,-1,-1,-1
831,28,628,202,45,27,1,-1,-1,-1
831,29,346,177,26,25,1,-1,-1,-1
831,30,765,284,73,44,1,-1,-1,-1
831,31,939,246,83,92,1,-1,-1,-1
831,32,437,217,36,28,1,-1,-1,-1
832,1,680,171,44,17,1,-1,-1,-1
832,8,696,154,36,23,1,-1,-1,-1
832,11,718,163,87,61,1,-1,-1,-1
832,19,834,239,60,30,1,-1,-1,-1
832,22,496,133,27,13,1,-1,-1,-1
832,24,625,285,172,154,1,-1,-1,-1
832,28,629,200,44,25,1,-1,-1,-1
832,29,347,179,26,30,1,-1,-1,-1
832,30,762,284,71,41,1,-1,-1,-1
832,31,939,244,83,92,1,-1,-1,-1
832,32,440,217,36,28,1,-1,-1,-1
833,1,680,171,44,17,1,-1,-1,-1
833,8,696,154,36,23,1,-1,-1,-1
833,11,719,163,84,59,1,-1,-1,-1
833,19,833,239,61,30,1,-1,-1,-1
833,22,495,133,27,13,1,-1,-1,-1
833,24,625,287,175,158,1,-1,-1,-1
833,28,625,200,47,27,1,-1,-1,-1
833,29,347,179,26,25,1,-1,-1,-1
833,30,760,283,71,42,1,-1,-1,-1
833,31,937,244,83,92,1,-1,-1,-1
833,32,440,219,36,28,1,-1,-1,-1
834,1,681,171,44,17,1,-1,-1,-1
834,8,696,154,36,23,1,-1,-1,-1
834,11,719,163,84,59,1,-1,-1,-1
834,19,833,239,61,30,1,-1,-1,-1
834,22,495,133,27,13,1,-1,-1,-1
834,24,629,289,172,154,1,-1,-1,-1
834,28,626,200,48,28,1,-1,-1,-1
834,29,347,179,26,25,1,-1,-1,-1
834,30,757,281,74,42,1,-1,-1,-1
834,31,936,244,85,94,1,-1,-1,-1
834,32,440,219,36,28,1,-1,-1,-1
835,1,680,171,44,17,1,-1,-1,-1
835,8,696,154,36,23,1,-1,-1,-1
835,11,720,165,82,57,1,-1,-1,-1
835,19,834,239,61,30,1,-1,-1,-1
835,22,493,133,27,13,1,-1,-1,-1
835,24,633,293,179,160,1,-1,-1,-1
835,28,625,200,44,25,1,-1,-1,-1
835,29,349,179,24,30,1,-1,-1,-1
835,30,757,281,71,42,1,-1,-1,-1
835,31,931,243,92,99,1,-1,-1,-1
835,32,441,216,39,35,1,-1,-1,-1
836,1,680,171,44,17,1,-1,-1,-1
836,8,696,154,36,23,1,-1,-1,-1
836,11,719,163,83,59,1,-1,-1,-1
836,19,833,239,61,30,1,-1,-1,-1
836,22,492,133,27,13,1,-1,-1,-1
836,24,636,295,179,162,1,-1,-1,-1
836,28,624,200,44,25,1,-1,-1,-1
836,29,348,179,23,30,1,-1,-1,-1
836,30,753,279,74,44,1,-1,-1,-1
836,31,935,244,88,94,1,-1,-1,-1
836,32,444,223,36,28,1,-1,-1,-1
836,33,986,401,37,45,1,-1,-1,-1
837,1,680,171,44,17,1,-1,-1,-1
837,8,696,154,36,23,1,-1,-1,-1
837,11,718,163,84,59,1,-1,-1,-1
837,19,829,237,61,30,1,-1,-1,-1
837,22,492,133,27,13,1,-1,-1,-1
837,24,636,296,181,166,1,-1,-1,-1
837,28,624,200,44,25,1,-1,-1,-1
837,29,350,179,23,30,1,-1,-1,-1
837,30,753,279,77,44,1,-1,-1,-1
837,31,933,244,89,100,1,-1,-1,-1
837,32,445,223,36,28,1,-1,-1,-1
837,33,980,399,41,50,1,-1,-1,-1
838,1,680,171,44,17,1,-1,-1,-1
838,8,697,154,36,23,1,-1,-1,-1
838,11,719,163,84,59,1,-1,-1,-1
838,19,829,237,61,30,1,-1,-1,-1
838,22,492,131,27,13,1,-1,-1,-1
838,24,637,297,188,172,1,-1,-1,-1
838,28,623,198,44,25,1,-1,-1,-1
838,29,350,181,23,30,1,-1,-1,-1
838,30,752,280,67,40,1,-1,-1,-1
838,31,929,244,94,99,1,-1,-1,-1
838,32,446,225,36,28,1,-1,-1,-1
838,33,978,395,45,57,1,-1,-1,-1
839,1,680,171,44,17,1,-1,-1,-1
839,8,697,154,36,23,1,-1,-1,-1
839,11,722,165,85,60,1,-1,-1,-1
839,19,827,237,60,30,1,-1,-1,-1
839,22,492,131,27,13,1,-1,-1,-1
839,24,641,302,188,171,1,-1,-1,-1
839,28,623,198,44,25,1,-1,-1,-1
839,29,351,181,23,28,1,-1,-1,-1
839,30,748,277,74,44,1,-1,-1,-1
839,31,932,242,90,97,1,-1,-1,-1
839,32,448,225,36,28,1,-1,-1,-1
839,33,975,393,48,58,1,-1,-1,-1
840,1,680,171,44,17,1,-1,-1,-1
840,8,697,154,36,23,1,-1,-1,-1
840,11,723,165,83,59,1,-1,-1,-1
840,19,826,235,61,30,1,-1,-1,-1
840,22,491,131,26,13,1,-1,-1,-1
840,24,643,301,191,174,1,-1,-1,-1
840,28,620,198,44,25,1,-1,-1,-1
840,29,352,181,23,30,1,-1,-1,-1
840,30,747,275,68,41,1,-1,-1,-1
840,31,931,242,92,101,1,-1,-1,-1
840,32,450,227,36,28,1,-1,-1,-1
840,33,970,391,53,56,1,-1,-1,-1
841,1,680,171,44,17,1,-1,-1,-1
841,8,697,154,36,23,1,-1,-1,-1
841,11,722,165,84,59,1,-1,-1,-1
841,19,826,237,61,30,1,-1,-1,-1
841,22,489,131,27,13,1,-1,-1,-1
841,24,645,303,190,172,1,-1,-1,-1
841,28,620,196,44,25,1,-1,-1,-1
841,29,352,181,23,30,1,-1,-1,-1
841,30,747,279,67,38,1,-1,-1,-1
841,31,931,241,92,97,1,-1,-1,-1
841,32,448,224,39,32,1,-1,-1,-1
841,33,966,391,57,57,1,-1,-1,-1
841,34,396,155,17,19,1,-1,-1,-1
842,1,680,171,44,17,1,-1,-1,-1
842,8,697,154,36,23,1,-1,-1,-1
842,11,722,165,83,59,1,-1,-1,-1
842,19,825,235,62,30,1,-1,-1,-1
842,22,489,129,26,13,1,-1,-1,-1
842,24,646,302,194,175,1,-1,-1,-1
842,28,617,196,44,25,1,-1,-1,-1
842,29,352,183,23,30,1,-1,-1,-1
842,30,748,274,64,40,1,-1,-1,-1
842,31,928,243,94,98,1,-1,-1,-1
842,32,449,225,39,32,1,-1,-1,-1
842,33,961,387,62,65,1,-1,-1,-1
842,34,395,154,16,19,1,-1,-1,-1
843,1,680,171,44,17,1,-1,-1,-1
843,8,697,154,36,23,1,-1,-1,-1
843,11,722,165,83,59,1,-1,-1,-1
843,19,826,237,62,32,1,-1,-1,-1
843,22,488,129,26,13,1,-1,-1,-1
843,24,650,306,194,175,1,-1,-1,-1
843,28,617,196,44,25,1,-1,-1,-1
843,29,352,183,23,30,1,-1,-1,-1
843,30,741,274,70,39,1,-1,-1,-1
843,31,928,241,93,98,1,-1,-1,-1
843,32,451,227,37,30,1,-1,-1,-1
843,33,957,385,64,64,1,-1,-1,-1
843,34,397,156,16,19,1,-1,-1,-1
844,1,680,171,44,17,1,-1,-1,-1
844,8,697,154,36,23,1,-1,-1,-1
844,11,719,165,84,59,1,-1,-1,-1
844,19,825,237,62,32,1,-1,-1,-1
844,22,488,129,26,13,1,-1,-1,-1
844,24,650,306,198,179,1,-1,-1,-1
844,28,616,196,44,25,1,-1,-1,-1
844,29,353,185,23,30,1,-1,-1,-1
844,30,741,273,69,40,1,-1,-1,-1
844,31,927,243,95,97,1,-1,-1,-1
844,32,451,227,37,30,1,-1,-1,-1
844,33,953,385,69,64,1,-1,-1,-1
844,34,397,154,16,19,1,-1,-1,-1
845,1,680,172,38,17,1,-1,-1,-1
845,8,697,154,36,23,1,-1,-1,-1
845,11,722,165,83,59,1,-1,-1,-1
845,19,825,235,65,32,1,-1,-1,-1
845,22,487,127,26,13,1,-1,-1,-1
845,24,654,312,198,179,1,-1,-1,-1
845,28,616,196,43,25,1,-1,-1,-1
845,29,353,185,23,30,1,-1,-1,-1
845,30,739,272,64,38,1,-1,-1,-1
845,31,927,245,96,99,1,-1,-1,-1
845,32,451,229,39,32,1,-1,-1,-1
845,33,949,381,74,68,1,-1,-1,-1
845,34,397,156,16,19,1,-1,-1,-1
846,1,680,171,37,17,1,-1,-1,-1
846,8,697,154,36,23,1,-1,-1,-1
846,11,720,165,84,59,1,-1,-1,-1
846,19,825,235,62,32,1,-1,-1,-1
846,22,487,127,26,13,1,-1,-1,-1
846,24,659,314,198,179,1,-1,-1,-1
846,28,616,194,44,25,1,-1,-1,-1
846,29,353,185,23,30,1,-1,-1,-1
846,30,739,271,63,37,1,-1,-1,-1
846,31,926,241,96,99,1,-1,-1,-1
846,32,454,231,40,32,1,-1,-1,-1
846,33,945,379,77,68,1,-1,-1,-1
846,34,397,156,16,19,1,-1,-1,-1
847,1,680,171,37,17,1,-1,-1,-1
847,8,697,154,36,23,1,-1,-1,-1
847,11,720,165,84,59,1,-1,-1,-1
847,19,824,235,62,32,1,-1,-1,-1
847,22,489,129,24,13,1,-1,-1,-1
847,24,662,318,202,183,1,-1,-1,-1
847,28,613,194,44,25,1,-1,-1,-1
847,29,355,185,23,30,1,-1,-1,-1
847,30,731,268,74,44,1,-1,-1,-1
847,31,924,245,98,96,1,-1,-1,-1
847,32,454,231,39,32,1,-1,-1,-1
847,33,940,377,82,68,1,-1,-1,-1
847,34,399,158,16,19,1,-1,-1,-1
848,1,680,171,37,17,1,-1,-1,-1
848,8,697,154,36,23,1,-1,-1,-1
848,11,722,165,83,59,1,-1,-1,-1
848,19,822,235,65,32,1,-1,-1,-1
848,22,489,129,24,11,1,-1,-1,-1
848,24,666,320,202,183,1,-1,-1,-1
848,28,612,194,44,25,1,-1,-1,-1
848,29,356,185,23,30,1,-1,-1,-1
848,30,731,268,74,42,1,-1,-1,-1
848,31,923,245,99,96,1,-1,-1,-1
848,32,457,233,40,32,1,-1,-1,-1
848,33,937,376,84,71,1,-1,-1,-1
848,34,399,158,16,19,1,-1,-1,-1
849,1,679,171,39,17,1,-1,-1,-1
849,8,697,154,36,23,1,-1,-1,-1
849,11,723,165,82,57,1,-1,-1,-1
849,19,821,235,66,32,1,-1,-1,-1
849,22,487,131,23,11,1,-1,-1,-1
849,24,668,324,202,183,1,-1,-1,-1
849,28,612,194,44,25,1,-1,-1,-1
849,29,356,187,23,28,1,-1,-1,-1
849,30,730,268,70,40,1,-1,-1,-1
849,31,922,239,100,98,1,-1,-1,-1
849,32,458,235,40,32,1,-1,-1,-1
849,33,932,374,90,68,1,-1,-1,-1
849,34,399,158,16,19,1,-1,-1,-1
850,1,680,173,36,17,1,-1,-1,-1
850,8,697,154,36,23,1,-1,-1,-1
850,11,719,165,84,59,1,-1,-1,-1
850,19,821,235,66,32,1,-1,-1,-1
850,22,487,131,23,11,1,-1,-1,-1
850,24,668,324,213,191,1,-1,-1,-1
850,28,611,194,43,25,1,-1,-1,-1
850,29,356,187,23,30,1,-1,-1,-1
850,30,728,266,70,40,1,-1,-1,-1
850,31,923,241,100,101,1,-1,-1,-1
850,32,458,235,39,32,1,-1,-1,-1
850,33,928,372,94,75,1,-1,-1,-1
850,34,400,158,16,19,1,-1,-1,-1
851,1,680,171,37,17,1,-1,-1,-1
851,8,697,154,36,23,1,-1,-1,-1
851,11,720,165,83,59,1,-1,-1,-1
851,19,818,235,66,34,1,-1,-1,-1
851,24,670,327,215,194,1,-1,-1,-1
851,28,609,192,43,25,1,-1,-1,-1
851,29,356,189,23,30,1,-1,-1,-1
851,30,726,266,71,42,1,-1,-1,-1
851,31,920,239,103,101,1,-1,-1,-1
851,32,459,237,40,32,1,-1,-1,-1
851,33,924,370,97,69,1,-1,-1,-1
851,34,400,160,16,19,1,-1,-1,-1
852,1,680,173,37,17,1,-1,-1,-1
852,8,697,154,36,23,1,-1,-1,-1
852,11,719,165,83,59,1,-1,-1,-1
852,19,819,236,60,28,1,-1,-1,-1
852,24,670,326,220,203,1,-1,-1,-1
852,28,608,192,44,25,1,-1,-1,-1
852,29,356,189,23,30,1,-1,-1,-1
852,30,731,268,64,38,1,-1,-1,-1
852,31,919,239,104,100,1,-1,-1,-1
852,32,459,239,40,32,1,-1,-1,-1
852,33,923,368,100,69,1,-1,-1,-1
852,34,400,160,16,19,1,-1,-1,-1
853,1,680,171,37,17,1,-1,-1,-1
853,8,697,154,36,23,1,-1,-1,-1
853,11,719,165,83,59,1,-1,-1,-1
853,19,816,235,65,30,1,-1,-1,-1
853,24,675,330,221,204,1,-1,-1,-1
853,28,607,192,44,25,1,-1,-1,-1
853,29,356,190,23,28,1,-1,-1,-1
853,30,726,267,63,37,1,-1,-1,-1
853,31,916,242,107,95,1,-1,-1,-1
853,32,462,239,40,36,1,-1,-1,-1
853,33,918,366,104,66,1,-1,-1,-1
853,34,402,160,16,19,1,-1,-1,-1
854,1,680,173,37,17,1,-1,-1,-1
854,8,697,154,36,23,1,-1,-1,-1
854,11,719,165,83,59,1,-1,-1,-1
854,19,817,235,60,31,1,-1,-1,-1
854,24,678,330,222,204,1,-1,-1,-1
854,28,607,192,44,25,1,-1,-1,-1
854,29,356,190,23,28,1,-1,-1,-1
854,30,725,265,64,39,1,-1,-1,-1
854,31,917,240,106,98,1,-1,-1,-1
854,32,462,241,39,32,1,-1,-1,-1
854,33,915,366,107,72,1,-1,-1,-1
854,34,403,162,16,19,1,-1,-1,-1
855,1,680,173,37,17,1,-1,-1,-1
855,8,697,154,36,23,1,-1,-1,-1
855,11,719,165,83,59,1,-1,-1,-1
855,19,817,235,60,30,1,-1,-1,-1
855,24,683,333,218,200,1,-1,-1,-1
855,28,606,190,44,25,1,-1,-1,-1
855,29,357,192,23,30,1,-1,-1,-1
855,30,723,266,63,37,1,-1,-1,-1
855,31,915,239,108,100,1,-1,-1,-1
855,32,464,244,40,32,1,-1,-1,-1
855,33,912,364,108,66,1,-1,-1,-1
855,34,403,162,16,19,1,-1,-1,-1
856,1,680,173,37,17,1,-1,-1,-1
856,8,697,154,36,23,1,-1,-1,-1
856,11,720,165,82,57,1,-1,-1,-1
856,19,816,235,60,30,1,-1,-1,-1
856,24,684,337,228,202,1,-1,-1,-1
856,28,606,190,44,25,1,-1,-1,-1
856,29,357,192,23,28,1,-1,-1,-1
856,30,722,262,62,37,1,-1,-1,-1
856,31,914,239,108,100,1,-1,-1,-1
856,32,466,244,40,32,1,-1,-1,-1
856,33,909,362,107,65,1,-1,-1,-1
856,34,403,163,16,19,1,-1,-1,-1
857,1,680,173,37,17,1,-1,-1,-1
857,8,697,154,36,23,1,-1,-1,-1
857,11,718,165,84,59,1,-1,-1,-1
857,19,815,235,60,30,1,-1,-1,-1
857,24,687,339,225,200,1,-1,-1,-1
857,28,607,190,41,23,1,-1,-1,-1
857,29,357,192,23,30,1,-1,-1,-1
857,30,722,262,60,36,1,-1,-1,-1
857,31,911,237,109,102,1,-1,-1,-1
857,32,467,246,40,32,1,-1,-1,-1
857,33,910,362,100,61,1,-1,-1,-1
857,34,403,163,16,19,1,-1,-1,-1
858,1,679,173,39,17,1,-1,-1,-1
858,8,697,154,36,23,1,-1,-1,-1
858,11,718,165,83,59,1,-1,-1,-1
858,19,815,235,60,30,1,-1,-1,-1
858,24,692,343,233,196,1,-1,-1,-1
858,28,607,190,40,23,1,-1,-1,-1
858,29,357,192,23,28,1,-1,-1,-1
858,30,720,260,60,36,1,-1,-1,-1
858,31,912,239,110,100,1,-1,-1,-1
858,32,467,248,40,32,1,-1,-1,-1
858,33,902,358,103,61,1,-1,-1,-1
858,34,403,163,16,19,1,-1,-1,-1
859,1,680,173,36,17,1,-1,-1,-1
859,8,696,156,36,23,1,-1,-1,-1
859,11,720,167,79,57,1,-1,-1,-1
859,19,815,235,58,30,1,-1,-1,-1
859,24,694,345,231,194,1,-1,-1,-1
859,28,606,190,40,23,1,-1,-1,-1
859,29,357,194,23,30,1,-1,-1,-1
859,30,719,260,57,34,1,-1,-1,-1
859,31,911,239,110,100,1,-1,-1,-1
859,32,470,250,37,30,1,-1,-1,-1
859,33,902,360,99,59,1,-1,-1,-1
859,34,404,163,16,19,1,-1,-1,-1
860,1,679,173,37,17,1,-1,-1,-1
860,8,697,156,36,23,1,-1,-1,-1
860,11,718,165,82,57,1,-1,-1,-1
860,19,815,235,58,30,1,-1,-1,-1
860,24,696,349,241,190,1,-1,-1,-1
860,28,604,189,43,25,1,-1,-1,-1
860,29,359,194,23,30,1,-1,-1,-1
860,30,718,260,57,34,1,-1,-1,-1
860,31,911,239,105,98,1,-1,-1,-1
860,32,470,252,37,30,1,-1,-1,-1
860,33,894,356,103,61,1,-1,-1,-1
860,34,406,165,16,19,1,-1,-1,-1
861,1,679,173,37,17,1,-1,-1,-1
861,8,696,154,36,23,1,-1,-1,-1
861,11,719,167,78,55,1,-1,-1,-1
861,19,812,235,60,30,1,-1,-1,-1
861,24,701,352,247,187,1,-1,-1,-1
861,28,604,189,41,23,1,-1,-1,-1
861,29,359,196,23,30,1,-1,-1,-1
861,30,717,260,57,34,1,-1,-1,-1
861,31,910,237,108,100,1,-1,-1,-1
861,32,471,254,39,32,1,-1,-1,-1
861,33,890,354,107,65,1,-1,-1,-1
861,34,406,165,16,19,1,-1,-1,-1
862,1,677,173,39,17,1,-1,-1,-1
862,8,697,156,36,23,1,-1,-1,-1
862,11,720,167,77,54,1,-1,-1,-1
862,19,811,233,61,32,1,-1,-1,-1
862,24,704,356,248,181,1,-1,-1,-1
862,28,603,189,41,23,1,-1,-1,-1
862,29,361,194,23,30,1,-1,-1,-1
862,30,714,258,60,36,1,-1,-1,-1
862,31,910,239,112,102,1,-1,-1,-1
862,32,472,256,39,32,1,-1,-1,-1
862,33,886,352,107,65,1,-1,-1,-1
862,34,406,165,16,19,1,-1,-1,-1
863,1,679,173,37,17,1,-1,-1,-1
863,8,696,156,36,23,1,-1,-1,-1
863,11,719,167,77,54,1,-1,-1,-1
863,19,811,235,61,32,1,-1,-1,-1
863,24,703,358,260,181,1,-1,-1,-1
863,28,606,189,40,23,1,-1,-1,-1
863,29,360,196,23,28,1,-1,-1,-1
863,30,714,258,57,34,1,-1,-1,-1
863,31,907,237,115,104,1,-1,-1,-1
863,32,475,256,39,32,1,-1,-1,-1
863,33,882,351,107,65,1,-1,-1,-1
863,34,407,167,16,19,1,-1,-1,-1
864,1,679,173,37,17,1,-1,-1,-1
864,8,697,156,36,23,1,-1,-1,-1
864,11,718,165,82,57,1,-1,-1,-1
864,19,809,235,61,32,1,-1,-1,-1
864,24,710,362,256,177,1,-1,-1,-1
864,28,602,187,40,23,1,-1,-1,-1
864,29,360,198,27,33,1,-1,-1,-1
864,30,711,258,56,34,1,-1,-1,-1
864,31,910,237,113,104,1,-1,-1,-1
864,32,475,258,40,32,1,-1,-1,-1
864,33,881,349,103,61,1,-1,-1,-1
864,34,407,167,16,19,1,-1,-1,-1
865,1,679,173,37,17,1,-1,-1,-1
865,8,697,156,36,23,1,-1,-1,-1
865,11,717,167,83,59,1,-1,-1,-1
865,19,809,235,61,32,1,-1,-1,-1
865,24,714,366,258,173,1,-1,-1,-1
865,28,599,187,40,23,1,-1,-1,-1
865,29,360,198,27,32,1,-1,-1,-1
865,30,710,258,56,34,1,-1,-1,-1
865,31,905,235,118,107,1,-1,-1,-1
865,32,478,260,40,32,1,-1,-1,-1
865,33,877,349,100,61,1,-1,-1,-1
865,34,407,167,16,19,1,-1,-1,-1
866,1,679,173,37,17,1,-1,-1,-1
866,8,697,156,36,23,1,-1,-1,-1
866,11,718,167,83,59,1,-1,-1,-1
866,19,808,233,64,32,1,-1,-1,-1
866,24,714,365,266,172,1,-1,-1,-1
866,28,599,187,40,23,1,-1,-1,-1
866,29,360,200,24,30,1,-1,-1,-1
866,30,709,256,56,34,1,-1,-1,-1
866,31,906,237,116,105,1,-1,-1,-1
866,32,479,262,40,32,1,-1,-1,-1
866,33,877,349,96,59,1,-1,-1,-1
866,34,403,166,23,24,1,-1,-1,-1
867,1,679,173,37,17,1,-1,-1,-1
867,8,697,156,36,23,1,-1,-1,-1
867,11,717,169,81,56,1,-1,-1,-1
867,19,808,235,61,32,1,-1,-1,-1
867,24,715,368,271,169,1,-1,-1,-1
867,28,598,185,40,23,1,-1,-1,-1
867,29,361,202,24,30,1,-1,-1,-1
867,30,707,256,56,34,1,-1,-1,-1
867,31,905,237,118,106,1,-1,-1,-1
867,32,479,262,41,34,1,-1,-1,-1
867,33,873,347,95,57,1,-1,-1,-1
867,34,403,165,23,23,1,-1,-1,-1
868,1,679,173,37,17,1,-1,-1,-1
868,8,697,156,36,23,1,-1,-1,-1
868,11,718,167,82,57,1,-1,-1,-1
868,19,808,235,61,32,1,-1,-1,-1
868,24,727,376,266,163,1,-1,-1,-1
868,28,596,187,40,23,1,-1,-1,-1
868,29,361,202,26,32,1,-1,-1,-1
868,30,706,256,56,34,1,-1,-1,-1
868,31,903,237,119,107,1,-1,-1,-1
868,32,480,264,41,34,1,-1,-1,-1
868,33,869,345,96,59,1,-1,-1,-1
868,34,404,167,23,23,1,-1,-1,-1
869,1,679,173,37,17,1,-1,-1,-1
869,8,697,156,36,23,1,-1,-1,-1
869,11,718,167,82,57,1,-1,-1,-1
869,19,808,233,64,32,1,-1,-1,-1
869,24,723,376,274,162,1,-1,-1,-1
869,28,596,185,40,23,1,-1,-1,-1
869,29,361,202,27,32,1,-1,-1,-1
869,30,706,256,54,32,1,-1,-1,-1
869,31,902,237,118,110,1,-1,-1,-1
869,32,481,266,43,34,1,-1,-1,-1
869,33,867,343,99,59,1,-1,-1,-1
869,34,404,167,23,23,1,-1,-1,-1
869,35,425,137,24,16,1,-1,-1,-1
870,1,680,173,37,17,1,-1,-1,-1
870,8,697,156,36,23,1,-1,-1,-1
870,11,718,167,82,57,1,-1,-1,-1
870,19,807,233,65,34,1,-1,-1,-1
870,24,727,376,273,163,1,-1,-1,-1
870,28,595,185,40,23,1,-1,-1,-1
870,29,361,200,27,32,1,-1,-1,-1
870,30,702,254,56,34,1,-1,-1,-1
870,31,902,237,121,105,1,-1,-1,-1
870,32,483,268,44,40,1,-1,-1,-1
870,33,863,341,100,61,1,-1,-1,-1
870,34,406,169,23,23,1,-1,-1,-1
870,35,424,136,23,15,1,-1,-1,-1
871,1,680,173,37,17,1,-1,-1,-1
871,8,697,156,36,23,1,-1,-1,-1
871,11,718,167,82,57,1,-1,-1,-1
871,19,807,233,64,32,1,-1,-1,-1
871,24,734,387,270,152,1,-1,-1,-1
871,28,592,185,40,23,1,-1,-1,-1
871,29,363,202,27,32,1,-1,-1,-1
871,30,701,254,56,34,1,-1,-1,-1
871,31,899,235,123,111,1,-1,-1,-1
871,32,484,270,44,40,1,-1,-1,-1
871,33,860,339,99,59,1,-1,-1,-1
871,34,406,169,23,23,1,-1,-1,-1
871,35,424,138,23,15,1,-1,-1,-1
872,1,680,173,37,17,1,-1,-1,-1
872,8,697,156,36,23,1,-1,-1,-1
872,11,715,165,84,59,1,-1,-1,-1
872,19,805,233,65,34,1,-1,-1,-1
872,24,732,386,267,153,1,-1,-1,-1
872,28,592,185,40,23,1,-1,-1,-1
872,29,364,206,26,32,1,-1,-1,-1
872,30,700,252,56,34,1,-1,-1,-1
872,31,898,235,124,107,1,-1,-1,-1
872,32,487,273,44,40,1,-1,-1,-1
872,33,856,339,96,59,1,-1,-1,-1
872,34,406,169,23,23,1,-1,-1,-1
872,35,425,138,23,15,1,-1,-1,-1
873,1,680,173,37,17,1,-1,-1,-1
873,8,697,156,36,23,1,-1,-1,-1
873,11,718,167,82,57,1,-1,-1,-1
873,19,808,233,62,30,1,-1,-1,-1
873,24,737,389,265,150,1,-1,-1,-1
873,28,590,183,40,23,1,-1,-1,-1
873,29,364,206,26,32,1,-1,-1,-1
873,30,700,252,56,34,1,-1,-1,-1
873,31,898,235,124,109,1,-1,-1,-1
873,32,488,275,40,38,1,-1,-1,-1
873,33,855,339,95,57,1,-1,-1,-1
873,34,407,169,23,23,1,-1,-1,-1
873,35,428,138,23,15,1,-1,-1,-1
874,1,680,175,37,17,1,-1,-1,-1
874,8,697,156,36,23,1,-1,-1,-1
874,11,718,167,82,57,1,-1,-1,-1
874,19,805,233,65,34,1,-1,-1,-1
874,24,736,391,270,148,1,-1,-1,-1
874,28,590,183,40,23,1,-1,-1,-1
874,29,364,206,27,32,1,-1,-1,-1
874,30,697,252,57,34,1,-1,-1,-1
874,31,898,235,125,109,1,-1,-1,-1
874,32,489,277,44,40,1,-1,-1,-1
874,33,854,337,90,54,1,-1,-1,-1
874,34,407,171,23,23,1,-1,-1,-1
874,35,427,138,23,15,1,-1,-1,-1
875,1,680,175,36,17,1,-1,-1,-1
875,8,697,156,36,23,1,-1,-1,-1
875,11,718,167,82,57,1,-1,-1,-1
875,19,807,233,64,32,1,-1,-1,-1
875,24,743,397,265,142,1,-1,-1,-1
875,28,590,183,40,23,1,-1,-1,-1
875,29,362,205,30,35,1,-1,-1,-1
875,30,696,250,57,34,1,-1,-1,-1
875,31,897,235,126,107,1,-1,-1,-1
875,32,491,277,48,42,1,-1,-1,-1
875,33,851,337,90,54,1,-1,-1,-1
875,34,408,171,23,23,1,-1,-1,-1
875,35,427,138,23,15,1,-1,-1,-1
876,1,680,175,36,17,1,-1,-1,-1
876,8,698,156,35,23,1,-1,-1,-1
876,11,718,167,82,57,1,-1,-1,-1
876,19,804,233,65,34,1,-1,-1,-1
876,24,736,393,270,146,1,-1,-1,-1
876,28,589,183,41,23,1,-1,-1,-1
876,29,365,208,26,32,1,-1,-1,-1
876,30,696,250,56,34,1,-1,-1,-1
876,31,897,235,125,108,1,-1,-1,-1
876,32,492,281,48,42,1,-1,-1,-1
876,33,850,335,87,52,1,-1,-1,-1
876,34,408,171,23,23,1,-1,-1,-1
876,35,428,138,23,15,1,-1,-1,-1
877,1,680,175,36,17,1,-1,-1,-1
877,8,698,156,35,23,1,-1,-1,-1
877,11,719,169,78,55,1,-1,-1,-1
877,19,805,233,64,32,1,-1,-1,-1
877,24,751,408,243,131,1,-1,-1,-1
877,28,587,183,41,23,1,-1,-1,-1
877,29,365,208,27,32,1,-1,-1,-1
877,30,694,250,56,34,1,-1,-1,-1
877,31,896,235,127,114,1,-1,-1,-1
877,32,493,281,49,44,1,-1,-1,-1
877,33,846,333,87,52,1,-1,-1,-1
877,34,411,173,23,23,1,-1,-1,-1
877,35,429,138,23,15,1,-1,-1,-1
878,1,680,175,36,17,1,-1,-1,-1
878,8,700,156,36,23,1,-1,-1,-1
878,11,718,167,79,55,1,-1,-1,-1
878,19,805,233,64,32,1,-1,-1,-1
878,24,754,413,241,126,1,-1,-1,-1
878,28,591,183,37,23,1,-1,-1,-1
878,29,367,210,27,32,1,-1,-1,-1
878,30,693,248,56,34,1,-1,-1,-1
878,31,895,235,127,115,1,-1,-1,-1
878,32,495,283,46,44,1,-1,-1,-1
878,33,842,333,90,54,1,-1,-1,-1
878,34,411,173,23,23,1,-1,-1,-1
878,35,429,140,23,15,1,-1,-1,-1
879,1,681,175,36,17,1,-1,-1,-1
879,8,700,156,36,23,1,-1,-1,-1
879,11,718,167,79,55,1,-1,-1,-1
879,19,805,235,61,32,1,-1,-1,-1
879,24,758,409,233,130,1,-1,-1,-1
879,28,590,181,38,21,1,-1,-1,-1
879,29,365,210,27,32,1,-1,-1,-1
879,30,692,248,57,34,1,-1,-1,-1
879,31,897,239,126,111,1,-1,-1,-1
879,32,495,285,46,43,1,-1,-1,-1
879,33,841,331,87,52,1,-1,-1,-1
879,34,411,173,23,23,1,-1,-1,-1
879,35,429,140,23,15,1,-1,-1,-1
880,1,680,175,36,17,1,-1,-1,-1
880,8,698,156,36,23,1,-1,-1,-1
880,11,718,167,82,57,1,-1,-1,-1
880,19,804,233,58,29,1,-1,-1,-1
880,24,764,416,231,123,1,-1,-1,-1
880,28,591,181,35,23,1,-1,-1,-1
880,29,368,212,27,32,1,-1,-1,-1
880,30,690,246,56,33,1,-1,-1,-1
880,31,893,235,129,108,1,-1,-1,-1
880,32,498,285,46,46,1,-1,-1,-1
880,33,838,329,87,52,1,-1,-1,-1
880,34,411,175,23,23,1,-1,-1,-1
880,35,432,140,23,15,1,-1,-1,-1
881,1,681,175,36,17,1,-1,-1,-1
881,8,698,156,36,23,1,-1,-1,-1
881,11,722,169,77,54,1,-1,-1,-1
881,19,806,233,55,29,1,-1,-1,-1
881,24,771,423,218,116,1,-1,-1,-1
881,28,589,181,37,24,1,-1,-1,-1
881,29,369,212,27,32,1,-1,-1,-1
881,30,689,246,56,34,1,-1,-1,-1
881,31,898,238,125,110,1,-1,-1,-1
881,32,497,288,49,46,1,-1,-1,-1
881,33,837,329,83,50,1,-1,-1,-1
881,34,412,175,23,23,1,-1,-1,-1
881,35,432,140,23,15,1,-1,-1,-1
882,1,680,175,36,17,1,-1,-1,-1
882,8,700,156,36,23,1,-1,-1,-1
882,11,722,169,75,52,1,-1,-1,-1
882,19,809,234,52,31,1,-1,-1,-1
882,24,778,422,210,117,1,-1,-1,-1
882,28,590,179,36,22,1,-1,-1,-1
882,29,369,212,27,32,1,-1,-1,-1
882,30,688,246,56,34,1,-1,-1,-1
882,31,898,233,125,121,1,-1,-1,-1
882,32,504,295,44,40,1,-1,-1,-1
882,33,837,329,80,48,1,-1,-1,-1
882,34,414,175,24,28,1,-1,-1,-1
882,35,432,140,23,15,1,-1,-1,-1
883,1,683,175,36,17,1,-1,-1,-1
883,8,700,156,36,23,1,-1,-1,-1
883,11,720,169,77,54,1,-1,-1,-1
883,19,811,235,48,28,1,-1,-1,-1
883,24,777,432,201,107,1,-1,-1,-1
883,28,590,179,35,23,1,-1,-1,-1
883,29,369,214,27,32,1,-1,-1,-1
883,30,688,246,54,32,1,-1,-1,-1
883,31,896,240,126,112,1,-1,-1,-1
883,32,503,294,48,47,1,-1,-1,-1
883,33,833,327,83,50,1,-1,-1,-1
883,34,414,175,23,23,1,-1,-1,-1
883,35,433,140,23,15,1,-1,-1,-1
884,1,681,175,36,17,1,-1,-1,-1
884,8,701,156,36,23,1,-1,-1,-1
884,11,720,167,79,55,1,-1,-1,-1
884,19,809,235,49,30,1,-1,-1,-1
884,24,783,437,210,102,1,-1,-1,-1
884,28,589,179,35,21,1,-1,-1,-1
884,29,369,216,27,32,1,-1,-1,-1
884,30,685,244,56,34,1,-1,-1,-1
884,31,894,239,125,111,1,-1,-1,-1
884,32,505,295,48,46,1,-1,-1,-1
884,33,829,325,86,52,1,-1,-1,-1
884,34,415,177,23,23,1,-1,-1,-1
884,35,433,140,23,15,1,-1,-1,-1
885,1,683,175,36,17,1,-1,-1,-1
885,8,701,158,35,21,1,-1,-1,-1
885,11,718,165,84,59,1,-1,-1,-1
885,19,809,235,49,30,1,-1,-1,-1
885,24,790,445,190,94,1,-1,-1,-1
885,28,587,177,36,21,1,-1,-1,-1
885,29,369,214,27,32,1,-1,-1,-1
885,30,686,247,54,31,1,-1,-1,-1
885,31,894,239,125,111,1,-1,-1,-1
885,32,508,298,48,46,1,-1,-1,-1
885,33,828,325,83,52,1,-1,-1,-1
885,34,415,177,23,23,1,-1,-1,-1
885,35,433,142,23,15,1,-1,-1,-1
886,1,683,175,36,17,1,-1,-1,-1
886,8,701,158,36,23,1,-1,-1,-1
886,11,718,167,84,59,1,-1,-1,-1
886,19,811,235,49,28,1,-1,-1,-1
886,24,791,447,196,92,1,-1,-1,-1
886,28,587,177,35,21,1,-1,-1,-1
886,29,370,217,26,32,1,-1,-1,-1
886,30,684,246,53,30,1,-1,-1,-1
886,31,893,239,125,111,1,-1,-1,-1
886,32,509,302,48,46,1,-1,-1,-1
886,33,826,324,83,52,1,-1,-1,-1
886,34,415,177,23,23,1,-1,-1,-1
886,35,434,142,23,15,1,-1,-1,-1
887,1,683,175,36,17,1,-1,-1,-1
887,8,701,156,35,23,1,-1,-1,-1
887,11,718,167,83,57,1,-1,-1,-1
887,19,812,237,47,28,1,-1,-1,-1
887,24,792,456,183,83,1,-1,-1,-1
887,28,587,177,36,21,1,-1,-1,-1
887,29,370,217,27,34,1,-1,-1,-1
887,30,684,246,53,30,1,-1,-1,-1
887,31,893,239,125,111,1,-1,-1,-1
887,32,509,302,52,50,1,-1,-1,-1
887,33,825,324,80,50,1,-1,-1,-1
887,34,416,179,23,23,1,-1,-1,-1
887,35,434,142,23,15,1,-1,-1,-1
888,1,683,175,37,17,1,-1,-1,-1
888,8,702,156,36,23,1,-1,-1,-1
888,11,720,167,82,57,1,-1,-1,-1
888,19,812,237,45,28,1,-1,-1,-1
888,24,803,460,178,79,1,-1,-1,-1
888,28,587,177,36,21,1,-1,-1,-1
888,29,372,217,27,34,1,-1,-1,-1
888,30,684,246,54,32,1,-1,-1,-1
888,31,893,239,129,114,1,-1,-1,-1
888,32,512,306,53,52,1,-1,-1,-1
888,33,821,322,80,50,1,-1,-1,-1
888,34,417,179,23,23,1,-1,-1,-1
888,35,436,142,23,15,1,-1,-1,-1
889,1,684,175,36,17,1,-1,-1,-1
889,8,702,158,36,23,1,-1,-1,-1
889,11,719,167,84,59,1,-1,-1,-1
889,19,811,237,49,28,1,-1,-1,-1
889,24,804,460,185,79,1,-1,-1,-1
889,28,589,177,35,21,1,-1,-1,-1
889,29,372,219,27,34,1,-1,-1,-1
889,30,683,244,53,30,1,-1,-1,-1
889,31,893,239,124,109,1,-1,-1,-1
889,32,514,308,54,54,1,-1,-1,-1
889,33,818,320,83,52,1,-1,-1,-1
889,34,419,179,23,23,1,-1,-1,-1
889,35,437,142,23,15,1,-1,-1,-1
890,1,684,175,36,17,1,-1,-1,-1
890,8,702,158,36,23,1,-1,-1,-1
890,11,720,167,83,57,1,-1,-1,-1
890,19,812,237,48,28,1,-1,-1,-1
890,24,805,462,190,77,1,-1,-1,-1
890,28,589,177,35,21,1,-1,-1,-1
890,29,372,219,27,34,1,-1,-1,-1
890,30,681,244,53,30,1,-1,-1,-1
890,31,893,239,125,111,1,-1,-1,-1
890,32,514,310,56,55,1,-1,-1,-1
890,33,817,320,84,52,1,-1,-1,-1
890,34,420,181,23,23,1,-1,-1,-1
890,35,437,142,23,15,1,-1,-1,-1
891,1,684,175,36,17,1,-1,-1,-1
891,8,704,158,36,23,1,-1,-1,-1
891,11,720,167,83,57,1,-1,-1,-1
891,19,812,237,47,28,1,-1,-1,-1
891,24,815,470,185,69,1,-1,-1,-1
891,28,589,177,35,21,1,-1,-1,-1
891,29,373,219,27,32,1,-1,-1,-1
891,30,681,244,53,30,1,-1,-1,-1
891,31,893,239,124,109,1,-1,-1,-1
891,32,518,312,58,57,1,-1,-1,-1
891,33,815,318,80,50,1,-1,-1,-1
891,34,421,184,23,23,1,-1,-1,-1
891,35,438,142,23,15,1,-1,-1,-1
892,1,685,175,36,17,1,-1,-1,-1
892,8,705,158,35,23,1,-1,-1,-1
892,11,720,167,84,59,1,-1,-1,-1
892,19,812,232,51,33,1,-1,-1,-1
892,24,821,476,174,63,1,-1,-1,-1
892,28,590,177,35,21,1,-1,-1,-1
892,29,373,219,31,40,1,-1,-1,-1
892,30,680,244,53,30,1,-1,-1,-1
892,31,893,239,129,112,1,-1,-1,-1
892,32,519,314,60,57,1,-1,-1,-1
892,33,812,318,80,50,1,-1,-1,-1
892,34,421,185,24,22,1,-1,-1,-1
892,35,440,142,23,15,1,-1,-1,-1
893,1,685,177,36,17,1,-1,-1,-1
893,8,705,158,36,23,1,-1,-1,-1
893,11,722,169,82,57,1,-1,-1,-1
893,19,812,233,50,31,1,-1,-1,-1
893,24,831,482,161,57,1,-1,-1,-1
893,25,522,142,21,14,1,-1,-1,-1
893,28,585,175,36,21,1,-1,-1,-1
893,29,375,222,30,36,1,-1,-1,-1
893,30,680,244,53,30,1,-1,-1,-1
893,31,893,239,124,109,1,-1,-1,-1
893,32,522,318,57,55,1,-1,-1,-1
893,33,809,316,80,50,1,-1,-1,-1
893,34,423,186,28,23,1,-1,-1,-1
893,35,440,142,23,15,1,-1,-1,-1
894,1,687,175,36,17,1,-1,-1,-1
894,8,706,158,36,23,1,-1,-1,-1
894,11,720,167,84,59,1,-1,-1,-1
894,19,807,233,53,31,1,-1,-1,-1
894,24,835,487,154,52,1,-1,-1,-1
894,25,522,140,21,13,1,-1,-1,-1
894,28,585,175,36,21,1,-1,-1,-1
894,29,376,223,30,36,1,-1,-1,-1
894,30,679,243,53,30,1,-1,-1,-1
894,31,893,239,124,109,1,-1,-1,-1
894,32,526,319,56,57,1,-1,-1,-1
894,33,808,314,80,50,1,-1,-1,-1
894,34,423,186,26,25,1,-1,-1,-1
894,35,441,142,23,15,1,-1,-1,-1
895,1,688,177,36,17,1,-1,-1,-1
895,8,706,158,36,23,1,-1,-1,-1
895,11,720,167,84,59,1,-1,-1,-1
895,19,809,233,54,31,1,-1,-1,-1
895,24,841,487,140,52,1,-1,-1,-1
895,25,522,140,20,13,1,-1,-1,-1
895,28,584,175,35,21,1,-1,-1,-1
895,29,376,223,31,36,1,-1,-1,-1
895,30,677,241,53,30,1,-1,-1,-1
895,31,890,237,131,114,1,-1,-1,-1
895,32,527,325,56,55,1,-1,-1,-1
895,33,804,314,80,50,1,-1,-1,-1
895,34,423,185,27,25,1,-1,-1,-1
895,35,441,144,23,15,1,-1,-1,-1
896,1,687,177,36,17,1,-1,-1,-1
896,8,706,158,36,23,1,-1,-1,-1
896,11,723,169,82,57,1,-1,-1,-1
896,19,808,233,53,30,1,-1,-1,-1
896,24,850,500,144,39,1,-1,-1,-1
896,25,522,140,20,13,1,-1,-1,-1
896,28,590,175,36,21,1,-1,-1,-1
896,29,377,225,30,36,1,-1,-1,-1
896,30,675,239,53,30,1,-1,-1,-1
896,31,889,239,133,115,1,-1,-1,-1
896,32,528,327,60,57,1,-1,-1,-1
896,33,803,312,80,50,1,-1,-1,-1
896,34,424,187,27,25,1,-1,-1,-1
896,35,441,144,23,15,1,-1,-1,-1
897,1,687,175,36,17,1,-1,-1,-1
897,8,706,158,36,23,1,-1,-1,-1
897,11,720,169,84,59,1,-1,-1,-1
897,19,809,233,50,28,1,-1,-1,-1
897,25,521,140,23,15,1,-1,-1,-1
897,28,586,175,36,21,1,-1,-1,-1
897,29,377,225,28,34,1,-1,-1,-1
897,30,676,241,52,30,1,-1,-1,-1
897,31,889,237,133,121,1,-1,-1,-1
897,32,529,327,58,60,1,-1,-1,-1
897,33,804,312,77,48,1,-1,-1,-1
897,34,424,187,27,25,1,-1,-1,-1
897,35,442,144,23,15,1,-1,-1,-1
898,1,687,177,36,17,1,-1,-1,-1
898,8,706,158,36,23,1,-1,-1,-1
898,11,722,169,80,57,1,-1,-1,-1
898,19,811,233,50,28,1,-1,-1,-1
898,25,521,140,23,15,1,-1,-1,-1
898,28,590,177,36,21,1,-1,-1,-1
898,29,378,227,28,34,1,-1,-1,-1
898,30,675,239,52,30,1,-1,-1,-1
898,31,889,237,134,115,1,-1,-1,-1
898,32,530,329,60,61,1,-1,-1,-1
898,33,800,312,78,48,1,-1,-1,-1
898,34,424,187,27,25,1,-1,-1,-1
898,35,442,143,21,16,1,-1,-1,-1
899,1,687,177,36,17,1,-1,-1,-1
899,8,708,161,29,19,1,-1,-1,-1
899,11,720,169,82,57,1,-1,-1,-1
899,19,809,233,50,28,1,-1,-1,-1
899,25,519,140,23,15,1,-1,-1,-1
899,28,590,177,39,23,1,-1,-1,-1
899,29,377,229,30,36,1,-1,-1,-1
899,30,672,239,53,30,1,-1,-1,-1
899,31,889,237,134,113,1,-1,-1,-1
899,32,532,333,62,65,1,-1,-1,-1
899,33,799,310,77,48,1,-1,-1,-1
899,34,425,187,27,25,1,-1,-1,-1
899,35,441,142,20,15,1,-1,-1,-1
900,1,687,175,36,17,1,-1,-1,-1
900,8,707,160,28,19,1,-1,-1,-1
900,11,719,169,83,59,1,-1,-1,-1
900,19,808,233,53,30,1,-1,-1,-1
900,25,518,138,23,15,1,-1,-1,-1
900,28,590,177,39,23,1,-1,-1,-1
900,29,377,229,31,36,1,-1,-1,-1
900,30,671,237,53,30,1,-1,-1,-1
900,31,892,239,131,115,1,-1,-1,-1
900,32,535,337,62,65,1,-1,-1,-1
900,33,799,310,74,46,1,-1,-1,-1
900,34,425,190,27,25,1,-1,-1,-1
900,35,442,144,20,15,1,-1,-1,-1
901,1,687,177,36,17,1,-1,-1,-1
901,8,709,160,28,19,1,-1,-1,-1
901,11,720,169,80,57,1,-1,-1,-1
901,19,808,233,53,30,1,-1,-1,-1
901,25,518,138,23,15,1,-1,-1,-1
901,28,590,175,39,23,1,-1,-1,-1
901,29,381,231,30,36,1,-1,-1,-1
901,30,671,237,53,30,1,-1,-1,-1
901,31,888,239,135,115,1,-1,-1,-1
901,32,535,337,67,69,1,-1,-1,-1
901,33,795,308,74,46,1,-1,-1,-1
901,34,427,190,26,25,1,-1,-1,-1
901,35,442,144,20,15,1,-1,-1,-1
902,1,687,177,36,17,1,-1,-1,-1
902,8,707,160,30,19,1,-1,-1,-1
902,11,720,169,82,57,1,-1,-1,-1
902,19,808,233,53,30,1,-1,-1,-1
902,25,518,138,23,15,1,-1,-1,-1
902,28,590,175,39,23,1,-1,-1,-1
902,29,381,231,31,36,1,-1,-1,-1
902,30,670,237,53,30,1,-1,-1,-1
902,31,888,241,135,107,1,-1,-1,-1
902,32,538,343,64,65,1,-1,-1,-1
902,33,794,308,74,46,1,-1,-1,-1
902,34,427,189,26,25,1,-1,-1,-1
902,35,444,144,20,15,1,-1,-1,-1
903,1,687,177,36,17,1,-1,-1,-1
903,8,707,160,28,19,1,-1,-1,-1
903,11,720,169,82,57,1,-1,-1,-1
903,19,809,233,53,30,1,-1,-1,-1
903,25,518,138,23,15,1,-1,-1,-1
903,28,590,175,39,23,1,-1,-1,-1
903,29,380,233,31,38,1,-1,-1,-1
903,30,668,237,53,30,1,-1,-1,-1
903,31,888,239,135,115,1,-1,-1,-1
903,32,544,344,61,70,1,-1,-1,-1
903,33,791,306,77,48,1,-1,-1,-1
903,34,427,191,27,25,1,-1,-1,-1
903,35,442,144,20,15,1,-1,-1,-1
904,1,687,177,36,17,1,-1,-1,-1
904,8,709,160,28,19,1,-1,-1,-1
904,11,722,169,82,57,1,-1,-1,-1
904,19,808,233,54,32,1,-1,-1,-1
904,25,518,138,23,15,1,-1,-1,-1
904,28,590,175,39,23,1,-1,-1,-1
904,29,381,235,31,36,1,-1,-1,-1
904,30,667,235,54,32,1,-1,-1,-1
904,31,885,237,137,115,1,-1,-1,-1
904,32,547,348,56,65,1,-1,-1,-1
904,33,788,306,77,48,1,-1,-1,-1
904,34,428,193,26,25,1,-1,-1,-1
904,35,445,144,20,15,1,-1,-1,-1
905,1,687,177,36,17,1,-1,-1,-1
905,8,709,160,28,19,1,-1,-1,-1
905,11,722,169,82,57,1,-1,-1,-1
905,19,807,233,56,32,1,-1,-1,-1
905,25,517,138,23,15,1,-1,-1,-1
905,28,590,175,39,23,1,-1,-1,-1
905,29,381,235,31,36,1,-1,-1,-1
905,30,664,235,53,30,1,-1,-1,-1
905,31,885,237,137,118,1,-1,-1,-1
905,32,547,351,59,66,1,-1,-1,-1
905,33,787,304,74,46,1,-1,-1,-1
905,34,430,195,27,25,1,-1,-1,-1
905,35,445,146,20,15,1,-1,-1,-1
906,1,687,177,36,17,1,-1,-1,-1
906,8,710,162,28,19,1,-1,-1,-1
906,11,720,169,83,59,1,-1,-1,-1
906,19,807,233,56,32,1,-1,-1,-1
906,25,517,136,23,15,1,-1,-1,-1
906,28,590,175,39,23,1,-1,-1,-1
906,29,381,237,28,34,1,-1,-1,-1
906,30,666,235,53,30,1,-1,-1,-1
906,31,885,237,138,115,1,-1,-1,-1
906,32,550,354,63,71,1,-1,-1,-1
906,33,782,300,78,48,1,-1,-1,-1
906,34,429,194,27,25,1,-1,-1,-1
906,35,445,146,20,15,1,-1,-1,-1
907,1,687,177,36,17,1,-1,-1,-1
907,8,709,160,28,19,1,-1,-1,-1
907,11,719,169,86,59,1,-1,-1,-1
907,19,807,233,54,32,1,-1,-1,-1
907,25,514,136,23,15,1,-1,-1,-1
907,28,590,173,39,23,1,-1,-1,-1
907,29,382,237,31,36,1,-1,-1,-1
907,30,663,233,53,30,1,-1,-1,-1
907,31,884,237,139,120,1,-1,-1,-1
907,32,552,361,61,66,1,-1,-1,-1
907,33,782,302,74,46,1,-1,-1,-1
907,34,431,194,27,25,1,-1,-1,-1
907,35,445,146,20,15,1,-1,-1,-1
908,1,687,177,36,17,1,-1,-1,-1
908,8,710,162,28,19,1,-1,-1,-1
908,11,720,169,83,59,1,-1,-1,-1
908,19,807,233,54,32,1,-1,-1,-1
908,25,515,136,23,15,1,-1,-1,-1
908,28,590,175,39,23,1,-1,-1,-1
908,29,384,239,31,36,1,-1,-1,-1
908,30,662,231,54,32,1,-1,-1,-1
908,31,884,237,138,120,1,-1,-1,-1
908,32,554,360,64,74,1,-1,-1,-1
908,33,782,302,71,44,1,-1,-1,-1
908,34,431,197,27,25,1,-1,-1,-1
908,35,446,146,20,15,1,-1,-1,-1
909,1,688,177,36,17,1,-1,-1,-1
909,8,710,160,28,19,1,-1,-1,-1
909,11,720,169,83,59,1,-1,-1,-1
909,19,805,233,54,32,1,-1,-1,-1
909,25,515,136,23,15,1,-1,-1,-1
909,28,590,175,39,23,1,-1,-1,-1
909,29,384,239,31,36,1,-1,-1,-1
909,30,660,233,53,30,1,-1,-1,-1
909,31,882,237,140,119,1,-1,-1,-1
909,32,556,368,69,76,1,-1,-1,-1
909,33,781,302,71,44,1,-1,-1,-1
909,34,432,198,27,25,1,-1,-1,-1
909,35,446,146,20,15,1,-1,-1,-1
910,1,688,177,36,17,1,-1,-1,-1
910,8,710,162,28,19,1,-1,-1,-1
910,11,720,169,83,59,1,-1,-1,-1
910,19,805,233,54,32,1,-1,-1,-1
910,25,514,136,23,15,1,-1,-1,-1
910,28,591,175,39,23,1,-1,-1,-1
910,29,382,241,31,36,1,-1,-1,-1
910,30,660,231,53,30,1,-1,-1,-1
910,31,882,237,138,117,1,-1,-1,-1
910,32,556,370,69,74,1,-1,-1,-1
910,33,778,300,71,44,1,-1,-1,-1
910,34,431,199,27,27,1,-1,-1,-1
910,35,446,148,20,15,1,-1,-1,-1
911,1,687,177,36,17,1,-1,-1,-1
911,8,709,162,28,19,1,-1,-1,-1
911,11,718,169,86,59,1,-1,-1,-1
911,19,805,233,53,30,1,-1,-1,-1
911,25,514,135,23,15,1,-1,-1,-1
911,28,590,173,39,23,1,-1,-1,-1
911,29,382,243,31,38,1,-1,-1,-1
911,30,659,231,53,30,1,-1,-1,-1
911,31,881,237,142,125,1,-1,-1,-1
911,32,559,375,68,73,1,-1,-1,-1
911,33,777,300,69,44,1,-1,-1,-1
911,34,431,199,27,27,1,-1,-1,-1
911,35,446,146,20,15,1,-1,-1,-1
912,1,687,177,36,17,1,-1,-1,-1
912,8,710,160,28,19,1,-1,-1,-1
912,11,718,169,86,59,1,-1,-1,-1
912,19,807,235,52,30,1,-1,-1,-1
912,25,513,135,23,15,1,-1,-1,-1
912,28,590,175,39,23,1,-1,-1,-1
912,29,384,244,31,38,1,-1,-1,-1
912,30,658,231,53,30,1,-1,-1,-1
912,31,881,237,141,127,1,-1,-1,-1
912,32,561,379,67,73,1,-1,-1,-1
912,33,774,298,69,44,1,-1,-1,-1
912,34,432,199,27,25,1,-1,-1,-1
912,35,446,146,20,15,1,-1,-1,-1
913,1,687,177,36,17,1,-1,-1,-1
913,8,709,162,28,19,1,-1,-1,-1
913,11,719,169,83,59,1,-1,-1,-1
913,19,807,235,50,28,1,-1,-1,-1
913,25,513,135,23,15,1,-1,-1,-1
913,28,590,175,40,23,1,-1,-1,-1
913,29,384,246,31,38,1,-1,-1,-1
913,30,655,229,53,30,1,-1,-1,-1
913,31,881,237,141,127,1,-1,-1,-1
913,32,564,384,72,79,1,-1,-1,-1
913,33,771,298,71,44,1,-1,-1,-1
913,34,433,201,27,25,1,-1,-1,-1
913,35,448,148,20,15,1,-1,-1,-1
914,1,688,177,36,17,1,-1,-1,-1
914,11,719,169,83,59,1,-1,-1,-1
914,19,805,235,52,30,1,-1,-1,-1
914,25,512,133,23,15,1,-1,-1,-1
914,29,384,246,32,40,1,-1,-1,-1
914,30,658,231,46,28,1,-1,-1,-1
914,31,881,237,138,125,1,-1,-1,-1
914,32,570,392,70,78,1,-1,-1,-1
914,33,772,297,69,44,1,-1,-1,-1
914,34,433,202,26,25,1,-1,-1,-1
914,35,448,148,20,15,1,-1,-1,-1
914,36,975,434,48,49,1,-1,-1,-1
915,1,688,177,36,17,1,-1,-1,-1
915,11,718,169,86,59,1,-1,-1,-1
915,19,807,235,52,30,1,-1,-1,-1
915,25,512,133,23,15,1,-1,-1,-1
915,29,384,248,32,40,1,-1,-1,-1
915,30,656,231,47,28,1,-1,-1,-1
915,31,880,237,142,125,1,-1,-1,-1
915,32,570,391,75,81,1,-1,-1,-1
915,33,770,295,70,44,1,-1,-1,-1
915,34,433,202,27,25,1,-1,-1,-1
915,35,448,148,20,15,1,-1,-1,-1
915,36,977,436,46,50,1,-1,-1,-1
916,1,688,177,36,17,1,-1,-1,-1
916,11,718,169,86,59,1,-1,-1,-1
916,19,807,235,52,30,1,-1,-1,-1
916,25,510,133,23,15,1,-1,-1,-1
916,29,383,245,35,44,1,-1,-1,-1
916,30,655,231,47,28,1,-1,-1,-1
916,31,880,237,142,128,1,-1,-1,-1
916,32,573,395,75,82,1,-1,-1,-1
916,33,768,295,71,46,1,-1,-1,-1
916,34,433,202,27,25,1,-1,-1,-1
916,35,449,148,20,15,1,-1,-1,-1
916,36,967,428,54,53,1,-1,-1,-1
917,1,688,177,36,17,1,-1,-1,-1
917,11,719,169,83,59,1,-1,-1,-1
917,19,805,235,53,30,1,-1,-1,-1
917,25,510,133,23,15,1,-1,-1,-1
917,29,384,246,33,42,1,-1,-1,-1
917,30,655,229,45,28,1,-1,-1,-1
917,31,877,235,143,127,1,-1,-1,-1
917,32,576,401,78,84,1,-1,-1,-1
917,33,768,295,69,44,1,-1,-1,-1
917,34,436,204,27,25,1,-1,-1,-1
917,35,450,148,20,15,1,-1,-1,-1
917,36,965,428,58,55,1,-1,-1,-1
918,1,688,177,36,17,1,-1,-1,-1
918,11,719,169,83,59,1,-1,-1,-1
918,19,804,233,53,30,1,-1,-1,-1
918,25,509,131,23,15,1,-1,-1,-1
918,29,384,246,33,42,1,-1,-1,-1
918,30,654,229,44,27,1,-1,-1,-1
918,31,879,237,144,130,1,-1,-1,-1
918,32,579,408,74,81,1,-1,-1,-1
918,33,765,295,66,42,1,-1,-1,-1
918,34,434,206,27,25,1,-1,-1,-1
918,35,449,148,20,15,1,-1,-1,-1
918,36,958,424,64,62,1,-1,-1,-1
919,1,688,177,36,17,1,-1,-1,-1
919,11,719,169,83,59,1,-1,-1,-1
919,19,804,233,53,30,1,-1,-1,-1
919,25,511,133,21,13,1,-1,-1,-1
919,29,384,248,33,42,1,-1,-1,-1
919,30,654,229,44,27,1,-1,-1,-1
919,31,880,237,142,127,1,-1,-1,-1
919,32,582,412,79,86,1,-1,-1,-1
919,33,765,295,66,42,1,-1,-1,-1
919,34,436,206,27,25,1,-1,-1,-1
919,35,450,148,20,15,1,-1,-1,-1
919,36,957,422,66,65,1,-1,-1,-1
920,1,688,177,36,17,1,-1,-1,-1
920,11,719,169,83,59,1,-1,-1,-1
920,19,804,233,52,30,1,-1,-1,-1
920,25,512,134,20,12,1,-1,-1,-1
920,29,384,250,33,42,1,-1,-1,-1
920,30,651,227,48,28,1,-1,-1,-1
920,31,876,235,146,133,1,-1,-1,-1
920,32,582,414,86,92,1,-1,-1,-1
920,33,761,293,67,42,1,-1,-1,-1
920,34,437,206,27,25,1,-1,-1,-1
920,35,450,150,20,15,1,-1,-1,-1
920,36,953,420,69,68,1,-1,-1,-1
921,1,687,177,36,17,1,-1,-1,-1
921,11,718,169,86,59,1,-1,-1,-1
921,19,804,233,53,30,1,-1,-1,-1
921,25,510,133,21,12,1,-1,-1,-1
921,29,384,250,35,44,1,-1,-1,-1
921,30,651,227,45,28,1,-1,-1,-1
921,31,876,235,146,129,1,-1,-1,-1
921,32,587,422,83,88,1,-1,-1,-1
921,33,757,289,69,44,1,-1,-1,-1
921,34,437,208,27,25,1,-1,-1,-1
921,35,450,150,20,15,1,-1,-1,-1
921,36,948,418,75,65,1,-1,-1,-1
922,1,687,177,36,17,1,-1,-1,-1
922,11,718,169,83,59,1,-1,-1,-1
922,19,804,233,53,30,1,-1,-1,-1
922,25,509,133,21,12,1,-1,-1,-1
922,29,385,252,35,44,1,-1,-1,-1
922,30,650,225,45,28,1,-1,-1,-1
922,31,876,235,147,130,1,-1,-1,-1
922,32,590,428,83,88,1,-1,-1,-1
922,33,756,289,70,44,1,-1,-1,-1
922,34,438,208,27,25,1,-1,-1,-1
922,35,450,150,20,15,1,-1,-1,-1
922,36,949,416,73,68,1,-1,-1,-1
923,1,687,177,36,17,1,-1,-1,-1
923,11,718,169,86,59,1,-1,-1,-1
923,19,803,233,53,30,1,-1,-1,-1
923,25,510,133,20,11,1,-1,-1,-1
923,29,385,254,35,44,1,-1,-1,-1
923,30,650,227,44,27,1,-1,-1,-1
923,31,875,235,146,130,1,-1,-1,-1
923,32,594,433,87,94,1,-1,-1,-1
923,33,754,289,69,44,1,-1,-1,-1
923,34,438,210,27,25,1,-1,-1,-1
923,35,451,150,20,15,1,-1,-1,-1
923,36,940,414,82,71,1,-1,-1,-1
924,1,687,177,36,17,1,-1,-1,-1
924,11,718,169,86,59,1,-1,-1,-1
924,19,804,233,53,30,1,-1,-1,-1
924,25,511,134,19,10,1,-1,-1,-1
924,29,386,256,33,42,1,-1,-1,-1
924,30,649,225,44,27,1,-1,-1,-1
924,31,873,235,149,130,1,-1,-1,-1
924,32,595,437,92,100,1,-1,-1,-1
924,33,753,287,67,42,1,-1,-1,-1
924,34,438,210,28,27,1,-1,-1,-1
924,35,451,150,20,15,1,-1,-1,-1
924,36,937,412,85,75,1,-1,-1,-1
925,1,687,177,36,17,1,-1,-1,-1
925,11,719,169,83,59,1,-1,-1,-1
925,19,804,233,53,30,1,-1,-1,-1
925,25,510,134,20,10,1,-1,-1,-1
925,29,386,256,33,42,1,-1,-1,-1
925,30,647,225,45,28,1,-1,-1,-1
925,31,872,233,150,129,1,-1,-1,-1
925,32,598,443,95,96,1,-1,-1,-1
925,33,751,287,69,44,1,-1,-1,-1
925,34,438,210,28,27,1,-1,-1,-1
925,35,453,150,20,15,1,-1,-1,-1
925,36,941,414,82,75,1,-1,-1,-1
926,1,687,177,36,17,1,-1,-1,-1
926,11,718,169,82,61,1,-1,-1,-1
926,19,803,233,53,30,1,-1,-1,-1
926,25,510,133,19,13,1,-1,-1,-1
926,29,386,258,33,42,1,-1,-1,-1
926,30,646,223,47,28,1,-1,-1,-1
926,31,871,231,152,133,1,-1,-1,-1
926,32,600,449,96,90,1,-1,-1,-1
926,33,748,285,70,44,1,-1,-1,-1
926,34,440,212,28,27,1,-1,-1,-1
926,35,455,151,20,15,1,-1,-1,-1
926,36,931,410,91,77,1,-1,-1,-1
927,1,687,175,36,17,1,-1,-1,-1
927,11,718,169,82,61,1,-1,-1,-1
927,19,803,233,53,30,1,-1,-1,-1
927,25,509,133,19,13,1,-1,-1,-1
927,29,386,260,33,42,1,-1,-1,-1
927,30,643,223,48,28,1,-1,-1,-1
927,31,873,231,150,136,1,-1,-1,-1
927,32,606,457,96,82,1,-1,-1,-1
927,33,748,285,66,44,1,-1,-1,-1
927,34,441,212,30,27,1,-1,-1,-1
927,35,456,152,20,15,1,-1,-1,-1
927,36,930,406,93,76,1,-1,-1,-1
928,1,688,177,36,17,1,-1,-1,-1
928,11,718,169,82,61,1,-1,-1,-1
928,19,803,233,53,30,1,-1,-1,-1
928,25,509,131,19,13,1,-1,-1,-1
928,29,386,262,37,48,1,-1,-1,-1
928,30,643,223,47,28,1,-1,-1,-1
928,31,873,236,150,130,1,-1,-1,-1
928,32,608,466,96,73,1,-1,-1,-1
928,33,745,285,66,42,1,-1,-1,-1
928,34,441,210,29,29,1,-1,-1,-1
928,35,455,152,19,15,1,-1,-1,-1
928,36,923,406,99,77,1,-1,-1,-1
929,1,687,177,36,17,1,-1,-1,-1
929,11,718,169,82,61,1,-1,-1,-1
929,19,799,232,53,30,1,-1,-1,-1
929,25,509,131,19,13,1,-1,-1,-1
929,29,386,262,33,42,1,-1,-1,-1
929,30,642,221,47,28,1,-1,-1,-1
929,31,871,232,152,133,1,-1,-1,-1
929,32,612,472,99,67,1,-1,-1,-1
929,33,743,283,69,44,1,-1,-1,-1
929,34,441,214,28,27,1,-1,-1,-1
929,35,455,152,19,15,1,-1,-1,-1
929,36,921,403,101,73,1,-1,-1,-1
930,1,687,177,36,17,1,-1,-1,-1
930,11,718,169,82,61,1,-1,-1,-1
930,19,801,233,53,30,1,-1,-1,-1
930,25,509,131,18,11,1,-1,-1,-1
930,29,386,264,33,42,1,-1,-1,-1
930,30,642,221,45,28,1,-1,-1,-1
930,31,868,231,150,135,1,-1,-1,-1
930,32,614,482,89,57,1,-1,-1,-1
930,33,740,283,69,44,1,-1,-1,-1
930,34,444,216,27,25,1,-1,-1,-1
930,35,457,152,19,15,1,-1,-1,-1
930,36,919,403,101,70,1,-1,-1,-1
931,1,687,177,36,17,1,-1,-1,-1
931,11,718,169,82,61,1,-1,-1,-1
931,19,803,233,53,30,1,-1,-1,-1
931,25,509,131,19,13,1,-1,-1,-1
931,29,386,266,35,44,1,-1,-1,-1
931,30,640,221,48,28,1,-1,-1,-1
931,31,869,234,153,134,1,-1,-1,-1
931,32,623,487,78,52,1,-1,-1,-1
931,33,740,281,69,44,1,-1,-1,-1
931,34,444,217,28,27,1,-1,-1,-1
931,35,458,152,19,15,1,-1,-1,-1
931,36,917,402,106,70,1,-1,-1,-1
932,1,688,177,36,17,1,-1,-1,-1
932,11,718,169,82,61,1,-1,-1,-1
932,19,801,233,53,30,1,-1,-1,-1
932,29,387,268,37,51,1,-1,-1,-1
932,30,640,221,45,28,1,-1,-1,-1
932,31,865,229,152,136,1,-1,-1,-1
932,32,625,487,74,52,1,-1,-1,-1
932,33,737,279,69,44,1,-1,-1,-1
932,34,444,217,28,27,1,-1,-1,-1
932,35,458,152,19,15,1,-1,-1,-1
932,36,913,400,104,70,1,-1,-1,-1
933,1,688,177,36,17,1,-1,-1,-1
933,5,794,192,27,28,1,-1,-1,-1
933,11,719,169,79,59,1,-1,-1,-1
933,19,801,233,53,30,1,-1,-1,-1
933,29,387,268,37,51,1,-1,-1,-1
933,30,637,219,45,28,1,-1,-1,-1
933,31,866,234,156,132,1,-1,-1,-1
933,32,628,500,67,39,1,-1,-1,-1
933,33,735,279,69,44,1,-1,-1,-1
933,34,445,219,28,27,1,-1,-1,-1
933,35,458,154,19,15,1,-1,-1,-1
933,36,910,400,104,70,1,-1,-1,-1
934,1,689,177,36,17,1,-1,-1,-1
934,5,794,192,27,28,1,-1,-1,-1
934,11,718,169,82,61,1,-1,-1,-1
934,19,800,233,53,30,1,-1,-1,-1
934,29,389,271,36,47,1,-1,-1,-1
934,30,637,217,45,28,1,-1,-1,-1
934,31,867,231,150,135,1,-1,-1,-1
934,32,625,501,68,38,1,-1,-1,-1
934,33,734,279,67,42,1,-1,-1,-1
934,34,445,219,28,27,1,-1,-1,-1
934,35,458,152,19,15,1,-1,-1,-1
934,36,908,398,102,69,1,-1,-1,-1
935,1,689,177,36,17,1,-1,-1,-1
935,5,794,192,27,28,1,-1,-1,-1
935,11,718,169,82,61,1,-1,-1,-1
935,19,800,233,53,30,1,-1,-1,-1
935,29,389,271,37,51,1,-1,-1,-1
935,30,636,217,45,28,1,-1,-1,-1
935,31,865,234,157,137,1,-1,-1,-1
935,32,628,513,68,26,1,-1,-1,-1
935,33,734,279,65,40,1,-1,-1,-1
935,34,446,221,28,27,1,-1,-1,-1
935,35,461,154,19,15,1,-1,-1,-1
935,36,901,392,106,76,1,-1,-1,-1
936,1,689,177,36,17,1,-1,-1,-1
936,5,794,192,27,28,1,-1,-1,-1
936,11,718,169,82,61,1,-1,-1,-1
936,19,800,233,52,28,1,-1,-1,-1
936,29,387,273,37,51,1,-1,-1,-1
936,30,634,217,47,28,1,-1,-1,-1
936,31,867,235,156,127,1,-1,-1,-1
936,33,731,277,67,42,1,-1,-1,-1
936,34,446,223,27,25,1,-1,-1,-1
936,35,461,154,19,15,1,-1,-1,-1
936,36,896,395,100,64,1,-1,-1,-1
937,1,688,177,36,17,1,-1,-1,-1
937,5,795,192,27,28,1,-1,-1,-1
937,11,718,167,83,61,1,-1,-1,-1
937,19,799,233,53,30,1,-1,-1,-1
937,29,389,275,35,48,1,-1,-1,-1
937,30,633,217,45,28,1,-1,-1,-1
937,31,867,235,155,127,1,-1,-1,-1
937,33,727,275,69,44,1,-1,-1,-1
937,34,448,223,28,27,1,-1,-1,-1
937,35,459,154,19,15,1,-1,-1,-1
937,36,896,397,101,61,1,-1,-1,-1
938,1,688,177,36,17,1,-1,-1,-1
938,5,795,194,27,28,1,-1,-1,-1
938,11,719,169,79,59,1,-1,-1,-1
938,19,799,233,53,30,1,-1,-1,-1
938,29,386,275,36,48,1,-1,-1,-1
938,30,633,217,45,28,1,-1,-1,-1
938,31,867,235,155,127,1,-1,-1,-1
938,33,726,275,67,42,1,-1,-1,-1
938,34,446,225,30,28,1,-1,-1,-1
938,35,462,154,19,15,1,-1,-1,-1
938,36,892,393,103,63,1,-1,-1,-1
939,1,689,177,36,17,1,-1,-1,-1
939,5,795,194,27,28,1,-1,-1,-1
939,11,720,171,77,57,1,-1,-1,-1
939,19,800,233,53,30,1,-1,-1,-1
939,29,389,279,33,46,1,-1,-1,-1
939,30,633,217,44,27,1,-1,-1,-1
939,31,865,235,155,127,1,-1,-1,-1
939,33,727,275,64,40,1,-1,-1,-1
939,34,448,225,30,28,1,-1,-1,-1
939,35,462,156,19,15,1,-1,-1,-1
939,36,893,395,97,59,1,-1,-1,-1
940,1,689,177,36,17,1,-1,-1,-1
940,5,796,194,27,28,1,-1,-1,-1
940,11,720,171,77,57,1,-1,-1,-1
940,19,799,233,53,30,1,-1,-1,-1
940,29,389,281,33,46,1,-1,-1,-1
940,30,630,216,47,28,1,-1,-1,-1
940,31,865,235,155,127,1,-1,-1,-1
940,33,727,275,59,42,1,-1,-1,-1
940,34,449,227,30,28,1,-1,-1,-1
940,35,462,154,19,15,1,-1,-1,-1
940,36,888,393,97,57,1,-1,-1,-1
941,1,689,177,36,17,1,-1,-1,-1
941,5,795,194,27,28,1,-1,-1,-1
941,11,720,171,77,57,1,-1,-1,-1
941,19,799,233,53,30,1,-1,-1,-1
941,29,387,283,33,46,1,-1,-1,-1
941,30,630,216,45,28,1,-1,-1,-1
941,31,864,235,155,127,1,-1,-1,-1
941,33,724,274,63,42,1,-1,-1,-1
941,34,450,227,30,28,1,-1,-1,-1
941,35,462,156,19,15,1,-1,-1,-1
941,36,881,391,99,60,1,-1,-1,-1
942,1,689,177,36,17,1,-1,-1,-1
942,5,796,194,27,28,1,-1,-1,-1
942,11,719,171,78,59,1,-1,-1,-1
942,19,799,235,53,30,1,-1,-1,-1
942,29,386,285,33,46,1,-1,-1,-1
942,30,629,214,45,28,1,-1,-1,-1
942,31,864,235,155,127,1,-1,-1,-1
942,33,721,273,61,39,1,-1,-1,-1
942,34,448,228,35,32,1,-1,-1,-1
942,35,463,156,19,15,1,-1,-1,-1
942,36,877,391,99,59,1,-1,-1,-1
943,1,688,177,36,17,1,-1,-1,-1
943,5,795,194,26,27,1,-1,-1,-1
943,11,719,169,79,59,1,-1,-1,-1
943,19,798,235,53,30,1,-1,-1,-1
943,29,387,287,33,46,1,-1,-1,-1
943,30,629,216,43,25,1,-1,-1,-1
943,31,862,235,159,129,1,-1,-1,-1
943,33,721,271,61,41,1,-1,-1,-1
943,34,448,229,33,30,1,-1,-1,-1
943,35,463,156,19,15,1,-1,-1,-1
943,36,879,391,90,54,1,-1,-1,-1
944,1,689,177,36,17,1,-1,-1,-1
944,5,796,194,27,28,1,-1,-1,-1
944,11,719,171,78,59,1,-1,-1,-1
944,19,796,233,56,32,1,-1,-1,-1
944,29,387,287,35,48,1,-1,-1,-1
944,30,628,216,44,25,1,-1,-1,-1
944,31,864,237,159,133,1,-1,-1,-1
944,33,719,270,61,42,1,-1,-1,-1
944,34,449,231,33,30,1,-1,-1,-1
944,35,463,156,19,15,1,-1,-1,-1
944,36,872,389,91,55,1,-1,-1,-1
945,1,689,177,36,17,1,-1,-1,-1
945,5,796,196,27,28,1,-1,-1,-1
945,11,719,171,78,59,1,-1,-1,-1
945,19,796,235,56,32,1,-1,-1,-1
945,29,386,289,36,48,1,-1,-1,-1
945,30,626,214,43,25,1,-1,-1,-1
945,31,864,237,159,133,1,-1,-1,-1
945,33,718,270,62,42,1,-1,-1,-1
945,34,450,233,33,30,1,-1,-1,-1
945,35,464,156,19,15,1,-1,-1,-1
945,36,869,387,91,55,1,-1,-1,-1
946,1,689,177,36,17,1,-1,-1,-1
946,5,799,196,27,28,1,-1,-1,-1
946,11,719,171,82,61,1,-1,-1,-1
946,19,795,233,57,32,1,-1,-1,-1
946,29,386,291,36,50,1,-1,-1,-1
946,30,626,214,43,25,1,-1,-1,-1
946,31,861,239,162,139,1,-1,-1,-1
946,33,715,268,65,44,1,-1,-1,-1
946,34,450,233,35,32,1,-1,-1,-1
946,35,464,156,19,15,1,-1,-1,-1
946,36,868,387,87,52,1,-1,-1,-1
947,1,689,177,36,17,1,-1,-1,-1
947,5,799,196,27,28,1,-1,-1,-1
947,11,719,171,82,61,1,-1,-1,-1
947,19,795,233,58,32,1,-1,-1,-1
947,29,386,293,36,48,1,-1,-1,-1
947,30,625,214,44,25,1,-1,-1,-1
947,31,862,235,161,144,1,-1,-1,-1
947,33,715,268,65,44,1,-1,-1,-1
947,34,450,235,35,32,1,-1,-1,-1
947,35,466,158,19,15,1,-1,-1,-1
947,36,864,384,92,58,1,-1,-1,-1
948,1,689,177,36,17,1,-1,-1,-1
948,5,799,196,27,28,1,-1,-1,-1
948,11,718,169,83,61,1,-1,-1,-1
948,19,795,235,56,32,1,-1,-1,-1
948,29,382,293,39,54,1,-1,-1,-1
948,30,623,212,47,27,1,-1,-1,-1
948,31,856,233,165,151,1,-1,-1,-1
948,33,712,267,60,44,1,-1,-1,-1
948,34,450,235,35,32,1,-1,-1,-1
948,35,467,158,19,15,1,-1,-1,-1
948,36,860,385,93,53,1,-1,-1,-1
949,1,689,177,36,17,1,-1,-1,-1
949,5,799,196,27,28,1,-1,-1,-1
949,11,719,171,79,59,1,-1,-1,-1
949,19,796,235,53,30,1,-1,-1,-1
949,29,385,297,37,52,1,-1,-1,-1
949,30,620,212,47,28,1,-1,-1,-1
949,31,859,237,163,144,1,-1,-1,-1
949,33,713,268,55,39,1,-1,-1,-1
949,34,449,235,36,32,1,-1,-1,-1
949,35,466,158,19,15,1,-1,-1,-1
949,36,856,377,95,62,1,-1,-1,-1
950,1,689,177,36,17,1,-1,-1,-1
950,5,799,198,27,28,1,-1,-1,-1
950,11,720,171,78,59,1,-1,-1,-1
950,19,795,235,53,30,1,-1,-1,-1
950,29,386,300,36,50,1,-1,-1,-1
950,30,621,212,43,25,1,-1,-1,-1
950,31,859,235,155,127,1,-1,-1,-1
950,33,713,268,58,40,1,-1,-1,-1
950,34,451,239,36,34,1,-1,-1,-1
950,35,466,158,19,15,1,-1,-1,-1
950,36,851,380,96,55,1,-1,-1,-1
951,1,689,177,36,17,1,-1,-1,-1
951,5,794,194,32,31,1,-1,-1,-1
951,11,720,171,78,59,1,-1,-1,-1
951,19,796,235,53,30,1,-1,-1,-1
951,29,386,300,36,50,1,-1,-1,-1
951,30,620,212,43,25,1,-1,-1,-1
951,31,858,235,159,129,1,-1,-1,-1
951,33,707,267,58,39,1,-1,-1,-1
951,34,451,241,36,32,1,-1,-1,-1
951,35,467,160,19,15,1,-1,-1,-1
951,36,851,381,91,52,1,-1,-1,-1
952,1,689,177,36,17,1,-1,-1,-1
952,5,796,195,31,30,1,-1,-1,-1
952,11,720,173,78,59,1,-1,-1,-1
952,19,795,235,53,30,1,-1,-1,-1
952,29,382,304,37,52,1,-1,-1,-1
952,30,620,212,43,25,1,-1,-1,-1
952,31,856,235,159,129,1,-1,-1,-1
952,33,704,267,61,40,1,-1,-1,-1
952,34,453,244,35,32,1,-1,-1,-1
952,35,467,158,19,15,1,-1,-1,-1
952,36,845,378,94,54,1,-1,-1,-1
953,1,689,177,36,17,1,-1,-1,-1
953,5,795,197,32,30,1,-1,-1,-1
953,11,722,173,77,57,1,-1,-1,-1
953,19,796,237,52,28,1,-1,-1,-1
953,29,382,304,37,52,1,-1,-1,-1
953,30,619,210,43,25,1,-1,-1,-1
953,31,855,233,161,131,1,-1,-1,-1
953,33,703,264,58,40,1,-1,-1,-1
953,34,451,244,35,32,1,-1,-1,-1
953,35,467,160,19,15,1,-1,-1,-1
953,36,842,378,94,54,1,-1,-1,-1
954,1,689,179,36,17,1,-1,-1,-1
954,5,795,198,33,28,1,-1,-1,-1
954,11,723,173,75,55,1,-1,-1,-1
954,19,795,237,52,28,1,-1,-1,-1
954,29,381,306,39,54,1,-1,-1,-1
954,30,620,210,41,25,1,-1,-1,-1
954,31,854,233,165,135,1,-1,-1,-1
954,33,701,262,58,40,1,-1,-1,-1
954,34,451,244,35,32,1,-1,-1,-1
954,35,468,160,19,15,1,-1,-1,-1
954,36,838,374,94,54,1,-1,-1,-1
955,1,689,179,36,17,1,-1,-1,-1
955,5,794,196,34,30,1,-1,-1,-1
955,11,720,171,78,59,1,-1,-1,-1
955,19,795,237,53,28,1,-1,-1,-1
955,29,381,308,40,55,1,-1,-1,-1
955,30,617,210,41,25,1,-1,-1,-1
955,31,855,237,168,144,1,-1,-1,-1
955,33,701,264,58,40,1,-1,-1,-1
955,34,453,246,36,32,1,-1,-1,-1
955,35,468,160,19,15,1,-1,-1,-1
955,36,837,374,87,55,1,-1,-1,-1
956,1,689,179,36,17,1,-1,-1,-1
956,5,795,197,34,29,1,-1,-1,-1
956,11,722,171,74,57,1,-1,-1,-1
956,19,796,237,49,27,1,-1,-1,-1
956,29,381,312,37,52,1,-1,-1,-1
956,30,618,208,40,24,1,-1,-1,-1
956,31,853,235,170,145,1,-1,-1,-1
956,33,701,264,57,38,1,-1,-1,-1
956,34,454,248,36,32,1,-1,-1,-1
956,35,470,160,19,16,1,-1,-1,-1
956,36,834,374,85,53,1,-1,-1,-1
957,1,689,177,36,17,1,-1,-1,-1
957,5,793,198,37,28,1,-1,-1,-1
957,11,720,171,78,59,1,-1,-1,-1
957,19,796,239,49,25,1,-1,-1,-1
957,29,381,314,37,52,1,-1,-1,-1
957,30,619,208,39,22,1,-1,-1,-1
957,31,851,235,171,147,1,-1,-1,-1
957,33,697,263,57,36,1,-1,-1,-1
957,34,454,250,36,37,1,-1,-1,-1
957,35,470,160,19,15,1,-1,-1,-1
957,36,829,372,85,52,1,-1,-1,-1
958,1,690,179,36,17,1,-1,-1,-1
958,5,792,199,37,28,1,-1,-1,-1
958,11,720,171,78,59,1,-1,-1,-1
958,19,795,237,50,27,1,-1,-1,-1
958,29,380,316,37,52,1,-1,-1,-1
958,30,615,208,43,25,1,-1,-1,-1
958,31,851,235,171,143,1,-1,-1,-1
958,33,699,264,53,38,1,-1,-1,-1
958,34,455,250,35,35,1,-1,-1,-1
958,35,471,160,19,15,1,-1,-1,-1
958,36,828,368,87,57,1,-1,-1,-1
959,1,690,179,36,17,1,-1,-1,-1
959,5,794,200,37,28,1,-1,-1,-1
959,11,720,171,78,59,1,-1,-1,-1
959,19,795,239,53,28,1,-1,-1,-1
959,29,378,316,43,62,1,-1,-1,-1
959,30,615,208,43,25,1,-1,-1,-1
959,31,854,237,169,146,1,-1,-1,-1
959,33,694,262,57,40,1,-1,-1,-1
959,34,456,252,37,39,1,-1,-1,-1
959,35,471,160,19,15,1,-1,-1,-1
959,36,828,368,81,55,1,-1,-1,-1
960,1,690,179,36,17,1,-1,-1,-1
960,5,791,200,40,27,1,-1,-1,-1
960,11,720,171,78,59,1,-1,-1,-1
960,19,795,239,50,27,1,-1,-1,-1
960,29,377,318,43,61,1,-1,-1,-1
960,30,612,208,43,25,1,-1,-1,-1
960,31,851,235,171,149,1,-1,-1,-1
960,33,693,262,57,40,1,-1,-1,-1
960,34,456,254,36,35,1,-1,-1,-1
960,35,471,160,19,15,1,-1,-1,-1
960,36,825,366,80,55,1,-1,-1,-1
960,37,974,485,49,50,1,-1,-1,-1
961,1,692,179,30,18,1,-1,-1,-1
961,5,795,198,36,30,1,-1,-1,-1
961,11,720,171,79,59,1,-1,-1,-1
961,19,795,239,52,28,1,-1,-1,-1
961,29,377,322,43,61,1,-1,-1,-1
961,30,613,206,43,25,1,-1,-1,-1
961,31,854,237,168,149,1,-1,-1,-1
961,33,692,260,57,40,1,-1,-1,-1
961,34,456,253,36,36,1,-1,-1,-1
961,35,472,162,19,18,1,-1,-1,-1
961,36,820,366,83,55,1,-1,-1,-1
961,37,972,485,51,52,1,-1,-1,-1
962,1,692,179,30,17,1,-1,-1,-1
962,5,794,200,39,29,1,-1,-1,-1
962,11,720,171,79,59,1,-1,-1,-1
962,19,795,239,52,28,1,-1,-1,-1
962,29,376,322,44,65,1,-1,-1,-1
962,30,612,206,41,25,1,-1,-1,-1
962,31,851,237,172,146,1,-1,-1,-1
962,33,689,260,56,40,1,-1,-1,-1
962,34,457,257,35,37,1,-1,-1,-1
962,35,472,162,19,15,1,-1,-1,-1
962,36,817,365,82,56,1,-1,-1,-1
962,37,963,480,59,56,1,-1,-1,-1
963,1,693,179,30,17,1,-1,-1,-1
963,5,794,200,39,28,1,-1,-1,-1
963,11,720,171,79,59,1,-1,-1,-1
963,19,795,239,52,28,1,-1,-1,-1
963,29,374,327,44,63,1,-1,-1,-1
963,30,611,206,43,25,1,-1,-1,-1
963,31,854,239,169,147,1,-1,-1,-1
963,33,689,258,57,38,1,-1,-1,-1
963,34,457,258,36,36,1,-1,-1,-1
963,35,474,163,19,15,1,-1,-1,-1
963,36,813,363,83,58,1,-1,-1,-1
963,37,963,482,59,55,1,-1,-1,-1
964,1,693,179,30,17,1,-1,-1,-1
964,5,795,200,39,28,1,-1,-1,-1
964,11,720,171,80,61,1,-1,-1,-1
964,19,795,239,53,28,1,-1,-1,-1
964,29,374,329,43,61,1,-1,-1,-1
964,30,612,204,43,25,1,-1,-1,-1
964,31,855,239,167,146,1,-1,-1,-1
964,33,688,258,56,38,1,-1,-1,-1
964,34,458,260,37,38,1,-1,-1,-1
964,35,473,162,20,17,1,-1,-1,-1
964,36,810,365,84,54,1,-1,-1,-1
964,37,957,477,66,61,1,-1,-1,-1
965,1,693,179,30,17,1,-1,-1,-1
965,5,796,200,40,30,1,-1,-1,-1
965,11,722,173,79,59,1,-1,-1,-1
965,19,795,241,52,28,1,-1,-1,-1
965,29,373,331,43,61,1,-1,-1,-1
965,30,611,204,43,25,1,-1,-1,-1
965,31,854,241,167,147,1,-1,-1,-1
965,33,687,258,56,38,1,-1,-1,-1
965,34,458,262,37,38,1,-1,-1,-1
965,35,475,163,19,15,1,-1,-1,-1
965,36,809,361,81,57,1,-1,-1,-1
965,37,953,480,70,59,1,-1,-1,-1
965,38,449,134,20,13,1,-1,-1,-1
966,1,693,179,30,17,1,-1,-1,-1
966,5,795,200,40,30,1,-1,-1,-1
966,11,722,171,80,61,1,-1,-1,-1
966,19,795,239,52,28,1,-1,-1,-1
966,29,373,333,43,61,1,-1,-1,-1
966,30,609,204,41,25,1,-1,-1,-1
966,31,855,241,164,144,1,-1,-1,-1
966,33,684,256,57,38,1,-1,-1,-1
966,34,458,262,40,40,1,-1,-1,-1
966,35,475,163,19,15,1,-1,-1,-1
966,36,807,360,80,57,1,-1,-1,-1
966,37,948,478,75,61,1,-1,-1,-1
966,38,449,133,19,13,1,-1,-1,-1
967,1,693,179,30,17,1,-1,-1,-1
967,5,795,200,40,30,1,-1,-1,-1
967,11,723,173,79,59,1,-1,-1,-1
967,19,795,241,52,28,1,-1,-1,-1
967,29,370,332,46,72,1,-1,-1,-1
967,30,608,204,43,25,1,-1,-1,-1
967,31,851,239,169,150,1,-1,-1,-1
967,33,681,256,57,40,1,-1,-1,-1
967,34,458,266,36,36,1,-1,-1,-1
967,35,475,163,19,15,1,-1,-1,-1
967,36,803,358,79,56,1,-1,-1,-1
967,37,940,473,81,66,1,-1,-1,-1
967,38,450,133,19,13,1,-1,-1,-1
968,1,693,179,30,17,1,-1,-1,-1
968,5,795,200,40,30,1,-1,-1,-1
968,11,722,173,80,61,1,-1,-1,-1
968,19,797,242,46,26,1,-1,-1,-1
968,29,369,335,45,71,1,-1,-1,-1
968,30,608,202,41,25,1,-1,-1,-1
968,31,852,241,167,146,1,-1,-1,-1
968,33,684,257,51,36,1,-1,-1,-1
968,34,458,266,37,38,1,-1,-1,-1
968,35,478,163,19,15,1,-1,-1,-1
968,36,802,360,76,52,1,-1,-1,-1
968,37,940,470,78,68,1,-1,-1,-1
968,38,450,133,19,13,1,-1,-1,-1
969,1,694,179,31,17,1,-1,-1,-1
969,5,798,202,40,30,1,-1,-1,-1
969,11,722,173,80,61,1,-1,-1,-1
969,19,795,241,52,28,1,-1,-1,-1
969,29,369,337,47,73,1,-1,-1,-1
969,30,608,202,43,25,1,-1,-1,-1
969,31,851,239,169,150,1,-1,-1,-1
969,33,681,256,53,36,1,-1,-1,-1
969,34,458,270,37,38,1,-1,-1,-1
969,35,476,165,19,15,1,-1,-1,-1
969,36,797,357,78,50,1,-1,-1,-1
969,37,930,470,92,69,1,-1,-1,-1
969,38,450,135,19,13,1,-1,-1,-1
970,1,694,179,31,17,1,-1,-1,-1
970,5,796,202,40,30,1,-1,-1,-1
970,11,723,173,78,59,1,-1,-1,-1
970,19,795,241,52,28,1,-1,-1,-1
970,29,368,341,47,73,1,-1,-1,-1
970,30,606,202,41,25,1,-1,-1,-1
970,31,848,239,173,152,1,-1,-1,-1
970,33,680,256,53,36,1,-1,-1,-1
970,34,458,270,39,38,1,-1,-1,-1
970,35,478,165,19,15,1,-1,-1,-1
970,36,794,356,78,50,1,-1,-1,-1
970,37,923,466,96,71,1,-1,-1,-1
970,38,451,135,19,13,1,-1,-1,-1
971,1,696,181,30,17,1,-1,-1,-1
971,5,798,202,40,30,1,-1,-1,-1
971,11,723,173,75,57,1,-1,-1,-1
971,19,795,241,52,28,1,-1,-1,-1
971,29,367,343,48,75,1,-1,-1,-1
971,30,612,200,36,20,1,-1,-1,-1
971,31,852,241,167,146,1,-1,-1,-1
971,33,680,254,53,36,1,-1,-1,-1
971,34,459,273,41,39,1,-1,-1,-1
971,35,478,165,19,15,1,-1,-1,-1
971,36,791,356,78,50,1,-1,-1,-1
971,37,923,468,97,70,1,-1,-1,-1
971,38,453,135,19,13,1,-1,-1,-1
972,1,696,181,28,17,1,-1,-1,-1
972,5,799,202,40,30,1,-1,-1,-1
972,11,723,173,75,57,1,-1,-1,-1
972,19,796,244,48,26,1,-1,-1,-1
972,29,370,347,42,74,1,-1,-1,-1
972,30,610,200,38,23,1,-1,-1,-1
972,31,851,241,170,148,1,-1,-1,-1
972,33,677,252,54,38,1,-1,-1,-1
972,34,459,275,37,38,1,-1,-1,-1
972,35,479,165,19,15,1,-1,-1,-1
972,36,788,354,80,52,1,-1,-1,-1
972,37,921,466,102,73,1,-1,-1,-1
972,38,454,135,19,13,1,-1,-1,-1
973,1,697,181,30,17,1,-1,-1,-1
973,5,799,202,39,28,1,-1,-1,-1
973,11,726,175,74,57,1,-1,-1,-1
973,19,795,241,52,28,1,-1,-1,-1
973,29,370,349,42,80,1,-1,-1,-1
973,30,611,200,37,23,1,-1,-1,-1
973,31,851,241,171,149,1,-1,-1,-1
973,33,676,252,53,36,1,-1,-1,-1
973,34,461,277,40,40,1,-1,-1,-1
973,35,480,165,19,15,1,-1,-1,-1
973,36,786,352,78,50,1,-1,-1,-1
973,37,915,460,106,77,1,-1,-1,-1
973,38,454,135,19,13,1,-1,-1,-1
974,1,697,181,30,17,1,-1,-1,-1
974,5,799,202,40,30,1,-1,-1,-1
974,11,726,175,74,57,1,-1,-1,-1
974,19,795,241,52,28,1,-1,-1,-1
974,29,367,348,43,79,1,-1,-1,-1
974,30,611,198,37,23,1,-1,-1,-1
974,31,854,242,169,146,1,-1,-1,-1
974,33,676,252,53,36,1,-1,-1,-1
974,34,461,279,40,40,1,-1,-1,-1
974,35,480,165,19,15,1,-1,-1,-1
974,36,786,354,75,48,1,-1,-1,-1
974,37,910,460,111,78,1,-1,-1,-1
974,38,455,136,19,13,1,-1,-1,-1
975,1,697,181,30,17,1,-1,-1,-1
975,5,800,204,39,28,1,-1,-1,-1
975,11,723,173,79,59,1,-1,-1,-1
975,19,795,241,52,28,1,-1,-1,-1
975,29,367,351,43,79,1,-1,-1,-1
975,30,609,198,35,23,1,-1,-1,-1
975,31,855,244,167,142,1,-1,-1,-1
975,33,673,250,53,36,1,-1,-1,-1
975,34,461,279,40,40,1,-1,-1,-1
975,35,480,167,19,15,1,-1,-1,-1
975,36,783,352,74,48,1,-1,-1,-1
975,37,907,456,115,78,1,-1,-1,-1
975,38,457,136,19,13,1,-1,-1,-1
976,1,697,181,30,17,1,-1,-1,-1
976,5,800,204,40,30,1,-1,-1,-1
976,11,724,173,79,59,1,-1,-1,-1
976,19,795,241,52,28,1,-1,-1,-1
976,29,364,354,43,79,1,-1,-1,-1
976,30,608,198,36,22,1,-1,-1,-1
976,31,855,246,167,154,1,-1,-1,-1
976,33,672,250,53,36,1,-1,-1,-1
976,34,462,283,37,38,1,-1,-1,-1
976,35,481,167,19,15,1,-1,-1,-1
976,36,782,351,70,44,1,-1,-1,-1
976,37,901,455,119,82,1,-1,-1,-1
976,38,458,136,19,13,1,-1,-1,-1
977,1,697,181,30,17,1,-1,-1,-1
977,5,801,204,40,30,1,-1,-1,-1
977,11,724,173,79,59,1,-1,-1,-1
977,19,795,241,53,28,1,-1,-1,-1
977,29,364,358,43,79,1,-1,-1,-1
977,30,608,198,34,22,1,-1,-1,-1
977,31,848,242,174,156,1,-1,-1,-1
977,33,671,250,53,36,1,-1,-1,-1
977,34,462,285,40,40,1,-1,-1,-1
977,35,481,167,19,15,1,-1,-1,-1
977,36,778,349,74,48,1,-1,-1,-1
977,37,900,460,115,78,1,-1,-1,-1
977,38,458,136,19,13,1,-1,-1,-1
978,1,697,181,30,17,1,-1,-1,-1
978,5,803,204,40,30,1,-1,-1,-1
978,11,724,173,80,61,1,-1,-1,-1
978,19,795,241,53,28,1,-1,-1,-1
978,29,364,362,43,79,1,-1,-1,-1
978,30,611,196,32,23,1,-1,-1,-1
978,31,851,241,171,157,1,-1,-1,-1
978,33,671,250,52,36,1,-1,-1,-1
978,34,463,287,40,40,1,-1,-1,-1
978,35,483,167,19,15,1,-1,-1,-1
978,36,778,349,70,44,1,-1,-1,-1
978,37,893,453,120,86,1,-1,-1,-1
978,38,458,136,19,13,1,-1,-1,-1
979,1,698,181,30,17,1,-1,-1,-1
979,5,804,204,40,30,1,-1,-1,-1
979,11,726,173,79,59,1,-1,-1,-1
979,19,795,241,53,28,1,-1,-1,-1
979,29,363,364,43,79,1,-1,-1,-1
979,30,610,197,31,21,1,-1,-1,-1
979,31,851,243,172,153,1,-1,-1,-1
979,33,670,248,52,36,1,-1,-1,-1
979,34,463,291,40,40,1,-1,-1,-1
979,35,484,167,19,15,1,-1,-1,-1
979,36,775,349,70,44,1,-1,-1,-1
979,37,890,452,117,84,1,-1,-1,-1
979,38,459,136,19,13,1,-1,-1,-1
980,1,700,181,31,17,1,-1,-1,-1
980,5,804,206,40,30,1,-1,-1,-1
980,11,726,173,79,59,1,-1,-1,-1
980,19,795,241,53,28,1,-1,-1,-1
980,29,360,366,44,82,1,-1,-1,-1
980,30,608,196,31,22,1,-1,-1,-1
980,31,851,241,171,155,1,-1,-1,-1
980,33,670,248,49,34,1,-1,-1,-1
980,34,464,291,40,40,1,-1,-1,-1
980,35,484,167,19,15,1,-1,-1,-1
980,36,773,345,71,46,1,-1,-1,-1
980,37,886,449,114,84,1,-1,-1,-1
980,38,461,136,19,13,1,-1,-1,-1
981,1,701,181,30,17,1,-1,-1,-1
981,5,805,206,39,28,1,-1,-1,-1
981,11,726,173,80,61,1,-1,-1,-1
981,19,795,241,52,28,1,-1,-1,-1
981,29,360,368,47,86,1,-1,-1,-1
981,30,608,196,31,20,1,-1,-1,-1
981,31,850,241,173,151,1,-1,-1,-1
981,33,668,246,49,34,1,-1,-1,-1
981,34,464,295,40,40,1,-1,-1,-1
981,35,484,167,19,15,1,-1,-1,-1
981,36,773,347,69,44,1,-1,-1,-1
981,37,880,445,119,85,1,-1,-1,-1
981,38,462,136,19,13,1,-1,-1,-1
982,1,700,181,30,17,1,-1,-1,-1
982,5,805,206,39,28,1,-1,-1,-1
982,11,726,173,80,61,1,-1,-1,-1
982,19,795,241,52,28,1,-1,-1,-1
982,29,359,372,47,86,1,-1,-1,-1
982,30,608,196,30,20,1,-1,-1,-1
982,31,847,239,173,152,1,-1,-1,-1
982,33,669,246,47,36,1,-1,-1,-1
982,34,468,293,40,47,1,-1,-1,-1
982,35,485,169,19,15,1,-1,-1,-1
982,36,769,345,71,46,1,-1,-1,-1
982,37,878,444,111,88,1,-1,-1,-1
982,38,462,136,19,13,1,-1,-1,-1
983,1,701,181,30,17,1,-1,-1,-1
983,5,805,206,39,28,1,-1,-1,-1
983,11,726,173,83,63,1,-1,-1,-1
983,19,795,241,52,28,1,-1,-1,-1
983,29,357,376,47,86,1,-1,-1,-1
983,30,608,194,31,21,1,-1,-1,-1
983,31,850,243,173,157,1,-1,-1,-1
983,33,668,246,47,36,1,-1,-1,-1
983,34,467,295,40,46,1,-1,-1,-1
983,35,485,169,19,15,1,-1,-1,-1
983,36,770,343,71,48,1,-1,-1,-1
983,37,878,444,111,82,1,-1,-1,-1
983,38,462,138,19,13,1,-1,-1,-1
984,1,701,181,30,17,1,-1,-1,-1
984,5,807,206,37,28,1,-1,-1,-1
984,11,727,177,75,58,1,-1,-1,-1
984,19,795,241,52,28,1,-1,-1,-1
984,29,356,381,47,86,1,-1,-1,-1
984,30,608,194,30,19,1,-1,-1,-1
984,31,851,244,167,146,1,-1,-1,-1
984,33,667,244,48,36,1,-1,-1,-1
984,34,468,297,37,44,1,-1,-1,-1
984,35,487,169,19,22,1,-1,-1,-1
984,36,768,341,70,48,1,-1,-1,-1
984,37,873,439,111,84,1,-1,-1,-1
984,38,462,138,19,13,1,-1,-1,-1
985,1,701,181,30,17,1,-1,-1,-1
985,5,808,206,39,28,1,-1,-1,-1
985,11,727,177,74,57,1,-1,-1,-1
985,19,795,241,53,28,1,-1,-1,-1
985,29,355,385,47,86,1,-1,-1,-1
985,30,607,192,31,21,1,-1,-1,-1
985,31,851,243,167,146,1,-1,-1,-1
985,33,666,244,49,36,1,-1,-1,-1
985,34,471,302,37,44,1,-1,-1,-1
985,35,487,169,21,21,1,-1,-1,-1
985,36,765,341,70,48,1,-1,-1,-1
985,37,868,437,110,83,1,-1,-1,-1
985,38,463,138,19,13,1,-1,-1,-1
986,1,701,181,30,17,1,-1,-1,-1
986,5,808,206,42,30,1,-1,-1,-1
986,11,727,177,74,57,1,-1,-1,-1
986,19,795,241,53,28,1,-1,-1,-1
986,29,355,387,47,86,1,-1,-1,-1
986,30,607,192,31,21,1,-1,-1,-1
986,31,849,244,174,151,1,-1,-1,-1
986,33,666,244,48,36,1,-1,-1,-1
986,34,471,304,37,44,1,-1,-1,-1
986,35,488,169,20,21,1,-1,-1,-1
986,36,764,339,70,48,1,-1,-1,-1
986,37,869,437,105,80,1,-1,-1,-1
986,38,464,136,19,13,1,-1,-1,-1
987,1,701,181,30,17,1,-1,-1,-1
987,5,809,206,42,30,1,-1,-1,-1
987,11,727,177,74,57,1,-1,-1,-1
987,19,795,241,53,28,1,-1,-1,-1
987,29,351,389,49,92,1,-1,-1,-1
987,30,606,190,31,21,1,-1,-1,-1
987,31,851,244,171,156,1,-1,-1,-1
987,33,664,243,48,36,1,-1,-1,-1
987,34,471,306,37,44,1,-1,-1,-1
987,35,488,169,20,21,1,-1,-1,-1
987,36,761,339,70,48,1,-1,-1,-1
987,37,864,436,104,80,1,-1,-1,-1
987,38,467,138,19,13,1,-1,-1,-1
988,1,701,181,30,17,1,-1,-1,-1
988,5,809,206,40,30,1,-1,-1,-1
988,11,727,177,74,57,1,-1,-1,-1
988,19,795,241,53,28,1,-1,-1,-1
988,29,348,391,50,94,1,-1,-1,-1
988,30,604,190,31,21,1,-1,-1,-1
988,31,850,241,173,156,1,-1,-1,-1
988,33,664,244,44,34,1,-1,-1,-1
988,34,471,310,40,46,1,-1,-1,-1
988,35,488,169,20,21,1,-1,-1,-1
988,36,758,337,70,48,1,-1,-1,-1
988,37,860,433,104,79,1,-1,-1,-1
988,38,466,138,19,13,1,-1,-1,-1
989,1,702,181,30,17,1,-1,-1,-1
989,5,809,206,40,30,1,-1,-1,-1
989,11,727,177,74,57,1,-1,-1,-1
989,19,795,241,53,28,1,-1,-1,-1
989,29,347,395,52,96,1,-1,-1,-1
989,30,604,190,31,21,1,-1,-1,-1
989,31,850,244,173,157,1,-1,-1,-1
989,33,664,244,44,34,1,-1,-1,-1
989,34,470,310,40,48,1,-1,-1,-1
989,35,488,169,20,21,1,-1,-1,-1
989,36,757,337,70,48,1,-1,-1,-1
989,37,856,433,104,79,1,-1,-1,-1
989,38,467,138,19,13,1,-1,-1,-1
990,1,702,181,30,17,1,-1,-1,-1
990,5,808,206,40,30,1,-1,-1,-1
990,11,727,177,74,57,1,-1,-1,-1
990,19,794,241,53,28,1,-1,-1,-1
990,28,551,137,24,16,1,-1,-1,-1
990,29,344,397,53,98,1,-1,-1,-1
990,30,604,189,31,21,1,-1,-1,-1
990,31,852,246,170,160,1,-1,-1,-1
990,33,662,241,43,32,1,-1,-1,-1
990,34,471,314,41,48,1,-1,-1,-1
990,35,488,171,20,21,1,-1,-1,-1
990,36,754,335,70,48,1,-1,-1,-1
990,37,852,430,104,79,1,-1,-1,-1
990,38,467,138,19,13,1,-1,-1,-1
991,1,701,181,30,17,1,-1,-1,-1
991,5,809,208,44,28,1,-1,-1,-1
991,11,727,177,74,57,1,-1,-1,-1
991,19,795,241,53,28,1,-1,-1,-1
991,28,551,136,23,15,1,-1,-1,-1
991,29,343,401,54,100,1,-1,-1,-1
991,30,603,189,31,21,1,-1,-1,-1
991,31,851,246,171,159,1,-1,-1,-1
991,33,659,241,44,34,1,-1,-1,-1
991,34,470,316,43,50,1,-1,-1,-1
991,35,489,171,20,21,1,-1,-1,-1
991,36,753,333,70,46,1,-1,-1,-1
991,37,848,426,104,79,1,-1,-1,-1
991,38,467,138,19,13,1,-1,-1,-1
992,1,701,181,30,17,1,-1,-1,-1
992,5,809,208,44,28,1,-1,-1,-1
992,11,727,177,74,57,1,-1,-1,-1
992,19,795,241,53,28,1,-1,-1,-1
992,28,551,136,23,15,1,-1,-1,-1
992,29,342,406,54,100,1,-1,-1,-1
992,30,603,187,31,21,1,-1,-1,-1
992,31,852,244,169,152,1,-1,-1,-1
992,33,659,239,44,34,1,-1,-1,-1
992,34,470,318,44,52,1,-1,-1,-1
992,35,489,173,20,21,1,-1,-1,-1
992,36,749,333,70,46,1,-1,-1,-1
992,37,845,424,104,79,1,-1,-1,-1
992,38,468,138,19,13,1,-1,-1,-1
993,1,702,181,30,17,1,-1,-1,-1
993,5,809,208,44,28,1,-1,-1,-1
993,11,727,177,74,57,1,-1,-1,-1
993,19,795,241,53,28,1,-1,-1,-1
993,28,552,136,23,15,1,-1,-1,-1
993,29,339,408,57,104,1,-1,-1,-1
993,30,603,187,31,21,1,-1,-1,-1
993,31,851,244,171,154,1,-1,-1,-1
993,33,658,239,45,34,1,-1,-1,-1
993,34,470,322,44,52,1,-1,-1,-1
993,35,489,171,20,21,1,-1,-1,-1
993,36,748,331,70,48,1,-1,-1,-1
993,37,841,424,105,82,1,-1,-1,-1
993,38,468,140,19,13,1,-1,-1,-1
994,1,702,181,30,17,1,-1,-1,-1
994,5,809,208,44,28,1,-1,-1,-1
994,11,727,177,74,57,1,-1,-1,-1
994,19,794,243,52,28,1,-1,-1,-1
994,28,552,136,23,15,1,-1,-1,-1
994,29,335,412,57,106,1,-1,-1,-1
994,30,603,187,31,21,1,-1,-1,-1
994,31,846,240,175,155,1,-1,-1,-1
994,33,654,235,48,36,1,-1,-1,-1
994,34,470,325,44,52,1,-1,-1,-1
994,35,489,171,20,21,1,-1,-1,-1
994,36,745,329,70,48,1,-1,-1,-1
994,37,837,422,104,79,1,-1,-1,-1
994,38,468,140,19,13,1,-1,-1,-1
995,1,702,181,30,17,1,-1,-1,-1
995,5,809,208,44,28,1,-1,-1,-1
995,11,730,177,70,55,1,-1,-1,-1
995,19,794,241,52,28,1,-1,-1,-1
995,28,551,136,23,15,1,-1,-1,-1
995,29,334,418,57,106,1,-1,-1,-1
995,30,600,185,31,21,1,-1,-1,-1
995,31,845,239,175,154,1,-1,-1,-1
995,33,654,235,47,36,1,-1,-1,-1
995,34,468,327,45,54,1,-1,-1,-1
995,35,491,173,20,21,1,-1,-1,-1
995,36,743,327,70,48,1,-1,-1,-1
995,37,833,418,104,79,1,-1,-1,-1
995,38,470,140,19,13,1,-1,-1,-1
996,1,702,181,30,17,1,-1,-1,-1
996,5,809,208,44,28,1,-1,-1,-1
996,11,727,177,74,57,1,-1,-1,-1
996,19,792,241,53,28,1,-1,-1,-1
996,28,551,135,23,15,1,-1,-1,-1
996,29,330,422,58,108,1,-1,-1,-1
996,30,602,185,31,21,1,-1,-1,-1
996,31,845,239,175,154,1,-1,-1,-1
996,33,655,237,43,33,1,-1,-1,-1
996,34,467,331,48,55,1,-1,-1,-1
996,35,492,173,20,21,1,-1,-1,-1
996,36,740,327,70,46,1,-1,-1,-1
996,37,829,416,104,79,1,-1,-1,-1
996,38,471,142,19,13,1,-1,-1,-1
997,1,702,181,30,17,1,-1,-1,-1
997,5,809,210,44,28,1,-1,-1,-1
997,11,727,177,75,59,1,-1,-1,-1
997,19,794,241,52,28,1,-1,-1,-1
997,28,551,133,23,15,1,-1,-1,-1
997,29,330,428,58,108,1,-1,-1,-1
997,30,599,185,31,21,1,-1,-1,-1
997,31,843,239,179,156,1,-1,-1,-1
997,33,654,237,43,33,1,-1,-1,-1
997,34,467,333,48,55,1,-1,-1,-1
997,35,491,173,20,21,1,-1,-1,-1
997,36,741,327,65,48,1,-1,-1,-1
997,37,828,416,100,77,1,-1,-1,-1
997,38,470,141,19,13,1,-1,-1,-1
998,1,701,181,31,17,1,-1,-1,-1
998,5,809,210,44,28,1,-1,-1,-1
998,11,727,177,78,59,1,-1,-1,-1
998,19,792,241,52,28,1,-1,-1,-1
998,28,551,133,23,15,1,-1,-1,-1
998,29,325,433,60,106,1,-1,-1,-1
998,30,599,183,31,21,1,-1,-1,-1
998,31,845,241,177,157,1,-1,-1,-1
998,33,650,235,44,34,1,-1,-1,-1
998,34,467,335,48,55,1,-1,-1,-1
998,35,490,175,20,21,1,-1,-1,-1
998,36,739,328,66,45,1,-1,-1,-1
998,37,824,416,97,75,1,-1,-1,-1
998,38,471,139,20,16,1,-1,-1,-1
999,1,701,181,31,17,1,-1,-1,-1
999,5,809,210,44,28,1,-1,-1,-1
999,11,727,177,75,59,1,-1,-1,-1
999,19,791,243,52,28,1,-1,-1,-1
999,28,549,133,23,15,1,-1,-1,-1
999,29,322,435,61,104,1,-1,-1,-1
999,30,601,185,28,20,1,-1,-1,-1
999,31,842,239,180,160,1,-1,-1,-1
999,33,649,233,44,34,1,-1,-1,-1
999,34,467,341,47,55,1,-1,-1,-1
999,35,489,174,22,22,1,-1,-1,-1
999,36,731,322,71,48,1,-1,-1,-1
999,37,821,412,94,71,1,-1,-1,-1
999,38,470,139,20,15,1,-1,-1,-1
999,39,397,123,15,13,1,-1,-1,-1
1000,1,701,181,31,17,1,-1,-1,-1
1000,5,809,210,44,28,1,-1,-1,-1
1000,11,727,177,74,57,1,-1,-1,-1
1000,19,791,243,52,28,1,-1,-1,-1
1000,28,548,133,23,15,1,-1,-1,-1
1000,29,318,437,65,102,1,-1,-1,-1
1000,30,599,183,28,21,1,-1,-1,-1
1000,31,842,241,181,164,1,-1,-1,-1
1000,33,649,233,44,34,1,-1,-1,-1
1000,34,466,340,49,64,1,-1,-1,-1
1000,35,489,174,22,24,1,-1,-1,-1
1000,36,734,326,60,43,1,-1,-1,-1
1000,37,817,412,96,73,1,-1,-1,-1
1000,38,470,138,19,15,1,-1,-1,-1
1000,39,397,123,14,13,1,-1,-1,-1
1001,1,701,181,30,17,1,-1,-1,-1
1001,5,811,210,44,28,1,-1,-1,-1
1001,11,726,177,74,57,1,-1,-1,-1
1001,19,791,243,52,28,1,-1,-1,-1
1001,28,548,133,23,15,1,-1,-1,-1
1001,29,316,447,64,92,1,-1,-1,-1
1001,30,598,183,29,19,1,-1,-1,-1
1001,31,841,239,182,167,1,-1,-1,-1
1001,33,646,233,45,34,1,-1,-1,-1
1001,34,467,345,47,61,1,-1,-1,-1
1001,35,488,173,22,23,1,-1,-1,-1
1001,36,731,325,60,42,1,-1,-1,-1
1001,37,816,410,90,71,1,-1,-1,-1
1001,38,470,140,19,15,1,-1,-1,-1
1001,39,397,123,14,13,1,-1,-1,-1
1002,1,701,181,30,17,1,-1,-1,-1
1002,5,809,210,44,28,1,-1,-1,-1
1002,11,726,177,74,57,1,-1,-1,-1
1002,19,790,243,52,28,1,-1,-1,-1
1002,28,548,133,23,15,1,-1,-1,-1
1002,29,313,453,64,86,1,-1,-1,-1
1002,30,598,183,28,20,1,-1,-1,-1
1002,31,841,241,182,165,1,-1,-1,-1
1002,33,646,231,42,34,1,-1,-1,-1
1002,34,464,349,49,63,1,-1,-1,-1
1002,35,488,175,22,23,1,-1,-1,-1
1002,36,730,325,60,42,1,-1,-1,-1
1002,37,811,406,94,71,1,-1,-1,-1
1002,38,470,140,19,15,1,-1,-1,-1
1002,39,395,123,14,13,1,-1,-1,-1
1003,1,701,181,28,17,1,-1,-1,-1
1003,5,809,210,44,28,1,-1,-1,-1
1003,11,726,177,74,57,1,-1,-1,-1
1003,19,788,243,52,28,1,-1,-1,-1
1003,28,548,133,23,15,1,-1,-1,-1
1003,29,313,458,58,81,1,-1,-1,-1
1003,30,598,183,27,19,1,-1,-1,-1
1003,31,841,241,181,163,1,-1,-1,-1
1003,33,646,230,40,35,1,-1,-1,-1
1003,34,466,352,48,63,1,-1,-1,-1
1003,35,489,175,22,23,1,-1,-1,-1
1003,36,726,322,64,46,1,-1,-1,-1
1003,37,811,406,86,68,1,-1,-1,-1
1003,38,471,140,19,15,1,-1,-1,-1
1003,39,397,123,14,13,1,-1,-1,-1
1004,1,701,181,27,15,1,-1,-1,-1
1004,5,809,210,44,28,1,-1,-1,-1
1004,11,726,179,74,57,1,-1,-1,-1
1004,19,790,242,48,28,1,-1,-1,-1
1004,28,548,133,23,15,1,-1,-1,-1
1004,29,310,462,57,77,1,-1,-1,-1
1004,30,598,183,27,19,1,-1,-1,-1
1004,31,842,242,181,165,1,-1,-1,-1
1004,33,644,230,42,34,1,-1,-1,-1
1004,34,466,358,45,59,1,-1,-1,-1
1004,35,489,175,22,23,1,-1,-1,-1
1004,36,728,323,58,43,1,-1,-1,-1
1004,37,803,403,96,73,1,-1,-1,-1
1004,38,471,140,19,15,1,-1,-1,-1
1004,39,395,123,14,13,1,-1,-1,-1
1005,1,701,181,27,15,1,-1,-1,-1
1005,5,811,210,44,28,1,-1,-1,-1
1005,11,726,179,71,55,1,-1,-1,-1
1005,19,787,243,52,28,1,-1,-1,-1
1005,28,548,131,23,15,1,-1,-1,-1
1005,29,308,470,57,69,1,-1,-1,-1
1005,30,596,183,27,19,1,-1,-1,-1
1005,31,841,243,181,166,1,-1,-1,-1
1005,33,643,229,41,36,1,-1,-1,-1
1005,34,463,362,45,59,1,-1,-1,-1
1005,35,488,175,22,23,1,-1,-1,-1
1005,36,722,320,64,46,1,-1,-1,-1
1005,37,804,401,83,71,1,-1,-1,-1
1005,38,471,140,19,15,1,-1,-1,-1
1005,39,397,123,14,13,1,-1,-1,-1
1006,1,702,181,26,15,1,-1,-1,-1
1006,5,811,212,44,28,1,-1,-1,-1
1006,11,726,179,70,55,1,-1,-1,-1
1006,19,787,243,53,28,1,-1,-1,-1
1006,28,548,131,23,15,1,-1,-1,-1
1006,29,304,474,58,65,1,-1,-1,-1
1006,30,596,181,27,19,1,-1,-1,-1
1006,31,838,241,182,170,1,-1,-1,-1
1006,33,643,227,40,34,1,-1,-1,-1
1006,34,462,364,49,63,1,-1,-1,-1
1006,35,488,175,22,23,1,-1,-1,-1
1006,36,718,318,65,46,1,-1,-1,-1
1006,37,801,399,80,69,1,-1,-1,-1
1006,38,471,140,19,15,1,-1,-1,-1
1006,39,395,123,14,13,1,-1,-1,-1
1007,1,702,181,27,15,1,-1,-1,-1
1007,5,811,212,44,28,1,-1,-1,-1
1007,11,724,179,71,55,1,-1,-1,-1
1007,19,786,243,53,28,1,-1,-1,-1
1007,28,547,131,23,15,1,-1,-1,-1
1007,29,300,480,60,59,1,-1,-1,-1
1007,30,595,179,28,19,1,-1,-1,-1
1007,31,838,241,184,173,1,-1,-1,-1
1007,33,642,225,40,34,1,-1,-1,-1
1007,34,461,366,53,69,1,-1,-1,-1
1007,35,489,177,22,23,1,-1,-1,-1
1007,36,717,318,65,46,1,-1,-1,-1
1007,37,798,397,83,71,1,-1,-1,-1
1007,38,471,140,19,15,1,-1,-1,-1
1007,39,397,125,14,13,1,-1,-1,-1
1008,1,701,181,27,15,1,-1,-1,-1
1008,5,811,212,44,28,1,-1,-1,-1
1008,11,724,179,71,55,1,-1,-1,-1
1008,19,786,243,53,28,1,-1,-1,-1
1008,28,548,129,23,15,1,-1,-1,-1
1008,29,299,486,58,53,1,-1,-1,-1
1008,30,595,181,27,19,1,-1,-1,-1
1008,31,839,244,183,164,1,-1,-1,-1
1008,33,641,225,41,36,1,-1,-1,-1
1008,34,458,370,53,71,1,-1,-1,-1
1008,35,488,177,22,23,1,-1,-1,-1
1008,36,714,316,65,46,1,-1,-1,-1
1008,37,795,395,79,67,1,-1,-1,-1
1008,38,471,142,19,15,1,-1,-1,-1
1008,39,397,125,14,13,1,-1,-1,-1
1009,1,701,181,27,15,1,-1,-1,-1
1009,5,811,212,44,28,1,-1,-1,-1
1009,11,723,177,74,57,1,-1,-1,-1
1009,19,787,243,53,28,1,-1,-1,-1
1009,28,547,131,23,15,1,-1,-1,-1
1009,29,295,491,57,48,1,-1,-1,-1
1009,30,594,179,28,19,1,-1,-1,-1
1009,31,838,244,183,166,1,-1,-1,-1
1009,33,641,225,40,34,1,-1,-1,-1
1009,34,458,374,53,71,1,-1,-1,-1
1009,35,488,177,22,23,1,-1,-1,-1
1009,36,714,316,61,44,1,-1,-1,-1
1009,37,790,393,80,69,1,-1,-1,-1
1009,38,471,144,19,15,1,-1,-1,-1
1009,39,397,125,14,13,1,-1,-1,-1
1010,1,701,183,27,15,1,-1,-1,-1
1010,5,811,212,44,28,1,-1,-1,-1
1010,11,724,179,74,57,1,-1,-1,-1
1010,19,787,244,52,28,1,-1,-1,-1
1010,28,548,129,23,15,1,-1,-1,-1
1010,29,292,495,57,44,1,-1,-1,-1
1010,30,594,179,27,19,1,-1,-1,-1
1010,31,839,244,180,163,1,-1,-1,-1
1010,33,638,223,41,36,1,-1,-1,-1
1010,34,458,381,53,71,1,-1,-1,-1
1010,35,489,179,22,23,1,-1,-1,-1
1010,36,711,314,60,42,1,-1,-1,-1
1010,37,787,393,80,69,1,-1,-1,-1
1010,38,473,144,19,15,1,-1,-1,-1
1010,39,397,125,14,13,1,-1,-1,-1
1011,1,701,183,27,15,1,-1,-1,-1
1011,5,811,212,44,28,1,-1,-1,-1
1011,11,724,179,74,57,1,-1,-1,-1
1011,19,786,244,48,28,1,-1,-1,-1
1011,28,547,129,23,15,1,-1,-1,-1
1011,29,288,497,57,42,1,-1,-1,-1
1011,30,594,179,27,19,1,-1,-1,-1
1011,31,838,243,185,169,1,-1,-1,-1
1011,33,637,223,41,36,1,-1,-1,-1
1011,34,457,385,56,73,1,-1,-1,-1
1011,35,489,179,22,23,1,-1,-1,-1
1011,36,710,314,61,44,1,-1,-1,-1
1011,37,786,391,78,67,1,-1,-1,-1
1011,38,473,144,19,15,1,-1,-1,-1
1011,39,397,125,14,13,1,-1,-1,-1
1012,1,701,181,27,15,1,-1,-1,-1
1012,5,811,212,44,28,1,-1,-1,-1
1012,11,724,179,74,57,1,-1,-1,-1
1012,19,786,244,48,28,1,-1,-1,-1
1012,28,547,132,23,15,1,-1,-1,-1
1012,29,286,502,57,37,1,-1,-1,-1
1012,30,594,179,27,19,1,-1,-1,-1
1012,31,838,244,183,164,1,-1,-1,-1
1012,33,637,225,41,34,1,-1,-1,-1
1012,34,455,389,54,71,1,-1,-1,-1
1012,35,489,179,22,23,1,-1,-1,-1
1012,36,711,314,57,43,1,-1,-1,-1
1012,37,782,389,77,65,1,-1,-1,-1
1012,38,472,142,19,15,1,-1,-1,-1
1012,39,397,125,14,13,1,-1,-1,-1
1013,1,701,183,27,15,1,-1,-1,-1
1013,5,811,214,44,28,1,-1,-1,-1
1013,11,723,179,74,58,1,-1,-1,-1
1013,19,786,244,48,28,1,-1,-1,-1
1013,28,547,132,23,15,1,-1,-1,-1
1013,29,282,505,57,34,1,-1,-1,-1
1013,30,592,177,27,19,1,-1,-1,-1
1013,31,835,244,187,172,1,-1,-1,-1
1013,33,637,223,41,34,1,-1,-1,-1
1013,34,455,395,56,73,1,-1,-1,-1
1013,35,489,179,22,23,1,-1,-1,-1
1013,36,709,313,55,41,1,-1,-1,-1
1013,37,778,387,78,67,1,-1,-1,-1
1013,38,474,145,19,15,1,-1,-1,-1
1013,39,397,125,14,13,1,-1,-1,-1
1014,1,701,183,27,15,1,-1,-1,-1
1014,5,811,214,44,28,1,-1,-1,-1
1014,11,723,179,73,57,1,-1,-1,-1
1014,19,784,244,49,28,1,-1,-1,-1
1014,28,548,132,23,15,1,-1,-1,-1
1014,30,592,177,27,19,1,-1,-1,-1
1014,31,834,244,186,171,1,-1,-1,-1
1014,33,636,223,43,36,1,-1,-1,-1
1014,34,454,399,57,75,1,-1,-1,-1
1014,35,489,181,22,23,1,-1,-1,-1
1014,36,706,312,54,40,1,-1,-1,-1
1014,37,777,388,77,64,1,-1,-1,-1
1014,38,474,144,19,15,1,-1,-1,-1
1014,39,398,125,14,13,1,-1,-1,-1
1015,1,701,183,27,15,1,-1,-1,-1
1015,5,811,214,44,28,1,-1,-1,-1
1015,11,724,181,70,55,1,-1,-1,-1
1015,19,783,244,49,28,1,-1,-1,-1
1015,28,549,132,22,15,1,-1,-1,-1
1015,30,591,177,27,19,1,-1,-1,-1
1015,31,834,244,186,171,1,-1,-1,-1
1015,33,633,219,41,36,1,-1,-1,-1
1015,34,453,403,58,75,1,-1,-1,-1
1015,35,488,181,22,23,1,-1,-1,-1
1015,36,706,312,54,40,1,-1,-1,-1
1015,37,774,385,77,65,1,-1,-1,-1
1015,38,474,144,19,15,1,-1,-1,-1
1015,39,398,125,14,13,1,-1,-1,-1
1016,1,701,183,27,15,1,-1,-1,-1
1016,5,812,214,44,28,1,-1,-1,-1
1016,11,724,181,67,54,1,-1,-1,-1
1016,19,783,244,49,28,1,-1,-1,-1
1016,28,549,131,22,13,1,-1,-1,-1
1016,30,592,177,27,19,1,-1,-1,-1
1016,31,836,243,187,173,1,-1,-1,-1
1016,33,633,221,40,34,1,-1,-1,-1
1016,34,451,410,60,77,1,-1,-1,-1
1016,35,488,181,22,23,1,-1,-1,-1
1016,36,707,312,50,37,1,-1,-1,-1
1016,37,770,383,77,65,1,-1,-1,-1
1016,38,475,144,19,15,1,-1,-1,-1
1016,39,397,125,14,13,1,-1,-1,-1
1017,1,701,183,27,15,1,-1,-1,-1
1017,5,812,214,44,28,1,-1,-1,-1
1017,11,723,179,73,57,1,-1,-1,-1
1017,19,783,244,49,28,1,-1,-1,-1
1017,28,549,130,20,13,1,-1,-1,-1
1017,30,591,177,27,19,1,-1,-1,-1
1017,31,834,244,187,171,1,-1,-1,-1
1017,33,630,217,41,34,1,-1,-1,-1
1017,34,457,410,51,87,1,-1,-1,-1
1017,35,489,183,22,23,1,-1,-1,-1
1017,36,704,310,52,39,1,-1,-1,-1
1017,37,768,383,77,65,1,-1,-1,-1
1017,38,475,144,19,15,1,-1,-1,-1
1017,39,398,125,14,13,1,-1,-1,-1
1018,1,702,183,26,15,1,-1,-1,-1
1018,5,812,216,44,28,1,-1,-1,-1
1018,11,723,179,73,57,1,-1,-1,-1
1018,19,783,246,48,28,1,-1,-1,-1
1018,28,550,131,22,14,1,-1,-1,-1
1018,30,590,177,27,19,1,-1,-1,-1
1018,31,834,246,189,172,1,-1,-1,-1
1018,33,629,222,37,28,1,-1,-1,-1
1018,34,457,416,50,86,1,-1,-1,-1
1018,35,489,183,22,23,1,-1,-1,-1
1018,36,703,311,50,37,1,-1,-1,-1
1018,37,762,379,80,69,1,-1,-1,-1
1018,38,475,146,19,15,1,-1,-1,-1
1018,39,398,127,14,13,1,-1,-1,-1
1019,1,702,183,27,15,1,-1,-1,-1
1019,5,812,216,44,28,1,-1,-1,-1
1019,11,723,181,70,55,1,-1,-1,-1
1019,19,783,246,48,28,1,-1,-1,-1
1019,28,549,131,22,13,1,-1,-1,-1
1019,30,592,175,28,19,1,-1,-1,-1
1019,31,834,246,188,167,1,-1,-1,-1
1019,33,630,220,36,27,1,-1,-1,-1
1019,34,455,422,52,88,1,-1,-1,-1
1019,35,489,183,22,23,1,-1,-1,-1
1019,36,703,310,50,37,1,-1,-1,-1
1019,37,761,379,79,67,1,-1,-1,-1
1019,38,476,144,19,15,1,-1,-1,-1
1019,39,398,127,14,13,1,-1,-1,-1
1020,1,701,183,27,15,1,-1,-1,-1
1020,5,813,216,44,28,1,-1,-1,-1
1020,11,724,181,67,54,1,-1,-1,-1
1020,19,783,246,49,28,1,-1,-1,-1
1020,28,551,131,22,13,1,-1,-1,-1
1020,30,590,173,27,19,1,-1,-1,-1
1020,31,835,246,187,170,1,-1,-1,-1
1020,33,629,219,36,27,1,-1,-1,-1
1020,34,454,426,53,90,1,-1,-1,-1
1020,35,489,185,22,23,1,-1,-1,-1
1020,36,699,308,51,38,1,-1,-1,-1
1020,37,760,379,77,65,1,-1,-1,-1
1020,38,476,146,19,15,1,-1,-1,-1
1020,39,398,125,14,13,1,-1,-1,-1
1021,1,701,183,27,15,1,-1,-1,-1
1021,5,812,216,44,28,1,-1,-1,-1
1021,11,724,181,67,54,1,-1,-1,-1
1021,19,783,246,49,28,1,-1,-1,-1
1021,28,551,131,22,13,1,-1,-1,-1
1021,30,591,173,28,19,1,-1,-1,-1
1021,31,834,246,187,167,1,-1,-1,-1
1021,33,629,219,36,28,1,-1,-1,-1
1021,34,453,433,54,94,1,-1,-1,-1
1021,35,491,185,22,23,1,-1,-1,-1
1021,36,700,308,50,38,1,-1,-1,-1
1021,37,757,376,78,67,1,-1,-1,-1
1021,38,478,146,19,15,1,-1,-1,-1
1021,39,398,127,14,13,1,-1,-1,-1
1022,1,701,183,27,15,1,-1,-1,-1
1022,5,813,216,44,28,1,-1,-1,-1
1022,11,723,181,70,55,1,-1,-1,-1
1022,19,782,246,49,28,1,-1,-1,-1
1022,28,552,131,22,13,1,-1,-1,-1
1022,30,587,173,28,19,1,-1,-1,-1
1022,31,833,245,190,165,1,-1,-1,-1
1022,33,628,217,36,28,1,-1,-1,-1
1022,34,451,439,54,94,1,-1,-1,-1
1022,35,491,185,22,23,1,-1,-1,-1
1022,36,697,306,49,38,1,-1,-1,-1
1022,37,755,377,74,62,1,-1,-1,-1
1022,38,478,146,19,15,1,-1,-1,-1
1022,39,399,127,14,13,1,-1,-1,-1
1023,1,702,183,27,15,1,-1,-1,-1
1023,5,813,217,44,28,1,-1,-1,-1
1023,11,723,181,70,55,1,-1,-1,-1
1023,19,782,246,50,30,1,-1,-1,-1
1023,28,552,129,22,13,1,-1,-1,-1
1023,30,591,173,27,19,1,-1,-1,-1
1023,31,834,246,187,168,1,-1,-1,-1
1023,33,626,217,36,27,1,-1,-1,-1
1023,34,451,449,53,90,1,-1,-1,-1
1023,35,491,187,22,23,1,-1,-1,-1
1023,36,695,305,51,38,1,-1,-1,-1
1023,37,753,376,70,59,1,-1,-1,-1
1023,38,478,146,19,15,1,-1,-1,-1
1023,39,399,127,14,13,1,-1,-1,-1
1024,1,701,183,27,15,1,-1,-1,-1
1024,5,813,217,44,28,1,-1,-1,-1
1024,11,723,179,70,55,1,-1,-1,-1
1024,19,782,246,50,30,1,-1,-1,-1
1024,28,552,129,22,13,1,-1,-1,-1
1024,30,589,173,27,19,1,-1,-1,-1
1024,31,834,246,189,170,1,-1,-1,-1
1024,33,626,217,36,27,1,-1,-1,-1
1024,34,449,455,53,84,1,-1,-1,-1
1024,35,491,187,22,23,1,-1,-1,-1
1024,36,694,306,50,37,1,-1,-1,-1
1024,37,751,374,74,61,1,-1,-1,-1
1024,38,478,148,19,15,1,-1,-1,-1
1024,39,400,127,14,13,1,-1,-1,-1
1025,1,702,183,27,15,1,-1,-1,-1
1025,5,815,217,44,28,1,-1,-1,-1
1025,11,724,181,70,55,1,-1,-1,-1
1025,19,781,244,53,30,1,-1,-1,-1
1025,28,552,129,22,13,1,-1,-1,-1
1025,30,590,173,27,19,1,-1,-1,-1
1025,31,835,248,187,169,1,-1,-1,-1
1025,33,625,216,36,27,1,-1,-1,-1
1025,34,449,464,52,75,1,-1,-1,-1
1025,35,492,189,22,23,1,-1,-1,-1
1025,36,695,306,47,35,1,-1,-1,-1
1025,37,748,374,73,61,1,-1,-1,-1
1025,38,479,148,19,15,1,-1,-1,-1
1025,39,400,127,14,13,1,-1,-1,-1
1026,1,702,183,27,15,1,-1,-1,-1
1026,5,815,217,44,28,1,-1,-1,-1
1026,11,723,181,73,57,1,-1,-1,-1
1026,19,781,246,52,30,1,-1,-1,-1
1026,28,552,129,22,13,1,-1,-1,-1
1026,30,590,173,27,19,1,-1,-1,-1
1026,31,832,247,191,168,1,-1,-1,-1
1026,33,625,214,36,27,1,-1,-1,-1
1026,34,445,470,53,69,1,-1,-1,-1
1026,35,492,189,22,23,1,-1,-1,-1
1026,36,693,304,49,38,1,-1,-1,-1
1026,37,744,372,74,63,1,-1,-1,-1
1026,38,480,148,19,15,1,-1,-1,-1
1026,39,399,129,14,13,1,-1,-1,-1
1027,1,704,183,27,15,1,-1,-1,-1
1027,5,815,217,44,28,1,-1,-1,-1
1027,11,723,179,74,57,1,-1,-1,-1
1027,19,782,246,49,28,1,-1,-1,-1
1027,28,552,129,22,13,1,-1,-1,-1
1027,30,589,171,27,19,1,-1,-1,-1
1027,31,834,248,188,170,1,-1,-1,-1
1027,33,625,214,36,27,1,-1,-1,-1
1027,34,445,474,56,65,1,-1,-1,-1
1027,35,492,190,22,23,1,-1,-1,-1
1027,36,689,301,49,38,1,-1,-1,-1
1027,37,743,370,74,61,1,-1,-1,-1
1027,38,480,148,19,15,1,-1,-1,-1
1027,39,400,127,14,13,1,-1,-1,-1
1028,1,704,183,27,15,1,-1,-1,-1
1028,5,816,219,44,28,1,-1,-1,-1
1028,11,722,179,74,59,1,-1,-1,-1
1028,19,782,246,49,28,1,-1,-1,-1
1028,28,552,129,22,13,1,-1,-1,-1
1028,30,590,171,28,19,1,-1,-1,-1
1028,31,834,246,188,171,1,-1,-1,-1
1028,33,624,214,36,27,1,-1,-1,-1
1028,34,442,480,56,59,1,-1,-1,-1
1028,35,492,190,22,23,1,-1,-1,-1
1028,36,687,300,49,38,1,-1,-1,-1
1028,37,740,370,74,61,1,-1,-1,-1
1028,38,480,148,21,19,1,-1,-1,-1
1028,39,400,127,14,13,1,-1,-1,-1
1029,1,702,185,27,15,1,-1,-1,-1
1029,5,816,219,44,28,1,-1,-1,-1
1029,11,723,181,70,57,1,-1,-1,-1
1029,19,782,246,48,28,1,-1,-1,-1
1029,28,552,129,22,13,1,-1,-1,-1
1029,30,587,169,27,19,1,-1,-1,-1
1029,31,834,246,188,171,1,-1,-1,-1
1029,33,623,214,36,28,1,-1,-1,-1
1029,34,441,487,58,52,1,-1,-1,-1
1029,35,492,190,21,25,1,-1,-1,-1
1029,36,685,300,49,38,1,-1,-1,-1
1029,37,739,368,70,59,1,-1,-1,-1
1029,38,480,148,20,19,1,-1,-1,-1
1030,1,704,183,27,15,1,-1,-1,-1
1030,5,816,219,44,28,1,-1,-1,-1
1030,11,724,181,70,55,1,-1,-1,-1
1030,19,782,248,47,27,1,-1,-1,-1
1030,28,552,127,22,13,1,-1,-1,-1
1030,30,589,171,27,19,1,-1,-1,-1
1030,31,827,246,194,171,1,-1,-1,-1
1030,33,620,212,36,28,1,-1,-1,-1
1030,34,437,489,57,50,1,-1,-1,-1
1030,35,492,190,20,25,1,-1,-1,-1
1030,36,684,300,48,36,1,-1,-1,-1
1030,37,736,368,70,57,1,-1,-1,-1
1030,38,480,148,20,19,1,-1,-1,-1
1031,1,702,185,27,15,1,-1,-1,-1
1031,5,816,219,44,28,1,-1,-1,-1
1031,8,786,190,26,32,1,-1,-1,-1
1031,11,723,183,70,55,1,-1,-1,-1
1031,19,781,248,48,28,1,-1,-1,-1
1031,30,590,171,22,16,1,-1,-1,-1
1031,31,830,246,193,169,1,-1,-1,-1
1031,33,620,212,36,28,1,-1,-1,-1
1031,34,434,498,52,41,1,-1,-1,-1
1031,35,491,190,26,28,1,-1,-1,-1
1031,36,681,298,45,36,1,-1,-1,-1
1031,37,732,366,70,57,1,-1,-1,-1
1031,38,480,148,20,19,1,-1,-1,-1
1032,1,702,183,27,15,1,-1,-1,-1
1032,5,815,219,44,28,1,-1,-1,-1
1032,8,786,190,24,30,1,-1,-1,-1
1032,11,722,181,73,57,1,-1,-1,-1
1032,19,781,248,49,28,1,-1,-1,-1
1032,30,590,171,22,15,1,-1,-1,-1
1032,31,829,248,192,168,1,-1,-1,-1
1032,33,620,212,36,28,1,-1,-1,-1
1032,34,436,508,49,31,1,-1,-1,-1
1032,35,491,190,26,28,1,-1,-1,-1
1032,36,680,297,48,36,1,-1,-1,-1
1032,37,735,364,63,59,1,-1,-1,-1
1032,38,480,150,20,19,1,-1,-1,-1
1033,1,702,185,27,15,1,-1,-1,-1
1033,5,816,219,44,28,1,-1,-1,-1
1033,8,787,190,26,32,1,-1,-1,-1
1033,11,722,181,74,57,1,-1,-1,-1
1033,19,779,248,49,28,1,-1,-1,-1
1033,30,590,171,22,15,1,-1,-1,-1
1033,31,828,246,194,168,1,-1,-1,-1
1033,33,619,212,36,27,1,-1,-1,-1
1033,35,491,192,26,28,1,-1,-1,-1
1033,36,677,295,49,38,1,-1,-1,-1
1033,37,732,362,65,60,1,-1,-1,-1
1033,38,480,150,20,19,1,-1,-1,-1
1034,1,701,185,27,15,1,-1,-1,-1
1034,5,816,219,44,28,1,-1,-1,-1
1034,8,787,190,27,32,1,-1,-1,-1
1034,11,722,181,73,57,1,-1,-1,-1
1034,19,779,248,49,28,1,-1,-1,-1
1034,30,590,171,22,15,1,-1,-1,-1
1034,31,828,248,194,168,1,-1,-1,-1
1034,33,619,210,36,27,1,-1,-1,-1
1034,35,491,192,26,28,1,-1,-1,-1
1034,36,680,297,46,38,1,-1,-1,-1
1034,37,727,362,67,58,1,-1,-1,-1
1034,38,481,150,20,19,1,-1,-1,-1
1035,1,702,185,27,15,1,-1,-1,-1
1035,5,816,221,43,27,1,-1,-1,-1
1035,8,787,192,26,32,1,-1,-1,-1
1035,11,720,181,74,57,1,-1,-1,-1
1035,19,778,248,49,28,1,-1,-1,-1
1035,30,589,169,22,15,1,-1,-1,-1
1035,31,830,245,193,171,1,-1,-1,-1
1035,33,616,210,36,27,1,-1,-1,-1
1035,35,491,194,26,28,1,-1,-1,-1
1035,36,676,295,46,38,1,-1,-1,-1
1035,37,723,360,66,57,1,-1,-1,-1
1035,38,480,150,20,19,1,-1,-1,-1
1036,1,702,185,27,15,1,-1,-1,-1
1036,5,816,221,44,28,1,-1,-1,-1
1036,8,787,192,27,32,1,-1,-1,-1
1036,11,722,181,73,57,1,-1,-1,-1
1036,19,778,248,48,28,1,-1,-1,-1
1036,30,587,169,22,15,1,-1,-1,-1
1036,31,828,246,195,167,1,-1,-1,-1
1036,33,616,210,35,25,1,-1,-1,-1
1036,35,491,194,26,28,1,-1,-1,-1
1036,36,675,294,47,36,1,-1,-1,-1
1036,37,722,360,66,57,1,-1,-1,-1
1036,38,480,152,20,19,1,-1,-1,-1
1037,1,701,185,27,15,1,-1,-1,-1
1037,5,816,221,44,28,1,-1,-1,-1
1037,8,787,190,27,32,1,-1,-1,-1
1037,11,720,181,74,57,1,-1,-1,-1
1037,19,778,248,48,28,1,-1,-1,-1
1037,30,586,169,22,15,1,-1,-1,-1
1037,31,828,246,194,167,1,-1,-1,-1
1037,33,615,208,35,25,1,-1,-1,-1
1037,35,491,194,26,28,1,-1,-1,-1
1037,36,672,293,47,36,1,-1,-1,-1
1037,37,718,358,64,55,1,-1,-1,-1
1037,38,480,152,20,19,1,-1,-1,-1
1037,40,444,133,18,15,1,-1,-1,-1
1038,1,702,185,27,15,1,-1,-1,-1
1038,5,816,221,44,28,1,-1,-1,-1
1038,8,786,190,27,34,1,-1,-1,-1
1038,11,719,181,74,57,1,-1,-1,-1
1038,19,778,248,48,28,1,-1,-1,-1
1038,30,586,169,22,15,1,-1,-1,-1
1038,31,826,244,194,167,1,-1,-1,-1
1038,33,613,208,33,25,1,-1,-1,-1
1038,35,489,194,26,28,1,-1,-1,-1
1038,36,671,291,49,36,1,-1,-1,-1
1038,37,717,356,66,57,1,-1,-1,-1
1038,38,481,152,20,19,1,-1,-1,-1
1038,40,444,133,18,15,1,-1,-1,-1
1039,1,701,185,27,15,1,-1,-1,-1
1039,5,815,223,44,28,1,-1,-1,-1
1039,8,786,190,27,34,1,-1,-1,-1
1039,11,720,183,73,57,1,-1,-1,-1
1039,19,775,248,49,28,1,-1,-1,-1
1039,30,586,167,22,15,1,-1,-1,-1
1039,31,825,246,194,167,1,-1,-1,-1
1039,33,612,206,35,25,1,-1,-1,-1
1039,35,489,196,26,28,1,-1,-1,-1
1039,36,672,291,44,36,1,-1,-1,-1
1039,37,714,356,66,57,1,-1,-1,-1
1039,38,480,152,20,19,1,-1,-1,-1
1039,40,445,133,18,15,1,-1,-1,-1
1040,1,701,185,27,15,1,-1,-1,-1
1040,5,816,223,44,28,1,-1,-1,-1
1040,8,786,190,28,34,1,-1,-1,-1
1040,11,719,181,71,57,1,-1,-1,-1
1040,19,778,248,46,28,1,-1,-1,-1
1040,30,586,167,22,15,1,-1,-1,-1
1040,31,825,246,194,167,1,-1,-1,-1
1040,33,614,208,32,24,1,-1,-1,-1
1040,35,489,198,26,28,1,-1,-1,-1
1040,36,670,291,45,36,1,-1,-1,-1
1040,37,711,354,66,57,1,-1,-1,-1
1040,38,481,152,20,19,1,-1,-1,-1
1040,40,445,133,18,15,1,-1,-1,-1
1041,1,701,185,27,15,1,-1,-1,-1
1041,5,816,223,44,28,1,-1,-1,-1
1041,8,784,192,27,34,1,-1,-1,-1
1041,11,720,183,73,57,1,-1,-1,-1
1041,19,777,248,45,28,1,-1,-1,-1
1041,30,586,167,22,15,1,-1,-1,-1
1041,31,822,244,198,169,1,-1,-1,-1
1041,33,613,208,31,23,1,-1,-1,-1
1041,35,489,198,27,28,1,-1,-1,-1
1041,36,668,289,45,37,1,-1,-1,-1
1041,37,709,354,66,57,1,-1,-1,-1
1041,38,481,154,20,19,1,-1,-1,-1
1041,40,445,133,18,15,1,-1,-1,-1
1042,1,701,185,27,15,1,-1,-1,-1
1042,5,816,223,43,27,1,-1,-1,-1
1042,8,787,192,27,32,1,-1,-1,-1
1042,11,721,181,71,58,1,-1,-1,-1
1042,19,777,248,45,28,1,-1,-1,-1
1042,30,586,167,22,15,1,-1,-1,-1
1042,31,821,244,198,169,1,-1,-1,-1
1042,33,612,206,31,23,1,-1,-1,-1
1042,35,489,198,26,28,1,-1,-1,-1
1042,36,666,289,46,37,1,-1,-1,-1
1042,37,706,352,66,57,1,-1,-1,-1
1042,38,481,154,20,19,1,-1,-1,-1
1042,40,445,133,18,15,1,-1,-1,-1
1043,1,700,183,27,15,1,-1,-1,-1
1043,5,815,223,44,28,1,-1,-1,-1
1043,8,786,192,27,32,1,-1,-1,-1
1043,11,720,181,70,57,1,-1,-1,-1
1043,19,775,248,47,28,1,-1,-1,-1
1043,30,585,165,22,15,1,-1,-1,-1
1043,31,821,244,198,169,1,-1,-1,-1
1043,33,612,206,32,23,1,-1,-1,-1
1043,35,488,200,26,28,1,-1,-1,-1
1043,36,664,287,45,38,1,-1,-1,-1
1043,37,706,352,62,55,1,-1,-1,-1
1043,38,480,154,20,19,1,-1,-1,-1
1043,40,445,135,18,15,1,-1,-1,-1
1044,1,701,185,27,15,1,-1,-1,-1
1044,5,815,223,44,28,1,-1,-1,-1
1044,8,786,192,27,32,1,-1,-1,-1
1044,11,722,181,66,55,1,-1,-1,-1
1044,19,775,248,45,28,1,-1,-1,-1
1044,30,583,165,22,15,1,-1,-1,-1
1044,31,818,246,203,170,1,-1,-1,-1
1044,33,611,206,31,23,1,-1,-1,-1
1044,35,488,200,26,28,1,-1,-1,-1
1044,36,662,287,46,36,1,-1,-1,-1
1044,37,704,349,61,52,1,-1,-1,-1
1044,38,481,156,20,19,1,-1,-1,-1
1044,40,444,135,18,15,1,-1,-1,-1
1045,1,700,185,27,15,1,-1,-1,-1
1045,5,815,223,44,28,1,-1,-1,-1
1045,8,784,192,27,32,1,-1,-1,-1
1045,11,719,181,66,54,1,-1,-1,-1
1045,19,774,248,48,28,1,-1,-1,-1
1045,30,582,165,22,15,1,-1,-1,-1
1045,31,821,246,201,175,1,-1,-1,-1
1045,33,609,204,31,23,1,-1,-1,-1
1045,35,488,202,26,28,1,-1,-1,-1
1045,36,661,287,46,35,1,-1,-1,-1
1045,37,701,351,61,48,1,-1,-1,-1
1045,38,480,154,20,19,1,-1,-1,-1
1045,40,445,135,18,15,1,-1,-1,-1
1046,1,700,185,27,15,1,-1,-1,-1
1046,5,815,225,44,28,1,-1,-1,-1
1046,8,784,194,26,32,1,-1,-1,-1
1046,11,719,181,66,54,1,-1,-1,-1
1046,19,773,248,47,28,1,-1,-1,-1
1046,30,582,165,22,15,1,-1,-1,-1
1046,31,817,246,205,177,1,-1,-1,-1
1046,33,608,204,31,23,1,-1,-1,-1
1046,35,488,202,26,28,1,-1,-1,-1
1046,36,660,286,43,34,1,-1,-1,-1
1046,37,701,348,57,50,1,-1,-1,-1
1046,38,480,156,20,19,1,-1,-1,-1
1046,40,445,136,18,15,1,-1,-1,-1
1047,1,700,185,27,15,1,-1,-1,-1
1047,5,813,225,44,28,1,-1,-1,-1
1047,8,786,194,26,32,1,-1,-1,-1
1047,11,718,181,67,55,1,-1,-1,-1
1047,19,771,248,49,30,1,-1,-1,-1
1047,30,582,165,22,15,1,-1,-1,-1
1047,31,817,246,205,170,1,-1,-1,-1
1047,33,608,204,31,23,1,-1,-1,-1
1047,35,488,202,27,28,1,-1,-1,-1
1047,36,658,285,42,35,1,-1,-1,-1
1047,37,698,347,58,52,1,-1,-1,-1
1047,38,480,156,20,19,1,-1,-1,-1
1047,40,445,136,18,15,1,-1,-1,-1
1048,1,698,185,27,15,1,-1,-1,-1
1048,5,813,225,44,28,1,-1,-1,-1
1048,8,786,194,26,32,1,-1,-1,-1
1048,11,718,181,67,55,1,-1,-1,-1
1048,19,770,248,49,30,1,-1,-1,-1
1048,30,582,163,22,15,1,-1,-1,-1
1048,31,818,248,204,173,1,-1,-1,-1
1048,33,607,204,31,23,1,-1,-1,-1
1048,35,487,204,26,28,1,-1,-1,-1
1048,36,658,285,42,34,1,-1,-1,-1
1048,37,694,347,61,52,1,-1,-1,-1
1048,38,481,156,20,19,1,-1,-1,-1
1048,40,445,136,18,15,1,-1,-1,-1
1049,1,697,185,27,15,1,-1,-1,-1
1049,5,815,227,43,24,1,-1,-1,-1
1049,8,787,194,26,32,1,-1,-1,-1
1049,11,718,181,70,57,1,-1,-1,-1
1049,19,770,248,49,30,1,-1,-1,-1
1049,30,582,163,22,15,1,-1,-1,-1
1049,31,817,248,204,173,1,-1,-1,-1
1049,33,607,202,31,23,1,-1,-1,-1
1049,35,487,204,26,28,1,-1,-1,-1
1049,36,655,283,43,34,1,-1,-1,-1
1049,37,695,345,57,52,1,-1,-1,-1
1049,38,481,156,20,19,1,-1,-1,-1
1049,40,445,136,18,15,1,-1,-1,-1
1050,1,697,185,27,15,1,-1,-1,-1
1050,5,815,227,43,23,1,-1,-1,-1
1050,8,787,194,26,32,1,-1,-1,-1
1050,11,718,181,70,57,1,-1,-1,-1
1050,19,770,248,49,30,1,-1,-1,-1
1050,30,582,163,22,15,1,-1,-1,-1
1050,31,817,248,202,176,1,-1,-1,-1
1050,33,606,202,32,23,1,-1,-1,-1
1050,35,487,204,26,28,1,-1,-1,-1
1050,36,655,285,43,34,1,-1,-1,-1
1050,37,694,345,55,52,1,-1,-1,-1
1050,38,481,158,20,19,1,-1,-1,-1
1050,40,445,136,18,15,1,-1,-1,-1
1051,1,700,185,24,17,1,-1,-1,-1
1051,5,815,227,43,23,1,-1,-1,-1
1051,8,787,194,26,32,1,-1,-1,-1
1051,11,717,181,70,57,1,-1,-1,-1
1051,19,770,248,48,28,1,-1,-1,-1
1051,30,582,163,22,15,1,-1,-1,-1
1051,31,813,245,207,179,1,-1,-1,-1
1051,33,606,202,31,23,1,-1,-1,-1
1051,35,487,206,26,28,1,-1,-1,-1
1051,36,655,285,40,32,1,-1,-1,-1
1051,37,692,343,56,52,1,-1,-1,-1
1051,38,481,158,20,19,1,-1,-1,-1
1051,40,445,138,18,15,1,-1,-1,-1
1052,1,700,185,24,17,1,-1,-1,-1
1052,5,816,229,43,23,1,-1,-1,-1
1052,8,787,196,26,32,1,-1,-1,-1
1052,11,718,181,71,59,1,-1,-1,-1
1052,19,770,250,47,28,1,-1,-1,-1
1052,30,582,162,22,15,1,-1,-1,-1
1052,31,817,248,199,171,1,-1,-1,-1
1052,33,604,202,31,23,1,-1,-1,-1
1052,35,487,206,26,28,1,-1,-1,-1
1052,36,653,283,40,32,1,-1,-1,-1
1052,37,692,343,52,48,1,-1,-1,-1
1052,38,483,158,20,19,1,-1,-1,-1
1052,40,445,136,18,15,1,-1,-1,-1
1053,1,701,185,23,17,1,-1,-1,-1
1053,5,815,229,43,23,1,-1,-1,-1
1053,8,784,194,29,33,1,-1,-1,-1
1053,11,717,181,71,59,1,-1,-1,-1
1053,19,769,248,49,30,1,-1,-1,-1
1053,30,582,162,22,15,1,-1,-1,-1
1053,31,816,248,200,177,1,-1,-1,-1
1053,33,603,200,31,23,1,-1,-1,-1
1053,35,487,206,26,28,1,-1,-1,-1
1053,36,653,281,41,34,1,-1,-1,-1
1053,37,689,341,54,50,1,-1,-1,-1
1053,38,481,158,20,19,1,-1,-1,-1
1053,40,445,138,18,15,1,-1,-1,-1
1054,1,701,185,23,17,1,-1,-1,-1
1054,5,815,229,43,23,1,-1,-1,-1
1054,8,782,193,31,35,1,-1,-1,-1
1054,11,718,181,70,57,1,-1,-1,-1
1054,19,769,248,49,30,1,-1,-1,-1
1054,30,581,162,22,15,1,-1,-1,-1
1054,31,816,248,200,173,1,-1,-1,-1
1054,33,602,198,31,23,1,-1,-1,-1
1054,35,485,208,27,28,1,-1,-1,-1
1054,36,651,281,39,30,1,-1,-1,-1
1054,37,687,341,54,50,1,-1,-1,-1
1054,38,483,160,20,19,1,-1,-1,-1
1054,40,445,138,18,15,1,-1,-1,-1
1055,1,701,185,24,18,1,-1,-1,-1
1055,5,815,229,43,23,1,-1,-1,-1
1055,8,781,193,32,35,1,-1,-1,-1
1055,11,718,183,66,57,1,-1,-1,-1
1055,19,768,248,49,30,1,-1,-1,-1
1055,30,581,160,22,15,1,-1,-1,-1
1055,31,815,248,198,170,1,-1,-1,-1
1055,33,603,198,31,23,1,-1,-1,-1
1055,35,484,208,27,28,1,-1,-1,-1
1055,36,650,281,36,30,1,-1,-1,-1
1055,37,684,339,56,52,1,-1,-1,-1
1055,38,482,162,20,19,1,-1,-1,-1
1055,40,445,138,18,15,1,-1,-1,-1
1056,1,702,185,23,17,1,-1,-1,-1
1056,5,815,229,43,23,1,-1,-1,-1
1056,8,782,192,32,36,1,-1,-1,-1
1056,11,718,183,66,58,1,-1,-1,-1
1056,19,769,248,48,28,1,-1,-1,-1
1056,30,581,160,18,15,1,-1,-1,-1
1056,31,813,248,194,167,1,-1,-1,-1
1056,33,603,200,31,23,1,-1,-1,-1
1056,35,485,210,27,28,1,-1,-1,-1
1056,36,649,279,40,32,1,-1,-1,-1
1056,37,683,337,56,52,1,-1,-1,-1
1056,38,483,162,20,19,1,-1,-1,-1
1056,40,445,138,18,15,1,-1,-1,-1
1057,1,701,185,25,17,1,-1,-1,-1
1057,5,815,229,43,23,1,-1,-1,-1
1057,8,782,193,32,35,1,-1,-1,-1
1057,11,718,181,67,59,1,-1,-1,-1
1057,19,768,248,48,28,1,-1,-1,-1
1057,30,581,160,18,15,1,-1,-1,-1
1057,31,815,250,194,167,1,-1,-1,-1
1057,33,599,196,31,23,1,-1,-1,-1
1057,35,484,212,26,28,1,-1,-1,-1
1057,36,649,279,37,30,1,-1,-1,-1
1057,37,680,337,57,52,1,-1,-1,-1
1057,38,484,163,20,19,1,-1,-1,-1
1057,40,446,138,18,15,1,-1,-1,-1
1058,1,699,185,25,17,1,-1,-1,-1
1058,4,694,174,17,13,1,-1,-1,-1
1058,5,816,229,43,23,1,-1,-1,-1
1058,8,781,193,33,36,1,-1,-1,-1
1058,11,718,181,66,59,1,-1,-1,-1
1058,19,766,248,49,30,1,-1,-1,-1
1058,30,581,158,22,15,1,-1,-1,-1
1058,31,813,248,194,167,1,-1,-1,-1
1058,33,599,196,31,23,1,-1,-1,-1
1058,35,484,212,27,28,1,-1,-1,-1
1058,36,646,279,37,30,1,-1,-1,-1
1058,37,677,333,56,52,1,-1,-1,-1
1058,38,484,165,19,19,1,-1,-1,-1
1058,40,446,140,18,15,1,-1,-1,-1
1059,1,701,185,25,18,1,-1,-1,-1
1059,4,693,173,16,13,1,-1,-1,-1
1059,5,816,231,43,23,1,-1,-1,-1
1059,8,780,193,34,36,1,-1,-1,-1
1059,11,718,181,67,60,1,-1,-1,-1
1059,19,768,250,48,28,1,-1,-1,-1
1059,30,582,160,19,15,1,-1,-1,-1
1059,31,813,248,194,167,1,-1,-1,-1
1059,33,599,196,31,23,1,-1,-1,-1
1059,35,484,214,26,28,1,-1,-1,-1
1059,36,646,277,37,30,1,-1,-1,-1
1059,37,679,335,53,48,1,-1,-1,-1
1059,38,485,164,19,19,1,-1,-1,-1
1059,40,446,140,18,15,1,-1,-1,-1
1060,1,702,185,23,19,1,-1,-1,-1
1060,4,694,173,16,13,1,-1,-1,-1
1060,5,816,231,43,23,1,-1,-1,-1
1060,8,783,193,32,36,1,-1,-1,-1
1060,11,718,181,67,60,1,-1,-1,-1
1060,19,768,250,47,28,1,-1,-1,-1
1060,30,583,159,17,15,1,-1,-1,-1
1060,31,811,250,196,167,1,-1,-1,-1
1060,33,603,195,31,23,1,-1,-1,-1
1060,35,484,214,26,28,1,-1,-1,-1
1060,36,643,277,40,32,1,-1,-1,-1
1060,37,677,335,50,46,1,-1,-1,-1
1060,38,485,164,19,19,1,-1,-1,-1
1060,40,448,140,18,15,1,-1,-1,-1
1061,1,703,185,24,18,1,-1,-1,-1
1061,4,694,173,16,13,1,-1,-1,-1
1061,5,816,231,43,23,1,-1,-1,-1
1061,8,782,192,31,36,1,-1,-1,-1
1061,11,720,181,66,60,1,-1,-1,-1
1061,19,768,250,47,28,1,-1,-1,-1
1061,30,582,158,16,15,1,-1,-1,-1
1061,31,808,252,194,171,1,-1,-1,-1
1061,33,601,197,31,23,1,-1,-1,-1
1061,35,484,214,26,28,1,-1,-1,-1
1061,36,643,275,39,30,1,-1,-1,-1
1061,37,675,333,53,48,1,-1,-1,-1
1061,38,484,163,19,19,1,-1,-1,-1
1061,40,449,140,18,15,1,-1,-1,-1
1062,1,702,185,24,18,1,-1,-1,-1
1062,4,694,173,16,13,1,-1,-1,-1
1062,5,817,231,43,23,1,-1,-1,-1
1062,8,783,192,31,36,1,-1,-1,-1
1062,11,718,179,68,64,1,-1,-1,-1
1062,19,768,250,47,28,1,-1,-1,-1
1062,30,582,158,16,15,1,-1,-1,-1
1062,31,806,250,197,170,1,-1,-1,-1
1062,33,599,194,31,23,1,-1,-1,-1
1062,35,484,216,26,28,1,-1,-1,-1
1062,36,642,275,39,30,1,-1,-1,-1
1062,37,672,331,55,48,1,-1,-1,-1
1062,38,485,165,19,19,1,-1,-1,-1
1062,40,449,140,18,15,1,-1,-1,-1
1063,1,703,185,22,19,1,-1,-1,-1
1063,2,983,353,40,36,1,-1,-1,-1
1063,4,696,175,16,13,1,-1,-1,-1
1063,5,816,231,43,23,1,-1,-1,-1
1063,8,782,192,33,38,1,-1,-1,-1
1063,11,718,183,66,59,1,-1,-1,-1
1063,19,766,250,47,28,1,-1,-1,-1
1063,30,582,158,16,15,1,-1,-1,-1
1063,31,808,250,193,167,1,-1,-1,-1
1063,33,599,194,31,23,1,-1,-1,-1
1063,35,484,217,26,28,1,-1,-1,-1
1063,36,640,273,39,30,1,-1,-1,-1
1063,37,670,331,54,47,1,-1,-1,-1
1063,38,485,165,19,19,1,-1,-1,-1
1063,40,449,140,18,15,1,-1,-1,-1
1064,1,702,187,23,17,1,-1,-1,-1
1064,2,982,352,40,36,1,-1,-1,-1
1064,4,696,173,16,13,1,-1,-1,-1
1064,5,817,233,43,23,1,-1,-1,-1
1064,8,784,194,32,36,1,-1,-1,-1
1064,11,720,181,66,61,1,-1,-1,-1
1064,19,765,250,48,28,1,-1,-1,-1
1064,30,582,158,16,15,1,-1,-1,-1
1064,31,809,252,187,167,1,-1,-1,-1
1064,33,599,194,31,23,1,-1,-1,-1
1064,35,484,217,26,28,1,-1,-1,-1
1064,36,641,273,37,30,1,-1,-1,-1
1064,37,671,331,50,44,1,-1,-1,-1
1064,38,485,165,19,19,1,-1,-1,-1
1064,40,449,142,18,15,1,-1,-1,-1
1065,1,703,185,23,18,1,-1,-1,-1
1065,2,983,354,40,36,1,-1,-1,-1
1065,4,696,175,16,13,1,-1,-1,-1
1065,5,817,233,43,23,1,-1,-1,-1
1065,8,784,194,32,36,1,-1,-1,-1
1065,11,721,182,63,62,1,-1,-1,-1
1065,19,766,250,45,28,1,-1,-1,-1
1065,30,582,156,16,15,1,-1,-1,-1
1065,31,811,252,188,170,1,-1,-1,-1
1065,33,598,192,31,23,1,-1,-1,-1
1065,35,483,219,27,28,1,-1,-1,-1
1065,36,640,273,39,30,1,-1,-1,-1
1065,37,671,329,49,42,1,-1,-1,-1
1065,38,485,167,19,19,1,-1,-1,-1
1065,40,450,142,18,15,1,-1,-1,-1
1066,1,702,187,24,18,1,-1,-1,-1
1066,2,982,354,40,36,1,-1,-1,-1
1066,4,697,175,16,13,1,-1,-1,-1
1066,5,817,233,43,23,1,-1,-1,-1
1066,8,784,194,31,36,1,-1,-1,-1
1066,11,723,182,63,58,1,-1,-1,-1
1066,19,766,250,45,28,1,-1,-1,-1
1066,30,583,156,16,15,1,-1,-1,-1
1066,31,808,251,190,174,1,-1,-1,-1
1066,33,599,192,31,23,1,-1,-1,-1
1066,35,484,221,27,28,1,-1,-1,-1
1066,36,638,271,39,30,1,-1,-1,-1
1066,37,666,329,53,46,1,-1,-1,-1
1066,38,487,167,19,19,1,-1,-1,-1
1066,40,448,140,18,16,1,-1,-1,-1
1067,1,704,188,24,16,1,-1,-1,-1
1067,2,980,354,40,36,1,-1,-1,-1
1067,4,697,175,16,13,1,-1,-1,-1
1067,5,817,233,43,23,1,-1,-1,-1
1067,8,786,196,31,34,1,-1,-1,-1
1067,11,722,183,63,55,1,-1,-1,-1
1067,19,766,250,45,28,1,-1,-1,-1
1067,30,583,156,16,15,1,-1,-1,-1
1067,31,808,250,189,173,1,-1,-1,-1
1067,33,598,192,31,23,1,-1,-1,-1
1067,35,483,221,27,28,1,-1,-1,-1
1067,36,637,270,40,32,1,-1,-1,-1
1067,37,664,327,54,48,1,-1,-1,-1
1067,38,487,167,19,19,1,-1,-1,-1
1067,40,449,138,18,15,1,-1,-1,-1
1068,1,703,188,24,16,1,-1,-1,-1
1068,2,980,356,40,36,1,-1,-1,-1
1068,4,697,175,16,13,1,-1,-1,-1
1068,5,817,233,43,23,1,-1,-1,-1
1068,8,787,196,30,32,1,-1,-1,-1
1068,11,722,181,64,59,1,-1,-1,-1
1068,19,766,250,45,28,1,-1,-1,-1
1068,30,583,156,16,15,1,-1,-1,-1
1068,31,808,252,189,173,1,-1,-1,-1
1068,33,599,192,31,23,1,-1,-1,-1
1068,35,484,223,26,28,1,-1,-1,-1
1068,36,637,268,38,32,1,-1,-1,-1
1068,37,663,325,56,48,1,-1,-1,-1
1068,38,488,169,19,19,1,-1,-1,-1
1068,40,450,140,18,15,1,-1,-1,-1
1069,1,703,187,25,18,1,-1,-1,-1
1069,2,976,354,45,38,1,-1,-1,-1
1069,4,697,175,16,13,1,-1,-1,-1
1069,5,817,233,43,23,1,-1,-1,-1
1069,8,787,196,31,34,1,-1,-1,-1
1069,11,721,182,66,58,1,-1,-1,-1
1069,19,767,250,43,31,1,-1,-1,-1
1069,30,583,154,16,15,1,-1,-1,-1
1069,31,808,252,189,173,1,-1,-1,-1
1069,33,599,190,31,23,1,-1,-1,-1
1069,35,484,223,26,28,1,-1,-1,-1
1069,36,634,268,38,32,1,-1,-1,-1
1069,37,664,323,48,49,1,-1,-1,-1
1069,38,488,167,19,19,1,-1,-1,-1
1069,40,450,140,18,15,1,-1,-1,-1
1070,1,704,187,23,18,1,-1,-1,-1
1070,2,978,354,43,38,1,-1,-1,-1
1070,4,697,175,16,13,1,-1,-1,-1
1070,5,818,235,43,23,1,-1,-1,-1
1070,8,787,196,32,36,1,-1,-1,-1
1070,11,721,183,68,57,1,-1,-1,-1
1070,19,766,250,43,30,1,-1,-1,-1
1070,30,583,154,16,15,1,-1,-1,-1
1070,31,808,252,189,173,1,-1,-1,-1
1070,33,599,190,30,23,1,-1,-1,-1
1070,35,484,225,26,28,1,-1,-1,-1
1070,36,635,267,35,32,1,-1,-1,-1
1070,37,663,323,48,48,1,-1,-1,-1
1070,38,488,169,19,19,1,-1,-1,-1
1070,40,449,140,18,15,1,-1,-1,-1
1071,1,705,187,23,19,1,-1,-1,-1
1071,2,976,356,46,38,1,-1,-1,-1
1071,4,698,175,18,15,1,-1,-1,-1
1071,5,818,235,43,23,1,-1,-1,-1
1071,8,787,196,32,36,1,-1,-1,-1
1071,11,720,183,68,57,1,-1,-1,-1
1071,19,768,252,40,28,1,-1,-1,-1
1071,30,583,154,16,15,1,-1,-1,-1
1071,31,809,254,185,171,1,-1,-1,-1
1071,33,599,190,31,23,1,-1,-1,-1
1071,35,483,223,26,32,1,-1,-1,-1
1071,36,634,268,35,28,1,-1,-1,-1
1071,37,662,322,47,46,1,-1,-1,-1
1071,38,488,169,19,19,1,-1,-1,-1
1071,40,450,142,18,15,1,-1,-1,-1
1072,1,705,187,22,19,1,-1,-1,-1
1072,2,974,354,44,40,1,-1,-1,-1
1072,4,697,175,19,15,1,-1,-1,-1
1072,5,818,233,43,23,1,-1,-1,-1
1072,8,787,196,32,36,1,-1,-1,-1
1072,11,719,183,67,57,1,-1,-1,-1
1072,19,769,250,40,28,1,-1,-1,-1
1072,30,585,154,16,15,1,-1,-1,-1
1072,31,809,254,185,171,1,-1,-1,-1
1072,33,599,187,31,23,1,-1,-1,-1
1072,35,481,223,27,32,1,-1,-1,-1
1072,36,635,266,33,30,1,-1,-1,-1
1072,37,660,322,48,48,1,-1,-1,-1
1072,38,488,171,19,19,1,-1,-1,-1
1072,40,450,142,18,15,1,-1,-1,-1
1073,1,706,187,24,18,1,-1,-1,-1
1073,2,974,356,47,40,1,-1,-1,-1
1073,4,698,175,19,16,1,-1,-1,-1
1073,5,820,235,43,23,1,-1,-1,-1
1073,8,788,196,32,36,1,-1,-1,-1
1073,11,719,183,67,57,1,-1,-1,-1
1073,19,769,250,39,28,1,-1,-1,-1
1073,30,583,154,16,15,1,-1,-1,-1
1073,31,808,253,183,175,1,-1,-1,-1
1073,33,598,189,31,23,1,-1,-1,-1
1073,35,483,225,27,32,1,-1,-1,-1
1073,36,633,266,34,28,1,-1,-1,-1
1073,37,659,320,49,48,1,-1,-1,-1
1073,38,488,171,19,19,1,-1,-1,-1
1073,40,450,142,18,15,1,-1,-1,-1
1074,1,704,187,25,17,1,-1,-1,-1
1074,2,974,356,49,40,1,-1,-1,-1
1074,4,700,175,19,15,1,-1,-1,-1
1074,5,820,235,41,23,1,-1,-1,-1
1074,8,788,197,33,35,1,-1,-1,-1
1074,11,719,183,67,57,1,-1,-1,-1
1074,13,993,388,30,42,1,-1,-1,-1
1074,19,768,250,40,28,1,-1,-1,-1
1074,30,585,154,16,15,1,-1,-1,-1
1074,31,803,253,185,171,1,-1,-1,-1
1074,33,599,189,30,23,1,-1,-1,-1
1074,35,480,225,28,35,1,-1,-1,-1
1074,36,632,264,35,28,1,-1,-1,-1
1074,37,658,318,48,48,1,-1,-1,-1
1074,38,489,171,19,19,1,-1,-1,-1
1074,40,450,142,18,15,1,-1,-1,-1
1075,1,702,187,27,15,1,-1,-1,-1
1075,2,971,356,51,40,1,-1,-1,-1
1075,4,699,176,19,15,1,-1,-1,-1
1075,5,820,235,43,23,1,-1,-1,-1
1075,8,790,198,31,36,1,-1,-1,-1
1075,11,719,183,69,57,1,-1,-1,-1
1075,13,989,386,34,43,1,-1,-1,-1
1075,19,766,250,40,30,1,-1,-1,-1
1075,30,585,152,16,15,1,-1,-1,-1
1075,31,803,252,185,171,1,-1,-1,-1
1075,33,599,187,31,23,1,-1,-1,-1
1075,35,480,229,28,33,1,-1,-1,-1
1075,36,629,262,36,28,1,-1,-1,-1
1075,37,656,318,46,42,1,-1,-1,-1
1075,38,488,173,19,19,1,-1,-1,-1
1075,40,450,142,18,15,1,-1,-1,-1
1076,1,702,187,27,15,1,-1,-1,-1
1076,2,970,356,52,42,1,-1,-1,-1
1076,4,699,176,18,15,1,-1,-1,-1
1076,5,820,235,43,23,1,-1,-1,-1
1076,8,790,198,31,36,1,-1,-1,-1
1076,11,720,183,67,57,1,-1,-1,-1
1076,13,991,388,32,47,1,-1,-1,-1
1076,19,765,250,40,30,1,-1,-1,-1
1076,30,585,152,16,15,1,-1,-1,-1
1076,31,803,252,185,171,1,-1,-1,-1
1076,33,599,187,31,23,1,-1,-1,-1
1076,35,479,229,29,34,1,-1,-1,-1
1076,36,629,262,35,28,1,-1,-1,-1
1076,37,656,318,45,43,1,-1,-1,-1
1076,38,489,173,19,19,1,-1,-1,-1
1076,40,451,142,18,15,1,-1,-1,-1
1076,41,987,458,36,81,1,-1,-1,-1
1077,1,705,187,24,16,1,-1,-1,-1
1077,2,969,354,53,44,1,-1,-1,-1
1077,4,700,175,16,13,1,-1,-1,-1
1077,5,818,235,43,23,1,-1,-1,-1
1077,8,786,198,35,36,1,-1,-1,-1
1077,11,720,183,67,57,1,-1,-1,-1
1077,13,989,386,34,45,1,-1,-1,-1
1077,19,765,250,43,30,1,-1,-1,-1
1077,30,585,152,16,15,1,-1,-1,-1
1077,31,805,254,181,172,1,-1,-1,-1
1077,33,599,187,30,21,1,-1,-1,-1
1077,35,479,231,28,35,1,-1,-1,-1
1077,36,629,262,35,28,1,-1,-1,-1
1077,37,654,316,44,42,1,-1,-1,-1
1077,38,489,173,19,19,1,-1,-1,-1
1077,40,451,144,18,15,1,-1,-1,-1
1077,41,983,457,37,79,1,-1,-1,-1
1078,1,705,187,23,15,1,-1,-1,-1
1078,2,966,356,57,44,1,-1,-1,-1
1078,4,701,175,18,15,1,-1,-1,-1
1078,5,820,237,45,29,1,-1,-1,-1
1078,8,790,198,31,36,1,-1,-1,-1
1078,11,720,183,67,57,1,-1,-1,-1
1078,13,986,388,37,45,1,-1,-1,-1
1078,19,765,250,40,30,1,-1,-1,-1
1078,30,585,152,16,15,1,-1,-1,-1
1078,31,803,253,179,176,1,-1,-1,-1
1078,33,598,185,30,23,1,-1,-1,-1
1078,35,477,233,29,35,1,-1,-1,-1
1078,36,628,260,34,31,1,-1,-1,-1
1078,37,654,318,41,40,1,-1,-1,-1
1078,38,488,173,19,19,1,-1,-1,-1
1078,40,451,144,18,15,1,-1,-1,-1
1078,41,982,457,40,80,1,-1,-1,-1
1079,1,706,187,23,15,1,-1,-1,-1
1079,2,966,356,57,44,1,-1,-1,-1
1079,4,700,175,18,14,1,-1,-1,-1
1079,5,820,237,44,28,1,-1,-1,-1
1079,8,790,198,32,36,1,-1,-1,-1
1079,11,719,183,69,57,1,-1,-1,-1
1079,13,987,392,36,41,1,-1,-1,-1
1079,19,765,252,40,28,1,-1,-1,-1
1079,30,585,150,16,15,1,-1,-1,-1
1079,31,804,254,175,173,1,-1,-1,-1
1079,33,598,185,30,23,1,-1,-1,-1
1079,35,477,233,29,37,1,-1,-1,-1
1079,36,629,262,32,32,1,-1,-1,-1
1079,37,654,316,41,40,1,-1,-1,-1
1079,38,489,173,19,19,1,-1,-1,-1
1079,40,451,144,18,15,1,-1,-1,-1
1079,41,979,459,44,77,1,-1,-1,-1
1080,1,706,187,23,15,1,-1,-1,-1
1080,2,966,356,57,42,1,-1,-1,-1
1080,4,700,175,18,14,1,-1,-1,-1
1080,5,818,237,44,28,1,-1,-1,-1
1080,8,787,199,35,36,1,-1,-1,-1
1080,11,720,183,65,55,1,-1,-1,-1
1080,13,986,392,37,38,1,-1,-1,-1
1080,19,765,252,40,28,1,-1,-1,-1
1080,30,585,150,16,15,1,-1,-1,-1
1080,31,801,252,176,175,1,-1,-1,-1
1080,33,598,185,30,23,1,-1,-1,-1
1080,35,477,235,28,35,1,-1,-1,-1
1080,36,628,260,31,31,1,-1,-1,-1
1080,37,650,316,40,38,1,-1,-1,-1
1080,38,488,175,19,19,1,-1,-1,-1
1080,40,451,144,18,15,1,-1,-1,-1
1080,41,975,453,47,86,1,-1,-1,-1
1081,1,705,187,23,15,1,-1,-1,-1
1081,2,965,358,58,40,1,-1,-1,-1
1081,4,698,175,19,16,1,-1,-1,-1
1081,5,818,237,47,30,1,-1,-1,-1
1081,8,786,200,36,35,1,-1,-1,-1
1081,11,720,185,65,55,1,-1,-1,-1
1081,13,985,392,38,40,1,-1,-1,-1
1081,19,764,252,40,28,1,-1,-1,-1
1081,30,583,150,16,15,1,-1,-1,-1
1081,31,801,253,179,182,1,-1,-1,-1
1081,33,598,185,30,21,1,-1,-1,-1
1081,35,476,235,28,35,1,-1,-1,-1
1081,36,625,258,33,31,1,-1,-1,-1
1081,37,649,314,44,40,1,-1,-1,-1
1081,38,488,175,19,19,1,-1,-1,-1
1081,40,453,146,18,15,1,-1,-1,-1
1081,41,970,453,52,84,1,-1,-1,-1
1082,1,704,187,23,15,1,-1,-1,-1
1082,2,962,361,60,35,1,-1,-1,-1
1082,4,698,175,19,16,1,-1,-1,-1
1082,5,817,237,48,30,1,-1,-1,-1
1082,8,785,203,35,31,1,-1,-1,-1
1082,11,718,183,67,57,1,-1,-1,-1
1082,13,983,391,40,40,1,-1,-1,-1
1082,19,761,252,40,28,1,-1,-1,-1
1082,30,583,150,16,15,1,-1,-1,-1
1082,31,798,250,182,185,1,-1,-1,-1
1082,33,595,183,31,23,1,-1,-1,-1
1082,35,475,237,29,36,1,-1,-1,-1
1082,36,624,258,31,29,1,-1,-1,-1
1082,37,646,314,41,40,1,-1,-1,-1
1082,38,488,175,19,19,1,-1,-1,-1
1082,40,450,146,18,15,1,-1,-1,-1
1082,41,971,454,52,85,1,-1,-1,-1
1083,1,705,190,23,15,1,-1,-1,-1
1083,2,962,358,61,40,1,-1,-1,-1
1083,4,697,175,19,15,1,-1,-1,-1
1083,5,818,237,44,28,1,-1,-1,-1
1083,8,784,203,34,33,1,-1,-1,-1
1083,11,717,183,69,57,1,-1,-1,-1
1083,13,982,392,41,39,1,-1,-1,-1
1083,19,761,252,40,28,1,-1,-1,-1
1083,30,583,148,16,15,1,-1,-1,-1
1083,31,800,254,175,177,1,-1,-1,-1
1083,33,595,183,30,23,1,-1,-1,-1
1083,35,474,237,30,36,1,-1,-1,-1
1083,36,622,256,32,30,1,-1,-1,-1
1083,37,645,312,44,42,1,-1,-1,-1
1083,38,488,177,19,19,1,-1,-1,-1
1083,40,450,146,18,15,1,-1,-1,-1
1083,41,968,455,54,79,1,-1,-1,-1
1084,1,704,187,23,15,1,-1,-1,-1
1084,2,958,358,64,40,1,-1,-1,-1
1084,4,697,175,19,15,1,-1,-1,-1
1084,5,817,239,44,28,1,-1,-1,-1
1084,8,783,202,33,32,1,-1,-1,-1
1084,11,718,185,65,55,1,-1,-1,-1
1084,13,979,392,43,40,1,-1,-1,-1
1084,19,761,252,40,28,1,-1,-1,-1
1084,30,582,150,16,15,1,-1,-1,-1
1084,31,801,256,172,175,1,-1,-1,-1
1084,33,594,181,31,23,1,-1,-1,-1
1084,35,471,239,28,36,1,-1,-1,-1
1084,36,622,256,31,30,1,-1,-1,-1
1084,37,642,312,44,42,1,-1,-1,-1
1084,38,487,177,19,19,1,-1,-1,-1
1084,40,450,146,18,15,1,-1,-1,-1
1084,41,963,453,59,81,1,-1,-1,-1
1085,1,703,190,23,15,1,-1,-1,-1
1085,2,959,355,63,43,1,-1,-1,-1
1085,4,697,175,19,15,1,-1,-1,-1
1085,5,817,237,44,28,1,-1,-1,-1
1085,8,783,204,33,32,1,-1,-1,-1
1085,11,718,185,65,55,1,-1,-1,-1
1085,13,979,393,44,44,1,-1,-1,-1
1085,19,760,252,41,30,1,-1,-1,-1
1085,30,582,148,16,15,1,-1,-1,-1
1085,31,800,256,172,175,1,-1,-1,-1
1085,33,595,183,31,23,1,-1,-1,-1
1085,35,471,241,30,36,1,-1,-1,-1
1085,36,620,254,32,30,1,-1,-1,-1
1085,37,640,310,44,42,1,-1,-1,-1
1085,38,487,177,19,19,1,-1,-1,-1
1085,40,450,143,21,20,1,-1,-1,-1
1085,41,961,453,62,83,1,-1,-1,-1
1086,1,702,187,23,15,1,-1,-1,-1
1086,2,954,358,68,42,1,-1,-1,-1
1086,4,697,175,19,15,1,-1,-1,-1
1086,5,815,237,49,30,1,-1,-1,-1
1086,8,783,204,33,32,1,-1,-1,-1
1086,11,717,185,65,55,1,-1,-1,-1
1086,13,976,393,46,41,1,-1,-1,-1
1086,19,758,252,41,30,1,-1,-1,-1
1086,30,582,148,16,15,1,-1,-1,-1
1086,31,800,256,168,171,1,-1,-1,-1
1086,33,594,181,31,23,1,-1,-1,-1
1086,35,470,241,30,36,1,-1,-1,-1
1086,36,620,254,31,30,1,-1,-1,-1
1086,37,641,310,42,44,1,-1,-1,-1
1086,38,487,179,19,19,1,-1,-1,-1
1086,40,450,145,19,19,1,-1,-1,-1
1086,41,957,453,65,83,1,-1,-1,-1
1087,1,701,187,23,15,1,-1,-1,-1
1087,2,953,361,69,40,1,-1,-1,-1
1087,4,697,175,19,15,1,-1,-1,-1
1087,5,817,237,46,32,1,-1,-1,-1
1087,8,783,204,33,32,1,-1,-1,-1
1087,11,715,185,66,55,1,-1,-1,-1
1087,13,974,391,48,42,1,-1,-1,-1
1087,19,757,252,40,28,1,-1,-1,-1
1087,30,582,148,16,15,1,-1,-1,-1
1087,31,799,256,168,171,1,-1,-1,-1
1087,33,594,181,31,23,1,-1,-1,-1
1087,35,468,243,30,36,1,-1,-1,-1
1087,36,619,252,32,30,1,-1,-1,-1
1087,37,639,306,42,45,1,-1,-1,-1
1087,38,485,179,19,19,1,-1,-1,-1
1087,40,450,144,19,19,1,-1,-1,-1
1087,41,954,451,65,86,1,-1,-1,-1
1088,1,701,187,23,15,1,-1,-1,-1
1088,2,953,358,70,44,1,-1,-1,-1
1088,4,696,175,19,15,1,-1,-1,-1
1088,5,812,238,46,30,1,-1,-1,-1
1088,8,782,204,33,32,1,-1,-1,-1
1088,11,718,185,62,55,1,-1,-1,-1
1088,13,973,391,50,43,1,-1,-1,-1
1088,19,757,252,40,28,1,-1,-1,-1
1088,30,581,148,16,15,1,-1,-1,-1
1088,31,798,256,168,171,1,-1,-1,-1
1088,33,592,181,31,23,1,-1,-1,-1
1088,35,467,244,30,36,1,-1,-1,-1
1088,36,616,252,32,30,1,-1,-1,-1
1088,37,638,307,42,42,1,-1,-1,-1
1088,38,485,179,19,19,1,-1,-1,-1
1088,40,449,146,19,19,1,-1,-1,-1
1088,41,950,451,71,82,1,-1,-1,-1
1089,1,701,187,23,15,1,-1,-1,-1
1089,2,949,358,73,44,1,-1,-1,-1
1089,4,696,175,19,15,1,-1,-1,-1
1089,5,813,239,45,32,1,-1,-1,-1
1089,8,783,206,32,32,1,-1,-1,-1
1089,11,716,185,61,55,1,-1,-1,-1
1089,13,970,393,52,42,1,-1,-1,-1
1089,19,757,252,40,28,1,-1,-1,-1
1089,30,582,146,16,15,1,-1,-1,-1
1089,31,796,256,168,171,1,-1,-1,-1
1089,33,591,179,31,23,1,-1,-1,-1
1089,35,466,246,31,38,1,-1,-1,-1
1089,36,616,250,31,30,1,-1,-1,-1
1089,37,637,306,41,42,1,-1,-1,-1
1089,38,483,181,21,23,1,-1,-1,-1
1089,40,449,146,19,19,1,-1,-1,-1
1089,41,948,451,73,88,1,-1,-1,-1
1090,1,701,187,23,15,1,-1,-1,-1
1090,2,949,358,70,42,1,-1,-1,-1
1090,4,696,175,19,15,1,-1,-1,-1
1090,5,814,237,44,32,1,-1,-1,-1
1090,8,783,206,31,30,1,-1,-1,-1
1090,11,715,183,62,58,1,-1,-1,-1
1090,13,970,393,52,42,1,-1,-1,-1
1090,19,754,252,41,30,1,-1,-1,-1
1090,30,582,146,15,15,1,-1,-1,-1
1090,31,796,258,164,167,1,-1,-1,-1
1090,33,591,179,31,23,1,-1,-1,-1
1090,35,467,246,31,38,1,-1,-1,-1
1090,36,615,250,33,32,1,-1,-1,-1
1090,37,637,306,40,40,1,-1,-1,-1
1090,38,483,181,20,23,1,-1,-1,-1
1090,40,449,146,19,19,1,-1,-1,-1
1090,41,948,453,75,82,1,-1,-1,-1
1091,1,701,187,23,15,1,-1,-1,-1
1091,2,948,358,75,42,1,-1,-1,-1
1091,4,696,175,19,15,1,-1,-1,-1
1091,5,813,237,44,32,1,-1,-1,-1
1091,8,781,204,33,32,1,-1,-1,-1
1091,11,716,183,61,57,1,-1,-1,-1
1091,13,967,393,55,42,1,-1,-1,-1
1091,19,754,252,41,30,1,-1,-1,-1
1091,30,582,144,15,15,1,-1,-1,-1
1091,31,795,256,168,171,1,-1,-1,-1
1091,33,591,179,24,24,1,-1,-1,-1
1091,35,464,248,31,38,1,-1,-1,-1
1091,36,613,250,33,32,1,-1,-1,-1
1091,37,633,304,41,42,1,-1,-1,-1
1091,38,483,181,20,23,1,-1,-1,-1
1091,40,449,146,19,19,1,-1,-1,-1
1091,41,945,455,77,84,1,-1,-1,-1
1092,1,701,187,23,15,1,-1,-1,-1
1092,2,949,360,71,40,1,-1,-1,-1
1092,4,696,177,19,15,1,-1,-1,-1
1092,5,813,237,44,32,1,-1,-1,-1
1092,8,782,204,35,34,1,-1,-1,-1
1092,11,717,183,58,57,1,-1,-1,-1
1092,13,966,393,56,45,1,-1,-1,-1
1092,19,754,252,40,28,1,-1,-1,-1
1092,30,582,144,15,15,1,-1,-1,-1
1092,31,792,256,168,171,1,-1,-1,-1
1092,33,592,181,26,24,1,-1,-1,-1
1092,35,463,250,31,38,1,-1,-1,-1
1092,36,612,250,32,30,1,-1,-1,-1
1092,37,632,304,44,44,1,-1,-1,-1
1092,38,481,183,20,23,1,-1,-1,-1
1092,40,448,148,19,19,1,-1,-1,-1
1092,41,940,451,82,88,1,-1,-1,-1
1093,1,700,187,23,15,1,-1,-1,-1
1093,2,946,360,76,41,1,-1,-1,-1
1093,4,696,177,19,15,1,-1,-1,-1
1093,5,813,237,44,32,1,-1,-1,-1
1093,8,781,204,35,34,1,-1,-1,-1
1093,11,713,185,64,57,1,-1,-1,-1
1093,13,963,391,59,42,1,-1,-1,-1
1093,19,754,252,40,28,1,-1,-1,-1
1093,30,582,144,15,15,1,-1,-1,-1
1093,31,792,256,168,171,1,-1,-1,-1
1093,33,591,177,25,23,1,-1,-1,-1
1093,35,462,250,31,40,1,-1,-1,-1
1093,36,613,255,30,23,1,-1,-1,-1
1093,37,630,304,41,42,1,-1,-1,-1
1093,38,481,183,20,23,1,-1,-1,-1
1093,40,449,148,19,19,1,-1,-1,-1
1093,41,936,445,86,93,1,-1,-1,-1
1094,1,700,187,23,15,1,-1,-1,-1
1094,2,945,360,75,40,1,-1,-1,-1
1094,4,696,177,19,15,1,-1,-1,-1
1094,5,813,239,44,32,1,-1,-1,-1
1094,8,781,204,36,34,1,-1,-1,-1
1094,11,713,185,64,57,1,-1,-1,-1
1094,13,967,393,56,40,1,-1,-1,-1
1094,19,754,252,39,28,1,-1,-1,-1
1094,30,582,144,15,15,1,-1,-1,-1
1094,31,791,256,168,171,1,-1,-1,-1
1094,33,590,179,25,23,1,-1,-1,-1
1094,35,462,252,31,38,1,-1,-1,-1
1094,36,613,256,28,22,1,-1,-1,-1
1094,37,629,302,40,40,1,-1,-1,-1
1094,38,483,183,20,23,1,-1,-1,-1
1094,40,448,148,19,19,1,-1,-1,-1
1094,41,933,443,89,94,1,-1,-1,-1
1095,1,701,187,23,15,1,-1,-1,-1
1095,2,944,360,78,42,1,-1,-1,-1
1095,4,696,175,19,15,1,-1,-1,-1
1095,5,813,239,44,32,1,-1,-1,-1
1095,8,782,204,36,36,1,-1,-1,-1
1095,11,715,183,60,57,1,-1,-1,-1
1095,13,962,391,60,40,1,-1,-1,-1
1095,19,753,252,40,28,1,-1,-1,-1
1095,30,582,144,15,15,1,-1,-1,-1
1095,31,790,256,167,175,1,-1,-1,-1
1095,33,590,177,27,23,1,-1,-1,-1
1095,35,461,254,31,38,1,-1,-1,-1
1095,36,612,254,29,22,1,-1,-1,-1
1095,37,628,300,43,42,1,-1,-1,-1
1095,38,481,185,20,23,1,-1,-1,-1
1095,40,449,148,19,19,1,-1,-1,-1
1095,41,932,443,91,96,1,-1,-1,-1
1096,1,701,189,23,15,1,-1,-1,-1
1096,2,945,360,78,40,1,-1,-1,-1
1096,4,697,175,19,15,1,-1,-1,-1
1096,5,813,239,44,32,1,-1,-1,-1
1096,8,782,204,37,36,1,-1,-1,-1
1096,11,713,185,63,57,1,-1,-1,-1
1096,13,959,391,62,42,1,-1,-1,-1
1096,19,754,252,40,28,1,-1,-1,-1
1096,30,582,142,15,15,1,-1,-1,-1
1096,31,791,258,162,171,1,-1,-1,-1
1096,33,590,177,24,23,1,-1,-1,-1
1096,35,461,256,31,38,1,-1,-1,-1
1096,36,612,254,28,20,1,-1,-1,-1
1096,37,626,300,43,42,1,-1,-1,-1
1096,38,481,187,20,23,1,-1,-1,-1
1096,40,449,148,19,19,1,-1,-1,-1
1096,41,928,441,94,93,1,-1,-1,-1
1097,1,701,189,23,15,1,-1,-1,-1
1097,2,944,362,75,40,1,-1,-1,-1
1097,4,696,175,19,15,1,-1,-1,-1
1097,5,813,239,44,32,1,-1,-1,-1
1097,8,782,206,36,36,1,-1,-1,-1
1097,11,717,185,59,57,1,-1,-1,-1
1097,13,958,391,60,42,1,-1,-1,-1
1097,19,753,254,39,28,1,-1,-1,-1
1097,30,583,142,15,15,1,-1,-1,-1
1097,31,791,258,161,171,1,-1,-1,-1
1097,33,592,176,25,24,1,-1,-1,-1
1097,35,459,256,31,40,1,-1,-1,-1
1097,36,612,252,28,21,1,-1,-1,-1
1097,37,627,300,38,40,1,-1,-1,-1
1097,38,481,187,23,25,1,-1,-1,-1
1097,40,449,150,19,19,1,-1,-1,-1
1097,41,927,441,93,94,1,-1,-1,-1
1098,1,701,189,23,15,1,-1,-1,-1
1098,2,943,362,80,40,1,-1,-1,-1
1098,4,697,175,19,15,1,-1,-1,-1
1098,5,813,239,44,32,1,-1,-1,-1
1098,8,782,206,37,36,1,-1,-1,-1
1098,11,717,185,58,57,1,-1,-1,-1
1098,13,958,393,63,42,1,-1,-1,-1
1098,19,754,254,39,28,1,-1,-1,-1
1098,30,583,142,15,15,1,-1,-1,-1
1098,31,790,260,160,171,1,-1,-1,-1
1098,33,591,177,25,23,1,-1,-1,-1
1098,35,458,258,31,40,1,-1,-1,-1
1098,36,613,246,28,29,1,-1,-1,-1
1098,37,625,298,39,40,1,-1,-1,-1
1098,38,481,187,23,25,1,-1,-1,-1
1098,40,450,148,19,19,1,-1,-1,-1
1098,41,923,439,98,98,1,-1,-1,-1
1099,1,701,187,23,15,1,-1,-1,-1
1099,2,940,360,80,42,1,-1,-1,-1
1099,4,697,177,19,15,1,-1,-1,-1
1099,5,813,239,44,32,1,-1,-1,-1
1099,8,782,206,37,36,1,-1,-1,-1
1099,11,717,185,58,57,1,-1,-1,-1
1099,13,957,393,64,42,1,-1,-1,-1
1099,19,753,254,39,28,1,-1,-1,-1
1099,30,585,142,15,15,1,-1,-1,-1
1099,31,788,256,162,175,1,-1,-1,-1
1099,33,590,177,24,23,1,-1,-1,-1
1099,35,459,253,31,48,1,-1,-1,-1
1099,36,611,245,30,28,1,-1,-1,-1
1099,37,625,298,40,42,1,-1,-1,-1
1099,38,480,189,23,25,1,-1,-1,-1
1099,40,450,150,19,19,1,-1,-1,-1
1099,41,922,441,101,92,1,-1,-1,-1
1100,1,701,189,23,15,1,-1,-1,-1
1100,2,940,362,78,42,1,-1,-1,-1
1100,4,697,177,19,15,1,-1,-1,-1
1100,5,813,239,44,32,1,-1,-1,-1
1100,8,782,206,36,36,1,-1,-1,-1
1100,11,717,185,58,57,1,-1,-1,-1
1100,13,957,393,66,42,1,-1,-1,-1
1100,19,753,252,40,28,1,-1,-1,-1
1100,30,585,142,15,15,1,-1,-1,-1
1100,31,786,256,163,177,1,-1,-1,-1
1100,33,591,175,24,23,1,-1,-1,-1
1100,35,458,256,28,44,1,-1,-1,-1
1100,36,609,244,30,28,1,-1,-1,-1
1100,37,623,295,41,44,1,-1,-1,-1
1100,38,480,187,24,27,1,-1,-1,-1
1100,40,450,150,19,19,1,-1,-1,-1
1100,41,919,439,101,99,1,-1,-1,-1
1101,1,702,189,23,15,1,-1,-1,-1
1101,2,931,362,91,42,1,-1,-1,-1
1101,4,700,177,19,15,1,-1,-1,-1
1101,5,813,239,44,32,1,-1,-1,-1
1101,8,783,206,36,34,1,-1,-1,-1
1101,11,718,185,58,57,1,-1,-1,-1
1101,13,956,393,66,42,1,-1,-1,-1
1101,19,753,254,39,28,1,-1,-1,-1
1101,30,585,140,15,15,1,-1,-1,-1
1101,31,788,256,159,181,1,-1,-1,-1
1101,33,591,175,24,23,1,-1,-1,-1
1101,35,457,262,31,48,1,-1,-1,-1
1101,36,608,241,30,28,1,-1,-1,-1
1101,37,624,298,37,39,1,-1,-1,-1
1101,38,480,187,24,27,1,-1,-1,-1
1101,40,450,150,19,19,1,-1,-1,-1
1101,41,915,441,107,96,1,-1,-1,-1
1102,1,702,189,23,15,1,-1,-1,-1
1102,2,932,364,88,40,1,-1,-1,-1
1102,4,698,177,19,15,1,-1,-1,-1
1102,5,813,241,44,32,1,-1,-1,-1
1102,8,783,206,36,34,1,-1,-1,-1
1102,11,717,185,58,57,1,-1,-1,-1
1102,13,953,395,68,42,1,-1,-1,-1
1102,19,754,256,36,25,1,-1,-1,-1
1102,30,586,140,15,15,1,-1,-1,-1
1102,31,786,258,158,177,1,-1,-1,-1
1102,33,590,175,24,23,1,-1,-1,-1
1102,35,455,261,32,47,1,-1,-1,-1
1102,36,608,241,30,28,1,-1,-1,-1
1102,37,625,298,36,38,1,-1,-1,-1
1102,38,480,189,24,27,1,-1,-1,-1
1102,40,450,152,19,19,1,-1,-1,-1
1102,41,914,441,108,98,1,-1,-1,-1
1103,1,702,189,23,15,1,-1,-1,-1
1103,2,928,364,95,38,1,-1,-1,-1
1103,4,700,177,19,15,1,-1,-1,-1
1103,5,813,241,44,32,1,-1,-1,-1
1103,8,782,206,36,36,1,-1,-1,-1
1103,11,715,185,61,59,1,-1,-1,-1
1103,13,953,395,68,42,1,-1,-1,-1
1103,19,753,254,37,27,1,-1,-1,-1
1103,30,586,140,15,15,1,-1,-1,-1
1103,31,785,253,157,179,1,-1,-1,-1
1103,33,591,175,26,23,1,-1,-1,-1
1103,35,454,262,31,46,1,-1,-1,-1
1103,36,608,241,31,28,1,-1,-1,-1
1103,37,623,295,36,38,1,-1,-1,-1
1103,38,479,190,24,27,1,-1,-1,-1
1103,40,450,152,19,19,1,-1,-1,-1
1103,41,910,439,112,99,1,-1,-1,-1
1104,1,702,189,23,15,1,-1,-1,-1
1104,2,927,363,95,40,1,-1,-1,-1
1104,4,700,177,19,15,1,-1,-1,-1
1104,5,813,241,44,32,1,-1,-1,-1
1104,8,784,208,36,36,1,-1,-1,-1
1104,11,717,185,61,59,1,-1,-1,-1
1104,13,952,395,71,42,1,-1,-1,-1
1104,19,753,254,39,28,1,-1,-1,-1
1104,30,586,140,15,15,1,-1,-1,-1
1104,31,788,257,153,172,1,-1,-1,-1
1104,33,591,175,24,23,1,-1,-1,-1
1104,35,454,264,32,48,1,-1,-1,-1
1104,36,608,241,31,28,1,-1,-1,-1
1104,37,620,295,36,38,1,-1,-1,-1
1104,38,479,190,24,27,1,-1,-1,-1
1104,40,450,152,19,19,1,-1,-1,-1
1104,41,907,439,115,94,1,-1,-1,-1
1105,1,704,189,23,19,1,-1,-1,-1
1105,2,927,364,96,40,1,-1,-1,-1
1105,4,701,177,19,15,1,-1,-1,-1
1105,5,815,241,44,32,1,-1,-1,-1
1105,8,784,208,36,36,1,-1,-1,-1
1105,11,718,185,60,57,1,-1,-1,-1
1105,13,952,395,70,42,1,-1,-1,-1
1105,19,753,256,39,28,1,-1,-1,-1
1105,30,586,140,15,15,1,-1,-1,-1
1105,31,784,256,157,173,1,-1,-1,-1
1105,33,591,173,24,23,1,-1,-1,-1
1105,35,454,266,32,48,1,-1,-1,-1
1105,36,607,239,31,30,1,-1,-1,-1
1105,37,620,293,36,38,1,-1,-1,-1
1105,38,479,192,24,27,1,-1,-1,-1
1105,40,450,152,19,19,1,-1,-1,-1
1105,41,906,439,116,96,1,-1,-1,-1
1106,1,707,190,20,19,1,-1,-1,-1
1106,2,931,363,89,42,1,-1,-1,-1
1106,4,701,177,19,15,1,-1,-1,-1
1106,5,815,241,44,32,1,-1,-1,-1
1106,8,786,208,36,36,1,-1,-1,-1
1106,11,718,185,58,57,1,-1,-1,-1
1106,13,950,395,68,42,1,-1,-1,-1
1106,19,753,254,39,28,1,-1,-1,-1
1106,30,587,140,15,15,1,-1,-1,-1
1106,31,784,254,155,175,1,-1,-1,-1
1106,33,594,175,24,23,1,-1,-1,-1
1106,35,453,268,32,48,1,-1,-1,-1
1106,36,607,239,31,28,1,-1,-1,-1
1106,37,620,293,36,38,1,-1,-1,-1
1106,38,480,194,24,27,1,-1,-1,-1
1106,40,450,152,19,19,1,-1,-1,-1
1106,41,905,437,118,100,1,-1,-1,-1
1107,1,706,190,19,19,1,-1,-1,-1
1107,2,927,366,96,40,1,-1,-1,-1
1107,4,701,177,19,15,1,-1,-1,-1
1107,5,815,241,44,32,1,-1,-1,-1
1107,8,786,208,36,34,1,-1,-1,-1
1107,11,718,185,61,59,1,-1,-1,-1
1107,13,950,397,71,40,1,-1,-1,-1
1107,19,752,254,39,28,1,-1,-1,-1
1107,30,587,138,15,15,1,-1,-1,-1
1107,31,784,257,154,182,1,-1,-1,-1
1107,33,592,173,24,23,1,-1,-1,-1
1107,35,451,268,33,50,1,-1,-1,-1
1107,36,607,237,31,30,1,-1,-1,-1
1107,37,619,293,35,36,1,-1,-1,-1
1107,38,479,194,24,27,1,-1,-1,-1
1107,40,450,154,19,19,1,-1,-1,-1
1107,41,902,437,118,100,1,-1,-1,-1
1108,1,706,190,19,19,1,-1,-1,-1
1108,2,926,364,95,42,1,-1,-1,-1
1108,4,701,177,19,15,1,-1,-1,-1
1108,5,816,241,44,32,1,-1,-1,-1
1108,8,786,208,36,34,1,-1,-1,-1
1108,11,718,185,61,59,1,-1,-1,-1
1108,13,949,397,73,40,1,-1,-1,-1
1108,19,752,254,39,28,1,-1,-1,-1
1108,30,589,138,15,15,1,-1,-1,-1
1108,31,785,256,153,177,1,-1,-1,-1
1108,33,592,173,24,23,1,-1,-1,-1
1108,35,450,271,35,50,1,-1,-1,-1
1108,36,607,239,31,28,1,-1,-1,-1
1108,37,617,291,36,38,1,-1,-1,-1
1108,38,478,194,24,27,1,-1,-1,-1
1108,40,450,154,19,19,1,-1,-1,-1
1108,41,899,437,120,102,1,-1,-1,-1
1109,1,706,190,19,19,1,-1,-1,-1
1109,2,926,365,97,42,1,-1,-1,-1
1109,4,701,177,19,15,1,-1,-1,-1
1109,5,815,243,44,32,1,-1,-1,-1
1109,8,786,208,36,34,1,-1,-1,-1
1109,11,718,185,61,59,1,-1,-1,-1
1109,13,948,397,74,42,1,-1,-1,-1
1109,19,752,254,39,28,1,-1,-1,-1
1109,30,589,138,15,15,1,-1,-1,-1
1109,31,786,256,152,177,1,-1,-1,-1
1109,33,592,173,24,23,1,-1,-1,-1
1109,35,450,273,35,50,1,-1,-1,-1
1109,36,606,237,28,27,1,-1,-1,-1
1109,37,617,291,36,38,1,-1,-1,-1
1109,38,479,196,26,28,1,-1,-1,-1
1109,40,451,154,19,19,1,-1,-1,-1
1109,41,896,435,125,102,1,-1,-1,-1
1110,1,707,190,19,19,1,-1,-1,-1
1110,2,927,366,95,42,1,-1,-1,-1
1110,4,701,179,19,15,1,-1,-1,-1
1110,5,815,243,44,32,1,-1,-1,-1
1110,8,786,208,36,34,1,-1,-1,-1
1110,11,718,185,61,59,1,-1,-1,-1
1110,13,946,397,76,42,1,-1,-1,-1
1110,19,752,256,39,28,1,-1,-1,-1
1110,30,589,138,15,15,1,-1,-1,-1
1110,31,783,256,152,177,1,-1,-1,-1
1110,33,594,173,24,23,1,-1,-1,-1
1110,35,446,273,36,55,1,-1,-1,-1
1110,36,604,235,31,28,1,-1,-1,-1
1110,37,616,291,36,38,1,-1,-1,-1
1110,38,478,198,26,28,1,-1,-1,-1
1110,40,450,154,19,19,1,-1,-1,-1
1110,41,893,435,129,103,1,-1,-1,-1
1111,1,707,190,19,19,1,-1,-1,-1
1111,2,922,366,98,42,1,-1,-1,-1
1111,4,701,179,20,15,1,-1,-1,-1
1111,5,815,243,44,32,1,-1,-1,-1
1111,8,786,210,36,34,1,-1,-1,-1
1111,11,718,185,61,59,1,-1,-1,-1
1111,13,945,397,75,42,1,-1,-1,-1
1111,19,751,256,39,28,1,-1,-1,-1
1111,30,590,138,15,15,1,-1,-1,-1
1111,31,786,258,150,173,1,-1,-1,-1
1111,33,594,171,24,23,1,-1,-1,-1
1111,35,446,275,35,52,1,-1,-1,-1
1111,36,604,235,31,28,1,-1,-1,-1
1111,37,616,289,36,38,1,-1,-1,-1
1111,38,478,198,26,28,1,-1,-1,-1
1111,40,451,156,19,19,1,-1,-1,-1
1111,41,890,435,129,102,1,-1,-1,-1
1112,1,707,190,19,19,1,-1,-1,-1
1112,2,924,366,98,42,1,-1,-1,-1
1112,4,701,179,19,15,1,-1,-1,-1
1112,5,815,243,44,32,1,-1,-1,-1
1112,8,786,208,36,36,1,-1,-1,-1
1112,11,718,185,61,59,1,-1,-1,-1
1112,13,944,397,77,42,1,-1,-1,-1
1112,19,751,256,39,28,1,-1,-1,-1
1112,30,590,138,15,15,1,-1,-1,-1
1112,31,783,258,150,173,1,-1,-1,-1
1112,33,594,171,24,23,1,-1,-1,-1
1112,35,445,277,36,52,1,-1,-1,-1
1112,36,604,235,30,28,1,-1,-1,-1
1112,37,616,289,36,38,1,-1,-1,-1
1112,38,478,198,26,28,1,-1,-1,-1
1112,40,450,156,19,19,1,-1,-1,-1
1112,41,889,433,131,104,1,-1,-1,-1
1113,1,707,190,19,19,1,-1,-1,-1
1113,2,920,366,103,42,1,-1,-1,-1
1113,4,701,179,19,15,1,-1,-1,-1
1113,5,815,244,44,32,1,-1,-1,-1
1113,8,786,208,36,36,1,-1,-1,-1
1113,11,718,185,59,60,1,-1,-1,-1
1113,13,943,397,77,42,1,-1,-1,-1
1113,19,751,256,39,28,1,-1,-1,-1
1113,30,590,136,15,15,1,-1,-1,-1
1113,31,783,256,150,173,1,-1,-1,-1
1113,33,594,171,24,23,1,-1,-1,-1
1113,35,444,281,35,52,1,-1,-1,-1
1113,36,603,233,30,28,1,-1,-1,-1
1113,37,615,287,36,38,1,-1,-1,-1
1113,38,476,200,26,28,1,-1,-1,-1
1113,40,450,156,19,19,1,-1,-1,-1
1113,41,885,433,135,104,1,-1,-1,-1
1114,1,709,190,19,19,1,-1,-1,-1
1114,2,920,366,100,42,1,-1,-1,-1
1114,4,701,179,19,15,1,-1,-1,-1
1114,5,816,244,43,30,1,-1,-1,-1
1114,8,786,208,36,36,1,-1,-1,-1
1114,11,719,183,58,62,1,-1,-1,-1
1114,13,940,397,82,42,1,-1,-1,-1
1114,19,749,256,39,28,1,-1,-1,-1
1114,30,590,136,15,15,1,-1,-1,-1
1114,31,782,256,148,173,1,-1,-1,-1
1114,33,595,171,24,23,1,-1,-1,-1
1114,35,441,283,36,52,1,-1,-1,-1
1114,36,606,233,30,28,1,-1,-1,-1
1114,37,612,285,36,38,1,-1,-1,-1
1114,38,475,200,26,28,1,-1,-1,-1
1114,40,451,156,19,19,1,-1,-1,-1
1114,41,881,430,139,109,1,-1,-1,-1
1115,1,707,190,19,19,1,-1,-1,-1
1115,2,920,368,101,42,1,-1,-1,-1
1115,4,701,179,19,15,1,-1,-1,-1
1115,5,812,244,44,32,1,-1,-1,-1
1115,8,787,210,33,34,1,-1,-1,-1
1115,11,718,185,57,61,1,-1,-1,-1
1115,13,939,397,84,42,1,-1,-1,-1
1115,19,749,256,39,28,1,-1,-1,-1
1115,30,590,136,15,15,1,-1,-1,-1
1115,31,779,256,147,177,1,-1,-1,-1
1115,33,594,171,24,23,1,-1,-1,-1
1115,35,441,283,36,52,1,-1,-1,-1
1115,36,604,233,30,28,1,-1,-1,-1
1115,37,612,285,36,38,1,-1,-1,-1
1115,38,475,200,27,28,1,-1,-1,-1
1115,40,449,158,20,23,1,-1,-1,-1
1115,41,879,430,141,109,1,-1,-1,-1
1116,1,707,190,19,19,1,-1,-1,-1
1116,2,919,366,99,41,1,-1,-1,-1
1116,4,701,179,19,15,1,-1,-1,-1
1116,5,813,244,44,32,1,-1,-1,-1
1116,8,786,208,35,34,1,-1,-1,-1
1116,11,718,187,58,61,1,-1,-1,-1
1116,13,942,404,81,42,1,-1,-1,-1
1116,19,748,256,39,28,1,-1,-1,-1
1116,30,589,137,15,15,1,-1,-1,-1
1116,31,780,256,147,177,1,-1,-1,-1
1116,33,594,169,24,23,1,-1,-1,-1
1116,35,437,285,36,55,1,-1,-1,-1
1116,36,602,230,30,28,1,-1,-1,-1
1116,37,611,285,36,38,1,-1,-1,-1
1116,38,475,202,26,28,1,-1,-1,-1
1116,40,449,158,19,23,1,-1,-1,-1
1116,41,885,430,137,109,1,-1,-1,-1
1117,1,707,190,19,19,1,-1,-1,-1
1117,2,918,366,99,40,1,-1,-1,-1
1117,4,701,179,19,15,1,-1,-1,-1
1117,5,813,244,44,32,1,-1,-1,-1
1117,8,784,208,36,36,1,-1,-1,-1
1117,11,718,187,57,62,1,-1,-1,-1
1117,13,940,403,80,42,1,-1,-1,-1
1117,19,748,258,37,27,1,-1,-1,-1
1117,30,589,137,15,15,1,-1,-1,-1
1117,31,778,256,146,177,1,-1,-1,-1
1117,33,595,169,24,23,1,-1,-1,-1
1117,35,437,289,36,55,1,-1,-1,-1
1117,36,603,230,28,27,1,-1,-1,-1
1117,37,608,283,39,40,1,-1,-1,-1
1117,38,474,204,26,28,1,-1,-1,-1
1117,40,449,158,19,23,1,-1,-1,-1
1117,41,881,430,137,109,1,-1,-1,-1
1118,1,706,190,19,19,1,-1,-1,-1
1118,2,916,366,99,40,1,-1,-1,-1
1118,4,701,179,19,15,1,-1,-1,-1
1118,5,813,244,43,30,1,-1,-1,-1
1118,8,787,210,34,35,1,-1,-1,-1
1118,11,717,187,56,59,1,-1,-1,-1
1118,13,939,403,83,42,1,-1,-1,-1
1118,19,748,256,37,27,1,-1,-1,-1
1118,30,589,137,15,15,1,-1,-1,-1
1118,31,777,256,148,177,1,-1,-1,-1
1118,33,594,169,24,23,1,-1,-1,-1
1118,35,436,291,36,55,1,-1,-1,-1
1118,36,602,228,30,28,1,-1,-1,-1
1118,37,608,281,40,42,1,-1,-1,-1
1118,38,474,204,27,28,1,-1,-1,-1
1118,40,449,158,19,23,1,-1,-1,-1
1118,41,883,435,140,104,1,-1,-1,-1
1119,1,706,190,19,19,1,-1,-1,-1
1119,2,919,368,91,38,1,-1,-1,-1
1119,4,701,179,19,15,1,-1,-1,-1
1119,5,816,245,37,33,1,-1,-1,-1
1119,8,789,212,32,33,1,-1,-1,-1
1119,11,719,187,56,61,1,-1,-1,-1
1119,13,936,405,83,42,1,-1,-1,-1
1119,19,754,256,30,26,1,-1,-1,-1
1119,30,589,136,14,15,1,-1,-1,-1
1119,31,774,256,147,179,1,-1,-1,-1
1119,33,595,169,23,21,1,-1,-1,-1
1119,35,433,295,36,52,1,-1,-1,-1
1119,36,600,227,30,28,1,-1,-1,-1
1119,37,606,281,40,42,1,-1,-1,-1
1119,38,472,204,27,28,1,-1,-1,-1
1119,40,449,160,19,23,1,-1,-1,-1
1119,41,882,431,139,105,1,-1,-1,-1
1120,1,706,190,19,19,1,-1,-1,-1
1120,2,914,366,99,40,1,-1,-1,-1
1120,4,701,179,19,15,1,-1,-1,-1
1120,5,816,246,36,31,1,-1,-1,-1
1120,8,788,212,33,32,1,-1,-1,-1
1120,11,715,185,58,63,1,-1,-1,-1
1120,13,936,404,85,42,1,-1,-1,-1
1120,19,752,256,31,25,1,-1,-1,-1
1120,30,589,136,14,15,1,-1,-1,-1
1120,31,775,258,143,175,1,-1,-1,-1
1120,33,594,169,24,23,1,-1,-1,-1
1120,35,431,295,36,55,1,-1,-1,-1
1120,36,603,225,24,25,1,-1,-1,-1
1120,37,604,279,40,42,1,-1,-1,-1
1120,38,472,206,27,28,1,-1,-1,-1
1120,40,448,160,19,23,1,-1,-1,-1
1120,41,877,432,144,106,1,-1,-1,-1
1121,1,706,190,19,19,1,-1,-1,-1
1121,2,910,366,104,44,1,-1,-1,-1
1121,4,701,179,19,15,1,-1,-1,-1
1121,5,816,246,36,33,1,-1,-1,-1
1121,8,784,210,35,34,1,-1,-1,-1
1121,11,718,187,54,61,1,-1,-1,-1
1121,13,936,404,87,42,1,-1,-1,-1
1121,19,748,256,35,26,1,-1,-1,-1
1121,30,589,136,14,15,1,-1,-1,-1
1121,31,774,258,143,175,1,-1,-1,-1
1121,33,594,167,24,23,1,-1,-1,-1
1121,35,429,298,36,54,1,-1,-1,-1
1121,36,603,227,22,22,1,-1,-1,-1
1121,37,604,279,39,40,1,-1,-1,-1
1121,38,471,208,27,28,1,-1,-1,-1
1121,40,448,160,19,23,1,-1,-1,-1
1121,41,877,434,143,104,1,-1,-1,-1
1122,1,706,190,19,19,1,-1,-1,-1
1122,2,909,366,104,44,1,-1,-1,-1
1122,4,701,179,19,15,1,-1,-1,-1
1122,5,809,244,43,34,1,-1,-1,-1
1122,8,786,212,33,33,1,-1,-1,-1
1122,11,718,187,50,57,1,-1,-1,-1
1122,13,933,404,88,44,1,-1,-1,-1
1122,19,747,256,34,26,1,-1,-1,-1
1122,30,589,136,14,15,1,-1,-1,-1
1122,31,774,258,143,175,1,-1,-1,-1
1122,33,592,167,24,23,1,-1,-1,-1
1122,35,424,300,40,57,1,-1,-1,-1
1122,36,599,224,24,24,1,-1,-1,-1
1122,37,603,279,37,40,1,-1,-1,-1
1122,38,470,208,27,28,1,-1,-1,-1
1122,40,446,160,19,23,1,-1,-1,-1
1122,41,873,433,148,106,1,-1,-1,-1
1123,1,706,190,19,19,1,-1,-1,-1
1123,2,907,366,107,44,1,-1,-1,-1
1123,4,701,179,19,15,1,-1,-1,-1
1123,5,812,246,37,32,1,-1,-1,-1
1123,8,785,211,33,34,1,-1,-1,-1
1123,11,718,187,53,61,1,-1,-1,-1
1123,13,932,401,90,46,1,-1,-1,-1
1123,19,749,256,32,26,1,-1,-1,-1
1123,30,589,135,14,15,1,-1,-1,-1
1123,31,774,258,141,171,1,-1,-1,-1
1123,33,594,167,24,23,1,-1,-1,-1
1123,35,424,302,39,57,1,-1,-1,-1
1123,36,600,224,26,27,1,-1,-1,-1
1123,37,603,279,37,40,1,-1,-1,-1
1123,38,468,210,27,28,1,-1,-1,-1
1123,40,445,160,19,23,1,-1,-1,-1
1123,41,872,432,151,107,1,-1,-1,-1
1124,1,706,190,19,19,1,-1,-1,-1
1124,2,905,366,111,46,1,-1,-1,-1
1124,4,701,179,19,15,1,-1,-1,-1
1124,5,814,247,40,34,1,-1,-1,-1
1124,8,786,211,34,35,1,-1,-1,-1
1124,11,719,187,50,57,1,-1,-1,-1
1124,13,931,405,92,42,1,-1,-1,-1
1124,19,747,256,34,30,1,-1,-1,-1
1124,30,590,135,14,15,1,-1,-1,-1
1124,31,770,256,143,175,1,-1,-1,-1
1124,33,593,167,23,23,1,-1,-1,-1
1124,35,424,306,37,55,1,-1,-1,-1
1124,36,600,224,24,22,1,-1,-1,-1
1124,37,602,277,37,40,1,-1,-1,-1
1124,38,467,210,27,28,1,-1,-1,-1
1124,40,445,160,19,23,1,-1,-1,-1
1124,41,869,429,153,110,1,-1,-1,-1
1125,1,706,190,19,19,1,-1,-1,-1
1125,2,906,366,104,44,1,-1,-1,-1
1125,4,701,179,19,15,1,-1,-1,-1
1125,5,811,247,37,33,1,-1,-1,-1
1125,8,786,210,33,34,1,-1,-1,-1
1125,11,717,187,53,61,1,-1,-1,-1
1125,13,931,401,92,46,1,-1,-1,-1
1125,19,747,256,33,27,1,-1,-1,-1
1125,30,590,135,14,15,1,-1,-1,-1
1125,31,773,258,141,171,1,-1,-1,-1
1125,33,592,165,24,23,1,-1,-1,-1
1125,35,421,308,37,55,1,-1,-1,-1
1125,36,601,224,22,22,1,-1,-1,-1
1125,37,600,277,37,40,1,-1,-1,-1
1125,38,467,212,27,28,1,-1,-1,-1
1125,40,445,162,19,23,1,-1,-1,-1
1125,41,869,428,152,110,1,-1,-1,-1
1126,1,705,192,19,19,1,-1,-1,-1
1126,2,903,366,108,44,1,-1,-1,-1
1126,4,701,179,19,15,1,-1,-1,-1
1126,5,812,246,39,33,1,-1,-1,-1
1126,8,786,212,32,34,1,-1,-1,-1
1126,11,718,189,49,55,1,-1,-1,-1
1126,13,927,399,95,48,1,-1,-1,-1
1126,19,743,256,36,27,1,-1,-1,-1
1126,30,590,133,14,15,1,-1,-1,-1
1126,31,770,256,143,175,1,-1,-1,-1
1126,33,591,165,24,23,1,-1,-1,-1
1126,35,416,310,40,59,1,-1,-1,-1
1126,36,600,223,22,21,1,-1,-1,-1
1126,37,602,277,36,38,1,-1,-1,-1
1126,38,467,212,27,28,1,-1,-1,-1
1126,40,445,163,19,23,1,-1,-1,-1
1126,41,867,431,155,108,1,-1,-1,-1
1127,1,706,190,19,19,1,-1,-1,-1
1127,2,901,366,113,46,1,-1,-1,-1
1127,4,701,179,19,15,1,-1,-1,-1
1127,5,813,249,40,34,1,-1,-1,-1
1127,8,786,210,35,36,1,-1,-1,-1
1127,11,717,187,53,59,1,-1,-1,-1
1127,13,927,404,96,42,1,-1,-1,-1
1127,19,748,256,31,32,1,-1,-1,-1
1127,30,590,133,14,15,1,-1,-1,-1
1127,31,773,256,140,175,1,-1,-1,-1
1127,33,594,165,22,22,1,-1,-1,-1
1127,35,415,312,40,59,1,-1,-1,-1
1127,36,602,223,22,21,1,-1,-1,-1
1127,37,600,275,36,38,1,-1,-1,-1
1127,38,466,214,27,28,1,-1,-1,-1
1127,40,445,163,19,23,1,-1,-1,-1
1127,41,862,426,159,112,1,-1,-1,-1
1128,1,706,190,19,19,1,-1,-1,-1
1128,2,902,366,108,44,1,-1,-1,-1
1128,4,701,179,19,15,1,-1,-1,-1
1128,5,812,246,40,32,1,-1,-1,-1
1128,8,786,210,36,36,1,-1,-1,-1
1128,11,718,187,53,61,1,-1,-1,-1
1128,13,927,406,95,42,1,-1,-1,-1
1128,19,746,255,34,32,1,-1,-1,-1
1128,30,590,133,14,15,1,-1,-1,-1
1128,31,771,263,139,176,1,-1,-1,-1
1128,33,594,165,22,21,1,-1,-1,-1
1128,35,414,314,41,61,1,-1,-1,-1
1128,36,600,221,22,21,1,-1,-1,-1
1128,37,599,275,36,40,1,-1,-1,-1
1128,38,466,214,27,28,1,-1,-1,-1
1128,40,445,163,19,23,1,-1,-1,-1
1128,41,862,429,161,110,1,-1,-1,-1
1129,1,706,192,19,19,1,-1,-1,-1
1129,2,902,368,107,44,1,-1,-1,-1
1129,4,701,179,19,15,1,-1,-1,-1
1129,5,812,246,40,32,1,-1,-1,-1
1129,8,786,210,36,36,1,-1,-1,-1
1129,11,718,187,53,59,1,-1,-1,-1
1129,13,926,402,97,46,1,-1,-1,-1
1129,19,747,256,31,32,1,-1,-1,-1
1129,30,590,133,14,15,1,-1,-1,-1
1129,31,770,259,137,177,1,-1,-1,-1
1129,33,594,165,22,21,1,-1,-1,-1
1129,35,411,318,40,61,1,-1,-1,-1
1129,36,600,221,22,21,1,-1,-1,-1
1129,37,599,275,36,40,1,-1,-1,-1
1129,38,464,214,27,28,1,-1,-1,-1
1129,40,445,163,19,23,1,-1,-1,-1
1129,41,862,430,159,109,1,-1,-1,-1
1129,42,718,510,70,29,1,-1,-1,-1
1130,1,705,190,19,19,1,-1,-1,-1
1130,2,901,368,108,44,1,-1,-1,-1
1130,4,701,179,19,15,1,-1,-1,-1
1130,5,812,246,40,32,1,-1,-1,-1
1130,8,786,212,35,36,1,-1,-1,-1
1130,11,718,187,53,59,1,-1,-1,-1
1130,13,924,403,98,45,1,-1,-1,-1
1130,19,747,256,31,32,1,-1,-1,-1
1130,30,590,133,14,15,1,-1,-1,-1
1130,31,770,258,138,175,1,-1,-1,-1
1130,33,595,163,22,21,1,-1,-1,-1
1130,35,410,320,41,61,1,-1,-1,-1
1130,36,600,221,22,21,1,-1,-1,-1
1130,37,599,273,37,40,1,-1,-1,-1
1130,38,463,217,27,28,1,-1,-1,-1
1130,40,445,163,19,23,1,-1,-1,-1
1130,41,855,426,162,111,1,-1,-1,-1
1130,42,715,505,66,33,1,-1,-1,-1
1131,1,706,192,19,19,1,-1,-1,-1
1131,2,899,366,111,46,1,-1,-1,-1
1131,4,701,179,19,15,1,-1,-1,-1
1131,5,812,246,40,32,1,-1,-1,-1
1131,8,786,212,36,36,1,-1,-1,-1
1131,11,718,187,53,59,1,-1,-1,-1
1131,13,923,404,99,44,1,-1,-1,-1
1131,19,747,256,31,32,1,-1,-1,-1
1131,30,591,131,14,15,1,-1,-1,-1
1131,31,770,258,137,175,1,-1,-1,-1
1131,33,595,163,22,21,1,-1,-1,-1
1131,35,407,321,44,63,1,-1,-1,-1
1131,36,599,219,22,21,1,-1,-1,-1
1131,37,598,271,40,42,1,-1,-1,-1
1131,38,462,217,28,30,1,-1,-1,-1
1131,40,444,165,19,23,1,-1,-1,-1
1131,41,856,424,166,114,1,-1,-1,-1
1131,42,714,503,69,36,1,-1,-1,-1
1132,1,706,190,19,19,1,-1,-1,-1
1132,2,899,368,107,44,1,-1,-1,-1
1132,4,701,179,19,15,1,-1,-1,-1
1132,5,812,246,40,32,1,-1,-1,-1
1132,8,787,212,33,34,1,-1,-1,-1
1132,11,717,187,54,61,1,-1,-1,-1
1132,13,923,406,100,47,1,-1,-1,-1
1132,19,747,256,31,32,1,-1,-1,-1
1132,30,591,131,14,15,1,-1,-1,-1
1132,31,776,258,127,175,1,-1,-1,-1
1132,33,595,163,22,21,1,-1,-1,-1
1132,35,404,324,44,63,1,-1,-1,-1
1132,36,599,219,22,21,1,-1,-1,-1
1132,37,599,273,39,40,1,-1,-1,-1
1132,38,462,219,28,30,1,-1,-1,-1
1132,40,444,165,19,23,1,-1,-1,-1
1132,41,851,424,170,115,1,-1,-1,-1
1132,42,713,497,69,41,1,-1,-1,-1
1133,2,899,368,107,44,1,-1,-1,-1
1133,4,701,181,19,15,1,-1,-1,-1
1133,5,812,248,40,32,1,-1,-1,-1
1133,8,787,212,33,34,1,-1,-1,-1
1133,11,718,187,54,61,1,-1,-1,-1
1133,13,919,403,103,47,1,-1,-1,-1
1133,19,745,256,31,32,1,-1,-1,-1
1133,30,591,131,14,15,1,-1,-1,-1
1133,31,770,256,135,179,1,-1,-1,-1
1133,33,595,163,22,21,1,-1,-1,-1
1133,35,403,327,45,65,1,-1,-1,-1
1133,36,599,217,22,21,1,-1,-1,-1
1133,37,596,270,40,42,1,-1,-1,-1
1133,38,462,219,28,30,1,-1,-1,-1
1133,40,445,165,19,23,1,-1,-1,-1
1133,41,854,426,167,113,1,-1,-1,-1
1133,42,710,495,68,41,1,-1,-1,-1
1134,2,898,368,111,46,1,-1,-1,-1
1134,4,702,179,19,15,1,-1,-1,-1
1134,5,812,248,40,32,1,-1,-1,-1
1134,8,787,212,35,36,1,-1,-1,-1
1134,11,718,187,54,61,1,-1,-1,-1
1134,13,919,406,104,44,1,-1,-1,-1
1134,19,747,256,31,32,1,-1,-1,-1
1134,30,592,131,14,15,1,-1,-1,-1
1134,31,771,256,133,179,1,-1,-1,-1
1134,33,595,163,22,21,1,-1,-1,-1
1134,35,400,329,44,63,1,-1,-1,-1
1134,36,599,217,22,21,1,-1,-1,-1
1134,37,596,271,39,40,1,-1,-1,-1
1134,38,462,221,28,30,1,-1,-1,-1
1134,40,445,165,19,23,1,-1,-1,-1
1134,41,846,424,158,115,1,-1,-1,-1
1134,42,707,489,68,49,1,-1,-1,-1
1135,2,897,368,108,44,1,-1,-1,-1
1135,4,702,179,19,15,1,-1,-1,-1
1135,5,812,248,40,32,1,-1,-1,-1
1135,8,787,212,35,36,1,-1,-1,-1
1135,11,718,187,54,61,1,-1,-1,-1
1135,13,918,401,105,49,1,-1,-1,-1
1135,19,747,256,31,32,1,-1,-1,-1
1135,30,594,131,14,15,1,-1,-1,-1
1135,31,773,256,130,183,1,-1,-1,-1
1135,33,595,162,22,21,1,-1,-1,-1
1135,35,397,331,47,67,1,-1,-1,-1
1135,36,599,217,22,21,1,-1,-1,-1
1135,37,596,268,39,40,1,-1,-1,-1
1135,38,461,223,28,30,1,-1,-1,-1
1135,40,442,164,23,26,1,-1,-1,-1
1135,41,850,425,163,114,1,-1,-1,-1
1135,42,707,487,67,52,1,-1,-1,-1
1136,2,894,368,111,46,1,-1,-1,-1
1136,4,704,181,19,15,1,-1,-1,-1
1136,5,813,248,37,30,1,-1,-1,-1
1136,8,787,212,35,36,1,-1,-1,-1
1136,11,718,187,53,61,1,-1,-1,-1
1136,13,918,400,104,49,1,-1,-1,-1
1136,19,744,256,31,32,1,-1,-1,-1
1136,30,594,129,14,15,1,-1,-1,-1
1136,31,769,257,133,179,1,-1,-1,-1
1136,33,596,162,22,21,1,-1,-1,-1
1136,35,397,335,44,63,1,-1,-1,-1
1136,36,599,217,22,21,1,-1,-1,-1
1136,37,595,268,39,40,1,-1,-1,-1
1136,38,458,222,30,32,1,-1,-1,-1
1136,40,444,164,23,26,1,-1,-1,-1
1136,41,845,424,167,114,1,-1,-1,-1
1136,42,704,482,68,56,1,-1,-1,-1
1137,2,893,368,111,46,1,-1,-1,-1
1137,3,739,177,23,16,1,-1,-1,-1
1137,4,704,181,19,15,1,-1,-1,-1
1137,5,812,248,40,32,1,-1,-1,-1
1137,8,786,212,36,36,1,-1,-1,-1
1137,11,718,187,53,61,1,-1,-1,-1
1137,13,916,399,104,48,1,-1,-1,-1
1137,19,745,258,31,32,1,-1,-1,-1
1137,30,594,129,14,15,1,-1,-1,-1
1137,31,770,258,130,175,1,-1,-1,-1
1137,33,596,162,22,21,1,-1,-1,-1
1137,35,391,337,48,67,1,-1,-1,-1
1137,36,599,216,22,21,1,-1,-1,-1
1137,37,596,268,36,38,1,-1,-1,-1
1137,38,457,222,31,36,1,-1,-1,-1
1137,40,442,164,23,26,1,-1,-1,-1
1137,41,848,426,162,111,1,-1,-1,-1
1137,42,702,478,67,60,1,-1,-1,-1
1138,2,894,368,107,44,1,-1,-1,-1
1138,3,739,177,23,15,1,-1,-1,-1
1138,4,702,179,19,15,1,-1,-1,-1
1138,5,811,248,41,32,1,-1,-1,-1
1138,8,787,212,36,36,1,-1,-1,-1
1138,11,718,187,53,61,1,-1,-1,-1
1138,13,915,399,105,50,1,-1,-1,-1
1138,19,745,258,31,32,1,-1,-1,-1
1138,30,595,131,14,15,1,-1,-1,-1
1138,31,770,258,130,175,1,-1,-1,-1
1138,33,596,160,22,21,1,-1,-1,-1
1138,35,390,343,44,63,1,-1,-1,-1
1138,36,599,216,22,21,1,-1,-1,-1
1138,37,595,266,36,38,1,-1,-1,-1
1138,38,457,225,30,32,1,-1,-1,-1
1138,40,444,169,19,23,1,-1,-1,-1
1138,41,845,425,156,114,1,-1,-1,-1
1138,42,703,474,66,63,1,-1,-1,-1
1139,2,894,368,108,44,1,-1,-1,-1
1139,3,740,177,23,15,1,-1,-1,-1
1139,4,704,181,19,15,1,-1,-1,-1
1139,5,811,248,41,32,1,-1,-1,-1
1139,8,787,212,35,36,1,-1,-1,-1
1139,11,719,189,50,57,1,-1,-1,-1
1139,13,915,399,105,50,1,-1,-1,-1
1139,19,744,256,31,32,1,-1,-1,-1
1139,30,595,129,14,15,1,-1,-1,-1
1139,31,768,258,133,179,1,-1,-1,-1
1139,33,596,160,22,21,1,-1,-1,-1
1139,35,387,345,48,67,1,-1,-1,-1
1139,36,599,214,22,21,1,-1,-1,-1
1139,37,596,268,35,36,1,-1,-1,-1
1139,38,455,224,31,36,1,-1,-1,-1
1139,40,444,167,22,24,1,-1,-1,-1
1139,41,844,422,156,115,1,-1,-1,-1
1139,42,697,472,69,67,1,-1,-1,-1
1140,2,893,368,108,44,1,-1,-1,-1
1140,3,739,177,23,15,1,-1,-1,-1
1140,4,704,181,19,15,1,-1,-1,-1
1140,5,811,248,41,32,1,-1,-1,-1
1140,8,787,212,35,36,1,-1,-1,-1
1140,11,718,187,53,59,1,-1,-1,-1
1140,13,912,399,109,52,1,-1,-1,-1
1140,19,744,258,31,32,1,-1,-1,-1
1140,30,595,129,14,15,1,-1,-1,-1
1140,31,770,260,130,175,1,-1,-1,-1
1140,33,598,160,22,21,1,-1,-1,-1
1140,35,384,347,49,69,1,-1,-1,-1
1140,36,599,214,22,21,1,-1,-1,-1
1140,37,595,266,35,36,1,-1,-1,-1
1140,38,454,222,34,39,1,-1,-1,-1
1140,40,444,166,23,25,1,-1,-1,-1
1140,41,843,422,152,116,1,-1,-1,-1
1140,42,703,468,60,70,1,-1,-1,-1
1141,2,893,368,108,44,1,-1,-1,-1
1141,3,740,177,23,15,1,-1,-1,-1
1141,4,704,181,19,15,1,-1,-1,-1
1141,5,809,248,41,34,1,-1,-1,-1
1141,8,787,214,35,36,1,-1,-1,-1
1141,11,718,187,53,61,1,-1,-1,-1
1141,13,911,399,109,52,1,-1,-1,-1
1141,19,744,256,31,32,1,-1,-1,-1
1141,30,595,129,14,15,1,-1,-1,-1
1141,31,770,264,125,169,1,-1,-1,-1
1141,33,596,158,22,21,1,-1,-1,-1
1141,35,381,351,49,71,1,-1,-1,-1
1141,36,599,212,22,21,1,-1,-1,-1
1141,37,595,266,35,36,1,-1,-1,-1
1141,38,454,225,32,36,1,-1,-1,-1
1141,40,441,169,22,24,1,-1,-1,-1
1141,41,842,422,151,115,1,-1,-1,-1
1141,42,698,462,61,73,1,-1,-1,-1
1141,44,450,130,20,11,1,-1,-1,-1
1142,2,890,368,111,46,1,-1,-1,-1
1142,3,740,177,23,15,1,-1,-1,-1
1142,4,705,181,19,15,1,-1,-1,-1
1142,5,809,248,41,34,1,-1,-1,-1
1142,8,788,214,32,34,1,-1,-1,-1
1142,11,718,187,53,61,1,-1,-1,-1
1142,13,911,401,108,50,1,-1,-1,-1
1142,19,744,256,31,32,1,-1,-1,-1
1142,30,595,127,14,15,1,-1,-1,-1
1142,31,771,264,122,165,1,-1,-1,-1
1142,33,598,158,22,21,1,-1,-1,-1
1142,35,377,354,49,71,1,-1,-1,-1
1142,36,599,212,22,21,1,-1,-1,-1
1142,37,595,262,33,36,1,-1,-1,-1
1142,38,453,225,32,38,1,-1,-1,-1
1142,40,442,169,22,25,1,-1,-1,-1
1142,41,839,422,151,115,1,-1,-1,-1
1142,42,697,459,66,80,1,-1,-1,-1
1142,44,451,131,19,12,1,-1,-1,-1
1143,2,890,368,108,44,1,-1,-1,-1
1143,3,740,177,23,15,1,-1,-1,-1
1143,4,704,181,19,15,1,-1,-1,-1
1143,5,809,248,40,32,1,-1,-1,-1
1143,8,787,214,35,36,1,-1,-1,-1
1143,11,718,187,53,61,1,-1,-1,-1
1143,13,911,401,111,53,1,-1,-1,-1
1143,19,744,256,31,32,1,-1,-1,-1
1143,30,596,127,14,15,1,-1,-1,-1
1143,31,766,262,128,171,1,-1,-1,-1
1143,33,598,158,22,21,1,-1,-1,-1
1143,35,374,356,52,73,1,-1,-1,-1
1143,36,599,212,22,21,1,-1,-1,-1
1143,37,595,262,35,36,1,-1,-1,-1
1143,38,450,225,35,40,1,-1,-1,-1
1143,40,441,168,24,26,1,-1,-1,-1
1143,41,838,420,151,115,1,-1,-1,-1
1143,42,697,455,63,83,1,-1,-1,-1
1143,44,450,130,19,12,1,-1,-1,-1
1144,2,889,368,111,46,1,-1,-1,-1
1144,3,740,177,23,15,1,-1,-1,-1
1144,4,705,181,19,15,1,-1,-1,-1
1144,5,809,248,40,32,1,-1,-1,-1
1144,8,786,212,35,36,1,-1,-1,-1
1144,11,718,187,53,61,1,-1,-1,-1
1144,13,910,399,113,58,1,-1,-1,-1
1144,19,744,256,30,30,1,-1,-1,-1
1144,30,595,127,14,15,1,-1,-1,-1
1144,31,766,262,128,171,1,-1,-1,-1
1144,33,598,158,22,21,1,-1,-1,-1
1144,35,370,360,53,77,1,-1,-1,-1
1144,36,599,212,22,21,1,-1,-1,-1
1144,37,594,260,35,36,1,-1,-1,-1
1144,38,450,225,36,42,1,-1,-1,-1
1144,40,439,168,25,29,1,-1,-1,-1
1144,41,835,420,151,116,1,-1,-1,-1
1144,42,697,453,60,85,1,-1,-1,-1
1144,44,451,129,19,13,1,-1,-1,-1
1145,2,889,368,108,44,1,-1,-1,-1
1145,3,740,177,23,15,1,-1,-1,-1
1145,4,704,181,19,15,1,-1,-1,-1
1145,5,809,248,40,32,1,-1,-1,-1
1145,8,786,214,35,36,1,-1,-1,-1
1145,11,718,187,53,61,1,-1,-1,-1
1145,13,909,401,111,55,1,-1,-1,-1
1145,19,743,256,31,32,1,-1,-1,-1
1145,30,596,127,14,15,1,-1,-1,-1
1145,31,765,260,130,175,1,-1,-1,-1
1145,33,598,158,22,21,1,-1,-1,-1
1145,35,367,364,53,77,1,-1,-1,-1
1145,36,598,210,22,21,1,-1,-1,-1
1145,37,594,260,35,36,1,-1,-1,-1
1145,38,448,227,37,42,1,-1,-1,-1
1145,39,399,163,17,20,1,-1,-1,-1
1145,40,438,167,24,28,1,-1,-1,-1
1145,41,834,420,151,115,1,-1,-1,-1
1145,42,694,449,59,86,1,-1,-1,-1
1145,44,450,129,18,13,1,-1,-1,-1
1146,2,888,368,108,44,1,-1,-1,-1
1146,3,739,175,23,15,1,-1,-1,-1
1146,4,704,181,19,15,1,-1,-1,-1
1146,5,809,248,40,32,1,-1,-1,-1
1146,8,786,214,35,36,1,-1,-1,-1
1146,11,718,187,53,61,1,-1,-1,-1
1146,13,906,399,116,58,1,-1,-1,-1
1146,19,743,256,31,32,1,-1,-1,-1
1146,30,596,127,14,15,1,-1,-1,-1
1146,31,768,264,125,169,1,-1,-1,-1
1146,33,598,156,22,21,1,-1,-1,-1
1146,35,363,368,54,77,1,-1,-1,-1
1146,36,599,210,22,21,1,-1,-1,-1
1146,37,592,258,33,32,1,-1,-1,-1
1146,38,448,229,36,42,1,-1,-1,-1
1146,39,398,163,16,19,1,-1,-1,-1
1146,40,437,169,24,28,1,-1,-1,-1
1146,41,831,420,151,119,1,-1,-1,-1
1146,42,690,445,63,92,1,-1,-1,-1
1146,44,449,129,17,13,1,-1,-1,-1
1147,2,888,368,108,44,1,-1,-1,-1
1147,3,739,175,23,15,1,-1,-1,-1
1147,4,704,181,19,15,1,-1,-1,-1
1147,5,808,248,40,32,1,-1,-1,-1
1147,8,786,214,35,36,1,-1,-1,-1
1147,11,717,187,53,61,1,-1,-1,-1
1147,13,906,401,116,57,1,-1,-1,-1
1147,19,741,256,31,32,1,-1,-1,-1
1147,30,598,125,14,15,1,-1,-1,-1
1147,31,761,258,130,175,1,-1,-1,-1
1147,33,598,156,22,21,1,-1,-1,-1
1147,35,360,370,53,77,1,-1,-1,-1
1147,36,599,208,22,21,1,-1,-1,-1
1147,37,595,258,28,34,1,-1,-1,-1
1147,38,446,231,36,40,1,-1,-1,-1
1147,39,398,163,16,19,1,-1,-1,-1
1147,40,437,167,26,30,1,-1,-1,-1
1147,41,829,420,151,115,1,-1,-1,-1
1147,42,690,443,59,91,1,-1,-1,-1
1147,44,451,129,16,12,1,-1,-1,-1
1148,2,885,368,109,44,1,-1,-1,-1
1148,3,740,177,23,15,1,-1,-1,-1
1148,4,704,181,19,15,1,-1,-1,-1
1148,5,808,248,40,32,1,-1,-1,-1
1148,8,786,212,36,36,1,-1,-1,-1
1148,11,717,187,51,61,1,-1,-1,-1
1148,13,906,401,116,58,1,-1,-1,-1
1148,19,741,256,31,32,1,-1,-1,-1
1148,31,761,258,127,175,1,-1,-1,-1
1148,33,598,156,22,21,1,-1,-1,-1
1148,35,357,376,54,77,1,-1,-1,-1
1148,36,599,206,22,21,1,-1,-1,-1
1148,37,595,258,27,34,1,-1,-1,-1
1148,38,445,231,36,42,1,-1,-1,-1
1148,39,398,165,16,19,1,-1,-1,-1
1148,40,437,169,24,28,1,-1,-1,-1
1148,41,826,418,155,117,1,-1,-1,-1
1148,42,689,439,61,93,1,-1,-1,-1
1148,44,450,129,17,13,1,-1,-1,-1
1149,2,885,368,108,44,1,-1,-1,-1
1149,3,740,177,23,15,1,-1,-1,-1
1149,4,705,181,19,15,1,-1,-1,-1
1149,5,808,248,40,32,1,-1,-1,-1
1149,8,787,214,33,37,1,-1,-1,-1
1149,11,717,187,53,61,1,-1,-1,-1
1149,13,905,401,118,57,1,-1,-1,-1
1149,19,740,256,31,32,1,-1,-1,-1
1149,31,761,259,125,178,1,-1,-1,-1
1149,33,598,156,22,21,1,-1,-1,-1
1149,35,352,374,60,84,1,-1,-1,-1
1149,36,598,206,22,21,1,-1,-1,-1
1149,37,594,256,28,34,1,-1,-1,-1
1149,38,445,231,37,42,1,-1,-1,-1
1149,39,395,165,16,19,1,-1,-1,-1
1149,40,437,171,24,28,1,-1,-1,-1
1149,41,825,418,155,117,1,-1,-1,-1
1149,42,688,441,57,87,1,-1,-1,-1
1149,44,450,129,16,13,1,-1,-1,-1
1150,2,884,368,109,44,1,-1,-1,-1
1150,3,740,175,23,15,1,-1,-1,-1
1150,4,704,181,19,15,1,-1,-1,-1
1150,5,808,248,40,32,1,-1,-1,-1
1150,8,787,216,32,34,1,-1,-1,-1
1150,11,717,187,53,61,1,-1,-1,-1
1150,13,902,399,117,54,1,-1,-1,-1
1150,19,740,256,31,32,1,-1,-1,-1
1150,31,760,256,128,181,1,-1,-1,-1
1150,33,599,156,22,21,1,-1,-1,-1
1150,35,348,380,61,79,1,-1,-1,-1
1150,36,599,206,22,21,1,-1,-1,-1
1150,37,595,256,27,34,1,-1,-1,-1
1150,38,444,235,36,40,1,-1,-1,-1
1150,39,397,165,16,19,1,-1,-1,-1
1150,40,437,171,24,28,1,-1,-1,-1
1150,41,821,414,160,123,1,-1,-1,-1
1150,42,687,439,55,85,1,-1,-1,-1
1150,44,450,129,16,13,1,-1,-1,-1
1151,2,884,368,108,44,1,-1,-1,-1
1151,3,740,177,23,15,1,-1,-1,-1
1151,4,705,181,19,15,1,-1,-1,-1
1151,5,808,248,40,32,1,-1,-1,-1
1151,8,787,216,31,32,1,-1,-1,-1
1151,11,717,187,50,62,1,-1,-1,-1
1151,13,902,401,118,53,1,-1,-1,-1
1151,19,740,256,31,32,1,-1,-1,-1
1151,31,761,258,125,177,1,-1,-1,-1
1151,33,599,156,22,21,1,-1,-1,-1
1151,35,344,385,61,85,1,-1,-1,-1
1151,36,599,206,22,21,1,-1,-1,-1
1151,37,595,256,27,32,1,-1,-1,-1
1151,38,442,235,36,42,1,-1,-1,-1
1151,39,395,165,16,19,1,-1,-1,-1
1151,40,438,171,24,28,1,-1,-1,-1
1151,41,824,414,158,125,1,-1,-1,-1
1151,42,683,427,60,90,1,-1,-1,-1
1151,44,450,129,16,13,1,-1,-1,-1
1152,2,884,368,108,44,1,-1,-1,-1
1152,3,740,175,23,15,1,-1,-1,-1
1152,4,704,181,19,15,1,-1,-1,-1
1152,5,808,248,41,32,1,-1,-1,-1
1152,8,787,216,32,34,1,-1,-1,-1
1152,11,717,187,49,61,1,-1,-1,-1
1152,13,901,399,122,57,1,-1,-1,-1
1152,19,740,256,31,32,1,-1,-1,-1
1152,31,760,260,125,177,1,-1,-1,-1
1152,33,599,154,22,21,1,-1,-1,-1
1152,35,339,389,61,86,1,-1,-1,-1
1152,36,599,204,22,21,1,-1,-1,-1
1152,37,594,254,27,34,1,-1,-1,-1
1152,38,441,235,37,44,1,-1,-1,-1
1152,39,395,165,16,19,1,-1,-1,-1
1152,40,437,176,22,23,1,-1,-1,-1
1152,41,820,416,159,123,1,-1,-1,-1
1152,42,684,426,58,88,1,-1,-1,-1
1152,44,450,129,16,13,1,-1,-1,-1
1153,2,884,368,108,44,1,-1,-1,-1
1153,3,740,175,23,15,1,-1,-1,-1
1153,4,705,181,19,15,1,-1,-1,-1
1153,5,808,248,40,32,1,-1,-1,-1
1153,8,789,216,30,36,1,-1,-1,-1
1153,11,718,189,47,57,1,-1,-1,-1
1153,13,901,401,122,57,1,-1,-1,-1
1153,19,740,256,31,32,1,-1,-1,-1
1153,31,758,258,128,181,1,-1,-1,-1
1153,33,599,154,22,21,1,-1,-1,-1
1153,35,334,393,62,88,1,-1,-1,-1
1153,36,599,204,22,21,1,-1,-1,-1
1153,37,592,254,28,34,1,-1,-1,-1
1153,38,441,239,36,40,1,-1,-1,-1
1153,39,394,167,16,19,1,-1,-1,-1
1153,40,433,176,24,23,1,-1,-1,-1
1153,41,826,416,148,123,1,-1,-1,-1
1153,42,683,422,58,88,1,-1,-1,-1
1153,44,450,129,16,13,1,-1,-1,-1
1154,2,882,368,108,44,1,-1,-1,-1
1154,3,740,175,23,15,1,-1,-1,-1
1154,4,705,181,19,15,1,-1,-1,-1
1154,5,808,248,40,32,1,-1,-1,-1
1154,8,788,216,30,36,1,-1,-1,-1
1154,11,717,187,49,61,1,-1,-1,-1
1154,13,901,401,122,55,1,-1,-1,-1
1154,19,740,256,31,32,1,-1,-1,-1
1154,31,757,258,128,181,1,-1,-1,-1
1154,33,599,154,22,21,1,-1,-1,-1
1154,35,331,397,66,89,1,-1,-1,-1
1154,36,599,204,22,21,1,-1,-1,-1
1154,37,592,252,28,34,1,-1,-1,-1
1154,38,438,241,36,42,1,-1,-1,-1
1154,39,394,167,16,19,1,-1,-1,-1
1154,40,435,176,21,23,1,-1,-1,-1
1154,41,823,414,147,125,1,-1,-1,-1
1154,42,681,420,57,88,1,-1,-1,-1
1154,43,970,504,53,35,1,-1,-1,-1
1154,44,450,129,16,13,1,-1,-1,-1
1155,2,881,368,108,44,1,-1,-1,-1
1155,3,740,175,23,15,1,-1,-1,-1
1155,4,705,181,19,15,1,-1,-1,-1
1155,5,808,248,40,32,1,-1,-1,-1
1155,8,788,216,30,36,1,-1,-1,-1
1155,11,718,187,49,61,1,-1,-1,-1
1155,13,899,401,122,55,1,-1,-1,-1
1155,19,740,256,31,32,1,-1,-1,-1
1155,31,758,260,120,174,1,-1,-1,-1
1155,33,599,154,22,21,1,-1,-1,-1
1155,35,329,403,66,88,1,-1,-1,-1
1155,36,600,204,22,21,1,-1,-1,-1
1155,37,592,252,28,34,1,-1,-1,-1
1155,38,434,243,39,41,1,-1,-1,-1
1155,39,393,166,22,21,1,-1,-1,-1
1155,40,436,175,22,27,1,-1,-1,-1
1155,41,818,414,148,125,1,-1,-1,-1
1155,42,680,421,55,84,1,-1,-1,-1
1155,43,969,506,52,32,1,-1,-1,-1
1155,44,451,129,16,13,1,-1,-1,-1
1156,2,881,368,108,44,1,-1,-1,-1
1156,3,740,175,23,15,1,-1,-1,-1
1156,4,705,181,19,15,1,-1,-1,-1
1156,5,808,248,40,32,1,-1,-1,-1
1156,8,790,217,28,34,1,-1,-1,-1
1156,11,718,187,49,61,1,-1,-1,-1
1156,13,900,404,122,53,1,-1,-1,-1
1156,19,740,257,31,32,1,-1,-1,-1
1156,31,759,256,119,174,1,-1,-1,-1
1156,33,599,152,22,21,1,-1,-1,-1
1156,35,322,406,70,92,1,-1,-1,-1
1156,36,600,204,22,21,1,-1,-1,-1
1156,37,592,250,28,34,1,-1,-1,-1
1156,38,435,244,37,40,1,-1,-1,-1
1156,39,393,167,23,21,1,-1,-1,-1
1156,40,434,177,21,25,1,-1,-1,-1
1156,41,816,414,153,125,1,-1,-1,-1
1156,42,680,420,57,81,1,-1,-1,-1
1156,43,971,511,50,28,1,-1,-1,-1
1156,44,450,131,16,13,1,-1,-1,-1
1157,2,880,370,108,44,1,-1,-1,-1
1157,3,740,175,23,15,1,-1,-1,-1
1157,4,706,181,19,15,1,-1,-1,-1
1157,5,808,248,40,32,1,-1,-1,-1
1157,8,790,217,28,34,1,-1,-1,-1
1157,11,718,187,49,61,1,-1,-1,-1
1157,13,897,401,123,54,1,-1,-1,-1
1157,19,740,256,31,32,1,-1,-1,-1
1157,31,758,256,118,173,1,-1,-1,-1
1157,33,599,152,22,21,1,-1,-1,-1
1157,35,321,414,66,90,1,-1,-1,-1
1157,36,599,202,22,21,1,-1,-1,-1
1157,37,591,250,30,36,1,-1,-1,-1
1157,38,432,246,39,38,1,-1,-1,-1
1157,39,393,167,22,21,1,-1,-1,-1
1157,40,431,178,27,27,1,-1,-1,-1
1157,41,817,414,145,125,1,-1,-1,-1
1157,42,680,420,52,78,1,-1,-1,-1
1157,43,966,505,56,34,1,-1,-1,-1
1157,44,450,131,16,13,1,-1,-1,-1
1158,2,879,370,108,44,1,-1,-1,-1
1158,3,740,175,23,15,1,-1,-1,-1
1158,4,705,181,19,15,1,-1,-1,-1
1158,5,807,248,41,32,1,-1,-1,-1
1158,8,788,217,30,36,1,-1,-1,-1
1158,11,717,187,50,63,1,-1,-1,-1
1158,13,897,401,123,58,1,-1,-1,-1
1158,19,739,256,31,32,1,-1,-1,-1
1158,31,760,258,117,171,1,-1,-1,-1
1158,33,599,150,22,21,1,-1,-1,-1
1158,35,314,420,66,90,1,-1,-1,-1
1158,36,599,202,22,21,1,-1,-1,-1
1158,37,591,250,28,34,1,-1,-1,-1
1158,38,428,248,41,40,1,-1,-1,-1
1158,39,393,168,22,21,1,-1,-1,-1
1158,40,431,177,27,27,1,-1,-1,-1
1158,41,816,414,144,125,1,-1,-1,-1
1158,42,680,418,51,73,1,-1,-1,-1
1158,43,969,509,53,30,1,-1,-1,-1
1158,44,450,131,16,13,1,-1,-1,-1
1159,2,877,370,108,44,1,-1,-1,-1
1159,3,740,175,23,15,1,-1,-1,-1
1159,4,706,181,19,15,1,-1,-1,-1
1159,5,808,248,40,32,1,-1,-1,-1
1159,8,790,217,30,36,1,-1,-1,-1
1159,11,718,189,48,59,1,-1,-1,-1
1159,13,896,401,124,57,1,-1,-1,-1
1159,19,739,256,31,32,1,-1,-1,-1
1159,31,757,256,118,173,1,-1,-1,-1
1159,33,599,150,22,21,1,-1,-1,-1
1159,35,309,424,70,94,1,-1,-1,-1
1159,36,600,200,22,21,1,-1,-1,-1
1159,37,591,248,30,36,1,-1,-1,-1
1159,38,428,248,41,40,1,-1,-1,-1
1159,39,391,170,23,18,1,-1,-1,-1
1159,40,431,179,26,25,1,-1,-1,-1
1159,41,813,414,144,125,1,-1,-1,-1
1159,42,677,412,53,78,1,-1,-1,-1
1159,43,968,507,52,32,1,-1,-1,-1
1159,44,450,131,16,13,1,-1,-1,-1
1160,2,877,370,108,44,1,-1,-1,-1
1160,3,740,175,23,15,1,-1,-1,-1
1160,4,706,181,19,15,1,-1,-1,-1
1160,5,808,250,40,32,1,-1,-1,-1
1160,8,788,217,30,36,1,-1,-1,-1
1160,11,718,189,49,61,1,-1,-1,-1
1160,13,893,401,122,56,1,-1,-1,-1
1160,19,737,258,31,32,1,-1,-1,-1
1160,31,756,256,121,177,1,-1,-1,-1
1160,33,599,150,22,21,1,-1,-1,-1
1160,35,304,426,73,96,1,-1,-1,-1
1160,36,599,200,22,21,1,-1,-1,-1
1160,37,590,250,30,36,1,-1,-1,-1
1160,38,428,250,40,42,1,-1,-1,-1
1160,39,390,167,25,23,1,-1,-1,-1
1160,40,428,179,26,25,1,-1,-1,-1
1160,41,812,414,144,125,1,-1,-1,-1
1160,42,676,413,53,73,1,-1,-1,-1
1160,43,968,512,51,27,1,-1,-1,-1
1160,44,450,131,16,13,1,-1,-1,-1
1161,2,876,370,108,44,1,-1,-1,-1
1161,3,740,175,23,15,1,-1,-1,-1
1161,4,706,181,19,15,1,-1,-1,-1
1161,5,808,250,40,32,1,-1,-1,-1
1161,8,790,217,30,36,1,-1,-1,-1
1161,11,718,189,49,61,1,-1,-1,-1
1161,13,892,401,125,60,1,-1,-1,-1
1161,19,737,258,31,32,1,-1,-1,-1
1161,31,754,256,121,177,1,-1,-1,-1
1161,33,599,150,22,21,1,-1,-1,-1
1161,35,296,431,76,97,1,-1,-1,-1
1161,36,602,200,22,21,1,-1,-1,-1
1161,37,590,248,30,36,1,-1,-1,-1
1161,38,427,252,39,40,1,-1,-1,-1
1161,39,390,167,24,23,1,-1,-1,-1
1161,40,428,181,26,25,1,-1,-1,-1
1161,41,812,414,144,125,1,-1,-1,-1
1161,42,676,403,53,81,1,-1,-1,-1
1161,43,962,511,58,28,1,-1,-1,-1
1161,44,450,131,16,13,1,-1,-1,-1
1162,2,876,370,108,44,1,-1,-1,-1
1162,3,741,175,23,15,1,-1,-1,-1
1162,4,706,181,19,15,1,-1,-1,-1
1162,5,808,250,40,32,1,-1,-1,-1
1162,8,790,217,30,36,1,-1,-1,-1
1162,11,718,189,49,61,1,-1,-1,-1
1162,13,890,401,125,59,1,-1,-1,-1
1162,19,737,258,31,32,1,-1,-1,-1
1162,31,756,258,118,173,1,-1,-1,-1
1162,33,600,150,22,21,1,-1,-1,-1
1162,35,288,435,78,100,1,-1,-1,-1
1162,36,600,200,22,21,1,-1,-1,-1
1162,37,590,248,30,36,1,-1,-1,-1
1162,38,425,252,39,41,1,-1,-1,-1
1162,39,389,167,24,23,1,-1,-1,-1
1162,40,428,181,26,25,1,-1,-1,-1
1162,41,808,412,147,127,1,-1,-1,-1
1162,42,675,410,52,69,1,-1,-1,-1
1162,43,961,507,60,32,1,-1,-1,-1
1162,44,450,131,16,13,1,-1,-1,-1
1163,2,875,370,108,44,1,-1,-1,-1
1163,3,740,175,23,15,1,-1,-1,-1
1163,4,705,181,19,15,1,-1,-1,-1
1163,5,808,250,40,32,1,-1,-1,-1
1163,8,790,217,30,36,1,-1,-1,-1
1163,11,718,189,49,61,1,-1,-1,-1
1163,13,889,401,125,59,1,-1,-1,-1
1163,19,737,258,32,34,1,-1,-1,-1
1163,31,754,256,121,177,1,-1,-1,-1
1163,33,602,150,22,21,1,-1,-1,-1
1163,35,286,443,78,96,1,-1,-1,-1
1163,36,599,198,22,21,1,-1,-1,-1
1163,37,590,244,30,36,1,-1,-1,-1
1163,38,428,254,36,42,1,-1,-1,-1
1163,39,389,171,24,20,1,-1,-1,-1
1163,40,428,181,27,28,1,-1,-1,-1
1163,41,807,412,147,127,1,-1,-1,-1
1163,42,673,404,52,72,1,-1,-1,-1
1163,43,957,512,66,27,1,-1,-1,-1
1163,44,450,131,16,13,1,-1,-1,-1
1164,2,875,370,108,44,1,-1,-1,-1
1164,3,741,175,23,15,1,-1,-1,-1
1164,4,706,181,19,15,1,-1,-1,-1
1164,5,807,250,40,32,1,-1,-1,-1
1164,8,790,217,30,36,1,-1,-1,-1
1164,11,717,187,53,65,1,-1,-1,-1
1164,13,889,401,125,59,1,-1,-1,-1
1164,19,737,258,31,32,1,-1,-1,-1
1164,31,759,256,111,177,1,-1,-1,-1
1164,33,602,148,22,21,1,-1,-1,-1
1164,35,276,447,82,92,1,-1,-1,-1
1164,36,600,198,22,21,1,-1,-1,-1
1164,37,590,244,27,34,1,-1,-1,-1
1164,38,425,256,36,42,1,-1,-1,-1
1164,39,386,171,24,23,1,-1,-1,-1
1164,40,427,181,28,28,1,-1,-1,-1
1164,41,804,412,151,127,1,-1,-1,-1
1164,42,673,399,50,75,1,-1,-1,-1
1164,43,954,515,67,24,1,-1,-1,-1
1164,44,451,131,16,13,1,-1,-1,-1
1165,2,875,372,108,44,1,-1,-1,-1
1165,3,741,175,23,15,1,-1,-1,-1
1165,4,706,183,19,15,1,-1,-1,-1
1165,5,808,250,40,32,1,-1,-1,-1
1165,8,790,219,30,36,1,-1,-1,-1
1165,11,715,187,53,65,1,-1,-1,-1
1165,13,889,401,125,59,1,-1,-1,-1
1165,19,737,258,31,32,1,-1,-1,-1
1165,31,758,256,109,177,1,-1,-1,-1
1165,33,602,148,22,21,1,-1,-1,-1
1165,35,272,455,80,84,1,-1,-1,-1
1165,36,602,198,22,21,1,-1,-1,-1
1165,37,591,244,27,34,1,-1,-1,-1
1165,38,424,258,36,42,1,-1,-1,-1
1165,39,386,173,24,19,1,-1,-1,-1
1165,40,428,181,28,28,1,-1,-1,-1
1165,41,803,412,151,127,1,-1,-1,-1
1165,42,673,393,49,75,1,-1,-1,-1
1165,43,953,516,69,23,1,-1,-1,-1
1165,44,450,133,16,13,1,-1,-1,-1
1166,2,873,372,108,44,1,-1,-1,-1
1166,3,741,175,23,15,1,-1,-1,-1
1166,4,706,181,19,15,1,-1,-1,-1
1166,5,807,250,40,32,1,-1,-1,-1
1166,8,790,219,30,36,1,-1,-1,-1
1166,11,715,187,53,65,1,-1,-1,-1
1166,13,886,401,125,59,1,-1,-1,-1
1166,19,737,258,31,32,1,-1,-1,-1
1166,31,755,257,112,177,1,-1,-1,-1
1166,33,602,148,22,21,1,-1,-1,-1
1166,35,265,460,86,79,1,-1,-1,-1
1166,36,599,196,22,21,1,-1,-1,-1
1166,37,590,244,27,34,1,-1,-1,-1
1166,38,423,258,36,42,1,-1,-1,-1
1166,39,386,173,23,19,1,-1,-1,-1
1166,40,428,187,25,24,1,-1,-1,-1
1166,41,803,414,147,125,1,-1,-1,-1
1166,42,668,396,53,70,1,-1,-1,-1
1166,43,960,515,63,24,1,-1,-1,-1
1166,44,450,133,16,13,1,-1,-1,-1
1167,2,872,372,109,44,1,-1,-1,-1
1167,3,740,175,23,15,1,-1,-1,-1
1167,4,706,181,19,15,1,-1,-1,-1
1167,5,807,250,40,32,1,-1,-1,-1
1167,8,790,219,30,36,1,-1,-1,-1
1167,11,717,187,53,65,1,-1,-1,-1
1167,13,885,401,125,59,1,-1,-1,-1
1167,19,736,260,30,30,1,-1,-1,-1
1167,31,755,258,109,177,1,-1,-1,-1
1167,33,602,148,22,21,1,-1,-1,-1
1167,35,257,464,91,75,1,-1,-1,-1
1167,36,600,196,22,21,1,-1,-1,-1
1167,37,590,244,27,34,1,-1,-1,-1
1167,38,416,260,41,42,1,-1,-1,-1
1167,39,386,173,23,19,1,-1,-1,-1
1167,40,423,185,27,28,1,-1,-1,-1
1167,41,802,412,140,127,1,-1,-1,-1
1167,42,670,396,50,69,1,-1,-1,-1
1167,43,950,513,70,26,1,-1,-1,-1
1167,44,450,133,16,13,1,-1,-1,-1
1168,2,872,372,108,44,1,-1,-1,-1
1168,3,740,175,23,15,1,-1,-1,-1
1168,4,705,181,19,15,1,-1,-1,-1
1168,5,807,250,39,30,1,-1,-1,-1
1168,8,788,219,31,36,1,-1,-1,-1
1168,11,715,187,53,65,1,-1,-1,-1
1168,13,885,403,125,59,1,-1,-1,-1
1168,19,736,260,30,30,1,-1,-1,-1
1168,31,755,253,107,177,1,-1,-1,-1
1168,33,602,148,22,21,1,-1,-1,-1
1168,35,249,470,94,69,1,-1,-1,-1
1168,36,600,196,22,21,1,-1,-1,-1
1168,37,587,241,28,34,1,-1,-1,-1
1168,38,414,264,41,42,1,-1,-1,-1
1168,39,383,173,26,22,1,-1,-1,-1
1168,40,423,185,27,28,1,-1,-1,-1
1168,41,799,412,140,127,1,-1,-1,-1
1168,42,670,391,48,69,1,-1,-1,-1
1168,43,949,514,74,25,1,-1,-1,-1
1168,44,450,133,16,13,1,-1,-1,-1
1169,2,869,372,108,44,1,-1,-1,-1
1169,3,740,175,23,15,1,-1,-1,-1
1169,4,706,181,19,15,1,-1,-1,-1
1169,5,807,250,39,30,1,-1,-1,-1
1169,8,788,219,28,34,1,-1,-1,-1
1169,11,714,187,53,65,1,-1,-1,-1
1169,13,882,403,125,59,1,-1,-1,-1
1169,19,736,258,30,30,1,-1,-1,-1
1169,31,753,259,108,173,1,-1,-1,-1
1169,33,602,146,22,21,1,-1,-1,-1
1169,35,239,474,100,65,1,-1,-1,-1
1169,36,599,196,23,21,1,-1,-1,-1
1169,37,587,241,28,34,1,-1,-1,-1
1169,38,412,266,42,42,1,-1,-1,-1
1169,39,384,175,23,19,1,-1,-1,-1
1169,40,421,187,27,28,1,-1,-1,-1
1169,41,796,412,144,127,1,-1,-1,-1
1169,42,667,390,48,69,1,-1,-1,-1
1169,43,955,509,65,30,1,-1,-1,-1
1169,44,450,133,16,13,1,-1,-1,-1
1170,2,868,372,108,44,1,-1,-1,-1
1170,3,740,175,23,15,1,-1,-1,-1
1170,4,706,181,19,15,1,-1,-1,-1
1170,5,805,250,40,32,1,-1,-1,-1
1170,8,788,219,30,36,1,-1,-1,-1
1170,11,717,187,52,65,1,-1,-1,-1
1170,13,882,403,125,59,1,-1,-1,-1
1170,19,736,260,28,30,1,-1,-1,-1
1170,31,753,254,107,177,1,-1,-1,-1
1170,33,602,146,22,21,1,-1,-1,-1
1170,35,244,487,86,52,1,-1,-1,-1
1170,36,600,196,22,21,1,-1,-1,-1
1170,37,587,241,27,34,1,-1,-1,-1
1170,38,411,268,40,40,1,-1,-1,-1
1170,39,382,175,23,19,1,-1,-1,-1
1170,40,420,187,28,28,1,-1,-1,-1
1170,41,794,410,144,129,1,-1,-1,-1
1170,42,666,387,48,69,1,-1,-1,-1
1170,43,945,505,75,34,1,-1,-1,-1
1170,44,450,133,16,13,1,-1,-1,-1
1171,2,868,372,108,44,1,-1,-1,-1
1171,3,740,173,23,15,1,-1,-1,-1
1171,4,706,181,19,15,1,-1,-1,-1
1171,5,805,250,40,32,1,-1,-1,-1
1171,8,788,219,30,36,1,-1,-1,-1
1171,11,715,187,52,65,1,-1,-1,-1
1171,13,881,403,125,59,1,-1,-1,-1
1171,19,736,260,28,30,1,-1,-1,-1
1171,31,753,252,108,181,1,-1,-1,-1
1171,33,602,146,22,21,1,-1,-1,-1
1171,35,243,491,77,48,1,-1,-1,-1
1171,36,599,194,22,21,1,-1,-1,-1
1171,37,589,241,27,32,1,-1,-1,-1
1171,38,407,271,40,40,1,-1,-1,-1
1171,39,381,175,23,19,1,-1,-1,-1
1171,40,420,187,28,28,1,-1,-1,-1
1171,41,791,410,143,129,1,-1,-1,-1
1171,42,666,385,48,69,1,-1,-1,-1
1171,43,945,507,75,32,1,-1,-1,-1
1171,44,450,133,16,13,1,-1,-1,-1
1172,2,868,372,108,44,1,-1,-1,-1
1172,3,740,175,23,15,1,-1,-1,-1
1172,4,706,181,19,15,1,-1,-1,-1
1172,5,805,252,37,30,1,-1,-1,-1
1172,8,788,219,30,36,1,-1,-1,-1
1172,11,714,187,53,67,1,-1,-1,-1
1172,13,881,403,125,59,1,-1,-1,-1
1172,19,735,260,27,28,1,-1,-1,-1
1172,31,752,252,108,181,1,-1,-1,-1
1172,33,603,146,22,21,1,-1,-1,-1
1172,35,245,501,73,38,1,-1,-1,-1
1172,36,599,194,22,21,1,-1,-1,-1
1172,37,587,239,28,34,1,-1,-1,-1
1172,38,407,273,41,42,1,-1,-1,-1
1172,39,381,177,23,19,1,-1,-1,-1
1172,40,420,189,27,28,1,-1,-1,-1
1172,41,791,410,139,129,1,-1,-1,-1
1172,42,666,383,45,65,1,-1,-1,-1
1172,43,943,517,80,22,1,-1,-1,-1
1172,44,450,135,16,13,1,-1,-1,-1
1173,2,867,372,108,44,1,-1,-1,-1
1173,3,740,173,23,15,1,-1,-1,-1
1173,4,706,181,19,15,1,-1,-1,-1
1173,5,804,250,40,32,1,-1,-1,-1
1173,8,788,219,30,36,1,-1,-1,-1
1173,11,715,189,50,63,1,-1,-1,-1
1173,13,885,409,119,51,1,-1,-1,-1
1173,19,736,260,27,28,1,-1,-1,-1
1173,31,751,250,111,183,1,-1,-1,-1
1173,33,604,149,20,17,1,-1,-1,-1
1173,35,238,508,74,31,1,-1,-1,-1
1173,36,599,192,22,21,1,-1,-1,-1
1173,37,587,239,28,34,1,-1,-1,-1
1173,38,406,272,43,43,1,-1,-1,-1
1173,39,381,177,23,19,1,-1,-1,-1
1173,40,419,190,27,28,1,-1,-1,-1
1173,41,790,412,138,127,1,-1,-1,-1
1173,42,663,381,50,66,1,-1,-1,-1
1173,43,940,516,81,23,1,-1,-1,-1
1173,44,450,133,16,13,1,-1,-1,-1
1174,2,865,372,108,44,1,-1,-1,-1
1174,3,740,173,23,15,1,-1,-1,-1
1174,4,706,181,19,15,1,-1,-1,-1
1174,5,805,252,37,30,1,-1,-1,-1
1174,8,787,219,31,36,1,-1,-1,-1
1174,11,715,190,49,61,1,-1,-1,-1
1174,13,882,409,127,52,1,-1,-1,-1
1174,19,734,260,28,30,1,-1,-1,-1
1174,31,751,252,111,183,1,-1,-1,-1
1174,33,603,144,22,21,1,-1,-1,-1
1174,35,238,518,68,21,1,-1,-1,-1
1174,36,599,192,22,21,1,-1,-1,-1
1174,37,587,239,27,34,1,-1,-1,-1
1174,38,403,274,45,42,1,-1,-1,-1
1174,39,378,179,23,19,1,-1,-1,-1
1174,40,417,190,27,28,1,-1,-1,-1
1174,41,788,412,138,127,1,-1,-1,-1
1174,42,663,382,48,63,1,-1,-1,-1
1174,43,939,513,84,26,1,-1,-1,-1
1174,44,450,135,16,13,1,-1,-1,-1
1175,2,864,372,108,44,1,-1,-1,-1
1175,3,740,173,23,15,1,-1,-1,-1
1175,4,706,181,19,15,1,-1,-1,-1
1175,5,805,252,37,30,1,-1,-1,-1
1175,8,787,219,30,36,1,-1,-1,-1
1175,11,714,190,49,61,1,-1,-1,-1
1175,13,883,405,122,57,1,-1,-1,-1
1175,19,732,260,30,30,1,-1,-1,-1
1175,31,751,255,102,184,1,-1,-1,-1
1175,33,603,144,22,21,1,-1,-1,-1
1175,36,599,192,22,21,1,-1,-1,-1
1175,37,586,237,28,34,1,-1,-1,-1
1175,38,402,273,44,45,1,-1,-1,-1
1175,39,377,179,23,19,1,-1,-1,-1
1175,40,416,192,27,27,1,-1,-1,-1
1175,41,787,412,138,127,1,-1,-1,-1
1175,42,662,379,48,63,1,-1,-1,-1
1175,43,936,512,86,27,1,-1,-1,-1
1175,44,450,136,16,13,1,-1,-1,-1
1176,2,863,372,108,44,1,-1,-1,-1
1176,3,740,173,23,15,1,-1,-1,-1
1176,4,705,181,19,15,1,-1,-1,-1
1176,5,804,252,37,30,1,-1,-1,-1
1176,8,787,219,28,34,1,-1,-1,-1
1176,11,714,187,53,65,1,-1,-1,-1
1176,13,882,403,121,58,1,-1,-1,-1
1176,19,731,260,30,30,1,-1,-1,-1
1176,31,751,260,103,173,1,-1,-1,-1
1176,33,603,144,22,21,1,-1,-1,-1
1176,36,599,192,22,21,1,-1,-1,-1
1176,37,586,235,28,34,1,-1,-1,-1
1176,38,397,275,47,45,1,-1,-1,-1
1176,39,377,179,23,19,1,-1,-1,-1
1176,40,413,191,30,28,1,-1,-1,-1
1176,41,787,412,138,127,1,-1,-1,-1
1176,42,662,378,47,61,1,-1,-1,-1
1176,43,936,514,87,25,1,-1,-1,-1
1176,44,449,135,16,13,1,-1,-1,-1
1177,2,862,372,108,44,1,-1,-1,-1
1177,3,740,173,23,15,1,-1,-1,-1
1177,4,705,181,19,15,1,-1,-1,-1
1177,5,804,252,39,30,1,-1,-1,-1
1177,8,787,219,31,36,1,-1,-1,-1
1177,11,714,187,53,65,1,-1,-1,-1
1177,13,878,403,122,54,1,-1,-1,-1
1177,19,731,258,31,32,1,-1,-1,-1
1177,31,751,260,103,173,1,-1,-1,-1
1177,33,603,144,22,21,1,-1,-1,-1
1177,36,599,192,22,21,1,-1,-1,-1
1177,37,585,235,27,34,1,-1,-1,-1
1177,38,394,277,47,47,1,-1,-1,-1
1177,39,376,179,25,19,1,-1,-1,-1
1177,40,411,190,31,29,1,-1,-1,-1
1177,41,784,412,138,127,1,-1,-1,-1
1177,42,660,376,47,61,1,-1,-1,-1
1177,43,935,512,88,27,1,-1,-1,-1
1177,44,449,136,18,13,1,-1,-1,-1
1178,2,860,372,108,44,1,-1,-1,-1
1178,3,739,173,23,15,1,-1,-1,-1
1178,4,705,181,19,15,1,-1,-1,-1
1178,5,804,252,40,32,1,-1,-1,-1
1178,8,786,219,30,36,1,-1,-1,-1
1178,11,713,187,53,65,1,-1,-1,-1
1178,13,876,403,125,53,1,-1,-1,-1
1178,19,731,258,31,32,1,-1,-1,-1
1178,31,749,260,103,173,1,-1,-1,-1
1178,33,603,144,22,21,1,-1,-1,-1
1178,36,600,190,22,21,1,-1,-1,-1
1178,37,585,235,27,34,1,-1,-1,-1
1178,38,393,279,47,46,1,-1,-1,-1
1178,39,373,181,27,23,1,-1,-1,-1
1178,40,411,192,31,30,1,-1,-1,-1
1178,41,782,412,138,127,1,-1,-1,-1
1178,42,659,374,47,61,1,-1,-1,-1
1178,43,932,512,90,27,1,-1,-1,-1
1178,44,449,136,18,13,1,-1,-1,-1
1179,2,860,372,108,44,1,-1,-1,-1
1179,3,739,173,23,15,1,-1,-1,-1
1179,4,706,181,19,15,1,-1,-1,-1
1179,5,803,252,40,32,1,-1,-1,-1
1179,8,787,219,30,36,1,-1,-1,-1
1179,11,714,187,49,64,1,-1,-1,-1
1179,13,875,408,125,52,1,-1,-1,-1
1179,19,730,258,31,32,1,-1,-1,-1
1179,31,748,260,103,173,1,-1,-1,-1
1179,33,603,144,22,21,1,-1,-1,-1
1179,36,599,190,22,21,1,-1,-1,-1
1179,37,585,235,27,34,1,-1,-1,-1
1179,38,390,281,47,46,1,-1,-1,-1
1179,39,372,181,26,23,1,-1,-1,-1
1179,40,411,192,28,30,1,-1,-1,-1
1179,41,781,412,138,127,1,-1,-1,-1
1179,42,659,372,47,61,1,-1,-1,-1
1179,43,932,511,90,28,1,-1,-1,-1
1179,44,450,136,18,13,1,-1,-1,-1
1180,2,859,372,108,44,1,-1,-1,-1
1180,3,740,173,23,15,1,-1,-1,-1
1180,4,706,181,19,15,1,-1,-1,-1
1180,5,803,252,40,32,1,-1,-1,-1
1180,8,787,219,30,36,1,-1,-1,-1
1180,11,714,189,48,64,1,-1,-1,-1
1180,13,875,410,125,52,1,-1,-1,-1
1180,19,730,258,31,32,1,-1,-1,-1
1180,31,748,260,105,173,1,-1,-1,-1
1180,33,603,142,22,21,1,-1,-1,-1
1180,36,596,189,22,21,1,-1,-1,-1
1180,37,585,235,27,32,1,-1,-1,-1
1180,38,386,283,47,46,1,-1,-1,-1
1180,39,370,181,27,23,1,-1,-1,-1
1180,40,411,194,28,28,1,-1,-1,-1
1180,41,783,412,129,127,1,-1,-1,-1
1180,42,659,368,47,61,1,-1,-1,-1
1180,43,929,510,92,29,1,-1,-1,-1
1180,44,450,136,18,13,1,-1,-1,-1
1181,2,859,374,108,44,1,-1,-1,-1
1181,3,739,173,23,15,1,-1,-1,-1
1181,4,706,183,19,15,1,-1,-1,-1
1181,5,801,252,40,32,1,-1,-1,-1
1181,8,786,219,31,36,1,-1,-1,-1
1181,11,714,190,48,63,1,-1,-1,-1
1181,13,873,410,125,52,1,-1,-1,-1
1181,19,730,258,31,32,1,-1,-1,-1
1181,31,748,260,103,173,1,-1,-1,-1
1181,33,603,142,22,21,1,-1,-1,-1
1181,36,596,190,22,21,1,-1,-1,-1
1181,37,585,235,27,32,1,-1,-1,-1
1181,38,386,287,44,44,1,-1,-1,-1
1181,39,369,181,27,23,1,-1,-1,-1
1181,40,408,194,30,31,1,-1,-1,-1
1181,41,780,418,131,121,1,-1,-1,-1
1181,42,659,368,44,57,1,-1,-1,-1
1181,43,928,517,94,22,1,-1,-1,-1
1181,44,449,136,18,13,1,-1,-1,-1
1182,2,858,374,109,44,1,-1,-1,-1
1182,3,740,173,23,15,1,-1,-1,-1
1182,4,706,181,19,15,1,-1,-1,-1
1182,5,801,250,40,32,1,-1,-1,-1
1182,8,786,219,31,36,1,-1,-1,-1
1182,11,714,190,46,63,1,-1,-1,-1
1182,13,873,410,122,50,1,-1,-1,-1
1182,19,728,258,31,32,1,-1,-1,-1
1182,31,747,260,103,173,1,-1,-1,-1
1182,33,603,142,22,21,1,-1,-1,-1
1182,36,596,189,22,21,1,-1,-1,-1
1182,37,586,235,26,32,1,-1,-1,-1
1182,38,385,289,43,42,1,-1,-1,-1
1182,39,369,183,27,23,1,-1,-1,-1
1182,40,406,196,33,33,1,-1,-1,-1
1182,41,777,419,131,120,1,-1,-1,-1
1182,42,656,366,47,61,1,-1,-1,-1
1182,43,927,513,95,26,1,-1,-1,-1
1182,44,449,136,18,13,1,-1,-1,-1
1183,2,855,372,109,44,1,-1,-1,-1
1183,3,740,171,23,15,1,-1,-1,-1
1183,4,706,181,19,15,1,-1,-1,-1
1183,5,801,252,40,32,1,-1,-1,-1
1183,8,786,219,31,36,1,-1,-1,-1
1183,11,715,191,47,63,1,-1,-1,-1
1183,13,872,410,125,52,1,-1,-1,-1
1183,19,728,258,31,32,1,-1,-1,-1
1183,31,748,260,96,173,1,-1,-1,-1
1183,33,606,144,17,19,1,-1,-1,-1
1183,36,599,187,22,21,1,-1,-1,-1
1183,37,583,233,27,32,1,-1,-1,-1
1183,38,382,291,46,44,1,-1,-1,-1
1183,39,368,182,30,25,1,-1,-1,-1
1183,40,407,196,32,32,1,-1,-1,-1
1183,41,780,413,127,126,1,-1,-1,-1
1183,42,658,364,44,59,1,-1,-1,-1
1183,43,926,516,96,23,1,-1,-1,-1
1183,44,449,136,18,13,1,-1,-1,-1
1184,2,856,374,108,44,1,-1,-1,-1
1184,3,740,173,23,15,1,-1,-1,-1
1184,4,706,183,19,15,1,-1,-1,-1
1184,5,800,252,40,32,1,-1,-1,-1
1184,8,786,219,31,36,1,-1,-1,-1
1184,11,714,190,47,63,1,-1,-1,-1
1184,13,871,410,125,52,1,-1,-1,-1
1184,19,727,260,31,32,1,-1,-1,-1
1184,31,744,260,103,173,1,-1,-1,-1
1184,33,607,144,18,18,1,-1,-1,-1
1184,36,599,187,22,21,1,-1,-1,-1
1184,37,583,233,27,32,1,-1,-1,-1
1184,38,380,291,44,44,1,-1,-1,-1
1184,39,367,185,27,23,1,-1,-1,-1
1184,40,404,198,33,31,1,-1,-1,-1
1184,41,776,416,126,123,1,-1,-1,-1
1184,42,655,362,47,61,1,-1,-1,-1
1184,43,924,516,97,23,1,-1,-1,-1
1184,44,449,138,18,13,1,-1,-1,-1
1185,2,855,374,109,44,1,-1,-1,-1
1185,3,740,173,23,15,1,-1,-1,-1
1185,4,706,181,19,15,1,-1,-1,-1
1185,5,800,252,40,32,1,-1,-1,-1
1185,8,786,219,31,36,1,-1,-1,-1
1185,11,714,190,47,63,1,-1,-1,-1
1185,13,869,412,125,52,1,-1,-1,-1
1185,19,731,260,22,34,1,-1,-1,-1
1185,31,745,262,100,169,1,-1,-1,-1
1185,33,608,144,18,18,1,-1,-1,-1
1185,36,599,185,22,21,1,-1,-1,-1
1185,37,583,233,27,32,1,-1,-1,-1
1185,38,377,295,50,46,1,-1,-1,-1
1185,39,365,183,30,24,1,-1,-1,-1
1185,40,403,198,31,28,1,-1,-1,-1
1185,41,774,418,130,121,1,-1,-1,-1
1185,42,654,358,47,61,1,-1,-1,-1
1185,43,923,516,99,23,1,-1,-1,-1
1185,44,449,138,18,13,1,-1,-1,-1
1186,2,855,374,108,44,1,-1,-1,-1
1186,3,740,173,23,15,1,-1,-1,-1
1186,4,706,183,19,15,1,-1,-1,-1
1186,5,800,252,36,32,1,-1,-1,-1
1186,8,784,219,31,36,1,-1,-1,-1
1186,11,715,192,44,61,1,-1,-1,-1
1186,13,869,412,125,52,1,-1,-1,-1
1186,19,731,260,22,34,1,-1,-1,-1
1186,31,748,260,98,173,1,-1,-1,-1
1186,33,608,144,18,17,1,-1,-1,-1
1186,36,599,185,22,21,1,-1,-1,-1
1186,37,584,231,27,32,1,-1,-1,-1
1186,38,374,295,47,46,1,-1,-1,-1
1186,39,364,183,30,23,1,-1,-1,-1
1186,40,401,200,33,32,1,-1,-1,-1
1186,41,773,418,130,121,1,-1,-1,-1
1186,42,655,358,44,57,1,-1,-1,-1
1186,43,923,516,100,23,1,-1,-1,-1
1186,44,449,138,18,13,1,-1,-1,-1
1187,2,854,374,109,44,1,-1,-1,-1
1187,3,740,171,23,15,1,-1,-1,-1
1187,4,706,181,19,15,1,-1,-1,-1
1187,5,799,252,36,32,1,-1,-1,-1
1187,8,784,219,31,36,1,-1,-1,-1
1187,11,714,192,44,59,1,-1,-1,-1
1187,13,867,412,128,52,1,-1,-1,-1
1187,19,731,260,22,34,1,-1,-1,-1
1187,31,743,260,99,173,1,-1,-1,-1
1187,33,608,144,18,17,1,-1,-1,-1
1187,36,598,187,22,21,1,-1,-1,-1
1187,37,583,232,27,32,1,-1,-1,-1
1187,38,370,298,48,48,1,-1,-1,-1
1187,39,364,183,30,23,1,-1,-1,-1
1187,40,401,201,32,30,1,-1,-1,-1
1187,41,774,420,125,116,1,-1,-1,-1
1187,42,654,356,45,61,1,-1,-1,-1
1187,43,919,518,103,21,1,-1,-1,-1
1187,44,449,138,18,13,1,-1,-1,-1
1188,2,851,374,112,46,1,-1,-1,-1
1188,3,740,173,23,15,1,-1,-1,-1
1188,4,706,181,19,15,1,-1,-1,-1
1188,5,799,252,36,32,1,-1,-1,-1
1188,8,784,219,31,36,1,-1,-1,-1
1188,11,714,192,43,57,1,-1,-1,-1
1188,13,867,412,125,52,1,-1,-1,-1
1188,19,730,260,22,34,1,-1,-1,-1
1188,31,741,262,98,173,1,-1,-1,-1
1188,33,608,144,18,17,1,-1,-1,-1
1188,36,598,186,22,21,1,-1,-1,-1
1188,37,583,229,27,32,1,-1,-1,-1
1188,38,368,299,51,48,1,-1,-1,-1
1188,39,361,185,30,23,1,-1,-1,-1
1188,40,398,201,33,31,1,-1,-1,-1
1188,41,773,420,125,115,1,-1,-1,-1
1188,42,654,354,45,61,1,-1,-1,-1
1188,43,919,515,104,24,1,-1,-1,-1
1188,44,448,138,18,13,1,-1,-1,-1
1189,2,850,374,112,46,1,-1,-1,-1
1189,3,741,172,21,17,1,-1,-1,-1
1189,4,705,183,19,15,1,-1,-1,-1
1189,5,799,252,36,32,1,-1,-1,-1
1189,8,784,221,31,36,1,-1,-1,-1
1189,11,714,192,43,57,1,-1,-1,-1
1189,13,865,412,125,52,1,-1,-1,-1
1189,19,728,260,22,34,1,-1,-1,-1
1189,31,740,262,97,173,1,-1,-1,-1
1189,33,608,142,18,17,1,-1,-1,-1
1189,36,597,187,22,21,1,-1,-1,-1
1189,37,584,228,27,32,1,-1,-1,-1
1189,38,365,302,54,48,1,-1,-1,-1
1189,39,360,185,30,23,1,-1,-1,-1
1189,40,397,202,32,30,1,-1,-1,-1
1189,41,771,418,125,120,1,-1,-1,-1
1189,42,654,354,43,55,1,-1,-1,-1
1189,43,918,518,105,21,1,-1,-1,-1
1189,44,448,138,18,13,1,-1,-1,-1
1190,2,850,374,112,46,1,-1,-1,-1
1190,3,740,171,20,17,1,-1,-1,-1
1190,4,703,181,20,16,1,-1,-1,-1
1190,5,799,252,36,32,1,-1,-1,-1
1190,8,784,221,31,36,1,-1,-1,-1
1190,11,714,192,41,55,1,-1,-1,-1
1190,13,867,412,122,50,1,-1,-1,-1
1190,19,728,260,22,34,1,-1,-1,-1
1190,31,740,262,97,173,1,-1,-1,-1
1190,33,608,142,18,17,1,-1,-1,-1
1190,36,598,185,22,21,1,-1,-1,-1
1190,37,583,227,27,32,1,-1,-1,-1
1190,38,364,304,51,47,1,-1,-1,-1
1190,39,359,187,30,23,1,-1,-1,-1
1190,40,394,202,33,32,1,-1,-1,-1
1190,41,768,417,125,122,1,-1,-1,-1
1190,42,651,352,44,57,1,-1,-1,-1
1190,43,915,518,106,21,1,-1,-1,-1
1190,44,446,138,18,13,1,-1,-1,-1
1191,2,847,374,112,46,1,-1,-1,-1
1191,3,740,171,20,17,1,-1,-1,-1
1191,4,705,181,19,15,1,-1,-1,-1
1191,5,799,252,36,32,1,-1,-1,-1
1191,8,784,221,31,36,1,-1,-1,-1
1191,11,714,192,40,55,1,-1,-1,-1
1191,13,864,412,125,52,1,-1,-1,-1
1191,19,728,262,22,32,1,-1,-1,-1
1191,31,740,262,97,173,1,-1,-1,-1
1191,33,608,142,18,17,1,-1,-1,-1
1191,36,599,184,22,21,1,-1,-1,-1
1191,37,583,225,27,32,1,-1,-1,-1
1191,38,359,306,53,51,1,-1,-1,-1
1191,39,356,187,31,25,1,-1,-1,-1
1191,40,394,204,32,30,1,-1,-1,-1
1191,41,767,414,123,125,1,-1,-1,-1
1191,42,651,349,44,57,1,-1,-1,-1
1191,43,915,516,108,23,1,-1,-1,-1
1191,44,448,138,18,13,1,-1,-1,-1
1192,2,847,374,112,46,1,-1,-1,-1
1192,3,740,171,20,17,1,-1,-1,-1
1192,4,705,181,19,15,1,-1,-1,-1
1192,5,799,252,36,32,1,-1,-1,-1
1192,8,784,221,31,36,1,-1,-1,-1
1192,11,714,192,40,54,1,-1,-1,-1
1192,13,863,412,125,52,1,-1,-1,-1
1192,19,727,260,22,34,1,-1,-1,-1
1192,31,740,262,97,173,1,-1,-1,-1
1192,33,608,142,18,17,1,-1,-1,-1
1192,36,599,184,21,19,1,-1,-1,-1
1192,37,581,222,26,30,1,-1,-1,-1
1192,38,355,308,53,52,1,-1,-1,-1
1192,39,356,187,30,23,1,-1,-1,-1
1192,40,393,204,33,32,1,-1,-1,-1
1192,41,765,414,122,125,1,-1,-1,-1
1192,42,650,347,44,59,1,-1,-1,-1
1192,43,914,518,109,21,1,-1,-1,-1
1192,44,446,138,18,13,1,-1,-1,-1
1193,2,846,374,112,46,1,-1,-1,-1
1193,3,740,171,20,17,1,-1,-1,-1
1193,4,706,181,19,15,1,-1,-1,-1
1193,5,798,252,36,32,1,-1,-1,-1
1193,8,783,221,31,36,1,-1,-1,-1
1193,11,714,192,40,55,1,-1,-1,-1
1193,13,860,412,125,52,1,-1,-1,-1
1193,19,727,260,22,34,1,-1,-1,-1
1193,31,739,262,97,173,1,-1,-1,-1
1193,33,609,140,18,17,1,-1,-1,-1
1193,36,599,183,19,19,1,-1,-1,-1
1193,37,582,222,27,32,1,-1,-1,-1
1193,38,352,312,53,52,1,-1,-1,-1
1193,39,356,189,30,23,1,-1,-1,-1
1193,40,390,206,35,32,1,-1,-1,-1
1193,41,769,416,116,121,1,-1,-1,-1
1193,42,651,345,43,57,1,-1,-1,-1
1193,43,910,518,112,21,1,-1,-1,-1
1193,44,446,138,18,13,1,-1,-1,-1
1194,2,846,374,109,44,1,-1,-1,-1
1194,3,741,171,20,17,1,-1,-1,-1
1194,4,705,183,19,15,1,-1,-1,-1
1194,5,798,252,36,32,1,-1,-1,-1
1194,8,783,221,31,36,1,-1,-1,-1
1194,11,713,194,40,55,1,-1,-1,-1
1194,13,859,412,128,52,1,-1,-1,-1
1194,19,727,260,22,34,1,-1,-1,-1
1194,31,737,262,97,173,1,-1,-1,-1
1194,33,609,140,18,17,1,-1,-1,-1
1194,36,599,181,22,21,1,-1,-1,-1
1194,37,583,223,24,27,1,-1,-1,-1
1194,38,350,314,53,50,1,-1,-1,-1
1194,39,355,189,31,23,1,-1,-1,-1
1194,40,391,206,32,30,1,-1,-1,-1
1194,41,766,416,116,123,1,-1,-1,-1
1194,42,650,345,41,55,1,-1,-1,-1
1194,43,910,518,108,21,1,-1,-1,-1
1194,44,446,140,18,13,1,-1,-1,-1
1195,2,843,374,112,46,1,-1,-1,-1
1195,3,740,171,20,17,1,-1,-1,-1
1195,4,706,181,19,15,1,-1,-1,-1
1195,5,796,252,36,32,1,-1,-1,-1
1195,8,783,221,31,36,1,-1,-1,-1
1195,11,711,192,40,55,1,-1,-1,-1
1195,13,859,412,125,52,1,-1,-1,-1
1195,19,727,260,22,34,1,-1,-1,-1
1195,31,735,260,100,175,1,-1,-1,-1
1195,33,609,140,18,17,1,-1,-1,-1
1195,36,600,182,18,20,1,-1,-1,-1
1195,37,584,223,24,27,1,-1,-1,-1
1195,38,346,314,53,52,1,-1,-1,-1
1195,39,352,190,30,23,1,-1,-1,-1
1195,40,389,208,31,30,1,-1,-1,-1
1195,41,765,414,116,124,1,-1,-1,-1
1195,42,650,343,40,52,1,-1,-1,-1
1195,43,907,518,112,21,1,-1,-1,-1
1195,44,446,140,18,13,1,-1,-1,-1
1196,2,842,374,112,46,1,-1,-1,-1
1196,3,740,171,20,17,1,-1,-1,-1
1196,4,706,183,19,15,1,-1,-1,-1
1196,5,796,252,36,32,1,-1,-1,-1
1196,8,783,221,31,36,1,-1,-1,-1
1196,11,710,192,43,57,1,-1,-1,-1
1196,13,858,412,125,52,1,-1,-1,-1
1196,19,726,260,22,34,1,-1,-1,-1
1196,31,736,262,97,173,1,-1,-1,-1
1196,33,611,140,18,17,1,-1,-1,-1
1196,36,598,179,22,21,1,-1,-1,-1
1196,37,584,223,24,23,1,-1,-1,-1
1196,38,343,318,53,52,1,-1,-1,-1
1196,39,351,190,31,23,1,-1,-1,-1
1196,40,386,209,36,31,1,-1,-1,-1
1196,41,764,414,116,117,1,-1,-1,-1
1196,42,647,341,41,55,1,-1,-1,-1
1196,43,906,518,113,20,1,-1,-1,-1
1196,44,446,140,18,13,1,-1,-1,-1
1197,2,842,374,112,46,1,-1,-1,-1
1197,3,740,169,20,17,1,-1,-1,-1
1197,4,705,181,19,15,1,-1,-1,-1
1197,5,795,252,36,32,1,-1,-1,-1
1197,8,782,221,31,36,1,-1,-1,-1
1197,11,710,192,43,57,1,-1,-1,-1
1197,13,856,412,125,52,1,-1,-1,-1
1197,19,724,260,22,34,1,-1,-1,-1
1197,31,734,262,97,173,1,-1,-1,-1
1197,33,611,140,18,17,1,-1,-1,-1
1197,36,599,181,19,19,1,-1,-1,-1
1197,37,584,222,24,28,1,-1,-1,-1
1197,38,339,322,53,50,1,-1,-1,-1
1197,39,348,192,31,23,1,-1,-1,-1
1197,40,385,210,32,30,1,-1,-1,-1
1197,41,761,414,115,123,1,-1,-1,-1
1197,42,649,339,40,52,1,-1,-1,-1
1197,43,903,518,117,21,1,-1,-1,-1
1197,44,445,140,18,13,1,-1,-1,-1
1198,2,841,374,112,46,1,-1,-1,-1
1198,3,740,169,20,17,1,-1,-1,-1
1198,4,702,183,19,15,1,-1,-1,-1
1198,5,795,252,36,32,1,-1,-1,-1
1198,8,782,221,31,36,1,-1,-1,-1
1198,11,710,192,43,57,1,-1,-1,-1
1198,13,855,412,125,52,1,-1,-1,-1
1198,19,724,260,22,34,1,-1,-1,-1
1198,31,734,262,97,173,1,-1,-1,-1
1198,33,611,138,18,17,1,-1,-1,-1
1198,36,597,180,22,21,1,-1,-1,-1
1198,37,584,222,24,25,1,-1,-1,-1
1198,38,338,322,53,52,1,-1,-1,-1
1198,39,347,192,31,23,1,-1,-1,-1
1198,40,382,212,32,30,1,-1,-1,-1
1198,41,761,416,115,121,1,-1,-1,-1
1198,42,647,339,40,54,1,-1,-1,-1
1198,43,903,518,117,21,1,-1,-1,-1
1198,44,445,140,18,13,1,-1,-1,-1
1199,2,839,374,112,46,1,-1,-1,-1
1199,3,740,169,20,17,1,-1,-1,-1
1199,4,701,183,19,15,1,-1,-1,-1
1199,5,795,252,36,32,1,-1,-1,-1
1199,8,782,221,31,36,1,-1,-1,-1
1199,11,710,192,43,57,1,-1,-1,-1
1199,13,854,412,125,52,1,-1,-1,-1
1199,19,723,260,22,34,1,-1,-1,-1
1199,31,732,262,97,173,1,-1,-1,-1
1199,33,611,138,18,17,1,-1,-1,-1
1199,36,599,179,19,19,1,-1,-1,-1
1199,37,582,220,23,27,1,-1,-1,-1
1199,38,331,325,57,55,1,-1,-1,-1
1199,39,346,192,30,23,1,-1,-1,-1
1199,40,381,212,33,32,1,-1,-1,-1
1199,41,760,416,115,122,1,-1,-1,-1
1199,42,647,337,39,52,1,-1,-1,-1
1199,43,902,522,121,17,1,-1,-1,-1
1199,44,445,140,18,13,1,-1,-1,-1
1200,2,839,374,112,46,1,-1,-1,-1
1200,3,740,169,20,17,1,-1,-1,-1
1200,4,701,183,19,15,1,-1,-1,-1
1200,5,794,252,39,34,1,-1,-1,-1
1200,8,782,221,31,36,1,-1,-1,-1
1200,11,710,189,46,62,1,-1,-1,-1
1200,13,852,412,128,52,1,-1,-1,-1
1200,19,723,260,22,34,1,-1,-1,-1
1200,31,732,262,97,173,1,-1,-1,-1
1200,33,611,138,18,17,1,-1,-1,-1
1200,36,599,179,20,19,1,-1,-1,-1
1200,37,582,219,23,27,1,-1,-1,-1
1200,38,330,327,57,55,1,-1,-1,-1
1200,39,346,194,30,23,1,-1,-1,-1
1200,40,379,210,35,37,1,-1,-1,-1
1200,41,756,414,120,123,1,-1,-1,-1
1200,42,646,337,40,52,1,-1,-1,-1
1200,43,901,516,122,23,1,-1,-1,-1
1200,44,445,140,18,13,1,-1,-1,-1
1201,2,838,374,112,46,1,-1,-1,-1
1201,3,740,169,20,17,1,-1,-1,-1
1201,4,701,183,19,15,1,-1,-1,-1
1201,5,795,252,36,32,1,-1,-1,-1
1201,8,782,221,31,36,1,-1,-1,-1
1201,11,710,190,43,57,1,-1,-1,-1
1201,13,851,412,128,52,1,-1,-1,-1
1201,19,723,260,22,34,1,-1,-1,-1
1201,31,735,262,89,173,1,-1,-1,-1
1201,33,611,138,18,17,1,-1,-1,-1
1201,36,599,178,20,19,1,-1,-1,-1
1201,37,582,217,23,27,1,-1,-1,-1
1201,38,325,329,60,57,1,-1,-1,-1
1201,39,343,196,30,23,1,-1,-1,-1
1201,40,379,212,34,36,1,-1,-1,-1
1201,41,757,416,113,123,1,-1,-1,-1
1201,42,646,335,39,52,1,-1,-1,-1
1201,43,898,518,124,21,1,-1,-1,-1
1201,44,445,140,18,13,1,-1,-1,-1
1202,2,838,374,109,44,1,-1,-1,-1
1202,3,739,169,20,17,1,-1,-1,-1
1202,4,701,183,19,15,1,-1,-1,-1
1202,5,795,252,36,32,1,-1,-1,-1
1202,8,781,221,31,36,1,-1,-1,-1
1202,11,711,190,40,60,1,-1,-1,-1
1202,13,848,412,130,54,1,-1,-1,-1
1202,19,722,260,22,34,1,-1,-1,-1
1202,31,730,262,97,173,1,-1,-1,-1
1202,33,611,138,18,17,1,-1,-1,-1
1202,36,599,177,20,19,1,-1,-1,-1
1202,37,581,217,23,27,1,-1,-1,-1
1202,38,321,333,60,57,1,-1,-1,-1
1202,39,339,196,33,25,1,-1,-1,-1
1202,40,375,212,36,37,1,-1,-1,-1
1202,41,754,416,109,122,1,-1,-1,-1
1202,42,646,333,40,52,1,-1,-1,-1
1202,43,897,518,126,21,1,-1,-1,-1
1202,44,445,140,18,13,1,-1,-1,-1
1203,2,834,379,109,41,1,-1,-1,-1
1203,3,740,169,20,17,1,-1,-1,-1
1203,4,701,183,19,15,1,-1,-1,-1
1203,5,792,252,37,34,1,-1,-1,-1
1203,8,779,221,31,36,1,-1,-1,-1
1203,11,711,190,41,60,1,-1,-1,-1
1203,13,846,412,133,55,1,-1,-1,-1
1203,19,722,260,22,34,1,-1,-1,-1
1203,31,732,261,90,167,1,-1,-1,-1
1203,33,611,136,18,17,1,-1,-1,-1
1203,36,599,178,20,18,1,-1,-1,-1
1203,37,582,217,23,27,1,-1,-1,-1
1203,38,316,335,61,59,1,-1,-1,-1
1203,39,337,196,32,25,1,-1,-1,-1
1203,40,373,212,36,36,1,-1,-1,-1
1203,41,753,416,115,122,1,-1,-1,-1
1203,42,643,331,41,53,1,-1,-1,-1
1203,43,893,518,126,21,1,-1,-1,-1
1203,44,442,142,18,13,1,-1,-1,-1
1204,2,833,379,108,40,1,-1,-1,-1
1204,3,739,169,20,17,1,-1,-1,-1
1204,4,701,183,19,15,1,-1,-1,-1
1204,5,792,252,37,34,1,-1,-1,-1
1204,8,779,221,31,36,1,-1,-1,-1
1204,11,708,190,45,62,1,-1,-1,-1
1204,13,846,412,128,52,1,-1,-1,-1
1204,19,720,260,22,34,1,-1,-1,-1
1204,31,734,262,88,167,1,-1,-1,-1
1204,33,611,136,18,17,1,-1,-1,-1
1204,36,599,177,19,17,1,-1,-1,-1
1204,37,581,217,23,27,1,-1,-1,-1
1204,38,312,337,61,59,1,-1,-1,-1
1204,39,336,196,33,28,1,-1,-1,-1
1204,40,373,216,33,34,1,-1,-1,-1
1204,41,752,416,113,121,1,-1,-1,-1
1204,42,641,333,42,49,1,-1,-1,-1
1204,43,892,518,131,21,1,-1,-1,-1
1204,44,442,142,18,13,1,-1,-1,-1
1205,2,830,379,111,42,1,-1,-1,-1
1205,3,737,169,20,17,1,-1,-1,-1
1205,4,700,183,19,15,1,-1,-1,-1
1205,5,792,252,36,32,1,-1,-1,-1
1205,8,779,221,31,36,1,-1,-1,-1
1205,11,709,192,41,57,1,-1,-1,-1
1205,13,846,412,128,52,1,-1,-1,-1
1205,19,719,260,22,34,1,-1,-1,-1
1205,31,727,262,97,173,1,-1,-1,-1
1205,33,611,136,18,17,1,-1,-1,-1
1205,36,599,177,19,17,1,-1,-1,-1
1205,37,581,216,22,25,1,-1,-1,-1
1205,38,309,338,65,63,1,-1,-1,-1
1205,39,335,196,31,25,1,-1,-1,-1
1205,40,372,217,35,34,1,-1,-1,-1
1205,41,748,414,116,123,1,-1,-1,-1
1205,42,642,330,41,51,1,-1,-1,-1
1205,43,890,518,129,21,1,-1,-1,-1
1205,44,441,142,18,13,1,-1,-1,-1
1206,2,830,379,111,42,1,-1,-1,-1
1206,3,739,169,20,17,1,-1,-1,-1
1206,4,700,183,19,15,1,-1,-1,-1
1206,5,791,252,36,32,1,-1,-1,-1
1206,8,778,221,31,36,1,-1,-1,-1
1206,11,706,190,44,61,1,-1,-1,-1
1206,13,843,412,130,54,1,-1,-1,-1
1206,19,719,260,22,34,1,-1,-1,-1
1206,31,732,262,84,173,1,-1,-1,-1
1206,33,611,136,18,17,1,-1,-1,-1
1206,36,599,177,19,17,1,-1,-1,-1
1206,37,582,215,23,27,1,-1,-1,-1
1206,38,305,340,65,60,1,-1,-1,-1
1206,39,334,196,31,25,1,-1,-1,-1
1206,40,368,218,38,36,1,-1,-1,-1
1206,41,747,414,115,124,1,-1,-1,-1
1206,42,641,327,40,52,1,-1,-1,-1
1206,43,889,518,132,21,1,-1,-1,-1
1206,44,442,142,18,13,1,-1,-1,-1
1207,2,828,379,113,42,1,-1,-1,-1
1207,3,737,167,20,17,1,-1,-1,-1
1207,4,700,183,19,15,1,-1,-1,-1
1207,5,791,252,36,32,1,-1,-1,-1
1207,8,778,221,31,36,1,-1,-1,-1
1207,11,706,190,44,61,1,-1,-1,-1
1207,13,845,412,122,53,1,-1,-1,-1
1207,19,718,260,22,34,1,-1,-1,-1
1207,31,730,262,82,173,1,-1,-1,-1
1207,33,611,136,18,17,1,-1,-1,-1
1207,36,599,177,19,17,1,-1,-1,-1
1207,37,581,214,23,27,1,-1,-1,-1
1207,38,295,344,71,67,1,-1,-1,-1
1207,39,333,197,33,25,1,-1,-1,-1
1207,40,367,219,39,36,1,-1,-1,-1
1207,41,744,414,114,124,1,-1,-1,-1
1207,42,637,329,47,49,1,-1,-1,-1
1207,43,888,518,131,21,1,-1,-1,-1
1207,44,441,142,18,13,1,-1,-1,-1
1208,2,826,379,113,42,1,-1,-1,-1
1208,3,737,167,20,17,1,-1,-1,-1
1208,4,701,181,19,15,1,-1,-1,-1
1208,5,791,252,37,34,1,-1,-1,-1
1208,8,778,221,31,36,1,-1,-1,-1
1208,11,706,190,44,61,1,-1,-1,-1
1208,13,847,412,120,54,1,-1,-1,-1
1208,19,718,260,22,34,1,-1,-1,-1
1208,31,731,262,83,173,1,-1,-1,-1
1208,33,612,135,18,17,1,-1,-1,-1
1208,36,599,177,19,17,1,-1,-1,-1
1208,37,582,214,23,27,1,-1,-1,-1
1208,38,291,345,70,69,1,-1,-1,-1
1208,39,329,200,38,25,1,-1,-1,-1
1208,40,367,221,37,36,1,-1,-1,-1
1208,41,745,416,116,121,1,-1,-1,-1
1208,42,640,324,39,52,1,-1,-1,-1
1208,43,884,518,137,21,1,-1,-1,-1
1208,44,442,142,18,13,1,-1,-1,-1
1209,2,828,379,111,42,1,-1,-1,-1
1209,3,739,167,20,17,1,-1,-1,-1
1209,4,700,183,19,15,1,-1,-1,-1
1209,5,791,252,37,34,1,-1,-1,-1
1209,8,778,221,31,36,1,-1,-1,-1
1209,11,706,190,44,61,1,-1,-1,-1
1209,13,844,411,120,54,1,-1,-1,-1
1209,19,718,260,22,34,1,-1,-1,-1
1209,31,728,262,83,173,1,-1,-1,-1
1209,33,612,135,18,17,1,-1,-1,-1
1209,36,599,175,19,17,1,-1,-1,-1
1209,37,581,214,23,27,1,-1,-1,-1
1209,38,288,347,70,67,1,-1,-1,-1
1209,39,327,200,37,27,1,-1,-1,-1
1209,40,364,223,37,36,1,-1,-1,-1
1209,41,744,416,113,120,1,-1,-1,-1
1209,42,637,320,44,55,1,-1,-1,-1
1209,43,881,518,142,21,1,-1,-1,-1
1209,44,442,142,18,13,1,-1,-1,-1
1210,2,826,379,113,42,1,-1,-1,-1
1210,3,739,167,20,17,1,-1,-1,-1
1210,4,701,183,19,15,1,-1,-1,-1
1210,5,791,252,37,34,1,-1,-1,-1
1210,8,778,219,31,36,1,-1,-1,-1
1210,11,706,190,44,61,1,-1,-1,-1
1210,13,842,410,120,54,1,-1,-1,-1
1210,19,718,260,22,34,1,-1,-1,-1
1210,31,729,264,84,173,1,-1,-1,-1
1210,33,612,135,18,17,1,-1,-1,-1
1210,36,599,175,19,17,1,-1,-1,-1
1210,37,582,212,23,27,1,-1,-1,-1
1210,38,283,354,70,66,1,-1,-1,-1
1210,39,326,200,36,27,1,-1,-1,-1
1210,40,363,223,37,36,1,-1,-1,-1
1210,41,744,416,110,122,1,-1,-1,-1
1210,42,638,322,40,52,1,-1,-1,-1
1210,43,879,518,144,21,1,-1,-1,-1
1210,44,442,142,18,13,1,-1,-1,-1
1211,2,829,378,109,44,1,-1,-1,-1
1211,3,739,167,20,17,1,-1,-1,-1
1211,4,701,183,19,15,1,-1,-1,-1
1211,5,790,252,37,34,1,-1,-1,-1
1211,8,778,219,31,36,1,-1,-1,-1
1211,11,706,190,44,61,1,-1,-1,-1
1211,13,842,410,120,54,1,-1,-1,-1
1211,19,718,260,22,34,1,-1,-1,-1
1211,31,727,262,84,173,1,-1,-1,-1
1211,33,613,135,18,17,1,-1,-1,-1
1211,36,599,173,19,17,1,-1,-1,-1
1211,37,582,212,23,27,1,-1,-1,-1
1211,38,279,355,74,68,1,-1,-1,-1
1211,39,323,202,36,27,1,-1,-1,-1
1211,40,360,225,37,36,1,-1,-1,-1
1211,41,740,414,113,124,1,-1,-1,-1
1211,42,638,320,40,52,1,-1,-1,-1
1211,43,876,518,142,21,1,-1,-1,-1
1212,2,830,377,110,46,1,-1,-1,-1
1212,3,737,167,20,17,1,-1,-1,-1
1212,4,700,183,19,15,1,-1,-1,-1
1212,5,790,252,37,34,1,-1,-1,-1
1212,8,778,219,31,36,1,-1,-1,-1
1212,11,706,190,44,61,1,-1,-1,-1
1212,13,841,412,120,54,1,-1,-1,-1
1212,19,718,260,22,34,1,-1,-1,-1
1212,31,727,262,82,172,1,-1,-1,-1
1212,33,613,133,18,17,1,-1,-1,-1
1212,36,600,173,19,17,1,-1,-1,-1
1212,37,582,210,23,28,1,-1,-1,-1
1212,38,272,356,77,70,1,-1,-1,-1
1212,39,322,202,36,27,1,-1,-1,-1
1212,40,359,225,37,36,1,-1,-1,-1
1212,41,740,414,111,123,1,-1,-1,-1
1212,42,638,318,40,52,1,-1,-1,-1
1212,43,875,518,146,21,1,-1,-1,-1
1213,2,827,379,111,44,1,-1,-1,-1
1213,3,739,167,20,17,1,-1,-1,-1
1213,4,701,183,19,15,1,-1,-1,-1
1213,5,788,252,37,34,1,-1,-1,-1
1213,8,778,219,31,36,1,-1,-1,-1
1213,11,705,190,44,61,1,-1,-1,-1
1213,13,839,412,120,54,1,-1,-1,-1
1213,19,717,260,22,34,1,-1,-1,-1
1213,31,729,263,85,173,1,-1,-1,-1
1213,33,613,133,18,17,1,-1,-1,-1
1213,36,600,173,19,17,1,-1,-1,-1
1213,37,582,210,23,27,1,-1,-1,-1
1213,38,266,359,79,76,1,-1,-1,-1
1213,39,321,202,36,27,1,-1,-1,-1
1213,40,356,227,37,36,1,-1,-1,-1
1213,41,739,416,113,122,1,-1,-1,-1
1213,42,637,316,40,52,1,-1,-1,-1
1213,43,877,520,134,19,1,-1,-1,-1
1214,2,826,381,109,42,1,-1,-1,-1
1214,3,737,167,20,17,1,-1,-1,-1
1214,4,700,183,19,15,1,-1,-1,-1
1214,5,788,252,37,34,1,-1,-1,-1
1214,8,778,219,31,36,1,-1,-1,-1
1214,11,706,190,44,61,1,-1,-1,-1
1214,13,838,412,121,55,1,-1,-1,-1
1214,19,717,260,22,34,1,-1,-1,-1
1214,31,724,262,83,173,1,-1,-1,-1
1214,33,613,135,16,14,1,-1,-1,-1
1214,36,600,173,19,17,1,-1,-1,-1
1214,37,581,210,23,28,1,-1,-1,-1
1214,38,265,362,75,75,1,-1,-1,-1
1214,39,318,204,36,27,1,-1,-1,-1
1214,40,351,229,42,37,1,-1,-1,-1
1214,41,732,414,114,125,1,-1,-1,-1
1214,42,638,316,39,50,1,-1,-1,-1
1214,43,876,520,134,19,1,-1,-1,-1
1215,2,829,382,105,41,1,-1,-1,-1
1215,3,737,165,20,17,1,-1,-1,-1
1215,4,700,183,19,15,1,-1,-1,-1
1215,5,790,252,36,32,1,-1,-1,-1
1215,8,777,219,31,36,1,-1,-1,-1
1215,11,705,190,44,61,1,-1,-1,-1
1215,13,838,412,120,54,1,-1,-1,-1
1215,19,717,260,22,34,1,-1,-1,-1
1215,31,724,262,82,173,1,-1,-1,-1
1215,33,612,135,15,13,1,-1,-1,-1
1215,36,602,171,19,17,1,-1,-1,-1
1215,37,581,210,23,28,1,-1,-1,-1
1215,38,259,366,74,75,1,-1,-1,-1
1215,39,317,204,36,27,1,-1,-1,-1
1215,40,349,231,40,39,1,-1,-1,-1
1215,41,731,414,113,125,1,-1,-1,-1
1215,42,637,316,36,48,1,-1,-1,-1
1215,43,872,518,139,21,1,-1,-1,-1
1216,2,818,379,117,44,1,-1,-1,-1
1216,3,737,165,20,17,1,-1,-1,-1
1216,4,701,183,19,15,1,-1,-1,-1
1216,5,790,252,36,32,1,-1,-1,-1
1216,8,777,219,31,36,1,-1,-1,-1
1216,11,706,190,44,61,1,-1,-1,-1
1216,13,838,412,120,54,1,-1,-1,-1
1216,19,717,260,22,34,1,-1,-1,-1
1216,31,723,262,80,173,1,-1,-1,-1
1216,33,613,136,15,13,1,-1,-1,-1
1216,36,602,171,19,17,1,-1,-1,-1
1216,37,582,208,23,28,1,-1,-1,-1
1216,38,256,370,74,75,1,-1,-1,-1
1216,39,317,206,36,27,1,-1,-1,-1
1216,40,347,231,44,39,1,-1,-1,-1
1216,41,731,414,113,125,1,-1,-1,-1
1216,42,637,316,36,48,1,-1,-1,-1
1216,43,869,518,142,21,1,-1,-1,-1
1217,2,818,381,116,44,1,-1,-1,-1
1217,3,739,165,20,17,1,-1,-1,-1
1217,4,701,183,19,15,1,-1,-1,-1
1217,5,790,252,36,32,1,-1,-1,-1
1217,8,777,219,31,36,1,-1,-1,-1
1217,11,705,190,44,61,1,-1,-1,-1
1217,13,837,412,120,54,1,-1,-1,-1
1217,19,717,260,22,34,1,-1,-1,-1
1217,31,727,262,78,172,1,-1,-1,-1
1217,33,615,135,15,13,1,-1,-1,-1
1217,36,602,171,19,17,1,-1,-1,-1
1217,37,582,208,23,28,1,-1,-1,-1
1217,38,249,372,75,75,1,-1,-1,-1
1217,39,316,206,36,27,1,-1,-1,-1
1217,40,347,233,43,38,1,-1,-1,-1
1217,41,731,416,109,119,1,-1,-1,-1
1217,42,638,316,35,44,1,-1,-1,-1
1217,43,868,520,142,19,1,-1,-1,-1
1218,2,820,381,113,42,1,-1,-1,-1
1218,3,740,165,20,17,1,-1,-1,-1
1218,4,701,183,19,15,1,-1,-1,-1
1218,5,791,254,34,35,1,-1,-1,-1
1218,8,778,219,31,36,1,-1,-1,-1
1218,11,706,190,44,61,1,-1,-1,-1
1218,13,835,412,120,54,1,-1,-1,-1
1218,19,717,260,22,34,1,-1,-1,-1
1218,31,727,262,78,171,1,-1,-1,-1
1218,33,615,133,15,13,1,-1,-1,-1
1218,36,603,171,19,17,1,-1,-1,-1
1218,37,582,206,23,28,1,-1,-1,-1
1218,38,244,376,79,79,1,-1,-1,-1
1218,39,313,208,36,27,1,-1,-1,-1
1218,40,346,235,43,38,1,-1,-1,-1
1218,41,731,416,107,117,1,-1,-1,-1
1218,42,638,314,33,44,1,-1,-1,-1
1218,43,868,520,142,19,1,-1,-1,-1
1219,2,820,381,113,42,1,-1,-1,-1
1219,3,740,165,19,17,1,-1,-1,-1
1219,4,701,183,19,15,1,-1,-1,-1
1219,5,790,252,36,35,1,-1,-1,-1
1219,8,778,219,31,36,1,-1,-1,-1
1219,11,705,190,44,61,1,-1,-1,-1
1219,13,834,412,120,54,1,-1,-1,-1
1219,19,717,260,22,34,1,-1,-1,-1
1219,31,727,262,78,171,1,-1,-1,-1
1219,33,616,133,15,13,1,-1,-1,-1
1219,36,603,171,19,17,1,-1,-1,-1
1219,37,582,206,23,28,1,-1,-1,-1
1219,38,240,376,83,84,1,-1,-1,-1
1219,39,313,208,36,27,1,-1,-1,-1
1219,40,343,235,43,38,1,-1,-1,-1
1219,41,727,414,112,123,1,-1,-1,-1
1219,42,637,312,36,46,1,-1,-1,-1
1219,43,865,520,146,19,1,-1,-1,-1
1220,2,818,381,113,42,1,-1,-1,-1
1220,3,741,165,19,17,1,-1,-1,-1
1220,4,701,183,19,15,1,-1,-1,-1
1220,5,791,254,35,36,1,-1,-1,-1
1220,8,778,219,31,36,1,-1,-1,-1
1220,11,706,190,45,63,1,-1,-1,-1
1220,13,834,412,120,54,1,-1,-1,-1
1220,19,717,260,22,34,1,-1,-1,-1
1220,31,726,262,78,171,1,-1,-1,-1
1220,33,617,133,15,13,1,-1,-1,-1
1220,36,603,169,19,17,1,-1,-1,-1
1220,37,583,206,23,28,1,-1,-1,-1
1220,38,235,381,83,84,1,-1,-1,-1
1220,39,312,210,36,25,1,-1,-1,-1
1220,40,343,237,41,36,1,-1,-1,-1
1220,41,727,416,109,119,1,-1,-1,-1
1220,42,637,310,36,46,1,-1,-1,-1
1220,43,864,520,146,19,1,-1,-1,-1
1221,2,818,381,113,42,1,-1,-1,-1
1221,3,741,163,19,17,1,-1,-1,-1
1221,4,701,183,19,15,1,-1,-1,-1
1221,5,791,254,33,36,1,-1,-1,-1
1221,8,778,219,31,36,1,-1,-1,-1
1221,11,706,190,45,63,1,-1,-1,-1
1221,13,833,412,120,54,1,-1,-1,-1
1221,19,715,260,22,34,1,-1,-1,-1
1221,31,724,262,78,171,1,-1,-1,-1
1221,33,617,133,15,13,1,-1,-1,-1
1221,36,603,169,19,17,1,-1,-1,-1
1221,37,583,206,23,27,1,-1,-1,-1
1221,38,233,387,80,81,1,-1,-1,-1
1221,39,309,210,36,25,1,-1,-1,-1
1221,40,339,237,44,38,1,-1,-1,-1
1221,41,727,416,109,119,1,-1,-1,-1
1221,42,637,310,36,46,1,-1,-1,-1
1221,43,864,520,142,19,1,-1,-1,-1
1222,2,817,381,113,42,1,-1,-1,-1
1222,3,741,165,19,17,1,-1,-1,-1
1222,4,701,183,19,15,1,-1,-1,-1
1222,5,791,254,33,34,1,-1,-1,-1
1222,8,778,219,31,36,1,-1,-1,-1
1222,11,706,190,45,63,1,-1,-1,-1
1222,13,833,412,120,54,1,-1,-1,-1
1222,19,715,260,22,34,1,-1,-1,-1
1222,31,724,262,78,171,1,-1,-1,-1
1222,33,619,133,15,13,1,-1,-1,-1
1222,36,603,169,19,17,1,-1,-1,-1
1222,37,585,206,23,27,1,-1,-1,-1
1222,38,227,390,83,84,1,-1,-1,-1
1222,39,308,210,36,27,1,-1,-1,-1
1222,40,338,239,41,36,1,-1,-1,-1
1222,41,724,414,109,123,1,-1,-1,-1
1222,42,637,310,35,44,1,-1,-1,-1
1222,43,863,520,142,19,1,-1,-1,-1
1223,2,822,380,113,42,1,-1,-1,-1
1223,3,741,163,19,17,1,-1,-1,-1
1223,4,702,183,19,15,1,-1,-1,-1
1223,5,790,252,35,36,1,-1,-1,-1
1223,8,778,221,31,36,1,-1,-1,-1
1223,11,706,190,45,63,1,-1,-1,-1
1223,13,832,412,120,54,1,-1,-1,-1
1223,19,714,260,22,34,1,-1,-1,-1
1223,31,723,262,78,171,1,-1,-1,-1
1223,33,619,133,15,13,1,-1,-1,-1
1223,36,604,169,19,17,1,-1,-1,-1
1223,37,583,204,23,28,1,-1,-1,-1
1223,38,218,393,90,84,1,-1,-1,-1
1223,39,305,212,36,27,1,-1,-1,-1
1223,40,335,241,43,38,1,-1,-1,-1
1223,41,724,416,100,119,1,-1,-1,-1
1223,42,637,308,36,46,1,-1,-1,-1
1223,43,859,520,146,19,1,-1,-1,-1
1224,2,817,381,113,42,1,-1,-1,-1
1224,3,743,163,19,17,1,-1,-1,-1
1224,4,704,183,19,15,1,-1,-1,-1
1224,5,791,252,35,38,1,-1,-1,-1
1224,8,778,219,31,36,1,-1,-1,-1
1224,11,706,190,45,63,1,-1,-1,-1
1224,13,830,412,120,54,1,-1,-1,-1
1224,19,714,262,22,32,1,-1,-1,-1
1224,31,723,262,78,171,1,-1,-1,-1
1224,33,620,131,15,13,1,-1,-1,-1
1224,36,606,167,19,17,1,-1,-1,-1
1224,37,583,204,23,27,1,-1,-1,-1
1224,38,210,397,94,88,1,-1,-1,-1
1224,39,305,214,36,27,1,-1,-1,-1
1224,40,334,243,44,38,1,-1,-1,-1
1224,41,723,416,100,119,1,-1,-1,-1
1224,42,634,304,40,52,1,-1,-1,-1
1224,43,859,522,142,17,1,-1,-1,-1
1225,2,822,381,109,38,1,-1,-1,-1
1225,3,741,163,19,17,1,-1,-1,-1
1225,4,702,183,19,15,1,-1,-1,-1
1225,5,791,254,35,36,1,-1,-1,-1
1225,8,778,221,31,36,1,-1,-1,-1
1225,11,706,192,44,61,1,-1,-1,-1
1225,13,830,412,120,54,1,-1,-1,-1
1225,19,714,260,22,34,1,-1,-1,-1
1225,31,720,262,78,171,1,-1,-1,-1
1225,33,620,131,15,13,1,-1,-1,-1
1225,36,606,167,19,17,1,-1,-1,-1
1225,37,586,202,23,28,1,-1,-1,-1
1225,38,210,401,90,90,1,-1,-1,-1
1225,39,303,214,36,27,1,-1,-1,-1
1225,40,331,246,43,38,1,-1,-1,-1
1225,41,722,414,102,123,1,-1,-1,-1
1225,42,634,304,39,50,1,-1,-1,-1
1225,43,859,522,142,17,1,-1,-1,-1
1226,2,813,381,116,44,1,-1,-1,-1
1226,3,743,163,19,17,1,-1,-1,-1
1226,4,704,183,19,15,1,-1,-1,-1
1226,5,791,254,35,34,1,-1,-1,-1
1226,8,778,221,31,36,1,-1,-1,-1
1226,11,706,190,44,61,1,-1,-1,-1
1226,13,832,414,117,52,1,-1,-1,-1
1226,19,714,262,22,34,1,-1,-1,-1
1226,31,720,262,78,171,1,-1,-1,-1
1226,33,621,131,15,13,1,-1,-1,-1
1226,36,606,167,19,17,1,-1,-1,-1
1226,37,586,202,23,28,1,-1,-1,-1
1226,38,203,406,90,90,1,-1,-1,-1
1226,39,303,214,36,27,1,-1,-1,-1
1226,40,329,248,43,38,1,-1,-1,-1
1226,41,719,414,101,123,1,-1,-1,-1
1226,42,636,304,39,50,1,-1,-1,-1
1226,43,859,522,142,17,1,-1,-1,-1
1227,2,815,383,113,42,1,-1,-1,-1
1227,3,743,163,19,17,1,-1,-1,-1
1227,4,705,183,19,15,1,-1,-1,-1
1227,5,791,254,35,37,1,-1,-1,-1
1227,8,778,221,31,36,1,-1,-1,-1
1227,11,706,190,44,61,1,-1,-1,-1
1227,13,829,414,117,52,1,-1,-1,-1
1227,19,714,262,22,34,1,-1,-1,-1
1227,31,717,262,78,171,1,-1,-1,-1
1227,33,621,131,15,13,1,-1,-1,-1
1227,36,607,167,19,17,1,-1,-1,-1
1227,37,586,202,23,27,1,-1,-1,-1
1227,38,197,410,94,94,1,-1,-1,-1
1227,39,300,217,38,25,1,-1,-1,-1
1227,40,326,248,44,38,1,-1,-1,-1
1227,41,718,414,99,123,1,-1,-1,-1
1227,42,637,302,36,46,1,-1,-1,-1
1227,43,856,522,146,17,1,-1,-1,-1
1228,2,815,383,113,42,1,-1,-1,-1
1228,3,743,163,19,17,1,-1,-1,-1
1228,5,791,254,36,35,1,-1,-1,-1
1228,8,778,221,31,36,1,-1,-1,-1
1228,11,706,190,44,61,1,-1,-1,-1
1228,13,828,414,120,54,1,-1,-1,-1
1228,19,714,262,22,34,1,-1,-1,-1
1228,31,720,262,78,171,1,-1,-1,-1
1228,33,623,131,15,13,1,-1,-1,-1
1228,36,608,167,19,17,1,-1,-1,-1
1228,37,588,202,24,25,1,-1,-1,-1
1228,38,188,414,99,98,1,-1,-1,-1
1228,39,296,217,40,29,1,-1,-1,-1
1228,40,322,248,45,40,1,-1,-1,-1
1228,41,718,416,99,123,1,-1,-1,-1
1228,42,637,302,36,46,1,-1,-1,-1
1228,43,855,522,142,17,1,-1,-1,-1
1229,2,813,383,113,42,1,-1,-1,-1
1229,3,743,163,19,17,1,-1,-1,-1
1229,5,791,254,36,35,1,-1,-1,-1
1229,8,778,221,31,36,1,-1,-1,-1
1229,11,706,190,44,61,1,-1,-1,-1
1229,13,828,414,120,54,1,-1,-1,-1
1229,19,714,260,22,34,1,-1,-1,-1
1229,31,716,265,75,169,1,-1,-1,-1
1229,33,623,129,15,13,1,-1,-1,-1
1229,36,608,165,19,17,1,-1,-1,-1
1229,37,587,200,23,25,1,-1,-1,-1
1229,38,184,418,96,96,1,-1,-1,-1
1229,39,295,218,43,28,1,-1,-1,-1
1229,40,322,250,45,40,1,-1,-1,-1
1229,41,715,414,99,125,1,-1,-1,-1
1229,42,637,302,35,44,1,-1,-1,-1
1229,43,854,522,146,17,1,-1,-1,-1
1229,45,513,508,69,31,1,-1,-1,-1
1230,2,812,383,116,44,1,-1,-1,-1
1230,3,743,162,19,17,1,-1,-1,-1
1230,5,791,254,36,35,1,-1,-1,-1
1230,8,778,221,31,36,1,-1,-1,-1
1230,11,706,190,44,61,1,-1,-1,-1
1230,13,828,414,120,54,1,-1,-1,-1
1230,19,714,260,22,34,1,-1,-1,-1
1230,31,719,264,75,169,1,-1,-1,-1
1230,33,624,129,15,13,1,-1,-1,-1
1230,36,608,165,19,17,1,-1,-1,-1
1230,37,590,200,23,25,1,-1,-1,-1
1230,38,177,426,94,94,1,-1,-1,-1
1230,39,292,219,43,28,1,-1,-1,-1
1230,40,320,252,44,40,1,-1,-1,-1
1230,41,718,417,93,122,1,-1,-1,-1
1230,42,637,302,35,44,1,-1,-1,-1
1230,43,854,522,139,17,1,-1,-1,-1
1230,45,513,503,70,33,1,-1,-1,-1
1231,2,817,383,110,40,1,-1,-1,-1
1231,3,743,162,19,17,1,-1,-1,-1
1231,5,791,254,36,38,1,-1,-1,-1
1231,8,778,221,31,36,1,-1,-1,-1
1231,11,706,192,44,61,1,-1,-1,-1
1231,13,826,414,120,54,1,-1,-1,-1
1231,19,714,260,22,34,1,-1,-1,-1
1231,31,716,263,75,169,1,-1,-1,-1
1231,33,625,129,15,13,1,-1,-1,-1
1231,36,608,165,19,17,1,-1,-1,-1
1231,37,590,198,23,25,1,-1,-1,-1
1231,38,171,430,96,96,1,-1,-1,-1
1231,39,291,219,43,28,1,-1,-1,-1
1231,40,317,254,44,40,1,-1,-1,-1
1231,41,716,414,93,125,1,-1,-1,-1
1231,42,637,304,36,40,1,-1,-1,-1
1231,43,852,522,139,17,1,-1,-1,-1
1231,45,510,499,73,40,1,-1,-1,-1
1232,2,818,380,106,46,1,-1,-1,-1
1232,3,744,162,19,17,1,-1,-1,-1
1232,5,791,254,36,32,1,-1,-1,-1
1232,8,778,221,31,36,1,-1,-1,-1
1232,11,706,192,44,61,1,-1,-1,-1
1232,13,825,414,120,54,1,-1,-1,-1
1232,19,714,260,22,34,1,-1,-1,-1
1232,31,715,264,75,169,1,-1,-1,-1
1232,33,625,129,15,13,1,-1,-1,-1
1232,36,609,163,19,17,1,-1,-1,-1
1232,37,590,198,23,25,1,-1,-1,-1
1232,38,159,431,104,96,1,-1,-1,-1
1232,39,289,221,42,27,1,-1,-1,-1
1232,40,312,252,47,44,1,-1,-1,-1
1232,41,716,416,93,123,1,-1,-1,-1
1232,42,635,303,36,46,1,-1,-1,-1
1232,43,851,522,139,17,1,-1,-1,-1
1232,45,511,495,69,44,1,-1,-1,-1
1233,2,817,381,105,46,1,-1,-1,-1
1233,3,744,160,19,17,1,-1,-1,-1
1233,5,791,254,33,37,1,-1,-1,-1
1233,8,779,221,31,36,1,-1,-1,-1
1233,11,707,192,43,63,1,-1,-1,-1
1233,13,825,414,120,54,1,-1,-1,-1
1233,19,714,260,22,34,1,-1,-1,-1
1233,31,717,264,75,169,1,-1,-1,-1
1233,33,625,129,15,13,1,-1,-1,-1
1233,36,608,163,19,17,1,-1,-1,-1
1233,37,590,198,23,25,1,-1,-1,-1
1233,38,150,433,108,102,1,-1,-1,-1
1233,39,288,221,42,27,1,-1,-1,-1
1233,40,310,256,48,42,1,-1,-1,-1
1233,41,713,416,93,123,1,-1,-1,-1
1233,42,634,302,36,46,1,-1,-1,-1
1233,43,851,522,137,17,1,-1,-1,-1
1233,45,510,491,74,47,1,-1,-1,-1
1234,2,817,381,105,46,1,-1,-1,-1
1234,3,744,160,19,17,1,-1,-1,-1
1234,5,791,254,34,35,1,-1,-1,-1
1234,8,778,219,31,36,1,-1,-1,-1
1234,11,706,192,43,63,1,-1,-1,-1
1234,13,825,414,120,54,1,-1,-1,-1
1234,19,713,260,22,34,1,-1,-1,-1
1234,31,712,264,75,169,1,-1,-1,-1
1234,33,625,129,15,13,1,-1,-1,-1
1234,36,609,160,19,17,1,-1,-1,-1
1234,37,590,198,23,25,1,-1,-1,-1
1234,38,147,440,105,99,1,-1,-1,-1
1234,39,285,223,42,29,1,-1,-1,-1
1234,40,307,254,48,46,1,-1,-1,-1
1234,41,710,414,96,125,1,-1,-1,-1
1234,42,634,302,36,46,1,-1,-1,-1
1234,43,851,522,139,17,1,-1,-1,-1
1234,45,513,487,68,51,1,-1,-1,-1
1235,2,816,381,108,46,1,-1,-1,-1
1235,3,744,160,19,17,1,-1,-1,-1
1235,5,791,254,33,34,1,-1,-1,-1
1235,8,778,221,31,36,1,-1,-1,-1
1235,11,706,192,43,63,1,-1,-1,-1
1235,13,825,414,120,54,1,-1,-1,-1
1235,19,713,260,22,34,1,-1,-1,-1
1235,31,713,264,75,169,1,-1,-1,-1
1235,33,625,127,15,13,1,-1,-1,-1
1235,36,609,162,19,17,1,-1,-1,-1
1235,37,590,198,23,25,1,-1,-1,-1
1235,38,137,445,112,91,1,-1,-1,-1
1235,39,283,225,42,28,1,-1,-1,-1
1235,40,304,254,50,48,1,-1,-1,-1
1235,41,715,414,89,125,1,-1,-1,-1
1235,42,634,300,36,46,1,-1,-1,-1
1235,43,847,522,142,17,1,-1,-1,-1
1235,45,514,484,72,55,1,-1,-1,-1
1236,2,816,381,105,46,1,-1,-1,-1
1236,3,743,160,19,17,1,-1,-1,-1
1236,5,791,254,33,34,1,-1,-1,-1
1236,8,778,221,31,36,1,-1,-1,-1
1236,11,706,192,43,63,1,-1,-1,-1
1236,13,822,414,120,54,1,-1,-1,-1
1236,19,713,260,22,34,1,-1,-1,-1
1236,31,713,264,75,169,1,-1,-1,-1
1236,33,625,127,15,13,1,-1,-1,-1
1236,36,609,160,20,17,1,-1,-1,-1
1236,37,590,196,23,25,1,-1,-1,-1
1236,38,132,449,109,90,1,-1,-1,-1
1236,39,280,225,43,29,1,-1,-1,-1
1236,40,302,255,52,49,1,-1,-1,-1
1236,41,708,417,93,122,1,-1,-1,-1
1236,42,633,298,37,48,1,-1,-1,-1
1236,43,846,522,142,17,1,-1,-1,-1
1236,45,514,480,70,58,1,-1,-1,-1
1237,2,815,381,105,46,1,-1,-1,-1
1237,3,743,160,19,17,1,-1,-1,-1
1237,5,790,254,33,34,1,-1,-1,-1
1237,8,778,221,31,36,1,-1,-1,-1
1237,11,706,192,40,61,1,-1,-1,-1
1237,13,821,414,120,54,1,-1,-1,-1
1237,19,713,262,22,34,1,-1,-1,-1
1237,31,712,264,74,165,1,-1,-1,-1
1237,33,625,127,15,13,1,-1,-1,-1
1237,36,608,160,20,19,1,-1,-1,-1
1237,37,590,196,23,25,1,-1,-1,-1
1237,38,125,453,108,86,1,-1,-1,-1
1237,39,278,227,43,29,1,-1,-1,-1
1237,40,298,258,54,51,1,-1,-1,-1
1237,41,707,414,94,125,1,-1,-1,-1
1237,42,634,298,36,46,1,-1,-1,-1
1237,43,843,522,147,17,1,-1,-1,-1
1237,45,514,478,70,58,1,-1,-1,-1
1238,2,813,381,105,46,1,-1,-1,-1
1238,3,743,160,19,17,1,-1,-1,-1
1238,5,790,254,33,34,1,-1,-1,-1
1238,8,778,221,31,36,1,-1,-1,-1
1238,11,706,192,43,63,1,-1,-1,-1
1238,13,821,414,117,52,1,-1,-1,-1
1238,19,711,262,22,34,1,-1,-1,-1
1238,31,714,265,74,165,1,-1,-1,-1
1238,33,626,127,15,13,1,-1,-1,-1
1238,36,609,160,20,19,1,-1,-1,-1
1238,37,590,196,23,25,1,-1,-1,-1
1238,38,117,461,110,78,1,-1,-1,-1
1238,39,274,227,45,29,1,-1,-1,-1
1238,40,295,258,55,51,1,-1,-1,-1
1238,41,706,414,94,125,1,-1,-1,-1
1238,42,633,297,39,50,1,-1,-1,-1
1238,43,842,522,144,17,1,-1,-1,-1
1238,45,512,474,74,64,1,-1,-1,-1
1239,2,812,381,105,46,1,-1,-1,-1
1239,3,744,160,19,17,1,-1,-1,-1
1239,5,790,254,33,34,1,-1,-1,-1
1239,8,778,221,31,36,1,-1,-1,-1
1239,11,706,192,43,63,1,-1,-1,-1
1239,13,821,414,117,52,1,-1,-1,-1
1239,19,710,262,22,34,1,-1,-1,-1
1239,31,712,266,74,162,1,-1,-1,-1
1239,33,626,127,15,13,1,-1,-1,-1
1239,36,608,158,22,19,1,-1,-1,-1
1239,37,590,194,23,25,1,-1,-1,-1
1239,38,108,474,104,65,1,-1,-1,-1
1239,39,273,229,45,30,1,-1,-1,-1
1239,40,292,260,54,51,1,-1,-1,-1
1239,41,704,417,97,122,1,-1,-1,-1
1239,42,633,295,40,50,1,-1,-1,-1
1239,43,841,522,147,17,1,-1,-1,-1
1239,45,505,470,80,66,1,-1,-1,-1
1240,2,813,381,104,44,1,-1,-1,-1
1240,3,743,160,19,17,1,-1,-1,-1
1240,5,790,254,33,34,1,-1,-1,-1
1240,8,778,222,31,39,1,-1,-1,-1
1240,11,706,192,43,63,1,-1,-1,-1
1240,13,818,414,117,52,1,-1,-1,-1
1240,19,710,262,22,34,1,-1,-1,-1
1240,31,712,266,74,162,1,-1,-1,-1
1240,36,608,158,20,19,1,-1,-1,-1
1240,37,590,194,23,25,1,-1,-1,-1
1240,38,108,474,104,65,1,-1,-1,-1
1240,39,272,229,44,31,1,-1,-1,-1
1240,40,289,263,54,50,1,-1,-1,-1
1240,41,704,416,96,121,1,-1,-1,-1
1240,42,633,293,40,52,1,-1,-1,-1
1240,43,842,522,142,17,1,-1,-1,-1
1240,45,505,468,80,71,1,-1,-1,-1
1241,2,812,381,105,46,1,-1,-1,-1
1241,3,741,158,19,17,1,-1,-1,-1
1241,5,790,254,32,34,1,-1,-1,-1
1241,8,778,221,31,38,1,-1,-1,-1
1241,11,706,192,43,63,1,-1,-1,-1
1241,13,818,414,117,52,1,-1,-1,-1
1241,19,710,260,22,34,1,-1,-1,-1
1241,31,713,270,70,156,1,-1,-1,-1
1241,36,609,158,20,19,1,-1,-1,-1
1241,37,591,194,23,25,1,-1,-1,-1
1241,38,106,481,100,58,1,-1,-1,-1
1241,39,269,231,45,31,1,-1,-1,-1
1241,40,286,264,55,51,1,-1,-1,-1
1241,41,701,416,96,121,1,-1,-1,-1
1241,42,633,291,40,52,1,-1,-1,-1
1241,43,842,524,142,15,1,-1,-1,-1
1241,45,506,464,79,71,1,-1,-1,-1
1242,2,811,381,105,46,1,-1,-1,-1
1242,3,741,158,19,17,1,-1,-1,-1
1242,5,790,254,33,34,1,-1,-1,-1
1242,8,778,221,31,38,1,-1,-1,-1
1242,11,706,192,43,63,1,-1,-1,-1
1242,13,817,414,117,52,1,-1,-1,-1
1242,31,711,269,70,156,1,-1,-1,-1
1242,36,609,158,20,19,1,-1,-1,-1
1242,37,590,194,23,25,1,-1,-1,-1
1242,38,99,484,98,55,1,-1,-1,-1
1242,39,267,230,45,31,1,-1,-1,-1
1242,40,283,265,55,53,1,-1,-1,-1
1242,41,701,416,96,121,1,-1,-1,-1
1242,42,630,289,43,55,1,-1,-1,-1
1242,43,841,522,142,17,1,-1,-1,-1
1242,45,507,460,81,77,1,-1,-1,-1
1243,2,811,381,105,46,1,-1,-1,-1
1243,3,741,158,19,17,1,-1,-1,-1
1243,5,788,254,33,34,1,-1,-1,-1
1243,8,777,221,31,38,1,-1,-1,-1
1243,11,705,190,45,67,1,-1,-1,-1
1243,13,817,414,117,52,1,-1,-1,-1
1243,31,710,262,70,162,1,-1,-1,-1
1243,36,612,158,19,17,1,-1,-1,-1
1243,37,591,192,23,25,1,-1,-1,-1
1243,38,97,493,93,46,1,-1,-1,-1
1243,39,266,231,44,30,1,-1,-1,-1
1243,40,279,269,57,52,1,-1,-1,-1
1243,41,700,416,96,121,1,-1,-1,-1
1243,42,630,287,43,55,1,-1,-1,-1
1243,43,839,522,142,17,1,-1,-1,-1
1243,45,511,461,72,73,1,-1,-1,-1
1244,2,809,381,105,46,1,-1,-1,-1
1244,3,741,158,19,17,1,-1,-1,-1
1244,5,788,254,33,34,1,-1,-1,-1
1244,8,777,221,31,38,1,-1,-1,-1
1244,11,706,192,43,63,1,-1,-1,-1
1244,13,816,414,117,52,1,-1,-1,-1
1244,31,711,260,68,163,1,-1,-1,-1
1244,36,612,158,19,17,1,-1,-1,-1
1244,37,591,192,23,25,1,-1,-1,-1
1244,38,91,502,93,37,1,-1,-1,-1
1244,39,263,231,44,30,1,-1,-1,-1
1244,40,275,269,58,54,1,-1,-1,-1
1244,41,697,416,96,121,1,-1,-1,-1
1244,42,633,289,40,52,1,-1,-1,-1
1244,43,837,522,144,17,1,-1,-1,-1
1244,45,511,457,75,81,1,-1,-1,-1
1245,2,808,381,105,46,1,-1,-1,-1
1245,3,741,158,19,17,1,-1,-1,-1
1245,5,787,254,33,34,1,-1,-1,-1
1245,8,777,221,31,38,1,-1,-1,-1
1245,11,704,190,45,67,1,-1,-1,-1
1245,13,816,414,117,52,1,-1,-1,-1
1245,31,707,267,77,154,1,-1,-1,-1
1245,36,612,156,19,17,1,-1,-1,-1
1245,37,591,192,23,25,1,-1,-1,-1
1245,38,85,502,95,37,1,-1,-1,-1
1245,39,259,233,44,30,1,-1,-1,-1
1245,40,271,275,58,50,1,-1,-1,-1
1245,41,697,416,96,121,1,-1,-1,-1
1245,42,633,287,40,50,1,-1,-1,-1
1245,43,834,522,147,17,1,-1,-1,-1
1245,45,511,453,74,84,1,-1,-1,-1
1246,2,809,381,104,44,1,-1,-1,-1
1246,3,740,158,19,17,1,-1,-1,-1
1246,5,787,254,33,34,1,-1,-1,-1
1246,8,777,221,31,38,1,-1,-1,-1
1246,11,704,190,45,67,1,-1,-1,-1
1246,13,813,414,117,52,1,-1,-1,-1
1246,31,708,267,73,155,1,-1,-1,-1
1246,36,611,156,19,17,1,-1,-1,-1
1246,37,591,190,23,25,1,-1,-1,-1
1246,38,85,506,81,33,1,-1,-1,-1
1246,39,258,235,44,30,1,-1,-1,-1
1246,40,270,276,57,48,1,-1,-1,-1
1246,41,696,416,99,123,1,-1,-1,-1
1246,42,632,287,40,50,1,-1,-1,-1
1246,43,833,522,144,17,1,-1,-1,-1
1246,45,512,449,73,82,1,-1,-1,-1
1247,2,808,381,104,44,1,-1,-1,-1
1247,3,740,158,19,17,1,-1,-1,-1
1247,5,787,254,33,34,1,-1,-1,-1
1247,8,775,221,31,38,1,-1,-1,-1
1247,11,705,192,43,63,1,-1,-1,-1
1247,13,812,414,117,52,1,-1,-1,-1
1247,31,706,266,73,154,1,-1,-1,-1
1247,36,612,156,19,17,1,-1,-1,-1
1247,37,591,190,23,25,1,-1,-1,-1
1247,38,87,515,78,24,1,-1,-1,-1
1247,39,254,235,44,30,1,-1,-1,-1
1247,40,265,275,60,52,1,-1,-1,-1
1247,41,697,418,95,121,1,-1,-1,-1
1247,42,632,287,36,48,1,-1,-1,-1
1247,43,835,522,135,15,1,-1,-1,-1
1247,45,512,447,74,86,1,-1,-1,-1
1248,2,805,381,105,46,1,-1,-1,-1
1248,3,740,158,19,17,1,-1,-1,-1
1248,5,786,254,33,34,1,-1,-1,-1
1248,8,774,221,31,38,1,-1,-1,-1
1248,11,702,190,45,67,1,-1,-1,-1
1248,13,812,414,117,52,1,-1,-1,-1
1248,31,706,266,73,154,1,-1,-1,-1
1248,36,612,156,19,17,1,-1,-1,-1
1248,37,591,189,23,25,1,-1,-1,-1
1248,39,253,235,46,33,1,-1,-1,-1
1248,40,258,281,61,52,1,-1,-1,-1
1248,41,693,414,100,125,1,-1,-1,-1
1248,42,630,285,39,50,1,-1,-1,-1
1248,43,830,522,142,17,1,-1,-1,-1
1248,45,513,443,74,84,1,-1,-1,-1
1249,2,804,381,105,46,1,-1,-1,-1
1249,3,739,156,19,17,1,-1,-1,-1
1249,5,786,254,33,34,1,-1,-1,-1
1249,8,774,221,31,38,1,-1,-1,-1
1249,11,702,189,44,63,1,-1,-1,-1
1249,13,809,414,118,52,1,-1,-1,-1
1249,31,705,266,73,154,1,-1,-1,-1
1249,36,612,154,19,17,1,-1,-1,-1
1249,37,591,189,23,25,1,-1,-1,-1
1249,39,249,236,47,32,1,-1,-1,-1
1249,40,257,281,64,54,1,-1,-1,-1
1249,41,690,416,99,123,1,-1,-1,-1
1249,42,630,287,36,46,1,-1,-1,-1
1249,43,829,522,142,17,1,-1,-1,-1
1249,45,513,439,74,84,1,-1,-1,-1
1250,2,804,381,105,46,1,-1,-1,-1
1250,3,737,156,19,17,1,-1,-1,-1
1250,5,786,254,33,34,1,-1,-1,-1
1250,8,774,221,31,38,1,-1,-1,-1
1250,11,701,190,45,67,1,-1,-1,-1
1250,13,807,412,121,54,1,-1,-1,-1
1250,31,704,266,73,154,1,-1,-1,-1
1250,36,612,154,19,17,1,-1,-1,-1
1250,37,591,189,23,25,1,-1,-1,-1
1250,39,248,238,46,32,1,-1,-1,-1
1250,40,252,282,62,55,1,-1,-1,-1
1250,41,689,414,99,123,1,-1,-1,-1
1250,42,630,285,36,45,1,-1,-1,-1
1250,43,829,522,142,17,1,-1,-1,-1
1250,45,514,437,73,82,1,-1,-1,-1
1251,2,803,381,105,46,1,-1,-1,-1
1251,3,737,156,19,17,1,-1,-1,-1
1251,5,784,254,33,34,1,-1,-1,-1
1251,8,774,221,31,40,1,-1,-1,-1
1251,11,701,192,44,63,1,-1,-1,-1
1251,13,808,414,117,52,1,-1,-1,-1
1251,31,700,266,73,154,1,-1,-1,-1
1251,36,612,154,19,17,1,-1,-1,-1
1251,37,591,187,23,25,1,-1,-1,-1
1251,39,243,236,49,36,1,-1,-1,-1
1251,40,249,282,63,57,1,-1,-1,-1
1251,41,689,414,100,125,1,-1,-1,-1
1251,42,629,283,37,46,1,-1,-1,-1
1251,43,821,522,154,17,1,-1,-1,-1
1251,45,515,435,70,81,1,-1,-1,-1
1252,2,801,381,105,46,1,-1,-1,-1
1252,3,737,156,19,17,1,-1,-1,-1
1252,5,783,254,33,34,1,-1,-1,-1
1252,8,773,221,31,38,1,-1,-1,-1
1252,11,701,192,43,63,1,-1,-1,-1
1252,13,808,414,117,52,1,-1,-1,-1
1252,31,698,266,73,154,1,-1,-1,-1
1252,36,611,154,19,17,1,-1,-1,-1
1252,37,591,187,23,25,1,-1,-1,-1
1252,39,241,240,49,33,1,-1,-1,-1
1252,40,244,288,63,53,1,-1,-1,-1
1252,41,687,414,100,125,1,-1,-1,-1
1252,42,629,283,36,42,1,-1,-1,-1
1252,43,817,522,156,17,1,-1,-1,-1
1252,45,518,433,67,77,1,-1,-1,-1
1253,2,800,381,105,46,1,-1,-1,-1
1253,3,736,156,19,17,1,-1,-1,-1
1253,5,782,254,33,34,1,-1,-1,-1
1253,8,771,221,31,38,1,-1,-1,-1
1253,11,701,192,43,63,1,-1,-1,-1
1253,13,805,414,117,52,1,-1,-1,-1
1253,31,698,265,73,154,1,-1,-1,-1
1253,36,612,152,19,17,1,-1,-1,-1
1253,37,590,185,23,25,1,-1,-1,-1
1253,39,237,243,50,32,1,-1,-1,-1
1253,40,240,288,63,56,1,-1,-1,-1
1253,41,687,416,99,123,1,-1,-1,-1
1253,42,628,281,36,48,1,-1,-1,-1
1253,43,817,522,156,17,1,-1,-1,-1
1253,45,514,434,70,74,1,-1,-1,-1
1254,2,799,381,105,46,1,-1,-1,-1
1254,3,736,156,19,17,1,-1,-1,-1
1254,5,782,254,33,34,1,-1,-1,-1
1254,8,771,221,31,38,1,-1,-1,-1
1254,11,701,192,43,63,1,-1,-1,-1
1254,13,804,414,117,52,1,-1,-1,-1
1254,31,696,266,73,154,1,-1,-1,-1
1254,36,611,152,19,17,1,-1,-1,-1
1254,37,590,185,23,25,1,-1,-1,-1
1254,39,232,243,53,34,1,-1,-1,-1
1254,40,236,287,66,57,1,-1,-1,-1
1254,41,685,414,96,125,1,-1,-1,-1
1254,42,626,279,39,50,1,-1,-1,-1
1254,43,816,522,156,17,1,-1,-1,-1
1254,45,517,433,68,73,1,-1,-1,-1
1255,2,798,379,108,46,1,-1,-1,-1
1255,3,736,156,19,17,1,-1,-1,-1
1255,5,782,254,33,34,1,-1,-1,-1
1255,8,771,221,31,40,1,-1,-1,-1
1255,11,701,192,43,63,1,-1,-1,-1
1255,13,804,414,117,52,1,-1,-1,-1
1255,31,696,265,73,154,1,-1,-1,-1
1255,36,612,152,19,17,1,-1,-1,-1
1255,37,590,185,23,25,1,-1,-1,-1
1255,39,229,246,53,34,1,-1,-1,-1
1255,40,232,293,64,57,1,-1,-1,-1
1255,41,683,414,95,125,1,-1,-1,-1
1255,42,628,281,36,48,1,-1,-1,-1
1255,43,817,522,154,17,1,-1,-1,-1
1255,45,519,426,71,71,1,-1,-1,-1
1256,2,798,381,105,46,1,-1,-1,-1
1256,3,735,154,19,17,1,-1,-1,-1
1256,5,782,254,33,34,1,-1,-1,-1
1256,8,770,221,31,38,1,-1,-1,-1
1256,11,701,192,43,63,1,-1,-1,-1
1256,13,804,414,117,52,1,-1,-1,-1
1256,31,696,266,73,154,1,-1,-1,-1
1256,36,611,152,19,17,1,-1,-1,-1
1256,37,590,183,23,25,1,-1,-1,-1
1256,39,228,246,53,34,1,-1,-1,-1
1256,40,228,295,62,55,1,-1,-1,-1
1256,41,683,414,94,125,1,-1,-1,-1
1256,42,628,279,36,48,1,-1,-1,-1
1256,43,816,522,154,17,1,-1,-1,-1
1256,45,518,427,69,71,1,-1,-1,-1
1257,2,796,381,105,46,1,-1,-1,-1
1257,3,736,154,19,17,1,-1,-1,-1
1257,5,781,252,33,34,1,-1,-1,-1
1257,8,770,221,31,38,1,-1,-1,-1
1257,11,700,192,43,63,1,-1,-1,-1
1257,13,801,414,117,52,1,-1,-1,-1
1257,31,694,266,73,154,1,-1,-1,-1
1257,36,612,152,19,17,1,-1,-1,-1
1257,37,591,183,23,25,1,-1,-1,-1
1257,39,224,248,53,34,1,-1,-1,-1
1257,40,224,298,64,57,1,-1,-1,-1
1257,41,680,414,96,125,1,-1,-1,-1
1257,42,626,279,36,46,1,-1,-1,-1
1257,43,812,520,156,19,1,-1,-1,-1
1257,45,519,422,70,71,1,-1,-1,-1
1258,2,795,381,105,46,1,-1,-1,-1
1258,3,735,154,19,17,1,-1,-1,-1
1258,5,779,254,33,34,1,-1,-1,-1
1258,8,770,221,31,38,1,-1,-1,-1
1258,11,700,192,43,63,1,-1,-1,-1
1258,13,800,414,117,52,1,-1,-1,-1
1258,31,693,259,72,160,1,-1,-1,-1
1258,36,612,150,19,17,1,-1,-1,-1
1258,37,590,183,23,25,1,-1,-1,-1
1258,39,224,248,53,34,1,-1,-1,-1
1258,40,219,300,64,57,1,-1,-1,-1
1258,41,679,414,96,125,1,-1,-1,-1
1258,42,626,277,36,46,1,-1,-1,-1
1258,43,812,522,154,17,1,-1,-1,-1
1258,45,518,418,70,71,1,-1,-1,-1
1259,2,795,381,105,46,1,-1,-1,-1
1259,3,735,154,19,17,1,-1,-1,-1
1259,5,779,252,33,34,1,-1,-1,-1
1259,8,770,221,31,38,1,-1,-1,-1
1259,11,700,192,43,63,1,-1,-1,-1
1259,13,799,414,117,52,1,-1,-1,-1
1259,31,693,262,69,154,1,-1,-1,-1
1259,36,611,150,19,17,1,-1,-1,-1
1259,37,590,181,23,25,1,-1,-1,-1
1259,39,219,252,53,34,1,-1,-1,-1
1259,40,216,300,66,57,1,-1,-1,-1
1259,41,679,414,92,123,1,-1,-1,-1
1259,42,625,277,36,48,1,-1,-1,-1
1259,43,808,520,156,19,1,-1,-1,-1
1259,45,519,416,70,71,1,-1,-1,-1
1260,2,794,381,105,46,1,-1,-1,-1
1260,3,735,154,19,17,1,-1,-1,-1
1260,5,779,254,33,34,1,-1,-1,-1
1260,8,770,221,31,38,1,-1,-1,-1
1260,11,697,190,45,67,1,-1,-1,-1
1260,13,799,414,117,52,1,-1,-1,-1
1260,31,692,260,70,156,1,-1,-1,-1
1260,36,612,150,19,17,1,-1,-1,-1
1260,37,590,181,23,25,1,-1,-1,-1
1260,39,216,252,53,34,1,-1,-1,-1
1260,40,210,304,67,61,1,-1,-1,-1
1260,41,677,414,94,123,1,-1,-1,-1
1260,42,625,275,36,48,1,-1,-1,-1
1260,43,808,522,156,17,1,-1,-1,-1
1260,45,518,412,73,73,1,-1,-1,-1
1261,2,792,381,105,46,1,-1,-1,-1
1261,3,735,154,19,17,1,-1,-1,-1
1261,5,779,254,33,34,1,-1,-1,-1
1261,8,770,221,31,38,1,-1,-1,-1
1261,11,697,190,45,67,1,-1,-1,-1
1261,13,799,414,117,52,1,-1,-1,-1
1261,31,690,260,70,156,1,-1,-1,-1
1261,36,612,150,19,17,1,-1,-1,-1
1261,37,592,181,23,25,1,-1,-1,-1
1261,39,215,252,56,36,1,-1,-1,-1
1261,40,206,306,70,60,1,-1,-1,-1
1261,41,676,414,94,123,1,-1,-1,-1
1261,42,626,276,34,46,1,-1,-1,-1
1261,43,807,522,156,17,1,-1,-1,-1
1261,45,522,410,70,71,1,-1,-1,-1
1262,2,791,381,104,46,1,-1,-1,-1
1262,3,735,154,19,17,1,-1,-1,-1
1262,5,779,254,33,34,1,-1,-1,-1
1262,8,768,221,31,38,1,-1,-1,-1
1262,11,697,190,43,62,1,-1,-1,-1
1262,13,796,414,117,52,1,-1,-1,-1
1262,31,689,258,71,160,1,-1,-1,-1
1262,36,612,150,19,17,1,-1,-1,-1
1262,37,590,181,23,25,1,-1,-1,-1
1262,39,211,252,56,36,1,-1,-1,-1
1262,40,202,308,72,61,1,-1,-1,-1
1262,41,676,414,94,123,1,-1,-1,-1
1262,42,625,275,33,46,1,-1,-1,-1
1262,43,812,520,149,19,1,-1,-1,-1
1262,45,521,408,70,71,1,-1,-1,-1
1263,2,790,381,107,46,1,-1,-1,-1
1263,3,735,152,19,17,1,-1,-1,-1
1263,5,778,252,32,37,1,-1,-1,-1
1263,8,769,221,31,38,1,-1,-1,-1
1263,11,697,190,43,61,1,-1,-1,-1
1263,13,796,412,117,52,1,-1,-1,-1
1263,31,689,258,71,160,1,-1,-1,-1
1263,36,612,148,19,17,1,-1,-1,-1
1263,37,591,181,23,25,1,-1,-1,-1
1263,39,207,254,58,36,1,-1,-1,-1
1263,40,196,311,72,63,1,-1,-1,-1
1263,41,675,414,99,123,1,-1,-1,-1
1263,42,625,275,35,46,1,-1,-1,-1
1263,43,804,520,156,19,1,-1,-1,-1
1263,45,523,408,66,67,1,-1,-1,-1
1264,2,788,381,107,46,1,-1,-1,-1
1264,3,734,152,19,17,1,-1,-1,-1
1264,5,778,252,31,36,1,-1,-1,-1
1264,8,768,221,31,38,1,-1,-1,-1
1264,11,696,190,43,61,1,-1,-1,-1
1264,13,795,412,117,52,1,-1,-1,-1
1264,31,689,260,70,156,1,-1,-1,-1
1264,36,612,148,19,17,1,-1,-1,-1
1264,37,591,179,23,25,1,-1,-1,-1
1264,39,205,256,58,36,1,-1,-1,-1
1264,40,190,310,75,67,1,-1,-1,-1
1264,41,672,414,95,123,1,-1,-1,-1
1264,42,625,275,33,46,1,-1,-1,-1
1264,43,804,520,156,19,1,-1,-1,-1
1264,45,523,407,69,68,1,-1,-1,-1
1265,2,788,383,104,46,1,-1,-1,-1
1265,3,732,152,19,17,1,-1,-1,-1
1265,5,778,252,31,36,1,-1,-1,-1
1265,8,768,221,31,38,1,-1,-1,-1
1265,11,696,190,43,61,1,-1,-1,-1
1265,13,794,412,117,52,1,-1,-1,-1
1265,31,688,258,71,160,1,-1,-1,-1
1265,36,612,148,19,17,1,-1,-1,-1
1265,37,591,179,23,25,1,-1,-1,-1
1265,39,202,258,56,36,1,-1,-1,-1
1265,40,185,316,74,65,1,-1,-1,-1
1265,41,671,414,95,123,1,-1,-1,-1
1265,42,624,273,35,48,1,-1,-1,-1
1265,43,803,520,155,19,1,-1,-1,-1
1265,45,523,403,70,67,1,-1,-1,-1
1266,2,787,381,107,46,1,-1,-1,-1
1266,3,734,152,19,17,1,-1,-1,-1
1266,5,777,252,31,36,1,-1,-1,-1
1266,8,768,221,30,38,1,-1,-1,-1
1266,11,696,190,43,61,1,-1,-1,-1
1266,13,794,412,117,52,1,-1,-1,-1
1266,31,687,258,71,160,1,-1,-1,-1
1266,36,612,148,19,17,1,-1,-1,-1
1266,37,591,177,23,25,1,-1,-1,-1
1266,39,198,260,56,36,1,-1,-1,-1
1266,40,181,318,75,67,1,-1,-1,-1
1266,41,670,412,94,127,1,-1,-1,-1
1266,42,624,271,34,49,1,-1,-1,-1
1266,43,801,520,155,19,1,-1,-1,-1
1266,45,524,404,70,67,1,-1,-1,-1
1267,2,787,383,107,46,1,-1,-1,-1
1267,3,731,152,19,17,1,-1,-1,-1
1267,5,777,252,31,36,1,-1,-1,-1
1267,8,766,221,31,38,1,-1,-1,-1
1267,11,694,190,43,61,1,-1,-1,-1
1267,13,792,412,117,52,1,-1,-1,-1
1267,31,685,258,71,160,1,-1,-1,-1
1267,36,611,146,19,17,1,-1,-1,-1
1267,37,592,177,23,25,1,-1,-1,-1
1267,39,197,260,57,36,1,-1,-1,-1
1267,40,176,320,75,67,1,-1,-1,-1
1267,41,668,412,90,127,1,-1,-1,-1
1267,42,623,273,33,45,1,-1,-1,-1
1267,43,801,520,155,19,1,-1,-1,-1
1267,45,522,400,75,70,1,-1,-1,-1
1268,2,786,383,104,46,1,-1,-1,-1
1268,3,732,152,19,17,1,-1,-1,-1
1268,5,777,252,31,36,1,-1,-1,-1
1268,8,766,221,31,38,1,-1,-1,-1
1268,11,696,190,43,61,1,-1,-1,-1
1268,13,791,412,117,52,1,-1,-1,-1
1268,31,685,258,71,160,1,-1,-1,-1
1268,36,612,146,19,17,1,-1,-1,-1
1268,37,592,177,23,25,1,-1,-1,-1
1268,39,193,262,58,36,1,-1,-1,-1
1268,40,171,324,75,67,1,-1,-1,-1
1268,41,667,412,95,127,1,-1,-1,-1
1268,42,623,269,35,44,1,-1,-1,-1
1268,43,799,522,155,17,1,-1,-1,-1
1268,45,523,396,74,70,1,-1,-1,-1
1269,2,786,383,104,46,1,-1,-1,-1
1269,3,732,150,19,17,1,-1,-1,-1
1269,5,778,254,31,36,1,-1,-1,-1
1269,8,766,221,31,38,1,-1,-1,-1
1269,11,694,190,43,61,1,-1,-1,-1
1269,13,791,412,117,52,1,-1,-1,-1
1269,31,685,258,71,160,1,-1,-1,-1
1269,36,612,146,19,17,1,-1,-1,-1
1269,37,594,177,23,25,1,-1,-1,-1
1269,39,189,264,58,36,1,-1,-1,-1
1269,40,164,325,78,67,1,-1,-1,-1
1269,41,666,412,95,127,1,-1,-1,-1
1269,42,624,273,34,40,1,-1,-1,-1
1269,43,796,520,159,19,1,-1,-1,-1
1269,45,525,394,68,65,1,-1,-1,-1
1270,2,784,383,104,46,1,-1,-1,-1
1270,3,732,150,19,17,1,-1,-1,-1
1270,5,777,252,31,36,1,-1,-1,-1
1270,8,765,221,30,36,1,-1,-1,-1
1270,11,694,190,43,61,1,-1,-1,-1
1270,13,788,412,117,52,1,-1,-1,-1
1270,31,684,258,71,160,1,-1,-1,-1
1270,36,612,146,19,17,1,-1,-1,-1
1270,37,592,175,23,25,1,-1,-1,-1
1270,39,189,264,56,36,1,-1,-1,-1
1270,40,163,327,78,67,1,-1,-1,-1
1270,41,666,412,95,127,1,-1,-1,-1
1270,42,623,272,34,37,1,-1,-1,-1
1270,43,795,520,159,19,1,-1,-1,-1
1270,45,526,391,69,67,1,-1,-1,-1
1271,2,783,383,107,46,1,-1,-1,-1
1271,3,732,150,19,17,1,-1,-1,-1
1271,5,777,254,31,36,1,-1,-1,-1
1271,8,765,221,31,38,1,-1,-1,-1
1271,11,694,190,43,61,1,-1,-1,-1
1271,13,788,412,117,52,1,-1,-1,-1
1271,31,684,258,71,160,1,-1,-1,-1
1271,36,613,146,19,17,1,-1,-1,-1
1271,37,594,175,23,25,1,-1,-1,-1
1271,39,185,263,60,38,1,-1,-1,-1
1271,40,156,332,79,68,1,-1,-1,-1
1271,41,666,412,92,125,1,-1,-1,-1
1271,42,624,268,35,46,1,-1,-1,-1
1271,43,795,520,159,19,1,-1,-1,-1
1271,45,525,391,70,68,1,-1,-1,-1
1272,2,782,383,107,46,1,-1,-1,-1
1272,3,732,150,19,17,1,-1,-1,-1
1272,5,775,252,31,36,1,-1,-1,-1
1272,8,765,221,31,38,1,-1,-1,-1
1272,11,694,190,43,61,1,-1,-1,-1
1272,13,787,412,117,52,1,-1,-1,-1
1272,31,684,258,71,160,1,-1,-1,-1
1272,36,613,144,19,17,1,-1,-1,-1
1272,37,594,175,23,25,1,-1,-1,-1
1272,39,181,265,61,41,1,-1,-1,-1
1272,40,150,333,82,72,1,-1,-1,-1
1272,41,663,412,92,125,1,-1,-1,-1
1272,42,625,268,32,44,1,-1,-1,-1
1272,43,795,520,159,19,1,-1,-1,-1
1272,45,525,389,71,70,1,-1,-1,-1
1273,2,782,383,104,46,1,-1,-1,-1
1273,3,731,150,19,17,1,-1,-1,-1
1273,5,775,252,31,36,1,-1,-1,-1
1273,8,765,221,30,36,1,-1,-1,-1
1273,11,693,189,46,66,1,-1,-1,-1
1273,13,787,412,117,52,1,-1,-1,-1
1273,31,684,258,71,160,1,-1,-1,-1
1273,36,615,144,19,17,1,-1,-1,-1
1273,37,595,175,23,25,1,-1,-1,-1
1273,39,178,265,59,42,1,-1,-1,-1
1273,40,143,335,82,73,1,-1,-1,-1
1273,41,662,410,95,127,1,-1,-1,-1
1273,42,621,268,35,38,1,-1,-1,-1
1273,43,792,520,155,19,1,-1,-1,-1
1273,45,526,388,69,68,1,-1,-1,-1
1274,2,782,383,104,46,1,-1,-1,-1
1274,3,732,150,19,17,1,-1,-1,-1
1274,5,775,252,31,36,1,-1,-1,-1
1274,8,765,221,31,38,1,-1,-1,-1
1274,11,693,189,45,65,1,-1,-1,-1
1274,13,786,412,117,52,1,-1,-1,-1
1274,31,683,258,71,160,1,-1,-1,-1
1274,36,615,144,19,17,1,-1,-1,-1
1274,37,594,173,23,25,1,-1,-1,-1
1274,39,176,268,58,40,1,-1,-1,-1
1274,40,136,341,86,70,1,-1,-1,-1
1274,41,660,410,95,127,1,-1,-1,-1
1274,42,621,268,34,39,1,-1,-1,-1
1274,43,791,520,159,19,1,-1,-1,-1
1274,45,526,385,70,68,1,-1,-1,-1
1274,46,511,131,17,9,1,-1,-1,-1
1275,2,782,383,104,46,1,-1,-1,-1
1275,3,731,150,19,17,1,-1,-1,-1
1275,5,775,252,31,36,1,-1,-1,-1
1275,8,765,221,31,38,1,-1,-1,-1
1275,11,694,190,43,61,1,-1,-1,-1
1275,13,786,412,117,52,1,-1,-1,-1
1275,31,677,258,77,159,1,-1,-1,-1
1275,36,615,144,19,17,1,-1,-1,-1
1275,37,595,173,23,25,1,-1,-1,-1
1275,39,172,270,59,39,1,-1,-1,-1
1275,40,133,344,87,71,1,-1,-1,-1
1275,41,660,412,92,125,1,-1,-1,-1
1275,42,622,268,33,35,1,-1,-1,-1
1275,43,794,520,147,19,1,-1,-1,-1
1275,45,526,385,67,65,1,-1,-1,-1
1275,46,510,131,16,9,1,-1,-1,-1
1276,2,781,383,104,46,1,-1,-1,-1
1276,3,732,148,19,17,1,-1,-1,-1
1276,5,774,252,31,36,1,-1,-1,-1
1276,8,765,221,31,38,1,-1,-1,-1
1276,11,693,189,45,65,1,-1,-1,-1
1276,13,784,412,117,52,1,-1,-1,-1
1276,31,674,258,79,161,1,-1,-1,-1
1276,36,615,142,19,17,1,-1,-1,-1
1276,37,595,171,23,25,1,-1,-1,-1
1276,39,172,271,59,39,1,-1,-1,-1
1276,40,125,346,89,75,1,-1,-1,-1
1276,41,653,412,99,127,1,-1,-1,-1
1276,42,622,268,31,37,1,-1,-1,-1
1276,43,787,520,159,19,1,-1,-1,-1
1276,45,530,379,66,64,1,-1,-1,-1
1276,46,509,131,16,9,1,-1,-1,-1
1277,2,779,383,104,46,1,-1,-1,-1
1277,3,731,148,19,17,1,-1,-1,-1
1277,5,774,252,31,36,1,-1,-1,-1
1277,8,764,221,31,38,1,-1,-1,-1
1277,11,693,190,45,65,1,-1,-1,-1
1277,13,782,412,117,52,1,-1,-1,-1
1277,31,674,258,78,163,1,-1,-1,-1
1277,36,615,142,19,17,1,-1,-1,-1
1277,37,595,173,23,25,1,-1,-1,-1
1277,39,165,270,62,42,1,-1,-1,-1
1277,40,120,351,86,72,1,-1,-1,-1
1277,41,650,412,100,126,1,-1,-1,-1
1277,42,621,266,31,34,1,-1,-1,-1
1277,43,787,520,159,19,1,-1,-1,-1
1277,45,533,381,61,59,1,-1,-1,-1
1277,46,510,131,16,9,1,-1,-1,-1
1278,2,778,383,104,46,1,-1,-1,-1
1278,3,731,146,19,17,1,-1,-1,-1
1278,5,774,252,31,36,1,-1,-1,-1
1278,8,765,221,31,38,1,-1,-1,-1
1278,11,693,189,45,65,1,-1,-1,-1
1278,13,783,412,117,52,1,-1,-1,-1
1278,31,674,258,78,159,1,-1,-1,-1
1278,36,616,142,19,17,1,-1,-1,-1
1278,37,595,171,23,25,1,-1,-1,-1
1278,39,162,274,62,42,1,-1,-1,-1
1278,40,113,354,90,77,1,-1,-1,-1
1278,41,650,416,96,123,1,-1,-1,-1
1278,42,622,266,31,36,1,-1,-1,-1
1278,43,787,520,159,19,1,-1,-1,-1
1278,45,534,379,61,59,1,-1,-1,-1
1278,46,510,131,16,10,1,-1,-1,-1
1279,2,778,383,104,46,1,-1,-1,-1
1279,3,731,146,19,17,1,-1,-1,-1
1279,5,774,254,31,36,1,-1,-1,-1
1279,8,764,221,31,38,1,-1,-1,-1
1279,11,693,189,45,65,1,-1,-1,-1
1279,13,782,412,117,52,1,-1,-1,-1
1279,31,675,258,75,156,1,-1,-1,-1
1279,36,616,142,19,17,1,-1,-1,-1
1279,37,596,171,23,25,1,-1,-1,-1
1279,39,160,277,60,38,1,-1,-1,-1
1279,40,107,358,90,77,1,-1,-1,-1
1279,41,645,412,102,127,1,-1,-1,-1
1279,42,621,266,32,34,1,-1,-1,-1
1279,43,787,520,159,19,1,-1,-1,-1
1279,45,534,376,61,59,1,-1,-1,-1
1279,46,511,131,16,11,1,-1,-1,-1
1280,2,778,383,104,46,1,-1,-1,-1
1280,3,732,146,19,17,1,-1,-1,-1
1280,5,774,254,31,36,1,-1,-1,-1
1280,8,765,221,30,36,1,-1,-1,-1
1280,11,693,189,45,65,1,-1,-1,-1
1280,13,782,412,117,52,1,-1,-1,-1
1280,31,675,258,75,156,1,-1,-1,-1
1280,36,616,142,19,17,1,-1,-1,-1
1280,37,596,171,23,25,1,-1,-1,-1
1280,39,155,276,64,46,1,-1,-1,-1
1280,40,101,357,94,82,1,-1,-1,-1
1280,41,641,412,105,126,1,-1,-1,-1
1280,42,622,266,31,36,1,-1,-1,-1
1280,43,784,520,159,19,1,-1,-1,-1
1280,45,535,374,61,59,1,-1,-1,-1
1280,46,511,131,17,12,1,-1,-1,-1
1281,2,778,383,104,46,1,-1,-1,-1
1281,3,731,146,19,17,1,-1,-1,-1
1281,5,774,252,31,36,1,-1,-1,-1
1281,8,764,221,31,38,1,-1,-1,-1
1281,11,693,189,45,65,1,-1,-1,-1
1281,13,781,412,117,52,1,-1,-1,-1
1281,31,673,258,75,156,1,-1,-1,-1
1281,36,617,140,19,17,1,-1,-1,-1
1281,37,596,171,23,25,1,-1,-1,-1
1281,39,152,278,63,46,1,-1,-1,-1
1281,40,94,362,97,82,1,-1,-1,-1
1281,41,648,412,97,126,1,-1,-1,-1
1281,42,620,264,34,39,1,-1,-1,-1
1281,43,782,520,161,19,1,-1,-1,-1
1281,45,536,374,58,57,1,-1,-1,-1
1281,46,511,131,16,12,1,-1,-1,-1
1282,2,778,383,104,46,1,-1,-1,-1
1282,3,732,146,19,17,1,-1,-1,-1
1282,5,774,252,31,36,1,-1,-1,-1
1282,8,765,221,31,38,1,-1,-1,-1
1282,11,693,190,45,65,1,-1,-1,-1
1282,13,781,412,117,52,1,-1,-1,-1
1282,31,673,260,76,157,1,-1,-1,-1
1282,36,619,142,19,17,1,-1,-1,-1
1282,37,598,169,23,25,1,-1,-1,-1
1282,39,148,281,65,44,1,-1,-1,-1
1282,40,84,366,96,82,1,-1,-1,-1
1282,41,645,412,99,126,1,-1,-1,-1
1282,42,622,266,33,34,1,-1,-1,-1
1282,43,782,520,161,19,1,-1,-1,-1
1282,45,536,370,61,59,1,-1,-1,-1
1282,46,512,131,15,12,1,-1,-1,-1
1283,2,777,383,104,46,1,-1,-1,-1
1283,3,732,146,19,17,1,-1,-1,-1
1283,5,774,252,31,36,1,-1,-1,-1
1283,8,764,221,31,38,1,-1,-1,-1
1283,11,693,190,45,65,1,-1,-1,-1
1283,13,781,412,117,52,1,-1,-1,-1
1283,31,672,258,75,161,1,-1,-1,-1
1283,36,619,140,19,17,1,-1,-1,-1
1283,37,598,172,23,25,1,-1,-1,-1
1283,39,146,283,64,42,1,-1,-1,-1
1283,40,78,369,100,82,1,-1,-1,-1
1283,41,640,412,104,126,1,-1,-1,-1
1283,42,624,265,31,35,1,-1,-1,-1
1283,43,781,520,161,19,1,-1,-1,-1
1283,44,397,165,18,15,1,-1,-1,-1
1283,45,536,368,61,59,1,-1,-1,-1
1283,46,511,131,16,11,1,-1,-1,-1
1284,2,775,383,104,46,1,-1,-1,-1
1284,3,732,144,19,17,1,-1,-1,-1
1284,5,774,252,31,36,1,-1,-1,-1
1284,8,765,221,31,38,1,-1,-1,-1
1284,11,693,190,45,65,1,-1,-1,-1
1284,13,778,412,117,52,1,-1,-1,-1
1284,31,671,261,79,157,1,-1,-1,-1
1284,36,619,140,19,17,1,-1,-1,-1
1284,37,598,173,22,20,1,-1,-1,-1
1284,39,142,283,66,45,1,-1,-1,-1
1284,40,74,373,98,83,1,-1,-1,-1
1284,41,637,412,106,126,1,-1,-1,-1
1284,42,619,264,34,38,1,-1,-1,-1
1284,43,781,520,161,19,1,-1,-1,-1
1284,44,397,165,18,18,1,-1,-1,-1
1284,45,539,366,60,57,1,-1,-1,-1
1284,46,510,131,16,9,1,-1,-1,-1
1285,2,775,383,104,46,1,-1,-1,-1
1285,3,732,144,19,17,1,-1,-1,-1
1285,5,774,252,31,36,1,-1,-1,-1
1285,8,764,221,31,38,1,-1,-1,-1
1285,11,692,187,49,69,1,-1,-1,-1
1285,13,778,412,117,52,1,-1,-1,-1
1285,31,671,262,81,156,1,-1,-1,-1
1285,36,619,140,19,17,1,-1,-1,-1
1285,37,599,171,22,21,1,-1,-1,-1
1285,39,138,283,67,47,1,-1,-1,-1
1285,40,65,375,102,87,1,-1,-1,-1
1285,41,639,412,102,126,1,-1,-1,-1
1285,42,624,262,31,37,1,-1,-1,-1
1285,43,778,520,165,19,1,-1,-1,-1
1285,44,398,165,18,15,1,-1,-1,-1
1285,45,539,366,60,57,1,-1,-1,-1
1285,46,512,131,16,11,1,-1,-1,-1
1286,2,774,383,104,46,1,-1,-1,-1
1286,3,732,144,19,17,1,-1,-1,-1
1286,5,774,252,31,36,1,-1,-1,-1
1286,8,765,221,31,38,1,-1,-1,-1
1286,11,693,187,46,66,1,-1,-1,-1
1286,13,778,412,117,52,1,-1,-1,-1
1286,31,671,261,79,156,1,-1,-1,-1
1286,36,620,140,18,15,1,-1,-1,-1
1286,37,600,172,21,20,1,-1,-1,-1
1286,39,135,287,65,44,1,-1,-1,-1
1286,40,56,381,103,88,1,-1,-1,-1
1286,41,637,412,103,126,1,-1,-1,-1
1286,42,624,262,30,37,1,-1,-1,-1
1286,43,777,520,161,19,1,-1,-1,-1
1286,44,394,165,20,19,1,-1,-1,-1
1286,45,539,362,61,59,1,-1,-1,-1
1286,46,511,133,17,11,1,-1,-1,-1
1287,2,774,383,104,46,1,-1,-1,-1
1287,3,732,144,19,17,1,-1,-1,-1
1287,5,774,252,31,36,1,-1,-1,-1
1287,8,764,221,31,38,1,-1,-1,-1
1287,11,693,190,45,65,1,-1,-1,-1
1287,13,778,412,117,52,1,-1,-1,-1
1287,31,671,264,81,154,1,-1,-1,-1
1287,36,620,140,19,17,1,-1,-1,-1
1287,37,599,171,20,19,1,-1,-1,-1
1287,39,130,289,67,46,1,-1,-1,-1
1287,40,49,385,104,90,1,-1,-1,-1
1287,41,637,412,102,126,1,-1,-1,-1
1287,42,623,260,32,37,1,-1,-1,-1
1287,43,777,522,161,17,1,-1,-1,-1
1287,44,393,165,21,19,1,-1,-1,-1
1287,45,540,362,58,57,1,-1,-1,-1
1287,46,511,133,16,10,1,-1,-1,-1
1288,2,774,383,104,46,1,-1,-1,-1
1288,3,732,144,19,17,1,-1,-1,-1
1288,5,774,252,31,36,1,-1,-1,-1
1288,8,765,221,31,38,1,-1,-1,-1
1288,11,692,187,45,65,1,-1,-1,-1
1288,13,777,412,117,52,1,-1,-1,-1
1288,31,671,264,80,154,1,-1,-1,-1
1288,36,621,138,19,17,1,-1,-1,-1
1288,37,600,171,20,19,1,-1,-1,-1
1288,39,125,289,70,48,1,-1,-1,-1
1288,40,44,389,104,90,1,-1,-1,-1
1288,41,636,410,103,128,1,-1,-1,-1
1288,42,623,260,34,35,1,-1,-1,-1
1288,43,775,522,161,17,1,-1,-1,-1
1288,44,394,167,20,17,1,-1,-1,-1
1288,45,543,362,56,55,1,-1,-1,-1
1288,46,512,133,15,12,1,-1,-1,-1
1289,2,774,383,104,46,1,-1,-1,-1
1289,3,732,144,19,17,1,-1,-1,-1
1289,5,774,254,31,36,1,-1,-1,-1
1289,8,764,221,31,38,1,-1,-1,-1
1289,11,692,187,44,66,1,-1,-1,-1
1289,13,773,410,124,55,1,-1,-1,-1
1289,31,670,264,80,154,1,-1,-1,-1
1289,36,620,138,18,15,1,-1,-1,-1
1289,37,602,171,20,19,1,-1,-1,-1
1289,39,123,289,71,48,1,-1,-1,-1
1289,40,34,390,111,92,1,-1,-1,-1
1289,41,637,412,101,126,1,-1,-1,-1
1289,42,623,261,32,31,1,-1,-1,-1
1289,43,775,522,161,17,1,-1,-1,-1
1289,44,393,167,19,18,1,-1,-1,-1
1289,45,543,360,57,55,1,-1,-1,-1
1289,46,510,133,17,11,1,-1,-1,-1
1290,2,773,379,104,46,1,-1,-1,-1
1290,3,732,144,19,17,1,-1,-1,-1
1290,5,774,254,31,36,1,-1,-1,-1
1290,8,765,221,31,38,1,-1,-1,-1
1290,11,692,187,45,67,1,-1,-1,-1
1290,13,775,412,117,52,1,-1,-1,-1
1290,31,670,264,80,154,1,-1,-1,-1
1290,36,621,138,18,15,1,-1,-1,-1
1290,37,600,171,20,19,1,-1,-1,-1
1290,39,120,293,71,48,1,-1,-1,-1
1290,40,27,395,113,93,1,-1,-1,-1
1290,41,638,412,99,126,1,-1,-1,-1
1290,42,624,261,31,35,1,-1,-1,-1
1290,43,774,522,165,17,1,-1,-1,-1
1290,44,392,167,18,17,1,-1,-1,-1
1290,45,543,356,57,55,1,-1,-1,-1
1290,46,509,133,16,9,1,-1,-1,-1
1291,2,773,382,104,46,1,-1,-1,-1
1291,3,732,142,19,17,1,-1,-1,-1
1291,5,774,252,31,36,1,-1,-1,-1
1291,8,764,221,31,38,1,-1,-1,-1
1291,11,690,187,46,68,1,-1,-1,-1
1291,13,774,412,117,52,1,-1,-1,-1
1291,31,670,264,80,154,1,-1,-1,-1
1291,37,603,169,20,19,1,-1,-1,-1
1291,39,114,293,73,50,1,-1,-1,-1
1291,40,17,399,116,93,1,-1,-1,-1
1291,41,632,412,104,126,1,-1,-1,-1
1291,42,624,260,31,34,1,-1,-1,-1
1291,43,774,520,159,19,1,-1,-1,-1
1291,44,391,167,19,19,1,-1,-1,-1
1291,45,543,354,57,55,1,-1,-1,-1
1291,46,509,133,18,11,1,-1,-1,-1
1292,2,771,381,104,46,1,-1,-1,-1
1292,3,734,142,19,17,1,-1,-1,-1
1292,5,773,252,31,36,1,-1,-1,-1
1292,8,764,221,31,38,1,-1,-1,-1
1292,11,692,187,43,66,1,-1,-1,-1
1292,13,774,412,117,52,1,-1,-1,-1
1292,31,668,264,80,154,1,-1,-1,-1
1292,37,602,169,20,19,1,-1,-1,-1
1292,39,111,295,74,50,1,-1,-1,-1
1292,40,10,405,115,94,1,-1,-1,-1
1292,41,632,412,103,127,1,-1,-1,-1
1292,42,624,260,31,34,1,-1,-1,-1
1292,43,773,520,159,19,1,-1,-1,-1
1292,44,389,168,25,18,1,-1,-1,-1
1292,45,545,354,54,52,1,-1,-1,-1
1292,46,510,133,18,11,1,-1,-1,-1
1293,2,772,380,104,46,1,-1,-1,-1
1293,3,732,142,19,17,1,-1,-1,-1
1293,5,771,250,32,38,1,-1,-1,-1
1293,8,764,221,31,38,1,-1,-1,-1
1293,11,693,190,41,61,1,-1,-1,-1
1293,13,773,412,117,52,1,-1,-1,-1
1293,31,668,264,80,154,1,-1,-1,-1
1293,37,603,169,20,19,1,-1,-1,-1
1293,39,107,298,73,50,1,-1,-1,-1
1293,40,3,406,114,97,1,-1,-1,-1
1293,41,632,412,102,127,1,-1,-1,-1
1293,42,623,258,31,36,1,-1,-1,-1
1293,43,778,521,143,18,1,-1,-1,-1
1293,44,389,169,20,18,1,-1,-1,-1
1293,45,545,355,57,53,1,-1,-1,-1
1293,46,509,133,19,12,1,-1,-1,-1
1294,2,770,380,105,46,1,-1,-1,-1
1294,3,732,142,19,17,1,-1,-1,-1
1294,5,773,252,31,36,1,-1,-1,-1
1294,8,764,221,31,38,1,-1,-1,-1
1294,11,692,187,43,64,1,-1,-1,-1
1294,13,774,412,117,52,1,-1,-1,-1
1294,31,667,264,80,154,1,-1,-1,-1
1294,37,603,169,20,19,1,-1,-1,-1
1294,39,104,300,71,48,1,-1,-1,-1
1294,40,0,410,113,97,1,-1,-1,-1
1294,41,629,412,104,126,1,-1,-1,-1
1294,42,624,258,32,36,1,-1,-1,-1
1294,43,775,520,146,17,1,-1,-1,-1
1294,44,388,169,23,19,1,-1,-1,-1
1294,45,544,354,60,53,1,-1,-1,-1
1294,46,509,133,18,12,1,-1,-1,-1
1295,2,773,381,104,46,1,-1,-1,-1
1295,3,732,142,19,17,1,-1,-1,-1
1295,5,773,252,31,36,1,-1,-1,-1
1295,8,764,221,31,38,1,-1,-1,-1
1295,11,693,188,42,64,1,-1,-1,-1
1295,13,770,412,118,52,1,-1,-1,-1
1295,31,667,264,80,154,1,-1,-1,-1
1295,37,603,167,20,19,1,-1,-1,-1
1295,39,100,302,73,50,1,-1,-1,-1
1295,40,0,424,96,92,1,-1,-1,-1
1295,41,628,412,105,127,1,-1,-1,-1
1295,42,624,256,32,36,1,-1,-1,-1
1295,43,775,522,142,17,1,-1,-1,-1
1295,44,387,169,25,20,1,-1,-1,-1
1295,45,547,351,60,54,1,-1,-1,-1
1295,46,508,133,18,12,1,-1,-1,-1
1296,2,771,380,104,46,1,-1,-1,-1
1296,3,734,142,19,17,1,-1,-1,-1
1296,5,773,252,31,36,1,-1,-1,-1
1296,8,764,221,31,38,1,-1,-1,-1
1296,11,692,187,43,63,1,-1,-1,-1
1296,13,773,412,117,52,1,-1,-1,-1
1296,31,663,264,85,154,1,-1,-1,-1
1296,37,603,167,20,19,1,-1,-1,-1
1296,39,96,302,73,50,1,-1,-1,-1
1296,40,0,419,101,103,1,-1,-1,-1
1296,41,631,412,101,126,1,-1,-1,-1
1296,42,623,256,32,36,1,-1,-1,-1
1296,43,775,522,142,17,1,-1,-1,-1
1296,44,386,168,26,21,1,-1,-1,-1
1296,45,548,350,58,52,1,-1,-1,-1
1296,46,508,131,20,13,1,-1,-1,-1
1297,2,771,379,104,46,1,-1,-1,-1
1297,3,734,140,19,17,1,-1,-1,-1
1297,5,773,252,31,36,1,-1,-1,-1
1297,8,764,221,31,38,1,-1,-1,-1
1297,11,693,188,41,65,1,-1,-1,-1
1297,13,773,412,117,52,1,-1,-1,-1
1297,31,660,264,87,154,1,-1,-1,-1
1297,37,604,167,20,19,1,-1,-1,-1
1297,39,92,304,74,50,1,-1,-1,-1
1297,40,1,426,92,103,1,-1,-1,-1
1297,41,628,412,99,127,1,-1,-1,-1
1297,42,624,256,32,36,1,-1,-1,-1
1297,43,774,522,146,17,1,-1,-1,-1
1297,44,385,171,27,19,1,-1,-1,-1
1297,45,548,349,57,52,1,-1,-1,-1
1297,46,509,134,17,11,1,-1,-1,-1
1298,2,769,379,104,46,1,-1,-1,-1
1298,3,734,140,19,17,1,-1,-1,-1
1298,5,773,252,31,36,1,-1,-1,-1
1298,8,764,221,31,38,1,-1,-1,-1
1298,11,693,188,41,63,1,-1,-1,-1
1298,13,771,412,117,52,1,-1,-1,-1
1298,31,660,260,87,158,1,-1,-1,-1
1298,37,604,165,20,19,1,-1,-1,-1
1298,39,87,306,78,52,1,-1,-1,-1
1298,40,0,439,71,96,1,-1,-1,-1
1298,41,633,410,96,125,1,-1,-1,-1
1298,42,624,256,32,36,1,-1,-1,-1
1298,43,774,522,142,17,1,-1,-1,-1
1298,44,385,171,27,18,1,-1,-1,-1
1298,45,548,347,57,52,1,-1,-1,-1
1298,46,509,132,18,13,1,-1,-1,-1
1299,2,768,380,104,46,1,-1,-1,-1
1299,3,734,140,19,17,1,-1,-1,-1
1299,5,773,252,31,36,1,-1,-1,-1
1299,8,764,221,30,36,1,-1,-1,-1
1299,11,693,188,41,64,1,-1,-1,-1
1299,13,770,412,117,52,1,-1,-1,-1
1299,31,660,264,87,154,1,-1,-1,-1
1299,37,606,165,20,19,1,-1,-1,-1
1299,39,84,308,75,52,1,-1,-1,-1
1299,40,2,437,76,89,1,-1,-1,-1
1299,41,628,412,98,126,1,-1,-1,-1
1299,42,623,254,32,36,1,-1,-1,-1
1299,43,773,522,142,17,1,-1,-1,-1
1299,44,383,170,28,21,1,-1,-1,-1
1299,45,549,345,57,52,1,-1,-1,-1
1299,46,508,133,19,12,1,-1,-1,-1
1300,2,769,380,101,44,1,-1,-1,-1
1300,3,732,140,19,17,1,-1,-1,-1
1300,5,771,252,31,36,1,-1,-1,-1
1300,8,762,221,31,38,1,-1,-1,-1
1300,11,693,189,39,64,1,-1,-1,-1
1300,13,770,412,117,52,1,-1,-1,-1
1300,31,662,264,84,154,1,-1,-1,-1
1300,37,604,165,20,19,1,-1,-1,-1
1300,39,80,308,78,52,1,-1,-1,-1
1300,40,3,436,68,97,1,-1,-1,-1
1300,41,625,410,100,128,1,-1,-1,-1
1300,42,624,250,30,35,1,-1,-1,-1
1300,43,770,522,148,17,1,-1,-1,-1
1300,44,382,169,27,21,1,-1,-1,-1
1300,45,549,343,57,52,1,-1,-1,-1
1300,46,508,133,19,11,1,-1,-1,-1
1301,2,767,379,104,46,1,-1,-1,-1
1301,3,734,138,19,17,1,-1,-1,-1
1301,5,771,252,31,36,1,-1,-1,-1
1301,8,764,221,30,36,1,-1,-1,-1
1301,11,693,190,42,59,1,-1,-1,-1
1301,13,770,412,117,52,1,-1,-1,-1
1301,31,660,264,86,154,1,-1,-1,-1
1301,37,606,165,20,19,1,-1,-1,-1
1301,39,74,312,78,52,1,-1,-1,-1
1301,40,0,453,56,86,1,-1,-1,-1
1301,41,616,414,105,124,1,-1,-1,-1
1301,42,623,252,33,33,1,-1,-1,-1
1301,43,770,522,142,17,1,-1,-1,-1
1301,44,382,171,27,21,1,-1,-1,-1
1301,45,551,343,57,52,1,-1,-1,-1
1301,46,508,133,19,11,1,-1,-1,-1
1302,2,765,377,104,46,1,-1,-1,-1
1302,3,732,140,19,17,1,-1,-1,-1
1302,5,771,252,31,36,1,-1,-1,-1
1302,8,762,221,31,38,1,-1,-1,-1
1302,11,693,191,43,58,1,-1,-1,-1
1302,13,770,412,117,52,1,-1,-1,-1
1302,31,657,264,89,154,1,-1,-1,-1
1302,37,606,165,20,19,1,-1,-1,-1
1302,39,70,310,80,55,1,-1,-1,-1
1302,40,0,455,54,84,1,-1,-1,-1
1302,41,624,410,97,128,1,-1,-1,-1
1302,42,624,248,32,35,1,-1,-1,-1
1302,43,768,520,148,19,1,-1,-1,-1
1302,44,381,171,27,21,1,-1,-1,-1
1302,45,551,341,57,52,1,-1,-1,-1
1302,46,508,133,19,11,1,-1,-1,-1
1303,2,766,381,104,46,1,-1,-1,-1
1303,3,734,138,19,17,1,-1,-1,-1
1303,5,771,252,31,36,1,-1,-1,-1
1303,8,762,221,31,38,1,-1,-1,-1
1303,11,693,188,45,61,1,-1,-1,-1
1303,13,769,412,117,52,1,-1,-1,-1
1303,31,660,264,85,154,1,-1,-1,-1
1303,37,607,163,20,19,1,-1,-1,-1
1303,39,65,314,80,55,1,-1,-1,-1
1303,40,0,455,51,84,1,-1,-1,-1
1303,41,619,412,110,126,1,-1,-1,-1
1303,42,624,248,32,33,1,-1,-1,-1
1303,43,770,522,139,17,1,-1,-1,-1
1303,44,381,171,27,21,1,-1,-1,-1
1303,45,552,339,57,52,1,-1,-1,-1
1303,46,508,135,19,11,1,-1,-1,-1
1304,2,766,379,105,46,1,-1,-1,-1
1304,3,734,138,19,17,1,-1,-1,-1
1304,5,770,252,31,36,1,-1,-1,-1
1304,8,762,221,31,38,1,-1,-1,-1
1304,11,693,190,42,59,1,-1,-1,-1
1304,13,768,412,117,52,1,-1,-1,-1
1304,31,657,264,88,154,1,-1,-1,-1
1304,37,607,163,20,19,1,-1,-1,-1
1304,39,62,316,82,54,1,-1,-1,-1
1304,40,0,457,37,68,1,-1,-1,-1
1304,41,619,411,107,127,1,-1,-1,-1
1304,42,622,248,33,33,1,-1,-1,-1
1304,43,766,520,146,17,1,-1,-1,-1
1304,44,377,173,27,21,1,-1,-1,-1
1304,45,552,337,57,52,1,-1,-1,-1
1304,46,506,135,19,11,1,-1,-1,-1
1305,2,765,379,104,46,1,-1,-1,-1
1305,3,734,140,19,17,1,-1,-1,-1
1305,5,770,252,31,36,1,-1,-1,-1
1305,8,762,221,31,38,1,-1,-1,-1
1305,11,693,189,41,61,1,-1,-1,-1
1305,13,768,412,117,52,1,-1,-1,-1
1305,31,659,264,85,154,1,-1,-1,-1
1305,37,608,163,20,19,1,-1,-1,-1
1305,39,56,316,87,56,1,-1,-1,-1
1305,41,617,411,106,127,1,-1,-1,-1
1305,42,624,248,32,31,1,-1,-1,-1
1305,43,766,520,142,17,1,-1,-1,-1
1305,44,377,173,27,21,1,-1,-1,-1
1305,45,552,335,57,52,1,-1,-1,-1
1305,46,508,135,19,11,1,-1,-1,-1
1306,2,764,380,104,46,1,-1,-1,-1
1306,3,734,140,19,17,1,-1,-1,-1
1306,5,770,252,31,36,1,-1,-1,-1
1306,8,761,221,31,38,1,-1,-1,-1
1306,11,693,189,40,61,1,-1,-1,-1
1306,13,765,412,117,52,1,-1,-1,-1
1306,31,656,262,87,154,1,-1,-1,-1
1306,37,607,163,20,19,1,-1,-1,-1
1306,39,49,320,86,57,1,-1,-1,-1
1306,41,615,414,105,124,1,-1,-1,-1
1306,42,621,247,32,33,1,-1,-1,-1
1306,43,765,520,146,17,1,-1,-1,-1
1306,44,376,173,27,21,1,-1,-1,-1
1306,45,553,335,57,52,1,-1,-1,-1
1306,46,506,135,19,11,1,-1,-1,-1
1307,2,762,381,104,46,1,-1,-1,-1
1307,3,732,140,19,17,1,-1,-1,-1
1307,5,770,252,31,36,1,-1,-1,-1
1307,8,761,221,31,38,1,-1,-1,-1
1307,11,692,188,41,64,1,-1,-1,-1
1307,13,765,412,117,52,1,-1,-1,-1
1307,31,656,262,88,154,1,-1,-1,-1
1307,37,608,162,20,19,1,-1,-1,-1
1307,39,44,320,88,59,1,-1,-1,-1
1307,41,608,416,110,122,1,-1,-1,-1
1307,42,623,246,31,34,1,-1,-1,-1
1307,43,762,520,148,19,1,-1,-1,-1
1307,44,374,173,27,21,1,-1,-1,-1
1307,45,555,333,56,50,1,-1,-1,-1
1307,46,505,135,19,11,1,-1,-1,-1
1308,2,761,377,104,46,1,-1,-1,-1
1308,3,734,138,19,17,1,-1,-1,-1
1308,5,770,252,31,36,1,-1,-1,-1
1308,8,761,221,31,38,1,-1,-1,-1
1308,11,692,189,40,61,1,-1,-1,-1
1308,13,765,412,117,52,1,-1,-1,-1
1308,31,653,262,89,154,1,-1,-1,-1
1308,37,608,162,20,19,1,-1,-1,-1
1308,39,40,324,87,59,1,-1,-1,-1
1308,41,612,410,109,128,1,-1,-1,-1
1308,42,621,246,33,35,1,-1,-1,-1
1308,43,762,520,146,17,1,-1,-1,-1
1308,44,374,175,27,21,1,-1,-1,-1
1308,45,555,331,57,52,1,-1,-1,-1
1308,46,508,135,19,11,1,-1,-1,-1
1309,2,760,379,104,46,1,-1,-1,-1
1309,3,732,138,19,17,1,-1,-1,-1
1309,5,770,252,31,36,1,-1,-1,-1
1309,8,760,221,31,38,1,-1,-1,-1
1309,11,692,189,40,61,1,-1,-1,-1
1309,13,764,412,117,52,1,-1,-1,-1
1309,31,653,262,89,154,1,-1,-1,-1
1309,37,608,162,20,19,1,-1,-1,-1
1309,39,37,325,86,57,1,-1,-1,-1
1309,41,607,410,112,129,1,-1,-1,-1
1309,42,623,246,35,38,1,-1,-1,-1
1309,43,761,520,146,17,1,-1,-1,-1
1309,44,373,175,27,21,1,-1,-1,-1
1309,45,555,329,57,52,1,-1,-1,-1
1309,46,506,135,19,11,1,-1,-1,-1
1310,2,761,378,104,46,1,-1,-1,-1
1310,3,732,138,19,17,1,-1,-1,-1
1310,5,769,252,31,36,1,-1,-1,-1
1310,8,760,221,31,38,1,-1,-1,-1
1310,11,692,189,40,61,1,-1,-1,-1
1310,13,764,412,117,52,1,-1,-1,-1
1310,31,653,262,89,154,1,-1,-1,-1
1310,37,608,160,20,19,1,-1,-1,-1
1310,39,31,325,88,59,1,-1,-1,-1
1310,41,610,412,107,127,1,-1,-1,-1
1310,42,621,246,32,33,1,-1,-1,-1
1310,43,761,520,146,17,1,-1,-1,-1
1310,44,373,175,27,21,1,-1,-1,-1
1310,45,556,329,56,50,1,-1,-1,-1
1310,46,505,135,19,11,1,-1,-1,-1
1311,2,761,376,104,46,1,-1,-1,-1
1311,3,734,138,19,17,1,-1,-1,-1
1311,5,770,252,31,36,1,-1,-1,-1
1311,8,760,221,31,38,1,-1,-1,-1
1311,11,692,189,40,61,1,-1,-1,-1
1311,13,764,412,117,52,1,-1,-1,-1
1311,31,653,262,88,154,1,-1,-1,-1
1311,37,609,160,20,19,1,-1,-1,-1
1311,39,27,325,92,63,1,-1,-1,-1
1311,41,608,410,107,129,1,-1,-1,-1
1311,42,624,246,30,32,1,-1,-1,-1
1311,43,760,520,148,19,1,-1,-1,-1
1311,44,372,175,27,21,1,-1,-1,-1
1311,45,558,327,55,49,1,-1,-1,-1
1311,46,505,135,19,11,1,-1,-1,-1
1312,2,761,379,104,46,1,-1,-1,-1
1312,3,734,138,19,17,1,-1,-1,-1
1312,5,770,252,31,36,1,-1,-1,-1
1312,8,761,221,31,38,1,-1,-1,-1
1312,11,692,189,40,61,1,-1,-1,-1
1312,13,764,412,117,52,1,-1,-1,-1
1312,31,654,262,87,150,1,-1,-1,-1
1312,37,609,160,20,19,1,-1,-1,-1
1312,39,27,327,87,59,1,-1,-1,-1
1312,41,610,416,107,122,1,-1,-1,-1
1312,42,624,245,29,31,1,-1,-1,-1
1312,43,760,520,148,19,1,-1,-1,-1
1312,44,370,175,27,21,1,-1,-1,-1
1312,45,557,326,55,46,1,-1,-1,-1
1312,46,505,135,19,11,1,-1,-1,-1
1313,2,761,380,104,46,1,-1,-1,-1
1313,3,734,136,19,17,1,-1,-1,-1
1313,5,770,252,30,34,1,-1,-1,-1
1313,8,761,221,31,38,1,-1,-1,-1
1313,11,692,189,40,61,1,-1,-1,-1
1313,13,762,412,117,52,1,-1,-1,-1
1313,31,653,262,88,154,1,-1,-1,-1
1313,37,609,158,20,19,1,-1,-1,-1
1313,39,23,329,87,61,1,-1,-1,-1
1313,41,611,416,104,119,1,-1,-1,-1
1313,42,625,243,27,33,1,-1,-1,-1
1313,43,758,520,148,19,1,-1,-1,-1
1313,44,369,175,27,21,1,-1,-1,-1
1313,45,560,327,53,45,1,-1,-1,-1
1313,46,505,136,19,11,1,-1,-1,-1
1314,2,760,378,104,46,1,-1,-1,-1
1314,3,732,136,19,17,1,-1,-1,-1
1314,5,770,252,31,36,1,-1,-1,-1
1314,8,760,221,31,38,1,-1,-1,-1
1314,11,693,189,40,61,1,-1,-1,-1
1314,13,762,412,117,52,1,-1,-1,-1
1314,31,653,262,88,154,1,-1,-1,-1
1314,37,611,158,20,19,1,-1,-1,-1
1314,39,19,335,84,57,1,-1,-1,-1
1314,41,611,416,104,119,1,-1,-1,-1
1314,42,625,244,28,30,1,-1,-1,-1
1314,43,760,520,146,17,1,-1,-1,-1
1314,44,369,177,27,21,1,-1,-1,-1
1314,45,560,324,54,49,1,-1,-1,-1
1314,46,505,136,19,11,1,-1,-1,-1
1315,2,760,376,104,46,1,-1,-1,-1
1315,3,734,136,19,17,1,-1,-1,-1
1315,5,770,252,31,36,1,-1,-1,-1
1315,8,761,221,31,38,1,-1,-1,-1
1315,11,693,189,39,59,1,-1,-1,-1
1315,13,762,412,117,52,1,-1,-1,-1
1315,31,651,258,92,160,1,-1,-1,-1
1315,37,610,158,19,19,1,-1,-1,-1
1315,39,11,333,91,63,1,-1,-1,-1
1315,41,608,416,116,123,1,-1,-1,-1
1315,42,625,243,29,31,1,-1,-1,-1
1315,43,760,520,146,17,1,-1,-1,-1
1315,44,368,177,27,21,1,-1,-1,-1
1315,45,561,322,51,50,1,-1,-1,-1
1315,46,505,136,18,11,1,-1,-1,-1
1316,2,760,375,104,46,1,-1,-1,-1
1316,3,735,136,19,17,1,-1,-1,-1
1316,5,770,252,31,36,1,-1,-1,-1
1316,8,761,221,31,38,1,-1,-1,-1
1316,11,693,189,39,59,1,-1,-1,-1
1316,13,764,410,117,52,1,-1,-1,-1
1316,31,653,262,88,154,1,-1,-1,-1
1316,37,609,158,19,19,1,-1,-1,-1
1316,39,7,335,91,63,1,-1,-1,-1
1316,41,606,414,115,125,1,-1,-1,-1
1316,42,625,243,28,29,1,-1,-1,-1
1316,43,760,518,146,17,1,-1,-1,-1
1316,44,367,177,27,21,1,-1,-1,-1
1316,45,561,323,54,49,1,-1,-1,-1
1316,46,505,136,19,11,1,-1,-1,-1
1317,2,761,379,104,46,1,-1,-1,-1
1317,3,734,136,19,17,1,-1,-1,-1
1317,5,770,252,31,36,1,-1,-1,-1
1317,8,761,221,31,38,1,-1,-1,-1
1317,11,693,189,40,59,1,-1,-1,-1
1317,13,762,410,117,52,1,-1,-1,-1
1317,31,653,260,91,156,1,-1,-1,-1
1317,37,611,156,19,19,1,-1,-1,-1
1317,39,6,337,90,61,1,-1,-1,-1
1317,41,606,414,112,125,1,-1,-1,-1
1317,42,625,241,30,31,1,-1,-1,-1
1317,43,758,518,148,19,1,-1,-1,-1
1317,44,365,179,27,21,1,-1,-1,-1
1317,45,562,321,53,49,1,-1,-1,-1
1317,46,505,136,19,11,1,-1,-1,-1
1318,2,759,376,104,46,1,-1,-1,-1
1318,3,734,135,19,17,1,-1,-1,-1
1318,5,770,252,31,36,1,-1,-1,-1
1318,8,761,221,31,38,1,-1,-1,-1
1318,11,693,189,40,59,1,-1,-1,-1
1318,13,762,410,117,52,1,-1,-1,-1
1318,31,653,262,88,154,1,-1,-1,-1
1318,37,612,156,19,19,1,-1,-1,-1
1318,39,2,339,91,60,1,-1,-1,-1
1318,41,606,414,116,125,1,-1,-1,-1
1318,42,625,241,28,30,1,-1,-1,-1
1318,43,760,518,146,17,1,-1,-1,-1
1318,44,365,177,28,21,1,-1,-1,-1
1318,45,565,321,52,47,1,-1,-1,-1
1318,46,504,136,19,11,1,-1,-1,-1
1319,2,761,379,104,46,1,-1,-1,-1
1319,3,734,133,19,17,1,-1,-1,-1
1319,5,770,252,31,36,1,-1,-1,-1
1319,8,761,221,31,38,1,-1,-1,-1
1319,11,693,189,40,59,1,-1,-1,-1
1319,13,762,410,117,52,1,-1,-1,-1
1319,31,653,260,91,156,1,-1,-1,-1
1319,37,612,156,19,19,1,-1,-1,-1
1319,39,0,341,92,64,1,-1,-1,-1
1319,41,606,412,117,125,1,-1,-1,-1
1319,42,626,241,27,29,1,-1,-1,-1
1319,43,758,518,146,17,1,-1,-1,-1
1319,44,364,179,28,21,1,-1,-1,-1
1319,45,565,318,54,49,1,-1,-1,-1
1319,46,500,140,19,11,1,-1,-1,-1
1320,2,760,379,105,46,1,-1,-1,-1
1320,3,735,135,19,17,1,-1,-1,-1
1320,5,770,252,31,36,1,-1,-1,-1
1320,8,761,221,31,38,1,-1,-1,-1
1320,11,693,187,41,61,1,-1,-1,-1
1320,13,762,410,117,52,1,-1,-1,-1
1320,31,653,260,88,154,1,-1,-1,-1
1320,37,612,154,19,19,1,-1,-1,-1
1320,39,0,343,83,63,1,-1,-1,-1
1320,41,607,412,115,125,1,-1,-1,-1
1320,42,625,241,27,28,1,-1,-1,-1
1320,43,760,518,146,17,1,-1,-1,-1
1320,44,364,179,27,21,1,-1,-1,-1
1320,45,567,319,52,43,1,-1,-1,-1
1320,46,498,142,19,11,1,-1,-1,-1
1321,2,760,379,104,46,1,-1,-1,-1
1321,3,734,133,19,17,1,-1,-1,-1
1321,5,769,254,31,36,1,-1,-1,-1
1321,8,761,221,31,38,1,-1,-1,-1
1321,11,693,189,40,59,1,-1,-1,-1
1321,13,762,410,117,52,1,-1,-1,-1
1321,31,653,260,88,154,1,-1,-1,-1
1321,37,612,154,19,19,1,-1,-1,-1
1321,39,0,347,80,67,1,-1,-1,-1
1321,41,606,412,117,125,1,-1,-1,-1
1321,42,625,241,27,28,1,-1,-1,-1
1321,43,760,518,142,21,1,-1,-1,-1
1321,44,363,179,27,21,1,-1,-1,-1
1321,45,566,315,54,48,1,-1,-1,-1
1321,46,504,138,19,11,1,-1,-1,-1
1322,2,761,381,103,44,1,-1,-1,-1
1322,3,735,133,19,17,1,-1,-1,-1
1322,5,769,254,31,36,1,-1,-1,-1
1322,8,761,221,31,38,1,-1,-1,-1
1322,11,693,189,40,59,1,-1,-1,-1
1322,13,762,410,117,52,1,-1,-1,-1
1322,31,653,260,91,156,1,-1,-1,-1
1322,37,612,154,19,19,1,-1,-1,-1
1322,39,0,349,78,67,1,-1,-1,-1
1322,41,608,414,113,123,1,-1,-1,-1
1322,42,626,239,27,30,1,-1,-1,-1
1322,43,758,513,146,26,1,-1,-1,-1
1322,44,361,181,27,21,1,-1,-1,-1
1322,45,569,316,55,46,1,-1,-1,-1
1322,46,504,138,19,11,1,-1,-1,-1
1323,2,761,381,100,44,1,-1,-1,-1
1323,3,735,133,19,17,1,-1,-1,-1
1323,5,769,254,31,36,1,-1,-1,-1
1323,8,761,221,31,38,1,-1,-1,-1
1323,11,692,187,44,65,1,-1,-1,-1
1323,13,762,410,117,52,1,-1,-1,-1
1323,31,654,262,87,150,1,-1,-1,-1
1323,37,613,152,19,19,1,-1,-1,-1
1323,39,0,351,74,67,1,-1,-1,-1
1323,41,605,414,117,124,1,-1,-1,-1
1323,42,628,238,26,28,1,-1,-1,-1
1323,43,757,513,146,25,1,-1,-1,-1
1323,44,360,181,27,21,1,-1,-1,-1
1323,45,571,315,52,44,1,-1,-1,-1
1323,46,502,138,19,11,1,-1,-1,-1
1324,2,761,379,104,46,1,-1,-1,-1
1324,3,735,133,19,17,1,-1,-1,-1
1324,5,770,254,31,36,1,-1,-1,-1
1324,8,761,221,31,38,1,-1,-1,-1
1324,11,692,185,44,65,1,-1,-1,-1
1324,13,762,410,117,52,1,-1,-1,-1
1324,31,654,260,88,154,1,-1,-1,-1
1324,37,613,154,19,19,1,-1,-1,-1
1324,39,0,354,66,63,1,-1,-1,-1
1324,41,606,414,116,125,1,-1,-1,-1
1324,42,626,236,29,31,1,-1,-1,-1
1324,43,757,513,148,27,1,-1,-1,-1
1324,44,360,181,28,21,1,-1,-1,-1
1324,45,570,313,53,44,1,-1,-1,-1
1324,46,504,138,19,11,1,-1,-1,-1
1325,2,760,379,104,46,1,-1,-1,-1
1325,3,735,131,19,17,1,-1,-1,-1
1325,5,769,254,31,36,1,-1,-1,-1
1325,8,761,221,31,38,1,-1,-1,-1
1325,11,692,185,44,65,1,-1,-1,-1
1325,13,762,410,117,52,1,-1,-1,-1
1325,31,653,260,88,154,1,-1,-1,-1
1325,37,615,152,19,19,1,-1,-1,-1
1325,39,0,356,65,67,1,-1,-1,-1
1325,41,604,406,118,133,1,-1,-1,-1
1325,42,629,233,26,34,1,-1,-1,-1
1325,43,757,513,146,25,1,-1,-1,-1
1325,44,357,181,28,21,1,-1,-1,-1
1325,45,573,310,52,48,1,-1,-1,-1
1325,46,502,138,19,11,1,-1,-1,-1
1326,2,761,379,103,44,1,-1,-1,-1
1326,3,735,131,19,17,1,-1,-1,-1
1326,5,770,254,31,36,1,-1,-1,-1
1326,8,761,221,31,38,1,-1,-1,-1
1326,11,692,187,44,65,1,-1,-1,-1
1326,13,762,410,114,50,1,-1,-1,-1
1326,31,654,260,88,154,1,-1,-1,-1
1326,37,616,152,19,19,1,-1,-1,-1
1326,39,0,356,63,67,1,-1,-1,-1
1326,41,607,412,106,126,1,-1,-1,-1
1326,42,630,234,27,30,1,-1,-1,-1
1326,43,757,513,148,27,1,-1,-1,-1
1326,44,353,181,33,27,1,-1,-1,-1
1326,45,572,309,50,43,1,-1,-1,-1
1326,46,502,138,19,11,1,-1,-1,-1
1327,2,760,379,104,46,1,-1,-1,-1
1327,3,735,131,19,17,1,-1,-1,-1
1327,5,769,254,31,36,1,-1,-1,-1
1327,8,761,221,31,38,1,-1,-1,-1
1327,11,689,185,47,69,1,-1,-1,-1
1327,13,761,410,117,52,1,-1,-1,-1
1327,31,654,262,88,154,1,-1,-1,-1
1327,37,616,152,19,19,1,-1,-1,-1
1327,39,0,360,54,63,1,-1,-1,-1
1327,41,608,408,110,128,1,-1,-1,-1
1327,42,631,233,27,31,1,-1,-1,-1
1327,43,757,511,146,25,1,-1,-1,-1
1327,44,355,182,32,24,1,-1,-1,-1
1327,45,576,309,46,41,1,-1,-1,-1
1327,46,502,138,19,11,1,-1,-1,-1
1328,2,761,379,103,44,1,-1,-1,-1
1328,3,735,131,19,17,1,-1,-1,-1
1328,5,769,254,31,36,1,-1,-1,-1
1328,8,761,221,31,38,1,-1,-1,-1
1328,11,692,186,40,63,1,-1,-1,-1
1328,13,761,410,117,52,1,-1,-1,-1
1328,31,653,260,88,154,1,-1,-1,-1
1328,37,616,150,19,19,1,-1,-1,-1
1328,39,0,362,51,60,1,-1,-1,-1
1328,41,605,405,117,133,1,-1,-1,-1
1328,42,629,231,27,30,1,-1,-1,-1
1328,43,757,511,148,27,1,-1,-1,-1
1328,44,353,183,33,24,1,-1,-1,-1
1328,45,578,308,45,41,1,-1,-1,-1
1328,46,503,138,19,11,1,-1,-1,-1
1329,2,760,379,104,46,1,-1,-1,-1
1329,3,735,131,19,17,1,-1,-1,-1
1329,5,770,254,31,36,1,-1,-1,-1
1329,8,761,219,31,38,1,-1,-1,-1
1329,11,692,185,44,66,1,-1,-1,-1
1329,13,760,410,118,52,1,-1,-1,-1
1329,31,653,258,91,156,1,-1,-1,-1
1329,37,616,150,19,19,1,-1,-1,-1
1329,39,0,362,48,63,1,-1,-1,-1
1329,41,603,409,117,130,1,-1,-1,-1
1329,42,629,229,29,31,1,-1,-1,-1
1329,43,757,511,146,25,1,-1,-1,-1
1329,44,352,183,31,23,1,-1,-1,-1
1329,45,578,307,44,40,1,-1,-1,-1
1329,46,502,138,19,11,1,-1,-1,-1
1330,2,760,379,104,46,1,-1,-1,-1
1330,3,735,131,19,17,1,-1,-1,-1
1330,5,769,254,31,36,1,-1,-1,-1
1330,8,761,219,31,38,1,-1,-1,-1
1330,11,693,187,40,61,1,-1,-1,-1
1330,13,761,410,117,52,1,-1,-1,-1
1330,31,653,260,88,154,1,-1,-1,-1
1330,37,616,150,19,19,1,-1,-1,-1
1330,39,0,366,47,63,1,-1,-1,-1
1330,41,608,407,106,130,1,-1,-1,-1
1330,42,632,228,26,28,1,-1,-1,-1
1330,43,757,511,146,25,1,-1,-1,-1
1330,44,352,183,32,23,1,-1,-1,-1
1330,45,578,305,46,41,1,-1,-1,-1
1330,46,502,138,19,11,1,-1,-1,-1
1331,2,761,381,103,44,1,-1,-1,-1
1331,3,736,129,19,17,1,-1,-1,-1
1331,5,769,254,31,36,1,-1,-1,-1
1331,8,762,221,30,36,1,-1,-1,-1
1331,11,693,187,40,61,1,-1,-1,-1
1331,13,761,410,117,52,1,-1,-1,-1
1331,31,653,258,91,156,1,-1,-1,-1
1331,37,617,150,19,19,1,-1,-1,-1
1331,39,0,368,39,51,1,-1,-1,-1
1331,41,609,404,108,134,1,-1,-1,-1
1331,42,633,227,26,30,1,-1,-1,-1
1331,43,759,512,147,27,1,-1,-1,-1
1331,44,350,185,32,23,1,-1,-1,-1
1331,45,581,303,44,42,1,-1,-1,-1
1331,46,502,138,19,11,1,-1,-1,-1
1332,2,760,379,104,46,1,-1,-1,-1
1332,3,735,129,19,17,1,-1,-1,-1
1332,5,770,254,31,36,1,-1,-1,-1
1332,8,761,219,31,38,1,-1,-1,-1
1332,11,690,187,45,65,1,-1,-1,-1
1332,13,761,410,117,52,1,-1,-1,-1
1332,31,654,260,88,154,1,-1,-1,-1
1332,37,617,150,19,19,1,-1,-1,-1
1332,39,0,368,37,49,1,-1,-1,-1
1332,41,604,404,114,134,1,-1,-1,-1
1332,42,631,228,30,28,1,-1,-1,-1
1332,43,757,511,148,27,1,-1,-1,-1
1332,44,348,185,32,23,1,-1,-1,-1
1332,45,582,303,44,42,1,-1,-1,-1
1332,46,501,138,19,11,1,-1,-1,-1
1333,2,761,379,103,44,1,-1,-1,-1
1333,3,735,129,19,17,1,-1,-1,-1
1333,5,770,254,30,34,1,-1,-1,-1
1333,8,761,219,31,38,1,-1,-1,-1
1333,11,693,187,41,64,1,-1,-1,-1
1333,13,761,408,117,52,1,-1,-1,-1
1333,31,654,260,88,154,1,-1,-1,-1
1333,37,617,150,19,19,1,-1,-1,-1
1333,39,0,372,37,49,1,-1,-1,-1
1333,41,604,405,112,131,1,-1,-1,-1
1333,42,631,227,29,27,1,-1,-1,-1
1333,43,756,511,148,27,1,-1,-1,-1
1333,44,347,187,32,23,1,-1,-1,-1
1333,45,580,301,47,42,1,-1,-1,-1
1333,46,502,138,19,11,1,-1,-1,-1
1334,2,760,379,104,46,1,-1,-1,-1
1334,3,737,129,16,14,1,-1,-1,-1
1334,5,770,254,31,36,1,-1,-1,-1
1334,8,761,221,31,38,1,-1,-1,-1
1334,11,693,187,40,63,1,-1,-1,-1
1334,13,762,408,114,50,1,-1,-1,-1
1334,31,654,260,88,154,1,-1,-1,-1
1334,37,619,148,19,19,1,-1,-1,-1
1334,39,0,377,36,41,1,-1,-1,-1
1334,41,604,405,112,131,1,-1,-1,-1
1334,42,633,226,26,28,1,-1,-1,-1
1334,43,756,509,148,29,1,-1,-1,-1
1334,44,346,187,32,23,1,-1,-1,-1
1334,45,583,300,45,41,1,-1,-1,-1
1334,46,501,138,19,11,1,-1,-1,-1
1335,2,758,378,107,46,1,-1,-1,-1
1335,3,736,129,15,13,1,-1,-1,-1
1335,5,770,254,31,36,1,-1,-1,-1
1335,8,762,219,31,38,1,-1,-1,-1
1335,11,693,187,40,63,1,-1,-1,-1
1335,13,761,408,117,52,1,-1,-1,-1
1335,31,654,260,88,154,1,-1,-1,-1
1335,37,621,148,16,16,1,-1,-1,-1
1335,39,0,381,32,35,1,-1,-1,-1
1335,41,604,403,113,133,1,-1,-1,-1
1335,42,634,227,26,28,1,-1,-1,-1
1335,43,756,509,148,28,1,-1,-1,-1
1335,44,346,187,32,23,1,-1,-1,-1
1335,45,578,298,50,44,1,-1,-1,-1
1335,46,502,138,19,11,1,-1,-1,-1
1336,2,760,379,104,46,1,-1,-1,-1
1336,3,736,129,15,13,1,-1,-1,-1
1336,5,770,254,31,36,1,-1,-1,-1
1336,8,761,219,31,38,1,-1,-1,-1
1336,11,694,189,39,59,1,-1,-1,-1
1336,13,761,408,117,52,1,-1,-1,-1
1336,31,654,260,88,154,1,-1,-1,-1
1336,41,604,403,113,133,1,-1,-1,-1
1336,42,632,229,29,26,1,-1,-1,-1
1336,43,756,509,146,29,1,-1,-1,-1
1336,44,344,187,31,23,1,-1,-1,-1
1336,45,582,295,49,42,1,-1,-1,-1
1336,46,501,138,19,11,1,-1,-1,-1
1337,2,760,379,104,46,1,-1,-1,-1
1337,3,736,127,15,13,1,-1,-1,-1
1337,5,770,252,31,36,1,-1,-1,-1
1337,8,761,219,31,38,1,-1,-1,-1
1337,11,692,186,46,64,1,-1,-1,-1
1337,13,761,408,117,52,1,-1,-1,-1
1337,31,654,260,88,154,1,-1,-1,-1
1337,41,604,403,113,133,1,-1,-1,-1
1337,42,632,229,28,25,1,-1,-1,-1
1337,43,754,509,148,30,1,-1,-1,-1
1337,44,343,189,32,23,1,-1,-1,-1
1337,45,582,295,50,44,1,-1,-1,-1
1337,46,502,138,19,11,1,-1,-1,-1
1338,2,760,379,104,46,1,-1,-1,-1
1338,3,737,127,15,13,1,-1,-1,-1
1338,5,770,252,31,36,1,-1,-1,-1
1338,8,761,219,31,38,1,-1,-1,-1
1338,11,694,189,39,59,1,-1,-1,-1
1338,13,761,408,117,52,1,-1,-1,-1
1338,31,654,260,88,154,1,-1,-1,-1
1338,41,606,403,113,133,1,-1,-1,-1
1338,42,632,229,28,25,1,-1,-1,-1
1338,43,757,507,146,25,1,-1,-1,-1
1338,44,343,190,32,23,1,-1,-1,-1
1338,45,582,293,50,44,1,-1,-1,-1
1338,46,501,140,19,11,1,-1,-1,-1
1339,2,760,378,104,46,1,-1,-1,-1
1339,3,737,127,15,13,1,-1,-1,-1
1339,5,770,252,31,36,1,-1,-1,-1
1339,8,761,219,31,38,1,-1,-1,-1
1339,11,693,187,41,61,1,-1,-1,-1
1339,13,761,408,117,52,1,-1,-1,-1
1339,31,654,258,88,154,1,-1,-1,-1
1339,41,604,403,113,133,1,-1,-1,-1
1339,42,633,229,28,25,1,-1,-1,-1
1339,43,756,507,146,25,1,-1,-1,-1
1339,44,340,190,32,23,1,-1,-1,-1
1339,45,583,293,49,42,1,-1,-1,-1
1339,46,501,140,19,11,1,-1,-1,-1
1340,2,760,378,104,46,1,-1,-1,-1
1340,3,737,127,15,13,1,-1,-1,-1
1340,5,770,252,31,36,1,-1,-1,-1
1340,8,761,219,31,38,1,-1,-1,-1
1340,11,693,187,39,61,1,-1,-1,-1
1340,13,761,408,117,52,1,-1,-1,-1
1340,31,654,258,87,154,1,-1,-1,-1
1340,41,604,401,113,133,1,-1,-1,-1
1340,42,633,227,28,25,1,-1,-1,-1
1340,43,756,507,146,25,1,-1,-1,-1
1340,44,339,190,31,23,1,-1,-1,-1
1340,45,585,296,48,38,1,-1,-1,-1
1340,46,501,138,19,11,1,-1,-1,-1
1341,2,760,378,104,46,1,-1,-1,-1
1341,3,737,127,15,13,1,-1,-1,-1
1341,5,770,252,30,34,1,-1,-1,-1
1341,8,761,217,31,40,1,-1,-1,-1
1341,11,693,187,39,61,1,-1,-1,-1
1341,13,761,408,117,52,1,-1,-1,-1
1341,31,654,258,87,154,1,-1,-1,-1
1341,41,604,401,113,133,1,-1,-1,-1
1341,42,633,227,28,25,1,-1,-1,-1
1341,43,756,507,146,25,1,-1,-1,-1
1341,44,338,192,32,23,1,-1,-1,-1
1341,45,585,289,50,44,1,-1,-1,-1
1341,46,500,140,19,11,1,-1,-1,-1
1342,2,760,378,104,46,1,-1,-1,-1
1342,3,737,127,15,13,1,-1,-1,-1
1342,5,770,252,30,34,1,-1,-1,-1
1342,8,761,219,31,38,1,-1,-1,-1
1342,11,693,187,39,61,1,-1,-1,-1
1342,13,761,406,117,52,1,-1,-1,-1
1342,31,654,258,87,154,1,-1,-1,-1
1342,41,604,401,113,133,1,-1,-1,-1
1342,42,633,227,28,25,1,-1,-1,-1
1342,43,754,507,146,25,1,-1,-1,-1
1342,44,338,192,32,23,1,-1,-1,-1
1342,45,586,289,49,42,1,-1,-1,-1
1342,46,500,140,19,11,1,-1,-1,-1
1343,2,758,378,104,46,1,-1,-1,-1
1343,3,736,127,15,13,1,-1,-1,-1
1343,5,770,252,31,36,1,-1,-1,-1
1343,8,761,219,31,38,1,-1,-1,-1
1343,11,694,187,42,59,1,-1,-1,-1
1343,13,761,406,117,52,1,-1,-1,-1
1343,31,654,256,90,156,1,-1,-1,-1
1343,41,603,399,116,136,1,-1,-1,-1
1343,42,633,225,28,25,1,-1,-1,-1
1343,43,754,507,146,25,1,-1,-1,-1
1343,44,335,194,32,23,1,-1,-1,-1
1343,45,586,287,49,42,1,-1,-1,-1
1343,46,500,140,19,11,1,-1,-1,-1
1344,2,758,376,104,46,1,-1,-1,-1
1344,3,737,125,15,13,1,-1,-1,-1
1344,5,769,252,31,36,1,-1,-1,-1
1344,8,761,219,31,38,1,-1,-1,-1
1344,11,694,189,36,57,1,-1,-1,-1
1344,13,761,406,117,52,1,-1,-1,-1
1344,31,654,256,87,154,1,-1,-1,-1
1344,41,602,397,118,138,1,-1,-1,-1
1344,42,633,223,28,25,1,-1,-1,-1
1344,43,753,505,147,33,1,-1,-1,-1
1344,44,334,194,32,23,1,-1,-1,-1
1344,45,586,285,52,44,1,-1,-1,-1
1344,46,498,140,19,11,1,-1,-1,-1
1345,2,758,376,104,46,1,-1,-1,-1
1345,3,736,125,15,13,1,-1,-1,-1
1345,5,770,252,31,36,1,-1,-1,-1
1345,8,761,217,31,38,1,-1,-1,-1
1345,11,696,189,36,57,1,-1,-1,-1
1345,13,760,406,118,52,1,-1,-1,-1
1345,31,654,256,87,154,1,-1,-1,-1
1345,41,602,397,118,138,1,-1,-1,-1
1345,42,633,223,28,25,1,-1,-1,-1
1345,43,754,505,146,34,1,-1,-1,-1
1345,44,334,194,32,23,1,-1,-1,-1
1345,45,587,285,53,46,1,-1,-1,-1
1345,46,497,140,19,11,1,-1,-1,-1
1346,2,758,376,104,46,1,-1,-1,-1
1346,3,737,125,15,13,1,-1,-1,-1
1346,5,769,252,31,36,1,-1,-1,-1
1346,8,761,217,31,38,1,-1,-1,-1
1346,11,694,187,37,59,1,-1,-1,-1
1346,13,761,406,117,52,1,-1,-1,-1
1346,31,654,256,87,154,1,-1,-1,-1
1346,41,600,397,118,138,1,-1,-1,-1
1346,42,633,223,28,25,1,-1,-1,-1
1346,43,754,505,146,32,1,-1,-1,-1
1346,44,331,194,32,23,1,-1,-1,-1
1346,45,589,285,52,44,1,-1,-1,-1
1346,46,497,140,19,11,1,-1,-1,-1
1346,47,352,516,67,23,1,-1,-1,-1
1347,2,758,376,104,46,1,-1,-1,-1
1347,3,736,125,15,13,1,-1,-1,-1
1347,5,770,252,30,34,1,-1,-1,-1
1347,8,761,217,31,38,1,-1,-1,-1
1347,11,693,187,39,59,1,-1,-1,-1
1347,13,761,406,117,52,1,-1,-1,-1
1347,31,654,256,90,156,1,-1,-1,-1
1347,41,600,397,118,138,1,-1,-1,-1
1347,42,634,223,28,25,1,-1,-1,-1
1347,43,754,503,145,35,1,-1,-1,-1
1347,44,330,194,32,23,1,-1,-1,-1
1347,45,590,283,50,44,1,-1,-1,-1
1347,46,497,140,19,11,1,-1,-1,-1
1347,47,356,511,66,27,1,-1,-1,-1
1348,2,758,376,103,44,1,-1,-1,-1
1348,3,736,125,15,13,1,-1,-1,-1
1348,5,770,252,31,36,1,-1,-1,-1
1348,8,761,217,31,38,1,-1,-1,-1
1348,11,693,187,39,59,1,-1,-1,-1
1348,13,760,405,118,52,1,-1,-1,-1
1348,31,654,256,87,154,1,-1,-1,-1
1348,41,600,397,118,138,1,-1,-1,-1
1348,42,634,221,28,25,1,-1,-1,-1
1348,43,753,503,146,33,1,-1,-1,-1
1348,44,330,196,32,23,1,-1,-1,-1
1348,45,592,286,47,39,1,-1,-1,-1
1348,46,497,140,19,11,1,-1,-1,-1
1348,47,356,507,67,29,1,-1,-1,-1
1349,2,757,374,104,46,1,-1,-1,-1
1349,3,736,125,15,13,1,-1,-1,-1
1349,5,769,252,31,36,1,-1,-1,-1
1349,8,761,217,31,38,1,-1,-1,-1
1349,11,693,185,39,61,1,-1,-1,-1
1349,13,758,403,118,52,1,-1,-1,-1
1349,31,654,256,87,154,1,-1,-1,-1
1349,41,598,397,121,141,1,-1,-1,-1
1349,42,634,221,28,25,1,-1,-1,-1
1349,43,752,503,147,34,1,-1,-1,-1
1349,44,327,198,32,23,1,-1,-1,-1
1349,45,591,281,48,40,1,-1,-1,-1
1349,46,500,141,19,11,1,-1,-1,-1
1349,47,356,501,68,34,1,-1,-1,-1
1350,2,757,374,104,46,1,-1,-1,-1
1350,3,736,123,15,13,1,-1,-1,-1
1350,5,770,252,31,36,1,-1,-1,-1
1350,8,761,217,31,38,1,-1,-1,-1
1350,11,693,185,39,61,1,-1,-1,-1
1350,13,758,403,118,52,1,-1,-1,-1
1350,31,654,256,87,154,1,-1,-1,-1
1350,41,599,395,121,142,1,-1,-1,-1
1350,42,634,221,28,25,1,-1,-1,-1
1350,43,751,503,148,34,1,-1,-1,-1
1350,44,327,198,32,23,1,-1,-1,-1
1350,45,592,279,49,42,1,-1,-1,-1
1350,46,499,141,19,11,1,-1,-1,-1
1350,47,360,497,70,41,1,-1,-1,-1
1351,2,757,374,105,46,1,-1,-1,-1
1351,3,736,123,15,13,1,-1,-1,-1
1351,5,770,252,30,34,1,-1,-1,-1
1351,8,761,217,31,38,1,-1,-1,-1
1351,11,694,187,42,59,1,-1,-1,-1
1351,13,758,403,118,52,1,-1,-1,-1
1351,31,654,256,87,154,1,-1,-1,-1
1351,41,599,395,121,142,1,-1,-1,-1
1351,42,634,219,30,27,1,-1,-1,-1
1351,43,753,503,146,35,1,-1,-1,-1
1351,44,326,198,32,23,1,-1,-1,-1
1351,45,592,279,49,42,1,-1,-1,-1
1351,46,499,141,19,11,1,-1,-1,-1
1351,47,358,493,75,45,1,-1,-1,-1
1352,2,757,374,104,46,1,-1,-1,-1
1352,3,736,123,15,13,1,-1,-1,-1
1352,5,770,252,31,36,1,-1,-1,-1
1352,8,761,217,31,38,1,-1,-1,-1
1352,11,694,185,41,60,1,-1,-1,-1
1352,13,758,403,118,52,1,-1,-1,-1
1352,31,654,254,90,156,1,-1,-1,-1
1352,41,599,393,122,144,1,-1,-1,-1
1352,42,634,219,28,25,1,-1,-1,-1
1352,43,753,503,146,34,1,-1,-1,-1
1352,44,325,198,32,23,1,-1,-1,-1
1352,45,594,277,48,40,1,-1,-1,-1
1352,47,357,489,79,48,1,-1,-1,-1
1353,2,757,374,104,46,1,-1,-1,-1
1353,3,736,123,15,13,1,-1,-1,-1
1353,5,770,252,31,36,1,-1,-1,-1
1353,8,761,217,31,38,1,-1,-1,-1
1353,11,694,185,40,60,1,-1,-1,-1
1353,13,757,401,124,55,1,-1,-1,-1
1353,31,654,254,87,154,1,-1,-1,-1
1353,41,592,399,128,140,1,-1,-1,-1
1353,42,636,219,28,25,1,-1,-1,-1
1353,43,753,503,146,34,1,-1,-1,-1
1353,44,323,200,32,23,1,-1,-1,-1
1353,45,595,277,48,40,1,-1,-1,-1
1353,47,360,484,77,55,1,-1,-1,-1
1354,2,757,372,104,46,1,-1,-1,-1
1354,3,736,123,15,13,1,-1,-1,-1
1354,5,770,252,31,36,1,-1,-1,-1
1354,8,761,217,31,38,1,-1,-1,-1
1354,11,693,184,44,66,1,-1,-1,-1
1354,13,756,401,121,54,1,-1,-1,-1
1354,31,654,254,87,154,1,-1,-1,-1
1354,41,594,400,121,139,1,-1,-1,-1
1354,42,636,217,28,25,1,-1,-1,-1
1354,43,752,501,148,36,1,-1,-1,-1
1354,44,322,200,32,23,1,-1,-1,-1
1354,45,595,277,48,40,1,-1,-1,-1
1354,47,356,480,85,58,1,-1,-1,-1
1355,2,757,372,104,46,1,-1,-1,-1
1355,3,736,123,15,13,1,-1,-1,-1
1355,5,770,252,31,36,1,-1,-1,-1
1355,8,761,217,31,38,1,-1,-1,-1
1355,11,693,185,40,61,1,-1,-1,-1
1355,13,756,401,121,54,1,-1,-1,-1
1355,31,654,254,87,154,1,-1,-1,-1
1355,41,598,397,119,142,1,-1,-1,-1
1355,42,637,217,28,25,1,-1,-1,-1
1355,43,749,501,151,36,1,-1,-1,-1
1355,44,321,202,32,23,1,-1,-1,-1
1355,45,600,277,40,36,1,-1,-1,-1
1355,47,360,476,82,63,1,-1,-1,-1
1356,2,757,372,104,46,1,-1,-1,-1
1356,3,736,123,15,13,1,-1,-1,-1
1356,5,770,252,31,36,1,-1,-1,-1
1356,8,761,217,31,38,1,-1,-1,-1
1356,11,693,185,40,61,1,-1,-1,-1
1356,13,754,401,121,54,1,-1,-1,-1
1356,31,654,254,90,156,1,-1,-1,-1
1356,41,600,401,117,138,1,-1,-1,-1
1356,42,637,216,28,25,1,-1,-1,-1
1356,43,749,499,151,36,1,-1,-1,-1
1356,44,320,202,33,23,1,-1,-1,-1
1356,45,599,277,40,36,1,-1,-1,-1
1356,47,360,472,86,67,1,-1,-1,-1
1357,2,757,372,104,46,1,-1,-1,-1
1357,3,736,123,15,13,1,-1,-1,-1
1357,5,770,252,30,34,1,-1,-1,-1
1357,8,761,217,31,38,1,-1,-1,-1
1357,11,696,187,39,59,1,-1,-1,-1
1357,13,754,401,121,54,1,-1,-1,-1
1357,31,654,254,87,154,1,-1,-1,-1
1357,41,600,395,115,143,1,-1,-1,-1
1357,42,636,216,28,25,1,-1,-1,-1
1357,43,752,499,148,36,1,-1,-1,-1
1357,44,315,202,39,27,1,-1,-1,-1
1357,45,602,277,37,34,1,-1,-1,-1
1357,47,365,468,85,69,1,-1,-1,-1
1358,2,757,372,104,46,1,-1,-1,-1
1358,3,736,123,15,13,1,-1,-1,-1
1358,5,770,252,31,36,1,-1,-1,-1
1358,8,761,217,31,38,1,-1,-1,-1
1358,11,693,183,42,67,1,-1,-1,-1
1358,13,754,399,121,54,1,-1,-1,-1
1358,31,654,256,86,150,1,-1,-1,-1
1358,41,601,395,115,143,1,-1,-1,-1
1358,42,637,216,27,25,1,-1,-1,-1
1358,43,749,499,151,36,1,-1,-1,-1
1358,44,313,202,40,28,1,-1,-1,-1
1358,45,602,275,40,36,1,-1,-1,-1
1358,47,364,464,86,75,1,-1,-1,-1
1359,2,756,372,104,46,1,-1,-1,-1
1359,3,736,124,15,12,1,-1,-1,-1
1359,5,770,252,31,36,1,-1,-1,-1
1359,8,761,217,31,38,1,-1,-1,-1
1359,11,689,181,48,70,1,-1,-1,-1
1359,13,754,399,121,54,1,-1,-1,-1
1359,31,654,254,87,154,1,-1,-1,-1
1359,41,595,395,121,143,1,-1,-1,-1
1359,42,637,214,28,25,1,-1,-1,-1
1359,43,752,499,148,36,1,-1,-1,-1
1359,44,313,202,39,27,1,-1,-1,-1
1359,45,603,275,37,34,1,-1,-1,-1
1359,47,373,460,82,78,1,-1,-1,-1
1360,2,757,372,101,44,1,-1,-1,-1
1360,3,736,125,15,11,1,-1,-1,-1
1360,5,769,250,31,36,1,-1,-1,-1
1360,8,761,217,31,38,1,-1,-1,-1
1360,11,689,181,48,69,1,-1,-1,-1
1360,13,754,399,121,54,1,-1,-1,-1
1360,31,654,254,87,154,1,-1,-1,-1
1360,41,597,393,120,146,1,-1,-1,-1
1360,42,637,214,30,27,1,-1,-1,-1
1360,43,749,499,151,36,1,-1,-1,-1
1360,44,312,202,40,28,1,-1,-1,-1
1360,45,603,273,37,34,1,-1,-1,-1
1360,47,371,457,85,82,1,-1,-1,-1
1361,2,756,372,104,46,1,-1,-1,-1
1361,3,736,125,14,12,1,-1,-1,-1
1361,5,769,252,31,36,1,-1,-1,-1
1361,8,761,217,31,38,1,-1,-1,-1
1361,11,692,183,44,65,1,-1,-1,-1
1361,13,754,399,121,54,1,-1,-1,-1
1361,31,654,254,86,150,1,-1,-1,-1
1361,41,598,393,118,145,1,-1,-1,-1
1361,42,637,214,30,27,1,-1,-1,-1
1361,43,748,497,151,36,1,-1,-1,-1
1361,44,310,202,40,28,1,-1,-1,-1
1361,45,603,271,39,34,1,-1,-1,-1
1361,47,372,453,85,84,1,-1,-1,-1
1362,2,756,372,104,46,1,-1,-1,-1
1362,3,737,125,14,11,1,-1,-1,-1
1362,5,769,250,32,38,1,-1,-1,-1
1362,8,761,217,31,38,1,-1,-1,-1
1362,11,692,183,43,63,1,-1,-1,-1
1362,13,753,399,121,54,1,-1,-1,-1
1362,31,654,254,87,154,1,-1,-1,-1
1362,41,599,393,116,142,1,-1,-1,-1
1362,42,637,212,30,27,1,-1,-1,-1
1362,43,748,497,151,36,1,-1,-1,-1
1362,44,308,204,41,28,1,-1,-1,-1
1362,45,604,271,37,34,1,-1,-1,-1
1362,47,381,449,81,84,1,-1,-1,-1
1363,2,754,370,104,46,1,-1,-1,-1
1363,3,736,123,15,13,1,-1,-1,-1
1363,5,769,250,31,36,1,-1,-1,-1
1363,8,761,217,31,38,1,-1,-1,-1
1363,11,692,183,41,61,1,-1,-1,-1
1363,13,753,399,121,54,1,-1,-1,-1
1363,31,654,254,86,150,1,-1,-1,-1
1363,41,602,395,111,141,1,-1,-1,-1
1363,42,637,212,30,27,1,-1,-1,-1
1363,43,749,497,148,36,1,-1,-1,-1
1363,44,305,206,41,28,1,-1,-1,-1
1363,45,604,268,40,36,1,-1,-1,-1
1363,47,384,445,78,82,1,-1,-1,-1
1364,2,754,370,104,46,1,-1,-1,-1
1364,5,770,250,31,36,1,-1,-1,-1
1364,8,761,216,31,38,1,-1,-1,-1
1364,11,692,183,42,61,1,-1,-1,-1
1364,13,753,399,121,54,1,-1,-1,-1
1364,31,654,254,86,150,1,-1,-1,-1
1364,41,600,395,118,144,1,-1,-1,-1
1364,42,637,210,30,27,1,-1,-1,-1
1364,43,749,497,148,36,1,-1,-1,-1
1364,44,304,206,43,30,1,-1,-1,-1
1364,45,604,268,41,36,1,-1,-1,-1
1364,47,387,441,78,81,1,-1,-1,-1
1365,2,754,370,104,46,1,-1,-1,-1
1365,5,770,250,31,36,1,-1,-1,-1
1365,8,761,217,28,34,1,-1,-1,-1
1365,11,693,183,44,61,1,-1,-1,-1
1365,13,753,397,121,54,1,-1,-1,-1
1365,31,654,252,87,154,1,-1,-1,-1
1365,41,598,395,119,144,1,-1,-1,-1
1365,42,637,212,28,25,1,-1,-1,-1
1365,43,748,495,151,36,1,-1,-1,-1
1365,44,301,206,44,30,1,-1,-1,-1
1365,45,604,266,41,38,1,-1,-1,-1
1365,47,389,439,78,82,1,-1,-1,-1
1366,2,754,370,104,46,1,-1,-1,-1
1366,5,769,250,31,36,1,-1,-1,-1
1366,8,761,217,27,34,1,-1,-1,-1
1366,11,692,183,43,65,1,-1,-1,-1
1366,13,753,397,121,54,1,-1,-1,-1
1366,31,654,254,86,150,1,-1,-1,-1
1366,41,600,395,120,144,1,-1,-1,-1
1366,42,637,212,27,23,1,-1,-1,-1
1366,43,751,495,148,43,1,-1,-1,-1
1366,44,300,206,44,30,1,-1,-1,-1
1366,45,604,266,41,38,1,-1,-1,-1
1366,47,390,433,78,82,1,-1,-1,-1
1367,2,754,370,104,46,1,-1,-1,-1
1367,5,768,250,31,36,1,-1,-1,-1
1367,8,761,217,27,34,1,-1,-1,-1
1367,11,692,183,46,67,1,-1,-1,-1
1367,13,753,397,121,54,1,-1,-1,-1
1367,31,654,254,86,150,1,-1,-1,-1
1367,41,599,397,117,141,1,-1,-1,-1
1367,42,637,210,27,25,1,-1,-1,-1
1367,43,752,495,147,43,1,-1,-1,-1
1367,44,300,208,41,28,1,-1,-1,-1
1367,45,606,266,41,36,1,-1,-1,-1
1367,47,393,430,76,83,1,-1,-1,-1
1368,2,753,370,104,46,1,-1,-1,-1
1368,5,769,250,31,36,1,-1,-1,-1
1368,8,761,217,27,34,1,-1,-1,-1
1368,11,692,183,44,64,1,-1,-1,-1
1368,13,753,397,118,52,1,-1,-1,-1
1368,31,654,254,86,150,1,-1,-1,-1
1368,41,593,393,120,146,1,-1,-1,-1
1368,42,637,210,27,25,1,-1,-1,-1
1368,43,748,493,151,45,1,-1,-1,-1
1368,44,297,211,40,28,1,-1,-1,-1
1368,45,608,264,40,36,1,-1,-1,-1
1368,47,391,427,77,85,1,-1,-1,-1
1369,2,753,370,104,46,1,-1,-1,-1
1369,5,768,250,31,36,1,-1,-1,-1
1369,8,761,217,27,34,1,-1,-1,-1
1369,11,689,181,43,63,1,-1,-1,-1
1369,13,753,397,121,54,1,-1,-1,-1
1369,31,654,254,86,150,1,-1,-1,-1
1369,41,595,393,122,146,1,-1,-1,-1
1369,42,637,210,27,25,1,-1,-1,-1
1369,43,748,493,151,45,1,-1,-1,-1
1369,44,296,213,40,28,1,-1,-1,-1
1369,45,608,264,40,36,1,-1,-1,-1
1369,47,397,427,72,79,1,-1,-1,-1
1370,2,753,370,104,46,1,-1,-1,-1
1370,5,768,250,31,36,1,-1,-1,-1
1370,8,761,217,27,34,1,-1,-1,-1
1370,11,692,183,41,65,1,-1,-1,-1
1370,13,752,397,121,54,1,-1,-1,-1
1370,31,654,254,86,150,1,-1,-1,-1
1370,41,593,391,123,146,1,-1,-1,-1
1370,42,638,207,26,26,1,-1,-1,-1
1370,43,748,493,151,45,1,-1,-1,-1
1370,44,293,215,40,28,1,-1,-1,-1
1370,45,608,264,40,36,1,-1,-1,-1
1370,47,397,423,77,82,1,-1,-1,-1
1371,2,753,368,104,46,1,-1,-1,-1
1371,5,769,250,31,36,1,-1,-1,-1
1371,8,761,217,27,34,1,-1,-1,-1
1371,11,692,183,40,59,1,-1,-1,-1
1371,13,752,395,121,54,1,-1,-1,-1
1371,31,654,256,83,146,1,-1,-1,-1
1371,41,599,397,120,140,1,-1,-1,-1
1371,42,640,205,24,26,1,-1,-1,-1
1371,43,748,493,151,44,1,-1,-1,-1
1371,44,293,216,39,27,1,-1,-1,-1
1371,45,608,264,40,36,1,-1,-1,-1
1371,47,398,420,77,82,1,-1,-1,-1
1372,2,753,368,104,46,1,-1,-1,-1
1372,5,768,250,31,36,1,-1,-1,-1
1372,8,761,217,27,32,1,-1,-1,-1
1372,11,689,181,43,63,1,-1,-1,-1
1372,13,753,395,118,52,1,-1,-1,-1
1372,31,654,254,86,150,1,-1,-1,-1
1372,41,591,391,126,146,1,-1,-1,-1
1372,42,638,210,24,21,1,-1,-1,-1
1372,43,748,493,150,45,1,-1,-1,-1
1372,44,292,218,39,27,1,-1,-1,-1
1372,45,608,262,40,36,1,-1,-1,-1
1372,47,402,416,74,79,1,-1,-1,-1
1373,2,753,368,104,46,1,-1,-1,-1
1373,5,768,250,31,36,1,-1,-1,-1
1373,8,761,217,27,34,1,-1,-1,-1
1373,11,692,183,40,59,1,-1,-1,-1
1373,13,752,395,121,54,1,-1,-1,-1
1373,31,654,252,87,152,1,-1,-1,-1
1373,41,591,391,124,147,1,-1,-1,-1
1373,42,640,208,23,21,1,-1,-1,-1
1373,43,751,491,147,47,1,-1,-1,-1
1373,44,290,218,40,29,1,-1,-1,-1
1373,45,609,262,37,34,1,-1,-1,-1
1373,47,403,414,74,79,1,-1,-1,-1
1374,2,753,368,104,46,1,-1,-1,-1
1374,5,769,250,31,36,1,-1,-1,-1
1374,8,760,217,27,34,1,-1,-1,-1
1374,11,689,181,43,63,1,-1,-1,-1
1374,13,752,395,121,54,1,-1,-1,-1
1374,31,654,252,86,150,1,-1,-1,-1
1374,41,590,389,125,149,1,-1,-1,-1
1374,42,640,208,23,21,1,-1,-1,-1
1374,43,749,491,148,47,1,-1,-1,-1
1374,44,288,217,41,30,1,-1,-1,-1
1374,45,611,260,39,34,1,-1,-1,-1
1374,47,406,410,74,79,1,-1,-1,-1
1375,2,753,368,104,46,1,-1,-1,-1
1375,5,766,250,31,36,1,-1,-1,-1
1375,8,760,217,27,32,1,-1,-1,-1
1375,11,689,181,43,63,1,-1,-1,-1
1375,13,752,395,121,54,1,-1,-1,-1
1375,31,654,252,86,150,1,-1,-1,-1
1375,41,590,389,125,146,1,-1,-1,-1
1375,42,640,208,24,23,1,-1,-1,-1
1375,43,751,490,138,46,1,-1,-1,-1
1375,44,287,217,39,28,1,-1,-1,-1
1375,45,609,260,40,36,1,-1,-1,-1
1375,47,408,408,70,75,1,-1,-1,-1
1376,2,753,368,104,46,1,-1,-1,-1
1376,5,766,248,31,36,1,-1,-1,-1
1376,8,761,217,27,32,1,-1,-1,-1
1376,11,692,183,40,59,1,-1,-1,-1
1376,13,751,395,121,54,1,-1,-1,-1
1376,31,654,252,87,152,1,-1,-1,-1
1376,41,590,389,125,146,1,-1,-1,-1
1376,42,640,206,24,21,1,-1,-1,-1
1376,43,752,491,139,48,1,-1,-1,-1
1376,44,284,219,40,30,1,-1,-1,-1
1376,45,611,258,40,36,1,-1,-1,-1
1376,47,411,405,73,77,1,-1,-1,-1
1377,2,753,368,104,46,1,-1,-1,-1
1377,5,766,250,31,36,1,-1,-1,-1
1377,8,760,217,27,34,1,-1,-1,-1
1377,11,693,185,41,61,1,-1,-1,-1
1377,13,751,393,121,54,1,-1,-1,-1
1377,31,654,250,87,152,1,-1,-1,-1
1377,41,590,389,125,146,1,-1,-1,-1
1377,42,641,203,23,25,1,-1,-1,-1
1377,43,748,489,139,48,1,-1,-1,-1
1377,44,283,219,43,30,1,-1,-1,-1
1377,45,612,256,40,36,1,-1,-1,-1
1377,47,415,401,70,71,1,-1,-1,-1
1378,2,753,365,104,46,1,-1,-1,-1
1378,5,766,250,31,36,1,-1,-1,-1
1378,8,760,217,27,34,1,-1,-1,-1
1378,11,692,183,37,55,1,-1,-1,-1
1378,13,751,393,121,54,1,-1,-1,-1
1378,31,654,252,86,150,1,-1,-1,-1
1378,41,591,389,125,146,1,-1,-1,-1
1378,42,641,206,23,21,1,-1,-1,-1
1378,43,746,489,140,49,1,-1,-1,-1
1378,44,280,219,44,32,1,-1,-1,-1
1378,45,612,256,40,36,1,-1,-1,-1
1378,47,417,400,67,68,1,-1,-1,-1
1379,2,753,364,104,46,1,-1,-1,-1
1379,5,766,250,31,36,1,-1,-1,-1
1379,8,760,217,27,34,1,-1,-1,-1
1379,11,692,183,37,55,1,-1,-1,-1
1379,13,752,393,118,52,1,-1,-1,-1
1379,31,654,252,86,150,1,-1,-1,-1
1379,41,590,387,129,148,1,-1,-1,-1
1379,42,641,202,24,24,1,-1,-1,-1
1379,43,750,491,141,44,1,-1,-1,-1
1379,44,279,221,44,32,1,-1,-1,-1
1379,45,612,256,39,34,1,-1,-1,-1
1379,47,417,397,66,67,1,-1,-1,-1
1380,2,753,364,104,46,1,-1,-1,-1
1380,5,765,250,31,36,1,-1,-1,-1
1380,8,760,217,27,34,1,-1,-1,-1
1380,11,692,183,37,55,1,-1,-1,-1
1380,13,749,393,121,54,1,-1,-1,-1
1380,31,653,250,87,152,1,-1,-1,-1
1380,41,587,387,130,152,1,-1,-1,-1
1380,42,641,206,23,21,1,-1,-1,-1
1380,43,751,489,137,50,1,-1,-1,-1
1380,44,275,223,44,32,1,-1,-1,-1
1380,45,612,254,37,34,1,-1,-1,-1
1380,47,421,395,66,67,1,-1,-1,-1
1381,2,753,364,104,46,1,-1,-1,-1
1381,5,765,250,31,36,1,-1,-1,-1
1381,8,760,217,27,34,1,-1,-1,-1
1381,11,692,181,39,55,1,-1,-1,-1
1381,13,751,393,121,54,1,-1,-1,-1
1381,31,653,252,86,150,1,-1,-1,-1
1381,41,589,387,129,148,1,-1,-1,-1
1381,42,641,204,23,21,1,-1,-1,-1
1381,43,751,489,137,50,1,-1,-1,-1
1381,44,275,223,44,32,1,-1,-1,-1
1381,45,612,254,37,34,1,-1,-1,-1
1381,47,421,391,66,67,1,-1,-1,-1
1382,2,753,364,104,46,1,-1,-1,-1
1382,5,765,250,31,36,1,-1,-1,-1
1382,8,760,217,27,34,1,-1,-1,-1
1382,11,689,181,41,61,1,-1,-1,-1
1382,13,751,393,118,52,1,-1,-1,-1
1382,31,654,252,86,150,1,-1,-1,-1
1382,41,587,385,130,152,1,-1,-1,-1
1382,42,642,204,23,21,1,-1,-1,-1
1382,43,751,489,137,50,1,-1,-1,-1
1382,44,272,225,44,32,1,-1,-1,-1
1382,45,612,252,37,34,1,-1,-1,-1
1382,47,424,387,66,67,1,-1,-1,-1
1383,2,752,364,104,46,1,-1,-1,-1
1383,5,765,250,31,36,1,-1,-1,-1
1383,8,760,217,27,34,1,-1,-1,-1
1383,11,689,183,40,59,1,-1,-1,-1
1383,13,751,395,115,50,1,-1,-1,-1
1383,31,653,250,87,152,1,-1,-1,-1
1383,41,588,387,129,152,1,-1,-1,-1
1383,42,642,204,23,21,1,-1,-1,-1
1383,43,749,487,137,50,1,-1,-1,-1
1383,44,270,225,44,32,1,-1,-1,-1
1383,45,613,252,37,34,1,-1,-1,-1
1383,47,427,387,64,65,1,-1,-1,-1
1384,2,752,364,104,46,1,-1,-1,-1
1384,5,766,250,30,34,1,-1,-1,-1
1384,8,758,217,27,34,1,-1,-1,-1
1384,11,689,181,41,61,1,-1,-1,-1
1384,13,751,395,114,50,1,-1,-1,-1
1384,31,654,252,83,146,1,-1,-1,-1
1384,41,587,385,130,152,1,-1,-1,-1
1384,42,642,202,24,21,1,-1,-1,-1
1384,43,749,487,137,50,1,-1,-1,-1
1384,44,270,227,44,32,1,-1,-1,-1
1384,45,613,250,35,34,1,-1,-1,-1
1384,47,428,383,64,65,1,-1,-1,-1
1385,2,752,364,104,46,1,-1,-1,-1
1385,5,766,250,28,34,1,-1,-1,-1
1385,8,758,217,27,32,1,-1,-1,-1
1385,11,690,183,39,57,1,-1,-1,-1
1385,13,751,395,114,50,1,-1,-1,-1
1385,31,653,250,86,150,1,-1,-1,-1
1385,41,587,385,130,152,1,-1,-1,-1
1385,42,641,202,24,21,1,-1,-1,-1
1385,43,748,486,139,50,1,-1,-1,-1
1385,44,267,227,44,32,1,-1,-1,-1
1385,45,612,250,35,34,1,-1,-1,-1
1385,47,432,381,61,63,1,-1,-1,-1
1386,2,752,364,104,46,1,-1,-1,-1
1386,5,765,250,31,36,1,-1,-1,-1
1386,8,758,217,27,34,1,-1,-1,-1
1386,11,689,179,43,61,1,-1,-1,-1
1386,13,751,395,114,50,1,-1,-1,-1
1386,31,653,250,86,150,1,-1,-1,-1
1386,41,587,385,129,153,1,-1,-1,-1
1386,42,642,202,24,21,1,-1,-1,-1
1386,43,747,486,142,52,1,-1,-1,-1
1386,44,266,229,44,32,1,-1,-1,-1
1386,45,617,252,33,32,1,-1,-1,-1
1386,47,436,381,58,59,1,-1,-1,-1
1387,2,752,364,104,46,1,-1,-1,-1
1387,5,765,250,31,36,1,-1,-1,-1
1387,8,758,217,27,34,1,-1,-1,-1
1387,11,690,183,40,59,1,-1,-1,-1
1387,13,751,395,114,50,1,-1,-1,-1
1387,31,653,250,87,152,1,-1,-1,-1
1387,41,589,385,129,148,1,-1,-1,-1
1387,42,641,199,24,21,1,-1,-1,-1
1387,43,747,484,142,52,1,-1,-1,-1
1387,44,265,229,44,32,1,-1,-1,-1
1387,45,617,252,32,32,1,-1,-1,-1
1387,47,437,378,60,58,1,-1,-1,-1
1388,2,751,364,104,46,1,-1,-1,-1
1388,5,765,250,31,36,1,-1,-1,-1
1388,8,758,217,27,34,1,-1,-1,-1
1388,11,689,181,43,64,1,-1,-1,-1
1388,13,749,395,114,50,1,-1,-1,-1
1388,31,654,252,83,146,1,-1,-1,-1
1388,41,586,383,130,152,1,-1,-1,-1
1388,42,641,197,24,23,1,-1,-1,-1
1388,43,745,484,142,52,1,-1,-1,-1
1388,44,262,233,44,32,1,-1,-1,-1
1388,45,621,251,28,27,1,-1,-1,-1
1388,47,438,376,59,58,1,-1,-1,-1
1389,2,751,364,104,46,1,-1,-1,-1
1389,5,765,250,31,36,1,-1,-1,-1
1389,8,757,216,27,34,1,-1,-1,-1
1389,11,689,181,43,63,1,-1,-1,-1
1389,13,749,393,114,50,1,-1,-1,-1
1389,31,653,250,86,150,1,-1,-1,-1
1389,41,586,383,130,156,1,-1,-1,-1
1389,42,641,200,24,21,1,-1,-1,-1
1389,43,745,484,142,52,1,-1,-1,-1
1389,44,258,233,45,34,1,-1,-1,-1
1389,45,618,250,35,30,1,-1,-1,-1
1389,47,441,374,58,57,1,-1,-1,-1
1390,2,751,362,104,46,1,-1,-1,-1
1390,5,764,248,31,36,1,-1,-1,-1
1390,8,757,216,27,32,1,-1,-1,-1
1390,11,689,183,40,59,1,-1,-1,-1
1390,13,749,393,114,50,1,-1,-1,-1
1390,31,653,250,86,150,1,-1,-1,-1
1390,41,585,386,126,150,1,-1,-1,-1
1390,42,642,196,23,25,1,-1,-1,-1
1390,43,747,484,139,50,1,-1,-1,-1
1390,44,258,233,44,32,1,-1,-1,-1
1390,45,619,252,31,29,1,-1,-1,-1
1390,47,441,372,62,56,1,-1,-1,-1
1391,2,751,362,104,46,1,-1,-1,-1
1391,5,765,250,31,36,1,-1,-1,-1
1391,8,758,217,27,32,1,-1,-1,-1
1391,11,689,183,40,59,1,-1,-1,-1
1391,13,748,393,114,50,1,-1,-1,-1
1391,31,653,250,86,150,1,-1,-1,-1
1391,41,586,385,122,154,1,-1,-1,-1
1391,42,642,198,23,21,1,-1,-1,-1
1391,43,748,484,137,50,1,-1,-1,-1
1391,44,256,235,44,32,1,-1,-1,-1
1391,45,619,248,31,32,1,-1,-1,-1
1391,47,441,368,61,59,1,-1,-1,-1
1392,2,749,362,104,46,1,-1,-1,-1
1392,5,764,250,31,36,1,-1,-1,-1
1392,8,757,217,27,34,1,-1,-1,-1
1392,11,689,183,42,63,1,-1,-1,-1
1392,13,748,393,114,50,1,-1,-1,-1
1392,31,653,250,86,150,1,-1,-1,-1
1392,41,586,381,129,156,1,-1,-1,-1
1392,42,642,198,23,21,1,-1,-1,-1
1392,43,747,482,139,50,1,-1,-1,-1
1392,44,253,237,44,32,1,-1,-1,-1
1392,45,620,251,29,29,1,-1,-1,-1
1392,47,445,364,57,59,1,-1,-1,-1
1393,2,749,362,104,46,1,-1,-1,-1
1393,5,764,248,31,36,1,-1,-1,-1
1393,8,760,216,27,34,1,-1,-1,-1
1393,11,690,183,42,62,1,-1,-1,-1
1393,13,748,393,114,50,1,-1,-1,-1
1393,31,651,250,86,150,1,-1,-1,-1
1393,41,586,393,127,146,1,-1,-1,-1
1393,42,642,198,23,21,1,-1,-1,-1
1393,43,744,482,142,55,1,-1,-1,-1
1393,44,252,237,44,32,1,-1,-1,-1
1393,45,619,245,33,33,1,-1,-1,-1
1393,47,448,364,57,57,1,-1,-1,-1
1394,2,748,362,104,46,1,-1,-1,-1
1394,5,764,248,31,36,1,-1,-1,-1
1394,8,760,216,27,34,1,-1,-1,-1
1394,11,687,183,45,64,1,-1,-1,-1
1394,13,748,393,114,50,1,-1,-1,-1
1394,31,651,250,86,150,1,-1,-1,-1
1394,41,587,387,122,150,1,-1,-1,-1
1394,42,642,196,23,21,1,-1,-1,-1
1394,43,744,482,138,57,1,-1,-1,-1
1394,44,249,239,44,32,1,-1,-1,-1
1394,45,618,244,33,33,1,-1,-1,-1
1394,47,450,360,54,55,1,-1,-1,-1
1395,2,748,362,104,46,1,-1,-1,-1
1395,5,762,248,31,36,1,-1,-1,-1
1395,8,758,216,28,36,1,-1,-1,-1
1395,11,687,183,44,63,1,-1,-1,-1
1395,13,744,389,124,54,1,-1,-1,-1
1395,31,651,250,86,150,1,-1,-1,-1
1395,41,586,386,122,153,1,-1,-1,-1
1395,42,642,196,23,21,1,-1,-1,-1
1395,43,744,482,139,50,1,-1,-1,-1
1395,44,245,239,45,34,1,-1,-1,-1
1395,45,617,241,34,35,1,-1,-1,-1
1395,47,450,356,57,59,1,-1,-1,-1
1396,2,748,360,105,46,1,-1,-1,-1
1396,5,762,248,31,36,1,-1,-1,-1
1396,8,760,216,27,34,1,-1,-1,-1
1396,11,687,183,44,63,1,-1,-1,-1
1396,13,750,391,111,49,1,-1,-1,-1
1396,31,650,248,87,152,1,-1,-1,-1
1396,41,585,386,126,153,1,-1,-1,-1
1396,42,642,194,23,21,1,-1,-1,-1
1396,43,744,480,137,57,1,-1,-1,-1
1396,44,245,241,47,34,1,-1,-1,-1
1396,45,618,239,33,34,1,-1,-1,-1
1396,47,451,360,57,53,1,-1,-1,-1
1397,2,748,360,104,46,1,-1,-1,-1
1397,5,762,248,31,36,1,-1,-1,-1
1397,8,758,216,27,34,1,-1,-1,-1
1397,11,688,183,41,59,1,-1,-1,-1
1397,13,749,391,111,48,1,-1,-1,-1
1397,31,645,253,92,145,1,-1,-1,-1
1397,41,586,385,122,154,1,-1,-1,-1
1397,42,642,194,23,21,1,-1,-1,-1
1397,43,743,480,137,57,1,-1,-1,-1
1397,44,241,243,47,34,1,-1,-1,-1
1397,45,619,239,32,34,1,-1,-1,-1
1397,47,453,357,57,54,1,-1,-1,-1
1398,2,748,360,104,46,1,-1,-1,-1
1398,5,764,248,30,34,1,-1,-1,-1
1398,8,758,217,27,34,1,-1,-1,-1
1398,11,688,183,41,59,1,-1,-1,-1
1398,13,748,391,111,48,1,-1,-1,-1
1398,31,645,252,91,144,1,-1,-1,-1
1398,41,580,389,123,150,1,-1,-1,-1
1398,42,642,194,23,21,1,-1,-1,-1
1398,43,744,480,136,59,1,-1,-1,-1
1398,44,241,244,44,32,1,-1,-1,-1
1398,45,620,239,31,32,1,-1,-1,-1
1398,47,453,354,59,54,1,-1,-1,-1
1399,2,748,360,104,46,1,-1,-1,-1
1399,5,762,248,31,36,1,-1,-1,-1
1399,8,758,216,27,34,1,-1,-1,-1
1399,11,687,183,41,59,1,-1,-1,-1
1399,13,749,389,111,48,1,-1,-1,-1
1399,31,647,252,91,146,1,-1,-1,-1
1399,41,582,388,126,151,1,-1,-1,-1
1399,42,642,194,23,21,1,-1,-1,-1
1399,43,743,480,136,57,1,-1,-1,-1
1399,44,239,246,45,34,1,-1,-1,-1
1399,45,621,239,32,30,1,-1,-1,-1
1399,47,455,352,56,52,1,-1,-1,-1
1400,2,747,360,104,46,1,-1,-1,-1
1400,5,762,248,31,36,1,-1,-1,-1
1400,8,758,216,27,34,1,-1,-1,-1
1400,11,688,182,44,61,1,-1,-1,-1
1400,13,748,389,111,48,1,-1,-1,-1
1400,31,642,250,94,152,1,-1,-1,-1
1400,41,583,382,126,154,1,-1,-1,-1
1400,42,642,192,23,21,1,-1,-1,-1
1400,43,744,480,139,59,1,-1,-1,-1
1400,44,236,247,46,35,1,-1,-1,-1
1400,45,620,238,31,32,1,-1,-1,-1
1400,47,457,350,57,53,1,-1,-1,-1
1401,2,747,360,104,46,1,-1,-1,-1
1401,5,761,248,31,36,1,-1,-1,-1
1401,8,758,214,27,34,1,-1,-1,-1
1401,11,687,185,40,57,1,-1,-1,-1
1401,13,748,389,111,48,1,-1,-1,-1
1401,31,643,252,92,148,1,-1,-1,-1
1401,41,579,383,127,154,1,-1,-1,-1
1401,42,642,192,23,21,1,-1,-1,-1
1401,43,741,478,138,58,1,-1,-1,-1
1401,44,235,248,48,36,1,-1,-1,-1
1401,45,622,239,30,30,1,-1,-1,-1
1401,47,458,348,56,53,1,-1,-1,-1
1402,2,747,360,104,46,1,-1,-1,-1
1402,5,761,246,31,36,1,-1,-1,-1
1402,8,758,216,27,34,1,-1,-1,-1
1402,11,688,185,40,57,1,-1,-1,-1
1402,13,748,389,111,48,1,-1,-1,-1
1402,31,646,251,92,147,1,-1,-1,-1
1402,41,579,383,126,154,1,-1,-1,-1
1402,42,643,192,23,21,1,-1,-1,-1
1402,43,741,478,134,61,1,-1,-1,-1
1402,44,232,251,47,35,1,-1,-1,-1
1402,45,622,238,32,30,1,-1,-1,-1
1402,47,458,345,56,52,1,-1,-1,-1
1403,2,747,358,104,46,1,-1,-1,-1
1403,5,761,248,31,36,1,-1,-1,-1
1403,8,758,216,27,34,1,-1,-1,-1
1403,11,687,185,40,57,1,-1,-1,-1
1403,13,748,389,111,48,1,-1,-1,-1
1403,31,648,253,88,142,1,-1,-1,-1
1403,41,579,383,127,154,1,-1,-1,-1
1403,42,642,192,22,19,1,-1,-1,-1
1403,43,740,478,139,59,1,-1,-1,-1
1403,44,226,251,51,37,1,-1,-1,-1
1403,45,622,238,30,29,1,-1,-1,-1
1403,47,462,345,53,50,1,-1,-1,-1
1404,2,745,358,104,46,1,-1,-1,-1
1404,5,762,248,31,36,1,-1,-1,-1
1404,8,758,216,27,34,1,-1,-1,-1
1404,11,687,183,40,57,1,-1,-1,-1
1404,13,747,387,113,50,1,-1,-1,-1
1404,31,647,251,92,144,1,-1,-1,-1
1404,41,578,381,130,156,1,-1,-1,-1
1404,42,642,192,23,21,1,-1,-1,-1
1404,43,743,478,134,61,1,-1,-1,-1
1404,44,225,252,49,36,1,-1,-1,-1
1404,45,624,237,29,30,1,-1,-1,-1
1404,47,464,343,52,48,1,-1,-1,-1
1405,2,745,358,104,46,1,-1,-1,-1
1405,5,761,246,31,36,1,-1,-1,-1
1405,8,757,216,27,34,1,-1,-1,-1
1405,11,688,185,40,57,1,-1,-1,-1
1405,13,748,387,111,48,1,-1,-1,-1
1405,31,648,249,87,149,1,-1,-1,-1
1405,41,578,383,131,154,1,-1,-1,-1
1405,42,642,190,23,21,1,-1,-1,-1
1405,43,741,476,136,59,1,-1,-1,-1
1405,44,220,254,50,36,1,-1,-1,-1
1405,45,623,236,29,31,1,-1,-1,-1
1405,47,466,339,54,52,1,-1,-1,-1
1406,2,745,358,104,46,1,-1,-1,-1
1406,5,761,248,31,36,1,-1,-1,-1
1406,8,758,216,27,34,1,-1,-1,-1
1406,11,688,185,40,57,1,-1,-1,-1
1406,13,747,387,111,48,1,-1,-1,-1
1406,31,642,248,95,144,1,-1,-1,-1
1406,41,578,381,130,158,1,-1,-1,-1
1406,42,643,190,23,21,1,-1,-1,-1
1406,43,741,476,135,58,1,-1,-1,-1
1406,44,222,256,48,34,1,-1,-1,-1
1406,45,624,234,31,30,1,-1,-1,-1
1406,47,467,339,53,50,1,-1,-1,-1
1407,2,752,356,97,46,1,-1,-1,-1
1407,5,761,246,32,38,1,-1,-1,-1
1407,8,757,216,27,34,1,-1,-1,-1
1407,11,687,183,41,59,1,-1,-1,-1
1407,13,747,387,111,48,1,-1,-1,-1
1407,31,645,248,90,145,1,-1,-1,-1
1407,41,578,381,129,158,1,-1,-1,-1
1407,42,642,190,23,21,1,-1,-1,-1
1407,43,741,476,136,60,1,-1,-1,-1
1407,44,216,256,50,36,1,-1,-1,-1
1407,45,625,234,28,29,1,-1,-1,-1
1407,47,471,339,49,46,1,-1,-1,-1
1407,48,740,518,120,21,1,-1,-1,-1
1408,2,752,356,96,46,1,-1,-1,-1
1408,5,761,246,31,36,1,-1,-1,-1
1408,8,757,216,27,34,1,-1,-1,-1
1408,11,687,183,41,59,1,-1,-1,-1
1408,13,747,387,111,48,1,-1,-1,-1
1408,31,645,248,90,144,1,-1,-1,-1
1408,41,578,381,134,155,1,-1,-1,-1
1408,42,643,187,23,21,1,-1,-1,-1
1408,43,741,474,135,60,1,-1,-1,-1
1408,44,214,256,52,38,1,-1,-1,-1
1408,45,624,234,28,28,1,-1,-1,-1
1408,47,471,335,49,46,1,-1,-1,-1
1408,48,742,518,118,21,1,-1,-1,-1
1409,2,752,356,96,46,1,-1,-1,-1
1409,5,761,246,28,32,1,-1,-1,-1
1409,8,757,216,27,34,1,-1,-1,-1
1409,11,688,185,40,57,1,-1,-1,-1
1409,13,747,387,111,48,1,-1,-1,-1
1409,31,646,248,90,144,1,-1,-1,-1
1409,41,578,379,137,159,1,-1,-1,-1
1409,42,643,189,23,21,1,-1,-1,-1
1409,43,740,474,135,64,1,-1,-1,-1
1409,44,211,258,52,38,1,-1,-1,-1
1409,45,623,232,30,29,1,-1,-1,-1
1409,47,471,333,50,48,1,-1,-1,-1
1409,48,740,518,104,21,1,-1,-1,-1
1410,2,751,356,96,46,1,-1,-1,-1
1410,5,761,246,31,36,1,-1,-1,-1
1410,8,757,214,27,34,1,-1,-1,-1
1410,11,688,185,39,55,1,-1,-1,-1
1410,13,747,385,111,48,1,-1,-1,-1
1410,31,646,246,90,144,1,-1,-1,-1
1410,41,578,376,134,163,1,-1,-1,-1
1410,42,642,187,23,21,1,-1,-1,-1
1410,43,740,474,136,62,1,-1,-1,-1
1410,44,206,258,56,40,1,-1,-1,-1
1410,45,624,232,30,26,1,-1,-1,-1
1410,47,472,331,52,48,1,-1,-1,-1
1410,48,739,516,114,23,1,-1,-1,-1
1411,2,753,356,95,44,1,-1,-1,-1
1411,5,761,246,31,36,1,-1,-1,-1
1411,8,757,214,27,34,1,-1,-1,-1
1411,11,688,183,42,61,1,-1,-1,-1
1411,13,745,385,111,48,1,-1,-1,-1
1411,31,645,246,91,148,1,-1,-1,-1
1411,41,574,377,132,162,1,-1,-1,-1
1411,42,643,187,23,21,1,-1,-1,-1
1411,43,740,474,136,60,1,-1,-1,-1
1411,44,206,262,54,40,1,-1,-1,-1
1411,45,625,230,30,26,1,-1,-1,-1
1411,47,475,329,50,48,1,-1,-1,-1
1411,48,739,515,124,24,1,-1,-1,-1
1412,2,751,356,96,46,1,-1,-1,-1
1412,5,761,246,31,36,1,-1,-1,-1
1412,8,757,214,27,34,1,-1,-1,-1
1412,11,689,185,41,58,1,-1,-1,-1
1412,13,745,385,111,48,1,-1,-1,-1
1412,31,643,244,94,150,1,-1,-1,-1
1412,41,575,378,139,161,1,-1,-1,-1
1412,42,643,187,23,21,1,-1,-1,-1
1412,43,739,472,135,61,1,-1,-1,-1
1412,44,202,262,57,42,1,-1,-1,-1
1412,45,625,231,28,24,1,-1,-1,-1
1412,47,479,329,47,44,1,-1,-1,-1
1412,48,737,515,129,24,1,-1,-1,-1
1413,2,751,354,96,46,1,-1,-1,-1
1413,5,761,244,31,36,1,-1,-1,-1
1413,8,757,214,27,34,1,-1,-1,-1
1413,11,689,185,40,57,1,-1,-1,-1
1413,13,747,385,108,48,1,-1,-1,-1
1413,31,643,243,96,154,1,-1,-1,-1
1413,41,577,379,134,160,1,-1,-1,-1
1413,42,645,185,23,21,1,-1,-1,-1
1413,43,737,472,137,62,1,-1,-1,-1
1413,44,199,264,54,40,1,-1,-1,-1
1413,45,625,230,29,25,1,-1,-1,-1
1413,46,469,153,23,16,1,-1,-1,-1
1413,47,476,325,49,46,1,-1,-1,-1
1413,48,736,513,136,26,1,-1,-1,-1
1414,2,748,354,103,48,1,-1,-1,-1
1414,5,761,246,31,36,1,-1,-1,-1
1414,8,757,214,27,34,1,-1,-1,-1
1414,11,689,185,40,57,1,-1,-1,-1
1414,13,745,385,111,48,1,-1,-1,-1
1414,31,646,247,93,145,1,-1,-1,-1
1414,41,578,379,130,159,1,-1,-1,-1
1414,42,643,185,23,21,1,-1,-1,-1
1414,43,739,472,136,55,1,-1,-1,-1
1414,44,197,266,56,40,1,-1,-1,-1
1414,45,624,228,28,26,1,-1,-1,-1
1414,46,468,152,23,15,1,-1,-1,-1
1414,47,478,322,50,48,1,-1,-1,-1
1414,48,738,515,133,24,1,-1,-1,-1
1415,2,751,354,96,46,1,-1,-1,-1
1415,5,761,246,31,36,1,-1,-1,-1
1415,8,757,214,27,34,1,-1,-1,-1
1415,11,689,185,40,57,1,-1,-1,-1
1415,13,744,385,111,48,1,-1,-1,-1
1415,31,642,250,96,147,1,-1,-1,-1
1415,41,578,376,129,162,1,-1,-1,-1
1415,42,645,185,23,21,1,-1,-1,-1
1415,43,739,472,138,54,1,-1,-1,-1
1415,44,194,266,57,42,1,-1,-1,-1
1415,45,626,231,30,24,1,-1,-1,-1
1415,46,468,154,23,15,1,-1,-1,-1
1415,47,480,322,49,46,1,-1,-1,-1
1415,48,739,513,138,26,1,-1,-1,-1
1416,2,748,354,100,48,1,-1,-1,-1
1416,5,761,246,31,36,1,-1,-1,-1
1416,8,757,214,27,34,1,-1,-1,-1
1416,11,689,185,39,55,1,-1,-1,-1
1416,13,745,385,108,48,1,-1,-1,-1
1416,31,642,250,92,148,1,-1,-1,-1
1416,41,578,376,134,162,1,-1,-1,-1
1416,42,643,185,23,21,1,-1,-1,-1
1416,43,739,472,138,54,1,-1,-1,-1
1416,44,190,268,56,40,1,-1,-1,-1
1416,45,625,231,31,23,1,-1,-1,-1
1416,46,467,154,23,15,1,-1,-1,-1
1416,47,480,318,49,46,1,-1,-1,-1
1416,48,740,513,134,25,1,-1,-1,-1
1417,2,748,352,103,48,1,-1,-1,-1
1417,5,761,246,30,34,1,-1,-1,-1
1417,8,757,214,27,34,1,-1,-1,-1
1417,11,689,185,40,57,1,-1,-1,-1
1417,13,744,383,111,48,1,-1,-1,-1
1417,31,642,248,93,150,1,-1,-1,-1
1417,41,578,377,130,159,1,-1,-1,-1
1417,42,643,183,23,21,1,-1,-1,-1
1417,43,739,472,138,54,1,-1,-1,-1
1417,44,189,273,54,40,1,-1,-1,-1
1417,45,626,225,26,24,1,-1,-1,-1
1417,46,467,154,24,19,1,-1,-1,-1
1417,47,480,316,50,48,1,-1,-1,-1
1417,48,737,511,141,27,1,-1,-1,-1
1418,2,749,354,99,46,1,-1,-1,-1
1418,5,761,246,31,36,1,-1,-1,-1
1418,8,757,214,27,34,1,-1,-1,-1
1418,11,689,185,40,57,1,-1,-1,-1
1418,13,745,383,108,48,1,-1,-1,-1
1418,31,642,247,92,145,1,-1,-1,-1
1418,41,578,376,132,163,1,-1,-1,-1
1418,42,645,183,23,21,1,-1,-1,-1
1418,43,739,472,138,54,1,-1,-1,-1
1418,44,185,273,56,40,1,-1,-1,-1
1418,45,627,227,27,17,1,-1,-1,-1
1418,46,467,154,23,19,1,-1,-1,-1
1418,47,483,314,52,48,1,-1,-1,-1
1418,48,736,511,143,27,1,-1,-1,-1
1419,2,747,352,104,50,1,-1,-1,-1
1419,5,760,246,31,36,1,-1,-1,-1
1419,8,757,214,27,34,1,-1,-1,-1
1419,11,687,183,44,61,1,-1,-1,-1
1419,13,745,383,108,48,1,-1,-1,-1
1419,31,642,246,93,149,1,-1,-1,-1
1419,41,578,376,122,163,1,-1,-1,-1
1419,42,645,183,23,21,1,-1,-1,-1
1419,43,737,470,141,55,1,-1,-1,-1
1419,44,182,275,56,40,1,-1,-1,-1
1419,45,627,225,27,18,1,-1,-1,-1
1419,46,467,154,23,15,1,-1,-1,-1
1419,47,484,315,49,45,1,-1,-1,-1
1419,48,736,511,143,27,1,-1,-1,-1
1420,2,747,352,103,48,1,-1,-1,-1
1420,5,760,246,31,36,1,-1,-1,-1
1420,8,757,214,27,34,1,-1,-1,-1
1420,11,688,183,44,61,1,-1,-1,-1
1420,13,744,383,111,48,1,-1,-1,-1
1420,31,642,248,95,147,1,-1,-1,-1
1420,41,578,376,127,163,1,-1,-1,-1
1420,42,645,183,23,21,1,-1,-1,-1
1420,43,737,470,138,54,1,-1,-1,-1
1420,44,180,277,54,40,1,-1,-1,-1
1420,45,628,224,28,18,1,-1,-1,-1
1420,46,466,154,24,18,1,-1,-1,-1
1420,47,484,314,49,45,1,-1,-1,-1
1420,48,736,511,141,27,1,-1,-1,-1
1421,2,747,351,104,50,1,-1,-1,-1
1421,5,760,246,31,36,1,-1,-1,-1
1421,8,757,214,27,34,1,-1,-1,-1
1421,11,688,183,44,61,1,-1,-1,-1
1421,13,744,383,111,48,1,-1,-1,-1
1421,31,641,247,95,151,1,-1,-1,-1
1421,41,577,374,134,165,1,-1,-1,-1
1421,42,645,181,23,21,1,-1,-1,-1
1421,43,737,470,138,54,1,-1,-1,-1
1421,44,177,279,54,40,1,-1,-1,-1
1421,45,629,224,26,17,1,-1,-1,-1
1421,46,466,154,23,18,1,-1,-1,-1
1421,47,487,313,48,42,1,-1,-1,-1
1421,48,735,511,146,28,1,-1,-1,-1
1422,2,748,352,99,46,1,-1,-1,-1
1422,5,758,244,31,36,1,-1,-1,-1
1422,8,757,214,27,34,1,-1,-1,-1
1422,11,688,183,44,61,1,-1,-1,-1
1422,13,744,383,111,48,1,-1,-1,-1
1422,31,642,246,94,150,1,-1,-1,-1
1422,41,578,374,125,164,1,-1,-1,-1
1422,42,645,181,23,21,1,-1,-1,-1
1422,43,737,470,138,54,1,-1,-1,-1
1422,44,175,281,56,40,1,-1,-1,-1
1422,45,630,222,25,18,1,-1,-1,-1
1422,46,467,155,21,19,1,-1,-1,-1
1422,47,490,310,47,42,1,-1,-1,-1
1422,48,735,511,146,28,1,-1,-1,-1
1423,2,748,352,99,46,1,-1,-1,-1
1423,5,760,244,31,36,1,-1,-1,-1
1423,8,757,214,27,34,1,-1,-1,-1
1423,11,687,183,44,63,1,-1,-1,-1
1423,13,744,381,111,48,1,-1,-1,-1
1423,31,642,250,93,145,1,-1,-1,-1
1423,41,575,372,138,166,1,-1,-1,-1
1423,42,645,181,23,21,1,-1,-1,-1
1423,43,736,468,138,54,1,-1,-1,-1
1423,44,172,281,57,42,1,-1,-1,-1
1423,45,629,223,27,19,1,-1,-1,-1
1423,46,465,158,20,15,1,-1,-1,-1
1423,47,491,312,45,40,1,-1,-1,-1
1423,48,736,509,143,27,1,-1,-1,-1
1424,2,748,352,96,46,1,-1,-1,-1
1424,5,758,244,31,36,1,-1,-1,-1
1424,8,757,214,27,34,1,-1,-1,-1
1424,11,687,183,44,63,1,-1,-1,-1
1424,13,744,381,111,48,1,-1,-1,-1
1424,31,642,241,96,154,1,-1,-1,-1
1424,41,575,372,134,164,1,-1,-1,-1
1424,42,645,181,23,21,1,-1,-1,-1
1424,43,739,468,134,52,1,-1,-1,-1
1424,44,168,283,56,40,1,-1,-1,-1
1424,45,628,221,28,21,1,-1,-1,-1
1424,46,464,157,21,15,1,-1,-1,-1
1424,47,492,308,48,41,1,-1,-1,-1
1424,48,738,509,138,30,1,-1,-1,-1
1425,2,749,352,92,44,1,-1,-1,-1
1425,5,760,244,31,36,1,-1,-1,-1
1425,8,757,214,27,34,1,-1,-1,-1
1425,11,687,183,44,63,1,-1,-1,-1
1425,13,744,381,108,48,1,-1,-1,-1
1425,31,642,241,96,154,1,-1,-1,-1
1425,41,577,372,130,166,1,-1,-1,-1
1425,42,645,179,23,21,1,-1,-1,-1
1425,43,737,468,134,52,1,-1,-1,-1
1425,44,164,281,60,46,1,-1,-1,-1
1425,45,629,221,26,21,1,-1,-1,-1
1425,46,465,157,21,15,1,-1,-1,-1
1425,47,493,305,47,41,1,-1,-1,-1
1425,48,734,507,146,31,1,-1,-1,-1
1426,2,752,354,90,42,1,-1,-1,-1
1426,5,758,246,30,34,1,-1,-1,-1
1426,8,757,214,27,34,1,-1,-1,-1
1426,11,688,183,41,59,1,-1,-1,-1
1426,13,744,381,108,48,1,-1,-1,-1
1426,31,642,241,96,154,1,-1,-1,-1
1426,41,574,370,132,168,1,-1,-1,-1
1426,42,646,179,23,21,1,-1,-1,-1
1426,43,737,468,134,52,1,-1,-1,-1
1426,44,161,281,59,48,1,-1,-1,-1
1426,45,628,220,28,19,1,-1,-1,-1
1426,46,465,158,21,15,1,-1,-1,-1
1426,47,491,304,52,44,1,-1,-1,-1
1426,48,736,507,141,30,1,-1,-1,-1
1427,2,749,352,92,44,1,-1,-1,-1
1427,5,758,244,31,36,1,-1,-1,-1
1427,8,757,214,27,34,1,-1,-1,-1
1427,11,688,183,41,59,1,-1,-1,-1
1427,13,744,381,108,48,1,-1,-1,-1
1427,31,642,241,96,154,1,-1,-1,-1
1427,41,569,373,135,166,1,-1,-1,-1
1427,42,646,179,23,21,1,-1,-1,-1
1427,43,736,466,138,54,1,-1,-1,-1
1427,44,156,283,58,48,1,-1,-1,-1
1427,45,628,220,27,22,1,-1,-1,-1
1427,46,465,158,24,17,1,-1,-1,-1
1427,47,493,302,49,42,1,-1,-1,-1
1427,48,733,507,144,32,1,-1,-1,-1
1427,49,488,126,18,12,1,-1,-1,-1
1428,2,748,352,95,44,1,-1,-1,-1
1428,5,758,244,31,36,1,-1,-1,-1
1428,8,757,214,27,34,1,-1,-1,-1
1428,11,688,183,41,59,1,-1,-1,-1
1428,13,744,381,108,48,1,-1,-1,-1
1428,31,642,241,96,154,1,-1,-1,-1
1428,41,576,372,125,167,1,-1,-1,-1
1428,42,646,179,23,21,1,-1,-1,-1
1428,43,736,466,138,54,1,-1,-1,-1
1428,44,155,285,57,46,1,-1,-1,-1
1428,45,630,219,26,23,1,-1,-1,-1
1428,46,462,157,23,20,1,-1,-1,-1
1428,47,495,302,47,40,1,-1,-1,-1
1428,48,735,507,140,32,1,-1,-1,-1
1428,49,488,125,18,11,1,-1,-1,-1
1429,2,748,351,99,46,1,-1,-1,-1
1429,5,757,244,31,36,1,-1,-1,-1
1429,8,757,214,27,34,1,-1,-1,-1
1429,11,688,183,43,59,1,-1,-1,-1
1429,13,743,379,109,48,1,-1,-1,-1
1429,31,642,241,96,154,1,-1,-1,-1
1429,41,576,370,125,164,1,-1,-1,-1
1429,42,646,177,23,21,1,-1,-1,-1
1429,43,736,466,134,52,1,-1,-1,-1
1429,44,150,291,65,45,1,-1,-1,-1
1429,45,629,219,26,23,1,-1,-1,-1
1429,46,462,156,23,19,1,-1,-1,-1
1429,47,496,300,48,42,1,-1,-1,-1
1429,48,735,505,141,27,1,-1,-1,-1
1429,49,488,125,18,11,1,-1,-1,-1
1430,2,748,352,95,44,1,-1,-1,-1
1430,5,758,244,31,36,1,-1,-1,-1
1430,8,757,214,27,34,1,-1,-1,-1
1430,11,687,181,44,63,1,-1,-1,-1
1430,13,743,379,109,48,1,-1,-1,-1
1430,31,642,239,96,156,1,-1,-1,-1
1430,41,572,370,140,166,1,-1,-1,-1
1430,42,646,177,23,21,1,-1,-1,-1
1430,43,736,466,134,52,1,-1,-1,-1
1430,44,147,296,64,42,1,-1,-1,-1
1430,45,627,219,28,23,1,-1,-1,-1
1430,46,462,156,23,19,1,-1,-1,-1
1430,47,499,300,42,39,1,-1,-1,-1
1430,48,735,505,141,33,1,-1,-1,-1
1430,49,488,125,18,11,1,-1,-1,-1
1431,2,748,349,99,46,1,-1,-1,-1
1431,5,758,244,31,36,1,-1,-1,-1
1431,8,757,214,27,34,1,-1,-1,-1
1431,11,687,181,44,63,1,-1,-1,-1
1431,13,744,379,108,48,1,-1,-1,-1
1431,31,642,239,96,154,1,-1,-1,-1
1431,41,568,374,139,165,1,-1,-1,-1
1431,42,646,177,23,21,1,-1,-1,-1
1431,43,736,464,134,52,1,-1,-1,-1
1431,44,144,295,63,45,1,-1,-1,-1
1431,45,630,217,26,25,1,-1,-1,-1
1431,46,462,158,23,19,1,-1,-1,-1
1431,47,500,297,44,39,1,-1,-1,-1
1431,48,732,505,145,32,1,-1,-1,-1
1431,49,487,127,18,11,1,-1,-1,-1
1432,2,748,349,96,46,1,-1,-1,-1
1432,5,757,244,31,36,1,-1,-1,-1
1432,8,756,214,27,34,1,-1,-1,-1
1432,11,685,181,44,63,1,-1,-1,-1
1432,13,744,379,105,46,1,-1,-1,-1
1432,31,642,239,96,154,1,-1,-1,-1
1432,41,572,368,136,170,1,-1,-1,-1
1432,42,646,177,23,21,1,-1,-1,-1
1432,43,736,464,134,52,1,-1,-1,-1
1432,44,141,296,62,45,1,-1,-1,-1
1432,45,629,217,27,24,1,-1,-1,-1
1432,46,461,156,23,19,1,-1,-1,-1
1432,47,500,300,45,36,1,-1,-1,-1
1432,48,734,503,141,35,1,-1,-1,-1
1432,49,485,127,18,11,1,-1,-1,-1
1433,2,747,349,99,46,1,-1,-1,-1
1433,5,758,244,31,36,1,-1,-1,-1
1433,8,757,214,27,34,1,-1,-1,-1
1433,11,685,183,44,63,1,-1,-1,-1
1433,13,743,379,108,48,1,-1,-1,-1
1433,31,641,247,91,147,1,-1,-1,-1
1433,41,572,368,142,169,1,-1,-1,-1
1433,42,646,177,23,21,1,-1,-1,-1
1433,43,736,462,134,52,1,-1,-1,-1
1433,44,135,298,63,50,1,-1,-1,-1
1433,45,627,217,28,25,1,-1,-1,-1
1433,46,459,158,23,19,1,-1,-1,-1
1433,47,502,296,44,37,1,-1,-1,-1
1433,48,734,503,141,34,1,-1,-1,-1
1433,49,485,127,18,11,1,-1,-1,-1
1434,2,747,349,99,46,1,-1,-1,-1
1434,5,757,243,31,36,1,-1,-1,-1
1434,8,756,214,27,34,1,-1,-1,-1
1434,11,685,181,44,63,1,-1,-1,-1
1434,13,743,378,108,48,1,-1,-1,-1
1434,31,641,244,94,150,1,-1,-1,-1
1434,41,572,368,136,169,1,-1,-1,-1
1434,42,646,175,23,21,1,-1,-1,-1
1434,43,736,462,134,52,1,-1,-1,-1
1434,44,130,300,69,51,1,-1,-1,-1
1434,45,628,216,27,24,1,-1,-1,-1
1434,46,461,158,23,19,1,-1,-1,-1
1434,47,502,295,44,36,1,-1,-1,-1
1434,48,733,503,139,34,1,-1,-1,-1
1434,49,485,127,18,11,1,-1,-1,-1
1435,2,747,349,99,46,1,-1,-1,-1
1435,5,757,244,31,36,1,-1,-1,-1
1435,8,757,214,27,34,1,-1,-1,-1
1435,11,685,181,44,63,1,-1,-1,-1
1435,13,743,378,108,48,1,-1,-1,-1
1435,31,641,244,95,149,1,-1,-1,-1
1435,41,572,368,135,169,1,-1,-1,-1
1435,42,646,175,23,21,1,-1,-1,-1
1435,43,736,462,134,52,1,-1,-1,-1
1435,44,127,302,68,50,1,-1,-1,-1
1435,45,630,215,26,25,1,-1,-1,-1
1435,46,458,160,23,19,1,-1,-1,-1
1435,47,504,293,44,36,1,-1,-1,-1
1435,48,735,503,139,36,1,-1,-1,-1
1435,49,484,129,18,11,1,-1,-1,-1
1436,2,747,347,99,46,1,-1,-1,-1
1436,5,757,244,31,36,1,-1,-1,-1
1436,8,756,212,27,34,1,-1,-1,-1
1436,11,685,181,44,63,1,-1,-1,-1
1436,13,743,378,108,48,1,-1,-1,-1
1436,31,634,246,99,135,1,-1,-1,-1
1436,41,566,375,142,164,1,-1,-1,-1
1436,42,646,175,23,21,1,-1,-1,-1
1436,43,736,462,133,52,1,-1,-1,-1
1436,44,124,304,67,50,1,-1,-1,-1
1436,45,629,214,24,25,1,-1,-1,-1
1436,46,458,160,23,19,1,-1,-1,-1
1436,47,505,289,45,38,1,-1,-1,-1
1436,48,735,503,138,36,1,-1,-1,-1
1436,49,484,127,18,11,1,-1,-1,-1
1437,2,747,347,99,46,1,-1,-1,-1
1437,5,757,244,31,36,1,-1,-1,-1
1437,8,756,212,27,34,1,-1,-1,-1
1437,11,687,181,44,61,1,-1,-1,-1
1437,13,743,378,108,48,1,-1,-1,-1
1437,31,633,246,99,135,1,-1,-1,-1
1437,41,572,366,142,169,1,-1,-1,-1
1437,42,646,175,23,21,1,-1,-1,-1
1437,43,735,460,134,52,1,-1,-1,-1
1437,44,119,308,68,51,1,-1,-1,-1
1437,45,630,214,26,25,1,-1,-1,-1
1437,46,459,158,23,19,1,-1,-1,-1
1437,47,505,289,45,38,1,-1,-1,-1
1437,48,736,501,137,38,1,-1,-1,-1
1437,49,484,127,18,11,1,-1,-1,-1
1438,2,747,347,96,44,1,-1,-1,-1
1438,5,757,244,31,36,1,-1,-1,-1
1438,8,757,212,27,34,1,-1,-1,-1
1438,11,685,181,44,63,1,-1,-1,-1
1438,13,741,376,108,48,1,-1,-1,-1
1438,31,633,246,99,135,1,-1,-1,-1
1438,41,572,366,132,173,1,-1,-1,-1
1438,42,646,173,23,21,1,-1,-1,-1
1438,43,735,460,134,52,1,-1,-1,-1
1438,44,120,310,65,50,1,-1,-1,-1
1438,45,630,212,26,25,1,-1,-1,-1
1438,46,462,158,23,19,1,-1,-1,-1
1438,47,505,287,48,40,1,-1,-1,-1
1438,48,731,501,151,38,1,-1,-1,-1
1438,49,482,125,18,15,1,-1,-1,-1
1439,2,747,345,99,46,1,-1,-1,-1
1439,5,756,243,32,38,1,-1,-1,-1
1439,8,756,212,27,34,1,-1,-1,-1
1439,11,685,181,44,63,1,-1,-1,-1
1439,13,741,376,108,48,1,-1,-1,-1
1439,31,633,246,99,135,1,-1,-1,-1
1439,41,570,366,142,172,1,-1,-1,-1
1439,42,647,173,23,21,1,-1,-1,-1
1439,43,735,460,134,52,1,-1,-1,-1
1439,44,112,312,69,54,1,-1,-1,-1
1439,45,630,212,26,25,1,-1,-1,-1
1439,46,462,158,23,19,1,-1,-1,-1
1439,47,508,287,44,38,1,-1,-1,-1
1439,48,735,499,145,37,1,-1,-1,-1
1439,49,481,125,19,15,1,-1,-1,-1
1440,2,745,347,99,46,1,-1,-1,-1
1440,5,757,244,31,36,1,-1,-1,-1
1440,8,756,212,27,34,1,-1,-1,-1
1440,11,685,181,44,63,1,-1,-1,-1
1440,13,741,376,108,48,1,-1,-1,-1
1440,31,633,244,99,135,1,-1,-1,-1
1440,41,570,366,142,170,1,-1,-1,-1
1440,42,646,173,23,21,1,-1,-1,-1
1440,43,734,459,134,52,1,-1,-1,-1
1440,44,108,314,69,54,1,-1,-1,-1
1440,45,629,212,27,25,1,-1,-1,-1
1440,46,462,158,23,19,1,-1,-1,-1
1440,47,509,285,44,36,1,-1,-1,-1
1440,48,731,499,141,27,1,-1,-1,-1
1440,49,481,125,18,15,1,-1,-1,-1
1441,2,747,347,96,44,1,-1,-1,-1
1441,5,757,244,31,36,1,-1,-1,-1
1441,8,756,212,27,34,1,-1,-1,-1
1441,11,685,181,44,63,1,-1,-1,-1
1441,13,740,376,108,48,1,-1,-1,-1
1441,31,633,244,99,135,1,-1,-1,-1
1441,41,570,364,135,175,1,-1,-1,-1
1441,42,647,173,23,21,1,-1,-1,-1
1441,43,732,459,134,52,1,-1,-1,-1
1441,44,101,316,73,57,1,-1,-1,-1
1441,45,630,212,27,25,1,-1,-1,-1
1441,46,456,161,22,19,1,-1,-1,-1
1441,47,510,285,41,36,1,-1,-1,-1
1441,48,731,497,150,41,1,-1,-1,-1
1441,49,480,125,18,16,1,-1,-1,-1
1442,2,747,345,96,44,1,-1,-1,-1
1442,5,756,243,31,36,1,-1,-1,-1
1442,8,756,212,27,34,1,-1,-1,-1
1442,11,684,181,44,63,1,-1,-1,-1
1442,13,740,376,108,48,1,-1,-1,-1
1442,31,633,244,99,135,1,-1,-1,-1
1442,41,570,362,133,171,1,-1,-1,-1
1442,42,647,173,23,21,1,-1,-1,-1
1442,43,734,459,133,52,1,-1,-1,-1
1442,44,100,320,69,54,1,-1,-1,-1
1442,45,630,210,26,25,1,-1,-1,-1
1442,46,459,160,23,19,1,-1,-1,-1
1442,47,509,281,44,36,1,-1,-1,-1
1442,48,732,497,139,41,1,-1,-1,-1
1442,49,480,124,18,17,1,-1,-1,-1
1443,2,745,345,96,44,1,-1,-1,-1
1443,5,756,243,32,38,1,-1,-1,-1
1443,8,754,212,27,34,1,-1,-1,-1
1443,11,684,179,44,63,1,-1,-1,-1
1443,13,740,374,108,48,1,-1,-1,-1
1443,31,633,244,99,135,1,-1,-1,-1
1443,41,565,360,144,178,1,-1,-1,-1
1443,42,649,171,23,21,1,-1,-1,-1
1443,43,734,457,134,52,1,-1,-1,-1
1443,44,96,322,70,55,1,-1,-1,-1
1443,45,630,210,24,25,1,-1,-1,-1
1443,46,457,160,25,22,1,-1,-1,-1
1443,47,512,283,41,36,1,-1,-1,-1
1443,48,731,497,145,40,1,-1,-1,-1
1443,49,480,125,19,16,1,-1,-1,-1
1444,2,744,345,99,46,1,-1,-1,-1
1444,5,756,244,31,36,1,-1,-1,-1
1444,8,756,212,27,34,1,-1,-1,-1
1444,11,684,179,44,63,1,-1,-1,-1
1444,13,740,374,108,48,1,-1,-1,-1
1444,31,640,244,88,135,1,-1,-1,-1
1444,41,569,360,146,173,1,-1,-1,-1
1444,42,647,171,23,21,1,-1,-1,-1
1444,43,734,457,133,52,1,-1,-1,-1
1444,44,91,319,71,59,1,-1,-1,-1
1444,45,630,208,26,25,1,-1,-1,-1
1444,46,450,163,28,20,1,-1,-1,-1
1444,47,514,281,40,34,1,-1,-1,-1
1444,48,733,498,142,41,1,-1,-1,-1
1444,49,480,127,18,14,1,-1,-1,-1
1445,2,744,345,99,46,1,-1,-1,-1
1445,5,757,244,31,36,1,-1,-1,-1
1445,8,754,212,27,34,1,-1,-1,-1
1445,11,685,181,43,61,1,-1,-1,-1
1445,13,740,374,108,48,1,-1,-1,-1
1445,31,633,244,99,135,1,-1,-1,-1
1445,41,569,360,146,173,1,-1,-1,-1
1445,42,646,169,23,21,1,-1,-1,-1
1445,43,734,457,133,52,1,-1,-1,-1
1445,44,83,321,79,64,1,-1,-1,-1
1445,45,632,208,26,25,1,-1,-1,-1
1445,46,450,163,28,19,1,-1,-1,-1
1445,47,515,279,40,34,1,-1,-1,-1
1445,48,732,497,142,40,1,-1,-1,-1
1445,49,479,127,19,14,1,-1,-1,-1
1446,2,747,345,92,42,1,-1,-1,-1
1446,5,756,243,31,36,1,-1,-1,-1
1446,8,754,212,27,34,1,-1,-1,-1
1446,11,685,181,43,61,1,-1,-1,-1
1446,13,740,374,108,48,1,-1,-1,-1
1446,31,633,244,99,135,1,-1,-1,-1
1446,41,565,366,139,173,1,-1,-1,-1
1446,42,647,171,23,21,1,-1,-1,-1
1446,43,734,457,133,52,1,-1,-1,-1
1446,44,80,325,76,60,1,-1,-1,-1
1446,45,632,208,27,25,1,-1,-1,-1
1446,46,449,161,28,20,1,-1,-1,-1
1446,47,517,277,40,34,1,-1,-1,-1
1446,48,732,497,142,40,1,-1,-1,-1
1446,49,479,125,18,16,1,-1,-1,-1
1447,2,744,345,96,44,1,-1,-1,-1
1447,5,754,243,31,36,1,-1,-1,-1
1447,8,754,210,27,34,1,-1,-1,-1
1447,11,684,179,43,61,1,-1,-1,-1
1447,13,740,372,108,48,1,-1,-1,-1
1447,31,633,243,99,135,1,-1,-1,-1
1447,41,569,360,138,178,1,-1,-1,-1
1447,42,647,169,23,21,1,-1,-1,-1
1447,43,731,455,138,54,1,-1,-1,-1
1447,44,74,326,79,61,1,-1,-1,-1
1447,45,632,206,27,25,1,-1,-1,-1
1447,46,449,160,27,19,1,-1,-1,-1
1447,47,518,277,37,32,1,-1,-1,-1
1447,48,731,495,142,40,1,-1,-1,-1
1447,49,479,125,18,15,1,-1,-1,-1
1448,2,744,343,96,44,1,-1,-1,-1
1448,5,754,243,31,36,1,-1,-1,-1
1448,8,753,210,27,34,1,-1,-1,-1
1448,11,684,179,44,61,1,-1,-1,-1
1448,13,740,372,108,48,1,-1,-1,-1
1448,31,633,243,99,135,1,-1,-1,-1
1448,41,565,365,138,174,1,-1,-1,-1
1448,42,647,169,23,21,1,-1,-1,-1
1448,43,732,457,133,52,1,-1,-1,-1
1448,44,68,332,80,60,1,-1,-1,-1
1448,45,632,206,26,25,1,-1,-1,-1
1448,46,451,163,27,19,1,-1,-1,-1
1448,47,519,277,37,32,1,-1,-1,-1
1448,48,731,493,142,40,1,-1,-1,-1
1448,49,479,125,19,17,1,-1,-1,-1
1449,2,744,341,99,46,1,-1,-1,-1
1449,5,756,243,31,36,1,-1,-1,-1
1449,8,753,210,27,34,1,-1,-1,-1
1449,11,684,179,44,63,1,-1,-1,-1
1449,13,740,372,105,46,1,-1,-1,-1
1449,31,633,244,96,131,1,-1,-1,-1
1449,41,563,360,148,178,1,-1,-1,-1
1449,42,647,169,23,21,1,-1,-1,-1
1449,43,732,455,133,52,1,-1,-1,-1
1449,44,62,335,79,59,1,-1,-1,-1
1449,45,632,206,27,25,1,-1,-1,-1
1449,46,449,162,27,19,1,-1,-1,-1
1449,47,519,275,36,30,1,-1,-1,-1
1449,48,731,493,142,45,1,-1,-1,-1
1449,49,479,125,18,15,1,-1,-1,-1
1450,2,744,343,96,44,1,-1,-1,-1
1450,5,754,243,31,36,1,-1,-1,-1
1450,8,754,210,27,34,1,-1,-1,-1
1450,11,685,179,41,60,1,-1,-1,-1
1450,13,739,370,108,48,1,-1,-1,-1
1450,31,633,243,99,135,1,-1,-1,-1
1450,41,566,366,135,173,1,-1,-1,-1
1450,42,647,169,23,21,1,-1,-1,-1
1450,43,734,455,130,50,1,-1,-1,-1
1450,44,58,339,79,59,1,-1,-1,-1
1450,45,633,204,26,25,1,-1,-1,-1
1450,46,448,162,27,19,1,-1,-1,-1
1450,47,521,273,36,30,1,-1,-1,-1
1450,48,731,493,144,43,1,-1,-1,-1
1450,49,476,125,18,15,1,-1,-1,-1
1451,2,743,341,99,46,1,-1,-1,-1
1451,5,754,243,31,36,1,-1,-1,-1
1451,8,753,210,27,34,1,-1,-1,-1
1451,11,687,179,39,59,1,-1,-1,-1
1451,13,740,370,105,46,1,-1,-1,-1
1451,31,633,241,99,135,1,-1,-1,-1
1451,41,569,360,139,177,1,-1,-1,-1
1451,42,647,169,23,21,1,-1,-1,-1
1451,43,731,453,133,52,1,-1,-1,-1
1451,44,57,343,78,59,1,-1,-1,-1
1451,45,632,204,26,25,1,-1,-1,-1
1451,46,449,162,27,19,1,-1,-1,-1
1451,47,522,271,37,32,1,-1,-1,-1
1451,48,731,491,142,40,1,-1,-1,-1
1451,49,476,127,18,15,1,-1,-1,-1
1452,2,743,341,99,46,1,-1,-1,-1
1452,5,754,241,31,36,1,-1,-1,-1
1452,8,753,210,27,34,1,-1,-1,-1
1452,11,683,176,44,63,1,-1,-1,-1
1452,13,740,370,105,46,1,-1,-1,-1
1452,31,633,243,96,131,1,-1,-1,-1
1452,41,570,358,129,179,1,-1,-1,-1
1452,42,647,167,23,21,1,-1,-1,-1
1452,43,731,453,133,52,1,-1,-1,-1
1452,44,49,343,82,61,1,-1,-1,-1
1452,45,632,204,26,25,1,-1,-1,-1
1452,46,448,162,27,19,1,-1,-1,-1
1452,47,522,270,37,32,1,-1,-1,-1
1452,48,730,491,143,47,1,-1,-1,-1
1452,49,475,127,18,15,1,-1,-1,-1
1453,2,744,343,95,44,1,-1,-1,-1
1453,5,754,241,31,36,1,-1,-1,-1
1453,8,753,210,27,34,1,-1,-1,-1
1453,11,683,175,44,63,1,-1,-1,-1
1453,13,737,370,108,48,1,-1,-1,-1
1453,31,633,243,96,131,1,-1,-1,-1
1453,41,569,356,129,181,1,-1,-1,-1
1453,42,646,167,23,21,1,-1,-1,-1
1453,43,731,453,133,52,1,-1,-1,-1
1453,44,44,349,79,59,1,-1,-1,-1
1453,45,633,204,26,25,1,-1,-1,-1
1453,46,448,162,27,19,1,-1,-1,-1
1453,47,522,268,37,32,1,-1,-1,-1
1453,48,730,491,143,48,1,-1,-1,-1
1453,49,475,127,18,15,1,-1,-1,-1
1454,2,745,341,92,42,1,-1,-1,-1
1454,5,753,241,31,36,1,-1,-1,-1
1454,8,753,210,27,34,1,-1,-1,-1
1454,11,683,175,44,63,1,-1,-1,-1
1454,13,739,370,105,46,1,-1,-1,-1
1454,31,633,243,96,131,1,-1,-1,-1
1454,41,561,356,139,182,1,-1,-1,-1
1454,42,646,165,23,21,1,-1,-1,-1
1454,43,731,451,130,50,1,-1,-1,-1
1454,44,39,352,82,61,1,-1,-1,-1
1454,45,633,202,26,25,1,-1,-1,-1
1454,46,445,163,28,19,1,-1,-1,-1
1454,47,523,268,36,30,1,-1,-1,-1
1454,48,730,489,142,49,1,-1,-1,-1
1454,49,475,127,18,15,1,-1,-1,-1
1455,2,744,341,92,42,1,-1,-1,-1
1455,5,753,241,31,36,1,-1,-1,-1
1455,8,753,210,27,34,1,-1,-1,-1
1455,11,684,175,43,61,1,-1,-1,-1
1455,13,739,370,104,46,1,-1,-1,-1
1455,31,633,241,99,135,1,-1,-1,-1
1455,41,564,356,145,183,1,-1,-1,-1
1455,42,647,165,23,21,1,-1,-1,-1
1455,43,732,451,128,50,1,-1,-1,-1
1455,44,31,354,84,63,1,-1,-1,-1
1455,45,633,202,27,25,1,-1,-1,-1
1455,46,446,163,28,19,1,-1,-1,-1
1455,47,526,268,36,30,1,-1,-1,-1
1455,48,731,489,140,49,1,-1,-1,-1
1455,49,475,129,18,15,1,-1,-1,-1
1456,2,744,341,92,42,1,-1,-1,-1
1456,5,753,241,31,36,1,-1,-1,-1
1456,8,753,210,26,32,1,-1,-1,-1
1456,11,683,175,44,63,1,-1,-1,-1
1456,13,739,370,104,46,1,-1,-1,-1
1456,31,632,241,99,135,1,-1,-1,-1
1456,41,568,356,137,183,1,-1,-1,-1
1456,42,646,165,23,21,1,-1,-1,-1
1456,43,731,451,128,50,1,-1,-1,-1
1456,44,24,354,87,65,1,-1,-1,-1
1456,45,633,202,26,25,1,-1,-1,-1
1456,46,447,164,27,19,1,-1,-1,-1
1456,47,526,264,36,30,1,-1,-1,-1
1456,48,731,489,138,50,1,-1,-1,-1
1456,49,474,127,18,15,1,-1,-1,-1
1457,2,744,341,92,42,1,-1,-1,-1
1457,5,753,241,31,36,1,-1,-1,-1
1457,8,753,210,26,32,1,-1,-1,-1
1457,11,684,175,43,61,1,-1,-1,-1
1457,13,739,368,104,46,1,-1,-1,-1
1457,31,633,243,95,129,1,-1,-1,-1
1457,41,560,354,133,184,1,-1,-1,-1
1457,42,647,167,23,21,1,-1,-1,-1
1457,43,731,449,130,50,1,-1,-1,-1
1457,44,19,358,90,67,1,-1,-1,-1
1457,45,633,200,27,25,1,-1,-1,-1
1457,46,444,163,27,19,1,-1,-1,-1
1457,47,526,264,36,30,1,-1,-1,-1
1457,48,727,487,143,51,1,-1,-1,-1
1457,49,472,127,18,15,1,-1,-1,-1
1458,2,744,341,92,42,1,-1,-1,-1
1458,5,753,241,31,36,1,-1,-1,-1
1458,8,753,210,27,34,1,-1,-1,-1
1458,11,683,175,44,63,1,-1,-1,-1
1458,13,737,368,104,46,1,-1,-1,-1
1458,31,632,239,99,135,1,-1,-1,-1
1458,41,569,356,129,182,1,-1,-1,-1
1458,42,646,167,23,21,1,-1,-1,-1
1458,43,728,449,133,52,1,-1,-1,-1
1458,44,11,360,94,69,1,-1,-1,-1
1458,45,633,200,27,25,1,-1,-1,-1
1458,46,445,163,27,19,1,-1,-1,-1
1458,47,527,262,36,30,1,-1,-1,-1
1458,48,730,487,138,51,1,-1,-1,-1
1458,49,471,129,18,15,1,-1,-1,-1
1459,2,743,339,95,44,1,-1,-1,-1
1459,5,753,241,31,36,1,-1,-1,-1
1459,8,753,210,27,34,1,-1,-1,-1
1459,11,683,175,44,63,1,-1,-1,-1
1459,13,737,368,104,46,1,-1,-1,-1
1459,31,632,239,99,135,1,-1,-1,-1
1459,41,568,354,133,184,1,-1,-1,-1
1459,42,646,167,23,21,1,-1,-1,-1
1459,43,728,447,133,52,1,-1,-1,-1
1459,44,6,364,94,69,1,-1,-1,-1
1459,45,633,200,26,25,1,-1,-1,-1
1459,46,445,163,27,19,1,-1,-1,-1
1459,47,527,262,37,32,1,-1,-1,-1
1459,48,731,485,141,53,1,-1,-1,-1
1459,49,471,129,18,15,1,-1,-1,-1
1460,2,741,339,95,44,1,-1,-1,-1
1460,5,753,241,31,36,1,-1,-1,-1
1460,8,752,210,27,34,1,-1,-1,-1
1460,11,683,175,44,63,1,-1,-1,-1
1460,13,736,368,104,46,1,-1,-1,-1
1460,31,632,239,99,135,1,-1,-1,-1
1460,41,565,361,137,177,1,-1,-1,-1
1460,42,647,165,23,21,1,-1,-1,-1
1460,43,728,447,133,52,1,-1,-1,-1
1460,44,2,368,91,69,1,-1,-1,-1
1460,45,633,200,26,25,1,-1,-1,-1
1460,46,445,163,27,19,1,-1,-1,-1
1460,47,527,260,37,32,1,-1,-1,-1
1460,48,728,484,140,54,1,-1,-1,-1
1460,49,471,129,18,15,1,-1,-1,-1
1461,2,741,337,95,44,1,-1,-1,-1
1461,5,753,241,31,36,1,-1,-1,-1
1461,8,752,208,27,34,1,-1,-1,-1
1461,11,683,175,43,61,1,-1,-1,-1
1461,13,737,366,104,46,1,-1,-1,-1
1461,31,630,239,99,135,1,-1,-1,-1
1461,41,566,356,134,180,1,-1,-1,-1
1461,42,647,167,23,21,1,-1,-1,-1
1461,43,727,447,133,52,1,-1,-1,-1
1461,44,0,370,92,73,1,-1,-1,-1
1461,45,633,198,26,25,1,-1,-1,-1
1461,46,444,165,27,19,1,-1,-1,-1
1461,47,527,258,37,32,1,-1,-1,-1
1461,48,727,482,140,56,1,-1,-1,-1
1461,49,471,129,18,15,1,-1,-1,-1
1462,2,743,337,92,42,1,-1,-1,-1
1462,5,753,239,31,36,1,-1,-1,-1
1462,8,752,208,27,34,1,-1,-1,-1
1462,11,683,175,43,61,1,-1,-1,-1
1462,13,736,366,104,46,1,-1,-1,-1
1462,31,630,239,99,135,1,-1,-1,-1
1462,41,562,357,140,181,1,-1,-1,-1
1462,42,650,165,19,18,1,-1,-1,-1
1462,43,727,445,133,52,1,-1,-1,-1
1462,44,0,372,87,73,1,-1,-1,-1
1462,45,633,198,26,25,1,-1,-1,-1
1462,46,441,165,27,19,1,-1,-1,-1
1462,47,527,256,37,32,1,-1,-1,-1
1462,48,727,482,143,57,1,-1,-1,-1
1462,49,471,129,18,15,1,-1,-1,-1
1463,2,740,337,95,44,1,-1,-1,-1
1463,5,753,239,31,36,1,-1,-1,-1
1463,8,751,208,27,34,1,-1,-1,-1
1463,11,681,173,44,63,1,-1,-1,-1
1463,13,736,366,104,46,1,-1,-1,-1
1463,31,630,239,99,135,1,-1,-1,-1
1463,41,564,355,137,180,1,-1,-1,-1
1463,42,650,163,19,17,1,-1,-1,-1
1463,43,727,445,130,50,1,-1,-1,-1
1463,44,0,376,78,73,1,-1,-1,-1
1463,45,633,198,26,25,1,-1,-1,-1
1463,46,443,166,27,19,1,-1,-1,-1
1463,47,526,254,36,32,1,-1,-1,-1
1463,48,727,482,138,57,1,-1,-1,-1
1463,49,468,131,18,15,1,-1,-1,-1
1464,2,741,337,92,42,1,-1,-1,-1
1464,5,752,239,31,36,1,-1,-1,-1
1464,8,751,208,27,34,1,-1,-1,-1
1464,11,681,173,44,63,1,-1,-1,-1
1464,13,736,366,104,46,1,-1,-1,-1
1464,31,630,239,99,135,1,-1,-1,-1
1464,41,564,358,137,178,1,-1,-1,-1
1464,42,650,161,20,17,1,-1,-1,-1
1464,43,727,445,130,50,1,-1,-1,-1
1464,44,0,381,72,71,1,-1,-1,-1
1464,45,633,196,26,25,1,-1,-1,-1
1464,46,442,166,27,19,1,-1,-1,-1
1464,47,527,254,37,32,1,-1,-1,-1
1464,48,727,480,141,59,1,-1,-1,-1
1464,49,467,131,18,15,1,-1,-1,-1
1465,2,741,337,92,42,1,-1,-1,-1
1465,5,752,239,31,36,1,-1,-1,-1
1465,8,751,208,27,34,1,-1,-1,-1
1465,11,681,173,44,63,1,-1,-1,-1
1465,13,736,364,104,46,1,-1,-1,-1
1465,31,629,237,99,135,1,-1,-1,-1
1465,41,559,355,142,181,1,-1,-1,-1
1465,42,648,159,23,21,1,-1,-1,-1
1465,43,727,442,129,53,1,-1,-1,-1
1465,44,0,383,70,71,1,-1,-1,-1
1465,45,633,194,27,25,1,-1,-1,-1
1465,46,439,166,27,19,1,-1,-1,-1
1465,47,528,252,36,32,1,-1,-1,-1
1465,48,726,480,143,59,1,-1,-1,-1
1465,49,467,131,18,15,1,-1,-1,-1
1466,2,740,337,94,42,1,-1,-1,-1
1466,5,752,239,31,36,1,-1,-1,-1
1466,8,749,208,27,34,1,-1,-1,-1
1466,11,681,173,44,63,1,-1,-1,-1
1466,13,736,364,104,46,1,-1,-1,-1
1466,31,629,237,99,135,1,-1,-1,-1
1466,41,563,354,138,181,1,-1,-1,-1
1466,42,650,160,23,21,1,-1,-1,-1
1466,43,727,443,122,50,1,-1,-1,-1
1466,44,0,385,62,75,1,-1,-1,-1
1466,45,633,194,27,25,1,-1,-1,-1
1466,46,438,165,26,17,1,-1,-1,-1
1466,47,532,256,33,27,1,-1,-1,-1
1466,48,724,478,144,60,1,-1,-1,-1
1466,49,467,131,18,15,1,-1,-1,-1
1467,2,741,337,91,42,1,-1,-1,-1
1467,5,752,239,31,36,1,-1,-1,-1
1467,8,751,208,27,34,1,-1,-1,-1
1467,11,680,173,44,63,1,-1,-1,-1
1467,13,736,364,103,44,1,-1,-1,-1
1467,31,629,237,99,135,1,-1,-1,-1
1467,41,549,357,148,181,1,-1,-1,-1
1467,42,648,164,19,16,1,-1,-1,-1
1467,43,727,443,123,50,1,-1,-1,-1
1467,44,0,391,56,75,1,-1,-1,-1
1467,45,633,194,26,25,1,-1,-1,-1
1467,46,438,165,26,19,1,-1,-1,-1
1467,47,531,253,35,29,1,-1,-1,-1
1467,48,724,478,146,61,1,-1,-1,-1
1467,49,467,131,18,15,1,-1,-1,-1
1468,2,740,337,91,42,1,-1,-1,-1
1468,5,752,239,31,36,1,-1,-1,-1
1468,8,749,208,27,34,1,-1,-1,-1
1468,11,681,173,43,61,1,-1,-1,-1
1468,13,739,366,96,42,1,-1,-1,-1
1468,31,628,235,100,138,1,-1,-1,-1
1468,41,548,356,147,181,1,-1,-1,-1
1468,42,649,162,21,17,1,-1,-1,-1
1468,43,727,443,122,50,1,-1,-1,-1
1468,44,0,391,54,66,1,-1,-1,-1
1468,45,633,194,27,25,1,-1,-1,-1
1468,46,437,165,27,19,1,-1,-1,-1
1468,47,532,253,34,27,1,-1,-1,-1
1468,48,723,478,142,61,1,-1,-1,-1
1468,49,467,131,18,15,1,-1,-1,-1
1469,2,741,337,90,40,1,-1,-1,-1
1469,5,751,239,31,36,1,-1,-1,-1
1469,8,749,208,27,34,1,-1,-1,-1
1469,11,681,175,41,61,1,-1,-1,-1
1469,13,734,362,103,44,1,-1,-1,-1
1469,31,628,237,99,135,1,-1,-1,-1
1469,41,548,354,151,185,1,-1,-1,-1
1469,42,651,161,19,15,1,-1,-1,-1
1469,43,726,443,122,50,1,-1,-1,-1
1469,44,0,395,49,60,1,-1,-1,-1
1469,45,633,194,27,25,1,-1,-1,-1
1469,46,438,167,26,19,1,-1,-1,-1
1469,47,535,250,32,29,1,-1,-1,-1
1469,48,723,476,149,61,1,-1,-1,-1
1469,49,466,131,18,15,1,-1,-1,-1
1470,2,744,337,84,38,1,-1,-1,-1
1470,5,751,239,31,36,1,-1,-1,-1
1470,8,749,208,27,34,1,-1,-1,-1
1470,11,680,173,43,61,1,-1,-1,-1
1470,13,734,362,104,46,1,-1,-1,-1
1470,31,628,235,100,138,1,-1,-1,-1
1470,41,552,358,144,177,1,-1,-1,-1
1470,42,650,160,19,15,1,-1,-1,-1
1470,43,723,441,128,52,1,-1,-1,-1
1470,44,0,397,49,64,1,-1,-1,-1
1470,45,633,194,27,25,1,-1,-1,-1
1470,46,437,167,27,19,1,-1,-1,-1
1470,47,535,251,34,29,1,-1,-1,-1
1470,48,723,476,145,63,1,-1,-1,-1
1470,49,466,131,18,15,1,-1,-1,-1
1471,2,740,335,90,40,1,-1,-1,-1
1471,5,751,239,31,36,1,-1,-1,-1
1471,8,748,208,27,34,1,-1,-1,-1
1471,11,680,173,43,61,1,-1,-1,-1
1471,13,732,362,104,46,1,-1,-1,-1
1471,31,628,235,100,138,1,-1,-1,-1
1471,41,552,356,144,177,1,-1,-1,-1
1471,42,650,160,19,15,1,-1,-1,-1
1471,43,723,441,128,52,1,-1,-1,-1
1471,44,0,403,43,60,1,-1,-1,-1
1471,45,632,192,27,25,1,-1,-1,-1
1471,46,436,169,27,19,1,-1,-1,-1
1471,47,535,248,34,30,1,-1,-1,-1
1471,48,725,474,138,61,1,-1,-1,-1
1471,49,463,133,18,15,1,-1,-1,-1
1471,50,521,125,17,12,1,-1,-1,-1
1472,2,740,335,90,40,1,-1,-1,-1
1472,5,751,239,30,34,1,-1,-1,-1
1472,8,748,208,27,34,1,-1,-1,-1
1472,11,680,173,43,61,1,-1,-1,-1
1472,13,734,362,103,44,1,-1,-1,-1
1472,31,628,235,99,135,1,-1,-1,-1
1472,41,551,356,144,177,1,-1,-1,-1
1472,42,650,160,19,15,1,-1,-1,-1
1472,43,723,439,128,52,1,-1,-1,-1
1472,44,0,406,34,49,1,-1,-1,-1
1472,45,633,192,27,25,1,-1,-1,-1
1472,46,433,169,26,19,1,-1,-1,-1
1472,47,538,248,31,27,1,-1,-1,-1
1472,48,721,474,142,61,1,-1,-1,-1
1472,49,463,133,18,15,1,-1,-1,-1
1472,50,521,125,16,11,1,-1,-1,-1
1473,2,743,337,84,38,1,-1,-1,-1
1473,5,752,239,30,34,1,-1,-1,-1
1473,8,748,208,27,34,1,-1,-1,-1
1473,11,680,173,43,61,1,-1,-1,-1
1473,13,732,362,104,46,1,-1,-1,-1
1473,31,628,235,99,135,1,-1,-1,-1
1473,41,551,356,144,183,1,-1,-1,-1
1473,42,650,160,19,15,1,-1,-1,-1
1473,43,720,439,133,54,1,-1,-1,-1
1473,44,0,405,25,55,1,-1,-1,-1
1473,45,633,192,27,25,1,-1,-1,-1
1473,46,435,170,27,19,1,-1,-1,-1
1473,47,536,247,33,29,1,-1,-1,-1
1473,48,722,474,142,59,1,-1,-1,-1
1473,49,462,133,18,15,1,-1,-1,-1
1473,50,519,125,16,11,1,-1,-1,-1
1474,2,739,335,90,40,1,-1,-1,-1
1474,5,751,239,31,36,1,-1,-1,-1
1474,8,748,208,27,34,1,-1,-1,-1
1474,11,680,173,43,61,1,-1,-1,-1
1474,13,732,362,103,44,1,-1,-1,-1
1474,31,628,235,99,135,1,-1,-1,-1
1474,41,552,356,142,182,1,-1,-1,-1
1474,42,650,158,19,15,1,-1,-1,-1
1474,43,718,437,138,55,1,-1,-1,-1
1474,45,633,192,27,25,1,-1,-1,-1
1474,46,436,171,27,19,1,-1,-1,-1
1474,47,538,246,32,27,1,-1,-1,-1
1474,48,723,474,139,56,1,-1,-1,-1
1474,49,462,133,18,15,1,-1,-1,-1
1474,50,519,125,16,11,1,-1,-1,-1
1475,2,740,335,87,40,1,-1,-1,-1
1475,5,749,239,31,36,1,-1,-1,-1
1475,8,748,208,27,34,1,-1,-1,-1
1475,11,680,173,44,63,1,-1,-1,-1
1475,13,731,360,104,46,1,-1,-1,-1
1475,31,628,235,99,135,1,-1,-1,-1
1475,41,550,354,145,185,1,-1,-1,-1
1475,42,650,158,19,15,1,-1,-1,-1
1475,43,724,433,120,58,1,-1,-1,-1
1475,45,633,190,27,25,1,-1,-1,-1
1475,46,435,171,26,19,1,-1,-1,-1
1475,47,537,245,34,28,1,-1,-1,-1
1475,48,720,470,139,64,1,-1,-1,-1
1475,49,461,135,18,15,1,-1,-1,-1
1475,50,519,125,16,11,1,-1,-1,-1
1476,2,739,333,90,40,1,-1,-1,-1
1476,5,749,237,31,36,1,-1,-1,-1
1476,8,748,206,27,34,1,-1,-1,-1
1476,11,680,173,44,63,1,-1,-1,-1
1476,13,732,360,103,44,1,-1,-1,-1
1476,31,626,235,99,135,1,-1,-1,-1
1476,41,549,354,145,184,1,-1,-1,-1
1476,42,651,158,19,15,1,-1,-1,-1
1476,43,726,437,119,48,1,-1,-1,-1
1476,45,633,190,27,25,1,-1,-1,-1
1476,46,434,173,26,17,1,-1,-1,-1
1476,47,536,244,33,28,1,-1,-1,-1
1476,48,719,468,141,68,1,-1,-1,-1
1476,50,519,125,16,11,1,-1,-1,-1
1477,2,737,335,90,40,1,-1,-1,-1
1477,5,748,237,31,36,1,-1,-1,-1
1477,8,748,206,27,34,1,-1,-1,-1
1477,11,680,173,44,63,1,-1,-1,-1
1477,13,731,360,104,46,1,-1,-1,-1
1477,31,628,235,96,131,1,-1,-1,-1
1477,41,552,352,141,184,1,-1,-1,-1
1477,42,650,158,19,15,1,-1,-1,-1
1477,43,726,437,118,48,1,-1,-1,-1
1477,45,633,190,27,25,1,-1,-1,-1
1477,46,432,172,26,19,1,-1,-1,-1
1477,47,538,244,32,27,1,-1,-1,-1
1477,48,724,474,135,63,1,-1,-1,-1
1477,50,518,125,16,11,1,-1,-1,-1
1478,2,740,333,87,40,1,-1,-1,-1
1478,5,748,237,32,38,1,-1,-1,-1
1478,8,748,206,27,34,1,-1,-1,-1
1478,11,680,173,44,63,1,-1,-1,-1
1478,13,731,360,103,44,1,-1,-1,-1
1478,31,628,235,96,131,1,-1,-1,-1
1478,41,551,352,144,183,1,-1,-1,-1
1478,42,650,158,19,15,1,-1,-1,-1
1478,43,726,437,118,48,1,-1,-1,-1
1478,45,633,189,27,25,1,-1,-1,-1
1478,46,431,173,27,19,1,-1,-1,-1
1478,47,539,244,32,27,1,-1,-1,-1
1478,48,720,468,140,69,1,-1,-1,-1
1478,50,518,127,16,11,1,-1,-1,-1
1479,2,740,333,87,40,1,-1,-1,-1
1479,5,748,237,31,36,1,-1,-1,-1
1479,8,748,206,27,34,1,-1,-1,-1
1479,11,680,173,44,63,1,-1,-1,-1
1479,13,731,360,100,44,1,-1,-1,-1
1479,31,628,235,96,131,1,-1,-1,-1
1479,41,552,352,139,186,1,-1,-1,-1
1479,42,650,158,19,15,1,-1,-1,-1
1479,43,724,435,118,48,1,-1,-1,-1
1479,45,633,189,27,25,1,-1,-1,-1
1479,46,430,172,27,19,1,-1,-1,-1
1479,47,539,244,33,28,1,-1,-1,-1
1479,48,718,466,138,69,1,-1,-1,-1
1479,50,518,127,16,11,1,-1,-1,-1
1480,2,737,333,87,40,1,-1,-1,-1
1480,5,748,237,31,36,1,-1,-1,-1
1480,8,747,206,27,34,1,-1,-1,-1
1480,11,680,173,44,63,1,-1,-1,-1
1480,13,734,360,99,42,1,-1,-1,-1
1480,31,628,235,96,131,1,-1,-1,-1
1480,41,552,352,137,186,1,-1,-1,-1
1480,42,650,156,19,15,1,-1,-1,-1
1480,43,723,435,121,48,1,-1,-1,-1
1480,45,632,189,27,25,1,-1,-1,-1
1480,46,430,174,27,19,1,-1,-1,-1
1480,47,539,241,33,28,1,-1,-1,-1
1480,48,720,466,134,61,1,-1,-1,-1
1480,50,518,127,16,11,1,-1,-1,-1
1481,2,736,333,90,40,1,-1,-1,-1
1481,5,748,237,31,36,1,-1,-1,-1
1481,8,747,206,27,34,1,-1,-1,-1
1481,11,680,173,41,61,1,-1,-1,-1
1481,13,734,360,96,42,1,-1,-1,-1
1481,31,628,235,96,131,1,-1,-1,-1
1481,41,552,352,139,186,1,-1,-1,-1
1481,42,651,156,19,15,1,-1,-1,-1
1481,43,723,435,118,48,1,-1,-1,-1
1481,45,634,187,27,25,1,-1,-1,-1
1481,46,429,174,27,19,1,-1,-1,-1
1481,47,539,241,33,28,1,-1,-1,-1
1481,48,718,466,141,70,1,-1,-1,-1
1481,50,518,127,16,11,1,-1,-1,-1
1482,2,737,333,87,40,1,-1,-1,-1
1482,5,748,237,31,36,1,-1,-1,-1
1482,8,747,206,27,34,1,-1,-1,-1
1482,11,680,173,40,61,1,-1,-1,-1
1482,13,731,358,99,42,1,-1,-1,-1
1482,31,626,233,96,131,1,-1,-1,-1
1482,41,553,352,138,185,1,-1,-1,-1
1482,42,650,156,19,15,1,-1,-1,-1
1482,43,723,433,118,48,1,-1,-1,-1
1482,45,633,187,27,25,1,-1,-1,-1
1482,46,428,174,27,19,1,-1,-1,-1
1482,47,540,239,33,28,1,-1,-1,-1
1482,48,718,464,139,69,1,-1,-1,-1
1482,50,517,127,16,11,1,-1,-1,-1
1483,2,736,331,87,40,1,-1,-1,-1
1483,5,748,237,31,36,1,-1,-1,-1
1483,8,747,206,27,34,1,-1,-1,-1
1483,11,680,173,40,61,1,-1,-1,-1
1483,13,731,358,100,44,1,-1,-1,-1
1483,31,629,235,95,129,1,-1,-1,-1
1483,41,544,352,148,187,1,-1,-1,-1
1483,42,650,156,19,15,1,-1,-1,-1
1483,43,723,433,118,48,1,-1,-1,-1
1483,45,633,187,27,25,1,-1,-1,-1
1483,46,427,175,27,19,1,-1,-1,-1
1483,47,540,239,33,28,1,-1,-1,-1
1483,48,719,464,137,68,1,-1,-1,-1
1483,50,515,127,16,11,1,-1,-1,-1
1484,2,736,331,90,40,1,-1,-1,-1
1484,5,748,235,31,36,1,-1,-1,-1
1484,8,747,206,27,34,1,-1,-1,-1
1484,11,680,171,41,61,1,-1,-1,-1
1484,13,731,358,100,44,1,-1,-1,-1
1484,31,628,235,95,129,1,-1,-1,-1
1484,41,552,350,138,187,1,-1,-1,-1
1484,42,651,154,19,15,1,-1,-1,-1
1484,43,723,433,117,46,1,-1,-1,-1
1484,45,635,187,25,21,1,-1,-1,-1
1484,46,425,175,27,19,1,-1,-1,-1
1484,47,540,237,33,28,1,-1,-1,-1
1484,48,718,462,143,71,1,-1,-1,-1
1484,50,515,127,16,11,1,-1,-1,-1
1485,2,736,331,90,40,1,-1,-1,-1
1485,5,748,237,31,36,1,-1,-1,-1
1485,8,747,206,27,34,1,-1,-1,-1
1485,11,679,171,41,61,1,-1,-1,-1
1485,13,731,356,100,44,1,-1,-1,-1
1485,31,628,235,95,129,1,-1,-1,-1
1485,41,545,349,146,189,1,-1,-1,-1
1485,42,650,156,19,15,1,-1,-1,-1
1485,43,723,432,113,46,1,-1,-1,-1
1485,45,635,185,25,21,1,-1,-1,-1
1485,46,427,175,27,19,1,-1,-1,-1
1485,47,542,235,33,28,1,-1,-1,-1
1485,48,717,462,140,70,1,-1,-1,-1
1485,50,515,127,16,11,1,-1,-1,-1
1486,2,735,329,90,40,1,-1,-1,-1
1486,5,748,235,31,36,1,-1,-1,-1
1486,8,745,206,27,34,1,-1,-1,-1
1486,11,680,173,40,59,1,-1,-1,-1
1486,13,731,356,100,44,1,-1,-1,-1
1486,31,628,233,95,129,1,-1,-1,-1
1486,41,543,349,148,189,1,-1,-1,-1
1486,42,651,154,19,15,1,-1,-1,-1
1486,43,722,430,117,46,1,-1,-1,-1
1486,45,636,185,24,21,1,-1,-1,-1
1486,46,424,175,26,19,1,-1,-1,-1
1486,47,542,235,33,28,1,-1,-1,-1
1486,48,717,460,135,71,1,-1,-1,-1
1486,50,515,129,16,11,1,-1,-1,-1
1487,2,736,329,87,40,1,-1,-1,-1
1487,5,747,235,31,36,1,-1,-1,-1
1487,8,745,206,27,34,1,-1,-1,-1
1487,11,679,171,40,61,1,-1,-1,-1
1487,13,730,356,100,44,1,-1,-1,-1
1487,31,626,233,95,129,1,-1,-1,-1
1487,41,540,349,150,190,1,-1,-1,-1
1487,42,651,154,19,15,1,-1,-1,-1
1487,43,723,430,113,46,1,-1,-1,-1
1487,45,636,183,23,21,1,-1,-1,-1
1487,46,424,175,27,19,1,-1,-1,-1
1487,47,543,235,32,27,1,-1,-1,-1
1487,48,717,460,138,71,1,-1,-1,-1
1487,50,514,129,16,11,1,-1,-1,-1
1488,2,734,329,90,40,1,-1,-1,-1
1488,5,747,235,31,36,1,-1,-1,-1
1488,8,745,206,27,34,1,-1,-1,-1
1488,11,680,173,40,59,1,-1,-1,-1
1488,13,730,356,100,44,1,-1,-1,-1
1488,31,626,233,95,129,1,-1,-1,-1
1488,41,548,347,142,190,1,-1,-1,-1
1488,42,650,154,19,15,1,-1,-1,-1
1488,43,722,428,117,46,1,-1,-1,-1
1488,45,637,185,23,21,1,-1,-1,-1
1488,46,424,175,27,19,1,-1,-1,-1
1488,47,544,233,32,27,1,-1,-1,-1
1488,48,715,459,138,69,1,-1,-1,-1
1488,50,514,129,16,11,1,-1,-1,-1
1489,2,735,329,87,40,1,-1,-1,-1
1489,5,747,235,33,38,1,-1,-1,-1
1489,8,745,204,27,34,1,-1,-1,-1
1489,11,679,171,40,61,1,-1,-1,-1
1489,13,730,354,100,44,1,-1,-1,-1
1489,31,626,233,95,129,1,-1,-1,-1
1489,41,539,347,152,192,1,-1,-1,-1
1489,42,651,152,19,15,1,-1,-1,-1
1489,43,723,428,113,46,1,-1,-1,-1
1489,45,637,183,23,21,1,-1,-1,-1
1489,46,424,177,27,19,1,-1,-1,-1
1489,47,545,233,32,27,1,-1,-1,-1
1489,48,715,457,139,67,1,-1,-1,-1
1489,50,514,129,16,11,1,-1,-1,-1
1490,2,734,327,90,40,1,-1,-1,-1
1490,5,747,233,32,38,1,-1,-1,-1
1490,8,745,204,27,34,1,-1,-1,-1
1490,11,681,174,39,55,1,-1,-1,-1
1490,13,728,354,100,44,1,-1,-1,-1
1490,31,626,231,95,129,1,-1,-1,-1
1490,41,543,345,147,192,1,-1,-1,-1
1490,42,651,154,19,15,1,-1,-1,-1
1490,43,720,426,117,46,1,-1,-1,-1
1490,45,637,183,23,21,1,-1,-1,-1
1490,46,423,177,27,19,1,-1,-1,-1
1490,47,544,231,35,28,1,-1,-1,-1
1490,48,714,457,140,68,1,-1,-1,-1
1490,50,514,129,16,11,1,-1,-1,-1
1491,2,735,327,87,40,1,-1,-1,-1
1491,5,744,235,31,36,1,-1,-1,-1
1491,8,744,204,27,34,1,-1,-1,-1
1491,11,680,178,37,50,1,-1,-1,-1
1491,13,728,354,100,44,1,-1,-1,-1
1491,31,628,233,92,127,1,-1,-1,-1
1491,41,549,345,140,193,1,-1,-1,-1
1491,42,650,152,19,15,1,-1,-1,-1
1491,43,720,426,117,46,1,-1,-1,-1
1491,45,637,183,23,21,1,-1,-1,-1
1491,46,420,177,29,19,1,-1,-1,-1
1491,47,544,229,33,28,1,-1,-1,-1
1491,48,715,455,141,71,1,-1,-1,-1
1491,50,514,129,16,11,1,-1,-1,-1
1492,2,732,327,90,40,1,-1,-1,-1
1492,5,745,233,32,38,1,-1,-1,-1
1492,8,744,204,27,34,1,-1,-1,-1
1492,11,680,176,38,53,1,-1,-1,-1
1492,13,728,352,100,44,1,-1,-1,-1
1492,31,626,231,95,129,1,-1,-1,-1
1492,41,541,345,149,193,1,-1,-1,-1
1492,42,651,152,19,15,1,-1,-1,-1
1492,43,719,424,117,46,1,-1,-1,-1
1492,45,637,181,23,21,1,-1,-1,-1
1492,46,420,177,28,23,1,-1,-1,-1
1492,47,546,230,29,24,1,-1,-1,-1
1492,48,714,455,137,66,1,-1,-1,-1
1492,50,514,129,16,11,1,-1,-1,-1
1493,2,734,327,87,40,1,-1,-1,-1
1493,5,745,235,31,36,1,-1,-1,-1
1493,8,744,204,27,34,1,-1,-1,-1
1493,11,680,175,38,53,1,-1,-1,-1
1493,13,727,352,100,44,1,-1,-1,-1
1493,31,628,233,91,125,1,-1,-1,-1
1493,41,543,343,148,192,1,-1,-1,-1
1493,42,651,152,19,15,1,-1,-1,-1
1493,43,719,424,117,46,1,-1,-1,-1
1493,45,637,181,23,21,1,-1,-1,-1
1493,46,420,179,26,17,1,-1,-1,-1
1493,47,549,227,30,25,1,-1,-1,-1
1493,48,714,453,139,68,1,-1,-1,-1
1493,50,513,131,16,11,1,-1,-1,-1
1494,2,732,325,87,40,1,-1,-1,-1
1494,5,745,233,31,36,1,-1,-1,-1
1494,8,744,204,27,34,1,-1,-1,-1
1494,11,679,175,40,56,1,-1,-1,-1
1494,13,727,352,100,44,1,-1,-1,-1
1494,31,629,233,91,125,1,-1,-1,-1
1494,41,539,341,151,196,1,-1,-1,-1
1494,42,651,152,19,15,1,-1,-1,-1
1494,43,719,424,113,46,1,-1,-1,-1
1494,45,637,181,23,21,1,-1,-1,-1
1494,46,419,179,27,19,1,-1,-1,-1
1494,47,547,229,33,28,1,-1,-1,-1
1494,48,713,453,135,63,1,-1,-1,-1
1494,50,512,131,16,11,1,-1,-1,-1
1495,2,731,325,87,40,1,-1,-1,-1
1495,5,744,233,31,36,1,-1,-1,-1
1495,8,744,204,27,34,1,-1,-1,-1
1495,11,680,173,38,51,1,-1,-1,-1
1495,13,727,352,100,44,1,-1,-1,-1
1495,31,629,233,91,125,1,-1,-1,-1
1495,41,539,343,151,195,1,-1,-1,-1
1495,42,651,150,19,15,1,-1,-1,-1
1495,43,720,422,112,44,1,-1,-1,-1
1495,45,637,181,23,21,1,-1,-1,-1
1495,46,417,179,27,19,1,-1,-1,-1
1495,47,547,229,33,28,1,-1,-1,-1
1495,48,711,451,138,63,1,-1,-1,-1
1495,50,512,129,16,11,1,-1,-1,-1
1496,2,731,325,88,40,1,-1,-1,-1
1496,5,744,233,31,36,1,-1,-1,-1
1496,8,744,204,27,34,1,-1,-1,-1
1496,11,678,180,41,50,1,-1,-1,-1
1496,13,727,352,97,42,1,-1,-1,-1
1496,31,629,231,91,125,1,-1,-1,-1
1496,41,540,343,147,195,1,-1,-1,-1
1496,42,651,152,19,15,1,-1,-1,-1
1496,43,720,422,112,44,1,-1,-1,-1
1496,45,636,181,23,21,1,-1,-1,-1
1496,46,416,179,27,19,1,-1,-1,-1
1496,47,548,227,33,28,1,-1,-1,-1
1496,48,716,451,131,61,1,-1,-1,-1
1496,50,512,129,16,11,1,-1,-1,-1
1497,2,731,325,87,40,1,-1,-1,-1
1497,5,743,233,31,36,1,-1,-1,-1
1497,8,743,204,27,34,1,-1,-1,-1
1497,11,678,175,41,54,1,-1,-1,-1
1497,13,726,351,100,44,1,-1,-1,-1
1497,31,629,231,91,125,1,-1,-1,-1
1497,41,542,341,148,195,1,-1,-1,-1
1497,42,651,150,19,15,1,-1,-1,-1
1497,43,718,420,117,46,1,-1,-1,-1
1497,45,637,179,23,21,1,-1,-1,-1
1497,46,416,179,27,19,1,-1,-1,-1
1497,47,548,227,32,27,1,-1,-1,-1
1497,48,711,451,135,63,1,-1,-1,-1
1497,50,510,131,16,11,1,-1,-1,-1
1498,2,731,325,84,38,1,-1,-1,-1
1498,5,744,233,31,36,1,-1,-1,-1
1498,8,743,202,27,34,1,-1,-1,-1
1498,11,677,174,40,54,1,-1,-1,-1
1498,13,726,349,100,44,1,-1,-1,-1
1498,31,629,233,88,123,1,-1,-1,-1
1498,41,536,341,153,195,1,-1,-1,-1
1498,42,651,150,19,15,1,-1,-1,-1
1498,43,718,420,117,46,1,-1,-1,-1
1498,45,637,181,23,21,1,-1,-1,-1
1498,46,414,179,28,22,1,-1,-1,-1
1498,47,549,225,32,27,1,-1,-1,-1
1498,48,710,449,135,63,1,-1,-1,-1
1498,50,510,131,16,11,1,-1,-1,-1
1499,2,732,325,82,38,1,-1,-1,-1
1499,5,744,233,31,36,1,-1,-1,-1
1499,8,743,202,27,34,1,-1,-1,-1
1499,11,678,176,38,52,1,-1,-1,-1
1499,13,727,349,97,42,1,-1,-1,-1
1499,31,629,231,91,125,1,-1,-1,-1
1499,41,541,341,148,196,1,-1,-1,-1
1499,42,650,150,19,15,1,-1,-1,-1
1499,43,718,420,113,46,1,-1,-1,-1
1499,45,637,179,23,21,1,-1,-1,-1
1499,46,415,181,26,19,1,-1,-1,-1
1499,47,548,223,33,28,1,-1,-1,-1
1499,48,710,447,135,63,1,-1,-1,-1
1499,50,510,131,16,11,1,-1,-1,-1
1500,2,730,324,87,40,1,-1,-1,-1
1500,5,744,233,28,34,1,-1,-1,-1
1500,8,744,202,27,34,1,-1,-1,-1
1500,11,677,176,40,53,1,-1,-1,-1
1500,13,727,349,97,42,1,-1,-1,-1
1500,31,628,231,91,125,1,-1,-1,-1
1500,41,539,339,149,198,1,-1,-1,-1
1500,42,650,148,19,15,1,-1,-1,-1
1500,43,718,420,113,46,1,-1,-1,-1
1500,45,634,181,23,21,1,-1,-1,-1
1500,46,415,181,26,19,1,-1,-1,-1
1500,47,548,223,33,28,1,-1,-1,-1
1500,48,710,447,135,63,1,-1,-1,-1
1500,50,509,131,16,11,1,-1,-1,-1
1501,2,730,322,87,40,1,-1,-1,-1
1501,5,743,231,31,36,1,-1,-1,-1
1501,8,743,202,27,34,1,-1,-1,-1
1501,11,677,173,42,56,1,-1,-1,-1
1501,13,726,349,97,42,1,-1,-1,-1
1501,31,628,231,91,125,1,-1,-1,-1
1501,41,538,335,153,204,1,-1,-1,-1
1501,42,650,148,19,15,1,-1,-1,-1
1501,43,717,418,117,46,1,-1,-1,-1
1501,45,637,179,23,21,1,-1,-1,-1
1501,46,415,183,26,17,1,-1,-1,-1
1501,47,549,221,33,28,1,-1,-1,-1
1501,48,710,445,135,63,1,-1,-1,-1
1501,50,509,131,15,11,1,-1,-1,-1
1502,2,728,322,88,40,1,-1,-1,-1
1502,5,743,231,31,36,1,-1,-1,-1
1502,8,743,204,27,34,1,-1,-1,-1
1502,11,676,173,42,56,1,-1,-1,-1
1502,13,726,347,97,42,1,-1,-1,-1
1502,31,628,231,91,125,1,-1,-1,-1
1502,41,535,337,153,201,1,-1,-1,-1
1502,42,651,148,19,15,1,-1,-1,-1
1502,43,718,418,112,44,1,-1,-1,-1
1502,45,636,177,23,21,1,-1,-1,-1
1502,46,412,183,26,19,1,-1,-1,-1
1502,47,551,221,33,28,1,-1,-1,-1
1502,48,710,445,135,63,1,-1,-1,-1
1502,50,509,131,15,11,1,-1,-1,-1
1503,2,727,322,91,42,1,-1,-1,-1
1503,5,743,231,31,36,1,-1,-1,-1
1503,8,741,202,27,34,1,-1,-1,-1
1503,11,676,171,42,59,1,-1,-1,-1
1503,13,724,347,97,42,1,-1,-1,-1
1503,31,629,233,87,119,1,-1,-1,-1
1503,41,534,337,153,201,1,-1,-1,-1
1503,42,650,148,19,15,1,-1,-1,-1
1503,43,715,416,113,46,1,-1,-1,-1
1503,45,636,177,23,21,1,-1,-1,-1
1503,46,412,183,26,19,1,-1,-1,-1
1503,47,551,221,33,28,1,-1,-1,-1
1503,48,709,445,135,63,1,-1,-1,-1
1503,50,509,131,15,11,1,-1,-1,-1
1504,2,727,322,88,40,1,-1,-1,-1
1504,5,741,231,31,36,1,-1,-1,-1
1504,8,741,202,27,34,1,-1,-1,-1
1504,11,673,174,44,59,1,-1,-1,-1
1504,13,724,347,97,42,1,-1,-1,-1
1504,31,628,231,91,125,1,-1,-1,-1
1504,41,538,339,147,198,1,-1,-1,-1
1504,42,650,148,19,15,1,-1,-1,-1
1504,43,714,416,117,46,1,-1,-1,-1
1504,45,636,177,23,21,1,-1,-1,-1
1504,46,411,183,27,19,1,-1,-1,-1
1504,47,551,219,30,28,1,-1,-1,-1
1504,48,707,443,135,63,1,-1,-1,-1
1504,50,509,131,15,11,1,-1,-1,-1
1505,2,727,320,88,40,1,-1,-1,-1
1505,5,741,231,31,36,1,-1,-1,-1
1505,8,741,202,27,34,1,-1,-1,-1
1505,11,672,172,48,57,1,-1,-1,-1
1505,13,724,347,97,42,1,-1,-1,-1
1505,31,628,229,91,125,1,-1,-1,-1
1505,41,532,339,152,198,1,-1,-1,-1
1505,42,650,146,19,15,1,-1,-1,-1
1505,43,714,416,113,46,1,-1,-1,-1
1505,45,636,175,23,21,1,-1,-1,-1
1505,46,410,183,27,19,1,-1,-1,-1
1505,47,551,219,30,28,1,-1,-1,-1
1505,48,706,441,134,63,1,-1,-1,-1
1505,50,509,131,15,11,1,-1,-1,-1
1506,2,727,320,87,40,1,-1,-1,-1
1506,5,740,231,32,38,1,-1,-1,-1
1506,8,741,202,27,34,1,-1,-1,-1
1506,11,671,171,47,55,1,-1,-1,-1
1506,13,724,347,96,42,1,-1,-1,-1
1506,31,626,229,91,125,1,-1,-1,-1
1506,41,530,337,155,202,1,-1,-1,-1
1506,42,650,146,19,15,1,-1,-1,-1
1506,43,714,416,113,46,1,-1,-1,-1
1506,45,637,175,23,21,1,-1,-1,-1
1506,46,408,183,27,19,1,-1,-1,-1
1506,47,552,219,28,27,1,-1,-1,-1
1506,48,710,443,130,61,1,-1,-1,-1
1506,50,509,131,15,11,1,-1,-1,-1
1507,2,727,320,87,40,1,-1,-1,-1
1507,5,740,231,31,36,1,-1,-1,-1
1507,8,740,202,27,34,1,-1,-1,-1
1507,11,673,173,44,52,1,-1,-1,-1
1507,13,723,345,96,42,1,-1,-1,-1
1507,31,628,231,88,123,1,-1,-1,-1
1507,41,537,337,148,202,1,-1,-1,-1
1507,42,650,146,19,15,1,-1,-1,-1
1507,43,713,414,113,46,1,-1,-1,-1
1507,45,636,175,23,21,1,-1,-1,-1
1507,46,407,185,26,19,1,-1,-1,-1
1507,47,552,219,30,28,1,-1,-1,-1
1507,48,706,439,134,63,1,-1,-1,-1
1507,50,508,131,15,11,1,-1,-1,-1
1508,2,727,320,87,40,1,-1,-1,-1
1508,5,740,231,31,36,1,-1,-1,-1
1508,8,740,202,27,34,1,-1,-1,-1
1508,11,673,172,42,56,1,-1,-1,-1
1508,13,723,345,97,42,1,-1,-1,-1
1508,31,626,229,91,125,1,-1,-1,-1
1508,41,534,337,151,201,1,-1,-1,-1
1508,42,650,146,19,15,1,-1,-1,-1
1508,43,713,414,113,46,1,-1,-1,-1
1508,45,637,175,23,21,1,-1,-1,-1
1508,46,408,185,28,22,1,-1,-1,-1
1508,47,552,217,30,28,1,-1,-1,-1
1508,48,706,441,131,61,1,-1,-1,-1
1508,50,508,131,15,11,1,-1,-1,-1
1509,2,727,320,87,40,1,-1,-1,-1
1509,5,741,231,31,36,1,-1,-1,-1
1509,8,741,204,27,31,1,-1,-1,-1
1509,11,677,173,41,56,1,-1,-1,-1
1509,13,722,345,97,42,1,-1,-1,-1
1509,31,626,229,91,125,1,-1,-1,-1
1509,41,533,339,150,200,1,-1,-1,-1
1509,42,650,146,19,15,1,-1,-1,-1
1509,43,713,414,113,46,1,-1,-1,-1
1509,45,636,175,23,21,1,-1,-1,-1
1509,46,405,184,30,23,1,-1,-1,-1
1509,47,553,217,30,28,1,-1,-1,-1
1509,48,710,439,126,59,1,-1,-1,-1
1509,50,506,133,17,14,1,-1,-1,-1
1510,2,727,320,84,38,1,-1,-1,-1
1510,5,740,231,31,36,1,-1,-1,-1
1510,8,740,204,27,30,1,-1,-1,-1
1510,11,679,175,37,52,1,-1,-1,-1
1510,13,723,345,96,42,1,-1,-1,-1
1510,31,628,231,87,119,1,-1,-1,-1
1510,41,528,335,157,204,1,-1,-1,-1
1510,42,650,146,19,15,1,-1,-1,-1
1510,43,713,414,111,44,1,-1,-1,-1
1510,45,636,175,23,21,1,-1,-1,-1
1510,46,403,187,28,22,1,-1,-1,-1
1510,47,553,217,28,27,1,-1,-1,-1
1510,48,706,437,131,61,1,-1,-1,-1
1510,50,508,133,15,11,1,-1,-1,-1
1511,2,726,318,88,40,1,-1,-1,-1
1511,5,740,229,31,36,1,-1,-1,-1
1511,8,740,204,27,30,1,-1,-1,-1
1511,11,677,173,40,55,1,-1,-1,-1
1511,13,722,343,96,42,1,-1,-1,-1
1511,31,628,229,88,123,1,-1,-1,-1
1511,41,532,337,152,201,1,-1,-1,-1
1511,42,650,144,19,15,1,-1,-1,-1
1511,43,713,412,108,44,1,-1,-1,-1
1511,45,637,175,23,21,1,-1,-1,-1
1511,46,403,185,30,24,1,-1,-1,-1
1511,47,553,217,30,28,1,-1,-1,-1
1511,48,705,437,131,61,1,-1,-1,-1
1511,50,505,133,17,12,1,-1,-1,-1
1512,2,726,318,87,40,1,-1,-1,-1
1512,5,740,231,31,36,1,-1,-1,-1
1512,8,740,204,26,30,1,-1,-1,-1
1512,11,676,173,40,55,1,-1,-1,-1
1512,13,722,343,96,42,1,-1,-1,-1
1512,31,626,229,88,123,1,-1,-1,-1
1512,41,524,335,160,202,1,-1,-1,-1
1512,42,650,144,19,15,1,-1,-1,-1
1512,43,712,406,111,51,1,-1,-1,-1
1512,45,638,177,21,18,1,-1,-1,-1
1512,46,402,186,32,22,1,-1,-1,-1
1512,47,555,213,30,28,1,-1,-1,-1
1512,48,705,435,131,61,1,-1,-1,-1
1512,50,503,134,20,11,1,-1,-1,-1
1513,2,726,318,84,38,1,-1,-1,-1
1513,5,740,229,31,36,1,-1,-1,-1
1513,8,740,204,27,32,1,-1,-1,-1
1513,11,676,173,39,54,1,-1,-1,-1
1513,13,722,343,96,42,1,-1,-1,-1
1513,31,626,229,88,123,1,-1,-1,-1
1513,41,524,331,161,206,1,-1,-1,-1
1513,42,650,144,19,15,1,-1,-1,-1
1513,43,710,410,113,46,1,-1,-1,-1
1513,45,638,178,21,17,1,-1,-1,-1
1513,46,400,185,32,21,1,-1,-1,-1
1513,47,556,213,25,24,1,-1,-1,-1
1513,48,705,435,131,61,1,-1,-1,-1
1513,50,506,133,17,14,1,-1,-1,-1
1514,2,726,318,84,38,1,-1,-1,-1
1514,5,740,229,31,36,1,-1,-1,-1
1514,8,740,202,27,32,1,-1,-1,-1
1514,11,677,173,39,54,1,-1,-1,-1
1514,13,722,343,96,42,1,-1,-1,-1
1514,31,626,227,88,123,1,-1,-1,-1
1514,41,526,335,158,201,1,-1,-1,-1
1514,42,650,144,19,15,1,-1,-1,-1
1514,43,711,410,111,44,1,-1,-1,-1
1514,45,636,173,23,21,1,-1,-1,-1
1514,46,402,187,31,21,1,-1,-1,-1
1514,47,558,210,28,27,1,-1,-1,-1
1514,48,704,433,134,63,1,-1,-1,-1
1514,50,504,132,19,18,1,-1,-1,-1
1515,2,724,316,87,40,1,-1,-1,-1
1515,5,740,229,31,36,1,-1,-1,-1
1515,8,740,202,27,30,1,-1,-1,-1
1515,11,676,173,41,57,1,-1,-1,-1
1515,13,722,341,96,42,1,-1,-1,-1
1515,31,626,227,88,123,1,-1,-1,-1
1515,41,521,335,161,204,1,-1,-1,-1
1515,42,651,144,19,15,1,-1,-1,-1
1515,43,710,410,111,44,1,-1,-1,-1
1515,45,636,177,22,17,1,-1,-1,-1
1515,46,399,187,31,21,1,-1,-1,-1
1515,47,555,210,30,28,1,-1,-1,-1
1515,48,704,435,131,61,1,-1,-1,-1
1515,50,504,134,18,15,1,-1,-1,-1
1516,2,723,316,88,40,1,-1,-1,-1
1516,5,739,229,31,36,1,-1,-1,-1
1516,8,739,202,28,32,1,-1,-1,-1
1516,11,675,171,43,57,1,-1,-1,-1
1516,13,722,341,96,42,1,-1,-1,-1
1516,31,626,229,87,119,1,-1,-1,-1
1516,41,521,333,161,203,1,-1,-1,-1
1516,42,650,144,19,15,1,-1,-1,-1
1516,43,710,408,111,44,1,-1,-1,-1
1516,45,636,177,22,17,1,-1,-1,-1
1516,46,398,187,31,21,1,-1,-1,-1
1516,47,558,210,27,22,1,-1,-1,-1
1516,48,702,432,134,63,1,-1,-1,-1
1516,50,502,133,19,15,1,-1,-1,-1
1517,2,723,316,87,40,1,-1,-1,-1
1517,5,739,229,31,36,1,-1,-1,-1
1517,8,740,202,28,32,1,-1,-1,-1
1517,11,676,173,40,55,1,-1,-1,-1
1517,13,720,341,96,42,1,-1,-1,-1
1517,31,626,229,87,119,1,-1,-1,-1
1517,41,523,333,159,203,1,-1,-1,-1
1517,42,650,142,19,15,1,-1,-1,-1
1517,43,710,408,111,44,1,-1,-1,-1
1517,45,636,175,22,17,1,-1,-1,-1
1517,46,398,189,31,21,1,-1,-1,-1
1517,47,558,210,26,25,1,-1,-1,-1
1517,48,702,433,131,61,1,-1,-1,-1
1517,50,503,136,15,11,1,-1,-1,-1
1518,2,723,314,87,40,1,-1,-1,-1
1518,5,739,229,31,36,1,-1,-1,-1
1518,8,740,202,27,32,1,-1,-1,-1
1518,11,676,173,40,55,1,-1,-1,-1
1518,13,720,341,96,42,1,-1,-1,-1
1518,31,626,229,87,119,1,-1,-1,-1
1518,41,522,335,158,202,1,-1,-1,-1
1518,42,650,142,19,15,1,-1,-1,-1
1518,43,707,406,113,46,1,-1,-1,-1
1518,45,636,177,22,17,1,-1,-1,-1
1518,46,395,190,32,23,1,-1,-1,-1
1518,47,558,208,27,27,1,-1,-1,-1
1518,48,706,433,126,59,1,-1,-1,-1
1518,50,501,133,21,16,1,-1,-1,-1
1519,2,723,314,87,40,1,-1,-1,-1
1519,5,739,229,31,36,1,-1,-1,-1
1519,8,740,202,27,32,1,-1,-1,-1
1519,11,676,171,40,55,1,-1,-1,-1
1519,13,719,339,96,42,1,-1,-1,-1
1519,31,625,227,88,123,1,-1,-1,-1
1519,41,521,329,161,209,1,-1,-1,-1
1519,42,650,142,19,15,1,-1,-1,-1
1519,43,707,406,113,46,1,-1,-1,-1
1519,45,636,175,22,17,1,-1,-1,-1
1519,46,394,190,32,21,1,-1,-1,-1
1519,47,558,209,26,23,1,-1,-1,-1
1519,48,702,430,130,61,1,-1,-1,-1
1519,50,502,136,18,14,1,-1,-1,-1
1520,2,723,314,84,38,1,-1,-1,-1
1520,5,739,229,31,36,1,-1,-1,-1
1520,8,737,202,27,32,1,-1,-1,-1
1520,11,675,171,41,57,1,-1,-1,-1
1520,13,719,339,96,42,1,-1,-1,-1
1520,31,626,227,87,119,1,-1,-1,-1
1520,41,517,322,171,214,1,-1,-1,-1
1520,42,650,142,19,15,1,-1,-1,-1
1520,43,707,406,113,46,1,-1,-1,-1
1520,45,636,175,22,17,1,-1,-1,-1
1520,46,394,190,32,21,1,-1,-1,-1
1520,47,559,207,28,23,1,-1,-1,-1
1520,48,702,430,130,61,1,-1,-1,-1
1520,50,501,136,17,14,1,-1,-1,-1
1521,2,723,314,87,40,1,-1,-1,-1
1521,5,737,227,31,36,1,-1,-1,-1
1521,8,737,202,27,32,1,-1,-1,-1
1521,11,675,171,41,57,1,-1,-1,-1
1521,13,719,339,96,42,1,-1,-1,-1
1521,31,625,227,87,119,1,-1,-1,-1
1521,41,518,329,164,208,1,-1,-1,-1
1521,42,650,142,19,15,1,-1,-1,-1
1521,43,709,406,111,44,1,-1,-1,-1
1521,45,636,175,22,17,1,-1,-1,-1
1521,46,393,192,32,21,1,-1,-1,-1
1521,47,561,206,26,24,1,-1,-1,-1
1521,48,702,428,130,61,1,-1,-1,-1
1522,2,722,314,87,40,1,-1,-1,-1
1522,5,737,229,31,36,1,-1,-1,-1
1522,8,737,202,28,32,1,-1,-1,-1
1522,11,675,173,40,55,1,-1,-1,-1
1522,13,720,339,94,40,1,-1,-1,-1
1522,31,625,227,87,119,1,-1,-1,-1
1522,41,518,327,165,211,1,-1,-1,-1
1522,42,650,140,19,15,1,-1,-1,-1
1522,43,707,403,111,44,1,-1,-1,-1
1522,45,634,175,22,17,1,-1,-1,-1
1522,46,391,192,32,23,1,-1,-1,-1
1522,47,563,205,27,21,1,-1,-1,-1
1522,48,701,428,131,61,1,-1,-1,-1
1523,2,722,314,87,40,1,-1,-1,-1
1523,5,737,229,31,36,1,-1,-1,-1
1523,8,737,202,28,32,1,-1,-1,-1
1523,11,673,171,41,57,1,-1,-1,-1
1523,13,718,339,96,42,1,-1,-1,-1
1523,31,626,227,86,117,1,-1,-1,-1
1523,41,517,327,166,212,1,-1,-1,-1
1523,42,650,140,19,15,1,-1,-1,-1
1523,43,706,403,111,44,1,-1,-1,-1
1523,45,636,175,22,17,1,-1,-1,-1
1523,46,391,192,31,21,1,-1,-1,-1
1523,47,564,204,23,22,1,-1,-1,-1
1523,48,701,428,130,61,1,-1,-1,-1
1524,2,723,314,84,38,1,-1,-1,-1
1524,5,736,227,31,36,1,-1,-1,-1
1524,8,737,202,27,32,1,-1,-1,-1
1524,11,672,169,44,59,1,-1,-1,-1
1524,13,718,337,96,42,1,-1,-1,-1
1524,31,626,227,83,115,1,-1,-1,-1
1524,41,517,327,165,211,1,-1,-1,-1
1524,42,650,140,19,15,1,-1,-1,-1
1524,43,706,403,111,44,1,-1,-1,-1
1524,45,636,175,20,15,1,-1,-1,-1
1524,46,390,192,32,23,1,-1,-1,-1
1524,47,563,204,25,22,1,-1,-1,-1
1524,48,701,426,130,61,1,-1,-1,-1
1525,2,723,316,82,38,1,-1,-1,-1
1525,5,736,227,28,32,1,-1,-1,-1
1525,8,736,202,27,32,1,-1,-1,-1
1525,11,672,169,44,61,1,-1,-1,-1
1525,13,718,337,96,42,1,-1,-1,-1
1525,31,625,225,87,119,1,-1,-1,-1
1525,41,514,325,169,213,1,-1,-1,-1
1525,42,650,140,19,15,1,-1,-1,-1
1525,43,706,401,111,44,1,-1,-1,-1
1525,45,636,175,22,17,1,-1,-1,-1
1525,46,389,192,32,21,1,-1,-1,-1
1525,47,562,203,27,25,1,-1,-1,-1
1525,48,701,426,130,61,1,-1,-1,-1
1526,2,722,314,84,38,1,-1,-1,-1
1526,5,736,229,28,32,1,-1,-1,-1
1526,8,736,202,27,32,1,-1,-1,-1
1526,11,673,171,40,55,1,-1,-1,-1
1526,13,718,337,94,40,1,-1,-1,-1
1526,31,625,225,86,117,1,-1,-1,-1
1526,41,510,325,170,213,1,-1,-1,-1
1526,42,650,140,19,15,1,-1,-1,-1
1526,43,706,401,111,44,1,-1,-1,-1
1526,45,636,173,22,17,1,-1,-1,-1
1526,46,387,194,32,21,1,-1,-1,-1
1526,47,563,201,27,25,1,-1,-1,-1
1526,48,700,424,131,61,1,-1,-1,-1
1527,2,723,314,82,38,1,-1,-1,-1
1527,5,736,229,27,32,1,-1,-1,-1
1527,8,736,200,27,32,1,-1,-1,-1
1527,11,675,171,40,55,1,-1,-1,-1
1527,13,718,335,94,40,1,-1,-1,-1
1527,31,625,225,86,117,1,-1,-1,-1
1527,41,517,325,163,213,1,-1,-1,-1
1527,42,650,140,19,15,1,-1,-1,-1
1527,43,706,401,108,44,1,-1,-1,-1
1527,45,634,173,22,17,1,-1,-1,-1
1527,46,386,194,32,23,1,-1,-1,-1
1527,47,562,202,27,25,1,-1,-1,-1
1527,48,700,424,130,61,1,-1,-1,-1
1528,2,720,314,84,38,1,-1,-1,-1
1528,5,736,227,28,34,1,-1,-1,-1
1528,8,736,200,27,30,1,-1,-1,-1
1528,11,673,171,40,55,1,-1,-1,-1
1528,13,718,335,94,40,1,-1,-1,-1
1528,31,625,225,86,117,1,-1,-1,-1
1528,41,517,323,163,215,1,-1,-1,-1
1528,42,650,140,19,15,1,-1,-1,-1
1528,43,706,399,111,44,1,-1,-1,-1
1528,45,634,173,22,17,1,-1,-1,-1
1528,46,386,194,33,23,1,-1,-1,-1
1528,47,562,202,27,25,1,-1,-1,-1
1528,48,697,422,131,61,1,-1,-1,-1
1528,49,413,154,20,16,1,-1,-1,-1
1529,2,723,314,83,38,1,-1,-1,-1
1529,5,735,227,31,36,1,-1,-1,-1
1529,8,736,202,27,32,1,-1,-1,-1
1529,11,671,171,40,55,1,-1,-1,-1
1529,13,717,335,94,40,1,-1,-1,-1
1529,31,625,225,86,117,1,-1,-1,-1
1529,41,516,323,163,213,1,-1,-1,-1
1529,42,650,138,19,15,1,-1,-1,-1
1529,43,706,399,108,44,1,-1,-1,-1
1529,45,636,173,22,17,1,-1,-1,-1
1529,46,384,196,35,23,1,-1,-1,-1
1529,47,563,200,27,25,1,-1,-1,-1
1529,48,698,422,130,61,1,-1,-1,-1
1529,49,412,154,19,15,1,-1,-1,-1
1529,51,341,518,66,21,1,-1,-1,-1
1530,2,723,314,82,38,1,-1,-1,-1
1530,5,735,227,31,36,1,-1,-1,-1
1530,8,736,200,28,32,1,-1,-1,-1
1530,11,673,171,39,54,1,-1,-1,-1
1530,13,717,335,94,40,1,-1,-1,-1
1530,31,625,225,86,117,1,-1,-1,-1
1530,41,514,320,164,216,1,-1,-1,-1
1530,42,650,138,19,15,1,-1,-1,-1
1530,43,706,399,105,42,1,-1,-1,-1
1530,45,634,173,22,17,1,-1,-1,-1
1530,46,383,196,34,25,1,-1,-1,-1
1530,47,561,201,28,27,1,-1,-1,-1
1530,48,697,422,131,61,1,-1,-1,-1
1530,49,409,154,24,19,1,-1,-1,-1
1530,51,341,511,67,26,1,-1,-1,-1
1531,2,718,312,87,40,1,-1,-1,-1
1531,5,735,225,31,36,1,-1,-1,-1
1531,8,735,200,28,34,1,-1,-1,-1
1531,11,673,171,39,54,1,-1,-1,-1
1531,13,717,335,94,40,1,-1,-1,-1
1531,31,624,225,86,117,1,-1,-1,-1
1531,41,513,318,167,219,1,-1,-1,-1
1531,42,650,138,19,15,1,-1,-1,-1
1531,43,706,399,104,42,1,-1,-1,-1
1531,45,633,173,22,17,1,-1,-1,-1
1531,46,382,196,33,26,1,-1,-1,-1
1531,47,565,199,23,21,1,-1,-1,-1
1531,48,696,420,131,61,1,-1,-1,-1
1531,49,406,154,27,20,1,-1,-1,-1
1531,51,341,505,72,33,1,-1,-1,-1
1532,2,720,312,82,38,1,-1,-1,-1
1532,5,735,227,31,36,1,-1,-1,-1
1532,8,736,200,28,32,1,-1,-1,-1
1532,11,672,171,41,57,1,-1,-1,-1
1532,13,714,333,96,42,1,-1,-1,-1
1532,31,625,225,86,117,1,-1,-1,-1
1532,41,510,312,173,227,1,-1,-1,-1
1532,42,650,138,19,15,1,-1,-1,-1
1532,43,706,397,104,42,1,-1,-1,-1
1532,45,634,173,22,17,1,-1,-1,-1
1532,46,380,198,35,27,1,-1,-1,-1
1532,47,566,199,25,19,1,-1,-1,-1
1532,48,697,420,130,61,1,-1,-1,-1
1532,49,405,154,28,21,1,-1,-1,-1
1532,51,350,499,68,35,1,-1,-1,-1
1533,2,718,310,87,40,1,-1,-1,-1
1533,5,734,225,32,38,1,-1,-1,-1
1533,8,736,200,27,32,1,-1,-1,-1
1533,11,672,171,40,55,1,-1,-1,-1
1533,13,714,333,94,40,1,-1,-1,-1
1533,31,625,225,86,117,1,-1,-1,-1
1533,41,505,308,181,231,1,-1,-1,-1
1533,42,650,138,19,15,1,-1,-1,-1
1533,43,706,397,104,42,1,-1,-1,-1
1533,45,634,173,22,17,1,-1,-1,-1
1533,46,378,198,36,28,1,-1,-1,-1
1533,47,566,199,25,19,1,-1,-1,-1
1533,48,697,420,130,61,1,-1,-1,-1
1533,49,407,156,26,19,1,-1,-1,-1
1533,51,348,493,73,45,1,-1,-1,-1
1534,2,718,310,87,40,1,-1,-1,-1
1534,5,732,225,33,38,1,-1,-1,-1
1534,8,735,200,27,32,1,-1,-1,-1
1534,11,673,171,40,55,1,-1,-1,-1
1534,13,714,333,94,40,1,-1,-1,-1
1534,31,625,223,86,117,1,-1,-1,-1
1534,41,504,308,181,231,1,-1,-1,-1
1534,42,650,136,19,15,1,-1,-1,-1
1534,43,705,394,101,42,1,-1,-1,-1
1534,45,634,173,22,17,1,-1,-1,-1
1534,46,377,198,36,28,1,-1,-1,-1
1534,47,565,198,24,19,1,-1,-1,-1
1534,48,697,418,130,61,1,-1,-1,-1
1534,49,403,157,27,19,1,-1,-1,-1
1534,51,354,487,70,51,1,-1,-1,-1
1535,2,717,310,87,40,1,-1,-1,-1
1535,5,732,225,32,38,1,-1,-1,-1
1535,8,735,200,27,32,1,-1,-1,-1
1535,11,671,171,40,55,1,-1,-1,-1
1535,13,714,331,94,40,1,-1,-1,-1
1535,31,625,225,83,115,1,-1,-1,-1
1535,41,511,306,175,233,1,-1,-1,-1
1535,42,650,138,19,15,1,-1,-1,-1
1535,43,705,393,100,42,1,-1,-1,-1
1535,45,633,171,22,17,1,-1,-1,-1
1535,46,377,198,35,27,1,-1,-1,-1
1535,47,565,198,24,19,1,-1,-1,-1
1535,48,697,418,130,61,1,-1,-1,-1
1535,49,405,156,24,22,1,-1,-1,-1
1535,51,348,482,79,57,1,-1,-1,-1
1536,2,717,308,87,40,1,-1,-1,-1
1536,5,732,225,31,36,1,-1,-1,-1
1536,8,735,200,28,32,1,-1,-1,-1
1536,11,672,171,40,55,1,-1,-1,-1
1536,13,714,331,94,40,1,-1,-1,-1
1536,31,625,225,83,111,1,-1,-1,-1
1536,41,520,313,163,226,1,-1,-1,-1
1536,42,649,136,19,15,1,-1,-1,-1
1536,43,701,393,103,42,1,-1,-1,-1
1536,45,634,171,22,17,1,-1,-1,-1
1536,46,377,202,35,27,1,-1,-1,-1
1536,47,566,196,24,19,1,-1,-1,-1
1536,48,697,418,126,59,1,-1,-1,-1
1536,49,404,156,23,21,1,-1,-1,-1
1536,51,349,477,75,62,1,-1,-1,-1
1537,2,717,308,87,40,1,-1,-1,-1
1537,5,734,225,31,36,1,-1,-1,-1
1537,8,735,200,27,32,1,-1,-1,-1
1537,11,672,171,40,55,1,-1,-1,-1
1537,13,714,331,94,40,1,-1,-1,-1
1537,31,625,225,83,111,1,-1,-1,-1
1537,41,514,315,171,224,1,-1,-1,-1
1537,42,650,136,19,15,1,-1,-1,-1
1537,43,700,391,107,44,1,-1,-1,-1
1537,45,634,171,22,17,1,-1,-1,-1
1537,46,374,202,36,28,1,-1,-1,-1
1537,47,566,196,24,19,1,-1,-1,-1
1537,48,697,416,126,59,1,-1,-1,-1
1537,49,404,156,23,21,1,-1,-1,-1
1537,51,352,470,78,68,1,-1,-1,-1
1538,2,715,308,87,40,1,-1,-1,-1
1538,5,732,225,31,36,1,-1,-1,-1
1538,8,735,200,27,32,1,-1,-1,-1
1538,11,671,169,41,57,1,-1,-1,-1
1538,13,713,331,94,40,1,-1,-1,-1
1538,31,624,223,86,117,1,-1,-1,-1
1538,41,514,317,164,222,1,-1,-1,-1
1538,42,650,136,19,15,1,-1,-1,-1
1538,43,701,391,107,44,1,-1,-1,-1
1538,45,634,171,22,17,1,-1,-1,-1
1538,46,373,200,36,28,1,-1,-1,-1
1538,47,566,196,24,19,1,-1,-1,-1
1538,48,694,414,130,61,1,-1,-1,-1
1538,49,404,156,23,21,1,-1,-1,-1
1538,51,354,466,83,73,1,-1,-1,-1
1539,2,715,308,87,40,1,-1,-1,-1
1539,5,732,223,31,36,1,-1,-1,-1
1539,8,735,200,27,32,1,-1,-1,-1
1539,11,671,169,40,57,1,-1,-1,-1
1539,13,714,331,91,40,1,-1,-1,-1
1539,31,624,223,83,115,1,-1,-1,-1
1539,41,516,318,160,221,1,-1,-1,-1
1539,42,650,136,19,15,1,-1,-1,-1
1539,43,701,391,107,44,1,-1,-1,-1
1539,45,633,171,22,17,1,-1,-1,-1
1539,46,372,200,37,28,1,-1,-1,-1
1539,47,568,196,24,19,1,-1,-1,-1
1539,48,696,414,126,59,1,-1,-1,-1
1539,49,403,158,23,21,1,-1,-1,-1
1539,51,357,460,75,79,1,-1,-1,-1
1540,2,714,308,87,40,1,-1,-1,-1
1540,5,731,223,31,36,1,-1,-1,-1
1540,8,734,200,27,32,1,-1,-1,-1
1540,11,671,169,40,57,1,-1,-1,-1
1540,13,711,329,96,42,1,-1,-1,-1
1540,31,624,223,83,115,1,-1,-1,-1
1540,41,516,325,158,214,1,-1,-1,-1
1540,42,650,135,19,15,1,-1,-1,-1
1540,43,700,389,107,44,1,-1,-1,-1
1540,45,633,171,22,17,1,-1,-1,-1
1540,46,372,202,36,28,1,-1,-1,-1
1540,47,566,194,24,19,1,-1,-1,-1
1540,48,694,414,126,59,1,-1,-1,-1
1540,49,400,158,23,21,1,-1,-1,-1
1540,51,362,455,75,76,1,-1,-1,-1
1541,2,714,306,87,40,1,-1,-1,-1
1541,5,731,223,31,36,1,-1,-1,-1
1541,8,734,200,27,32,1,-1,-1,-1
1541,11,671,169,39,55,1,-1,-1,-1
1541,13,711,329,94,40,1,-1,-1,-1
1541,31,624,223,83,111,1,-1,-1,-1
1541,41,517,317,161,222,1,-1,-1,-1
1541,42,650,135,19,15,1,-1,-1,-1
1541,43,700,389,107,44,1,-1,-1,-1
1541,45,633,171,22,17,1,-1,-1,-1
1541,46,369,202,36,28,1,-1,-1,-1
1541,47,568,194,24,19,1,-1,-1,-1
1541,48,693,412,130,61,1,-1,-1,-1
1541,49,403,158,23,21,1,-1,-1,-1
1541,51,364,449,74,75,1,-1,-1,-1
1542,2,714,306,87,40,1,-1,-1,-1
1542,5,731,223,31,36,1,-1,-1,-1
1542,8,734,200,27,32,1,-1,-1,-1
1542,11,670,167,40,57,1,-1,-1,-1
1542,13,710,329,94,40,1,-1,-1,-1
1542,31,624,223,83,111,1,-1,-1,-1
1542,41,517,316,160,221,1,-1,-1,-1
1542,42,649,135,19,15,1,-1,-1,-1
1542,43,698,389,107,44,1,-1,-1,-1
1542,45,633,171,22,17,1,-1,-1,-1
1542,46,369,204,36,28,1,-1,-1,-1
1542,47,568,192,24,19,1,-1,-1,-1
1542,48,694,412,126,59,1,-1,-1,-1
1542,49,397,158,23,21,1,-1,-1,-1
1542,51,372,445,70,71,1,-1,-1,-1
1543,2,714,306,87,40,1,-1,-1,-1
1543,5,731,223,31,36,1,-1,-1,-1
1543,8,732,200,27,32,1,-1,-1,-1
1543,11,668,167,40,57,1,-1,-1,-1
1543,13,710,329,94,40,1,-1,-1,-1
1543,31,623,221,83,115,1,-1,-1,-1
1543,41,518,316,160,221,1,-1,-1,-1
1543,42,650,133,19,15,1,-1,-1,-1
1543,43,698,387,107,44,1,-1,-1,-1
1543,45,633,171,22,17,1,-1,-1,-1
1543,46,365,204,36,28,1,-1,-1,-1
1543,47,568,192,24,19,1,-1,-1,-1
1543,48,693,412,126,59,1,-1,-1,-1
1543,49,395,159,26,21,1,-1,-1,-1
1543,51,373,441,71,73,1,-1,-1,-1
1544,2,714,304,87,40,1,-1,-1,-1
1544,5,731,223,31,36,1,-1,-1,-1
1544,8,734,200,27,32,1,-1,-1,-1
1544,11,671,169,39,54,1,-1,-1,-1
1544,13,710,327,94,40,1,-1,-1,-1
1544,31,623,221,83,115,1,-1,-1,-1
1544,41,517,314,155,224,1,-1,-1,-1
1544,42,649,135,19,15,1,-1,-1,-1
1544,43,698,387,107,44,1,-1,-1,-1
1544,45,634,171,20,17,1,-1,-1,-1
1544,46,365,206,33,25,1,-1,-1,-1
1544,47,568,192,24,19,1,-1,-1,-1
1544,48,693,410,126,59,1,-1,-1,-1
1544,49,392,161,26,21,1,-1,-1,-1
1544,51,377,435,69,69,1,-1,-1,-1
1545,2,717,304,80,35,1,-1,-1,-1
1545,5,731,223,31,36,1,-1,-1,-1
1545,8,731,198,27,32,1,-1,-1,-1
1545,11,671,169,37,52,1,-1,-1,-1
1545,13,710,327,94,40,1,-1,-1,-1
1545,31,623,221,83,111,1,-1,-1,-1
1545,41,522,320,147,219,1,-1,-1,-1
1545,42,649,133,19,15,1,-1,-1,-1
1545,43,698,387,104,44,1,-1,-1,-1
1545,45,633,171,19,17,1,-1,-1,-1
1545,46,364,208,33,25,1,-1,-1,-1
1545,47,569,190,24,19,1,-1,-1,-1
1545,48,692,410,130,61,1,-1,-1,-1
1545,49,391,160,26,21,1,-1,-1,-1
1545,51,380,430,69,69,1,-1,-1,-1
1546,2,719,307,73,31,1,-1,-1,-1
1546,5,731,223,31,36,1,-1,-1,-1
1546,8,732,198,27,32,1,-1,-1,-1
1546,11,671,169,37,52,1,-1,-1,-1
1546,13,710,327,91,38,1,-1,-1,-1
1546,31,623,221,83,111,1,-1,-1,-1
1546,41,522,318,151,217,1,-1,-1,-1
1546,42,649,133,19,15,1,-1,-1,-1
1546,43,700,385,100,42,1,-1,-1,-1
1546,45,633,171,19,17,1,-1,-1,-1
1546,46,364,208,33,25,1,-1,-1,-1
1546,47,569,190,24,19,1,-1,-1,-1
1546,48,693,408,126,59,1,-1,-1,-1
1546,49,391,162,24,19,1,-1,-1,-1
1546,51,385,426,66,67,1,-1,-1,-1
1547,2,718,304,77,34,1,-1,-1,-1
1547,5,731,223,31,36,1,-1,-1,-1
1547,8,731,198,27,32,1,-1,-1,-1
1547,11,671,169,37,52,1,-1,-1,-1
1547,13,709,327,94,40,1,-1,-1,-1
1547,31,621,221,83,115,1,-1,-1,-1
1547,41,522,318,151,221,1,-1,-1,-1
1547,42,649,133,19,15,1,-1,-1,-1
1547,43,700,385,100,42,1,-1,-1,-1
1547,45,633,169,19,17,1,-1,-1,-1
1547,46,363,208,35,27,1,-1,-1,-1
1547,47,569,190,24,19,1,-1,-1,-1
1547,48,692,408,126,59,1,-1,-1,-1
1547,49,389,163,24,21,1,-1,-1,-1
1547,51,386,422,67,69,1,-1,-1,-1
1548,2,716,304,78,34,1,-1,-1,-1
1548,5,731,223,31,36,1,-1,-1,-1
1548,8,731,198,27,32,1,-1,-1,-1
1548,11,671,169,35,48,1,-1,-1,-1
1548,13,710,327,91,38,1,-1,-1,-1
1548,31,623,223,80,109,1,-1,-1,-1
1548,41,526,320,148,218,1,-1,-1,-1
1548,42,649,133,19,15,1,-1,-1,-1
1548,43,700,385,99,40,1,-1,-1,-1
1548,45,633,169,19,17,1,-1,-1,-1
1548,46,360,210,35,27,1,-1,-1,-1
1548,47,569,190,24,19,1,-1,-1,-1
1548,48,690,408,126,59,1,-1,-1,-1
1548,49,389,163,24,21,1,-1,-1,-1
1548,51,386,420,72,66,1,-1,-1,-1
1549,2,717,304,77,35,1,-1,-1,-1
1549,5,730,223,31,36,1,-1,-1,-1
1549,8,731,198,27,32,1,-1,-1,-1
1549,11,671,169,33,46,1,-1,-1,-1
1549,13,710,325,91,38,1,-1,-1,-1
1549,31,621,221,83,115,1,-1,-1,-1
1549,41,517,312,154,225,1,-1,-1,-1
1549,42,649,133,19,15,1,-1,-1,-1
1549,43,700,385,96,40,1,-1,-1,-1
1549,45,633,169,20,17,1,-1,-1,-1
1549,46,360,210,35,27,1,-1,-1,-1
1549,47,569,189,24,19,1,-1,-1,-1
1549,48,690,408,126,59,1,-1,-1,-1
1549,49,386,163,26,21,1,-1,-1,-1
1549,51,390,412,70,69,1,-1,-1,-1
1550,2,716,302,78,35,1,-1,-1,-1
1550,5,728,223,31,36,1,-1,-1,-1
1550,8,731,198,26,30,1,-1,-1,-1
1550,11,671,167,35,48,1,-1,-1,-1
1550,13,707,325,94,40,1,-1,-1,-1
1550,31,621,221,83,111,1,-1,-1,-1
1550,41,521,322,149,213,1,-1,-1,-1
1550,42,649,131,19,15,1,-1,-1,-1
1550,43,697,383,107,40,1,-1,-1,-1
1550,45,633,169,19,17,1,-1,-1,-1
1550,46,359,210,35,27,1,-1,-1,-1
1550,47,569,189,24,19,1,-1,-1,-1
1550,48,690,406,126,59,1,-1,-1,-1
1550,49,386,163,24,21,1,-1,-1,-1
1550,51,394,408,69,67,1,-1,-1,-1
1551,2,717,306,76,34,1,-1,-1,-1
1551,5,730,223,31,36,1,-1,-1,-1
1551,8,731,198,27,32,1,-1,-1,-1
1551,11,670,167,36,50,1,-1,-1,-1
1551,13,709,325,91,38,1,-1,-1,-1
1551,31,621,221,83,111,1,-1,-1,-1
1551,41,521,320,148,218,1,-1,-1,-1
1551,42,649,131,19,15,1,-1,-1,-1
1551,43,698,383,96,40,1,-1,-1,-1
1551,45,633,169,19,17,1,-1,-1,-1
1551,46,356,212,33,25,1,-1,-1,-1
1551,47,569,189,24,19,1,-1,-1,-1
1551,48,689,406,126,59,1,-1,-1,-1
1551,49,385,164,28,21,1,-1,-1,-1
1551,51,398,403,67,65,1,-1,-1,-1
1552,2,710,302,81,33,1,-1,-1,-1
1552,5,728,221,31,36,1,-1,-1,-1
1552,8,731,198,27,32,1,-1,-1,-1
1552,11,671,169,33,48,1,-1,-1,-1
1552,13,707,324,94,40,1,-1,-1,-1
1552,31,623,221,85,109,1,-1,-1,-1
1552,41,522,314,148,220,1,-1,-1,-1
1552,42,647,131,19,15,1,-1,-1,-1
1552,43,697,383,99,40,1,-1,-1,-1
1552,45,633,169,19,17,1,-1,-1,-1
1552,46,356,212,35,27,1,-1,-1,-1
1552,47,569,189,24,19,1,-1,-1,-1
1552,48,689,405,126,59,1,-1,-1,-1
1552,49,385,165,27,21,1,-1,-1,-1
1552,51,399,399,67,65,1,-1,-1,-1
1553,2,710,302,80,32,1,-1,-1,-1
1553,5,728,221,31,36,1,-1,-1,-1
1553,8,731,198,27,32,1,-1,-1,-1
1553,11,671,171,32,46,1,-1,-1,-1
1553,13,707,325,91,38,1,-1,-1,-1
1553,31,623,221,84,109,1,-1,-1,-1
1553,41,523,314,148,219,1,-1,-1,-1
1553,42,649,131,19,15,1,-1,-1,-1
1553,43,697,381,100,42,1,-1,-1,-1
1553,45,633,169,19,17,1,-1,-1,-1
1553,46,353,214,35,27,1,-1,-1,-1
1553,47,572,187,24,19,1,-1,-1,-1
1553,48,690,403,125,59,1,-1,-1,-1
1553,49,381,166,31,20,1,-1,-1,-1
1553,51,403,395,65,63,1,-1,-1,-1
1554,2,710,302,78,32,1,-1,-1,-1
1554,5,727,221,31,36,1,-1,-1,-1
1554,8,731,198,27,32,1,-1,-1,-1
1554,11,672,171,30,42,1,-1,-1,-1
1554,13,707,324,91,38,1,-1,-1,-1
1554,31,623,221,84,109,1,-1,-1,-1
1554,41,523,314,144,224,1,-1,-1,-1
1554,42,649,131,19,15,1,-1,-1,-1
1554,43,697,381,99,40,1,-1,-1,-1
1554,45,633,169,19,17,1,-1,-1,-1
1554,46,348,214,40,28,1,-1,-1,-1
1554,47,570,187,24,19,1,-1,-1,-1
1554,48,689,403,126,59,1,-1,-1,-1
1554,49,381,166,30,22,1,-1,-1,-1
1554,51,404,393,65,63,1,-1,-1,-1
1555,2,710,302,78,32,1,-1,-1,-1
1555,5,728,223,30,34,1,-1,-1,-1
1555,8,731,198,27,32,1,-1,-1,-1
1555,11,672,169,31,44,1,-1,-1,-1
1555,13,706,322,91,38,1,-1,-1,-1
1555,31,621,219,84,109,1,-1,-1,-1
1555,41,523,314,148,224,1,-1,-1,-1
1555,42,649,131,19,15,1,-1,-1,-1
1555,43,697,381,99,40,1,-1,-1,-1
1555,45,633,169,19,17,1,-1,-1,-1
1555,46,352,217,33,25,1,-1,-1,-1
1555,47,570,187,24,19,1,-1,-1,-1
1555,48,688,403,126,59,1,-1,-1,-1
1555,49,380,165,30,21,1,-1,-1,-1
1555,51,408,389,64,61,1,-1,-1,-1
1556,2,710,302,75,30,1,-1,-1,-1
1556,5,728,223,28,34,1,-1,-1,-1
1556,8,730,198,27,32,1,-1,-1,-1
1556,11,671,169,32,46,1,-1,-1,-1
1556,13,706,322,91,38,1,-1,-1,-1
1556,31,623,219,84,109,1,-1,-1,-1
1556,41,522,314,145,224,1,-1,-1,-1
1556,42,649,131,19,15,1,-1,-1,-1
1556,43,697,381,96,40,1,-1,-1,-1
1556,45,633,169,19,17,1,-1,-1,-1
1556,46,350,217,35,27,1,-1,-1,-1
1556,47,570,185,24,19,1,-1,-1,-1
1556,48,688,401,126,59,1,-1,-1,-1
1556,49,380,167,31,21,1,-1,-1,-1
1556,51,411,385,64,61,1,-1,-1,-1
1557,2,709,300,78,32,1,-1,-1,-1
1557,5,727,219,31,36,1,-1,-1,-1
1557,8,730,198,27,32,1,-1,-1,-1
1557,11,671,171,31,44,1,-1,-1,-1
1557,13,706,322,91,38,1,-1,-1,-1
1557,31,621,219,84,109,1,-1,-1,-1
1557,41,522,312,145,219,1,-1,-1,-1
1557,42,649,131,19,15,1,-1,-1,-1
1557,43,697,381,96,40,1,-1,-1,-1
1557,45,633,169,19,17,1,-1,-1,-1
1557,46,348,217,36,28,1,-1,-1,-1
1557,47,572,185,24,19,1,-1,-1,-1
1557,48,689,401,125,59,1,-1,-1,-1
1557,49,378,167,30,21,1,-1,-1,-1
1557,51,415,383,61,61,1,-1,-1,-1
1557,52,447,122,17,14,1,-1,-1,-1
1558,2,706,300,80,32,1,-1,-1,-1
1558,5,727,221,31,36,1,-1,-1,-1
1558,8,731,198,27,32,1,-1,-1,-1
1558,11,671,169,31,44,1,-1,-1,-1
1558,13,706,322,91,38,1,-1,-1,-1
1558,31,621,221,83,106,1,-1,-1,-1
1558,41,522,312,148,227,1,-1,-1,-1
1558,42,649,129,19,15,1,-1,-1,-1
1558,43,696,379,96,40,1,-1,-1,-1
1558,45,633,169,19,17,1,-1,-1,-1
1558,46,346,217,36,28,1,-1,-1,-1
1558,47,572,185,24,19,1,-1,-1,-1
1558,48,689,401,125,59,1,-1,-1,-1
1558,49,377,169,31,21,1,-1,-1,-1
1558,51,416,379,60,57,1,-1,-1,-1
1558,52,446,121,16,13,1,-1,-1,-1
1559,2,709,300,78,32,1,-1,-1,-1
1559,5,727,221,31,36,1,-1,-1,-1
1559,8,728,196,27,32,1,-1,-1,-1
1559,11,671,169,32,46,1,-1,-1,-1
1559,13,706,320,91,38,1,-1,-1,-1
1559,31,621,219,84,109,1,-1,-1,-1
1559,41,522,312,146,225,1,-1,-1,-1
1559,42,649,129,19,15,1,-1,-1,-1
1559,43,696,379,99,40,1,-1,-1,-1
1559,45,633,169,19,17,1,-1,-1,-1
1559,46,344,219,33,25,1,-1,-1,-1
1559,47,573,183,24,19,1,-1,-1,-1
1559,48,688,399,126,59,1,-1,-1,-1
1559,49,374,169,30,21,1,-1,-1,-1
1559,51,420,376,57,55,1,-1,-1,-1
1559,52,446,123,16,13,1,-1,-1,-1
1560,2,706,298,83,34,1,-1,-1,-1
1560,5,727,221,31,36,1,-1,-1,-1
1560,8,730,198,27,32,1,-1,-1,-1
1560,11,671,169,32,46,1,-1,-1,-1
1560,13,706,320,91,38,1,-1,-1,-1
1560,31,621,219,84,109,1,-1,-1,-1
1560,41,523,312,146,223,1,-1,-1,-1
1560,42,649,129,19,15,1,-1,-1,-1
1560,43,694,378,99,40,1,-1,-1,-1
1560,45,633,169,19,17,1,-1,-1,-1
1560,46,343,219,38,27,1,-1,-1,-1
1560,47,572,183,24,19,1,-1,-1,-1
1560,48,687,399,126,59,1,-1,-1,-1
1560,49,372,169,31,23,1,-1,-1,-1
1560,51,421,372,58,57,1,-1,-1,-1
1560,52,446,123,16,13,1,-1,-1,-1
1561,2,706,298,80,32,1,-1,-1,-1
1561,5,726,221,31,36,1,-1,-1,-1
1561,8,728,198,27,32,1,-1,-1,-1
1561,11,671,169,32,46,1,-1,-1,-1
1561,13,705,320,91,38,1,-1,-1,-1
1561,31,621,219,83,106,1,-1,-1,-1
1561,41,522,310,145,224,1,-1,-1,-1
1561,42,647,129,19,15,1,-1,-1,-1
1561,43,694,378,96,40,1,-1,-1,-1
1561,45,632,169,19,17,1,-1,-1,-1
1561,46,340,221,37,29,1,-1,-1,-1
1561,47,573,183,24,19,1,-1,-1,-1
1561,48,687,399,126,59,1,-1,-1,-1
1561,49,372,169,31,23,1,-1,-1,-1
1561,51,424,370,57,55,1,-1,-1,-1
1561,52,446,123,16,13,1,-1,-1,-1
1562,2,707,298,78,32,1,-1,-1,-1
1562,5,726,219,31,36,1,-1,-1,-1
1562,8,727,196,27,32,1,-1,-1,-1
1562,11,668,167,33,48,1,-1,-1,-1
1562,13,705,320,91,38,1,-1,-1,-1
1562,31,621,219,83,106,1,-1,-1,-1
1562,41,523,310,150,228,1,-1,-1,-1
1562,42,649,129,19,15,1,-1,-1,-1
1562,43,694,378,96,40,1,-1,-1,-1
1562,45,633,169,19,15,1,-1,-1,-1
1562,46,339,221,36,28,1,-1,-1,-1
1562,47,572,183,24,23,1,-1,-1,-1
1562,48,692,404,118,53,1,-1,-1,-1
1562,49,369,171,31,23,1,-1,-1,-1
1562,51,428,366,57,55,1,-1,-1,-1
1562,52,445,123,16,13,1,-1,-1,-1
1562,53,664,519,58,20,1,-1,-1,-1
1563,2,707,298,78,32,1,-1,-1,-1
1563,5,726,219,31,36,1,-1,-1,-1
1563,8,728,196,27,32,1,-1,-1,-1
1563,11,668,167,35,48,1,-1,-1,-1
1563,13,704,320,94,40,1,-1,-1,-1
1563,31,621,219,83,106,1,-1,-1,-1
1563,41,522,310,150,227,1,-1,-1,-1
1563,42,647,129,19,15,1,-1,-1,-1
1563,43,694,375,101,42,1,-1,-1,-1
1563,45,633,169,19,17,1,-1,-1,-1
1563,46,336,221,36,28,1,-1,-1,-1
1563,47,572,183,23,23,1,-1,-1,-1
1563,48,689,403,122,55,1,-1,-1,-1
1563,49,368,171,31,23,1,-1,-1,-1
1563,51,427,371,58,48,1,-1,-1,-1
1563,52,446,121,16,13,1,-1,-1,-1
1563,53,663,518,57,19,1,-1,-1,-1
1564,2,706,298,80,32,1,-1,-1,-1
1564,5,726,219,31,36,1,-1,-1,-1
1564,8,727,196,27,32,1,-1,-1,-1
1564,11,670,169,33,46,1,-1,-1,-1
1564,13,704,320,91,38,1,-1,-1,-1
1564,31,621,219,83,106,1,-1,-1,-1
1564,41,522,308,152,231,1,-1,-1,-1
1564,42,649,129,19,15,1,-1,-1,-1
1564,43,692,374,103,42,1,-1,-1,-1
1564,45,633,169,19,17,1,-1,-1,-1
1564,46,334,223,36,28,1,-1,-1,-1
1564,47,573,181,23,23,1,-1,-1,-1
1564,48,692,403,117,52,1,-1,-1,-1
1564,49,368,171,31,23,1,-1,-1,-1
1564,51,428,364,60,51,1,-1,-1,-1
1564,52,446,121,16,13,1,-1,-1,-1
1564,53,663,518,57,19,1,-1,-1,-1
1565,2,706,298,78,32,1,-1,-1,-1
1565,5,726,219,31,36,1,-1,-1,-1
1565,8,728,196,27,32,1,-1,-1,-1
1565,11,668,167,33,48,1,-1,-1,-1
1565,13,704,320,91,38,1,-1,-1,-1
1565,31,620,219,83,106,1,-1,-1,-1
1565,41,522,310,150,227,1,-1,-1,-1
1565,42,647,127,19,15,1,-1,-1,-1
1565,43,693,374,100,42,1,-1,-1,-1
1565,45,632,169,19,17,1,-1,-1,-1
1565,46,334,223,36,28,1,-1,-1,-1
1565,47,573,181,23,23,1,-1,-1,-1
1565,48,692,401,117,52,1,-1,-1,-1
1565,49,367,173,31,23,1,-1,-1,-1
1565,51,434,363,53,50,1,-1,-1,-1
1565,52,442,125,16,13,1,-1,-1,-1
1565,53,663,516,57,21,1,-1,-1,-1
1566,2,706,298,78,32,1,-1,-1,-1
1566,5,724,219,30,34,1,-1,-1,-1
1566,8,727,196,27,32,1,-1,-1,-1
1566,11,668,167,36,50,1,-1,-1,-1
1566,13,704,318,91,38,1,-1,-1,-1
1566,31,620,219,83,106,1,-1,-1,-1
1566,41,522,306,152,233,1,-1,-1,-1
1566,42,647,127,19,15,1,-1,-1,-1
1566,43,692,374,100,42,1,-1,-1,-1
1566,45,630,167,19,17,1,-1,-1,-1
1566,46,333,225,36,28,1,-1,-1,-1
1566,47,573,181,23,23,1,-1,-1,-1
1566,48,690,401,117,52,1,-1,-1,-1
1566,49,364,173,32,23,1,-1,-1,-1
1566,51,433,360,55,49,1,-1,-1,-1
1566,52,441,125,16,13,1,-1,-1,-1
1566,53,662,514,57,24,1,-1,-1,-1
1567,2,706,297,78,32,1,-1,-1,-1
1567,5,724,219,31,36,1,-1,-1,-1
1567,8,727,196,27,32,1,-1,-1,-1
1567,11,670,169,33,48,1,-1,-1,-1
1567,13,702,318,91,38,1,-1,-1,-1
1567,31,621,219,82,104,1,-1,-1,-1
1567,41,522,308,150,227,1,-1,-1,-1
1567,42,649,127,19,15,1,-1,-1,-1
1567,43,690,374,104,44,1,-1,-1,-1
1567,45,632,167,19,17,1,-1,-1,-1
1567,46,330,227,36,28,1,-1,-1,-1
1567,47,573,179,23,23,1,-1,-1,-1
1567,48,692,403,113,50,1,-1,-1,-1
1567,49,360,173,35,25,1,-1,-1,-1
1567,51,434,356,54,48,1,-1,-1,-1
1567,52,441,125,16,13,1,-1,-1,-1
1567,53,663,514,57,23,1,-1,-1,-1
1568,2,706,298,78,32,1,-1,-1,-1
1568,5,724,219,31,36,1,-1,-1,-1
1568,8,727,196,27,32,1,-1,-1,-1
1568,11,671,171,30,44,1,-1,-1,-1
1568,13,702,318,91,38,1,-1,-1,-1
1568,31,620,219,83,106,1,-1,-1,-1
1568,41,522,306,152,233,1,-1,-1,-1
1568,42,647,127,19,15,1,-1,-1,-1
1568,43,690,372,100,42,1,-1,-1,-1
1568,45,632,167,19,17,1,-1,-1,-1
1568,46,329,227,36,28,1,-1,-1,-1
1568,47,573,179,23,23,1,-1,-1,-1
1568,48,689,399,117,52,1,-1,-1,-1
1568,49,361,173,33,25,1,-1,-1,-1
1568,51,437,352,54,48,1,-1,-1,-1
1568,52,440,125,16,13,1,-1,-1,-1
1568,53,663,514,57,24,1,-1,-1,-1
1569,2,706,297,78,32,1,-1,-1,-1
1569,5,724,219,31,36,1,-1,-1,-1
1569,8,727,196,27,32,1,-1,-1,-1
1569,11,671,171,30,42,1,-1,-1,-1
1569,13,704,318,90,38,1,-1,-1,-1
1569,31,620,217,84,109,1,-1,-1,-1
1569,41,522,306,150,227,1,-1,-1,-1
1569,42,647,127,19,15,1,-1,-1,-1
1569,43,689,372,103,42,1,-1,-1,-1
1569,45,632,167,19,17,1,-1,-1,-1
1569,46,327,227,36,28,1,-1,-1,-1
1569,47,573,179,23,23,1,-1,-1,-1
1569,48,690,399,116,52,1,-1,-1,-1
1569,49,360,175,33,25,1,-1,-1,-1
1569,51,438,352,53,48,1,-1,-1,-1
1569,52,440,125,16,13,1,-1,-1,-1
1569,53,663,514,57,25,1,-1,-1,-1
1570,2,704,295,80,32,1,-1,-1,-1
1570,5,724,219,31,36,1,-1,-1,-1
1570,8,726,196,27,32,1,-1,-1,-1
1570,11,671,169,30,42,1,-1,-1,-1
1570,13,702,318,91,38,1,-1,-1,-1
1570,31,620,217,83,106,1,-1,-1,-1
1570,41,522,306,150,227,1,-1,-1,-1
1570,42,647,127,19,15,1,-1,-1,-1
1570,43,690,372,100,42,1,-1,-1,-1
1570,45,632,167,19,17,1,-1,-1,-1
1570,46,325,229,36,28,1,-1,-1,-1
1570,47,573,179,23,23,1,-1,-1,-1
1570,48,690,399,116,52,1,-1,-1,-1
1570,49,359,175,32,23,1,-1,-1,-1
1570,51,440,349,54,48,1,-1,-1,-1
1570,52,440,125,16,13,1,-1,-1,-1
1570,53,662,511,57,27,1,-1,-1,-1
1571,2,704,297,78,32,1,-1,-1,-1
1571,5,724,219,30,34,1,-1,-1,-1
1571,8,726,196,27,32,1,-1,-1,-1
1571,11,671,169,31,44,1,-1,-1,-1
1571,13,701,316,92,38,1,-1,-1,-1
1571,31,620,219,82,104,1,-1,-1,-1
1571,41,522,306,150,227,1,-1,-1,-1
1571,42,647,127,19,15,1,-1,-1,-1
1571,43,690,372,100,42,1,-1,-1,-1
1571,45,632,167,19,17,1,-1,-1,-1
1571,46,323,229,36,28,1,-1,-1,-1
1571,47,574,177,23,23,1,-1,-1,-1
1571,48,689,399,117,52,1,-1,-1,-1
1571,49,359,177,32,23,1,-1,-1,-1
1571,51,441,345,54,48,1,-1,-1,-1
1571,52,438,125,16,13,1,-1,-1,-1
1571,53,660,509,59,29,1,-1,-1,-1
1572,2,704,297,78,32,1,-1,-1,-1
1572,5,723,219,31,36,1,-1,-1,-1
1572,8,726,196,27,32,1,-1,-1,-1
1572,11,671,169,30,44,1,-1,-1,-1
1572,13,701,318,91,38,1,-1,-1,-1
1572,31,620,217,83,106,1,-1,-1,-1
1572,41,523,306,147,223,1,-1,-1,-1
1572,42,647,125,19,15,1,-1,-1,-1
1572,43,690,372,99,40,1,-1,-1,-1
1572,45,632,167,19,17,1,-1,-1,-1
1572,46,322,231,37,30,1,-1,-1,-1
1572,47,573,179,23,23,1,-1,-1,-1
1572,48,688,397,117,52,1,-1,-1,-1
1572,49,356,177,32,23,1,-1,-1,-1
1572,51,442,341,54,48,1,-1,-1,-1
1572,52,438,125,16,13,1,-1,-1,-1
1572,53,660,509,60,25,1,-1,-1,-1
1573,2,704,295,78,32,1,-1,-1,-1
1573,5,723,217,31,36,1,-1,-1,-1
1573,8,726,196,27,32,1,-1,-1,-1
1573,11,671,169,30,42,1,-1,-1,-1
1573,13,701,318,91,38,1,-1,-1,-1
1573,31,620,217,83,106,1,-1,-1,-1
1573,41,522,304,150,227,1,-1,-1,-1
1573,42,647,125,19,15,1,-1,-1,-1
1573,43,689,370,99,40,1,-1,-1,-1
1573,45,630,167,19,17,1,-1,-1,-1
1573,46,320,233,36,28,1,-1,-1,-1
1573,47,574,177,23,23,1,-1,-1,-1
1573,48,688,397,117,52,1,-1,-1,-1
1573,49,356,179,31,23,1,-1,-1,-1
1573,51,445,339,53,48,1,-1,-1,-1
1573,52,438,125,16,13,1,-1,-1,-1
1573,53,660,509,58,27,1,-1,-1,-1
1574,2,704,295,78,32,1,-1,-1,-1
1574,5,723,217,31,36,1,-1,-1,-1
1574,8,726,196,27,32,1,-1,-1,-1
1574,11,671,171,30,42,1,-1,-1,-1
1574,13,701,318,91,38,1,-1,-1,-1
1574,31,620,217,83,106,1,-1,-1,-1
1574,41,521,304,150,227,1,-1,-1,-1
1574,42,647,125,19,15,1,-1,-1,-1
1574,43,689,370,99,40,1,-1,-1,-1
1574,46,318,233,36,28,1,-1,-1,-1
1574,47,576,177,23,23,1,-1,-1,-1
1574,48,689,397,116,52,1,-1,-1,-1
1574,49,355,179,31,23,1,-1,-1,-1
1574,51,446,337,54,48,1,-1,-1,-1
1574,52,437,125,16,13,1,-1,-1,-1
1574,53,659,507,58,27,1,-1,-1,-1
1575,2,702,295,78,32,1,-1,-1,-1
1575,5,723,217,31,36,1,-1,-1,-1
1575,8,726,194,27,32,1,-1,-1,-1
1575,11,671,169,30,42,1,-1,-1,-1
1575,13,701,316,91,38,1,-1,-1,-1
1575,31,620,219,79,102,1,-1,-1,-1
1575,41,522,302,150,227,1,-1,-1,-1
1575,42,647,125,19,15,1,-1,-1,-1
1575,43,689,370,99,40,1,-1,-1,-1
1575,46,316,235,36,28,1,-1,-1,-1
1575,47,574,177,23,23,1,-1,-1,-1
1575,48,688,395,117,52,1,-1,-1,-1
1575,49,352,179,31,23,1,-1,-1,-1
1575,51,446,333,54,48,1,-1,-1,-1
1575,52,437,125,16,13,1,-1,-1,-1
1575,53,659,507,58,31,1,-1,-1,-1
1576,2,702,295,78,32,1,-1,-1,-1
1576,5,723,217,31,36,1,-1,-1,-1
1576,8,724,194,27,32,1,-1,-1,-1
1576,11,671,169,28,42,1,-1,-1,-1
1576,13,700,316,91,38,1,-1,-1,-1
1576,31,620,217,82,104,1,-1,-1,-1
1576,41,523,306,143,219,1,-1,-1,-1
1576,42,647,125,19,15,1,-1,-1,-1
1576,43,688,368,100,42,1,-1,-1,-1
1576,46,314,235,36,28,1,-1,-1,-1
1576,47,574,177,23,23,1,-1,-1,-1
1576,48,685,395,120,54,1,-1,-1,-1
1576,49,352,181,31,23,1,-1,-1,-1
1576,51,450,332,53,45,1,-1,-1,-1
1576,52,437,127,15,13,1,-1,-1,-1
1576,53,659,507,57,32,1,-1,-1,-1
